county,person_cluster,mentions,poems,distinct_standard_lemmas,distinct_local_lemmas,top_standard_lemmas,top_local_lemmas
,God / Jumala / Jumal,189,93,15,22,herra (67); jumal (24); Jumala (24); härra (20); luoja (18); Jumal (10); jumala (7); isand (5),herra (64); jumal (21); Jumala (21); härra (19); luoja (17); jumala (10); jummal (6); looja (6)
,John / Jaan / Jussi / Hans,62,31,10,13,Hans (27); Jaan (25); Ants (2); Juhan (2); jussi (1); Juss (1); jaan (1); Hannus (1),Hans (27); Jaan (12); jani (10); Jussi (2); Ants (2); Juhan (2); jussi (1); jaan (1)
,Mary / Maria / Maarja / Mari,58,38,7,11,Mari (32); mari (15); Maaria (4); Maarja (3); Maria (2); marra (1); marj (1),Mari (28); mari (12); marja (4); Maaria (4); Maarja (3); Marja (2); marran (1); marä (1)
,Martin / Mart / Märt,35,8,6,6,märti (14); Märt (8); Mart (5); mard (4); märt (2); marti (2),märti (14); Märt (8); Mart (5); mard (4); märt (2); marti (2)
,Anna / Anne / Ann / Anni,30,11,4,5,Ann (13); Anne (13); Anni (3); anne (1),Ann (13); Anne (10); Annekene (3); Anni (3); anne (1)
,Ukko,29,21,2,3,ukko (22); Ukko (7),ukko (21); Ukko (7); ukko+n (1)
,Kokki,25,3,1,1,Kokki (25),Kokki (25)
,Jesus / Christ,24,19,2,7,Jeesus (22); Kristus (2),Jeesus (10); Jiesus (5); Jeesu (4); Kristus (2); jeesus + -kene (1); jesuxen (1); Jesus (1)
,Catherine / Kadri / Katri,23,9,3,3,Kadri (18); Kaisa (3); Kati (2),Kadri (18); Kaisa (3); Kati (2)
,Matthew / Matti,19,12,4,5,Matti (7); mats (6); Mats (5); Matsi (1),Matti (7); Mats (5); mats (5); malts (1); Matsi (1)
,Peter / Pietari / Peeter,19,15,7,8,Peeter (8); Pekka (4); Pietari (3); Peet (1); peeter (1); Petteri (1),Peeter (6); Pekka (5); Pietari (3); Pert (1); Peet (1); peetrikene (1); petteri (1); Peetrus (1)
,Thomas / Toomas / Tuomas,18,8,2,3,Toomas (9); Tuomas (9),Tuomas (9); Toomas (8); toomas (1)
,Väinämöinen,15,7,1,1,Väinämöinen (15),Väinämöinen (15)
,Kai,12,3,1,1,Kai (12),Kai (12)
,George / Jüri,9,9,2,4,Jüri (8); Juri (1),Jüri (6); Juri (1); jüri (1); Jürikene (1)
,Henry / Heikki,9,4,2,2,Heikki (8); Henrikki (1),Heikki (8); Henrikki (1)
,Jacob / Jaak / Jaakko,8,6,4,4,Jaak (4); Jakob (1); Jaakko (1),Jaak (4); Jakob (1); Jaakko (1)
,Michael / Mikko / Mihkel,8,5,3,4,Mihkel (5); Mikk (2); Mikko (1),Mihkel (4); Miku (2); Mikko (1); mihkel (1)
,Tuoni,8,7,3,3,Tuoni (6); tuoni (1); tuonen (1),Tuoni (6); tuoni (1); tuone-n (1)
,Lauri,7,3,1,1,Lauri (7),Lauri (7)
,Oudin,7,1,1,1,Oudin (7),Oudin (7)
,Andrew / Antti,6,3,1,1,Antti (6),Antti (6)
,Elizabeth / Liisa / Liisu / Elli,6,6,3,4,Liisu (3); Liisa (2),Liisu (2); Liisa (2); Liisuke (1)
,Eve / Eeva,6,4,2,2,Eeva (5); aatto (1),Eeva (5); aatto (1)
,Ilmarinen,6,6,1,2,Ilmarinen (6),Ilmarinen (5); Silmarinen (1)
,Makkonen,6,1,1,1,Makkonen (6),Makkonen (6)
,Kalev / Kalervo,5,5,1,2,Kalev (5),Kalev (4); kalev (1)
,Simana,5,1,1,1,Simana (5),Simana (5)
,Tapio,5,3,1,1,Tapio (5),Tapio (5)
,Judas / Juudas,4,2,2,2,Juudas (2); Juutas (2),Juudas (2); Juutas (2)
,Kaie,4,2,1,1,Kaie (4),Kaie (4)
,(proper noun),3,2,1,3,(proper noun) (3),loja (1); junne (1); Immerki (1)
,Esko,3,2,1,2,Esko (3),Esko (2); Eskon (1)
,Helkka,3,1,1,1,Helkka (3),Helka (3)
,Lilla,3,2,1,2,Lilla (3),Lilla (2); lilla (1)
,Mulk,3,1,1,1,Mulk (3),Mulk (3)
,Taipale,3,1,1,1,Taipale (3),Taipale (3)
,Tarjus,3,1,1,1,Tarjus (3),Tarjus (3)
,Vasko,3,1,1,1,Vasko (3),Vasko (3)
,(name),2,1,1,2,(name) (2),Santi (1); Lauri (1)
,Duomar,2,1,1,1,Duomar (2),Duomar (2)
,Elias / Eljas,2,2,2,2,eljas (1); Elias (1),eljas (1); Elias (1)
,Hippa,2,1,1,1,Hippa (2),Hippa (2)
,Ivar,2,1,1,1,Ivar (2),Ivar (2)
,Johan,2,1,1,1,Johan (2),Johan (2)
,Jääsken,2,1,1,1,Jääsken (2),Jääsken (2)
,Kuokkala,2,2,1,1,Kuokkala (2),Kuokkala (2)
,Kuri,2,1,1,1,Kuri (2),Kuri (2)
,Luukas,2,1,1,1,Luukas (2),Luukas (2)
,Mai,2,1,1,1,Mai (2),Mai (2)
,Maie,2,1,1,1,Maie (2),Maie (2)
,Malle,2,1,1,1,Malle (2),Malle (2)
,Nirgi,2,2,1,1,Nirgi (2),Nirgi (2)
,Olli,2,1,1,1,Olli (2),Olli (2)
,Rampori,2,1,1,1,Rampori (2),Rampori (2)
,Simon / Siim / Simo,2,2,1,1,Siim (2),Siim (2)
,Tahvo,2,1,1,1,Tahvo (2),Tahvo (2)
,Talna,2,2,1,1,Talna (2),Talna (2)
,Teppo,2,1,1,1,Teppo (2),Teppana (2)
,Tetermann,2,1,1,1,Tetermann (2),tetermann (2)
,Tiiu,2,1,1,1,Tiiu (2),Tiiu (2)
,Viia,2,1,1,1,Viia (2),Viio (2)
,Viire,2,1,1,1,Viire (2),viire (2)
,Aadam,1,1,1,1,Aadam (1),Aadam (1)
,Ahmo,1,1,1,1,Ahmo (1),Ahmo (1)
,Ahti,1,1,1,1,Ahti (1),Ahti (1)
,Alli,1,1,1,1,Alli (1),Alli (1)
,Amber,1,1,1,1,Amber (1),Ambr (1)
,Ankarström,1,1,1,1,Ankarström (1),Ankarström (1)
,Ants,1,1,1,1,Ants (1),Antsu (1)
,Ants (gen),1,1,1,1,Ants (gen) (1),Ansu (gen) (1)
,Ats,1,1,1,1,Ats (1),Ats (1)
,Berg,1,1,1,1,Berg (1),Berg (1)
,Eevake,1,1,1,1,Eevake (1),Eevake (1)
,Else,1,1,1,1,Else (1),Else (1)
,Elts,1,1,1,1,Elts (1),Eltse (1)
,Gajanus,1,1,1,1,Gajanus (1),Gajanus (1)
,Hannu,1,1,1,1,Hannu (1),Hannu (1)
,Hants,1,1,1,1,Hants (1),Hants (1)
,Henrikki,1,1,1,1,Henrikki (1),Henrikki (1)
,Hynny,1,1,1,1,Hynny (1),Hynny (1)
,Härkänen,1,1,1,1,Härkänen (1),Härkänen (1)
,Håvi,1,1,1,1,Håvi (1),Håvi (1)
,Iiri,1,1,1,1,Iiri (1),Iiri (1)
,Iiva,1,1,1,1,Iiva (1),Iiva (1)
,Inko,1,1,1,1,Inko (1),Inko (1)
,Jaska,1,1,1,1,Jaska (1),Jaska (1)
,Jordan,1,1,1,1,Jordan (1),Jordan (1)
,Joseph / Joosep,1,1,1,1,Joosef (1),Joosep (1)
,Joukeinen,1,1,1,1,Joukeinen (1),Joukeinen (1)
,Järd,1,1,1,1,Järd (1),Järd (1)
,Kehvo,1,1,1,1,Kehvo (1),Kehvo (1)
,Kimai,1,1,1,1,Kimai (1),Kimai (1)
,Koitse,1,1,1,1,Koitse (1),Koends (1)
,Kontio,1,1,1,1,Kontio (1),Kontio (1)
,Kurupatkin,1,1,1,1,Kurupatkin (1),Kurupatkin (1)
,Kyrsi,1,1,1,1,Kyrsi (1),Kyrsi (1)
,Kärt,1,1,1,1,Kärt (1),Kärt (1)
,Laamanen,1,1,1,1,Laamanen (1),Laamanen (1)
,Laavi,1,1,1,1,Laavi (1),Laavi (1)
,Lainne,1,1,1,1,Lainne (1),Lainnela (1)
,Lassi,1,1,1,1,Lassi (1),Lassi (1)
,Lempo,1,1,1,1,Lempo (1),Lempo (1)
,Lihhoniko,1,1,1,1,Lihhoniko (1),Lihhoniko (1)
,Lire,1,1,1,1,Lire (1),Lire (1)
,Luostarinen,1,1,1,1,Luostarinen (1),Luostarinen (1)
,Maksima,1,1,1,1,Maksima (1),Maksima (1)
,Marketta,1,1,1,1,Marketta (1),Marketta (1)
,Miilut,1,1,1,1,Miilut (1),Miilut (1)
,Muriaani,1,1,1,1,Muriaani (1),Muriaani (1)
,Mutro,1,1,1,1,Mutro (1),Mutro (1)
,Nebokatov,1,1,1,1,Nebokatov (1),Nebokatov (1)
,Nirg,1,1,1,1,Nirg (1),Nirg (1)
,Nyyrikki,1,1,1,1,Nyyrikki (1),Nyyrikki (1)
,Oiderma,1,1,1,1,Oiderma (1),Oiderma (1)
,Osmatar,1,1,1,1,Osmatar (1),Osmatar (1)
,Pampuri,1,1,1,1,Pampuri (1),Pampuri (1)
,Pisakopp,1,1,1,1,Pisakopp (1),Pisakopp (1)
,Räimä,1,1,1,1,Räimä (1),Räimä (1)
,Saastamoinen,1,1,1,1,Saastamoinen (1),Saastamoinen (1)
,Sairainen,1,1,1,1,Sairainen (1),Sairainen (1)
,Sampsa,1,1,1,1,Sampsa (1),Sampsa (1)
,Sandi,1,1,1,1,Sandi (1),Sandi (1)
,Seäminki,1,1,1,1,Seäminki (1),Seäminki-ssä (1)
,Siimu,1,1,1,1,Siimu (1),Siimu (1)
,Siinevitsh,1,1,1,1,Siinevitsh (1),Siinevitsh (1)
,Skobelev,1,1,1,1,Skobelev (1),Skobelev (1)
,Tari,1,1,1,1,Tari (1),Tari (1)
,Tavi,1,1,1,1,Tavi (1),Tavi (1)
,To,1,1,1,1,To (1),To (1)
,Tolberi,1,1,1,1,Tolberi (1),Tolberi (1)
,Totleben,1,1,1,1,Totleben (1),Totleeben (1)
,Turtila,1,1,1,1,Turtila (1),Turtila (1)
,Tyyne,1,1,1,1,Tyyne (1),Taari (1)
,Undre/Proper name,1,1,1,1,Undre/Proper name (1),Under (1)
,Uta,1,1,1,1,Uta (1),Uta (1)
,Vesteniusta,1,1,1,1,Vesteniusta (1),Vesteniusta (1)
,Viidu,1,1,1,1,Viidu (1),Viidu (1)
,Vikelsuka,1,1,1,1,Vikelsuka (1),Vikelsuka (1)
,Vänänen,1,1,1,1,Vänänen (1),Vänänen (1)
,Yrjänä,1,1,1,1,Yrjänä (1),Yrjänä (1)
,kaiho,1,1,1,1,kaiho (1),kaiho (1)
,kivikiikka,1,1,1,1,kivikiikka (1),kivikiikka (1)
,kurat (archaic bird term),1,1,1,1,kurat (archaic bird term) (1),kurikas (1)
,lepatriinu,1,1,1,1,lepatriinu (1),lepatriinu (1)
,maijamaali,1,1,1,1,maijamaali (1),maijamaali (1)
,miilut,1,1,1,1,miilut (1),miilut (1)
,miilutsema,1,1,1,1,miilutsema (1),miilutsema (1)
,nimi,1,1,1,1,nimi (1),nimi (1)
,reintruhvadi,1,1,1,1,reintruhvadi (1),reintruhvadi (1)
,seelik/seelut,1,1,1,1,seelik/seelut (1),seelut (1)
,seelutsema,1,1,1,1,seelutsema (1),seelutsema (1)
Aunus,God / Jumala / Jumal,170,101,20,32,Jumala (50); herra (37); jumala (27); luoja (18); Herra (8); jumalista (7); Hospodi (6); Luoja (3),Jumala (40); herra (31); jumala (20); luoja (16); Hospodi (9); jumalista (6); Herra (6); jumalan (5)
Aunus,Lemminkäinen,82,17,5,11,Lemminkäinen (73); Lemminkäistä (4); lemminkäistä (2); Lemminkäisen (2); lemminkäinen (1),Lemminkäinen (61); lemminkäistä (5); lemminkäinen (4); lemminkäisen (3); Lemminkäin (2); lemmiŋgäistä (2); Lemminkäini (1); lemmingöini (1)
Aunus,Väinämöinen,82,32,3,9,Väinämöinen (80); Väinämöisen (1); väinämöinen (1),Väinämöinen (43); väinämöine (13); Väinämöine (8); Väinämöini (7); Väinämöisen (4); väinämöinen (4); väinämöinji (1); väinämöise (1)
Aunus,Ukko,68,53,2,3,ukko (45); Ukko (23),ukko (49); Ukko (15); ukon (4)
Aunus,Anna / Anne / Ann / Anni,62,27,6,11,Anni (34); anni (16); Annolle (7); anta- (2); Anna (2); Anu (1),Anni (26); anni (19); annoi (7); antaa (2); Annjo (2); annil (1); Annil (1); Annii (1)
Aunus,Mary / Maria / Maarja / Mari,57,44,6,13,Maaria (30); Maria (21); Mari (2); Maija (2); maija (1); Moari (archaic) (1),Maaria (31); Moaria (10); maariainen (3); Maria (2); Mari (2); Moari (2); maijon (1); Maija (1)
Aunus,Peter / Pietari / Peeter,45,23,4,15,Pietari (23); Petri (13); Pekka (8); Petteri (1),Petri (10); Pekka (8); Pedri (7); Petra (5); Pietari (3); Piiteri (2); Pietarin (2); Piiterihin (1)
Aunus,Jesus / Christ,41,30,6,19,Jeesus (23); Kristus (11); Jesus (3); Kristian (2); Hristos (Russian) (1); Kristos (1),Jeesus (8); Jeussei (6); Kristus (5); Jiesus (3); Jesus (3); Kristos (2); hristoa (2); Krista + an (1)
Aunus,Matthew / Matti,28,12,2,2,Matti (27); mätti (1),Matti (27); mätti (1)
Aunus,Joukamoinen / Joukahainen,25,9,3,9,Joukahainen (14); Joukamoinen (9); (Joukahainen) (2),Joukamoinen (12); jougahoine (3); joukamoise-n (2); jougahaine (2); jougamoinji (2); jougamoinen (1); Joukahainen (1); Jougamoinen (1)
Aunus,Ilmarinen,22,8,1,6,Ilmarinen (22),Ilmarinen (7); Ilmoninen (5); ilmollinen (4); ilmolline (4); Ilmari (1); Iivana (1)
Aunus,Lauri,19,10,1,2,Lauri (19),Lauri (17); Lauren (2)
Aunus,Tuoni,19,16,2,3,tuoni (11); Tuoni (8),tuoni (10); Tuoni (8); tuoni-n (1)
Aunus,Ahti,18,5,2,5,Ahti (17); Ahin (1),ahti (10); Ahti (5); ahin (1); Ahin (1); ahilla (1)
Aunus,George / Jüri,17,14,2,5,Yrjö (14); Jyrki (3),Jyrgi (9); Jyrki (5); jyrgi (1); Jyryi (1); Yrjö-n (1)
Aunus,Kyrsö,14,1,1,1,Kyrsö (14),Kyrsö (14)
Aunus,Kalev / Kalervo,11,4,2,3,Kalervo (10); Kalervan (1),Kalervo (8); Kalervainen (2); Kalervan (1)
Aunus,Michael / Mikko / Mihkel,11,7,3,6,Mikael (7); Mikko (3); Mikki (1),Miikkula (4); Mihhail (3); Mikko (1); miikkula (1); Miikkul (1); Mikki (1)
Aunus,Untamo,8,1,1,1,Untamo (8),Untamo (8)
Aunus,Lemmingäinen,7,3,1,4,Lemmingäinen (7),Lemmingäinen (4); Lemmingäin (1); lemmingäist (1); lemmingäine (1)
Aunus,Iro,5,1,1,1,Iro (5),Iro (5)
Aunus,Tapio,5,5,2,3,Tapio (4); Tapiola (1),Tapio (3); Tapiola (1); Tapivo (1)
Aunus,Jyrri,4,4,1,1,Jyrri (4),Jyrri (4)
Aunus,Laurin,4,1,1,1,Laurin (4),Lauren (4)
Aunus,(name),3,2,1,2,(name) (3),Vasselei (2); Hoapa (1)
Aunus,Catherine / Kadri / Katri,3,2,2,3,Katri (2); Katariina (1),Katjerina (1); katji (1); Kateri (1)
Aunus,John / Jaan / Jussi / Hans,3,2,2,2,Iivana (2); jää+n (1),Iivana (2); jää+n (1)
Aunus,Kaija,3,1,1,1,Kaija (3),Kaija (3)
Aunus,Kateri,3,2,1,2,Kateri (3),Katerin (2); katerilna (1)
Aunus,Kyllikki,3,1,1,3,Kyllikki (3),kyllikkie (1); kyllikkes (1); kyllikki (1)
Aunus,Temi,3,1,1,1,Temi (3),Temi (3)
Aunus,Tiittu,3,1,1,1,Tiittu (3),Tiittu (3)
Aunus,ainoa,3,2,1,2,ainoa (3),ainoa (2); aino (1)
Aunus,(place),2,1,1,1,(place) (2),Jouhkima (2)
Aunus,(proper name),2,1,1,2,(proper name) (2),Kyökeröinen (1); Keäkeräinen (1)
Aunus,Andrew / Antti,2,2,2,2,Antti (1); Andrei (1),Antti (1); Ondrei (1)
Aunus,Anjoi,2,1,1,1,Anjoi (2),Anjoi (2)
Aunus,Annikki,2,2,1,1,Annikki (2),Annikki (2)
Aunus,Iivana,2,2,1,1,Iivana (2),Iivana (2)
Aunus,Judas / Juudas,2,1,2,1,juutas (piru) (1); juutas (1),juutas (2)
Aunus,Katshera,2,1,1,1,Katshera (2),Katsherai (2)
Aunus,Kormila,2,1,1,1,Kormila (2),Kormila (2)
Aunus,Kullervo,2,2,1,1,Kullervo (2),Kullervo (2)
Aunus,Lassi,2,1,1,1,Lassi (2),Lassi (2)
Aunus,Lyyti/Lyydia,2,1,1,1,Lyyti/Lyydia (2),Lyyli (2)
Aunus,Moaria,2,2,1,1,Moaria (2),Moaria (2)
Aunus,Ondroi,2,1,1,1,Ondroi (2),Ondroi (2)
Aunus,Osmotar,2,2,1,1,Osmotar (2),Osmotar (2)
Aunus,Päivölä,2,2,1,1,Päivölä (2),Päivölä (2)
Aunus,Tabio,2,1,1,1,Tabio (2),Tabio (2)
Aunus,Teugamoi,2,1,1,1,Teugamoi (2),Teugamoi (2)
Aunus,Ägröi,2,1,1,1,Ägröi (2),Ägröi (2)
Aunus,(personal name),1,1,1,1,(personal name) (1),Annisel (1)
Aunus,(proper noun),1,1,1,1,(proper noun) (1),Panu (1)
Aunus,Ahilla,1,1,1,1,Ahilla (1),ahilla (1)
Aunus,Ainikki,1,1,1,1,Ainikki (1),Ainikki (1)
Aunus,Aki,1,1,1,1,Aki (1),Aki (1)
Aunus,Alava,1,1,1,1,Alava (1),Alava (1)
Aunus,Alus,1,1,1,1,Alus (1),Alus (1)
Aunus,Boris,1,1,1,1,Boris (1),borissu (1)
Aunus,Dassu,1,1,1,1,Dassu (1),Dassu (1)
Aunus,Demi,1,1,1,1,Demi (1),Demi (1)
Aunus,Fedo,1,1,1,1,Fedo (1),Fedo (1)
Aunus,Johra,1,1,1,1,Johra (1),Johra (1)
Aunus,Jorosalma,1,1,1,1,Jorosalma (1),jorosalmaan (1)
Aunus,Jortana,1,1,1,1,Jortana (1),Jortana (1)
Aunus,Jyrki,1,1,1,1,Jyrki (1),jyrin (1)
Aunus,Jänölä,1,1,1,1,Jänölä (1),Jänölä (1)
Aunus,Kalerva,1,1,1,1,Kalerva (1),Kalerva (1)
Aunus,Kallervo,1,1,1,1,Kallervo (1),Kallervo (1)
Aunus,Kateriina,1,1,1,1,Kateriina (1),Kateriina (1)
Aunus,Katja,1,1,1,1,Katja (1),Katjoi (1)
Aunus,Kaunikki,1,1,1,1,Kaunikki (1),Kaunikki (1)
Aunus,Konjola,1,1,1,1,Konjola (1),Konjola (1)
Aunus,Kuobio,1,1,1,1,Kuobio (1),Kuobio (1)
Aunus,Kuudola,1,1,1,1,Kuudola (1),Kuudola (1)
Aunus,Kyllikin,1,1,1,1,Kyllikin (1),kylliken (1)
Aunus,Kyllikkiä,1,1,1,1,Kyllikkiä (1),kyllikke (1)
Aunus,Kyrsi,1,1,1,1,Kyrsi (1),Kyrsi (1)
Aunus,Lapitargo,1,1,1,1,Lapitargo (1),Lapitargo (1)
Aunus,Lemmes,1,1,1,1,Lemmes (1),Lemmes (1)
Aunus,Mahikki,1,1,1,1,Mahikki (1),Mahikki (1)
Aunus,Mandali,1,1,1,1,Mandali (1),Mandali (1)
Aunus,Marinko,1,1,1,1,Marinko (1),Marinko (1)
Aunus,Miiloitumen,1,1,1,1,Miiloitumen (1),Miiloidu-han (1)
Aunus,Miiloitumessa,1,1,1,1,Miiloitumessa (1),Miiloidu-sal (1)
Aunus,Morzha,1,1,1,1,Morzha (1),morzien (1)
Aunus,Muari,1,1,1,1,Muari (1),Muariine (1)
Aunus,Olli,1,1,1,1,Olli (1),Olli (1)
Aunus,Onni,1,1,1,1,Onni (1),Onni (1)
Aunus,Ontrei,1,1,1,1,Ontrei (1),Ontrei (1)
Aunus,Pertti,1,1,1,1,Pertti (1),Pertti (1)
Aunus,Soarelainen,1,1,1,1,Soarelainen (1),Soarelainen (1)
Aunus,Sungu,1,1,1,1,Sungu (1),Sungu (1)
Aunus,Tanu,1,1,1,1,Tanu (1),Tanu (1)
Aunus,Temminen,1,1,1,1,Temminen (1),Temminen (1)
Aunus,Tiitta,1,1,1,1,Tiitta (1),Tiitta (1)
Aunus,Turunen,1,1,1,1,Turunen (1),Turunen (1)
Aunus,Tuutsi,1,1,1,1,Tuutsi (1),Tuutsa (1)
Aunus,Tötti,1,1,1,1,Tötti (1),tötti (1)
Aunus,Vajakkalaan,1,1,1,1,Vajakkalaan (1),Vajokkalahan (1)
Aunus,Vasa,1,1,1,1,Vasa (1),Vasa (1)
Aunus,Vasilli,1,1,1,1,Vasilli (1),Vassilju (1)
Aunus,Vasko,1,1,1,1,Vasko (1),Vasko (1)
Aunus,Vemmel,1,1,1,1,Vemmel (1),Vemmel (1)
Aunus,Viedola,1,1,1,1,Viedola (1),Viedola (1)
Aunus,Virboi,1,1,1,1,Virboi (1),Virboi (1)
Aunus,Väinö,1,1,1,1,Väinö (1),Väinö (1)
Aunus,Ytti,1,1,1,1,Ytti (1),ytti (1)
Aunus,riuku-ja,1,1,1,1,riuku-ja (1),riuku-jA-ne (1)
Aunus,sofjanpoika,1,1,1,1,sofjanpoika (1),sofju-boa-boi (1)
Aunus,tsitsiliusko,1,1,1,1,tsitsiliusko (1),tsitsiliusko (1)
Etelä-Karjala,God / Jumala / Jumal,336,226,12,28,herra (162); Jumala (86); jumala (34); luoja (25); Herra (15); Luoja (6); Luojan (2); herrasta (2),herra (133); Jumala (68); jumala (41); luoja (26); Herra (13); herran (11); herra-n (8); herroil (7)
Etelä-Karjala,Ukko,234,180,3,14,ukko (203); Ukko (30); ukki (1),ukko (187); Ukko (28); uko (7); ukot (2); ukko-i-lta (1); ukki (1); uokkii (1); Ukkola (1)
Etelä-Karjala,Matthew / Matti,101,73,3,7,Matti (93); matti (7); (name) (1),Matti (85); matti (8); matti+ni (4); matin (1); Matti+lle (1); Mati (1); Mati-llä (1)
Etelä-Karjala,Elizabeth / Liisa / Liisu / Elli,77,49,5,7,Elli (50); Liisa (24); Liisu (1); Elli (proper noun) (1); Elina (1),Elli (49); Liisa (22); elli (2); Liisu (1); Ieva (1); Elinainen (1); Liisan (1)
Etelä-Karjala,Peter / Pietari / Peeter,77,65,3,14,Pietari (48); Pekka (27); Petteri (2),Pietari (37); Pekka (23); pietar (2); pietari (2); Pekko (2); Pietarii (2); Petteri (2); pekka (1)
Etelä-Karjala,Anna / Anne / Ann / Anni,68,38,4,7,Anni (65); Annin (1); Annille (1); Anna (1),Anni (61); Annin (2); tanni (1); Annilta (1); Anilta (1); Annill (1); Anna (1)
Etelä-Karjala,Thomas / Toomas / Tuomas,68,47,1,7,Tuomas (68),Tuomas (61); Tuomas+han (2); tuomaan (1); Tommo (1); Tuomaan (1); Tuoma (1); Tuomahan (1)
Etelä-Karjala,Mary / Maria / Maarja / Mari,65,45,6,10,Mari (34); Maija (12); Maria (9); Maaria (6); maija (3); meri (1),Mari (34); Maija (11); Maaria (5); Maria (5); maija (4); Maariainen (2); Muariai-sta (1); mari (1)
Etelä-Karjala,Jesus / Christ,61,42,4,16,Jeesus (52); Kristus (4); Jesus (4); kristillinen (1),Jeesus (30); Iessus (5); Jesus (5); Jiesus (4); Kristus (3); Iesus (3); Jeesu (2); Jiusus (1)
Etelä-Karjala,Simon / Siim / Simo,59,28,4,6,Simo (53); simo (3); siiman (2); simonen (1),Simo (48); simo (4); simonen (3); siima+na (2); simolt (1); Simo-lla (1)
Etelä-Karjala,Andrew / Antti,50,39,3,5,Antti (48); Antilla (1),Antti (46); Anttija (1); Anti (1); Anti (adess) (1); Antti-a (1)
Etelä-Karjala,Henry / Heikki,50,40,3,8,Heikki (47); Henrik (2); Teppo (1),Heikki (41); Henrikki (2); Heiki (2); Heikin (1); Hetti (1); heikil (1); Heiki-llä (1); Teppo (1)
Etelä-Karjala,Sarah / Saara,49,24,3,4,Saara (47); Saaraa (1); säärä (1),Saara (46); Saara-n (1); Saaraa (1); säärä (1)
Etelä-Karjala,Lauri,47,32,1,3,Lauri (47),Lauri (45); Laurim (1); lauri+m (1)
Etelä-Karjala,John / Jaan / Jussi / Hans,46,36,2,6,Jussi (45); Juhana (1),Jussi (41); Jassi (1); Juhana (1); Jusse (1); jussi (1); Jussikko-kin (1)
Etelä-Karjala,Tuoni,42,35,2,5,Tuoni (22); tuoni (20),Tuoni (20); tuoni (19); Tuoni+en (1); tuonen (1); tuuvi (1)
Etelä-Karjala,Untamo,41,7,1,4,Untamo (41),Untamo (27); untamo (10); untamon (3); untamolta (1)
Etelä-Karjala,Catherine / Kadri / Katri,40,19,3,5,Katri (26); Kaisa (13); Katriina (1),Katri (24); Kaisa (12); Katri-n (2); Katriina (1); Kaisa-lla (1)
Etelä-Karjala,Kalev / Kalervo,33,7,6,16,Kalervo (19); Kalervan (6); Kalervalla (3); Kalerva (2); Kalervainen (2); kalervo (1),Kalervo (9); kalervan (4); Kalerva (3); kalervo (3); kalerva (2); kalerval (2); Kelervaine (1); Kalervall (1)
Etelä-Karjala,Michael / Mikko / Mihkel,33,24,2,7,Mikko (32); Mikael (1),Mikko (23); Mikkel (4); Mikkeli (2); makkeli (1); miko (1); Mikkeliks (1); Mikkoo (1)
Etelä-Karjala,Eve / Eeva,16,11,2,4,Eeva (9); aatto (7),Eeva (6); aatto (6); Ieva (3); aato (1)
Etelä-Karjala,Jacob / Jaak / Jaakko,16,12,3,4,Jaakko (14); Jaakko (Jacob) (1); Jaakko+lle (1),Jaakko (13); Jaakoppi (1); Jaakko+lle (1); Jaakko-lla (1)
Etelä-Karjala,Emuli,12,1,1,1,Emuli (12),Emuli (12)
Etelä-Karjala,Kalle,11,7,1,2,Kalle (11),Kalle (10); Kalle-lla (1)
Etelä-Karjala,Alli,10,10,1,1,Alli (10),Alli (10)
Etelä-Karjala,Martin / Mart / Märt,10,7,1,3,Martti (10),Martti (6); Martti-n (2); martti (2)
Etelä-Karjala,Nicholas / Nikka / Klaus,10,9,3,4,Nikolaus (6); Nikko (3); Nikka (1),Nikolaus (5); Nikko (3); Nikka (1); Nikolavus (1)
Etelä-Karjala,Jere,9,1,1,1,Jere (9),Jere (9)
Etelä-Karjala,Väinämöinen,9,9,1,4,Väinämöinen (9),Väinämöinen (5); väinämöinen (2); Väinämöine (1); Wäinämöinen (1)
Etelä-Karjala,George / Jüri,8,7,1,5,Yrjö (8),Yrjö (4); Yrjö-n (1); Yrjänä (1); Jyrki (1); Jyri (1)
Etelä-Karjala,Eva,7,1,1,1,Eva (7),Eva (7)
Etelä-Karjala,Taneli,7,3,1,1,Taneli (7),Taneli (7)
Etelä-Karjala,(retained),6,1,1,4,(retained) (6),Kostelma (3); Sinkinen (1); Pekko (1); Maikko (1)
Etelä-Karjala,Esko,6,5,1,3,Esko (6),Esko (4); Eskon (1); Esko-ki (1)
Etelä-Karjala,Eveliko,6,1,1,1,Eveliko (6),eveliko (6)
Etelä-Karjala,Tuuteri,6,6,1,1,Tuuteri (6),Tuuteri (6)
Etelä-Karjala,Elias / Eljas,5,5,4,4,Eljas (2); Eelis (1); Elias (1); Eeli (1),Eljas (2); Eelis (1); Elias (1); Eeli (1)
Etelä-Karjala,Laamanen,5,4,1,3,Laamanen (5),Laamanen (3); Laaman (1); Laamane (1)
Etelä-Karjala,Martti,5,5,1,1,Martti (5),Martti (5)
Etelä-Karjala,Pekko,5,4,1,2,Pekko (5),Pekko (3); pekolle (2)
Etelä-Karjala,Tonkka,5,1,1,1,Tonkka (5),Tonkka (5)
Etelä-Karjala,Vappu,5,1,1,2,Vappu (5),Vappu (4); Vappu+sta (1)
Etelä-Karjala,Ahti,4,4,1,1,Ahti (4),Ahti (4)
Etelä-Karjala,Eero,4,3,1,1,Eero (4),Eero (4)
Etelä-Karjala,Eetu,4,2,1,2,Eetu (4),Eettose (2); Eeto+se (2)
Etelä-Karjala,Kaapro,4,1,1,3,Kaapro (4),kaapro (2); kaapre (1); kaaprolle (1)
Etelä-Karjala,Laara,4,4,1,1,Laara (4),Laara (4)
Etelä-Karjala,Miittu,4,1,1,1,Miittu (4),Miittu (4)
Etelä-Karjala,Savo,4,2,1,1,Savo (4),Savo (4)
Etelä-Karjala,Tonteri,4,3,1,1,Tonteri (4),Tonteri (4)
Etelä-Karjala,(name),3,2,1,3,(name) (3),Torstikki (1); Könelin (1); Lemmon (1)
Etelä-Karjala,(proper noun),3,2,1,3,(proper noun) (3),Olkkase (1); Olkkala (1); Suntelj (1)
Etelä-Karjala,Elvira,3,1,1,1,Elvira (3),Elvira (3)
Etelä-Karjala,Hani,3,1,1,1,Hani (3),Hani (3)
Etelä-Karjala,Hemerik,3,1,1,1,Hemerik (3),Hemerik (3)
Etelä-Karjala,Jyrki,3,3,1,1,Jyrki (3),Jyrki (3)
Etelä-Karjala,Kopsa,3,1,1,1,Kopsa (3),Kopsa (3)
Etelä-Karjala,Liena,3,2,1,1,Liena (3),Liena (3)
Etelä-Karjala,Luukka,3,1,1,1,Luukka (3),Luukka (3)
Etelä-Karjala,Markku,3,1,1,1,Markku (3),Markku (3)
Etelä-Karjala,Nalli,3,3,1,1,Nalli (3),Nalli (3)
Etelä-Karjala,Nutu,3,1,1,1,Nutu (3),Nutu (3)
Etelä-Karjala,Nuutti,3,3,1,1,Nuutti (3),Nuutti (3)
Etelä-Karjala,Perola,3,3,1,2,Perola (3),Perola (2); Perolaa (1)
Etelä-Karjala,Riitta,3,2,1,1,Riitta (3),Riitta (3)
Etelä-Karjala,Sohvi,3,1,1,1,Sohvi (3),Sohvi (3)
Etelä-Karjala,Sorola,3,3,1,1,Sorola (3),Sorola (3)
Etelä-Karjala,Tarkkala,3,1,1,1,Tarkkala (3),Tarkkala (3)
Etelä-Karjala,Tuutti,3,1,1,2,Tuutti (3),Tuutti (2); Tuutti+n (1)
Etelä-Karjala,Väinö,3,2,1,1,Väinö (3),Väinö (3)
Etelä-Karjala,nimetön,3,3,1,1,nimetön (3),nimetön (3)
Etelä-Karjala,(proper name),2,2,1,2,(proper name) (2),Kyllöse-n-pä (1); sipakko (1)
Etelä-Karjala,Heveri,2,1,1,1,Heveri (2),Heveri (2)
Etelä-Karjala,Hilpo,2,1,1,1,Hilpo (2),Hilpo (2)
Etelä-Karjala,Huikkola,2,1,1,1,Huikkola (2),Huikkola (2)
Etelä-Karjala,Ierika,2,1,1,2,Ierika (2),Ierika-n (1); Ierika (1)
Etelä-Karjala,Ierikka,2,2,1,1,Ierikka (2),Ierikka (2)
Etelä-Karjala,Jaska (proper noun),2,1,1,1,Jaska (proper noun) (2),Jaska (2)
Etelä-Karjala,Jevo (proper noun),2,1,1,1,Jevo (proper noun) (2),Jevo (2)
Etelä-Karjala,Junu,2,1,1,1,Junu (2),Junu (2)
Etelä-Karjala,Jurkka,2,1,1,2,Jurkka (2),jurkalle (1); jurkka (1)
Etelä-Karjala,Jussila,2,1,1,1,Jussila (2),Juskelainen (2)
Etelä-Karjala,Juuttas,2,1,1,1,Juuttas (2),Juuttas (2)
Etelä-Karjala,Kaija,2,2,1,1,Kaija (2),Kaija (2)
Etelä-Karjala,Killi,2,2,1,1,Killi (2),Killi (2)
Etelä-Karjala,Kilpiä,2,1,1,1,Kilpiä (2),Kilpiä (2)
Etelä-Karjala,Kirsti,2,2,1,1,Kirsti (2),Kirsti (2)
Etelä-Karjala,Korhonen,2,2,1,2,Korhonen (2),korhosen (1); Korjonen (1)
Etelä-Karjala,Kuisma,2,1,1,1,Kuisma (2),Kuisma (2)
Etelä-Karjala,Kultaralli,2,1,1,2,Kultaralli (2),Kultaralliin (ill.) (1); Kultarallista (elat.) (1)
Etelä-Karjala,Kuntsi,2,1,1,1,Kuntsi (2),Kuntsi (2)
Etelä-Karjala,Laukko,2,1,1,1,Laukko (2),Laukko (2)
Etelä-Karjala,Lekkermanni,2,1,1,2,Lekkermanni (2),Lekkermanniin (ill.) (1); Lekkermannista (elat.) (1)
Etelä-Karjala,Liivo,2,1,1,1,Liivo (2),Liuvu (2)
Etelä-Karjala,Lopana (proper noun),2,1,1,1,Lopana (proper noun) (2),Lopana (2)
Etelä-Karjala,Läärelä,2,1,1,1,Läärelä (2),Läärelä (2)
Etelä-Karjala,Mantel,2,1,1,1,Mantel (2),Mantel (2)
Etelä-Karjala,Manteri,2,1,1,2,Manteri (2),Manter (1); Manteri (1)
Etelä-Karjala,Marja,2,1,1,1,Marja (2),Marja (2)
Etelä-Karjala,Merola,2,1,1,1,Merola (2),Merola (2)
Etelä-Karjala,Miina,2,2,1,2,Miina (2),miina (1); Miina (1)
Etelä-Karjala,Minja,2,1,1,1,Minja (2),Minja (2)
Etelä-Karjala,Mittu,2,1,1,1,Mittu (2),Mittu (2)
Etelä-Karjala,Murkeri,2,1,1,1,Murkeri (2),Murkeri (2)
Etelä-Karjala,Nikolai,2,1,1,1,Nikolai (2),Nikolai (2)
Etelä-Karjala,Nuuri,2,1,1,1,Nuuri (2),nuuri (2)
Etelä-Karjala,Paavali,2,2,1,1,Paavali (2),Paavali (2)
Etelä-Karjala,Paavo,2,1,1,1,Paavo (2),Paavo (2)
Etelä-Karjala,Piippa,2,1,1,1,Piippa (2),Piippa (2)
Etelä-Karjala,Piri,2,2,1,1,Piri (2),Piri (2)
Etelä-Karjala,Sasu,2,1,1,1,Sasu (2),Sasu (2)
Etelä-Karjala,Sparre,2,1,1,1,Sparre (2),Sparre (2)
Etelä-Karjala,Tanna,2,1,1,1,Tanna (2),Tanna (2)
Etelä-Karjala,Tolli,2,1,1,1,Tolli (2),Tolli (2)
Etelä-Karjala,Torajoki,2,1,1,1,Torajoki (2),Torajoki (2)
Etelä-Karjala,Toutka,2,1,1,1,Toutka (2),Toutka (2)
Etelä-Karjala,Vilka,2,1,1,1,Vilka (2),Vilka (2)
Etelä-Karjala,maanantai,2,2,1,1,maanantai (2),maanantai (2)
Etelä-Karjala,tuuvi,2,2,1,1,tuuvi (2),tuuvi (2)
Etelä-Karjala,Aapeli,1,1,1,1,Aapeli (1),Aapeli (1)
Etelä-Karjala,Aapro,1,1,1,1,Aapro (1),Aapro (1)
Etelä-Karjala,Agaska,1,1,1,1,Agaska (1),Agaska (1)
Etelä-Karjala,Akeli,1,1,1,1,Akeli (1),Akel (1)
Etelä-Karjala,Aljaka (proper noun),1,1,1,1,Aljaka (proper noun) (1),Aljaka (nom) (1)
Etelä-Karjala,Aljokaal (proper noun),1,1,1,1,Aljokaal (proper noun) (1),Aljokaal (nom) (1)
Etelä-Karjala,Annika,1,1,1,1,Annika (1),Annika (1)
Etelä-Karjala,Annikka,1,1,1,1,Annikka (1),Annikka (1)
Etelä-Karjala,Annikki,1,1,1,1,Annikki (1),Annikki (1)
Etelä-Karjala,Anttala,1,1,1,1,Anttala (1),Anttala (1)
Etelä-Karjala,Apron,1,1,1,1,Apron (1),Apron (1)
Etelä-Karjala,Araj,1,1,1,1,Araj (1),Araj (1)
Etelä-Karjala,Beata,1,1,1,1,Beata (1),Beata (1)
Etelä-Karjala,Earhu,1,1,1,1,Earhu (1),earhu (1)
Etelä-Karjala,Eeli/eeri (edge),1,1,1,1,Eeli/eeri (edge) (1),eeli/eeli (1)
Etelä-Karjala,Eemil,1,1,1,1,Eemil (1),Eemil (1)
Etelä-Karjala,Eeron,1,1,1,1,Eeron (1),Eero-n (1)
Etelä-Karjala,Eija,1,1,1,1,Eija (1),Eijan (1)
Etelä-Karjala,Ellen,1,1,1,1,Ellen (1),Ellen (1)
Etelä-Karjala,Elviira,1,1,1,1,Elviira (1),Elviira (1)
Etelä-Karjala,Erkki,1,1,1,1,Erkki (1),Erkki (1)
Etelä-Karjala,Haiko,1,1,1,1,Haiko (1),Haiko (1)
Etelä-Karjala,Haili+mänty,1,1,1,1,Haili+mänty (1),Haili+monto (1)
Etelä-Karjala,Hallila,1,1,1,1,Hallila (1),Hallila (1)
Etelä-Karjala,Hanikkala,1,1,1,1,Hanikkala (1),Hanikkala (1)
Etelä-Karjala,Hartsuana,1,1,1,1,Hartsuana (1),Hartsuana (1)
Etelä-Karjala,Hekki (proper noun),1,1,1,1,Hekki (proper noun) (1),hekki (vocative) (1)
Etelä-Karjala,Helena,1,1,1,1,Helena (1),Helena (1)
Etelä-Karjala,Helvi,1,1,1,1,Helvi (1),Helvi (1)
Etelä-Karjala,Herpo,1,1,1,1,Herpo (1),Herpo (1)
Etelä-Karjala,Hertta&lehmä,1,1,1,1,Hertta&lehmä (1),Hertta&lehmä (1)
Etelä-Karjala,Hilma,1,1,1,1,Hilma (1),Hilma (1)
Etelä-Karjala,Huuhti,1,1,1,1,Huuhti (1),Huuhin (1)
Etelä-Karjala,Hännikkäinen,1,1,1,1,Hännikkäinen (1),hännikäinen (1)
Etelä-Karjala,Ierika-lla,1,1,1,1,Ierika-lla (1),Ierika-lla (1)
Etelä-Karjala,Ihe,1,1,1,1,Ihe (1),Ihe (1)
Etelä-Karjala,Iho,1,1,1,1,Iho (1),Iho (1)
Etelä-Karjala,Iitam,1,1,1,1,Iitam (1),Iitam (1)
Etelä-Karjala,Ilmarinen,1,1,1,1,Ilmarinen (1),Ilmarinen (1)
Etelä-Karjala,Immeri,1,1,1,1,Immeri (1),Immeri (1)
Etelä-Karjala,Ino,1,1,1,1,Ino (1),Ino (1)
Etelä-Karjala,Iro,1,1,1,1,Iro (1),iro (1)
Etelä-Karjala,Jerikka,1,1,1,1,Jerikka (1),Ierikka (1)
Etelä-Karjala,Josva,1,1,1,1,Josva (1),Josva (1)
Etelä-Karjala,Juho,1,1,1,1,Juho (1),Juho (1)
Etelä-Karjala,Jässi,1,1,1,1,Jässi (1),Jässi (1)
Etelä-Karjala,Kalervikko,1,1,1,1,Kalervikko (1),Kalervikko (1)
Etelä-Karjala,Kalervoinen,1,1,1,1,Kalervoinen (1),Kalervoinen (1)
Etelä-Karjala,Kalevala,1,1,1,1,Kalevala (1),Kalevala (1)
Etelä-Karjala,Kalkkainen,1,1,1,1,Kalkkainen (1),Kalkkainen (1)
Etelä-Karjala,Kampi,1,1,1,1,Kampi (1),kampiin (1)
Etelä-Karjala,Kapia,1,1,1,1,Kapia (1),kapiat (1)
Etelä-Karjala,Kappel,1,1,1,1,Kappel (1),Kappel (1)
Etelä-Karjala,Karttu,1,1,1,1,Karttu (1),Karttu (1)
Etelä-Karjala,Kautsi,1,1,1,1,Kautsi (1),Kautsi (1)
Etelä-Karjala,Kerttu,1,1,1,1,Kerttu (1),kertto (1)
Etelä-Karjala,Kiira,1,1,1,1,Kiira (1),Kiira (1)
Etelä-Karjala,Killi (proper noun),1,1,1,1,Killi (proper noun) (1),killi (1)
Etelä-Karjala,Kimmeri,1,1,1,1,Kimmeri (1),Kimmeri (1)
Etelä-Karjala,Kinnunen,1,1,1,1,Kinnunen (1),Kinnunen (1)
Etelä-Karjala,Kippel,1,1,1,1,Kippel (1),Kippel (1)
Etelä-Karjala,Kirjo,1,1,1,1,Kirjo (1),Kirjo (1)
Etelä-Karjala,Knuutteli,1,1,1,1,Knuutteli (1),Kyntteli (1)
Etelä-Karjala,Kontsa,1,1,1,1,Kontsa (1),Kontsa (1)
Etelä-Karjala,Kotro,1,1,1,1,Kotro (1),Kotro (1)
Etelä-Karjala,Kristiina,1,1,1,1,Kristiina (1),Ristiina (1)
Etelä-Karjala,Kuisma & paise,1,1,1,1,Kuisma & paise (1),Kuisma & paise (1)
Etelä-Karjala,Kuoppala,1,1,1,1,Kuoppala (1),kuoppalan (1)
Etelä-Karjala,Kurri,1,1,1,1,Kurri (1),Kurri+n (1)
Etelä-Karjala,Kustaa,1,1,1,1,Kustaa (1),Kustaa (1)
Etelä-Karjala,Kusti,1,1,1,1,Kusti (1),Kusti (1)
Etelä-Karjala,Kuukkola,1,1,1,1,Kuukkola (1),Kuukkola (1)
Etelä-Karjala,Kuusa,1,1,1,1,Kuusa (1),Kuusa (1)
Etelä-Karjala,Kynkkä,1,1,1,1,Kynkkä (1),Kynkkä (1)
Etelä-Karjala,Kyykä,1,1,1,1,Kyykä (1),kyykä (1)
Etelä-Karjala,Kyyrä,1,1,1,1,Kyyrä (1),Kyyrä (1)
Etelä-Karjala,Kyyttö,1,1,1,1,Kyyttö (1),Kyyttö (1)
Etelä-Karjala,Laaman,1,1,1,1,Laaman (1),Laamas (1)
Etelä-Karjala,Laamo,1,1,1,1,Laamo (1),Laamose (1)
Etelä-Karjala,Laamonen,1,1,1,1,Laamonen (1),Laamose- (1)
Etelä-Karjala,Lalli,1,1,1,1,Lalli (1),Lalli (1)
Etelä-Karjala,Lankinen,1,1,1,1,Lankinen (1),Lankinen (1)
Etelä-Karjala,Lari,1,1,1,1,Lari (1),Lari (1)
Etelä-Karjala,Laskiainen,1,1,1,1,Laskiainen (1),Laskiainen (1)
Etelä-Karjala,Liina,1,1,1,1,Liina (1),liena (1)
Etelä-Karjala,Liiru,1,1,1,1,Liiru (1),Liiruun (ill.) (1)
Etelä-Karjala,Lilli,1,1,1,1,Lilli (1),Lilli (1)
Etelä-Karjala,Litma,1,1,1,1,Litma (1),Litma+see (1)
Etelä-Karjala,Lopeinen,1,1,1,1,Lopeinen (1),Lopeise-n (1)
Etelä-Karjala,Lutini,1,1,1,1,Lutini (1),Lutini (1)
Etelä-Karjala,Madigan,1,1,1,1,Madigan (1),Madigan (1)
Etelä-Karjala,Maikki,1,1,1,1,Maikki (1),Maikki (1)
Etelä-Karjala,Mairikki,1,1,1,1,Mairikki (1),Mairikki (1)
Etelä-Karjala,Maksimiinus,1,1,1,1,Maksimiinus (1),Maksimiinus (1)
Etelä-Karjala,Manni,1,1,1,1,Manni (1),Manni (1)
Etelä-Karjala,Marianna,1,1,1,1,Marianna (1),Marianna (1)
Etelä-Karjala,Marila,1,1,1,1,Marila (1),Marila (1)
Etelä-Karjala,Marilla,1,1,1,1,Marilla (1),Marilassa (1)
Etelä-Karjala,Marjaana,1,1,1,1,Marjaana (1),Marjaana (1)
Etelä-Karjala,Marketta,1,1,1,1,Marketta (1),Marketta (1)
Etelä-Karjala,Markkula,1,1,1,1,Markkula (1),markkula (1)
Etelä-Karjala,Markus,1,1,1,1,Markus (1),Markus (1)
Etelä-Karjala,Marva,1,1,1,1,Marva (1),marva (1)
Etelä-Karjala,Matikainen,1,1,1,1,Matikainen (1),Matikainen (1)
Etelä-Karjala,Mauri,1,1,1,1,Mauri (1),Mauri (1)
Etelä-Karjala,Mikkonen,1,1,1,1,Mikkonen (1),Mikkonen (1)
Etelä-Karjala,Mirjam,1,1,1,1,Mirjam (1),Mirjam (1)
Etelä-Karjala,Molotia,1,1,1,1,Molotia (1),Molotia (1)
Etelä-Karjala,Mononen,1,1,1,1,Mononen (1),monoses (1)
Etelä-Karjala,Mörri,1,1,1,1,Mörri (1),Mörri (1)
Etelä-Karjala,Naasti,1,1,1,1,Naasti (1),naasti (1)
Etelä-Karjala,Nasti,1,1,1,1,Nasti (1),Nasti (1)
Etelä-Karjala,Nilli,1,1,1,1,Nilli (1),Nilli (1)
Etelä-Karjala,Noro (toponym),1,1,1,1,Noro (toponym) (1),Noro (1)
Etelä-Karjala,Nurska,1,1,1,1,Nurska (1),Nurska (1)
Etelä-Karjala,Nuuv,1,1,1,1,Nuuv (1),Nuuv (1)
Etelä-Karjala,Nyyrikki,1,1,1,1,Nyyrikki (1),Nyyrikki (1)
Etelä-Karjala,Olli,1,1,1,1,Olli (1),Olli (1)
Etelä-Karjala,Ollila,1,1,1,1,Ollila (1),Ollila (1)
Etelä-Karjala,Orsla,1,1,1,1,Orsla (1),Orsla+hen (1)
Etelä-Karjala,Paakari,1,1,1,1,Paakari (1),Paakari (1)
Etelä-Karjala,Paaval,1,1,1,1,Paaval (1),Puaval (1)
Etelä-Karjala,Paikko,1,1,1,1,Paikko (1),Paikko (1)
Etelä-Karjala,Parola,1,1,1,1,Parola (1),Parola (1)
Etelä-Karjala,Patakrela,1,1,1,1,Patakrela (1),Patakrela (1)
Etelä-Karjala,Pauli,1,1,1,1,Pauli (1),Paulin (1)
Etelä-Karjala,Peeron,1,1,1,1,Peeron (1),Peero-n (1)
Etelä-Karjala,Peltonen,1,1,1,1,Peltonen (1),Pelmonen (1)
Etelä-Karjala,Pennanen,1,1,1,1,Pennanen (1),Pennanen (1)
Etelä-Karjala,Penne,1,1,1,1,Penne (1),Penne (1)
Etelä-Karjala,Perolan,1,1,1,1,Perolan (1),perolas (1)
Etelä-Karjala,Perttilä*,1,1,1,1,Perttilä* (1),Pärttyli (1)
Etelä-Karjala,Pietula,1,1,1,1,Pietula (1),Pietula (1)
Etelä-Karjala,Pija,1,1,1,1,Pija (1),Pijan (1)
Etelä-Karjala,Pirillä,1,1,1,1,Pirillä (1),Pirilässä (1)
Etelä-Karjala,Pirjo,1,1,1,1,Pirjo (1),Pirjo (1)
Etelä-Karjala,Pirkko,1,1,1,1,Pirkko (1),Pirkka (1)
Etelä-Karjala,Pommeri,1,1,1,1,Pommeri (1),Pommeri (1)
Etelä-Karjala,Pontto,1,1,1,1,Pontto (1),Pontto (1)
Etelä-Karjala,Potri,1,1,1,1,Potri (1),Potri (1)
Etelä-Karjala,Puavola,1,1,1,1,Puavola (1),Puavola (1)
Etelä-Karjala,Punikki,1,1,1,1,Punikki (1),Punikki (1)
Etelä-Karjala,Punnus (toponym),1,1,1,1,Punnus (toponym) (1),Punnunen (1)
Etelä-Karjala,Puntus,1,1,1,1,Puntus (1),Puntus (1)
Etelä-Karjala,Puola,1,1,1,1,Puola (1),Puola (1)
Etelä-Karjala,Purlakka,1,1,1,1,Purlakka (1),Purlakka (1)
Etelä-Karjala,Putti,1,1,1,1,Putti (1),Putti (1)
Etelä-Karjala,Pöllä,1,1,1,1,Pöllä (1),Pöllä+see (1)
Etelä-Karjala,Rontee,1,1,1,1,Rontee (1),Rontee (1)
Etelä-Karjala,Rutunen,1,1,1,1,Rutunen (1),Rutunen (1)
Etelä-Karjala,Ruusa,1,1,1,1,Ruusa (1),Ruusa (1)
Etelä-Karjala,Räty,1,1,1,1,Räty (1),Räty (1)
Etelä-Karjala,Rääveli,1,1,1,1,Rääveli (1),Rääveli (1)
Etelä-Karjala,Saima,1,1,1,1,Saima (1),Saima (1)
Etelä-Karjala,Sakari,1,1,1,1,Sakari (1),Sakari (1)
Etelä-Karjala,Sarko,1,1,1,1,Sarko (1),Sarko (1)
Etelä-Karjala,Selma,1,1,1,1,Selma (1),Selma (1)
Etelä-Karjala,Siimana,1,1,1,1,Siimana (1),Siimana (1)
Etelä-Karjala,Siitari,1,1,1,1,Siitari (1),siitarin (1)
Etelä-Karjala,Silja,1,1,1,1,Silja (1),Silja (1)
Etelä-Karjala,Simo-Juuso,1,1,1,1,Simo-Juuso (1),Simo-Juosu (1)
Etelä-Karjala,Simola,1,1,1,1,Simola (1),Simola (1)
Etelä-Karjala,Simosen herra,1,1,1,1,Simosen herra (1),simoiserra (1)
Etelä-Karjala,Sippa,1,1,1,1,Sippa (1),Sippa (1)
Etelä-Karjala,Sipro-Jussi,1,1,1,1,Sipro-Jussi (1),Sipro-Jussi (1)
Etelä-Karjala,Sivi,1,1,1,1,Sivi (1),Sivi-llä (1)
Etelä-Karjala,Sonni,1,1,1,1,Sonni (1),sonnilla (1)
Etelä-Karjala,Souva,1,1,1,1,Souva (1),Souva (1)
Etelä-Karjala,Stut,1,1,1,1,Stut (1),Stut (1)
Etelä-Karjala,Suella,1,1,1,1,Suella (1),Suella (1)
Etelä-Karjala,Suikki (toponym),1,1,1,1,Suikki (toponym) (1),Suikki (1)
Etelä-Karjala,Sunilla,1,1,1,1,Sunilla (1),Sunilassa (1)
Etelä-Karjala,Suntel,1,1,1,1,Suntel (1),Suntel (1)
Etelä-Karjala,Sunteri,1,1,1,1,Sunteri (1),Sunterj (1)
Etelä-Karjala,Säiniö,1,1,1,1,Säiniö (1),Säiniö (1)
Etelä-Karjala,Taali,1,1,1,1,Taali (1),taalikalla (1)
Etelä-Karjala,Taalikalla-kin,1,1,1,1,Taalikalla-kin (1),taalikalla-kii (1)
Etelä-Karjala,Taalikkainen,1,1,1,1,Taalikkainen (1),Taalikkainen (1)
Etelä-Karjala,Taanikki,1,1,1,1,Taanikki (1),tannikki (1)
Etelä-Karjala,Taho,1,1,1,1,Taho (1),taho (1)
Etelä-Karjala,Talja,1,1,1,1,Talja (1),Talja (1)
Etelä-Karjala,Tanikka,1,1,1,1,Tanikka (1),Tanikka (1)
Etelä-Karjala,Tannikki,1,1,1,1,Tannikki (1),Tannikki (1)
Etelä-Karjala,Tapio,1,1,1,1,Tapio (1),Tapio (1)
Etelä-Karjala,Tatjana,1,1,1,1,Tatjana (1),tatjana (1)
Etelä-Karjala,Tauno,1,1,1,1,Tauno (1),Tauno (1)
Etelä-Karjala,Teijula,1,1,1,1,Teijula (1),teijula (1)
Etelä-Karjala,Tiitula-meteli,1,1,1,1,Tiitula-meteli (1),tiitula-metteli (1)
Etelä-Karjala,Tilli,1,1,1,1,Tilli (1),Tillin (1)
Etelä-Karjala,Timo,1,1,1,1,Timo (1),Timo (1)
Etelä-Karjala,Timpermanni,1,1,1,1,Timpermanni (1),Timpermanni (1)
Etelä-Karjala,Tinno,1,1,1,1,Tinno (1),Tinno (1)
Etelä-Karjala,Tommi,1,1,1,1,Tommi (1),Tommi (1)
Etelä-Karjala,Tontka,1,1,1,1,Tontka (1),Tontka (1)
Etelä-Karjala,Torstilla,1,1,1,1,Torstilla (1),Torstilla (1)
Etelä-Karjala,Totka,1,1,1,1,Totka (1),Totka (1)
Etelä-Karjala,Tvattila,1,1,1,1,Tvattila (1),Tvattila (1)
Etelä-Karjala,Ulla,1,1,1,1,Ulla (1),Ullaa (1)
Etelä-Karjala,Untamoinen,1,1,1,1,Untamoinen (1),Untamoinen (1)
Etelä-Karjala,Untamolta,1,1,1,1,Untamolta (1),untamolt (1)
Etelä-Karjala,Unto,1,1,1,1,Unto (1),Unto (1)
Etelä-Karjala,Urpo,1,1,1,1,Urpo (1),Urpo-ki (1)
Etelä-Karjala,Uuvekirko,1,1,1,1,Uuvekirko (1),Uuvekirko (1)
Etelä-Karjala,Valli,1,1,1,1,Valli (1),Valli (1)
Etelä-Karjala,Vappo,1,1,1,1,Vappo (1),Wappo (1)
Etelä-Karjala,Varpuli,1,1,1,1,Varpuli (1),Varpuli (1)
Etelä-Karjala,Varro (prop.),1,1,1,1,Varro (prop.) (1),varroo (1)
Etelä-Karjala,Vemmel,1,1,1,1,Vemmel (1),Vemmel (1)
Etelä-Karjala,Venni,1,1,1,1,Venni (1),Venni (1)
Etelä-Karjala,Vestel,1,1,1,1,Vestel (1),Vestel (1)
Etelä-Karjala,Vilhelmi,1,1,1,1,Vilhelmi (1),Vilhelmi (1)
Etelä-Karjala,Vilho,1,1,1,1,Vilho (1),Wilka (1)
Etelä-Karjala,Viljo,1,1,1,1,Viljo (1),Viljo (1)
Etelä-Karjala,Virkku,1,1,1,1,Virkku (1),Virkku (1)
Etelä-Karjala,Virro (prop.),1,1,1,1,Virro (prop.) (1),virroo (1)
Etelä-Karjala,Ytikko,1,1,1,1,Ytikko (1),Ytikko (1)
Etelä-Karjala,Yyrilä,1,1,1,1,Yyrilä (1),Yyrylä (1)
Etelä-Karjala,Zitting,1,1,1,1,Zitting (1),Zitting (1)
Etelä-Karjala,alli,1,1,1,1,alli (1),alli (1)
Etelä-Karjala,anikka,1,1,1,1,anikka (1),anikka(?) (1)
Etelä-Karjala,herta,1,1,1,1,herta (1),herta (1)
Etelä-Karjala,hiiri / Iiri,1,1,1,1,hiiri / Iiri (1),hiiren / iirin (1)
Etelä-Karjala,huutaa (if verb) / huusi (if name),1,1,1,1,huutaa (if verb) / huusi (if name) (1),huusi (1)
Etelä-Karjala,ierikkäisten,1,1,1,1,ierikkäisten (1),ierikkäisten (1)
Etelä-Karjala,junkeri & Julla,1,1,1,1,junkeri & Julla (1),junkeri & Julla (1)
Etelä-Karjala,killi,1,1,1,1,killi (1),killi (1)
Etelä-Karjala,koti/Kotti,1,1,1,1,koti/Kotti (1),Kotti (1)
Etelä-Karjala,kuk,1,1,1,1,kuk (1),kuk (1)
Etelä-Karjala,kuurukuuru,1,1,1,1,kuurukuuru (1),kuurukuuru (1)
Etelä-Karjala,liila,1,1,1,1,liila (1),liila (1)
Etelä-Karjala,maariankukka (hypothetical),1,1,1,1,maariankukka (hypothetical) (1),maariainen (1)
Etelä-Karjala,maurinkukka (hypothetical),1,1,1,1,maurinkukka (hypothetical) (1),mauriainen (1)
Etelä-Karjala,muurikkinen,1,1,1,1,muurikkinen (1),muurikkinen (1)
Etelä-Karjala,nimi,1,1,1,1,nimi (1),nimi (1)
Etelä-Karjala,nimismies,1,1,1,1,nimismies (1),nimismies (1)
Etelä-Karjala,nukkua & matti,1,1,1,1,nukkua & matti (1),nukku-matin (1)
Etelä-Karjala,nukkumatti,1,1,1,1,nukkumatti (1),nukku-mati (1)
Etelä-Karjala,piippanunna,1,1,1,1,piippanunna (1),piippanunna (1)
Etelä-Karjala,pikkurilli,1,1,1,1,pikkurilli (1),pikkurilli (1)
Etelä-Karjala,savi & Jussi,1,1,1,1,savi & Jussi (1),savi & Jussi (1)
Etelä-Karjala,seppä-Tahvo,1,1,1,1,seppä-Tahvo (1),sepä-Tahvo (1)
Etelä-Karjala,talikainen,1,1,1,1,talikainen (1),talikainen (1)
Etelä-Karjala,talla,1,1,1,1,talla (1),talla (1)
Etelä-Karjala,tanssia,1,1,1,1,tanssia (1),tanelii (verb) (1)
Etelä-Karjala,tippuri (dialectal),1,1,1,1,tippuri (dialectal) (1),pipetti (1)
Etelä-Karjala,tuuvi (hypothetical),1,1,1,1,tuuvi (hypothetical) (1),tuuvi (gen. tuuvin) (1)
Etelä-Karjala,Örö,1,1,1,1,Örö (1),Örö (1)
Etelä-Pohjanmaa,God / Jumala / Jumal,94,72,7,13,herra (62); Jumala (13); Herra (11); jumala (4); luoja (2); Jumalan (1); Luojat (1),herra (59); Herra (11); Jumala (10); jumala (4); luoja (2); Jumalallen (1); Jumala+n (1); Luoja+t (1)
Etelä-Pohjanmaa,Matthew / Matti,72,58,6,8,Matti (64); matti (3); Matin (2); Mattiin (1); Matista (1); Matille (1),Matti (61); matti (4); Matti+n (2); mattiin (1); matista (1); matille (1); matin (1); Matin (1)
Etelä-Pohjanmaa,Mary / Maria / Maarja / Mari,71,60,7,13,Maria (32); Maija (31); Maaria (3); marja (2); Maariaan (1); Mariasta (1); Marja (1),Maija (28); Maria (24); Maaria (6); Marja (2); Maijja (2); marja (2); marija (1); maariaan (1)
Etelä-Pohjanmaa,Jesus / Christ,52,39,3,10,Jeesus (34); Kristus (11); Jesus (7),Jeesus (25); Jesus (11); Kristus (6); Ristus (2); jesux (2); christux (2); Jeessus (1); Iesus (1)
Etelä-Pohjanmaa,John / Jaan / Jussi / Hans,41,38,4,3,Jussi (38); Juhana (1); Johannes (1); Juha (1),Jussi (39); Johannekselta (1); Juha (1)
Etelä-Pohjanmaa,Henry / Heikki,35,26,3,3,Heikki (31); Henrikki (3); Heikin (1),Heikki (31); Henrikki (3); heikil (1)
Etelä-Pohjanmaa,Peter / Pietari / Peeter,32,26,4,8,Pietari (19); Pekka (11); Petter (1); Petteri (1),Pietari (15); Pekka (8); Piatari (3); Petter (2); Petteri (1); Pietu (1); Peka (1); Pekka (+ -lla) (1)
Etelä-Pohjanmaa,Andrew / Antti,21,19,1,4,Antti (21),Antti (18); Antis (1); antin (1); antti (1)
Etelä-Pohjanmaa,Elizabeth / Liisa / Liisu / Elli,20,14,3,5,Liisa (11); Elli (8); Lissu (1),Liisa (10); Elli (7); Elli-n (1); Lissu (1); liisa (1)
Etelä-Pohjanmaa,Ukko,18,17,2,4,ukko (16); Ukko (2),ukko (14); Ukko (2); ukkas (1); ukki (1)
Etelä-Pohjanmaa,Nicholas / Nikka / Klaus,17,7,4,4,Nikka (14); Nikolai (1); Nikko (1); nikka (1),Nikka (14); Nikolai (1); Nikko (1); nikka (1)
Etelä-Pohjanmaa,Anna / Anne / Ann / Anni,12,12,4,7,Anna (6); Anni (4); Ännä (proper noun) (1); Annikki (1),Anna (4); Anni (3); anni (1); Ännä (1); Annin (1); Annikka (1); Annamu (1)
Etelä-Pohjanmaa,Jacob / Jaak / Jaakko,11,9,3,4,Jaakko (9); Jaakob (1); Jaska (1),Jaakko (8); Jaakku (1); Jaakob (1); Jaska (1)
Etelä-Pohjanmaa,Michael / Mikko / Mihkel,10,7,2,4,Mikko (6); Mikael (4),Mikko (3); Mikki (3); Mikael (2); Mikkeli (2)
Etelä-Pohjanmaa,Catherine / Kadri / Katri,9,9,1,1,Kaisa (9),Kaisa (9)
Etelä-Pohjanmaa,Erkki,8,7,1,1,Erkki (8),Erkki (8)
Etelä-Pohjanmaa,Thomas / Toomas / Tuomas,7,5,1,4,Tuomas (7),Tuomas (4); Tuomaas (1); Tuoma+han (1); Tuoma+an (1)
Etelä-Pohjanmaa,Esko,5,5,1,3,Esko (5),Eskon (3); eskon (1); Esko (1)
Etelä-Pohjanmaa,Hytelä,5,3,1,1,Hytelä (5),Hytelä (5)
Etelä-Pohjanmaa,Kaija,5,4,1,1,Kaija (5),Kaija (5)
Etelä-Pohjanmaa,Tuoni,5,5,2,3,tuoni (3); Tuoni (2),tuoni (2); Tuoni (2); tuonen (1)
Etelä-Pohjanmaa,Eve / Eeva,4,4,1,3,Eeva (4),Eeva (2); Eevi (1); Eevan (1)
Etelä-Pohjanmaa,Väinämöinen,4,4,1,1,Väinämöinen (4),Väinämöinen (4)
Etelä-Pohjanmaa,(proper noun),3,2,2,3,(proper noun) (2),Forpukselta (1); Forpus (1); niipuri (1)
Etelä-Pohjanmaa,(unknown),3,1,1,3,(unknown) (3),juluffi (1); klamu (1); Fyrry (1)
Etelä-Pohjanmaa,Alli,3,3,1,1,Alli (3),Alli (3)
Etelä-Pohjanmaa,Perttuli,3,3,1,1,Perttuli (3),Perttuli (3)
Etelä-Pohjanmaa,Sarah / Saara,3,3,2,1,Saara (2); Saara/saari (1),Saara (3)
Etelä-Pohjanmaa,Abeli,2,1,1,1,Abeli (2),Abeli (2)
Etelä-Pohjanmaa,Eemokki,2,1,1,1,Eemokki (2),Eemokki (2)
Etelä-Pohjanmaa,George / Jüri,2,1,1,1,Yrjö (2),Kyöri (2)
Etelä-Pohjanmaa,Jaska,2,2,1,1,Jaska (2),Jaska (2)
Etelä-Pohjanmaa,Kalle,2,2,1,1,Kalle (2),Kalle (2)
Etelä-Pohjanmaa,Kitus,2,1,1,1,Kitus (2),Kitus (2)
Etelä-Pohjanmaa,Lassi,2,2,1,1,Lassi (2),Lassi (2)
Etelä-Pohjanmaa,Lauri,2,2,1,2,Lauri (2),Lauri (1); Lassi (1)
Etelä-Pohjanmaa,Liukku,2,1,1,1,Liukku (2),Liukku (2)
Etelä-Pohjanmaa,Nyperi,2,1,1,1,Nyperi (2),Nyperi (2)
Etelä-Pohjanmaa,Ollila,2,2,1,2,Ollila (2),ollila (1); Ollila (1)
Etelä-Pohjanmaa,Tuuri,2,2,1,1,Tuuri (2),Tuuri (2)
Etelä-Pohjanmaa,Valpuri,2,2,1,1,Valpuri (2),Valpuri (2)
Etelä-Pohjanmaa,leivo,2,1,1,1,leivo (2),leivo (2)
Etelä-Pohjanmaa,nimi,2,2,1,1,nimi (2),nimi (2)
Etelä-Pohjanmaa,(name),1,1,1,1,(name) (1),hereni+ri (1)
Etelä-Pohjanmaa,Anikka,1,1,1,1,Anikka (1),Anikka (1)
Etelä-Pohjanmaa,Annu,1,1,1,1,Annu (1),Annu (1)
Etelä-Pohjanmaa,Anttila,1,1,1,1,Anttila (1),Anttila (1)
Etelä-Pohjanmaa,Aspi,1,1,1,1,Aspi (1),Aspi (1)
Etelä-Pohjanmaa,Aumo,1,1,1,1,Aumo (1),Aumo (1)
Etelä-Pohjanmaa,Aune,1,1,1,1,Aune (1),Aunee (1)
Etelä-Pohjanmaa,Eeli (proper name),1,1,1,1,Eeli (proper name) (1),Eeli (1)
Etelä-Pohjanmaa,Eero,1,1,1,1,Eero (1),Eero (1)
Etelä-Pohjanmaa,Eimi,1,1,1,1,Eimi (1),Eimi (1)
Etelä-Pohjanmaa,Eino,1,1,1,1,Eino (1),Eivin (1)
Etelä-Pohjanmaa,Hakko,1,1,1,1,Hakko (1),Hakko (1)
Etelä-Pohjanmaa,Hannus,1,1,1,1,Hannus (1),Hannus (1)
Etelä-Pohjanmaa,Haukka-Aapa,1,1,1,1,Haukka-Aapa (1),Haukka-Aapa (1)
Etelä-Pohjanmaa,Heikki+kellari,1,1,1,1,Heikki+kellari (1),heikki+helleri (1)
Etelä-Pohjanmaa,Hemminki,1,1,1,1,Hemminki (1),Hemminki (1)
Etelä-Pohjanmaa,Himola,1,1,1,1,Himola (1),Himola (1)
Etelä-Pohjanmaa,Iivari,1,1,1,1,Iivari (1),Iivari (1)
Etelä-Pohjanmaa,Jordan,1,1,1,1,Jordan (1),Joortana (1)
Etelä-Pohjanmaa,Joukamoinen / Joukahainen,1,1,1,1,Joukahainen (1),Joukahainen (1)
Etelä-Pohjanmaa,Jukka,1,1,1,1,Jukka (1),Jukka (1)
Etelä-Pohjanmaa,Kaapo,1,1,1,1,Kaapo (1),Kaapo (1)
Etelä-Pohjanmaa,Kaisa-Liisa,1,1,1,1,Kaisa-Liisa (1),Kaisa-Liisa+n (1)
Etelä-Pohjanmaa,Kalkkimäki,1,1,1,1,Kalkkimäki (1),Kalkkimäki (1)
Etelä-Pohjanmaa,Kassu,1,1,1,1,Kassu (1),Kassu (1)
Etelä-Pohjanmaa,Katila,1,1,1,1,Katila (1),Katila (1)
Etelä-Pohjanmaa,Kerttu,1,1,1,1,Kerttu (1),Kerttu (1)
Etelä-Pohjanmaa,Kiesus,1,1,1,1,Kiesus (1),Kiesus (1)
Etelä-Pohjanmaa,Kiija,1,1,1,1,Kiija (1),Kiija (1)
Etelä-Pohjanmaa,Laitivasa,1,1,1,1,Laitivasa (1),Laitivasa (1)
Etelä-Pohjanmaa,Lalli,1,1,1,1,Lalli (1),Lalli (1)
Etelä-Pohjanmaa,Laurila,1,1,1,1,Laurila (1),Laurila (1)
Etelä-Pohjanmaa,Lesmeri,1,1,1,1,Lesmeri (1),Lesmeri (1)
Etelä-Pohjanmaa,Lotta,1,1,1,1,Lotta (1),lotti (1)
Etelä-Pohjanmaa,Lotta (name),1,1,1,1,Lotta (name) (1),lottis (1)
Etelä-Pohjanmaa,Luikki,1,1,1,1,Luikki (1),Luikki (1)
Etelä-Pohjanmaa,Marjaana,1,1,1,1,Marjaana (1),marjaana (1)
Etelä-Pohjanmaa,Martin / Mart / Märt,1,1,1,1,Martti (1),Martin (1)
Etelä-Pohjanmaa,Mielikki,1,1,1,1,Mielikki (1),Mielikki (1)
Etelä-Pohjanmaa,Milja,1,1,1,1,Milja (1),Milja (1)
Etelä-Pohjanmaa,Nalakki,1,1,1,1,Nalakki (1),Nalakki (1)
Etelä-Pohjanmaa,Nata-puro,1,1,1,1,Nata-puro (1),Nata-puro (1)
Etelä-Pohjanmaa,Nilikki,1,1,1,1,Nilikki (1),Nilikki (1)
Etelä-Pohjanmaa,Noria,1,1,1,1,Noria (1),Noria (1)
Etelä-Pohjanmaa,Perttu,1,1,1,1,Perttu (1),Perttu (1)
Etelä-Pohjanmaa,Pietilä,1,1,1,1,Pietilä (1),Pietilä (1)
Etelä-Pohjanmaa,Pihka-Antti,1,1,1,1,Pihka-Antti (1),Pihka-Antti (1)
Etelä-Pohjanmaa,Piu,1,1,1,1,Piu (1),piu (1)
Etelä-Pohjanmaa,Praski,1,1,1,1,Praski (1),Praski (1)
Etelä-Pohjanmaa,Sanna,1,1,1,1,Sanna (1),Sanna (1)
Etelä-Pohjanmaa,Saret,1,1,1,1,Saret (1),Saret (1)
Etelä-Pohjanmaa,Serpia,1,1,1,1,Serpia (1),serpia (1)
Etelä-Pohjanmaa,Simon / Siim / Simo,1,1,1,1,Simon (1),simuna (1)
Etelä-Pohjanmaa,Simpson,1,1,1,1,Simpson (1),Simpson (1)
Etelä-Pohjanmaa,Tannu,1,1,1,1,Tannu (1),Tannu (1)
Etelä-Pohjanmaa,Tiina,1,1,1,1,Tiina (1),Tiina (1)
Etelä-Pohjanmaa,Tilu,1,1,1,1,Tilu (1),Tilu (1)
Etelä-Pohjanmaa,Timo (place),1,1,1,1,Timo (place) (1),timo (1)
Etelä-Pohjanmaa,Tuura,1,1,1,1,Tuura (1),Tuora (1)
Etelä-Pohjanmaa,Tyrjä,1,1,1,1,Tyrjä (1),Tyrjä (1)
Etelä-Pohjanmaa,Tyrnä (proper noun) / tyrni,1,1,1,1,Tyrnä (proper noun) / tyrni (1),Tyrnä (1)
Etelä-Pohjanmaa,Unkumi,1,1,1,1,Unkumi (1),Unkumi (1)
Etelä-Pohjanmaa,Urpo,1,1,1,1,Urpo (1),Urpo (1)
Etelä-Pohjanmaa,Valakia,1,1,1,1,Valakia (1),Valakia (1)
Etelä-Pohjanmaa,Viinikan,1,1,1,1,Viinikan (1),viinikan (1)
Etelä-Pohjanmaa,Vinka (proper noun) / vinkua (verb),1,1,1,1,Vinka (proper noun) / vinkua (verb) (1),vinka (gen. vinkan) (1)
Etelä-Pohjanmaa,Willi/villi,1,1,1,1,Willi/villi (1),Willi (1)
Etelä-Pohjanmaa,Yrjänä,1,1,1,1,Yrjänä (1),Yrjänä (1)
Etelä-Pohjanmaa,hertta,1,1,1,1,hertta (1),hertta (1)
Etelä-Pohjanmaa,kai,1,1,1,1,kai (1),kai (1)
Etelä-Pohjanmaa,kitti,1,1,1,1,kitti (1),kitto (1)
Etelä-Pohjanmaa,letty,1,1,1,1,letty (1),letty (1)
Etelä-Pohjanmaa,lotta,1,1,1,1,lotta (1),lotti (1)
Etelä-Pohjanmaa,mara,1,1,1,1,mara (1),mara (1)
Etelä-Pohjanmaa,nimetön-Matti,1,1,1,1,nimetön-Matti (1),nimetööm-Matti (1)
Etelä-Pohjanmaa,ormi (proper noun),1,1,1,1,ormi (proper noun) (1),ormi (1)
Etelä-Pohjanmaa,pihka & Heikin,1,1,1,1,pihka & Heikin (1),pihka & heikin (1)
Etelä-Pohjanmaa,pihka & Heikki,1,1,1,1,pihka & Heikki (1),pihka & Heikki (1)
Etelä-Pohjanmaa,pikku-Lilli,1,1,1,1,pikku-Lilli (1),pikku-lilli (1)
Etelä-Pohjanmaa,saparo&Matti,1,1,1,1,saparo&Matti (1),saparo&Matti (1)
Etelä-Pohjanmaa,saunaheikki,1,1,1,1,saunaheikki (1),saunaheikki (1)
Etelä-Pohjanmaa,taari,1,1,1,1,taari (1),taari (1)
Etelä-Pohjanmaa,tiiri,1,1,1,1,tiiri (1),tiiri (1)
Etelä-Pohjanmaa,tilli,1,1,1,1,tilli (1),tilli (1)
Etelä-Pohjanmaa,tinttu,1,1,1,1,tinttu (1),tinttu (1)
Etelä-Pohjanmaa,vaapukka,1,1,1,1,vaapukka (1),vaapula (1)
Etelä-Pohjanmaa,veräjä & Matti,1,1,1,1,veräjä & Matti (1),veräjä+Matti (1)
Etelä-Savo,God / Jumala / Jumal,441,265,13,31,Jumala (125); herra (121); luoja (82); jumala (46); Herra (46); Luoja (14); herrat (1); valtaherra (1),herra (115); Jumala (110); luoja (83); jumala (54); Herra (36); Luoja (9); herran (5); herra-n (3)
Etelä-Savo,Ukko,267,210,5,16,ukko (231); Ukko (33); ukon (1); Ukkonen (1); ukkonen (1),ukko (222); Ukko (29); ukkoi (2); ucko (2); ukollee (1); ukon (1); ukki (1); äijä (1)
Etelä-Savo,Mary / Maria / Maarja / Mari,110,96,11,20,Maria (58); Maaria (17); Maija (15); maija (11); Mari (2); Marialta (2); Marja (1); Marianen (1),Maria (38); Maaria (19); Maija (14); maija (13); maria (5); Marija (2); Marja (2); mariainen (2)
Etelä-Savo,Peter / Pietari / Peeter,106,82,5,16,Pekka (54); Pietari (48); pekka (2); Pietarin (1); Petteri (1),Pekka (50); Pietari (35); pietari (3); Pekko (3); pietar (2); pekka (2); Pjetar (2); pietarin (1)
Etelä-Savo,Jesus / Christ,96,71,4,27,Jeesus (72); Jesus (16); Kristus (7); Jeesuksen (1),Jeesus (27); Jesus (23); Jiesus (8); jesus (5); Jesuxen (4); Jessus (4); Jiessus (2); ristus (2)
Etelä-Savo,Elizabeth / Liisa / Liisu / Elli,85,46,4,6,Elli (53); Liisa (30); Elli (proper noun) (1); helli (dialect) / Elli (name) (1),Elli (53); Liisa (27); liisa (2); Ellin (1); elli (1); Liisu (1)
Etelä-Savo,Henry / Heikki,82,57,2,9,Heikki (81); Heikin (1),Heikki (71); heikki (3); Heikil (2); Heiki (1); Löllö-Heikin (1); heikir (1); Heikin (1); heiki (1)
Etelä-Savo,Andrew / Antti,75,67,2,3,Antti (74); antti/Antti (1),Antti (72); antti (2); Anttu (1)
Etelä-Savo,Väinämöinen,64,41,2,13,Väinämöinen (63); Vainämöinen (1),Väinämöinen (35); Wäinämöinen (16); vänämöinen (3); Wäinämöise- (1); Väilämöene (1); Väinämöisen (1); Väin (1); Väimälöinen (1)
Etelä-Savo,Tuoni,63,40,5,7,tuoni (32); Tuoni (22); tuonen (5); tuonelaan (3); tuonne (1),tuoni (31); Tuoni (13); tuone (7); tuonen (7); Tuonen (3); tuonne (1); tuoni & -maan (1)
Etelä-Savo,Matthew / Matti,57,35,4,10,Matti (51); matti (4); matin (1); Matteus (1),Matti (39); mati (5); matti (5); matista (2); matil (1); matin (1); mattiin (1); Matti+a (1)
Etelä-Savo,Thomas / Toomas / Tuomas,50,29,2,4,Tuomas (49); Tuomaan (1),Tuomas (47); Tuomaas (1); Tuomaan (1); Tommo (1)
Etelä-Savo,John / Jaan / Jussi / Hans,49,42,4,6,Jussi (46); Juhani (1); Iivana (1); Johannes (1),Jussi (43); Jutas (2); Johan (1); Iitam (1); Johannes (1); jussim (1)
Etelä-Savo,Catherine / Kadri / Katri,38,34,6,11,Kaisa (28); Katri (4); Katriina (2); Katariina (2); kaisa (1); Karina (1),Kaisa (24); Katri (4); kaisa (2); Katriina (1); Kaesa (1); Kaisu (1); kaesa (1); Kaarina (1)
Etelä-Savo,Nicholas / Nikka / Klaus,38,23,8,11,"Nikko (22); nikko (6); nikka (3); Nikolai (2); Niko (2); Nikko/nikkua (1); Nikka (1); Nikko (proper name, no further) (1)",Nikko (18); nikko (7); Nikon (4); Nikolai (2); nikolta (1); nikko-a (1); nikka (1); Niko (1)
Etelä-Savo,Michael / Mikko / Mihkel,25,16,4,6,Mikko (19); mikko (4); Mikki (1); mikko (dialect measure) (1),Mikko (15); mikko (4); mikol (2); Mikkel (2); Miki (1); Mikkeli (1)
Etelä-Savo,Anna / Anne / Ann / Anni,22,19,5,7,Anni (12); Anna (6); anni (2); anne (1); Annille (1),Anni (11); Anna (6); Annin (1); annii (1); anni (1); anne (1); Anni-lle (1)
Etelä-Savo,Eve / Eeva,19,16,3,6,Eeva (12); aatto (5); uatto (2),Eeva (8); uatto (5); Ieva (2); aatto (2); eeva (1); ieva (1)
Etelä-Savo,Tapio,17,14,2,5,Tapio (14); Tapiola (3),Tapio (12); Tapiola (2); tapiolan (1); tapio (1); Taivo (1)
Etelä-Savo,Judas / Juudas,15,9,5,5,Juudas (11); Judas (1); Juutas (1); Juutas (proper noun) (1); juutas (1),Juuta (7); Juutas (3); Juudas (2); juutas (2); Judas (1)
Etelä-Savo,Lauri,15,14,1,2,Lauri (15),Lauri (14); lauri (1)
Etelä-Savo,Ilmarinen,13,12,1,3,Ilmarinen (13),Ilmarinen (11); Ilemarinen (1); Ilmarine (1)
Etelä-Savo,Simon / Siim / Simo,12,10,3,5,Simo (10); siime (1); simo (1),Simo (7); simo (2); siimer (1); Simoille (1); simos (1)
Etelä-Savo,Alli,11,7,1,2,Alli (11),Alli (10); alli (1)
Etelä-Savo,Jacob / Jaak / Jaakko,10,6,2,3,Jaakko (9); Juakko (1),Jaakko (5); juakko (4); Jaakkollein (1)
Etelä-Savo,Lassi,9,8,1,2,Lassi (9),Lassi (8); Lassin (1)
Etelä-Savo,Kille,7,1,1,1,Kille (7),Kille (7)
Etelä-Savo,George / Jüri,6,6,3,3,Yrjö (4); yrjö (1); jyri (1),Yrjö (4); yrjöl (1); jyri (1)
Etelä-Savo,Olli,6,4,1,1,Olli (6),Olli (6)
Etelä-Savo,Sarah / Saara,6,4,1,1,Saara (6),Saara (6)
Etelä-Savo,Kalle,5,4,1,1,Kalle (5),Kalle (5)
Etelä-Savo,nimi,5,5,1,1,nimi (5),nimi (5)
Etelä-Savo,Esko,4,4,1,3,Esko (4),Eskon (2); Eskeli (1); Esko (1)
Etelä-Savo,Helevi,4,1,1,1,Helevi (4),Helevi (4)
Etelä-Savo,Pietula,4,4,1,2,Pietula (4),Pietula (3); Pietulaan (1)
Etelä-Savo,Satu,4,2,1,1,Satu (4),Satu (4)
Etelä-Savo,Savo,4,4,1,1,Savo (4),Savo (4)
Etelä-Savo,(proper noun),3,3,1,3,(proper noun) (3),Eskom (1); Liika (1); Pijo (1)
Etelä-Savo,Annikka,3,3,1,1,Annikka (3),Annikka (3)
Etelä-Savo,Killi,3,2,1,1,Killi (3),Killi (3)
Etelä-Savo,Lempo,3,3,1,1,Lempo (3),Lempo (3)
Etelä-Savo,Martin / Mart / Märt,3,3,1,2,Martti (3),Martti (2); Mart (1)
Etelä-Savo,Nalli,3,2,1,1,Nalli (3),Nalli (3)
Etelä-Savo,Rutja,3,3,1,3,Rutja (3),rutja-n (1); rutjan (1); Rutja (1)
Etelä-Savo,Sorola,3,3,1,1,Sorola (3),Sorola (3)
Etelä-Savo,Taavetti,3,1,1,1,Taavetti (3),Taavetti (3)
Etelä-Savo,Terri,3,1,1,1,Terri (3),Terri (3)
Etelä-Savo,Tyyri,3,1,1,2,Tyyri (3),Tyyri (2); tyyri (1)
Etelä-Savo,Ulla,3,3,1,1,Ulla (3),Ulla (3)
Etelä-Savo,Wiinhuuvud,3,1,1,1,Wiinhuuvud (3),Wiinhuuvud (3)
Etelä-Savo,elkku,3,1,1,1,elkku (3),elkku (3)
Etelä-Savo,mikä,3,1,1,1,mikä (3),mikä (3)
Etelä-Savo,(name),2,1,1,2,(name) (2),Iitam (1); Oatam (1)
Etelä-Savo,(proper name),2,2,1,2,(proper name) (2),Aeta (1); tiki (1)
Etelä-Savo,Ahti,2,2,2,2,Ahti (1); ahti (1),Ahti (1); ahti (1)
Etelä-Savo,Annikki,2,2,1,1,Annikki (2),Annikki (2)
Etelä-Savo,Appila,2,1,1,1,Appila (2),Appila (2)
Etelä-Savo,Eerik,2,2,1,1,Eerik (2),Eerik (2)
Etelä-Savo,Eerikka,2,2,1,2,Eerikka (2),Eerikka (1); Eerikkaan (1)
Etelä-Savo,Haimi,2,1,1,1,Haimi (2),Haimi (2)
Etelä-Savo,Huisso,2,2,1,1,Huisso (2),Huisso (2)
Etelä-Savo,Hytelö,2,1,1,1,Hytelö (2),Hytelö (2)
Etelä-Savo,Hyvölä,2,1,1,2,Hyvölä (2),Hyvö-lään (1); Hyvö-län (1)
Etelä-Savo,Joukamoinen / Joukahainen,2,1,1,1,Joukahainen (2),Joukaha (2)
Etelä-Savo,Jouus,2,1,1,1,Jouus (2),Jouus (2)
Etelä-Savo,Kaihko,2,1,1,1,Kaihko (2),Kaihko (2)
Etelä-Savo,Kiira,2,1,1,1,Kiira (2),Kiira (2)
Etelä-Savo,Kuihka,2,1,1,1,Kuihka (2),Kuihka (2)
Etelä-Savo,Malina,2,1,1,1,Malina (2),Malina (2)
Etelä-Savo,Martti,2,2,1,1,Martti (2),Martti (2)
Etelä-Savo,Otto,2,2,1,1,Otto (2),Otto (2)
Etelä-Savo,Pumpu,2,1,1,1,Pumpu (2),Pumpu (2)
Etelä-Savo,Tillin,2,2,1,2,Tillin (2),Tillis (1); Tillin (1)
Etelä-Savo,Torajoki,2,1,1,1,Torajoki (2),Torajoki (2)
Etelä-Savo,Vappu,2,2,1,1,Vappu (2),Vappu (2)
Etelä-Savo,Ville,2,2,1,1,Ville (2),Ville (2)
Etelä-Savo,alli,2,2,1,2,alli (2),Alli (1); alli (1)
Etelä-Savo,leini,2,1,1,1,leini (2),leini (2)
Etelä-Savo,(non-standard),1,1,1,1,(non-standard) (1),Leerik (1)
Etelä-Savo,Aatami,1,1,1,1,Aatami (1),Aatam (1)
Etelä-Savo,Aatolpi,1,1,1,1,Aatolpi (1),Aatolpi (1)
Etelä-Savo,Aina,1,1,1,1,Aina (1),Aina (1)
Etelä-Savo,Akeri,1,1,1,1,Akeri (1),Akkeri (1)
Etelä-Savo,Alantojärvi,1,1,1,1,Alantojärvi (1),Alanto-järvi (1)
Etelä-Savo,Alma,1,1,1,1,Alma (1),Alma (1)
Etelä-Savo,Amana,1,1,1,1,Amana (1),Aman (1)
Etelä-Savo,Annika,1,1,1,1,Annika (1),Annika (1)
Etelä-Savo,Annukka,1,1,1,1,Annukka (1),annukka (1)
Etelä-Savo,Antero,1,1,1,1,Antero (1),Antero (1)
Etelä-Savo,Anterus,1,1,1,1,Anterus (1),Anterus (1)
Etelä-Savo,Apissainen,1,1,1,1,Apissainen (1),Apissainen (1)
Etelä-Savo,Aram,1,1,1,1,Aram (1),Aram (1)
Etelä-Savo,Attalainen,1,1,1,1,Attalainen (1),Attalainen (1)
Etelä-Savo,Aunikki,1,1,1,1,Aunikki (1),Aunikki (1)
Etelä-Savo,Eerik (proper name),1,1,1,1,,Leerik (1)
Etelä-Savo,Eero,1,1,1,1,Eero (1),Eero (1)
Etelä-Savo,Eetvatti,1,1,1,1,Eetvatti (1),Ietam (1)
Etelä-Savo,Elias / Eljas,1,1,1,1,Eljas (1),Eljas (1)
Etelä-Savo,Ella,1,1,1,1,Ella (1),Ella (1)
Etelä-Savo,Ellen,1,1,1,1,Ellen (1),Ellen (1)
Etelä-Savo,Erik,1,1,1,1,Erik (1),Erik (1)
Etelä-Savo,Erika,1,1,1,1,Erika (1),Erika (1)
Etelä-Savo,Erkka?,1,1,1,1,Erkka? (1),Erkane (1)
Etelä-Savo,Gustav,1,1,1,1,Gustav (1),Gustavi (1)
Etelä-Savo,Haimi-la,1,1,1,1,Haimi-la (1),Haimi-las (1)
Etelä-Savo,Hannu,1,1,1,1,Hannu (1),Hannu (1)
Etelä-Savo,Hasso,1,1,1,1,Hasso (1),Hasso (1)
Etelä-Savo,Heiskala,1,1,1,1,Heiskala (1),Heiskala (1)
Etelä-Savo,Heiskalaan,1,1,1,1,Heiskalaan (1),Heiskalahan (1)
Etelä-Savo,Heiskas,1,1,1,1,Heiskas (1),Heiskas (1)
Etelä-Savo,Helena,1,1,1,1,Helena (1),Helena (1)
Etelä-Savo,Hemmer,1,1,1,1,Hemmer (1),Hemmer (1)
Etelä-Savo,Hilta,1,1,1,1,Hilta (1),Hilta (1)
Etelä-Savo,Hipula,1,1,1,1,Hipula (1),Hipula (1)
Etelä-Savo,Hitola,1,1,1,1,Hitola (1),Hitola (1)
Etelä-Savo,Husso (hypocoristic),1,1,1,1,Husso (hypocoristic) (1),Hussu (1)
Etelä-Savo,Huuhmar,1,1,1,1,Huuhmar (1),Huuhmar (1)
Etelä-Savo,Hymylä,1,1,1,1,Hymylä (1),Hymylä (1)
Etelä-Savo,Iinsalmi,1,1,1,1,Iinsalmi (1),Iinsalmi (1)
Etelä-Savo,Iisakki,1,1,1,1,Iisakki (1),Iisakki (1)
Etelä-Savo,Iita (name),1,1,1,1,Iita (name) (1),Iita (hypothetical root) (1)
Etelä-Savo,Iitam,1,1,1,1,Iitam (1),Iitam (1)
Etelä-Savo,Iram,1,1,1,1,Iram (1),Iram (1)
Etelä-Savo,Ito,1,1,1,1,Ito (1),Ito (1)
Etelä-Savo,Jaavel (proper noun),1,1,1,1,Jaavel (proper noun) (1),jaavel (1)
Etelä-Savo,Jordan,1,1,1,1,Jordan (1),Jordan (1)
Etelä-Savo,Jorik,1,1,1,1,Jorik (1),Jorik (1)
Etelä-Savo,Jortanen,1,1,1,1,Jortanen (1),Jortase (1)
Etelä-Savo,Jortani,1,1,1,1,Jortani (1),Jortani (1)
Etelä-Savo,Jortikka,1,1,1,1,Jortikka (1),Jortikka (1)
Etelä-Savo,Juhana,1,1,1,1,Juhana (1),Juhana (1)
Etelä-Savo,Julianna,1,1,1,1,Julianna (1),Julianna (1)
Etelä-Savo,Juortaan,1,1,1,1,Juortaan (1),Juortaan (1)
Etelä-Savo,Juosep,1,1,1,1,Juosep (1),Juosep (1)
Etelä-Savo,Jääske,1,1,1,1,Jääske (1),Jääske (1)
Etelä-Savo,Kaapro,1,1,1,1,Kaapro (1),Kaapro (1)
Etelä-Savo,Kalerva,1,1,1,1,Kalerva (1),Kalerva (1)
Etelä-Savo,Kanosa,1,1,1,1,Kanosa (1),Kanosa (1)
Etelä-Savo,Kapper,1,1,1,1,Kapper (1),Kapper (1)
Etelä-Savo,Karttu,1,1,1,1,Karttu (1),Karttu (1)
Etelä-Savo,Keinänen,1,1,1,1,Keinänen (1),Keinäsen (1)
Etelä-Savo,Kiekka,1,1,1,1,Kiekka (1),Kiekka (1)
Etelä-Savo,Kikka?,1,1,1,1,Kikka? (1),Kikko (1)
Etelä-Savo,Kipper,1,1,1,1,Kipper (1),Kipper (1)
Etelä-Savo,Kirsti,1,1,1,1,Kirsti (1),Kirsti (1)
Etelä-Savo,Kivennava,1,1,1,1,Kivennava (1),Kivennavan (1)
Etelä-Savo,Koikkala,1,1,1,1,Koikkala (1),Koikkala (1)
Etelä-Savo,Kokkolan,1,1,1,1,Kokkolan (1),Kokkolan (1)
Etelä-Savo,Kopeli,1,1,1,1,Kopeli (1),Kopeli (1)
Etelä-Savo,Koppala,1,1,1,1,Koppala (1),Koppalan (1)
Etelä-Savo,Kristiina,1,1,1,1,Kristiina (1),Kirsti (1)
Etelä-Savo,Kristo,1,1,1,1,Kristo (1),Risto (1)
Etelä-Savo,Kullervo,1,1,1,1,Kullervo (1),Kullervo (1)
Etelä-Savo,Kåpr,1,1,1,1,Kåpr (1),kåpri-n (1)
Etelä-Savo,Laara,1,1,1,1,Laara (1),Laara (1)
Etelä-Savo,Lappalo,1,1,1,1,Lappalo (1),Lappalo (1)
Etelä-Savo,Lassinen,1,1,1,1,Lassinen (1),Lassinen (1)
Etelä-Savo,Lautija,1,1,1,1,Lautija (1),Lautija (1)
Etelä-Savo,Leila,1,1,1,1,Leila (1),Leila (1)
Etelä-Savo,Liemo,1,1,1,1,Liemo (1),Liemo (1)
Etelä-Savo,Liika,1,1,1,1,Liika (1),Liika (1)
Etelä-Savo,Liina,1,1,1,1,Liina (1),Liena (1)
Etelä-Savo,Liina/Leena,1,1,1,1,Liina/Leena (1),Liena (1)
Etelä-Savo,Lilli,1,1,1,1,Lilli (1),Lillin (1)
Etelä-Savo,Lillin,1,1,1,1,Lillin (1),Lillin (1)
Etelä-Savo,Lohla,1,1,1,1,Lohla (1),Lohla (1)
Etelä-Savo,Loija,1,1,1,1,Loija (1),Loia (1)
Etelä-Savo,Luotila,1,1,1,1,Luotila (1),Luotila-n (1)
Etelä-Savo,Luterus,1,1,1,1,Luterus (1),Luterus (1)
Etelä-Savo,Maikki,1,1,1,1,Maikki (1),Maikki (1)
Etelä-Savo,Maikko,1,1,1,1,Maikko (1),Maikko (1)
Etelä-Savo,Makkola,1,1,1,1,Makkola (1),Makkola (1)
Etelä-Savo,Manni,1,1,1,1,Manni (1),Manni (1)
Etelä-Savo,Markkula,1,1,1,1,Markkula (1),Markkula (1)
Etelä-Savo,Mauno,1,1,1,1,Mauno (1),Mauno (1)
Etelä-Savo,Miina,1,1,1,1,Miina (1),Miina (1)
Etelä-Savo,Monola,1,1,1,1,Monola (1),Monola (1)
Etelä-Savo,Moro/mörkö,1,1,1,1,Moro/mörkö (1),moro/mörkö (1)
Etelä-Savo,Mönkkölään,1,1,1,1,Mönkkölään (1),Mönkkölään (1)
Etelä-Savo,Naarmu,1,1,1,1,Naarmu (1),Naarmu (1)
Etelä-Savo,Niipuri,1,1,1,1,Niipuri (1),Niipuri (1)
Etelä-Savo,Nikaus,1,1,1,1,Nikaus (1),Nikaus (1)
Etelä-Savo,Nilsin ääni,1,1,1,1,Nilsin ääni (1),Nilsiääni (1)
Etelä-Savo,Nolli,1,1,1,1,Nolli (1),Nolli (1)
Etelä-Savo,Närä,1,1,1,1,Närä (1),Närä (1)
Etelä-Savo,Otteljaana,1,1,1,1,Otteljaana (1),Otteljaana (1)
Etelä-Savo,Paavali,1,1,1,1,Paavali (1),Paavali (1)
Etelä-Savo,Paavo,1,1,1,1,Paavo (1),Puavo (1)
Etelä-Savo,Paavo/karhu,1,1,1,1,Paavo/karhu (1),poavo (1)
Etelä-Savo,Pajari,1,1,1,1,Pajari (1),Pajari (1)
Etelä-Savo,Pavo,1,1,1,1,Pavo (1),Pavo (1)
Etelä-Savo,Penttinen,1,1,1,1,Penttinen (1),Penttinen (1)
Etelä-Savo,Pernaa,1,1,1,1,Pernaa (1),Pernaalle (1)
Etelä-Savo,Pertti,1,1,1,1,Pertti (1),Pärttyli (1)
Etelä-Savo,Pietola,1,1,1,1,Pietola (1),Pietola (1)
Etelä-Savo,Pirkko,1,1,1,1,Pirkko (1),Pirkko (1)
Etelä-Savo,Puaval,1,1,1,1,Puaval (1),Puaval (1)
Etelä-Savo,Puavalina,1,1,1,1,Puavalina (1),Puavalina (1)
Etelä-Savo,Pulli,1,1,1,1,Pulli (1),Pulli (1)
Etelä-Savo,Raiska,1,1,1,1,Raiska (1),Raiska (1)
Etelä-Savo,Reino,1,1,1,1,Reino (1),Reino (1)
Etelä-Savo,Riitta,1,1,1,1,Riitta (1),Riitta (1)
Etelä-Savo,Riski,1,1,1,1,Riski (1),Riski (1)
Etelä-Savo,Rissanen,1,1,1,1,Rissanen (1),Rissanen (1)
Etelä-Savo,Ryynänen,1,1,1,1,Ryynänen (1),Ryynänen (1)
Etelä-Savo,Räikkölä,1,1,1,1,Räikkölä (1),Räikkölä (1)
Etelä-Savo,Saija,1,1,1,1,Saija (1),Saija (1)
Etelä-Savo,Saku,1,1,1,1,Saku (1),Saku (1)
Etelä-Savo,Salomo,1,1,1,1,Salomo (1),Salomo (1)
Etelä-Savo,Sander,1,1,1,1,Sander (1),sander (1)
Etelä-Savo,Santila,1,1,1,1,Santila (1),Santila (1)
Etelä-Savo,Simeli,1,1,1,1,Simeli (1),Simeli (1)
Etelä-Savo,Simola,1,1,1,1,Simola (1),Simola (1)
Etelä-Savo,Sivo,1,1,1,1,Sivo (1),Sivo (1)
Etelä-Savo,Sossola,1,1,1,1,Sossola (1),Sossola (1)
Etelä-Savo,Sulonen,1,1,1,1,Sulonen (1),Sulonen (1)
Etelä-Savo,Sunder,1,1,1,1,Sunder (1),sunder (1)
Etelä-Savo,Tahva,1,1,1,1,Tahva (1),Tahvana (1)
Etelä-Savo,Tahvana,1,1,1,1,Tahvana (1),Tahvana (1)
Etelä-Savo,Taneli,1,1,1,1,Taneli (1),Taneli (1)
Etelä-Savo,Tauri,1,1,1,1,Tauri (1),Tauri (1)
Etelä-Savo,Terttu,1,1,1,1,Terttu (1),Terttu+pa (1)
Etelä-Savo,Tiina,1,1,1,1,Tiina (1),tiina (1)
Etelä-Savo,Tiit,1,1,1,1,Tiit (1),Tiit (1)
Etelä-Savo,Tiitta,1,1,1,1,Tiitta (1),Tiitta (1)
Etelä-Savo,Tilli,1,1,1,1,Tilli (1),Tillin (1)
Etelä-Savo,Tillis,1,1,1,1,Tillis (1),Tillis (1)
Etelä-Savo,Timo,1,1,1,1,Timo (1),Timo (1)
Etelä-Savo,Tinttarivuori,1,1,1,1,Tinttarivuori (1),Tinttarivuori (1)
Etelä-Savo,Tirkkonen,1,1,1,1,Tirkkonen (1),Tirkkonen (1)
Etelä-Savo,Tompsa,1,1,1,1,Tompsa (1),Tompsa (1)
Etelä-Savo,Torstikki,1,1,1,1,Torstikki (1),Torstikki (1)
Etelä-Savo,Tuli,1,1,1,1,Tuli (1),Tuli (1)
Etelä-Savo,Tunnio,1,1,1,1,Tunnio (1),Tunnio (1)
Etelä-Savo,Tuorikki,1,1,1,1,Tuorikki (1),Tuorikki (1)
Etelä-Savo,Turja,1,1,1,1,Turja (1),Turja (1)
Etelä-Savo,Turkki,1,1,1,1,Turkki (1),Turkki (1)
Etelä-Savo,Tuusjärvi,1,1,1,1,Tuusjärvi (1),Tuusjärvi (1)
Etelä-Savo,Tyrjä,1,1,1,1,Tyrjä (1),Tyrjä (1)
Etelä-Savo,Tölkä,1,1,1,1,Tölkä (1),Tölkä (1)
Etelä-Savo,Urpo,1,1,1,1,Urpo (1),Urpo (1)
Etelä-Savo,Vempsa,1,1,1,1,Vempsa (1),Vem(p)sa (1)
Etelä-Savo,Verkuna,1,1,1,1,Verkuna (1),Verkuna (1)
Etelä-Savo,Ves,1,1,1,1,Ves (1),Ves (1)
Etelä-Savo,Vihtari,1,1,1,1,Vihtari (1),Vihtari (1)
Etelä-Savo,Viija,1,1,1,1,Viija (1),viijassa (1)
Etelä-Savo,Vilska,1,1,1,1,Vilska (1),vilskan (1)
Etelä-Savo,Vipunen,1,1,1,1,Vipunen (1),Vipunen (1)
Etelä-Savo,Virkkula,1,1,1,1,Virkkula (1),Virkkula (1)
Etelä-Savo,Virsu,1,1,1,1,Virsu (1),Virsu-hun (1)
Etelä-Savo,Vuoliantar,1,1,1,1,Vuoliantar (1),Vuoliantar (1)
Etelä-Savo,Vändinen,1,1,1,1,Vändinen (1),Vändinen (1)
Etelä-Savo,Väntinen,1,1,1,1,Väntinen (1),Väntinen (1)
Etelä-Savo,Wiinhuuvi,1,1,1,1,Wiinhuuvi (1),Wiinhuuvi (1)
Etelä-Savo,Wäisänen,1,1,1,1,Wäisänen (1),Wäisänen (1)
Etelä-Savo,hane,1,1,1,1,hane (1),aane (1)
Etelä-Savo,heijonen,1,1,1,1,heijonen (1),heijonen (1)
Etelä-Savo,kuija,1,1,1,1,kuija (1),kuija (1)
Etelä-Savo,kurentua,1,1,1,1,kurentua (1),kurentua/Kurenni (1)
Etelä-Savo,laskiainen,1,1,1,1,laskiainen (1),laskiainen (1)
Etelä-Savo,leppäpirkko,1,1,1,1,leppäpirkko (1),leppäpirkko (1)
Etelä-Savo,nimeesi,1,1,1,1,nimeesi (1),nimi+see (1)
Etelä-Savo,nimesi,1,1,1,1,nimesi (1),nimmeis (1)
Etelä-Savo,nimetön,1,1,1,1,nimetön (1),nimetön (1)
Etelä-Savo,nimi (name),1,1,1,1,nimi (name) (1),nimes (1)
Etelä-Savo,nukkumatti,1,1,1,1,nukkumatti (1),nukkumatti (1)
Etelä-Savo,pika,1,1,1,1,pika (1),pika (1)
Etelä-Savo,pissa,1,1,1,1,pissa (1),pissa (1)
Etelä-Savo,rakki,1,1,1,1,rakki (1),rakki (1)
Etelä-Savo,suutari-Jussi,1,1,1,1,suutari-Jussi (1),suutari-Jussi (1)
Etelä-Savo,tilli,1,1,1,1,tilli (1),tillin (1)
Etelä-Savo,torkku & Tuomas,1,1,1,1,torkku & Tuomas (1),torkku & Tuomas (1)
Etelä-Savo,tuomolainen,1,1,1,1,tuomolainen (1),tuomolainen (1)
Etelä-Savo,ulla,1,1,1,1,ulla (1),ulla (1)
Etelä-Savo,uni & Jukka,1,1,1,1,uni & Jukka (1),uni & Jukka (1)
Etelä-Savo,viipurivappu,1,1,1,1,viipurivappu (1),viipurivappu (1)
Harjumaa,Mary / Maria / Maarja / Mari,294,184,9,24,mari (133); Mari (114); Maarja (20); Maria (16); Maaria (6); Marike (2); marjukene (1); marjakene (1),mari (112); Mari (110); Maria (15); Maarja (15); marja (11); Maaria (7); marjuke (3); Marikene (2)
Harjumaa,God / Jumala / Jumal,268,188,15,25,jumal (74); Jumal (54); härra (50); herra (40); looja (22); isand (10); Looja (6); issand (3),jumal (67); härra (46); Jumal (44); herra (40); looja (16); isand (8); luoja (7); issand (6)
Harjumaa,John / Jaan / Jussi / Hans,181,101,13,25,Jaan (68); Hans (52); Ants (34); Juhan (6); Juss (5); Joan (5); Johannes (3); hans (2),Jaan (53); Hans (41); Ants (34); Hants (7); jaan (7); Juhan (6); Jussi (3); Hansu (3)
Harjumaa,Martin / Mart / Märt,131,41,12,12,Mart (63); mart (35); mard (19); Marti (3); mardi (3); mardid (2); Mardi (1); Mard (1),Mart (48); mart (36); mard (17); Marti (16); mardi (4); Mardi (2); Mard (2); mardid (2)
Harjumaa,Catherine / Kadri / Katri,129,23,9,9,Kadri (61); kadri (45); kadrike (9); kadr (5); Kadril (2); Kaie (2); Kai (2); kadril (2),Kadri (61); kadri (45); kadrikene (9); kadr (5); Kadril (2); Kaie (2); Kai (2); kadril (2)
Harjumaa,Anna / Anne / Ann / Anni,123,82,15,19,Anne (41); anne (37); Ann (21); Anna (8); Anni (5); Annake (2); Anna/and (1); ann (1),Anne (38); anne (28); Ann (22); Anna (7); and (5); Anni (5); annekene (3); anned (2)
Harjumaa,George / Jüri,78,46,3,7,Jüri (76); jüri (1),Jüri (61); Jürg (8); Juri (5); Jürgi (1); jüri_si_llä (1); Jürgisillä (1)
Harjumaa,Elizabeth / Liisa / Liisu / Elli,71,44,7,10,Liisu (49); Liisa (14); liisu (3); Liisakene (2); Elli (1); Liisuke (1); Liisul (1),Liisu (42); Liisa (14); liisu (4); liisud (3); liisakene (2); Liisul (2); liisult (1); Elli (1)
Harjumaa,Kalev / Kalervo,69,48,4,9,Kalev (55); kalev (11); kalkun (2); Kalevi (1),Kalev (41); Kalevi (11); kalev (11); kale (1); kalevil (1); Kalevine (1); kalevise (1); kalevine (1)
Harjumaa,Michael / Mikko / Mihkel,64,29,6,15,Mihkel (35); Mikk (17); mihkel (5); Miku (4); Migu (2); Mihel (1),Mihkel (23); Mikk (13); Mihk (6); mihkel (5); Miku (4); Mikku (3); Migu (2); Mihkli (1)
Harjumaa,Kai,45,27,1,4,Kai (45),Kai (35); Kaie (5); kaielt (3); Kaiele (2)
Harjumaa,Peter / Pietari / Peeter,45,33,4,11,Peeter (35); Peetrus (8); Peterburi (1); Pietari (1),Peeter (24); Peetrus (8); Pieter (4); Pietrus (2); Pietari (1); Peedari (1); Petraluis (1); Piedri (1)
Harjumaa,Mai,41,11,1,3,Mai (41),Mai (36); Maie (4); Maiega (1)
Harjumaa,Simon / Siim / Simo,41,10,1,3,Siim (41),Siim (35); Siimu (3); Siimo (3)
Harjumaa,Jesus / Christ,38,21,5,9,Jeesus (25); Kristus (6); Jesus (5); Iesus (1); Jeesukene (1),Jeesus (21); Jesus (5); kristus (3); Kristus (3); jiesus (2); Iesus (1); Jiesukene (1); Jeesukene (1)
Harjumaa,Thomas / Toomas / Tuomas,29,22,2,5,Toomas (24); Tuomas (5),Toomas (18); Tuomas (7); Tuoma (2); toomas (1); Tooma (1)
Harjumaa,Matthew / Matti,23,19,4,4,Mats (15); mats (6); Madis (1); Matsi (1),Mats (13); mats (6); Matsi (3); Madis (1)
Harjumaa,Tiiu,21,13,1,1,Tiiu (21),Tiiu (21)
Harjumaa,Kaie,19,13,1,1,Kaie (19),Kaie (19)
Harjumaa,Andrew / Antti,10,10,3,3,Andres (8); andres (1); Andrese+le (1),Andres (8); andres (1); Andrese+le (1)
Harjumaa,Jacob / Jaak / Jaakko,9,9,3,5,Jaak (7); Jaagup (1); Jaakob (1),Jaak (5); Jaagubi (1); Jaag (1); jaagu (1); Jaako (1)
Harjumaa,Joan,8,3,1,1,Joan (8),Joan (8)
Harjumaa,Maieke,8,1,1,1,Maieke (8),Maiekene (8)
Harjumaa,Eve / Eeva,7,3,1,1,Eeva (7),Eeva (7)
Harjumaa,Maie,7,5,1,1,Maie (7),Maie (7)
Harjumaa,Mampsel,7,3,1,2,Mampsel (7),Mampsel (4); mampsel (3)
Harjumaa,Judas / Juudas,6,6,2,3,Juudas (5); juudas (1),Juudas (4); juudas (1); Juuda (1)
Harjumaa,Leming,6,1,1,4,Leming (6),Leminge (2); Leming (2); Lemingäs (1); Lemingäne (1)
Harjumaa,mai,6,2,1,2,mai (6),maie (3); mai (3)
Harjumaa,Eedu,5,1,1,1,Eedu (5),Eedu (5)
Harjumaa,Kiiu,5,4,1,1,Kiiu (5),Kiiu (5)
Harjumaa,Kopa,5,1,1,1,Kopa (5),Kopa (5)
Harjumaa,Malle,5,4,1,2,Malle (5),Malle (4); mallelt (1)
Harjumaa,kaie,5,1,1,1,kaie (5),kaie (5)
Harjumaa,Ani,4,1,1,1,Ani (4),Ani (4)
Harjumaa,Henela,4,1,1,1,Henela (4),henelan (4)
Harjumaa,Kärtu,4,1,1,1,Kärtu (4),Kärtu (4)
Harjumaa,Lauri,4,4,1,1,Lauri (4),Lauri (4)
Harjumaa,Lemminkäinen,4,1,1,2,Lemminkäinen (4),Lemmingi (3); Lemming (1)
Harjumaa,Lilla,4,3,1,1,Lilla (4),Lilla (4)
Harjumaa,Mann,4,2,1,1,Mann (4),Mann (4)
Harjumaa,Ollender,4,2,1,2,Ollender (4),Ollender (3); Ollendri (1)
Harjumaa,Pihuvere,4,1,1,1,Pihuvere (4),Pihuvere (4)
Harjumaa,Rapu,4,1,1,1,Rapu (4),Rapu (4)
Harjumaa,Sarah / Saara,4,1,1,1,Saara (4),Saara (4)
Harjumaa,kai,4,2,1,1,kai (4),kai (4)
Harjumaa,Aabla,3,1,1,1,Aabla (3),Aabla (3)
Harjumaa,Antsu,3,2,1,1,Antsu (3),Antsu (3)
Harjumaa,Hants,3,1,1,1,Hants (3),Hants (3)
Harjumaa,Iedu,3,1,1,1,Iedu (3),Iedu (3)
Harjumaa,Iir,3,1,1,2,Iir (3),Iire (2); Iir (1)
Harjumaa,Kahala,3,2,1,2,Kahala (3),Kahal (2); Kahala (1)
Harjumaa,Kott,3,1,1,1,Kott (3),Koti (3)
Harjumaa,Kärt,3,3,1,1,Kärt (3),Kärt (3)
Harjumaa,Lällu,3,2,1,1,Lällu (3),Lällu (3)
Harjumaa,Madli,3,2,1,2,Madli (3),Madli (2); madli (1)
Harjumaa,Maim,3,1,1,1,Maim (3),Maim (3)
Harjumaa,Maitla,3,1,1,1,Maitla (3),Maitla (3)
Harjumaa,Mardi,3,2,1,1,Mardi (3),Mardi (3)
Harjumaa,Maret,3,2,1,1,Maret (3),Maret (3)
Harjumaa,Nirg,3,2,1,1,Nirg (3),Nirgi (3)
Harjumaa,Rae,3,3,1,1,Rae (3),Rae (3)
Harjumaa,Salme,3,3,1,1,Salme (3),Salme (3)
Harjumaa,Tarma,3,2,1,1,Tarma (3),Tarma (3)
Harjumaa,Uilsi,3,1,1,1,Uilsi (3),Uilsi (3)
Harjumaa,(proper noun),2,2,1,2,(proper noun) (2),Nirgi (1); (proper noun) (1)
Harjumaa,Andrus,2,1,1,1,Andrus (2),Andrus (2)
Harjumaa,Anija,2,1,1,1,Anija (2),Anija (2)
Harjumaa,Ants,2,2,1,2,Ants (2),Antsu (1); antsukene (1)
Harjumaa,Ell,2,1,1,1,Ell (2),Ellu (2)
Harjumaa,Elts,2,1,1,1,Elts (2),Eltse (2)
Harjumaa,Henry / Heikki,2,1,1,1,Hindrek (2),Hindrek (2)
Harjumaa,Ieru,2,1,1,1,Ieru (2),Ieru (2)
Harjumaa,Ilja,2,1,1,1,Ilja (2),Ilja (2)
Harjumaa,Jopp,2,1,1,1,Jopp (2),Jopp (2)
Harjumaa,Juuli,2,1,1,1,Juuli (2),Juuli (2)
Harjumaa,Kaarel,2,2,1,1,Kaarel (2),Kaarel (2)
Harjumaa,Kambi,2,1,1,1,Kambi (2),Kambi (2)
Harjumaa,Kartu,2,1,1,1,Kartu (2),Kartu (2)
Harjumaa,Kihmla,2,1,1,1,Kihmla (2),Kihmla (2)
Harjumaa,Kilu,2,2,1,1,Kilu (2),Kilu (2)
Harjumaa,Kimbela,2,2,1,1,Kimbela (2),Kimbela (2)
Harjumaa,Kodasoo,2,1,1,1,Kodasoo (2),Kodasoo (2)
Harjumaa,Kogu,2,1,1,1,Kogu (2),Kuog (2)
Harjumaa,Koisu,2,1,1,1,Koisu (2),Koisu (2)
Harjumaa,Kolga,2,2,1,1,Kolga (2),Kolga (2)
Harjumaa,Kurna,2,2,1,1,Kurna (2),Kurna (2)
Harjumaa,Lamm,2,1,1,1,Lamm (2),Lamm (2)
Harjumaa,Leena,2,1,1,1,Leena (2),Leena (2)
Harjumaa,Leenu,2,2,1,1,Leenu (2),Leenu (2)
Harjumaa,Leereland,2,1,1,1,Leereland (2),Leereland (2)
Harjumaa,Liberland,2,1,1,1,Liberland (2),Liberland (2)
Harjumaa,Lienu,2,1,1,1,Lienu (2),Lienu (2)
Harjumaa,Lihverland,2,1,1,2,Lihverland (2),Lihverlandi (1); Lihverlant (1)
Harjumaa,Luiste,2,1,1,1,Luiste (2),Luiste (2)
Harjumaa,Mahola,2,1,1,1,Mahola (2),Mahola (2)
Harjumaa,Mareta,2,2,1,1,Mareta (2),Mareta (2)
Harjumaa,Miiling,2,1,1,1,Miiling (2),Miiling (2)
Harjumaa,Miku,2,1,1,1,Miku (2),Miku (2)
Harjumaa,Muisi,2,1,1,1,Muisi (2),Muisi (2)
Harjumaa,Nikker,2,1,1,1,Nikker (2),Nikker (2)
Harjumaa,Nirgi,2,2,1,1,Nirgi (2),Nirgi (2)
Harjumaa,Oleviste,2,1,1,1,Oleviste (2),Oleviste (2)
Harjumaa,Ott,2,1,1,1,Ott (2),Oti (2)
Harjumaa,Paats,2,1,1,1,Paats (2),Paats (2)
Harjumaa,Paldiski,2,1,1,1,Paldiski (2),Paldiski (2)
Harjumaa,Peibes,2,1,1,1,Peibes (2),Peibes (2)
Harjumaa,Preever,2,1,1,1,Preever (2),Preever (2)
Harjumaa,Pukatsson,2,1,1,1,Pukatsson (2),Pukatssoo (2)
Harjumaa,Pundi,2,1,1,1,Pundi (2),Pundi (2)
Harjumaa,Punn,2,2,1,1,Punn (2),Punn (2)
Harjumaa,Põtrus,2,1,1,2,Põtrus (2),põtrusesse (1); põtrusesta (1)
Harjumaa,Pürje,2,2,1,1,Pürje (2),Pürje (2)
Harjumaa,Ravila,2,1,1,1,Ravila (2),Ravila (2)
Harjumaa,Rääbla,2,1,1,1,Rääbla (2),Rääbla (2)
Harjumaa,Siimu,2,1,1,1,Siimu (2),Siimu (2)
Harjumaa,Tarmaste,2,2,1,1,Tarmaste (2),Tarmaste (2)
Harjumaa,Tarmo,2,2,1,2,Tarmo (2),Tarmo (1); Tarma (1)
Harjumaa,Teppelmann,2,1,1,1,Teppelmann (2),Teppelmann (2)
Harjumaa,Ungur,2,1,1,1,Ungur (2),Ungur (2)
Harjumaa,Unt,2,2,1,1,Unt (2),Unt (2)
Harjumaa,Utregas,2,1,1,2,Utregas (2),Utregas (1); Utregane (1)
Harjumaa,Vaisi,2,1,1,1,Vaisi (2),Vaisi (2)
Harjumaa,Vinn,2,2,1,1,Vinn (2),Vinn (2)
Harjumaa,Visku,2,1,1,1,Visku (2),Visku (2)
Harjumaa,Zooru,2,1,1,1,Zooru (2),Zooru (2)
Harjumaa,lõõri,2,1,1,1,lõõri (2),lõõri (2)
Harjumaa,(unclear),1,1,1,1,(unclear) (1),Agudis (1)
Harjumaa,(unknown),1,1,1,1,(unknown) (1),Roodom (1)
Harjumaa,Aab,1,1,1,1,Aab (1),Aab (1)
Harjumaa,Aada,1,1,1,1,Aada (1),Aada (1)
Harjumaa,Aadu,1,1,1,1,Aadu (1),aadu (1)
Harjumaa,Abaja,1,1,1,1,Abaja (1),Abaja (1)
Harjumaa,Adu,1,1,1,1,Adu (1),Adu (1)
Harjumaa,Aki,1,1,1,1,Aki (1),Aki (1)
Harjumaa,Alavere,1,1,1,1,Alavere (1),Alavere (1)
Harjumaa,Aljava,1,1,1,1,Aljava (1),Aljava (1)
Harjumaa,Alliparra,1,1,1,1,Alliparra (1),Alliparra (1)
Harjumaa,Alutaguse,1,1,1,1,Alutaguse (1),Alutaguse (1)
Harjumaa,Ambel,1,1,1,1,Ambel (1),Ambel (1)
Harjumaa,Ambela,1,1,1,1,Ambela (1),Ambela (1)
Harjumaa,Ambelas,1,1,1,1,Ambelas (1),Ambelas (1)
Harjumaa,Andrese+l,1,1,1,1,Andrese+l (1),Andres+ks+l (1)
Harjumaa,Atla,1,1,1,1,Atla (1),Atla (1)
Harjumaa,Ats,1,1,1,1,Ats (1),Ats (1)
Harjumaa,Atsi,1,1,1,1,Atsi (1),Atsi (1)
Harjumaa,Burtne,1,1,1,1,Burtne (1),Burtne (1)
Harjumaa,Elmar,1,1,1,1,Elmar (1),elmari (1)
Harjumaa,Hagudi,1,1,1,1,Hagudi (1),Haki (1)
Harjumaa,Hallika+l,1,1,1,1,Hallika+l (1),Hallika+l (1)
Harjumaa,Hallika+le,1,1,1,1,Hallika+le (1),Hallika+le (1)
Harjumaa,Iida,1,1,1,1,Iida (1),Iida (1)
Harjumaa,Iide,1,1,1,1,Iide (1),Iie (1)
Harjumaa,Iire,1,1,1,1,Iire (1),Iire (1)
Harjumaa,Illi,1,1,1,1,Illi (1),Illi (1)
Harjumaa,Insu,1,1,1,1,Insu (1),Insu (1)
Harjumaa,Ips+l,1,1,1,1,Ips+l (1),Ips+l (1)
Harjumaa,Ips+le+gi,1,1,1,1,Ips+le+gi (1),Ips+le+gi (1)
Harjumaa,Jaagup,1,1,1,1,Jaagup (1),jaagop (1)
Harjumaa,Joagu,1,1,1,1,Joagu (1),Joagu (1)
Harjumaa,Joseph / Joosep,1,1,1,1,Joosep (1),Joosep (1)
Harjumaa,Juan,1,1,1,1,Juan (1),Juan (1)
Harjumaa,Junts,1,1,1,1,Junts (1),Junts (1)
Harjumaa,Juula,1,1,1,1,Juula (1),Juula (1)
Harjumaa,Jäss,1,1,1,1,Jäss (1),Jässi (1)
Harjumaa,Jüri Antsu,1,1,1,1,Jüri Antsu (1),jüriantsu (1)
Harjumaa,Jürisi,1,1,1,1,Jürisi (1),Jürisi (1)
Harjumaa,Kaageman,1,1,1,1,Kaageman (1),Kaageman (1)
Harjumaa,Kaagermann,1,1,1,1,Kaagermann (1),Kaagermann (1)
Harjumaa,Kalle,1,1,1,1,Kalle (1),Kalle (1)
Harjumaa,Katrina,1,1,1,1,Katrina (1),Katrina (1)
Harjumaa,Kava,1,1,1,1,Kava (1),Kava (1)
Harjumaa,Kehra,1,1,1,1,Kehra (1),Kehra (1)
Harjumaa,Keigela,1,1,1,1,Keigela (1),Keigela (1)
Harjumaa,Kert,1,1,1,1,Kert (1),Kert (1)
Harjumaa,Kilk,1,1,1,1,Kilk (1),Kilk (1)
Harjumaa,Kilsi,1,1,1,1,Kilsi (1),Kilsi (1)
Harjumaa,Kilter,1,1,1,1,Kilter (1),Kilter (1)
Harjumaa,Kimbalu,1,1,1,1,Kimbalu (1),Kimbalu (1)
Harjumaa,Kissi,1,1,1,1,Kissi (1),Kissi (1)
Harjumaa,Kivit,1,1,1,1,Kivit (1),Kivit (1)
Harjumaa,Koka+l,1,1,1,1,Koka+l (1),Koka+l (1)
Harjumaa,Koka+le+gi,1,1,1,1,Koka+le+gi (1),Koka+le+gi (1)
Harjumaa,Kolju,1,1,1,1,Kolju (1),Kolju (1)
Harjumaa,Koovit,1,1,1,1,Koovit (1),Koovit (1)
Harjumaa,Kotilt,1,1,1,1,Kotilt (1),Kotilt (1)
Harjumaa,Lagedi,1,1,1,1,Lagedi (1),Lagedi (1)
Harjumaa,Lambris,1,1,1,1,Lambris (1),Lambris (1)
Harjumaa,Lamre,1,1,1,1,Lamre (1),lamre (1)
Harjumaa,Laun,1,1,1,1,Laun (1),Laun (1)
Harjumaa,Lauri+l,1,1,1,1,Lauri+l (1),Lauri+l (1)
Harjumaa,Lauri+le+gi,1,1,1,1,Lauri+le+gi (1),Lauri+le+gi (1)
Harjumaa,Leane,1,1,1,1,Leane (1),Leane (1)
Harjumaa,Liias,1,1,1,1,Liias (1),Liias (1)
Harjumaa,Liiso,1,1,1,1,Liiso (1),Liiso (1)
Harjumaa,Lilli,1,1,1,1,Lilli (1),Lilli (1)
Harjumaa,Lilli+l,1,1,1,1,Lilli+l (1),Lilli+l (1)
Harjumaa,Lilli+le+gi,1,1,1,1,Lilli+le+gi (1),Lilli+le+gi (1)
Harjumaa,Lõu,1,1,1,1,Lõu (1),Lõu (1)
Harjumaa,Madida,1,1,1,1,Madida (1),Madida (1)
Harjumaa,Malla,1,1,1,1,Malla (1),Malla (1)
Harjumaa,Mardu,1,1,1,1,Mardu (1),Mardu (1)
Harjumaa,Marisi,1,1,1,1,Marisi (1),Marisi (1)
Harjumaa,Mihe,1,1,1,1,Mihe (1),Mihe (1)
Harjumaa,Moisina,1,1,1,1,Moisina (1),Moisina (1)
Harjumaa,Munni,1,1,1,1,Munni (1),Munni (1)
Harjumaa,Muusi,1,1,1,1,Muusi (1),Muusi (1)
Harjumaa,Nabra,1,1,1,1,Nabra (1),Nabra (1)
Harjumaa,Nipitiri,1,1,1,1,Nipitiri (1),Nipitiri (1)
Harjumaa,Näu,1,1,1,1,Näu (1),Näu (1)
Harjumaa,Ode,1,1,1,1,Ode (1),Ode (1)
Harjumaa,Oisu,1,1,1,1,Oisu (1),Oisu (1)
Harjumaa,Olga,1,1,1,1,Olga (1),olga (1)
Harjumaa,Ollas,1,1,1,1,Ollas (1),Ollas (1)
Harjumaa,Otsa+l,1,1,1,1,Otsa+l (1),Otsa+l (1)
Harjumaa,Otsa+le+gi,1,1,1,1,Otsa+le+gi (1),Otsa+le+gi (1)
Harjumaa,Ottu,1,1,1,1,Ottu (1),Ottu (1)
Harjumaa,Palvere,1,1,1,1,Palvere (1),Palvere (1)
Harjumaa,Paulus,1,1,1,1,Paulus (1),Paulus (1)
Harjumaa,Peibis,1,1,1,1,Peibis (1),Peibis (1)
Harjumaa,Pening,1,1,1,1,Pening (1),Pening (1)
Harjumaa,Peningi,1,1,1,1,Peningi (1),Peningi (1)
Harjumaa,Peterburi,1,1,1,1,Peterburi (1),Peterburi (1)
Harjumaa,Piia,1,1,1,1,Piia (1),Piia (1)
Harjumaa,Pirit,1,1,1,1,Pirit (1),Pirit (1)
Harjumaa,Pistli,1,1,1,1,Pistli (1),Pistli (1)
Harjumaa,Proper name,1,1,1,1,Proper name (1),Pasli (1)
Harjumaa,Puiste,1,1,1,1,Puiste (1),Puiste (1)
Harjumaa,Pull,1,1,1,1,Pull (1),Pulli (1)
Harjumaa,Punni,1,1,1,1,Punni (1),Punni (1)
Harjumaa,Puntsu,1,1,1,1,Puntsu (1),Puntsu (1)
Harjumaa,Purika+l,1,1,1,1,Purika+l (1),Purika+l (1)
Harjumaa,Purika+le,1,1,1,1,Purika+le (1),Purika+le (1)
Harjumaa,Puts,1,1,1,1,Puts (1),Puts (1)
Harjumaa,Pälg,1,1,1,1,Pälg (1),Pälg (1)
Harjumaa,Päärn,1,1,1,1,Päärn (1),Pearn (1)
Harjumaa,Pürg,1,1,1,1,Pürg (1),Pürg (1)
Harjumaa,Pürjend,1,1,1,1,Pürjend (1),Pürjend (1)
Harjumaa,Pürjendi,1,1,1,1,Pürjendi (1),Pürjendi (1)
Harjumaa,Rein,1,1,1,1,Rein (1),reinu (1)
Harjumaa,Riinu,1,1,1,1,Riinu (1),Riinu (1)
Harjumaa,Saima,1,1,1,1,Saima (1),Saima (1)
Harjumaa,Sarepere,1,1,1,1,Sarepere (1),sarepere (1)
Harjumaa,Sau,1,1,1,1,Sau (1),Sau (1)
Harjumaa,Saust,1,1,1,1,Saust (1),Saust (1)
Harjumaa,Sedi,1,1,1,1,Sedi (1),Sedi (1)
Harjumaa,Setu,1,1,1,1,Setu (1),Setu (1)
Harjumaa,Sigula,1,1,1,1,Sigula (1),Sigula (1)
Harjumaa,Singsongati (name),1,1,1,1,Singsongati (name) (1),singsongati (proper noun) (1)
Harjumaa,Sini,1,1,1,1,Sini (1),Sini (1)
Harjumaa,Sinisalu,1,1,1,1,Sinisalu (1),Sinisalu (1)
Harjumaa,Sipu,1,1,1,1,Sipu (1),Sipu (1)
Harjumaa,Suli,1,1,1,1,Suli (1),Suli (1)
Harjumaa,Taara,1,1,1,1,Taara (1),taara (1)
Harjumaa,Tabanika,1,1,1,1,Tabanika (1),Tabanika (1)
Harjumaa,Taku,1,1,1,1,Taku (1),Taku (1)
Harjumaa,Tapani,1,1,1,1,Tapani (1),Tabani (1)
Harjumaa,Tarm,1,1,1,1,Tarm (1),Tarm (1)
Harjumaa,Till,1,1,1,1,Till (1),Till (1)
Harjumaa,Tooma,1,1,1,1,Tooma (1),Tooma (1)
Harjumaa,Toora,1,1,1,1,Toora (1),Toora (1)
Harjumaa,Tua-Jaani,1,1,1,1,Tua-Jaani (1),Tua-Jaani (1)
Harjumaa,Tudulinna,1,1,1,1,Tudulinna (1),Tudulinna (1)
Harjumaa,Tulli,1,1,1,1,Tulli (1),Tulli (1)
Harjumaa,Tuud,1,1,1,1,Tuud (1),Tuud (1)
Harjumaa,Tuudi,1,1,1,1,Tuudi (1),Tuudi (1)
Harjumaa,Tõnikse,1,1,1,1,Tõnikse (1),Tõnikse (1)
Harjumaa,Ubaris,1,1,1,1,Ubaris (1),Ubaris (1)
Harjumaa,Ukko,1,1,1,1,ukko (1),uekane (1)
Harjumaa,Uku,1,1,1,1,Uku (1),uku (1)
Harjumaa,Urepere,1,1,1,1,Urepere (1),urepere (1)
Harjumaa,Vaeda,1,1,1,1,Vaeda (1),Vaeda (1)
Harjumaa,Vainu,1,1,1,1,Vainu (1),Vainu (1)
Harjumaa,Varepere,1,1,1,1,Varepere (1),varepere (1)
Harjumaa,Vihu,1,1,1,1,Vihu (1),Vihu (1)
Harjumaa,Viila,1,1,1,1,Viila (1),Viila (1)
Harjumaa,Viinistu,1,1,1,1,Viinistu (1),Viinistu (1)
Harjumaa,Viiu,1,1,1,1,Viiu (1),Viiu (1)
Harjumaa,Viktor,1,1,1,1,Viktor (1),Vikel (1)
Harjumaa,Vilist,1,1,1,1,Vilist (1),Vilist (1)
Harjumaa,Vinni,1,1,1,1,Vinni (1),Vinni (1)
Harjumaa,Voadu,1,1,1,1,Voadu (1),Voadu (1)
Harjumaa,Volku,1,1,1,1,Volku (1),Volku (1)
Harjumaa,Vuase,1,1,1,1,Vuase (1),Vuase (1)
Harjumaa,Väinämöinen,1,1,1,1,Väinämöinen (1),vänämöinen (1)
Harjumaa,ilja,1,1,1,1,ilja (1),ilja (1)
Harjumaa,jaanike,1,1,1,1,jaanike (1),jaanikene (1)
Harjumaa,jaanikene,1,1,1,1,jaanikene (1),jaanikene (1)
Harjumaa,joanike,1,1,1,1,joanike (1),joanikene (1)
Harjumaa,junts,1,1,1,1,junts (1),junts (1)
Harjumaa,kadrikene,1,1,1,1,kadrikene (1),kadrikene (1)
Harjumaa,kruus,1,1,1,1,kruus (1),Vitt (1)
Harjumaa,leena,1,1,1,1,leena (1),leenukene (1)
Harjumaa,lemmerguseks,1,1,1,1,lemmerguseks (1),lemmergüne (1)
Harjumaa,liisike,1,1,1,1,liisike (1),liisikene (1)
Harjumaa,mardike,1,1,1,1,mardike (1),mardikene (1)
Harjumaa,musk,1,1,1,1,musk (1),musku (1)
Harjumaa,nimi,1,1,1,1,nimi (1),nimi (1)
Harjumaa,tõnumard,1,1,1,1,tõnumard (1),tõnumard (1)
Harjumaa,uku,1,1,1,1,uku (1),uku (1)
Harjumaa,vii,1,1,1,1,vii (1),vii (1)
Harjumaa,Äivere,1,1,1,1,Äivere (1),Äivere (1)
Harjumaa,Ärle+l,1,1,1,1,Ärle+l (1),Ärle+pil (1)
Harjumaa,Ärle+le,1,1,1,1,Ärle+le (1),Ärle+pille (1)
Harjumaa,Ärmu,1,1,1,1,Ärmu (1),ärmu (1)
Häme,Nicholas / Nikka / Klaus,214,61,6,5,Nikka (180); Nikko (12); Niko (9); Nikodemus (7); nikka (5); Nikolaus (1),Nikka (194); Nikko (13); nikka (5); Nikolaus (1); Nikan (1)
Häme,God / Jumala / Jumal,192,152,9,26,herra (90); Herra (37); Jumala (36); jumala (16); luoja (8); Luoja (2); Jumala-lle (1); Jumalan (1),herra (80); Herra (33); Jumala (29); jumala (16); luoja (6); herran (3); Herra-n (2); Luoja (2)
Häme,Jesus / Christ,158,115,6,24,Jeesus (102); Jesus (39); Kristus (13); Jeesuksen (2); kristitty (1); kristillinen (1),Jesus (58); Jeesus (46); Jessus (14); Kristus (10); Jeesu (4); Jiesus (4); Ristus (2); Kiesus (2)
Häme,Mary / Maria / Maarja / Mari,152,123,6,17,Maija (60); Maria (47); Maaria (38); maija (3); Mari (3); Marja (1),Maija (53); Maaria (49); Maria (25); maija (8); Maarian (3); maarian (2); Marii (2); Mari (1)
Häme,John / Jaan / Jussi / Hans,117,98,4,6,Jussi (113); Juhani (2); Johannes (1); Jussi (name) (1),Jussi (111); Juhani (2); Johannes (1); Jussi(n) (1); Jassi (1); Jussille (1)
Häme,Henry / Heikki,107,76,4,7,Heikki (99); Henrik (6); hippaheikki (1); Heikin (1),Heikki (96); Henrikki-lle (3); Heikin (3); Henrikki (2); Heinirikki (1); hekkeli (1); hippaheikki (1)
Häme,Matthew / Matti,96,83,5,7,Matti (88); matti (4); matilla (2); matto (1); mätti (1),Matti (84); matti (7); matilla (1); Matista (1); mato (1); matill (1); mätti (1)
Häme,Michael / Mikko / Mihkel,63,55,2,3,Mikko (62); Mikon (1),Mikko (55); Mikkel (6); Mikon (2)
Häme,Ukko,62,54,2,4,ukko (49); Ukko (13),ukko (45); Ukko (14); ukki (2); ukku (1)
Häme,Peter / Pietari / Peeter,55,53,3,8,Pietari (44); Pekka (9); Perttu (2),Pietari (32); Pekka (9); Piatari (6); Pietar (3); Perttu (2); pietari (1); Piete (1); Ptruus (1)
Häme,Andrew / Antti,52,49,1,2,Antti (52),Antti (51); annu (1)
Häme,Thomas / Toomas / Tuomas,42,37,2,5,Tuomas (40); Tuomaan (2),Tuomas (30); Tuamas (9); Tuomaa (1); Tuamass (1); Tuomahan (1)
Häme,Tuuri,42,41,1,3,Tuuri (42),Tuuri (37); Tuurin (4); tuuri (1)
Häme,Anna / Anne / Ann / Anni,34,32,6,12,Anni (22); Anna (7); Annika (2); anni (1); Annikki (1); Annikainen (1),Anni (17); Anna (6); Annikainen (2); anike (1); anni(n) (1); Annikki (1); Annu (1); anikka (1)
Häme,Kaija,27,25,1,4,Kaija (27),Kaija (24); kaija (1); Kaija (part) (1); Kaijaa (1)
Häme,Elizabeth / Liisa / Liisu / Elli,23,16,3,3,Liisa (14); Elli (8); Elina (1),Liisa (14); Elli (8); Elina (1)
Häme,Kalle,21,18,1,2,Kalle (21),Kalle (20); kalle (1)
Häme,Esko,19,19,1,3,Esko (19),Esko (10); Eskon (7); eskon (2)
Häme,Tuoni,19,17,3,7,Tuoni (11); tuoni (6); Tuonen (2),tuoni (5); Tuuri (5); Tuonen (4); Tuoni (2); Tuanen (1); Tuurin (1); tuone (1)
Häme,Alli,17,13,1,2,Alli (17),Alli (16); Alli (gen) (1)
Häme,Catherine / Kadri / Katri,17,17,4,4,Kaisa (13); Katariina (2); kaisa (1); Kaari (1),Kaisa (13); Katariina (2); kaisaa (1); kaari (1)
Häme,Kirsti,15,13,1,2,Kirsti (15),Kirsti (14); Kirssti (1)
Häme,Letty,13,3,1,1,Letty (13),Letty (13)
Häme,Killi,10,5,1,1,Killi (10),Killi (10)
Häme,Lalli,9,2,1,2,Lalli (9),Lalli (8); Lalli-n (1)
Häme,Akkeli,8,8,1,2,Akkeli (8),Akkeli (7); akkeli (1)
Häme,Akkeri,8,8,1,3,Akkeri (8),Akkeri (6); Akkerin (1); Akkeri (gen) (1)
Häme,Väinämöinen,8,4,1,2,Väinämöinen (8),Väinämöinen (7); väinämöinen (1)
Häme,(proper noun),7,4,1,5,(proper noun) (7),Mag (2); Daleena (2); Ridvala (1); Lullaa (1); Aakan (1)
Häme,George / Jüri,7,3,1,3,Yrjö (7),Yrjänä (4); yrjänä (2); Yrjö (1)
Häme,Huis,7,7,1,1,Huis (7),Huis (7)
Häme,Nuutti,7,7,1,1,Nuutti (7),Nuutti (7)
Häme,nimi,7,4,1,1,nimi (7),nimi (7)
Häme,Eve / Eeva,6,6,2,4,Eeva (4); aatto (2),Eeva (2); aatto (2); jeva (1); ieva (1)
Häme,Tapani,6,6,1,1,Tapani (6),Tapani (6)
Häme,Halli,5,5,1,2,Halli (5),Halli (4); hallim (1)
Häme,Hätilä,5,3,1,1,Hätilä (5),Hätilä (5)
Häme,Kuokkala,5,3,1,1,Kuokkala (5),Kuokkala (5)
Häme,Lauri,5,3,1,1,Lauri (5),Lauri (5)
Häme,Otto,5,5,1,2,Otto (5),Otto (4); Otto (name) (1)
Häme,Paakari,5,5,1,1,Paakari (5),Paakari (5)
Häme,Sarah / Saara,5,4,1,2,Saara (5),Saara (4); saaraa (1)
Häme,nuutti,5,5,1,1,nuutti (5),nuutti (5)
Häme,Akeri,4,4,1,2,Akeri (4),Akkeri (3); Akerin (1)
Häme,Eeli,4,4,1,3,Eeli (4),Eelin (2); eelin (1); eeli (1)
Häme,Ilkka,4,1,1,1,Ilkka (4),Ilkka (4)
Häme,Mellola,4,2,1,1,Mellola (4),Mellola (4)
Häme,Näppinen,4,3,1,1,Näppinen (4),Näppinen (4)
Häme,Ruatus,4,2,1,1,Ruatus (4),Ruatus (4)
Häme,Taneli,4,2,1,1,Taneli (4),Taneli (4)
Häme,Tapio,4,4,1,2,Tapio (4),Tapio (3); Tapio+lasta (1)
Häme,Ulla,4,3,1,1,Ulla (4),Ulla (4)
Häme,kaija,4,4,1,2,kaija (4),kaija (3); Kaija (1)
Häme,Ellen,3,3,1,1,Ellen (3),Ellen (3)
Häme,Elsa,3,3,1,1,Elsa (3),Elsa (3)
Häme,Erkki,3,3,1,1,Erkki (3),Erkki (3)
Häme,Heikkilä,3,2,1,1,Heikkilä (3),Heikkilä (3)
Häme,Inkeri,3,3,1,1,Inkeri (3),Inkeri (3)
Häme,Kerkkola,3,3,1,2,Kerkkola (3),Kerkkola (2); Kerkkola (+ -han) (1)
Häme,Killa,3,1,1,1,Killa (3),killa (3)
Häme,Korri,3,3,1,1,Korri (3),Korri (3)
Häme,Kuakkala,3,2,1,1,Kuakkala (3),Kuakkala (3)
Häme,Kuappala,3,2,1,1,Kuappala (3),Kuappala (3)
Häme,Lassi,3,3,1,1,Lassi (3),Lassi (3)
Häme,Manta,3,2,1,1,Manta (3),Manta (3)
Häme,Manu,3,2,1,1,Manu (3),Manu (3)
Häme,Myyri,3,1,1,1,Myyri (3),Myyri (3)
Häme,Nalli,3,3,1,1,Nalli (3),Nalli (3)
Häme,Simon / Siim / Simo,3,3,2,2,Simo (2); simo (1),Simo (2); simo (1)
Häme,Taappola,3,3,1,1,Taappola (3),Taappola (3)
Häme,Touru,3,3,1,1,Touru (3),Touru (3)
Häme,nuuti,3,1,1,1,nuuti (3),nuuti (3)
Häme,pihkaheikki,3,3,1,2,pihkaheikki (3),pihkaheikki (gen) (2); pihkaheikki (1)
Häme,Aatami,2,2,1,2,Aatami (2),Aatami (1); aatam (1)
Häme,Ainu,2,2,1,1,Ainu (2),Ainu (2)
Häme,Eerik,2,1,1,2,Eerik (2),Heerik (1); leerik (1)
Häme,Eerikki,2,1,1,1,Eerikki (2),Eerikki (2)
Häme,Halitu,2,1,1,1,Halitu (2),Halitu (2)
Häme,Halituli,2,2,1,1,Halituli (2),Halituli (2)
Häme,Hippa-Heikki,2,2,1,2,Hippa-Heikki (2),Hippa-Heikin (1); Hippa-Heikki (1)
Häme,Humma,2,1,1,1,Humma (2),Humma (2)
Häme,Hussan,2,2,1,1,Hussan (2),Hussan (2)
Häme,Hytelä,2,1,1,1,Hytelä (2),Hytelä (2)
Häme,Hyty,2,1,1,2,Hyty (2),Hyty-lie (1); Hyty-län (1)
Häme,Ilmarinen,2,1,1,1,Ilmarinen (2),Ilmarinen (2)
Häme,Ilmola,2,1,1,1,Ilmola (2),Ilmola (2)
Häme,Jacob / Jaak / Jaakko,2,1,1,1,Jaakko (2),Jaakko (2)
Häme,Jordan,2,2,1,1,Jordan (2),Jordan (2)
Häme,Kassari,2,2,1,1,Kassari (2),Kassari (2)
Häme,Koiska,2,1,1,1,Koiska (2),Koiska (2)
Häme,Kuittila,2,2,1,1,Kuittila (2),Kuittila (2)
Häme,Laara,2,2,1,2,Laara (2),laaraa (1); Laara (1)
Häme,Lalmanti,2,1,1,1,Lalmanti (2),Lalmanti (2)
Häme,Lilja,2,1,1,1,Lilja (2),Lilja (2)
Häme,Martin / Mart / Märt,2,2,1,2,Martti (2),Martin (1); Martti (1)
Häme,N,2,1,1,1,N (2),N (2)
Häme,N.N.,2,1,1,1,N.N. (2),N. (2)
Häme,Ninni,2,2,1,1,Ninni (2),Ninni (2)
Häme,Paara,2,1,1,1,Paara (2),Paara (2)
Häme,Perttula,2,2,1,1,Perttula (2),Perttula (2)
Häme,Pihka-Heikki,2,2,1,1,Pihka-Heikki (2),Pihka-Heikki (2)
Häme,Piipari,2,1,1,1,Piipari (2),Piipari (2)
Häme,Pirita,2,1,1,1,Pirita (2),Pirita (2)
Häme,Pukkela,2,1,1,2,Pukkela (2),Pukkela (1); Pukkelas (1)
Häme,Tauno,2,2,1,2,Tauno (2),Taunon (1); Tauno+n (1)
Häme,Topelius,2,2,1,1,Topelius (2),Topelius (2)
Häme,Torkko,2,2,1,1,Torkko (2),Torkko (2)
Häme,Valpuri,2,1,1,1,Valpuri (2),Valpuri (2)
Häme,Vappu,2,2,1,1,Vappu (2),Vappu (2)
Häme,Vilho,2,2,1,1,Vilho (2),Vilho (2)
Häme,nimetön,2,2,1,2,nimetön (2),nimetön (1); nimettömä (1)
Häme,pihka & Heikki,2,2,1,2,pihka & Heikki (2),pihka & Heikki (gen) (1); pihka & Heikki (1)
Häme,puli,2,1,1,1,puli (2),puli (2)
Häme,tikka,2,2,1,1,tikka (2),tikka (2)
Häme,tilli,2,2,1,1,tilli (2),tilli (2)
Häme,(name),1,1,1,1,(name) (1),Jouru (1)
Häme,Aakali,1,1,1,1,Aakali (1),Aakali (1)
Häme,Aakeri,1,1,1,1,Aakeri (1),Aakeri (1)
Häme,Aarikka,1,1,1,1,Aarikka (1),Aarikan (1)
Häme,Ahti,1,1,1,1,Ahti (1),aatto (1)
Häme,Aino,1,1,1,1,Aino (1),Aino (1)
Häme,Alleri,1,1,1,1,Alleri (1),Alleri (1)
Häme,Anderseeni,1,1,1,1,Anderseeni (1),Anderseeni (1)
Häme,Andersseni,1,1,1,1,Andersseni (1),Andersseeni (1)
Häme,Anninkainen,1,1,1,1,Anninkainen (1),Anninkainen (1)
Häme,Appila (hypothetical),1,1,1,1,Appila (hypothetical) (1),Appila (nom.) (1)
Häme,Assin Kaija,1,1,1,1,Assin Kaija (1),assin kaijaa (1)
Häme,Aukusti?,1,1,1,1,Aukusti? (1),Akkeli (1)
Häme,Eeli (proper name),1,1,1,1,,eeli (1)
Häme,Elias / Eljas,1,1,1,1,Elias (1),Elias (1)
Häme,Eskon,1,1,1,1,Eskon (1),Eskon (1)
Häme,Haituli,1,1,1,1,Haituli (1),Haituli (1)
Häme,Hakkila,1,1,1,1,Hakkila (1),Hakkila (1)
Häme,Hali,1,1,1,1,Hali (1),Hali (1)
Häme,Hannu,1,1,1,1,Hannu (1),hannun (1)
Häme,Harri,1,1,1,1,Harri (1),Harri (1)
Häme,Hati,1,1,1,1,Hati (1),Hati (1)
Häme,Helen,1,1,1,1,Helen (1),Ellen (1)
Häme,Helena,1,1,1,1,Helena (1),Ellen (1)
Häme,Helssa,1,1,1,1,Helssa (1),Helssa (1)
Häme,Hemmo,1,1,1,1,Hemmo (1),Hemma+n (1)
Häme,Henttu,1,1,1,1,Henttu (1),Henttu (1)
Häme,Herman,1,1,1,1,Herman (1),Hermann (1)
Häme,Hintta,1,1,1,1,Hintta (1),Hintta (1)
Häme,Hippa,1,1,1,1,Hippa (1),Hippa (1)
Häme,Holmistei,1,1,1,1,Holmistei (1),Holmistei (1)
Häme,Huis (proper noun),1,1,1,1,Huis (proper noun) (1),Huis (1)
Häme,Huit,1,1,1,1,Huit (1),Huit (1)
Häme,Hulda,1,1,1,1,Hulda (1),Hulta (1)
Häme,Humppu,1,1,1,1,Humppu (1),Humppu (1)
Häme,Humppu (proper noun),1,1,1,1,Humppu (proper noun) (1),Humppu (1)
Häme,Huntila,1,1,1,1,Huntila (1),Huntila (1)
Häme,Huntti (name),1,1,1,1,Huntti (name) (1),Huntti (1)
Häme,Huttula,1,1,1,1,Huttula (1),Huttula (1)
Häme,Hämäläinen,1,1,1,1,Hämäläinen (1),Hämäläinen (1)
Häme,Ilmoila,1,1,1,1,Ilmoila (1),Ilmoila (1)
Häme,Ilmoilan,1,1,1,1,Ilmoilan (1),Ilmoila+n (1)
Häme,Iso-Evo,1,1,1,1,Iso-Evo (1),Iso-Evo (1)
Häme,Israel,1,1,1,1,Israel (1),Israjelin (1)
Häme,Jaakkola,1,1,1,1,Jaakkola (1),Jaakkola (1)
Häme,Jukola,1,1,1,1,Jukola (1),Jukola (1)
Häme,Julliskoukku,1,1,1,1,Julliskoukku (1),Julliskoukku (1)
Häme,Juttila,1,1,1,1,Juttila (1),Juttila (1)
Häme,Kalle/kallis,1,1,1,1,Kalle/kallis (1),Kalle (1)
Häme,Kangaskaija,1,1,1,1,Kangaskaija (1),Kangaskaija (1)
Häme,Kanniainen,1,1,1,1,Kanniainen (1),Kanniainen (1)
Häme,Kare,1,1,1,1,Kare (1),Kare (1)
Häme,Karpio,1,1,1,1,Karpio (1),Karpio (1)
Häme,Karto,1,1,1,1,Karto (1),Kartin (1)
Häme,Katja/Kaisa,1,1,1,1,Katja/Kaisa (1),Kaija (1)
Häme,Kerttu,1,1,1,1,Kerttu (1),Kerttu (1)
Häme,Kiillo,1,1,1,1,Kiillo (1),Kiillo-n (1)
Häme,Kinnari,1,1,1,1,Kinnari (1),Kinnari (1)
Häme,Kinniainen,1,1,1,1,Kinniainen (1),Kinniainen (1)
Häme,Kirstinen,1,1,1,1,Kirstinen (1),Kirstinen (1)
Häme,Kola,1,1,1,1,Kola (1),Kola (1)
Häme,Kraatali,1,1,1,1,Kraatali (1),Kraatali (1)
Häme,Kukkola,1,1,1,1,Kukkola (1),Kukkola (1)
Häme,Kupittaa,1,1,1,1,Kupittaa (1),Kupittaa (1)
Häme,Kuppari-Kirsti,1,1,1,1,Kuppari-Kirsti (1),Kuppari-Kirsti (1)
Häme,Kurtti,1,1,1,1,Kurtti (1),Kurtin (1)
Häme,Kuti,1,1,1,1,Kuti (1),Kuti (1)
Häme,Laaru,1,1,1,1,Laaru (1),Laaru (1)
Häme,Laati,1,1,1,1,Laati (1),laati (1)
Häme,Lahre,1,1,1,1,Lahre (1),Lahre (1)
Häme,Leuna,1,1,1,1,Leuna (1),Leuna (1)
Häme,Liaru,1,1,1,1,Liaru (1),Liaru (1)
Häme,Lieru,1,1,1,1,Lieru (1),Lieru (1)
Häme,Lättilä,1,1,1,1,Lättilä (1),Lättilä (1)
Häme,Maisa,1,1,1,1,Maisa (1),Maisa (1)
Häme,Markkula,1,1,1,1,Markkula (1),Markkula (1)
Häme,Martti,1,1,1,1,Martti (1),Martti (1)
Häme,Matikka,1,1,1,1,Matikka (1),Matikka (1)
Häme,Mierola,1,1,1,1,Mierola (1),Mierola (1)
Häme,Mikki,1,1,1,1,Mikki (1),Mikki (1)
Häme,Monikkala,1,1,1,1,Monikkala (1),Monikkala (1)
Häme,Mämmilä,1,1,1,1,Mämmilä (1),Mämmilä (1)
Häme,N.N.:tä,1,1,1,1,N.N.:tä (1),N:ää (1)
Häme,Naatu,1,1,1,1,Naatu (1),Naatu (1)
Häme,Nanna,1,1,1,1,Nanna (1),Nanna (1)
Häme,Niitu,1,1,1,1,Niitu (1),Niitu (1)
Häme,Nippinen,1,1,1,1,Nippinen (1),Nippinen (1)
Häme,Närä (proper noun),1,1,1,1,Närä (proper noun) (1),närä (1)
Häme,Okkola,1,1,1,1,Okkola (1),okkolaŋ (1)
Häme,Osmo,1,1,1,1,Osmo (1),Osmo (1)
Häme,Paakkari,1,1,1,1,Paakkari (1),Paakkari (1)
Häme,Palvolass,1,1,1,1,Palvolass (1),Palvolass (1)
Häme,Parikka,1,1,1,1,Parikka (1),Parikka (1)
Häme,Pekko-selkä,1,1,1,1,Pekko-selkä (1),pekko-selkä (1)
Häme,Pentti,1,1,1,1,Pentti (1),Penti (1)
Häme,Perttu,1,1,1,1,Perttu (1),Perttu (1)
Häme,Pieti,1,1,1,1,Pieti (1),Piete (1)
Häme,Piikki-Heikki,1,1,1,1,Piikki-Heikki (1),Piikki-Heikki (1)
Häme,Pirkko,1,1,1,1,Pirkko (1),Pirko (1)
Häme,Pispa,1,1,1,1,Pispa (1),Pispa (1)
Häme,Pokki,1,1,1,1,Pokki (1),Pokki (1)
Häme,Prunkkala,1,1,1,1,Prunkkala (1),Prunkkala (1)
Häme,Pulkki,1,1,1,1,Pulkki (1),Pulkki (1)
Häme,Punnus,1,1,1,1,Punnus (1),Punnus (1)
Häme,Päijänne,1,1,1,1,Päijänne (1),Päijänne (1)
Häme,Reetta,1,1,1,1,Reetta (1),Reetta (1)
Häme,Reija,1,1,1,1,Reija (1),Reija+n (1)
Häme,Rikki,1,1,1,1,Rikki (1),Rikki (1)
Häme,Runkkala,1,1,1,1,Runkkala (1),Runkkala (1)
Häme,Ruotus,1,1,1,1,Ruotus (1),Ruotus (1)
Häme,Rutja,1,1,1,1,Rutja (1),Rutja (1)
Häme,Räiskäs-Matti,1,1,1,1,Räiskäs-Matti (1),räiskäsmatti (1)
Häme,Santeri,1,1,1,1,Santeri (1),Santeri (1)
Häme,Sasse,1,1,1,1,Sasse (1),sasse (1)
Häme,Satu,1,1,1,1,Satu (1),Satu (1)
Häme,Savo,1,1,1,1,Savo (1),Savo (1)
Häme,Seppälä,1,1,1,1,Seppälä (1),Seppälä (1)
Häme,Siiri,1,1,1,1,Siiri (1),Siiri (1)
Häme,Sinetin,1,1,1,1,Sinetin (1),Sinetin (1)
Häme,Sirkkala,1,1,1,1,Sirkkala (1),Sirkkala (1)
Häme,Siunala,1,1,1,1,Siunala (1),Siunala (1)
Häme,Sukki,1,1,1,1,Sukki (1),Sukki (1)
Häme,Sulo,1,1,1,1,Sulo (1),Sulo (1)
Häme,Taala,1,1,1,1,Taala (1),Taala (1)
Häme,Taavetti,1,1,1,1,Taavetti (1),taavet (1)
Häme,Tanja,1,1,1,1,Tanja (1),tanikka (1)
Häme,Tapaninpäivä,1,1,1,1,Tapaninpäivä (1),Tapaninpäivä (1)
Häme,Tappola,1,1,1,1,Tappola (1),Taappola (+ -han) (1)
Häme,Teemu,1,1,1,1,Teemu (1),Teemu (1)
Häme,Tii,1,1,1,1,Tii (1),Tii (1)
Häme,Tiina,1,1,1,1,Tiina (1),Tiina (1)
Häme,Till,1,1,1,1,Till (1),Till (1)
Häme,Tilli,1,1,1,1,Tilli (1),Tilli (1)
Häme,Timo,1,1,1,1,Timo (1),Timo (1)
Häme,Tipperi,1,1,1,1,Tipperi (1),Tipperi (1)
Häme,Toini,1,1,1,1,Toini (1),Toini (1)
Häme,Tokero,1,1,1,1,Tokero (1),Tokero (1)
Häme,Tuakkonen,1,1,1,1,Tuakkonen (1),Tuakkonen (1)
Häme,Tuomala,1,1,1,1,Tuomala (1),Tuamala (1)
Häme,Tuuteri,1,1,1,1,Tuuteri (1),Tuuteri (1)
Häme,Tuuti,1,1,1,1,Tuuti (1),Tuutil (1)
Häme,Tyrmä (place),1,1,1,1,Tyrmä (place) (1),Tyrmä (1)
Häme,Tyrmäkoski,1,1,1,1,Tyrmäkoski (1),Tyrmäkoski (1)
Häme,Tätilä,1,1,1,1,Tätilä (1),Tätilä (1)
Häme,Urmi,1,1,1,1,Urmi (1),Urmi (1)
Häme,Urpo,1,1,1,1,Urpo (1),Urpo (1)
Häme,Uuho*,1,1,1,1,Uuho* (1),Uuho (1)
Häme,Vaakeri,1,1,1,1,Vaakeri (1),Vaakeri (1)
Häme,Valma,1,1,1,1,Valma (1),Valma (1)
Häme,Vasteri,1,1,1,1,Vasteri (1),Vasteri (1)
Häme,Vastinki,1,1,1,1,Vastinki (1),Vastinki (1)
Häme,Veikkola,1,1,1,1,Veikkola (1),Veikkola (1)
Häme,Vermasvuori,1,1,1,1,Vermasvuori (1),Vermasvuori (1)
Häme,Ville,1,1,1,1,Ville (1),Ville (1)
Häme,Vuoksi,1,1,1,1,Vuoksi (1),Vuoksi (1)
Häme,allinkaisa,1,1,1,1,allinkaisa (1),allinkaisa (1)
Häme,annukainen,1,1,1,1,annukainen (1),annukainen (1)
Häme,eeli/eerinkki,1,1,1,1,eeli/eerinkki (1),eeli (1)
Häme,esko,1,1,1,1,esko (1),eskon (1)
Häme,huusi (?),1,1,1,1,huusi (?) (1),Huis (1)
Häme,huusi (dial.),1,1,1,1,huusi (dial.) (1),Huis (1)
Häme,inkemportti,1,1,1,1,inkemportti (1),inkemporki (1)
Häme,jalanninjärvi,1,1,1,1,jalanninjärvi (1),jalanninjärvi (1)
Häme,jankkain,1,1,1,1,jankkain (1),jankkain (1)
Häme,jemme,1,1,1,1,jemme (1),jemme (1)
Häme,jenkka/Jennu,1,1,1,1,jenkka/Jennu (1),jennu (1)
Häme,jolma,1,1,1,1,jolma (1),jolma (1)
Häme,kana & Sotto,1,1,1,1,kana & Sotto (1),kana & Sotto (1)
Häme,kilo&Kirsti,1,1,1,1,kilo&Kirsti (1),kilo&Kirsti (1)
Häme,kupari&Kirsti,1,1,1,1,kupari&Kirsti (1),kupari&Kirsti (1)
Häme,maanantai,1,1,1,1,maanantai (1),maanantai (1)
Häme,mekko,1,1,1,1,mekko (1),meko (1)
Häme,nanna,1,1,1,1,nanna (1),nanna (1)
Häme,nimettömä,1,1,1,1,nimettömä (1),nimettömä (1)
Häme,pelto/Peltos*,1,1,1,1,pelto/Peltos* (1),peltos (1)
Häme,pihka & matti,1,1,1,1,pihka & matti (1),pihka & matti (1)
Häme,pihka+Heikki,1,1,1,1,pihka+Heikki (1),pihka+Heikin (1)
Häme,pihka-Jussi,1,1,1,1,pihka-Jussi (1),Pihka-Jussi (1)
Häme,pihka-Matti,1,1,1,1,pihka-Matti (1),Pihka-Matti (1)
Häme,pinota/Pinomaa,1,1,1,1,pinota/Pinomaa (1),pinota/Pinomaa (1)
Häme,pitäjä (archaic),1,1,1,1,pitäjä (archaic) (1),pietilä (1)
Häme,potkaista,1,1,1,1,potkaista (1),potkast (1)
Häme,pottu & Eeva,1,1,1,1,pottu & Eeva (1),pottu & Eeva (1)
Häme,ranta&Maija,1,1,1,1,ranta&Maija (1),ranta&Maija (1)
Häme,talli,1,1,1,1,talli (1),talli (1)
Häme,tapani,1,1,1,1,tapani (1),tapani (1)
Häme,terva-jussi,1,1,1,1,terva-jussi (1),terva-jussi (1)
Häme,tuuri,1,1,1,1,tuuri (1),tuuri (1)
Häme,vehka (proper noun) / vehkeä (device),1,1,1,1,vehka (proper noun) / vehkeä (device) (1),vehka (1)
Häme,vehkaheikki,1,1,1,1,vehkaheikki (1),vehkaheikki (1)
Häme,villa & Liisa,1,1,1,1,villa & Liisa (1),villa & Liisa (1)
Itä- ja Pohjois-Inkeri,God / Jumala / Jumal,554,295,13,41,herra (207); Jumala (166); luoja (78); jumala (43); Luoja (23); Herra (21); herran (6); Luojan (2),herra (200); Jumala (114); jumala (68); luoja (66); Luoja (22); Herra (18); jumalan (7); luojan (7)
Itä- ja Pohjois-Inkeri,Jesus / Christ,118,71,4,18,Jeesus (95); Jesus (20); Kristus (2); Jeesu (1),Jeesus (61); Jesus (23); Iesus (7); Iessus (6); iesus (4); jiesus (4); jeesus (2); Jiesus (1)
Itä- ja Pohjois-Inkeri,Ukko,95,71,2,6,ukko (87); Ukko (8),ukko (84); Ukko (7); ukko-lle (1); ukon (1); ukko+t (1); ukko+lo+ista (1)
Itä- ja Pohjois-Inkeri,Mary / Maria / Maarja / Mari,90,51,12,30,Mari (24); Maria (22); Maija (16); Maaria (16); maija (4); Maaria & -ine (2); Marja (1); Marin (1),Mari (16); Maie (16); Maaria (11); Maria (8); maija (3); Muaria (3); Maariainen (3); mari (2)
Itä- ja Pohjois-Inkeri,Matthew / Matti,73,35,2,6,Matti (69); matin (4),Matti (54); matin (8); Matto (5); matti (4); mati-sta (1); Matin (1)
Itä- ja Pohjois-Inkeri,Untamo,58,17,1,3,Untamo (58),Untamo (56); Untamon (1); Untamolta (1)
Itä- ja Pohjois-Inkeri,Catherine / Kadri / Katri,54,22,8,8,Kati (24); Katri (17); Katariina (6); Kaisa (3); katrinainen (1); Katrina (1); Katriina (1); Kaisu (1),Kati (23); Katri (16); Katrina (7); Kaisa (3); katin (2); katrinainen (1); Katariina (1); Kaisu (1)
Itä- ja Pohjois-Inkeri,Peter / Pietari / Peeter,51,42,5,12,Pietari (43); Pekka (5); Petteri (1); Pietarista (1),Pietari (33); Pekka (6); pietariin (2); Pietäri (2); Pietarissa (1); Petteri (1); pietarilt (1); Pietarin (1)
Itä- ja Pohjois-Inkeri,Anna / Anne / Ann / Anni,41,22,4,5,Anni (38); Ann (1); Anna (1); Annille (1),Anni (37); Annin (1); annillie (1); annillee (1); Annille (1)
Itä- ja Pohjois-Inkeri,Lauri,41,28,1,5,Lauri (41),Lauri (36); lauri (2); Laurim (1); Laurin (1); laurin (1)
Itä- ja Pohjois-Inkeri,Andrew / Antti,39,13,1,4,Antti (39),Antti (36); antill (1); antin (1); Antto (1)
Itä- ja Pohjois-Inkeri,Kalev / Kalervo,39,19,7,7,Kalervo (32); Kalerva (2); kalervo (1); Kalervainen (1); kalevainen (1); Kalervossa (1); kalervo (poetic) (1),Kalervo (30); kalervo (3); Kalerva (2); Kalervainen (1); kalevainen (1); Kalervan (1); Kalervo-ssa (1)
Itä- ja Pohjois-Inkeri,Jacob / Jaak / Jaakko,34,17,2,6,Jaakko (33); Jaakob (1),Jaakko (25); jaako (3); Joakko (3); Jaakoop (1); Jaako (1); Joako (1)
Itä- ja Pohjois-Inkeri,Thomas / Toomas / Tuomas,30,16,2,4,Tuomas (27); Tuomaan (3),Tuomas (24); Tuomalin (3); Tuoma (2); tuomas (1)
Itä- ja Pohjois-Inkeri,Väinämöinen,25,21,2,5,Väinämöinen (24); Proper noun (1),Väinämöinen (16); Väinämöine (5); väinämöine (2); väimenöin (1); kaihdeinöinen (1)
Itä- ja Pohjois-Inkeri,Tuoni,24,19,3,5,Tuoni (17); tuoni (5); Tuonelan (2),Tuoni (16); tuoni (4); tuone (2); Tuonen (1); tuonen (1)
Itä- ja Pohjois-Inkeri,Eve / Eeva,23,14,3,5,Eeva (20); aatto (2); Ieva (1),Eeva (16); Ieva (3); aatto (2); Eevalle (1); Eeva+n (1)
Itä- ja Pohjois-Inkeri,John / Jaan / Jussi / Hans,20,13,7,6,Jussi (9); Hannus (6); Juhana (1); Juhani (1); Jussi+si (1); Iivana (1); (proper) (1),Jussi (10); Hannus (6); Juhana (1); Juhani (1); Jussi+si (1); Iivana (1)
Itä- ja Pohjois-Inkeri,Henry / Heikki,19,9,2,2,Heikki (18); Heikka (1),Heikki (18); Heikka (1)
Itä- ja Pohjois-Inkeri,(proper noun),17,10,1,15,(proper noun) (17),Susso (2); Puntukse (2); tasamartti (1); Vello (1); Narentka (1); Soara (1); Soaani (1); Soani (1)
Itä- ja Pohjois-Inkeri,Simon / Siim / Simo,17,9,1,3,Simo (17),Simo (15); Simonen (if surname) / Simo (if toponym) (1); Simos (1)
Itä- ja Pohjois-Inkeri,Hannus,16,7,1,2,Hannus (16),Hannus (15); hannukselta (1)
Itä- ja Pohjois-Inkeri,Helinä,14,2,1,2,Helinä (14),Helinä (11); Helinainen (3)
Itä- ja Pohjois-Inkeri,Kojonen,14,10,1,1,Kojonen (14),Kojonen (14)
Itä- ja Pohjois-Inkeri,Michael / Mikko / Mihkel,14,12,2,2,Mikko (13); Mikkoon (1),Mikko (13); Mikko+laan (1)
Itä- ja Pohjois-Inkeri,Elizabeth / Liisa / Liisu / Elli,13,8,4,5,Liisa (7); Elina (3); Elli (2); Elinä (1),Liisa (7); Elina (2); Elli (2); Elinainen (1); Eliina (1)
Itä- ja Pohjois-Inkeri,Ilmarinen,13,9,1,4,Ilmarinen (13),Ilmarinta (5); Ilmarin (5); Ilmarinen (2); Ilmarine (1)
Itä- ja Pohjois-Inkeri,Iivana,12,4,1,1,Iivana (12),Iivana (12)
Itä- ja Pohjois-Inkeri,Kirsti,11,4,1,2,Kirsti (11),Kirsti (10); kirsti (1)
Itä- ja Pohjois-Inkeri,Lavus,9,1,1,1,Lavus (9),Lavus (9)
Itä- ja Pohjois-Inkeri,Puntus,8,6,1,2,Puntus (8),Puntus (5); puntus (3)
Itä- ja Pohjois-Inkeri,Koljo,7,1,1,1,Koljo (7),Koljo (7)
Itä- ja Pohjois-Inkeri,Oapso,7,1,1,1,Oapso (7),Oapso (7)
Itä- ja Pohjois-Inkeri,Kain,6,1,1,1,Kain (6),Kain (6)
Itä- ja Pohjois-Inkeri,Narentka,5,4,1,1,Narentka (5),Narentka (5)
Itä- ja Pohjois-Inkeri,Oapro,5,1,1,1,Oapro (5),Oapro (5)
Itä- ja Pohjois-Inkeri,Riet,5,1,1,1,Riet (5),Riet (5)
Itä- ja Pohjois-Inkeri,Tuuteri,5,2,1,3,Tuuteri (5),Tuuteri (3); Tuuterist (1); Tuuterii (1)
Itä- ja Pohjois-Inkeri,Anterus,4,4,1,1,Anterus (4),Anterus (4)
Itä- ja Pohjois-Inkeri,Joukamoinen / Joukahainen,4,2,1,2,Joukahainen (4),Joukahainen (3); Joukamoinen (1)
Itä- ja Pohjois-Inkeri,Martin / Mart / Märt,4,3,1,1,Martti (4),Martti (4)
Itä- ja Pohjois-Inkeri,Osmala,4,1,1,1,Osmala (4),Osmala (4)
Itä- ja Pohjois-Inkeri,Tuurittuinen,4,2,1,1,Tuurittuinen (4),Tuurittuinen (4)
Itä- ja Pohjois-Inkeri,(proper),3,1,1,3,(proper) (3),Mairi (1); Posso (1); Aatu (1)
Itä- ja Pohjois-Inkeri,Aatami,3,2,1,2,Aatami (3),Aatami (2); Aatu (1)
Itä- ja Pohjois-Inkeri,Apso,3,1,1,1,Apso (3),Apso (3)
Itä- ja Pohjois-Inkeri,Elias / Eljas,3,2,1,2,Elias (3),Elias (2); Eliakse (1)
Itä- ja Pohjois-Inkeri,George / Jüri,3,3,2,2,Yrjö (2); jyri (1),Yrjö (2); jyri (1)
Itä- ja Pohjois-Inkeri,Karppa,3,1,1,1,Karppa (3),Karppa (3)
Itä- ja Pohjois-Inkeri,Konnu,3,2,1,1,Konnu (3),Konnu (3)
Itä- ja Pohjois-Inkeri,Laatukka,3,2,1,2,Laatukka (3),Laatukka (2); laatukast (1)
Itä- ja Pohjois-Inkeri,Marketta,3,3,1,1,Marketta (3),Marketta (3)
Itä- ja Pohjois-Inkeri,Muurikki,3,2,1,1,Muurikki (3),Muurikki (3)
Itä- ja Pohjois-Inkeri,Peijooni,3,1,1,1,Peijooni (3),Peijo (3)
Itä- ja Pohjois-Inkeri,Päivälä,3,1,1,3,Päivälä (3),Päiväläst (1); päiväleää (1); päiväläss (1)
Itä- ja Pohjois-Inkeri,Savo,3,1,1,1,Savo (3),Savo (3)
Itä- ja Pohjois-Inkeri,Sunteri,3,3,1,1,Sunteri (3),Sunteri (3)
Itä- ja Pohjois-Inkeri,(name),2,2,1,2,(name) (2),Unnappo (1); Rutja (1)
Itä- ja Pohjois-Inkeri,Ahti,2,2,1,2,ahti (2),ahtio (1); ahti (1)
Itä- ja Pohjois-Inkeri,Alli,2,1,1,1,Alli (2),Alli (2)
Itä- ja Pohjois-Inkeri,Annikka,2,2,1,1,Annikka (2),Annikka (2)
Itä- ja Pohjois-Inkeri,Aposti,2,1,1,1,Aposti (2),Aposti (2)
Itä- ja Pohjois-Inkeri,Elenus,2,1,1,1,Elenus (2),Elenus (2)
Itä- ja Pohjois-Inkeri,Helena,2,1,1,1,Helena (2),Helena (2)
Itä- ja Pohjois-Inkeri,Helina,2,2,1,1,Helina (2),Helina (2)
Itä- ja Pohjois-Inkeri,Houvi,2,1,1,1,Houvi (2),Houvi (2)
Itä- ja Pohjois-Inkeri,Judas / Juudas,2,2,1,1,Juudas (2),Juutas (2)
Itä- ja Pohjois-Inkeri,Jyrki,2,1,1,1,Jyrki (2),Jyrki (2)
Itä- ja Pohjois-Inkeri,Kalerva,2,1,1,1,Kalerva (2),Kalerva (2)
Itä- ja Pohjois-Inkeri,Kalervala,2,1,1,1,Kalervala (2),Kalervala (2)
Itä- ja Pohjois-Inkeri,Kat,2,1,1,1,Kat (2),Kat (2)
Itä- ja Pohjois-Inkeri,Katrina,2,2,1,1,Katrina (2),Katrina (2)
Itä- ja Pohjois-Inkeri,Kirjo,2,2,1,1,Kirjo (2),Kirjo (2)
Itä- ja Pohjois-Inkeri,Lassa,2,2,1,1,Lassa (2),Lassa (2)
Itä- ja Pohjois-Inkeri,Latukka,2,1,1,1,Latukka (2),Loatukka (2)
Itä- ja Pohjois-Inkeri,Lello,2,1,1,1,Lello (2),Lello (2)
Itä- ja Pohjois-Inkeri,Loatukka,2,1,1,1,Loatukka (2),Loatukka (2)
Itä- ja Pohjois-Inkeri,Makara,2,1,1,1,Makara (2),Makara (2)
Itä- ja Pohjois-Inkeri,Marola,2,1,1,1,Marola (2),Marola (2)
Itä- ja Pohjois-Inkeri,Miiru,2,1,1,1,Miiru (2),Miiru (2)
Itä- ja Pohjois-Inkeri,Molotša,2,1,1,1,Molotša (2),Molotša (2)
Itä- ja Pohjois-Inkeri,Osmola,2,1,1,1,Osmola (2),Osmola (2)
Itä- ja Pohjois-Inkeri,Paavo,2,2,1,1,Paavo (2),Paavo (2)
Itä- ja Pohjois-Inkeri,Pietteri,2,1,1,1,Pietteri (2),Pietteri (2)
Itä- ja Pohjois-Inkeri,Pulkkala,2,1,1,1,Pulkkala (2),Pulkkala (2)
Itä- ja Pohjois-Inkeri,Rauvu,2,1,1,1,Rauvu (2),Rauvu (2)
Itä- ja Pohjois-Inkeri,Rietto,2,1,1,1,Rietto (2),Rietto (2)
Itä- ja Pohjois-Inkeri,Rillukka,2,1,1,1,Rillukka (2),Rillukka (2)
Itä- ja Pohjois-Inkeri,Riski,2,1,1,1,Riski (2),Riski (2)
Itä- ja Pohjois-Inkeri,Ruotus,2,1,1,1,Ruotus (2),Ruotus (2)
Itä- ja Pohjois-Inkeri,Sakkula,2,2,1,1,Sakkula (2),Sakkula (2)
Itä- ja Pohjois-Inkeri,Sarah / Saara,2,2,1,1,Saara (2),Saara (2)
Itä- ja Pohjois-Inkeri,Soria,2,1,1,1,Soria (2),Soria (2)
Itä- ja Pohjois-Inkeri,Torajoki,2,1,1,2,Torajoki (2),Torajovelta (1); Torajovelle (1)
Itä- ja Pohjois-Inkeri,Tuutturi,2,1,1,1,Tuutturi (2),Tuutturi (2)
Itä- ja Pohjois-Inkeri,Uutti,2,1,1,1,Uutti (2),Uutti (2)
Itä- ja Pohjois-Inkeri,Valetta,2,1,1,1,Valetta (2),Valetta (2)
Itä- ja Pohjois-Inkeri,Väinö,2,2,1,2,Väinö (2),Väinö (1); väinö (1)
Itä- ja Pohjois-Inkeri,Aaprami,1,1,1,1,Aaprami (1),Aapro (1)
Itä- ja Pohjois-Inkeri,Aapro,1,1,1,1,Aapro (1),Aapron (1)
Itä- ja Pohjois-Inkeri,Aijan,1,1,1,1,Aijan (1),Aijan (1)
Itä- ja Pohjois-Inkeri,Alma,1,1,1,1,Alma (1),Alma (1)
Itä- ja Pohjois-Inkeri,Alto,1,1,1,1,Alto (1),Alto (1)
Itä- ja Pohjois-Inkeri,Atti,1,1,1,1,Atti (1),Atti (1)
Itä- ja Pohjois-Inkeri,Halli (name),1,1,1,1,Halli (name) (1),Halli (1)
Itä- ja Pohjois-Inkeri,Hannu,1,1,1,1,Hannu (1),Hannu (1)
Itä- ja Pohjois-Inkeri,Hela,1,1,1,1,Hela (1),Hela (1)
Itä- ja Pohjois-Inkeri,Hermikki,1,1,1,1,Hermikki (1),Hermikki (1)
Itä- ja Pohjois-Inkeri,Hiitelä,1,1,1,1,Hiitelä (1),Hiitelä (1)
Itä- ja Pohjois-Inkeri,Ievanen,1,1,1,1,Ievanen (1),Ievanen (1)
Itä- ja Pohjois-Inkeri,Ikonen,1,1,1,1,Ikonen (1),Ikonen (1)
Itä- ja Pohjois-Inkeri,Ilmari,1,1,1,1,Ilmari (1),Ilmarinta (1)
Itä- ja Pohjois-Inkeri,Jaama,1,1,1,1,Jaama (1),Jaama (1)
Itä- ja Pohjois-Inkeri,Jalta,1,1,1,1,Jalta (1),Jalta (1)
Itä- ja Pohjois-Inkeri,Jerkka,1,1,1,1,Jerkka (1),Ierikka (1)
Itä- ja Pohjois-Inkeri,Jortaan,1,1,1,1,Jortaan (1),Jortaan (1)
Itä- ja Pohjois-Inkeri,Jorttanen,1,1,1,1,Jorttanen (1),Jorttanen (1)
Itä- ja Pohjois-Inkeri,Joseph / Joosep,1,1,1,1,Joosef (1),Joosep (1)
Itä- ja Pohjois-Inkeri,Juska,1,1,1,1,Juska (1),Juska (1)
Itä- ja Pohjois-Inkeri,Jäski,1,1,1,1,Jäski (1),jäski (1)
Itä- ja Pohjois-Inkeri,Kaavetnitsa,1,1,1,1,Kaavetnitsa (1),Kaavetnitsa (1)
Itä- ja Pohjois-Inkeri,Kaija,1,1,1,1,Kaija (1),kaija (1)
Itä- ja Pohjois-Inkeri,Kaj,1,1,1,1,Kaj (1),kajin (1)
Itä- ja Pohjois-Inkeri,Kala,1,1,1,1,Kala (1),Kaala (1)
Itä- ja Pohjois-Inkeri,Kalervainen,1,1,1,1,Kalervainen (1),Kalervaine (1)
Itä- ja Pohjois-Inkeri,Kalervu,1,1,1,1,Kalervu (1),Kalervu (1)
Itä- ja Pohjois-Inkeri,Katrinan,1,1,1,1,Katrinan (1),Katrinan (1)
Itä- ja Pohjois-Inkeri,Kekkonen,1,1,1,1,Kekkonen (1),Kekkonen (1)
Itä- ja Pohjois-Inkeri,Kerttu,1,1,1,1,Kerttu (1),Kertto (1)
Itä- ja Pohjois-Inkeri,Kiekku,1,1,1,1,Kiekku (1),Kiekku (1)
Itä- ja Pohjois-Inkeri,Kikatos,1,1,1,1,Kikatos (1),Kikatos (1)
Itä- ja Pohjois-Inkeri,Kimmo,1,1,1,1,Kimmo (1),Kimmo (1)
Itä- ja Pohjois-Inkeri,Koaaso,1,1,1,1,Koaaso (1),Koaaso (1)
Itä- ja Pohjois-Inkeri,Koali,1,1,1,1,Koali (1),koali (1)
Itä- ja Pohjois-Inkeri,Koittola,1,1,1,1,Koittola (1),Koittola (1)
Itä- ja Pohjois-Inkeri,Kojo,1,1,1,1,Kojo (1),Kojo (1)
Itä- ja Pohjois-Inkeri,Kopittala,1,1,1,1,Kopittala (1),Kopittala & -an (1)
Itä- ja Pohjois-Inkeri,Koria,1,1,1,1,Koria (1),Koria & -an (1)
Itä- ja Pohjois-Inkeri,Kosti,1,1,1,1,Kosti (1),Kosti (1)
Itä- ja Pohjois-Inkeri,Kukki,1,1,1,1,Kukki (1),Kukki (1)
Itä- ja Pohjois-Inkeri,Kuli,1,1,1,1,Kuli (1),Kuli (1)
Itä- ja Pohjois-Inkeri,Kullervo,1,1,1,1,Kullervo (1),Kullervo (1)
Itä- ja Pohjois-Inkeri,Kuro (proper name),1,1,1,1,Kuro (proper name) (1),Kuro (1)
Itä- ja Pohjois-Inkeri,Kutti,1,1,1,1,Kutti (1),Kutti (1)
Itä- ja Pohjois-Inkeri,Kuusova,1,1,1,1,Kuusova (1),Kuusova (1)
Itä- ja Pohjois-Inkeri,Kyöpelä,1,1,1,1,Kyöpelä (1),Kyöpelä (1)
Itä- ja Pohjois-Inkeri,Lasse,1,1,1,1,Lasse (1),Lasse (1)
Itä- ja Pohjois-Inkeri,Lassi,1,1,1,1,Lassi (1),Lassi (1)
Itä- ja Pohjois-Inkeri,Laukko,1,1,1,1,Laukko (1),Laukko (1)
Itä- ja Pohjois-Inkeri,Leena,1,1,1,1,Leena (1),Leena (1)
Itä- ja Pohjois-Inkeri,Lemettyinen,1,1,1,1,Lemettyinen (1),Lemettyinen (1)
Itä- ja Pohjois-Inkeri,Lemminkäinen,1,1,1,1,Lemminkäinen (1),Lemminkäinen (1)
Itä- ja Pohjois-Inkeri,Lieri,1,1,1,1,Lieri (1),Lieri (1)
Itä- ja Pohjois-Inkeri,Liina,1,1,1,1,Liina (1),Liina (1)
Itä- ja Pohjois-Inkeri,Luuritsa,1,1,1,1,Luuritsa (1),Luuritsa (1)
Itä- ja Pohjois-Inkeri,Mairikki,1,1,1,1,Mairikki (1),Mairikki (1)
Itä- ja Pohjois-Inkeri,Mannu,1,1,1,1,Mannu (1),Mannu (1)
Itä- ja Pohjois-Inkeri,Mare,1,1,1,1,Mare (1),Mare (1)
Itä- ja Pohjois-Inkeri,Massi,1,1,1,1,Massi (1),Massi (1)
Itä- ja Pohjois-Inkeri,Mauno,1,1,1,1,Mauno (1),Mauno (1)
Itä- ja Pohjois-Inkeri,Mauranen,1,1,1,1,Mauranen (1),Mauranen (1)
Itä- ja Pohjois-Inkeri,Molotov,1,1,1,1,Molotov (1),Molotsa (1)
Itä- ja Pohjois-Inkeri,Moskova,1,1,1,1,Moskova (1),Moskova (1)
Itä- ja Pohjois-Inkeri,Musko,1,1,1,1,Musko (1),Musko (1)
Itä- ja Pohjois-Inkeri,Neva,1,1,1,1,Neva (1),Neva (1)
Itä- ja Pohjois-Inkeri,Nässilä,1,1,1,1,Nässilä (1),Nässilä (1)
Itä- ja Pohjois-Inkeri,Olavi,1,1,1,1,Olavi (1),Olava (1)
Itä- ja Pohjois-Inkeri,Paaritsa,1,1,1,1,Paaritsa (1),Paaritsa (1)
Itä- ja Pohjois-Inkeri,Pauluskoi,1,1,1,1,Pauluskoi (1),Pauluskoi (1)
Itä- ja Pohjois-Inkeri,Pekkanen,1,1,1,1,Pekkanen (1),Pekkanen (1)
Itä- ja Pohjois-Inkeri,Pirtuli,1,1,1,1,Pirtuli (1),Pirtuli (1)
Itä- ja Pohjois-Inkeri,Polttina,1,1,1,1,Polttina (1),Polttina (1)
Itä- ja Pohjois-Inkeri,Potra,1,1,1,1,Potra (1),potra (1)
Itä- ja Pohjois-Inkeri,Pulkkola,1,1,1,1,Pulkkola (1),Pulkkola (1)
Itä- ja Pohjois-Inkeri,Puola,1,1,1,1,Puola (1),Puola (1)
Itä- ja Pohjois-Inkeri,Rantavaskela,1,1,1,1,Rantavaskela (1),Rantavaskela (1)
Itä- ja Pohjois-Inkeri,Rieti,1,1,1,1,Rieti (1),Rieti (1)
Itä- ja Pohjois-Inkeri,Riiska,1,1,1,1,Riiska (1),Riiska (1)
Itä- ja Pohjois-Inkeri,Riivali,1,1,1,1,Riivali (1),Riivali (1)
Itä- ja Pohjois-Inkeri,Ripi,1,1,1,1,Ripi (1),Ripi (1)
Itä- ja Pohjois-Inkeri,Riuna,1,1,1,1,Riuna (1),Riuna (1)
Itä- ja Pohjois-Inkeri,Siiveri,1,1,1,1,Siiveri (1),Siiveri (1)
Itä- ja Pohjois-Inkeri,Sikoniemi,1,1,1,1,Sikoniemi (1),Sikoniemi-n (1)
Itä- ja Pohjois-Inkeri,Simi,1,1,1,1,Simi (1),Simi (1)
Itä- ja Pohjois-Inkeri,Simoserra,1,1,1,1,Simoserra (1),Simoserra (1)
Itä- ja Pohjois-Inkeri,Sivi,1,1,1,1,Sivi (1),Sivi (1)
Itä- ja Pohjois-Inkeri,Soara,1,1,1,1,Soara (1),Soara (1)
Itä- ja Pohjois-Inkeri,Suntari,1,1,1,1,Suntari (1),Suntari (1)
Itä- ja Pohjois-Inkeri,Tasamartti,1,1,1,1,Tasamartti (1),tasamartti (1)
Itä- ja Pohjois-Inkeri,Teppo,1,1,1,1,Teppo (1),Teppo (1)
Itä- ja Pohjois-Inkeri,Tina,1,1,1,1,Tina (1),Tina (1)
Itä- ja Pohjois-Inkeri,Tora,1,1,1,1,Tora (1),Tora (1)
Itä- ja Pohjois-Inkeri,Torajoen,1,1,1,1,Torajoen (1),Torajoki+n (1)
Itä- ja Pohjois-Inkeri,Torajokeen,1,1,1,1,Torajokeen (1),Torajoki+i (1)
Itä- ja Pohjois-Inkeri,Tormio,1,1,1,1,Tormio (1),Tormio (1)
Itä- ja Pohjois-Inkeri,Torsti,1,1,1,1,Torsti (1),Torsti (1)
Itä- ja Pohjois-Inkeri,Totto,1,1,1,1,Totto (1),Totto (1)
Itä- ja Pohjois-Inkeri,Tuoko,1,1,1,1,Tuoko (1),Tuoko (1)
Itä- ja Pohjois-Inkeri,Tuurettuinen,1,1,1,1,Tuurettuinen (1),Tuurettuinen (1)
Itä- ja Pohjois-Inkeri,Tuuri (name),1,1,1,1,Tuuri (name) (1),Tuuri (1)
Itä- ja Pohjois-Inkeri,Töskä,1,1,1,1,Töskä (1),Töskä (1)
Itä- ja Pohjois-Inkeri,Untamoinen,1,1,1,1,Untamoinen (1),Untamoinen (1)
Itä- ja Pohjois-Inkeri,Vaaker,1,1,1,1,Vaaker (1),Vaaker (1)
Itä- ja Pohjois-Inkeri,Vallikki,1,1,1,1,Vallikki (1),Vallikki (1)
Itä- ja Pohjois-Inkeri,Vello,1,1,1,1,Vello (1),vellon (1)
Itä- ja Pohjois-Inkeri,Vello (proper noun),1,1,1,1,Vello (proper noun) (1),vello-n (1)
Itä- ja Pohjois-Inkeri,Venni,1,1,1,1,Venni (1),Venni (1)
Itä- ja Pohjois-Inkeri,Viiker,1,1,1,1,Viiker (1),Viiker (1)
Itä- ja Pohjois-Inkeri,Viili,1,1,1,1,Viili (1),Viili (1)
Itä- ja Pohjois-Inkeri,Virkku,1,1,1,1,Virkku (1),Virkku (1)
Itä- ja Pohjois-Inkeri,Virro,1,1,1,1,Virro (1),Virro (1)
Itä- ja Pohjois-Inkeri,Vorvali (proper noun),1,1,1,1,Vorvali (proper noun) (1),Vorvali (1)
Itä- ja Pohjois-Inkeri,Vuoksi,1,1,1,1,Vuoksi (1),vuoksi (1)
Itä- ja Pohjois-Inkeri,Vuoli,1,1,1,1,Vuoli (1),Vuoli (1)
Itä- ja Pohjois-Inkeri,lauri & poika,1,1,1,1,lauri & poika (1),lauri & poika (1)
Itä- ja Pohjois-Inkeri,liito? (glide),1,1,1,1,liito? (glide) (1),lieku (1)
Itä- ja Pohjois-Inkeri,paimen&Pekka,1,1,1,1,paimen&Pekka (1),paimen&pekka (1)
Itä- ja Pohjois-Inkeri,sukunimi,1,1,1,1,sukunimi (1),sukunimi (1)
Itä- ja Pohjois-Inkeri,sunteri,1,1,1,1,sunteri (1),sunteri (1)
Itä- ja Pohjois-Inkeri,tahvana,1,1,1,1,tahvana (1),tahvana (1)
Itä- ja Pohjois-Inkeri,tuurikkainen,1,1,1,1,tuurikkainen (1),tuurikkainen (1)
Järvamaa,John / Jaan / Jussi / Hans,227,72,8,19,Jaan (87); jaan (58); Hans (48); Juhan (17); Ants (12); Juku (2); Junnu (2); juhan (1),jaan (46); Hans (42); Jaan (39); Jaanike (35); Juhan (17); Ants (12); jaanike (12); Jaani (7)
Järvamaa,God / Jumala / Jumal,224,152,10,23,jumal (71); härra (66); Jumal (25); herra (21); isand (17); looja (17); Looja (3); looma (2),jumal (71); härra (62); Jumal (21); looja (17); herra (16); isand (15); härrä (3); ärra (3)
Järvamaa,Mary / Maria / Maarja / Mari,130,84,9,16,Mari (56); mari (42); Maarja (14); Maria (9); Maaria (3); Marie (2); Marija (2); marjuke (1),Mari (50); mari (41); Maarja (13); Maria (9); Maaria (3); Marie (2); Marija (2); marja (2)
Järvamaa,Martin / Mart / Märt,125,42,8,9,Mart (40); mard (24); mart (21); Märt (17); Mard (16); mardi (3); mardile (2); Mardi (2),Mart (50); mart (30); Mard (15); mard (13); Märt (6); mardile (4); mardi (3); Mardi (3)
Järvamaa,Anna / Anne / Ann / Anni,121,62,9,15,Anne (54); Ann (30); anne (25); Anu (4); ann (3); Anna (2); anni (1); Anni (1),Anne (52); Ann (28); anne (20); and (4); Anu (4); anni (2); Anna (2); ann (2)
Järvamaa,Catherine / Kadri / Katri,106,26,8,11,Kadri (87); kadri (10); Kadrina (2); Kadrile (2); Kadrike (2); kadrike (1); Kadril (1); Katariina (1),Kadri (80); kadri (12); kadrile (3); Kadrina (2); Kadrile (2); Kadrikene (2); kadrik (1); Kadrid (1)
Järvamaa,Simon / Siim / Simo,76,31,4,7,Siim (71); siim (2); siiman (2); Siimon (1),Siim (59); Siimu (9); siim (2); siiman (2); siimu (2); Siimon (1); Siimuri (1)
Järvamaa,Peter / Pietari / Peeter,43,30,4,5,Peeter (37); peeter (4); piiter (1); pekk (1),Peeter (36); peter (4); peeter (1); piiter (1); pekk (1)
Järvamaa,George / Jüri,42,25,2,6,Jüri (40); jüri (2),Jüri (33); jüri (3); Jühi (2); Jürjen (2); jüri + -kene (1); jürikene (1)
Järvamaa,Kalev / Kalervo,38,26,4,6,Kalev (28); kalev (8); kalevne (1); Kalevi (1),Kalev (22); kalev (11); Kalevi (2); kalevine (1); kalevise (1); kalevid (1)
Järvamaa,Elizabeth / Liisa / Liisu / Elli,37,25,7,7,Liisu (26); Liisa (4); liisu (2); Liisukene (2); liis (1); Liisabet (1); Liisuke (1),Liisu (26); Liisa (3); Liisukene (3); liisu (2); liis (1); Liisabet (1); Liisakene (1)
Järvamaa,Kai,36,22,1,3,Kai (36),Kai (32); Kaie (3); kai (1)
Järvamaa,Mai,34,12,1,3,Mai (34),Mai (30); Maie (2); mai (2)
Järvamaa,Jesus / Christ,28,14,4,9,Jeesus (22); Kristus (4); Jeesuke (1); Jeesuse (1),Jeesus (13); Iesukene (4); Kristus (2); Iesuselle (2); jeesus (2); kristus (2); Jeesuke (1); Iesus (1)
Järvamaa,Kaie,24,14,1,1,Kaie (24),Kaie (24)
Järvamaa,Thomas / Toomas / Tuomas,18,12,2,2,Toomas (17); Tuomas (1),Toomas (17); Tuomas (1)
Järvamaa,Eve / Eeva,16,6,1,1,Eeva (16),Eeva (16)
Järvamaa,Matthew / Matti,15,13,5,7,Mats (10); mats (2); matsakas (1); matt (1); Mati (1),Mats (7); mats (2); Matsi (2); Matsil (1); matsakas (1); matt (1); mati (1)
Järvamaa,Michael / Mikko / Mihkel,15,8,3,4,Mihkel (12); Miku (2); Mikk (1),mihkel (6); Mihkel (6); Miku (2); Mikk (1)
Järvamaa,Maie,12,8,1,2,Maie (12),Maie (11); Mai (1)
Järvamaa,Salme,11,5,1,2,Salme (11),Salme (10); salme (1)
Järvamaa,Malle,10,8,1,1,Malle (10),Malle (10)
Järvamaa,Andrew / Antti,9,7,1,2,Andres (9),Andres (8); Andrese (1)
Järvamaa,Kuura,6,4,1,1,Kuura (6),Kuura (6)
Järvamaa,Olev,6,4,1,2,Olev (6),Olev (5); Olevik (1)
Järvamaa,mai,6,3,1,1,mai (6),mai (6)
Järvamaa,Jacob / Jaak / Jaakko,5,4,2,2,Jaak (4); jääk (1),Jaak (4); jääk (1)
Järvamaa,Leeni,5,1,1,1,Leeni (5),Leeni (5)
Järvamaa,Piipe,5,2,1,1,Piipe (5),Piipe (5)
Järvamaa,Judas / Juudas,4,4,2,3,Juudas (3); juudas (1),"Juudas (2); hõbe (discarded), juudas (1); juudas (1)"
Järvamaa,Näu,4,4,1,1,Näu (4),Näu (4)
Järvamaa,Roosna,4,1,1,1,Roosna (4),Roosna (4)
Järvamaa,Eltse,3,2,1,1,Eltse (3),Eltse (3)
Järvamaa,Holland,3,1,1,1,Holland (3),Holland (3)
Järvamaa,Kapu,3,2,1,1,Kapu (3),Kapu (3)
Järvamaa,Lauri,3,2,1,1,Lauri (3),Lauri (3)
Järvamaa,Leeverland,3,1,1,1,Leeverland (3),Leeverland (3)
Järvamaa,Tiiu,3,3,1,1,Tiiu (3),Tiiu (3)
Järvamaa,Ansu,2,1,1,1,Ansu (2),Ansu (2)
Järvamaa,Ella,2,1,1,1,Ella (2),Ella (2)
Järvamaa,Elts,2,1,1,2,Elts (2),Eltse (1); Elts (1)
Järvamaa,Hoolender,2,1,1,1,Hoolender (2),Hoolender (2)
Järvamaa,Järva,2,1,1,1,Järva (2),Järva (2)
Järvamaa,Kaia,2,1,1,1,Kaia (2),Kaie (2)
Järvamaa,Kensa,2,2,1,1,Kensa (2),Kensa (2)
Järvamaa,Kerna,2,1,1,1,Kerna (2),Kerna (2)
Järvamaa,Kiim,2,1,1,1,Kiim (2),Kiim (2)
Järvamaa,Koluvere,2,2,1,1,Koluvere (2),Koluvere (2)
Järvamaa,Lastru,2,1,1,1,Lastru (2),Lastru (2)
Järvamaa,Laupa,2,1,1,1,Laupa (2),Laupa (2)
Järvamaa,Leiger,2,1,1,1,Leiger (2),Leiger (2)
Järvamaa,Lihuvere,2,2,1,1,Lihuvere (2),Lihuvere (2)
Järvamaa,Liiderland,2,1,1,1,Liiderland (2),Liiderland (2)
Järvamaa,Maret,2,1,1,1,Maret (2),Mareta (2)
Järvamaa,Nirgi,2,2,1,1,Nirgi (2),Nirgi (2)
Järvamaa,Oeti,2,2,1,1,Oeti (2),Oeti (2)
Järvamaa,Oidu,2,1,1,1,Oidu (2),oidu (2)
Järvamaa,Orina,2,1,1,1,Orina (2),Orina (2)
Järvamaa,Ott,2,2,1,2,Ott (2),Ott (1); Oti (1)
Järvamaa,Perseli,2,2,1,1,Perseli (2),Perseli (2)
Järvamaa,Seidla,2,1,1,1,Seidla (2),Seidla (2)
Järvamaa,Valasti,2,2,1,1,Valasti (2),Valasti (2)
Järvamaa,Vau,2,1,1,1,Vau (2),Vau (2)
Järvamaa,Väätsa,2,1,1,1,Väätsa (2),Väätsa (2)
Järvamaa,kai,2,2,1,1,kai (2),kai (2)
Järvamaa,krõõt,2,1,1,1,krõõt (2),krõõt (2)
Järvamaa,Ahula,1,1,1,1,Ahula (1),Ahula (1)
Järvamaa,Aitsupadi,1,1,1,1,Aitsupadi (1),Aitsupadi (1)
Järvamaa,Alevine,1,1,1,1,Alevine (1),Alevine (1)
Järvamaa,Alvandu,1,1,1,1,Alvandu (1),Alvandu (1)
Järvamaa,Ammuta,1,1,1,1,Ammuta (1),Ammuta (1)
Järvamaa,Ants,1,1,1,1,Ants (1),Antsu (1)
Järvamaa,Aru,1,1,1,1,Aru (1),Aru (1)
Järvamaa,Aruküla,1,1,1,1,Aruküla (1),Aruküla (1)
Järvamaa,Atu,1,1,1,1,Atu (1),Atu (1)
Järvamaa,Aunaste,1,1,1,1,Aunaste (1),Aunaste (1)
Järvamaa,Eeli,1,1,1,1,Eeli (1),Eeli (1)
Järvamaa,Eku,1,1,1,1,Eku (1),Eku (1)
Järvamaa,Elburi,1,1,1,1,Elburi (1),Elburi (1)
Järvamaa,Endel,1,1,1,1,Endel (1),Endel (1)
Järvamaa,Eva,1,1,1,1,Eva (1),Eva (1)
Järvamaa,Henry / Heikki,1,1,1,1,Indrek (1),Indrek (1)
Järvamaa,Hiiu,1,1,1,1,Hiiu (1),Hiiu (1)
Järvamaa,Holard,1,1,1,1,Holard (1),Holard (1)
Järvamaa,Holler,1,1,1,1,Holler (1),Holler (1)
Järvamaa,Iba,1,1,1,1,Iba (1),Iba (1)
Järvamaa,Iire,1,1,1,1,Iire (1),Iire (1)
Järvamaa,Illi,1,1,1,1,Illi (1),Illi (1)
Järvamaa,Juan,1,1,1,1,Juan (1),Juan (1)
Järvamaa,Jürje,1,1,1,1,Jürje (1),Jürje (1)
Järvamaa,Jürni,1,1,1,1,Jürni (1),Jürni (1)
Järvamaa,Kahala,1,1,1,1,Kahala (1),Kahala (1)
Järvamaa,Kaieda,1,1,1,1,Kaieda (1),Kaieda (1)
Järvamaa,Kangur,1,1,1,1,Kangur (1),Kangur (1)
Järvamaa,Kapasilla,1,1,1,1,Kapasilla (1),Kapasilla (1)
Järvamaa,Karjamard,1,1,1,1,Karjamard (1),Karjamard (1)
Järvamaa,Katarina,1,1,1,1,Katarina (1),Katarina (1)
Järvamaa,Kesa,1,1,1,1,Kesa (1),kesa (1)
Järvamaa,Kiljandu,1,1,1,1,Kiljandu (1),Kiljandu (1)
Järvamaa,Kilvandu,1,1,1,1,Kilvandu (1),Kilvandu (1)
Järvamaa,Krassi,1,1,1,1,Krassi (1),Krassi (1)
Järvamaa,Kuber,1,1,1,1,Kuber (1),Kuber (1)
Järvamaa,Kudres,1,1,1,1,Kudres (1),Kudres (1)
Järvamaa,Kudru,1,1,1,1,Kudru (1),kudru (1)
Järvamaa,Kuksema,1,1,1,1,Kuksema (1),Kuksema (1)
Järvamaa,Kuksemäe,1,1,1,1,Kuksemäe (1),Kuksemäe (1)
Järvamaa,Kustas,1,1,1,1,Kustas (1),Kustas (1)
Järvamaa,Kuul,1,1,1,1,Kuul (1),Kuol (1)
Järvamaa,Kädva,1,1,1,1,Kädva (1),Kädva (1)
Järvamaa,Kärda,1,1,1,1,Kärda (1),Kärda (1)
Järvamaa,Kärt,1,1,1,1,Kärt (1),Kärt (1)
Järvamaa,Kärtu,1,1,1,1,Kärtu (1),Kärtu (1)
Järvamaa,Lalli,1,1,1,1,Lalli (1),Lalli (1)
Järvamaa,Leeland,1,1,1,1,Leeland (1),Leeland (1)
Järvamaa,Leenu,1,1,1,1,Leenu (1),Leenu (1)
Järvamaa,Liigu,1,1,1,1,Liigu (1),Liigu (1)
Järvamaa,Loigu,1,1,1,1,Loigu (1),Loigu (1)
Järvamaa,Lokuta,1,1,1,1,Lokuta (1),Lokuta (1)
Järvamaa,Maali,1,1,1,1,Maali (1),Maali (1)
Järvamaa,Madistõnn,1,1,1,1,Madistõnn (1),Madistõnn (1)
Järvamaa,Maie/maa,1,1,1,1,Maie/maa (1),maie (1)
Järvamaa,Manu,1,1,1,1,Manu (1),Manu (1)
Järvamaa,Mare,1,1,1,1,Mare (1),Mareta (1)
Järvamaa,Marja,1,1,1,1,Marja (1),Marja (1)
Järvamaa,Matte,1,1,1,1,Matte (1),Matte (1)
Järvamaa,Miku,1,1,1,1,Miku (1),Miku (1)
Järvamaa,Muda,1,1,1,1,Muda (1),muda (1)
Järvamaa,Müüsleri,1,1,1,1,Müüsleri (1),Müüsleri (1)
Järvamaa,Nigula,1,1,1,1,Nigula (1),Nigula (1)
Järvamaa,Niguliste,1,1,1,1,Niguliste (1),Niguliste (1)
Järvamaa,Norramõis,1,1,1,1,Norramõis (1),Norramõis (1)
Järvamaa,Oandis,1,1,1,1,Oandis (1),Oandis (1)
Järvamaa,Oandu,1,1,1,1,Oandu (1),Oandu (1)
Järvamaa,Oleviste,1,1,1,1,Oleviste (1),Oleviste (1)
Järvamaa,Paavel,1,1,1,1,Paavel (1),Paavel (1)
Järvamaa,Paemurd,1,1,1,1,Paemurd (1),Paemurd (1)
Järvamaa,Pajujüri,1,1,1,1,Pajujüri (1),Pajujüri (1)
Järvamaa,Pajumard,1,1,1,1,Pajumard (1),Pajumard (1)
Järvamaa,Pirma,1,1,1,1,Pirma (1),Pirma (1)
Järvamaa,Prand,1,1,1,1,Prand (1),Prand (1)
Järvamaa,Preedi,1,1,1,1,Preedi (1),Preedi (1)
Järvamaa,Puivere,1,1,1,1,Puivere (1),Puivere (1)
Järvamaa,Rein,1,1,1,1,Rein (1),Rein+u (genitive) (1)
Järvamaa,Sander,1,1,1,1,Sander (1),Sander (1)
Järvamaa,Sargvere,1,1,1,1,Sargvere (1),Sargvere (1)
Järvamaa,Seersand,1,1,1,1,Seersand (1),Seersand (1)
Järvamaa,Siermann,1,1,1,1,Siermann (1),Siermann (1)
Järvamaa,Sinisalu,1,1,1,1,Sinisalu (1),Sinisalu (1)
Järvamaa,Sõero,1,1,1,1,Sõero (1),Sõero (1)
Järvamaa,Taara,1,1,1,1,Taara (1),Taara (1)
Järvamaa,Taavet,1,1,1,1,Taavet (1),Taavet (1)
Järvamaa,Takenberg,1,1,1,1,Takenberg (1),Takenberg (1)
Järvamaa,Tall,1,1,1,1,Tall (1),Tall (1)
Järvamaa,Taller,1,1,1,1,Taller (1),Taller (1)
Järvamaa,Tiidu,1,1,1,1,Tiidu (1),Tiidu (1)
Järvamaa,Totti,1,1,1,1,Totti (1),Totti (1)
Järvamaa,Traks,1,1,1,1,Traks (1),Traks (1)
Järvamaa,Triinu,1,1,1,1,Triinu (1),Triinu (1)
Järvamaa,Tõrr,1,1,1,1,Tõrr (1),Tõrr (1)
Järvamaa,Udeval,1,1,1,1,Udeval (1),Udeval (1)
Järvamaa,Uhalpea (proper noun),1,1,1,1,Uhalpea (proper noun) (1),uhalpea (1)
Järvamaa,Uku,1,1,1,1,Uku (1),Uku (1)
Järvamaa,Uurak,1,1,1,1,Uurak (1),Uurak (1)
Järvamaa,Uustalu,1,1,1,1,Uustalu (1),Uustalu (1)
Järvamaa,Vadu,1,1,1,1,Vadu (1),Vadu (1)
Järvamaa,Valda,1,1,1,1,Valda (1),Valda (1)
Järvamaa,Vembla,1,1,1,1,Vembla (1),Vembla (1)
Järvamaa,Vest,1,1,1,1,Vest (1),Vest (1)
Järvamaa,Vida,1,1,1,1,Vida (1),Vida (1)
Järvamaa,Viiso,1,1,1,1,Viiso (1),Viiso (1)
Järvamaa,Viiu,1,1,1,1,Viiu (1),Viiu (1)
Järvamaa,Villem,1,1,1,1,Villem (1),Villem (1)
Järvamaa,Villu,1,1,1,1,Villu (1),Villu (1)
Järvamaa,Vink,1,1,1,1,Vink (1),Vink (1)
Järvamaa,Virulane,1,1,1,1,Virulane (1),Virulane (1)
Järvamaa,ants,1,1,1,1,ants (1),ants (1)
Järvamaa,elama/Ella,1,1,1,1,elama/Ella (1),elama/Ella (1)
Järvamaa,iirern (uncertain),1,1,1,1,iirern (uncertain) (1),iiriern (1)
Järvamaa,kaie,1,1,1,1,kaie (1),kaie (1)
Järvamaa,maie,1,1,1,1,maie (1),maie (1)
Järvamaa,mannike,1,1,1,1,mannike (1),mannikene (1)
Järvamaa,nimega,1,1,1,1,nimega (1),nimela (1)
Järvamaa,nipitiri,1,1,1,1,nipitiri (1),nipitiri (1)
Järvamaa,tiidu,1,1,1,1,tiidu (1),tiidu (1)
Järvamaa,vii,1,1,1,1,vii (1),vii (1)
Järvamaa,viki,1,1,1,1,viki (1),viki (1)
Järvamaa,Änari,1,1,1,1,Änari (1),Änari (1)
Järvamaa,Ärvital,1,1,1,1,Ärvital (1),Ärvital (1)
Kainuu,God / Jumala / Jumal,120,75,9,13,herra (45); Jumala (39); luoja (14); Herra (13); jumala (3); Luoja (3); Jumalan (1); Luojan (1),herra (41); Jumala (36); luoja (15); Herra (14); jumala (4); Jumalan (2); Luoja (2); Herran (1)
Kainuu,Väinämöinen,48,29,3,9,Väinämöinen (46); väinämöinen (1),Väinämöinen (38); Väinämöisen (2); väinäm (2); väinämöin (1); väenämö (1); väinämöistä (1); v (1); vn (1)
Kainuu,Mary / Maria / Maarja / Mari,44,31,6,11,Maaria (17); Maria (15); Maija (7); maija (2); maaria (2); Maariana (1),Maaria (16); Maria (8); Maija (6); maaria (5); maija (2); Moarija (2); maejon (1); Maarija (1)
Kainuu,Ukko,38,29,2,5,ukko (31); Ukko (7),ukko (27); Ukko (7); uko (2); ukla (1); ukkoa (1)
Kainuu,Matthew / Matti,26,17,2,3,Matti (20); matti (6),Matti (16); matti (9); Matti+n (1)
Kainuu,Andrew / Antti,23,22,1,1,Antti (23),Antti (23)
Kainuu,Anna / Anne / Ann / Anni,21,12,4,3,Anni (16); Anna (3); anta (1); Anna (name) (1),Anni (16); Anna (4); antaa (1)
Kainuu,Jacob / Jaak / Jaakko,20,11,2,4,Jaakko (18); jaakko (2),Jaakko (12); jaakko (4); Joakko (2); joakko (2)
Kainuu,Jesus / Christ,19,19,3,4,Jeesus (16); Jesus (2),Jeesus (13); Jesus (3); Kiesus (2); Jiesus (1)
Kainuu,Peter / Pietari / Peeter,19,18,2,4,Pekka (17); Pietari (2),Pekka (16); Pietari (1); Petri (1); Pekka+n (1)
Kainuu,Ilmarinen,18,7,2,6,Ilmarinen (17); Ilmari (1),Ilmarinen (13); Ilmärinen (1); Ilmakinen (1); Ilmahinen (1); Ilmari (1); Ilmarise-n (1)
Kainuu,Henry / Heikki,17,14,1,2,Heikki (17),Heikki (16); Heikin (1)
Kainuu,John / Jaan / Jussi / Hans,16,12,3,4,Jussi (14); Johannes (1); Juhani (1),Jussi (12); jussi (2); Johannes (1); Juhani (1)
Kainuu,Thomas / Toomas / Tuomas,15,12,2,4,Tuomas (14); tuomas (1),Tuomas (8); Tuomaas (5); tuomas (1); Tuomaa-sta (1)
Kainuu,Tuoni,14,11,2,2,tuoni (12); Tuoni (2),tuoni (13); Tuonen (1)
Kainuu,Catherine / Kadri / Katri,10,4,5,4,Kaisa (3); Katri (2); kaisa (2); Kaisa+pa (2); Katariina (1),Katri (3); Kaisa (3); kaisa (2); Kaisa+pa (2)
Kainuu,George / Jüri,10,5,2,6,Yrjö (6); Jyri (4),Jyrki (4); Jyri (2); jyrki (1); yrjö (1); jyri (1); Yrjö (1)
Kainuu,Elizabeth / Liisa / Liisu / Elli,9,6,2,2,Elli (6); Liisa (3),Elli (6); Liisa (3)
Kainuu,Kalle,9,7,1,1,Kalle (9),Kalle (9)
Kainuu,Michael / Mikko / Mihkel,6,3,2,3,Mikko (4); Mikael (2),Mikkeli (2); mikko (2); Mikkeeli (2)
Kainuu,Kaija,5,5,1,1,Kaija (5),Kaija (5)
Kainuu,Martin / Mart / Märt,5,5,2,2,Martti (4); Martin (1),Martti (4); Martin (1)
Kainuu,Iivana,4,1,1,1,Iivana (4),Iivana (4)
Kainuu,Lauri,4,3,1,2,Lauri (4),Lauri (3); lauri (1)
Kainuu,Nicholas / Nikka / Klaus,4,2,1,1,Nikka (4),Nikka (4)
Kainuu,Tapio,4,4,1,1,Tapio (4),Tapio (4)
Kainuu,(proper noun),3,2,1,3,(proper noun) (3),Vorna (1); Pemmon (1); Sihva (1)
Kainuu,Eve / Eeva,3,3,2,2,aatto (2); Eeva (1),aatto (2); Eeva (1)
Kainuu,Joukamoinen / Joukahainen,3,3,2,2,Joukahainen (2); Joukamoinen (1),Joukamoinen (2); Joukahainen (1)
Kainuu,Lassi,2,2,1,1,Lassi (2),Lassi (2)
Kainuu,Lesonen,2,1,1,1,Lesonen (2),Lesonen (2)
Kainuu,Martti,2,2,1,1,Martti (2),Martti (2)
Kainuu,Osmotar,2,1,1,1,Osmotar (2),Osmotar (2)
Kainuu,Paavo,2,2,1,2,Paavo (2),Poavo (1); Paavo (1)
Kainuu,Simon / Siim / Simo,2,2,1,1,Simo (2),Simo (2)
Kainuu,kaija,2,1,1,1,kaija (2),kaija (2)
Kainuu,(proper name),1,1,1,1,(proper name) (1),Pätöinen (1)
Kainuu,(proper noun?),1,1,1,1,,Tarles (1)
Kainuu,Aapro,1,1,1,1,Aapro (1),Aapro (1)
Kainuu,Aatami,1,1,1,1,Aatami (1),Aatami (1)
Kainuu,Ahti,1,1,1,1,Ahti (1),Ahti (1)
Kainuu,Anninen,1,1,1,1,Anninen (1),Anninen (1)
Kainuu,Elias / Eljas,1,1,1,1,Elias (1),Elias (1)
Kainuu,Erkki,1,1,1,1,Erkki (1),Erkki (1)
Kainuu,Esko,1,1,1,1,Esko (1),Eskon (1)
Kainuu,Hemmiläinen,1,1,1,1,Hemmiläinen (1),Hemmiläinen (1)
Kainuu,Hilleri,1,1,1,1,Hilleri (1),Hilleri+n (1)
Kainuu,Iikoski,1,1,1,1,Iikoski (1),Iikoski (1)
Kainuu,Isto,1,1,1,1,Isto (1),Isto (1)
Kainuu,Joseph / Joosep,1,1,1,1,Jooseppi (1),Jooseppi (1)
Kainuu,Judas / Juudas,1,1,1,1,Juudas (1),Juutas (1)
Kainuu,Juho,1,1,1,1,Juho (1),Juho (1)
Kainuu,Jässä,1,1,1,1,Jässä (1),Jässä (1)
Kainuu,Kaijo,1,1,1,1,Kaijo (1),Kaijo (1)
Kainuu,Kaisu,1,1,1,1,Kaisu (1),Kaisu (1)
Kainuu,Kajani,1,1,1,1,Kajani (1),Kajani (1)
Kainuu,Kalika,1,1,1,1,Kalika (1),Kalika (1)
Kainuu,Kupu,1,1,1,1,Kupu (1),Kupu (1)
Kainuu,Kuurras,1,1,1,1,Kuurras (1),Kuurras (1)
Kainuu,Lasanen,1,1,1,1,Lasanen (1),Lasanen (1)
Kainuu,Lekka,1,1,1,1,Lekka (1),Lekka (1)
Kainuu,Maariana,1,1,1,1,Maariana (1),Maariana (1)
Kainuu,Manni,1,1,1,1,Manni (1),Manni (1)
Kainuu,Nuutti,1,1,1,1,Nuutti (1),Nuutti (1)
Kainuu,Ohto,1,1,1,1,Ohto (1),oho (1)
Kainuu,Oijus,1,1,1,1,Oijus (1),Oijus (1)
Kainuu,Paappola,1,1,1,1,Paappola (1),Paappola (1)
Kainuu,Parsima,1,1,1,1,Parsima (1),Parsima (1)
Kainuu,Penttilä,1,1,1,1,Penttilä (1),Penttilä (1)
Kainuu,Perttuli,1,1,1,1,Perttuli (1),perttuli (1)
Kainuu,Pippila,1,1,1,1,Pippila (1),Pippila (1)
Kainuu,Pirkko,1,1,1,1,Pirkko (1),Pirkko (1)
Kainuu,Pirko,1,1,1,1,Pirko (1),Pirko (1)
Kainuu,Pupuri,1,1,1,1,Pupuri (1),Pupuri (1)
Kainuu,Rani,1,1,1,1,Rani (1),Rani (1)
Kainuu,Riitu,1,1,1,1,Riitu (1),Riitu (1)
Kainuu,Rimpilä,1,1,1,1,Rimpilä (1),Rimpilä (1)
Kainuu,Ruuna,1,1,1,1,Ruuna (1),Ruuna (1)
Kainuu,Salomo,1,1,1,1,Salomo (1),Salomo (1)
Kainuu,Samppi,1,1,1,1,Samppi (1),Samppi (1)
Kainuu,Sarah / Saara,1,1,1,1,säärä (1),säärä (1)
Kainuu,Soimen,1,1,1,1,Soimen (1),Soimi (1)
Kainuu,Tintta,1,1,1,1,Tintta (1),Tintta (1)
Kainuu,Tuupala,1,1,1,1,Tuupala (1),Tuupala (1)
Kainuu,Tuuteri,1,1,1,1,Tuuteri (1),Tuuteri (1)
Kainuu,Virpelä,1,1,1,1,Virpelä (1),Virpelä (1)
Kainuu,anneli,1,1,1,1,anneli (1),anli (1)
Kainuu,hoviantti,1,1,1,1,hoviantti (1),hoviantti (1)
Kainuu,maanantai,1,1,1,1,maanantai (1),maanantai (1)
Kainuu,manni,1,1,1,1,manni (1),manni (1)
Kainuu,nimetön,1,1,1,1,nimetön (1),nimetön (1)
Kainuu,nimi,1,1,1,1,nimi (1),nimi (1)
Kainuu,pikkurilli,1,1,1,1,pikkurilli (1),pikkurilli (1)
Kainuu,saltti,1,1,1,1,saltti (1),saltti (1)
Kainuu,tussa,1,1,1,1,tussa (1),tussa (1)
Keski-Inkeri,God / Jumala / Jumal,737,321,20,73,herra (211); luoja (172); Jumala (166); jumala (82); Luoja (48); jumalainen (20); Herra (14); herrojen (5),herra (181); luoja (121); Jumala (96); jumala (94); Luoja (31); herran (20); jumalainen (18); Herra (12)
Keski-Inkeri,Mary / Maria / Maarja / Mari,164,91,14,36,Mari (46); Maria (34); Maaria (33); Maija (24); maija (10); Marja (5); Marjatta (3); marja (2),Mari (45); Maaria (31); Maie (16); Maria (15); Maariainen (5); maijoi (5); Maarja (5); maija (4)
Keski-Inkeri,Jesus / Christ,126,68,4,18,Jeesus (108); Jesus (10); Kristus (7); Jeesuksen (1),Jeesus (55); Jesus (16); Iesus (8); Iessus (7); Kristus (7); Jiessus (6); Jessus (5); Kiesus (5)
Keski-Inkeri,Catherine / Kadri / Katri,112,43,10,16,Katri (50); Kati (24); Kaisa (23); Katariina (5); Katriina (4); Katrina (2); Katrin (1); Katti (1),Katri (43); Kati (25); Kaisa (22); Katrina (7); Katti (2); Katriina (2); katteeriina (2); katrin (1)
Keski-Inkeri,Ukko,104,67,2,9,ukko (98); Ukko (6),ukko (82); uukko (7); Ukko (6); äijä (2); ukon (2); ukkoloil (2); ukot (1); uukkoi (1)
Keski-Inkeri,Tuoni,103,34,4,8,Tuoni (97); tuoni (4); Tuonen (1); tuoninen (1),Tuoni (93); Tuonen (3); tuoni (2); tuonoin (1); tuone-n (1); Tuone-n (1); tuonainen (1); Tooni (1)
Keski-Inkeri,Anna / Anne / Ann / Anni,72,35,5,7,Anni (66); Anno (2); Anu (2); Ann (1); Anna (1),Anni (65); Anu (2); Annin (1); Annojais (1); Annoin (1); Annoi (1); anni (1)
Keski-Inkeri,Kalev / Kalervo,66,33,6,14,Kalervo (53); Kalervoinen (8); kalervo (2); kalevalaisia (1); Kalervainen (1); Kalervalta (1),Kalervo (40); Kalervoinen (8); kalervoin (6); kalervo (2); kalevaista (1); kalervon (1); Kalervut (1); Kallervo (1)
Keski-Inkeri,Peter / Pietari / Peeter,52,50,6,16,Pietari (38); Petteri (10); Pekka (1); Petro (1); Petri (1); Pietarista (1),Pietari (27); Petteri (10); Piiteri (2); Pekko (1); Pietar (1); Petro (1); Pietari-sta (1); Piteri (1)
Keski-Inkeri,Matthew / Matti,48,39,7,9,Matti (35); matti (5); matto (3); mätti (2); mattoja (1); Matias (1); Mattila (1),Matti (33); matti (6); matto (3); mattoja (1); Matjas? (1); Matti+lle (1); Mattila (1); mättähän (1)
Keski-Inkeri,Untamo,46,15,1,14,Untamo (46),Untamo (30); untoi (3); Untamoi (2); Unto (1); Untu (1); untamoin (1); untamon (1); Untoi (1)
Keski-Inkeri,Väinämöinen,35,13,1,7,Väinämöinen (35),Väinämöin (16); Väinämöinen (10); väinämöine (5); Äyrämöinen (1); Väinämoinen (1); väinämöinen (1); väinämöin (1)
Keski-Inkeri,Joukamoinen / Joukahainen,24,7,2,6,Joukamoinen (17); Joukahainen (7),Joukamoin (15); Joukamoinen (3); joukamoiselle (3); joukamoinen (1); joukamoilen (1); joukamoin (1)
Keski-Inkeri,(proper noun),23,10,1,13,(proper noun) (23),Kiesus (6); Unno (3); Venna (3); Peresnuova (2); Untere (1); Jäntere (1); Paatitsa (1); Tereskala (1)
Keski-Inkeri,John / Jaan / Jussi / Hans,23,11,5,7,Jussi (11); Juhana (5); Iivana (3); Hannu (3); Johannes (1),Jussi (9); Iivana (4); Juhana (4); Hannoi (3); Jusso (1); Juss (1); Johannan (1)
Keski-Inkeri,Eve / Eeva,19,12,3,3,Eeva (15); Ieva (2); Eevan (2),Ieva (14); Eeva (4); Ievan (1)
Keski-Inkeri,(name),17,8,1,9,(name) (17),Ismaroi (6); Suara (2); Marjuveini (2); Oappo (2); (name) (1); Helka (1); Soppo (1); Kalervikko (1)
Keski-Inkeri,Unto,17,8,1,3,Unto (17),Unto (15); unto (1); Untoi (1)
Keski-Inkeri,Michael / Mikko / Mihkel,15,8,3,5,Mikko (8); Mikki (6); Mikkoon (1),Mikko (6); Mikki (6); Mikko+laan (1); Mikkäli (1); Mikkelin (1)
Keski-Inkeri,Tuuteri,15,9,1,1,Tuuteri (15),Tuuteri (15)
Keski-Inkeri,Lauri,14,12,1,1,Lauri (14),Lauri (14)
Keski-Inkeri,Andrew / Antti,13,9,1,3,Antti (13),Antti (11); antra (1); Anttu (1)
Keski-Inkeri,Hekko,13,6,1,3,Hekko (13),Hekko (6); hekkoi (5); hekoin (2)
Keski-Inkeri,Hatsina,12,12,1,3,Hatsina (12),Hatsina (10); Hatschina (1); Hatsinaan (1)
Keski-Inkeri,Ilmarinen,12,11,1,5,Ilmarinen (12),Ilmarinen (5); Ilmaro (2); Ilmaroi (2); ilmaro (2); Ilmarinta (1)
Keski-Inkeri,Sämpsä,12,1,1,4,Sämpsä (12),sämpsöin (8); sämpsöi (2); sämpsö (1); sämsöin (1)
Keski-Inkeri,Maikko,11,1,1,1,Maikko (11),Maikko (11)
Keski-Inkeri,Helka,10,2,1,2,Helka (10),Helka (6); helka (4)
Keski-Inkeri,Kirsti,10,6,1,2,Kirsti (10),Kirsti (9); Kirstina (1)
Keski-Inkeri,Maiju,9,2,1,4,Maiju (9),Maijo (4); Maiju (2); Maijoi (2); Maijukka (1)
Keski-Inkeri,Thomas / Toomas / Tuomas,8,7,2,4,Tuomas (7); Tuomaan (1),Tuomas (5); Tuomaa (1); tuomas (1); Tuomaan (1)
Keski-Inkeri,Vilppo,7,2,1,1,Vilppo (7),Vilppo (7)
Keski-Inkeri,Antero,6,6,1,1,Antero (6),Antero (6)
Keski-Inkeri,Pellervo,6,1,1,1,Pellervo (6),pellervoin (6)
Keski-Inkeri,Simon / Siim / Simo,6,5,1,1,Simo (6),Simo (6)
Keski-Inkeri,(proper name),5,2,1,4,(proper name) (5),Suaren & kukka (2); Sassa (1); Passa (1); Kutsina (1)
Keski-Inkeri,Annikka,5,3,1,1,Annikka (5),Annikka (5)
Keski-Inkeri,George / Jüri,5,2,2,2,Yrjö (4); jyri (1),Jyrki (4); jyri (1)
Keski-Inkeri,Kaukamoi,5,1,1,2,Kaukamoi (5),kaukamoi (4); kaukamoin (1)
Keski-Inkeri,Kirjo,5,3,1,2,Kirjo (5),Kirjo (4); Kirjo+ini (1)
Keski-Inkeri,Anterus,4,1,1,1,Anterus (4),Anterus (4)
Keski-Inkeri,Elizabeth / Liisa / Liisu / Elli,4,3,2,2,Elina (2); Liisa (2),Elina (2); Liisa (2)
Keski-Inkeri,Jacob / Jaak / Jaakko,4,4,2,2,Jaakko (3); Jaakob (1),Jaakko (3); Jaakob (1)
Keski-Inkeri,Kaletteri,4,1,1,1,Kaletteri (4),Kaletteri (4)
Keski-Inkeri,Kiesus,4,3,1,2,Kiesus (4),Kiesus (3); kiesus (1)
Keski-Inkeri,Kimmo,4,1,1,1,Kimmo (4),Kimmo (4)
Keski-Inkeri,Konttu,4,1,1,1,Konttu (4),Konttu (4)
Keski-Inkeri,Kuippina,4,2,1,2,Kuippina (4),Kuippina (3); kuippina (1)
Keski-Inkeri,Minni,4,1,1,1,Minni (4),Minni (4)
Keski-Inkeri,Soppo,4,3,1,1,Soppo (4),Soppo (4)
Keski-Inkeri,Tuurikkainen,4,4,1,1,Tuurikkainen (4),Tuurikkainen (4)
Keski-Inkeri,Aino,3,2,1,3,Aino (3),Aino (1); aino (1); ainoi (1)
Keski-Inkeri,Henry / Heikki,3,1,1,1,Heikki (3),Heikki (3)
Keski-Inkeri,Liihala,3,1,1,1,Liihala (3),Liihala (3)
Keski-Inkeri,Limo,3,1,1,1,Limo (3),Limoi (3)
Keski-Inkeri,Martin / Mart / Märt,3,3,1,1,Martti (3),Martti (3)
Keski-Inkeri,Nicholas / Nikka / Klaus,3,3,2,2,Nikko (2); Niko (1),Nikko (2); nikko (1)
Keski-Inkeri,Peijooni,3,1,1,1,Peijooni (3),Peijo (3)
Keski-Inkeri,Sarah / Saara,3,3,2,2,Saara (2); säärä (1),Saara (2); siäret (1)
Keski-Inkeri,Sopo,3,2,1,2,Sopo (3),Sopo (2); sopo (1)
Keski-Inkeri,Vennä,3,2,1,1,Vennä (3),Vennä (3)
Keski-Inkeri,(name) Sopo,2,1,1,2,(name) Sopo (2),Sopo-i-len (1); Sopo-i (1)
Keski-Inkeri,Ahti,2,2,1,1,Ahti (2),Ahti (2)
Keski-Inkeri,Gorka,2,1,1,1,Gorka (2),Gorka (2)
Keski-Inkeri,Haikko,2,1,1,1,Haikko (2),Haikko (2)
Keski-Inkeri,Hekka,2,1,1,1,Hekka (2),Hekka (2)
Keski-Inkeri,Hele,2,1,1,1,Hele (2),Hele (2)
Keski-Inkeri,Hessu,2,1,1,1,Hessu (2),Hessu (2)
Keski-Inkeri,Hulin,2,1,1,1,Hulin (2),Hulin (2)
Keski-Inkeri,Ilmari,2,1,1,1,Ilmari (2),Ilmari (2)
Keski-Inkeri,Jyrki,2,1,1,1,Jyrki (2),Jyrki (2)
Keski-Inkeri,Kaara,2,1,1,2,Kaara (2),kaarastaan (1); kaarasta (1)
Keski-Inkeri,Kaarosta,2,2,1,2,Kaarosta (2),Kaarosta (1); Kaarosta-han (1)
Keski-Inkeri,Kalkala,2,1,1,1,Kalkala (2),Kalkala (2)
Keski-Inkeri,Kasperi,2,1,1,1,Kasperi (2),Kasperi (2)
Keski-Inkeri,Kattara,2,1,1,2,Kattara (2),kattarainen (1); kattaralle (1)
Keski-Inkeri,Kiiava,2,1,1,1,Kiiava (2),Kiiava (2)
Keski-Inkeri,Kirstin,2,1,1,1,Kirstin (2),Kirstin (2)
Keski-Inkeri,Kirstina,2,1,1,1,Kirstina (2),Kirstina (2)
Keski-Inkeri,Koijoi,2,1,1,1,Koijoi (2),Koijoi (2)
Keski-Inkeri,Kojonen,2,1,1,1,Kojonen (2),Kojonen (2)
Keski-Inkeri,Kolppina,2,1,1,1,Kolppina (2),Kolppina (2)
Keski-Inkeri,Korkka,2,1,1,1,Korkka (2),Korkka (2)
Keski-Inkeri,Kotselaan,2,1,1,1,Kotselaan (2),Kotselaa (2)
Keski-Inkeri,Kuusoja,2,2,1,1,Kuusoja (2),Kuusoja (2)
Keski-Inkeri,Lassi,2,2,1,2,Lassi (2),Lassi (1); Lassa (1)
Keski-Inkeri,Liippo (name),2,1,1,1,Liippo (name) (2),Liippo (2)
Keski-Inkeri,Liissilään,2,1,1,1,Liissilään (2),Liissilähen (2)
Keski-Inkeri,Manerkka,2,1,1,1,Manerkka (2),Manerkka (2)
Keski-Inkeri,Miina,2,1,1,1,Miina (2),Miina (2)
Keski-Inkeri,Molot,2,2,1,1,Molot (2),Molot (2)
Keski-Inkeri,Perjo,2,1,1,1,Perjo (2),Perjo (2)
Keski-Inkeri,Pietteri,2,1,1,1,Pietteri (2),Pietteri (2)
Keski-Inkeri,Pilpa,2,1,1,1,Pilpa (2),Pilpa (2)
Keski-Inkeri,Puutosti,2,1,1,2,Puutosti (2),Puutosti (1); Puutostihin (1)
Keski-Inkeri,Soara,2,1,1,1,Soara (2),Soara (2)
Keski-Inkeri,Sohvi,2,2,1,1,Sohvi (2),Sohvi (2)
Keski-Inkeri,Suara,2,1,1,1,Suara (2),Suara (2)
Keski-Inkeri,Taari,2,1,1,1,Taari (2),Taari (2)
Keski-Inkeri,Tuuri,2,2,1,1,Tuuri (2),Tuuri (2)
Keski-Inkeri,Tuurikkoinen,2,2,1,1,Tuurikkoinen (2),Tuurikkoinen (2)
Keski-Inkeri,Tuuteriin,2,1,1,1,Tuuteriin (2),Tuuterihen (2)
Keski-Inkeri,Untamon,2,1,1,2,Untamon (2),untamol (1); untamon (1)
Keski-Inkeri,Vello,2,2,1,1,Vello (2),Vello (2)
Keski-Inkeri,Vento,2,2,1,1,Vento (2),Vento (2)
Keski-Inkeri,Vihi,2,1,1,1,Vihi (2),Vihi (2)
Keski-Inkeri,Vääskölä,2,2,1,1,Vääskölä (2),Vääskölä (2)
Keski-Inkeri,ani,2,2,1,1,ani (2),ani (2)
Keski-Inkeri,kaija,2,2,1,1,kaija (2),kaija (2)
Keski-Inkeri,kaijukka+inen,2,2,1,2,kaijukka+inen (2),kaijukkainen (1); kaijukka+ine (1)
Keski-Inkeri,maijukka+inen,2,2,1,2,maijukka+inen (2),maijukkainen (1); maijukka+ine (1)
Keski-Inkeri,osmolainen,2,2,1,2,osmolainen (2),Osmolainen (1); osmolainen (1)
Keski-Inkeri,(name) Hekko,1,1,1,1,(name) Hekko (1),Hekko-i (1)
Keski-Inkeri,(name) Heko,1,1,1,1,(name) Heko (1),Heko-i-le (1)
Keski-Inkeri,Aappo,1,1,1,1,Aappo (1),Aappo (1)
Keski-Inkeri,Aglitsa,1,1,1,1,Aglitsa (1),aglitsan (1)
Keski-Inkeri,Annika,1,1,1,1,Annika (1),Annika (1)
Keski-Inkeri,Annikki,1,1,1,1,Annikki (1),Annikki (1)
Keski-Inkeri,Elias / Eljas,1,1,1,1,Elias (1),Iilia (1)
Keski-Inkeri,Endresmatti,1,1,1,1,Endresmatti (1),Endresmatti (1)
Keski-Inkeri,Engermanni,1,1,1,1,Engermanni (1),Engermanni (1)
Keski-Inkeri,Fransa,1,1,1,1,Fransa (1),Fransa (1)
Keski-Inkeri,Halli/halli,1,1,1,1,Halli/halli (1),Halli/halli (1)
Keski-Inkeri,Heko,1,1,1,1,Heko (1),Hekolle (1)
Keski-Inkeri,Helena,1,1,1,1,Helena (1),Helena (1)
Keski-Inkeri,Hirvo,1,1,1,1,Hirvo (1),Hirvo (1)
Keski-Inkeri,Hyrkkä,1,1,1,1,Hyrkkä (1),Hyrkkä (1)
Keski-Inkeri,Ieva,1,1,1,1,Ieva (1),Ieva (1)
Keski-Inkeri,Iisti,1,1,1,1,Iisti (1),Iistinäst (1)
Keski-Inkeri,Iivana,1,1,1,1,Iivana (1),Iivana (1)
Keski-Inkeri,Ilnitsä (proper noun),1,1,1,1,Ilnitsä (proper noun) (1),Ilnitsä (1)
Keski-Inkeri,Inkeri,1,1,1,1,Inkeri (1),Inkeri (1)
Keski-Inkeri,Ismaroi,1,1,1,1,Ismaroi (1),ismaroi (1)
Keski-Inkeri,Jorkova,1,1,1,1,Jorkova (1),Jorkova (1)
Keski-Inkeri,Joukamo,1,1,1,1,Joukamo (1),Joukamo (1)
Keski-Inkeri,Kaaras,1,1,1,1,Kaaras (1),kaarassa (1)
Keski-Inkeri,Kaarassa,1,1,1,1,Kaarassa (1),Kaarassa (1)
Keski-Inkeri,Kaija,1,1,1,1,Kaija (1),Kaijukka (1)
Keski-Inkeri,Kakkula,1,1,1,1,Kakkula (1),Kakkula (1)
Keski-Inkeri,Kako,1,1,1,1,Kako (1),Kako (1)
Keski-Inkeri,Kalervikko,1,1,1,1,Kalervikko (1),Kalervikko (1)
Keski-Inkeri,Kalervoinen,1,1,1,1,Kalervoinen (1),Kalervoinen (1)
Keski-Inkeri,Kalervu,1,1,1,1,Kalervu (1),Kalervu (1)
Keski-Inkeri,Kalo,1,1,1,1,Kalo (1),Kalo (1)
Keski-Inkeri,Kaprion,1,1,1,1,Kaprion (1),Kaprio (1)
Keski-Inkeri,Kassu,1,1,1,1,Kassu (1),Kassu (1)
Keski-Inkeri,Katerina,1,1,1,1,Katerina (1),Katerina (1)
Keski-Inkeri,Katka (proper noun),1,1,1,1,Katka (proper noun) (1),Katka (1)
Keski-Inkeri,Katsina,1,1,1,1,Katsina (1),Katschina (1)
Keski-Inkeri,Kavva,1,1,1,1,Kavva (1),Kavva (1)
Keski-Inkeri,Kiljan,1,1,1,1,Kiljan (1),Kiljan (1)
Keski-Inkeri,Koi,1,1,1,1,Koi (1),Koi (1)
Keski-Inkeri,Kojo,1,1,1,1,Kojo (1),Kojo (gen. Kojosen) (1)
Keski-Inkeri,Kokko,1,1,1,1,Kokko (1),Kokkel (1)
Keski-Inkeri,Konnalta,1,1,1,1,Konnalta (1),Konna (1)
Keski-Inkeri,Konnula,1,1,1,1,Konnula (1),Konnula (1)
Keski-Inkeri,Konnun,1,1,1,1,Konnun (1),Konnu (1)
Keski-Inkeri,Kostinoi,1,1,1,1,Kostinoi (1),Kostinoi (1)
Keski-Inkeri,Kotselassa,1,1,1,1,Kotselassa (1),kotselas (1)
Keski-Inkeri,Kulervo,1,1,1,1,Kulervo (1),Kulervo (1)
Keski-Inkeri,Kuoritsa,1,1,1,1,Kuoritsa (1),Kuoritsa (1)
Keski-Inkeri,Kusto,1,1,1,1,Kusto (1),Kusto (1)
Keski-Inkeri,Kuuro (name),1,1,1,1,Kuuro (name) (1),Kuuro (1)
Keski-Inkeri,Kuusojalta,1,1,1,1,Kuusojalta (1),Kuusoja (1)
Keski-Inkeri,Kuuttar,1,1,1,1,Kuuttar (1),kuuttaralle (1)
Keski-Inkeri,Kyyre,1,1,1,1,Kyyre (1),Kyyre (1)
Keski-Inkeri,Laslaviko,1,1,1,1,Laslaviko (1),Laslaviko (1)
Keski-Inkeri,Lassa,1,1,1,1,Lassa (1),Lassa (1)
Keski-Inkeri,Liikari (proper noun),1,1,1,1,Liikari (proper noun) (1),liikari (1)
Keski-Inkeri,Liissilässä,1,1,1,1,Liissilässä (1),Liissiläs (1)
Keski-Inkeri,Limoinen,1,1,1,1,Limoinen (1),Limoinen (1)
Keski-Inkeri,Lomkki,1,1,1,1,Lomkki (1),Lomkki (1)
Keski-Inkeri,Maijukka,1,1,1,1,Maijukka (1),Maijukka (1)
Keski-Inkeri,Maio (proper noun),1,1,1,1,Maio (proper noun) (1),Maio (1)
Keski-Inkeri,Maire,1,1,1,1,Maire (1),Maire (1)
Keski-Inkeri,Manni,1,1,1,1,Manni (1),Manni (1)
Keski-Inkeri,Mantero,1,1,1,1,Mantero (1),Mantero (1)
Keski-Inkeri,Market,1,1,1,1,Market (1),Market (1)
Keski-Inkeri,Martti,1,1,1,1,Martti (1),Martti (1)
Keski-Inkeri,Massa,1,1,1,1,Massa (1),Massa (1)
Keski-Inkeri,Messalina,1,1,1,1,Messalina (1),Messalina (1)
Keski-Inkeri,Miikkola,1,1,1,1,Miikkola (1),Miikkola (1)
Keski-Inkeri,Miikkula (proper noun),1,1,1,1,Miikkula (proper noun) (1),Miikkula (1)
Keski-Inkeri,Mirja,1,1,1,1,Mirja (1),Mirja (1)
Keski-Inkeri,Mosina,1,1,1,1,Mosina (1),Mosina (1)
Keski-Inkeri,Moskova,1,1,1,1,Moskova (1),Moskova (1)
Keski-Inkeri,Moskovan,1,1,1,1,Moskovan (1),Moskova (1)
Keski-Inkeri,Mukko,1,1,1,1,Mukko (1),Mukko (1)
Keski-Inkeri,Musko,1,1,1,1,Musko (1),Musko (1)
Keski-Inkeri,Myyry,1,1,1,1,Myyry (1),Myyry (1)
Keski-Inkeri,Myyrylä,1,1,1,1,Myyrylä (1),Myyrylä (1)
Keski-Inkeri,Narvo,1,1,1,1,Narvo (1),narvoit (1)
Keski-Inkeri,Neva,1,1,1,1,Neva (1),Neva (1)
Keski-Inkeri,Nikku,1,1,1,1,Nikku (1),Nikku (1)
Keski-Inkeri,Oappo,1,1,1,1,Oappo (1),Oappo (1)
Keski-Inkeri,Osku,1,1,1,1,Osku (1),Osku (1)
Keski-Inkeri,Osmala,1,1,1,1,Osmala (1),Osmala (1)
Keski-Inkeri,Osmanni,1,1,1,1,Osmanni (1),Osmanni (1)
Keski-Inkeri,Paaritsa,1,1,1,1,Paaritsa (1),Paaritsa (1)
Keski-Inkeri,Paasaho,1,1,1,1,Paasaho (1),Paasaho (1)
Keski-Inkeri,Paastu,1,1,1,1,Paastu (1),Paastu (1)
Keski-Inkeri,Paavali,1,1,1,1,Paavali (1),Paavali (1)
Keski-Inkeri,Paavo,1,1,1,1,Paavo (1),Paavo (1)
Keski-Inkeri,Pauluskoi (proper),1,1,1,1,Pauluskoi (proper) (1),Pauluskoi (1)
Keski-Inkeri,Pekko (proper noun),1,1,1,1,Pekko (proper noun) (1),Pekko (1)
Keski-Inkeri,Pellervoinen,1,1,1,1,Pellervoinen (1),Pellervoinen (1)
Keski-Inkeri,Petra,1,1,1,1,Petra (1),Petra (1)
Keski-Inkeri,Pienikki,1,1,1,1,Pienikki (1),Pienikki (1)
Keski-Inkeri,Piesola,1,1,1,1,Piesola (1),Piesola (1)
Keski-Inkeri,Pornitsa,1,1,1,1,Pornitsa (1),Pornitsa (1)
Keski-Inkeri,Pornitsa (proper noun),1,1,1,1,Pornitsa (proper noun) (1),Pornitsa (1)
Keski-Inkeri,Proper noun (mythological?),1,1,1,1,,Minervyein (1)
Keski-Inkeri,Proper noun (place?),1,1,1,1,,Kaarastaa (1)
Keski-Inkeri,Pulkkala,1,1,1,1,Pulkkala (1),Pulkkala (1)
Keski-Inkeri,Pääsölä,1,1,1,1,Pääsölä (1),Pääsölään (1)
Keski-Inkeri,Raasina,1,1,1,1,Raasina (1),Raasina (1)
Keski-Inkeri,Rakkola (proper noun),1,1,1,1,Rakkola (proper noun) (1),Rakkola (1)
Keski-Inkeri,Rampova,1,1,1,1,Rampova (1),Rampova (1)
Keski-Inkeri,Ransu,1,1,1,1,Ransu (1),Ransu (1)
Keski-Inkeri,Rantsi,1,1,1,1,Rantsi (1),Rantsi (1)
Keski-Inkeri,Repla,1,1,1,1,Repla (1),Repla (1)
Keski-Inkeri,Resonka,1,1,1,1,Resonka (1),Resonka (1)
Keski-Inkeri,Riepponen,1,1,1,1,Riepponen (1),Riepponen (1)
Keski-Inkeri,Rikina,1,1,1,1,Rikina (1),Rikina (1)
Keski-Inkeri,Saamustissa,1,1,1,1,Saamustissa (1),Saamustissa (1)
Keski-Inkeri,Sakoska,1,1,1,1,Sakoska (1),Sakoska (1)
Keski-Inkeri,Sassa,1,1,1,1,Sassa (1),Sassa (1)
Keski-Inkeri,Simoserra,1,1,1,1,Simoserra (1),Simoserra (1)
Keski-Inkeri,Sohvi (proper noun),1,1,1,1,Sohvi (proper noun) (1),Sohvi (1)
Keski-Inkeri,Solen,1,1,1,1,Solen (1),Solen (1)
Keski-Inkeri,Somer/somero,1,1,1,1,Somer/somero (1),Somer/somero (1)
Keski-Inkeri,Spankkovalta,1,1,1,1,Spankkovalta (1),Spankkovalta (1)
Keski-Inkeri,Sunkura,1,1,1,1,Sunkura (1),Sunkura (1)
Keski-Inkeri,Sunta,1,1,1,1,Sunta (1),Suntakina (1)
Keski-Inkeri,Tahvo,1,1,1,1,Tahvo (1),Tahvo (1)
Keski-Inkeri,Tannu,1,1,1,1,Tannu (1),Tannu (1)
Keski-Inkeri,Tattari,1,1,1,1,Tattari (1),Tattari (1)
Keski-Inkeri,Tehvilä,1,1,1,1,Tehvilä (1),Tehvinäst (1)
Keski-Inkeri,Terenttilä,1,1,1,1,Terenttilä (1),Terenttilä (1)
Keski-Inkeri,Tiitu,1,1,1,1,Tiitu (1),Tiitu (1)
Keski-Inkeri,Topo,1,1,1,1,Topo (1),Topo (1)
Keski-Inkeri,Tormio,1,1,1,1,Tormio (1),Tormio (1)
Keski-Inkeri,Torosova,1,1,1,1,Torosova (1),Torosova (1)
Keski-Inkeri,Tuaitsa,1,1,1,1,Tuaitsa (1),Tuaitsast (1)
Keski-Inkeri,Tuarovitsa,1,1,1,1,Tuarovitsa (1),Tuarovitsa (1)
Keski-Inkeri,Tuuteri (proper noun),1,1,1,1,Tuuteri (proper noun) (1),Tuuteri (1)
Keski-Inkeri,Tuuterissa,1,1,1,1,Tuuterissa (1),tuuteris (1)
Keski-Inkeri,Ulli,1,1,1,1,Ulli (1),Ulli (1)
Keski-Inkeri,Untamoinen,1,1,1,1,Untamoinen (1),Untamoinen (1)
Keski-Inkeri,Untamolta,1,1,1,1,Untamolta (1),untamolt (1)
Keski-Inkeri,Vaaja,1,1,1,1,Vaaja (1),Vaaja (1)
Keski-Inkeri,Vanju (proper noun),1,1,1,1,Vanju (proper noun) (1),Vanju (1)
Keski-Inkeri,Vappu,1,1,1,1,Vappu (1),Vappu (1)
Keski-Inkeri,Vellais,1,1,1,1,Vellais (1),Vellais (1)
Keski-Inkeri,Vellasen,1,1,1,1,Vellasen (1),Vellane (1)
Keski-Inkeri,Viiritsa,1,1,1,1,Viiritsa (1),Viiritsa (1)
Keski-Inkeri,Virro,1,1,1,1,Virro (1),Virroo (1)
Keski-Inkeri,Ylimö,1,1,1,1,Ylimö (1),Ylimö (1)
Keski-Inkeri,[proper noun],1,1,1,1,[proper noun] (1),Ontrova-sta (1)
Keski-Inkeri,ainoa,1,1,1,1,ainoa (1),aino (1)
Keski-Inkeri,kaijukainen,1,1,1,1,kaijukainen (1),kaijukkaine (1)
Keski-Inkeri,kalervikko,1,1,1,1,kalervikko (1),kalervikko (1)
Keski-Inkeri,katu,1,1,1,1,katu (1),katu+seni (1)
Keski-Inkeri,laari,1,1,1,1,laari (1),laari (1)
Keski-Inkeri,maanantai,1,1,1,1,maanantai (1),maanantai (1)
Keski-Inkeri,maijukainen,1,1,1,1,maijukainen (1),maijukkaine (1)
Keski-Inkeri,millä,1,1,1,1,,
Keski-Inkeri,nimetön,1,1,1,1,nimetön (1),nimetön (1)
Keski-Inkeri,nimi,1,1,1,1,nimi (1),nimi (1)
Keski-Inkeri,pommi,1,1,1,1,pommi (1),Pommi (1)
Keski-Inkeri,potti,1,1,1,1,potti (1),Potti (1)
Keski-Suomi,God / Jumala / Jumal,102,73,5,12,herra (45); Jumala (26); Herra (16); jumala (8); luoja (7),herra (43); Jumala (22); Herra (15); jumala (8); luoja (7); imeinen (1); Jumala+kin (1); herra-n (1)
Keski-Suomi,Matthew / Matti,99,49,2,7,Matti (96); matti (3),Matti (91); matti (3); mattiin (1); matista (1); matin (1); Mattii (1); Matista (1)
Keski-Suomi,Ukko,68,57,2,2,ukko (65); Ukko (3),ukko (64); Ukko (4)
Keski-Suomi,Elizabeth / Liisa / Liisu / Elli,53,27,2,2,Elli (40); Liisa (13),Elli (40); Liisa (13)
Keski-Suomi,Andrew / Antti,41,37,1,3,Antti (41),Antti (39); Anti (1); Anttis (1)
Keski-Suomi,Henry / Heikki,34,28,3,4,Heikki (32); Henrikki (1); Henrik (1),Heikki (31); Hesse (1); Hentrikki (1); Henrikki (1)
Keski-Suomi,Mary / Maria / Maarja / Mari,29,28,4,8,Maija (14); Maria (8); maija (4); Maaria (3),Maija (13); Maria (5); Maaria (4); maija (3); maij (1); Mariaan (1); Mariasta (1); maejoo (1)
Keski-Suomi,John / Jaan / Jussi / Hans,23,22,2,3,Jussi (20); Johannes (3),Jussi (20); Juhannes (2); Johannes (1)
Keski-Suomi,Peter / Pietari / Peeter,21,20,2,3,Pekka (12); Pietari (9),Pekka (12); Pietari (7); Pietar (2)
Keski-Suomi,Lemminkäinen,18,1,1,1,Lemminkäinen (18),Lemminkäinen (18)
Keski-Suomi,Väinämöinen,18,12,1,3,Väinämöinen (18),Väinämöinen (13); Väinämöönen (3); väinämöinen (2)
Keski-Suomi,Alli,16,15,1,1,Alli (16),Alli (16)
Keski-Suomi,Lassi,12,12,1,1,Lassi (12),Lassi (12)
Keski-Suomi,Nicholas / Nikka / Klaus,12,1,1,1,Nikka (12),Nikka (12)
Keski-Suomi,Hytelä,10,5,1,1,Hytelä (10),Hytelä (10)
Keski-Suomi,(name),9,3,1,5,(name) (9),Ainaja (4); Viitake (2); Pulka (1); Ruusvaltti (1); Limblummi (1)
Keski-Suomi,Jesus / Christ,9,9,3,3,Jeesus (5); Jesus (3); Jeesuksen (1),Jeesus (4); Jesus (4); Jesuks-en (1)
Keski-Suomi,Killi,9,2,1,1,Killi (9),Killi (9)
Keski-Suomi,Eve / Eeva,7,5,2,3,aatto (6); Eeva (1),aatto (4); oatto (2); eeva (1)
Keski-Suomi,Ahti,6,2,1,1,Ahti (6),Ahti (6)
Keski-Suomi,Joukamoinen / Joukahainen,6,3,1,3,Joukahainen (6),Joukahainen (3); Joukavaanen (2); Joukavalta (1)
Keski-Suomi,Kaija,6,6,1,1,Kaija (6),Kaija (6)
Keski-Suomi,Michael / Mikko / Mihkel,6,6,2,2,Mikko (5); Mikkelin (1),Mikko (5); Mikalli (1)
Keski-Suomi,Tuoni,6,4,1,1,tuoni (6),tuoni (6)
Keski-Suomi,Thomas / Toomas / Tuomas,5,5,1,1,Tuomas (5),Tuomas (5)
Keski-Suomi,Catherine / Kadri / Katri,4,4,3,3,Kaisa (2); Katriina (1); Katri (1),Kaisa (2); Katriina (1); Katri (1)
Keski-Suomi,Martin / Mart / Märt,4,4,2,2,Martti (3); Martin (1),Martti (2); Martin (2)
Keski-Suomi,Vihta,4,1,1,1,Vihta (4),Wihta (4)
Keski-Suomi,(proper noun),3,2,1,3,(proper noun) (3),Ruuhveltti (1); Limppu (1); Suoveri (1)
Keski-Suomi,Anna / Anne / Ann / Anni,3,3,1,1,Anni (3),Anni (3)
Keski-Suomi,Hussan,3,3,1,1,Hussan (3),Hussan (3)
Keski-Suomi,Kalle,3,2,1,2,Kalle (3),kalle-n (2); Kalle (1)
Keski-Suomi,Lauri,3,3,1,1,Lauri (3),Lauri (3)
Keski-Suomi,Tapio,3,3,1,1,Tapio (3),Tapio (3)
Keski-Suomi,Tittula,3,2,1,1,Tittula (3),Tittula (3)
Keski-Suomi,(refrain),2,1,1,2,(refrain) (2),Eelik (1); Leelik (1)
Keski-Suomi,Aatami,2,2,1,2,Aatami (2),Aatam+kin (1); Aatami (1)
Keski-Suomi,Angeri,2,2,1,1,Angeri (2),Angeri+n (2)
Keski-Suomi,Esko,2,2,1,1,Esko (2),Esko (2)
Keski-Suomi,George / Jüri,2,2,1,2,Yrjö (2),Yrjö (1); Yrjön (1)
Keski-Suomi,Hussa,2,2,1,1,Hussa (2),Hussa (2)
Keski-Suomi,Hussi,2,2,1,1,Hussi (2),Hussi (2)
Keski-Suomi,Hytölä,2,1,1,1,Hytölä (2),Hytölä (2)
Keski-Suomi,Judas / Juudas,2,2,2,1,Juudas (1); Juutas (1),Juutas (2)
Keski-Suomi,Kossa,2,1,1,1,Kossa (2),Kossa (2)
Keski-Suomi,Laola,2,1,1,1,Laola (2),Laola (2)
Keski-Suomi,Nalli,2,1,1,1,Nalli (2),Nalli (2)
Keski-Suomi,Penttilä,2,2,1,1,Penttilä (2),Penttilä (2)
Keski-Suomi,Puustelli,2,1,1,1,Puustelli (2),Puustelli (2)
Keski-Suomi,Sahala,2,2,1,1,Sahala (2),Sahala+n (2)
Keski-Suomi,Taara,2,1,1,1,Taara (2),Taara (2)
Keski-Suomi,hussa,2,2,1,1,hussa (2),hussa (2)
Keski-Suomi,sokko,2,1,1,1,sokko (2),sokko (2)
Keski-Suomi,Akkeli,1,1,1,1,Akkeli (1),Akkeli (1)
Keski-Suomi,Allan,1,1,1,1,Allan (1),Allan (1)
Keski-Suomi,Andersseen,1,1,1,1,Andersseen (1),Andersseeni (1)
Keski-Suomi,Anikka,1,1,1,1,Anikka (1),Anikka (1)
Keski-Suomi,Anttilan,1,1,1,1,Anttilan (1),Anttilan (1)
Keski-Suomi,Averi,1,1,1,1,Averi (1),Averi (1)
Keski-Suomi,Eeli,1,1,1,1,Eeli (1),Eeli (1)
Keski-Suomi,Eemeli,1,1,1,1,Eemeli (1),Eemeli (1)
Keski-Suomi,Eerik,1,1,1,1,Eerik (1),Eelik (1)
Keski-Suomi,Eero,1,1,1,1,Eero (1),Eero (1)
Keski-Suomi,Ekka,1,1,1,1,Ekka (1),Ekka (1)
Keski-Suomi,Erikki,1,1,1,1,Erikki (1),Erikki (1)
Keski-Suomi,Hakkila,1,1,1,1,Hakkila (1),Hakkila (1)
Keski-Suomi,Helka,1,1,1,1,Helka (1),Helka (1)
Keski-Suomi,Hentu,1,1,1,1,Hentu (1),Hentu (1)
Keski-Suomi,Hertta,1,1,1,1,Hertta (1),Hertta (1)
Keski-Suomi,Hus,1,1,1,1,Hus (1),Hus (1)
Keski-Suomi,Husaan,1,1,1,1,Husaan (1),Hussan (1)
Keski-Suomi,Husso,1,1,1,1,Husso (1),Husso (1)
Keski-Suomi,Ilmarinen,1,1,1,1,Ilmarinen (1),Ilmarinen (1)
Keski-Suomi,Immeri,1,1,1,1,Immeri (1),Immeri (1)
Keski-Suomi,Juortana,1,1,1,1,Juortana (1),Juortana (1)
Keski-Suomi,Kalev / Kalervo,1,1,1,1,Kalevatar (1),Kalevatar (1)
Keski-Suomi,Kalle (proper noun),1,1,1,1,Kalle (proper noun) (1),Kalle (1)
Keski-Suomi,Kasila,1,1,1,1,Kasila (1),Kasila (1)
Keski-Suomi,Kutja,1,1,1,1,Kutja (1),Kutja (1)
Keski-Suomi,Lalli,1,1,1,1,Lalli (1),Lalli (1)
Keski-Suomi,Lapikkölä,1,1,1,1,Lapikkölä (1),Lapikkölä (1)
Keski-Suomi,Lapkönkölä,1,1,1,1,Lapkönkölä (1),Lapkönkölä (1)
Keski-Suomi,Laurila,1,1,1,1,Laurila (1),Laurila (1)
Keski-Suomi,Leinappa,1,1,1,1,Leinappa (1),Leinappa (1)
Keski-Suomi,Lempo,1,1,1,1,Lempo (1),Lempo (1)
Keski-Suomi,Lemppää,1,1,1,1,Lemppää (1),Lemppää (1)
Keski-Suomi,Lilli,1,1,1,1,Lilli (1),Lilli (1)
Keski-Suomi,Marja,1,1,1,1,Marja (1),marjasta (1)
Keski-Suomi,Markkula,1,1,1,1,Markkula (1),Markkula (1)
Keski-Suomi,Nikkilä,1,1,1,1,Nikkilä (1),Nikkilä (1)
Keski-Suomi,Niärä / niemi,1,1,1,1,Niärä / niemi (1),Niärä / niemi (1)
Keski-Suomi,Nuutti,1,1,1,1,Nuutti (1),Nuutti (1)
Keski-Suomi,Onnimanni,1,1,1,1,Onnimanni (1),Onnimanni (1)
Keski-Suomi,Paavo,1,1,1,1,Paavo (1),Paavo (1)
Keski-Suomi,Pellinen,1,1,1,1,Pellinen (1),Pellinen (1)
Keski-Suomi,Pietikkö,1,1,1,1,Pietikkö (1),Pietikkö (1)
Keski-Suomi,Pietola,1,1,1,1,Pietola (1),Pietola (1)
Keski-Suomi,Piispala,1,1,1,1,Piispala (1),Piispala (1)
Keski-Suomi,Pirkko,1,1,1,1,Pirkko (1),Pirkko (1)
Keski-Suomi,Proper name?,1,1,1,1,,Annikka (1)
Keski-Suomi,Puava,1,1,1,1,Puava (1),Puava (1)
Keski-Suomi,Pukki-Pirkko,1,1,1,1,Pukki-Pirkko (1),Pukki-Pirkko (1)
Keski-Suomi,Pulkka,1,1,1,1,Pulkka (1),Pulkka+n (1)
Keski-Suomi,Puntu,1,1,1,1,Puntu (1),Puntu (1)
Keski-Suomi,Pösölä,1,1,1,1,Pösölä (1),Pösölä (1)
Keski-Suomi,Saku,1,1,1,1,Saku (1),Saku (1)
Keski-Suomi,Savo,1,1,1,1,Savo (1),Savo (1)
Keski-Suomi,Selma,1,1,1,1,Selma (1),Selma (1)
Keski-Suomi,Simmukka,1,1,1,1,Simmukka (1),Simmukka (1)
Keski-Suomi,Sule,1,1,1,1,Sule (1),Sule (1)
Keski-Suomi,Suvi,1,1,1,1,Suvi (1),Suvi (1)
Keski-Suomi,Tatu,1,1,1,1,Tatu (1),Tatu (1)
Keski-Suomi,Tenhula,1,1,1,1,Tenhula (1),Tenhula (1)
Keski-Suomi,Tenhunen,1,1,1,1,Tenhunen (1),Tenhunen (1)
Keski-Suomi,Tiina,1,1,1,1,Tiina (1),Tiina (1)
Keski-Suomi,Touru,1,1,1,1,Touru (1),Touru (1)
Keski-Suomi,Urpila,1,1,1,1,Urpila (1),Urpila (1)
Keski-Suomi,Urpo,1,1,1,1,Urpo (1),urpoon (1)
Keski-Suomi,Vappu,1,1,1,1,Vappu (1),Vappu (1)
Keski-Suomi,Vastinki,1,1,1,1,Vastinki (1),Vastinki (1)
Keski-Suomi,Vespata,1,1,1,1,Vespata (1),Vespata (1)
Keski-Suomi,Ville,1,1,1,1,Ville (1),Ville (1)
Keski-Suomi,ahven & Antti,1,1,1,1,ahven & Antti (1),ahven & Antti (1)
Keski-Suomi,akkeri & kaija,1,1,1,1,akkeri & kaija (1),akkeri & kaija (1)
Keski-Suomi,antaa/Anni,1,1,1,1,antaa/Anni (1),antaa (dialect?) / Annin (1)
Keski-Suomi,esko,1,1,1,1,esko (1),esko (1)
Keski-Suomi,helsinki & maija,1,1,1,1,helsinki & maija (1),helssa & maija (1)
Keski-Suomi,hämäläinen,1,1,1,1,hämäläinen (1),hämäläise- (1)
Keski-Suomi,kaija,1,1,1,1,kaija (1),kaija (1)
Keski-Suomi,killi,1,1,1,1,killi (1),killi (1)
Keski-Suomi,koppelo,1,1,1,1,koppelo (1),kukkeli (1)
Keski-Suomi,kuppari & kirsti,1,1,1,1,kuppari & kirsti (1),kuppari & kirsti (1)
Keski-Suomi,nanni,1,1,1,1,nanni (1),nanni (1)
Keski-Suomi,nimi,1,1,1,1,nimi (1),nimi (1)
Keski-Suomi,ninni,1,1,1,1,ninni (1),ninni (1)
Keski-Suomi,pihka-Heikki,1,1,1,1,pihka-Heikki (1),pihka-Heikki (1)
Keski-Suomi,terva & Ellu,1,1,1,1,terva & Ellu (1),terva & Ellu (1)
Keski-Suomi,töyhtö?,1,1,1,1,töyhtö? (1),töyr (1)
Keski-Suomi,ytti,1,1,1,1,ytti (1),ytti (1)
Laatokan Karjala (Raja-Karjala),God / Jumala / Jumal,1195,533,33,65,Jumala (348); luoja (261); jumala (182); herra (150); Luoja (107); Herra (78); Jumalan (11); hospodi (8),Jumala (266); luoja (237); jumala (175); herra (159); Luoja (85); Herra (57); jumalan (26); luojan (22)
Laatokan Karjala (Raja-Karjala),Jesus / Christ,389,162,9,40,Jeesus (289); Jesus (61); Kristus (30); hristos (3); Jeesuksen (2); Kristus (loanword) (1); Kristo (1); kristuksen (1),Jeesus (148); Jiesus (72); Jesus (64); jiesus (21); Kristus (20); Jiesuksen (10); jiesuksen (8); Kristos (4)
Laatokan Karjala (Raja-Karjala),Väinämöinen,360,153,11,52,Väinämöinen (327); Väinö (7); (as above) (7); väinä & möö (6); Väinämöisen (5); väinämöinen (3); V. (1); Väinämöisellä (1),Väinämöinen (224); väinämöine (13); väinämöinen (12); väinämöne (10); Väinämöine (8); Väinämö (7); Väinö (5); Väinämöise+n (5)
Laatokan Karjala (Raja-Karjala),Ukko,348,241,6,24,ukko (231); Ukko (111); (as above) (3); ukkojen (1); Ukkonen (1); ovi (1),ukko (229); Ukko (93); ukon (3); ukkozein (2); ukko+ni (2); ukkone (1); Uugun (1); ukitsune (1)
Laatokan Karjala (Raja-Karjala),Mary / Maria / Maarja / Mari,248,200,11,56,Maria (138); Maaria (65); maija (13); Mari (12); Maija (8); Marian (5); Mariatta (3); maijan (1),Maaria (70); Maria (42); Mari (12); Moaria (12); Muaria (12); maaria (7); maija (6); muarie (6)
Laatokan Karjala (Raja-Karjala),Peter / Pietari / Peeter,174,83,8,26,Pietari (139); Pekka (15); Petri (14); Pedri (2); pekka (1); Petrus (1); Petteri (1); Pietarista (1),Pietari (86); Petri (17); Pedri (16); Pekka (11); Pietar (6); piedari (6); pekka (4); Petru (4)
Laatokan Karjala (Raja-Karjala),Joukamoinen / Joukahainen,108,38,6,25,Joukahainen (91); Joukamoinen (11); jouka & hainen (3); Joukahaiselle (1); Joukahaisella (1); joukamoinen (1),Joukahainen (34); Joukamoinen (22); Jougamoinen (7); jougamone (7); Jougahainen (6); Jogamoinen (3); jogamone (3); jougamone+lla (3)
Laatokan Karjala (Raja-Karjala),Anna / Anne / Ann / Anni,81,44,8,13,Anni (65); Annin (4); Anu (3); Annikki (3); Annukainen (2); Anna (2); Ann (1); Annila (1),Anni (62); Annin (4); Anu (2); Annukainen (2); anni (2); Annikki (2); Annit (1); Annille (1)
Laatokan Karjala (Raja-Karjala),Lemminkäinen,78,24,4,18,Lemminkäinen (66); Lemmingäinen (5); Lemminkäistä (4); lempi & -inen (3),Lemminkäinen (44); lemminkäin (5); Lemminkäin+tä (4); Lemmingäinen (4); lemminkäine (2); lemminkäisen (2); Lemminkäin (2); lemmingäinj (2)
Laatokan Karjala (Raja-Karjala),George / Jüri,73,57,4,8,Yrjö (64); Jyrki (5); Jyri (3); jyri (1),Jyrgi (23); Jyrki (23); Yrjö (15); djyrgi (4); Jyri (3); jyrgi (3); jyrki (1); jyri (1)
Laatokan Karjala (Raja-Karjala),Tuoni,71,65,3,5,tuoni (39); Tuoni (29); tuonen (3),tuoni (33); Tuoni (22); tuonen (10); Tuonen (5); tuoni+n (1)
Laatokan Karjala (Raja-Karjala),Ilmarinen,65,28,3,15,Ilmarinen (61); (as above) (3); Ilmari (1),Ilmarinen (31); Ilmollinen (6); ilmolline (4); Ilmollini (4); ilmarini (3); Ilmorinen (3); Ilmarine (2); Ilmarisen (2)
Laatokan Karjala (Raja-Karjala),Tapio,53,28,2,9,Tapio (49); Tapiola (4),Tapio (34); Tapion (7); tapion (4); Tapiola (3); Tapionpa (1); Tapio-pa (1); tapiolah (1); Tabio (1)
Laatokan Karjala (Raja-Karjala),Judas / Juudas,45,23,3,5,Juudas (43); Judah (1); Juutas (proper noun) (1),Juutas (22); Juudas (14); juutas (6); juuttahalle (2); juutaksista (1)
Laatokan Karjala (Raja-Karjala),Catherine / Kadri / Katri,40,28,6,13,Katri (17); Kaisa (15); Katariina (4); Kadrina (2); katri (1); kati (1),Katri (15); Kaisa (11); Kadri (2); kaisa (2); Kadrina (2); katri (1); kateriina (1); Kaisan (1)
Laatokan Karjala (Raja-Karjala),Elizabeth / Liisa / Liisu / Elli,39,28,4,6,Liisa (25); Elli (12); ellin (1); Elina (1),Liisa (23); Elli (11); liisa (2); ellin (1); Ellillä (1); Elina (1)
Laatokan Karjala (Raja-Karjala),Kalev / Kalervo,21,17,1,4,Kalervo (21),Kalervo (17); Killervö (2); Kalervo-n (1); Kalervotar (1)
Laatokan Karjala (Raja-Karjala),Matthew / Matti,20,14,4,7,Matti (14); matti (4); mättään (1); mätti (1),Matti (13); matti (2); Matji (1); matin (1); mattila (1); mätti+hän (1); mättä (1)
Laatokan Karjala (Raja-Karjala),Michael / Mikko / Mihkel,19,18,4,8,Mikko (10); Mikael (6); Mihail (2); Mikaeli (1),Miikkula (9); Mikko (2); Miikkul (2); Mihail (2); miikkula (1); Miikkuli (1); Mikaal (1); mihaali (1)
Laatokan Karjala (Raja-Karjala),Jacob / Jaak / Jaakko,18,14,2,4,Jaakko (17); Jaakob (1),Jaakko (15); Juakko (1); Jaakoppi (1); Jaako (1)
Laatokan Karjala (Raja-Karjala),John / Jaan / Jussi / Hans,18,15,5,5,Jussi (13); Jukka (2); Juhana (1); Iivana (1); Johannes (1),Jussi (13); Juakko (2); Juhana (1); Iivana (1); Johannes (1)
Laatokan Karjala (Raja-Karjala),Tiitta,17,4,1,3,Tiitta (17),Tiitta (14); Tiittaa (2); Tiitan (1)
Laatokan Karjala (Raja-Karjala),Andrew / Antti,16,15,3,4,Antti (13); Andrei (2); Anja (1),Antti (13); Ondrei (1); Ondrien (1); Anjoi (1)
Laatokan Karjala (Raja-Karjala),Pallo,16,2,1,3,Pallo (16),Pallo (14); Pallo+ni (1); Pallo+nen (1)
Laatokan Karjala (Raja-Karjala),Aino,14,9,1,2,Aino (14),Aino (12); Ainavo (2)
Laatokan Karjala (Raja-Karjala),Lauri,13,12,1,3,Lauri (13),Lauri (11); laurin (1); Laurin (1)
Laatokan Karjala (Raja-Karjala),Annukka,12,4,1,6,Annukka (12),Annukka (4); Annukka+n (3); Annukka+sen (2); annukainen (1); Annukka+ine (1); Annukka-inen (1)
Laatokan Karjala (Raja-Karjala),Iro,12,3,1,1,Iro (12),Iro (12)
Laatokan Karjala (Raja-Karjala),Simon / Siim / Simo,11,2,2,2,simo (10); Simo (1),simo (10); Simo (1)
Laatokan Karjala (Raja-Karjala),Jouko,8,1,1,1,Jouko (8),Jouko (8)
Laatokan Karjala (Raja-Karjala),Väinö,7,6,1,3,Väinö (7),Väinö (3); Väinöi (2); väinön (2)
Laatokan Karjala (Raja-Karjala),Henry / Heikki,6,5,1,1,Heikki (6),Heikki (6)
Laatokan Karjala (Raja-Karjala),Lemmingäinen,6,1,1,3,Lemmingäinen (6),Lemmingäistä (2); Lemmingäisen (2); Lemmingäinen (2)
Laatokan Karjala (Raja-Karjala),Rutja,6,6,1,2,Rutja (6),Rutja (5); Rutja-n (1)
Laatokan Karjala (Raja-Karjala),Tabio,6,4,1,1,Tabio (6),Tabio (6)
Laatokan Karjala (Raja-Karjala),(proper noun),5,5,2,5,(proper noun) (4),Solmjon (1); Moari (1); Kiesus (1); Imandro (1); Surgio (1)
Laatokan Karjala (Raja-Karjala),Alli,5,4,1,2,Alli (5),Alli (3); Alli+n (2)
Laatokan Karjala (Raja-Karjala),Juuttahi,5,1,1,1,Juuttahi (5),Juuttahi (5)
Laatokan Karjala (Raja-Karjala),Ontro,5,1,1,1,Ontro (5),Ontro (5)
Laatokan Karjala (Raja-Karjala),(proper name),4,3,1,4,(proper name) (4),Nasto (1); Ogoi (1); Spuassu (1); spuassal (1)
Laatokan Karjala (Raja-Karjala),Eve / Eeva,4,3,2,2,Eeva (3); aatto (1),Ieva (3); aatto (1)
Laatokan Karjala (Raja-Karjala),Ilmari,4,1,1,1,Ilmari (4),Ilmari (4)
Laatokan Karjala (Raja-Karjala),Injo,4,1,1,1,Injo (4),Injo (4)
Laatokan Karjala (Raja-Karjala),Kaija,4,3,1,1,Kaija (4),Kaija (4)
Laatokan Karjala (Raja-Karjala),Kalle,4,4,1,1,Kalle (4),Kalle (4)
Laatokan Karjala (Raja-Karjala),Osmotar,4,3,1,1,Osmotar (4),Osmotar (4)
Laatokan Karjala (Raja-Karjala),(name),3,3,1,3,(name) (3),Omosu (1); malanjaa (1); Kulsmu (1)
Laatokan Karjala (Raja-Karjala),Hilma,3,2,1,1,Hilma (3),Hilma (3)
Laatokan Karjala (Raja-Karjala),Ironi,3,1,1,1,Ironi (3),Ironi (3)
Laatokan Karjala (Raja-Karjala),Jordan,3,3,1,2,Jordan (3),Jordan (2); Jordanan (1)
Laatokan Karjala (Raja-Karjala),Joute,3,1,1,1,Joute (3),Joute (3)
Laatokan Karjala (Raja-Karjala),Jukamoni,3,1,1,1,Jukamoni (3),Jogamoni (3)
Laatokan Karjala (Raja-Karjala),Jyrki,3,2,1,1,Jyrki (3),Jyrki (3)
Laatokan Karjala (Raja-Karjala),Kali,3,1,1,1,Kali (3),Kali (3)
Laatokan Karjala (Raja-Karjala),Kauko,3,1,1,1,Kauko (3),Kauko (3)
Laatokan Karjala (Raja-Karjala),Kullervo,3,3,1,1,Kullervo (3),Kullervo (3)
Laatokan Karjala (Raja-Karjala),Kusmoi,3,2,1,1,Kusmoi (3),Kusmoi (3)
Laatokan Karjala (Raja-Karjala),Lassi,3,3,1,1,Lassi (3),Lassi (3)
Laatokan Karjala (Raja-Karjala),Ogoi,3,3,1,1,Ogoi (3),Ogoi (3)
Laatokan Karjala (Raja-Karjala),Pekko,3,3,1,2,Pekko (3),Pekko (2); pekkosil (1)
Laatokan Karjala (Raja-Karjala),Pietola,3,3,1,2,Pietola (3),Pietola (2); Piedula (1)
Laatokan Karjala (Raja-Karjala),Spuassa,3,1,1,1,Spuassa (3),Spuassa (3)
Laatokan Karjala (Raja-Karjala),Syväinteri,3,1,1,1,Syväinteri (3),Syväinteri (3)
Laatokan Karjala (Raja-Karjala),Untamo,3,2,1,2,Untamo (3),Untamo (2); Untamola (1)
Laatokan Karjala (Raja-Karjala),Väivö,3,1,1,1,Väivö (3),Väivö (3)
Laatokan Karjala (Raja-Karjala),kaide?,3,1,1,1,kaide? (3),kaia (3)
Laatokan Karjala (Raja-Karjala),Ahti,2,2,1,1,Ahti (2),Ahti (2)
Laatokan Karjala (Raja-Karjala),Anukse,2,2,1,1,Anukse (2),Anukse (2)
Laatokan Karjala (Raja-Karjala),Enzioi,2,1,1,1,Enzioi (2),Eńd'žoi (2)
Laatokan Karjala (Raja-Karjala),Hiidola,2,1,1,1,Hiidola (2),Hiidola (2)
Laatokan Karjala (Raja-Karjala),Hohvatitsa,2,1,1,1,Hohvatitsa (2),Hohvatitsa (2)
Laatokan Karjala (Raja-Karjala),Huikkola,2,2,1,1,Huikkola (2),Huikkola (2)
Laatokan Karjala (Raja-Karjala),Iivanitsa,2,1,1,1,Iivanitsa (2),Iivanitsa (2)
Laatokan Karjala (Raja-Karjala),Ilmolainen,2,1,1,2,Ilmolainen (2),Ilmolline (1); Ilmollin (1)
Laatokan Karjala (Raja-Karjala),Iroi,2,1,1,1,Iroi (2),Iroi (2)
Laatokan Karjala (Raja-Karjala),Iroini,2,1,1,1,Iroini (2),Iroini (2)
Laatokan Karjala (Raja-Karjala),Joukamo,2,2,1,2,Joukamo (2),joukamo (1); Joukamo (1)
Laatokan Karjala (Raja-Karjala),Juortana,2,2,1,1,Juortana (2),Juortana (2)
Laatokan Karjala (Raja-Karjala),Kateriina,2,1,1,1,Kateriina (2),Kateriina (2)
Laatokan Karjala (Raja-Karjala),Keltu,2,1,1,1,Keltu (2),Keltu (2)
Laatokan Karjala (Raja-Karjala),Kostja,2,1,1,1,Kostja (2),Kostja (2)
Laatokan Karjala (Raja-Karjala),Lokka,2,2,1,2,Lokka (2),Lokka (1); lokan (1)
Laatokan Karjala (Raja-Karjala),Margetta,2,1,1,1,Margetta (2),Margetta (2)
Laatokan Karjala (Raja-Karjala),Marketta,2,1,1,1,Marketta (2),Marketta (2)
Laatokan Karjala (Raja-Karjala),Muaria,2,2,1,2,Muaria (2),Muaria (1); Muarii (1)
Laatokan Karjala (Raja-Karjala),Ospits,2,1,1,1,Ospits (2),Ospits (2)
Laatokan Karjala (Raja-Karjala),Otsma,2,1,1,1,Otsma (2),Otsma (2)
Laatokan Karjala (Raja-Karjala),Pellervo,2,2,1,2,Pellervo (2),pellervoinen (1); Pellervoineen (1)
Laatokan Karjala (Raja-Karjala),Reittu,2,1,1,1,Reittu (2),Reittu (2)
Laatokan Karjala (Raja-Karjala),Riisi,2,2,1,1,Riisi (2),Riisi (2)
Laatokan Karjala (Raja-Karjala),Simandro (proper),2,1,1,1,Simandro (proper) (2),Simandro (2)
Laatokan Karjala (Raja-Karjala),Sokka,2,1,1,1,Sokka (2),Sokka (2)
Laatokan Karjala (Raja-Karjala),Virgu,2,1,1,1,Virgu (2),Virgu (2)
Laatokan Karjala (Raja-Karjala),Väinölä,2,2,1,2,Väinölä (2),väinöläh (1); Väinölä (1)
Laatokan Karjala (Raja-Karjala),kesse,2,1,1,1,kesse (2),kesse (2)
Laatokan Karjala (Raja-Karjala),nimi,2,2,1,2,nimi (2),nimi (1); nimi-si (1)
Laatokan Karjala (Raja-Karjala),riisi,2,1,1,1,riisi (2),riisi (2)
Laatokan Karjala (Raja-Karjala),(no modern equivalent),1,1,1,1,(no modern equivalent) (1),Lemmes (1)
Laatokan Karjala (Raja-Karjala),(place name),1,1,1,1,(place name) (1),Sigoniemi (1)
Laatokan Karjala (Raja-Karjala),(unknown),1,1,1,1,(unknown) (1),Puntti (1)
Laatokan Karjala (Raja-Karjala),Ahva,1,1,1,1,Ahva (1),Ahva (1)
Laatokan Karjala (Raja-Karjala),Ainavo,1,1,1,1,Ainavo (1),Ainavo (1)
Laatokan Karjala (Raja-Karjala),Alli (proper noun),1,1,1,1,Alli (proper noun) (1),Alli (1)
Laatokan Karjala (Raja-Karjala),Annikka,1,1,1,1,Annikka (1),Annikka (1)
Laatokan Karjala (Raja-Karjala),Annikki,1,1,1,1,Annikki (1),Annikki (1)
Laatokan Karjala (Raja-Karjala),Anniloi+sta,1,1,1,1,Anniloi+sta (1),Anniloi+sta (1)
Laatokan Karjala (Raja-Karjala),Anukka,1,1,1,1,Anukka (1),Anukka (1)
Laatokan Karjala (Raja-Karjala),Anus,1,1,1,1,Anus (1),Anus (1)
Laatokan Karjala (Raja-Karjala),Appela,1,1,1,1,Appela (1),Appela (1)
Laatokan Karjala (Raja-Karjala),Asmatti,1,1,1,1,Asmatti (1),Asmatti (1)
Laatokan Karjala (Raja-Karjala),Baatko,1,1,1,1,Baatko (1),Baatko (1)
Laatokan Karjala (Raja-Karjala),Besootaa,1,1,1,1,Besootaa (1),Besootaa (1)
Laatokan Karjala (Raja-Karjala),Borjban,1,1,1,1,Borjban (1),Borjban (1)
Laatokan Karjala (Raja-Karjala),Brutti,1,1,1,1,Brutti (1),Brutti (1)
Laatokan Karjala (Raja-Karjala),Dusane,1,1,1,1,Dusane (1),Dusane (1)
Laatokan Karjala (Raja-Karjala),Eino,1,1,1,1,Eino (1),Eino (1)
Laatokan Karjala (Raja-Karjala),Eskon,1,1,1,1,Eskon (1),eskon (1)
Laatokan Karjala (Raja-Karjala),Gaurila,1,1,1,1,Gaurila (1),Gaurila (1)
Laatokan Karjala (Raja-Karjala),Griisi,1,1,1,1,Griisi (1),Griisi (1)
Laatokan Karjala (Raja-Karjala),Grikko,1,1,1,1,Grikko (1),Grikko-se-ni (1)
Laatokan Karjala (Raja-Karjala),Halli,1,1,1,1,Halli (1),Halli (1)
Laatokan Karjala (Raja-Karjala),Hanno,1,1,1,1,Hanno (1),Hanno (1)
Laatokan Karjala (Raja-Karjala),Himmerkki,1,1,1,1,Himmerkki (1),Himmerkki (1)
Laatokan Karjala (Raja-Karjala),Hukka,1,1,1,1,Hukka (1),Hukka (1)
Laatokan Karjala (Raja-Karjala),Hutti,1,1,1,1,Hutti (1),Hutti (1)
Laatokan Karjala (Raja-Karjala),Huuhan,1,1,1,1,Huuhan (1),Huuhan (1)
Laatokan Karjala (Raja-Karjala),Hymylä,1,1,1,1,Hymylä (1),Hymyläh (1)
Laatokan Karjala (Raja-Karjala),Hyrzylä,1,1,1,1,Hyrzylä (1),Hyrzylä (1)
Laatokan Karjala (Raja-Karjala),Hyymölä,1,1,1,1,Hyymölä (1),Hyymölä (1)
Laatokan Karjala (Raja-Karjala),Iivana,1,1,1,1,Iivana (1),Iivana-n (1)
Laatokan Karjala (Raja-Karjala),Imantro,1,1,1,1,Imantro (1),Imantro (1)
Laatokan Karjala (Raja-Karjala),Imantrojärvi,1,1,1,1,Imantrojärvi (1),Imantrojärvi (1)
Laatokan Karjala (Raja-Karjala),Imbi,1,1,1,1,Imbi (1),Imbi (1)
Laatokan Karjala (Raja-Karjala),Imeinen,1,1,1,1,Imeinen (1),Imeinen (1)
Laatokan Karjala (Raja-Karjala),Immingi,1,1,1,1,Immingi (1),Immingi (1)
Laatokan Karjala (Raja-Karjala),Ino,1,1,1,1,Ino (1),Ino (1)
Laatokan Karjala (Raja-Karjala),Isak,1,1,1,1,Isak (1),Isakka (1)
Laatokan Karjala (Raja-Karjala),Itse(n),1,1,1,1,Itse(n) (1),Itse(n) (1)
Laatokan Karjala (Raja-Karjala),Ivan,1,1,1,1,Ivan (1),Ivan (1)
Laatokan Karjala (Raja-Karjala),Janne,1,1,1,1,Janne (1),Janne (1)
Laatokan Karjala (Raja-Karjala),Jogomo+ni,1,1,1,1,Jogomo+ni (1),Jogomo+ni (1)
Laatokan Karjala (Raja-Karjala),Jorkahu,1,1,1,1,Jorkahu (1),Jorkahu (1)
Laatokan Karjala (Raja-Karjala),Jorosalmi,1,1,1,1,Jorosalmi (1),Jorosalmi (1)
Laatokan Karjala (Raja-Karjala),Jortana,1,1,1,1,Jortana (1),Jortana (1)
Laatokan Karjala (Raja-Karjala),Juakolle,1,1,1,1,Juakolle (1),Juakko+lleni (1)
Laatokan Karjala (Raja-Karjala),Juomalainen,1,1,1,1,Juomalainen (1),Juomaloini (1)
Laatokan Karjala (Raja-Karjala),Juua,1,1,1,1,Juua (1),Juuan (1)
Laatokan Karjala (Raja-Karjala),Juuti,1,1,1,1,Juuti (1),Juuti (1)
Laatokan Karjala (Raja-Karjala),Jyrri,1,1,1,1,Jyrri (1),Jyrri+n (1)
Laatokan Karjala (Raja-Karjala),Kaatrakoski,1,1,1,1,Kaatrakoski (1),Kaatrakoski (1)
Laatokan Karjala (Raja-Karjala),Kagla,1,1,1,1,Kagla (1),Kagla (1)
Laatokan Karjala (Raja-Karjala),Kaino,1,1,1,1,Kaino (1),Kaino (1)
Laatokan Karjala (Raja-Karjala),Kaiso,1,1,1,1,Kaiso (1),Kaiso (1)
Laatokan Karjala (Raja-Karjala),Kallervo,1,1,1,1,Kallervo (1),Kallervo (1)
Laatokan Karjala (Raja-Karjala),Kallervoista,1,1,1,1,Kallervoista (1),Kallervoi-sta (1)
Laatokan Karjala (Raja-Karjala),Kannervo,1,1,1,1,Kannervo (1),Kannervo (1)
Laatokan Karjala (Raja-Karjala),Karmola,1,1,1,1,Karmola (1),Karmola (1)
Laatokan Karjala (Raja-Karjala),Katti,1,1,1,1,Katti (1),Katti (1)
Laatokan Karjala (Raja-Karjala),Kaunikki,1,1,1,1,Kaunikki (1),Kaunikki (1)
Laatokan Karjala (Raja-Karjala),Kauri,1,1,1,1,Kauri (1),Gauri (1)
Laatokan Karjala (Raja-Karjala),Kesti,1,1,1,1,Kesti (1),Kesti (1)
Laatokan Karjala (Raja-Karjala),Kiesus,1,1,1,1,Kiesus (1),Kiesus (1)
Laatokan Karjala (Raja-Karjala),Killervöistä,1,1,1,1,Killervöistä (1),Killervöi-stä (1)
Laatokan Karjala (Raja-Karjala),Kinerva,1,1,1,1,Kinerva (1),Kinerva (1)
Laatokan Karjala (Raja-Karjala),Kirilan,1,1,1,1,Kirilan (1),Kirila+n (1)
Laatokan Karjala (Raja-Karjala),Kirsti,1,1,1,1,Kirsti (1),Kirsti (1)
Laatokan Karjala (Raja-Karjala),Kirsti (proper noun),1,1,1,1,Kirsti (proper noun) (1),Kirstu (1)
Laatokan Karjala (Raja-Karjala),Klyyssi,1,1,1,1,Klyyssi (1),Klyyssi (1)
Laatokan Karjala (Raja-Karjala),Koljoi,1,1,1,1,Koljoi (1),Koljoi (1)
Laatokan Karjala (Raja-Karjala),Kriisan,1,1,1,1,Kriisan (1),Kriisa+n (1)
Laatokan Karjala (Raja-Karjala),Kuhavaara,1,1,1,1,Kuhavaara (1),Kuhavaara (1)
Laatokan Karjala (Raja-Karjala),Kuitar,1,1,1,1,Kuitar (1),Kuitar (1)
Laatokan Karjala (Raja-Karjala),Kunnervo,1,1,1,1,Kunnervo (1),Kunnervo (1)
Laatokan Karjala (Raja-Karjala),Kunnola,1,1,1,1,Kunnola (1),Kunnola (1)
Laatokan Karjala (Raja-Karjala),Kusva,1,1,1,1,Kusva (1),Kusbo (1)
Laatokan Karjala (Raja-Karjala),Kuzmoi,1,1,1,1,Kuzmoi (1),Kuzmoi (1)
Laatokan Karjala (Raja-Karjala),Kyzmoi,1,1,1,1,Kyzmoi (1),Kyzmoi (1)
Laatokan Karjala (Raja-Karjala),Laasi,1,1,1,1,Laasi (1),Laasa (1)
Laatokan Karjala (Raja-Karjala),Lemmingäs,1,1,1,1,Lemmingäs (1),Lemmingäs (1)
Laatokan Karjala (Raja-Karjala),Lempo,1,1,1,1,Lempo (1),Lempo (1)
Laatokan Karjala (Raja-Karjala),Liemminkäinen,1,1,1,1,Liemminkäinen (1),Liemminkäinen (1)
Laatokan Karjala (Raja-Karjala),Liilo,1,1,1,1,Liilo (1),Liilo (1)
Laatokan Karjala (Raja-Karjala),Liina,1,1,1,1,Liina (1),liina (1)
Laatokan Karjala (Raja-Karjala),Lilli,1,1,1,1,Lilli (1),Lillin (1)
Laatokan Karjala (Raja-Karjala),Lāti,1,1,1,1,Lāti (1),Lāti (1)
Laatokan Karjala (Raja-Karjala),Mahikki,1,1,1,1,Mahikki (1),Mahikki (1)
Laatokan Karjala (Raja-Karjala),Malanja,1,1,1,1,Malanja (1),Malanja (1)
Laatokan Karjala (Raja-Karjala),Mannu,1,1,1,1,Mannu (1),Mannu (1)
Laatokan Karjala (Raja-Karjala),Masanen,1,1,1,1,Masanen (1),masanen (1)
Laatokan Karjala (Raja-Karjala),Massa,1,1,1,1,Massa (1),mass (1)
Laatokan Karjala (Raja-Karjala),Metola,1,1,1,1,Metola (1),Metola (1)
Laatokan Karjala (Raja-Karjala),Miikkula,1,1,1,1,Miikkula (1),Miikkula (1)
Laatokan Karjala (Raja-Karjala),Miiloitumen,1,1,1,1,Miiloitumen (1),Miiloidu-han (1)
Laatokan Karjala (Raja-Karjala),Miiloitumessa,1,1,1,1,Miiloitumessa (1),Miiloidu-sal (1)
Laatokan Karjala (Raja-Karjala),Monkamo,1,1,1,1,Monkamo (1),Monkamo (1)
Laatokan Karjala (Raja-Karjala),Muarja,1,1,1,1,Muarja (1),Muarja (1)
Laatokan Karjala (Raja-Karjala),Muihkari,1,1,1,1,Muihkari (1),Muihkari (1)
Laatokan Karjala (Raja-Karjala),Mämmis,1,1,1,1,Mämmis (1),Mämmis (1)
Laatokan Karjala (Raja-Karjala),Nebo,1,1,1,1,Nebo (1),Nebo (1)
Laatokan Karjala (Raja-Karjala),Niilo,1,1,1,1,Niilo (1),Niilo (1)
Laatokan Karjala (Raja-Karjala),Noapuri,1,1,1,1,Noapuri (1),Noapuri (1)
Laatokan Karjala (Raja-Karjala),Nuakan,1,1,1,1,Nuakan (1),Nuaka+n (1)
Laatokan Karjala (Raja-Karjala),Nyyrikki,1,1,1,1,Nyyrikki (1),Nyyrikki (1)
Laatokan Karjala (Raja-Karjala),Ogoini,1,1,1,1,Ogoini (1),Ogoini (1)
Laatokan Karjala (Raja-Karjala),Ohtonen,1,1,1,1,Ohtonen (1),Ohtonen (1)
Laatokan Karjala (Raja-Karjala),Osmo,1,1,1,1,Osmo (1),Osmo (1)
Laatokan Karjala (Raja-Karjala),Palaga,1,1,1,1,Palaga (1),Palaga (1)
Laatokan Karjala (Raja-Karjala),Pedri,1,1,1,1,Pedri (1),Pedri (1)
Laatokan Karjala (Raja-Karjala),Pelkola,1,1,1,1,Pelkola (1),Pelkola (1)
Laatokan Karjala (Raja-Karjala),Penttilä,1,1,1,1,Penttilä (1),Penttilä (1)
Laatokan Karjala (Raja-Karjala),Pertti,1,1,1,1,Pertti (1),Pertti (1)
Laatokan Karjala (Raja-Karjala),Pielinen,1,1,1,1,Pielinen (1),Pielinen (1)
Laatokan Karjala (Raja-Karjala),Poropetra,1,1,1,1,Poropetra (1),Poropetra (1)
Laatokan Karjala (Raja-Karjala),Potas,1,1,1,1,Potas (1),Potasse (1)
Laatokan Karjala (Raja-Karjala),Priha,1,1,1,1,Priha (1),Priha (1)
Laatokan Karjala (Raja-Karjala),Prokko,1,1,1,1,Prokko (1),Prokoin (1)
Laatokan Karjala (Raja-Karjala),Prokkola,1,1,1,1,Prokkola (1),Prokkolah (1)
Laatokan Karjala (Raja-Karjala),Puavil,1,1,1,1,Puavil (1),Puavil (1)
Laatokan Karjala (Raja-Karjala),Puuti,1,1,1,1,Puuti (1),Puutti (1)
Laatokan Karjala (Raja-Karjala),Pärttyli,1,1,1,1,Pärttyli (1),Pärttyli (1)
Laatokan Karjala (Raja-Karjala),Raani,1,1,1,1,Raani (1),Raani (1)
Laatokan Karjala (Raja-Karjala),Raappana,1,1,1,1,Raappana (1),Raappana (1)
Laatokan Karjala (Raja-Karjala),Rion,1,1,1,1,Rion (1),Riion (1)
Laatokan Karjala (Raja-Karjala),Ritva,1,1,1,1,Ritva (1),Ritva (1)
Laatokan Karjala (Raja-Karjala),Ruan,1,1,1,1,Ruan (1),Ruan (1)
Laatokan Karjala (Raja-Karjala),Rutjo,1,1,1,1,Rutjo (1),Rutjo (1)
Laatokan Karjala (Raja-Karjala),Rytty,1,1,1,1,Rytty (1),Rytystä (1)
Laatokan Karjala (Raja-Karjala),Rytys,1,1,1,1,Rytys (1),Rytys-tä (1)
Laatokan Karjala (Raja-Karjala),Saadana,1,1,1,1,Saadana (1),Saadana (1)
Laatokan Karjala (Raja-Karjala),Sampsa,1,1,1,1,Sampsa (1),Sampsa (1)
Laatokan Karjala (Raja-Karjala),Sapsa,1,1,1,1,Sapsa (1),Sapsa (1)
Laatokan Karjala (Raja-Karjala),Sarah / Saara,1,1,1,1,säärä (1),säärä (1)
Laatokan Karjala (Raja-Karjala),Savo,1,1,1,1,Savo (1),Savo (1)
Laatokan Karjala (Raja-Karjala),Sergei,1,1,1,1,Sergei (1),sergei (1)
Laatokan Karjala (Raja-Karjala),Simantrö,1,1,1,1,Simantrö (1),Simantrö (1)
Laatokan Karjala (Raja-Karjala),Sina,1,1,1,1,Sina (1),Sina (1)
Laatokan Karjala (Raja-Karjala),Sohvia,1,1,1,1,Sohvia (1),Sohvia (1)
Laatokan Karjala (Raja-Karjala),Soppi (dialectal),1,1,1,1,Soppi (dialectal) (1),Zoppi (1)
Laatokan Karjala (Raja-Karjala),Spoasa,1,1,1,1,Spoasa (1),Spoasa (1)
Laatokan Karjala (Raja-Karjala),Strutja,1,1,1,1,Strutja (1),Strutja (1)
Laatokan Karjala (Raja-Karjala),Suari,1,1,1,1,Suari (1),Suaren (1)
Laatokan Karjala (Raja-Karjala),Sussoine,1,1,1,1,Sussoine (1),Sussoine (1)
Laatokan Karjala (Raja-Karjala),Sämpsä,1,1,1,1,Sämpsä (1),Sämpsä (1)
Laatokan Karjala (Raja-Karjala),Taanaleevi,1,1,1,1,Taanaleevi (1),Taanaleevi (1)
Laatokan Karjala (Raja-Karjala),Tabiola,1,1,1,1,Tabiola (1),Tabiola (1)
Laatokan Karjala (Raja-Karjala),Tapiola,1,1,1,1,Tapiola (1),Tapiola (1)
Laatokan Karjala (Raja-Karjala),Tauno,1,1,1,1,Tauno (1),Tauno (1)
Laatokan Karjala (Raja-Karjala),Teppo,1,1,1,1,Teppo (1),Teppo (1)
Laatokan Karjala (Raja-Karjala),Tiina,1,1,1,1,Tiina (1),Tiina (1)
Laatokan Karjala (Raja-Karjala),Tilli,1,1,1,1,Tilli (1),Tillin (1)
Laatokan Karjala (Raja-Karjala),Tsokki,1,1,1,1,Tsokki (1),Tsokki (1)
Laatokan Karjala (Raja-Karjala),Tuheroinen,1,1,1,1,Tuheroinen (1),Tuheroinen (1)
Laatokan Karjala (Raja-Karjala),Tulko,1,1,1,1,Tulko (1),Tulko (1)
Laatokan Karjala (Raja-Karjala),Turja,1,1,1,1,Turja (1),Turja (1)
Laatokan Karjala (Raja-Karjala),Turu,1,1,1,1,Turu (1),Turu (1)
Laatokan Karjala (Raja-Karjala),Turula,1,1,1,1,Turula (1),Turula (1)
Laatokan Karjala (Raja-Karjala),Tuu,1,1,1,1,Tuu (1),Tuu (1)
Laatokan Karjala (Raja-Karjala),Tuuloksi,1,1,1,1,Tuuloksi (1),Tuuloksi (1)
Laatokan Karjala (Raja-Karjala),Tuura,1,1,1,1,Tuura (1),Tuura (1)
Laatokan Karjala (Raja-Karjala),Tuuteri,1,1,1,1,Tuuteri (1),Tuuteri (1)
Laatokan Karjala (Raja-Karjala),Tykkylä,1,1,1,1,Tykkylä (1),Tykkylä (1)
Laatokan Karjala (Raja-Karjala),Tynkkönen,1,1,1,1,Tynkkönen (1),Tynkkönen (1)
Laatokan Karjala (Raja-Karjala),Tšuuru,1,1,1,1,Tšuuru (1),tshuuru (1)
Laatokan Karjala (Raja-Karjala),Vaimalainen,1,1,1,1,Vaimalainen (1),Vaimalaine (1)
Laatokan Karjala (Raja-Karjala),Venno,1,1,1,1,Venno (1),Venno (1)
Laatokan Karjala (Raja-Karjala),Vilmi,1,1,1,1,Vilmi (1),Vilmi (1)
Laatokan Karjala (Raja-Karjala),Virboi,1,1,1,1,Virboi (1),Virboi (1)
Laatokan Karjala (Raja-Karjala),Virkku,1,1,1,1,Virkku (1),Virkku (1)
Laatokan Karjala (Raja-Karjala),Virkuu,1,1,1,1,Virkuu (1),Virkuu (1)
Laatokan Karjala (Raja-Karjala),Volla,1,1,1,1,Volla (1),Volla-ri-ssa (1)
Laatokan Karjala (Raja-Karjala),Vuoksi,1,1,1,1,Vuoksi (1),Vuoksi (1)
Laatokan Karjala (Raja-Karjala),Vuolervoinen,1,1,1,1,Vuolervoinen (1),Vuolervoinen (1)
Laatokan Karjala (Raja-Karjala),Ymmäntrö,1,1,1,1,Ymmäntrö (1),Ymmäntrö (1)
Laatokan Karjala (Raja-Karjala),[proper noun],1,1,1,1,[proper noun] (1),Riisa (1)
Laatokan Karjala (Raja-Karjala),ahilauha,1,1,1,1,ahilauha (1),ahilauha (1)
Laatokan Karjala (Raja-Karjala),annukka,1,1,1,1,annukka (1),annukka+bo (1)
Laatokan Karjala (Raja-Karjala),huu,1,1,1,1,huu (1),huu-han (1)
Laatokan Karjala (Raja-Karjala),iri,1,1,1,1,iri (1),iri (1)
Laatokan Karjala (Raja-Karjala),jyrsi,1,1,1,1,jyrsi (1),jyrri/jyrsi (1)
Laatokan Karjala (Raja-Karjala),kaija,1,1,1,1,kaija (1),kaija (1)
Laatokan Karjala (Raja-Karjala),katti,1,1,1,1,katti (1),katti (1)
Laatokan Karjala (Raja-Karjala),kiilu,1,1,1,1,kiilu (1),kiilu (1)
Laatokan Karjala (Raja-Karjala),kobi,1,1,1,1,kobi (1),kobi (1)
Laatokan Karjala (Raja-Karjala),nassi,1,1,1,1,nassi (1),nassi (1)
Laatokan Karjala (Raja-Karjala),nimipäivä,1,1,1,1,nimipäivä (1),nimipäivä (1)
Laatokan Karjala (Raja-Karjala),ohto,1,1,1,1,ohto (1),ohto (1)
Laatokan Karjala (Raja-Karjala),ohtonen (dialectal),1,1,1,1,ohtonen (dialectal) (1),ohtonen (1)
Laatokan Karjala (Raja-Karjala),pekko,1,1,1,1,pekko (1),pekko (1)
Laatokan Karjala (Raja-Karjala),petra,1,1,1,1,petra (1),petra (1)
Laatokan Karjala (Raja-Karjala),riisipoika,1,1,1,1,riisipoika (1),riisi-poika (1)
Laatokan Karjala (Raja-Karjala),tiiti (regional),1,1,1,1,tiiti (regional) (1),tiiti (1)
Laatokan Karjala (Raja-Karjala),tuuri,1,1,1,1,tuuri (1),tuuri (1)
Laatokan Karjala (Raja-Karjala),tuuti,1,1,1,1,tuuti (1),tuuti (1)
Laatokan Karjala (Raja-Karjala),vasleini,1,1,1,1,vasleini (1),vasleini (1)
Laatokan Karjala (Raja-Karjala),vassileini,1,1,1,1,vassileini (1),vassileini (1)
Laatokan Karjala (Raja-Karjala),Äkräs (hypothetical),1,1,1,1,Äkräs (hypothetical) (1),Ägröi (1)
Laatokan Karjala (Raja-Karjala),ägröi,1,1,1,1,ägröi (1),ägröi (1)
Länsi-Inkeri,God / Jumala / Jumal,1115,535,38,108,Jumala (346); luoja (264); herra (215); jumala (88); Luoja (72); Luojan (26); jumalainen (20); Herra (15),Jumala (239); luoja (224); herra (178); jumala (124); Luoja (58); Looja (21); herran (15); jumalainen (15)
Länsi-Inkeri,Mary / Maria / Maarja / Mari,455,196,20,48,Maija (206); Maaria (83); Maria (58); Mari (48); maija (26); Marja/Mari (6); Marja (4); Marian (3),Maija (113); Maaria (85); maija (44); Mari (43); Maije (35); Maria (16); Maie (16); maaria (9)
Länsi-Inkeri,Kalev / Kalervo,141,71,7,27,Kalervo (135); Kalervalainen (1); Kalervoinen (1); Kalervo-lainen (1); Kalervon (1); Kalerva (1); Kalervolainen (1),Kalervo (96); kalervoin (8); Kalerva (5); kalervoja (3); kalervo (3); kalervoill (2); kalervoi (2); Kalervo(n) (2)
Länsi-Inkeri,Jesus / Christ,130,65,6,23,Jeesus (88); Jesus (23); Kristus (15); Jeesuksen (2); Isus (1); Hristos (1),Jeesus (45); Jesus (23); Iesus (12); Kristus (9); Kiesus (9); Jeesukse (4); iesus (3); Jiesus (3)
Länsi-Inkeri,Ukko,130,83,4,17,ukko (122); Ukko (6); ukot (1); uksi (1),ukko (105); Ukko (6); uukko (5); öpo (1); ukod (1); ukkoni (1); ukko-kkina (1); ukot (1)
Länsi-Inkeri,Tuoni,116,48,3,10,Tuoni (106); tuoni (9); Tuonen (1),Tuoni (87); tuoni (11); Tuonelta (5); Tuonen (3); Toonen (3); Toonelta (2); tuonen (2); tuoni- (1)
Länsi-Inkeri,Catherine / Kadri / Katri,105,53,8,18,Kati (39); Kaisa (30); Katri (23); Katariina (6); Katriina (3); Kadrina (2); katri (1); Katri & -kka (diminutive) & -ine (comitative) (1),Kati (35); Kaisa (23); Katri (21); Kaisu (4); Katrina (4); Katriina (3); Kadrina (2); Kaiso (2)
Länsi-Inkeri,Peter / Pietari / Peeter,87,61,6,25,Pietari (50); Petteri (27); Pietarin (5); Pekka (3); Petro (1); Petterille (1),Petteri (23); Pietari (17); Petro (11); Pedro (6); petterissä (3); Peio (3); Pedru (2); petterii (2)
Länsi-Inkeri,Matthew / Matti,72,39,5,6,Matti (58); matti (11); mutti (1); mätti (1),Matti (53); matti (13); Matis (2); mutti (2); mätti (1)
Länsi-Inkeri,Anna / Anne / Ann / Anni,65,38,9,9,Anni (52); Anu (5); anni (2); Ann (1); Annin (1); Annikki (1); anu (dialectal) (1); anu (1),Anni (49); Anu (5); anni (3); Annin (2); anu (2); Anninee (1); annilleen (1); Annikki (1)
Länsi-Inkeri,Untamo,59,16,1,17,Untamo (59),Untamo (28); Untoi (12); unttarin (3); untoi (2); Untroi (2); Unnoiks (1); Unteriks (1); unttarill (1)
Länsi-Inkeri,Unto,50,19,1,5,Unto (50),Unto (42); Untoi (4); Unnoi (2); Unnolta (1); Unnolt (1)
Länsi-Inkeri,Hekko,46,9,1,9,Hekko (46),Hekko (30); hekkoi (7); Heko(in) (2); hekoin (2); Heko(n) (1); hekoiksi (1); hekkojaan (1); hekkojaas (1)
Länsi-Inkeri,(proper noun),35,11,1,17,(proper noun) (35),Hekko (10); Palaga (5); Osmero (3); Ignat (2); Kaarassa (2); Kojo (2); (proper noun) (1); Nasto (1)
Länsi-Inkeri,Väinämöinen,30,14,2,9,Väinämöinen (29); Väinämöinen (via metathesis) (1),Väinämöinen (11); Väinämöin (4); Väinimöinen (4); väinöväin (3); Väinämöi (3); Väinämöine (2); Väinimöiseltä (1); Väzmärö (1)
Länsi-Inkeri,Turo,24,8,1,5,Turo (24),Turo (12); Turoi (8); tuuroin (2); turoin (1); turo (1)
Länsi-Inkeri,Elizabeth / Liisa / Liisu / Elli,23,19,3,4,Elina (16); Liisa (6); Elli (1),Elina (16); Liisa (5); Elli (1); liisan (1)
Länsi-Inkeri,(proper name),19,5,1,10,(proper name) (19),Kalervikko (4); Ismaroi (3); Unnoi (3); Venka (2); miira-n (2); Kukkuira (1); Hekko (1); Untamo (1)
Länsi-Inkeri,Tuuteri,19,11,1,2,Tuuteri (19),Tuuteri (18); tuuterissa (1)
Länsi-Inkeri,Maije,17,3,1,1,Maije (17),Maije (17)
Länsi-Inkeri,Vello,17,8,1,1,Vello (17),Vello (17)
Länsi-Inkeri,Andrew / Antti,16,8,3,5,Antti (14); Antille (1); Andrei (1),Antti (8); antillee (3); Antrus (2); antti (2); Ondrei (1)
Länsi-Inkeri,Michael / Mikko / Mihkel,15,11,3,8,Mikko (13); Mikkoon (1); Mikael (1),Mikko (6); Mikkeli (3); Mikko+laan (1); Mio (1); Miittoi (1); miko (1); Mikku (1); Mikael (1)
Länsi-Inkeri,(name),14,6,1,9,(name) (14),Ismaro (3); Virpoi (2); Hekko (2); Palaga (2); Virro (1); Unto (1); Maije (1); Naastoi (1)
Länsi-Inkeri,(none),14,1,1,1,(none) (14),Hekko (14)
Länsi-Inkeri,John / Jaan / Jussi / Hans,14,10,3,6,Iivana (11); Juhana (2); Juhani (1),Iivana (7); Iivaana (3); Jaani (1); Juhana (1); J:lan (1); Ivaana (1)
Länsi-Inkeri,Eve / Eeva,11,7,1,1,Eeva (11),Eeva (11)
Länsi-Inkeri,Maijo,11,1,1,1,Maijo (11),Maijo (11)
Länsi-Inkeri,Thomas / Toomas / Tuomas,11,6,1,3,Tuomas (11),Tuomas (8); tuomas (2); toomus (1)
Länsi-Inkeri,Ilmarinen,10,7,1,4,Ilmarinen (10),Ilmarinen (4); Ismaroinen (3); Ilmaroinen (2); Ilmaroi (1)
Länsi-Inkeri,Jyrki,10,9,1,1,Jyrki (10),Jyrki (10)
Länsi-Inkeri,Simon / Siim / Simo,9,7,1,2,Simo (9),Simo (8); simmo (1)
Länsi-Inkeri,Venna,9,2,1,1,Venna (9),Venna (9)
Länsi-Inkeri,George / Jüri,8,7,4,3,Yrjö (4); Jyrki (2); Jyri (1); jyri (1),Jyrki (6); Jyri (1); jyri (1)
Länsi-Inkeri,Henry / Heikki,8,6,3,6,Henrik (4); Heikki (3); Hekko (1),Heikki (3); Hekko (1); Hindrikko (1); Hindrik (1); Hindrikka (1); Henrik (1)
Länsi-Inkeri,Konnu,8,4,1,1,Konnu (8),Konnu (8)
Länsi-Inkeri,Ignat,7,3,1,3,Ignat (7),ignatta (5); Ignatta (1); Ignat (1)
Länsi-Inkeri,Kalervikko,7,5,1,1,Kalervikko (7),Kalervikko (7)
Länsi-Inkeri,Koijonen,7,2,1,2,Koijonen (7),koijoisen (5); Koijoisen (2)
Länsi-Inkeri,Lauri,7,7,1,1,Lauri (7),Lauri (7)
Länsi-Inkeri,Nicholas / Nikka / Klaus,7,5,3,3,Nikko (5); Nikolaus (1); nikka (1),Nikko (5); Miikkula (1); nikka (1)
Länsi-Inkeri,Jacob / Jaak / Jaakko,6,6,2,5,Jaakko (5); jaakko (1),Jaakko (2); Jaa (1); Jaakop (1); Jaani (1); jaakko (1)
Länsi-Inkeri,Kalerva,6,5,1,1,Kalerva (6),Kalerva (6)
Länsi-Inkeri,Kuuttari,6,3,1,1,Kuuttari (6),Kuuttari (6)
Länsi-Inkeri,Martin / Mart / Märt,6,4,1,4,Martti (6),Mart (2); Martin (2); Martti (1); Marti (1)
Länsi-Inkeri,Virro,6,5,1,1,Virro (6),Virro (6)
Länsi-Inkeri,Antrus,5,1,1,1,Antrus (5),Antrus (5)
Länsi-Inkeri,Heko,5,1,1,1,Heko (5),Heko (5)
Länsi-Inkeri,Hekojen,5,1,1,1,Hekojen (5),hekoin (5)
Länsi-Inkeri,Kojonen,5,4,1,3,Kojonen (5),Kojonen (3); Kojjoinen (1); Kojosen (1)
Länsi-Inkeri,Kullervo,5,5,1,2,Kullervo (5),Kullervo (4); Kulerva (1)
Länsi-Inkeri,Lilla,5,1,1,1,Lilla (5),Lilla (5)
Länsi-Inkeri,Marini,5,2,1,1,Marini (5),Marini (5)
Länsi-Inkeri,Paatitsa,5,5,1,1,Paatitsa (5),Paatitsa (5)
Länsi-Inkeri,Sarah / Saara,5,3,2,2,Saara (4); saara (1),Saara (4); sara (1)
Länsi-Inkeri,Tormio,5,5,1,1,Tormio (5),Tormio (5)
Länsi-Inkeri,Ahti,4,3,2,3,Ahti (3); ahti (1),Ohto (2); aahki (1); Ahti (1)
Länsi-Inkeri,Aino,4,3,1,2,Aino (4),Aino (3); ainolle (1)
Länsi-Inkeri,Iivana,4,2,1,2,Iivana (4),Iivana(n) (2); Iivana (2)
Länsi-Inkeri,Ismaro,4,3,1,1,Ismaro (4),Ismaro (4)
Länsi-Inkeri,Kasteri,4,3,1,4,Kasteri (4),Kasteri (1); Kasteri-n (1); Kasteri+n (1); Kasteri+sen (1)
Länsi-Inkeri,Marjukka,4,4,1,2,Marjukka (4),Marjukka (3); marjukkaine (1)
Länsi-Inkeri,Tuura,4,1,1,1,Tuura (4),Tuura (4)
Länsi-Inkeri,Annikka,3,3,1,1,Annikka (3),Annikka (3)
Länsi-Inkeri,Anterus,3,1,1,1,Anterus (3),Anterus (3)
Länsi-Inkeri,Elias / Eljas,3,2,2,2,Elija (2); Elias (1),Iiliä (2); Iilia (1)
Länsi-Inkeri,Eva,3,2,1,1,Eva (3),Eva (3)
Länsi-Inkeri,Halli,3,1,1,1,Halli (3),Halli (3)
Länsi-Inkeri,Kaarasta,3,3,1,2,Kaarasta (3),Kaarasta (2); Kaarastaa (1)
Länsi-Inkeri,Kojoinen,3,1,1,1,Kojoinen (3),Kojoinen (3)
Länsi-Inkeri,Korkko,3,1,1,1,Korkko (3),Korkko (3)
Länsi-Inkeri,Kurjuu,3,1,1,1,Kurjuu (3),Kurjuu (3)
Länsi-Inkeri,Luuska,3,3,1,1,Luuska (3),Luuska (3)
Länsi-Inkeri,Luutitsa,3,3,1,1,Luutitsa (3),Luutitsa (3)
Länsi-Inkeri,Mannu,3,2,1,2,Mannu (3),Mannun (2); Mannu (1)
Länsi-Inkeri,Marina,3,2,1,1,Marina (3),Marina (3)
Länsi-Inkeri,Martti,3,3,1,2,Martti (3),Martti (2); marti(kkene) (1)
Länsi-Inkeri,Peijooni,3,1,1,1,Peijooni (3),Peijo (3)
Länsi-Inkeri,Tahvo (name),3,1,1,1,Tahvo (name) (3),Tahvana (3)
Länsi-Inkeri,Tormi,3,3,1,1,Tormi (3),Tormi (3)
Länsi-Inkeri,Tupina,3,1,1,1,Tupina (3),Tupina (3)
Länsi-Inkeri,Untamon,3,1,1,2,Untamon (3),Untamo-n (2); Untuma-n (1)
Länsi-Inkeri,Väinö,3,2,1,1,Väinö (3),Väinö (3)
Länsi-Inkeri,(place name),2,1,1,1,(place name) (2),Kaarasa (2)
Länsi-Inkeri,Aine,2,2,1,1,Aine (2),Aine (2)
Länsi-Inkeri,Filippa,2,2,1,2,Filippa (2),Vilippa (1); Filippa (1)
Länsi-Inkeri,Hekko+ni,2,1,1,1,Hekko+ni (2),Hekko+ni (2)
Länsi-Inkeri,Hekon,2,1,1,1,Hekon (2),hekkoi (2)
Länsi-Inkeri,Huobri,2,1,1,1,Huobri (2),Huobri (2)
Länsi-Inkeri,Ignatius,2,1,1,1,Ignatius (2),Ignatta (2)
Länsi-Inkeri,Ihalmo,2,1,1,1,Ihalmo (2),Ihalmo (2)
Länsi-Inkeri,Iivoilinna,2,2,1,2,Iivoilinna (2),Iivoilinna (1); Iivoi-linna (1)
Länsi-Inkeri,Iro,2,1,1,1,Iro (2),Iro (2)
Länsi-Inkeri,Ivana,2,2,1,1,Ivana (2),Ivana (2)
Länsi-Inkeri,Joukamoinen / Joukahainen,2,1,1,1,Joukahainen (2),Iukamoine (2)
Länsi-Inkeri,Julia,2,1,1,1,Julia (2),Julia (2)
Länsi-Inkeri,Kaarasa,2,1,1,1,Kaarasa (2),Kaarasa (2)
Länsi-Inkeri,Kaarosta,2,1,1,1,Kaarosta (2),Kaarosta (2)
Länsi-Inkeri,Kadriina,2,1,1,1,Kadriina (2),Kadriina (2)
Länsi-Inkeri,Katriina,2,1,1,1,Katriina (2),Katriina (2)
Länsi-Inkeri,Kavvan,2,1,1,1,Kavvan (2),Kavvan (2)
Länsi-Inkeri,Kiiskala,2,2,1,1,Kiiskala (2),Kiiskala (2)
Länsi-Inkeri,Kirimo,2,1,1,1,Kirimo (2),Kirimo (2)
Länsi-Inkeri,Kirsti,2,2,1,1,Kirsti (2),Kirsti (2)
Länsi-Inkeri,Kulerva,2,1,1,1,Kulerva (2),Kulerva (2)
Länsi-Inkeri,Kuuttarma,2,1,1,1,Kuuttarma (2),Kuuttarma (2)
Länsi-Inkeri,Laukaha,2,1,1,2,Laukaha (2),Laukahasse (Laukaha) (1); Laukahasta (Laukaha) (1)
Länsi-Inkeri,Lilli,2,2,1,2,Lilli (2),lilla (1); Lilli (1)
Länsi-Inkeri,Marja,2,1,1,1,Marja (2),Marjo (2)
Länsi-Inkeri,Miira,2,1,1,1,Miira (2),Miira (2)
Länsi-Inkeri,Moskova,2,2,1,1,Moskova (2),Moskova (2)
Länsi-Inkeri,Mottu,2,1,1,1,Mottu (2),Mottu (2)
Länsi-Inkeri,Ohto,2,2,1,1,Ohto (2),Ohto (2)
Länsi-Inkeri,Paro,2,1,1,1,Paro (2),Paro (2)
Länsi-Inkeri,Pietteri,2,1,1,1,Pietteri (2),Pietteri (2)
Länsi-Inkeri,Pirkko,2,2,1,2,Pirkko (2),Piri (1); Pirkko (1)
Länsi-Inkeri,Sasa,2,1,1,1,Sasa (2),Sasa+ni (2)
Länsi-Inkeri,Sinna (prop.n.),2,1,1,1,Sinna (prop.n.) (2),Sinna (prop.n.) (2)
Länsi-Inkeri,Sohvi,2,2,1,2,Sohvi (2),sohvialle (1); Sohvi (1)
Länsi-Inkeri,Säätilä,2,1,1,2,Säätilä (2),Säätilä (1); Sätil (1)
Länsi-Inkeri,Tobias,2,2,1,1,Tobias (2),Tobjas (2)
Länsi-Inkeri,Topi,2,2,1,1,Topi (2),Topi (2)
Länsi-Inkeri,Turoi,2,2,1,1,Turoi (2),Turoi (2)
Länsi-Inkeri,Tuuter & maa,2,1,1,1,Tuuter & maa (2),tuutermaaha (2)
Länsi-Inkeri,Unnon,2,2,1,2,Unnon (2),Unno-n (1); Unto-n (1)
Länsi-Inkeri,Vappo,2,1,1,1,Vappo (2),Vappo (2)
Länsi-Inkeri,Venaa,2,1,1,1,Venaa (2),Venaa (2)
Länsi-Inkeri,Viljo,2,1,1,1,Viljo (2),Viljo (2)
Länsi-Inkeri,Virpo,2,1,1,1,Virpo (2),Virpo (2)
Länsi-Inkeri,Ylly,2,1,1,1,Ylly (2),Ylly (2)
Länsi-Inkeri,millä,2,1,1,1,millä (2),mi+llä (2)
Länsi-Inkeri,sopo,2,1,1,2,sopo (2),sopoille (1); sopoi (1)
Länsi-Inkeri,vello,2,1,1,1,vello (2),vello (2)
Länsi-Inkeri,(name)+rikkoa,1,1,1,1,(name)+rikkoa (1),Ruikko+rikkoa (1)
Länsi-Inkeri,(name?),1,1,1,1,(name?) (1),vello (1)
Länsi-Inkeri,(place),1,1,1,1,(place) (1),Muurame (1)
Länsi-Inkeri,Aili,1,1,1,1,Aili (1),Aili (1)
Länsi-Inkeri,Alli,1,1,1,1,Alli (1),Alli (1)
Länsi-Inkeri,Andro,1,1,1,1,Andro (1),Andro (1)
Länsi-Inkeri,Andrus,1,1,1,1,Andrus (1),Andrus (1)
Länsi-Inkeri,Annikki,1,1,1,1,Annikki (1),Annikkine (1)
Länsi-Inkeri,Annu,1,1,1,1,Annu (1),Annu (1)
Länsi-Inkeri,Antero,1,1,1,1,Antero (1),Antero (1)
Länsi-Inkeri,Antrus (proper noun),1,1,1,1,Antrus (proper noun) (1),Antrus (1)
Länsi-Inkeri,Antso,1,1,1,1,Antso (1),Antso (1)
Länsi-Inkeri,Aret,1,1,1,1,Aret (1),Aret (1)
Länsi-Inkeri,Arkkippa (hypocoristic),1,1,1,1,Arkkippa (hypocoristic) (1),Archippa-ni (1)
Länsi-Inkeri,Dvinales,1,1,1,1,Dvinales (1),Dvinales (1)
Länsi-Inkeri,Exportles,1,1,1,1,Exportles (1),Exportles (1)
Länsi-Inkeri,Fadja,1,1,1,1,Fadja (1),Fadja (1)
Länsi-Inkeri,Gavril,1,1,1,1,Gavril (1),Gauril (1)
Länsi-Inkeri,Haapio,1,1,1,1,Haapio (1),Haapio (1)
Länsi-Inkeri,Haavikko,1,1,1,1,Haavikko (1),Haavikko (1)
Länsi-Inkeri,Harjavalla,1,1,1,1,Harjavalla (1),Harjavalla (1)
Länsi-Inkeri,Heikko,1,1,1,1,Heikko (1),Heikko (1)
Länsi-Inkeri,Hekkoa,1,1,1,1,Hekkoa (1),hekkoo (1)
Länsi-Inkeri,Hekku,1,1,1,1,Hekku (1),Hekku (1)
Länsi-Inkeri,Hekoilta,1,1,1,1,Hekoilta (1),hekoilta (1)
Länsi-Inkeri,Hemmo,1,1,1,1,Hemmo (1),Hemmo (1)
Länsi-Inkeri,Hetu,1,1,1,1,Hetu (1),Hetu (1)
Länsi-Inkeri,Hunto,1,1,1,1,Hunto (1),Hunto (1)
Länsi-Inkeri,Iittova,1,1,1,1,Iittova (1),Iittova (1)
Länsi-Inkeri,Iiverikko,1,1,1,1,Iiverikko (1),Iiverikko (1)
Länsi-Inkeri,Iljas,1,1,1,1,Iljas (1),Iljas (1)
Länsi-Inkeri,Iljasta,1,1,1,1,Iljasta (1),Iljasta (1)
Länsi-Inkeri,Iriska,1,1,1,1,Iriska (1),Iriska (1)
Länsi-Inkeri,Ismarat,1,1,1,1,Ismarat (1),Ismarat (1)
Länsi-Inkeri,Ivan,1,1,1,1,Ivan (1),Ivan (1)
Länsi-Inkeri,Joel,1,1,1,1,Joel (1),Joel (1)
Länsi-Inkeri,Jortana,1,1,1,1,Jortana (1),Jortana (1)
Länsi-Inkeri,Jortanainen,1,1,1,1,Jortanainen (1),jortanainen (1)
Länsi-Inkeri,Judas / Juudas,1,1,1,1,Juudas (1),Juudas (1)
Länsi-Inkeri,Kaara,1,1,1,1,Kaara (1),kaaran (1)
Länsi-Inkeri,Kaarela,1,1,1,1,Kaarela (1),Kaarela (1)
Länsi-Inkeri,Kaari,1,1,1,1,Kaari (1),Kaari-sta (1)
Länsi-Inkeri,Kabriota,1,1,1,1,Kabriota (1),Kabriota (1)
Länsi-Inkeri,Kaino,1,1,1,1,Kaino (1),Kaino (1)
Länsi-Inkeri,Kaipaala,1,1,1,1,Kaipaala (1),Kaipaala (1)
Länsi-Inkeri,Kalervikko (proper noun),1,1,1,1,Kalervikko (proper noun) (1),Kalervikko (1)
Länsi-Inkeri,Kalervu,1,1,1,1,Kalervu (1),Kalervu (1)
Länsi-Inkeri,Kamppuli,1,1,1,1,Kamppuli (1),Kamppuli (1)
Länsi-Inkeri,Kandrätti,1,1,1,1,Kandrätti (1),Kandrätti (1)
Länsi-Inkeri,Karne,1,1,1,1,Karne (1),Karne (1)
Länsi-Inkeri,Karpalo,1,1,1,1,Karpalo (1),Karpalo (1)
Länsi-Inkeri,Karpan,1,1,1,1,Karpan (1),Karpan (1)
Länsi-Inkeri,Kaspari,1,1,1,1,Kaspari (1),Kaspari (1)
Länsi-Inkeri,Kastari,1,1,1,1,Kastari (1),Kastari (1)
Länsi-Inkeri,Kasterinen,1,1,1,1,Kasterinen (1),Kasterinen (1)
Länsi-Inkeri,Kateriina,1,1,1,1,Kateriina (1),Kateriina (1)
Länsi-Inkeri,Katto,1,1,1,1,Katto (1),Kattu (1)
Länsi-Inkeri,Kauko,1,1,1,1,Kauko (1),Kauvo (1)
Länsi-Inkeri,Kerttu,1,1,1,1,Kerttu (1),Kerttu (1)
Länsi-Inkeri,Kirssu,1,1,1,1,Kirssu (1),Kirssu (1)
Länsi-Inkeri,Klimu,1,1,1,1,Klimu (1),Klimu (1)
Länsi-Inkeri,Kolkapääjoki,1,1,1,1,Kolkapääjoki (1),Kolkapääjoki (1)
Länsi-Inkeri,Kompi,1,1,1,1,Kompi (1),Kompi (1)
Länsi-Inkeri,Kompi-Konnu,1,1,1,1,Kompi-Konnu (1),Kompi-Konnu (1)
Länsi-Inkeri,Konnas,1,1,1,1,Konnas (1),Konnas (1)
Länsi-Inkeri,Kuippana,1,1,1,1,Kuippana (1),Kuippanan (1)
Länsi-Inkeri,Kuisma,1,1,1,1,Kuisma (1),Kuizma (1)
Länsi-Inkeri,Kukkus,1,1,1,1,Kukkus (1),Kukkus (1)
Länsi-Inkeri,Kukkusi,1,1,1,1,Kukkusi (1),Kukkusi (1)
Länsi-Inkeri,Kulervo,1,1,1,1,Kulervo (1),Kulervan (1)
Länsi-Inkeri,Kunna,1,1,1,1,Kunna (1),Kunnu (1)
Länsi-Inkeri,Kurgola,1,1,1,1,Kurgola (1),Kurgola (1)
Länsi-Inkeri,Kurkola,1,1,1,1,Kurkola (1),Kurkola (1)
Länsi-Inkeri,Kusto,1,1,1,1,Kusto (1),Kusto (1)
Länsi-Inkeri,Kutra,1,1,1,1,Kutra (1),Kutra (1)
Länsi-Inkeri,Kuzma,1,1,1,1,Kuzma (1),Kuzma (1)
Länsi-Inkeri,Laslavitta,1,1,1,1,Laslavitta (1),Laslavitta (1)
Länsi-Inkeri,Laukahas,1,1,1,1,Laukahas (1),Laukahas (1)
Länsi-Inkeri,Laukkia,1,1,1,1,Laukkia (1),Laukkia (1)
Länsi-Inkeri,Luise,1,1,1,1,Luise (1),Luise (1)
Länsi-Inkeri,Lusi,1,1,1,1,Lusi (1),Lusi (1)
Länsi-Inkeri,Lutikanmaa,1,1,1,1,Lutikanmaa (1),Lutikanmaa (1)
Länsi-Inkeri,Luusa,1,1,1,1,Luusa (1),Luusasta (1)
Länsi-Inkeri,Maijatytär,1,1,1,1,Maijatytär (1),Maijetytär (1)
Länsi-Inkeri,Mairue,1,1,1,1,Mairue (1),Mairue (1)
Länsi-Inkeri,Malle,1,1,1,1,Malle (1),Malle (1)
Länsi-Inkeri,Mannakka,1,1,1,1,Mannakka (1),Mannakka+a (1)
Länsi-Inkeri,Mannun,1,1,1,1,Mannun (1),Mannun (1)
Länsi-Inkeri,Maretta,1,1,1,1,Maretta (1),Maretta (1)
Länsi-Inkeri,Marjut,1,1,1,1,Marjut (1),Marjut (1)
Länsi-Inkeri,Markus,1,1,1,1,Markus (1),Markus (1)
Länsi-Inkeri,Matinkylä,1,1,1,1,Matinkylä (1),mativei (1)
Länsi-Inkeri,Miikkola,1,1,1,1,Miikkola (1),Miikkola (1)
Länsi-Inkeri,Miikkula,1,1,1,1,Miikkula (1),Miikkula (1)
Länsi-Inkeri,Mitra,1,1,1,1,Mitra (1),Mitra (1)
Länsi-Inkeri,Molloo (toponym),1,1,1,1,Molloo (toponym) (1),mollo (1)
Länsi-Inkeri,Molot,1,1,1,1,Molot (1),Molot (1)
Länsi-Inkeri,Musko,1,1,1,1,Musko (1),Musko (1)
Länsi-Inkeri,Naasta,1,1,1,1,Naasta (1),Naasta (1)
Länsi-Inkeri,Naastas,1,1,1,1,Naastas (1),Naastas (1)
Länsi-Inkeri,Nasta,1,1,1,1,Nasta (1),Nasta (1)
Länsi-Inkeri,Nesperi,1,1,1,1,Nesperi (1),Nesperi (1)
Länsi-Inkeri,Nesteri,1,1,1,1,Nesteri (1),Nesteri (1)
Länsi-Inkeri,Nikolai,1,1,1,1,Nikolai (1),Nikolai (1)
Länsi-Inkeri,Ojabril,1,1,1,1,Ojabril (1),Ojabril (1)
Länsi-Inkeri,Olkomoisio,1,1,1,1,Olkomoisio (1),Olkomoisio (1)
Länsi-Inkeri,Ossa,1,1,1,1,Ossa (1),Ossa (1)
Länsi-Inkeri,Oute,1,1,1,1,Oute (1),Oute (1)
Länsi-Inkeri,Outi,1,1,1,1,Outi (1),Oute (1)
Länsi-Inkeri,Outi (proper noun),1,1,1,1,Outi (proper noun) (1),Oute (1)
Länsi-Inkeri,Paaritsa,1,1,1,1,Paaritsa (1),Paaritsa (1)
Länsi-Inkeri,Peippiä,1,1,1,1,Peippiä (1),Peippiä-n (1)
Länsi-Inkeri,Peipäi,1,1,1,1,Peipäi (1),Peipäi (1)
Länsi-Inkeri,Pekko,1,1,1,1,Pekko (1),Pekko (1)
Länsi-Inkeri,Peni,1,1,1,1,Peni (1),Peni (1)
Länsi-Inkeri,Pentti,1,1,1,1,Pentti (1),Pentti (1)
Länsi-Inkeri,Petja,1,1,1,1,Petja (1),Petja (1)
Länsi-Inkeri,Piettilä,1,1,1,1,Piettilä (1),Piettilää (1)
Länsi-Inkeri,Piettula,1,1,1,1,Piettula (1),Piettula (1)
Länsi-Inkeri,Piippo,1,1,1,1,Piippo (1),Piippo (1)
Länsi-Inkeri,Pirjo,1,1,1,1,Pirjo (1),Piri (1)
Länsi-Inkeri,Pirketta,1,1,1,1,Pirketta (1),Piretta (1)
Länsi-Inkeri,Poola,1,1,1,1,Poola (1),Poola (1)
Länsi-Inkeri,Portsu,1,1,1,1,Portsu (1),Portsu (1)
Länsi-Inkeri,Puolai (name),1,1,1,1,Puolai (name) (1),Puolai (1)
Länsi-Inkeri,Päivätar,1,1,1,1,Päivätar (1),Päivätar (1)
Länsi-Inkeri,Päivätär,1,1,1,1,Päivätär (1),Päivätär (1)
Länsi-Inkeri,Pärspää,1,1,1,1,Pärspää (1),Pärspää (1)
Länsi-Inkeri,Ransu,1,1,1,1,Ransu (1),Ransu (1)
Länsi-Inkeri,Riio,1,1,1,1,Riio (1),Riio (1)
Länsi-Inkeri,Rokka-Tuomas,1,1,1,1,Rokka-Tuomas (1),Rokka-Tuomas (1)
Länsi-Inkeri,Saani,1,1,1,1,Saani (1),Saani (1)
Länsi-Inkeri,Sakkia,1,1,1,1,Sakkia (1),sakkian (1)
Länsi-Inkeri,Sako,1,1,1,1,Sako (1),Sako (1)
Länsi-Inkeri,Salme,1,1,1,1,Salme (1),Salme (1)
Länsi-Inkeri,Senihhalle,1,1,1,1,Senihhalle (1),senihhalle (1)
Länsi-Inkeri,Senno,1,1,1,1,Senno (1),Senno (1)
Länsi-Inkeri,Simoserra,1,1,1,1,Simoserra (1),Simoserra (1)
Länsi-Inkeri,Sipi,1,1,1,1,Sipi (1),Sipi (1)
Länsi-Inkeri,Soria,1,1,1,1,Soria (1),Soria (1)
Länsi-Inkeri,Suija,1,1,1,1,Suija (1),Suija (1)
Länsi-Inkeri,Suli,1,1,1,1,Suli (1),suli (1)
Länsi-Inkeri,Säätinö,1,1,1,1,Säätinö (1),Säätinö (1)
Länsi-Inkeri,Taari,1,1,1,1,Taari (1),Taari (1)
Länsi-Inkeri,Tallen,1,1,1,1,Tallen (1),Tallen (1)
Länsi-Inkeri,Tanoinmartti,1,1,1,1,Tanoinmartti (1),Tanoinmartti (1)
Länsi-Inkeri,Tanu,1,1,1,1,Tanu (1),Tanu (1)
Länsi-Inkeri,Tapio,1,1,1,1,Tapio (1),Taprio (1)
Länsi-Inkeri,Tatja,1,1,1,1,Tatja (1),Tatja (1)
Länsi-Inkeri,Teesu,1,1,1,1,Teesu (1),Teesu (1)
Länsi-Inkeri,Tehvana,1,1,1,1,Tehvana (1),tehvana (1)
Länsi-Inkeri,Teppo,1,1,1,1,Teppo (1),Teppo (1)
Länsi-Inkeri,Toikkanen,1,1,1,1,Toikkanen (1),Toikkanen (1)
Länsi-Inkeri,Toikko,1,1,1,1,Toikko (1),Toikko (1)
Länsi-Inkeri,Tora,1,1,1,1,Tora (1),Tora (1)
Länsi-Inkeri,Turoin,1,1,1,1,Turoin (1),turoin (1)
Länsi-Inkeri,Tyrsövä,1,1,1,1,Tyrsövä (1),Tyrsövä (1)
Länsi-Inkeri,Uffotkaa,1,1,1,1,Uffotkaa (1),uffotkaa (1)
Länsi-Inkeri,Unno,1,1,1,1,Unno (1),Unno (1)
Länsi-Inkeri,Unnolla,1,1,1,1,Unnolla (1),Unnoll (1)
Länsi-Inkeri,Unnonmaa,1,1,1,1,Unnonmaa (1),Unnonmaan (1)
Länsi-Inkeri,Unto + maa,1,1,1,1,Unto + maa (1),Unto + maa (1)
Länsi-Inkeri,Unttermo,1,1,1,1,Unttermo (1),untermoin (1)
Länsi-Inkeri,Vaaseli,1,1,1,1,Vaaseli (1),Vaaseli (1)
Länsi-Inkeri,Vedro,1,1,1,1,Vedro (1),Vedroi (1)
Länsi-Inkeri,Vedroi,1,1,1,1,Vedroi (1),Vedroi (1)
Länsi-Inkeri,Vellon,1,1,1,1,Vellon (1),Vellon (1)
Länsi-Inkeri,Vento,1,1,1,1,Vento (1),Vento (1)
Länsi-Inkeri,Virkane,1,1,1,1,Virkane (1),Virkane (1)
Länsi-Inkeri,Virvo,1,1,1,1,Virvo (1),Virvo (1)
Länsi-Inkeri,Väsmaro,1,1,1,1,Väsmaro (1),Väsmaro (1)
Länsi-Inkeri,Yljen,1,1,1,1,Yljen (1),Yllen (1)
Länsi-Inkeri,Yllö,1,1,1,1,Yllö (1),Yllön (1)
Länsi-Inkeri,anu (proper noun),1,1,1,1,anu (proper noun) (1),anu-ni (1)
Länsi-Inkeri,hakku/hakula,1,1,1,1,hakku/hakula (1),hakku/hakula (1)
Länsi-Inkeri,heko,1,1,1,1,heko (1),hekoille (1)
Länsi-Inkeri,hursti,1,1,1,1,hursti (1),hursti (1)
Länsi-Inkeri,kaija,1,1,1,1,kaija (1),kaija (1)
Länsi-Inkeri,kakkotuuli,1,1,1,1,kakkotuuli (1),kakkotuuli (1)
Länsi-Inkeri,katanmarja,1,1,1,1,katanmarja (1),kati-marja (1)
Länsi-Inkeri,katinkukka,1,1,1,1,katinkukka (1),kati-kukka (1)
Länsi-Inkeri,kavva,1,1,1,1,kavva (1),kavva (1)
Länsi-Inkeri,mai,1,1,1,1,mai (1),maien (1)
Länsi-Inkeri,manu (dial.),1,1,1,1,manu (dial.) (1),manu (1)
Länsi-Inkeri,martikkainen,1,1,1,1,martikkainen (1),martikkaine (1)
Länsi-Inkeri,nimeä,1,1,1,1,nimeä (1),nimmee (1)
Länsi-Inkeri,nimi,1,1,1,1,nimi (1),nimi (1)
Länsi-Inkeri,otto,1,1,1,1,otto (1),otto (1)
Länsi-Inkeri,piiru,1,1,1,1,piiru (1),piiru (1)
Länsi-Inkeri,raaka? (uncertain),1,1,1,1,raaka? (uncertain) (1),raas (1)
Länsi-Inkeri,saanikkainen,1,1,1,1,saanikkainen (1),saanikkaiseheen (1)
Länsi-Inkeri,siestar&marja,1,1,1,1,siestar&marja (1),siestar&marja (1)
Länsi-Inkeri,sisovas (hypoth.),1,1,1,1,sisovas (hypoth.) (1),sisova (1)
Länsi-Inkeri,vankka (if descriptor) / Vantaa (if proper),1,1,1,1,vankka (if descriptor) / Vantaa (if proper) (1),vantsa (1)
Länsi-Inkeri,vedro,1,1,1,1,vedro (1),vedro (1)
Länsi-Inkeri,Ääveri (obscure root),1,1,1,1,Ääveri (obscure root) (1),Ääverikine (1)
Länsipohja,Jesus / Christ,18,17,3,5,Jeesus (15); Jesus (2); Kristus (1),Iesus (8); Jeesus (6); Jesus (2); Jiesus (1); Kristus (1)
Länsipohja,God / Jumala / Jumal,6,6,4,4,herra (3); Jumala (1); jumala (1); Herra (1),herra (3); Jumala (1); jumala (1); Herra (1)
Länsipohja,Mary / Maria / Maarja / Mari,5,4,1,2,Maria (5),Maria (4); Maaria (1)
Länsipohja,John / Jaan / Jussi / Hans,3,2,2,2,juhannes (2); Jussi (1),juhannes (2); Jussi (1)
Länsipohja,Andrew / Antti,2,1,1,1,Antti (2),Antti (2)
Länsipohja,Jacob / Jaak / Jaakko,2,1,1,1,Jaakko (2),Jaakko (2)
Länsipohja,Matthew / Matti,2,1,1,1,Matti (2),Matti (2)
Länsipohja,Eve / Eeva,1,1,1,1,Eeva (1),Eeva (1)
Länsipohja,Henry / Heikki,1,1,1,1,Heikki (1),Heikki (1)
Länsipohja,Peter / Pietari / Peeter,1,1,1,1,Petteri (1),Petter (1)
Länsipohja,Tuoni,1,1,1,1,tuoni (1),tuumen (1)
Länsipohja,nimi,1,1,1,1,nimi (1),nimi (1)
Läänemaa,Martin / Mart / Märt,258,49,14,10,mart (92); mard (63); Mart (53); Mard (14); mardus (10); mardid (7); mardikas (7); Mard (proper noun) (2),mart (111); mard (63); Mart (55); mardid (11); Mard (9); Mardi (4); marti (2); märti (1)
Läänemaa,John / Jaan / Jussi / Hans,194,88,10,17,Jaan (125); Ants (32); Hans (26); hans (3); jaanike (2); Juhan (2); Juss (1); hannes (1),Jaan (119); Ants (27); Hans (23); ants (5); jaanikene (3); Jaanikene (2); hans (2); hants (2)
Läänemaa,God / Jumala / Jumal,179,129,14,25,jumal (55); härra (35); Jumal (35); herra (22); looja (10); junkur (6); Looja (6); isand (3),jumal (54); Jumal (33); härra (32); herra (17); looja (9); Looja (6); ärra (3); junkur (3)
Läänemaa,Mary / Maria / Maarja / Mari,172,108,11,19,Mari (86); mari (51); Maarja (18); Maria (8); marikene (2); Maari (2); Marike (1); marjukene (1),Mari (73); mari (45); Maarja (14); Maria (7); Mare (6); Marike (4); Maari (4); marikene (3)
Läänemaa,Anna / Anne / Ann / Anni,134,69,10,13,Ann (76); Anne (30); anne (15); Änni (4); Anu (3); Anna (1); Anne & -ke (1); änn (1),Ann (71); Anne (30); anne (15); Anu (4); Änni (4); annekene (2); Anne+kene (2); ande (1)
Läänemaa,Catherine / Kadri / Katri,115,29,7,8,Kadri (90); kadri (18); kadripäev (3); Kati (1); kadrike (1); Katariina (1); Kai (1),Kadri (85); kadri (21); Katri (4); Kadrid (1); Kati (1); kadrikene (1); Katariina (1); Kaie (1)
Läänemaa,Elizabeth / Liisa / Liisu / Elli,88,47,4,7,Liisu (78); Liisa (8); liisu (1),Liisu (73); Liisa (5); liisu (3); Liisuke (2); Liisukene (2); Liiso (2); Liisarilli (1)
Läänemaa,Matthew / Matti,46,22,5,5,Mats (41); mats (2); matsatama (1); Matsi (1); Madis (1),Mats (39); Matsi (3); mats (2); matsatama (1); Madis (1)
Läänemaa,George / Jüri,42,23,2,4,Jüri (41); Juri (1),Jüri (37); jurid (3); Juri (1); jüri (1)
Läänemaa,Peter / Pietari / Peeter,31,16,2,6,Peeter (24); Peetrus (7),Peeter (19); Peetrus (8); Ptru (1); Pietar (1); Peet (1); Peetert (1)
Läänemaa,Michael / Mikko / Mihkel,28,18,4,9,Mihkel (17); Miku (6); Mikk (3); mihkel (2),Mihkel (13); Miku (6); Mikk (3); mihkeline (1); mihkel (1); minni (1); Mihli (1); Mihklikene (1)
Läänemaa,Kalev / Kalervo,24,19,2,9,Kalev (17); kalev (7),Kalev (7); kalev (6); Kalevere (2); Kalt (2); Kalevi (2); kalevine (2); kaleve (1); kalevist (1)
Läänemaa,Kai,18,14,1,3,Kai (18),Kai (13); Kaie (4); kaie (1)
Läänemaa,Tiiu,17,13,1,2,Tiiu (17),Tiiu (15); tiiu (2)
Läänemaa,Simon / Siim / Simo,16,12,3,3,Siim (13); Siimon (2); siim (1),Siim (13); Siimon (2); siim (1)
Läänemaa,Malle,15,11,1,1,Malle (15),Malle (15)
Läänemaa,Jacob / Jaak / Jaakko,14,9,3,6,Jaak (12); Jaagup (1); Jaakob (1),Jaak (8); Jaagul (2); Jaagup (1); Jaakob (1); Jaago (1); jaagu (1)
Läänemaa,Jesus / Christ,14,8,4,7,Jeesus (9); Kristus (3); Jeesusesse (1); Kriste (1),Jeesus (8); Jeesusse (1); Kõrstus (1); jeesus (1); kristus (1); Kristus (1); Kriste (1)
Läänemaa,Kaie,14,10,1,1,Kaie (14),Kaie (14)
Läänemaa,Sarah / Saara,14,3,2,2,säär (10); Saara (4),säärel (10); Saara (4)
Läänemaa,Thomas / Toomas / Tuomas,13,12,2,3,Toomas (12); Tooma (1),Toomas (11); Tohri (1); Tooma (1)
Läänemaa,Aadu,7,4,1,1,Aadu (7),Aadu (7)
Läänemaa,kai,7,3,1,2,kai (7),kai (6); kaie (1)
Läänemaa,Mai,6,6,1,2,Mai (6),Mai (4); Maie (2)
Läänemaa,Marel,6,1,1,1,Marel (6),Marel (6)
Läänemaa,Rein,6,1,1,1,Rein (6),Rein (6)
Läänemaa,Vatla,6,2,1,1,Vatla (6),Vatla (6)
Läänemaa,Eve / Eeva,5,3,1,1,Eeva (5),Eeva (5)
Läänemaa,Kaarel,5,5,1,2,Kaarel (5),Kaarel (4); Kaarli (1)
Läänemaa,Päts,5,1,1,1,Päts (5),Päts (5)
Läänemaa,Alli,4,2,1,1,Alli (4),Alli (4)
Läänemaa,Atti,4,1,1,1,Atti (4),Atti (4)
Läänemaa,Hants,4,4,1,1,Hants (4),Hants (4)
Läänemaa,Kalevipoeg,4,1,1,1,Kalevipoeg (4),Kalevipoeg (4)
Läänemaa,Kungla,4,1,1,1,Kungla (4),Kungla (4)
Läänemaa,Kõima,4,2,1,1,Kõima (4),Kõima (4)
Läänemaa,Miku,4,2,1,1,Miku (4),Miku (4)
Läänemaa,Olland,4,2,1,1,Olland (4),Olland (4)
Läänemaa,Sulevipoeg,4,1,1,1,Sulevipoeg (4),Sulevipoeg (4)
Läänemaa,Viiu,4,2,1,1,Viiu (4),Viiu (4)
Läänemaa,mai,4,2,1,1,mai (4),mai (4)
Läänemaa,sõeru,4,1,1,1,sõeru (4),sõeru (4)
Läänemaa,Are,3,1,1,1,Are (3),Are (3)
Läänemaa,Eila,3,1,1,1,Eila (3),Eila (3)
Läänemaa,Koela,3,2,1,1,Koela (3),Koela (3)
Läänemaa,Liisapunt,3,1,1,1,Liisapunt (3),Liisapunt (3)
Läänemaa,Madli,3,2,1,2,Madli (3),madli (2); Madli (1)
Läänemaa,Mare,3,3,1,1,Mare (3),Mare (3)
Läänemaa,Mareta,3,3,1,1,Mareta (3),Mareta (3)
Läänemaa,Niuk,3,1,1,1,Niuk (3),Niuk (3)
Läänemaa,Portugal,3,1,1,1,Portugal (3),Portugal (3)
Läänemaa,Pärt,3,3,1,1,Pärt (3),Pärt (3)
Läänemaa,Ruila,3,2,1,1,Ruila (3),Ruila (3)
Läänemaa,Aivas,2,1,1,1,Aivas (2),Aivas (2)
Läänemaa,Andrew / Antti,2,2,1,1,Andres (2),Andres (2)
Läänemaa,Arkus,2,1,1,1,Arkus (2),Arkus (2)
Läänemaa,Hints,2,2,1,1,Hints (2),Hints (2)
Läänemaa,Hintsu,2,1,1,1,Hintsu (2),Hintsu (2)
Läänemaa,Iiri,2,1,1,1,Iiri (2),Iiri (2)
Läänemaa,Insu,2,1,1,1,Insu (2),Insu (2)
Läänemaa,Judas / Juudas,2,1,1,1,juudas (2),juudas (2)
Läänemaa,Juula,2,1,1,1,Juula (2),Juula (2)
Läänemaa,Kiska,2,1,1,1,Kiska (2),Kiska (2)
Läänemaa,Kolda,2,1,1,1,Kolda (2),Kolda (2)
Läänemaa,Koluvere,2,1,1,1,Koluvere (2),Koluvere (2)
Läänemaa,Krumm,2,1,1,1,Krumm (2),Krumma (2)
Läänemaa,Lammer,2,2,1,1,Lammer (2),Lammer (2)
Läänemaa,Lauri,2,1,1,2,Lauri (2),lauri (1); laur (1)
Läänemaa,Leegerpung,2,1,1,1,Leegerpung (2),Leegerpung (2)
Läänemaa,Liiverland,2,1,1,1,Liiverland (2),Liiverland (2)
Läänemaa,Lissu,2,1,1,1,Lissu (2),Lissu (2)
Läänemaa,Maima,2,1,1,1,Maima (2),Maima (2)
Läänemaa,Musku,2,1,1,1,Musku (2),Musku (2)
Läänemaa,Määvl,2,1,1,1,Määvl (2),Määvl (2)
Läänemaa,Nömba,2,1,1,1,Nömba (2),Nömba (2)
Läänemaa,Pireta,2,2,1,1,Pireta (2),Pireta (2)
Läänemaa,Pootsi,2,1,1,1,Pootsi (2),Pootsi (2)
Läänemaa,Preen,2,1,1,1,Preen (2),preeni (2)
Läänemaa,Pärglis,2,1,1,1,Pärglis (2),Pärglis (2)
Läänemaa,Riino,2,1,1,1,Riino (2),Riino (2)
Läänemaa,Sulev,2,1,1,1,Sulev (2),Sulev (2)
Läänemaa,Tõnu,2,2,1,2,Tõnu (2),Tõnu (1); tõnsu (1)
Läänemaa,Uku,2,1,1,1,Uku (2),Uku (2)
Läänemaa,Vardi,2,1,1,1,Vardi (2),Vardi (2)
Läänemaa,Velklas,2,1,1,1,Velklas (2),Velklas (2)
Läänemaa,Veltsa,2,1,1,1,Veltsa (2),Veltsa (2)
Läänemaa,Villem,2,1,1,2,Villem (2),Viu (1); Villem (1)
Läänemaa,tõnn,2,1,1,1,tõnn (2),tõnn (2)
Läänemaa,Aadam,1,1,1,1,Aadam (1),Aadam (1)
Läänemaa,Aare,1,1,1,1,Aare (1),Aare (1)
Läänemaa,Aasi (proper),1,1,1,1,Aasi (proper) (1),Aasi (1)
Läänemaa,Abe,1,1,1,1,Abe (1),Abe (1)
Läänemaa,Adukene,1,1,1,1,Adukene (1),Adukene (1)
Läänemaa,Aeska,1,1,1,1,Aeska (1),Aeska (1)
Läänemaa,Agard,1,1,1,1,Agard (1),Agard (1)
Läänemaa,Aidu,1,1,1,1,Aidu (1),Aida (1)
Läänemaa,Airu,1,1,1,1,Airu (1),Airu (1)
Läänemaa,All,1,1,1,1,All (1),All (1)
Läänemaa,Alllor,1,1,1,1,Alllor (1),Alllori (1)
Läänemaa,Andrus,1,1,1,1,Andrus (1),Andrus (1)
Läänemaa,Ansu,1,1,1,1,Ansu (1),Ansu (1)
Läänemaa,Ants,1,1,1,1,Ants (1),antsu (1)
Läänemaa,Armi,1,1,1,1,Armi (1),Armi (1)
Läänemaa,Aruküla,1,1,1,1,Aruküla (1),Aruküla (1)
Läänemaa,Avard,1,1,1,1,Avard (1),Avard (1)
Läänemaa,Ella,1,1,1,1,Ella (1),ella (1)
Läänemaa,Hantsukene,1,1,1,1,Hantsukene (1),Hantsukene (1)
Läänemaa,Henry / Heikki,1,1,1,1,Hendrik (1),Hendrik (1)
Läänemaa,Hindsu,1,1,1,1,Hindsu (1),Hindsu (1)
Läänemaa,Hüüp,1,1,1,1,Hüüp (1),Hüüp (1)
Läänemaa,Iiomaa,1,1,1,1,Iiomaa (1),Iiomaa (1)
Läänemaa,Iireerne,1,1,1,1,Iireerne (1),Iireerne (1)
Läänemaa,Inspeli,1,1,1,1,Inspeli (1),Inspeli (1)
Läänemaa,Ints,1,1,1,1,Ints (1),Ints (1)
Läänemaa,Irmi,1,1,1,1,Irmi (1),Irmi (1)
Läänemaa,Jaanus,1,1,1,1,Jaanus (1),Jaanus (1)
Läänemaa,Junts,1,1,1,1,Junts (1),Junts (1)
Läänemaa,Järv,1,1,1,1,Järv (1),Järv (1)
Läänemaa,Kaaburi,1,1,1,1,Kaaburi (1),Kaaburi (1)
Läänemaa,Kalle,1,1,1,1,Kalle (1),Kalle (1)
Läänemaa,Kapasto,1,1,1,1,Kapasto (1),Kapasto (1)
Läänemaa,Kaspar,1,1,1,1,Kaspar (1),Kaspar (1)
Läänemaa,Kersti,1,1,1,1,Kersti (1),Kersti (1)
Läänemaa,Kiisu,1,1,1,1,Kiisu (1),Kiisu (1)
Läänemaa,Kiske,1,1,1,1,Kiske (1),Kiske (1)
Läänemaa,Kolga,1,1,1,1,Kolga (1),Kolga (1)
Läänemaa,Kolovere,1,1,1,1,Kolovere (1),Kolovere (1)
Läänemaa,Kosti,1,1,1,1,Kosti (1),Kosti (1)
Läänemaa,Krants,1,1,1,1,Krants (1),Krants (1)
Läänemaa,Kreed,1,1,1,1,Kreed (1),Kreed (1)
Läänemaa,Kreet,1,1,1,1,Kreet (1),Kreet (1)
Läänemaa,Kross,1,1,1,1,Kross (1),Kross (1)
Läänemaa,Kusta,1,1,1,1,Kusta (1),Kusta (1)
Läänemaa,Kustas,1,1,1,1,Kustas (1),Kustas (1)
Läänemaa,Kuung (proper),1,1,1,1,Kuung (proper) (1),Kuung (1)
Läänemaa,Kärdla,1,1,1,1,Kärdla (1),Kärdla (1)
Läänemaa,Kärsti,1,1,1,1,Kärsti (1),Kärsti (1)
Läänemaa,Laas,1,1,1,1,Laas (1),Laas (1)
Läänemaa,Laim,1,1,1,1,Laim (1),Laim (1)
Läänemaa,Lallevere,1,1,1,1,Lallevere (1),Lallevere (1)
Läänemaa,Lalli,1,1,1,1,Lalli (1),Lalli (1)
Läänemaa,Lauk,1,1,1,1,Lauk (1),Lauk (1)
Läänemaa,Leigerpung,1,1,1,1,Leigerpung (1),Leigerpung (1)
Läänemaa,Liigerpung,1,1,1,1,Liigerpung (1),Liigerpung (1)
Läänemaa,Liisukene,1,1,1,1,Liisukene (1),liisukene (1)
Läänemaa,Lilla,1,1,1,1,Lilla (1),lilla (1)
Läänemaa,Lisso,1,1,1,1,Lisso (1),Lisso (1)
Läänemaa,Mahkiri,1,1,1,1,Mahkiri (1),Mahkiri (1)
Läänemaa,Maie,1,1,1,1,Maie (1),Maie (1)
Läänemaa,Mamts,1,1,1,1,Mamts (1),Mamts (1)
Läänemaa,Manu,1,1,1,1,Manu (1),Manu (1)
Läänemaa,Matsalu,1,1,1,1,Matsalu (1),Matsalu (1)
Läänemaa,Mielva,1,1,1,1,Mielva (1),Mielva (1)
Läänemaa,Miina,1,1,1,1,Miina (1),Miinat (1)
Läänemaa,Määvel,1,1,1,1,Määvel (1),Määvel (1)
Läänemaa,Nipitiri,1,1,1,1,Nipitiri (1),Nipitiri (1)
Läänemaa,Nirgi,1,1,1,1,Nirgi (1),Nirgi (1)
Läänemaa,Nuuma,1,1,1,1,Nuuma (1),Nuuma (1)
Läänemaa,Nuut,1,1,1,1,Nuut (1),Nuut (1)
Läänemaa,Näu,1,1,1,1,Näu (1),Näu (1)
Läänemaa,Ohtla,1,1,1,1,Ohtla (1),Ohtla (1)
Läänemaa,Oller,1,1,1,1,Oller (1),Oller (1)
Läänemaa,Otsa,1,1,1,1,Otsa (1),Otsa (1)
Läänemaa,Ott,1,1,1,1,Ott (1),Ott (1)
Läänemaa,Padula,1,1,1,1,Padula (1),Padula (1)
Läänemaa,Palevere,1,1,1,1,Palevere (1),Palevere (1)
Läänemaa,Peeru-Leenu,1,1,1,1,Peeru-Leenu (1),Peeru-Leenu (1)
Läänemaa,Peipsi,1,1,1,1,Peipsi (1),Peipsi (1)
Läänemaa,Piibu,1,1,1,1,Piibu (1),Piibu (1)
Läänemaa,Pille,1,1,1,1,Pille (1),Pille (1)
Läänemaa,Poola,1,1,1,1,Poola (1),Poola (1)
Läänemaa,Preiton,1,1,1,1,Preiton (1),Preiton (1)
Läänemaa,Prooss,1,1,1,1,Prooss (1),proosu (1)
Läänemaa,Puikvere,1,1,1,1,Puikvere (1),Puikvere (1)
Läänemaa,Pärle,1,1,1,1,Pärle (1),Pärle (1)
Läänemaa,Päärn,1,1,1,1,Päärn (1),Päärni (1)
Läänemaa,Rindal (proper),1,1,1,1,Rindal (proper) (1),Rindal (1)
Läänemaa,Ritsu,1,1,1,1,Ritsu (1),Ritsu (1)
Läänemaa,Roode,1,1,1,1,Roode (1),Roode (1)
Läänemaa,Saravere,1,1,1,1,Saravere (1),Saravere (1)
Läänemaa,Sassi,1,1,1,1,Sassi (1),Sassi (1)
Läänemaa,Sigur,1,1,1,1,Sigur (1),Sigur (1)
Läänemaa,Sooniste,1,1,1,1,Sooniste (1),Sooniste (1)
Läänemaa,Sõõre,1,1,1,1,Sõõre (1),Sõõre (1)
Läänemaa,Talina,1,1,1,1,Talina (1),Talina (1)
Läänemaa,Tibu-Jaaku,1,1,1,1,Tibu-Jaaku (1),Tibu-Jaaku (1)
Läänemaa,Tiinu,1,1,1,1,Tiinu (1),Tiinuse (1)
Läänemaa,Tiio,1,1,1,1,Tiio (1),Tiio (1)
Läänemaa,Tiit,1,1,1,1,Tiit (1),Tiits (1)
Läänemaa,Tiiukene,1,1,1,1,Tiiukene (1),Tiiukene (1)
Läänemaa,Tillermann,1,1,1,1,Tillermann (1),Tillermann (1)
Läänemaa,Tinur,1,1,1,1,Tinur (1),Tinur (1)
Läänemaa,Tussi,1,1,1,1,Tussi (1),Tussi (1)
Läänemaa,Tuudi,1,1,1,1,Tuudi (1),Tuudi (1)
Läänemaa,Tuura,1,1,1,1,Tuura (1),Tuura (1)
Läänemaa,Tõnis,1,1,1,1,Tõnis (1),Tõnis (1)
Läänemaa,Tõnismägi,1,1,1,1,Tõnismägi (1),Tõnismägi (1)
Läänemaa,Tõntsu,1,1,1,1,Tõntsu (1),Tõntsu (1)
Läänemaa,Türgi,1,1,1,1,Türgi (1),Türgi (1)
Läänemaa,Tüür,1,1,1,1,Tüür (1),Tüür (1)
Läänemaa,Uikvere,1,1,1,1,Uikvere (1),Uikvere (1)
Läänemaa,Umbsu,1,1,1,1,Umbsu (1),Umbsu (1)
Läänemaa,Unt,1,1,1,1,Unt (1),Unt (1)
Läänemaa,Uurias,1,1,1,1,Uurias (1),Uurias (1)
Läänemaa,Vaemla,1,1,1,1,Vaemla (1),Vaemla (1)
Läänemaa,Vaikvere,1,1,1,1,Vaikvere (1),Vaikvere (1)
Läänemaa,Vanar,1,1,1,1,Vanar (1),Vanar (1)
Läänemaa,Viderik,1,1,1,1,Viderik (1),Viderik (1)
Läänemaa,Viilu,1,1,1,1,Viilu (1),Viilu (1)
Läänemaa,Virtsu,1,1,1,1,Virtsu (1),Virtsu (1)
Läänemaa,ants,1,1,1,1,ants (1),antsukene (1)
Läänemaa,aru/Arju,1,1,1,1,aru/Arju (1),aru/Arju (1)
Läänemaa,eepriline pull,1,1,1,1,eepriline pull (1),eerpuri (1)
Läänemaa,eideke,1,1,1,1,eideke (1),eedekene (1)
Läänemaa,ille,1,1,1,1,ille (1),ille (1)
Läänemaa,jaanike,1,1,1,1,jaanike (1),jaanikene (1)
Läänemaa,kaie,1,1,1,1,kaie (1),kaie (1)
Läänemaa,kild,1,1,1,1,kild (1),kild (1)
Läänemaa,koidu-Jaaku,1,1,1,1,koidu-Jaaku (1),koidu-Jaaku (1)
Läänemaa,maimu,1,1,1,1,maimu (1),maimu (1)
Läänemaa,marju,1,1,1,1,marju (1),marju (1)
Läänemaa,matt,1,1,1,1,matt (1),matt (1)
Läänemaa,riinägä,1,1,1,1,riinägä (1),riinägä (1)
Läänemaa,sigur,1,1,1,1,sigur (1),sigur (1)
Läänemaa,tita,1,1,1,1,tita (1),tita (1)
Läänemaa,Ärma,1,1,1,1,Ärma (1),Ärma (1)
Läänemaa,Üiru,1,1,1,1,Üiru (1),Üiru (1)
Metsäsuomalaisten alue,Jesus / Christ,34,25,3,7,Jeesus (29); Kristus (3); Jesus (2),Jeesus (21); Kiesus (5); Kristus (3); Jesus (2); Jessuksën (1); Jiessus (1); Jeesus-en (1)
Metsäsuomalaisten alue,God / Jumala / Jumal,19,15,6,8,herra (8); jumala (3); Herra (3); Jumala (3); jumalia (1); luoja+n (1),herra (7); jumala (3); Herra (3); Jumala (2); jumala-ta-k (1); Jojhen (1); herran (1); luoja+n (1)
Metsäsuomalaisten alue,Mary / Maria / Maarja / Mari,14,11,5,9,Maria (7); Maaria (2); maija (2); marita (2); Maria+n (1),Maaria (4); maija (2); mareta (2); Maria (1); Moari (1); Muarja (1); marjoa (1); Moaria (1)
Metsäsuomalaisten alue,Väinämöinen,9,8,1,3,Väinämöinen (9),Väinämöinen (7); Väinämöin (1); Väinämöi (1)
Metsäsuomalaisten alue,Ukko,8,6,2,2,Ukko (4); ukko (4),Ukko (4); ukko (4)
Metsäsuomalaisten alue,Tuoni,7,6,2,2,tuoni (6); Tuoni (1),tuoni (6); Tuoni (1)
Metsäsuomalaisten alue,Peter / Pietari / Peeter,5,4,2,4,Pietari (4); Pekka (1),Pietari (2); Pietarin (1); Pekka (1); Pietrus (1)
Metsäsuomalaisten alue,George / Jüri,3,3,1,2,Yrjö (3),Yrjö (2); Yyrjä (1)
Metsäsuomalaisten alue,Ilmarinen,3,3,1,3,Ilmarinen (3),Ilmarainen (1); Ilmaroi (1); Ilmari (1)
Metsäsuomalaisten alue,Judas / Juudas,3,3,3,3,Juutas (1); juutas (1); Juudas (1),Juutas (1); juutas (1); Juudas (1)
Metsäsuomalaisten alue,Annikka,2,1,1,1,Annikka (2),Annikka (2)
Metsäsuomalaisten alue,Yrjä,2,1,1,1,Yrjä (2),Yrjä (2)
Metsäsuomalaisten alue,Andrew / Antti,1,1,1,1,Antti (1),Antti (1)
Metsäsuomalaisten alue,Catherine / Kadri / Katri,1,1,1,1,Kati (1),Kati (1)
Metsäsuomalaisten alue,John / Jaan / Jussi / Hans,1,1,1,1,Juho (1),Juho (1)
Metsäsuomalaisten alue,Juortano,1,1,1,1,Juortano (1),Juortanon (1)
Metsäsuomalaisten alue,Kiesus,1,1,1,1,Kiesus (1),Kiesus (1)
Metsäsuomalaisten alue,Koj,1,1,1,1,Koj (1),Koj (1)
Metsäsuomalaisten alue,Kyllikki,1,1,1,1,Kyllikki (1),Kyllikki (1)
Metsäsuomalaisten alue,Laurikka,1,1,1,1,Laurikka (1),Laurikka (1)
Metsäsuomalaisten alue,Lutunen,1,1,1,1,Lutunen (1),Lutunen (1)
Metsäsuomalaisten alue,Nikki,1,1,1,1,Nikki (1),Nikki (1)
Metsäsuomalaisten alue,Riisi,1,1,1,1,Riisi (1),Riisi (1)
Metsäsuomalaisten alue,Turja,1,1,1,1,Turja (1),Turja (1)
Metsäsuomalaisten alue,pimpi,1,1,1,1,pimpi (1),pimpi (1)
Metsäsuomalaisten alue,puke,1,1,1,1,puke (1),pukeri (1)
Metsäsuomalaisten alue,Äimäröinen,1,1,1,1,Äimäröinen (1),Äimäröinen (1)
Muurmanni,nimi,1,1,1,1,nimi (1),nimi (1)
Novgorodin alue,God / Jumala / Jumal,1,1,1,1,Jumala (1),Jumala (1)
Novgorodin alue,Ukko,1,1,1,1,ukko (1),ukko (1)
Peräpohjola,Ukko,97,79,4,12,ukko (69); Ukko (26); ukkonen (1),ukko (54); Ukko (27); ukki (3); okka (3); utti (2); ukke (2); ukki (diminutive) (1); tokka (1)
Peräpohjola,Michael / Mikko / Mihkel,87,80,4,10,Mikko (82); mikko (2); Mikael (2),Mikko (72); mikko (4); mikkeli (2); mikon (2); miikelis (2); miko (1); Miikin (1); miika (1)
Peräpohjola,God / Jumala / Jumal,71,63,11,13,herra (44); Jumala (10); Herra (7); luoja (3); tuomari (1); jumala (1); herran (1); Luoja (1),herra (46); Jumala (10); Herra (3); luoja (2); Herra+s (2); tuuri (1); jumala (1); herma (1)
Peräpohjola,Matthew / Matti,58,44,2,5,Matti (51); matti (7),Matti (45); matti (9); Mattia (2); Matti-a (1); mati (1)
Peräpohjola,Henry / Heikki,57,46,2,5,Heikki (56); Henriikka (1),Heikki (51); Heikin (3); heikin (1); Henriikka (1); Hippa-Heikki (1)
Peräpohjola,Mary / Maria / Maarja / Mari,55,45,8,9,Maija (31); Maria (13); maija (4); maaria (2); Maijaa (2); Marja (1); maijjaa (1); Maaria (1),Maija (25); Maria (8); maija (8); maijaa (3); maaria (3); maria (3); Marja (3); maijja (1)
Peräpohjola,Andrew / Antti,39,28,4,7,Antti (32); äntti (4); Äntti (2); Anttia (1),Antti (28); änttiki (4); äntti (2); änttikki (2); Antin (1); antti (1); anttia (1)
Peräpohjola,Peter / Pietari / Peeter,39,33,5,8,Petteri (14); Pekka (14); Pietari (9); Perttu (1); Perttuli (1),Pekka (14); Petter (11); Pietari (7); petter (2); Petteri (2); perttu (1); perttuli (1); pietari (1)
Peräpohjola,Thomas / Toomas / Tuomas,39,34,2,2,Tuomas (38); tuomas (1),Tuomas (35); tuomas (4)
Peräpohjola,Jesus / Christ,36,32,2,7,Jeesus (34); Kristus (2),Jeesus (18); Iesus (11); Kristus (2); Jeesu (2); Jesus (1); Iesu(s) (1); jeesus (1)
Peräpohjola,Kaija,36,15,1,2,Kaija (36),Kaija (35); Kaijan (1)
Peräpohjola,Elizabeth / Liisa / Liisu / Elli,32,25,3,7,Elli (17); Liisa (14); Helena (1),Elli (16); Liisa (10); Liisu (2); Elen (1); liisa (1); elli (1); Lissa (1)
Peräpohjola,Sarah / Saara,23,20,4,4,Saara (16); saara (4); Saaran (2); Saara (PN) (1),Saara (12); saara (7); Saaran (3); Saaraa (1)
Peräpohjola,Anna / Anne / Ann / Anni,20,17,3,4,Anni (17); Anna (2); Annastiina (1),Anni (17); Anna (1); Annastiina (1); Anma (1)
Peräpohjola,Alli,18,15,1,1,Alli (18),Alli (18)
Peräpohjola,John / Jaan / Jussi / Hans,16,15,3,3,Jussi (13); juhannes (2); Junnu (1),Jussi (13); juhannes (2); Junnu (1)
Peräpohjola,Lassi,16,14,1,1,Lassi (16),Lassi (16)
Peräpohjola,Catherine / Kadri / Katri,13,12,5,6,Kaisa (8); Katriina (2); Kati (1); Katja (1); kati (1),Kaisa (5); kaisa (2); Kaija (2); kati (2); Kati (1); Kaisaa (1)
Peräpohjola,kaija,12,3,1,1,kaija (12),kaija (12)
Peräpohjola,Esko,11,11,1,3,Esko (11),Esko (5); Eskon (5); eskon (1)
Peräpohjola,Jacob / Jaak / Jaakko,11,7,2,2,Jaakko (9); jaakko (2),Jaakko (7); jaakko (4)
Peräpohjola,Eeli,9,6,1,3,Eeli (9),eeli (4); Eeli (3); Eelin (2)
Peräpohjola,Väinämöinen,8,7,1,2,Väinämöinen (8),Väinämöinen (7); Wainämöinen (1)
Peräpohjola,Eve / Eeva,6,4,2,2,Eeva (4); aatto (2),Eeva (4); aatto (2)
Peräpohjola,Formus,6,3,1,1,Formus (6),Formus (6)
Peräpohjola,Kalle,6,6,1,1,Kalle (6),Kalle (6)
Peräpohjola,Kukkola,6,3,1,2,Kukkola (6),Kukkola (4); Kukkola+n (2)
Peräpohjola,Forpus,5,3,1,1,Forpus (5),Forpus (5)
Peräpohjola,Paavo,4,4,1,1,Paavo (4),Paavo (4)
Peräpohjola,Pirkko,4,2,1,1,Pirkko (4),Pirkko (4)
Peräpohjola,Simon / Siim / Simo,4,3,1,3,Simo (4),Simos (2); Simper (1); Simo (1)
Peräpohjola,Tuira,4,4,1,2,Tuira (4),Tuira (3); Tuiran (1)
Peräpohjola,Tuoni,4,4,3,3,Tuoni (2); Tuonen (1); tuoni (1),Tuoni (2); Tuonen (1); tuoni (1)
Peräpohjola,Vormus,4,2,1,2,Vormus (4),Vormus (2); vormus (2)
Peräpohjola,(proper noun),3,3,1,3,(proper noun) (3),Piun (1); Riokka (1); oller+manni (1)
Peräpohjola,Ahti,3,3,1,1,Ahti (3),Ahti (3)
Peräpohjola,Allan,3,3,1,1,Allan (3),Allan (3)
Peräpohjola,Anikka,3,3,1,1,Anikka (3),Anikka (3)
Peräpohjola,Antersonni,3,2,1,2,Antersonni (3),Antersonnin (2); Antersonni (1)
Peräpohjola,Eeli (proper name),3,2,2,1,Eeli (proper name) (2),eelin (3)
Peräpohjola,Erkki,3,3,1,2,Erkki (3),Erkki (2); Erkin (1)
Peräpohjola,Halli,3,2,1,2,Halli (3),Halli+n (2); Halli (1)
Peräpohjola,Judas / Juudas,3,3,1,1,Juudas (3),Juutas (3)
Peräpohjola,Lauri,3,3,1,1,Lauri (3),Lauri (3)
Peräpohjola,Lulla,3,2,1,1,Lulla (3),Lulla (3)
Peräpohjola,Nicholas / Nikka / Klaus,3,3,2,2,nikka (2); Nikolai (1),nikka (2); Niklos (1)
Peräpohjola,Tiina,3,2,1,1,Tiina (3),Tiina (3)
Peräpohjola,Ville,3,3,1,2,Ville (3),Ville (2); Wille (1)
Peräpohjola,nimi,3,3,1,2,nimi (3),nimi (2); nimi+ä (1)
Peräpohjola,Aapeli,2,2,1,1,Aapeli (2),Aapeli (2)
Peräpohjola,Alli (proper noun),2,1,1,1,Alli (proper noun) (2),Alli (2)
Peräpohjola,Allin,2,1,1,1,Allin (2),allin (2)
Peräpohjola,Brita,2,1,1,1,Brita (2),Priita (2)
Peräpohjola,Eetu,2,2,1,1,Eetu (2),Eetu (2)
Peräpohjola,Elna,2,2,1,1,Elna (2),Elna (2)
Peräpohjola,Eskon,2,1,1,1,Eskon (2),Esko (2)
Peräpohjola,Halli/halla,2,1,1,1,Halli/halla (2),Halli/halla (2)
Peräpohjola,Hannu,2,2,1,2,Hannu (2),Hannu (1); Hannun (1)
Peräpohjola,Hormus,2,1,1,1,Hormus (2),Hormus (2)
Peräpohjola,Iikki,2,2,1,2,Iikki (2),Iikin (1); Iikki (1)
Peräpohjola,Ilpo,2,1,1,1,Ilpo (2),Ilpo (2)
Peräpohjola,Jaarin,2,1,1,1,Jaarin (2),jaari (2)
Peräpohjola,Jallin,2,1,1,1,Jallin (2),jalli (2)
Peräpohjola,Jesse,2,1,1,1,Jesse (2),Jesse (2)
Peräpohjola,Jullin,2,1,1,1,Jullin (2),julli (2)
Peräpohjola,Kerttu,2,1,1,1,Kerttu (2),Kerttu (2)
Peräpohjola,Kili,2,1,1,1,Kili (2),Kili (2)
Peräpohjola,Kreeta,2,2,1,1,Kreeta (2),Kreeta (2)
Peräpohjola,Kyröslax,2,1,1,1,Kyröslax (2),Kyröslax (2)
Peräpohjola,Leena,2,2,1,1,Leena (2),Leena (2)
Peräpohjola,Lyö,2,1,1,1,Lyö (2),Lyö (2)
Peräpohjola,Mauno,2,1,1,1,Mauno (2),Maunu (2)
Peräpohjola,Palari,2,1,1,1,Palari (2),Palari (2)
Peräpohjola,Penttilä,2,2,1,1,Penttilä (2),Penttilä (2)
Peräpohjola,Piu,2,2,1,2,Piu (2),Piu (genitive) (1); Piu (1)
Peräpohjola,Pottu,2,1,1,1,Pottu (2),Pottu (2)
Peräpohjola,Priita,2,2,1,1,Priita (2),Priita (2)
Peräpohjola,Sepulin saari,2,1,1,1,Sepulin saari (2),sepulinsaari (2)
Peräpohjola,Sompa,2,1,1,1,Sompa (2),Sompa (2)
Peräpohjola,Taneli,2,2,1,2,Taneli (2),Taneli (1); Tanel (1)
Peräpohjola,Tanni,2,2,1,1,Tanni (2),Tanni (2)
Peräpohjola,Tilta,2,1,1,1,Tilta (2),Tilta (2)
Peräpohjola,Ulla,2,2,1,1,Ulla (2),Ulla (2)
Peräpohjola,Virkkula,2,1,1,1,Virkkula (2),Virkkula (2)
Peräpohjola,lilli,2,1,1,1,lilli (2),lilli (2)
Peräpohjola,pihka & Heikki,2,2,1,1,pihka & Heikki (2),pihka & Heikin (2)
Peräpohjola,tussa,2,2,1,1,tussa (2),tussa (2)
Peräpohjola,(none),1,1,1,1,(none) (1),Elna (1)
Peräpohjola,(refrain),1,1,1,1,(refrain) (1),vleeraa (1)
Peräpohjola,Aaron,1,1,1,1,Aaron (1),Aaron (1)
Peräpohjola,Aatami,1,1,1,1,Aatami (1),Aatami (1)
Peräpohjola,Ahkun,1,1,1,1,Ahkun (1),Ahkun (1)
Peräpohjola,Allen,1,1,1,1,Allen (1),allen (1)
Peräpohjola,Alma,1,1,1,1,Alma (1),Alma (1)
Peräpohjola,Amalia,1,1,1,1,Amalia (1),Amalia (1)
Peräpohjola,Annikka,1,1,1,1,Annikka (1),annekka (1)
Peräpohjola,Anterson,1,1,1,1,Anterson (1),Antersonnin (1)
Peräpohjola,Antikka,1,1,1,1,Antikka (1),Antikka (1)
Peräpohjola,Anttila,1,1,1,1,Anttila (1),Anttila (1)
Peräpohjola,Eelis,1,1,1,1,Eelis (1),Eelik (1)
Peräpohjola,Eemeli,1,1,1,1,Eemeli (1),Eemeli (1)
Peräpohjola,Eero,1,1,1,1,Eero (1),Eero (1)
Peräpohjola,Eeti,1,1,1,1,Eeti (1),Eetin (1)
Peräpohjola,Eetu/ehtoo,1,1,1,1,Eetu/ehtoo (1),eetu (proper noun) / ehtoo (1)
Peräpohjola,Eevertti,1,1,1,1,Eevertti (1),Eetruut (1)
Peräpohjola,Elias / Eljas,1,1,1,1,Eelis (Finnish) (1),Eeli (1)
Peräpohjola,Elsa,1,1,1,1,Elsa (1),Elsa (1)
Peräpohjola,Elvi,1,1,1,1,Elvi (1),Elvi (1)
Peräpohjola,Epperi,1,1,1,1,Epperi (1),Epperin (1)
Peräpohjola,George / Jüri,1,1,1,1,Yrjö (1),Yrjänä (1)
Peräpohjola,Hannula,1,1,1,1,Hannula (1),Hannula (1)
Peräpohjola,Hellen/Ellen,1,1,1,1,Hellen/Ellen (1),Hellen/Ellen (1)
Peräpohjola,Hellä?,1,1,1,1,Hellä? (1),Hellen (1)
Peräpohjola,Hepola,1,1,1,1,Hepola (1),Hepola (1)
Peräpohjola,Hietala,1,1,1,1,Hietala (1),Hietala (1)
Peräpohjola,Hilda,1,1,1,1,Hilda (1),Hilda (1)
Peräpohjola,Hilma,1,1,1,1,Hilma (1),Hilma (1)
Peräpohjola,Hilta,1,1,1,1,Hilta (1),Hiltu (1)
Peräpohjola,Hippa-Heikki,1,1,1,1,Hippa-Heikki (1),Hippa-Heikin (1)
Peräpohjola,Huttula,1,1,1,1,Huttula (1),Huttula (1)
Peräpohjola,Huugo,1,1,1,1,Huugo (1),Huugo (1)
Peräpohjola,Hymälä,1,1,1,1,Hymälä (1),Hymälä (1)
Peräpohjola,Hyysi (proper noun),1,1,1,1,Hyysi (proper noun) (1),Hyysi (1)
Peräpohjola,Iida,1,1,1,1,Iida (1),Iida (1)
Peräpohjola,Ilmarinen,1,1,1,1,Ilmarinen (1),Ilmarinen (1)
Peräpohjola,Jaska,1,1,1,1,Jaska (1),Jaska (1)
Peräpohjola,Joppa,1,1,1,1,Joppa (1),Joppa (1)
Peräpohjola,Joukamoinen / Joukahainen,1,1,1,1,Joukahainen (1),Joukavainen (1)
Peräpohjola,Jukka,1,1,1,1,Jukka (1),Jukka (1)
Peräpohjola,Jussila,1,1,1,1,Jussila (1),Jussila (gen.) (1)
Peräpohjola,Kaarle,1,1,1,1,Kaarle (1),kaarle (1)
Peräpohjola,Kaisu,1,1,1,1,Kaisu (1),Kaisu (1)
Peräpohjola,Kalevala,1,1,1,1,Kalevala (1),Kalevala (1)
Peräpohjola,Kalle/kallio,1,1,1,1,Kalle/kallio (1),kalle (1)
Peräpohjola,Kanelis,1,1,1,1,Kanelis (1),Kanelis (1)
Peräpohjola,Kantola,1,1,1,1,Kantola (1),Kantola (1)
Peräpohjola,Karsikko,1,1,1,1,Karsikko (1),Karsikko (1)
Peräpohjola,Kellerin+katu,1,1,1,1,Kellerin+katu (1),Kellerin+katu (1)
Peräpohjola,Kero,1,1,1,1,Kero (1),Kero (1)
Peräpohjola,Killi,1,1,1,1,Killi (1),Killi (1)
Peräpohjola,Kinneri,1,1,1,1,Kinneri (1),Kinneri (1)
Peräpohjola,Knihtilä,1,1,1,1,Knihtilä (1),Knihtilä (1)
Peräpohjola,Kolas,1,1,1,1,Kolas (1),Kolas (1)
Peräpohjola,Korhonen,1,1,1,1,Korhonen (1),Korhonen (1)
Peräpohjola,Kuppa,1,1,1,1,Kuppa (1),Kuppa (1)
Peräpohjola,Kusti,1,1,1,1,Kusti (1),Kusti (1)
Peräpohjola,Kymäläinen,1,1,1,1,Kymäläinen (1),Kymäläinen (1)
Peräpohjola,Kyrölä,1,1,1,1,Kyrölä (1),Kyrölä (1)
Peräpohjola,Laara/laari,1,1,1,1,Laara/laari (1),laaraa (1)
Peräpohjola,Lalli,1,1,1,1,Lalli (1),Lalli (1)
Peräpohjola,Lassi & maija,1,1,1,1,Lassi & maija (1),Lassi & maija (1)
Peräpohjola,Laurukainen,1,1,1,1,Laurukainen (1),laurukainen (1)
Peräpohjola,Leeni,1,1,1,1,Leeni (1),Leenik (1)
Peräpohjola,Leppäheikki,1,1,1,1,Leppäheikki (1),Leppäheikki (1)
Peräpohjola,Linta,1,1,1,1,Linta (1),Linta (1)
Peräpohjola,Luukas,1,1,1,1,Luukas (1),Luukas (1)
Peräpohjola,Lyytinen,1,1,1,1,Lyytinen (1),Lyytinen (1)
Peräpohjola,Makkonen,1,1,1,1,Makkonen (1),Makkonen (1)
Peräpohjola,Martta,1,1,1,1,Martta (1),Martta (1)
Peräpohjola,Mati,1,1,1,1,Mati (1),Mati (1)
Peräpohjola,Mattila,1,1,1,1,Mattila (1),Mattila (1)
Peräpohjola,Meikeli,1,1,1,1,Meikeli (1),meikeli (1)
Peräpohjola,Miina,1,1,1,1,Miina (1),miina (1)
Peräpohjola,Neuon,1,1,1,1,Neuon (1),Neuon (1)
Peräpohjola,Nikkilä,1,1,1,1,Nikkilä (1),Nikkilä (1)
Peräpohjola,Nikurikka,1,1,1,1,Nikurikka (1),Nikurikka (1)
Peräpohjola,Ninna,1,1,1,1,Ninna (1),Ninna (1)
Peräpohjola,Oksanen,1,1,1,1,Oksanen (1),Oksanen (1)
Peräpohjola,Olli,1,1,1,1,Olli (1),Olli (1)
Peräpohjola,Ollila,1,1,1,1,Ollila (1),Ollila (1)
Peräpohjola,Onni,1,1,1,1,Onni (1),Onni (1)
Peräpohjola,Oskari,1,1,1,1,Oskari (1),oskari (1)
Peräpohjola,Otto,1,1,1,1,Otto (1),Ottos (1)
Peräpohjola,Pahnila,1,1,1,1,Pahnila (1),Pahnila (1)
Peräpohjola,Parpala,1,1,1,1,Parpala (1),Parpala (1)
Peräpohjola,Parsio,1,1,1,1,Parsio (1),Parsio (1)
Peräpohjola,Pauliina,1,1,1,1,Pauliina (1),Pauliina (1)
Peräpohjola,Pekka & poika,1,1,1,1,Pekka & poika (1),pekka & poika (1)
Peräpohjola,Pekkala,1,1,1,1,Pekkala (1),Pekkala (1)
Peräpohjola,Pentilä,1,1,1,1,Pentilä (1),Pentilä (1)
Peräpohjola,Pentti,1,1,1,1,Pentti (1),Pentti (1)
Peräpohjola,Pepperi,1,1,1,1,Pepperi (1),Pepperin (1)
Peräpohjola,Petter,1,1,1,1,Petter (1),Petter (1)
Peräpohjola,Pihka-Heikki,1,1,1,1,Pihka-Heikki (1),Pihka-Heikin (1)
Peräpohjola,Piipa (proper noun),1,1,1,1,Piipa (proper noun) (1),Piipaan (illative) (1)
Peräpohjola,Piippa/piipu,1,1,1,1,Piippa/piipu (1),Piippa (1)
Peräpohjola,Pippilä,1,1,1,1,Pippilä (1),pippila (1)
Peräpohjola,Priitannapsi,1,1,1,1,Priitannapsi (1),priitaknapsis (1)
Peräpohjola,Prita,1,1,1,1,Prita (1),Prita (1)
Peräpohjola,Rajastin,1,1,1,1,Rajastin (1),Rajastin (1)
Peräpohjola,Riitta,1,1,1,1,Riitta (1),Riitta (1)
Peräpohjola,Riitu,1,1,1,1,Riitu (1),Riitu (1)
Peräpohjola,Ruikkala,1,1,1,1,Ruikkala (1),Ruikkala (1)
Peräpohjola,Räikkönen,1,1,1,1,Räikkönen (1),Räikkönen (1)
Peräpohjola,Saara/saari,1,1,1,1,Saara/saari (1),saaraa (1)
Peräpohjola,Samuli,1,1,1,1,Samuli (1),Samuli (1)
Peräpohjola,Siiri,1,1,1,1,Siiri (1),Siiri (1)
Peräpohjola,Souva,1,1,1,1,Souva (1),Souva (1)
Peräpohjola,Särtti,1,1,1,1,Särtti (1),Särt (1)
Peräpohjola,Taavo,1,1,1,1,Taavo (1),Taavon (1)
Peräpohjola,Tahvanainen,1,1,1,1,Tahvanainen (1),Tahvanainen (1)
Peräpohjola,Tantruu (proper noun),1,1,1,1,Tantruu (proper noun) (1),Tantruu (1)
Peräpohjola,Tapio,1,1,1,1,Tapio (1),Tapio (1)
Peräpohjola,Tatu,1,1,1,1,Tatu (1),Tatu (1)
Peräpohjola,Tiitilä,1,1,1,1,Tiitilä (1),Tiitilä (1)
Peräpohjola,Tiitu,1,1,1,1,Tiitu (1),Tiitu (1)
Peräpohjola,Tiivo,1,1,1,1,Tiivo (1),Tiivon (1)
Peräpohjola,Tilli,1,1,1,1,Tilli (1),Tilli (1)
Peräpohjola,Tippa-Heikki,1,1,1,1,Tippa-Heikki (1),Tippa-Heikki (1)
Peräpohjola,Turska,1,1,1,1,Turska (1),Turska (1)
Peräpohjola,Tussa,1,1,1,1,Tussa (1),Tussa (1)
Peräpohjola,Täntti,1,1,1,1,Täntti (1),täntti (1)
Peräpohjola,Ullesmanni,1,1,1,1,Ullesmanni (1),Ullesmanni (1)
Peräpohjola,Valio,1,1,1,1,Valio (1),Valio (1)
Peräpohjola,Vallola,1,1,1,1,Vallola (1),Vallola (1)
Peräpohjola,Valmo,1,1,1,1,Valmo (1),Valmo (1)
Peräpohjola,Vilkkula,1,1,1,1,Vilkkula (1),Vilkkula (1)
Peräpohjola,Vilma/vilma,1,1,1,1,Vilma/vilma (1),Vilma (1)
Peräpohjola,Vilppu,1,1,1,1,Vilppu (1),Vilppu (1)
Peräpohjola,Virma,1,1,1,1,Virma (1),Virma-n (1)
Peräpohjola,Vuolevi,1,1,1,1,Vuolevi (1),Vuolevi (1)
Peräpohjola,Yrstin,1,1,1,1,Yrstin (1),Yrstin (1)
Peräpohjola,anikka (hypocoristic name?),1,1,1,1,anikka (hypocoristic name?) (1),anikka (1)
Peräpohjola,ellen,1,1,1,1,ellen (1),ellen (1)
Peräpohjola,enni,1,1,1,1,enni (1),enni (1)
Peräpohjola,etikana,1,1,1,1,etikana (1),etti-kana (1)
Peräpohjola,halli,1,1,1,1,halli (1),halli (1)
Peräpohjola,hellä / Elli,1,1,1,1,hellä / Elli (1),hellin / Ellin (1)
Peräpohjola,karvakko+Olli,1,1,1,1,karvakko+Olli (1),karvakko+Olli (1)
Peräpohjola,lassi,1,1,1,1,lassi (1),lassi (1)
Peräpohjola,liikanimistö,1,1,1,1,liikanimistö (1),liikanimistö (1)
Peräpohjola,lulla,1,1,1,1,lulla (1),lulla (1)
Peräpohjola,maanantai,1,1,1,1,maanantai (1),maanantai (1)
Peräpohjola,mahtiponti,1,1,1,1,mahtiponti (1),mahtiponti (1)
Peräpohjola,nalli,1,1,1,1,nalli (1),nalli (1)
Peräpohjola,paaniemi,1,1,1,1,paaniemi (1),paaniemi (1)
Peräpohjola,peili,1,1,1,1,peili (1),peili (1)
Peräpohjola,piira,1,1,1,1,piira (1),piira+ta (1)
Peräpohjola,pikkulipi,1,1,1,1,pikkulipi (1),pikkulipi (1)
Peräpohjola,puli,1,1,1,1,puli (1),puli (1)
Peräpohjola,tappaa (kill),1,1,1,1,tappaa (kill) (1),tapa-nin (1)
Peräpohjola,tiira,1,1,1,1,tiira (1),tiira-pu (1)
Peräpohjola,tiiru (dialectal bird name?),1,1,1,1,,tiir (1)
Peräpohjola,viklo,1,1,1,1,viklo (1),viklo (1)
Pohjois-Karjala,God / Jumala / Jumal,837,464,18,41,Jumala (260); herra (209); luoja (122); Herra (108); jumala (86); Luoja (31); Luojа (5); Herran (4),Jumala (242); herra (197); luoja (118); Herra (102); jumala (86); Luoja (31); Jumala-n (6); Herra-n (5)
Pohjois-Karjala,Väinämöinen,296,135,1,8,Väinämöinen (296),Väinämöinen (279); väinämöinen (5); Väinämöinen+sen (5); Väinämöine (3); Väin (1); Väinämö (1); veinämöineen (1); Väinämöinen (gen. Väinämöisen) (1)
Pohjois-Karjala,Ukko,288,200,5,11,ukko (227); Ukko (57); ukkonen (2); ukon (1); ukottaa (1),ukko (225); Ukko (51); ukon (3); ukkonen (2); ukkas (1); ukko+t (1); ukottaa (1); ukko-n (1)
Pohjois-Karjala,Jesus / Christ,226,153,7,24,Jeesus (165); Jesus (36); Kristus (17); Jeesuksen (5); jesus (1); Ristus (1); Jeesus+en (1),Jeesus (97); Jiesus (40); Jesus (39); Kristus (9); Ristus (9); Jiessus (5); Jeessus (4); Jeesu (3)
Pohjois-Karjala,Peter / Pietari / Peeter,203,136,7,16,Pietari (122); Pekka (74); pekka (2); Petteri (2); Pekka/pekko (1); Pietarin (1); Petri (1),Pietari (96); Pekka (72); Pietar (12); pekka (5); Piiteri (3); Petteri (2); petran (2); Pietari+n (2)
Pohjois-Karjala,Mary / Maria / Maarja / Mari,159,138,12,26,Maria (66); Maaria (51); Maija (17); maija (7); Mari (7); Maarian (3); maaria (2); Marian (2),Maaria (67); Maria (29); Maija (16); Mari (8); maija (6); Moari (4); Maarian (3); Moarijja (2)
Pohjois-Karjala,Tuoni,130,105,4,11,tuoni (67); Tuoni (61); Tuonen (1); tuon (1),tuoni (58); Tuoni (50); tuonen (9); Tuonen (4); tuoni+n (2); tuoni-n (2); tuonehesta (1); Tuone-n (1)
Pohjois-Karjala,Ilmarinen,101,45,4,9,Ilmarinen (98); (prop.name) (1); Ilmari (1); Ilmar (1),Ilmarinen (82); Ilmovoinen (7); Ilimarinen (5); Ilmorinen (2); Ilmarise-n (1); ilmarisen (1); Ilmari (1); ilmarinen (1)
Pohjois-Karjala,Andrew / Antti,67,56,1,1,Antti (67),Antti (67)
Pohjois-Karjala,John / Jaan / Jussi / Hans,64,52,6,10,Jussi (48); Johannes (5); Juhani (4); Iivana (4); Juhana (2); Juho (1),Jussi (46); Iivana (4); Johannes (3); Junn(i) (3); Juhana (3); Jussiv (1); Juhka (1); Juho (1)
Pohjois-Karjala,Henry / Heikki,57,47,3,8,Heikki (55); Heikkinen (1); heikki (1),Heikki (50); Heikin (1); Hekki (1); heikki (1); Heikille (1); heikiksi (transl.) (1); Heikkinen (1); heikkisen (1)
Pohjois-Karjala,Judas / Juudas,56,48,5,4,Juudas (35); Juutas (15); juutas (4); Juugas (1); Juudas (Judas) (1),Juutas (49); juutas (5); Juugas (1); Juudas (1)
Pohjois-Karjala,Matthew / Matti,47,34,6,9,Matti (41); matti (2); Mats (1); Matsi (1); huopa (1); mätti (1),Matti (38); Mati (2); Matti-in (1); mati-sta (1); matti (1); Mats (1); Matsi (1); huovi (1)
Pohjois-Karjala,Elizabeth / Liisa / Liisu / Elli,46,26,2,4,Elli (28); Liisa (18),Elli (26); Liisa (18); Ellin (1); Ellii (1)
Pohjois-Karjala,Joukamoinen / Joukahainen,45,15,3,8,Joukamoinen (26); Joukahainen (18); (unknown deity) (1),Joukamoinen (33); Joukkamoinen (3); Joukavainen (2); Joukahainen (2); Joukahamoinen (2); jouhamoinen (1); Joukamo (1); Jougamoinen (1)
Pohjois-Karjala,Tapio,45,32,3,6,Tapio (38); Tapiola (6); Tapioinen (1),Tapio (36); Tapiola (5); Tapiolasta (1); tapion (1); Tapioinen (1); tapio (1)
Pohjois-Karjala,Catherine / Kadri / Katri,43,26,5,5,Kaisa (32); Katri (5); Katriina (3); Katariina (2); kaisa (1),Kaisa (32); Katri (5); Katriina (3); Katariina (2); kaisa (1)
Pohjois-Karjala,Anna / Anne / Ann / Anni,42,27,5,8,Anni (32); Anna (5); Annikki (3); Annin (1); anne (1),Anni (28); Anna (5); Annikki (3); Annille (2); Anni-ani (1); Anni-ni (1); Anna+n (1); anne (1)
Pohjois-Karjala,Jacob / Jaak / Jaakko,33,18,3,5,Jaakko (31); Juakko (1); Jaakob (1),Jaakko (23); Juakko (6); Jaako (2); juakko (1); Juakoppi (1)
Pohjois-Karjala,Lemminkäinen,29,13,1,4,Lemminkäinen (29),Lemminkäinen (26); lemminkäistä (1); L (1); emminkäinen (1)
Pohjois-Karjala,Michael / Mikko / Mihkel,19,10,1,3,Mikko (19),Mikko (17); mikko (1); Mikkeli (1)
Pohjois-Karjala,Lauri,18,9,1,2,Lauri (18),Lauri (17); laur (1)
Pohjois-Karjala,Nicholas / Nikka / Klaus,17,9,4,6,Nikko (13); Nikka (2); Nikolaus (1); Nikolai (1),Nikko (10); Nikolta (2); Nikka (2); Nikolaus (1); nikko (1); Nikolai (1)
Pohjois-Karjala,Ahti,15,12,2,2,Ahti (14); ahti (1),Ahti (13); ahti (2)
Pohjois-Karjala,Alli,15,12,1,1,Alli (15),Alli (15)
Pohjois-Karjala,Simon / Siim / Simo,15,14,2,5,Simo (10); simo (5),Simo (9); simo (3); Simo-lla (1); simoa (1); simonen (1)
Pohjois-Karjala,Olli,13,10,1,1,Olli (13),Olli (13)
Pohjois-Karjala,Thomas / Toomas / Tuomas,13,9,1,3,Tuomas (13),Tuomas (11); Tuomaas (1); Tuomaas-ta (1)
Pohjois-Karjala,Untamo,13,1,1,2,Untamo (13),untamo (12); Untamo (1)
Pohjois-Karjala,Kirsti,12,8,1,1,Kirsti (12),Kirsti (12)
Pohjois-Karjala,Otto,11,2,1,1,Otto (11),Otto (11)
Pohjois-Karjala,Lassi,10,8,1,2,Lassi (10),Lassi (9); Lassa (1)
Pohjois-Karjala,Olka,10,1,1,1,Olka (10),Olka (10)
Pohjois-Karjala,(proper noun),9,7,2,8,(proper noun) (8),Antervo (2); Nätti (1); hekkala (1); Sal (1); Kitis (1); Tilleri (1); Kyyker (1); Loviatar (1)
Pohjois-Karjala,George / Jüri,9,8,4,3,Yrjö (4); Jyrki (3); Yrjö (modern equivalent) (1); Jyri (1),Jyrki (4); Yrjö (3); Jyri (2)
Pohjois-Karjala,Esko,7,5,1,2,Esko (7),Esko (6); Eskoo (1)
Pohjois-Karjala,nimi,7,7,1,1,nimi (7),nimi (7)
Pohjois-Karjala,Iro,6,1,1,1,Iro (6),Iro (6)
Pohjois-Karjala,Kaija,6,5,1,1,Kaija (6),Kaija (6)
Pohjois-Karjala,Risto,5,3,1,1,Risto (5),Risto (5)
Pohjois-Karjala,Annikki,4,4,1,1,Annikki (4),Annikki (4)
Pohjois-Karjala,Erikäinen,4,1,1,1,Erikäinen (4),Erikäinen (4)
Pohjois-Karjala,Hasseli,4,1,1,1,Hasseli (4),Hasseli (4)
Pohjois-Karjala,Kalle,4,4,1,1,Kalle (4),Kalle (4)
Pohjois-Karjala,Kyrsi,4,1,1,1,Kyrsi (4),Kyrsi (4)
Pohjois-Karjala,Muhonen,4,2,1,1,Muhonen (4),Muhonen (4)
Pohjois-Karjala,Rutja,4,4,1,2,Rutja (4),Rutja (3); Rutjan (1)
Pohjois-Karjala,Aapeli,3,1,1,1,Aapeli (3),Aapeli (3)
Pohjois-Karjala,Eve / Eeva,3,3,1,2,Eeva (3),Eeva (2); Ieva (1)
Pohjois-Karjala,Huuru,3,1,1,1,Huuru (3),Huuru (3)
Pohjois-Karjala,Iisakki,3,2,1,1,Iisakki (3),Iisakki (3)
Pohjois-Karjala,Immonen,3,1,1,1,Immonen (3),Immonen (3)
Pohjois-Karjala,Joakko,3,1,1,1,Joakko (3),Joakko (3)
Pohjois-Karjala,Killi,3,2,1,1,Killi (3),Killi (3)
Pohjois-Karjala,Kojo,3,3,1,1,Kojo (3),Kojo (3)
Pohjois-Karjala,Leena,3,3,1,1,Leena (3),Leena (3)
Pohjois-Karjala,Lemmo,3,2,1,1,Lemmo (3),Lemmo (3)
Pohjois-Karjala,Maikki,3,3,1,1,Maikki (3),Maikki (3)
Pohjois-Karjala,Manu,3,1,1,1,Manu (3),Manu (3)
Pohjois-Karjala,Martin / Mart / Märt,3,3,1,1,Martti (3),Martti (3)
Pohjois-Karjala,Paavo,3,3,1,3,Paavo (3),Paavo (1); Puavo (1); Poavo (1)
Pohjois-Karjala,Pajari,3,3,1,1,Pajari (3),Pajari (3)
Pohjois-Karjala,Riitta,3,2,1,1,Riitta (3),Riitta (3)
Pohjois-Karjala,Taneli,3,2,1,1,Taneli (3),Taneli (3)
Pohjois-Karjala,Vappu,3,3,1,1,Vappu (3),Vappu (3)
Pohjois-Karjala,Venno,3,3,1,2,Venno (3),Venno (2); Venna (1)
Pohjois-Karjala,tyyri,3,1,1,1,tyyri (3),tyyri (3)
Pohjois-Karjala,(name),2,2,1,2,(name) (2),Nehvo (1); Väntrikki (1)
Pohjois-Karjala,Annikka,2,2,1,1,Annikka (2),Annikka (2)
Pohjois-Karjala,Annini,2,1,1,2,Annini (2),Annineni (1); Annini (1)
Pohjois-Karjala,Antero,2,2,1,2,Antero (2),Anteras (1); Antero (1)
Pohjois-Karjala,Anterus,2,1,1,1,Anterus (2),Anterus (2)
Pohjois-Karjala,Eerik,2,2,1,2,Eerik (2),Eerikka (1); Eerik (1)
Pohjois-Karjala,Hotari,2,1,1,1,Hotari (2),Hotari (2)
Pohjois-Karjala,Huorimus,2,1,1,1,Huorimus (2),Huorimus (2)
Pohjois-Karjala,Iita,2,1,1,1,Iita (2),Iita (2)
Pohjois-Karjala,Inverska,2,1,1,1,Inverska (2),Inverska (2)
Pohjois-Karjala,Juortana,2,2,1,1,Juortana (2),Juortana (2)
Pohjois-Karjala,Kali,2,1,1,1,Kali (2),Kali (2)
Pohjois-Karjala,Kiika,2,1,1,1,Kiika (2),Kiikan (2)
Pohjois-Karjala,Kipu,2,1,1,1,Kipu (2),Kipu (2)
Pohjois-Karjala,Koljola,2,2,1,1,Koljola (2),Koljola (2)
Pohjois-Karjala,Kyrsinen,2,1,1,1,Kyrsinen (2),Kyrsinen (2)
Pohjois-Karjala,Larikkainen,2,1,1,1,Larikkainen (2),Larikkainen (2)
Pohjois-Karjala,Laukki,2,1,1,1,Laukki (2),Laukki (2)
Pohjois-Karjala,Lukeri,2,1,1,1,Lukeri (2),Lukeri (2)
Pohjois-Karjala,Maiju,2,2,1,1,Maiju (2),Maiju (2)
Pohjois-Karjala,Marjatta,2,1,1,1,Marjatta (2),Marjatta (2)
Pohjois-Karjala,Marola,2,1,1,1,Marola (2),Marola (2)
Pohjois-Karjala,Martti,2,2,1,1,Martti (2),Martti (2)
Pohjois-Karjala,Pellervoinen,2,1,1,1,Pellervoinen (2),Pellervoinen (2)
Pohjois-Karjala,Petra,2,2,1,1,Petra (2),Petra (2)
Pohjois-Karjala,Pielinen,2,2,1,1,Pielinen (2),Pielinen (2)
Pohjois-Karjala,Pihjala,2,1,1,1,Pihjala (2),Pihjala (2)
Pohjois-Karjala,Puavali,2,2,1,1,Puavali (2),Puavali (2)
Pohjois-Karjala,Savo,2,1,1,1,Savo (2),Savo (2)
Pohjois-Karjala,Sikke,2,2,1,1,Sikke (2),Sikke (2)
Pohjois-Karjala,Sohvi,2,2,1,1,Sohvi (2),Sohvi (2)
Pohjois-Karjala,Tahvo,2,2,1,1,Tahvo (2),Tahvo (2)
Pohjois-Karjala,Tilu,2,2,1,1,Tilu (2),Tilu (2)
Pohjois-Karjala,Vellamo,2,2,1,2,Vellamo (2),Vellamo (1); vellamo (1)
Pohjois-Karjala,Vipunen,2,1,1,1,Vipunen (2),Vipunen (2)
Pohjois-Karjala,hotju,2,1,1,1,hotju (2),hotju (2)
Pohjois-Karjala,kolkko,2,1,1,1,kolkko (2),kolkko (2)
Pohjois-Karjala,lempo,2,1,1,1,lempo (2),lempo (2)
Pohjois-Karjala,saatana,2,1,1,1,saatana (2),saatana (2)
Pohjois-Karjala,(none),1,1,1,1,(none) (1),Kontera-ssa (1)
Pohjois-Karjala,(unclear),1,1,1,1,(unclear) (1),Antrei (1)
Pohjois-Karjala,(unknown),1,1,1,1,(unknown) (1),Kimmo (1)
Pohjois-Karjala,Adolf,1,1,1,1,Adolf (1),Adolf (1)
Pohjois-Karjala,Aija,1,1,1,1,Aija (1),Aija (1)
Pohjois-Karjala,Akkala,1,1,1,1,Akkala (1),Akkala (1)
Pohjois-Karjala,Alli & poika,1,1,1,1,Alli & poika (1),Alli & poika (1)
Pohjois-Karjala,Alpetti,1,1,1,1,Alpetti (1),Alpetti (1)
Pohjois-Karjala,Amin,1,1,1,1,Amin (1),Amin (1)
Pohjois-Karjala,Annastiina,1,1,1,1,Annastiina (1),Annastiina (1)
Pohjois-Karjala,Annin,1,1,1,1,Annin (1),Annin (1)
Pohjois-Karjala,Anttila,1,1,1,1,Anttila (1),Anttila+an (1)
Pohjois-Karjala,Aspi,1,1,1,1,Aspi (1),Aspi (1)
Pohjois-Karjala,Bieni,1,1,1,1,Bieni (1),Bieni (1)
Pohjois-Karjala,Eenokki,1,1,1,1,Eenokki (1),Eenokki (1)
Pohjois-Karjala,Elias / Eljas,1,1,1,1,Eljas (1),Ellys (1)
Pohjois-Karjala,Ellen,1,1,1,1,Ellen (1),Ellen (1)
Pohjois-Karjala,Elsa,1,1,1,1,Elsa (1),Elsi (1)
Pohjois-Karjala,Erkki,1,1,1,1,Erkki (1),Erkki (1)
Pohjois-Karjala,Eva,1,1,1,1,Eva (1),Eva (1)
Pohjois-Karjala,Fani,1,1,1,1,Fani (1),Fani (1)
Pohjois-Karjala,Halli,1,1,1,1,Halli (1),Halli (1)
Pohjois-Karjala,Hannu,1,1,1,1,Hannu (1),Hannu (1)
Pohjois-Karjala,Hassinen,1,1,1,1,Hassinen (1),Hassinen (1)
Pohjois-Karjala,Hateks,1,1,1,1,Hateks (1),Hateks (1)
Pohjois-Karjala,Hela,1,1,1,1,Hela (1),Hela (1)
Pohjois-Karjala,Heleme,1,1,1,1,Heleme (1),Heleme (1)
Pohjois-Karjala,Helena,1,1,1,1,Helena (1),Helemi (1)
Pohjois-Karjala,Hillu,1,1,1,1,Hillu (1),Hillu (1)
Pohjois-Karjala,Hippa,1,1,1,1,Hippa (1),Hippa (1)
Pohjois-Karjala,Hittara,1,1,1,1,Hittara (1),Hittara (1)
Pohjois-Karjala,Holofernes,1,1,1,1,Holofernes (1),Holofernes (1)
Pohjois-Karjala,Hotjelmoinen,1,1,1,1,Hotjelmoinen (1),Hotjelmoinen (1)
Pohjois-Karjala,Hussala,1,1,1,1,Hussala (1),Hussala (1)
Pohjois-Karjala,Huttu,1,1,1,1,Huttu (1),Huttu (1)
Pohjois-Karjala,Härkölä,1,1,1,1,Härkölä (1),Härkölä (1)
Pohjois-Karjala,Iiksensuo,1,1,1,1,Iiksensuo (1),Iiksensuo (1)
Pohjois-Karjala,Iisak,1,1,1,1,Iisak (1),Iisakki (1)
Pohjois-Karjala,Iivana,1,1,1,1,Iivana (1),Iivana (1)
Pohjois-Karjala,Ilmola,1,1,1,1,Ilmola (1),ilmolan (1)
Pohjois-Karjala,Immo,1,1,1,1,Immo (1),Immo (1)
Pohjois-Karjala,Inga,1,1,1,1,Inga (1),Inga (1)
Pohjois-Karjala,Inkeri,1,1,1,1,Inkeri (1),Inkeri/Ingel (1)
Pohjois-Karjala,Jordan,1,1,1,1,Jordan (1),Jordaan (1)
Pohjois-Karjala,Jorolainen,1,1,1,1,Jorolainen (1),Jorolainen (1)
Pohjois-Karjala,Jortta,1,1,1,1,Jortta (1),Jorttan (1)
Pohjois-Karjala,Juakko,1,1,1,1,Juakko (1),Juakko (1)
Pohjois-Karjala,Juusa,1,1,1,1,Juusa (1),Juusa (1)
Pohjois-Karjala,Kakonaho,1,1,1,1,Kakonaho (1),Kakonaho (1)
Pohjois-Karjala,Kalev / Kalervo,1,1,1,1,Kalervo (1),Kalervo (1)
Pohjois-Karjala,Kangas-Antit,1,1,1,1,Kangas-Antit (1),Kangas-Antit (1)
Pohjois-Karjala,Kantti,1,1,1,1,Kantti (1),Kantti (1)
Pohjois-Karjala,Kapo,1,1,1,1,Kapo (1),Kapo (1)
Pohjois-Karjala,Karoliina,1,1,1,1,Karoliina (1),Karoliina (1)
Pohjois-Karjala,Kasperinmar,1,1,1,1,Kasperinmar (1),kasperinmar (1)
Pohjois-Karjala,Katala,1,1,1,1,Katala (1),Katala (1)
Pohjois-Karjala,Katriina,1,1,1,1,Katriina (1),Katriina (1)
Pohjois-Karjala,Kerttu,1,1,1,1,Kerttu (1),Kerttu (1)
Pohjois-Karjala,Kiira,1,1,1,1,Kiira (1),Kiira (1)
Pohjois-Karjala,Kimmo,1,1,1,1,Kimmo (1),Kimmo (1)
Pohjois-Karjala,Kimo,1,1,1,1,Kimo (1),Kimon (1)
Pohjois-Karjala,Kimpo,1,1,1,1,Kimpo (1),Kimpo (1)
Pohjois-Karjala,Kipo,1,1,1,1,Kipo (1),Kipo (1)
Pohjois-Karjala,Kitis,1,1,1,1,Kitis (1),Kitis (1)
Pohjois-Karjala,Koitere,1,1,1,1,Koitere (1),Koitere (1)
Pohjois-Karjala,Koljatin,1,1,1,1,Koljatin (1),Koljatin (1)
Pohjois-Karjala,Kononhovi,1,1,1,1,Kononhovi (1),Kononohvi (1)
Pohjois-Karjala,Konstin,1,1,1,1,Konstin (1),Konsti-n (1)
Pohjois-Karjala,Koponen,1,1,1,1,Koponen (1),Koponen (1)
Pohjois-Karjala,Koppoli,1,1,1,1,Koppoli (1),Koppoli (1)
Pohjois-Karjala,Korea,1,1,1,1,Korea (1),Korea (1)
Pohjois-Karjala,Kosula,1,1,1,1,Kosula (1),Kosula (1)
Pohjois-Karjala,Kukkonen,1,1,1,1,Kukkonen (1),Kukkosen (1)
Pohjois-Karjala,Kullervo,1,1,1,1,Kullervo (1),Kullervo (1)
Pohjois-Karjala,Kurnekka,1,1,1,1,Kurnekka (1),Kurnekka (1)
Pohjois-Karjala,Kyntteli,1,1,1,1,Kyntteli (1),Kyntteli (1)
Pohjois-Karjala,Kyrö,1,1,1,1,Kyrö (1),Kyrö (1)
Pohjois-Karjala,Kyyrö,1,1,1,1,Kyyrö (1),Kyyrö (1)
Pohjois-Karjala,Kyörä,1,1,1,1,Kyörä (1),Kyörä (1)
Pohjois-Karjala,Käihkölä,1,1,1,1,Käihkölä (1),Käihkölä (1)
Pohjois-Karjala,Laatia,1,1,1,1,Laatia (1),Laatia (1)
Pohjois-Karjala,Larinsoari,1,1,1,1,Larinsoari (1),Larinsoari (1)
Pohjois-Karjala,Laviola,1,1,1,1,Laviola (1),Laviola (1)
Pohjois-Karjala,Lipola,1,1,1,1,Lipola (1),Lipola (1)
Pohjois-Karjala,Lopo,1,1,1,1,Lopo (1),Lopo (1)
Pohjois-Karjala,Louhiatas,1,1,1,1,Louhiatas (1),Louhiatas (1)
Pohjois-Karjala,Loukku-nen,1,1,1,1,Loukku-nen (1),loukku-nen (1)
Pohjois-Karjala,Lönnrot,1,1,1,1,Lönnrot (1),Lönnrot (1)
Pohjois-Karjala,Manuel,1,1,1,1,Manuel (1),Manuel (1)
Pohjois-Karjala,Margetta,1,1,1,1,Margetta (1),Margetta (1)
Pohjois-Karjala,Markeeta,1,1,1,1,Markeeta (1),Markeeta (1)
Pohjois-Karjala,Marketta,1,1,1,1,Marketta (1),Marketta (1)
Pohjois-Karjala,Markkula,1,1,1,1,Markkula (1),Markkula (1)
Pohjois-Karjala,Meilikki,1,1,1,1,Meilikki (1),Meilikki (1)
Pohjois-Karjala,Murri,1,1,1,1,Murri (1),Murri (1)
Pohjois-Karjala,Muurikka,1,1,1,1,Muurikka (1),Muurikin (1)
Pohjois-Karjala,Määttälä,1,1,1,1,Määttälä (1),Määttälä (1)
Pohjois-Karjala,Neteli,1,1,1,1,Neteli (1),Neteli (1)
Pohjois-Karjala,Niilo,1,1,1,1,Niilo (1),Niilo (1)
Pohjois-Karjala,Nikki,1,1,1,1,Nikki (1),Nikki (1)
Pohjois-Karjala,Niko,1,1,1,1,Niko (1),Niko (1)
Pohjois-Karjala,Niko/nikoa,1,1,1,1,Niko/nikoa (1),niko (1)
Pohjois-Karjala,Nikolai,1,1,1,1,Nikolai (1),Nikolai (1)
Pohjois-Karjala,Norin (proper noun) / nuori,1,1,1,1,Norin (proper noun) / nuori (1),Norin (1)
Pohjois-Karjala,Noron,1,1,1,1,Noron (1),Noro-n (1)
Pohjois-Karjala,Ohta,1,1,1,1,Ohta (1),Ohta (1)
Pohjois-Karjala,Oinonen,1,1,1,1,Oinonen (1),Oinonen (1)
Pohjois-Karjala,Olla-ko (context suggests proper name),1,1,1,1,Olla-ko (context suggests proper name) (1),Olli-ki (1)
Pohjois-Karjala,Onkamo,1,1,1,1,Onkamo (1),Onkamo (1)
Pohjois-Karjala,Osmo,1,1,1,1,Osmo (1),Osmo (1)
Pohjois-Karjala,Ovamo,1,1,1,1,Ovamo (1),Ovamo (1)
Pohjois-Karjala,Ovaskainen,1,1,1,1,Ovaskainen (1),Ovaskainen (1)
Pohjois-Karjala,Paakari,1,1,1,1,Paakari (1),Paakari (1)
Pohjois-Karjala,Paakoi,1,1,1,1,Paakoi (1),Paakoi (1)
Pohjois-Karjala,Parkki,1,1,1,1,Parkki (1),Parkki (1)
Pohjois-Karjala,Patsola,1,1,1,1,Patsola (1),Patsola (1)
Pohjois-Karjala,Penttinen,1,1,1,1,Penttinen (1),Penttinen (1)
Pohjois-Karjala,Perjakka,1,1,1,1,Perjakka (1),Perjakka (1)
Pohjois-Karjala,Pernä,1,1,1,1,Pernä (1),Pernä (1)
Pohjois-Karjala,Perttu,1,1,1,1,Perttu (1),Perttuli (1)
Pohjois-Karjala,Pietula,1,1,1,1,Pietula (1),Pietula (1)
Pohjois-Karjala,Pippilä,1,1,1,1,Pippilä (1),Pippilä (1)
Pohjois-Karjala,Puakki-kin,1,1,1,1,Puakki-kin (1),Puakki-kin (1)
Pohjois-Karjala,Puavo,1,1,1,1,Puavo (1),Puavo (1)
Pohjois-Karjala,Puhakka,1,1,1,1,Puhakka (1),Puhakka (1)
Pohjois-Karjala,Pujuri,1,1,1,1,Pujuri (1),Pujuri (1)
Pohjois-Karjala,Puoska,1,1,1,1,Puoska (1),Puoska (1)
Pohjois-Karjala,Pääköinen,1,1,1,1,Pääköinen (1),Pääköinen (1)
Pohjois-Karjala,Raiska,1,1,1,1,Raiska (1),Raiska (1)
Pohjois-Karjala,Rana,1,1,1,1,Rana (1),Rāna (1)
Pohjois-Karjala,Ranspurg,1,1,1,1,Ranspurg (1),Ranspurk (1)
Pohjois-Karjala,Reittu,1,1,1,1,Reittu (1),Reittu (1)
Pohjois-Karjala,Riikola,1,1,1,1,Riikola (1),Riikola (1)
Pohjois-Karjala,Riio,1,1,1,1,Riio (1),Riio (1)
Pohjois-Karjala,Riisi,1,1,1,1,Riisi (1),Riisi (1)
Pohjois-Karjala,Rutimon,1,1,1,1,Rutimon (1),Rutimon (1)
Pohjois-Karjala,Ruunu,1,1,1,1,Ruunu (1),Ruunu (1)
Pohjois-Karjala,Saahe,1,1,1,1,Saahe (1),Saahe (1)
Pohjois-Karjala,Salttar,1,1,1,1,Salttar (1),Salttar (1)
Pohjois-Karjala,Sampsa,1,1,1,1,Sampsa (1),Sampsa (1)
Pohjois-Karjala,Sarah / Saara,1,1,1,1,Saara (1),Saara (1)
Pohjois-Karjala,Soimi,1,1,1,1,Soimi (1),Soimi (1)
Pohjois-Karjala,Sorola,1,1,1,1,Sorola (1),Sorola (1)
Pohjois-Karjala,Souva,1,1,1,1,Souva (1),souva (1)
Pohjois-Karjala,Tali,1,1,1,1,Tali (1),Tali (1)
Pohjois-Karjala,Tanika,1,1,1,1,Tanika (1),Tanika (1)
Pohjois-Karjala,Tauno,1,1,1,1,Tauno (1),Tauno (1)
Pohjois-Karjala,Taunus,1,1,1,1,Taunus (1),Taunus (1)
Pohjois-Karjala,Teppana,1,1,1,1,Teppana (1),Teppana (1)
Pohjois-Karjala,Tiina,1,1,1,1,Tiina (1),Tiina (1)
Pohjois-Karjala,Tinatsu,1,1,1,1,Tinatsu (1),Tinatsu (1)
Pohjois-Karjala,Tiuku-Tahvo,1,1,1,1,Tiuku-Tahvo (1),Tiuku-Tahvo (1)
Pohjois-Karjala,Toletti,1,1,1,1,Toletti (1),Toletti (1)
Pohjois-Karjala,Torjo,1,1,1,1,Torjo (1),Torjo (1)
Pohjois-Karjala,Toroskala,1,1,1,1,Toroskala (1),Toroskala (1)
Pohjois-Karjala,Trutja,1,1,1,1,Trutja (1),Trutja (1)
Pohjois-Karjala,Tumpsa,1,1,1,1,Tumpsa (1),Tumpsa (1)
Pohjois-Karjala,Tunsas,1,1,1,1,Tunsas (1),Tunsas (1)
Pohjois-Karjala,Tuosto,1,1,1,1,Tuosto (1),Tuoston (1)
Pohjois-Karjala,Turso,1,1,1,1,Turso (1),Turso (1)
Pohjois-Karjala,Turula,1,1,1,1,Turula (1),Turula (1)
Pohjois-Karjala,Tutjelmoinen,1,1,1,1,Tutjelmoinen (1),Tutjelmoinen (1)
Pohjois-Karjala,Törösaari,1,1,1,1,Törösaari (1),Törösaari (1)
Pohjois-Karjala,Varinen/Variksi,1,1,1,1,Varinen/Variksi (1),Variksen/Variksi (1)
Pohjois-Karjala,Vemppä,1,1,1,1,Vemppä (1),Vemppä (1)
Pohjois-Karjala,Viia,1,1,1,1,Viia (1),Viia (1)
Pohjois-Karjala,Ville,1,1,1,1,Ville (1),Ville (1)
Pohjois-Karjala,Vingas,1,1,1,1,Vingas (1),Vingas (1)
Pohjois-Karjala,Vinkas,1,1,1,1,Vinkas (1),Vinkas (1)
Pohjois-Karjala,Vippu,1,1,1,1,Vippu (1),Vippu (1)
Pohjois-Karjala,Virnes,1,1,1,1,Virnes (1),Virnes (1)
Pohjois-Karjala,Väinö,1,1,1,1,Väinö (1),Väinö (1)
Pohjois-Karjala,Väinö/väinä,1,1,1,1,Väinö/väinä (1),väinä/Väinä (1)
Pohjois-Karjala,Yletti,1,1,1,1,Yletti (1),Yletti (1)
Pohjois-Karjala,Yörä,1,1,1,1,Yörä (1),Yörä (1)
Pohjois-Karjala,alli & lapsi,1,1,1,1,alli & lapsi (1),alli & lasta (1)
Pohjois-Karjala,anja/hän,1,1,1,1,anja/hän (1),anja/hanja (1)
Pohjois-Karjala,heikkonen,1,1,1,1,heikkonen (1),heikkiseni (1)
Pohjois-Karjala,hippa,1,1,1,1,hippa (1),hippa (1)
Pohjois-Karjala,humma,1,1,1,1,humma (1),humma (1)
Pohjois-Karjala,hussa,1,1,1,1,hussa (1),hussa (1)
Pohjois-Karjala,hussala,1,1,1,1,hussala (1),hussala (1)
Pohjois-Karjala,hössö,1,1,1,1,hössö (1),hössö (1)
Pohjois-Karjala,juakko,1,1,1,1,juakko (1),juakkojain (1)
Pohjois-Karjala,kaiponen,1,1,1,1,kaiponen (1),kaiponen (1)
Pohjois-Karjala,kulta+ralli,1,1,1,1,kulta+ralli (1),kulta+ralli (1)
Pohjois-Karjala,leikki (name/play),1,1,1,1,leikki (name/play) (1),leikiksi (transl.) (1)
Pohjois-Karjala,lipolainen,1,1,1,1,lipolainen (1),lipolainen (1)
Pohjois-Karjala,miija,1,1,1,1,miija (1),miija (1)
Pohjois-Karjala,milma,1,1,1,1,milma (1),milma (1)
Pohjois-Karjala,niko (proper noun),1,1,1,1,niko (proper noun) (1),niko (1)
Pohjois-Karjala,nimetön,1,1,1,1,nimetön (1),nimetön (1)
Pohjois-Karjala,nimismies,1,1,1,1,nimismies (1),nimismies (1)
Pohjois-Karjala,pelto+pekka,1,1,1,1,pelto+pekka (1),pellon+pekka (1)
Pohjois-Karjala,reinikka,1,1,1,1,reinikka (1),reinikka (1)
Pohjois-Karjala,reinikko,1,1,1,1,reinikko (1),reinikko (1)
Pohjois-Karjala,riisi,1,1,1,1,riisi (1),riis (1)
Pohjois-Karjala,soittaa,1,1,1,1,soittaa (1),soada (1)
Pohjois-Karjala,tilli,1,1,1,1,tilli (1),tilli (1)
Pohjois-Pohjanmaa,God / Jumala / Jumal,82,64,10,13,herra (38); Jumala (12); luoja (10); Herra (9); jumala (8); (unknown) (1); herras (1); Luoja (1),herra (38); Jumala (11); Herra (9); jumala (8); luoja (8); kapo (1); luojan (1); herras (1)
Pohjois-Pohjanmaa,Mary / Maria / Maarja / Mari,74,39,10,14,Mari (21); Maija (18); Maria (15); Maaria (9); maija (4); maaria (2); Maarija (2); Maija (prop.) (1),Mari (21); Maija (17); Maaria (10); Maria (9); maija (5); Maarija (4); maaria (1); Maija-n (1)
Pohjois-Pohjanmaa,Henry / Heikki,35,25,1,3,Heikki (35),Heikki (31); heikki+lle (3); Helekko (1)
Pohjois-Pohjanmaa,Ukko,35,31,3,6,ukko (28); Ukko (6); ukkonen (1),ukko (24); Ukko (6); ukkonen (2); Ukko+n (1); ukko+gi (1); ukki (1)
Pohjois-Pohjanmaa,Andrew / Antti,30,22,2,2,Antti (28); Anttonen (2),Antti (28); Anttonen (2)
Pohjois-Pohjanmaa,Jesus / Christ,28,18,3,7,Jeesus (21); Jesus (6); Kristus (1),Jeesus (15); Jesus (6); Iesus (2); Jiesus (2); kiesus (1); Kristus (1); jesus (1)
Pohjois-Pohjanmaa,Peter / Pietari / Peeter,28,23,3,6,Pekka (16); Pietari (11); Petter (1),Pekka (16); Pietari (7); Perttuli (2); Pieta (1); Petter (1); Petteri (1)
Pohjois-Pohjanmaa,Matthew / Matti,27,23,2,4,Matti (24); matti (3),Matti (23); matti (2); matista (1); Matin (1)
Pohjois-Pohjanmaa,Catherine / Kadri / Katri,23,5,2,2,kaisa (20); Kaisa (3),kaisa (20); Kaisa (3)
Pohjois-Pohjanmaa,Kaija,21,10,1,1,Kaija (21),Kaija (21)
Pohjois-Pohjanmaa,Väinämöinen,19,10,1,4,Väinämöinen (19),Väinämöinen (16); Väinämöise (1); Wäinämöinen (1); väinämöinen (1)
Pohjois-Pohjanmaa,Elizabeth / Liisa / Liisu / Elli,16,12,2,4,Liisa (10); Elli (6),Liisa (8); Elli (6); liisa (1); Lissan (1)
Pohjois-Pohjanmaa,Thomas / Toomas / Tuomas,16,16,1,2,Tuomas (16),Tuomas (14); Tuomaas (2)
Pohjois-Pohjanmaa,Jacob / Jaak / Jaakko,14,8,2,4,Jaakko (12); jaakko (2),Jaakko (9); Jaako (3); jaakkoon (1); jaakosta (1)
Pohjois-Pohjanmaa,John / Jaan / Jussi / Hans,14,11,2,2,Jussi (13); Joppi (1),Jussi (13); Joppi (1)
Pohjois-Pohjanmaa,Michael / Mikko / Mihkel,13,11,2,2,Mikko (10); Mikael (3),Mikko (10); Mikkeeli (3)
Pohjois-Pohjanmaa,Eve / Eeva,12,6,2,3,aatto (11); Eeva (1),aatto (10); Eeva (1); aatto (aaton) (1)
Pohjois-Pohjanmaa,Tuoni,10,9,2,2,tuoni (5); Tuoni (5),tuoni (5); Tuoni (5)
Pohjois-Pohjanmaa,George / Jüri,7,2,1,2,Yrjö (7),Yrkkö (5); Yrjö (2)
Pohjois-Pohjanmaa,Anna / Anne / Ann / Anni,6,6,3,3,Anna (4); Annukka (1); Annikki (1),Anna (4); Annukka (1); Annikki (1)
Pohjois-Pohjanmaa,Nicholas / Nikka / Klaus,6,5,3,3,Nikka (4); Nikolaus (1); Nikko (1),Nikka (4); Nikolaus (1); Nikko (1)
Pohjois-Pohjanmaa,Simon / Siim / Simo,6,4,1,3,Simo (6),Simo (2); Simppa (2); simon (2)
Pohjois-Pohjanmaa,nimi,6,5,1,2,nimi (6),nimi (5); nimi-si (1)
Pohjois-Pohjanmaa,Esko,5,3,1,1,Esko (5),Esko (5)
Pohjois-Pohjanmaa,Martin / Mart / Märt,5,5,2,2,Martti (4); Martin (1),Martin (3); Martti (2)
Pohjois-Pohjanmaa,Judas / Juudas,4,4,1,2,Juudas (4),Juutas (3); Juutasko (1)
Pohjois-Pohjanmaa,Kalle,4,2,1,1,Kalle (4),Kalle (4)
Pohjois-Pohjanmaa,Sarah / Saara,4,4,2,2,Saara (3); säärä (1),Saara (3); säärä (1)
Pohjois-Pohjanmaa,Ahti,3,3,1,1,Ahti (3),Ahti (3)
Pohjois-Pohjanmaa,Ilmarinen,3,2,1,1,Ilmarinen (3),Ilmarinen (3)
Pohjois-Pohjanmaa,Joukamoinen / Joukahainen,3,3,1,2,Joukahainen (3),Joukahainen (2); Joukamoinen (1)
Pohjois-Pohjanmaa,Lassi,3,3,1,1,Lassi (3),Lassi (3)
Pohjois-Pohjanmaa,Riita,3,1,1,1,Riita (3),Riita (3)
Pohjois-Pohjanmaa,Sameli,3,1,1,1,Sameli (3),Sameli (3)
Pohjois-Pohjanmaa,Säntti,3,1,1,1,Säntti (3),Säntti (3)
Pohjois-Pohjanmaa,Vitjabomi,3,1,1,1,Vitjabomi (3),Vitjabomi (3)
Pohjois-Pohjanmaa,Ainikki,2,1,1,1,Ainikki (2),Ainikki (2)
Pohjois-Pohjanmaa,Eero,2,2,1,1,Eero (2),Eero (2)
Pohjois-Pohjanmaa,Jollo,2,1,1,2,Jollo (2),jollo (1); Jollo (1)
Pohjois-Pohjanmaa,Killi,2,1,1,1,Killi (2),Killi (2)
Pohjois-Pohjanmaa,Manu,2,1,1,1,Manu (2),Manu (2)
Pohjois-Pohjanmaa,Mattila,2,2,1,1,Mattila (2),Mattila (2)
Pohjois-Pohjanmaa,Ontrei,2,1,1,1,Ontrei (2),Ontrei (2)
Pohjois-Pohjanmaa,Paavo,2,2,1,2,Paavo (2),Paavo (1); Paavu (1)
Pohjois-Pohjanmaa,Pirko,2,2,1,1,Pirko (2),Pirko (2)
Pohjois-Pohjanmaa,Savo,2,2,1,2,Savo (2),Savo (1); savo (1)
Pohjois-Pohjanmaa,Taneli,2,1,1,1,Taneli (2),Taneli (2)
Pohjois-Pohjanmaa,kaija,2,2,1,1,kaija (2),kaija (2)
Pohjois-Pohjanmaa,(prop),1,1,1,1,(prop) (1),Piun (gen) (1)
Pohjois-Pohjanmaa,(proper noun),1,1,1,1,(proper noun) (1),Fingesbori (1)
Pohjois-Pohjanmaa,(unknown),1,1,1,1,(unknown) (1),(unknown) (1)
Pohjois-Pohjanmaa,Aaron,1,1,1,1,Aaron (1),Aaronin (1)
Pohjois-Pohjanmaa,Allan,1,1,1,1,Allan (1),Allan (1)
Pohjois-Pohjanmaa,Alli,1,1,1,1,Alli (1),Alli (1)
Pohjois-Pohjanmaa,Anetti,1,1,1,1,Anetti (1),Anetti (1)
Pohjois-Pohjanmaa,Annukaksi,1,1,1,1,Annukaksi (1),Annukka+ta (1)
Pohjois-Pohjanmaa,Antero,1,1,1,1,Antero (1),Antero (1)
Pohjois-Pohjanmaa,Asko,1,1,1,1,Asko (1),Asko (1)
Pohjois-Pohjanmaa,Bieta,1,1,1,1,Bieta (1),Bieta (1)
Pohjois-Pohjanmaa,Eino,1,1,1,1,Eino (1),Eino (1)
Pohjois-Pohjanmaa,Haapalainen,1,1,1,1,Haapalainen (1),Haapalainen (1)
Pohjois-Pohjanmaa,Hamajeli,1,1,1,1,Hamajeli (1),Hamajeli (1)
Pohjois-Pohjanmaa,Hannikka,1,1,1,1,Hannikka (1),Hannikka (1)
Pohjois-Pohjanmaa,Hentu,1,1,1,1,Hentu (1),Hentu (1)
Pohjois-Pohjanmaa,Hermanni,1,1,1,1,Hermanni (1),Hermanni (1)
Pohjois-Pohjanmaa,Immonen,1,1,1,1,Immonen (1),Immonen (1)
Pohjois-Pohjanmaa,Jarmi,1,1,1,1,Jarmi (1),Jarmi (1)
Pohjois-Pohjanmaa,Junta,1,1,1,1,Junta (1),Junta (1)
Pohjois-Pohjanmaa,Kaisa-Liisa,1,1,1,1,Kaisa-Liisa (1),Kaisa-Liisa (1)
Pohjois-Pohjanmaa,Kaisastiina,1,1,1,1,Kaisastiina (1),Kaisastiina (1)
Pohjois-Pohjanmaa,Katilainen,1,1,1,1,Katilainen (1),Katilainen (1)
Pohjois-Pohjanmaa,Kera,1,1,1,1,Kera (1),Kera (1)
Pohjois-Pohjanmaa,Kipponen,1,1,1,1,Kipponen (1),Kipponen (1)
Pohjois-Pohjanmaa,Kirsti,1,1,1,1,Kirsti (1),Kirsti (1)
Pohjois-Pohjanmaa,Kojo,1,1,1,1,Kojo (1),Kojo (1)
Pohjois-Pohjanmaa,Kolkko,1,1,1,1,Kolkko (1),Kolkkonen (1)
Pohjois-Pohjanmaa,Kolkko (proper noun),1,1,1,1,Kolkko (proper noun) (1),Kolkkonen (1)
Pohjois-Pohjanmaa,Kullas,1,1,1,1,Kullas (1),Kulla+lla (1)
Pohjois-Pohjanmaa,Kusta,1,1,1,1,Kusta (1),Kusta+alta (1)
Pohjois-Pohjanmaa,Kutvamoisi,1,1,1,1,Kutvamoisi (1),Kutvamoisi (1)
Pohjois-Pohjanmaa,Kyrönlampi,1,1,1,1,Kyrönlampi (1),Kyrönlampi (1)
Pohjois-Pohjanmaa,Laukka,1,1,1,1,Laukka (1),Laukka (1)
Pohjois-Pohjanmaa,Lauri,1,1,1,1,Lauri (1),Lauri (1)
Pohjois-Pohjanmaa,Lempo,1,1,1,1,Lempo (1),Lempo (1)
Pohjois-Pohjanmaa,Luukas,1,1,1,1,Luukas (1),Luukas (1)
Pohjois-Pohjanmaa,Lämpsä,1,1,1,1,Lämpsä (1),Lämpsä (1)
Pohjois-Pohjanmaa,Maarija,1,1,1,1,Maarija (1),Maarija (1)
Pohjois-Pohjanmaa,Maikki,1,1,1,1,Maikki (1),Maikki (1)
Pohjois-Pohjanmaa,Makkara,1,1,1,1,Makkara (1),makkara (1)
Pohjois-Pohjanmaa,Manni,1,1,1,1,Manni (1),Manni+n (1)
Pohjois-Pohjanmaa,Martti,1,1,1,1,Martti (1),Martti (1)
Pohjois-Pohjanmaa,Miina,1,1,1,1,Miina (1),Miina (1)
Pohjois-Pohjanmaa,Mikkokulta,1,1,1,1,Mikkokulta (1),Mikkokulta (1)
Pohjois-Pohjanmaa,Nalli,1,1,1,1,Nalli (1),Nalli (1)
Pohjois-Pohjanmaa,Nanna,1,1,1,1,Nanna (1),Nanna (1)
Pohjois-Pohjanmaa,Niku,1,1,1,1,Niku (1),Niku (1)
Pohjois-Pohjanmaa,Ninni,1,1,1,1,Ninni (1),Ninni (1)
Pohjois-Pohjanmaa,Näpänkangas,1,1,1,1,Näpänkangas (1),Näpänkangas (1)
Pohjois-Pohjanmaa,Oiva,1,1,1,1,Oiva (1),Oiva (1)
Pohjois-Pohjanmaa,Olli,1,1,1,1,Olli (1),Olli (1)
Pohjois-Pohjanmaa,Osmotar,1,1,1,1,Osmotar (1),Osmotar (1)
Pohjois-Pohjanmaa,Paappola,1,1,1,1,Paappola (1),Paappola (1)
Pohjois-Pohjanmaa,Paula,1,1,1,1,Paula (1),Paula (1)
Pohjois-Pohjanmaa,Pemmen,1,1,1,1,Pemmen (1),Pemmen (1)
Pohjois-Pohjanmaa,Penttilä,1,1,1,1,Penttilä (1),Penttilä (1)
Pohjois-Pohjanmaa,Pertta,1,1,1,1,Pertta (1),Pertta (1)
Pohjois-Pohjanmaa,Perttilä,1,1,1,1,Perttilä (1),Perttilä (1)
Pohjois-Pohjanmaa,Perttuli,1,1,1,1,Perttuli (1),Perttuli (1)
Pohjois-Pohjanmaa,Pietilä,1,1,1,1,Pietilä (1),Pietilä (1)
Pohjois-Pohjanmaa,Praha,1,1,1,1,Praha (1),Praahe (1)
Pohjois-Pohjanmaa,Proper name,1,1,1,1,,Tampriisa (1)
Pohjois-Pohjanmaa,Puri,1,1,1,1,Puri (1),Puri (1)
Pohjois-Pohjanmaa,Raappana,1,1,1,1,Raappana (1),Raappana (1)
Pohjois-Pohjanmaa,Reuhkala,1,1,1,1,Reuhkala (1),Reuhkala (1)
Pohjois-Pohjanmaa,Ritu (name),1,1,1,1,Ritu (name) (1),ritu+nen (1)
Pohjois-Pohjanmaa,Ruonas,1,1,1,1,Ruonas (1),Ruonas+ella (1)
Pohjois-Pohjanmaa,Sampsa,1,1,1,1,Sampsa (1),Sampsa (1)
Pohjois-Pohjanmaa,Samu,1,1,1,1,Samu (1),Samu (1)
Pohjois-Pohjanmaa,Sihvo,1,1,1,1,Sihvo (1),Sihvo (1)
Pohjois-Pohjanmaa,Sipola,1,1,1,1,Sipola (1),Sipola (1)
Pohjois-Pohjanmaa,Sorola,1,1,1,1,Sorola (1),Sorola (1)
Pohjois-Pohjanmaa,Tiilu,1,1,1,1,Tiilu (1),Tiilu (1)
Pohjois-Pohjanmaa,Umeon,1,1,1,1,Umeon (1),Umeon (1)
Pohjois-Pohjanmaa,Urpanus,1,1,1,1,Urpanus (1),Urpanus (1)
Pohjois-Pohjanmaa,Valpuri,1,1,1,1,Valpuri (1),Valpuri (1)
Pohjois-Pohjanmaa,Viio,1,1,1,1,Viio (1),Viio (1)
Pohjois-Pohjanmaa,Vilatelhvia,1,1,1,1,Vilatelhvia (1),vilatelhvia (1)
Pohjois-Pohjanmaa,Vilho,1,1,1,1,Vilho (1),Vilho (1)
Pohjois-Pohjanmaa,Vinkas,1,1,1,1,Vinkas (1),Vinkäs (1)
Pohjois-Pohjanmaa,Vipunen,1,1,1,1,Vipunen (1),Vipunen (1)
Pohjois-Pohjanmaa,Väinölä,1,1,1,1,Väinölä (1),Väinölä (1)
Pohjois-Pohjanmaa,Yrjänä,1,1,1,1,Yrjänä (1),Yrjänä (1)
Pohjois-Pohjanmaa,eero & maa,1,1,1,1,eero & maa (1),eeroma (1)
Pohjois-Pohjanmaa,hailinen/aili,1,1,1,1,hailinen/aili (1),hailin/ailin (1)
Pohjois-Pohjanmaa,kilja,1,1,1,1,kilja (1),kilja (1)
Pohjois-Pohjanmaa,kyrölahti,1,1,1,1,kyrölahti (1),kyrölahti (1)
Pohjois-Pohjanmaa,kyröskoski,1,1,1,1,kyröskoski (1),kyröskoski (1)
Pohjois-Pohjanmaa,saaranen,1,1,1,1,saaranen (1),saaranen (1)
Pohjois-Pohjanmaa,tanella,1,1,1,1,tanella (1),tanella (1)
Pohjois-Savo,God / Jumala / Jumal,283,182,9,21,Jumala (86); herra (80); luoja (54); jumala (26); Herra (25); Luojan (7); Luoja (3); Jumalan (1),Jumala (77); herra (74); luoja (48); jumala (31); Herra (20); Luoja (5); Luojan (5); luojan (4)
Pohjois-Savo,Ukko,122,92,2,6,ukko (102); Ukko (20),ukko (98); Ukko (17); uko (3); ukon (2); uckonen (1); ukkoin (1)
Pohjois-Savo,Peter / Pietari / Peeter,107,95,4,9,Pekka (71); Pietari (34); Petteri (1); pekka (1),Pekka (71); Pietari (29); Pietäri+n (1); Petter (1); Petteri (1); pekka (1); pietarin (1); pietar (1)
Pohjois-Savo,Jesus / Christ,72,55,4,11,Jeesus (59); Jesus (7); Kristus (4); Jeesuksen (2),Jeesus (38); Jesus (11); Jiessus (5); Kiesus (5); jesuxen (5); Kristus (3); Jeſuxen (1); Jeſus (1)
Pohjois-Savo,Mary / Maria / Maarja / Mari,69,53,7,14,Maria (45); Maija (10); Maaria (8); maija (2); Marian (2); maja (1); marja (berry) or Maria (name) (1),Maria (25); Maaria (14); Maija (10); maria (6); maija (3); marija (2); Marian (2); Muaria (1)
Pohjois-Savo,John / Jaan / Jussi / Hans,65,51,7,7,Jussi (56); Juhani (2); Juhannes (2); Jukka (2); Janne (1); Juhannes (Juhani) (1); Iivana (1),Jussi (55); Juakko (4); Juhani (2); Jussi+n (1); Janne (1); Juhannes (1); Iivana (1)
Pohjois-Savo,Andrew / Antti,63,56,1,2,Antti (63),Antti (62); Antti-n (1)
Pohjois-Savo,Henry / Heikki,59,52,2,4,Heikki (58); Heikin (1),Heikki (53); Heekki (4); Hekki (1); heekil (1)
Pohjois-Savo,Väinämöinen,53,33,1,8,Väinämöinen (53),Väinämöinen (43); Väinämöinen+n (2); Väinämöisen (2); Väinämöise+n (2); viänämöisen (1); Väenämöinen (1); Väinämöise-n (1); väinämöinen (1)
Pohjois-Savo,Matthew / Matti,52,38,6,8,Matti (23); matti (17); matto (5); matin (3); mätti (3); Biblical Matthew (1),Matti (21); matti (20); matin (3); mati (2); matista (2); mätti (2); mattiin (1); mätti+hällä (1)
Pohjois-Savo,Tuoni,33,31,2,3,tuoni (26); Tuoni (7),tuoni (26); Tuoni (4); tuonen (3)
Pohjois-Savo,Ilmarinen,19,13,2,4,Ilmarinen (16); Ilmari (3),Ilmarinen (11); Ilmari (4); (proper name) (3); Ilimarinen (1)
Pohjois-Savo,Michael / Mikko / Mihkel,19,12,1,5,Mikko (19),Mikko (13); Mikkeli (2); mikko (2); Mike (1); Miko (1)
Pohjois-Savo,Elizabeth / Liisa / Liisu / Elli,16,14,3,3,Elli (8); Liisa (7); liisu (1),Elli (8); Liisa (7); liisu (1)
Pohjois-Savo,Thomas / Toomas / Tuomas,16,14,4,4,Tuomas (13); Biblical name Thomas (1); tuomas (1); Nurmi-Tuomas (1),Tuomas (10); Tuomaas (4); tuomas (1); Nurmi-Tuomas (1)
Pohjois-Savo,nimi,13,13,1,3,nimi (13),nimi (11); nimi+s (1); nimi-si (1)
Pohjois-Savo,Jacob / Jaak / Jaakko,12,6,2,3,Jaakko (10); jaakko (2),Jaakko (7); jaakko (4); Jaakko-jain (1)
Pohjois-Savo,Eve / Eeva,11,9,2,4,aatto (8); Eeva (3),aatto (7); Eeva (2); Iita (1); uatto (1)
Pohjois-Savo,Tapio,11,9,2,5,Tapio (9); Tapiola (2),Tapio (7); Tapiola (1); tapiolaan (1); Tapion (1); Taivu (1)
Pohjois-Savo,Catherine / Kadri / Katri,10,7,4,5,Kaisa (7); Kaisan (1); Katariina (1); Katri (1),Kaisa (6); Kaisan (1); Kaesa (1); Katariina (1); Katri (1)
Pohjois-Savo,Anna / Anne / Ann / Anni,9,9,3,3,Anni (6); Anna (2); Anni-kin (1),Anni (6); Anna (2); Anni-kin (1)
Pohjois-Savo,Judas / Juudas,9,8,3,3,Juudas (4); Juutas (3); juutas (2),Juutas (7); Juudas (1); Jutas (1)
Pohjois-Savo,Simon / Siim / Simo,9,8,2,3,Simo (7); simo (2),Simo (6); simo (2); Simuna (1)
Pohjois-Savo,Martin / Mart / Märt,8,7,1,3,Martti (8),Martti (5); Martin (2); martti (1)
Pohjois-Savo,Alli,7,6,1,2,Alli (7),Alli (6); Alli (nom.) (1)
Pohjois-Savo,Lassi,7,7,1,2,Lassi (7),Lassi (6); Lassia (1)
Pohjois-Savo,George / Jüri,6,4,2,3,Yrjö (4); juuri (2),Yrjö (3); juuri (2); iuri (1)
Pohjois-Savo,Lauri,6,4,1,2,Lauri (6),Lauri (4); Lassi (2)
Pohjois-Savo,Ahti,5,5,1,1,Ahti (5),Ahti (5)
Pohjois-Savo,Reinikko,5,2,1,2,Reinikko (5),Reinikka (4); Reinikko (1)
Pohjois-Savo,Esko,4,4,1,2,Esko (4),Esko (3); Eskon (1)
Pohjois-Savo,Hippa,4,4,1,1,Hippa (4),Hippa (4)
Pohjois-Savo,Kalle,4,2,1,1,Kalle (4),Kalle (4)
Pohjois-Savo,Lemminkäinen,4,2,2,2,lemminkäinen (3); Lemminkäinen (1),lemmingäinen (3); Lemmes (1)
Pohjois-Savo,Nicholas / Nikka / Klaus,4,3,2,2,Nikko (3); nikko (1),Nikko (3); nikko (1)
Pohjois-Savo,Kirsti,3,2,1,2,Kirsti (3),kirsti (2); Kirsti (1)
Pohjois-Savo,Paavo,3,2,1,1,Paavo (3),Paavo (3)
Pohjois-Savo,Pietula,3,3,1,1,Pietula (3),Pietula (3)
Pohjois-Savo,Sarah / Saara,3,2,1,2,Saara (3),Saara (2); saara (1)
Pohjois-Savo,Satu,3,2,1,1,Satu (3),Satu (3)
Pohjois-Savo,Urpo,3,3,1,2,Urpo (3),Urpo (2); urpo (1)
Pohjois-Savo,(proper noun),2,1,1,2,(proper noun) (2),Karttu (1); Martti (1)
Pohjois-Savo,Aeno,2,1,1,1,Aeno (2),Aeno (2)
Pohjois-Savo,Eero,2,2,1,2,Eero (2),Eelu (1); Eero (1)
Pohjois-Savo,Halli,2,2,1,1,Halli (2),Halli (2)
Pohjois-Savo,Immonen,2,2,1,1,Immonen (2),Immonen (2)
Pohjois-Savo,Joakko,2,1,1,2,Joakko (2),Joakko+an (1); Joakko (1)
Pohjois-Savo,Juuso,2,1,1,1,Juuso (2),Juuso (2)
Pohjois-Savo,Kaija,2,2,1,1,Kaija (2),Kaija (2)
Pohjois-Savo,Kallo,2,1,1,1,Kallo (2),Kallo (2)
Pohjois-Savo,Karttu,2,2,1,1,Karttu (2),Karttu (2)
Pohjois-Savo,Maeja,2,2,1,2,Maeja (2),Maejasta (1); Maeja (1)
Pohjois-Savo,Maikko,2,2,1,1,Maikko (2),Maikko (2)
Pohjois-Savo,Rutakko,2,2,1,1,Rutakko (2),Rutakko (2)
Pohjois-Savo,Sirviö,2,1,1,1,Sirviö (2),Sirviö (2)
Pohjois-Savo,Sohvi,2,1,1,1,Sohvi (2),Sohvi (2)
Pohjois-Savo,Tiijainen,2,1,1,1,Tiijainen (2),Tiijainen (2)
Pohjois-Savo,Tiiteri,2,2,1,1,Tiiteri (2),Tiiteri (2)
Pohjois-Savo,Vellamo,2,2,1,2,Vellamo (2),Wellamo (1); Vellamo (1)
Pohjois-Savo,kossa,2,1,1,1,kossa (2),kossa (2)
Pohjois-Savo,nimesi,2,2,1,2,nimesi (2),nimi-si (1); nimi (1)
Pohjois-Savo,(Rutja),1,1,1,1,(Rutja) (1),rutja (1)
Pohjois-Savo,Aino,1,1,1,1,Aino (1),Aino (1)
Pohjois-Savo,Ansaharju,1,1,1,1,Ansaharju (1),Ansaharju (1)
Pohjois-Savo,Atami,1,1,1,1,Atami (1),Atami (1)
Pohjois-Savo,Eerik,1,1,1,1,Eerik (1),Eerik (1)
Pohjois-Savo,Elias / Eljas,1,1,1,1,Elias (1),Elias (1)
Pohjois-Savo,Haali,1,1,1,1,Haali (1),Haali (1)
Pohjois-Savo,Heekil,1,1,1,1,Heekil (1),Heekil (1)
Pohjois-Savo,Hentun-Liisa,1,1,1,1,Hentun-Liisa (1),hentun-liisa (1)
Pohjois-Savo,Hikka (hypocoristic),1,1,1,1,Hikka (hypocoristic) (1),Hikla (1)
Pohjois-Savo,Himmeri,1,1,1,1,Himmeri (1),Himmeri (1)
Pohjois-Savo,Huru,1,1,1,1,Huru (1),Hurukse (1)
Pohjois-Savo,Hussala,1,1,1,1,Hussala (1),Hussala (1)
Pohjois-Savo,Hös,1,1,1,1,Hös (1),Hös (1)
Pohjois-Savo,Iita,1,1,1,1,Iita (1),Iita (1)
Pohjois-Savo,Iivo-ka,1,1,1,1,Iivo-ka (1),Iivo-nka (1)
Pohjois-Savo,Itami,1,1,1,1,Itami (1),Itami (1)
Pohjois-Savo,Janne,1,1,1,1,Janne (1),Janne (1)
Pohjois-Savo,Jortana,1,1,1,1,Jortana (1),Jortana (1)
Pohjois-Savo,Joukamoinen / Joukahainen,1,1,1,1,Joukahainen (1),Joukamoinen (1)
Pohjois-Savo,Juortana,1,1,1,1,Juortana (1),Juortana (1)
Pohjois-Savo,Juortanen,1,1,1,1,Juortanen (1),juortanen (1)
Pohjois-Savo,Kaari,1,1,1,1,Kaari (1),Kaari (1)
Pohjois-Savo,Kalev / Kalervo,1,1,1,1,Kalervo (1),Kalervan (1)
Pohjois-Savo,Kampi,1,1,1,1,Kampi (1),Kampi (1)
Pohjois-Savo,Karkee/karkea,1,1,1,1,Karkee/karkea (1),Karkee/karkea (1)
Pohjois-Savo,Kiessus,1,1,1,1,Kiessus (1),Kiessus (1)
Pohjois-Savo,Kiesus,1,1,1,1,Kiesus (1),Kiesus (proper name) (1)
Pohjois-Savo,Kilervä,1,1,1,1,Kilervä (1),Kilervä (1)
Pohjois-Savo,Killi,1,1,1,1,Killi (1),killi (1)
Pohjois-Savo,Kimmo,1,1,1,1,Kimmo (1),Kimmo (1)
Pohjois-Savo,Kokkonen,1,1,1,1,Kokkonen (1),Kokkonen (1)
Pohjois-Savo,Kuppu-Kaisa,1,1,1,1,Kuppu-Kaisa (1),Kuppu-Kaisa (1)
Pohjois-Savo,Kutis,1,1,1,1,Kutis (1),Kutis (1)
Pohjois-Savo,Kyrö,1,1,1,1,Kyrö (1),Kyrö (1)
Pohjois-Savo,Köyri,1,1,1,1,Köyri (1),Köyri (1)
Pohjois-Savo,Lalli (name),1,1,1,1,Lalli (name) (1),lalli (1)
Pohjois-Savo,Lisseijakki,1,1,1,1,Lisseijakki (1),Lisseijakki (1)
Pohjois-Savo,Martikainen,1,1,1,1,Martikainen (1),martikainen (1)
Pohjois-Savo,Martti,1,1,1,1,Martti (1),Martti (1)
Pohjois-Savo,Mattila,1,1,1,1,Mattila (1),Mattila (1)
Pohjois-Savo,Molli,1,1,1,1,Molli (1),moll (1)
Pohjois-Savo,Moskova,1,1,1,1,Moskova (1),Moskova (1)
Pohjois-Savo,Myöhkä,1,1,1,1,Myöhkä (1),Myöhkä (1)
Pohjois-Savo,Nalli,1,1,1,1,Nalli (1),nalli (1)
Pohjois-Savo,Niku,1,1,1,1,Niku (1),Niku (1)
Pohjois-Savo,Nissinen,1,1,1,1,Nissinen (1),Nissinen (1)
Pohjois-Savo,Olli,1,1,1,1,Olli (1),Olle (1)
Pohjois-Savo,Osmo,1,1,1,1,Osmo (1),Osmo (1)
Pohjois-Savo,Outi,1,1,1,1,Outi (1),Outti (1)
Pohjois-Savo,Paavo (modern equivalent),1,1,1,1,Paavo (modern equivalent) (1),Puavo (1)
Pohjois-Savo,Pasas,1,1,1,1,Pasas (1),Pasas (1)
Pohjois-Savo,Pelari (name),1,1,1,1,Pelari (name) (1),Pelari (1)
Pohjois-Savo,Pielinen,1,1,1,1,Pielinen (1),Pielinen (1)
Pohjois-Savo,Pirkko,1,1,1,1,Pirkko (1),Pirkko (1)
Pohjois-Savo,Pänna,1,1,1,1,Pänna (1),Pänna (1)
Pohjois-Savo,Raiku,1,1,1,1,Raiku (1),Raiku (1)
Pohjois-Savo,Raiska,1,1,1,1,Raiska (1),Raiska (1)
Pohjois-Savo,Rakki,1,1,1,1,Rakki (1),Rakki (1)
Pohjois-Savo,Rauni,1,1,1,1,Rauni (1),Rauni (1)
Pohjois-Savo,Reijo,1,1,1,1,Reijo (1),reijo (1)
Pohjois-Savo,Reinikka,1,1,1,1,Reinikka (1),Reinikka (1)
Pohjois-Savo,Reittu,1,1,1,1,Reittu (1),Reittu (1)
Pohjois-Savo,Remekset,1,1,1,1,Remekset (1),Remekset (1)
Pohjois-Savo,Renekset,1,1,1,1,Renekset (1),Renekset (1)
Pohjois-Savo,Riisi,1,1,1,1,Riisi (1),Riisi (1)
Pohjois-Savo,Rikki,1,1,1,1,Rikki (1),Rikki (1)
Pohjois-Savo,Rutja,1,1,1,1,Rutja (1),Rutja (1)
Pohjois-Savo,Rönkkä,1,1,1,1,Rönkkä (1),Rönkkä (1)
Pohjois-Savo,Rönkkö,1,1,1,1,Rönkkö (1),Rönkkö (1)
Pohjois-Savo,Röstö,1,1,1,1,Röstö (1),Röstö (1)
Pohjois-Savo,Salomon,1,1,1,1,Salomon (1),Salomon (1)
Pohjois-Savo,Samuel,1,1,1,1,Samuel (1),samuli (1)
Pohjois-Savo,Sandra,1,1,1,1,Sandra (1),Sandra (1)
Pohjois-Savo,Santa,1,1,1,1,Santa (1),Santa (1)
Pohjois-Savo,Savo,1,1,1,1,Savo (1),Savo (1)
Pohjois-Savo,Simola,1,1,1,1,Simola (1),Simola (1)
Pohjois-Savo,Sompsa,1,1,1,1,Sompsa (1),Sompsa (1)
Pohjois-Savo,Sunna,1,1,1,1,Sunna (1),Sunna (1)
Pohjois-Savo,Susli,1,1,1,1,Susli (1),Susli (1)
Pohjois-Savo,Taateri,1,1,1,1,Taateri (1),Taateri (1)
Pohjois-Savo,Tahvo,1,1,1,1,Tahvo (1),Tahvana (essive) (1)
Pohjois-Savo,Talaperi,1,1,1,1,Talaperi (1),Talaperi (1)
Pohjois-Savo,Talu,1,1,1,1,Talu (1),Talu (1)
Pohjois-Savo,Tannikki,1,1,1,1,Tannikki (1),Tannikki (1)
Pohjois-Savo,Tasku-Liisa,1,1,1,1,Tasku-Liisa (1),Tasku-Liisa (1)
Pohjois-Savo,Tii,1,1,1,1,Tii (1),Tii (1)
Pohjois-Savo,Tiitula,1,1,1,1,Tiitula (1),Tiitula (1)
Pohjois-Savo,Tiivo-ka,1,1,1,1,Tiivo-ka (1),Tiivo-nka (1)
Pohjois-Savo,Tikka (name),1,1,1,1,Tikka (name) (1),tikka (1)
Pohjois-Savo,Tilu,1,1,1,1,Tilu (1),Tilu (1)
Pohjois-Savo,Timo,1,1,1,1,Timo (1),Timo (1)
Pohjois-Savo,Tuovi,1,1,1,1,Tuovi (1),Tuovi (1)
Pohjois-Savo,Tyrmä,1,1,1,1,Tyrmä (1),Tyrmä (1)
Pohjois-Savo,Urvo,1,1,1,1,Urvo (1),urvo (1)
Pohjois-Savo,Vinkki,1,1,1,1,Vinkki (1),Vinkki (1)
Pohjois-Savo,Virkku,1,1,1,1,Virkku (1),Virkku (1)
Pohjois-Savo,Volga,1,1,1,1,Volga (1),Volga (1)
Pohjois-Savo,Vuokatti,1,1,1,1,Vuokatti (1),vuokatti (1)
Pohjois-Savo,Vuoksi,1,1,1,1,Vuoksi (1),Vuokse (1)
Pohjois-Savo,antaa/Anni,1,1,1,1,antaa/Anni (1),antaa (dialectal stem) / Anni (1)
Pohjois-Savo,havukka,1,1,1,1,havukka (1),havukka (1)
Pohjois-Savo,hierikäs (hypothetical),1,1,1,1,hierikäs (hypothetical) (1),ierikäs (1)
Pohjois-Savo,hippaheikki,1,1,1,1,hippaheikki (1),hippa+heikin (1)
Pohjois-Savo,hullu (if from h-omission),1,1,1,1,hullu (if from h-omission) (1),ulle (1)
Pohjois-Savo,hussola,1,1,1,1,hussola (1),husso-la (1)
Pohjois-Savo,isäntä,1,1,1,1,isäntä (1),Esko (1)
Pohjois-Savo,juottaa-Jussi,1,1,1,1,juottaa-Jussi (1),juortaa-neen-jussi (1)
Pohjois-Savo,kainulainen,1,1,1,1,kainulainen (1),kainulainen (1)
Pohjois-Savo,kapakka-Lassi,1,1,1,1,kapakka-Lassi (1),kapakka-lassi (1)
Pohjois-Savo,kenokeskiviikko,1,1,1,1,kenokeskiviikko (1),kenokeskiviikko (1)
Pohjois-Savo,killi,1,1,1,1,killi (1),killi (1)
Pohjois-Savo,kokko,1,1,1,1,kokko (1),kokko (1)
Pohjois-Savo,kutta&niemi,1,1,1,1,kutta&niemi (1),kutta&niemi (1)
Pohjois-Savo,liipata & Lassi,1,1,1,1,liipata & Lassi (1),liipes-lassi (1)
Pohjois-Savo,lutikka,1,1,1,1,lutikka (1),lutikka (1)
Pohjois-Savo,myöhkä,1,1,1,1,myöhkä (1),myöhkö (1)
Pohjois-Savo,nalli,1,1,1,1,nalli (1),nalli (1)
Pohjois-Savo,osmo,1,1,1,1,osmo (1),osmo (1)
Pohjois-Savo,para,1,1,1,1,para (1),Para (1)
Pohjois-Savo,pienrilli,1,1,1,1,pienrilli (1),pienrilli (1)
Pohjois-Savo,piiri (Finnish),1,1,1,1,piiri (Finnish) (1),piiru (1)
Pohjois-Savo,pimpeli,1,1,1,1,pimpeli (1),pimpeli (1)
Pohjois-Savo,reinikainen,1,1,1,1,reinikainen (1),reinikka (1)
Pohjois-Savo,räsy & puavo,1,1,1,1,räsy & puavo (1),räsy & puavo (1)
Pohjois-Savo,talitintti,1,1,1,1,talitintti (1),talitintti (1)
Pohjois-Savo,temppu,1,1,1,1,temppu (1),Temppu (1)
Pohjois-Savo,tilli,1,1,1,1,tilli (1),tilli (1)
Pohjois-Savo,urpo,1,1,1,1,urpo (1),urpo (1)
Pärnumaa,Martin / Mart / Märt,844,114,20,23,mard (150); Mart (140); mart (137); Mard (84); Märt (78); marti (70); märt (68); märti (63),mart (154); Mart (144); mard (128); märti (96); marti (88); Märti (57); Mard (47); märt (36)
Pärnumaa,God / Jumala / Jumal,425,247,16,32,jumal (119); härra (99); Jumal (86); looja (54); herra (33); Looja (7); looma (7); isand (4),jumal (118); härra (78); Jumal (74); looja (52); herra (31); härrä (19); Looja (7); looma (7)
Pärnumaa,Mary / Maria / Maarja / Mari,374,219,11,28,Mari (119); mari (109); Maarja (108); Maari (17); Maaria (9); Maria (4); marjake (3); Maali (2),Mari (104); mari (82); Maarja (60); Maari (52); maari (15); marja (14); Maaria (9); mara (6)
Pärnumaa,Catherine / Kadri / Katri,268,60,9,10,"Kadri (192); kadri (48); Katri (15); kadrike (7); kadr (2); käti (1); Kadrik (1); Kadunud tekstist', 'kõrge', 'kõrge', 'kõrge', 'kõrge', 'kõrge', 'kõrge', 'kõrge', 'kõrge', 'kõrge', 'kõrge', 'kõrge', 'kõrge', 'kõrge', 'kõrge', 'kõrge', 'kõrge', 'kõrge', 'kõrge', 'kõrge', 'kõrge', 'kõrge', 'kõrge', 'kõrge', 'kõrge', 'kõrge', 'kõrge', 'kõrge', 'kõrge', 'kõrge', 'kõrge', 'kõrge', 'kõrge', 'kõrge', 'kõrge', 'kõrge', 'kõrge', 'kõrge', 'kõrge', 'kõrge', 'kõrge', 'kõrge', 'kõrge', 'kõrge', 'kõrge', 'kõrge', 'kõrge', 'kõrge', 'kõrge', 'kõrge', 'kõrge', 'kõrge', 'kõrge', 'kõrge', 'kõrge', 'kõrge', 'kõrge', 'kõrge', 'kõrge', 'kõrge', 'kõrge', 'kõrge', 'kõrge', 'kõrge', 'kõrge', 'kõrge', 'kõrge', 'kõrge', 'kõrge', 'kõrge', 'kõrge', 'kõrge', 'kõrge', 'kõrge', 'kõrge', 'kõrge', 'kõrge', 'kõrge', 'kõrge', 'kõrge', 'kõrge', 'kõrge', 'kõrge', 'kõrge', 'kõrge', 'kõrge', 'kõrge', 'kõrge', 'kõrge', 'kõrge', 'kõrge', 'kõrge', 'kõrge', 'kõrge', 'kõrge', 'kõrge', 'kõrge', 'kõrge', 'kõrge', 'kõrge', 'kõrge', 'kõrge', 'kõrge', 'kõrge', 'kõrge', 'kõrge', 'kõrge', 'kõrge', 'kõrge', 'kõrge', 'kõrge', 'kõrge', 'kõrge', 'kõrge', 'kõrge', 'kõrge', 'kõrge', 'kõrge', 'kõrge', 'kõrge', 'kõrge', 'kõrge', 'kõrge', 'kõrge', 'kõrge', 'kõrge', 'kõrge', 'kõrge', 'kõrge', 'kõrge', 'kõrge', 'kõrge', 'kõrge', 'kõrge', 'kõrge', 'kõrge', 'kõrge', 'kõrge', 'kõrge', 'kõrge', 'kõrge', 'kõrge', 'kõrge', 'kõrge', 'kõrge', 'kõrge', 'kõrge', 'kõrge', 'kõrge', 'kõrge', 'kõrge', 'kõrge', 'kõrge', 'kõrge', 'kõrge', 'kõrge', 'kõrge', 'kõrge', 'kõrge', 'kõrge', 'kõrge', 'kõrge', 'kõrge', 'kõrge', 'kõrge', 'kõrge', 'kõrge', 'kõrge', 'kõrge', 'kõrge', 'kõrge', 'kõrge', 'kõrge', 'kõrge', 'kõrge', 'kõrge', 'kõrge', 'kõrge', 'kõrge', 'kõrge', 'kõrge', 'kõrge', 'kõrge', 'kõrge', 'kõrge', 'kõrge', 'kõrge', 'kõrge', 'kõrge', 'kõrge', 'kõrge', 'kõrge', 'kõrge', 'kõrge', 'kõrge', 'kõrge', 'kõrge', 'kõrge', 'kõrge', 'kõrge', 'kõrge', 'kõrge', 'kõrge', 'kõrge', 'kõrge', 'kõrge', 'kõrge', 'kõrge', 'kõrge', 'kõrge', 'kõrge', 'kõrge', 'kõrge', 'kõrge', 'kõrge', 'kõrge', 'kõrge', 'kõrge', 'kõrge', 'kõrge', 'kõrge', 'kõrge', 'kõrge', 'kõrge', 'kõrge', 'kõrge', 'kõrge', 'kõrge', 'kõrge', 'kõrge', 'kõrge', 'kõrge', 'kõrge', 'kõrge', 'kõrge', 'kõrge', 'kõrge', 'kõrge', 'kõrge', 'kõrge', 'kõrge', 'kõrge', 'kõrge', 'kõrge', 'kõrge', 'kõrge', 'kõrge', 'kõrge', 'kõrge', 'kõrge', 'kõrge', 'kõrge', 'kõrge', 'kõrge', 'kõrge', 'kõrge', 'kõrge', 'kõrge', 'kõrge', 'kõrge', 'kõrge', 'kõrge', 'kõrge', 'kõrge', 'kõrge', 'kõrge', 'kõrge', 'kõrge', 'kõrge', 'kõrge', 'kõrge', 'kõrge', 'kõrge', 'kõrge', 'kõrge', 'kõrge', 'kõrge', 'kõrge', 'kõrge', 'kõrge', 'kõrge', 'kõrge', 'kõrge', 'kõrge', 'kõrge', 'kõrge', 'kõrge', 'kõrge', 'kõrge', 'kõrge', 'kõrge', 'kõrge', 'kõrge', 'kõrge', 'kõrge', 'kõrge', 'kõrge', 'kõrge', 'kõrge', 'kõrge', 'kõrge', 'kõrge', 'kõrge', 'kõrge', 'kõrge', 'kõrge', 'kõrge', 'kõrge', 'kõrge', 'kõrge', 'kõrge', 'kõrge', 'kõrge', 'kõrge', 'kõrge', 'kõrge', 'kõrge', 'kõrge', 'kõrge', 'kõrge', 'kõrge', 'kõrge', 'kõrge', 'kõrge', 'kõrge', 'kõrge', 'kõrge', 'kõrge', 'kõrge', 'kõrge', 'kõrge', 'kõrge', 'kõrge', 'kõrge', 'kõrge', 'kõrge', 'kõrge', 'kõrge', 'kõrge', 'kõrge', 'kõrge', 'kõrge', 'kõrge', 'kõrge', 'kõrge', 'kõrge', 'kõrge', 'kõrge', 'kõrge', 'kõrge', 'kõrge', 'kõrge', 'kõrge', 'kõrge', 'kõrge', 'kõrge', 'kõrge', 'kõrge', 'kõrge', 'kõrge', 'kõrge', 'kõrge', 'kõrge', 'kõrge', 'kõrge', 'kõrge', 'kõrge', 'kõrge', 'kõrge', 'kõrge', 'kõrge', 'kõrge', 'kõrge', 'kõrge', 'kõrge', 'kõrge', 'kõrge', 'kõrge', 'kõrge', 'kõrge', 'kõrge', 'kõrge', 'kõrge', 'kõrge', 'kõrge', 'kõrge', 'kõrge', 'kõrge', 'kõrge', 'kõrge', 'kõrge', 'kõrge', 'kõrge', 'kõrge', 'kõrge', 'kõrge', 'kõrge', 'kõrge', 'kõrge', 'kõrge', 'kõrge', 'kõrge', 'kõrge', 'kõrge', 'kõrge', 'kõrge', 'kõrge', 'kõrge', 'kõrge', 'kõrge', 'kõrge', 'kõrge', 'kõrge', 'kõrge', 'kõrge', 'kõrge', 'kõrge', 'kõrge', 'kõrge', 'kõrge', 'kõrge', 'kõrge', 'kõrge', 'kõrge', 'kõrge', 'kõrge', 'kõrge', 'kõrge', 'kõrge', 'kõrge', 'kõrge', 'kõrge', 'kõrge', 'kõrge', 'kõrge', 'kõrge', 'kõrge', 'kõrge', 'kõrge', 'kõrge', 'kõrge', 'kõrge', 'kõrge', 'kõrge', 'kõrge', 'kõrge', 'kõrge', 'kõrge', 'kõrge', 'kõrge', 'kõrge', 'kõrge', 'kõrge', 'kõrge', 'kõrge', 'kõrge', 'kõrge', 'kõrge', 'kõrge', 'kõrge', 'kõrge', 'kõrge', 'kõrge', 'kõrge', 'kõrge', 'kõrge', 'kõrge', 'kõrge', 'kõrge', 'kõrge', 'kõrge', 'kõrge', 'kõrge', 'kõrge', 'kõrge', 'kõrge', 'kõrge', 'kõrge', 'kõrge', 'kõrge', 'kõrge', 'kõrge', 'kõrge', 'kõrge', 'kõrge', 'kõrge', 'kõrge', 'kõrge', 'kõrge', 'kõrge', 'kõrge', 'kõrge', 'kõrge', 'kõrge', 'kõrge', 'kõrge', 'kõrge', 'kõrge', 'kõrge', 'kõrge', 'kõrge', 'kõrge', 'kõrge', 'kõrge', 'kõrge', 'kõrge', 'kõrge', 'kõrge', 'kõrge', 'kõrge', 'kõrge', 'kõrge', 'kõrge', 'kõrge', 'kõrge', 'kõrge', 'kõrge', 'kõrge', 'kõrge', 'kõrge', 'kõrge', 'kõrge', 'kõrge', 'kõrge', 'kõrge', 'kõrge', 'kõrge', 'kõrge', 'kõrge', 'kõrge', 'kõrge', 'kõrge', 'kõrge', 'kõrge', 'kõrge', 'kõrge', 'kõrge', 'kõrge', 'kõrge', 'kõrge', 'kõrge', 'kõrge', 'kõrge', 'kõrge', 'kõrge', 'kõrge', 'kõrge', 'kõrge', 'kõrge', 'kõrge', 'kõrge', 'kõrge', 'kõrge', 'kõrge', 'kõrge', 'kõrge', 'kõrge', 'kõrge', 'kõrge', 'kõrge', 'kõrge', 'kõrge', 'kõrge', 'kõrge', 'kõrge', 'kõrge', 'kõrge', 'kõrge', 'kõrge', 'kõrge', 'kõrge', 'kõrge', 'kõrge', 'kõrge', 'kõrge', 'kõrge', 'kõrge', 'kõrge', 'kõrge', 'kõrge', 'kõrge', 'kõrge', 'kõrge', 'kõrge', 'kõrge', 'kõrge', 'kõrge', 'kõrge', 'kõrge', 'kõrge', 'kõrge', 'kõrge', 'kõrge', 'kõrge', 'kõrge', 'kõrge', 'kõrge', 'kõrge', 'kõrge', 'kõrge', 'kõrge', 'kõrge', 'kõrge', 'kõrge', 'kõrge', 'kõrge', 'kõrge', 'kõrge', 'kõrge', 'kõrge', 'kõrge', 'kõrge', 'kõrge', 'kõrge', 'kõrge', 'kõrge', 'kõrge', 'kõrge', 'kõrge', 'kõrge', 'kõrge', 'kõrge', 'kõrge', 'kõrge', 'kõrge', 'kõrge', 'kõrge', 'kõrge', 'kõrge', 'kõrge', 'kõrge', 'kõrge', 'kõrge', 'kõrge', 'kõrge', 'kõrge', 'kõrge', 'kõrge', 'kõrge', 'kõrge', 'kõrge', 'kõrge', 'kõrge', 'kõrge', 'kõrge', 'kõrge', 'kõrge', 'kõrge', 'kõrge', 'kõrge', 'kõrge', 'kõrge', 'kõrge', 'kõrge', 'kõrge', 'kõrge', 'kõrge', 'kõrge', 'kõrge', 'kõrge', 'kõrge', 'kõrge', 'kõrge', 'kõrge', 'kõrge', 'kõrge', 'kõrge', 'kõrge', 'kõrge', 'kõrge', 'kõrge', 'kõrge', 'kõrge', 'kõrge', 'kõrge', 'kõrge', 'kõrge', 'kõrge', 'kõrge', 'kõrge', 'kõrge', 'kõrge', 'kõrge', 'kõrge', 'kõrge', 'kõrge', 'kõrge', 'kõrge', 'kõrge', 'kõrge', 'kõrge', 'kõrge', 'kõrge', 'kõrge', 'kõrge', 'kõrge', 'kõrge', 'kõrge', 'kõrge', 'kõrge', 'kõrge', 'kõrge', 'kõrge', 'kõrge', 'kõrge', 'kõrge', 'kõrge', 'kõrge', 'kõrge', 'kõrge', 'kõrge', 'kõrge', 'kõrge', 'kõrge', 'kõrge', 'kõrge', 'kõrge', 'kõrge', 'kõrge', 'kõrge', 'kõrge', 'kõrge', 'kõrge', 'kõrge', 'kõrge', 'kõrge', 'kõrge', 'kõrge', 'kõrge', 'kõrge', 'kõrge', 'kõrge', 'kõrge', 'kõrge', 'kõrge', 'kõrge', 'kõrge', 'kõrge', 'kõrge', 'kõrge', 'kõrge', 'kõrge', 'kõrge', 'kõrge', 'kõrge', 'kõrge', 'kõrge', 'kõrge', 'kõrge', 'kõrge', 'kõrge', 'kõrge', 'kõrge', 'kõrge', 'kõrge', 'kõrge', 'kõrge', 'kõrge', 'kõrge', 'kõrge', 'kõrge', 'kõrge', 'kõrge', 'kõrge', 'kõrge', 'kõrge', 'kõrge', 'kõrge', 'kõrge', 'kõrge', 'kõrge', 'kõrge', 'kõrge', 'kõrge', 'kõrge', 'kõrge', 'kõrge', 'kõrge', 'kõrge', 'kõrge', 'kõrge', 'kõrge', 'kõrge', 'kõrge', 'kõrge', 'kõrge', 'kõrge', 'kõrge', 'kõrge', 'kõrge', 'kõrge', 'kõrge', 'kõrge', 'kõrge', 'kõrge', 'kõrge', 'kõrge', 'kõrge', 'kõrge', 'kõrge', 'kõrge', 'kõrge', 'kõrge', 'kõrge', 'kõrge', 'kõrge', 'kõrge', 'kõrge', 'kõrge', 'kõrge', 'kõrge', 'kõrge', 'kõrge', 'kõrge', 'kõrge', 'kõrge', 'kõrge', 'kõrge', 'kõrge', 'kõrge', 'kõrge', 'kõrge', 'kõrge', 'kõrge', 'kõrge', 'kõrge', 'kõrge', 'kõrge', 'kõrge', 'kõrge', 'kõrge', 'kõrge', 'kõrge', 'kõrge', 'kõrge', 'kõrge', 'kõrge', 'kõrge', 'kõrge', 'kõrge', 'kõrge', 'kõrge', 'kõrge', 'kõrge', 'kõrge', 'kõrge', 'kõrge', 'kõrge', 'kõrge', 'kõrge', 'kõrge', 'kõrge', 'kõrge', 'kõrge', 'kõrge', 'kõrge', 'kõrge', 'kõrge', 'kõrge', 'kõrge', 'kõrge', 'kõrge', 'kõrge', 'kõrge', 'kõrge', 'kõrge', 'kõrge', 'kõrge', 'kõrge', 'kõrge', 'kõrge', 'kõrge', 'kõrge', 'kõrge', 'kõrge', 'kõrge', 'kõrge', 'kõrge', 'kõrge', 'kõrge', 'kõrge', 'kõrge', 'kõrge', 'kõrge', 'kõrge', 'kõrge', 'kõrge', 'kõrge', 'kõrge', 'kõrge', 'kõrge', 'kõrge', 'kõrge', 'kõrge', 'kõrge', 'kõrge', 'kõrge', 'kõrge', 'kõrge', 'kõrge', 'kõrge', 'kõrge', 'kõrge', 'kõrge', 'kõrge', 'kõrge', 'kõrge', 'kõrge', 'kõrge', 'kõrge', 'kõrge', 'kõrge', 'kõrge', 'kõrge', 'kõrge', 'kõrge', 'kõrge', 'kõrge', 'kõrge', 'kõrge', 'kõrge', 'kõrge', 'kõrge', 'kõrge', 'kõrge', 'kõrge', 'kõrge', 'kõrge', 'kõrge', 'kõrge', 'kõrge', 'kõrge', 'kõrge', 'kõrge', 'kõrge', 'kõrge', 'kõrge', 'kõrge', 'kõrge', 'kõrge', 'kõrge', 'kõrge', 'kõrge', 'kõrge', 'kõrge', 'kõrge', 'kõrge', 'kõrge', 'kõrge', 'kõrge', 'kõrge', 'kõrge', 'kõrge', 'kõrge', 'kõrge', 'kõrge', 'kõrge', 'kõrge', 'kõrge', 'kõrge', 'kõrge', 'kõrge', 'kõrge', 'kõrge', 'kõrge', 'kõrge', 'kõrge', 'kõrge', 'kõrge', 'kõrge', 'kõrge', 'kõrge', 'kõrge', 'kõrge', 'kõrge', 'kõrge', 'kõrge', 'kõrge', 'kõrge', 'kõrge', 'kõrge', 'kõrge', 'kõrge', 'kõrge', 'kõrge', 'kõrge', 'kõrge', 'kõrge', 'kõrge', 'kõrge', 'kõrge', 'kõrge', 'kõrge', 'kõrge', 'kõrge', 'kõrge', 'kõrge', 'kõrge', 'kõrge', 'kõrge', 'kõrge', 'kõrge', 'kõrge', 'kõrge', 'kõrge', 'kõrge', 'kõrge', 'kõrge', 'kõrge', 'kõrge', 'kõrge', 'kõrge', 'kõrge', 'kõrge', 'kõrge', 'kõrge', 'kõrge', 'kõrge', 'kõrge', 'kõrge', 'kõrge', 'kõrge', 'kõrge', 'kõrge', 'kõrge', 'kõrge', 'kõrge', 'kõrge', 'kõrge', 'kõrge', 'kõrge', 'kõrge', 'kõrge', 'kõrge', 'kõrge', 'kõrge', 'kõrge', 'kõrge', 'kõrge', 'kõrge', 'kõrge', 'kõrge', 'kõrge', 'kõrge', 'kõrge', 'kõrge', 'kõrge', 'kõrge', 'kõrge', 'kõrge', 'kõrge', 'kõrge', 'kõrge', 'kõrge', 'kõrge', 'kõrge', 'kõrge', 'kõrge', 'kõrge', 'kõrge', 'kõrge', 'kõrge', 'kõrge', 'kõrge', 'kõrge', 'kõrge', 'kõrge', 'kõrge', 'kõrge', 'kõrge', 'kõrge', 'kõrge', 'kõrge', 'kõrge', 'kõrge', 'kõrge', 'kõrge', 'kõrge', 'kõrge', 'kõrge', 'kõrge', 'kõrge', 'kõrge', 'kõrge', 'kõrge', 'kõrge', 'kõrge', 'kõrge', 'kõrge', 'kõrge', 'kõrge', 'kõrge', 'kõrge', 'kõrge', 'kõrge', 'kõrge', 'kõrge', 'kõrge', 'kõrge', 'kõrge', 'kõrge', 'kõrge', 'kõrge', 'kõrge', 'kõrge', 'kõrge', 'kõrge', 'kõrge', 'kõrge', 'kõrge', 'kõrge', 'kõrge', 'kõrge', 'kõrge', 'kõrge', 'kõrge', 'kõrge', 'kõrge', 'kõrge', 'kõrge', 'kõrge', 'kõrge', 'kõrge', 'kõrge', 'kõrge', 'kõrge', 'kõrge', 'kõrge', 'kõrge', 'kõrge', 'kõrge', 'kõrge', 'kõrge', 'kõrge', 'kõrge', 'kõrge', 'kõrge', 'kõrge', 'kõrge', 'kõrge', 'kõrge', 'kõrge', 'kõrge', 'kõrge', 'kõrge', 'kõrge', 'kõrge', 'kõrge', 'kõrge', 'kõrge', 'kõrge', 'kõrge', 'kõrge', 'kõrge', 'kõrge', 'kõrge', 'kõrge', 'kõrge', 'kõrge', 'kõrge', 'kõrge', 'kõrge', 'kõrge', 'kõrge', 'kõrge', 'kõrge', 'kõrge', 'kõrge', 'kõrge', 'kõrge', 'kõrge', 'kõrge', 'kõrge', 'kõrge', 'kõrge', 'kõrge', 'kõrge', 'kõrge', 'kõrge', 'kõrge', 'kõrge', 'kõrge', 'kõrge', 'kõrge', 'kõrge', 'kõrge', 'kõrge', 'kõrge', 'kõrge', 'kõrge', 'kõrge', 'kõrge', 'kõrge', 'kõrge', 'kõrge', 'kõrge', 'kõrge', 'kõrge', 'kõrge', 'kõrge', 'kõrge', 'kõrge', 'kõrge', 'kõrge', 'kõrge', 'kõrge', 'kõrge', 'kõrge', 'kõrge', 'kõrge', 'kõrge', 'kõrge', 'kõrge', 'kõrge', 'kõrge', 'kõrge', 'kõrge', 'kõrge', 'kõrge', 'kõrge', 'kõrge', 'kõrge', 'kõrge', 'kõrge', 'kõrge', 'kõrge', 'kõrge', 'kõrge', 'kõrge', 'kõrge', 'kõrge', 'kõrge', 'kõrge', 'kõrge', 'kõrge', 'kõrge', 'kõrge', 'kõrge', 'kõrge', 'kõrge', 'kõrge', 'kõrge', 'kõrge', 'kõrge', 'kõrge', 'kõrge', 'kõrge', 'kõrge', 'kõrge', 'kõrge', 'kõrge', 'kõrge', 'kõrge', 'kõrge', 'kõrge', 'kõrge', 'kõrge', 'kõrge', 'kõrge', 'kõrge', 'kõrge', 'kõrge', 'kõrge', 'kõrge', 'kõrge', 'kõrge', 'kõrge', 'kõrge', 'kõrge', 'kõrge', 'kõrge', 'kõrge', 'kõrge', 'kõrge', 'kõrge', 'kõrge', 'kõrge', 'kõrge', 'kõrge', 'kõrge', 'kõrge', 'kõrge', 'kõrge', 'kõrge', 'kõrge', 'kõrge', 'kõrge', 'kõrge', 'kõrge', 'kõrge', 'kõrge', 'kõrge', 'kõrge', 'kõrge', 'kõrge', 'kõrge', 'kõrge', 'kõrge', 'kõrge', 'kõrge', 'kõrge', 'kõrge', 'kõrge', 'kõrge', 'kõrge', 'kõrge', 'kõrge', 'kõrge', 'kõrge', 'kõrge', 'kõrge', 'kõrge', 'kõrge', 'kõrge', 'kõrge', 'kõrge', 'kõrge', 'kõrge', 'kõrge', 'kõrge', 'kõrge', 'kõrge', 'kõrge', 'kõrge', 'kõrge', 'kõrge', 'kõrge', 'kõrge', 'kõrge', 'kõrge', 'kõrge', 'kõrge', 'kõrge', 'kõrge', 'kõrge', 'kõrge', 'kõrge', 'kõrge', 'kõrge', 'kõrge', 'kõrge', 'kõrge', 'kõrge', 'kõrge', 'kõrge', 'kõrge', 'kõrge', 'kõrge', 'kõrge', 'kõrge', 'kõrge', 'kõrge', 'kõrge', 'kõrge', 'kõrge', 'kõrge', 'kõrge', 'kõrge', 'kõrge', 'kõrge', 'kõrge', 'kõrge', 'kõrge', 'kõrge', 'kõrge', 'kõrge', 'kõrge', 'kõrge', 'kõrge', 'kõrge', 'kõrge', 'kõrge', 'kõrge', 'kõrge', 'kõrge', 'kõrge', 'kõrge', 'kõrge', 'kõrge', 'kõrge', 'kõrge', 'kõrge', 'kõrge', 'kõrge', 'kõrge', 'kõrge', 'kõrge', 'kõrge', 'kõrge', 'kõrge', 'kõrge', 'kõrge', 'kõrge', 'kõrge', 'kõrge', 'kõrge', 'kõrge', 'kõrge', 'kõrge', 'kõrge', 'kõrge', 'kõrge', 'kõrge', 'kõrge', 'kõrge', 'kõrge', 'kõrge', 'kõrge', 'kõrge', 'kõrge', 'kõrge', 'kõrge', 'kõrge', 'kõrge', 'kõrge', 'kõrge', 'kõrge', 'kõrge', 'kõrge', 'kõrge', 'kõrge', 'kõrge', 'kõrge', 'kõrge', 'kõrge', 'kõrge', 'kõrge', 'kõrge', 'kõrge', 'kõrge', 'kõrge', 'kõrge', 'kõrge', 'kõrge', 'kõrge', 'kõrge', 'kõrge', 'kõrge', 'kõrge', 'kõrge', 'kõrge', 'kõrge', 'kõrge', 'kõrge', 'kõrge', 'kõrge', 'kõrge', 'kõrge', 'kõrge', 'kõrge', 'kõrge', 'kõrge', 'kõrge', 'kõrge', 'kõrge', 'kõrge', 'kõrge', 'kõrge', 'kõrge', 'kõrge', 'kõrge', 'kõrge', 'kõrge', 'kõrge', 'kõrge', 'kõrge', 'kõrge', 'kõrge', 'kõrge', 'kõrge', 'kõrge', 'kõrge', 'kõrge', 'kõrge', 'kõrge', 'kõrge', 'kõrge', 'kõrge', 'kõrge', 'kõrge', 'kõrge', 'kõrge', 'kõrge', 'kõrge', 'kõrge', 'kõrge', 'kõrge', 'kõrge', 'kõrge', 'kõrge', 'kõrge', 'kõrge', 'kõrge', 'kõrge', 'kõrge', 'kõrge', 'kõrge', 'kõrge', 'kõrge', 'kõrge', 'kõrge', 'kõrge', 'kõrge', 'kõrge', 'kõrge', 'kõrge', 'kõrge', 'kõrge', 'kõrge', 'kõrge', 'kõrge', 'kõrge', 'kõrge', 'kõrge', 'kõrge', 'kõrge', 'kõrge', 'kõrge', 'kõrge', 'kõrge', 'kõrge', 'kõrge', 'kõrge', 'kõrge', 'kõrge', 'kõrge', 'kõrge', 'kõrge', 'kõrge', 'kõrge', 'kõrge', 'kõrge', 'kõrge', 'kõrge', 'kõrge', 'kõrge', 'kõrge', 'kõrge', 'kõrge', 'kõrge', 'kõrge', 'kõrge', 'kõrge', 'kõrge', 'kõrge', 'kõrge', 'kõrge', 'kõrge', 'kõrge', 'kõrge', 'kõrge', 'kõrge', 'kõrge', 'kõrge', 'kõrge', 'kõrge', 'kõrge', 'kõrge', 'kõrge', 'kõrge', 'kõrge', 'kõrge', 'kõrge', 'kõrge', 'kõrge', 'kõrge', 'kõrge', 'kõrge', 'kõrge', 'kõrge', 'kõrge', 'kõrge', 'kõrge', 'kõrge', 'kõrge', 'kõrge', 'kõrge', 'kõrge', 'kõrge', 'kõrge', 'kõrge', 'kõrge', 'kõrge', 'kõrge', 'kõrge', 'kõrge', 'kõrge', 'kõrge', 'kõrge', 'kõrge', 'kõrge', 'kõrge', 'kõrge', 'kõrge', 'kõrge', 'kõrge', 'kõrge', 'kõrge', 'kõrge', 'kõrge', 'kõrge', 'kõrge', 'kõrge', 'kõrge', 'kõrge', 'kõrge', 'kõrge', 'kõrge', 'kõrge', 'kõrge', 'kõrge', 'kõrge', 'kõrge', 'kõrge', 'kõrge', 'kõrge', 'kõrge', 'kõrge', 'kõrge', 'kõrge', 'kõrge', 'kõrge', 'kõrge', 'kõrge', 'kõrge', 'kõrge', 'kõrge', 'kõrge', 'kõrge', 'kõrge', 'kõrge', 'kõrge', 'kõrge', 'kõrge', 'kõrge', 'kõrge', 'kõrge', 'kõrge', 'kõrge', 'kõrge', 'kõrge', 'kõrge', 'kõrge', 'kõrge', 'kõrge', 'kõrge', 'kõrge', 'kõrge', 'kõrge', 'kõrge', 'kõrge', 'kõrge', 'kõrge', 'kõrge', 'kõrge', 'kõrge', 'kõrge', 'kõrge', 'kõrge', 'kõrge', 'kõrge', 'kõrge', 'kõrge', 'kõrge', 'kõrge', 'kõrge', 'kõrge', 'kõrge', 'kõrge', 'kõrge', 'kõrge', 'kõrge', 'kõrge', 'kõrge', 'kõrge', 'kõrge', 'kõrge', 'kõrge', 'kõrge', 'kõrge', 'kõrge', 'kõrge', 'kõrge', 'kõrge', 'kõrge', 'kõrge', 'kõrge', 'kõrge', 'kõrge', 'kõrge', 'kõrge', 'kõrge', 'kõrge', 'kõrge', 'kõrge', 'kõrge', 'kõrge', 'kõrge', 'kõrge', 'kõrge', 'kõrge', 'kõrge', 'kõrge', 'kõrge', 'kõrge', 'kõrge', 'kõrge', 'kõrge', 'kõrge', 'kõrge', 'kõrge', 'kõrge', 'kõrge', 'kõrge', 'kõrge', 'kõrge', 'kõrge', 'kõrge', 'kõrge', 'kõrge', 'kõrge', 'kõrge', 'kõrge', 'kõrge', 'kõrge', 'kõrge', 'kõrge', 'kõrge', 'kõrge', 'kõrge', 'kõrge', 'kõrge', 'kõrge', 'kõrge', 'kõrge', 'kõrge', 'kõrge', 'kõrge', 'kõrge', 'kõrge', 'kõrge', 'kõrge', 'kõrge', 'kõrge', 'kõrge', 'kõrge', 'kõrge', 'kõrge', 'kõrge', 'kõrge', 'kõrge', 'kõrge', 'kõrge', 'kõrge', 'kõrge', 'kõrge', 'kõrge', 'kõrge', 'kõrge', 'kõrge', 'kõrge', 'kõrge', 'kõrge', 'kõrge', 'kõrge', 'kõrge', 'kõrge', 'kõrge', 'kõrge', 'kõrge', 'kõrge', 'kõrge', 'kõrge', 'kõrge', 'kõrge', 'kõrge', 'kõrge', 'kõrge', 'kõrge', 'kõrge', 'kõrge', 'kõrge', 'kõrge', 'kõrge', 'kõrge', 'kõrge', 'kõrge', 'kõrge', 'kõrge', 'kõrge', 'kõrge', 'kõrge', 'kõrge', 'kõrge', 'kõrge', 'kõrge', 'kõrge', 'kõrge', 'kõrge', 'kõrge', 'kõrge', 'kõrge', 'kõrge', 'kõrge', 'kõrge', 'kõrge', 'kõrge', 'kõrge', 'kõrge', 'kõrge', 'kõrge', 'kõrge', 'kõrge', 'kõrge', 'kõrge', 'kõrge', 'kõrge', 'kõrge', 'kõrge', 'kõrge', 'kõrge', 'kõrge', 'kõrge', 'kõrge', 'kõrge', 'kõrge', 'kõrge', 'kõrge', 'kõrge', 'kõrge', 'kõrge', 'kõrge', 'kõrge', 'kõrge', 'kõrge', 'kõrge', 'kõrge', 'kõrge', 'kõrge', 'kõrge', 'kõrge', 'kõrge', 'kõrge', 'kõrge', 'kõrge', 'kõrge', 'kõrge', 'kõrge', 'kõrge', 'kõrge', 'kõrge', 'kõrge', 'kõrge', 'kõrge', 'kõrge', 'kõrge', 'kõrge', 'kõrge', 'kõrge', 'kõrge', 'kõrge', 'kõrge', 'kõrge', 'kõrge', 'kõrge', 'kõrge', 'kõrge', 'kõrge', 'kõrge', 'kõrge', 'kõrge', 'kõrge', 'kõrge', 'kõrge', 'kõrge', 'kõrge', 'kõrge', 'kõrge', 'kõrge', 'kõrge', 'kõrge', 'kõrge', 'kõrge', 'kõrge', 'kõrge', 'kõrge', 'kõrge', 'kõrge', 'kõrge', 'kõrge', 'kõrge', 'kõrge', 'kõrge', 'kõrge', 'kõrge', 'kõrge', 'kõrge', 'kõrge', 'kõrge', 'kõrge', 'kõrge', 'kõrge', 'kõrge', 'kõrge', 'kõrge', 'kõrge', 'kõrge', 'kõrge', 'kõrge', 'kõrge', 'kõrge', 'kõrge', 'kõrge', 'kõrge', 'kõrge', 'kõrge', 'kõrge', 'kõrge', 'kõrge', 'kõrge', 'kõrge', 'kõrge', 'kõrge', 'kõrge', 'kõrge', 'kõrge', 'kõrge', 'kõrge', 'kõrge', 'kõrge', 'kõrge', 'kõrge', 'kõrge', 'kõrge', 'kõrge', 'kõrge', 'kõrge', 'kõrge', 'kõrge', 'kõrge', 'kõrge', 'kõrge', 'kõrge', 'kõrge', 'kõrge', 'kõrge', 'kõrge', 'kõrge', 'kõrge', 'kõrge', 'kõrge', 'kõrge', 'kõrge', 'kõrge', 'kõrge', 'kõrge', 'kõrge', 'kõrge', 'kõrge', 'kõrge', 'kõrge', 'kõrge', 'kõrge', 'kõrge', 'kõrge', 'kõrge', 'kõrge', 'kõrge', 'kõrge', 'kõrge', 'kõrge', 'kõrge', 'kõrge', 'kõrge', 'kõrge', 'kõrge', 'kõrge', 'kõrge', 'kõrge', 'kõrge', 'kõrge', 'kõrge', 'kõrge', 'kõrge', 'kõrge', 'kõrge', 'kõrge', 'kõrge', 'kõrge', 'kõrge', 'kõrge', 'kõrge', 'kõrge', 'kõrge', 'kõrge', 'kõrge', 'kõrge', 'kõrge', 'kõrge', 'kõrge', 'kõrge', 'kõrge', 'kõrge', 'kõrge', 'kõrge', 'kõrge', 'kõrge', 'kõrge', 'kõrge', 'kõrge', 'kõrge', 'kõrge', 'kõrge', 'kõrge', 'kõrge', 'kõrge', 'kõrge', 'kõrge', 'kõrge', 'kõrge', 'kõrge', 'kõrge', 'kõrge', 'kõrge', 'kõrge', 'kõrge', 'kõrge', 'kõrge', 'kõrge', 'kõrge', 'kõrge', 'kõrge', 'kõrge', 'kõrge', 'kõrge', 'kõrge', 'kõrge', 'kõrge', 'kõrge', 'kõrge', 'kõrge', 'kõrge', 'kõrge', 'kõrge', 'kõrge', 'kõrge', 'kõrge', 'kõrge', 'kõrge', 'kõrge', 'kõrge', 'kõrge', 'kõrge', 'kõrge', 'kõrge', 'kõrge', 'kõrge', 'kõrge', 'kõrge', 'kõrge', 'kõrge', 'kõrge', 'kõrge', 'kõrge', 'kõrge', 'kõrge', 'kõrge', 'kõrge', 'kõrge', 'kõrge', 'kõrge', 'kõrge', 'kõrge', 'kõrge', 'kõrge', 'kõrge', 'kõrge', 'kõrge', 'kõrge', 'kõrge', 'kõrge', 'kõrge', 'kõrge', 'kõrge', 'kõrge', 'kõrge', 'kõrge', 'kõrge', 'kõrge', 'kõrge', 'kõrge', 'kõrge', 'kõrge', 'kõrge', 'kõrge', 'kõrge', 'kõrge', 'kõrge', 'kõrge', 'kõrge', 'kõrge', 'kõrge', 'kõrge', 'kõrge', 'kõrge', 'kõrge', 'kõrge', 'kõrge', 'kõrge', 'kõrge', 'kõrge', 'kõrge', 'kõrge', 'kõrge', 'kõrge', 'kõrge', 'kõrge', 'kõrge', 'kõrge', 'kõrge', 'kõrge', 'kõrge', 'kõrge', 'kõrge', 'kõrge', 'kõrge', 'kõrge', 'kõrge', 'kõrge', 'kõrge', 'kõrge', 'kõrge', 'kõrge', 'kõrge', 'kõrge', 'kõrge', 'kõrge', 'kõrge', 'kõrge', 'kõrge', 'kõrge', 'kõrge', 'kõrge', 'kõrge', 'kõrge', 'kõrge', 'kõrge', 'kõrge', 'kõrge', 'kõrge', 'kõrge', 'kõrge', 'kõrge', 'kõrge', 'kõrge', 'kõrge', 'kõrge', 'kõrge', 'kõrge', 'kõrge', 'kõrge', 'kõrge', 'kõrge', 'kõrge', 'kõrge', 'kõrge', 'kõrge', 'kõrge', 'kõrge', 'kõrge', 'kõrge', 'kõrge', 'kõrge', 'kõrge', 'kõrge', 'kõrge', 'kõrge', 'kõrge', 'kõrge', 'kõrge', 'kõrge', 'kõrge', 'kõrge', 'kõrge', 'kõrge', 'kõrge', 'kõrge', 'kõrge', 'kõrge', 'kõrge', 'kõrge', 'kõrge', 'kõrge', 'kõrge', 'kõrge', 'kõrge', 'kõrge', 'kõrge', 'kõrge', 'kõrge', 'kõrge', 'kõrge', 'kõrge', 'kõrge', 'kõrge', 'kõrge', 'kõrge', 'kõrge', 'kõrge', 'kõrge', 'kõrge', 'kõrge', 'kõrge', 'kõrge', 'kõrge', 'kõrge', 'kõrge', 'kõrge', 'kõrge', 'kõrge', 'kõrge', 'kõrge', 'kõrge', 'kõrge', 'kõrge', 'kõrge', 'kõrge', 'kõrge', 'kõrge', 'kõrge', 'kõrge', 'kõrge', 'kõrge', 'kõrge', 'kõrge', 'kõrge', 'kõrge', 'kõrge', 'kõrge', 'kõrge', 'kõrge', 'kõrge', 'kõrge', 'kõrge', 'kõrge', 'kõrge', 'kõrge', 'kõrge', 'kõrge', 'kõrge', ' (1)",Kadri (182); kadri (57); Katri (15); kadrikene (7); kadr (2); kõtu (1); Kadrike (1); kadrit (1)
Pärnumaa,John / Jaan / Jussi / Hans,242,122,9,19,Jaan (135); Hans (72); Ants (19); Juhan (5); jaan (4); Jussi (3); Hants (2); Juss (1),Jaan (121); Hans (65); Ants (18); Jaanikene (7); jaani (5); jaan (4); Juhan (4); Jussi (3)
Pärnumaa,Anna / Anne / Ann / Anni,191,103,12,18,Anne (112); anne (39); Ann (26); Annekene (3); Annat (2); Änni (2); andis (2); Anne (name) (1),Anne (103); anne (27); Ann (25); anneke (7); Annekene (6); anni (5); ann (3); annekene (2)
Pärnumaa,Elizabeth / Liisa / Liisu / Elli,76,47,6,11,Liisu (66); Liisa (5); liisu (2); liisuke (1); Liisukene (1); Liisuke (1),Liisu (61); Liiso (3); Liisa (2); liisukene (2); Liisukene (2); liisu (1); Liisakene (1); liisut (1)
Pärnumaa,George / Jüri,63,45,2,7,Jüri (61); Juri (2),Jüri (51); jüri (4); Juri (4); juri (1); Jüri + -kene (1); Jüri-ke (1); söödu (1)
Pärnumaa,Peter / Pietari / Peeter,56,31,4,7,Peeter (53); Piiter (1); Peetrus (1); peeter (1),Peeter (50); Piiter (1); Piider (1); Peender (1); piiter (1); Peetrus (1); peeter (1)
Pärnumaa,Jaanika,55,3,1,1,Jaanika (55),Jaanika (55)
Pärnumaa,Michael / Mikko / Mihkel,46,18,4,9,Mihkel (26); Mikk (17); Miku (2); mihklike (1),Mihkel (19); mikku (13); mihkel (4); Mikk (3); Miku (3); mihkle (1); mihklekene (1); mihklikene (1)
Pärnumaa,Jesus / Christ,44,21,2,5,Jeesus (39); Kristus (5),Jeesus (35); Kristus (5); jeesus (2); Jeesu (1); Jeesuse (1)
Pärnumaa,Kalev / Kalervo,41,31,2,9,Kalev (23); kalev (18),Kalev (19); kalev (12); Kalevi (3); kalevine (2); kalevisi (1); kalevi+sse (1); kaleviga (1); kalevise (1)
Pärnumaa,Matthew / Matti,36,23,4,7,Mats (22); mats (10); matti (3); matt (1),Mats (22); mats (6); matti (3); massi (2); matt+ed (1); malts (1); matsu-d (1)
Pärnumaa,Simon / Siim / Simo,34,11,2,3,Siim (29); Siiman (5),Siim (28); Siiman (5); Siimuga (dialectal) (1)
Pärnumaa,Mai,26,8,1,2,Mai (26),Mai (25); Maie (1)
Pärnumaa,Maie,26,15,1,3,Maie (26),Maie (24); maie (1); Maie (proper noun) (1)
Pärnumaa,Kaie,25,16,1,3,Kaie (25),Kaie (23); kaie (1); Kaie (proper noun) (1)
Pärnumaa,Kai,19,15,1,2,Kai (19),Kai (17); kaie (2)
Pärnumaa,Jacob / Jaak / Jaakko,17,14,5,6,Jaak (12); Jaagup (2); Jaakob (1); Jaakup (1); Jaag (1),Jaak (11); Jaagup (2); Jaakob (1); Jaakup (1); Jaaak (1); Jaag (1)
Pärnumaa,Lilla,16,3,1,1,Lilla (16),Lilla (16)
Pärnumaa,Tiiu,15,10,1,2,Tiiu (15),Tiiu (14); Tiiu (proper noun) (1)
Pärnumaa,Andrew / Antti,12,10,1,4,Andres (12),Andres (9); Andsu (1); Antsu (1); Ands (1)
Pärnumaa,Eve / Eeva,11,5,1,1,Eeva (11),Eeva (11)
Pärnumaa,Are,9,3,1,1,Are (9),Are (9)
Pärnumaa,Iide,9,2,1,1,Iide (9),Iide (9)
Pärnumaa,Thomas / Toomas / Tuomas,9,9,2,3,Toomas (8); Tuomas (1),Toomas (7); toomas (1); tuomas (1)
Pärnumaa,Heino,7,1,1,1,Heino (7),Heino (7)
Pärnumaa,Miku,7,2,1,1,Miku (7),Miku (7)
Pärnumaa,Luts,6,1,1,1,Luts (6),Luts (6)
Pärnumaa,Malle,6,6,1,2,Malle (6),Malle (5); Malle (name) (1)
Pärnumaa,(unknown),5,1,1,2,(unknown) (5),Iiul (4); Iiomaa (1)
Pärnumaa,Hants,5,4,1,2,Hants (5),Hants (3); Hantsu (2)
Pärnumaa,Maret,5,4,1,1,Maret (5),Maret (5)
Pärnumaa,Uulu,5,4,1,1,Uulu (5),Uulu (5)
Pärnumaa,Kesvere,4,1,1,1,Kesvere (4),Kesvere (4)
Pärnumaa,Oller,4,3,1,1,Oller (4),Oller (4)
Pärnumaa,Räägo,4,1,1,1,Räägo (4),Räägo (4)
Pärnumaa,Rõõt,4,1,1,1,Rõõt (4),Rõõt (4)
Pärnumaa,Taline,4,1,1,1,Taline (4),Taline (4)
Pärnumaa,Tillu,4,1,1,1,Tillu (4),Tillu (4)
Pärnumaa,kai,4,3,1,2,kai (4),kai (2); kaie (diminutive) (2)
Pärnumaa,kaiekene,4,2,1,2,kaiekene (4),kaie-kesta (2); kaiekene (2)
Pärnumaa,maiekene,4,2,1,2,maiekene (4),maie-kesta (2); maiekene (2)
Pärnumaa,(proper noun),3,2,1,2,(proper noun) (3),Miku (2); Usti (1)
Pärnumaa,Aleks,3,2,1,1,Aleks (3),Aleks (3)
Pärnumaa,Elts,3,2,1,1,Elts (3),Elts (3)
Pärnumaa,Hantsu,3,3,1,1,Hantsu (3),Hantsu (3)
Pärnumaa,Ilumel,3,1,1,1,Ilumel (3),Ilumel (3)
Pärnumaa,Kilingi,3,2,1,2,Kilingi (3),Kilingi (2); Kiling (1)
Pärnumaa,Kull,3,1,1,1,Kull (3),kull (3)
Pärnumaa,Kõppus,3,1,1,1,Kõppus (3),Kõppus (3)
Pärnumaa,Leena,3,1,1,1,Leena (3),Leena (3)
Pärnumaa,Perseli,3,3,1,1,Perseli (3),Perseli (3)
Pärnumaa,Piret,3,2,1,1,Piret (3),Piret (3)
Pärnumaa,Reeda,3,3,1,1,Reeda (3),Reeda (3)
Pärnumaa,Salatsi,3,3,1,2,Salatsi (3),Salatsi (2); salatsi (1)
Pärnumaa,Siimu,3,3,1,1,Siimu (3),Siimu (3)
Pärnumaa,Toom,3,1,1,1,Toom (3),Toom (3)
Pärnumaa,Uandi,3,1,1,1,Uandi (3),Uandi (3)
Pärnumaa,mai,3,2,1,2,mai (3),maie (diminutive) (2); mai (1)
Pärnumaa,Alli,2,1,1,1,Alli (2),Alli (2)
Pärnumaa,Alliste,2,2,1,1,Alliste (2),Alliste (2)
Pärnumaa,Ants,2,2,1,2,Ants (2),Ans (1); Antsuke (1)
Pärnumaa,Ella,2,1,1,1,Ella (2),Ella (2)
Pärnumaa,Else,2,2,1,1,Else (2),Else (2)
Pärnumaa,Eltse,2,1,1,1,Eltse (2),Eltse (2)
Pärnumaa,Hintsu,2,2,1,1,Hintsu (2),Hintsu (2)
Pärnumaa,Hänge,2,1,1,1,Hänge (2),Hänge (2)
Pärnumaa,Iiru,2,1,1,1,Iiru (2),Iiru (2)
Pärnumaa,Intsu,2,2,1,1,Intsu (2),Intsu (2)
Pärnumaa,Jaanike,2,1,1,1,Jaanike (2),Jaanik (2)
Pärnumaa,Kariste,2,2,1,1,Kariste (2),Kariste (2)
Pärnumaa,Kasna,2,1,1,1,Kasna (2),Kasna (2)
Pärnumaa,Kuur,2,1,1,1,Kuur (2),Kuur (2)
Pärnumaa,Kärstne,2,1,1,1,Kärstne (2),Kärstne (2)
Pärnumaa,Kärt,2,1,1,1,Kärt (2),Kärt (2)
Pärnumaa,Kõnnu,2,1,1,1,Kõnnu (2),Kõnnu (2)
Pärnumaa,Lauri,2,1,1,1,Lauri (2),Lauri (2)
Pärnumaa,Luisu,2,1,1,1,Luisu (2),Luisu (2)
Pärnumaa,Ollant,2,1,1,1,Ollant (2),Ollant (2)
Pärnumaa,Ollart,2,1,1,1,Ollart (2),Ollart (2)
Pärnumaa,Palu,2,1,1,1,Palu (2),Palu (2)
Pärnumaa,Piista,2,2,1,1,Piista (2),Piista (2)
Pärnumaa,Piiter,2,1,1,1,Piiter (2),Piiter (2)
Pärnumaa,Raada,2,1,1,1,Raada (2),Raada (2)
Pärnumaa,Rants,2,1,1,1,Rants (2),Rants (2)
Pärnumaa,Roodi,2,1,1,1,Roodi (2),Roodi (2)
Pärnumaa,Sarah / Saara,2,2,1,2,säär (2),säär (1); sääre (1)
Pärnumaa,Seer,2,1,1,1,Seer (2),Seer (2)
Pärnumaa,Sindi,2,1,1,1,Sindi (2),Sindi (2)
Pärnumaa,Sukku,2,1,1,1,Sukku (2),sukku (2)
Pärnumaa,Taali,2,1,1,1,Taali (2),Taali (2)
Pärnumaa,Tillermann,2,1,1,1,Tillermann (2),Tillermann (2)
Pärnumaa,Tõnis,2,2,1,1,Tõnis (2),Tõnis (2)
Pärnumaa,Ulila,2,1,1,1,Ulila (2),Ulila (2)
Pärnumaa,Vabrits,2,1,1,1,Vabrits (2),Vabrits (2)
Pärnumaa,Valent,2,1,1,1,Valent (2),Valent (2)
Pärnumaa,Viderik,2,1,1,1,Viderik (2),Viderik (2)
Pärnumaa,Viding,2,1,1,1,Viding (2),Viding (2)
Pärnumaa,Visba,2,1,1,1,Visba (2),Visba (2)
Pärnumaa,[name],2,1,1,1,[name] (2),Oora (2)
Pärnumaa,ants,2,2,1,2,ants (2),ants (1); antsik (1)
Pärnumaa,reesle,2,1,1,1,reesle (2),reesle (2)
Pärnumaa,sander,2,1,1,2,sander (2),sinder (1); sander (1)
Pärnumaa,Ärm,2,1,1,1,Ärm (2),Ärm (2)
Pärnumaa,Aaber,1,1,1,1,Aaber (1),Aaber (1)
Pärnumaa,Aadu,1,1,1,1,Aadu (1),Aadu (1)
Pärnumaa,Aare,1,1,1,1,Aare (1),Aare (1)
Pärnumaa,Aasi (proper),1,1,1,1,Aasi (proper) (1),Aasi (1)
Pärnumaa,Abja,1,1,1,1,Abja (1),Abja (1)
Pärnumaa,Alevere,1,1,1,1,Alevere (1),Alevere (1)
Pärnumaa,Andsu,1,1,1,1,Andsu (1),Andsu (1)
Pärnumaa,Antsu,1,1,1,1,Antsu (1),Antsu (1)
Pärnumaa,Arali,1,1,1,1,Arali (1),Arali (1)
Pärnumaa,Ares,1,1,1,1,Ares (1),Ares (1)
Pärnumaa,Arlo,1,1,1,1,Arlo (1),Arlo (1)
Pärnumaa,Atumä,1,1,1,1,Atumä (1),Atumä (1)
Pärnumaa,Atümä,1,1,1,1,Atümä (1),Atümä (1)
Pärnumaa,Avi,1,1,1,1,Avi (1),Avi (1)
Pärnumaa,Eldse,1,1,1,1,Eldse (1),Eldse (1)
Pärnumaa,Eldsehulk,1,1,1,1,Eldsehulk (1),Eldse+hulk (1)
Pärnumaa,Endrik,1,1,1,1,Endrik (1),Endrik (1)
Pärnumaa,Enn,1,1,1,1,Enn (1),Enn (1)
Pärnumaa,Hallistu,1,1,1,1,Hallistu (1),Hallistu (1)
Pärnumaa,Hantsukene,1,1,1,1,Hantsukene (1),Hantsukene (1)
Pärnumaa,Hendrik,1,1,1,1,Hendrik (1),Hendrik (1)
Pärnumaa,Hollandi,1,1,1,1,Hollandi (1),Hollandi (1)
Pärnumaa,Härma,1,1,1,1,Härma (1),Härma (1)
Pärnumaa,Iiri,1,1,1,1,Iiri (1),Iiri (1)
Pärnumaa,Joseph / Joosep,1,1,1,1,Joosep (1),Joosep (1)
Pärnumaa,Jundsu,1,1,1,1,Jundsu (1),Jundsu (1)
Pärnumaa,Järv,1,1,1,1,Järv (1),Järv (1)
Pärnumaa,Jässi,1,1,1,1,Jässi (1),Jässi (1)
Pärnumaa,Kaabernau,1,1,1,1,Kaabernau (1),Kaabernau (1)
Pärnumaa,Kaarel,1,1,1,1,Kaarel (1),Kaarel (1)
Pärnumaa,Kaarli,1,1,1,1,Kaarli (1),Kaarli (1)
Pärnumaa,Kaber,1,1,1,1,Kaber (1),Kaaber (1)
Pärnumaa,Kadri & Udri,1,1,1,1,Kadri & Udri (1),Kadri & Udri (1)
Pärnumaa,Kadrikari,1,1,1,1,Kadrikari (1),Kadri+kari (1)
Pärnumaa,Kainu (unclear),1,1,1,1,Kainu (unclear) (1),Kainu (proper noun?) (1)
Pärnumaa,Kaisma,1,1,1,1,Kaisma (1),Kaisma (1)
Pärnumaa,Kark,1,1,1,1,Kark (1),Karksi (1)
Pärnumaa,Karsu,1,1,1,1,Karsu (1),Karsu (1)
Pärnumaa,Kasari,1,1,1,1,Kasari (1),Kasari (1)
Pärnumaa,Kasperkodu,1,1,1,1,Kasperkodu (1),Kasperkuut (1)
Pärnumaa,Keere,1,1,1,1,Keere (1),Keere (1)
Pärnumaa,Kergu,1,1,1,1,Kergu (1),Kergu (1)
Pärnumaa,Kihlepa,1,1,1,1,Kihlepa (1),Kihlepa (1)
Pärnumaa,Kiimu,1,1,1,1,Kiimu (1),Kiimu (1)
Pärnumaa,Kiinu,1,1,1,1,Kiinu (1),Kiinu (1)
Pärnumaa,Koik,1,1,1,1,Koik (1),Koik (1)
Pärnumaa,Kople,1,1,1,1,Kople (1),Kople (1)
Pärnumaa,Korju,1,1,1,1,Korju (1),Korju (1)
Pärnumaa,Krõõt,1,1,1,1,Krõõt (1),Krõõt (1)
Pärnumaa,Kuie,1,1,1,1,Kuie (1),kueva (1)
Pärnumaa,Kuntsu,1,1,1,1,Kuntsu (1),Kuntsu (1)
Pärnumaa,Kustas,1,1,1,1,Kustas (1),Kustas (1)
Pärnumaa,Kuung (proper),1,1,1,1,Kuung (proper) (1),Kuung (1)
Pärnumaa,Kuura,1,1,1,1,Kuura (1),Kuura (1)
Pärnumaa,Kärtu,1,1,1,1,Kärtu (1),Kässe (1)
Pärnumaa,Kõrtsi-Tiina,1,1,1,1,Kõrtsi-Tiina (1),Kõrtsi-Tiina (1)
Pärnumaa,Laas,1,1,1,1,Laas (1),Laas (1)
Pärnumaa,Laasu,1,1,1,1,Laasu (1),Laasu (1)
Pärnumaa,Lambrik,1,1,1,1,Lambrik (1),Lambrik (1)
Pärnumaa,Lauk,1,1,1,1,Lauk (1),Lauk (1)
Pärnumaa,Laus,1,1,1,1,Laus (1),Laus (1)
Pärnumaa,Liisuke,1,1,1,1,Liisuke (1),Liisuke (1)
Pärnumaa,Loisu,1,1,1,1,Loisu (1),Loisu (name) (1)
Pärnumaa,Maie (proper noun),1,1,1,1,Maie (proper noun) (1),Maie (1)
Pärnumaa,Maiko,1,1,1,1,Maiko (1),Maiko (1)
Pärnumaa,Maima,1,1,1,1,Maima (1),Maima (1)
Pärnumaa,Mare,1,1,1,1,Mare (1),Mare (1)
Pärnumaa,Mareta,1,1,1,1,Mareta (1),Mareta (1)
Pärnumaa,Matsi,1,1,1,1,Matsi (1),Matsi (1)
Pärnumaa,Miiliste,1,1,1,1,Miiliste (1),Miiliste (1)
Pärnumaa,Muskus,1,1,1,1,Muskus (1),Muskus (1)
Pärnumaa,Märdi,1,1,1,1,Märdi (1),Märdi (1)
Pärnumaa,Märtenil,1,1,1,1,Märtenil (1),Märdil (1)
Pärnumaa,Mõisa-Eedu,1,1,1,1,Mõisa-Eedu (1),Mõisa-Eedu (1)
Pärnumaa,Mõtus,1,1,1,1,Mõtus (1),Mõtus (1)
Pärnumaa,Niker,1,1,1,1,Niker (1),Nikre (1)
Pärnumaa,Nipetire,1,1,1,1,Nipetire (1),Nipetire (1)
Pärnumaa,Nipitiri,1,1,1,1,Nipitiri (1),Nipitiri (1)
Pärnumaa,Nirg,1,1,1,1,Nirg (1),Nirgi (1)
Pärnumaa,Paavel,1,1,1,1,Paavel (1),Paavel (1)
Pärnumaa,Pelts,1,1,1,1,Pelts (1),peltsi (1)
Pärnumaa,Pengi,1,1,1,1,Pengi (1),Pengi (1)
Pärnumaa,Penu,1,1,1,1,Penu (1),Penu (1)
Pärnumaa,Petlema,1,1,1,1,Petlema (1),Petlema (1)
Pärnumaa,Pihelgas,1,1,1,1,Pihelgas (1),Pihelgas (1)
Pärnumaa,Piider,1,1,1,1,Piider (1),Piider (1)
Pärnumaa,Pille,1,1,1,1,Pille (1),Pille (1)
Pärnumaa,Pireta,1,1,1,1,Pireta (1),Pireta (1)
Pärnumaa,Pirmastu,1,1,1,1,Pirmastu (1),Pirmastu (1)
Pärnumaa,Pirpastu,1,1,1,1,Pirpastu (1),Pirpastu (1)
Pärnumaa,Poll,1,1,1,1,Poll (1),Polli (1)
Pärnumaa,Poola,1,1,1,1,Poola (1),Poola (1)
Pärnumaa,Puikla,1,1,1,1,Puikla (1),Puikla (1)
Pärnumaa,Pärivere,1,1,1,1,Pärivere (1),Pärivere (1)
Pärnumaa,Pärt,1,1,1,1,Pärt (1),Pärt (1)
Pärnumaa,Põravere,1,1,1,1,Põravere (1),Põravere (1)
Pärnumaa,Pöögle,1,1,1,1,Pöögle (1),Pöögle (1)
Pärnumaa,Püügel,1,1,1,1,Püügel (1),Püügle (1)
Pärnumaa,Püügle,1,1,1,1,Püügle (1),Püügle (1)
Pärnumaa,Püüvere,1,1,1,1,Püüvere (1),Püüvere (1)
Pärnumaa,Reet,1,1,1,1,Reet (1),Reed (1)
Pärnumaa,Rehe-Miina,1,1,1,1,Rehe-Miina (1),Rehe-Miina (1)
Pärnumaa,Rein,1,1,1,1,Rein (1),Rein (1)
Pärnumaa,Reiu,1,1,1,1,Reiu (1),Reiu (1)
Pärnumaa,Riidali,1,1,1,1,Riidali (1),Riidal (1)
Pärnumaa,Riig,1,1,1,1,Riig (1),Riig (1)
Pärnumaa,Rindal (proper),1,1,1,1,Rindal (proper) (1),Rindal (1)
Pärnumaa,Ritsu,1,1,1,1,Ritsu (1),Ritsu (1)
Pärnumaa,Ronstatin,1,1,1,1,Ronstatin (1),Ronstatin (1)
Pärnumaa,Roode,1,1,1,1,Roode (1),Roode (1)
Pärnumaa,Ruuna,1,1,1,1,Ruuna (1),Ruuna (1)
Pärnumaa,Rõnku,1,1,1,1,Rõnku (1),Rõnku (1)
Pärnumaa,Salami,1,1,1,1,Salami (1),Salami (1)
Pärnumaa,Sallermann,1,1,1,1,Sallermann (1),Sallermann (1)
Pärnumaa,Salme,1,1,1,1,Salme (1),Salme (1)
Pärnumaa,Sauka,1,1,1,1,Sauka (1),Sauga (1)
Pärnumaa,Simmu,1,1,1,1,Simmu (1),Simmu (1)
Pärnumaa,Surju,1,1,1,1,Surju (1),Surju (1)
Pärnumaa,Surju (proper noun),1,1,1,1,Surju (proper noun) (1),Surju (1)
Pärnumaa,Sõõre,1,1,1,1,Sõõre (1),Sõõre (1)
Pärnumaa,Taavet,1,1,1,1,Taavet (1),Taavet (1)
Pärnumaa,Teemu,1,1,1,1,Teemu (1),Teemu (1)
Pärnumaa,Tennu,1,1,1,1,Tennu (1),Tennu (1)
Pärnumaa,Tenu,1,1,1,1,Tenu (1),Tenu (1)
Pärnumaa,Tiit,1,1,1,1,Tiit (1),Tiit (nom) (1)
Pärnumaa,Tiiu (name),1,1,1,1,Tiiu (name) (1),Tiiu (proper noun) (1)
Pärnumaa,Tireli,1,1,1,1,Tireli (1),Tireli (nom) (1)
Pärnumaa,Tiu,1,1,1,1,Tiu (1),Tiu (1)
Pärnumaa,Tomilgas,1,1,1,1,Tomilgas (1),Tomilgas (1)
Pärnumaa,Tua-Ann,1,1,1,1,Tua-Ann (1),Tua-Ann (1)
Pärnumaa,Tuudi,1,1,1,1,Tuudi (1),Tuudi (1)
Pärnumaa,Tõndsu,1,1,1,1,Tõndsu (1),Tõndsu (1)
Pärnumaa,Uulandi,1,1,1,1,Uulandi (1),Uulandi (1)
Pärnumaa,Vihtra,1,1,1,1,Vihtra (1),Vihtra (1)
Pärnumaa,Viibu,1,1,1,1,Viibu (1),viibü (1)
Pärnumaa,Viibus,1,1,1,1,Viibus (1),Viibus (1)
Pärnumaa,Viirä,1,1,1,1,Viirä (1),Viirä (1)
Pärnumaa,Viki,1,1,1,1,Viki (1),Viki (1)
Pärnumaa,Vilk,1,1,1,1,Vilk (1),Vilk (1)
Pärnumaa,Villänd,1,1,1,1,Villänd (1),Villänd (1)
Pärnumaa,Virtsu,1,1,1,1,Virtsu (1),Virtsu (1)
Pärnumaa,anneteke,1,1,1,1,anneteke (1),annekene (1)
Pärnumaa,kadr,1,1,1,1,kadr (1),kadr (1)
Pärnumaa,ketsi,1,1,1,1,ketsi (1),ketsi (1)
Pärnumaa,leena,1,1,1,1,leena (1),leenakene (1)
Pärnumaa,leenukene,1,1,1,1,leenukene (1),leenukeene (1)
Pärnumaa,liisukene,1,1,1,1,liisukene (1),liisukene (1)
Pärnumaa,mald & sama,1,1,1,1,mald & sama (1),maldsama (1)
Pärnumaa,midli,1,1,1,1,midli (1),midli (1)
Pärnumaa,nikatse,1,1,1,1,nikatse (1),nikatse (1)
Pärnumaa,peerileeri,1,1,1,1,peerileeri (1),peerileeri (1)
Pärnumaa,remmelgas,1,1,1,1,remmelgas (1),remmelgas (1)
Pärnumaa,setu,1,1,1,1,setu (1),setu (1)
Pärnumaa,äriline,1,1,1,1,äriline (1),ärräkene (1)
Ruija,God / Jumala / Jumal,8,6,2,2,Jumala (6); herra (2),Jumala (6); herra (2)
Ruija,Jesus / Christ,6,6,1,3,Jeesus (6),Jeesus (3); Iesus (2); jesus (1)
Ruija,Andrew / Antti,1,1,1,1,äntti (1),äntti (1)
Ruija,Roope,1,1,1,1,Roope (1),Roope (1)
Saaremaa,God / Jumala / Jumal,134,70,12,15,herra (31); härra (28); jumal (26); Jumal (25); looja (8); looma (5); isand (4); rüütel (2),herra (31); jumal (28); härra (25); Jumal (21); looja (8); looma (5); isand (4); härrä (3)
Saaremaa,John / Jaan / Jussi / Hans,125,51,9,18,Jaan (65); Hans (29); Ants (15); Juhan (6); jään (6); Juku (1); hans (1); Jaanilt (1),Jaan (38); Hans (29); Ants (15); jaen (11); joaen (6); Juhan (5); joan (5); Jaen (3)
Saaremaa,Anna / Anne / Ann / Anni,94,42,8,11,Ann (41); Anne (23); anne (20); Anu (3); ann (2); änn (2); ant+ud (2),Ann (41); Anne (23); anne (17); Anu (3); ann (2); änn (2); annet+ie (2); and (1)
Saaremaa,Mary / Maria / Maarja / Mari,66,41,7,10,Mari (36); mari (20); Maarja (4); marjuke (3); Maria (1); maria (1); marjake (1),Maie (20); mari (19); Mari (14); Maarja (4); marjuke (3); Marike (2); Maria (1); maria (1)
Saaremaa,Michael / Mikko / Mihkel,60,22,2,7,Mihkel (54); Mikk (6),Mihkel (44); mihkel (7); Mikk (5); Miku (1); mihkle (1); Mihel (1); mihkelkihkel (1)
Saaremaa,George / Jüri,50,27,2,6,Jüri (45); Juri (5),Jüri (28); Juri (12); juri (7); jurikene (1); jürikene (1); Jürn (1)
Saaremaa,Catherine / Kadri / Katri,39,13,3,3,Kadri (24); Katri (12); kadri (3),Kadri (24); katri (12); kadri (3)
Saaremaa,Elizabeth / Liisa / Liisu / Elli,29,23,5,7,Liisu (17); Liisa (8); Liisuke (2); liisu (1); Liisukene (1),Liisu (16); Liisa (7); liisu (2); liisa (1); Liisuke (1); Liisukene (1); Liisukein (1)
Saaremaa,Martin / Mart / Märt,29,16,4,8,Mart (20); mard (4); Märt (4); mardus (1),Mart (13); mard (4); mart (4); Mardi (2); Märt (2); mairt (2); mardi (1); marrus (1)
Saaremaa,Kalev / Kalervo,26,19,4,6,Kalev (15); kalev (8); Kalevi (2); Kalevit (1),Kalev (11); kalev (9); kalevi (3); kalevine (1); kalevida (1); kalevise (1)
Saaremaa,Peter / Pietari / Peeter,23,16,1,4,Peeter (23),Peeter (20); Peeteri (1); pieter (1); peila (1)
Saaremaa,Tiiu,22,10,1,1,Tiiu (22),Tiiu (22)
Saaremaa,Thomas / Toomas / Tuomas,18,8,2,4,Toomas (16); Tuomas (2),Toomas (13); Tuomas (2); toomas (2); Tooma (1)
Saaremaa,Jacob / Jaak / Jaakko,16,8,1,1,Jaak (16),Jaak (16)
Saaremaa,Salme,11,5,1,2,Salme (11),Salme (10); salme (1)
Saaremaa,Käänu,10,1,1,1,Käänu (10),Käänu (10)
Saaremaa,Matthew / Matti,9,7,3,4,Mats (6); mats (2); matt (1),Mats (5); mats (2); Matsi (1); matt (1)
Saaremaa,Miku,9,2,1,2,Miku (9),Miku (8); Mikku (1)
Saaremaa,Kaie,7,5,1,1,Kaie (7),Kaie (7)
Saaremaa,Meeli,7,2,1,1,Meeli (7),Meeli (7)
Saaremaa,Simon / Siim / Simo,7,3,1,2,Siim (7),siimu (4); Siim (3)
Saaremaa,Eve / Eeva,6,3,1,2,Eeva (6),Eeva (5); Eva (1)
Saaremaa,Jesus / Christ,6,4,1,3,Jeesus (6),Jeesus (4); iesus (1); Eesus (1)
Saaremaa,Tiina,6,3,1,1,Tiina (6),Tiina (6)
Saaremaa,Tohvri,6,1,1,1,Tohvri (6),Tohvri (6)
Saaremaa,Lulla,5,1,1,1,Lulla (5),Lulla (5)
Saaremaa,Maie,5,2,1,2,Maie (5),maie (4); Maie (1)
Saaremaa,Viiu,5,3,1,1,Viiu (5),Viiu (5)
Saaremaa,Aadu,4,2,1,1,Aadu (4),Aadu (4)
Saaremaa,Hants,4,3,1,1,Hants (4),Hants (4)
Saaremaa,Mai,4,1,1,1,Mai (4),maie (4)
Saaremaa,Malle,4,3,1,2,Malle (4),Malle (3); Mall (1)
Saaremaa,Ott,4,4,1,1,Ott (4),Ott (4)
Saaremaa,Riidu,4,2,1,1,Riidu (4),Riidu (4)
Saaremaa,Tipunipu,4,1,1,1,Tipunipu (4),Tipunipu (4)
Saaremaa,Tusti,4,2,1,1,Tusti (4),Tusti (4)
Saaremaa,Võlla,4,2,1,1,Võlla (4),Võlla (4)
Saaremaa,Adu,3,1,1,1,Adu (3),Adu (3)
Saaremaa,Andrus,3,2,1,1,Andrus (3),Andrus (3)
Saaremaa,Endrik,3,1,1,1,Endrik (3),Endrik (3)
Saaremaa,Erku,3,1,1,1,Erku (3),Erku (3)
Saaremaa,Jaen,3,2,1,1,Jaen (3),Jaen (3)
Saaremaa,Kai,3,3,1,2,Kai (3),Kai (2); kai (1)
Saaremaa,Turst,3,1,1,1,Turst (3),Turst (3)
Saaremaa,Tõnis,3,2,1,1,Tõnis (3),Tõnis (3)
Saaremaa,(proper name),2,1,1,1,,Virve (2)
Saaremaa,(proper noun),2,2,2,2,(proper noun) (1),Julia (1); Algma (1)
Saaremaa,Ans,2,1,1,1,Ans (2),Ans (2)
Saaremaa,Enn,2,1,1,1,Enn (2),Enn (2)
Saaremaa,Hindrik,2,1,1,1,Hindrik (2),Hindrik (2)
Saaremaa,Juku,2,1,1,1,Juku (2),Juku (2)
Saaremaa,Juula,2,1,1,1,Juula (2),Juula (2)
Saaremaa,Kaali,2,1,1,1,Kaali (2),Kaali (2)
Saaremaa,Kolga,2,2,1,1,Kolga (2),Kolga (2)
Saaremaa,Kästik,2,1,1,1,Kästik (2),Kästik (2)
Saaremaa,Liiva,2,1,1,1,Liiva (2),Liiva (2)
Saaremaa,Mait,2,1,1,1,Mait (2),maits (2)
Saaremaa,Mampsel,2,1,1,1,Mampsel (2),Mampsel (2)
Saaremaa,Nonni,2,2,1,1,Nonni (2),Nonni (2)
Saaremaa,Oolu,2,1,1,1,Oolu (2),Oolu (2)
Saaremaa,Paadla,2,2,1,1,Paadla (2),Paadla (2)
Saaremaa,Reet,2,2,1,1,Reet (2),Reet (2)
Saaremaa,Reine,2,1,1,1,Reine (2),Reine (2)
Saaremaa,Rinde,2,1,1,1,Rinde (2),Rinde (2)
Saaremaa,Riste,2,1,1,1,Riste (2),Riste (2)
Saaremaa,Sass,2,2,1,1,Sass (2),Sass (2)
Saaremaa,Simm,2,1,1,1,Simm (2),Simm (2)
Saaremaa,Sula,2,1,1,1,Sula (2),Sula (2)
Saaremaa,Toom,2,2,1,1,Toom (2),Toom (2)
Saaremaa,Tott,2,1,1,1,Tott (2),Tott (2)
Saaremaa,Tulbi,2,1,1,1,Tulbi (2),Tulbi (2)
Saaremaa,Tuudi,2,2,1,1,Tuudi (2),Tuudi (2)
Saaremaa,Viia,2,1,1,1,Viia (2),Viiu (2)
Saaremaa,Virtsu,2,2,1,1,Virtsu (2),Virtsu (2)
Saaremaa,Ahti,1,1,1,1,Ahti (1),Ahti (1)
Saaremaa,Andre,1,1,1,1,Andre (1),Andre (1)
Saaremaa,Ants,1,1,1,1,Ants (1),antsu (1)
Saaremaa,Antsu,1,1,1,1,Antsu (1),Antsu (1)
Saaremaa,Antsuke,1,1,1,1,Antsuke (1),Antsukene (1)
Saaremaa,Eed,1,1,1,1,Eed (1),Eed (1)
Saaremaa,Elama,1,1,1,1,Elama (1),Ellam (1)
Saaremaa,Elivant,1,1,1,1,Elivant (1),Elivant (1)
Saaremaa,Elme,1,1,1,1,Elme (1),Elme (1)
Saaremaa,Hints,1,1,1,1,Hints (1),Hints (1)
Saaremaa,Härma,1,1,1,1,Härma (1),Härma (1)
Saaremaa,Iidu,1,1,1,1,Iidu (1),Iidu (1)
Saaremaa,Iir,1,1,1,1,Iir (1),Iir (1)
Saaremaa,Iiri,1,1,1,1,Iiri (1),Iiri (1)
Saaremaa,Indsu,1,1,1,1,Indsu (1),Intsu (1)
Saaremaa,Insu,1,1,1,1,Insu (1),Insu (1)
Saaremaa,Joost,1,1,1,1,Joost (1),Joost (1)
Saaremaa,Jula,1,1,1,1,Jula (1),Jula (1)
Saaremaa,Jurnal,1,1,1,1,Jurnal (1),Jurnal (1)
Saaremaa,Justel,1,1,1,1,Justel (1),Justel (1)
Saaremaa,Jürnal,1,1,1,1,Jürnal (1),Jürnal (1)
Saaremaa,Kaadi,1,1,1,1,Kaadi (1),Kaadi (1)
Saaremaa,Kaimri,1,1,1,1,Kaimri (1),Kaimri (1)
Saaremaa,Kalle,1,1,1,1,Kalle (1),Källe (1)
Saaremaa,Kamsar,1,1,1,1,Kamsar (1),Kamsare (1)
Saaremaa,Kansi,1,1,1,1,Kansi (1),Kansi (1)
Saaremaa,Kase,1,1,1,1,Kase (1),Kase (1)
Saaremaa,Kergu,1,1,1,1,Kergu (1),Kergu (1)
Saaremaa,Kibu,1,1,1,1,Kibu (1),Kibu (1)
Saaremaa,Kiima,1,1,1,1,Kiima (1),Kiima (1)
Saaremaa,Kiltri,1,1,1,1,Kiltri (1),Kiltri (1)
Saaremaa,Kips,1,1,1,1,Kips (1),Kips (1)
Saaremaa,Kirg,1,1,1,1,Kirg (1),Kirg (1)
Saaremaa,Korsna,1,1,1,1,Korsna (1),Korsna (1)
Saaremaa,Kuivastu,1,1,1,1,Kuivastu (1),Kuivastu (1)
Saaremaa,Kuliste,1,1,1,1,Kuliste (1),Kuliste (1)
Saaremaa,Kura,1,1,1,1,Kura (1),Kura (1)
Saaremaa,Kusta,1,1,1,1,Kusta (1),Kusta (1)
Saaremaa,Kõlu,1,1,1,1,Kõlu (1),Kõlu (1)
Saaremaa,Köörus,1,1,1,1,Köörus (1),köörus (1)
Saaremaa,Laantsi,1,1,1,1,Laantsi (1),Laantsi (1)
Saaremaa,Lamber,1,1,1,1,Lamber (1),lamberiste (1)
Saaremaa,Landri,1,1,1,1,Landri (1),Landri (1)
Saaremaa,Laratsi,1,1,1,1,Laratsi (1),Laratsi (1)
Saaremaa,Lauri,1,1,1,1,Lauri (1),Lauri (1)
Saaremaa,Leer,1,1,1,1,Leer (1),Leer (1)
Saaremaa,Lingul,1,1,1,1,Lingul (1),Lingul (1)
Saaremaa,Lintsu,1,1,1,1,Lintsu (1),Lintso (1)
Saaremaa,Lott,1,1,1,1,Lott (1),Lott (1)
Saaremaa,Maahksi,1,1,1,1,Maahksi (1),Maahksi (1)
Saaremaa,Maas,1,1,1,1,Maas (1),Maas (1)
Saaremaa,Madis,1,1,1,1,Madis (1),Madis (1)
Saaremaa,Mann,1,1,1,1,Mann (1),Mann (1)
Saaremaa,Mardi,1,1,1,1,Mardi (1),Mardi (1)
Saaremaa,Mare,1,1,1,1,Mare (1),Mare (1)
Saaremaa,Maret,1,1,1,1,Maret (1),Maret (1)
Saaremaa,Miku+lt,1,1,1,1,Miku+lt (1),Mikult (1)
Saaremaa,Moho,1,1,1,1,Moho (1),Moho (1)
Saaremaa,Musk,1,1,1,1,Musk (1),muskusse (1)
Saaremaa,Niuhkna,1,1,1,1,Niuhkna (1),Niuhkna (1)
Saaremaa,Nonn,1,1,1,1,Nonn (1),nonn (1)
Saaremaa,Nuki,1,1,1,1,Nuki (1),Nuki (1)
Saaremaa,Olev,1,1,1,1,Olev (1),oldi (1)
Saaremaa,Olland,1,1,1,1,Olland (1),Olland (1)
Saaremaa,Paatsa,1,1,1,1,Paatsa (1),Paatsa (1)
Saaremaa,Paiburu,1,1,1,1,Paiburu (1),Paiburu (1)
Saaremaa,Patsi,1,1,1,1,Patsi (1),Patsi (1)
Saaremaa,Paul,1,1,1,1,Paul (1),Paul (1)
Saaremaa,Peterburi,1,1,1,1,Peterburi (1),Peterburi (1)
Saaremaa,Pihlassoo,1,1,1,1,Pihlassoo (1),Pihlassoo (1)
Saaremaa,Putlu,1,1,1,1,Putlu (1),Putlu (1)
Saaremaa,Pärt,1,1,1,1,Pärt (1),Pärt (1)
Saaremaa,Pürje,1,1,1,1,Pürje (1),Pürje (1)
Saaremaa,Raug,1,1,1,1,Raug (1),Raug (1)
Saaremaa,Rein,1,1,1,1,Rein (1),Rein (1)
Saaremaa,Reiniste,1,1,1,1,Reiniste (1),Reiniste (1)
Saaremaa,Ruhnu,1,1,1,1,Ruhnu (1),Ruhnu (1)
Saaremaa,Ruut,1,1,1,1,Ruut (1),Ruut (1)
Saaremaa,Saavanemi,1,1,1,1,Saavanemi (1),saavanemi (1)
Saaremaa,Salvi,1,1,1,1,Salvi (1),Salvi (1)
Saaremaa,Saugu,1,1,1,1,Saugu (1),Saugu (1)
Saaremaa,Selja,1,1,1,1,Selja (1),Selja (1)
Saaremaa,Siid,1,1,1,1,Siid (1),Siid (1)
Saaremaa,Siigsaar,1,1,1,1,Siigsaar (1),Siigsaar (1)
Saaremaa,Simmu,1,1,1,1,Simmu (1),Simmu (1)
Saaremaa,Siplese,1,1,1,1,Siplese (1),Siplese (1)
Saaremaa,Taavi,1,1,1,1,Taavi (1),Taavi (1)
Saaremaa,Talin,1,1,1,1,Talin (1),Talin (1)
Saaremaa,Tamsi,1,1,1,1,Tamsi (1),Tamsi (1)
Saaremaa,Terala,1,1,1,1,Terala (1),Terala (1)
Saaremaa,Tiio,1,1,1,1,Tiio (1),Tiio (1)
Saaremaa,Tiiu (proper name),1,1,1,1,Tiiu (proper name) (1),Tiiu (1)
Saaremaa,Tiiu (refrain),1,1,1,1,Tiiu (refrain) (1),Tiiu (refrain) (1)
Saaremaa,Tika,1,1,1,1,Tika (1),Tika (1)
Saaremaa,Tikk,1,1,1,1,Tikk (1),Tikk (1)
Saaremaa,Tuku,1,1,1,1,Tuku (1),Tuku (1)
Saaremaa,Tõnu,1,1,1,1,Tõnu (1),Tõnu (1)
Saaremaa,Türni,1,1,1,1,Türni (1),Türni (1)
Saaremaa,Upa,1,1,1,1,Upa (1),Upa (1)
Saaremaa,Vaino,1,1,1,1,Vaino (1),Vaino (1)
Saaremaa,Vainste,1,1,1,1,Vainste (1),Vainste (1)
Saaremaa,Vallerjuan,1,1,1,1,Vallerjuan (1),Vallerjuan (1)
Saaremaa,Viiburu,1,1,1,1,Viiburu (1),Viiburu (1)
Saaremaa,Viire,1,1,1,1,Viire (1),Viire (1)
Saaremaa,Viiu (refrain),1,1,1,1,Viiu (refrain) (1),Viiu (refrain) (1)
Saaremaa,kai,1,1,1,1,kai (1),kai (1)
Saaremaa,kurg/kurete,1,1,1,1,kurg/kurete (1),kurg/kurete (1)
Saaremaa,ott,1,1,1,1,ott (1),ott (1)
Saaremaa,sõõru,1,1,1,1,sõõru (1),sõõru (1)
Saaremaa,tiipa,1,1,1,1,tiipa (1),tiipa (1)
Saaremaa,tika,1,1,1,1,tika (1),tika (1)
Saaremaa,tikka,1,1,1,1,tikka (1),tikka (1)
Saaremaa,tuna & mullu,1,1,1,1,tuna & mullu (1),tuna & mullu (1)
Saaremaa,une_liisu,1,1,1,1,une_liisu (1),uneliisu (1)
Satakunta,Nicholas / Nikka / Klaus,214,50,4,8,Klaus (181); Nikka (25); Nikolaus (5); Nikko (3),Klaus (158); Nikka (25); Klavus (20); Nikolaus (5); Nikko (3); Klavu (1); klaulle (1); klaun (1)
Satakunta,God / Jumala / Jumal,181,136,12,20,herra (108); Jumala (19); Herra (19); luoja (15); jumala (10); Luoja (4); herran (1); hospodi (archaic) (1),herra (102); Jumala (18); Herra (17); luoja (11); jumala (10); herran (4); Luoja (4); luojan (2)
Satakunta,Elizabeth / Liisa / Liisu / Elli,176,57,7,16,Elina (130); Liisa (22); Eliina (10); Elli (8); Elinainen (3); elinainen (2); Elinan (1),Elina (93); Elinainen (27); Liisa (18); Elli (8); elinainen (8); Eliina (6); Eliinainen (3); elina (3)
Satakunta,Kirsti,146,28,1,2,Kirsti (146),Kirsti (142); kirsti (4)
Satakunta,Mary / Maria / Maarja / Mari,75,60,4,7,Maija (42); Maaria (18); Maria (14),Maija (40); Maaria (19); Maria (11); maija (2); Maijal (1); Maaria(n) (1); Maarija (1)
Satakunta,Henry / Heikki,64,55,2,4,Heikki (63); Henrik (1),Heikki (59); Heikin (3); Hekka (1); Hentrikki (1)
Satakunta,John / Jaan / Jussi / Hans,56,54,5,6,Jussi (52); Jaana (1); juhani (1); Juhani (1); Johannes (1),Jussi (51); jaana (1); johan (1); Juhani (1); jussi (1); Johannes (1)
Satakunta,Matthew / Matti,56,43,1,6,Matti (56),Matti (50); matt (2); Matin (1); matti (1); mati (1); Matti (name) (1)
Satakunta,Jesus / Christ,54,40,3,7,Jeesus (34); Jesus (12); Kristus (8),Jeesus (31); Jesus (12); Kristus (7); jeesus+seni (1); Jeesus(en) (1); Jeessu (1); Kristi (1)
Satakunta,Andrew / Antti,50,31,3,3,Antti (48); (Antti) (1); Anttinen (1),Antti (48); Intti (1); Antista (1)
Satakunta,Ukko,48,43,3,6,ukko (37); Ukko (9); ukkonen (2),ukko (37); Ukko (6); ukkonen (2); ukkas (1); ukan (1); ukkoinen (1)
Satakunta,Peter / Pietari / Peeter,37,37,5,8,Pietari (30); Pekka (3); Petteri (2); petteri (1); pekka (1),Pietari (24); pietari (3); Pekka (3); Petteri (2); Piatari (2); Pietäri (1); petters (1); pekka (1)
Satakunta,Esko,32,32,1,4,Esko (32),Esko (19); Eskon (11); eskon (1); Eskan (1)
Satakunta,Kaija,25,24,1,3,Kaija (25),Kaija (23); Kaijaa (1); Kaia (1)
Satakunta,Kalle,25,18,1,1,Kalle (25),Kalle (25)
Satakunta,Eve / Eeva,23,14,3,7,Eeva (17); aatto (5); Teevi (1),Eeva (11); aatto (5); Eevakka (3); eevakka (1); Eksa (1); eevi (1); teevin (1)
Satakunta,Akkeri,11,11,1,1,Akkeri (11),Akkeri (11)
Satakunta,Catherine / Kadri / Katri,11,9,3,3,Kaisa (9); Katri (1); Kaija (1),Kaisa (9); Katri (1); Kaija (1)
Satakunta,Anna / Anne / Ann / Anni,10,10,2,4,Anni (9); Anna (1),Anni (6); Anikka (2); Annin (1); Anna (1)
Satakunta,Simon / Siim / Simo,9,9,3,4,Simo (7); varjo (1); siime (1),Simo (6); siime (1); siimi (1); simon (1)
Satakunta,Thomas / Toomas / Tuomas,9,9,1,2,Tuomas (9),Tuomas (8); Tuamaksi (1)
Satakunta,(proper name),7,2,1,2,(proper name) (7),Kirsti (6); Timper (1)
Satakunta,(proper noun),7,3,2,4,(proper noun) (6),Klavus (3); Kirsti (2); Timperi (1); Mankela (1)
Satakunta,Emuli,7,1,1,1,Emuli (7),Emuli (7)
Satakunta,Halli,7,5,1,1,Halli (7),Halli (7)
Satakunta,Klaavus,7,1,1,1,Klaavus (7),Klavus (7)
Satakunta,Lauri,7,7,1,1,Lauri (7),Lauri (7)
Satakunta,Michael / Mikko / Mihkel,7,5,2,2,Mikko (6); mikko (1),Mikko (6); mikko (1)
Satakunta,Eeli,6,6,1,3,Eeli (6),Eeli (3); eeli (2); eelin (1)
Satakunta,Laukko,6,5,1,1,Laukko (6),Laukko (6)
Satakunta,Sarah / Saara,6,6,3,4,Saara (3); säärä (2); saara (1),Saara (3); säärä (1); saara (1); sääret (1)
Satakunta,Väinämöinen,6,3,1,4,Väinämöinen (6),Väinämöinen (2); väinämöinen (2); väinämöltä (1); Väinämöisen (1)
Satakunta,Akeri,5,3,1,2,Akeri (5),Akkeri (3); Akkerin (2)
Satakunta,Eskon,5,5,1,3,Eskon (5),Eskon (3); eskon (1); Esko-n (1)
Satakunta,Ilmarinen,5,1,1,3,Ilmarinen (5),ilmarisen (2); ilmarinen (2); ilmarille (1)
Satakunta,Killi,5,4,1,1,Killi (5),Killi (5)
Satakunta,Mattila,5,5,1,1,Mattila (5),Mattila (5)
Satakunta,Tuoni,5,4,2,2,Tuoni (4); tuoni (1),Tuoni (4); tuoni (1)
Satakunta,Alli,4,4,1,1,Alli (4),Alli (4)
Satakunta,Erkki,4,3,1,1,Erkki (4),Erkki (4)
Satakunta,Jacob / Jaak / Jaakko,4,3,1,1,Jaakko (4),Jaakko (4)
Satakunta,Tessu,4,2,1,1,Tessu (4),Tessu (4)
Satakunta,Tolma,4,2,1,1,Tolma (4),Tolma (4)
Satakunta,Ville,4,4,1,2,Ville (4),ville (2); Ville (2)
Satakunta,Ahti,3,2,2,2,ahti (2); Ahti (1),ahti (2); Ahti (1)
Satakunta,Hoppu,3,2,1,1,Hoppu (3),Hoppu (3)
Satakunta,Huru,3,3,1,1,Huru (3),Huru (3)
Satakunta,Joseph / Joosep,3,3,1,3,Joosef (3),Jooseppaara (1); Joosef (1); Joosefaana (1)
Satakunta,Kuokkala,3,2,1,1,Kuokkala (3),Kuokkala (3)
Satakunta,Sara,3,2,1,1,Sara (3),Sara (3)
Satakunta,Uolevi,3,2,1,1,Uolevi (3),Uolevi (3)
Satakunta,Vesto,3,2,1,1,Vesto (3),Vesto (3)
Satakunta,(name),2,2,1,2,(name) (2),Timperi (1); vau (1)
Satakunta,Aalokki,2,1,1,1,Aalokki (2),Aalokki (2)
Satakunta,Akkeli,2,2,1,1,Akkeli (2),Akkeli (2)
Satakunta,Anttila,2,2,1,1,Anttila (2),Anttila (2)
Satakunta,Aumo,2,1,1,1,Aumo (2),Aumo (2)
Satakunta,Elikko,2,1,1,1,Elikko (2),Elikko (2)
Satakunta,Elinainen,2,2,1,1,Elinainen (2),Elinainen (2)
Satakunta,Erna,2,2,1,1,Erna (2),Erna (2)
Satakunta,Eski,2,2,1,1,Eski (2),Eski (2)
Satakunta,Eskola,2,2,1,1,Eskola (2),Eskola (2)
Satakunta,Fanni,2,1,1,1,Fanni (2),Fanni (2)
Satakunta,Happo,2,1,1,1,Happo (2),Happo (2)
Satakunta,Heikkilä,2,2,1,1,Heikkilä (2),Heikkilä (2)
Satakunta,Horola,2,1,1,1,Horola (2),Horola (2)
Satakunta,Kirsti-piika,2,1,1,1,Kirsti-piika (2),Kirsti-piika (2)
Satakunta,Koli,2,1,1,1,Koli (2),Koli (2)
Satakunta,Laukki,2,1,1,1,Laukki (2),Laukki (2)
Satakunta,Leena,2,2,1,1,Leena (2),Leena (2)
Satakunta,Martti,2,2,1,1,Martti (2),Martti (2)
Satakunta,Nalle,2,1,1,1,Nalle (2),Nalle (2)
Satakunta,Nalli,2,2,1,1,Nalli (2),Nalli (2)
Satakunta,Oovlari,2,1,1,1,Oovlari (2),Oovlari (2)
Satakunta,Pertti,2,1,1,1,Pertti (2),Pertti (2)
Satakunta,Pirkko,2,1,1,1,Pirkko (2),Pirkko (2)
Satakunta,Suitin,2,1,1,1,Suitin (2),Suitin (2)
Satakunta,Tanni,2,2,1,1,Tanni (2),Tanni (2)
Satakunta,Tilta,2,1,1,1,Tilta (2),Tilta (2)
Satakunta,Tilu,2,2,1,1,Tilu (2),Tilu (2)
Satakunta,Timperi,2,2,1,1,Timperi (2),Timperi (2)
Satakunta,Ualevi,2,2,1,1,Ualevi (2),Ualevi (2)
Satakunta,Uati,2,2,1,1,Uati (2),Uati (2)
Satakunta,Uoti,2,1,1,1,Uoti (2),Uoti (2)
Satakunta,Vappu,2,1,1,1,Vappu (2),Vappu (2)
Satakunta,Vikki,2,1,1,1,Vikki (2),Vikki (2)
Satakunta,kaakila,2,1,1,1,kaakila (2),kaakila (2)
Satakunta,koli,2,1,1,1,koli (2),koli (2)
Satakunta,pihkaheikki,2,2,1,1,pihkaheikki (2),pihkaheikki (2)
Satakunta,(personal name element),1,1,1,1,,Timperi (1)
Satakunta,Aakkeri,1,1,1,1,Aakkeri (1),Aakkeri (1)
Satakunta,Aatami,1,1,1,1,Aatami (1),Aatami (1)
Satakunta,Ahlmann,1,1,1,1,Ahlmann (1),Ahlmann (1)
Satakunta,Akeri-Kaija,1,1,1,1,Akeri-Kaija (1),Akeri-Kaija (1)
Satakunta,Akrikylä,1,1,1,1,Akrikylä (1),Akrikola (1)
Satakunta,Alho,1,1,1,1,Alho (1),Alho (1)
Satakunta,Anderssein,1,1,1,1,Anderssein (1),Anderssein (1)
Satakunta,Anderssen,1,1,1,1,Anderssen (1),Anderssen (1)
Satakunta,Annikki,1,1,1,1,Annikki (1),Annikka (1)
Satakunta,Appila,1,1,1,1,Appila (1),Appila (1)
Satakunta,Appila / Apila,1,1,1,1,Appila / Apila (1),Appila / Apila (1)
Satakunta,Aukku,1,1,1,1,Aukku (1),Aukku (1)
Satakunta,Aumainen,1,1,1,1,Aumainen (1),Aumainen (1)
Satakunta,Eerik,1,1,1,1,Eerik (1),Eerik (1)
Satakunta,Eevaltti,1,1,1,1,Eevaltti (1),Eevaltti (1)
Satakunta,Elias / Eljas,1,1,1,1,Elias (1),Eelis (1)
Satakunta,Eriksson,1,1,1,1,Eriksson (1),Eriksson (1)
Satakunta,Ester,1,1,1,1,Ester (1),Ester (1)
Satakunta,Esteri,1,1,1,1,Esteri (1),Ester (1)
Satakunta,Ferna,1,1,1,1,Ferna (1),Ferna (1)
Satakunta,Friitala,1,1,1,1,Friitala (1),Friitala (1)
Satakunta,Hakuni,1,1,1,1,Hakuni (1),Hakuni (1)
Satakunta,Halmela,1,1,1,1,Halmela (1),Halmela (1)
Satakunta,Haluuni,1,1,1,1,Haluuni (1),Haluuni (1)
Satakunta,Hanna,1,1,1,1,Hanna (1),Hanna (1)
Satakunta,Hannula,1,1,1,1,Hannula (1),Hannula (1)
Satakunta,Hauskala,1,1,1,1,Hauskala (1),Hauskala (1)
Satakunta,Helslein,1,1,1,1,Helslein (1),Helslein (1)
Satakunta,Heta,1,1,1,1,Heta (1),Heta (1)
Satakunta,Hinsala,1,1,1,1,Hinsala (1),Hinsala (1)
Satakunta,Hirvo,1,1,1,1,Hirvo (1),Hirvo (1)
Satakunta,Hoppus,1,1,1,1,Hoppus (1),Hoppus (1)
Satakunta,Hulivili,1,1,1,1,Hulivili (1),Hulivili (1)
Satakunta,Hurru,1,1,1,1,Hurru (1),Hurru (1)
Satakunta,Hämäläinen,1,1,1,1,Hämäläinen (1),Hämäläinen (1)
Satakunta,Hömsä,1,1,1,1,Hömsä (1),hömsä (1)
Satakunta,Iikka,1,1,1,1,Iikka (1),Iikka (1)
Satakunta,Iiri,1,1,1,1,Iiri (1),Iirin (1)
Satakunta,Iivari,1,1,1,1,Iivari (1),Iivari (1)
Satakunta,Jeeva,1,1,1,1,Jeeva (1),Jeeva (1)
Satakunta,Joppi,1,1,1,1,Joppi (1),Joppi (1)
Satakunta,Jukuri,1,1,1,1,Jukuri (1),Jucuri (1)
Satakunta,Junnila,1,1,1,1,Junnila (1),Junnila (1)
Satakunta,Jäkkijärvi,1,1,1,1,Jäkkijärvi (1),Jäkkijärvi (1)
Satakunta,Kaisu,1,1,1,1,Kaisu (1),Kaisu (1)
Satakunta,Kaper,1,1,1,1,Kaper (1),Kaper (1)
Satakunta,Kerttu,1,1,1,1,Kerttu (1),Karttu (1)
Satakunta,Keso,1,1,1,1,Keso (1),Keso (1)
Satakunta,Ketara,1,1,1,1,Ketara (1),Ketara (1)
Satakunta,Kiika,1,1,1,1,Kiika (1),Kiika-n (1)
Satakunta,Kille,1,1,1,1,Kille (1),Kille (1)
Satakunta,Klaus & kulta,1,1,1,1,Klaus & kulta (1),Klaus & kulta (1)
Satakunta,Klaus-kulta,1,1,1,1,Klaus-kulta (1),Klaus-kulta (1)
Satakunta,Komonen,1,1,1,1,Komonen (1),komonen (1)
Satakunta,Koro,1,1,1,1,Koro (1),Koro (1)
Satakunta,Kustaa,1,1,1,1,Kustaa (1),Kustas (1)
Satakunta,Kylä-Matti,1,1,1,1,Kylä-Matti (1),Kylä-Matti (1)
Satakunta,Kyrö,1,1,1,1,Kyrö (1),Kyrö (1)
Satakunta,Kyröslassi,1,1,1,1,Kyröslassi (1),Kyröslassi (1)
Satakunta,Laina (if loan),1,1,1,1,Laina (if loan) (1),Lain (1)
Satakunta,Laitinen,1,1,1,1,Laitinen (1),Laitinen (1)
Satakunta,Lauko,1,1,1,1,Lauko (1),Lauko (1)
Satakunta,Laura,1,1,1,1,Laura (1),Laara (1)
Satakunta,Lieru,1,1,1,1,Lieru (1),lieru (1)
Satakunta,Maisu,1,1,1,1,Maisu (1),Maisu (1)
Satakunta,Manu,1,1,1,1,Manu (1),Manu (1)
Satakunta,Markku,1,1,1,1,Markku (1),markku (1)
Satakunta,Martta,1,1,1,1,Martta (1),mertta (1)
Satakunta,Melsleimi,1,1,1,1,Melsleimi (1),Melsleimi (1)
Satakunta,Mertta (proper noun),1,1,1,1,Mertta (proper noun) (1),Merttaan (1)
Satakunta,Mirri,1,1,1,1,Mirri (1),Mirri (1)
Satakunta,Nippa,1,1,1,1,Nippa (1),Nippa (1)
Satakunta,Olli,1,1,1,1,Olli (1),Olli (1)
Satakunta,Ollila,1,1,1,1,Ollila (1),Ollila (1)
Satakunta,Oopladi,1,1,1,1,Oopladi (1),oopladi (1)
Satakunta,Osara,1,1,1,1,Osara (1),Osara (1)
Satakunta,Otto/otto,1,1,1,1,Otto/otto (1),Otto/otto (1)
Satakunta,Paakari,1,1,1,1,Paakari (1),Paakari (1)
Satakunta,Penttilä,1,1,1,1,Penttilä (1),Penttilä (1)
Satakunta,Pertta,1,1,1,1,Pertta (1),pierta (1)
Satakunta,Perttu,1,1,1,1,Perttu (1),Perttu (1)
Satakunta,Pihkaheikki,1,1,1,1,Pihkaheikki (1),Pihkaheikki (1)
Satakunta,Pinkka,1,1,1,1,Pinkka (1),Pinkka (1)
Satakunta,Pirjo,1,1,1,1,Pirjo (1),Pirjo (1)
Satakunta,Pirotti,1,1,1,1,Pirotti (1),Pirotti (1)
Satakunta,Ponkka,1,1,1,1,Ponkka (1),Ponkka (1)
Satakunta,Porri,1,1,1,1,Porri (1),Porri (1)
Satakunta,Pouru,1,1,1,1,Pouru (1),Pouru (1)
Satakunta,Prunnila,1,1,1,1,Prunnila (1),Prunnila (1)
Satakunta,Putin,1,1,1,1,Putin (1),Putin (1)
Satakunta,Päireniemi,1,1,1,1,Päireniemi (1),Päireniemi (1)
Satakunta,Pärtty,1,1,1,1,Pärtty (1),Pärtty (1)
Satakunta,Raara,1,1,1,1,Raara (1),Raara (1)
Satakunta,Raipio,1,1,1,1,Raipio (1),Raipio (1)
Satakunta,Reetta,1,1,1,1,Reetta (1),Reetta (1)
Satakunta,Reimu,1,1,1,1,Reimu (1),reimun (1)
Satakunta,Riikka,1,1,1,1,Riikka (1),Riikka (1)
Satakunta,Santapakka,1,1,1,1,Santapakka (1),Santapakka-lla (1)
Satakunta,Sarkola,1,1,1,1,Sarkola (1),Sarkola (1)
Satakunta,Saukko,1,1,1,1,Saukko (1),Saukko (1)
Satakunta,Selma,1,1,1,1,Selma (1),Selma (1)
Satakunta,Seppo,1,1,1,1,Seppo (1),Seppo (1)
Satakunta,Sipiria,1,1,1,1,Sipiria (1),Sipiria (1)
Satakunta,Skoiari,1,1,1,1,Skoiari (1),Skoiari (1)
Satakunta,Sopia,1,1,1,1,Sopia (1),Sopia (1)
Satakunta,Stenviiki,1,1,1,1,Stenviiki (1),Stenviiki (1)
Satakunta,Suttila,1,1,1,1,Suttila (1),Suttila (1)
Satakunta,Säijä,1,1,1,1,Säijä (1),Säijä (1)
Satakunta,Tahvo,1,1,1,1,Tahvo (1),Tahmo (1)
Satakunta,Taku,1,1,1,1,Taku (1),Taku (1)
Satakunta,Tallus,1,1,1,1,Tallus (1),Tallus (1)
Satakunta,Tammerkoski,1,1,1,1,Tammerkoski (1),Tammerkoski (1)
Satakunta,Tapio,1,1,1,1,Tapio (1),Tapio (1)
Satakunta,Tattu,1,1,1,1,Tattu (1),tattu (1)
Satakunta,Teija,1,1,1,1,Teija (1),teija (1)
Satakunta,Teijeri,1,1,1,1,Teijeri (1),Teijeri (1)
Satakunta,Teikko,1,1,1,1,Teikko (1),Teikko (1)
Satakunta,Teiskola,1,1,1,1,Teiskola (1),Teiskola (1)
Satakunta,Tellervo,1,1,1,1,Tellervo (1),Tellervo (1)
Satakunta,Teuvo,1,1,1,1,Teuvo (1),Teuvo (1)
Satakunta,Tiianen,1,1,1,1,Tiianen (1),Tiianen (1)
Satakunta,Tilleri (proper noun),1,1,1,1,Tilleri (proper noun) (1),Tillerin (1)
Satakunta,Tinttanteli,1,1,1,1,Tinttanteli (1),Tinttanteli (1)
Satakunta,Tiura,1,1,1,1,Tiura (1),Tiura (1)
Satakunta,Topi,1,1,1,1,Topi (1),Topi (1)
Satakunta,Touru (name),1,1,1,1,Touru (name) (1),Touru (1)
Satakunta,Traaki,1,1,1,1,Traaki (1),Traaki (1)
Satakunta,Treiju,1,1,1,1,Treiju (1),Treiju (1)
Satakunta,Truija,1,1,1,1,Truija (1),Truija (1)
Satakunta,Tuomas/tuoda,1,1,1,1,Tuomas/tuoda (1),Tuomas/tuomaan (1)
Satakunta,Tuomola,1,1,1,1,Tuomola (1),Tuomola (1)
Satakunta,Tuuri,1,1,1,1,Tuuri (1),Tuuri (1)
Satakunta,Uatila,1,1,1,1,Uatila (1),Uatila (1)
Satakunta,Vakkala,1,1,1,1,Vakkala (1),Vakkala (1)
Satakunta,Vakkeri,1,1,1,1,Vakkeri (1),Vakkeri (1)
Satakunta,Valma,1,1,1,1,Valma (1),Valma (1)
Satakunta,Virkkulanmäki,1,1,1,1,Virkkulanmäki (1),Virkkulanmäki (1)
Satakunta,eeli,1,1,1,1,eeli (1),eeli (1)
Satakunta,eeva (name?) + ka (diminutive/clitic),1,1,1,1,,eevakka (1)
Satakunta,eevakka,1,1,1,1,eevakka (1),eevakka (1)
Satakunta,ellen,1,1,1,1,ellen (1),ellen (1)
Satakunta,hammervesmin,1,1,1,1,hammervesmin (1),hammervesmin (1)
Satakunta,hespen (dial.),1,1,1,1,hespen (dial.) (1),hespen (1)
Satakunta,hippa-heikki,1,1,1,1,hippa-heikki (1),hippa-heikin (1)
Satakunta,kaakka,1,1,1,1,kaakka (1),kaakka (1)
Satakunta,kaija,1,1,1,1,kaija (1),kaija (1)
Satakunta,kataja,1,1,1,1,kataja (1),kataja (1)
Satakunta,koi,1,1,1,1,koi (1),koi (1)
Satakunta,kontio,1,1,1,1,kontio (1),kontio (1)
Satakunta,kuokkala,1,1,1,1,kuokkala (1),kuokkala (1)
Satakunta,laatu & kaija,1,1,1,1,laatu & kaija (1),laatus & kaija (1)
Satakunta,loja(n) & -teri (name suffix),1,1,1,1,,lojanteri (1)
Satakunta,lotta,1,1,1,1,lotta (1),lott (1)
Satakunta,maanantai,1,1,1,1,maanantai (1),maanantai (1)
Satakunta,maku,1,1,1,1,maku (1),maukka (1)
Satakunta,marja/maria,1,1,1,1,marja/maria (1),marija (1)
Satakunta,matemateija,1,1,1,1,matemateija (1),matemateija (1)
Satakunta,menkala,1,1,1,1,menkala (1),menkala (1)
Satakunta,naarva,1,1,1,1,naarva (1),naarva (1)
Satakunta,nimi,1,1,1,1,nimi (1),nimi (1)
Satakunta,nyykooli,1,1,1,1,nyykooli (1),Nyykooli (1)
Satakunta,para,1,1,1,1,para (1),para (1)
Satakunta,pihka & Heikki,1,1,1,1,pihka & Heikki (1),pihka & heikki (1)
Satakunta,piialainen,1,1,1,1,piialainen (1),piialainen (1)
Satakunta,pukki & pirjo,1,1,1,1,pukki & pirjo (1),pukki & pirjo (1)
Satakunta,rämppä & maija,1,1,1,1,rämppä & maija (1),rämppä & maija (1)
Satakunta,sarkkila,1,1,1,1,sarkkila (1),sarkkila (1)
Satakunta,simpukka,1,1,1,1,simpukka (1),simpukka (1)
Satakunta,tilutalo,1,1,1,1,tilutalo (1),tilutalo (1)
Satakunta,timperi,1,1,1,1,timperi (1),timperi (1)
Satakunta,tiski,1,1,1,1,tiski (1),tiski (1)
Satakunta,tuuti,1,1,1,1,tuuti (1),tuti (1)
Satakunta,viljula,1,1,1,1,viljula (1),viljula (1)
Setumaa,Mary / Maria / Maarja / Mari,293,150,18,59,mari (133); Maarja (75); Mari (42); Maria (14); marjakene (5); Maarjale (5); marja (3); marjake (3),mari (58); Maarja (26); marja (25); maarja (18); marakõnõ (17); Mari (17); mara (12); marä (11)
Setumaa,God / Jumala / Jumal,187,123,17,49,Jumal (75); jumal (56); herra (20); looja (8); Jumalale (6); kuningas (4); härra (4); Issand (2),jummal (34); jumal (24); Jummal (14); Jumal (10); herrä (8); herra (7); jumalallõ (6); looja (5)
Setumaa,Jesus / Christ,65,16,2,12,Jeesus (64); Jesus (1),Jeesus (14); eesus (12); Jeesu (10); jessu (10); eesust (6); jeesu (3); jeesus (3); eesu (2)
Setumaa,Anna / Anne / Ann / Anni,42,29,6,15,anne (18); Ann (15); Anne (4); andis (2); andeid (2); andja (1),Ann (14); anni (9); Anne (3); anne (3); andit (2); anmast (2); Annõkõn (1); andist (1)
Setumaa,Thomas / Toomas / Tuomas,37,10,2,5,Toomas (36); Tomas (1),Toomas (31); toomase (2); toomas (2); toomasel (1); Tomas (1)
Setumaa,Catherine / Kadri / Katri,32,9,6,6,Kadri (17); kadri (8); Kati (2); Katariina (2); Katri (1),kadri (15); Kadri (10); kati (2); kadriko (2); kaie (2); Katri (1)
Setumaa,John / Jaan / Jussi / Hans,17,11,6,8,Jaan (10); Juhan (2); Ants (2); jaan (1); jaanil (1); Jaanikene (1),Jaan (6); jaan (3); jaani (2); Ants (2); jaanil (1); jaanikenõ (1); Juhanikõnõ (1); Ivvan (1)
Setumaa,Simon / Siim / Simo,14,1,1,1,Siime (14),Siime (14)
Setumaa,Martin / Mart / Märt,11,3,2,2,Märt (10); Mardu (1),Märt (10); mardso (1)
Setumaa,Peter / Pietari / Peeter,11,5,2,5,Peeter (10); *Petteri (1),Peeter (4); piitri (3); piiterit (2); pehteret (1); Piitre (1)
Setumaa,Elizabeth / Liisa / Liisu / Elli,9,3,2,3,Liisu (7); Liisakene (2),Liisu (4); Liisoo (3); Liisakõnõ (2)
Setumaa,George / Jüri,5,4,1,3,Jüri (5),Jüri (3); jüri (1); jürjo (1)
Setumaa,Kiko,5,2,1,2,Kiko (5),Kiko (3); kiko (2)
Setumaa,Michael / Mikko / Mihkel,5,4,4,4,Mikael (2); Miko (1); Miku (1); Mihkel (1),Mikk (2); miko (1); Miko (1); Mihkel (1)
Setumaa,Tooni,4,1,1,1,Tooni (4),Tooni (4)
Setumaa,Hokol,3,1,1,1,Hokol (3),Hokol (3)
Setumaa,Matthew / Matti,3,1,1,1,Mattias (3),Matti (3)
Setumaa,Sommõr,3,1,1,1,Sommõr (3),Sommõr (3)
Setumaa,Tiit,3,3,1,1,Tiit (3),Tiit (3)
Setumaa,Aadam,2,2,1,1,Aadam (2),Aadam (2)
Setumaa,Andrew / Antti,2,2,1,2,Andres (2),Andsu (1); Andres (1)
Setumaa,Ants,2,1,1,1,Ants (2),antsu (2)
Setumaa,Kai,2,2,1,2,Kai (2),Kai (1); Kaie (1)
Setumaa,Kalev / Kalervo,2,2,2,2,kalev (1); Kalevi (1),kalevega (1); kalevitse (1)
Setumaa,Kreeda,2,1,1,1,Kreeda (2),Kreedakene (2)
Setumaa,Kullo,2,1,1,1,Kullo (2),Kullö (2)
Setumaa,Mai,2,2,1,2,Mai (2),Maiekõn (1); Mai (1)
Setumaa,Migul,2,1,1,1,Migul (2),migul (2)
Setumaa,setu,2,2,1,1,setu (2),Setu (2)
Setumaa,(proper name),1,1,1,1,(proper name) (1),Voolaine (1)
Setumaa,Edo,1,1,1,1,Edo (1),edo (1)
Setumaa,Höödor,1,1,1,1,Höödor (1),Höödor (1)
Setumaa,Ilja,1,1,1,1,Ilja (1),ilja (1)
Setumaa,Jacob / Jaak / Jaakko,1,1,1,1,Jaak (1),Jaak (1)
Setumaa,Jakapi_küla,1,1,1,1,Jakapi_küla (1),Jakapi_küla (1)
Setumaa,Joseph / Joosep,1,1,1,1,Joosep (1),joosõp (1)
Setumaa,Judas / Juudas,1,1,1,1,Judas (1),judaselle (1)
Setumaa,Jungri,1,1,1,1,Jungri (1),Jungrit (1)
Setumaa,Kaie,1,1,1,1,Kaie (1),Kaie (1)
Setumaa,Kiltri,1,1,1,1,Kiltri (1),Kiltri (1)
Setumaa,Kolga,1,1,1,1,Kolga (1),Kolga (1)
Setumaa,Krantsova,1,1,1,1,Krantsova (1),Krantsova (1)
Setumaa,Kusma,1,1,1,1,Kusma (1),Kusma (1)
Setumaa,Leeno,1,1,1,1,Leeno (1),Leeno (1)
Setumaa,Mann,1,1,1,1,Mann (1),manni+ (1)
Setumaa,Nelli,1,1,1,1,Nelli (1),Nelli (1)
Setumaa,Nicholas / Nikka / Klaus,1,1,1,1,Mikolai (1),Mikolai (1)
Setumaa,Olüküva,1,1,1,1,Olüküva (1),Olöhkuva (1)
Setumaa,Paul,1,1,1,1,Paul (1),Paul (1)
Setumaa,Petseri,1,1,1,1,Petseri (1),Petseri (1)
Setumaa,Ristäsa,1,1,1,1,Ristäsa (1),Ristäsa (1)
Setumaa,Saardi,1,1,1,1,Saardi (1),Saardi (1)
Setumaa,Sardi,1,1,1,1,Sardi (1),Sardi (1)
Setumaa,Satserinna,1,1,1,1,Satserinna (1),Satserinna (1)
Setumaa,Seenka,1,1,1,1,Seenka (1),Seenka (1)
Setumaa,Simaskista,1,1,1,1,Simaskista (1),Simaskista (1)
Setumaa,Simmõõ & meri/melo,1,1,1,1,Simmõõ & meri/melo (1),Simmöö & melos (1)
Setumaa,Simmõõ & selle,1,1,1,1,Simmõõ & selle (1),Simmõõ & selee (1)
Setumaa,Tanni,1,1,1,1,Tanni (1),Tanni (1)
Setumaa,Tanno,1,1,1,1,Tanno (1),Tannö (1)
Setumaa,Tato,1,1,1,1,Tato (1),Tatö (1)
Setumaa,Tika,1,1,1,1,Tika (1),Tika (1)
Setumaa,Tobrova,1,1,1,1,Tobrova (1),Tobrova (1)
Setumaa,Tsooru,1,1,1,1,Tsooru (1),Tsooru (1)
Setumaa,Viitka,1,1,1,1,Viitka (1),Viitka (1)
Setumaa,Vitka,1,1,1,1,Vitka (1),Vitka (1)
Setumaa,leenakene,1,1,1,1,leenakene (1),leenakene (1)
Setumaa,madal/Mana (name),1,1,1,1,madal/Mana (name) (1),mana (1)
Setumaa,mannikene,1,1,1,1,mannikene (1),manni+kene (1)
Setumaa,nati,1,1,1,1,nati (1),nati (1)
Setumaa,rakk,1,1,1,1,rakk (1),raku (1)
Setumaa,türa,1,1,1,1,türa (1),türä (1)
Setumaa,vein/Veina (proper noun),1,1,1,1,vein/Veina (proper noun) (1),veina (1)
Tartumaa,Martin / Mart / Märt,605,59,15,19,Märt (195); märt (174); mard (82); märd (43); Mart (31); Mard (22); mart (18); karu (14),marti (180); Märti (91); Märt (85); märt (68); märti (48); märd (30); märdi (24); Mart (20)
Tartumaa,God / Jumala / Jumal,373,263,16,38,jumal (100); härra (89); Jumal (82); looja (28); herra (26); Issand (23); isand (9); Looja (6),härra (83); jumal (78); Jumal (36); jummal (31); herra (27); looja (24); Issand (15); Jummal (14)
Tartumaa,Mary / Maria / Maarja / Mari,355,203,14,38,Mari (144); mari (135); Maarja (46); Maria (13); Marike (4); marjuke (4); Marija (2); marikene (1),Mari (129); mari (93); marja (34); Maarja (25); Maria (11); maarja (9); marjakõnõ (4); marjakene (4)
Tartumaa,Anna / Anne / Ann / Anni,210,128,12,31,Anne (107); Ann (43); anne (43); Anu (6); anum (2); anne (name) (2); anu (2); Annuke (1),Anne (97); Ann (39); anne (26); anu (6); anni (5); annekene (4); annõ (3); Annõ (3)
Tartumaa,John / Jaan / Jussi / Hans,185,106,12,18,Jaan (93); Hans (43); Ants (21); Juhan (13); Juhanile (4); jaan (3); Jussi (2); Jaska (2),Jaan (66); Hans (39); Ants (21); Juhan (13); Jaanikene (11); jaani (7); Jaaniku (6); Juhanile (4)
Tartumaa,Catherine / Kadri / Katri,108,40,12,13,Kadri (60); kadrina (25); kadri (8); Triinu (4); Kadrike (3); kadrike (2); Katariina (1); Katri (1),Kadri (43); kadrina (25); kadri (14); Katri (11); Triinu (4); Kadrikene (3); katreke (2); Katariina (1)
Tartumaa,Elizabeth / Liisa / Liisu / Elli,71,49,4,10,Liisu (43); Liisa (25); Liisuke (2); häll (1),Liisu (39); Liisa (24); liisu (1); Liisokõnõ (1); Liisuke (1); liisusiid (1); liisuke (1); hälli (1)
Tartumaa,Peter / Pietari / Peeter,68,45,4,12,Peeter (62); Peetrus (4); Peterburi (1); peedil (1),Peeter (46); Piiter (5); Piitre (5); Peetrus (4); Pietari (1); Peedi (1); Ptrus (1); Peetrikene (1)
Tartumaa,Jesus / Christ,56,34,4,11,Jeesus (38); Kristus (16); Jesus (1); Jeesusesse (1),Jeesus (30); Kristus (11); jeesus (4); Krist (3); Jesus (2); Jeesuke (1); Kristuse (1); kristus (1)
Tartumaa,Kalev / Kalervo,56,41,5,11,Kalev (38); kalev (14); kalevitse (2); Kalevipoeg (1); kalevline (1),Kalev (26); kalev (9); kalevine (6); kalevi (4); kalevitse (3); Kalevi (2); kalevit (2); Kalevine (1)
Tartumaa,George / Jüri,52,35,1,5,Jüri (52),Jüri (47); jüri (2); Juura (1); juri (1); Jürikene (1)
Tartumaa,Kai,50,28,2,5,Kai (48),Kai (38); Kaie (8); kaiõ (1); kaie (1)
Tartumaa,Mai,50,18,1,4,Mai (50),Mai (35); Maie (12); maie (2); Maiene (1)
Tartumaa,Andrew / Antti,34,12,2,7,Andres (33); Andsu (1),Andres (26); Ands (3); Antsu (1); ändri (1); Andresse-lle (1); Ants (1); Andsu (1)
Tartumaa,Kaie,33,23,1,2,Kaie (33),Kaie (32); kaie (1)
Tartumaa,Simon / Siim / Simo,29,13,6,7,Siim (10); siiman (8); siim (8); Siimon (1); Simun (1); siimukene (1),Siim (10); siiman (8); siim (4); siimani (4); Siimon (1); Simun (1); siimukene (1)
Tartumaa,Matthew / Matti,25,21,5,7,Mats (12); mats (10); Madis (1); matsima (1); matsak (1),Mats (12); mats (6); matsi (3); Madis (1); matsima (1); matsu (1); matsak (1)
Tartumaa,Thomas / Toomas / Tuomas,25,17,2,3,Toomas (24); Toomast (1),Toomas (22); toomas (2); Toomast (1)
Tartumaa,Michael / Mikko / Mihkel,24,18,3,7,Mikk (11); Mihkel (11); mihkel (2),Miku (8); Mikk (5); Mihkel (5); mihkel (2); mihele (2); Miku+l (1); mihe (1)
Tartumaa,Jacob / Jaak / Jaakko,16,14,3,5,Jaak (12); Jakob (3); Jaakup (1),Jaak (10); Jakob (2); Jaagu (2); jakob (1); Jaakup (1)
Tartumaa,Malle,12,7,1,2,Malle (12),Malle (10); malle (2)
Tartumaa,Judas / Juudas,9,7,2,3,juudas (5); Juudas (4),juudas (4); Juudas (4); juudastõ (1)
Tartumaa,Tiit,9,5,1,2,Tiit (9),Tiidu (6); Tiit (3)
Tartumaa,Maie,8,6,1,1,Maie (8),Maie (8)
Tartumaa,Salme,8,2,1,1,Salme (8),Salme (8)
Tartumaa,Tiidu,7,5,1,1,Tiidu (7),Tiidu (7)
Tartumaa,mai,7,3,1,2,mai (7),maie (4); mai (3)
Tartumaa,Elts,5,2,1,2,Elts (5),Elts (4); Eltse (1)
Tartumaa,Liina,5,2,1,2,Liina (5),Liina (3); Liinast (2)
Tartumaa,nenn,5,1,1,1,nenn (5),nenn (5)
Tartumaa,(proper noun),4,2,1,3,(proper noun) (4),Junts (2); Silge (1); Jorna (1)
Tartumaa,Iide,4,1,1,1,Iide (4),Iide (4)
Tartumaa,Krõõt,4,3,1,1,Krõõt (4),Krõõt (4)
Tartumaa,Mann,4,2,1,1,Mann (4),Mann (4)
Tartumaa,Oller,4,1,1,1,Oller (4),Oller (4)
Tartumaa,Tsiimani,4,1,1,1,Tsiimani (4),Tsiimani (4)
Tartumaa,Vaaba,4,1,1,1,Vaaba (4),Vaaba (4)
Tartumaa,Vaabi,4,1,1,1,Vaabi (4),Vaabi (4)
Tartumaa,rein,4,1,1,1,rein (4),reinu (4)
Tartumaa,Luisk,3,1,1,2,Luisk (3),Luisk (2); luisukene (1)
Tartumaa,Olga,3,3,1,1,Olga (3),Olga (3)
Tartumaa,Paavel,3,1,1,1,Paavel (3),Paavel (3)
Tartumaa,Pille,3,2,1,1,Pille (3),Pille (3)
Tartumaa,Siine,3,1,1,1,Siine (3),Siine (3)
Tartumaa,Tiiu,3,3,1,1,Tiiu (3),Tiiu (3)
Tartumaa,Ahti,2,1,1,1,ahti (2),ahti (2)
Tartumaa,Alutaguse,2,2,1,1,Alutaguse (2),Alutaguse (2)
Tartumaa,Ellistvere,2,1,1,1,Ellistvere (2),Ellistvere (2)
Tartumaa,Erilde,2,1,1,2,Erilde (2),erilde (1); erilit (1)
Tartumaa,Eve / Eeva,2,2,2,2,Eeva (1); eeva (1),Eva (1); eeva (1)
Tartumaa,Handsi,2,1,1,1,Handsi (2),Handsi (2)
Tartumaa,Hants,2,1,1,1,Hants (2),Hants (2)
Tartumaa,Hantsu,2,1,1,1,Hantsu (2),Hantsu (2)
Tartumaa,Henry / Heikki,2,2,1,1,Hindrek (2),Hindrek (2)
Tartumaa,Hüljo,2,1,1,1,Hüljo (2),Hüljo (2)
Tartumaa,Iidu,2,2,1,1,Iidu (2),Iidu (2)
Tartumaa,Iina,2,1,1,1,Iina (2),Iina (2)
Tartumaa,Joonatan,2,2,1,1,Joonatan (2),Joonatan (2)
Tartumaa,Joseph / Joosep,2,1,1,1,Joosep (2),Joosep (2)
Tartumaa,Kaali,2,1,1,1,Kaali (2),Kaali (2)
Tartumaa,Kaave,2,1,1,1,Kaave (2),Kaave (2)
Tartumaa,Kolga,2,1,1,1,Kolga (2),Kolga (2)
Tartumaa,Kuke,2,1,1,1,Kuke (2),Kuke (2)
Tartumaa,Käre,2,1,1,1,Käre (2),Käre (2)
Tartumaa,Leevälats,2,1,1,1,Leevälats (2),Leevälats (2)
Tartumaa,Luuke,2,1,1,1,Luuke (2),Luuke (2)
Tartumaa,Luunja,2,1,1,1,Luunja (2),Luunja (2)
Tartumaa,Madis,2,2,1,1,Madis (2),Madis (2)
Tartumaa,Manni,2,1,1,1,Manni (2),Manni (2)
Tartumaa,Miina,2,2,1,1,Miina (2),Miina (2)
Tartumaa,Moska,2,1,1,1,Moska (2),Moska (2)
Tartumaa,Must,2,1,1,1,Must (2),Mustu (2)
Tartumaa,Nicholas / Nikka / Klaus,2,1,1,1,Niklus (2),Niklus (2)
Tartumaa,Noring,2,1,1,1,Noring (2),Noring (2)
Tartumaa,Nursi,2,1,1,1,Nursi (2),Nursi (2)
Tartumaa,Porkuni,2,2,1,1,Porkuni (2),Porkuni (2)
Tartumaa,Rein,2,2,1,1,Rein (2),Rein (2)
Tartumaa,Saadri,2,1,1,1,Saadri (2),Saadri (2)
Tartumaa,Sarah / Saara,2,1,1,1,säär (2),säär (2)
Tartumaa,Siimu,2,1,1,1,Siimu (2),Siimu (2)
Tartumaa,Siku,2,2,1,2,Siku (2),Siku (1); siku (1)
Tartumaa,Sillu,2,1,1,2,Sillu (2),Sillu (1); Silluld (1)
Tartumaa,Sõru,2,1,1,1,Sõru (2),Sõru (2)
Tartumaa,Toots,2,1,1,1,Toots (2),Toots (2)
Tartumaa,Triigi,2,2,1,2,Triigi (2),Triig (1); Triigi (1)
Tartumaa,Tsianahka,2,1,1,1,Tsianahka (2),Tsianahka (2)
Tartumaa,Tõnu,2,2,1,1,Tõnu (2),Tõnu (2)
Tartumaa,Tõnule,2,1,1,1,Tõnule (2),Tõnule (2)
Tartumaa,Uisu,2,1,1,1,Uisu (2),Uisu (2)
Tartumaa,Vaska,2,1,1,1,Vaska (2),Vaska (2)
Tartumaa,Vasula,2,1,1,1,Vasula (2),Vasula (2)
Tartumaa,Viiburi,2,2,1,1,Viiburi (2),Viiburi (2)
Tartumaa,Viio,2,1,1,1,Viio (2),Viio (2)
Tartumaa,kaie,2,1,1,1,kaie (2),kaie (2)
Tartumaa,leenu,2,1,1,1,leenu (2),leenu (2)
Tartumaa,sant,2,1,1,1,sant (2),sant (2)
Tartumaa,teder,2,1,1,1,teder (2),teder (2)
Tartumaa,Aadam,1,1,1,1,Aadam (1),Adam (1)
Tartumaa,Aado,1,1,1,1,Aado (1),Aado (1)
Tartumaa,Aalu,1,1,1,1,Aalu (1),Aalu (1)
Tartumaa,Aaron,1,1,1,1,Aaron (1),Aaron (1)
Tartumaa,Ago,1,1,1,1,Ago (1),Ago (1)
Tartumaa,Airu,1,1,1,1,Airu (1),Airu (1)
Tartumaa,Alli,1,1,1,1,Alli (1),Alli (1)
Tartumaa,Andre & -l,1,1,1,1,Andre & -l (1),Andre & -gella (1)
Tartumaa,Ans,1,1,1,1,Ans (1),Ans (1)
Tartumaa,Ants,1,1,1,1,Ants (1),Antsu (1)
Tartumaa,Arak,1,1,1,1,Arak (1),Arak (1)
Tartumaa,Aru,1,1,1,1,Aru (1),Aru (1)
Tartumaa,Ellik,1,1,1,1,Ellik (1),Ellik (1)
Tartumaa,Ello,1,1,1,1,Ello (1),Ello (1)
Tartumaa,Hinni,1,1,1,1,Hinni (1),Hinni (1)
Tartumaa,Huab,1,1,1,1,Huab (1),huab (1)
Tartumaa,Hõntu,1,1,1,1,Hõntu (1),Hõntu (1)
Tartumaa,Iilu,1,1,1,1,Iilu (1),Iilu (1)
Tartumaa,Iir,1,1,1,1,Iir (1),Iir (1)
Tartumaa,Iire,1,1,1,1,Iire (1),Iire (1)
Tartumaa,Iiru,1,1,1,1,Iiru (1),Iiru (1)
Tartumaa,Jooda,1,1,1,1,Jooda (1),Jooda (1)
Tartumaa,Jordan,1,1,1,1,Jordan (1),Jordan (1)
Tartumaa,Juku/jooksja,1,1,1,1,Juku/jooksja (1),Juker (1)
Tartumaa,Juula,1,1,1,1,Juula (1),Juula (1)
Tartumaa,Kakaduu,1,1,1,1,Kakaduu (1),Kakaduu (1)
Tartumaa,Kalsus,1,1,1,1,Kalsus (1),kalsus (1)
Tartumaa,Katre,1,1,1,1,Katre (1),Katre (1)
Tartumaa,Kavilda,1,1,1,1,Kavilda (1),Kavilda (1)
Tartumaa,Keeni,1,1,1,1,Keeni (1),Keeni (1)
Tartumaa,Kiima,1,1,1,1,Kiima (1),Kiima (1)
Tartumaa,Kilingi,1,1,1,1,Kilingi (1),Kilingi (1)
Tartumaa,Kilsus,1,1,1,1,Kilsus (1),kilsus (1)
Tartumaa,Kilter,1,1,1,1,Kilter (1),Kilter (1)
Tartumaa,Kiltre,1,1,1,1,Kiltre (1),Kiltre (1)
Tartumaa,Koigo,1,1,1,1,Koigo (1),Koiko (1)
Tartumaa,Koigu,1,1,1,1,Koigu (1),Koiku (1)
Tartumaa,Konguta,1,1,1,1,Konguta (1),Konguta (1)
Tartumaa,Kontjaan,1,1,1,1,Kontjaan (1),Kontjaan (1)
Tartumaa,Kotre,1,1,1,1,Kotre (1),Kotre (1)
Tartumaa,Kristjan,1,1,1,1,Kristjan (1),Kristjan (1)
Tartumaa,Krällo,1,1,1,1,Krällo (1),Krällo (1)
Tartumaa,Krõõta,1,1,1,1,Krõõta (1),Krõõta (1)
Tartumaa,Kundaeie,1,1,1,1,Kundaeie (1),Kundaeie (1)
Tartumaa,Kurista,1,1,1,1,Kurista (1),Kurista (1)
Tartumaa,Kärkna,1,1,1,1,Kärkna (1),Kärkna (1)
Tartumaa,Kärnali,1,1,1,1,Kärnali (1),Kärnali (1)
Tartumaa,Käru,1,1,1,1,Käru (1),Käru (1)
Tartumaa,Laagle,1,1,1,1,Laagle (1),Laagle (1)
Tartumaa,Laatre,1,1,1,1,Laatre (1),laatre (1)
Tartumaa,Lammerik,1,1,1,1,Lammerik (1),Lammerik (1)
Tartumaa,Lauri,1,1,1,1,Lauri (1),Lauri (1)
Tartumaa,Leena-Liis,1,1,1,1,Leena-Liis (1),Leena-Liis (1)
Tartumaa,Leenu,1,1,1,1,Leenu (1),Leenu (1)
Tartumaa,Lemming,1,1,1,1,Lemming (1),Lemming (1)
Tartumaa,Liisake,1,1,1,1,Liisake (1),Liisa&ke (1)
Tartumaa,Lust,1,1,1,1,Lust (1),Lust (1)
Tartumaa,Magdaleena,1,1,1,1,Magdaleena (1),madaleena (1)
Tartumaa,Mardu,1,1,1,1,Mardu (1),Mardu (1)
Tartumaa,Mikku,1,1,1,1,Mikku (1),Mikku (1)
Tartumaa,Miku,1,1,1,1,Miku (1),miku (1)
Tartumaa,Moori-Jaan,1,1,1,1,Moori-Jaan (1),Moori-Jaan (1)
Tartumaa,Mooses,1,1,1,1,Mooses (1),Mooses (1)
Tartumaa,Mulg,1,1,1,1,Mulg (1),Mulg (1)
Tartumaa,Mõra,1,1,1,1,Mõra (1),Mõra (1)
Tartumaa,Mürä,1,1,1,1,Mürä (1),Mürä (1)
Tartumaa,Nalgjan,1,1,1,1,Nalgjan (1),Nalgjan (1)
Tartumaa,Nirgi,1,1,1,1,Nirgi (1),Nirgi (1)
Tartumaa,Nirgu,1,1,1,1,Nirgu (1),Nirgu (1)
Tartumaa,Näu,1,1,1,1,Näu (1),Näu (1)
Tartumaa,Nõu,1,1,1,1,Nõu (1),Nõu (1)
Tartumaa,Ollard,1,1,1,1,Ollard (1),Ollardi (1)
Tartumaa,Oti,1,1,1,1,Oti (1),Oti (1)
Tartumaa,Paadla,1,1,1,1,Paadla (1),Paadla (1)
Tartumaa,Paulpassi,1,1,1,1,Paulpassi (1),Paulpassi (1)
Tartumaa,Pekk,1,1,1,1,Pekk (1),Pekri (1)
Tartumaa,Pekker,1,1,1,1,Pekker (1),Pekker (1)
Tartumaa,Petterpur,1,1,1,1,Petterpur (1),Petterpur (1)
Tartumaa,Pia,1,1,1,1,Pia (1),pia (1)
Tartumaa,Piitre,1,1,1,1,Piitre (1),piitre (1)
Tartumaa,Pilli,1,1,1,1,Pilli (1),Pilli (1)
Tartumaa,Ponnapart,1,1,1,1,Ponnapart (1),Ponnapart (1)
Tartumaa,Poolik,1,1,1,1,Poolik (1),Poolik (1)
Tartumaa,Porku,1,1,1,1,Porku (1),Porku (1)
Tartumaa,Raadi,1,1,1,1,Raadi (1),Raadi (1)
Tartumaa,Rants,1,1,1,1,Rants (1),Rants (1)
Tartumaa,Reetsu,1,1,1,1,Reetsu (1),reetsu (1)
Tartumaa,Riig,1,1,1,1,Riig (1),riiast (1)
Tartumaa,Riiga,1,1,1,1,Riiga (1),riiga (1)
Tartumaa,Rudija,1,1,1,1,Rudija (1),Rudija (1)
Tartumaa,Ruudi,1,1,1,1,Ruudi (1),Ruudi (1)
Tartumaa,Samuel,1,1,1,1,Samuel (1),Samuli (1)
Tartumaa,Santlaur,1,1,1,1,Santlaur (1),Santlaur (1)
Tartumaa,Sigurik,1,1,1,1,Sigurik (1),Sigurik (1)
Tartumaa,Siig,1,1,1,1,Siig (1),Siig (1)
Tartumaa,Siigsaar,1,1,1,1,Siigsaar (1),Siigsaar (1)
Tartumaa,Siimanseel,1,1,1,1,Siimanseel (1),siimanseel (1)
Tartumaa,Sulli,1,1,1,1,Sulli (1),Sulli (1)
Tartumaa,Surju,1,1,1,1,Surju (1),Surju (1)
Tartumaa,Sõõru,1,1,1,1,Sõõru (1),Sõõru (1)
Tartumaa,Talina,1,1,1,1,Talina (1),Talina (1)
Tartumaa,Talinad,1,1,1,1,Talinad (1),talinade (1)
Tartumaa,Talli-Mati,1,1,1,1,Talli-Mati (1),Talli-Mati (1)
Tartumaa,Tanel,1,1,1,1,Tanel (1),Tanel (1)
Tartumaa,Teele,1,1,1,1,Teele (1),Teele (1)
Tartumaa,Teemu,1,1,1,1,Teemu (1),Teemu (1)
Tartumaa,Tegu,1,1,1,1,Tegu (1),Tegu (1)
Tartumaa,Teppan,1,1,1,1,Teppan (1),Teppan (1)
Tartumaa,Tibur,1,1,1,1,Tibur (1),Tibur (1)
Tartumaa,Tiider,1,1,1,1,Tiider (1),Tiider (1)
Tartumaa,Tiimu,1,1,1,1,Tiimu (1),Tiimu (1)
Tartumaa,Tiio,1,1,1,1,Tiio (1),Tiio (1)
Tartumaa,Tiresk,1,1,1,1,Tiresk (1),Tiresk (1)
Tartumaa,Tootsima,1,1,1,1,Tootsima (1),Tootsima (1)
Tartumaa,Triivulised,1,1,1,1,Triivulised (1),Triivulised (1)
Tartumaa,Tuks,1,1,1,1,Tuks (1),Tuks (1)
Tartumaa,Tählveren,1,1,1,1,Tählveren (1),Tählveren (1)
Tartumaa,Ulila,1,1,1,1,Ulila (1),Ulila (1)
Tartumaa,Uuritselli,1,1,1,1,Uuritselli (1),Uuritselli (1)
Tartumaa,Vagup,1,1,1,1,Vagup (1),Vaagup (1)
Tartumaa,Vahi-Villem,1,1,1,1,Vahi-Villem (1),Vahi-Villem (1)
Tartumaa,Viia,1,1,1,1,Viia (1),Viiu (1)
Tartumaa,Villem,1,1,1,1,Villem (1),Villem (1)
Tartumaa,Virus,1,1,1,1,Virus (1),Virus (1)
Tartumaa,Võru,1,1,1,1,Võru (1),Võru (1)
Tartumaa,ellakene,1,1,1,1,ellakene (1),ellakene (1)
Tartumaa,iire,1,1,1,1,iire (1),iire (1)
Tartumaa,jaanituli,1,1,1,1,jaanituli (1),jaanitulel (1)
Tartumaa,kai(e)l,1,1,1,1,kai(e)l (1),kai(e)+l (1)
Tartumaa,leenukene,1,1,1,1,leenukene (1),leenukene (1)
Tartumaa,liiv,1,1,1,1,liiv (1),Liiv/Liiva (1)
Tartumaa,maha/manu,1,1,1,1,maha/manu (1),manu (1)
Tartumaa,maias,1,1,1,1,maias (1),maias (1)
Tartumaa,mardikene,1,1,1,1,mardikene (1),mardikene (1)
Tartumaa,nimi,1,1,1,1,nimi (1),nimi (1)
Tartumaa,parsielt,1,1,1,1,parsielt (1),parsielt (1)
Tartumaa,pekker,1,1,1,1,pekker (1),pekker (1)
Tartumaa,sõsikene,1,1,1,1,sõsikene (1),sõtsikene (1)
Tartumaa,tiidu,1,1,1,1,tiidu (1),tiidu (1)
Tartumaa,tiiu,1,1,1,1,tiiu (1),tiiu (1)
Tartumaa,vaar,1,1,1,1,vaar (1),Vaar (1)
Tartumaa,Äntu,1,1,1,1,Äntu (1),Äntu (1)
Tveri,Timo,14,7,1,4,Timo (14),Timo (9); Timo-n (3); Timo-lah (1); Timoh (1)
Tveri,Peter / Pietari / Peeter,7,7,1,4,Pietari (7),Piiteri (3); Pietari (2); Piiterin (1); piiterin (1)
Tveri,Vana,7,1,1,1,Vana (7),Vana (7)
Tveri,God / Jumala / Jumal,5,5,3,4,jumala (2); Jumala (2); herra (1),jumala (2); tsubarihan (1); jumalazet (1); Jumala (1)
Tveri,Ogo,5,5,1,1,Ogo (5),Ogo (5)
Tveri,Ukko,5,5,3,3,ukko (3); Ukko (1); ukkojalla (1),ukko (3); Ukko (1); ukkozella (1)
Tveri,Catherine / Kadri / Katri,3,2,2,2,Katti (2); Katja (1),Katti (2); Kat'i (1)
Tveri,Katti,3,2,1,1,Katti (3),katti (3)
Tveri,Matthew / Matti,3,3,1,2,Matti (3),Matti (2); matti (1)
Tveri,Anna / Anne / Ann / Anni,2,2,1,1,Anni (2),Anni (2)
Tveri,Miikkula,2,2,1,1,Miikkula (2),Miikkula (2)
Tveri,Tšikko,2,1,1,1,Tšikko (2),Tšikko (2)
Tveri,Väinö,2,1,1,1,Väinö (2),vano (2)
Tveri,Baburi,1,1,1,1,Baburi (1),Baburi (1)
Tveri,Dimjan,1,1,1,1,Dimjan (1),Dimjana (1)
Tveri,Fedosi,1,1,1,1,Fedosi (1),Fedossa (1)
Tveri,Hodari,1,1,1,1,Hodari (1),Hodari (1)
Tveri,Hotarin,1,1,1,1,Hotarin (1),Hodarin (1)
Tveri,Iivana,1,1,1,1,Iivana (1),iivanazen (1)
Tveri,Kosta,1,1,1,1,Kosta (1),Kosta (1)
Tveri,Kuzma,1,1,1,1,Kuzma (1),Kuzma (1)
Tveri,Latas,1,1,1,1,Latas (1),Latas (1)
Tveri,Läkkö-lle,1,1,1,1,Läkkö-lle (1),Läkkö-läh (1)
Tveri,Marja,1,1,1,1,Marja (1),Muarja (1)
Tveri,Mary / Maria / Maarja / Mari,1,1,1,1,Maria (1),Muarie (1)
Tveri,Masan,1,1,1,1,Masan (1),Masan (1)
Tveri,Maša,1,1,1,1,Maša (1),Mašan (1)
Tveri,Michael / Mikko / Mihkel,1,1,1,1,Mikael (1),Mihaila (1)
Tveri,Mikoslkoi,1,1,1,1,Mikoslkoi (1),Mikoslkoi (1)
Tveri,Minna,1,1,1,1,Minna (1),minna+n (1)
Tveri,Natan,1,1,1,1,Natan (1),Nataskin (1)
Tveri,Natto,1,1,1,1,Natto (1),Natto (1)
Tveri,Oska,1,1,1,1,Oska (1),Os'ka (1)
Tveri,Paro,1,1,1,1,Paro (1),Paro (1)
Tveri,Petu,1,1,1,1,Petu (1),Petu (1)
Tveri,Petun,1,1,1,1,Petun (1),Petun (1)
Tveri,Potaska,1,1,1,1,Potaska (1),Potaska (1)
Tveri,Potjan,1,1,1,1,Potjan (1),Potjaskin (1)
Tveri,Prokko-lle,1,1,1,1,Prokko-lle (1),Prokko-lah (1)
Tveri,Teppo,1,1,1,1,Teppo (1),teppo (1)
Tveri,Timo (proper noun),1,1,1,1,Timo (proper noun) (1),Timo+lah (1)
Tveri,Timola,1,1,1,1,Timola (1),Timola (1)
Tveri,Timon,1,1,1,1,Timon (1),Timo-n (1)
Tveri,Tiuri,1,1,1,1,Tiuri (1),Tiuri (1)
Tveri,Tver,1,1,1,1,Tver (1),Tver (1)
Tveri,Vasa,1,1,1,1,Vasa (1),Vasa (1)
Tveri,Vasen,1,1,1,1,Vasen (1),Vasane (1)
Tveri,Vasja,1,1,1,1,Vasja (1),Vas'ka (1)
Tveri,Vorttilova,1,1,1,1,Vorttilova (1),Vorttilova (1)
Tveri,Vutti,1,1,1,1,Vutti (1),vutti (1)
Tveri,kalle,1,1,1,1,kalle (1),kalle (1)
Tveri,overi,1,1,1,1,overi (1),overi (1)
Uusimaa,Matthew / Matti,32,23,2,3,Matti (28); matti (4),Matti (27); matti (4); matin (1)
Uusimaa,Henry / Heikki,27,19,2,2,Heikki (25); Henrikki (2),Heikki (25); hennikki (2)
Uusimaa,John / Jaan / Jussi / Hans,24,19,4,4,Jussi (19); Hans (2); jänis (2); Jussin (1),Jussi (19); Hanssu (2); jussi (2); Jussis (1)
Uusimaa,Ukko,24,21,2,2,ukko (18); Ukko (6),ukko (17); Ukko (7)
Uusimaa,Andrew / Antti,21,17,2,3,Antti (20); antti (1),Antti (18); Antan (2); antti (1)
Uusimaa,Peter / Pietari / Peeter,21,18,3,7,Pietari (18); Pekka (2); pietari (1),Pietari (13); pietari (2); Pekka (2); Piatar (1); pikipietari (1); Piter (1); Peeter (1)
Uusimaa,God / Jumala / Jumal,20,14,3,4,herra (17); Herra (2); luoja (1),herra (17); Herra-n (1); luoja (1); Herra (1)
Uusimaa,Mary / Maria / Maarja / Mari,19,15,5,6,Maija (10); Maaria (4); Maarja (2); maaria (2); maija (1),Maija (9); Maaria (3); maija (2); Maarja (2); maaria (2); Maari (1)
Uusimaa,Elizabeth / Liisa / Liisu / Elli,8,5,2,3,Elli (5); Liisa (3),Elli (4); Liisa (3); Elleni (1)
Uusimaa,Esko,7,5,1,3,Esko (7),Esko (3); Eskon (2); esko (2)
Uusimaa,Eve / Eeva,7,5,1,1,Eeva (7),Eeva (7)
Uusimaa,Thomas / Toomas / Tuomas,7,7,1,3,Tuomas (7),Tuomas (3); Tuamas (2); Tuomaas (2)
Uusimaa,Catherine / Kadri / Katri,6,5,2,2,Kaisa (5); kaisa (1),Kaisa (5); kaisa (1)
Uusimaa,Kalle,5,2,1,1,Kalle (5),Kalle (5)
Uusimaa,Anna / Anne / Ann / Anni,4,4,2,2,Anni (3); Anna (1),Anni (3); Anna (1)
Uusimaa,Michael / Mikko / Mihkel,4,3,2,2,Mikko (3); Mikael (1),Mikko (3); Mikaeeli (1)
Uusimaa,Vappu,4,3,1,1,Vappu (4),Vappu (4)
Uusimaa,Alli,3,3,1,1,Alli (3),Alli (3)
Uusimaa,Killi,3,3,1,1,Killi (3),Killi (3)
Uusimaa,Nanna,3,3,1,1,Nanna (3),Nanna (3)
Uusimaa,Nuutti,3,1,1,1,Nuutti (3),Nuutti (3)
Uusimaa,Anttila,2,2,1,1,Anttila (2),Anttila (2)
Uusimaa,Anttoo,2,1,1,1,Anttoo (2),Anttoo (2)
Uusimaa,Eeli,2,2,1,1,Eeli (2),Eeli (2)
Uusimaa,Ellen,2,2,1,1,Ellen (2),Ellen (2)
Uusimaa,Esa,2,2,1,1,Esa (2),Esa (2)
Uusimaa,Jesus / Christ,2,1,2,2,Jeesus (1); Kristus (1),Jeesus (1); Kristus (1)
Uusimaa,Kaija,2,2,1,1,Kaija (2),Kaija (2)
Uusimaa,Laara,2,2,1,1,Laara (2),Laara (2)
Uusimaa,Leena,2,2,1,1,Leena (2),Leena (2)
Uusimaa,Nalli,2,2,1,2,Nalli (2),Nallin (1); Nalli (1)
Uusimaa,Ninni,2,2,1,1,Ninni (2),Ninni (2)
Uusimaa,Paakari,2,2,1,1,Paakari (2),Paakari (2)
Uusimaa,Pentti,2,2,1,1,Pentti (2),Pentti (2)
Uusimaa,Riitanter,2,1,1,1,Riitanter (2),Riitanter (2)
Uusimaa,Sarah / Saara,2,2,1,1,Saara (2),Saara (2)
Uusimaa,Tilli,2,2,1,2,Tilli (2),Tilli (1); Tillin (1)
Uusimaa,(no direct equivalent),1,1,1,1,(no direct equivalent) (1),ooker & manni (1)
Uusimaa,Abraham,1,1,1,1,Abraham (1),Aaprahammi (1)
Uusimaa,Andersen,1,1,1,1,Andersen (1),Andersenin (1)
Uusimaa,Ani (proper noun),1,1,1,1,Ani (proper noun) (1),Ani (+ -ken) (1)
Uusimaa,Annikki,1,1,1,1,Annikki (1),Annikki (1)
Uusimaa,Antressonni,1,1,1,1,Antressonni (1),Antressonni (1)
Uusimaa,Banda & karhu,1,1,1,1,Banda & karhu (1),Banda & karhu (1)
Uusimaa,Eeli/eeli,1,1,1,1,Eeli/eeli (1),Eeli (1)
Uusimaa,Elli/Ellen,1,1,1,1,Elli/Ellen (1),*Ellen (1)
Uusimaa,Erkki,1,1,1,1,Erkki (1),Erkki (1)
Uusimaa,Eskon,1,1,1,1,Eskon (1),eskon (1)
Uusimaa,George / Jüri,1,1,1,1,Yrjö (1),Yrjö (1)
Uusimaa,Halituli,1,1,1,1,Halituli (1),Halituli (1)
Uusimaa,Hanna,1,1,1,1,Hanna (1),Hanna (1)
Uusimaa,Hannu/antaa,1,1,1,1,Hannu/antaa (1),annun (name) / antaa (verb) (1)
Uusimaa,Hannula,1,1,1,1,Hannula (1),Hannula (1)
Uusimaa,Hellä/ellen,1,1,1,1,Hellä/ellen (1),hellen/ellen (1)
Uusimaa,Hessu,1,1,1,1,Hessu (1),Hessu (1)
Uusimaa,Hikka (name)/hikkoa,1,1,1,1,Hikka (name)/hikkoa (1),Hikka (1)
Uusimaa,Hymylä,1,1,1,1,Hymylä (1),Hymylä (1)
Uusimaa,Iisak-kin,1,1,1,1,Iisak-kin (1),Iisak-kin (1)
Uusimaa,Iisakki,1,1,1,1,Iisakki (1),Iisakki (1)
Uusimaa,Iivari,1,1,1,1,Iivari (1),Iivari (1)
Uusimaa,Inkeri,1,1,1,1,Inkeri (1),Inkeri (1)
Uusimaa,Inkka,1,1,1,1,Inkka (1),Inkka (1)
Uusimaa,Jaakkola,1,1,1,1,Jaakkola (1),Jaakkola (1)
Uusimaa,Juho,1,1,1,1,Juho (1),Juho (1)
Uusimaa,Jussila,1,1,1,1,Jussila (1),Jussila (1)
Uusimaa,Karppi,1,1,1,1,Karppi (1),Karppi (1)
Uusimaa,Karttu,1,1,1,1,Karttu (1),Karttu (1)
Uusimaa,Karvat,1,1,1,1,Karvat (1),Karvat (1)
Uusimaa,Katima,1,1,1,1,Katima (1),Katima (1)
Uusimaa,Lassi,1,1,1,1,Lassi (1),Lassi (1)
Uusimaa,Lyytill,1,1,1,1,Lyytill (1),Lyytill (1)
Uusimaa,Maijaliisa,1,1,1,1,Maijaliisa (1),Maijaliisa (1)
Uusimaa,Maikki,1,1,1,1,Maikki (1),Maikki (1)
Uusimaa,Margareeta,1,1,1,1,Margareeta (1),Markareeta (1)
Uusimaa,Martin / Mart / Märt,1,1,1,1,räpäsky (1),rääpyskä (1)
Uusimaa,Meti (PN),1,1,1,1,Meti (PN) (1),Meti (1)
Uusimaa,Nicholas / Nikka / Klaus,1,1,1,1,nikka (1),nikka (1)
Uusimaa,Niuhala,1,1,1,1,Niuhala (1),Niuhala (1)
Uusimaa,Otto,1,1,1,1,Otto (1),Otto (1)
Uusimaa,Perttuli,1,1,1,1,Perttuli (1),Perttuli (1)
Uusimaa,Pihkaheikki,1,1,1,1,Pihkaheikki (1),Pihkaheikki (1)
Uusimaa,Piki-Heikki,1,1,1,1,Piki-Heikki (1),Piki-Heikki (1)
Uusimaa,Pomeli,1,1,1,1,Pomeli (1),Pomeli (1)
Uusimaa,Raaro,1,1,1,1,Raaro (1),Raaro (1)
Uusimaa,Reeta,1,1,1,1,Reeta (1),Reeta (1)
Uusimaa,Roopetti,1,1,1,1,Roopetti (1),Roopetti (1)
Uusimaa,Ryänä,1,1,1,1,Ryänä (1),Ryänä (1)
Uusimaa,Simola,1,1,1,1,Simola (1),Simola (1)
Uusimaa,Simon / Siim / Simo,1,1,1,1,Simo (1),Siimoon (1)
Uusimaa,Taneli,1,1,1,1,Taneli (1),Taneli (1)
Uusimaa,Tiina,1,1,1,1,Tiina (1),Tiina (1)
Uusimaa,Tilleri,1,1,1,1,Tilleri (1),Tilleri (1)
Uusimaa,Tintta,1,1,1,1,Tintta (1),Tintta (1)
Uusimaa,Topelius,1,1,1,1,Topelius (1),Topelius (1)
Uusimaa,Tyry,1,1,1,1,Tyry (1),Tyry (1)
Uusimaa,Tyytill,1,1,1,1,Tyytill (1),Tyytill (1)
Uusimaa,Ulle,1,1,1,1,Ulle (1),Ulle (1)
Uusimaa,Valli,1,1,1,1,Valli (1),Valli (1)
Uusimaa,Ville,1,1,1,1,Ville (1),Ville (1)
Uusimaa,Vivola,1,1,1,1,Vivola (1),Vivola (1)
Uusimaa,inkentinken,1,1,1,1,inkentinken (1),inkentinken (1)
Uusimaa,moikko,1,1,1,1,moikko (1),moikko (1)
Uusimaa,monni & kylä,1,1,1,1,monni & kylä (1),monni & kylä (1)
Uusimaa,nasti (spigot?),1,1,1,1,nasti (spigot?) (1),nassi (1)
Uusimaa,nimetön,1,1,1,1,nimetön (1),nimetön (1)
Uusimaa,nimi,1,1,1,1,nimi (1),nimi (1)
Uusimaa,pieni Heikki,1,1,1,1,pieni Heikki (1),pikkuheikki (1)
Uusimaa,pihka & Heikki,1,1,1,1,pihka & Heikki (1),pihka & Heikki (1)
Uusimaa,pihka-heikki,1,1,1,1,pihka-heikki (1),pihka-heikki (1)
Uusimaa,pikku-Kalle,1,1,1,1,pikku-Kalle (1),pikku-Kalle (1)
Uusimaa,piru & Ville,1,1,1,1,piru & Ville (1),piru & Ville (1)
Uusimaa,tiainen,1,1,1,1,tiainen (1),tiir (1)
Uusimaa,tiistikki,1,1,1,1,tiistikki (1),tiistikki (1)
Uusimaa,tillikka,1,1,1,1,tillikka (1),tillikka (1)
Uusimaa,tuoksema (if scent-related),1,1,1,1,tuoksema (if scent-related) (1),tuusama (1)
Uusimaa,velli,1,1,1,1,velli (1),velli (1)
Valgamaa,God / Jumala / Jumal,7,4,2,3,härra (5); jumal (2),härra (5); jummal (1); jumal (1)
Valgamaa,John / Jaan / Jussi / Hans,7,3,2,4,Jaan (6); Ants (1),Jaan (2); jaani (2); jaanil (2); Ants (1)
Valgamaa,Mary / Maria / Maarja / Mari,4,4,3,4,mari (2); Mari (1); Maarja (1),mari (1); marjaken (1); Mari (1); Maarja (1)
Valgamaa,Peter / Pietari / Peeter,4,3,1,3,Peeter (4),Piiter (2); peeter (1); peter (1)
Valgamaa,leila,3,1,1,1,leila (3),leila (3)
Valgamaa,Matthew / Matti,2,1,1,1,Mats (2),Mats (2)
Valgamaa,Thomas / Toomas / Tuomas,2,1,1,1,Toomas (2),Toomas (2)
Valgamaa,Tünda,2,1,1,1,Tünda (2),Tünda (2)
Valgamaa,Catherine / Kadri / Katri,1,1,1,1,Katri (1),Katri (1)
Valgamaa,Hanna,1,1,1,1,Hanna (1),Hanna (1)
Valgamaa,Kalev / Kalervo,1,1,1,1,kalev (1),kalev (1)
Valgamaa,Kiltre,1,1,1,1,Kiltre (1),Kiltre (1)
Valgamaa,Rija,1,1,1,1,Rija (1),Rija (1)
Valgamaa,eino,1,1,1,1,eino (1),eino (1)
Valgamaa,meino,1,1,1,1,meino (1),meino (1)
Valgamaa,Ärtu,1,1,1,1,Ärtu (1),Ärtu (1)
Varsinais-Suomi,God / Jumala / Jumal,266,183,7,23,herra (221); Jumala (16); Herra (14); luoja (9); jumala (4); Luoja (1); jumalauta (1),herra (205); Herra (15); Jumala (12); luoja (8); jumala (4); herran (3); Jumalan (2); herra-isa-kin (2)
Varsinais-Suomi,John / Jaan / Jussi / Hans,95,71,6,10,Jussi (85); Juhani (4); Juha (3); johanneksen (1); Johannes (1); jään (1),Jussi (82); Juhani (4); juhani (2); johannekses (1); Jusu (1); Jussis (1); Jussien (1); Johannes (1)
Varsinais-Suomi,Mary / Maria / Maarja / Mari,90,71,6,17,Maija (57); Maria (18); Maaria (6); Maarja (5); Mari (2); maaria (2),Maija (50); Maaria (9); Maarja (8); maija (4); Maria (2); mar (2); maria (2); Mari (2)
Varsinais-Suomi,Nicholas / Nikka / Klaus,66,21,3,3,Klaus (36); Nikka (25); nikka (5),Klaus (36); Nikka (25); nikka (5)
Varsinais-Suomi,Peter / Pietari / Peeter,60,55,5,12,Pietari (43); Pekka (13); Petteri (2); pekka (1); Pietari (hypothetical) (1),Pietari (32); Pekka (11); Piatari (3); piatari (3); Petteri (2); pietari (2); Pieri (2); pekka (1)
Varsinais-Suomi,Killi,59,17,1,1,Killi (59),Killi (59)
Varsinais-Suomi,Henry / Heikki,58,44,3,11,Heikki (47); Henrik (10); Hessu (diminutive) (1),Heikki (44); heinirichi (3); Hessu (2); henrichillen (2); Heikin (1); Sand-Henrik (1); Henrik (1); Hen (1)
Varsinais-Suomi,Thomas / Toomas / Tuomas,58,55,2,8,Tuomas (57); Tuomas (proper name adaptation) (1),Tuomas (40); Tuomo (5); Tuamas (5); Tuoma (3); Tuomos (2); Tuomaas (1); tuomas (1); Tuamo (1)
Varsinais-Suomi,Elizabeth / Liisa / Liisu / Elli,41,28,4,10,Liisa (17); Elina (12); Elli (10); Eliina (2),Liisa (14); Elina (11); Elli (8); Eliina (2); Liisalle (1); liisa (1); Ellë (1); liis (1)
Varsinais-Suomi,Matthew / Matti,41,36,3,8,Matti (35); matti (4); mätti (2),Matti (29); matti (5); mätti (2); Matin (1); matis (1); Matt (1); Mati (1); mati (1)
Varsinais-Suomi,Jesus / Christ,35,27,3,8,Jeesus (20); Kristus (12); Jesus (3),Jeesus (10); Jesus (10); Kristus (9); Kiesus (2); Kristuksen (1); Cristus (1); iesus+ksen (1); kristus+ksen (1)
Varsinais-Suomi,Kaija,35,30,1,2,Kaija (35),Kaija (32); kaija (3)
Varsinais-Suomi,Kirsti,27,11,1,1,Kirsti (27),Kirsti (27)
Varsinais-Suomi,Michael / Mikko / Mihkel,24,11,3,9,Mikko (22); mikon (1); Mikon (1),Mikko (6); Mikkeli (6); Mikkoo (4); miko (3); mikost (1); Mikkar (1); Mikkel (1); Miko (1)
Varsinais-Suomi,(proper noun),20,4,1,13,(proper noun) (20),Kippar (2); Kappar (2); Ukslar (2); Ynttikyntti (2); Frätsperi (2); Kuppar (2); Sigri (2); Hexlar (1)
Varsinais-Suomi,killi,19,1,1,1,killi (19),killi (19)
Varsinais-Suomi,Tuoni,18,13,3,5,Tuoni (13); Tuonen (3); tuoni (2),Tuoni (6); Tuonen (5); Tuanen (3); tuoni (2); Tuoni-n (2)
Varsinais-Suomi,Lemminkäinen,17,12,3,7,Lemminkäinen (13); Lämminkäinen (2); lemminkäinen (2),Lemminkäinen (4); lemminkäine (3); lemminkäinen (3); lämminkäinen (2); Lemminkäine (2); Lämminkäinen (2); Lenninkäinen (1)
Varsinais-Suomi,Catherine / Kadri / Katri,16,16,5,8,Kaisa (9); kati (3); Kati (2); Kateriina (1); kaisa (1),Kaisa (6); kati (4); Kateriina (1); caisa (1); kaisa (1); kaiss (1); Kais (1); Kati (1)
Varsinais-Suomi,Andrew / Antti,15,14,1,2,Antti (15),Antti (13); Antta (2)
Varsinais-Suomi,Kalle,13,8,1,1,Kalle (13),Kalle (13)
Varsinais-Suomi,Anna / Anne / Ann / Anni,12,12,2,5,Anni (10); Anna (2),Anni (8); Annin (1); Anna (1); Ani-ke (1); anni (1)
Varsinais-Suomi,Ukko,12,11,3,5,ukko (8); Ukko (3); ukko (proto-Finnic *ukko 'old man') (1),äijä (4); ukko (3); Ukko (3); ukkas (1); uakasest (1)
Varsinais-Suomi,Lassi,11,11,1,1,Lassi (11),Lassi (11)
Varsinais-Suomi,Tattula,11,11,1,2,Tattula (11),Tattula (10); tattula (1)
Varsinais-Suomi,Lalli,10,8,1,2,Lalli (10),Lalli (9); Lallo (1)
Varsinais-Suomi,Turkku,9,9,1,1,Turkku (9),Turkku (9)
Varsinais-Suomi,Eve / Eeva,8,6,5,6,aatto (3); Eeva (2); aaton (1); Eva (1); hevonen (1),aatto (3); aaton (1); Eva (1); hevä (1); eeva (1); Eeva (1)
Varsinais-Suomi,Tapani,8,6,1,2,Tapani (8),Tapani (6); tapani (2)
Varsinais-Suomi,Valpuri,7,4,1,1,Valpuri (7),Valpuri (7)
Varsinais-Suomi,nimi,7,6,1,1,nimi (7),nimi (7)
Varsinais-Suomi,Humikkala,6,6,1,1,Humikkala (6),Humikkala (6)
Varsinais-Suomi,Myyri,6,2,1,1,Myyri (6),Myyri (6)
Varsinais-Suomi,Ulla,6,4,1,3,Ulla (6),Ulla (3); ulla (2); ulla-n (1)
Varsinais-Suomi,Anttila,5,5,1,2,Anttila (5),Anttila (4); Anttla (1)
Varsinais-Suomi,Jacob / Jaak / Jaakko,5,5,2,3,Jaakko (4); Jaakob (1),Jaakko (2); Jaakoppi (2); gakon (1)
Varsinais-Suomi,Joseph / Joosep,5,5,2,3,Joosef (4); Jooseppi (1),Joosef (3); Joosefaana (1); Joosep (1)
Varsinais-Suomi,Nalli,5,3,1,1,Nalli (5),Nalli (5)
Varsinais-Suomi,Pirjo,5,4,1,4,Pirjo (5),Pirja (2); Pirjee (1); Piaru (1); Pirjä (1)
Varsinais-Suomi,Siimo,5,1,1,1,Siimo (5),Siimo (5)
Varsinais-Suomi,Alli,4,4,1,1,Alli (4),Alli (4)
Varsinais-Suomi,Eeli,4,4,1,3,Eeli (4),Eeli (2); Eelin (1); eeli (1)
Varsinais-Suomi,Ellen,4,4,1,1,Ellen (4),Ellen (4)
Varsinais-Suomi,Erkki,4,2,1,1,Erkki (4),Erkki (4)
Varsinais-Suomi,Leena,4,4,1,1,Leena (4),Leena (4)
Varsinais-Suomi,Sarah / Saara,4,3,1,1,Saara (4),Saara (4)
Varsinais-Suomi,Teti,4,2,1,1,Teti (4),Teti (4)
Varsinais-Suomi,Tetti,4,2,1,3,Tetti (4),teti (2); Tetin (1); tetin (1)
Varsinais-Suomi,Tiina,4,2,1,1,Tiina (4),Tiina (4)
Varsinais-Suomi,Tilu,4,3,1,2,Tilu (4),Tilu (3); tilu (1)
Varsinais-Suomi,Aabraham,3,3,1,2,Aabraham (3),Aaprahami (2); Aapraham (1)
Varsinais-Suomi,Arvi,3,2,1,2,Arvi (3),Arvi (2); Arve (1)
Varsinais-Suomi,Eerikki,3,2,1,1,Eerikki (3),Eerikki (3)
Varsinais-Suomi,Huis,3,3,1,1,Huis (3),Huis (3)
Varsinais-Suomi,Kustu,3,1,1,1,Kustu (3),Kustu (3)
Varsinais-Suomi,Lallu,3,2,1,1,Lallu (3),Lallu (3)
Varsinais-Suomi,Mara,3,2,1,1,Mara (3),Mara (3)
Varsinais-Suomi,Myyrylä,3,1,1,1,Myyrylä (3),Myyrylä (3)
Varsinais-Suomi,Para,3,1,1,1,Para (3),Para (3)
Varsinais-Suomi,Pirkko,3,3,1,3,Pirkko (3),pirkkus (1); Pirko (1); Pirkko (1)
Varsinais-Suomi,Simon / Siim / Simo,3,3,1,3,Simo (3),Simon (1); Simmonen (1); simon (1)
Varsinais-Suomi,Taneli,3,1,1,1,Taneli (3),Taneli (3)
Varsinais-Suomi,Tattila,3,3,1,2,Tattila (3),Tattula (2); Tattila (1)
Varsinais-Suomi,(unknown),2,2,1,1,(unknown) (2),Lämssä (2)
Varsinais-Suomi,Ahti,2,2,1,2,Ahti (2),Ahti (1); ati (1)
Varsinais-Suomi,Aune,2,2,1,1,Aune (2),Aune (2)
Varsinais-Suomi,Eelin,2,2,1,2,Eelin (2),Eeli (1); Eelin (1)
Varsinais-Suomi,Eero,2,2,1,1,Eero (2),Eero (2)
Varsinais-Suomi,Esko,2,2,1,1,Esko (2),Esko (2)
Varsinais-Suomi,Hippa,2,2,1,1,Hippa (2),Hippa (2)
Varsinais-Suomi,Ida,2,2,1,1,Ida (2),Ida (2)
Varsinais-Suomi,Iivari,2,2,1,1,Iivari (2),Iikka (2)
Varsinais-Suomi,Inkeri,2,2,1,1,Inkeri (2),Inkeri (2)
Varsinais-Suomi,Judas / Juudas,2,2,1,2,Juudas (2),juudan (1); Juutas (1)
Varsinais-Suomi,Jukkela,2,1,1,1,Jukkela (2),Jukkela (2)
Varsinais-Suomi,Kaakuri,2,2,1,1,Kaakuri (2),Kaakuri (2)
Varsinais-Suomi,Kiikuri,2,2,1,1,Kiikuri (2),Kiikuri (2)
Varsinais-Suomi,Lassi & Kaija,2,2,1,2,Lassi & Kaija (2),lassi & kaija (1); Lassi & Kaija (1)
Varsinais-Suomi,Lauri,2,2,1,1,Lauri (2),Lauri (2)
Varsinais-Suomi,Letty,2,1,1,1,Letty (2),Letty (2)
Varsinais-Suomi,Lyydi,2,1,1,1,Lyydi (2),Lyydi (2)
Varsinais-Suomi,Lyyr,2,1,1,1,Lyyr (2),Lyyr (2)
Varsinais-Suomi,Morse (proper noun),2,1,1,1,Morse (proper noun) (2),Morsei (2)
Varsinais-Suomi,Olli,2,2,1,1,Olli (2),Olli (2)
Varsinais-Suomi,Paara,2,1,1,1,Paara (2),Paara (2)
Varsinais-Suomi,Penttilä,2,2,1,1,Penttilä (2),Penttilä (2)
Varsinais-Suomi,Prunkkala,2,2,1,1,Prunkkala (2),Prunkkala (2)
Varsinais-Suomi,Saima,2,1,1,1,Saima (2),Saima (2)
Varsinais-Suomi,Tetin,2,1,1,1,Tetin (2),tetin (2)
Varsinais-Suomi,Tilta,2,1,1,1,Tilta (2),Tilta (2)
Varsinais-Suomi,Tinttilä,2,1,1,1,Tinttilä (2),Tinttilä (2)
Varsinais-Suomi,Toorami,2,2,1,1,Toorami (2),Toorami (2)
Varsinais-Suomi,Toro,2,1,1,1,Toro (2),Toro+ssi (2)
Varsinais-Suomi,Tuomas & kulta,2,2,1,1,Tuomas & kulta (2),Tuomas & kulta (2)
Varsinais-Suomi,Tuure,2,1,1,1,Tuure (2),Tuure (2)
Varsinais-Suomi,Tuutla,2,1,1,1,Tuutla (2),Tuutla (2)
Varsinais-Suomi,isämeirä,2,2,1,1,isämeirä (2),isämeirä (2)
Varsinais-Suomi,kaija,2,2,1,1,kaija (2),kaija (2)
Varsinais-Suomi,kampela & Maija,2,2,1,2,kampela & Maija (2),kampparla & maija (1); kamparla & Maija (1)
Varsinais-Suomi,kellari & Leena,2,2,1,2,kellari & Leena (2),kollari & leena (1); kollari & Leena (1)
Varsinais-Suomi,kuppari & Kirsti,2,2,1,2,kuppari & Kirsti (2),kuppari & kirsti (1); kuppari & Kirsti (1)
Varsinais-Suomi,lovi & Liisa,2,2,1,2,lovi & Liisa (2),lovi & liisa (1); lovi & Liisa (1)
Varsinais-Suomi,pihka & Heikki,2,2,1,2,pihka & Heikki (2),pihka & heikki (1); pihka & Heikki (1)
Varsinais-Suomi,tiainen,2,1,1,1,tiainen (2),tianen (2)
Varsinais-Suomi,turkku (dialectal name),2,1,1,1,turkku (dialectal name) (2),turkku (2)
Varsinais-Suomi,(name),1,1,1,1,(name) (1),Gül (1)
Varsinais-Suomi,Aakkari,1,1,1,1,Aakkari (1),Aakkari (1)
Varsinais-Suomi,Aapo,1,1,1,1,Aapo (1),Aapo (1)
Varsinais-Suomi,Akkari,1,1,1,1,Akkari (1),Akkari (1)
Varsinais-Suomi,Akkeri,1,1,1,1,Akkeri (1),Akkerin (1)
Varsinais-Suomi,Akkila,1,1,1,1,Akkila (1),Akkila (1)
Varsinais-Suomi,Anderssein,1,1,1,1,Anderssein (1),Anderssein (1)
Varsinais-Suomi,Anikan,1,1,1,1,Anikan (1),Anikan (1)
Varsinais-Suomi,Aninkola,1,1,1,1,Aninkola (1),Aninkola (1)
Varsinais-Suomi,Anna (Finnish),1,1,1,1,Anna (Finnish) (1),nanna (1)
Varsinais-Suomi,Anna (gen),1,1,1,1,Anna (gen) (1),annu (gen) (1)
Varsinais-Suomi,Anna (name),1,1,1,1,Anna (name) (1),anika (1)
Varsinais-Suomi,Anni & Eeva,1,1,1,1,Anni & Eeva (1),anni & eeva (1)
Varsinais-Suomi,Annikka (proper noun),1,1,1,1,Annikka (proper noun) (1),anikka (dimin.) (1)
Varsinais-Suomi,Annila & Eeva,1,1,1,1,Annila & Eeva (1),Annila & Eeva (1)
Varsinais-Suomi,Anressonni,1,1,1,1,Anressonni (1),Anressonni (1)
Varsinais-Suomi,Anti,1,1,1,1,Anti (1),Anti (1)
Varsinais-Suomi,Antla,1,1,1,1,Antla (1),Antla (1)
Varsinais-Suomi,Bent,1,1,1,1,Bent (1),Bent (1)
Varsinais-Suomi,Birje,1,1,1,1,Birje (1),Birje (1)
Varsinais-Suomi,Bulkki,1,1,1,1,Bulkki (1),Bulkki (1)
Varsinais-Suomi,Bälle,1,1,1,1,Bälle (1),Bälle (1)
Varsinais-Suomi,Eena,1,1,1,1,Eena (1),Eena (1)
Varsinais-Suomi,Eeno,1,1,1,1,Eeno (1),Eenu (1)
Varsinais-Suomi,Eeva (proper name) + -ka (diminutive/clitic),1,1,1,1,,eevaka (1)
Varsinais-Suomi,Ekka,1,1,1,1,Ekka (1),Ekka (1)
Varsinais-Suomi,Elias / Eljas,1,1,1,1,Elias (1),Eelis (1)
Varsinais-Suomi,Elsa,1,1,1,1,Elsa (1),Elsa (1)
Varsinais-Suomi,Eppel,1,1,1,1,Eppel (1),Eppel (1)
Varsinais-Suomi,Ergen,1,1,1,1,Ergen (1),Ergen (1)
Varsinais-Suomi,Erma,1,1,1,1,Erma (1),Erma (1)
Varsinais-Suomi,Ervelä,1,1,1,1,Ervelä (1),Ervelä (1)
Varsinais-Suomi,Eskon,1,1,1,1,Eskon (1),eskon (1)
Varsinais-Suomi,Fredriikka,1,1,1,1,Fredriikka (1),fredriikka (1)
Varsinais-Suomi,George / Jüri,1,1,1,1,Juura (1),Juura (1)
Varsinais-Suomi,Hakki,1,1,1,1,Hakki (1),hakkise (1)
Varsinais-Suomi,Hakkinen,1,1,1,1,Hakkinen (1),Hakkisen (1)
Varsinais-Suomi,Halli,1,1,1,1,Halli (1),Halli (1)
Varsinais-Suomi,Hatak,1,1,1,1,Hatak (1),Hatak (1)
Varsinais-Suomi,Heikkilä,1,1,1,1,Heikkilä (1),Heikki+la (1)
Varsinais-Suomi,Helssa & Maija,1,1,1,1,Helssa & Maija (1),Helssa & Maija (1)
Varsinais-Suomi,Hentu,1,1,1,1,Hentu (1),Hentu (1)
Varsinais-Suomi,Hermanni (diminutive),1,1,1,1,Hermanni (diminutive) (1),Hermikki-ni (1)
Varsinais-Suomi,Hessu,1,1,1,1,Hessu (1),hessu (1)
Varsinais-Suomi,Hinttu,1,1,1,1,Hinttu (1),hinttu (1)
Varsinais-Suomi,Hissu,1,1,1,1,Hissu (1),Hissu (1)
Varsinais-Suomi,Horila,1,1,1,1,Horila (1),Hori+la (1)
Varsinais-Suomi,Huiti,1,1,1,1,Huiti (1),Huiti (1)
Varsinais-Suomi,Huma,1,1,1,1,Huma (1),Huma (1)
Varsinais-Suomi,Hunnikkala,1,1,1,1,Hunnikkala (1),Hunnikkala (1)
Varsinais-Suomi,Hunnu/huntu,1,1,1,1,Hunnu/huntu (1),Hunnu/huntu (1)
Varsinais-Suomi,Huppila,1,1,1,1,Huppila (1),Huppila (1)
Varsinais-Suomi,Huri,1,1,1,1,Huri (1),Huri (1)
Varsinais-Suomi,Hyssy,1,1,1,1,Hyssy (1),Hyssy (1)
Varsinais-Suomi,Hämmeenlinna,1,1,1,1,Hämmeenlinna (1),Hämmeenlinna (1)
Varsinais-Suomi,Härneenlinna,1,1,1,1,Härneenlinna (1),Härneenlinna (1)
Varsinais-Suomi,Iita (proper noun),1,1,1,1,Iita (proper noun) (1),Iita (1)
Varsinais-Suomi,Isakki,1,1,1,1,Isakki (1),Isakki (1)
Varsinais-Suomi,Isämeirä,1,1,1,1,Isämeirä (1),isämeirä (1)
Varsinais-Suomi,Julle,1,1,1,1,Julle (1),Julle (1)
Varsinais-Suomi,Jämsti,1,1,1,1,Jämsti (1),Jämsti (1)
Varsinais-Suomi,Jämsä & Maija,1,1,1,1,Jämsä & Maija (1),jämsä & maija (1)
Varsinais-Suomi,Kaarle,1,1,1,1,Kaarle (1),Kaarle (1)
Varsinais-Suomi,Kai,1,1,1,1,Kai (1),Kai (1)
Varsinais-Suomi,Kaljo,1,1,1,1,Kaljo (1),Kaljo (1)
Varsinais-Suomi,Kallu,1,1,1,1,Kallu (1),Kallu (1)
Varsinais-Suomi,Karita,1,1,1,1,Karita (1),Karita (1)
Varsinais-Suomi,Katila,1,1,1,1,Katila (1),Katti+la (1)
Varsinais-Suomi,Katina,1,1,1,1,Katina (1),Katina (1)
Varsinais-Suomi,Kausti,1,1,1,1,Kausti (1),Kausti (1)
Varsinais-Suomi,Kerttu,1,1,1,1,Kerttu (1),Kerttu (1)
Varsinais-Suomi,Kille,1,1,1,1,Kille (1),Kille (1)
Varsinais-Suomi,Klaara,1,1,1,1,Klaara (1),Klaara (1)
Varsinais-Suomi,Knuuti,1,1,1,1,Knuuti (1),Knuut (1)
Varsinais-Suomi,Kraatari,1,1,1,1,Kraatari (1),Kraatari (1)
Varsinais-Suomi,Kreeta,1,1,1,1,Kreeta (1),Kreeta (1)
Varsinais-Suomi,Kreetta,1,1,1,1,Kreetta (1),Kreeta (1)
Varsinais-Suomi,Kristiina,1,1,1,1,Kristiina (1),Kirsti (1)
Varsinais-Suomi,Kurkelan,1,1,1,1,Kurkelan (1),Kurkela+n (1)
Varsinais-Suomi,Kustaa,1,1,1,1,Kustaa (1),Kustaa (1)
Varsinais-Suomi,Kustaan poika,1,1,1,1,Kustaan poika (1),Kustaan poika (1)
Varsinais-Suomi,Kustaanpoika,1,1,1,1,Kustaanpoika (1),Kustaa & poika (1)
Varsinais-Suomi,Kutla,1,1,1,1,Kutla (1),Kutla+n (1)
Varsinais-Suomi,Kuu,1,1,1,1,Kuu (1),Kuu (1)
Varsinais-Suomi,Kuuti,1,1,1,1,Kuuti (1),Kuuti (1)
Varsinais-Suomi,Kyrönlampi,1,1,1,1,Kyrönlampi (1),Kyrönlampi (1)
Varsinais-Suomi,Lalum,1,1,1,1,Lalum (1),lalum (1)
Varsinais-Suomi,Laukko,1,1,1,1,Laukko (1),Laukko (1)
Varsinais-Suomi,Lompo,1,1,1,1,Lompo (1),Lompo (1)
Varsinais-Suomi,Lotta,1,1,1,1,Lotta (1),Lotta (1)
Varsinais-Suomi,Luikki,1,1,1,1,Luikki (1),Luikki (1)
Varsinais-Suomi,Luttari,1,1,1,1,Luttari (1),Luttari (1)
Varsinais-Suomi,Lyyti,1,1,1,1,Lyyti (1),Lyyti (1)
Varsinais-Suomi,Maati,1,1,1,1,Maati (1),Maati (1)
Varsinais-Suomi,Maho,1,1,1,1,Maho (1),Maho (1)
Varsinais-Suomi,Mahros,1,1,1,1,Mahros (1),Mahros (1)
Varsinais-Suomi,Maksiminus,1,1,1,1,Maksiminus (1),Maksiminus (nom.) (1)
Varsinais-Suomi,Malti,1,1,1,1,Malti (1),Malti (1)
Varsinais-Suomi,Mannu,1,1,1,1,Mannu (1),Mannu (1)
Varsinais-Suomi,Martin / Mart / Märt,1,1,1,1,Martti (1),Martti (1)
Varsinais-Suomi,Masku (proper noun),1,1,1,1,Masku (proper noun) (1),Masku (1)
Varsinais-Suomi,Mati,1,1,1,1,Mati (1),Mati (1)
Varsinais-Suomi,Mattila,1,1,1,1,Mattila (1),Mattila (1)
Varsinais-Suomi,Mauno,1,1,1,1,Mauno (1),Maunu (1)
Varsinais-Suomi,Meetiäinen,1,1,1,1,Meetiäinen (1),Meetiäinen (1)
Varsinais-Suomi,Meskala,1,1,1,1,Meskala (1),Meska+la (1)
Varsinais-Suomi,Metiäinen,1,1,1,1,Metiäinen (1),Metiäinen (1)
Varsinais-Suomi,Miina,1,1,1,1,Miina (1),Miina (1)
Varsinais-Suomi,Miiti,1,1,1,1,Miiti (1),Miiti (1)
Varsinais-Suomi,Mikola,1,1,1,1,Mikola (1),Mikola (1)
Varsinais-Suomi,Mustila,1,1,1,1,Mustila (1),Mustila (1)
Varsinais-Suomi,Myyrä,1,1,1,1,Myyrä (1),Myyrä (1)
Varsinais-Suomi,Nakka,1,1,1,1,Nakka (1),Nakka (1)
Varsinais-Suomi,Naumi,1,1,1,1,Naumi (1),Naumi (1)
Varsinais-Suomi,Niia,1,1,1,1,Niia (1),Niia (1)
Varsinais-Suomi,Niilo,1,1,1,1,Niilo (1),Niilo (1)
Varsinais-Suomi,Niivi,1,1,1,1,Niivi (1),Niivi (1)
Varsinais-Suomi,Nikkaar,1,1,1,1,Nikkaar (1),Nikkaar (1)
Varsinais-Suomi,Nikkas,1,1,1,1,Nikkas (1),Nikkas (1)
Varsinais-Suomi,Närppi,1,1,1,1,Närppi (1),Närpi (1)
Varsinais-Suomi,Paavo,1,1,1,1,Paavo (1),Paavo (1)
Varsinais-Suomi,Paisjo,1,1,1,1,Paisjo (1),Paisjo (1)
Varsinais-Suomi,Paki,1,1,1,1,Paki (1),Paki (1)
Varsinais-Suomi,Pakila,1,1,1,1,Pakila (1),Pakki+la (1)
Varsinais-Suomi,Parasilla,1,1,1,1,Parasilla (1),Parasilla (1)
Varsinais-Suomi,Pentti,1,1,1,1,Pentti (1),Penttä (1)
Varsinais-Suomi,Perttu,1,1,1,1,Perttu (1),Perttu (1)
Varsinais-Suomi,Pietlä,1,1,1,1,Pietlä (1),Pietlä (1)
Varsinais-Suomi,Pilpola,1,1,1,1,Pilpola (1),pilpola (1)
Varsinais-Suomi,Pirkkalaiset,1,1,1,1,Pirkkalaiset (1),Pirkka-si (1)
Varsinais-Suomi,Pista,1,1,1,1,Pista (1),Pista (1)
Varsinais-Suomi,Piu (proper noun),1,1,1,1,Piu (proper noun) (1),Piu (1)
Varsinais-Suomi,Priitta,1,1,1,1,Priitta (1),Priitta (1)
Varsinais-Suomi,Prinkkala,1,1,1,1,Prinkkala (1),Prinkkala (1)
Varsinais-Suomi,Punta,1,1,1,1,Punta (1),Punta (1)
Varsinais-Suomi,Purha,1,1,1,1,Purha (1),Purha (1)
Varsinais-Suomi,Putta,1,1,1,1,Putta (1),Putta (1)
Varsinais-Suomi,Pällä,1,1,1,1,Pällä (1),Bällä (1)
Varsinais-Suomi,Pöytyän,1,1,1,1,Pöytyän (1),Pöytyä (1)
Varsinais-Suomi,Raisjo,1,1,1,1,Raisjo (1),Raisjo (1)
Varsinais-Suomi,Ruatti,1,1,1,1,Ruatti (1),Ruatti (1)
Varsinais-Suomi,Ruuhkonen,1,1,1,1,Ruuhkonen (1),Ruuhkonen (1)
Varsinais-Suomi,Räsä,1,1,1,1,Räsä (1),Räsä (1)
Varsinais-Suomi,Röhkö,1,1,1,1,Röhkö (1),Röhkö (1)
Varsinais-Suomi,Sakarias (gen),1,1,1,1,Sakarias (gen) (1),Saltti (gen) (1)
Varsinais-Suomi,Sara,1,1,1,1,Sara (1),Sara (1)
Varsinais-Suomi,Sauvonkylä,1,1,1,1,Sauvonkylä (1),Sauvonkylä (1)
Varsinais-Suomi,Selli,1,1,1,1,Selli (1),Selli+n (1)
Varsinais-Suomi,Selma,1,1,1,1,Selma (1),Selma (1)
Varsinais-Suomi,Senja,1,1,1,1,Senja (1),Senja (1)
Varsinais-Suomi,Sipakkala,1,1,1,1,Sipakkala (1),Sipakkala (1)
Varsinais-Suomi,Somerolla,1,1,1,1,Somerolla (1),Someroll (1)
Varsinais-Suomi,Sorvasto,1,1,1,1,Sorvasto (1),Sorvasto (1)
Varsinais-Suomi,Stiina,1,1,1,1,Stiina (1),Stiina (1)
Varsinais-Suomi,Suola-Matti,1,1,1,1,Suola-Matti (1),Suola-Matti (1)
Varsinais-Suomi,Susanna,1,1,1,1,Susanna (1),Susanna (1)
Varsinais-Suomi,Taakiainen,1,1,1,1,Taakiainen (1),Taakiainen (1)
Varsinais-Suomi,Taavetti,1,1,1,1,Taavetti (1),Taala (1)
Varsinais-Suomi,Tala,1,1,1,1,Tala (1),Tala (1)
Varsinais-Suomi,Tapio,1,1,1,1,Tapio (1),Tapani (1)
Varsinais-Suomi,Taramäki,1,1,1,1,Taramäki (1),Taramäki (1)
Varsinais-Suomi,Teena,1,1,1,1,Teena (1),Teenaa (1)
Varsinais-Suomi,Teenan,1,1,1,1,Teenan (1),Teenaan (1)
Varsinais-Suomi,Teija,1,1,1,1,Teija (1),teija (1)
Varsinais-Suomi,Tetti/tehdä,1,1,1,1,Tetti/tehdä (1),Tetti/tehdä (1)
Varsinais-Suomi,Tilleri,1,1,1,1,Tilleri (1),Tilleri (1)
Varsinais-Suomi,Tillikka,1,1,1,1,Tillikka (1),Tillikka (1)
Varsinais-Suomi,Tilutalu,1,1,1,1,Tilutalu (1),Tilutalu (1)
Varsinais-Suomi,Toivo,1,1,1,1,Toivo (1),Toivo (1)
Varsinais-Suomi,Torre,1,1,1,1,Torre (1),Torre (1)
Varsinais-Suomi,Tuomas (adapted),1,1,1,1,Tuomas (adapted) (1),Tuama (1)
Varsinais-Suomi,Tuomo,1,1,1,1,Tuomo (1),Tuomo (1)
Varsinais-Suomi,Turri,1,1,1,1,Turri (1),Turri (1)
Varsinais-Suomi,Turruunlinna,1,1,1,1,Turruunlinna (1),Turruunlinna (1)
Varsinais-Suomi,Tuuni,1,1,1,1,Tuuni (1),Tuuni (1)
Varsinais-Suomi,Tuuri,1,1,1,1,Tuuri (1),Tuuri (1)
Varsinais-Suomi,Tyrvä,1,1,1,1,Tyrvä (1),Tyrvä (1)
Varsinais-Suomi,Ulle,1,1,1,1,Ulle (1),Ulle (1)
Varsinais-Suomi,Unmala,1,1,1,1,Unmala (1),Unmala (1)
Varsinais-Suomi,Vainonpirttö,1,1,1,1,Vainonpirttö (1),Minopirjo (name variant) (1)
Varsinais-Suomi,Vapo,1,1,1,1,Vapo (1),Vapo (1)
Varsinais-Suomi,Vappu,1,1,1,1,Vappu (1),Vappu (1)
Varsinais-Suomi,Vehka,1,1,1,1,Vehka (1),Vehka (1)
Varsinais-Suomi,Viire,1,1,1,1,Viire (1),Viire (1)
Varsinais-Suomi,Viivi (proper noun),1,1,1,1,Viivi (proper noun) (1),Viivi (1)
Varsinais-Suomi,Vilho,1,1,1,1,Vilho (1),Vilho (1)
Varsinais-Suomi,Virkkala,1,1,1,1,Virkkala (1),Virkkala (1)
Varsinais-Suomi,Vissa,1,1,1,1,Vissa (1),Vissa (1)
Varsinais-Suomi,Vuotla,1,1,1,1,Vuotla (1),Vuotla (1)
Varsinais-Suomi,Vätti,1,1,1,1,Vätti (1),Vätti (1)
Varsinais-Suomi,Willikkala,1,1,1,1,Willikkala (1),Willikkala (1)
Varsinais-Suomi,Ykönen,1,1,1,1,Ykönen (1),Ykönen (1)
Varsinais-Suomi,Ylskylä,1,1,1,1,Ylskylä (1),Ylskylä (1)
Varsinais-Suomi,Yttelä,1,1,1,1,Yttelä (1),Yttelä (1)
Varsinais-Suomi,aakari,1,1,1,1,aakari (1),aakkari (1)
Varsinais-Suomi,anikka,1,1,1,1,anikka (1),anikka (1)
Varsinais-Suomi,eeli,1,1,1,1,eeli (1),eeli (1)
Varsinais-Suomi,eilen,1,1,1,1,eilen (1),ellen (1)
Varsinais-Suomi,hepo (dialect 'horse')/häpy (vulva),1,1,1,1,hepo (dialect 'horse')/häpy (vulva) (1),eppelä/heppelä (1)
Varsinais-Suomi,huittisten,1,1,1,1,huittisten (1),huittisten (1)
Varsinais-Suomi,humma,1,1,1,1,humma (1),humma (1)
Varsinais-Suomi,huusi?,1,1,1,1,huusi? (1),huis (1)
Varsinais-Suomi,hämäläinen,1,1,1,1,hämäläinen (1),hämäläise-n (1)
Varsinais-Suomi,isä & Abraham,1,1,1,1,isä & Abraham (1),isämeirä (1)
Varsinais-Suomi,isä & Meirä,1,1,1,1,isä & Meirä (1),isä & meirä (1)
Varsinais-Suomi,isämeirami,1,1,1,1,isämeirami (1),isämeirä (1)
Varsinais-Suomi,julliskukko,1,1,1,1,julliskukko (1),julliskukko (1)
Varsinais-Suomi,k,1,1,1,1,k (1),k (1)
Varsinais-Suomi,kaali & Kaija,1,1,1,1,kaali & Kaija (1),kaali & Kaija (1)
Varsinais-Suomi,kaarlepyy,1,1,1,1,kaarlepyy (1),kaarle-pyy (1)
Varsinais-Suomi,kaataa & Riina,1,1,1,1,kaataa & Riina (1),kaatariinaa (1)
Varsinais-Suomi,kala&Kaija,1,1,1,1,kala&Kaija (1),kala&Kaija (1)
Varsinais-Suomi,kanakaija,1,1,1,1,kanakaija (1),kanakaija (1)
Varsinais-Suomi,kieli & Kirsti,1,1,1,1,kieli & Kirsti (1),kieli & Kirsti (1)
Varsinais-Suomi,killi (name) / kiili (bird),1,1,1,1,killi (name) / kiili (bird) (1),killi (1)
Varsinais-Suomi,killi/kiili,1,1,1,1,killi/kiili (1),killi (1)
Varsinais-Suomi,kokkeli,1,1,1,1,kokkeli (1),kokkeli (1)
Varsinais-Suomi,kukkeli,1,1,1,1,kukkeli (1),kukkeli (1)
Varsinais-Suomi,kupari&Kirsti,1,1,1,1,kupari&Kirsti (1),kuppari&Kirsti (1)
Varsinais-Suomi,laari & Nanna,1,1,1,1,laari & Nanna (1),laaru & Nanna (1)
Varsinais-Suomi,lallu (dialectal),1,1,1,1,lallu (dialectal) (1),lallu (1)
Varsinais-Suomi,lassi,1,1,1,1,lassi (1),lassi (1)
Varsinais-Suomi,limppu & Pirje,1,1,1,1,limppu & Pirje (1),limppu & Pirje (1)
Varsinais-Suomi,limppu & Pirjo,1,1,1,1,limppu & Pirjo (1),limppu & pirje (1)
Varsinais-Suomi,lippu & Tiina,1,1,1,1,lippu & Tiina (1),lippu & stiina (1)
Varsinais-Suomi,lohi&Liisa,1,1,1,1,lohi&Liisa (1),lohi&Liisa (1)
Varsinais-Suomi,loko+atti,1,1,1,1,loko+atti (1),loko+atti (1)
Varsinais-Suomi,makkara&Maija,1,1,1,1,makkara&Maija (1),makkara&Maija (1)
Varsinais-Suomi,nakka,1,1,1,1,nakka (1),nakka (1)
Varsinais-Suomi,nakki,1,1,1,1,nakki (1),nakka (1)
Varsinais-Suomi,napo,1,1,1,1,napo (1),napo (1)
Varsinais-Suomi,neito,1,1,1,1,neito (1),herna (1)
Varsinais-Suomi,nikari,1,1,1,1,nikari (1),nikkar (1)
Varsinais-Suomi,nipo,1,1,1,1,nipo (1),nipo (1)
Varsinais-Suomi,pakkanen (if frost-related) / Pakari (if name),1,1,1,1,pakkanen (if frost-related) / Pakari (if name) (1),pakari(n) (1)
Varsinais-Suomi,pakuri,1,1,1,1,pakuri (1),pakuri (1)
Varsinais-Suomi,pieru & Pieti,1,1,1,1,pieru & Pieti (1),pieru & Pieti (1)
Varsinais-Suomi,ruotoerkki,1,1,1,1,ruotoerkki (1),ruotoerkki (1)
Varsinais-Suomi,sorttamartti,1,1,1,1,sorttamartti (1),sorttamartti (1)
Varsinais-Suomi,särki,1,1,1,1,särki (1),salla (1)
Varsinais-Suomi,taivas (ill),1,1,1,1,taivas (ill) (1),taavi+tsa / taivas+tsa (1)
Varsinais-Suomi,talla,1,1,1,1,talla (1),talla (1)
Varsinais-Suomi,talvikivi & Kaija,1,1,1,1,talvikivi & Kaija (1),talikivi & kaija (1)
Varsinais-Suomi,tapana/tapio,1,1,1,1,tapana/tapio (1),tapana/tapani (1)
Varsinais-Suomi,tara+mäki,1,1,1,1,tara+mäki (1),tara+mäki (1)
Varsinais-Suomi,teineemetsä,1,1,1,1,teineemetsä (1),teineemettä (1)
Varsinais-Suomi,tilu & talo,1,1,1,1,tilu & talo (1),tilu & talu (1)
Varsinais-Suomi,tulikivi & Kaija,1,1,1,1,tulikivi & Kaija (1),tulikivi & Kaija (1)
Varsinais-Suomi,ullen,1,1,1,1,ullen (1),ullen (1)
Varsinais-Suomi,unimatti (proper noun),1,1,1,1,unimatti (proper noun) (1),unimatti (1)
Varsinais-Suomi,valpuri,1,1,1,1,valpuri (1),valpuri (nom.) (1)
Varsinais-Suomi,vehka & Heikki,1,1,1,1,vehka & Heikki (1),vehka & Heikki (1)
Vepsäläisalueet,God / Jumala / Jumal,28,19,13,15,Jumala (11); jumala (3); te (2); Herra (2); Hospodi (2); aateli (1); Herra (contextual equivalent) (1); Jumalan (1),Jumala (5); Hospodi (5); blaslova (3); tei (2); hospodi (2); jumala (2); Djumal (1); D'umal (1)
Vepsäläisalueet,Peter / Pietari / Peeter,10,8,1,9,Pietari (10),Pietari (2); Piterski (1); Piterihe (1); Piteri (1); Pedri (1); piteri (1); pietari (1); Piderin (1)
Vepsäläisalueet,Michael / Mikko / Mihkel,8,6,5,8,Mikael (3); Mikko (2); Miska (1); Mihail (1); mikko (1),miska (1); Mihail (1); mikku (1); Mikola (1); Mihaila (1); Mikko (1); mihail (1); mikael (1)
Vepsäläisalueet,(proper noun),6,3,1,6,(proper noun) (6),Froleia (1); Gesal (1); Valentsei (1); Pola (1); Kola (1); Lena (1)
Vepsäläisalueet,Tiita,5,1,1,1,Tiita (5),Tiita (5)
Vepsäläisalueet,Ukko,4,3,1,3,ukko (4),ugeine (2); uke (1); uko-l (1)
Vepsäläisalueet,Andrew / Antti,3,3,1,2,Andrei (3),Ondrei (2); Andrei (1)
Vepsäläisalueet,Jesus / Christ,3,2,1,2,Kristus (3),Kristus (2); Kristos (1)
Vepsäläisalueet,(name),2,1,1,2,(name) (2),Sofhti (1); Matri (1)
Vepsäläisalueet,Aami,2,1,1,1,Aami (2),Aami (2)
Vepsäläisalueet,Catherine / Kadri / Katri,2,2,2,2,kadri (1); Kateriina (1),kadri (1); Katerina (1)
Vepsäläisalueet,Ivan,2,2,1,1,Ivan (2),Ivan (2)
Vepsäläisalueet,Mary / Maria / Maarja / Mari,2,2,1,1,Maria (2),Maria (2)
Vepsäläisalueet,Matthew / Matti,2,2,2,2,Matti (1); Matvei (1),Matti (1); Matvei (1)
Vepsäläisalueet,Maša,2,1,1,1,Maša (2),Maša (2)
Vepsäläisalueet,Soja,2,1,1,1,Soja (2),Soja (2)
Vepsäläisalueet,Thomas / Toomas / Tuomas,2,1,1,1,Tuomas (2),Foma (2)
Vepsäläisalueet,(proper name),1,1,1,1,(proper name) (1),Frolei (1)
Vepsäläisalueet,Daska,1,1,1,1,Daska (1),Daska (1)
Vepsäläisalueet,Eila,1,1,1,1,Eila (1),Eila (1)
Vepsäläisalueet,Eänisjärvi,1,1,1,1,Eänisjärvi (1),eänisdär (1)
Vepsäläisalueet,Gouril,1,1,1,1,Gouril (1),Gouril (1)
Vepsäläisalueet,Ilja,1,1,1,1,Ilja (1),Ilja (1)
Vepsäläisalueet,Kateriina,1,1,1,1,Kateriina (1),Katerina (1)
Vepsäläisalueet,Kola,1,1,1,1,Kola (1),Kola (1)
Vepsäläisalueet,Krigan,1,1,1,1,Krigan (1),Krigun (1)
Vepsäläisalueet,Krikku,1,1,1,1,Krikku (1),Krikku (1)
Vepsäläisalueet,Martta (if name),1,1,1,1,Martta (if name) (1),Marda (1)
Vepsäläisalueet,Midreits,1,1,1,1,Midreits (1),Midreits (1)
Vepsäläisalueet,Miikkula,1,1,1,1,Miikkula (1),Miiklah (1)
Vepsäläisalueet,Mikola,1,1,1,1,Mikola (1),Mikola (1)
Vepsäläisalueet,Miska,1,1,1,1,Miska (1),Miska (1)
Vepsäläisalueet,Nasarka,1,1,1,1,Nasarka (1),Nasarka (1)
Vepsäläisalueet,Naserkalle,1,1,1,1,Naserkalle (1),Naserkaleh (1)
Vepsäläisalueet,Nikita,1,1,1,1,Nikita (1),Nikita (1)
Vepsäläisalueet,Nikitalle,1,1,1,1,Nikitalle (1),Nikitaleh (1)
Vepsäläisalueet,Oguli,1,1,1,1,Oguli (1),Oguli (1)
Vepsäläisalueet,Okuli,1,1,1,1,Okuli (1),Okuli (1)
Vepsäläisalueet,Olona,1,1,1,1,Olona (1),Olona (1)
Vepsäläisalueet,Olona (proper noun),1,1,1,1,Olona (proper noun) (1),Olona (1)
Vepsäläisalueet,Piminalle,1,1,1,1,Piminalle (1),Piminaleh (1)
Vepsäläisalueet,Platon,1,1,1,1,Platon (1),Platon (1)
Vepsäläisalueet,Prokku,1,1,1,1,Prokku (1),Prokku (1)
Vepsäläisalueet,Prokun,1,1,1,1,Prokun (1),Prokun (1)
Vepsäläisalueet,Sergei,1,1,1,1,Sergei (1),Sergei (1)
Vepsäläisalueet,Stepan,1,1,1,1,Stepan (1),Stepan (1)
Vepsäläisalueet,Tiitan,1,1,1,1,Tiitan (1),Tiita+n (1)
Vepsäläisalueet,Vanja,1,1,1,1,Vanja (1),Vanja (1)
Vepsäläisalueet,Vaska,1,1,1,1,Vaska (1),Vaska (1)
Vepsäläisalueet,edon (name) / eto (archaic),1,1,1,1,edon (name) / eto (archaic) (1),edon (1)
Vepsäläisalueet,metsä/Masä,1,1,1,1,metsä/Masä (1),metsä/Masä (1)
Vepsäläisalueet,nimetön,1,1,1,1,nimetön (1),nimetoman (1)
Vepsäläisalueet,romanan+sti,1,1,1,1,romanan+sti (1),romanan+ste (1)
Viena,God / Jumala / Jumal,205,119,17,19,Jumala (67); herra (45); jumala (33); luoja (32); Luoja (8); Herra (5); Hospodi (4); hospodi (2),Jumala (57); herra (41); jumala (40); luoja (35); Hospodi (6); Luoja (6); Herra (4); hospoti (3)
Viena,Väinämöinen,133,54,4,17,Väinämöinen (125); Väinämöisen (3); Wäinämöinen (3); Väinö (2),Väinämöinen (49); väinämöini (26); Väinämöini (21); väinämöinen (9); väinämöisen (6); väinämöisellä (3); väinämöistä (3); Wäinämöinen (3)
Viena,Ukko,100,78,3,5,ukko (91); Ukko (8); Ukon (1),ukko (87); Ukko (9); ukko (vocative) (2); ukkoh (1); Ullan (1)
Viena,Mary / Maria / Maarja / Mari,64,47,12,23,Maria (34); Mari (15); Maaria (4); Maija (2); maarian (2); Marjatta (1); Marian (1); Maria/muori (1),Maria (13); Mari (11); Moarie (4); Moaria (4); mari (4); Marian (3); maria (3); Maaria (3)
Viena,Joukamoinen / Joukahainen,40,12,2,6,Joukahainen (39); Joukahaisen (1),Joukahaini (15); Joukahainen (14); joukahaini (6); joukahaisen (3); joukahainen (1); joukahaiselta (1)
Viena,Anna / Anne / Ann / Anni,38,16,2,4,Anni (36); Annan (2),Anni (33); anni (2); Anna+n (2); annisesta (1)
Viena,Lemminkäinen,36,10,1,10,Lemminkäinen (36),Lemminkäinen (18); lemminkäin+ni (7); lemminkäin+en (3); lemminkäinen (2); lemminkäin+sta (1); lemminkäin+stä (1); lemminkäin+sen (1); Lemminkäini (1)
Viena,Jesus / Christ,29,25,2,8,Jeesus (28); Kristus (1),Jeesus (10); Jiesus (6); Jeesus+en (4); Kiesus (4); Jesuks (2); jeesus (1); Krista+a (1); Jeessun (1)
Viena,Peter / Pietari / Peeter,20,11,4,7,Petteri (10); Pekka (6); Pietari (3); Petri (1),Petteri (9); Pekka (6); Petri (1); Pietari (1); petteri (1); piiteri (1); Pietarihin (1)
Viena,Ahti,17,13,1,3,Ahti (17),Ahti (15); Ahti/Ahin (1); ahti (1)
Viena,John / Jaan / Jussi / Hans,15,5,2,2,Jussi (13); Iivana (2),Jussi (13); Iivana (2)
Viena,(name),9,2,1,6,(name) (9),Miiloi (4); Daamla (1); Vinni (1); Tsuva (1); Gauro (1); Ilja (1)
Viena,Andrew / Antti,9,8,1,2,Antti (9),Antti (8); Antti-n (1)
Viena,Kyrsö,9,2,1,1,Kyrsö (9),Kyrsö (9)
Viena,Matthew / Matti,9,5,3,3,Matti (7); mätti (1); Mats (1),Matti (7); mättähän (1); Mats (1)
Viena,Tuoni,9,9,2,3,tuoni (7); Tuoni (2),tuoni (6); Tuoni (2); tuonen (1)
Viena,Prokko,8,3,1,3,Prokko (8),Prokko (6); Prokko-la (1); Proitikkai (1)
Viena,Pista,6,1,1,1,Pista (6),Pista (6)
Viena,Lassi,5,2,1,1,Lassi (5),Lassi (5)
Viena,Ortto,5,1,1,1,Ortto (5),Ortto (5)
Viena,Tiitto,5,1,1,1,Tiitto (5),Tiitto (5)
Viena,(proper noun),4,3,1,3,(proper noun) (4),Moissei (2); Milma (1); Witilo (1)
Viena,Catherine / Kadri / Katri,4,2,2,2,Kaisa (3); Katri (1),Kaisa (3); Katrikka (1)
Viena,Ilmarinen,4,4,1,4,Ilmarinen (4),Ilmarini (1); ilmollini (1); Ilmari (1); Ilmorini (1)
Viena,Kalev / Kalervo,4,3,3,3,Kalervo (2); Kalevainen (1); kalevalainen (1),Kalervo (2); Kalevainen (1); Kaleva-nen (1)
Viena,Katti,4,2,1,2,Katti (4),Katti (3); katti (1)
Viena,Okku,4,1,1,2,Okku (4),okku (3); okusta (1)
Viena,Protna,4,1,1,1,Protna (4),Protna (4)
Viena,(obscure),3,1,1,1,(obscure) (3),muariola (3)
Viena,Alli,3,1,1,1,Alli (3),Alli (3)
Viena,Iivana,3,2,1,2,Iivana (3),Iivana (2); Iivanalla (1)
Viena,Kalle,3,1,1,1,Kalle (3),Kalle (3)
Viena,Korlana,3,1,1,1,Korlana (3),Korlana (3)
Viena,Marppa,3,1,1,1,Marppa (3),Marppa (3)
Viena,Simon / Siim / Simo,3,3,2,2,simo (2); Simo (1),simo (2); simana (1)
Viena,Temi,3,1,1,1,Temi (3),Temi (3)
Viena,Ainikki,2,1,1,1,Ainikki (2),Ainikki (2)
Viena,Demi,2,1,1,1,Demi (2),Demi (2)
Viena,Hekla,2,1,1,1,Hekla (2),Hekla (2)
Viena,Homa,2,1,1,1,Homa (2),Homa (2)
Viena,Joukonen,2,1,1,1,Joukonen (2),Joukonen (2)
Viena,Keri,2,1,1,1,Keri (2),Keri-n (2)
Viena,Krikorjouna,2,1,1,1,Krikorjouna (2),Krikorjouna (2)
Viena,Kyntteli,2,1,1,1,Kyntteli (2),Kyntteli (2)
Viena,Kärppä,2,1,1,1,Kärppä (2),Kärppä (2)
Viena,Makari,2,1,1,1,Makari (2),Makari (2)
Viena,Martin / Mart / Märt,2,2,2,2,Martin (1); Martti (1),Martin (1); Martti-n (1)
Viena,Michael / Mikko / Mihkel,2,2,2,2,Mikko (1); Miikkula (1),Mikko (1); Miikkula (1)
Viena,Onuhri,2,1,1,1,Onuhri (2),Onuhri (2)
Viena,Prokon,2,2,1,1,Prokon (2),Prokko-n (2)
Viena,Rantukka,2,1,1,1,Rantukka (2),Rantukka (2)
Viena,Runtukka,2,1,1,1,Runtukka (2),Runtukka (2)
Viena,Soava,2,1,1,1,Soava (2),Soava (2)
Viena,Thomas / Toomas / Tuomas,2,2,1,2,Tuomas (2),Tuomes (1); Tuomas (1)
Viena,Tsimmon,2,1,1,1,Tsimmon (2),tsimmon (2)
Viena,Varvana,2,1,1,1,Varvana (2),Varvana (2)
Viena,nimi,2,2,1,1,nimi (2),nimi (2)
Viena,(unknown),1,1,1,1,(unknown) (1),Titiliusku (1)
Viena,Annila,1,1,1,1,Annila (1),anniloista (1)
Viena,Artti,1,1,1,1,Artti (1),Artti (1)
Viena,Elizabeth / Liisa / Liisu / Elli,1,1,1,1,Liisa (1),Liisa (1)
Viena,George / Jüri,1,1,1,1,Yrjö (1),Yrjö (1)
Viena,Halli,1,1,1,1,Halli (1),Halli (1)
Viena,Hampas,1,1,1,1,Hampas (1),Hampas (1)
Viena,Henry / Heikki,1,1,1,1,Henrikki (1),Henrikki (1)
Viena,Hermikki,1,1,1,1,Hermikki (1),Hermikki (1)
Viena,Hilippäinen,1,1,1,1,Hilippäinen (1),Hilippäinen (1)
Viena,Honuhri,1,1,1,1,Honuhri (1),Onuhri (1)
Viena,Iron,1,1,1,1,Iron (1),Iron (1)
Viena,Ivana,1,1,1,1,Ivana (1),Ivana (1)
Viena,Jupo,1,1,1,1,Jupo (1),Jupo (1)
Viena,Kainu,1,1,1,1,Kainu (1),Kainu (1)
Viena,Kanerva,1,1,1,1,Kanerva (1),Kanerva (1)
Viena,Kanervan,1,1,1,1,Kanervan (1),kanervan (1)
Viena,Kannojova,1,1,1,1,Kannojova (1),Kannojova+n (1)
Viena,Karaseineri,1,1,1,1,Karaseineri (1),Karaseineri (1)
Viena,Karppa,1,1,1,1,Karppa (1),Karppa (1)
Viena,Karppo,1,1,1,1,Karppo (1),Karppo (1)
Viena,Keunäsjärvi,1,1,1,1,Keunäsjärvi (1),Keunäsjärvi (1)
Viena,Kirkelä,1,1,1,1,Kirkelä (1),Kirkelä (1)
Viena,Kolkko,1,1,1,1,Kolkko (1),Kolkkonen (1)
Viena,Kolkko (proper noun),1,1,1,1,Kolkko (proper noun) (1),Kolkkonen (1)
Viena,Kopo,1,1,1,1,Kopo (1),Kopo (1)
Viena,Kullervo,1,1,1,1,Kullervo (1),Kullervo (1)
Viena,Kullervoiden,1,1,1,1,Kullervoiden (1),Kullervoiten (1)
Viena,Kuptsa,1,1,1,1,Kuptsa (1),Kuptsa (1)
Viena,Kuptsajouni,1,1,1,1,Kuptsajouni (1),Kuptsajouni (1)
Viena,Lauri,1,1,1,1,Lauri (1),Lauri (1)
Viena,Leena,1,1,1,1,Leena (1),Leena (1)
Viena,Maija (hypocoristic),1,1,1,1,Maija (hypocoristic) (1),Moamo (1)
Viena,Maksima,1,1,1,1,Maksima (1),Maksima (1)
Viena,Marja,1,1,1,1,Marja (1),Marja (1)
Viena,Marttinen,1,1,1,1,Marttinen (1),Marttinen (1)
Viena,Meilu,1,1,1,1,Meilu (1),Meilu (1)
Viena,Milma,1,1,1,1,Milma (1),Milma (1)
Viena,Moaria,1,1,1,1,Moaria (1),Moaria (1)
Viena,Muaria,1,1,1,1,Muaria (1),Muaria (1)
Viena,Nicholas / Nikka / Klaus,1,1,1,1,Nikolai (1),Nikolaiksi (1)
Viena,Osmotar,1,1,1,1,Osmotar (1),Osmotar (1)
Viena,Paavo,1,1,1,1,Paavo (1),Paav (1)
Viena,Parkkila,1,1,1,1,Parkkila (1),Parkkila (1)
Viena,Pertti,1,1,1,1,Pertti (1),Pertti (1)
Viena,Perttula,1,1,1,1,Perttula (1),Perttula (1)
Viena,Petro,1,1,1,1,Petro (1),Petro (1)
Viena,Proitikka,1,1,1,1,Proitikka (1),Proitikka (1)
Viena,Proper name,1,1,1,1,,Tsikko (1)
Viena,Protko,1,1,1,1,Protko (1),Protko (1)
Viena,Pusuri*,1,1,1,1,Pusuri* (1),Pusuri (1)
Viena,Rimmon,1,1,1,1,Rimmon (1),rimmon (1)
Viena,Ritu (name),1,1,1,1,Ritu (name) (1),ritu+nen (1)
Viena,Rutja,1,1,1,1,Rutja (1),Rutja (1)
Viena,Rästsinä,1,1,1,1,Rästsinä (1),Rästsinä (1)
Viena,Sahroma,1,1,1,1,Sahroma (1),Sahroma (1)
Viena,Sallila,1,1,1,1,Sallila (1),Sallila (1)
Viena,Sisilius,1,1,1,1,Sisilius (1),Sisilius (1)
Viena,Sisilius-ko,1,1,1,1,Sisilius-ko (1),tsisilius-ko (1)
Viena,Soamo,1,1,1,1,Soamo (1),Soamoseh (1)
Viena,Soarna,1,1,1,1,Soarna (1),Soarna (1)
Viena,Someri,1,1,1,1,Someri (1),Someri (1)
Viena,Syvätteri,1,1,1,1,Syvätteri (1),Syvätteri (1)
Viena,Tahva,1,1,1,1,Tahva (1),Tahva (1)
Viena,Tapiaini,1,1,1,1,Tapiaini (1),Tapiaini (1)
Viena,Tapio,1,1,1,1,Tapio (1),Tapio (1)
Viena,Teppo,1,1,1,1,Teppo (1),Teppo (1)
Viena,Tiitu,1,1,1,1,Tiitu (1),Tiuttu (1)
Viena,Timo,1,1,1,1,Timo (1),Timo (1)
Viena,Titro (name),1,1,1,1,Titro (name) (1),titro (1)
Viena,Tommi,1,1,1,1,Tommi (1),Tommu (1)
Viena,Torto,1,1,1,1,Torto (1),Torto (1)
Viena,Trikko,1,1,1,1,Trikko (1),Trikko (1)
Viena,Tsenna,1,1,1,1,Tsenna (1),tsenna-n (1)
Viena,Tsiho,1,1,1,1,Tsiho (1),Tsiho (1)
Viena,Tsikko,1,1,1,1,Tsikko (1),Tsikko (1)
Viena,Tukku,1,1,1,1,Tukku (1),Tukku (1)
Viena,Ullas,1,1,1,1,Ullas (1),Ulassi (1)
Viena,Urpana,1,1,1,1,Urpana (1),Urpana (1)
Viena,Usti,1,1,1,1,Usti (1),Usti (1)
Viena,Utaperä,1,1,1,1,Utaperä (1),Utaperä (1)
Viena,Uvo,1,1,1,1,Uvo (1),Uvo (1)
Viena,Vassa,1,1,1,1,Vassa (1),Vassa (1)
Viena,Vesa,1,1,1,1,Vesa (1),vesa-n (1)
Viena,Vuoninen,1,1,1,1,Vuoninen (1),Vuoninen (1)
Viena,kainu (regional),1,1,1,1,kainu (regional) (1),kainu (1)
Viena,kapo,1,1,1,1,kapo (1),kapo (1)
Viena,karppa,1,1,1,1,karppa (1),karppa (1)
Viena,leski-Iro,1,1,1,1,leski-Iro (1),leski-Iron (1)
Viena,ohto,1,1,1,1,ohto (1),ohto (1)
Viena,ortjo,1,1,1,1,ortjo (1),ortjo (1)
Viena,oula/oulu,1,1,1,1,oula/oulu (1),oulan (1)
Viena,puu & Makari,1,1,1,1,puu & Makari (1),pumakari (1)
Viena,riisi,1,1,1,1,riisi (1),riisi (1)
Viena,rätö,1,1,1,1,rätö (1),rätö (1)
Viena,soamo,1,1,1,1,soamo (1),soamoimmat (1)
Viena,Äkräs,1,1,1,1,Äkräs (1),Äkräs (1)
Viljandimaa,Martin / Mart / Märt,1007,81,16,22,Märt (460); märt (194); mart (124); Märti (112); Mart (67); mard (22); märd (6); Mard (6),Märti (351); Märt (195); märti (164); mart (59); Mart (54); marti (45); mard (43); märdi (32)
Viljandimaa,God / Jumala / Jumal,506,338,21,53,härra (118); jumal (116); Jumal (96); herra (68); looja (43); Looja (17); isand (17); Issand (8),jumal (104); härra (84); Jumal (75); herra (60); looja (42); härrä (27); isand (14); Looja (13)
Viljandimaa,Mary / Maria / Maarja / Mari,474,287,21,44,Mari (206); mari (125); Maarja (98); Maria (17); Maaria (4); Marija (3); Marijale (3); Maie (2),Mari (188); mari (107); Maarja (64); Maria (17); marja (17); Maari (14); maarja (10); maari (4)
Viljandimaa,Catherine / Kadri / Katri,444,53,12,20,Kadri (178); Katri (156); katri (84); kadri (11); Kadril (3); Triinu (3); kadrike (3); Kaie (2),Kadri (161); Katri (156); katri (84); kadri (18); Kadril (3); Kaie (3); Triinu (3); kadrid (2)
Viljandimaa,John / Jaan / Jussi / Hans,402,169,20,31,Jaan (140); Hans (107); jaan (67); Ants (46); Juhan (14); jaanikene (6); jaanike (3); jään (3),Jaan (98); Hans (96); jaanike (51); Ants (45); Jaanik (25); jaanikene (21); Juhan (14); hans (9)
Viljandimaa,Anna / Anne / Ann / Anni,350,168,17,30,Anne (190); Ann (88); anne (48); Anna (4); Annike (4); Anu (3); ann (2); Annel (2),Anne (165); Ann (82); anne (42); Annekene (12); ann (7); anni (4); Anna (4); annekene (4)
Viljandimaa,Peter / Pietari / Peeter,107,58,2,16,Peeter (100); Peetrus (7),Peeter (56); Piiter (12); peeter (11); Peetrus (4); Pieter (4); Peet (4); peetri (3); Piitrus (3)
Viljandimaa,George / Jüri,101,63,3,7,Jüri (95); jüri (4); Jürikene (2),Jüri (89); jürikene (4); jüri (3); Jürikene (2); jürike (1); Jüri+kene (1); Jürn (1)
Viljandimaa,Elizabeth / Liisa / Liisu / Elli,85,41,4,7,Liisu (57); Liisa (25); Elli (2); liisu (1),Liisu (48); Liisa (23); liisu (9); Liisakene (2); Liisukene (1); Ellu (1); Elli (1)
Viljandimaa,Kalev / Kalervo,65,49,5,12,Kalev (43); kalev (18); Kalevile (2); kange (1); Kalevi (1),Kalev (31); kalev (16); kalevi (3); Kalevi (3); Kalevile (3); kalevesse (2); kalevitse (2); kalevisi (1)
Viljandimaa,Mai,57,17,1,3,Mai (57),Mai (49); Maie (7); Maiene (1)
Viljandimaa,Jesus / Christ,49,27,3,6,Jeesus (42); Kristus (6); Eesus (1),Jeesus (34); Kristus (6); Jeessu (4); Eesus (3); Jeesul (1); Jeesukene (1)
Viljandimaa,Kai,46,30,1,2,Kai (46),Kai (34); Kaie (12)
Viljandimaa,Michael / Mikko / Mihkel,39,23,7,13,Mihkel (26); mihkel (4); Mikk (3); Miikael (2); Mihkile (2); mihkel (?) (1); Mihklile (1),Mihkel (20); miku (4); Miikael (2); mihkel (2); mihe (2); Mihkile (2); Mihel (1); Mihe (1)
Viljandimaa,Matthew / Matti,36,31,6,11,Mats (19); mats (12); matt (2); Madis (1); Matsi (1); Matt (1),Mats (14); mats (5); Matsi (4); malts (3); mass (2); matsil (2); matt (2); Madis (1)
Viljandimaa,Kaie,35,21,2,2,Kaie (34),Kaie (33); kaie (2)
Viljandimaa,Thomas / Toomas / Tuomas,35,23,2,5,Toomas (34); Toomast (1),Toomas (31); Tone (1); toomasta (1); Toomast (1); Tooma (1)
Viljandimaa,Jacob / Jaak / Jaakko,32,24,6,9,Jaak (21); Jakob (7); jääk (1); Jakobile (1); Jaakobus (1); Jaakob (1),Jaak (20); Jakub (4); Jakob (2); jemä (1); jakubile (1); jakopile (1); Jakupus (1); jakobile (1)
Viljandimaa,Malle,30,18,1,5,Malle (30),Malle (22); malle (5); malla (1); mallele (1); Mallel (1)
Viljandimaa,Maie,26,11,2,3,Maie (25),Maie (23); Mai (2); maie (1)
Viljandimaa,Tiiu,26,16,1,1,Tiiu (26),Tiiu (26)
Viljandimaa,Andrew / Antti,20,16,4,8,Andres (17); Ants (1); andres (1); Andrese (1),Andres (11); andres (3); Andsi (1); Ants (1); andressa (1); Annus (1); Andrek (1); Andre (1)
Viljandimaa,Ollermann,18,2,1,2,Ollermann (18),ollermann (17); Ollermann (1)
Viljandimaa,Simon / Siim / Simo,17,9,6,7,Siiman (7); Siim (4); Siimann (3); Siimon (1); siiman (1); siim (1),Siimani (6); Siim (4); siimanni (3); Siimon (1); Siimann (1); siiman (1); siimud (1)
Viljandimaa,Iide,12,5,1,1,Iide (12),Iide (12)
Viljandimaa,Hants,10,6,1,2,Hants (10),Hants (8); hants (2)
Viljandimaa,Manni,9,3,1,1,Manni (9),Manni (9)
Viljandimaa,Ants,8,7,1,4,Ants (8),Antsu (5); antsu (1); Antsukene (1); ans (1)
Viljandimaa,Eve / Eeva,8,5,1,2,Eeva (8),Eeva (6); Eeba (2)
Viljandimaa,Lilla,8,5,1,1,Lilla (8),Lilla (8)
Viljandimaa,Salme,8,2,1,1,Salme (8),Salme (8)
Viljandimaa,Koska,6,3,1,1,Koska (6),Koska (6)
Viljandimaa,Olland,6,2,1,1,Olland (6),Olland (6)
Viljandimaa,Salmelt,6,1,1,1,Salmelt (6),Salmelta (6)
Viljandimaa,Tõnis,6,4,1,1,Tõnis (6),Tõnis (6)
Viljandimaa,Viiu,6,1,1,1,Viiu (6),Viiu (6)
Viljandimaa,Arjun,5,2,1,1,Arjun (5),Arjun (5)
Viljandimaa,Elme,5,2,1,1,Elme (5),Elme (5)
Viljandimaa,Iire,5,5,1,1,Iire (5),Iire (5)
Viljandimaa,Maret,5,4,1,1,Maret (5),Maret (5)
Viljandimaa,Oller,5,3,1,1,Oller (5),Oller (5)
Viljandimaa,Ollerjaani,5,1,1,1,Ollerjaani (5),Ollerjaani (5)
Viljandimaa,Paavel,5,3,1,1,Paavel (5),Paavel (5)
Viljandimaa,Piret,5,4,1,2,Piret (5),Piret (3); Pireta (2)
Viljandimaa,Aadu,4,3,1,1,Aadu (4),Aadu (4)
Viljandimaa,Aaro,4,1,1,1,Aaro (4),Aaro (4)
Viljandimaa,Elts,4,3,1,2,Elts (4),Elts (3); Elts+e (1)
Viljandimaa,Iie,4,1,1,1,Iie (4),Iie (4)
Viljandimaa,Iiro,4,1,1,1,Iiro (4),Iiro (4)
Viljandimaa,Kiisa,4,1,1,1,Kiisa (4),Kiisa (4)
Viljandimaa,Kärt,4,4,1,1,Kärt (4),Kärt (4)
Viljandimaa,Madi,4,1,1,1,Madi (4),Madi (4)
Viljandimaa,Moska,4,2,1,1,Moska (4),Moska (4)
Viljandimaa,Olga,4,3,1,1,Olga (4),Olga (4)
Viljandimaa,Pille,4,3,1,1,Pille (4),Pille (4)
Viljandimaa,Talna,4,2,1,1,Talna (4),talna (4)
Viljandimaa,Tiidu,4,2,1,1,Tiidu (4),Tiidu (4)
Viljandimaa,Villändi,4,1,1,1,Villändi (4),Villänt (4)
Viljandimaa,kai,4,2,1,1,kai (4),kai (4)
Viljandimaa,Ärrä,4,1,1,1,Ärrä (4),ärrä (4)
Viljandimaa,Hantsu,3,2,1,1,Hantsu (3),Hantsu (3)
Viljandimaa,Madli,3,2,1,1,Madli (3),Madli (3)
Viljandimaa,Manu,3,3,1,1,Manu (3),Manu (3)
Viljandimaa,Mareta,3,1,1,1,Mareta (3),Mareta (3)
Viljandimaa,Mati,3,1,1,1,Mati (3),Mati (3)
Viljandimaa,Nirg,3,3,1,2,Nirg (3),Nirg (2); Nirgi (1)
Viljandimaa,Siimu,3,1,1,1,Siimu (3),Siimu (3)
Viljandimaa,Tiina,3,2,1,1,Tiina (3),Tiina (3)
Viljandimaa,Tuiu,3,1,1,1,Tuiu (3),Tuiu (3)
Viljandimaa,Virun,3,1,1,1,Virun (3),Virun (3)
Viljandimaa,mann,3,2,1,2,mann (3),mann (2); mannike (1)
Viljandimaa,(name),2,1,1,1,(name) (2),Ärtsu (2)
Viljandimaa,Agu,2,2,1,1,Agu (2),Agu (2)
Viljandimaa,Annus,2,2,1,1,Annus (2),Annus (2)
Viljandimaa,Ansa,2,1,1,1,Ansa (2),Ansa (2)
Viljandimaa,Armi,2,2,1,1,Armi (2),Armi (2)
Viljandimaa,Eldse,2,1,1,1,Eldse (2),Eldse (2)
Viljandimaa,Els,2,1,1,1,Els (2),Els (2)
Viljandimaa,Handsi,2,1,1,1,Handsi (2),Handsi (2)
Viljandimaa,Hents,2,1,1,1,Hents (2),Hents (2)
Viljandimaa,Hintsu,2,1,1,1,Hintsu (2),Hintsu (2)
Viljandimaa,Iita,2,1,1,1,Iita (2),Iita (2)
Viljandimaa,Insu,2,1,1,1,Insu (2),Insu (2)
Viljandimaa,Irmi,2,2,1,1,Irmi (2),Irmi (2)
Viljandimaa,Jaska,2,1,1,1,Jaska (2),Jaska (2)
Viljandimaa,Judas / Juudas,2,2,1,2,Juudas (2),Juudas (1); juudas (1)
Viljandimaa,Kadi,2,1,1,1,Kadi (2),Kadi (2)
Viljandimaa,Kilingi,2,2,1,1,Kilingi (2),Kilingi (2)
Viljandimaa,Koigu,2,1,1,1,Koigu (2),Koigu (2)
Viljandimaa,Koik,2,1,1,2,Koik (2),koiku (1); koigu+s (1)
Viljandimaa,Krõõt,2,1,1,1,Krõõt (2),Krõõta (2)
Viljandimaa,Kuramaa,2,1,1,1,Kuramaa (2),Kuramaa (2)
Viljandimaa,Kustas,2,1,1,1,Kustas (2),Kustas (2)
Viljandimaa,Laina,2,1,1,1,Laina (2),Laina (2)
Viljandimaa,Leena,2,1,1,1,Leena (2),Leena (2)
Viljandimaa,Leoke,2,1,1,1,Leoke (2),Leoke (2)
Viljandimaa,Liferland,2,1,1,1,Liferland (2),Liferland (2)
Viljandimaa,Maiel,2,1,1,1,Maiel (2),Maie+l (2)
Viljandimaa,Mall,2,1,1,1,Mall (2),Mall (2)
Viljandimaa,Mare,2,1,1,1,Mare (2),Mareta (2)
Viljandimaa,Miku,2,2,1,1,Miku (2),Miku (2)
Viljandimaa,Milka,2,1,1,1,Milka (2),Milka (2)
Viljandimaa,Moor,2,1,1,1,Moor (2),Moor (2)
Viljandimaa,Muska,2,1,1,1,Muska (2),Muska (2)
Viljandimaa,Märdi,2,1,1,1,Märdi (2),Märdi (2)
Viljandimaa,Nirgi,2,2,1,1,Nirgi (2),Nirgi (2)
Viljandimaa,Olev,2,2,1,2,Olev (2),Olde (1); Olev (1)
Viljandimaa,Osmi,2,1,1,1,Osmi (2),Osmi (2)
Viljandimaa,Petlik,2,1,1,1,Petlik (2),Petlik (2)
Viljandimaa,Pireta,2,1,1,1,Pireta (2),pireta (2)
Viljandimaa,Riiu,2,1,1,1,Riiu (2),Riiu (2)
Viljandimaa,Roti,2,1,1,1,Roti (2),Roti (2)
Viljandimaa,Sarah / Saara,2,1,1,1,Saara (2),Saara (2)
Viljandimaa,Suisle,2,1,1,1,Suisle (2),Suisle (2)
Viljandimaa,Sukku,2,1,1,1,Sukku (2),sukku (2)
Viljandimaa,Tani,2,1,1,1,Tani (2),Tani (2)
Viljandimaa,Tepp,2,1,1,1,Tepp (2),Tepu (2)
Viljandimaa,Tillerman,2,1,1,1,Tillerman (2),Tillerman (2)
Viljandimaa,Tillermann,2,2,1,1,Tillermann (2),Tillermann (2)
Viljandimaa,aki,2,1,1,1,aki (2),aki (2)
Viljandimaa,pede,2,1,1,1,pede (2),pede (2)
Viljandimaa,võru,2,1,1,1,võru (2),võru (2)
Viljandimaa,Õisu,2,2,1,1,Õisu (2),Õisu (2)
Viljandimaa,(proper noun),1,1,1,1,(proper noun) (1),värdija (1)
Viljandimaa,Ado,1,1,1,1,Ado (1),Ado (1)
Viljandimaa,Ago,1,1,1,1,Ago (1),Ago (1)
Viljandimaa,Aki,1,1,1,1,Aki (1),Aki (1)
Viljandimaa,Alju,1,1,1,1,Alju (1),Alju (1)
Viljandimaa,Anne+kene,1,1,1,1,Anne+kene (1),Anne+kese (1)
Viljandimaa,Annekest,1,1,1,1,Annekest (1),Anneke+sta (1)
Viljandimaa,Annu,1,1,1,1,Annu (1),Annu (1)
Viljandimaa,Ansakjaan,1,1,1,1,Ansakjaan (1),Ansakjaan (1)
Viljandimaa,Antu,1,1,1,1,Antu (1),Antu (1)
Viljandimaa,Ariu,1,1,1,1,Ariu (1),Ariu (1)
Viljandimaa,Arkma,1,1,1,1,Arkma (1),Arkma (1)
Viljandimaa,Arsla,1,1,1,1,Arsla (1),Arsla (1)
Viljandimaa,Arvas,1,1,1,1,Arvas (1),Arvas (1)
Viljandimaa,Atumä,1,1,1,1,Atumä (1),Atumä (1)
Viljandimaa,Atümä,1,1,1,1,Atümä (1),Atümä (1)
Viljandimaa,Eeru,1,1,1,1,Eeru (1),Eeru (1)
Viljandimaa,Eld,1,1,1,1,Eld (1),Eld (1)
Viljandimaa,Eldseulg,1,1,1,1,Eldseulg (1),eldseulga (1)
Viljandimaa,Ell,1,1,1,1,Ell (1),Ell (1)
Viljandimaa,Ella,1,1,1,1,Ella (1),Ella (1)
Viljandimaa,Ellermann,1,1,1,1,Ellermann (1),Ellermann (1)
Viljandimaa,Endrek,1,1,1,1,Endrek (1),Endrek (1)
Viljandimaa,Entel,1,1,1,1,Entel (1),Entel (1)
Viljandimaa,Hansur,1,1,1,1,Hansur (1),Hansur (1)
Viljandimaa,Havi,1,1,1,1,Havi (1),Havi (1)
Viljandimaa,Henry / Heikki,1,1,1,1,Henrikule (1),enrikule (1)
Viljandimaa,Hinnu,1,1,1,1,Hinnu (1),Hinnu (1)
Viljandimaa,Hommel,1,1,1,1,Hommel (1),Hommel (1)
Viljandimaa,Iidu,1,1,1,1,Iidu (1),Iidu (1)
Viljandimaa,Iiu,1,1,1,1,Iiu (1),Iiu (1)
Viljandimaa,Indi,1,1,1,1,Indi (1),Indi (1)
Viljandimaa,Intu,1,1,1,1,Intu (1),Intu (1)
Viljandimaa,Jantsu,1,1,1,1,Jantsu (1),Jantsu (1)
Viljandimaa,Jassi,1,1,1,1,Jassi (1),Jassi (1)
Viljandimaa,Joseph / Joosep,1,1,1,1,Joosep (1),Joosep (1)
Viljandimaa,Juku,1,1,1,1,Juku (1),jukkan (1)
Viljandimaa,Juntsu,1,1,1,1,Juntsu (1),Juntsu (1)
Viljandimaa,Jäsk,1,1,1,1,Jäsk (1),Jäsk (1)
Viljandimaa,Jürmann,1,1,1,1,Jürmann (1),Jürmann (1)
Viljandimaa,Kaabur,1,1,1,1,Kaabur (1),Kaaburi (1)
Viljandimaa,Kaarel,1,1,1,1,Kaarel (1),Kaarel (1)
Viljandimaa,Kaarelindrik,1,1,1,1,Kaarelindrik (1),Kaarelindrik (1)
Viljandimaa,Kaarli,1,1,1,1,Kaarli (1),Kaarli (1)
Viljandimaa,Kaie+kene,1,1,1,1,Kaie+kene (1),Kaie+kese (1)
Viljandimaa,Kaiel,1,1,1,1,Kaiel (1),Kaiel (1)
Viljandimaa,Kalle,1,1,1,1,Kalle (1),Kalle (1)
Viljandimaa,Kangur,1,1,1,1,Kangur (1),Kangur (1)
Viljandimaa,Karr,1,1,1,1,Karr (1),Karr+i (1)
Viljandimaa,Kave,1,1,1,1,Kave (1),Kave (1)
Viljandimaa,Kerete,1,1,1,1,Kerete (1),Kerite (1)
Viljandimaa,Ketu,1,1,1,1,Ketu (1),Ketu (1)
Viljandimaa,Kiim,1,1,1,1,Kiim (1),Kiim (1)
Viljandimaa,Kiiviti,1,1,1,1,Kiiviti (1),Kiiviti (1)
Viljandimaa,Killinge,1,1,1,1,Killinge (1),Killinge (1)
Viljandimaa,Kilter,1,1,1,1,Kilter (1),Kilter (1)
Viljandimaa,Kogemed,1,1,1,1,Kogemed (1),Kogemed (1)
Viljandimaa,Kooviti,1,1,1,1,Kooviti (1),Kooviti (1)
Viljandimaa,Kudermann,1,1,1,1,Kudermann (1),Kutermann (1)
Viljandimaa,Kupjas,1,1,1,1,Kupjas (1),Kupjil (1)
Viljandimaa,Kuremaa,1,1,1,1,Kuremaa (1),Kuremaa (1)
Viljandimaa,Kurista,1,1,1,1,Kurista (1),Kurista (1)
Viljandimaa,Kurla,1,1,1,1,Kurla (1),Kurla (1)
Viljandimaa,Kurp,1,1,1,1,Kurp (1),Kurp (1)
Viljandimaa,Kusta,1,1,1,1,Kusta (1),Kusta (1)
Viljandimaa,Kuta,1,1,1,1,Kuta (1),kuta (1)
Viljandimaa,Kuura,1,1,1,1,Kuura (1),Kuura (1)
Viljandimaa,Kärd,1,1,1,1,Kärd (1),Kärd (1)
Viljandimaa,Kärdi,1,1,1,1,Kärdi (1),Kärdi (1)
Viljandimaa,Kärdu/käru,1,1,1,1,Kärdu/käru (1),Kärdu/käru (1)
Viljandimaa,Kärp,1,1,1,1,Kärp (1),Kärp (1)
Viljandimaa,Köide,1,1,1,1,Köide (1),Köide (1)
Viljandimaa,Kükali,1,1,1,1,Kükali (1),Kükali (1)
Viljandimaa,Küti,1,1,1,1,Küti (1),Küiti (1)
Viljandimaa,Laagle,1,1,1,1,Laagle (1),Laaglele (1)
Viljandimaa,Lalli,1,1,1,1,Lalli (1),Lalli (1)
Viljandimaa,Lauri,1,1,1,1,Lauri (1),Lauri (1)
Viljandimaa,Leena+kene,1,1,1,1,Leena+kene (1),Leena+kese (1)
Viljandimaa,Leeno,1,1,1,1,Leeno (1),Leeno (1)
Viljandimaa,Leisi,1,1,1,1,Leisi (1),Leisi (1)
Viljandimaa,Lemsi,1,1,1,1,Lemsi (1),Lemsi (1)
Viljandimaa,Lillast,1,1,1,1,Lillast (1),Lilladesta (1)
Viljandimaa,Lillat,1,1,1,1,Lillat (1),Lillat (1)
Viljandimaa,Mallel,1,1,1,1,Mallel (1),mallel (1)
Viljandimaa,Mann,1,1,1,1,Mann (1),Mann (1)
Viljandimaa,Mannikest,1,1,1,1,Mannikest (1),Mannike+sta (1)
Viljandimaa,Marela,1,1,1,1,Marela (1),Marela (1)
Viljandimaa,Marja,1,1,1,1,Marja (1),Marja (1)
Viljandimaa,Miina,1,1,1,1,Miina (1),Miinat (1)
Viljandimaa,Moori,1,1,1,1,Moori (1),Moor+ep (1)
Viljandimaa,Muri,1,1,1,1,Muri (1),Muri (1)
Viljandimaa,Märada,1,1,1,1,Märada (1),Märada (1)
Viljandimaa,Münd,1,1,1,1,Münd (1),Münd (1)
Viljandimaa,Nipar,1,1,1,1,Nipar (1),Nipar (1)
Viljandimaa,Olard,1,1,1,1,Olard (1),Olard (1)
Viljandimaa,Olderjaan,1,1,1,1,Olderjaan (1),Olderjaan (1)
Viljandimaa,Ollart,1,1,1,1,Ollart (1),Ollart (1)
Viljandimaa,Olustvere,1,1,1,1,Olustvere (1),Olustvere (1)
Viljandimaa,Oode,1,1,1,1,Oode (1),Oode (1)
Viljandimaa,Oolu,1,1,1,1,Oolu (1),Oolu (1)
Viljandimaa,Orik,1,1,1,1,Orik (1),Orik (1)
Viljandimaa,Ott,1,1,1,1,Ott (1),Ott (1)
Viljandimaa,Palber,1,1,1,1,Palber (1),Palber (1)
Viljandimaa,Palle,1,1,1,1,Palle (1),Palle (1)
Viljandimaa,Penu,1,1,1,1,Penu (1),Penu (1)
Viljandimaa,Perassaare,1,1,1,1,Perassaare (1),Perassaare (1)
Viljandimaa,Perseli,1,1,1,1,Perseli (1),Perseli (1)
Viljandimaa,Peterburg,1,1,1,1,Peterburg (1),Peterburg (1)
Viljandimaa,Peterburi,1,1,1,1,Peterburi (1),peterpoor (1)
Viljandimaa,Pibel,1,1,1,1,Pibel (1),Pibel (1)
Viljandimaa,Piiter,1,1,1,1,Piiter (1),piiter (1)
Viljandimaa,Pirikivi,1,1,1,1,Pirikivi (1),Pirikivi (1)
Viljandimaa,Pitti,1,1,1,1,Pitti (1),Pitti (1)
Viljandimaa,Polli,1,1,1,1,Polli (1),Polli (1)
Viljandimaa,Poola,1,1,1,1,Poola (1),Poola (1)
Viljandimaa,Proper noun,1,1,1,1,,Maie (1)
Viljandimaa,Puts,1,1,1,1,Puts (1),Puts (1)
Viljandimaa,Pärt,1,1,1,1,Pärt (1),Pärt (1)
Viljandimaa,Põlamaa,1,1,1,1,Põlamaa (1),Põhlamaa (1)
Viljandimaa,Rands,1,1,1,1,Rands (1),Rands (1)
Viljandimaa,Rans,1,1,1,1,Rans (1),Rans (1)
Viljandimaa,Rants,1,1,1,1,Rants (1),rants (1)
Viljandimaa,Rasevalla,1,1,1,1,Rasevalla (1),Rasevalla (1)
Viljandimaa,Reeda,1,1,1,1,Reeda (1),Reeda (1)
Viljandimaa,Reedakest,1,1,1,1,Reedakest (1),Reedake+sta (1)
Viljandimaa,Reet,1,1,1,1,Reet (1),Reet (1)
Viljandimaa,Reetsu,1,1,1,1,Reetsu (1),reetsu (1)
Viljandimaa,Reiu,1,1,1,1,Reiu (1),Reiu (1)
Viljandimaa,Riig,1,1,1,1,Riig (1),riiast (1)
Viljandimaa,Riiga,1,1,1,1,Riiga (1),riiga (1)
Viljandimaa,Riit,1,1,1,1,Riit (1),Riit (1)
Viljandimaa,Ritsu,1,1,1,1,Ritsu (1),Ritsu (1)
Viljandimaa,Rõusa,1,1,1,1,Rõusa (1),Rõusa (1)
Viljandimaa,Rõõd,1,1,1,1,Rõõd (1),Rõõd (1)
Viljandimaa,Rõõda,1,1,1,1,Rõõda (1),Rõõda (1)
Viljandimaa,Sanna,1,1,1,1,Sanna (1),Sanna (1)
Viljandimaa,Sass,1,1,1,1,Sass (1),Sass (1)
Viljandimaa,Siassaare,1,1,1,1,Siassaare (1),Siassaare (1)
Viljandimaa,Sineli,1,1,1,1,Sineli (1),sineli (1)
Viljandimaa,Susti,1,1,1,1,Susti (1),Susti (1)
Viljandimaa,Säurak,1,1,1,1,Säurak (1),säurak (1)
Viljandimaa,Tadu,1,1,1,1,Tadu (1),Tadu (1)
Viljandimaa,Tennassilma,1,1,1,1,Tennassilma (1),Tennas+silma (1)
Viljandimaa,Tennu,1,1,1,1,Tennu (1),Tennu (1)
Viljandimaa,Tetermoor,1,1,1,1,Tetermoor (1),Tetermoor (1)
Viljandimaa,Tiio,1,1,1,1,Tiio (1),Tiio (1)
Viljandimaa,Tiiu (name),1,1,1,1,Tiiu (name) (1),Tiiu (1)
Viljandimaa,Tiku,1,1,1,1,Tiku (1),Tiku (1)
Viljandimaa,Tilu,1,1,1,1,Tilu (1),Tilu (1)
Viljandimaa,Tohand,1,1,1,1,Tohand (1),tohandille (1)
Viljandimaa,Toll,1,1,1,1,Toll (1),Toll (1)
Viljandimaa,Tommingas,1,1,1,1,Tommingas (1),Tommingas (1)
Viljandimaa,Tusti,1,1,1,1,Tusti (1),Tusti (1)
Viljandimaa,Tuudi,1,1,1,1,Tuudi (1),Tuudi (1)
Viljandimaa,Täänilinna,1,1,1,1,Täänilinna (1),Tääni+linna (1)
Viljandimaa,Tõistre,1,1,1,1,Tõistre (1),Tõistre (1)
Viljandimaa,Tõnn,1,1,1,1,Tõnn (1),Tõnn (1)
Viljandimaa,Tõnnis,1,1,1,1,Tõnnis (1),Tõnnis (1)
Viljandimaa,Tõnu,1,1,1,1,Tõnu (1),Tõnu (1)
Viljandimaa,Tõnur,1,1,1,1,Tõnur (1),Tõnur (1)
Viljandimaa,Tõpre,1,1,1,1,Tõpre (1),Tõpre (1)
Viljandimaa,Tündre,1,1,1,1,Tündre (1),Tündre (1)
Viljandimaa,Uandi,1,1,1,1,Uandi (1),Uandi (1)
Viljandimaa,Uulu,1,1,1,1,Uulu (1),Uulu (1)
Viljandimaa,Uuru,1,1,1,1,Uuru (1),Uuru (1)
Viljandimaa,Vaia,1,1,1,1,Vaia (1),Vaia (1)
Viljandimaa,Valli,1,1,1,1,Valli (1),Valli (1)
Viljandimaa,Valter,1,1,1,1,Valter (1),Valter (1)
Viljandimaa,Vastemõisa,1,1,1,1,Vastemõisa (1),Vastemõisa (1)
Viljandimaa,Veiksevälja,1,1,1,1,Veiksevälja (1),Veiksevälja (1)
Viljandimaa,Vest,1,1,1,1,Vest (1),Vest (1)
Viljandimaa,Viidu,1,1,1,1,Viidu (1),Viidu (1)
Viljandimaa,Viil,1,1,1,1,Viil (1),Viilo (1)
Viljandimaa,Viir,1,1,1,1,Viir (1),Viir (1)
Viljandimaa,Viire,1,1,1,1,Viire (1),Viire (1)
Viljandimaa,Vio,1,1,1,1,Vio (1),Vio (1)
Viljandimaa,Voolas,1,1,1,1,Voolas (1),Voolas (1)
Viljandimaa,Väänatud?,1,1,1,1,Väänatud? (1),Väänti (1)
Viljandimaa,Võhma,1,1,1,1,Võhma (1),Võhma (1)
Viljandimaa,Võivaku,1,1,1,1,Võivaku (1),Võivaku (1)
Viljandimaa,Võivistvere,1,1,1,1,Võivistvere (1),Võivistvere (1)
Viljandimaa,aadu,1,1,1,1,aadu (1),aadukene (1)
Viljandimaa,hall,1,1,1,1,hall (1),halli? (1)
Viljandimaa,hantsuke,1,1,1,1,hantsuke (1),hantsukene (1)
Viljandimaa,iire,1,1,1,1,iire (1),iire (1)
Viljandimaa,juku,1,1,1,1,juku (1),jukukene (1)
Viljandimaa,kadrikene,1,1,1,1,kadrikene (1),kadrikene (1)
Viljandimaa,kare (rough) / Kare (name),1,1,1,1,kare (rough) / Kare (name) (1),Kare (1)
Viljandimaa,korts,1,1,1,1,korts (1),korts (1)
Viljandimaa,kuusk,1,1,1,1,kuusk (1),kuus (1)
Viljandimaa,laku,1,1,1,1,laku (1),laku (1)
Viljandimaa,luterlane,1,1,1,1,luterlane (1),luterlane (1)
Viljandimaa,mai,1,1,1,1,mai (1),mai (1)
Viljandimaa,mall,1,1,1,1,mall (1),mall (1)
Viljandimaa,mikukene,1,1,1,1,mikukene (1),mikukene (1)
Viljandimaa,mulk,1,1,1,1,mulk (1),mulk (1)
Viljandimaa,muri,1,1,1,1,muri (1),muri (1)
Viljandimaa,märdike,1,1,1,1,märdike (1),märdikene (1)
Viljandimaa,nipitiri,1,1,1,1,nipitiri (1),nipitiri (1)
Viljandimaa,pütipire,1,1,1,1,pütipire (1),pütipire (1)
Viljandimaa,sand (prop.name),1,1,1,1,sand (prop.name) (1),sand (1)
Viljandimaa,tetermanni,1,1,1,1,tetermanni (1),tetermanni (1)
Viljandimaa,Ülli,1,1,1,1,Ülli (1),Ülli (1)
Virumaa,God / Jumala / Jumal,490,350,26,39,jumal (108); härra (97); herra (97); Jumal (69); looja (46); isand (26); Looja (18); Jumal+ga (4),jumal (105); herra (92); härra (86); Jumal (58); looja (44); isand (17); Looja (11); härrä (10)
Virumaa,Mary / Maria / Maarja / Mari,456,300,18,40,mari (237); Mari (132); Maarja (44); Maria (26); maria (2); Maie (2); marja (2); Marike (1),mari (181); Mari (121); marja (32); Maarja (27); Maria (23); marjad (7); marjal (6); maria (5)
Virumaa,Martin / Mart / Märt,258,63,10,15,Mart (115); Mard (49); Märt (37); mart (20); mard (14); Mardi (11); Marti (6); Mardus (3),Mart (133); Mardi (34); mart (25); mard (14); Mard (11); Marti (11); mardi (6); marti (5)
Virumaa,Anna / Anne / Ann / Anni,249,157,14,31,Anne (106); Ann (60); anne (59); Anna (5); Annel (4); Anni (4); Anu (4); Änni (1),Anne (98); anne (49); Ann (47); Annekene (6); anned (6); Annel (5); Anni (4); Anna (4)
Virumaa,John / Jaan / Jussi / Hans,165,108,10,19,Jaan (62); Ants (40); Hans (37); Juhan (10); jaan (7); Annus (3); Juss (2); Jaanila (2),Jaan (56); Ants (39); Hans (30); Juhan (10); jaan (4); Hansu (3); jaani (3); Jaani (3)
Virumaa,Catherine / Kadri / Katri,123,43,9,14,Kadri (79); Katri (16); kadri (7); Kadrina (7); kadr (5); kadrike (5); Kaie (2); Katariina (1),Kadri (68); Katri (16); kadri (12); Kadrina (7); kadr (5); kadrikene (3); kadrid (3); kadrikesed (2)
Virumaa,George / Jüri,123,64,5,16,Jüri (107); Juri (10); jüri (4); Juku (1); jürile (1),Jüri (77); Juri (14); Jürje (7); Jurje (6); Jurgi (4); Jürg (3); Jürgi (2); jurgi (2)
Virumaa,Elizabeth / Liisa / Liisu / Elli,92,57,7,11,Liisu (74); Liisa (11); Liis (3); Liisu-l (1); liisukene (1); Liisakene (1); Liisukene (1),Liisu (72); Liisa (11); liisu (1); Liisu-l (1); liisu-kene (1); liisukene (1); Liis (1); Liisakene (1)
Virumaa,Mai,79,25,1,3,Mai (79),Mai (63); Maie (10); maie (6)
Virumaa,Kai,74,48,1,5,Kai (74),Kai (48); Kaie (12); kai (7); kaie (6); Kae (1)
Virumaa,Peter / Pietari / Peeter,68,44,2,8,Peeter (67); Pieter (1),Peeter (57); Pieter (4); Pieder (2); Pietar (1); Pietre (1); peedarie (1); Pietri (1); Peetri (1)
Virumaa,Maie,66,20,1,1,Maie (66),Maie (66)
Virumaa,Kalev / Kalervo,63,47,3,7,Kalev (37); kalev (24); kalevine (2),Kalev (35); kalev (20); kalevine (4); Kalevi (1); Kalevv (1); kali (1); kalevid (1)
Virumaa,Jesus / Christ,61,35,6,14,Jeesus (54); Jeesukene (3); Jesus (1); Jeesu_kene (1); jeesus (1); Jeesuse (1),Jeesus (38); Jeesukene (4); Jeesu (4); jeesukene (2); Eesus (2); Heesus (2); jeesuke (2); jeessu (1)
Virumaa,Kaie,48,33,1,3,Kaie (48),Kaie (45); kaie (2); Kaiekesta (1)
Virumaa,Thomas / Toomas / Tuomas,45,32,2,3,Toomas (42); Tuomas (3),Toomas (38); Tuomas (4); Tooma (3)
Virumaa,Andrew / Antti,44,30,1,2,Andres (44),Andres (43); andreksel (1)
Virumaa,Michael / Mikko / Mihkel,44,21,3,6,Mihkel (36); Mikk (6); Mihkelit (2),Mihkel (28); Mihkeli (7); Mikk (4); Miku (2); Mihkel (partitive) (2); mihklil (1)
Virumaa,Salme,42,17,1,2,Salme (42),Salme (39); salme (3)
Virumaa,Simon / Siim / Simo,40,22,2,2,Siim (39); Siimu (1),Siim (29); Siimu (11)
Virumaa,Malle,35,21,1,1,Malle (35),Malle (35)
Virumaa,Matthew / Matti,33,23,4,5,Mats (20); mats (8); Madis (3); Matsi (2),Mats (15); mats (9); Madis (3); matsi (3); Matsi (3)
Virumaa,Elts,16,13,1,2,Elts (16),Elts (12); Eltse (4)
Virumaa,Kiisa,16,1,1,1,Kiisa (16),Kiisa (16)
Virumaa,Pille,16,8,1,1,Pille (16),Pille (16)
Virumaa,Jacob / Jaak / Jaakko,14,13,6,8,Jaak (6); Jaagup (3); jääk (2); Jaakub (1); Jaakob (1); jäägid (1),Jaak (4); Jaagup (3); jägu (2); Jaakub (1); Jaakop (1); ormad (1); Jaagu (1); jaak (1)
Virumaa,Mareta,11,5,1,1,Mareta (11),Mareta (11)
Virumaa,Tõnu,10,2,1,1,Tõnu (10),Tõnu (10)
Virumaa,Tiiu,9,7,1,1,Tiiu (9),Tiiu (9)
Virumaa,Eve / Eeva,8,8,3,4,Eeva (6); eel (1); Eva (1),Eeva (4); eeva (2); eel (1); Eva (1)
Virumaa,Kuura,8,6,1,1,Kuura (8),Kuura (8)
Virumaa,Elias / Eljas,7,1,1,1,Elias (7),Elias (7)
Virumaa,Hants,7,4,1,1,Hants (7),Hants (7)
Virumaa,Judas / Juudas,7,7,3,3,Juudas (5); Juuda (1); juudas (1),Juudas (4); Juuda (2); juudas (1)
Virumaa,Jürje,7,1,1,1,Jürje (7),Jürje (7)
Virumaa,Kudres,7,3,1,1,Kudres (7),Kudres (7)
Virumaa,Leenu,7,7,1,1,Leenu (7),Leenu (7)
Virumaa,Annus,6,1,1,3,Annus (6),Annus (4); annukse (1); annust (1)
Virumaa,Leene,6,1,1,1,Leene (6),Leene (6)
Virumaa,Mare,6,4,1,2,Mare (6),Mare (5); Mareta (1)
Virumaa,Peet,6,1,1,1,Peet (6),Peet (6)
Virumaa,Prits,6,1,1,1,Prits (6),Prits (6)
Virumaa,sõeru,6,1,1,1,sõeru (6),sõeru (6)
Virumaa,Aadu,5,3,1,1,Aadu (5),Aadu (5)
Virumaa,Iire,5,3,1,1,Iire (5),Iire (5)
Virumaa,Kärt,5,2,1,1,Kärt (5),Kärt (5)
Virumaa,Kõreta,5,1,1,1,Kõreta (5),Kõreta (5)
Virumaa,Ella,4,3,1,1,Ella (4),Ella (4)
Virumaa,Kaarel,4,2,1,1,Kaarel (4),Kaarel (4)
Virumaa,Kroet,4,1,1,1,Kroet (4),Kroet (4)
Virumaa,Madli,4,1,1,1,Madli (4),Madli (4)
Virumaa,Marina,4,2,1,1,Marina (4),Marina (4)
Virumaa,Pehka,4,1,1,1,Pehka (4),Pehka (4)
Virumaa,Ants,3,3,1,3,Ants (3),Ats (1); Antsu (1); Antku (1)
Virumaa,Aru,3,2,1,1,Aru (3),Aru (3)
Virumaa,Kimmel,3,3,1,1,Kimmel (3),Kimmel (3)
Virumaa,Kolu,3,1,1,1,Kolu (3),Kolu (3)
Virumaa,Kroeta,3,2,1,1,Kroeta (3),Kroeta (3)
Virumaa,Lauri,3,2,1,2,Lauri (3),Lauri (2); Laari (1)
Virumaa,Läti,3,1,1,2,Läti (3),Läti (2); Lätis (1)
Virumaa,Malla,3,3,1,1,Malla (3),Malla (3)
Virumaa,Muki (prop),3,1,1,1,Muki (prop) (3),Muki (3)
Virumaa,Nugis,3,1,1,1,Nugis (3),Nugis (3)
Virumaa,Porkuni,3,3,1,1,Porkuni (3),Porkuni (3)
Virumaa,Ratva,3,3,1,1,Ratva (3),Ratva (3)
Virumaa,Triinu,3,2,1,1,Triinu (3),Triinu (3)
Virumaa,Varangu,3,1,1,1,Varangu (3),Varangu (3)
Virumaa,Viiu,3,3,1,1,Viiu (3),Viiu (3)
Virumaa,laskma,3,1,1,1,laskma (3),lassi (3)
Virumaa,Ahti,2,1,1,1,ahti (2),ahti (2)
Virumaa,Aidu,2,2,1,1,Aidu (2),Aidu (2)
Virumaa,Elmi,2,1,1,1,Elmi (2),elmini (2)
Virumaa,Else,2,2,1,1,Else (2),Else (2)
Virumaa,Iiu,2,1,1,1,Iiu (2),Iiu (2)
Virumaa,Inglise&maa,2,1,1,1,Inglise&maa (2),Inglis&maa (2)
Virumaa,Joseph / Joosep,2,2,1,1,Joosep (2),Joosep (2)
Virumaa,Juura,2,1,1,1,Juura (2),Juura (2)
Virumaa,Kalvi,2,1,1,1,Kalvi (2),Kalvi (2)
Virumaa,Kappu,2,1,1,1,Kappu (2),Kappu (2)
Virumaa,Kapu,2,1,1,1,Kapu (2),Kapu (2)
Virumaa,Karep,2,1,1,1,Karep (2),Karep (2)
Virumaa,Kerp,2,1,1,1,Kerp (2),kerp (2)
Virumaa,Kihu,2,1,1,1,Kihu (2),Kihu (2)
Virumaa,Kilter,2,2,1,1,Kilter (2),Kilter (2)
Virumaa,Kiltsi,2,1,1,1,Kiltsi (2),Kiltsi (2)
Virumaa,Krõõt,2,2,1,2,Krõõt (2),Krõõt (1); krõõda (1)
Virumaa,Käär,2,1,1,1,Käär (2),Käär (2)
Virumaa,Leane,2,1,1,1,Leane (2),Leane (2)
Virumaa,Leena,2,2,1,1,Leena (2),Leena (2)
Virumaa,Leenukene,2,1,1,1,Leenukene (2),Leenu_ke (2)
Virumaa,Loobu,2,1,1,1,Loobu (2),Loobu (2)
Virumaa,Maia,2,1,1,1,Maia (2),Maia (2)
Virumaa,Manni,2,2,1,1,Manni (2),Manni (2)
Virumaa,Midli,2,2,1,1,Midli (2),Midli (2)
Virumaa,Miku,2,2,1,1,Miku (2),Miku (2)
Virumaa,Nirgi,2,2,1,1,Nirgi (2),Nirgi (2)
Virumaa,Näu,2,2,1,1,Näu (2),Näu (2)
Virumaa,Oeti,2,1,1,1,Oeti (2),Oeti (2)
Virumaa,Pada,2,1,1,1,Pada (2),Pada (2)
Virumaa,Pall,2,1,1,1,Pall (2),Pall (2)
Virumaa,Palmse,2,1,1,1,Palmse (2),Palmse (2)
Virumaa,Paula,2,1,1,1,Paula (2),Paula (2)
Virumaa,Perseli,2,2,1,1,Perseli (2),Perseli (2)
Virumaa,Piia,2,1,1,1,Piia (2),Piia (2)
Virumaa,Pill,2,1,1,1,Pill (2),Pill (2)
Virumaa,Pürje,2,2,1,1,Pürje (2),Pürje (2)
Virumaa,Pürjeng,2,1,1,1,Pürjeng (2),Pürjeng (2)
Virumaa,Rein,2,2,1,1,Rein (2),Rein (2)
Virumaa,Riiu,2,1,1,1,Riiu (2),Riiu (2)
Virumaa,Rutja,2,1,1,1,Rutja (2),Rutja (2)
Virumaa,Saka,2,2,1,1,Saka (2),Saka (2)
Virumaa,Sander,2,1,1,1,Sander (2),Sandi (2)
Virumaa,Sarah / Saara,2,2,2,2,Saara (1); säär (1),Saara (1); sääre (1)
Virumaa,Selja,2,2,1,1,Selja (2),Selja (2)
Virumaa,Simu,2,2,1,1,Simu (2),Simu (2)
Virumaa,Tangut,2,1,1,1,Tangut (2),Tangut (2)
Virumaa,Tiidu,2,1,1,1,Tiidu (2),Tiidu (2)
Virumaa,Tiku,2,1,1,1,Tiku (2),Tiku (2)
Virumaa,Toosle,2,1,1,1,Toosle (2),Toosle (2)
Virumaa,Turgimaa,2,2,1,1,Turgimaa (2),Turgimaa (2)
Virumaa,Tõrva,2,1,1,1,Tõrva (2),Tõrva (2)
Virumaa,Vahi,2,1,1,1,Vahi (2),Vahi (2)
Virumaa,Vainupää,2,1,1,1,Vainupää (2),Vainupää (2)
Virumaa,Valasti,2,1,1,1,Valasti (2),Valasti (2)
Virumaa,Vastel,2,1,1,1,Vastel (2),Vastel (2)
Virumaa,Veikur,2,1,1,1,Veikur (2),Veikur (2)
Virumaa,andrukas,2,1,1,1,andrukas (2),andrukas (2)
Virumaa,ani,2,1,1,1,ani (2),ani (2)
Virumaa,kilter,2,2,1,1,kilter (2),kilter (2)
Virumaa,mai,2,1,1,1,mai (2),maie (2)
Virumaa,obu,2,1,1,1,obu (2),obu (2)
Virumaa,öörilased,2,1,1,2,öörilased (2),örilaste (1); örilased (1)
Virumaa,(proper noun),1,1,1,1,(proper noun) (1),västerikk (1)
Virumaa,Adra-Ans,1,1,1,1,Adra-Ans (1),adraansu (1)
Virumaa,Ago,1,1,1,1,Ago (1),Ago (1)
Virumaa,Agutant,1,1,1,1,Agutant (1),Agutant (1)
Virumaa,Ahu,1,1,1,1,Ahu (1),Ahu (1)
Virumaa,Aibu,1,1,1,1,Aibu (1),Aibu (1)
Virumaa,Aki,1,1,1,1,Aki (1),Aki (1)
Virumaa,Aleksander,1,1,1,1,Aleksander (1),Aleksander (1)
Virumaa,Aljalast,1,1,1,1,Aljalast (1),aljala+sta (1)
Virumaa,Alutaguse,1,1,1,1,Alutaguse (1),Alutaguse (1)
Virumaa,Alva,1,1,1,1,Alva (1),Alva (1)
Virumaa,Antso,1,1,1,1,Antso (1),Antso (1)
Virumaa,Antsu,1,1,1,1,Antsu (1),Antsu (1)
Virumaa,Arbavere,1,1,1,1,Arbavere (1),Arbavere (1)
Virumaa,Aru-Jaani,1,1,1,1,Aru-Jaani (1),Aru-Jaani (1)
Virumaa,Eeni,1,1,1,1,Eeni (1),Eeni (1)
Virumaa,Eliisabet,1,1,1,1,Eliisabet (1),Ella (1)
Virumaa,Emmu,1,1,1,1,Emmu (1),Emmu (1)
Virumaa,Erel,1,1,1,1,Erel (1),Erel (1)
Virumaa,Hentu,1,1,1,1,Hentu (1),Hentu (1)
Virumaa,Hermann,1,1,1,1,Hermann (1),Hermann (1)
Virumaa,Ingelant,1,1,1,1,Ingelant (1),Ingelant (1)
Virumaa,Jaakup,1,1,1,1,Jaakup (1),Jaakup (1)
Virumaa,Joan,1,1,1,1,Joan (1),Joan (1)
Virumaa,Julius,1,1,1,1,Julius (1),Julius (1)
Virumaa,Kaavastu,1,1,1,1,Kaavastu (1),Kaavastu (1)
Virumaa,Kadres,1,1,1,1,Kadres (1),Kadres (1)
Virumaa,Kaiukene,1,1,1,1,Kaiukene (1),kaieke (1)
Virumaa,Kaldermann,1,1,1,1,Kaldermann (1),Kaldermann (1)
Virumaa,Karepa,1,1,1,1,Karepa (1),Karepa (1)
Virumaa,Karina,1,1,1,1,Karina (1),Karina (1)
Virumaa,Kattala,1,1,1,1,Kattala (1),Kattala (1)
Virumaa,Keipsalund,1,1,1,1,Keipsalund (1),Keipsalund (1)
Virumaa,Kiima,1,1,1,1,Kiima (1),Kiima (1)
Virumaa,Kiiu,1,1,1,1,Kiiu (1),Kiiu (1)
Virumaa,Kilsi,1,1,1,1,Kilsi (1),Kilsi (1)
Virumaa,Kirjelä,1,1,1,1,Kirjelä (1),Kirjelä (1)
Virumaa,Kirst,1,1,1,1,Kirst (1),Kirst (1)
Virumaa,Kolga,1,1,1,1,Kolga (1),Kolga (1)
Virumaa,Koogu,1,1,1,1,Koogu (1),Koogu (1)
Virumaa,Kosta,1,1,1,1,Kosta (1),Kosta (1)
Virumaa,Kouks,1,1,1,1,Kouks (1),Kouks (1)
Virumaa,Kreeta,1,1,1,1,Kreeta (1),Kreeta (1)
Virumaa,Kuia,1,1,1,1,Kuia (1),Kuia (1)
Virumaa,Kulgu,1,1,1,1,Kulgu (1),Kulgu (1)
Virumaa,Kullespere,1,1,1,1,Kullespere (1),Kullespere (1)
Virumaa,Kunda,1,1,1,1,Kunda (1),Kunda (1)
Virumaa,Kundas,1,1,1,1,Kundas (1),Kundas (1)
Virumaa,Kustav,1,1,1,1,Kustav (1),Kustav (1)
Virumaa,Kusti,1,1,1,1,Kusti (1),Kusti (1)
Virumaa,Kuusalus,1,1,1,1,Kuusalus (1),Kuusalus (1)
Virumaa,Kärsa,1,1,1,1,Kärsa (1),Kärsa (1)
Virumaa,Kärtu,1,1,1,1,Kärtu (1),Kärtu (1)
Virumaa,Käru,1,1,1,1,Käru (1),Käru (1)
Virumaa,Kõielast,1,1,1,1,Kõielast (1),kõiäla+sta (1)
Virumaa,Kõldu,1,1,1,1,Kõldu (1),Kõldu (1)
Virumaa,Küti,1,1,1,1,Küti (1),Küti (1)
Virumaa,Küüo,1,1,1,1,Küüo (1),Küio (1)
Virumaa,Laaba,1,1,1,1,Laaba (1),Laaba (1)
Virumaa,Laius,1,1,1,1,Laius (1),Laius (1)
Virumaa,Lallu,1,1,1,1,Lallu (1),Lallu (1)
Virumaa,Lass,1,1,1,1,Lass (1),Lass (1)
Virumaa,Liena,1,1,1,1,Liena (1),Liena (1)
Virumaa,Liina,1,1,1,1,Liina (1),Liina (1)
Virumaa,Lilla,1,1,1,1,Lilla (1),Lilla (1)
Virumaa,Lompi,1,1,1,1,Lompi (1),Lompi (1)
Virumaa,Lutter,1,1,1,1,Lutter (1),Lutter (1)
Virumaa,Maali,1,1,1,1,Maali (1),Maali (1)
Virumaa,Maardu,1,1,1,1,Maardu (1),Maardu (1)
Virumaa,Madis,1,1,1,1,Madis (1),Matar (1)
Virumaa,Madista,1,1,1,1,Madista (1),Madista (1)
Virumaa,Madiste,1,1,1,1,Madiste (1),Madista (1)
Virumaa,Madres,1,1,1,1,Madres (1),Madres (1)
Virumaa,Maidla,1,1,1,1,Maidla (1),Maidla (1)
Virumaa,Mara,1,1,1,1,Mara (1),Mara (1)
Virumaa,Mardu,1,1,1,1,Mardu (1),Mardu (1)
Virumaa,Margu,1,1,1,1,Margu (1),Margu (1)
Virumaa,Mati,1,1,1,1,Mati (1),Matil (1)
Virumaa,Mauste,1,1,1,1,Mauste (1),Mauste (1)
Virumaa,Merjan,1,1,1,1,Merjan (1),Merjan (1)
Virumaa,Midres,1,1,1,1,Midres (1),Midres (1)
Virumaa,Mikku,1,1,1,1,Mikku (1),Mikku (1)
Virumaa,Mõdrik,1,1,1,1,Mõdrik (1),Mõdrik (1)
Virumaa,Mõhni,1,1,1,1,Mõhni (1),Mohni (1)
Virumaa,Nagritsa,1,1,1,1,Nagritsa (1),Nagritsa (1)
Virumaa,Nallernatt,1,1,1,1,Nallernatt (1),nallernatt (1)
Virumaa,Näsu,1,1,1,1,Näsu (1),Näsu (1)
Virumaa,Nõu,1,1,1,1,Nõu (1),Nõu (1)
Virumaa,Obenuppu,1,1,1,1,Obenuppu (1),obenuppu (1)
Virumaa,Oovi,1,1,1,1,Oovi (1),Oovi (1)
Virumaa,Oto,1,1,1,1,Oto (1),Oto (1)
Virumaa,Ots,1,1,1,1,Ots (1),Ots (1)
Virumaa,Ott,1,1,1,1,Ott (1),Ott (1)
Virumaa,Parra,1,1,1,1,Parra (1),Parra (1)
Virumaa,Peeker,1,1,1,1,Peeker (1),Peeker (1)
Virumaa,Peep,1,1,1,1,Peep (1),Peebu (1)
Virumaa,Peerik,1,1,1,1,Peerik (1),peerik (1)
Virumaa,Peterburi,1,1,1,1,Peterburi (1),Peeterburi (1)
Virumaa,Pieri,1,1,1,1,Pieri (1),Pieri (1)
Virumaa,Piibe,1,1,1,1,Piibe (1),Piibe (1)
Virumaa,Piiben,1,1,1,1,Piiben (1),Piiben (1)
Virumaa,Pituvere,1,1,1,1,Pituvere (1),pituvere (1)
Virumaa,Proper name,1,1,1,1,Proper name (1),Pasli (1)
Virumaa,Puiatu,1,1,1,1,Puiatu (1),Puiatu (1)
Virumaa,Pulli,1,1,1,1,Pulli (1),Pulli (1)
Virumaa,Pärtel,1,1,1,1,Pärtel (1),Pärtel (1)
Virumaa,Põltsamaalt,1,1,1,1,Põltsamaalt (1),põltsamaa+lt (1)
Virumaa,Raadik,1,1,1,1,Raadik (1),raadiku (1)
Virumaa,Raigu,1,1,1,1,Raigu (1),Raigu (1)
Virumaa,Ratve,1,1,1,1,Ratve (1),Ratve (1)
Virumaa,Rudja,1,1,1,1,Rudja (1),Rudja (1)
Virumaa,Rägavere,1,1,1,1,Rägavere (1),Rägavere (1)
Virumaa,Rääst,1,1,1,1,Rääst (1),Rääst (1)
Virumaa,Samma,1,1,1,1,Samma (1),Samma (1)
Virumaa,Samnoi,1,1,1,1,Samnoi (1),Samnoi (1)
Virumaa,Sandi,1,1,1,1,Sandi (1),Sandi (1)
Virumaa,Semi-Silla,1,1,1,1,Semi-Silla (1),Semi-Silla (1)
Virumaa,Sinisalust,1,1,1,1,Sinisalust (1),sinisalu+sta (1)
Virumaa,Soperd,1,1,1,1,Soperd (1),Soperd (1)
Virumaa,Sulevi,1,1,1,1,Sulevi (1),Sulevi (1)
Virumaa,Suli,1,1,1,1,Suli (1),Suli (1)
Virumaa,Taavet,1,1,1,1,Taavet (1),Taavet (1)
Virumaa,Taibok,1,1,1,1,Taibok (1),Taibok (1)
Virumaa,Tallihants,1,1,1,1,Tallihants (1),Tallihants (1)
Virumaa,Tatramaa,1,1,1,1,Tatramaa (1),Tatramaa (1)
Virumaa,Teppan,1,1,1,1,Teppan (1),Teppan (1)
Virumaa,Tiina,1,1,1,1,Tiina (1),Tiinu (1)
Virumaa,Tiit,1,1,1,1,Tiit (1),Tiit (1)
Virumaa,Tiiukene,1,1,1,1,Tiiukene (1),tiiuke (1)
Virumaa,Tirbikelta,1,1,1,1,Tirbikelta (1),Tirbikelta (1)
Virumaa,Toolse,1,1,1,1,Toolse (1),Toolse (1)
Virumaa,Toppi,1,1,1,1,Toppi (1),Toppi (1)
Virumaa,Traks,1,1,1,1,Traks (1),Traks (1)
Virumaa,Triigi,1,1,1,1,Triigi (1),Triig (1)
Virumaa,Tuomas & vend,1,1,1,1,Tuomas & vend (1),Tuomas & venda (1)
Virumaa,Tuoni,1,1,1,1,toonine (1),tuonine (1)
Virumaa,Turg,1,1,1,1,Turg (1),Turg (1)
Virumaa,Tõrmastu,1,1,1,1,Tõrmastu (1),Tõrmastu (1)
Virumaa,Türseva,1,1,1,1,Türseva (1),türseva (1)
Virumaa,Uhtna,1,1,1,1,Uhtna (1),Uhtna (1)
Virumaa,Ukko,1,1,1,1,Uku (1),Uku (1)
Virumaa,Ukku,1,1,1,1,Ukku (1),Ukku (1)
Virumaa,Uustar,1,1,1,1,Uustar (1),Uustar (1)
Virumaa,Vainopä,1,1,1,1,Vainopä (1),Vainopä (1)
Virumaa,Vanar,1,1,1,1,Vanar (1),Vanar (1)
Virumaa,Varja,1,1,1,1,Varja (1),Varja (1)
Virumaa,Varud,1,1,1,1,Varud (1),Varud (1)
Virumaa,Vatsul,1,1,1,1,Vatsul (1),Vatsul (1)
Virumaa,Veebri,1,1,1,1,Veebri (1),Veebri (1)
Virumaa,Viiburi,1,1,1,1,Viiburi (1),Viiburi (1)
Virumaa,Vingur,1,1,1,1,Vingur (1),Vingur (1)
Virumaa,Vinni,1,1,1,1,Vinni (1),Vinni (1)
Virumaa,Virvik,1,1,1,1,Virvik (1),Virvik (1)
Virumaa,Voka,1,1,1,1,Voka (1),Voka (1)
Virumaa,Võivere,1,1,1,1,Võivere (1),Võivere (1)
Virumaa,"ai, tiit",1,1,1,1,"ai, tiit (1)","ai, tiit (1)"
Virumaa,kadi,1,1,1,1,kadi (1),kadi (1)
Virumaa,kadrisandid,1,1,1,1,kadrisandid (1),kadrisandid (1)
Virumaa,kai,1,1,1,1,kai (1),kai (1)
Virumaa,kaie,1,1,1,1,kaie (1),kaie (1)
Virumaa,kaiekene,1,1,1,1,kaiekene (1),kaiekene (1)
Virumaa,kainel,1,1,1,1,kainel (1),kainel (1)
Virumaa,kaja/kai,1,1,1,1,kaja/kai (1),kaie (1)
Virumaa,kroetama,1,1,1,1,kroetama (1),kroetama (1)
Virumaa,maie,1,1,1,1,maie (1),maie (1)
Virumaa,malle,1,1,1,1,malle (1),malle (1)
Virumaa,maret,1,1,1,1,maret (1),mareta (1)
Virumaa,marjukene,1,1,1,1,marjukene (1),marjukene (1)
Virumaa,nimetama,1,1,1,1,nimetama (1),nimetama (1)
Virumaa,obu (proper noun),1,1,1,1,obu (proper noun) (1),obu (1)
Virumaa,peipe,1,1,1,1,peipe (1),peipe (1)
Virumaa,pilli,1,1,1,1,pilli (1),pilli (1)
Virumaa,piret,1,1,1,1,piret (1),pireta (1)
Virumaa,poisipoiss,1,1,1,1,poisipoiss (1),poisijuss (1)
Virumaa,punane_nimi,1,1,1,1,punane_nimi (1),puna_panimi (1)
Virumaa,rünk,1,1,1,1,rünk (1),rünk (1)
Virumaa,sirg,1,1,1,1,sirg (1),sirg (1)
Virumaa,tiidi,1,1,1,1,tiidi (1),tiidi (1)
Virumaa,tiiu,1,1,1,1,tiiu (1),tiiu (1)
Virumaa,traks,1,1,1,1,traks (1),traks (1)
Virumaa,vuttikaar,1,1,1,1,vuttikaar (1),vutsikaar (1)
Virumaa,Äntu,1,1,1,1,Äntu (1),Äntu (1)
Virumaa,Üri,1,1,1,1,Üri (1),Üri (1)
Võrumaa,God / Jumala / Jumal,355,219,22,49,herra (113); jumal (82); Jumal (80); härra (47); looja (7); Issand (6); Looja (3); jumalakene (2),jummal (65); herrä (64); herra (49); jumal (31); Jummal (29); Jumal (24); härra (16); härrä (15)
Võrumaa,Mary / Maria / Maarja / Mari,246,146,12,47,mari (101); Mari (66); Maarja (57); marjake (5); marjakene (4); marjuke (4); marja (2); marjana (2),mari (63); Mari (47); Maarja (29); marja (18); maarja (12); mara (11); maarinna (8); marjakene (5)
Võrumaa,Catherine / Kadri / Katri,207,29,12,19,Kadri (78); kadrik (47); kadrina (44); Katri (20); kadri (6); kadrile (2); Kadril (2); Kati (2),Kadri (66); kadrike (47); kadrina (44); katri (13); kadri (12); Katri (6); kadrile (2); kadrel (2)
Võrumaa,Martin / Mart / Märt,117,24,8,12,Märt (90); märt (13); pääsuke (4); märti (4); Mard (3); Mardisant (1); märts (1); märdi (1),märti (42); Märt (25); Märti (21); märt (13); pääsuke (4); Mard (3); Märdi (3); märdi (2)
Võrumaa,Jesus / Christ,103,22,4,16,Jeesus (93); Kristus (7); Jeesuse (2); Jeesu (1),Jeesus (48); jeesus (12); jeesu (10); Kristus (5); Jeesu (5); Jessu (5); jeesuken (4); Jeesusõ (3)
Võrumaa,Anna / Anne / Ann / Anni,81,55,11,20,Ann (24); Anne (23); anne (20); Anni (4); anu (3); ann (2); Annuke (1); anneken (1),Anne (15); Ann (14); anne (8); and (6); anni (6); Annõ (5); Anni (4); ane (3)
Võrumaa,John / Jaan / Jussi / Hans,74,42,10,12,Jaan (42); Ants (12); Juhan (8); Hans (5); Johannes (2); jaanike (1); Jaanile (1); Jaanil (1),Jaan (34); Ants (12); Jaani (7); Juhan (6); Hans (5); juhan (2); jaanikene (2); jaan (2)
Võrumaa,Peter / Pietari / Peeter,55,20,5,18,Peeter (40); Petra (7); Piiter (5); Peetrus (2); Peetriga (1),Piitre (13); Peeter (9); Piiter (7); Petra (7); Piitrekene (2); peeterille (2); peetrikene (2); peetrus (2)
Võrumaa,Simon / Siim / Simo,51,10,5,7,Siiman (25); Siim (13); siim (6); Siimon (5); Simon (2),Siiman (24); siim (6); Siim (6); Siimann (6); Siimon (5); siimu (2); Simon (2)
Võrumaa,Kadriku,38,1,1,1,Kadriku (38),Kadriku (38)
Võrumaa,Elizabeth / Liisa / Liisu / Elli,32,20,5,11,Liisu (25); Liisa (4); liisu (1); liisukene (1); Liisule (1),Liisu (11); Liiso (9); Liisa (3); liisu (2); liisuge (1); liiso (1); Iila (1); Liisukene (1)
Võrumaa,Pirelill,25,2,1,1,Pirelill (25),Pirelill (25)
Võrumaa,Kalev / Kalervo,23,22,3,13,Kalev (12); kalev (9); Kalevi (2),kalev (5); kalevine (4); Kalev (3); Kalõv (2); kalevidsi (1); kalõva (1); Kalevine (1); kalevat (1)
Võrumaa,George / Jüri,19,16,2,5,Jüri (18); jüri (1),Jüri (12); jüri (4); jürä (1); jüra (1); jürjo (1)
Võrumaa,Nali,19,1,1,1,Nali (19),Nall (19)
Võrumaa,Tsilepp,19,1,1,1,Tsilepp (19),Tsilepu (19)
Võrumaa,Mai,17,7,1,3,Mai (17),Mai (15); mai (1); Maie (1)
Võrumaa,Jacob / Jaak / Jaakko,15,10,3,5,Jaak (8); Jakob (6); Jaagu (1),Jaak (7); Jakob (5); jakop (1); Jaagu (1); Jaam (1)
Võrumaa,Michael / Mikko / Mihkel,12,9,4,6,Mihkel (6); Mikk (3); Mikael (2); mees (1),Mihkel (3); Mikk (3); mitre (2); miku (2); mihel (1); mihe (1)
Võrumaa,Thomas / Toomas / Tuomas,12,9,1,3,Toomas (12),Toomas (9); toomas (2); Tooma (1)
Võrumaa,Kai,10,4,1,2,Kai (10),Kai (9); Kaie (1)
Võrumaa,Siimann,10,1,1,2,Siimann (10),Siimanni (9); Siimani (1)
Võrumaa,Katre,9,4,1,2,Katre (9),katre (6); Katre (3)
Võrumaa,Matthew / Matti,9,5,4,4,Mats (6); mats (1); Matsi (1); matsuke (1),Mats (6); matska (1); Matsi (1); matsikene (1)
Võrumaa,Maie,7,7,1,1,Maie (7),Maie (7)
Võrumaa,Irmi,6,1,1,1,Irmi (6),irmi (6)
Võrumaa,Kaie,6,6,1,2,Kaie (6),Kaie (5); Kaiel (1)
Võrumaa,Andrew / Antti,5,4,3,5,Andres (3); Andsu (1); Antsu (1),antsu (1); Andsu (1); Antsu (1); andsult (1); Andres (1)
Võrumaa,Judas / Juudas,5,4,1,2,Juudas (5),Juudas (3); juudas (2)
Võrumaa,Liina,5,2,1,2,Liina (5),Liina (4); liina (1)
Võrumaa,Leena,4,1,1,1,Leena (4),Leena (4)
Võrumaa,Nursi,4,1,1,1,Nursi (4),Nursi (4)
Võrumaa,Tiit,4,3,1,1,Tiit (4),Tiit (4)
Võrumaa,Veljo,4,1,1,1,Veljo (4),velo (4)
Võrumaa,Ahja,3,2,1,2,Ahja (3),ahja (2); Ahja (1)
Võrumaa,Ants,3,3,1,2,Ants (3),Antso (2); Antsu (1)
Võrumaa,Eve / Eeva,3,3,1,3,Eeva (3),eevage (1); Eevat (1); Eeva (1)
Võrumaa,Hipp,3,1,1,1,Hipp (3),Hipp (3)
Võrumaa,Kreeda,3,2,1,2,Kreeda (3),Kreedakene (2); Kreeda (1)
Võrumaa,Krõõt,3,3,1,1,Krõõt (3),Krõõt (3)
Võrumaa,Kustu,3,1,1,1,Kustu (3),Kustu (3)
Võrumaa,Läila,3,1,1,1,Läila (3),läüla (3)
Võrumaa,Malle,3,2,1,2,Malle (3),malle (2); Malle (1)
Võrumaa,Puts,3,1,1,1,Puts (3),Puts (3)
Võrumaa,Rako,3,1,1,1,Rako (3),Rako (3)
Võrumaa,All,2,1,1,1,All (2),allu (2)
Võrumaa,Iigaste,2,1,1,1,Iigaste (2),Iigaste (2)
Võrumaa,Jüts,2,1,1,1,Jüts (2),Jütsi (2)
Võrumaa,Koik,2,1,1,2,Koik (2),Koiku (1); koigu (1)
Võrumaa,Liisi,2,1,1,1,Liisi (2),Liisi (2)
Võrumaa,Maali,2,2,1,1,Maali (2),Maali (2)
Võrumaa,Migul,2,1,1,1,Migul (2),migul (2)
Võrumaa,Nurme,2,1,1,1,Nurme (2),nursi (2)
Võrumaa,Peiu,2,1,1,1,Peiu (2),Peio (2)
Võrumaa,Päävo,2,1,1,1,Päävo (2),Päävo (2)
Võrumaa,Siigi,2,1,1,1,Siigi (2),Siigi (2)
Võrumaa,Sommõrpulo,2,1,1,1,Sommõrpulo (2),sommõrpulo (2)
Võrumaa,Sõmmõrpalu,2,2,1,2,Sõmmõrpalu (2),Sõmmõr-palu (1); Sõmmõrpalu (1)
Võrumaa,Tiido,2,1,1,1,Tiido (2),Tiido (2)
Võrumaa,Tiiu,2,2,1,1,Tiiu (2),Tiiu (2)
Võrumaa,Tooni,2,1,1,1,Tooni (2),Tooni (2)
Võrumaa,Tuiso,2,1,1,1,Tuiso (2),Tuiso (2)
Võrumaa,Tünda,2,1,1,1,Tünda (2),Tünda (2)
Võrumaa,Uibo,2,1,1,1,Uibo (2),uibo (2)
Võrumaa,Uibo & -l,2,1,1,1,Uibo & -l (2),uibo-l (2)
Võrumaa,Unu,2,1,1,1,Unu (2),unu (2)
Võrumaa,Vello,2,1,1,1,Vello (2),Vello (2)
Võrumaa,aadukene,2,2,1,2,aadukene (2),aadukene (1); aadukõnõ (1)
Võrumaa,jula,2,1,1,1,jula (2),jula (2)
Võrumaa,kadriku,2,1,1,1,kadriku (2),katriku (2)
Võrumaa,nimetama,2,1,1,2,nimetama (2),nimitä (1); nimitsäes (1)
Võrumaa,paap,2,1,1,1,paap (2),paap (2)
Võrumaa,(unknown),1,1,1,1,(unknown) (1),õtak (1)
Võrumaa,Alju,1,1,1,1,Alju (1),Alju (1)
Võrumaa,Ane,1,1,1,1,Ane (1),ane (1)
Võrumaa,Annõk,1,1,1,1,Annõk (1),Annõk (1)
Võrumaa,Antsule,1,1,1,1,Antsule (1),Antsulõ (1)
Võrumaa,Arvi,1,1,1,1,Arvi (1),Arvi (1)
Võrumaa,Arvo,1,1,1,1,Arvo (1),Arvi (1)
Võrumaa,Eeru,1,1,1,1,Eeru (1),eerus (1)
Võrumaa,Elias / Eljas,1,1,1,1,Eelias (1),Elias (1)
Võrumaa,Heide,1,1,1,1,Heide (1),Heide (1)
Võrumaa,Helle,1,1,1,1,Helle (1),Helle (1)
Võrumaa,Iidu,1,1,1,1,Iidu (1),Iidu (1)
Võrumaa,Iin,1,1,1,1,Iin (1),Iin (1)
Võrumaa,Ilja,1,1,1,1,Ilja (1),ilja (1)
Võrumaa,Jakapi_küla,1,1,1,1,Jakapi_küla (1),Jakapi_küla (1)
Võrumaa,Joosu,1,1,1,1,Joosu (1),Joosu (1)
Võrumaa,Jürjova,1,1,1,1,Jürjova (1),Jürjova (1)
Võrumaa,Kaara,1,1,1,1,Kaara (1),Kaara (1)
Võrumaa,Kalerei,1,1,1,1,Kalerei (1),Kalerei (1)
Võrumaa,Kalju,1,1,1,1,Kalju (1),Kalõv (1)
Võrumaa,Kamja,1,1,1,1,Kamja (1),Kamja (1)
Võrumaa,Ketra,1,1,1,1,Ketra (1),Ketra (1)
Võrumaa,Kiltre,1,1,1,1,Kiltre (1),Kiltre (1)
Võrumaa,Kiltri,1,1,1,1,Kiltri (1),Kiltri (1)
Võrumaa,Koiola,1,1,1,1,Koiola (1),Koiola+st (1)
Võrumaa,Kärsa,1,1,1,1,Kärsa (1),Kärsa (1)
Võrumaa,Kärt,1,1,1,1,Kärt (1),Kärt (1)
Võrumaa,Kõti,1,1,1,1,Kõti (1),Kõti (1)
Võrumaa,Lehk,1,1,1,1,Lehk (1),Lehk (1)
Võrumaa,Libe,1,1,1,1,Libe (1),libõe+tta (1)
Võrumaa,Liiso,1,1,1,1,Liiso (1),Liiso (1)
Võrumaa,Mann,1,1,1,1,Mann (1),Manni (1)
Võrumaa,Mardu,1,1,1,1,Mardu (1),Mardu (1)
Võrumaa,Meeri,1,1,1,1,Meeri (1),Meeri (1)
Võrumaa,Mehka,1,1,1,1,Mehka (1),Mehka (1)
Võrumaa,Mehko,1,1,1,1,Mehko (1),Mehko (1)
Võrumaa,Miili,1,1,1,1,Miili (1),Miili (1)
Võrumaa,Muri,1,1,1,1,Muri (1),Muri (1)
Võrumaa,Mõniste,1,1,1,1,Mõniste (1),Mõniste (1)
Võrumaa,Münd,1,1,1,1,Münd (1),Münd (1)
Võrumaa,Mürk,1,1,1,1,Mürk (1),mürkü (1)
Võrumaa,Nabra,1,1,1,1,Nabra (1),Nabra (1)
Võrumaa,Neo,1,1,1,1,Neo (1),Neo (1)
Võrumaa,Nicholas / Nikka / Klaus,1,1,1,1,nikka (1),nikka (1)
Võrumaa,Ninni,1,1,1,1,Ninni (1),Ninni (1)
Võrumaa,Nitse,1,1,1,1,Nitse (1),Nitse (1)
Võrumaa,Nitse & varvas,1,1,1,1,Nitse & varvas (1),Nitse+varvas (1)
Võrumaa,Olev,1,1,1,1,Olev (1),Olev (1)
Võrumaa,Ooduva,1,1,1,1,Ooduva (1),Ooduva (1)
Võrumaa,Osman,1,1,1,1,Osman (1),Osman (1)
Võrumaa,Oti,1,1,1,1,Oti (1),Oti (1)
Võrumaa,Peeber,1,1,1,1,Peeber (1),Peeber (1)
Võrumaa,Peebule,1,1,1,1,Peebule (1),peebulõ (1)
Võrumaa,Peio,1,1,1,1,Peio (1),peio (1)
Võrumaa,Peterburi,1,1,1,1,Peterburi (1),Peterburi (1)
Võrumaa,Pihkeva,1,1,1,1,Pihkeva (1),Pihkeva (1)
Võrumaa,Pulli,1,1,1,1,Pulli (1),Pulli (1)
Võrumaa,Rants,1,1,1,1,Rants (1),Rants (1)
Võrumaa,Rasevalla,1,1,1,1,Rasevalla (1),Rasevalla (1)
Võrumaa,Rasse,1,1,1,1,Rasse (1),Rasse (1)
Võrumaa,Saardi,1,1,1,1,Saardi (1),Saardi (1)
Võrumaa,Saisa,1,1,1,1,Saisa (1),Saisa (1)
Võrumaa,Sardi,1,1,1,1,Sardi (1),Sardi (1)
Võrumaa,Satserinna,1,1,1,1,Satserinna (1),Satserinna (1)
Võrumaa,Taheva,1,1,1,1,Taheva (1),Taheva (1)
Võrumaa,Tambora,1,1,1,1,Tambora (1),Tambora (1)
Võrumaa,Tanila,1,1,1,1,Tanila (1),Tanila (1)
Võrumaa,Tats,1,1,1,1,Tats (1),Tats (1)
Võrumaa,Tatterik,1,1,1,1,Tatterik (1),Tatteriko (1)
Võrumaa,Teppo,1,1,1,1,Teppo (1),tepo (1)
Võrumaa,Tiidu,1,1,1,1,Tiidu (1),Tiidu (1)
Võrumaa,Tiina,1,1,1,1,Tiina (1),Tiina (1)
Võrumaa,Toivo,1,1,1,1,Toivo (1),Toivo (1)
Võrumaa,Triivulised,1,1,1,1,Triivulised (1),Triivulised (1)
Võrumaa,Tsia,1,1,1,1,Tsia (1),Tsia (1)
Võrumaa,Tsilepuu,1,1,1,1,Tsilepuu (1),Tsilepuu (1)
Võrumaa,Tsooru,1,1,1,1,Tsooru (1),Tsooru (1)
Võrumaa,Tuksi,1,1,1,1,Tuksi (1),tuksi (1)
Võrumaa,Tõdu,1,1,1,1,Tõdu (1),Tõdu (1)
Võrumaa,Türä,1,1,1,1,Türä (1),Türä (1)
Võrumaa,Uido,1,1,1,1,Uido (1),Uido (1)
Võrumaa,Viira,1,1,1,1,Viira (1),Viira (1)
Võrumaa,Viitka,1,1,1,1,Viitka (1),Viitka (1)
Võrumaa,Viksi,1,1,1,1,Viksi (1),viksi (1)
Võrumaa,Vitka,1,1,1,1,Vitka (1),Vitka (1)
Võrumaa,heeritsa,1,1,1,1,heeritsa (1),heeritsa (1)
Võrumaa,jütsik,1,1,1,1,jütsik (1),jütsik (1)
Võrumaa,kadrisaadik,1,1,1,1,kadrisaadik (1),kadrisandi (1)
Võrumaa,katrike,1,1,1,1,katrike (1),katrikõnõ (1)
Võrumaa,ketra,1,1,1,1,ketra (1),ketra (1)
Võrumaa,leenakene,1,1,1,1,leenakene (1),leenakene (1)
Võrumaa,leenukene,1,1,1,1,leenukene (1),leenukõnõ (1)
Võrumaa,maali,1,1,1,1,maali (1),maali (1)
Võrumaa,nimi,1,1,1,1,nimi (1),nimi (1)
Võrumaa,rakk,1,1,1,1,rakk (1),raku (1)
Võrumaa,serbaja,1,1,1,1,serbaja (1),serbaja (1)
Võrumaa,setu,1,1,1,1,setu (1),Setu (1)
Võrumaa,tiidu,1,1,1,1,tiidu (1),tiidu (1)
Võrumaa,Ärtu,1,1,1,1,Ärtu (1),Ärtu (1)
välismaa,God / Jumala / Jumal,61,35,7,12,härra (19); herra (17); jumal (14); Issand (6); Jumal (3); looja (1); jumalik (1),herra (15); härra (11); jumal (11); herrä (9); issand (5); jummal (4); Jumala (1); hertu (1)
välismaa,Mary / Maria / Maarja / Mari,29,21,3,6,mari (20); Mari (6); Maarja (3),mari (14); marja (7); Mari (4); Maarja (2); Maret (1); maarja (1)
välismaa,Martin / Mart / Märt,25,5,7,8,Mart (7); mard (7); mart (5); mardi (3); Märt (1); mardikesed (1); mardu (1),mard (7); Mart (6); mart (5); mardi (3); Märt (1); mardikesed (1); marsi (1); Marti (1)
välismaa,John / Jaan / Jussi / Hans,20,13,4,7,Jaan (10); Hans (6); Ants (3); jaan (1),Jaan (8); Hans (3); Ants (3); Jaani (2); hans (2); jaanikene (1); Hantsu (1)
välismaa,Anna / Anne / Ann / Anni,14,12,5,5,anne (5); Anne (5); Ann (2); Anneke (1); Anu (1),anne (5); Anne (5); Ann (2); annekene (1); Anu (1)
välismaa,Kalev / Kalervo,13,7,2,3,Kalev (12); kalev (1),Kalev (10); Kalevi (2); kalev (1)
välismaa,Catherine / Kadri / Katri,10,5,2,2,Kadri (9); kadrina (1),Kadri (9); kadrina (1)
välismaa,Peter / Pietari / Peeter,8,7,2,6,Peeter (7); Pietari (1),Pieter (3); Pietrus (1); Piitre (1); Peeter (1); Piedari (1); Peetri (1)
välismaa,Thomas / Toomas / Tuomas,8,5,2,2,Toomas (7); Tuomas (1),Toomas (4); Tuomas (4)
välismaa,Elizabeth / Liisa / Liisu / Elli,7,6,3,3,Liisu (5); Liisuke (1); Liisul (1),Liisu (5); liisukene (1); Liisul (1)
välismaa,Simon / Siim / Simo,7,2,2,2,Siim (6); siimukene (1),Siim (6); siimukene (1)
välismaa,Untamo,7,1,1,3,Untamo (7),Untomo (5); Untamo (1); Untomon (1)
välismaa,Leming,6,1,1,4,Leming (6),Leminge (2); Leming (2); Lemingäs (1); Lemingäne (1)
välismaa,George / Jüri,5,4,1,3,Jüri (5),Jürri (2); Jüri (2); Jürg (1)
välismaa,Jesus / Christ,5,4,2,4,Kristus (3); Jeesus (2),Kristus (2); Jeesus (1); jeesus (1); kristus (1)
välismaa,Maie,5,2,1,1,Maie (5),Maie (5)
välismaa,Matthew / Matti,4,2,1,1,Mats (4),Mats (4)
välismaa,Are,3,1,1,1,Are (3),Are (3)
välismaa,Hants,3,1,1,1,Hants (3),Hants (3)
välismaa,Iir,3,1,1,2,Iir (3),Iire (2); Iir (1)
välismaa,Kura,3,1,1,1,Kura (3),Kura (3)
välismaa,Lauri,3,3,1,1,Lauri (3),Lauri (3)
välismaa,Tanni,3,1,1,1,Tanni (3),Tanni (3)
välismaa,Judas / Juudas,2,2,1,1,Juudas (2),Juudas (2)
välismaa,Lissu,2,1,1,1,Lissu (2),Lissu (2)
välismaa,Michael / Mikko / Mihkel,2,2,2,2,Mikk (1); Mihkel (1),Mikk (1); Mihkel (1)
välismaa,Nirg,2,1,1,1,Nirg (2),Nirgi (2)
välismaa,Tambla,2,1,1,2,Tambla (2),tambla (1); tamblan (1)
välismaa,Tarma,2,1,1,1,Tarma (2),Tarma (2)
välismaa,Tati,2,1,1,1,Tati (2),Tati (2)
välismaa,Tibi,2,1,1,1,Tibi (2),Tibi (2)
välismaa,Utregas,2,1,1,2,Utregas (2),Utregas (1); Utregane (1)
välismaa,Väinämöinen,2,2,2,2,väinämöinen (1); Väinämöinen (1),väinämöinen (1); vänämöinen (1)
välismaa,lõõri,2,1,1,1,lõõri (2),lõõri (2)
välismaa,Aada,1,1,1,1,Aada (1),Aada (1)
välismaa,Aado,1,1,1,1,Aado (1),Aado (1)
välismaa,Aadu,1,1,1,1,Aadu (1),Aadu (1)
välismaa,Ago,1,1,1,1,Ago (1),Ago (1)
välismaa,Ambela,1,1,1,1,Ambela (1),Ambela (1)
välismaa,Andrew / Antti,1,1,1,1,Andres (1),Andresse-lle (1)
välismaa,Elmar,1,1,1,1,Elmar (1),elmari (1)
välismaa,Eve / Eeva,1,1,1,1,Eeva (1),Eeva (1)
välismaa,Iida,1,1,1,1,Iida (1),Iida (1)
välismaa,Joonatan,1,1,1,1,Joonatan (1),Joonatan (1)
välismaa,Kai,1,1,1,1,Kai (1),Kai (1)
välismaa,Kaie,1,1,1,1,Kaie (1),Kaie (1)
välismaa,Kalerei,1,1,1,1,Kalerei (1),Kalerei (1)
välismaa,Kalju,1,1,1,1,Kalju (1),Kalõv (1)
välismaa,Kiiu,1,1,1,1,Kiiu (1),Kiiu (1)
välismaa,Kimbela,1,1,1,1,Kimbela (1),Kimbela (1)
välismaa,Kristjan,1,1,1,1,Kristjan (1),Kristjan (1)
välismaa,Lalli,1,1,1,1,Lalli (1),Lalli (1)
välismaa,Lisso,1,1,1,1,Lisso (1),Lisso (1)
välismaa,Madis,1,1,1,1,Madis (1),Madis (1)
välismaa,Mai,1,1,1,1,Mai (1),Mai (1)
välismaa,Malle,1,1,1,1,Malle (1),Malle (1)
välismaa,Matlet,1,1,1,1,Matlet (1),Matlet (1)
välismaa,Mihe,1,1,1,1,Mihe (1),Mihe (1)
välismaa,Muri,1,1,1,1,Muri (1),Muri (1)
välismaa,Olga,1,1,1,1,Olga (1),olga (1)
välismaa,Paapu,1,1,1,1,Paapu (1),Paapu (1)
välismaa,Pippu,1,1,1,1,Pippu (1),Pippu (1)
välismaa,Pirit,1,1,1,1,Pirit (1),Pirit (1)
välismaa,Punni,1,1,1,1,Punni (1),Punni (1)
välismaa,Pürg,1,1,1,1,Pürg (1),Pürg (1)
välismaa,Pürjendi,1,1,1,1,Pürjendi (1),Pürjendi (1)
välismaa,Rein,1,1,1,1,Rein (1),Rein (1)
välismaa,Sassi,1,1,1,1,Sassi (1),Sassi (1)
välismaa,Sini,1,1,1,1,Sini (1),Sini (1)
välismaa,Taara,1,1,1,1,Taara (1),taara (1)
välismaa,Tabanika,1,1,1,1,Tabanika (1),Tabanika (1)
välismaa,Tapani,1,1,1,1,Tapani (1),Tabani (1)
välismaa,Tarmaste,1,1,1,1,Tarmaste (1),Tarmaste (1)
välismaa,Tarmo,1,1,1,1,Tarmo (1),Tarmo (1)
välismaa,Tussi,1,1,1,1,Tussi (1),Tussi (1)
välismaa,Tõnn? (uncertain),1,1,1,1,Tõnn? (uncertain) (1),Tunnil (1)
välismaa,Uku,1,1,1,1,Uku (1),uku (1)
välismaa,Vaeda,1,1,1,1,Vaeda (1),Vaeda (1)
välismaa,Viidu,1,1,1,1,Viidu (1),Viido (1)
välismaa,Vinni,1,1,1,1,Vinni (1),Vinni (1)
välismaa,jaanike,1,1,1,1,jaanike (1),jaanikene (1)
välismaa,lemmerguseks,1,1,1,1,lemmerguseks (1),lemmergüne (1)
välismaa,peerileeri,1,1,1,1,peerileeri (1),peerileeri (1)
välismaa,Äivere,1,1,1,1,Äivere (1),Äivere (1)
