person_cluster,tokens,variant_tokens,poems,variation_rate,person_category,same_person_confidence
God / Jumala / Jumal,10018,2040,5956,0.20363345977240965,religious_title_or_deity,medium
Mary / Maria / Maarja / Mari,4750,1502,3136,0.3162105263157895,biblical_religious,medium
Martin / Mart / Märt,3226,1290,532,0.39987600743955365,given_name_family,medium
John / Jaan / Jussi / Hans,2455,459,1447,0.1869653767820774,given_name_family_or_biblical,medium
Ukko,2179,216,1641,0.09912804038549794,mythic_or_religious_deity,medium
Jesus / Christ,2173,831,1297,0.3824206166589968,biblical_religious,high
Anna / Anne / Ann / Anni,2145,375,1258,0.17482517482517482,given_name_family,medium
Catherine / Kadri / Katri,1972,285,637,0.14452332657200812,given_name_family_or_saint,medium
Peter / Pietari / Peeter,1713,454,1244,0.26503210741389377,given_name_family_or_biblical,medium
Matthew / Matti,1231,159,866,0.12916328188464662,given_name_family,medium
Elizabeth / Liisa / Liisu / Elli,1217,160,727,0.1314708299096138,given_name_family,medium
Väinämöinen,1206,384,583,0.31840796019900497,mythic_epic,high
Andrew / Antti,778,68,611,0.08740359897172237,given_name_family_or_saint,medium
Henry / Heikki,729,76,562,0.10425240054869685,given_name_family_or_saint,medium
George / Jüri,713,219,471,0.3071528751753156,given_name_family_or_saint,medium
Tuoni,699,119,480,0.17024320457796852,mythic_deity,high
Michael / Mikko / Mihkel,698,219,473,0.3137535816618911,given_name_family,medium
Kalev / Kalervo,685,191,449,0.27883211678832115,mythic_epic_or_name,medium
Thomas / Toomas / Tuomas,628,109,468,0.1735668789808917,given_name_family_or_biblical,medium
Nicholas / Nikka / Klaus,621,59,207,0.09500805152979067,given_name_family,low
Simon / Siim / Simo,473,86,231,0.18181818181818182,given_name_family_or_biblical,medium
Jacob / Jaak / Jaakko,333,79,234,0.23723723723723725,given_name_family_or_biblical,medium
Mai,304,53,105,0.17434210526315788,unmapped_possible_person_name,low
Ilmarinen,293,111,158,0.378839590443686,mythic_epic,high
Kai,282,64,189,0.22695035460992907,unmapped_possible_person_name,low
Lemminkäinen,269,99,81,0.3680297397769517,mythic_epic,high
Joukamoinen / Joukahainen,262,158,95,0.6030534351145038,mythic_epic,medium
Eve / Eeva,245,58,167,0.23673469387755103,biblical_religious,medium
Kirsti,231,9,79,0.03896103896103896,unmapped_possible_person_name,low
Untamo,228,82,58,0.35964912280701755,unmapped_possible_person_name,low
Lauri,226,20,166,0.08849557522123894,unmapped_possible_person_name,low
Kaie,194,8,139,0.041237113402061855,unmapped_possible_person_name,low
Judas / Juudas,183,101,140,0.5519125683060109,biblical_religious,high
Kaija,178,11,136,0.06179775280898876,unmapped_possible_person_name,low
Tapio,153,29,108,0.1895424836601307,mythic_deity,high
Maie,139,7,73,0.050359712230215826,unmapped_possible_person_name,low
Sarah / Saara,133,19,93,0.14285714285714285,given_name_family_or_biblical,medium
Alli,126,5,105,0.03968253968253968,unmapped_possible_person_name,low
Kalle,120,5,90,0.041666666666666664,unmapped_possible_person_name,low
Malle,113,13,77,0.11504424778761062,unmapped_possible_person_name,low
Tiiu,113,2,76,0.017699115044247787,unmapped_possible_person_name,low
Esko,108,45,100,0.4166666666666667,unmapped_possible_person_name,low
Killi,98,1,40,0.01020408163265306,unmapped_possible_person_name,low
Ahti,94,22,67,0.23404255319148937,mythic_deity,high
Lassi,88,4,81,0.045454545454545456,unmapped_possible_person_name,low
Salme,78,5,36,0.0641025641025641,unmapped_possible_person_name,low
Unto,68,10,28,0.14705882352941177,unmapped_possible_person_name,low
nimi,65,5,60,0.07692307692307693,unmapped_possible_person_name,low
Hekko,59,23,15,0.3898305084745763,unmapped_possible_person_name,low
Jaanika,55,0,3,0.0,unmapped_possible_person_name,low
Tuuri,48,5,47,0.10416666666666667,unmapped_possible_person_name,low
Tuuteri,48,3,31,0.0625,unmapped_possible_person_name,low
Lilla,38,2,16,0.05263157894736842,unmapped_possible_person_name,low
Hants,35,4,23,0.11428571428571428,unmapped_possible_person_name,low
Elts,31,10,22,0.3225806451612903,unmapped_possible_person_name,low
Elias / Eljas,30,10,22,0.3333333333333333,given_name_family_or_biblical,medium
Olli,29,1,23,0.034482758620689655,unmapped_possible_person_name,low
kaija,28,1,18,0.03571428571428571,unmapped_possible_person_name,low
Leena,28,0,21,0.0,unmapped_possible_person_name,low
Iivana,28,5,15,0.17857142857142858,unmapped_possible_person_name,low
Miku,28,2,13,0.07142857142857142,unmapped_possible_person_name,low
mai,28,11,15,0.39285714285714285,unmapped_possible_person_name,low
Lalli,26,2,17,0.07692307692307693,unmapped_possible_person_name,low
Iro,26,1,7,0.038461538461538464,unmapped_possible_person_name,low
Erkki,26,1,22,0.038461538461538464,unmapped_possible_person_name,low
Ants,25,25,23,1.0,unmapped_possible_person_name,low
Kokki,25,0,3,0.0,unmapped_possible_person_name,low
Pirelill,25,0,2,0.0,unmapped_possible_person_name,low
Pille,24,0,15,0.0,unmapped_possible_person_name,low
Tiina,24,2,18,0.08333333333333333,unmapped_possible_person_name,low
Turo,24,12,8,0.5,unmapped_possible_person_name,low
Eeli,24,13,24,0.5416666666666666,unmapped_possible_person_name,low
Aino,23,5,16,0.21739130434782608,unmapped_possible_person_name,low
Paavo,23,6,21,0.2608695652173913,unmapped_possible_person_name,low
Taneli,23,1,13,0.043478260869565216,unmapped_possible_person_name,low
kai,23,2,15,0.08695652173913043,unmapped_possible_person_name,low
Halli,23,2,19,0.08695652173913043,unmapped_possible_person_name,low
Iide,22,1,8,0.045454545454545456,unmapped_possible_person_name,low
Vello,22,1,12,0.045454545454545456,unmapped_possible_person_name,low
Aadu,22,1,14,0.045454545454545456,unmapped_possible_person_name,low
killi,22,0,4,0.0,unmapped_possible_person_name,low
Nalli,22,2,18,0.09090909090909091,unmapped_possible_person_name,low
Kyrsö,21,0,3,0.0,unmapped_possible_person_name,low
Kojonen,21,2,15,0.09523809523809523,unmapped_possible_person_name,low
Vappu,21,1,15,0.047619047619047616,unmapped_possible_person_name,low
Annikka,20,1,17,0.05,unmapped_possible_person_name,low
Otto,20,2,11,0.1,unmapped_possible_person_name,low
Mareta,20,0,12,0.0,unmapped_possible_person_name,low
Kiisa,20,0,2,0.0,unmapped_possible_person_name,low
Akkeri,20,3,20,0.15,unmapped_possible_person_name,low
Viiu,20,0,11,0.0,unmapped_possible_person_name,low
Martti,20,1,20,0.05,unmapped_possible_person_name,low
Nali,19,19,1,1.0,unmapped_possible_person_name,low
Väinö,19,7,15,0.3684210526315789,unmapped_possible_person_name,low
Kadriku,19,0,1,0.0,unmapped_possible_person_name,low
Tiitta,19,3,6,0.15789473684210525,unmapped_possible_person_name,low
Timo,19,5,12,0.2631578947368421,unmapped_possible_person_name,low
Tsilepp,19,19,1,1.0,unmapped_possible_person_name,low
Emuli,19,0,2,0.0,unmapped_possible_person_name,low
Joseph / Joosep,18,7,18,0.3888888888888889,given_name_family_or_biblical,medium
Manni,18,1,11,0.05555555555555555,unmapped_possible_person_name,low
Rutja,18,4,17,0.2222222222222222,unmapped_possible_person_name,low
Tiit,18,8,13,0.4444444444444444,unmapped_possible_person_name,low
Ollermann,18,17,2,0.9444444444444444,unmapped_possible_person_name,low
Maije,17,0,3,0.0,unmapped_possible_person_name,low
Hytelä,17,0,9,0.0,unmapped_possible_person_name,low
Jyrki,17,1,15,0.058823529411764705,unmapped_possible_person_name,low
Hannus,17,1,8,0.058823529411764705,unmapped_possible_person_name,low
Kärt,17,0,13,0.0,unmapped_possible_person_name,low
Ulla,16,4,13,0.25,unmapped_possible_person_name,low
Pirkko,16,5,14,0.3125,unmapped_possible_person_name,low
Tõnu,16,1,8,0.0625,unmapped_possible_person_name,low
Pallo,16,2,2,0.125,unmapped_possible_person_name,low
Savo,16,1,13,0.0625,unmapped_possible_person_name,low
Are,15,0,5,0.0,unmapped_possible_person_name,low
Nuutti,15,0,13,0.0,unmapped_possible_person_name,low
Letty,15,0,4,0.0,unmapped_possible_person_name,low
Tapani,15,3,13,0.2,unmapped_possible_person_name,low
Kullervo,14,1,14,0.07142857142857142,unmapped_possible_person_name,low
Maikko,14,0,4,0.0,unmapped_possible_person_name,low
Maret,14,2,11,0.14285714285714285,unmapped_possible_person_name,low
Eero,14,1,13,0.07142857142857142,unmapped_possible_person_name,low
Rein,14,2,9,0.14285714285714285,unmapped_possible_person_name,low
Anterus,14,0,8,0.0,unmapped_possible_person_name,low
Helinä,14,3,2,0.21428571428571427,unmapped_possible_person_name,low
Annikki,14,2,14,0.14285714285714285,unmapped_possible_person_name,low
Kuura,13,0,12,0.0,unmapped_possible_person_name,low
Sämpsä,13,12,2,0.9230769230769231,unmapped_possible_person_name,low
Mare,13,2,11,0.15384615384615385,unmapped_possible_person_name,low
Annukka,13,9,5,0.6923076923076923,unmapped_possible_person_name,low
Ville,13,3,13,0.23076923076923078,unmapped_possible_person_name,low
Kaarel,13,1,11,0.07692307692307693,unmapped_possible_person_name,low
Tiidu,13,0,9,0.0,unmapped_possible_person_name,low
Liina,13,5,9,0.38461538461538464,unmapped_possible_person_name,low
Manu,13,0,9,0.0,unmapped_possible_person_name,low
Lemmingäinen,13,7,4,0.5384615384615384,unmapped_possible_person_name,low
Nirgi,12,0,12,0.0,unmapped_possible_person_name,low
Krõõt,12,3,10,0.25,unmapped_possible_person_name,low
Anttila,12,2,12,0.16666666666666666,unmapped_possible_person_name,low
Eva,12,0,5,0.0,unmapped_possible_person_name,low
Hatsina,12,2,12,0.16666666666666666,unmapped_possible_person_name,low
Madli,12,3,7,0.25,unmapped_possible_person_name,low
Oller,11,0,7,0.0,unmapped_possible_person_name,low
Olland,11,0,5,0.0,unmapped_possible_person_name,low
Ellen,11,0,11,0.0,unmapped_possible_person_name,low
Tilu,11,1,10,0.09090909090909091,unmapped_possible_person_name,low
Sohvi,11,1,8,0.09090909090909091,unmapped_possible_person_name,low
Antero,11,1,11,0.09090909090909091,unmapped_possible_person_name,low
Miina,11,3,10,0.2727272727272727,unmapped_possible_person_name,low
Helka,11,4,3,0.36363636363636365,unmapped_possible_person_name,low
Tattula,11,1,11,0.09090909090909091,unmapped_possible_person_name,low
Maijo,11,0,1,0.0,unmapped_possible_person_name,low
Maiju,11,7,4,0.6363636363636364,unmapped_possible_person_name,low
Siimu,11,0,7,0.0,unmapped_possible_person_name,low
Mann,11,2,8,0.18181818181818182,unmapped_possible_person_name,low
nimetön,11,2,11,0.18181818181818182,unmapped_possible_person_name,low
Iire,11,0,11,0.0,unmapped_possible_person_name,low
Leenu,11,0,11,0.0,unmapped_possible_person_name,low
Aatami,11,4,10,0.36363636363636365,unmapped_possible_person_name,low
Akkeli,11,1,11,0.09090909090909091,unmapped_possible_person_name,low
Konnu,11,0,6,0.0,unmapped_possible_person_name,low
Tõnis,11,0,9,0.0,unmapped_possible_person_name,low
Katre,10,6,5,0.6,unmapped_possible_person_name,low
Ella,10,1,8,0.1,unmapped_possible_person_name,low
Olka,10,0,1,0.0,unmapped_possible_person_name,low
Valpuri,10,0,7,0.0,unmapped_possible_person_name,low
Eskon,10,6,10,0.6,unmapped_possible_person_name,low
kaie,10,0,5,0.0,unmapped_possible_person_name,low
Huis,10,0,10,0.0,unmapped_possible_person_name,low
Osmotar,10,0,8,0.0,unmapped_possible_person_name,low
Olev,10,3,8,0.3,unmapped_possible_person_name,low
Jordan,10,3,10,0.3,unmapped_possible_person_name,low
Penttilä,10,0,10,0.0,unmapped_possible_person_name,low
Laukko,10,0,8,0.0,unmapped_possible_person_name,low
Kalerva,10,0,8,0.0,unmapped_possible_person_name,low
Ott,10,3,9,0.3,unmapped_possible_person_name,low
sõeru,10,0,2,0.0,unmapped_possible_person_name,low
Paakari,10,0,10,0.0,unmapped_possible_person_name,low
Mattila,10,0,10,0.0,unmapped_possible_person_name,low
Hippa,10,0,9,0.0,unmapped_possible_person_name,low
Paavel,10,0,6,0.0,unmapped_possible_person_name,low
Kuokkala,10,0,7,0.0,unmapped_possible_person_name,low
Siimann,10,10,1,1.0,unmapped_possible_person_name,low
Kalervikko,9,0,7,0.0,unmapped_possible_person_name,low
Laara,9,1,9,0.1111111111111111,unmapped_possible_person_name,low
Jere,9,0,1,0.0,unmapped_possible_person_name,low
Eerik,9,4,8,0.4444444444444444,unmapped_possible_person_name,low
Prokko,9,3,4,0.3333333333333333,unmapped_possible_person_name,low
Pekko,9,3,8,0.3333333333333333,unmapped_possible_person_name,low
pihka & Heikki,9,5,9,0.5555555555555556,unmapped_possible_person_name,low
Irmi,9,6,4,0.6666666666666666,unmapped_possible_person_name,low
Turkku,9,0,9,0.0,unmapped_possible_person_name,low
Joan,9,0,4,0.0,unmapped_possible_person_name,low
Marja,9,4,7,0.4444444444444444,unmapped_possible_person_name,low
Lavus,9,0,1,0.0,unmapped_possible_person_name,low
Venna,9,0,2,0.0,unmapped_possible_person_name,low
Kerttu,9,3,9,0.3333333333333333,unmapped_possible_person_name,low
Kolga,9,0,8,0.0,unmapped_possible_person_name,low
Mampsel,9,3,4,0.3333333333333333,unmapped_possible_person_name,low
Kille,9,0,3,0.0,unmapped_possible_person_name,low
Myyri,9,0,3,0.0,unmapped_possible_person_name,low
Pietula,9,1,9,0.1111111111111111,unmapped_possible_person_name,low
Akeri,9,9,8,1.0,unmapped_possible_person_name,low
Kudres,8,0,4,0.0,unmapped_possible_person_name,low
Hantsu,8,0,6,0.0,unmapped_possible_person_name,low
Pirjo,8,6,7,0.75,unmapped_possible_person_name,low
Tabio,8,0,5,0.0,unmapped_possible_person_name,low
Inkeri,8,1,8,0.125,unmapped_possible_person_name,low
Teppo,8,4,7,0.5,unmapped_possible_person_name,low
Virro,8,1,7,0.125,unmapped_possible_person_name,low
Katti,8,4,5,0.5,unmapped_possible_person_name,low
Marketta,8,0,7,0.0,unmapped_possible_person_name,low
Kiesus,8,2,7,0.25,unmapped_possible_person_name,low
Kirjo,8,1,6,0.125,unmapped_possible_person_name,low
Nirg,8,5,7,0.625,unmapped_possible_person_name,low
Puntus,8,3,6,0.375,unmapped_possible_person_name,low
Sorola,8,0,8,0.0,unmapped_possible_person_name,low
Lulla,8,0,3,0.0,unmapped_possible_person_name,low
Urpo,8,3,8,0.375,unmapped_possible_person_name,low
Maieke,8,8,1,1.0,unmapped_possible_person_name,low
Olga,8,1,7,0.125,unmapped_possible_person_name,low
Tanni,8,0,6,0.0,unmapped_possible_person_name,low
Annus,8,2,3,0.25,unmapped_possible_person_name,low
Pellervo,8,8,3,1.0,unmapped_possible_person_name,low
Jouko,8,0,1,0.0,unmapped_possible_person_name,low
Jürje,8,0,2,0.0,unmapped_possible_person_name,low
Satu,8,0,5,0.0,unmapped_possible_person_name,low
Helena,7,2,6,0.2857142857142857,unmapped_possible_person_name,low
Koljo,7,0,1,0.0,unmapped_possible_person_name,low
Riitta,7,0,6,0.0,unmapped_possible_person_name,low
maanantai,7,0,7,0.0,unmapped_possible_person_name,low
Näu,7,0,7,0.0,unmapped_possible_person_name,low
Oapso,7,0,1,0.0,unmapped_possible_person_name,low
Kimmo,7,0,4,0.0,unmapped_possible_person_name,low
Tilli,7,4,7,0.5714285714285714,unmapped_possible_person_name,low
Ignat,7,6,3,0.8571428571428571,unmapped_possible_person_name,low
Oudin,7,0,1,0.0,unmapped_possible_person_name,low
Maikki,7,0,7,0.0,unmapped_possible_person_name,low
Lilli,7,3,7,0.42857142857142855,unmapped_possible_person_name,low
Meeli,7,0,2,0.0,unmapped_possible_person_name,low
Ilmari,7,1,3,0.14285714285714285,unmapped_possible_person_name,low
Hannu,7,2,7,0.2857142857142857,unmapped_possible_person_name,low
Tuura,7,1,4,0.14285714285714285,unmapped_possible_person_name,low
Vilppo,7,0,2,0.0,unmapped_possible_person_name,low
Tahvo,7,2,6,0.2857142857142857,unmapped_possible_person_name,low
Perseli,7,0,7,0.0,unmapped_possible_person_name,low
Pista,7,0,2,0.0,unmapped_possible_person_name,low
Klaavus,7,7,1,1.0,unmapped_possible_person_name,low
Marina,7,0,4,0.0,unmapped_possible_person_name,low
Makkonen,7,0,2,0.0,unmapped_possible_person_name,low
Koijonen,7,7,2,1.0,unmapped_possible_person_name,low
Lempo,7,0,7,0.0,unmapped_possible_person_name,low
Heino,7,0,1,0.0,unmapped_possible_person_name,low
Kärtu,7,1,4,0.14285714285714285,unmapped_possible_person_name,low
Piret,7,1,6,0.14285714285714285,unmapped_possible_person_name,low
Vana,7,0,1,0.0,unmapped_possible_person_name,low
Nursi,6,0,2,0.0,unmapped_possible_person_name,low
Marel,6,0,1,0.0,unmapped_possible_person_name,low
Formus,6,0,3,0.0,unmapped_possible_person_name,low
Eetu,6,4,4,0.6666666666666666,unmapped_possible_person_name,low
Kustu,6,0,2,0.0,unmapped_possible_person_name,low
Juortana,6,0,6,0.0,unmapped_possible_person_name,low
Ninni,6,0,6,0.0,unmapped_possible_person_name,low
Prits,6,0,1,0.0,unmapped_possible_person_name,low
Aapeli,6,0,4,0.0,unmapped_possible_person_name,low
Pärt,6,0,6,0.0,unmapped_possible_person_name,low
Hintsu,6,0,4,0.0,unmapped_possible_person_name,low
Pertti,6,1,5,0.16666666666666666,unmapped_possible_person_name,low
Pentti,6,2,6,0.3333333333333333,unmapped_possible_person_name,low
Eveliko,6,6,1,1.0,unmapped_possible_person_name,low
Koska,6,0,3,0.0,unmapped_possible_person_name,low
Mannu,6,2,5,0.3333333333333333,unmapped_possible_person_name,low
Kuuttari,6,0,3,0.0,unmapped_possible_person_name,low
Antsu,6,0,5,0.0,unmapped_possible_person_name,low
Mati,6,1,4,0.16666666666666666,unmapped_possible_person_name,low
Elme,6,0,3,0.0,unmapped_possible_person_name,low
Laamanen,6,2,5,0.3333333333333333,unmapped_possible_person_name,low
Elsa,6,1,6,0.16666666666666666,unmapped_possible_person_name,low
Humikkala,6,0,6,0.0,unmapped_possible_person_name,low
Kyrsi,6,0,3,0.0,unmapped_possible_person_name,low
Kojo,6,1,6,0.16666666666666666,unmapped_possible_person_name,low
Viia,6,5,4,0.8333333333333334,unmapped_possible_person_name,low
Perttuli,6,1,6,0.16666666666666666,unmapped_possible_person_name,low
Leming,6,4,1,0.6666666666666666,unmapped_possible_person_name,low
Leeni,6,1,2,0.16666666666666666,unmapped_possible_person_name,low
Kukkola,6,1,4,0.16666666666666666,unmapped_possible_person_name,low
Insu,6,0,4,0.0,unmapped_possible_person_name,low
Tooni,6,0,2,0.0,unmapped_possible_person_name,low
Torajoki,6,2,3,0.3333333333333333,unmapped_possible_person_name,low
Talna,6,4,4,0.6666666666666666,unmapped_possible_person_name,low
Kain,6,0,1,0.0,unmapped_possible_person_name,low
Peet,6,0,1,0.0,unmapped_possible_person_name,low
Immonen,6,0,4,0.0,unmapped_possible_person_name,low
Moska,6,0,3,0.0,unmapped_possible_person_name,low
Kiiu,6,0,5,0.0,unmapped_possible_person_name,low
Andrus,6,0,5,0.0,unmapped_possible_person_name,low
tilli,6,1,6,0.16666666666666666,unmapped_possible_person_name,low
Salmelt,6,6,1,1.0,unmapped_possible_person_name,low
Heikkilä,6,1,5,0.16666666666666666,unmapped_possible_person_name,low
Heko,6,1,2,0.16666666666666666,unmapped_possible_person_name,low
Jaska,6,0,5,0.0,unmapped_possible_person_name,low
Leene,6,0,1,0.0,unmapped_possible_person_name,low
Juula,6,0,4,0.0,unmapped_possible_person_name,low
Kateriina,5,1,4,0.2,unmapped_possible_person_name,low
Pietola,5,1,5,0.2,unmapped_possible_person_name,low
Koik,5,4,3,0.8,unmapped_possible_person_name,low
Tiita,5,0,1,0.0,unmapped_possible_person_name,low
nuutti,5,0,5,0.0,unmapped_possible_person_name,low
Päts,5,0,1,0.0,unmapped_possible_person_name,low
nenn,5,0,1,0.0,unmapped_possible_person_name,low
Hussan,5,0,5,0.0,unmapped_possible_person_name,low
Kaukamoi,5,5,1,1.0,unmapped_possible_person_name,low
Joakko,5,1,2,0.2,unmapped_possible_person_name,low
Moskova,5,0,5,0.0,unmapped_possible_person_name,low
Kõreta,5,0,1,0.0,unmapped_possible_person_name,low
Riisi,5,0,5,0.0,unmapped_possible_person_name,low
Marini,5,0,2,0.0,unmapped_possible_person_name,low
Kiko,5,2,2,0.4,unmapped_possible_person_name,low
Aru,5,0,4,0.0,unmapped_possible_person_name,low
Viire,5,2,4,0.4,unmapped_possible_person_name,low
Hilma,5,0,4,0.0,unmapped_possible_person_name,low
Markkula,5,1,5,0.2,unmapped_possible_person_name,low
Peterburi,5,2,5,0.4,unmapped_possible_person_name,low
Reinikko,5,4,2,0.8,unmapped_possible_person_name,low
Riet,5,0,1,0.0,unmapped_possible_person_name,low
Tusti,5,0,3,0.0,unmapped_possible_person_name,low
Pireta,5,2,4,0.4,unmapped_possible_person_name,low
Perttu,5,1,5,0.2,unmapped_possible_person_name,low
Puts,5,0,3,0.0,unmapped_possible_person_name,low
Narentka,5,0,4,0.0,unmapped_possible_person_name,low
Nanna,5,0,5,0.0,unmapped_possible_person_name,low
Siimo,5,0,1,0.0,unmapped_possible_person_name,low
Arjun,5,0,2,0.0,unmapped_possible_person_name,low
Tormio,5,0,5,0.0,unmapped_possible_person_name,low
Ortto,5,0,1,0.0,unmapped_possible_person_name,low
Vilho,5,1,5,0.2,unmapped_possible_person_name,low
Jyrri,5,1,5,0.2,unmapped_possible_person_name,low
Käänu,5,0,1,0.0,unmapped_possible_person_name,low
Antrus,5,0,1,0.0,unmapped_possible_person_name,low
Karttu,5,0,5,0.0,unmapped_possible_person_name,low
Forpus,5,0,3,0.0,unmapped_possible_person_name,low
Osmala,5,0,2,0.0,unmapped_possible_person_name,low
Eltse,5,0,3,0.0,unmapped_possible_person_name,low
Iidu,5,0,5,0.0,unmapped_possible_person_name,low
Tilta,5,0,3,0.0,unmapped_possible_person_name,low
Rants,5,1,4,0.2,unmapped_possible_person_name,low
Allan,5,0,5,0.0,unmapped_possible_person_name,low
Kaapro,5,4,2,0.8,unmapped_possible_person_name,low
Kustas,5,0,4,0.0,unmapped_possible_person_name,low
Iir,5,2,3,0.4,unmapped_possible_person_name,low
Risto,5,0,3,0.0,unmapped_possible_person_name,low
Ollerjaani,5,0,1,0.0,unmapped_possible_person_name,low
Untamon,5,5,2,1.0,unmapped_possible_person_name,low
Pürje,5,0,5,0.0,unmapped_possible_person_name,low
Ollila,5,1,5,0.2,unmapped_possible_person_name,low
Tauno,5,2,5,0.4,unmapped_possible_person_name,low
Iiri,5,1,5,0.2,unmapped_possible_person_name,low
Iivari,5,2,5,0.4,unmapped_possible_person_name,low
pihkaheikki,5,2,5,0.4,unmapped_possible_person_name,low
Eedu,5,0,1,0.0,unmapped_possible_person_name,low
Ontro,5,0,1,0.0,unmapped_possible_person_name,low
Iisakki,5,0,4,0.0,unmapped_possible_person_name,low
Miikkula,5,1,5,0.2,unmapped_possible_person_name,low
Kali,5,0,2,0.0,unmapped_possible_person_name,low
Tonkka,5,0,1,0.0,unmapped_possible_person_name,low
Tiitto,5,0,1,0.0,unmapped_possible_person_name,low
Anikka,5,0,5,0.0,unmapped_possible_person_name,low
Kilter,5,0,5,0.0,unmapped_possible_person_name,low
Else,5,0,5,0.0,unmapped_possible_person_name,low
Paatitsa,5,0,5,0.0,unmapped_possible_person_name,low
Simana,5,0,1,0.0,unmapped_possible_person_name,low
Hekojen,5,5,1,1.0,unmapped_possible_person_name,low
Taavetti,5,2,3,0.4,unmapped_possible_person_name,low
Juuttahi,5,0,1,0.0,unmapped_possible_person_name,low
Oapro,5,0,1,0.0,unmapped_possible_person_name,low
Kopa,5,0,1,0.0,unmapped_possible_person_name,low
Toom,5,0,3,0.0,unmapped_possible_person_name,low
Ogo,5,0,5,0.0,unmapped_possible_person_name,low
Aadam,5,1,5,0.2,unmapped_possible_person_name,low
Hätilä,5,0,3,0.0,unmapped_possible_person_name,low
Tuudi,5,0,5,0.0,unmapped_possible_person_name,low
Kiira,4,0,3,0.0,unmapped_possible_person_name,low
Mauno,4,2,4,0.5,unmapped_possible_person_name,low
Hessu,4,1,3,0.25,unmapped_possible_person_name,low
Jussila,4,3,3,0.75,unmapped_possible_person_name,low
Markku,4,1,2,0.25,unmapped_possible_person_name,low
Henela,4,4,1,1.0,unmapped_possible_person_name,low
Minni,4,0,1,0.0,unmapped_possible_person_name,low
Vatla,4,0,2,0.0,unmapped_possible_person_name,low
Tuurittuinen,4,0,2,0.0,unmapped_possible_person_name,low
Hentu,4,0,4,0.0,unmapped_possible_person_name,low
Veljo,4,4,1,1.0,unmapped_possible_person_name,low
Tessu,4,0,2,0.0,unmapped_possible_person_name,low
Marola,4,0,2,0.0,unmapped_possible_person_name,low
Vihta,4,4,1,1.0,unmapped_possible_person_name,low
Vellamo,4,2,4,0.5,unmapped_possible_person_name,low
Marjukka,4,1,4,0.25,unmapped_possible_person_name,low
Temi,4,0,2,0.0,unmapped_possible_person_name,low
Helevi,4,0,1,0.0,unmapped_possible_person_name,low
Vasko,4,0,2,0.0,unmapped_possible_person_name,low
Kilingi,4,1,4,0.25,unmapped_possible_person_name,low
Mellola,4,0,2,0.0,unmapped_possible_person_name,low
Kauko,4,1,2,0.25,unmapped_possible_person_name,low
Laurin,4,4,1,1.0,unmapped_possible_person_name,low
Teti,4,0,2,0.0,unmapped_possible_person_name,low
Tonteri,4,0,3,0.0,unmapped_possible_person_name,low
Vormus,4,2,2,0.5,unmapped_possible_person_name,low
Tipunipu,4,0,1,0.0,unmapped_possible_person_name,low
kaiekene,4,2,3,0.5,unmapped_possible_person_name,low
Iita,4,0,3,0.0,unmapped_possible_person_name,low
Jortana,4,0,4,0.0,unmapped_possible_person_name,low
Kaletteri,4,0,1,0.0,unmapped_possible_person_name,low
Kroet,4,0,1,0.0,unmapped_possible_person_name,low
Ilja,4,1,3,0.25,unmapped_possible_person_name,low
Ilkka,4,0,1,0.0,unmapped_possible_person_name,low
Tuira,4,1,4,0.25,unmapped_possible_person_name,low
Tolma,4,0,2,0.0,unmapped_possible_person_name,low
Vuoksi,4,2,4,0.5,unmapped_possible_person_name,low
Tsiimani,4,0,1,0.0,unmapped_possible_person_name,low
Kuippina,4,1,2,0.25,unmapped_possible_person_name,low
Iiro,4,0,1,0.0,unmapped_possible_person_name,low
Injo,4,0,1,0.0,unmapped_possible_person_name,low
Kaara,4,3,3,0.75,unmapped_possible_person_name,low
Kura,4,0,2,0.0,unmapped_possible_person_name,low
Uku,4,1,3,0.25,unmapped_possible_person_name,low
Liena,4,0,3,0.0,unmapped_possible_person_name,low
Ismaro,4,0,3,0.0,unmapped_possible_person_name,low
Laukki,4,0,2,0.0,unmapped_possible_person_name,low
Ivan,4,0,4,0.0,unmapped_possible_person_name,low
Kahala,4,2,3,0.5,unmapped_possible_person_name,low
Kaarosta,4,1,3,0.25,unmapped_possible_person_name,low
Võlla,4,0,2,0.0,unmapped_possible_person_name,low
Touru,4,0,4,0.0,unmapped_possible_person_name,low
Triinu,4,0,3,0.0,unmapped_possible_person_name,low
Lallu,4,0,3,0.0,unmapped_possible_person_name,low
Kusta,4,1,4,0.25,unmapped_possible_person_name,low
Tetti,4,4,2,1.0,unmapped_possible_person_name,low
Uandi,4,0,2,0.0,unmapped_possible_person_name,low
ants,4,2,4,0.5,unmapped_possible_person_name,low
Mardi,4,0,3,0.0,unmapped_possible_person_name,low
Mara,4,0,3,0.0,unmapped_possible_person_name,low
Kasteri,4,3,3,0.75,unmapped_possible_person_name,low
Huikkola,4,0,3,0.0,unmapped_possible_person_name,low
ainoa,4,2,3,0.5,unmapped_possible_person_name,low
Villem,4,1,3,0.25,unmapped_possible_person_name,low
Malla,4,0,4,0.0,unmapped_possible_person_name,low
Villändi,4,4,1,1.0,unmapped_possible_person_name,low
Tiio,4,0,4,0.0,unmapped_possible_person_name,low
Huru,4,1,4,0.25,unmapped_possible_person_name,low
Karppa,4,0,2,0.0,unmapped_possible_person_name,low
Vipunen,4,0,3,0.0,unmapped_possible_person_name,low
Koluvere,4,0,3,0.0,unmapped_possible_person_name,low
Kreeta,4,0,4,0.0,unmapped_possible_person_name,low
Kyllikki,4,3,2,0.75,unmapped_possible_person_name,low
Virkku,4,0,4,0.0,unmapped_possible_person_name,low
Vaabi,4,0,1,0.0,unmapped_possible_person_name,low
Vaaba,4,0,1,0.0,unmapped_possible_person_name,low
Konttu,4,0,1,0.0,unmapped_possible_person_name,low
Madis,4,1,4,0.25,unmapped_possible_person_name,low
Madi,4,0,1,0.0,unmapped_possible_person_name,low
Uulu,4,0,4,0.0,unmapped_possible_person_name,low
Tillu,4,0,1,0.0,unmapped_possible_person_name,low
Virtsu,4,0,4,0.0,unmapped_possible_person_name,low
ani,4,0,3,0.0,unmapped_possible_person_name,low
Iie,4,0,1,0.0,unmapped_possible_person_name,low
Luukas,4,0,3,0.0,unmapped_possible_person_name,low
Tuurikkainen,4,0,4,0.0,unmapped_possible_person_name,low
Venno,4,1,4,0.25,unmapped_possible_person_name,low
Soppo,4,0,3,0.0,unmapped_possible_person_name,low
Arvi,4,1,3,0.25,unmapped_possible_person_name,low
Erikäinen,4,0,1,0.0,unmapped_possible_person_name,low
Räägo,4,0,1,0.0,unmapped_possible_person_name,low
Adu,4,0,2,0.0,unmapped_possible_person_name,low
Paavali,4,0,4,0.0,unmapped_possible_person_name,low
Reittu,4,0,3,0.0,unmapped_possible_person_name,low
Taara,4,1,3,0.25,unmapped_possible_person_name,low
Taline,4,0,1,0.0,unmapped_possible_person_name,low
Sampsa,4,0,4,0.0,unmapped_possible_person_name,low
Poola,4,0,4,0.0,unmapped_possible_person_name,low
rein,4,4,1,1.0,unmapped_possible_person_name,low
riisi,4,1,3,0.25,unmapped_possible_person_name,low
Myyrylä,4,0,2,0.0,unmapped_possible_person_name,low
Rõõt,4,0,1,0.0,unmapped_possible_person_name,low
Riiu,4,0,2,0.0,unmapped_possible_person_name,low
Aki,4,0,4,0.0,unmapped_possible_person_name,low
Pihuvere,4,0,1,0.0,unmapped_possible_person_name,low
Sara,4,0,3,0.0,unmapped_possible_person_name,low
Selma,4,0,4,0.0,unmapped_possible_person_name,low
Pehka,4,0,1,0.0,unmapped_possible_person_name,low
Protna,4,0,1,0.0,unmapped_possible_person_name,low
Näppinen,4,0,3,0.0,unmapped_possible_person_name,low
Ruatus,4,0,2,0.0,unmapped_possible_person_name,low
Endrik,4,0,2,0.0,unmapped_possible_person_name,low
Roosna,4,0,1,0.0,unmapped_possible_person_name,low
Sunteri,4,1,4,0.25,unmapped_possible_person_name,low
Riidu,4,0,2,0.0,unmapped_possible_person_name,low
Hasseli,4,0,1,0.0,unmapped_possible_person_name,low
Ärrä,4,4,1,1.0,unmapped_possible_person_name,low
Osmo,4,0,4,0.0,unmapped_possible_person_name,low
Rapu,4,0,1,0.0,unmapped_possible_person_name,low
Reet,4,1,4,0.25,unmapped_possible_person_name,low
Pielinen,4,0,4,0.0,unmapped_possible_person_name,low
Muhonen,4,0,2,0.0,unmapped_possible_person_name,low
Ani,4,0,1,0.0,unmapped_possible_person_name,low
Okku,4,4,1,1.0,unmapped_possible_person_name,low
Nikolai,4,0,3,0.0,unmapped_possible_person_name,low
Eila,4,0,2,0.0,unmapped_possible_person_name,low
Simola,4,0,4,0.0,unmapped_possible_person_name,low
Paara,4,0,2,0.0,unmapped_possible_person_name,low
Ollender,4,1,2,0.25,unmapped_possible_person_name,low
Aaro,4,0,1,0.0,unmapped_possible_person_name,low
Saima,4,0,3,0.0,unmapped_possible_person_name,low
Reeda,4,0,4,0.0,unmapped_possible_person_name,low
Laatukka,3,1,2,0.3333333333333333,unmapped_possible_person_name,low
Joute,3,0,1,0.0,unmapped_possible_person_name,low
Tupina,3,0,1,0.0,unmapped_possible_person_name,low
alli,3,1,3,0.3333333333333333,unmapped_possible_person_name,low
Annika,3,0,3,0.0,unmapped_possible_person_name,low
setu,3,2,3,0.6666666666666666,unmapped_possible_person_name,low
Kyrö,3,0,3,0.0,unmapped_possible_person_name,low
Pihka-Heikki,3,1,3,0.3333333333333333,unmapped_possible_person_name,low
Pellervoinen,3,0,2,0.0,unmapped_possible_person_name,low
Kyntteli,3,0,2,0.0,unmapped_possible_person_name,low
Ans,3,0,2,0.0,unmapped_possible_person_name,low
Turja,3,0,3,0.0,unmapped_possible_person_name,low
Juho,3,0,3,0.0,unmapped_possible_person_name,low
Jukamoni,3,3,1,1.0,unmapped_possible_person_name,low
Sander,3,2,3,0.6666666666666666,unmapped_possible_person_name,low
Juku,3,1,2,0.3333333333333333,unmapped_possible_person_name,low
elkku,3,0,1,0.0,unmapped_possible_person_name,low
Turst,3,0,1,0.0,unmapped_possible_person_name,low
Kõppus,3,0,1,0.0,unmapped_possible_person_name,low
Salatsi,3,1,3,0.3333333333333333,unmapped_possible_person_name,low
Kõima,3,0,2,0.0,unmapped_possible_person_name,low
Perola,3,1,3,0.3333333333333333,unmapped_possible_person_name,low
Perttula,3,0,3,0.0,unmapped_possible_person_name,low
Petra,3,0,3,0.0,unmapped_possible_person_name,low
Annu,3,0,3,0.0,unmapped_possible_person_name,low
Sameli,3,0,1,0.0,unmapped_possible_person_name,low
Joukamo,3,1,3,0.3333333333333333,unmapped_possible_person_name,low
Selja,3,0,3,0.0,unmapped_possible_person_name,low
Appila,3,0,2,0.0,unmapped_possible_person_name,low
Demi,3,0,2,0.0,unmapped_possible_person_name,low
puli,3,0,2,0.0,unmapped_possible_person_name,low
Topi,3,0,3,0.0,unmapped_possible_person_name,low
Topelius,3,0,3,0.0,unmapped_possible_person_name,low
Liihala,3,0,1,0.0,unmapped_possible_person_name,low
Paaritsa,3,0,3,0.0,unmapped_possible_person_name,low
Liisapunt,3,0,1,0.0,unmapped_possible_person_name,low
Ilumel,3,0,1,0.0,unmapped_possible_person_name,low
Ilmola,3,1,2,0.3333333333333333,unmapped_possible_person_name,low
Limo,3,3,1,1.0,unmapped_possible_person_name,low
Sass,3,0,3,0.0,unmapped_possible_person_name,low
Tohvri,3,0,1,0.0,unmapped_possible_person_name,low
Tittula,3,0,2,0.0,unmapped_possible_person_name,low
kaide?,3,3,1,1.0,unmapped_possible_person_name,low
Oolu,3,0,2,0.0,unmapped_possible_person_name,low
Ontrei,3,0,2,0.0,unmapped_possible_person_name,low
Iiru,3,0,2,0.0,unmapped_possible_person_name,low
Eerikki,3,0,2,0.0,unmapped_possible_person_name,low
Luisk,3,1,1,0.3333333333333333,unmapped_possible_person_name,low
Ironi,3,0,1,0.0,unmapped_possible_person_name,low
Aune,3,1,3,0.3333333333333333,unmapped_possible_person_name,low
Aumo,3,0,2,0.0,unmapped_possible_person_name,low
Tormi,3,0,3,0.0,unmapped_possible_person_name,low
Tuiu,3,0,1,0.0,unmapped_possible_person_name,low
Lassa,3,0,3,0.0,unmapped_possible_person_name,low
Apso,3,0,1,0.0,unmapped_possible_person_name,low
Peijooni,3,3,1,1.0,unmapped_possible_person_name,low
Paula,3,0,2,0.0,unmapped_possible_person_name,low
Armi,3,0,3,0.0,unmapped_possible_person_name,low
Paro,3,0,2,0.0,unmapped_possible_person_name,low
Leane,3,0,2,0.0,unmapped_possible_person_name,low
Para,3,0,1,0.0,unmapped_possible_person_name,low
hussa,3,0,3,0.0,unmapped_possible_person_name,low
Jaen,3,0,2,0.0,unmapped_possible_person_name,low
Leeverland,3,0,1,0.0,unmapped_possible_person_name,low
Pajari,3,0,3,0.0,unmapped_possible_person_name,low
Atti,3,0,2,0.0,unmapped_possible_person_name,low
Ivana,3,0,3,0.0,unmapped_possible_person_name,low
Siine,3,0,1,0.0,unmapped_possible_person_name,low
Lemmo,3,0,2,0.0,unmapped_possible_person_name,low
Tuutti,3,1,1,0.3333333333333333,unmapped_possible_person_name,low
Kurjuu,3,0,1,0.0,unmapped_possible_person_name,low
Piia,3,0,2,0.0,unmapped_possible_person_name,low
Päivälä,3,3,1,1.0,unmapped_possible_person_name,low
Varangu,3,0,1,0.0,unmapped_possible_person_name,low
Vappo,3,1,2,0.3333333333333333,unmapped_possible_person_name,low
Ago,3,0,3,0.0,unmapped_possible_person_name,low
Viljo,3,0,2,0.0,unmapped_possible_person_name,low
Koela,3,0,2,0.0,unmapped_possible_person_name,low
Valli,3,0,3,0.0,unmapped_possible_person_name,low
Koigu,3,1,2,0.3333333333333333,unmapped_possible_person_name,low
Pulli,3,0,3,0.0,unmapped_possible_person_name,low
Valasti,3,0,3,0.0,unmapped_possible_person_name,low
Pulkkala,3,0,2,0.0,unmapped_possible_person_name,low
Kojoinen,3,0,1,0.0,unmapped_possible_person_name,low
Aidu,3,1,3,0.3333333333333333,unmapped_possible_person_name,low
Riita,3,0,1,0.0,unmapped_possible_person_name,low
Kapu,3,0,3,0.0,unmapped_possible_person_name,low
Kolu,3,0,1,0.0,unmapped_possible_person_name,low
Ainikki,3,0,2,0.0,unmapped_possible_person_name,low
Riski,3,0,2,0.0,unmapped_possible_person_name,low
Kopsa,3,0,1,0.0,unmapped_possible_person_name,low
Korhonen,3,2,3,0.6666666666666666,unmapped_possible_person_name,low
Kateri,3,3,2,1.0,unmapped_possible_person_name,low
Katriina,3,0,2,0.0,unmapped_possible_person_name,low
Tyyri,3,1,1,0.3333333333333333,unmapped_possible_person_name,low
Katrina,3,0,3,0.0,unmapped_possible_person_name,low
Vennä,3,0,2,0.0,unmapped_possible_person_name,low
Vento,3,0,3,0.0,unmapped_possible_person_name,low
Rako,3,0,1,0.0,unmapped_possible_person_name,low
Kiika,3,3,2,1.0,unmapped_possible_person_name,low
Kiima,3,0,3,0.0,unmapped_possible_person_name,low
Vesto,3,0,2,0.0,unmapped_possible_person_name,low
Rae,3,0,3,0.0,unmapped_possible_person_name,low
Viderik,3,0,2,0.0,unmapped_possible_person_name,low
Kerkkola,3,1,3,0.3333333333333333,unmapped_possible_person_name,low
Aabla,3,0,1,0.0,unmapped_possible_person_name,low
Aabraham,3,3,3,1.0,unmapped_possible_person_name,low
Killa,3,3,1,1.0,unmapped_possible_person_name,low
Ratva,3,0,3,0.0,unmapped_possible_person_name,low
Viidu,3,1,3,0.3333333333333333,unmapped_possible_person_name,low
Kimmel,3,0,3,0.0,unmapped_possible_person_name,low
Aapro,3,1,3,0.3333333333333333,unmapped_possible_person_name,low
Viio,3,0,2,0.0,unmapped_possible_person_name,low
Aaron,3,1,3,0.3333333333333333,unmapped_possible_person_name,low
Vaska,3,0,2,0.0,unmapped_possible_person_name,low
Prunkkala,3,0,3,0.0,unmapped_possible_person_name,low
Korkko,3,0,1,0.0,unmapped_possible_person_name,low
Virun,3,0,1,0.0,unmapped_possible_person_name,low
Korlana,3,0,1,0.0,unmapped_possible_person_name,low
Ulila,3,0,2,0.0,unmapped_possible_person_name,low
Alma,3,0,3,0.0,unmapped_possible_person_name,low
Piu,3,2,3,0.6666666666666666,unmapped_possible_person_name,low
Uilsi,3,0,1,0.0,unmapped_possible_person_name,low
Alutaguse,3,0,3,0.0,unmapped_possible_person_name,low
Kull,3,3,1,1.0,unmapped_possible_person_name,low
Pirko,3,0,3,0.0,unmapped_possible_person_name,low
tikka,3,0,3,0.0,unmapped_possible_person_name,low
Wiinhuuvud,3,0,1,0.0,unmapped_possible_person_name,low
tiidu,3,0,3,0.0,unmapped_possible_person_name,low
Kaarasta,3,1,3,0.3333333333333333,unmapped_possible_person_name,low
Piiter,3,1,2,0.3333333333333333,unmapped_possible_person_name,low
tiainen,3,3,2,1.0,unmapped_possible_person_name,low
Kaali,3,0,2,0.0,unmapped_possible_person_name,low
Kusmoi,3,0,2,0.0,unmapped_possible_person_name,low
Kustaa,3,1,3,0.3333333333333333,unmapped_possible_person_name,low
Piipe,3,0,2,0.0,unmapped_possible_person_name,low
Yrjänä,3,0,3,0.0,unmapped_possible_person_name,low
Kusti,3,0,3,0.0,unmapped_possible_person_name,low
Väivö,3,0,1,0.0,unmapped_possible_person_name,low
Väinölä,3,1,3,0.3333333333333333,unmapped_possible_person_name,low
Kaisu,3,0,3,0.0,unmapped_possible_person_name,low
Unt,3,0,3,0.0,unmapped_possible_person_name,low
Korri,3,0,3,0.0,unmapped_possible_person_name,low
Vitjabomi,3,0,1,0.0,unmapped_possible_person_name,low
Kott,3,3,1,1.0,unmapped_possible_person_name,low
Uolevi,3,0,2,0.0,unmapped_possible_person_name,low
Kreeda,3,2,2,0.6666666666666666,unmapped_possible_person_name,low
Ritsu,3,0,3,0.0,unmapped_possible_person_name,low
Aleks,3,0,2,0.0,unmapped_possible_person_name,low
tyyri,3,0,1,0.0,unmapped_possible_person_name,low
Kristiina,3,3,3,1.0,unmapped_possible_person_name,low
Porkuni,3,0,3,0.0,unmapped_possible_person_name,low
Kroeta,3,0,2,0.0,unmapped_possible_person_name,low
All,3,2,2,0.6666666666666666,unmapped_possible_person_name,low
tussa,3,0,3,0.0,unmapped_possible_person_name,low
Kuakkala,3,0,2,0.0,unmapped_possible_person_name,low
Kuappala,3,0,2,0.0,unmapped_possible_person_name,low
Portugal,3,0,1,0.0,unmapped_possible_person_name,low
Kuisma,3,1,2,0.3333333333333333,unmapped_possible_person_name,low
Ruotus,3,0,2,0.0,unmapped_possible_person_name,low
Luts,3,0,1,0.0,unmapped_possible_person_name,low
Raiska,3,0,3,0.0,unmapped_possible_person_name,low
Tillermann,3,0,3,0.0,unmapped_possible_person_name,low
Tarkkala,3,0,1,0.0,unmapped_possible_person_name,low
Hanna,3,0,3,0.0,unmapped_possible_person_name,low
Sommõr,3,0,1,0.0,unmapped_possible_person_name,low
Taappola,3,0,3,0.0,unmapped_possible_person_name,low
Hemerik,3,0,1,0.0,unmapped_possible_person_name,low
Oeti,3,0,3,0.0,unmapped_possible_person_name,low
Tiku,3,0,2,0.0,unmapped_possible_person_name,low
leenukene,3,2,3,0.6666666666666666,unmapped_possible_person_name,low
Ogoi,3,0,3,0.0,unmapped_possible_person_name,low
Marppa,3,0,1,0.0,unmapped_possible_person_name,low
Niuk,3,0,1,0.0,unmapped_possible_person_name,low
Ohto,3,1,3,0.3333333333333333,unmapped_possible_person_name,low
Erku,3,0,1,0.0,unmapped_possible_person_name,low
Maali,3,0,3,0.0,unmapped_possible_person_name,low
laskma,3,3,1,1.0,unmapped_possible_person_name,low
Hints,3,0,3,0.0,unmapped_possible_person_name,low
Terri,3,0,1,0.0,unmapped_possible_person_name,low
Tarma,3,0,2,0.0,unmapped_possible_person_name,low
Hipp,3,0,1,0.0,unmapped_possible_person_name,low
Helkka,3,3,1,1.0,unmapped_possible_person_name,low
Hannula,3,0,3,0.0,unmapped_possible_person_name,low
Säntti,3,0,1,0.0,unmapped_possible_person_name,low
Hippa-Heikki,3,2,3,0.6666666666666666,unmapped_possible_person_name,low
Mulk,3,0,1,0.0,unmapped_possible_person_name,low
leila,3,0,1,0.0,unmapped_possible_person_name,low
Spuassa,3,0,1,0.0,unmapped_possible_person_name,low
Taari,3,0,2,0.0,unmapped_possible_person_name,low
mikä,3,0,1,0.0,unmapped_possible_person_name,low
Maša,3,1,2,0.3333333333333333,unmapped_possible_person_name,low
Taipale,3,0,1,0.0,unmapped_possible_person_name,low
Soria,3,0,2,0.0,unmapped_possible_person_name,low
Enn,3,0,2,0.0,unmapped_possible_person_name,low
Märdi,3,0,2,0.0,unmapped_possible_person_name,low
Elvira,3,0,1,0.0,unmapped_possible_person_name,low
Nyyrikki,3,0,3,0.0,unmapped_possible_person_name,low
Maim,3,0,1,0.0,unmapped_possible_person_name,low
Nutu,3,0,1,0.0,unmapped_possible_person_name,low
Tiittu,3,0,1,0.0,unmapped_possible_person_name,low
Halituli,3,0,3,0.0,unmapped_possible_person_name,low
Hani,3,0,1,0.0,unmapped_possible_person_name,low
nuuti,3,0,1,0.0,unmapped_possible_person_name,low
Taavet,3,0,3,0.0,unmapped_possible_person_name,low
Huuru,3,0,1,0.0,unmapped_possible_person_name,low
Hymylä,3,1,3,0.3333333333333333,unmapped_possible_person_name,low
Tiitu,3,1,3,0.3333333333333333,unmapped_possible_person_name,low
Souva,3,1,3,0.3333333333333333,unmapped_possible_person_name,low
Sopo,3,1,2,0.3333333333333333,unmapped_possible_person_name,low
Muurikki,3,0,2,0.0,unmapped_possible_person_name,low
Maitla,3,0,1,0.0,unmapped_possible_person_name,low
Tattila,3,2,3,0.6666666666666666,unmapped_possible_person_name,low
Muki (prop),3,0,1,0.0,unmapped_possible_person_name,low
Tahvo (name),3,3,1,1.0,unmapped_possible_person_name,low
Oleviste,3,0,2,0.0,unmapped_possible_person_name,low
nimetama,3,2,2,0.6666666666666666,unmapped_possible_person_name,low
Hoppu,3,0,2,0.0,unmapped_possible_person_name,low
Muaria,3,1,3,0.3333333333333333,unmapped_possible_person_name,low
Luutitsa,3,0,3,0.0,unmapped_possible_person_name,low
Läila,3,3,1,1.0,unmapped_possible_person_name,low
maiekene,3,2,2,0.6666666666666666,unmapped_possible_person_name,low
Luuska,3,0,3,0.0,unmapped_possible_person_name,low
mann,3,1,2,0.3333333333333333,unmapped_possible_person_name,low
Holland,3,0,1,0.0,unmapped_possible_person_name,low
Soara,3,0,2,0.0,unmapped_possible_person_name,low
Molot,3,0,3,0.0,unmapped_possible_person_name,low
Luukka,3,0,1,0.0,unmapped_possible_person_name,low
Lällu,3,0,2,0.0,unmapped_possible_person_name,low
Moaria,3,0,3,0.0,unmapped_possible_person_name,low
Tarjus,3,0,1,0.0,unmapped_possible_person_name,low
Niilo,3,0,3,0.0,unmapped_possible_person_name,low
Läti,3,1,1,0.3333333333333333,unmapped_possible_person_name,low
Iedu,3,0,1,0.0,unmapped_possible_person_name,low
Eldse,3,0,2,0.0,unmapped_possible_person_name,low
Eino,3,1,3,0.3333333333333333,unmapped_possible_person_name,low
nimesi,3,3,3,1.0,unmapped_possible_person_name,low
Margetta,3,0,2,0.0,unmapped_possible_person_name,low
Mardu,3,0,3,0.0,unmapped_possible_person_name,low
Hokol,3,0,1,0.0,unmapped_possible_person_name,low
Manta,3,0,2,0.0,unmapped_possible_person_name,low
Syväinteri,3,0,1,0.0,unmapped_possible_person_name,low
Massa,2,1,2,0.5,unmapped_possible_person_name,low
Kotselaan,2,2,1,1.0,unmapped_possible_person_name,low
Tennu,2,0,2,0.0,unmapped_possible_person_name,low
Kungla,2,0,1,0.0,unmapped_possible_person_name,low
Prokon,2,2,2,1.0,unmapped_possible_person_name,low
Unu,2,2,1,1.0,unmapped_possible_person_name,low
Uoti,2,0,1,0.0,unmapped_possible_person_name,low
Tepp,2,2,1,1.0,unmapped_possible_person_name,low
Ruuna,2,0,2,0.0,unmapped_possible_person_name,low
Uati,2,0,2,0.0,unmapped_possible_person_name,low
Riste,2,0,1,0.0,unmapped_possible_person_name,low
Tšikko,2,0,1,0.0,unmapped_possible_person_name,low
Tünda,2,0,1,0.0,unmapped_possible_person_name,low
Pilpa,2,0,1,0.0,unmapped_possible_person_name,low
Korkka,2,0,1,0.0,unmapped_possible_person_name,low
Tetin,2,2,1,1.0,unmapped_possible_person_name,low
Tahva,2,1,2,0.5,unmapped_possible_person_name,low
Määvl,2,0,1,0.0,unmapped_possible_person_name,low
Kuntsi,2,0,1,0.0,unmapped_possible_person_name,low
Kosti,2,0,2,0.0,unmapped_possible_person_name,low
Ualevi,2,0,2,0.0,unmapped_possible_person_name,low
Kormila,2,0,1,0.0,unmapped_possible_person_name,low
Pippilä,2,1,2,0.5,unmapped_possible_person_name,low
Kultaralli,2,2,1,1.0,unmapped_possible_person_name,low
Kossa,2,0,1,0.0,unmapped_possible_person_name,low
Kosta,2,0,2,0.0,unmapped_possible_person_name,low
Teppelmann,2,0,1,0.0,unmapped_possible_person_name,low
N.N.,2,2,1,1.0,unmapped_possible_person_name,low
N,2,0,1,0.0,unmapped_possible_person_name,low
Kulervo,2,1,2,0.5,unmapped_possible_person_name,low
Taali,2,1,2,0.5,unmapped_possible_person_name,low
Nalle,2,0,1,0.0,unmapped_possible_person_name,low
Uibo & -l,2,2,1,1.0,unmapped_possible_person_name,low
Ungur,2,0,1,0.0,unmapped_possible_person_name,low
Utregas,2,1,1,0.5,unmapped_possible_person_name,low
Sõru,2,0,1,0.0,unmapped_possible_person_name,low
Kuihka,2,0,1,0.0,unmapped_possible_person_name,low
Ruila,2,0,2,0.0,unmapped_possible_person_name,low
Sõmmõrpalu,2,1,2,0.5,unmapped_possible_person_name,low
Priita,2,0,2,0.0,unmapped_possible_person_name,low
Ulle,2,0,2,0.0,unmapped_possible_person_name,low
Säätilä,2,1,1,0.5,unmapped_possible_person_name,low
Kulerva,2,0,1,0.0,unmapped_possible_person_name,low
Neva,2,0,2,0.0,unmapped_possible_person_name,low
Kuittila,2,0,2,0.0,unmapped_possible_person_name,low
Rutakko,2,0,2,0.0,unmapped_possible_person_name,low
Uisu,2,0,1,0.0,unmapped_possible_person_name,low
Marjatta,2,0,1,0.0,unmapped_possible_person_name,low
Markus,2,0,2,0.0,unmapped_possible_person_name,low
Uibo,2,2,1,1.0,unmapped_possible_person_name,low
Nabra,2,0,2,0.0,unmapped_possible_person_name,low
Rääbla,2,0,1,0.0,unmapped_possible_person_name,low
Untamolta,2,2,2,1.0,unmapped_possible_person_name,low
Untamoinen,2,0,2,0.0,unmapped_possible_person_name,low
Roodi,2,0,1,0.0,unmapped_possible_person_name,low
Marjaana,2,1,2,0.5,unmapped_possible_person_name,low
Krikorjouna,2,0,1,0.0,unmapped_possible_person_name,low
Preever,2,0,1,0.0,unmapped_possible_person_name,low
Martta,2,1,2,0.5,unmapped_possible_person_name,low
Unnon,2,2,2,1.0,unmapped_possible_person_name,low
Kullo,2,2,1,1.0,unmapped_possible_person_name,low
Preen,2,2,1,1.0,unmapped_possible_person_name,low
Piri,2,0,2,0.0,unmapped_possible_person_name,low
Pirita,2,0,1,0.0,unmapped_possible_person_name,low
Roti,2,0,1,0.0,unmapped_possible_person_name,low
Surju,2,0,2,0.0,unmapped_possible_person_name,low
Krumm,2,2,1,1.0,unmapped_possible_person_name,low
Tetermann,2,2,1,1.0,unmapped_possible_person_name,low
Pottu,2,0,1,0.0,unmapped_possible_person_name,low
Luuke,2,0,1,0.0,unmapped_possible_person_name,low
Pukkela,2,1,1,0.5,unmapped_possible_person_name,low
Teija,2,2,2,1.0,unmapped_possible_person_name,low
Rinde,2,0,1,0.0,unmapped_possible_person_name,low
Kilsi,2,0,2,0.0,unmapped_possible_person_name,low
Päävo,2,0,1,0.0,unmapped_possible_person_name,low
Kiltre,2,0,2,0.0,unmapped_possible_person_name,low
Kiltri,2,0,2,0.0,unmapped_possible_person_name,low
Kilu,2,0,2,0.0,unmapped_possible_person_name,low
Kimbela,2,0,2,0.0,unmapped_possible_person_name,low
Muisi,2,0,1,0.0,unmapped_possible_person_name,low
Ravila,2,0,1,0.0,unmapped_possible_person_name,low
Päärn,2,2,2,1.0,unmapped_possible_person_name,low
Vastinki,2,0,2,0.0,unmapped_possible_person_name,low
Mikola,2,0,2,0.0,unmapped_possible_person_name,low
Vastel,2,0,1,0.0,unmapped_possible_person_name,low
Muri,2,0,2,0.0,unmapped_possible_person_name,low
Kipu,2,0,1,0.0,unmapped_possible_person_name,low
Mikku,2,0,2,0.0,unmapped_possible_person_name,low
Reetta,2,0,2,0.0,unmapped_possible_person_name,low
Vasa,2,0,2,0.0,unmapped_possible_person_name,low
Kirimo,2,0,1,0.0,unmapped_possible_person_name,low
Varvana,2,0,1,0.0,unmapped_possible_person_name,low
Päivölä,2,0,2,0.0,unmapped_possible_person_name,low
Reine,2,0,1,0.0,unmapped_possible_person_name,low
Muska,2,0,1,0.0,unmapped_possible_person_name,low
Kirsti-piika,2,0,1,0.0,unmapped_possible_person_name,low
Kilpiä,2,0,1,0.0,unmapped_possible_person_name,low
Veikur,2,0,1,0.0,unmapped_possible_person_name,low
Milka,2,0,1,0.0,unmapped_possible_person_name,low
Rampori,2,0,1,0.0,unmapped_possible_person_name,low
Moor,2,0,1,0.0,unmapped_possible_person_name,low
Tani,2,0,1,0.0,unmapped_possible_person_name,low
Tannikki,2,0,2,0.0,unmapped_possible_person_name,low
Kihu,2,0,1,0.0,unmapped_possible_person_name,low
Kiiava,2,0,1,0.0,unmapped_possible_person_name,low
Venaa,2,0,1,0.0,unmapped_possible_person_name,low
Kiikuri,2,0,2,0.0,unmapped_possible_person_name,low
Kiim,2,0,2,0.0,unmapped_possible_person_name,low
Tannu,2,0,2,0.0,unmapped_possible_person_name,low
Vemmel,2,0,2,0.0,unmapped_possible_person_name,low
Raappana,2,0,2,0.0,unmapped_possible_person_name,low
Rauvu,2,0,1,0.0,unmapped_possible_person_name,low
Kiiskala,2,0,2,0.0,unmapped_possible_person_name,low
Tanu,2,0,2,0.0,unmapped_possible_person_name,low
Morse (proper noun),2,2,1,1.0,unmapped_possible_person_name,low
Mottu,2,0,1,0.0,unmapped_possible_person_name,low
Raada,2,0,1,0.0,unmapped_possible_person_name,low
Ransu,2,0,2,0.0,unmapped_possible_person_name,low
Pürjeng,2,0,1,0.0,unmapped_possible_person_name,low
Tambla,2,2,1,1.0,unmapped_possible_person_name,low
Minja,2,0,1,0.0,unmapped_possible_person_name,low
Põtrus,2,2,1,1.0,unmapped_possible_person_name,low
Kirstin,2,0,1,0.0,unmapped_possible_person_name,low
Puutosti,2,1,1,0.5,unmapped_possible_person_name,low
Tarmaste,2,0,2,0.0,unmapped_possible_person_name,low
Pukatsson,2,2,1,1.0,unmapped_possible_person_name,low
Koisu,2,0,1,0.0,unmapped_possible_person_name,low
Midli,2,0,2,0.0,unmapped_possible_person_name,low
Must,2,2,1,1.0,unmapped_possible_person_name,low
Vaisi,2,0,1,0.0,unmapped_possible_person_name,low
Vainupää,2,0,1,0.0,unmapped_possible_person_name,low
Kola,2,0,2,0.0,unmapped_possible_person_name,low
Kolda,2,0,1,0.0,unmapped_possible_person_name,low
Riitanter,2,0,1,0.0,unmapped_possible_person_name,low
Koli,2,0,1,0.0,unmapped_possible_person_name,low
Kuramaa,2,0,1,0.0,unmapped_possible_person_name,low
Taku,2,0,2,0.0,unmapped_possible_person_name,low
Migul,2,2,1,1.0,unmapped_possible_person_name,low
Koljola,2,0,2,0.0,unmapped_possible_person_name,low
Kolppina,2,0,1,0.0,unmapped_possible_person_name,low
Tatu,2,0,2,0.0,unmapped_possible_person_name,low
Riitu,2,0,2,0.0,unmapped_possible_person_name,low
Merola,2,0,1,0.0,unmapped_possible_person_name,low
Teemu,2,0,2,0.0,unmapped_possible_person_name,low
Rikki,2,0,2,0.0,unmapped_possible_person_name,low
Rillukka,2,0,1,0.0,unmapped_possible_person_name,low
Puavali,2,0,2,0.0,unmapped_possible_person_name,low
Uutti,2,0,1,0.0,unmapped_possible_person_name,low
Koiska,2,0,1,0.0,unmapped_possible_person_name,low
Pumpu,2,0,1,0.0,unmapped_possible_person_name,low
Kirstina,2,0,1,0.0,unmapped_possible_person_name,low
Kodasoo,2,0,1,0.0,unmapped_possible_person_name,low
Miittu,2,0,1,0.0,unmapped_possible_person_name,low
Tarmo,2,1,2,0.5,unmapped_possible_person_name,low
Kitus,2,0,1,0.0,unmapped_possible_person_name,low
Puustelli,2,0,1,0.0,unmapped_possible_person_name,low
Miiru,2,0,1,0.0,unmapped_possible_person_name,low
Miira,2,0,1,0.0,unmapped_possible_person_name,low
Vanar,2,0,2,0.0,unmapped_possible_person_name,low
Rietto,2,0,1,0.0,unmapped_possible_person_name,low
Valma,2,0,2,0.0,unmapped_possible_person_name,low
Tati,2,0,1,0.0,unmapped_possible_person_name,low
Miiling,2,0,1,0.0,unmapped_possible_person_name,low
Valetta,2,0,1,0.0,unmapped_possible_person_name,low
Miikkola,2,0,2,0.0,unmapped_possible_person_name,low
Kogu,2,2,1,1.0,unmapped_possible_person_name,low
Puola,2,0,2,0.0,unmapped_possible_person_name,low
Talina,2,0,2,0.0,unmapped_possible_person_name,low
Riig,2,1,2,0.5,unmapped_possible_person_name,low
Riino,2,0,1,0.0,unmapped_possible_person_name,low
Koijoi,2,0,1,0.0,unmapped_possible_person_name,low
Punn,2,0,2,0.0,unmapped_possible_person_name,low
Riio,2,0,2,0.0,unmapped_possible_person_name,low
Pundi,2,0,1,0.0,unmapped_possible_person_name,low
Pill,2,0,1,0.0,unmapped_possible_person_name,low
Tibi,2,0,1,0.0,unmapped_possible_person_name,low
Tõrva,2,0,1,0.0,unmapped_possible_person_name,low
Toro,2,2,1,1.0,unmapped_possible_person_name,low
Tika,2,0,2,0.0,unmapped_possible_person_name,low
Siiri,2,0,2,0.0,unmapped_possible_person_name,low
Pada,2,0,1,0.0,unmapped_possible_person_name,low
Sikke,2,0,2,0.0,unmapped_possible_person_name,low
Torkko,2,0,2,0.0,unmapped_possible_person_name,low
Leoke,2,0,1,0.0,unmapped_possible_person_name,low
Till,2,0,2,0.0,unmapped_possible_person_name,low
Lesonen,2,0,1,0.0,unmapped_possible_person_name,low
Tilleri,2,0,2,0.0,unmapped_possible_person_name,low
Tora,2,0,2,0.0,unmapped_possible_person_name,low
Liberland,2,0,1,0.0,unmapped_possible_person_name,low
Siku,2,1,2,0.5,unmapped_possible_person_name,low
Lienu,2,0,1,0.0,unmapped_possible_person_name,low
Tillerman,2,0,1,0.0,unmapped_possible_person_name,low
Paats,2,0,1,0.0,unmapped_possible_person_name,low
Lieru,2,1,2,0.5,unmapped_possible_person_name,low
Liferland,2,0,1,0.0,unmapped_possible_person_name,low
Lihuvere,2,0,2,0.0,unmapped_possible_person_name,low
Lihverland,2,2,1,1.0,unmapped_possible_person_name,low
Liiderland,2,0,1,0.0,unmapped_possible_person_name,low
Toots,2,0,1,0.0,unmapped_possible_person_name,low
Sillu,2,1,1,0.5,unmapped_possible_person_name,low
Toosle,2,0,1,0.0,unmapped_possible_person_name,low
Maeja,2,1,2,0.5,unmapped_possible_person_name,low
Tiiukene,2,1,2,0.5,unmapped_possible_person_name,low
Paul,2,0,2,0.0,unmapped_possible_person_name,low
Lello,2,0,1,0.0,unmapped_possible_person_name,low
Traks,2,0,2,0.0,unmapped_possible_person_name,low
Sergei,2,1,2,0.5,unmapped_possible_person_name,low
Toutka,2,0,1,0.0,unmapped_possible_person_name,low
Maiel,2,2,1,1.0,unmapped_possible_person_name,low
Nõu,2,0,2,0.0,unmapped_possible_person_name,low
Leegerpung,2,0,1,0.0,unmapped_possible_person_name,low
Palu,2,0,1,0.0,unmapped_possible_person_name,low
Nömba,2,0,1,0.0,unmapped_possible_person_name,low
Maia,2,0,1,0.0,unmapped_possible_person_name,low
Palmse,2,0,1,0.0,unmapped_possible_person_name,low
Sompa,2,0,1,0.0,unmapped_possible_person_name,low
Pall,2,0,1,0.0,unmapped_possible_person_name,low
Leeno,2,0,2,0.0,unmapped_possible_person_name,low
Siigi,2,0,1,0.0,unmapped_possible_person_name,low
Leenukene,2,2,1,1.0,unmapped_possible_person_name,low
Tiiu (name),2,1,2,0.5,unmapped_possible_person_name,low
Palari,2,0,1,0.0,unmapped_possible_person_name,low
Tott,2,0,1,0.0,unmapped_possible_person_name,low
Leereland,2,0,1,0.0,unmapped_possible_person_name,low
Mahola,2,0,1,0.0,unmapped_possible_person_name,low
Leevälats,2,0,1,0.0,unmapped_possible_person_name,low
Mahikki,2,0,2,0.0,unmapped_possible_person_name,low
Lekkermanni,2,2,1,1.0,unmapped_possible_person_name,low
Sokka,2,0,1,0.0,unmapped_possible_person_name,low
Toorami,2,0,2,0.0,unmapped_possible_person_name,low
Tillin,2,1,2,0.5,unmapped_possible_person_name,low
Soja,2,0,1,0.0,unmapped_possible_person_name,low
Tobias,2,2,2,1.0,unmapped_possible_person_name,low
Osmi,2,0,1,0.0,unmapped_possible_person_name,low
Lokka,2,1,2,0.5,unmapped_possible_person_name,low
Simu,2,0,2,0.0,unmapped_possible_person_name,low
Sinisalu,2,0,2,0.0,unmapped_possible_person_name,low
Loobu,2,0,1,0.0,unmapped_possible_person_name,low
Lyyr,2,0,1,0.0,unmapped_possible_person_name,low
Lotta,2,1,2,0.5,unmapped_possible_person_name,low
Sinna (prop.n.),2,2,1,1.0,unmapped_possible_person_name,low
Oovlari,2,0,1,0.0,unmapped_possible_person_name,low
Lyydi,2,0,1,0.0,unmapped_possible_person_name,low
Onuhri,2,0,1,0.0,unmapped_possible_person_name,low
Onni,2,0,2,0.0,unmapped_possible_person_name,low
Ondroi,2,0,1,0.0,unmapped_possible_person_name,low
Sirviö,2,0,1,0.0,unmapped_possible_person_name,low
Luikki,2,0,2,0.0,unmapped_possible_person_name,low
Timperi,2,0,2,0.0,unmapped_possible_person_name,low
Luiste,2,0,1,0.0,unmapped_possible_person_name,low
Luisu,2,0,1,0.0,unmapped_possible_person_name,low
Lukeri,2,0,1,0.0,unmapped_possible_person_name,low
Ollart,2,0,2,0.0,unmapped_possible_person_name,low
Tinttilä,2,0,1,0.0,unmapped_possible_person_name,low
Tintta,2,0,2,0.0,unmapped_possible_person_name,low
Loatukka,2,0,1,0.0,unmapped_possible_person_name,low
Liukku,2,0,1,0.0,unmapped_possible_person_name,low
Lyyti/Lyydia,2,2,1,1.0,unmapped_possible_person_name,low
Liiva,2,0,1,0.0,unmapped_possible_person_name,low
Simandro (proper),2,0,1,0.0,unmapped_possible_person_name,low
Paappola,2,0,2,0.0,unmapped_possible_person_name,low
Liippo (name),2,0,1,0.0,unmapped_possible_person_name,low
Paadla,2,0,2,0.0,unmapped_possible_person_name,low
Soava,2,0,1,0.0,unmapped_possible_person_name,low
Liiso,2,0,2,0.0,unmapped_possible_person_name,low
Simm,2,0,1,0.0,unmapped_possible_person_name,low
Outi,2,2,2,1.0,unmapped_possible_person_name,low
Liissilään,2,2,1,1.0,unmapped_possible_person_name,low
Simmu,2,0,2,0.0,unmapped_possible_person_name,low
Liiverland,2,0,1,0.0,unmapped_possible_person_name,low
Lyö,2,0,1,0.0,unmapped_possible_person_name,low
Liivo,2,2,1,1.0,unmapped_possible_person_name,low
Lilja,2,0,1,0.0,unmapped_possible_person_name,low
Otsma,2,0,1,0.0,unmapped_possible_person_name,low
Tommi,2,1,2,0.5,unmapped_possible_person_name,low
Oti,2,0,2,0.0,unmapped_possible_person_name,low
Tolli,2,0,1,0.0,unmapped_possible_person_name,low
Ospits,2,0,1,0.0,unmapped_possible_person_name,low
Osmola,2,0,1,0.0,unmapped_possible_person_name,low
Toivo,2,0,2,0.0,unmapped_possible_person_name,low
Lissu,2,0,1,0.0,unmapped_possible_person_name,low
Sepulin saari,2,2,1,1.0,unmapped_possible_person_name,low
Laurila,2,0,2,0.0,unmapped_possible_person_name,low
Kuri,2,0,1,0.0,unmapped_possible_person_name,low
Sula,2,0,1,0.0,unmapped_possible_person_name,low
Kyrsinen,2,0,1,0.0,unmapped_possible_person_name,low
Sukku,2,2,1,1.0,unmapped_possible_person_name,low
Pihjala,2,0,1,0.0,unmapped_possible_person_name,low
Suitin,2,0,1,0.0,unmapped_possible_person_name,low
Tii,2,0,2,0.0,unmapped_possible_person_name,low
Saka,2,0,2,0.0,unmapped_possible_person_name,low
Pietteri,2,0,1,0.0,unmapped_possible_person_name,low
Tuuteriin,2,2,1,1.0,unmapped_possible_person_name,low
Pietilä,2,0,2,0.0,unmapped_possible_person_name,low
Kyrönlampi,2,0,2,0.0,unmapped_possible_person_name,low
Suisle,2,0,1,0.0,unmapped_possible_person_name,low
Tuuter & maa,2,2,1,1.0,unmapped_possible_person_name,low
Sakkula,2,0,2,0.0,unmapped_possible_person_name,low
Tuurikkoinen,2,0,2,0.0,unmapped_possible_person_name,low
Saku,2,0,2,0.0,unmapped_possible_person_name,low
Manerkka,2,0,1,0.0,unmapped_possible_person_name,low
Salomo,2,0,2,0.0,unmapped_possible_person_name,low
Tiido,2,0,1,0.0,unmapped_possible_person_name,low
Tuure,2,0,1,0.0,unmapped_possible_person_name,low
Petlik,2,0,1,0.0,unmapped_possible_person_name,low
Käre,2,0,1,0.0,unmapped_possible_person_name,low
Suara,2,0,1,0.0,unmapped_possible_person_name,low
Kärppä,2,0,1,0.0,unmapped_possible_person_name,low
Pihkaheikki,2,0,2,0.0,unmapped_possible_person_name,low
Tuutla,2,0,1,0.0,unmapped_possible_person_name,low
Triigi,2,1,2,0.5,unmapped_possible_person_name,low
Nipitiri,2,0,2,0.0,unmapped_possible_person_name,low
Nikker,2,0,1,0.0,unmapped_possible_person_name,low
Kurista,2,0,2,0.0,unmapped_possible_person_name,low
Teugamoi,2,0,1,0.0,unmapped_possible_person_name,low
Kurna,2,0,2,0.0,unmapped_possible_person_name,low
Nikki,2,0,2,0.0,unmapped_possible_person_name,low
Nikkilä,2,0,2,0.0,unmapped_possible_person_name,low
Piista,2,0,2,0.0,unmapped_possible_person_name,low
Niku,2,0,2,0.0,unmapped_possible_person_name,low
Piippa,2,0,1,0.0,unmapped_possible_person_name,low
Suli,2,1,2,0.5,unmapped_possible_person_name,low
Sulevipoeg,2,0,1,0.0,unmapped_possible_person_name,low
Kusto,2,0,2,0.0,unmapped_possible_person_name,low
Piipari,2,0,1,0.0,unmapped_possible_person_name,low
Sivi,2,1,2,0.5,unmapped_possible_person_name,low
Kuur,2,0,1,0.0,unmapped_possible_person_name,low
Sahala,2,2,2,1.0,unmapped_possible_person_name,low
Manteri,2,1,1,0.5,unmapped_possible_person_name,low
Tyrjä,2,0,2,0.0,unmapped_possible_person_name,low
Kuusoja,2,0,2,0.0,unmapped_possible_person_name,low
Mantel,2,0,1,0.0,unmapped_possible_person_name,low
Kuuttarma,2,0,1,0.0,unmapped_possible_person_name,low
Kuzma,2,0,2,0.0,unmapped_possible_person_name,low
Tuutturi,2,0,1,0.0,unmapped_possible_person_name,low
Kärsa,2,0,2,0.0,unmapped_possible_person_name,low
Nonni,2,0,2,0.0,unmapped_possible_person_name,low
Kärstne,2,0,1,0.0,unmapped_possible_person_name,low
Mall,2,0,1,0.0,unmapped_possible_person_name,low
Tiiteri,2,0,2,0.0,unmapped_possible_person_name,low
Maima,2,0,2,0.0,unmapped_possible_person_name,low
Laina,2,0,1,0.0,unmapped_possible_person_name,low
Sasa,2,2,1,1.0,unmapped_possible_person_name,low
Tuomas & kulta,2,0,2,0.0,unmapped_possible_person_name,low
Nuuri,2,2,1,1.0,unmapped_possible_person_name,low
Lalmanti,2,0,1,0.0,unmapped_possible_person_name,low
Lamm,2,0,1,0.0,unmapped_possible_person_name,low
Lammer,2,0,2,0.0,unmapped_possible_person_name,low
Peiu,2,2,1,1.0,unmapped_possible_person_name,low
Laola,2,0,1,0.0,unmapped_possible_person_name,low
Tuiso,2,0,1,0.0,unmapped_possible_person_name,low
Sasu,2,0,1,0.0,unmapped_possible_person_name,low
Larikkainen,2,0,1,0.0,unmapped_possible_person_name,low
Nyperi,2,0,1,0.0,unmapped_possible_person_name,low
Tsimmon,2,2,1,1.0,unmapped_possible_person_name,low
Lassi & Kaija,2,1,2,0.5,unmapped_possible_person_name,low
Peibes,2,0,1,0.0,unmapped_possible_person_name,low
Latukka,2,2,1,1.0,unmapped_possible_person_name,low
Laukaha,2,2,1,1.0,unmapped_possible_person_name,low
Seer,2,0,1,0.0,unmapped_possible_person_name,low
Seidla,2,0,1,0.0,unmapped_possible_person_name,low
Tanna,2,0,1,0.0,unmapped_possible_person_name,low
Mairikki,2,0,2,0.0,unmapped_possible_person_name,low
Nurme,2,2,1,1.0,unmapped_possible_person_name,low
Laas,2,0,2,0.0,unmapped_possible_person_name,low
Perjo,2,0,1,0.0,unmapped_possible_person_name,low
Pertta,2,1,2,0.5,unmapped_possible_person_name,low
Malina,2,0,1,0.0,unmapped_possible_person_name,low
Käru,2,0,2,0.0,unmapped_possible_person_name,low
Kästik,2,0,1,0.0,unmapped_possible_person_name,low
Tiijainen,2,0,1,0.0,unmapped_possible_person_name,low
Käär,2,0,1,0.0,unmapped_possible_person_name,low
Maksima,2,0,2,0.0,unmapped_possible_person_name,low
Turula,2,0,2,0.0,unmapped_possible_person_name,low
Kõnnu,2,0,1,0.0,unmapped_possible_person_name,low
Noring,2,0,1,0.0,unmapped_possible_person_name,low
Küti,2,1,2,0.5,unmapped_possible_person_name,low
Turgimaa,2,0,2,0.0,unmapped_possible_person_name,low
Turoi,2,0,2,0.0,unmapped_possible_person_name,low
Laagle,2,1,2,0.5,unmapped_possible_person_name,low
Makari,2,0,1,0.0,unmapped_possible_person_name,low
Makara,2,0,1,0.0,unmapped_possible_person_name,low
Samuel,2,2,2,1.0,unmapped_possible_person_name,low
Sandi,2,0,2,0.0,unmapped_possible_person_name,low
Mait,2,2,1,1.0,unmapped_possible_person_name,low
Sparre,2,0,1,0.0,unmapped_possible_person_name,low
Penttinen,2,0,2,0.0,unmapped_possible_person_name,low
Sanna,2,0,2,0.0,unmapped_possible_person_name,low
Molotša,2,0,1,0.0,unmapped_possible_person_name,low
öörilased,2,2,1,1.0,unmapped_possible_person_name,low
leivo,2,0,1,0.0,unmapped_possible_person_name,low
Iikki,2,1,2,0.5,unmapped_possible_person_name,low
Härma,2,0,2,0.0,unmapped_possible_person_name,low
Hüljo,2,0,1,0.0,unmapped_possible_person_name,low
Ida,2,0,2,0.0,unmapped_possible_person_name,low
Ierika,2,1,1,0.5,unmapped_possible_person_name,low
Ierikka,2,0,2,0.0,unmapped_possible_person_name,low
Ieru,2,0,1,0.0,unmapped_possible_person_name,low
kampela & Maija,2,2,2,1.0,unmapped_possible_person_name,low
Ignatius,2,2,1,1.0,unmapped_possible_person_name,low
Ihalmo,2,0,1,0.0,unmapped_possible_person_name,low
Iida,2,0,2,0.0,unmapped_possible_person_name,low
Iigaste,2,0,1,0.0,unmapped_possible_person_name,low
Iina,2,0,1,0.0,unmapped_possible_person_name,low
Hämäläinen,2,0,2,0.0,unmapped_possible_person_name,low
kaijukka+inen,2,2,2,1.0,unmapped_possible_person_name,low
Iitam,2,0,2,0.0,unmapped_possible_person_name,low
Iiu,2,0,2,0.0,unmapped_possible_person_name,low
Iivanitsa,2,0,1,0.0,unmapped_possible_person_name,low
Iivoilinna,2,1,2,0.5,unmapped_possible_person_name,low
kadriku,2,2,1,1.0,unmapped_possible_person_name,low
kadrikene,2,0,2,0.0,unmapped_possible_person_name,low
Ilmolainen,2,2,1,1.0,unmapped_possible_person_name,low
Ilpo,2,0,1,0.0,unmapped_possible_person_name,low
kaakila,2,0,1,0.0,unmapped_possible_person_name,low
Immeri,2,0,2,0.0,unmapped_possible_person_name,low
Hänge,2,0,1,0.0,unmapped_possible_person_name,low
kellari & Leena,2,2,2,1.0,unmapped_possible_person_name,low
Inglise&maa,2,2,1,1.0,unmapped_possible_person_name,low
kolkko,2,0,1,0.0,unmapped_possible_person_name,low
Hoolender,2,0,1,0.0,unmapped_possible_person_name,low
kuppari & Kirsti,2,1,2,0.5,unmapped_possible_person_name,low
Hormus,2,0,1,0.0,unmapped_possible_person_name,low
kupari&Kirsti,2,1,2,0.5,unmapped_possible_person_name,low
Hotari,2,0,1,0.0,unmapped_possible_person_name,low
Houvi,2,0,1,0.0,unmapped_possible_person_name,low
Huisso,2,0,2,0.0,unmapped_possible_person_name,low
krõõt,2,0,1,0.0,unmapped_possible_person_name,low
Hulin,2,0,1,0.0,unmapped_possible_person_name,low
kossa,2,0,1,0.0,unmapped_possible_person_name,low
Humma,2,0,1,0.0,unmapped_possible_person_name,low
koli,2,0,1,0.0,unmapped_possible_person_name,low
Hyvölä,2,2,1,1.0,unmapped_possible_person_name,low
Huobri,2,0,1,0.0,unmapped_possible_person_name,low
Huorimus,2,0,1,0.0,unmapped_possible_person_name,low
Hussa,2,0,2,0.0,unmapped_possible_person_name,low
Hussala,2,0,2,0.0,unmapped_possible_person_name,low
Hussi,2,0,2,0.0,unmapped_possible_person_name,low
kilter,2,0,2,0.0,unmapped_possible_person_name,low
Huttula,2,0,2,0.0,unmapped_possible_person_name,low
kesse,2,0,1,0.0,unmapped_possible_person_name,low
Hytelö,2,0,1,0.0,unmapped_possible_person_name,low
Hyty,2,2,1,1.0,unmapped_possible_person_name,low
Hytölä,2,0,1,0.0,unmapped_possible_person_name,low
jula,2,0,1,0.0,unmapped_possible_person_name,low
Ino,2,0,2,0.0,unmapped_possible_person_name,low
Kaisa-Liisa,2,1,2,0.5,unmapped_possible_person_name,low
Jüts,2,2,1,1.0,unmapped_possible_person_name,low
anikka,2,1,2,0.5,unmapped_possible_person_name,low
Juuli,2,0,1,0.0,unmapped_possible_person_name,low
Juura,2,0,1,0.0,unmapped_possible_person_name,low
Juuso,2,0,1,0.0,unmapped_possible_person_name,low
Juuttas,2,0,1,0.0,unmapped_possible_person_name,low
aki,2,0,1,0.0,unmapped_possible_person_name,low
Järva,2,0,1,0.0,unmapped_possible_person_name,low
aadukene,2,1,2,0.5,unmapped_possible_person_name,low
Jässi,2,0,2,0.0,unmapped_possible_person_name,low
Zooru,2,0,1,0.0,unmapped_possible_person_name,low
Jääsken,2,0,1,0.0,unmapped_possible_person_name,low
Yrjä,2,0,1,0.0,unmapped_possible_person_name,low
antaa/Anni,2,2,2,1.0,unmapped_possible_person_name,low
Kaakuri,2,0,2,0.0,unmapped_possible_person_name,low
Ylly,2,0,1,0.0,unmapped_possible_person_name,low
Kaarasa,2,0,1,0.0,unmapped_possible_person_name,low
Kaari,2,1,2,0.5,unmapped_possible_person_name,low
Kaarle,2,1,2,0.5,unmapped_possible_person_name,low
Kaarli,2,0,2,0.0,unmapped_possible_person_name,low
Kaave,2,0,1,0.0,unmapped_possible_person_name,low
Kadi,2,0,1,0.0,unmapped_possible_person_name,low
Kadriina,2,0,1,0.0,unmapped_possible_person_name,low
Vääskölä,2,0,2,0.0,unmapped_possible_person_name,low
Kaihko,2,0,1,0.0,unmapped_possible_person_name,low
Jurkka,2,2,1,1.0,unmapped_possible_person_name,low
Junu,2,0,1,0.0,unmapped_possible_person_name,low
Intsu,2,0,2,0.0,unmapped_possible_person_name,low
Johan,2,0,1,0.0,unmapped_possible_person_name,low
Inverska,2,0,1,0.0,unmapped_possible_person_name,low
Iroi,2,0,1,0.0,unmapped_possible_person_name,low
Iroini,2,0,1,0.0,unmapped_possible_person_name,low
jaanike,2,2,2,1.0,unmapped_possible_person_name,low
isämeirä,2,0,2,0.0,unmapped_possible_person_name,low
Ivar,2,0,1,0.0,unmapped_possible_person_name,low
Jaakkola,2,0,2,0.0,unmapped_possible_person_name,low
hämäläinen,2,2,2,1.0,unmapped_possible_person_name,low
Janne,2,0,2,0.0,unmapped_possible_person_name,low
humma,2,0,2,0.0,unmapped_possible_person_name,low
hotju,2,0,1,0.0,unmapped_possible_person_name,low
Jollo,2,1,1,0.5,unmapped_possible_person_name,low
Junts,2,0,2,0.0,unmapped_possible_person_name,low
Joonatan,2,0,2,0.0,unmapped_possible_person_name,low
Jopp,2,0,1,0.0,unmapped_possible_person_name,low
Joukonen,2,0,1,0.0,unmapped_possible_person_name,low
Jouus,2,0,1,0.0,unmapped_possible_person_name,low
esko,2,1,2,0.5,unmapped_possible_person_name,low
Juan,2,0,2,0.0,unmapped_possible_person_name,low
ellen,2,0,2,0.0,unmapped_possible_person_name,low
Jukka,2,0,2,0.0,unmapped_possible_person_name,low
Jukkela,2,0,1,0.0,unmapped_possible_person_name,low
Julia,2,0,1,0.0,unmapped_possible_person_name,low
eeli,2,0,2,0.0,unmapped_possible_person_name,low
Homa,2,0,1,0.0,unmapped_possible_person_name,low
Hohvatitsa,2,0,1,0.0,unmapped_possible_person_name,low
Hirvo,2,0,2,0.0,unmapped_possible_person_name,low
Aspi,2,0,2,0.0,unmapped_possible_person_name,low
Ansu,2,0,2,0.0,unmapped_possible_person_name,low
Antersonni,2,1,2,0.5,unmapped_possible_person_name,low
sopo,2,2,1,1.0,unmapped_possible_person_name,low
sokko,2,0,1,0.0,unmapped_possible_person_name,low
Antso,2,0,2,0.0,unmapped_possible_person_name,low
Anttoo,2,0,1,0.0,unmapped_possible_person_name,low
Anukse,2,0,2,0.0,unmapped_possible_person_name,low
Aposti,2,0,1,0.0,unmapped_possible_person_name,low
sander,2,1,1,0.5,unmapped_possible_person_name,low
saatana,2,0,1,0.0,unmapped_possible_person_name,low
Aruküla,2,0,2,0.0,unmapped_possible_person_name,low
Ats,2,0,2,0.0,unmapped_possible_person_name,low
Annini,2,1,1,0.5,unmapped_possible_person_name,low
reesle,2,0,1,0.0,unmapped_possible_person_name,low
pikkurilli,2,0,2,0.0,unmapped_possible_person_name,low
Duomar,2,0,1,0.0,unmapped_possible_person_name,low
Eeli (proper name),2,1,2,0.5,unmapped_possible_person_name,low
Eelin,2,1,2,0.5,unmapped_possible_person_name,low
Eemeli,2,0,2,0.0,unmapped_possible_person_name,low
Eemokki,2,0,1,0.0,unmapped_possible_person_name,low
Eerikka,2,1,2,0.5,unmapped_possible_person_name,low
Eeru,2,1,2,0.5,unmapped_possible_person_name,low
Ekka,2,0,2,0.0,unmapped_possible_person_name,low
para,2,1,2,0.5,unmapped_possible_person_name,low
Ansa,2,0,1,0.0,unmapped_possible_person_name,low
talla,2,0,2,0.0,unmapped_possible_person_name,low
lassi,2,0,2,0.0,unmapped_possible_person_name,low
Aine,2,0,2,0.0,unmapped_possible_person_name,low
(name) Sopo,2,2,1,1.0,unmapped_possible_person_name,low
Õisu,2,0,2,0.0,unmapped_possible_person_name,low
Aalokki,2,0,1,0.0,unmapped_possible_person_name,low
Aami,2,0,1,0.0,unmapped_possible_person_name,low
Abeli,2,0,1,0.0,unmapped_possible_person_name,low
Ägröi,2,0,1,0.0,unmapped_possible_person_name,low
võru,2,0,1,0.0,unmapped_possible_person_name,low
Aeno,2,0,1,0.0,unmapped_possible_person_name,low
Agu,2,0,2,0.0,unmapped_possible_person_name,low
Ahja,2,1,2,0.5,unmapped_possible_person_name,low
vello,2,0,1,0.0,unmapped_possible_person_name,low
Ainu,2,0,2,0.0,unmapped_possible_person_name,low
Anija,2,0,1,0.0,unmapped_possible_person_name,low
Airu,2,0,2,0.0,unmapped_possible_person_name,low
tõnn,2,0,1,0.0,unmapped_possible_person_name,low
tuuvi,2,0,2,0.0,unmapped_possible_person_name,low
tuuti,2,1,2,0.5,unmapped_possible_person_name,low
tuuri,2,0,2,0.0,unmapped_possible_person_name,low
turkku (dialectal name),2,0,1,0.0,unmapped_possible_person_name,low
Alli (proper noun),2,0,2,0.0,unmapped_possible_person_name,low
Alliste,2,0,2,0.0,unmapped_possible_person_name,low
tiiu,2,0,2,0.0,unmapped_possible_person_name,low
Anderssein,2,0,2,0.0,unmapped_possible_person_name,low
Angeri,2,2,2,1.0,unmapped_possible_person_name,low
Elenus,2,0,1,0.0,unmapped_possible_person_name,low
Elikko,2,0,1,0.0,unmapped_possible_person_name,low
Elinainen,2,0,2,0.0,unmapped_possible_person_name,low
Hemmo,2,1,2,0.5,unmapped_possible_person_name,low
Hekka,2,0,1,0.0,unmapped_possible_person_name,low
Hekko+ni,2,0,1,0.0,unmapped_possible_person_name,low
maie,2,0,2,0.0,unmapped_possible_person_name,low
Hekla,2,0,1,0.0,unmapped_possible_person_name,low
Hekon,2,2,1,1.0,unmapped_possible_person_name,low
Hela,2,0,2,0.0,unmapped_possible_person_name,low
Hele,2,0,1,0.0,unmapped_possible_person_name,low
Helina,2,0,2,0.0,unmapped_possible_person_name,low
lõõri,2,0,1,0.0,unmapped_possible_person_name,low
lovi & Liisa,2,1,2,0.5,unmapped_possible_person_name,low
lotta,2,2,2,1.0,unmapped_possible_person_name,low
Hents,2,0,1,0.0,unmapped_possible_person_name,low
Ell,2,1,2,0.5,unmapped_possible_person_name,low
lilli,2,0,1,0.0,unmapped_possible_person_name,low
Hermikki,2,0,2,0.0,unmapped_possible_person_name,low
Heveri,2,0,1,0.0,unmapped_possible_person_name,low
Hiidola,2,0,1,0.0,unmapped_possible_person_name,low
lempo,2,0,1,0.0,unmapped_possible_person_name,low
leini,2,0,1,0.0,unmapped_possible_person_name,low
Hilpo,2,0,1,0.0,unmapped_possible_person_name,low
Hilta,2,1,2,0.5,unmapped_possible_person_name,low
leenu,2,0,1,0.0,unmapped_possible_person_name,low
Hindrik,2,0,1,0.0,unmapped_possible_person_name,low
leena,2,2,2,1.0,unmapped_possible_person_name,low
maijukka+inen,2,2,2,1.0,unmapped_possible_person_name,low
Happo,2,0,1,0.0,unmapped_possible_person_name,low
Handsi,2,0,1,0.0,unmapped_possible_person_name,low
Halitu,2,0,1,0.0,unmapped_possible_person_name,low
paap,2,0,1,0.0,unmapped_possible_person_name,low
osmolainen,2,1,2,0.5,unmapped_possible_person_name,low
Elna,2,0,2,0.0,unmapped_possible_person_name,low
Els,2,0,1,0.0,unmapped_possible_person_name,low
ohto,2,0,2,0.0,unmapped_possible_person_name,low
obu,2,0,1,0.0,unmapped_possible_person_name,low
Enzioi,2,2,1,1.0,unmapped_possible_person_name,low
nukkumatti,2,1,2,0.5,unmapped_possible_person_name,low
nipitiri,2,0,2,0.0,unmapped_possible_person_name,low
nimismies,2,0,2,0.0,unmapped_possible_person_name,low
Erilde,2,2,1,1.0,unmapped_possible_person_name,low
Erna,2,0,2,0.0,unmapped_possible_person_name,low
Esa,2,0,2,0.0,unmapped_possible_person_name,low
Eski,2,0,2,0.0,unmapped_possible_person_name,low
Eskola,2,0,2,0.0,unmapped_possible_person_name,low
Fanni,2,0,1,0.0,unmapped_possible_person_name,low
Filippa,2,1,2,0.5,unmapped_possible_person_name,low
Gorka,2,0,1,0.0,unmapped_possible_person_name,low
nalli,2,0,2,0.0,unmapped_possible_person_name,low
Haikko,2,0,1,0.0,unmapped_possible_person_name,low
Haimi,2,0,1,0.0,unmapped_possible_person_name,low
Hakkila,2,0,2,0.0,unmapped_possible_person_name,low
millä,2,2,1,1.0,unmapped_possible_person_name,low
Kaino,2,0,2,0.0,unmapped_possible_person_name,low
Kostja,2,0,1,0.0,unmapped_possible_person_name,low
Visba,2,0,1,0.0,unmapped_possible_person_name,low
Visku,2,0,1,0.0,unmapped_possible_person_name,low
Viiburi,2,0,2,0.0,unmapped_possible_person_name,low
Karep,2,0,1,0.0,unmapped_possible_person_name,low
Kangur,2,0,2,0.0,unmapped_possible_person_name,low
Kalkala,2,0,1,0.0,unmapped_possible_person_name,low
Katila,2,1,2,0.5,unmapped_possible_person_name,low
Kalervoinen,2,0,2,0.0,unmapped_possible_person_name,low
Virgu,2,0,1,0.0,unmapped_possible_person_name,low
Kassari,2,0,2,0.0,unmapped_possible_person_name,low
Kallervo,2,0,2,0.0,unmapped_possible_person_name,low
Kappu,2,0,1,0.0,unmapped_possible_person_name,low
Kergu,2,0,2,0.0,unmapped_possible_person_name,low
Kesvere,2,0,1,0.0,unmapped_possible_person_name,low
Vilka,2,0,1,0.0,unmapped_possible_person_name,low
Kat,2,0,1,0.0,unmapped_possible_person_name,low
Kavvan,2,0,1,0.0,unmapped_possible_person_name,low
Kasperi,2,0,1,0.0,unmapped_possible_person_name,low
Kalervala,2,0,1,0.0,unmapped_possible_person_name,low
Virkkula,2,0,2,0.0,unmapped_possible_person_name,low
Vikki,2,0,1,0.0,unmapped_possible_person_name,low
Kambi,2,0,1,0.0,unmapped_possible_person_name,low
Vihi,2,0,1,0.0,unmapped_possible_person_name,low
Kampi,2,1,2,0.5,unmapped_possible_person_name,low
Kalvi,2,0,1,0.0,unmapped_possible_person_name,low
Kariste,2,0,2,0.0,unmapped_possible_person_name,low
Kassu,2,0,2,0.0,unmapped_possible_person_name,low
Kalevala,2,0,2,0.0,unmapped_possible_person_name,low
Keltu,2,0,1,0.0,unmapped_possible_person_name,low
Viding,2,0,1,0.0,unmapped_possible_person_name,low
Virpo,2,0,1,0.0,unmapped_possible_person_name,low
Kattara,2,2,1,1.0,unmapped_possible_person_name,low
Kalevipoeg,2,0,1,0.0,unmapped_possible_person_name,low
Vinkas,2,1,2,0.5,unmapped_possible_person_name,low
Kensa,2,0,2,0.0,unmapped_possible_person_name,low
Kartu,2,0,1,0.0,unmapped_possible_person_name,low
Vinn,2,0,2,0.0,unmapped_possible_person_name,low
Kallo,2,0,1,0.0,unmapped_possible_person_name,low
Vinni,2,0,2,0.0,unmapped_possible_person_name,low
Katshera,2,2,1,1.0,unmapped_possible_person_name,low
pihka+Heikki,1,1,1,1.0,unmapped_possible_person_name,low
Viinistu,1,0,1,0.0,unmapped_possible_person_name,low
Sineli,1,1,1,1.0,unmapped_possible_person_name,low
pihka-Heikki,1,0,1,0.0,unmapped_possible_person_name,low
Sipola,1,0,1,0.0,unmapped_possible_person_name,low
Siplese,1,0,1,0.0,unmapped_possible_person_name,low
pihka & matti,1,0,1,0.0,unmapped_possible_person_name,low
Sippa,1,0,1,0.0,unmapped_possible_person_name,low
pihka-heikki,1,0,1,0.0,unmapped_possible_person_name,low
Sipiria,1,0,1,0.0,unmapped_possible_person_name,low
Sinetin,1,0,1,0.0,unmapped_possible_person_name,low
Singsongati (name),1,1,1,1.0,unmapped_possible_person_name,low
Vatsul,1,0,1,0.0,unmapped_possible_person_name,low
Sipi,1,0,1,0.0,unmapped_possible_person_name,low
Sipakkala,1,0,1,0.0,unmapped_possible_person_name,low
pihka-Jussi,1,1,1,1.0,unmapped_possible_person_name,low
pihka & Heikin,1,1,1,1.0,unmapped_possible_person_name,low
Viinikan,1,1,1,1.0,unmapped_possible_person_name,low
Sinisalust,1,1,1,1.0,unmapped_possible_person_name,low
pihka-Matti,1,1,1,1.0,unmapped_possible_person_name,low
Sini,1,0,1,0.0,unmapped_possible_person_name,low
Vuoninen,1,0,1,0.0,unmapped_possible_person_name,low
pienrilli,1,0,1,0.0,unmapped_possible_person_name,low
Sipro-Jussi,1,0,1,0.0,unmapped_possible_person_name,low
peili,1,0,1,0.0,unmapped_possible_person_name,low
Skobelev,1,0,1,0.0,unmapped_possible_person_name,low
Skoiari,1,0,1,0.0,unmapped_possible_person_name,low
Soamo,1,1,1,1.0,unmapped_possible_person_name,low
pede,1,0,1,0.0,unmapped_possible_person_name,low
Soarelainen,1,0,1,0.0,unmapped_possible_person_name,low
parsielt,1,0,1,0.0,unmapped_possible_person_name,low
Soarna,1,0,1,0.0,unmapped_possible_person_name,low
Vastemõisa,1,0,1,0.0,unmapped_possible_person_name,low
pakuri,1,0,1,0.0,unmapped_possible_person_name,low
Sohvi (proper noun),1,0,1,0.0,unmapped_possible_person_name,low
Sohvia,1,0,1,0.0,unmapped_possible_person_name,low
Soimen,1,1,1,1.0,unmapped_possible_person_name,low
Soimi,1,0,1,0.0,unmapped_possible_person_name,low
pakkanen (if frost-related) / Pakari (if name),1,1,1,1.0,unmapped_possible_person_name,low
Vassa,1,0,1,0.0,unmapped_possible_person_name,low
peerileeri,1,0,1,0.0,unmapped_possible_person_name,low
Vasteri,1,0,1,0.0,unmapped_possible_person_name,low
Sipu,1,0,1,0.0,unmapped_possible_person_name,low
peipe,1,0,1,0.0,unmapped_possible_person_name,low
Sirkkala,1,0,1,0.0,unmapped_possible_person_name,low
Vasula,1,0,1,0.0,unmapped_possible_person_name,low
pieru & Pieti,1,0,1,0.0,unmapped_possible_person_name,low
Viir,1,0,1,0.0,unmapped_possible_person_name,low
Sindi,1,0,1,0.0,unmapped_possible_person_name,low
pieni Heikki,1,1,1,1.0,unmapped_possible_person_name,low
petra,1,0,1,0.0,unmapped_possible_person_name,low
pelto/Peltos*,1,1,1,1.0,unmapped_possible_person_name,low
Sisilius,1,0,1,0.0,unmapped_possible_person_name,low
pelto+pekka,1,1,1,1.0,unmapped_possible_person_name,low
Sisilius-ko,1,1,1,1.0,unmapped_possible_person_name,low
Siunala,1,0,1,0.0,unmapped_possible_person_name,low
pekko,1,0,1,0.0,unmapped_possible_person_name,low
pekker,1,0,1,0.0,unmapped_possible_person_name,low
Sivo,1,0,1,0.0,unmapped_possible_person_name,low
Vau,1,0,1,0.0,unmapped_possible_person_name,low
piiru,1,0,1,0.0,unmapped_possible_person_name,low
Sina,1,0,1,0.0,unmapped_possible_person_name,low
piialainen,1,0,1,0.0,unmapped_possible_person_name,low
reintruhvadi,1,0,1,0.0,unmapped_possible_person_name,low
Siigsaar,1,0,1,0.0,unmapped_possible_person_name,low
Siimana,1,0,1,0.0,unmapped_possible_person_name,low
reinikko,1,0,1,0.0,unmapped_possible_person_name,low
Siimanseel,1,1,1,1.0,unmapped_possible_person_name,low
Vedroi,1,0,1,0.0,unmapped_possible_person_name,low
reinikka,1,0,1,0.0,unmapped_possible_person_name,low
reinikainen,1,1,1,1.0,unmapped_possible_person_name,low
Vedro,1,1,1,1.0,unmapped_possible_person_name,low
Siinevitsh,1,0,1,0.0,unmapped_possible_person_name,low
ranta&Maija,1,0,1,0.0,unmapped_possible_person_name,low
Siitari,1,1,1,1.0,unmapped_possible_person_name,low
Siiveri,1,0,1,0.0,unmapped_possible_person_name,low
rakki,1,0,1,0.0,unmapped_possible_person_name,low
rakk,1,1,1,1.0,unmapped_possible_person_name,low
Sikoniemi,1,1,1,1.0,unmapped_possible_person_name,low
raaka? (uncertain),1,1,1,1.0,unmapped_possible_person_name,low
remmelgas,1,0,1,0.0,unmapped_possible_person_name,low
Siig,1,0,1,0.0,unmapped_possible_person_name,low
Siid,1,0,1,0.0,unmapped_possible_person_name,low
Siermann,1,0,1,0.0,unmapped_possible_person_name,low
rämppä & maija,1,0,1,0.0,unmapped_possible_person_name,low
ruotoerkki,1,0,1,0.0,unmapped_possible_person_name,low
Serpia,1,1,1,1.0,unmapped_possible_person_name,low
romanan+sti,1,1,1,1.0,unmapped_possible_person_name,low
Setu,1,0,1,0.0,unmapped_possible_person_name,low
Seäminki,1,1,1,1.0,unmapped_possible_person_name,low
Siassaare,1,0,1,0.0,unmapped_possible_person_name,low
Viila,1,0,1,0.0,unmapped_possible_person_name,low
Veebri,1,0,1,0.0,unmapped_possible_person_name,low
Sigula,1,0,1,0.0,unmapped_possible_person_name,low
Sigur,1,0,1,0.0,unmapped_possible_person_name,low
Sigurik,1,0,1,0.0,unmapped_possible_person_name,low
riuku-ja,1,1,1,1.0,unmapped_possible_person_name,low
riisipoika,1,1,1,1.0,unmapped_possible_person_name,low
riinägä,1,0,1,0.0,unmapped_possible_person_name,low
Sihvo,1,0,1,0.0,unmapped_possible_person_name,low
pütipire,1,0,1,0.0,unmapped_possible_person_name,low
puu & Makari,1,1,1,1.0,unmapped_possible_person_name,low
punane_nimi,1,1,1,1.0,unmapped_possible_person_name,low
Simosen herra,1,1,1,1.0,unmapped_possible_person_name,low
pilli,1,0,1,0.0,unmapped_possible_person_name,low
Simmõõ & selle,1,1,1,1.0,unmapped_possible_person_name,low
Viili,1,0,1,0.0,unmapped_possible_person_name,low
pikkulipi,1,0,1,0.0,unmapped_possible_person_name,low
Simo-Juuso,1,1,1,1.0,unmapped_possible_person_name,low
pikku-Lilli,1,1,1,1.0,unmapped_possible_person_name,low
pikku-Kalle,1,0,1,0.0,unmapped_possible_person_name,low
Simoserra,1,0,1,0.0,unmapped_possible_person_name,low
Simmukka,1,0,1,0.0,unmapped_possible_person_name,low
pika,1,0,1,0.0,unmapped_possible_person_name,low
Simpson,1,0,1,0.0,unmapped_possible_person_name,low
Somer/somero,1,0,1,0.0,unmapped_possible_person_name,low
Viilu,1,0,1,0.0,unmapped_possible_person_name,low
piiri (Finnish),1,1,1,1.0,unmapped_possible_person_name,low
piira,1,1,1,1.0,unmapped_possible_person_name,low
piippanunna,1,0,1,0.0,unmapped_possible_person_name,low
Simmõõ & meri/melo,1,1,1,1.0,unmapped_possible_person_name,low
pimpeli,1,0,1,0.0,unmapped_possible_person_name,low
Silja,1,0,1,0.0,unmapped_possible_person_name,low
pitäjä (archaic),1,1,1,1.0,unmapped_possible_person_name,low
pukki & pirjo,1,0,1,0.0,unmapped_possible_person_name,low
puke,1,1,1,1.0,unmapped_possible_person_name,low
pottu & Eeva,1,0,1,0.0,unmapped_possible_person_name,low
potti,1,1,1,1.0,unmapped_possible_person_name,low
potkaista,1,1,1,1.0,unmapped_possible_person_name,low
pommi,1,1,1,1.0,unmapped_possible_person_name,low
poisipoiss,1,1,1,1.0,unmapped_possible_person_name,low
Simantrö,1,0,1,0.0,unmapped_possible_person_name,low
pimpi,1,0,1,0.0,unmapped_possible_person_name,low
Simaskista,1,0,1,0.0,unmapped_possible_person_name,low
pissa,1,0,1,0.0,unmapped_possible_person_name,low
piru & Ville,1,0,1,0.0,unmapped_possible_person_name,low
Simeli,1,0,1,0.0,unmapped_possible_person_name,low
Simi,1,0,1,0.0,unmapped_possible_person_name,low
piret,1,1,1,1.0,unmapped_possible_person_name,low
pinota/Pinomaa,1,0,1,0.0,unmapped_possible_person_name,low
Solen,1,0,1,0.0,unmapped_possible_person_name,low
overi,1,0,1,0.0,unmapped_possible_person_name,low
Someri,1,0,1,0.0,unmapped_possible_person_name,low
myöhkä,1,1,1,1.0,unmapped_possible_person_name,low
Säätinö,1,0,1,0.0,unmapped_possible_person_name,low
Sõero,1,0,1,0.0,unmapped_possible_person_name,low
nakki,1,1,1,1.0,unmapped_possible_person_name,low
nakka,1,0,1,0.0,unmapped_possible_person_name,low
naarva,1,0,1,0.0,unmapped_possible_person_name,low
märdike,1,1,1,1.0,unmapped_possible_person_name,low
Sõõre,1,0,1,0.0,unmapped_possible_person_name,low
muurikkinen,1,0,1,0.0,unmapped_possible_person_name,low
Säurak,1,1,1,1.0,unmapped_possible_person_name,low
Sõõru,1,0,1,0.0,unmapped_possible_person_name,low
Taakiainen,1,0,1,0.0,unmapped_possible_person_name,low
Taala,1,0,1,0.0,unmapped_possible_person_name,low
musk,1,1,1,1.0,unmapped_possible_person_name,low
Taalikalla-kin,1,1,1,1.0,unmapped_possible_person_name,low
Taalikkainen,1,0,1,0.0,unmapped_possible_person_name,low
Taanaleevi,1,0,1,0.0,unmapped_possible_person_name,low
Vardi,1,0,1,0.0,unmapped_possible_person_name,low
Särtti,1,1,1,1.0,unmapped_possible_person_name,low
neito,1,1,1,1.0,unmapped_possible_person_name,low
Sussoine,1,0,1,0.0,unmapped_possible_person_name,low
nati,1,0,1,0.0,unmapped_possible_person_name,low
nasti (spigot?),1,1,1,1.0,unmapped_possible_person_name,low
Surju (proper noun),1,0,1,0.0,unmapped_possible_person_name,low
Susanna,1,0,1,0.0,unmapped_possible_person_name,low
Susli,1,0,1,0.0,unmapped_possible_person_name,low
Varepere,1,1,1,1.0,unmapped_possible_person_name,low
nassi,1,0,1,0.0,unmapped_possible_person_name,low
Susti,1,0,1,0.0,unmapped_possible_person_name,low
nanna,1,0,1,0.0,unmapped_possible_person_name,low
Suttila,1,0,1,0.0,unmapped_possible_person_name,low
Suvi,1,0,1,0.0,unmapped_possible_person_name,low
napo,1,0,1,0.0,unmapped_possible_person_name,low
Syvätteri,1,0,1,0.0,unmapped_possible_person_name,low
Säijä,1,0,1,0.0,unmapped_possible_person_name,low
Säiniö,1,0,1,0.0,unmapped_possible_person_name,low
nanni,1,0,1,0.0,unmapped_possible_person_name,low
Taanikki,1,1,1,1.0,unmapped_possible_person_name,low
muri,1,0,1,0.0,unmapped_possible_person_name,low
mulk,1,0,1,0.0,unmapped_possible_person_name,low
Tala,1,0,1,0.0,unmapped_possible_person_name,low
midli,1,0,1,0.0,unmapped_possible_person_name,low
Taibok,1,0,1,0.0,unmapped_possible_person_name,low
metsä/Masä,1,0,1,0.0,unmapped_possible_person_name,low
Takenberg,1,0,1,0.0,unmapped_possible_person_name,low
menkala,1,0,1,0.0,unmapped_possible_person_name,low
mekko,1,1,1,1.0,unmapped_possible_person_name,low
meino,1,0,1,0.0,unmapped_possible_person_name,low
maurinkukka (hypothetical),1,1,1,1.0,unmapped_possible_person_name,low
Viksi,1,1,1,1.0,unmapped_possible_person_name,low
Talaperi,1,0,1,0.0,unmapped_possible_person_name,low
Tali,1,0,1,0.0,unmapped_possible_person_name,low
Talin,1,0,1,0.0,unmapped_possible_person_name,low
Vanju (proper noun),1,0,1,0.0,unmapped_possible_person_name,low
matt,1,0,1,0.0,unmapped_possible_person_name,low
Talinad,1,1,1,1.0,unmapped_possible_person_name,low
matemateija,1,0,1,0.0,unmapped_possible_person_name,low
miija,1,0,1,0.0,unmapped_possible_person_name,low
miilut,1,0,1,0.0,unmapped_possible_person_name,low
Tahvanainen,1,0,1,0.0,unmapped_possible_person_name,low
Tahvana,1,0,1,0.0,unmapped_possible_person_name,low
monni & kylä,1,0,1,0.0,unmapped_possible_person_name,low
moikko,1,0,1,0.0,unmapped_possible_person_name,low
Taateri,1,0,1,0.0,unmapped_possible_person_name,low
milma,1,0,1,0.0,unmapped_possible_person_name,low
Viktor,1,1,1,1.0,unmapped_possible_person_name,low
Taavi,1,0,1,0.0,unmapped_possible_person_name,low
Taavo,1,1,1,1.0,unmapped_possible_person_name,low
Tabanika,1,0,1,0.0,unmapped_possible_person_name,low
Vapo,1,0,1,0.0,unmapped_possible_person_name,low
Tabiola,1,0,1,0.0,unmapped_possible_person_name,low
Tadu,1,0,1,0.0,unmapped_possible_person_name,low
Taheva,1,0,1,0.0,unmapped_possible_person_name,low
Taho,1,1,1,1.0,unmapped_possible_person_name,low
mikukene,1,0,1,0.0,unmapped_possible_person_name,low
miilutsema,1,0,1,0.0,unmapped_possible_person_name,low
Suola-Matti,1,0,1,0.0,unmapped_possible_person_name,low
Suntel,1,0,1,0.0,unmapped_possible_person_name,low
Somerolla,1,1,1,1.0,unmapped_possible_person_name,low
Sossola,1,0,1,0.0,unmapped_possible_person_name,low
ormi (proper noun),1,0,1,0.0,unmapped_possible_person_name,low
ohtonen (dialectal),1,0,1,0.0,unmapped_possible_person_name,low
Viirä,1,0,1,0.0,unmapped_possible_person_name,low
obu (proper noun),1,0,1,0.0,unmapped_possible_person_name,low
Viiso,1,0,1,0.0,unmapped_possible_person_name,low
Sorvasto,1,0,1,0.0,unmapped_possible_person_name,low
nyykooli,1,1,1,1.0,unmapped_possible_person_name,low
Viitka,1,0,1,0.0,unmapped_possible_person_name,low
osmo,1,0,1,0.0,unmapped_possible_person_name,low
Viiu (refrain),1,1,1,1.0,unmapped_possible_person_name,low
nukkua & matti,1,1,1,1.0,unmapped_possible_person_name,low
Spankkovalta,1,0,1,0.0,unmapped_possible_person_name,low
nipo,1,0,1,0.0,unmapped_possible_person_name,low
Spoasa,1,0,1,0.0,unmapped_possible_person_name,low
Varud,1,0,1,0.0,unmapped_possible_person_name,low
Stenviiki,1,0,1,0.0,unmapped_possible_person_name,low
ortjo,1,0,1,0.0,unmapped_possible_person_name,low
Vasen,1,1,1,1.0,unmapped_possible_person_name,low
Suntari,1,0,1,0.0,unmapped_possible_person_name,low
Sompsa,1,0,1,0.0,unmapped_possible_person_name,low
Viira,1,0,1,0.0,unmapped_possible_person_name,low
paimen&Pekka,1,1,1,1.0,unmapped_possible_person_name,low
Vasja,1,1,1,1.0,unmapped_possible_person_name,low
Sommõrpulo,1,1,1,1.0,unmapped_possible_person_name,low
paaniemi,1,0,1,0.0,unmapped_possible_person_name,low
Seppo,1,0,1,0.0,unmapped_possible_person_name,low
oula/oulu,1,1,1,1.0,unmapped_possible_person_name,low
Sonni,1,1,1,1.0,unmapped_possible_person_name,low
Soppi (dialectal),1,1,1,1.0,unmapped_possible_person_name,low
otto,1,0,1,0.0,unmapped_possible_person_name,low
ott,1,0,1,0.0,unmapped_possible_person_name,low
Vasilli,1,1,1,1.0,unmapped_possible_person_name,low
Sooniste,1,0,1,0.0,unmapped_possible_person_name,low
Soperd,1,0,1,0.0,unmapped_possible_person_name,low
Sopia,1,0,1,0.0,unmapped_possible_person_name,low
Viiritsa,1,0,1,0.0,unmapped_possible_person_name,low
ninni,1,0,1,0.0,unmapped_possible_person_name,low
Stepan,1,0,1,0.0,unmapped_possible_person_name,low
Stiina,1,0,1,0.0,unmapped_possible_person_name,low
Sunder,1,1,1,1.0,unmapped_possible_person_name,low
Viki,1,0,1,0.0,unmapped_possible_person_name,low
nimega,1,1,1,1.0,unmapped_possible_person_name,low
Sulli,1,0,1,0.0,unmapped_possible_person_name,low
Sulo,1,0,1,0.0,unmapped_possible_person_name,low
nimeesi,1,1,1,1.0,unmapped_possible_person_name,low
niko (proper noun),1,0,1,0.0,unmapped_possible_person_name,low
Sulonen,1,0,1,0.0,unmapped_possible_person_name,low
Sungu,1,0,1,0.0,unmapped_possible_person_name,low
Varro (prop.),1,1,1,1.0,unmapped_possible_person_name,low
Varinen/Variksi,1,1,1,1.0,unmapped_possible_person_name,low
nikatse,1,0,1,0.0,unmapped_possible_person_name,low
nikari,1,1,1,1.0,unmapped_possible_person_name,low
Sunilla,1,1,1,1.0,unmapped_possible_person_name,low
Sunkura,1,0,1,0.0,unmapped_possible_person_name,low
Sunna,1,0,1,0.0,unmapped_possible_person_name,low
Sunta,1,1,1,1.0,unmapped_possible_person_name,low
Sulevi,1,0,1,0.0,unmapped_possible_person_name,low
nimettömä,1,0,1,0.0,unmapped_possible_person_name,low
Sulev,1,0,1,0.0,unmapped_possible_person_name,low
Sule,1,0,1,0.0,unmapped_possible_person_name,low
Strutja,1,0,1,0.0,unmapped_possible_person_name,low
Stut,1,0,1,0.0,unmapped_possible_person_name,low
Varpuli,1,0,1,0.0,unmapped_possible_person_name,low
Suari,1,1,1,1.0,unmapped_possible_person_name,low
nimipäivä,1,0,1,0.0,unmapped_possible_person_name,low
Suella,1,0,1,0.0,unmapped_possible_person_name,low
Suija,1,0,1,0.0,unmapped_possible_person_name,low
Suikki (toponym),1,0,1,0.0,unmapped_possible_person_name,low
nimi (name),1,1,1,1.0,unmapped_possible_person_name,low
Viivi (proper noun),1,0,1,0.0,unmapped_possible_person_name,low
Sukki,1,0,1,0.0,unmapped_possible_person_name,low
Varja,1,0,1,0.0,unmapped_possible_person_name,low
Vikelsuka,1,0,1,0.0,unmapped_possible_person_name,low
nimeä,1,1,1,1.0,unmapped_possible_person_name,low
nimetön-Matti,1,1,1,1.0,unmapped_possible_person_name,low
Seppälä,1,0,1,0.0,unmapped_possible_person_name,low
Seersand,1,0,1,0.0,unmapped_possible_person_name,low
Senno,1,0,1,0.0,unmapped_possible_person_name,low
une_liisu,1,1,1,1.0,unmapped_possible_person_name,low
vaapukka,1,1,1,1.0,unmapped_possible_person_name,low
Rion,1,1,1,1.0,unmapped_possible_person_name,low
Ripi,1,0,1,0.0,unmapped_possible_person_name,low
urpo,1,0,1,0.0,unmapped_possible_person_name,low
unimatti (proper noun),1,0,1,0.0,unmapped_possible_person_name,low
uni & Jukka,1,0,1,0.0,unmapped_possible_person_name,low
Rissanen,1,0,1,0.0,unmapped_possible_person_name,low
ullen,1,0,1,0.0,unmapped_possible_person_name,low
Rindal (proper),1,0,1,0.0,unmapped_possible_person_name,low
Ristäsa,1,0,1,0.0,unmapped_possible_person_name,low
ulla,1,0,1,0.0,unmapped_possible_person_name,low
uku,1,0,1,0.0,unmapped_possible_person_name,low
Ritu (name),1,1,1,1.0,unmapped_possible_person_name,low
Ritva,1,0,1,0.0,unmapped_possible_person_name,low
türa,1,1,1,1.0,unmapped_possible_person_name,low
Riuna,1,0,1,0.0,unmapped_possible_person_name,low
vaar,1,1,1,1.0,unmapped_possible_person_name,low
Rimpilä,1,0,1,0.0,unmapped_possible_person_name,low
Rokka-Tuomas,1,0,1,0.0,unmapped_possible_person_name,low
vassileini,1,0,1,0.0,unmapped_possible_person_name,low
vein/Veina (proper noun),1,1,1,1.0,unmapped_possible_person_name,low
vehkaheikki,1,0,1,0.0,unmapped_possible_person_name,low
Riiska,1,0,1,0.0,unmapped_possible_person_name,low
Riit,1,0,1,0.0,unmapped_possible_person_name,low
vehka (proper noun) / vehkeä (device),1,1,1,1.0,unmapped_possible_person_name,low
vehka & Heikki,1,0,1,0.0,unmapped_possible_person_name,low
vedro,1,0,1,0.0,unmapped_possible_person_name,low
vasleini,1,0,1,0.0,unmapped_possible_person_name,low
Rimmon,1,1,1,1.0,unmapped_possible_person_name,low
vankka (if descriptor) / Vantaa (if proper),1,1,1,1.0,unmapped_possible_person_name,low
Viedola,1,0,1,0.0,unmapped_possible_person_name,low
Riivali,1,0,1,0.0,unmapped_possible_person_name,low
Rija,1,0,1,0.0,unmapped_possible_person_name,low
Rikina,1,0,1,0.0,unmapped_possible_person_name,low
Vembla,1,0,1,0.0,unmapped_possible_person_name,low
valpuri,1,1,1,1.0,unmapped_possible_person_name,low
töyhtö?,1,1,1,1.0,unmapped_possible_person_name,low
Ronstatin,1,0,1,0.0,unmapped_possible_person_name,low
Senja,1,0,1,0.0,unmapped_possible_person_name,low
Rutunen,1,0,1,0.0,unmapped_possible_person_name,low
tuoksema (if scent-related),1,1,1,1.0,unmapped_possible_person_name,low
tuna & mullu,1,0,1,0.0,unmapped_possible_person_name,low
Vellasen,1,1,1,1.0,unmapped_possible_person_name,low
Rutimon,1,0,1,0.0,unmapped_possible_person_name,low
tulikivi & Kaija,1,0,1,0.0,unmapped_possible_person_name,low
tsitsiliusko,1,0,1,0.0,unmapped_possible_person_name,low
Rutjo,1,0,1,0.0,unmapped_possible_person_name,low
Ruudi,1,0,1,0.0,unmapped_possible_person_name,low
Runtukka,1,0,1,0.0,unmapped_possible_person_name,low
Ruuhkonen,1,0,1,0.0,unmapped_possible_person_name,low
traks,1,0,1,0.0,unmapped_possible_person_name,low
Ruunu,1,0,1,0.0,unmapped_possible_person_name,low
Ruusa,1,0,1,0.0,unmapped_possible_person_name,low
Ruut,1,0,1,0.0,unmapped_possible_person_name,low
Rytty,1,1,1,1.0,unmapped_possible_person_name,low
Rytys,1,1,1,1.0,unmapped_possible_person_name,low
Ruonas,1,1,1,1.0,unmapped_possible_person_name,low
Runkkala,1,0,1,0.0,unmapped_possible_person_name,low
Rontee,1,0,1,0.0,unmapped_possible_person_name,low
tuurikkainen,1,0,1,0.0,unmapped_possible_person_name,low
Roode,1,0,1,0.0,unmapped_possible_person_name,low
tõnumard,1,0,1,0.0,unmapped_possible_person_name,low
Roope,1,0,1,0.0,unmapped_possible_person_name,low
tuuvi (hypothetical),1,1,1,1.0,unmapped_possible_person_name,low
Veltsa,1,0,1,0.0,unmapped_possible_person_name,low
Roopetti,1,0,1,0.0,unmapped_possible_person_name,low
Vellon,1,0,1,0.0,unmapped_possible_person_name,low
Ruan,1,0,1,0.0,unmapped_possible_person_name,low
Vihtari,1,0,1,0.0,unmapped_possible_person_name,low
Ruatti,1,0,1,0.0,unmapped_possible_person_name,low
Vello (proper noun),1,1,1,1.0,unmapped_possible_person_name,low
Rudija,1,0,1,0.0,unmapped_possible_person_name,low
Rudja,1,0,1,0.0,unmapped_possible_person_name,low
Ruhnu,1,0,1,0.0,unmapped_possible_person_name,low
Ruikkala,1,0,1,0.0,unmapped_possible_person_name,low
tuomolainen,1,0,1,0.0,unmapped_possible_person_name,low
velli,1,0,1,0.0,unmapped_possible_person_name,low
Vida,1,0,1,0.0,unmapped_possible_person_name,low
veräjä & Matti,1,1,1,1.0,unmapped_possible_person_name,low
Rauni,1,0,1,0.0,unmapped_possible_person_name,low
Ärvital,1,0,1,0.0,unmapped_possible_person_name,low
Rasevalla,1,0,1,0.0,unmapped_possible_person_name,low
Rasse,1,0,1,0.0,unmapped_possible_person_name,low
Vesa,1,1,1,1.0,unmapped_possible_person_name,low
Ratve,1,0,1,0.0,unmapped_possible_person_name,low
Ärtu,1,0,1,0.0,unmapped_possible_person_name,low
Raug,1,0,1,0.0,unmapped_possible_person_name,low
Vespata,1,0,1,0.0,unmapped_possible_person_name,low
Rantukka,1,0,1,0.0,unmapped_possible_person_name,low
Ärmu,1,1,1,1.0,unmapped_possible_person_name,low
Ärma,1,0,1,0.0,unmapped_possible_person_name,low
Ärm,1,0,1,0.0,unmapped_possible_person_name,low
Ärle+le,1,1,1,1.0,unmapped_possible_person_name,low
Ärle+l,1,1,1,1.0,unmapped_possible_person_name,low
Reedakest,1,1,1,1.0,unmapped_possible_person_name,low
Äntu,1,0,1,0.0,unmapped_possible_person_name,low
Ääveri (obscure root),1,1,1,1.0,unmapped_possible_person_name,low
Rantsi,1,0,1,0.0,unmapped_possible_person_name,low
vii,1,0,1,0.0,unmapped_possible_person_name,low
Rands,1,0,1,0.0,unmapped_possible_person_name,low
Rakki,1,0,1,0.0,unmapped_possible_person_name,low
Rakkola (proper noun),1,0,1,0.0,unmapped_possible_person_name,low
Vermasvuori,1,0,1,0.0,unmapped_possible_person_name,low
äriline,1,1,1,1.0,unmapped_possible_person_name,low
ägröi,1,0,1,0.0,unmapped_possible_person_name,low
Rampova,1,0,1,0.0,unmapped_possible_person_name,low
Rana,1,1,1,1.0,unmapped_possible_person_name,low
Üri,1,0,1,0.0,unmapped_possible_person_name,low
Ves,1,0,1,0.0,unmapped_possible_person_name,low
Rani,1,0,1,0.0,unmapped_possible_person_name,low
Rans,1,0,1,0.0,unmapped_possible_person_name,low
Ranspurg,1,1,1,1.0,unmapped_possible_person_name,low
Ülli,1,0,1,0.0,unmapped_possible_person_name,low
Üiru,1,0,1,0.0,unmapped_possible_person_name,low
Rantavaskela,1,0,1,0.0,unmapped_possible_person_name,low
Örö,1,0,1,0.0,unmapped_possible_person_name,low
Reeta,1,0,1,0.0,unmapped_possible_person_name,low
Änari,1,0,1,0.0,unmapped_possible_person_name,low
Reetsu,1,1,1,1.0,unmapped_possible_person_name,low
viklo,1,0,1,0.0,unmapped_possible_person_name,low
Resonka,1,0,1,0.0,unmapped_possible_person_name,low
Reuhkala,1,0,1,0.0,unmapped_possible_person_name,low
Riepponen,1,0,1,0.0,unmapped_possible_person_name,low
villa & Liisa,1,0,1,0.0,unmapped_possible_person_name,low
Rieti,1,0,1,0.0,unmapped_possible_person_name,low
viljula,1,0,1,0.0,unmapped_possible_person_name,low
Riidali,1,1,1,1.0,unmapped_possible_person_name,low
Vemppä,1,0,1,0.0,unmapped_possible_person_name,low
Äkräs (hypothetical),1,1,1,1.0,unmapped_possible_person_name,low
viki,1,0,1,0.0,unmapped_possible_person_name,low
viipurivappu,1,0,1,0.0,unmapped_possible_person_name,low
Riiga,1,1,1,1.0,unmapped_possible_person_name,low
Riikka,1,0,1,0.0,unmapped_possible_person_name,low
Riikola,1,0,1,0.0,unmapped_possible_person_name,low
Vesteniusta,1,0,1,0.0,unmapped_possible_person_name,low
Riinu,1,0,1,0.0,unmapped_possible_person_name,low
Repla,1,0,1,0.0,unmapped_possible_person_name,low
Renekset,1,0,1,0.0,unmapped_possible_person_name,low
Remekset,1,0,1,0.0,unmapped_possible_person_name,low
vuttikaar,1,1,1,1.0,unmapped_possible_person_name,low
Rehe-Miina,1,0,1,0.0,unmapped_possible_person_name,low
Reija,1,1,1,1.0,unmapped_possible_person_name,low
Reijo,1,1,1,1.0,unmapped_possible_person_name,low
Reimu,1,1,1,1.0,unmapped_possible_person_name,low
Äkräs,1,0,1,0.0,unmapped_possible_person_name,low
Äivere,1,0,1,0.0,unmapped_possible_person_name,low
Reinikka,1,0,1,0.0,unmapped_possible_person_name,low
Äimäröinen,1,0,1,0.0,unmapped_possible_person_name,low
Vempsa,1,1,1,1.0,unmapped_possible_person_name,low
Reiniste,1,0,1,0.0,unmapped_possible_person_name,low
ytti,1,0,1,0.0,unmapped_possible_person_name,low
Reino,1,0,1,0.0,unmapped_possible_person_name,low
Vest,1,0,1,0.0,unmapped_possible_person_name,low
Vestel,1,0,1,0.0,unmapped_possible_person_name,low
Reiu,1,0,1,0.0,unmapped_possible_person_name,low
Ryynänen,1,0,1,0.0,unmapped_possible_person_name,low
torkku & Tuomas,1,0,1,0.0,unmapped_possible_person_name,low
Ryänä,1,0,1,0.0,unmapped_possible_person_name,low
Santapakka,1,1,1,1.0,unmapped_possible_person_name,low
sisovas (hypoth.),1,1,1,1.0,unmapped_possible_person_name,low
sirg,1,0,1,0.0,unmapped_possible_person_name,low
simpukka,1,0,1,0.0,unmapped_possible_person_name,low
sigur,1,0,1,0.0,unmapped_possible_person_name,low
Sandra,1,0,1,0.0,unmapped_possible_person_name,low
Veikkola,1,0,1,0.0,unmapped_possible_person_name,low
Santa,1,0,1,0.0,unmapped_possible_person_name,low
Santeri,1,0,1,0.0,unmapped_possible_person_name,low
Samuli,1,0,1,0.0,unmapped_possible_person_name,low
Santila,1,0,1,0.0,unmapped_possible_person_name,low
Santlaur,1,0,1,0.0,unmapped_possible_person_name,low
Sapsa,1,0,1,0.0,unmapped_possible_person_name,low
siestar&marja,1,0,1,0.0,unmapped_possible_person_name,low
Saravere,1,0,1,0.0,unmapped_possible_person_name,low
serbaja,1,0,1,0.0,unmapped_possible_person_name,low
seppä-Tahvo,1,1,1,1.0,unmapped_possible_person_name,low
Viija,1,1,1,1.0,unmapped_possible_person_name,low
soamo,1,1,1,1.0,unmapped_possible_person_name,low
sõõru,1,0,1,0.0,unmapped_possible_person_name,low
Samma,1,0,1,0.0,unmapped_possible_person_name,low
Salttar,1,0,1,0.0,unmapped_possible_person_name,low
Salvi,1,0,1,0.0,unmapped_possible_person_name,low
särki,1,1,1,1.0,unmapped_possible_person_name,low
Viibu,1,1,1,1.0,unmapped_possible_person_name,low
suutari-Jussi,1,0,1,0.0,unmapped_possible_person_name,low
sunteri,1,0,1,0.0,unmapped_possible_person_name,low
sukunimi,1,0,1,0.0,unmapped_possible_person_name,low
Samnoi,1,0,1,0.0,unmapped_possible_person_name,low
sofjanpoika,1,1,1,1.0,unmapped_possible_person_name,low
Viiburu,1,0,1,0.0,unmapped_possible_person_name,low
sorttamartti,1,0,1,0.0,unmapped_possible_person_name,low
Veiksevälja,1,0,1,0.0,unmapped_possible_person_name,low
Samppi,1,0,1,0.0,unmapped_possible_person_name,low
Viibus,1,0,1,0.0,unmapped_possible_person_name,low
soittaa,1,1,1,1.0,unmapped_possible_person_name,low
Samu,1,0,1,0.0,unmapped_possible_person_name,low
Sardi,1,0,1,0.0,unmapped_possible_person_name,low
Sarepere,1,1,1,1.0,unmapped_possible_person_name,low
Saret,1,0,1,0.0,unmapped_possible_person_name,low
Talja,1,0,1,0.0,unmapped_possible_person_name,low
Saukko,1,0,1,0.0,unmapped_possible_person_name,low
Saust,1,0,1,0.0,unmapped_possible_person_name,low
Sauvonkylä,1,0,1,0.0,unmapped_possible_person_name,low
saltti,1,0,1,0.0,unmapped_possible_person_name,low
Sedi,1,0,1,0.0,unmapped_possible_person_name,low
Seenka,1,0,1,0.0,unmapped_possible_person_name,low
Vehka,1,0,1,0.0,unmapped_possible_person_name,low
saaranen,1,0,1,0.0,unmapped_possible_person_name,low
Sargvere,1,0,1,0.0,unmapped_possible_person_name,low
saanikkainen,1,1,1,1.0,unmapped_possible_person_name,low
Selli,1,1,1,1.0,unmapped_possible_person_name,low
rünk,1,0,1,0.0,unmapped_possible_person_name,low
rätö,1,0,1,0.0,unmapped_possible_person_name,low
räsy & puavo,1,0,1,0.0,unmapped_possible_person_name,low
Semi-Silla,1,0,1,0.0,unmapped_possible_person_name,low
Senihhalle,1,1,1,1.0,unmapped_possible_person_name,low
Sauka,1,1,1,1.0,unmapped_possible_person_name,low
Saugu,1,0,1,0.0,unmapped_possible_person_name,low
Sau,1,0,1,0.0,unmapped_possible_person_name,low
sand (prop.name),1,0,1,0.0,unmapped_possible_person_name,low
Viiker,1,0,1,0.0,unmapped_possible_person_name,low
Sarko,1,0,1,0.0,unmapped_possible_person_name,low
Sarkola,1,0,1,0.0,unmapped_possible_person_name,low
seelutsema,1,0,1,0.0,unmapped_possible_person_name,low
seelik/seelut,1,1,1,1.0,unmapped_possible_person_name,low
Sassa,1,0,1,0.0,unmapped_possible_person_name,low
savi & Jussi,1,0,1,0.0,unmapped_possible_person_name,low
Sasse,1,1,1,1.0,unmapped_possible_person_name,low
Sassi,1,0,1,0.0,unmapped_possible_person_name,low
saunaheikki,1,0,1,0.0,unmapped_possible_person_name,low
Satserinna,1,0,1,0.0,unmapped_possible_person_name,low
sarkkila,1,0,1,0.0,unmapped_possible_person_name,low
saparo&Matti,1,0,1,0.0,unmapped_possible_person_name,low
sant,1,0,1,0.0,unmapped_possible_person_name,low
Viil,1,1,1,1.0,unmapped_possible_person_name,low
sõsikene,1,1,1,1.0,unmapped_possible_person_name,low
Salomon,1,0,1,0.0,unmapped_possible_person_name,low
Rägavere,1,0,1,0.0,unmapped_possible_person_name,low
Rönkkö,1,0,1,0.0,unmapped_possible_person_name,low
tiiti (regional),1,0,1,0.0,unmapped_possible_person_name,low
Rõõd,1,0,1,0.0,unmapped_possible_person_name,low
Rõõda,1,0,1,0.0,unmapped_possible_person_name,low
tiistikki,1,0,1,0.0,unmapped_possible_person_name,low
Röhkö,1,0,1,0.0,unmapped_possible_person_name,low
Rönkkä,1,0,1,0.0,unmapped_possible_person_name,low
tiiri,1,0,1,0.0,unmapped_possible_person_name,low
tiira,1,1,1,1.0,unmapped_possible_person_name,low
tillikka,1,0,1,0.0,unmapped_possible_person_name,low
tiipa,1,0,1,0.0,unmapped_possible_person_name,low
Röstö,1,0,1,0.0,unmapped_possible_person_name,low
Saadana,1,0,1,0.0,unmapped_possible_person_name,low
Saadri,1,0,1,0.0,unmapped_possible_person_name,low
tiidi,1,0,1,0.0,unmapped_possible_person_name,low
tetermanni,1,0,1,0.0,unmapped_possible_person_name,low
Saahe,1,0,1,0.0,unmapped_possible_person_name,low
tika,1,0,1,0.0,unmapped_possible_person_name,low
Rõusa,1,0,1,0.0,unmapped_possible_person_name,low
Vihu,1,0,1,0.0,unmapped_possible_person_name,low
Räty,1,0,1,0.0,unmapped_possible_person_name,low
Räikkölä,1,0,1,0.0,unmapped_possible_person_name,low
tita,1,0,1,0.0,unmapped_possible_person_name,low
Räikkönen,1,0,1,0.0,unmapped_possible_person_name,low
Räimä,1,0,1,0.0,unmapped_possible_person_name,low
Räiskäs-Matti,1,1,1,1.0,unmapped_possible_person_name,low
Rästsinä,1,0,1,0.0,unmapped_possible_person_name,low
Räsä,1,0,1,0.0,unmapped_possible_person_name,low
tiski,1,0,1,0.0,unmapped_possible_person_name,low
Rõnku,1,0,1,0.0,unmapped_possible_person_name,low
tippuri (dialectal),1,1,1,1.0,unmapped_possible_person_name,low
tinttu,1,0,1,0.0,unmapped_possible_person_name,low
timperi,1,0,1,0.0,unmapped_possible_person_name,low
Rääst,1,0,1,0.0,unmapped_possible_person_name,low
tilutalo,1,0,1,0.0,unmapped_possible_person_name,low
tilu & talo,1,1,1,1.0,unmapped_possible_person_name,low
Rääveli,1,0,1,0.0,unmapped_possible_person_name,low
Saamustissa,1,0,1,0.0,unmapped_possible_person_name,low
Saani,1,0,1,0.0,unmapped_possible_person_name,low
terva-jussi,1,0,1,0.0,unmapped_possible_person_name,low
Sakoska,1,0,1,0.0,unmapped_possible_person_name,low
tanella,1,0,1,0.0,unmapped_possible_person_name,low
talvikivi & Kaija,1,1,1,1.0,unmapped_possible_person_name,low
Sakarias (gen),1,1,1,1.0,unmapped_possible_person_name,low
talli,1,0,1,0.0,unmapped_possible_person_name,low
Sakkia,1,1,1,1.0,unmapped_possible_person_name,low
Vihtra,1,0,1,0.0,unmapped_possible_person_name,low
Sako,1,0,1,0.0,unmapped_possible_person_name,low
talitintti,1,0,1,0.0,unmapped_possible_person_name,low
Vellais,1,0,1,0.0,unmapped_possible_person_name,low
talikainen,1,0,1,0.0,unmapped_possible_person_name,low
Salami,1,0,1,0.0,unmapped_possible_person_name,low
taivas (ill),1,1,1,1.0,unmapped_possible_person_name,low
Sallermann,1,0,1,0.0,unmapped_possible_person_name,low
Sallila,1,0,1,0.0,unmapped_possible_person_name,low
tahvana,1,0,1,0.0,unmapped_possible_person_name,low
taari,1,0,1,0.0,unmapped_possible_person_name,low
Sakari,1,0,1,0.0,unmapped_possible_person_name,low
tanssia,1,1,1,1.0,unmapped_possible_person_name,low
tapana/tapio,1,1,1,1.0,unmapped_possible_person_name,low
Saisa,1,0,1,0.0,unmapped_possible_person_name,low
terva & Ellu,1,0,1,0.0,unmapped_possible_person_name,low
Saara/saari,1,1,1,1.0,unmapped_possible_person_name,low
Saardi,1,0,1,0.0,unmapped_possible_person_name,low
Saastamoinen,1,0,1,0.0,unmapped_possible_person_name,low
Saavanemi,1,1,1,1.0,unmapped_possible_person_name,low
Velklas,1,0,1,0.0,unmapped_possible_person_name,low
Sahroma,1,0,1,0.0,unmapped_possible_person_name,low
temppu,1,1,1,1.0,unmapped_possible_person_name,low
teineemetsä,1,1,1,1.0,unmapped_possible_person_name,low
Saija,1,0,1,0.0,unmapped_possible_person_name,low
teder,1,0,1,0.0,unmapped_possible_person_name,low
tara+mäki,1,0,1,0.0,unmapped_possible_person_name,low
tappaa (kill),1,1,1,1.0,unmapped_possible_person_name,low
Sairainen,1,0,1,0.0,unmapped_possible_person_name,low
tapani,1,0,1,0.0,unmapped_possible_person_name,low
martikkainen,1,1,1,1.0,unmapped_possible_person_name,low
mardike,1,1,1,1.0,unmapped_possible_person_name,low
Tall,1,0,1,0.0,unmapped_possible_person_name,low
Tuarovitsa,1,0,1,0.0,unmapped_possible_person_name,low
Tsokki,1,0,1,0.0,unmapped_possible_person_name,low
Tsooru,1,0,1,0.0,unmapped_possible_person_name,low
Tua-Ann,1,0,1,0.0,unmapped_possible_person_name,low
Tua-Jaani,1,0,1,0.0,unmapped_possible_person_name,low
Tuaitsa,1,1,1,1.0,unmapped_possible_person_name,low
Tuakkonen,1,0,1,0.0,unmapped_possible_person_name,low
heko,1,1,1,1.0,unmapped_possible_person_name,low
Tudulinna,1,0,1,0.0,unmapped_possible_person_name,low
helsinki & maija,1,1,1,1.0,unmapped_possible_person_name,low
Tuheroinen,1,0,1,0.0,unmapped_possible_person_name,low
heikkonen,1,1,1,1.0,unmapped_possible_person_name,low
heijonen,1,0,1,0.0,unmapped_possible_person_name,low
heeritsa,1,0,1,0.0,unmapped_possible_person_name,low
havukka,1,0,1,0.0,unmapped_possible_person_name,low
Tukku,1,0,1,0.0,unmapped_possible_person_name,low
Tuks,1,0,1,0.0,unmapped_possible_person_name,low
hellä / Elli,1,1,1,1.0,unmapped_possible_person_name,low
hepo (dialect 'horse')/häpy (vulva),1,1,1,1.0,unmapped_possible_person_name,low
hippa,1,0,1,0.0,unmapped_possible_person_name,low
Tsia,1,0,1,0.0,unmapped_possible_person_name,low
Triivulised,1,0,1,0.0,unmapped_possible_person_name,low
Trikko,1,0,1,0.0,unmapped_possible_person_name,low
Truija,1,0,1,0.0,unmapped_possible_person_name,low
Trutja,1,0,1,0.0,unmapped_possible_person_name,low
Rajastin,1,0,1,0.0,unmapped_possible_person_name,low
Tsenna,1,1,1,1.0,unmapped_possible_person_name,low
hierikäs (hypothetical),1,1,1,1.0,unmapped_possible_person_name,low
Tsianahka,1,0,1,0.0,unmapped_possible_person_name,low
herta,1,0,1,0.0,unmapped_possible_person_name,low
Urpila,1,0,1,0.0,unmapped_possible_person_name,low
Tsiho,1,0,1,0.0,unmapped_possible_person_name,low
hespen (dial.),1,0,1,0.0,unmapped_possible_person_name,low
hertta,1,0,1,0.0,unmapped_possible_person_name,low
Tsikko,1,0,1,0.0,unmapped_possible_person_name,low
Urpanus,1,0,1,0.0,unmapped_possible_person_name,low
Tsilepuu,1,0,1,0.0,unmapped_possible_person_name,low
Tuksi,1,1,1,1.0,unmapped_possible_person_name,low
Tuku,1,0,1,0.0,unmapped_possible_person_name,low
hantsuke,1,1,1,1.0,unmapped_possible_person_name,low
enni,1,0,1,0.0,unmapped_possible_person_name,low
etikana,1,1,1,1.0,unmapped_possible_person_name,low
Urpana,1,0,1,0.0,unmapped_possible_person_name,low
Tuorikki,1,0,1,0.0,unmapped_possible_person_name,low
Tuosto,1,1,1,1.0,unmapped_possible_person_name,low
Tuovi,1,0,1,0.0,unmapped_possible_person_name,low
Urmi,1,0,1,0.0,unmapped_possible_person_name,low
Turg,1,0,1,0.0,unmapped_possible_person_name,low
Urepere,1,1,1,1.0,unmapped_possible_person_name,low
hane,1,1,1,1.0,unmapped_possible_person_name,low
Vitka,1,0,1,0.0,unmapped_possible_person_name,low
Turkki,1,0,1,0.0,unmapped_possible_person_name,low
Upa,1,0,1,0.0,unmapped_possible_person_name,low
Vivola,1,0,1,0.0,unmapped_possible_person_name,low
ellakene,1,0,1,0.0,unmapped_possible_person_name,low
elama/Ella,1,0,1,0.0,unmapped_possible_person_name,low
eino,1,0,1,0.0,unmapped_possible_person_name,low
Tuomola,1,0,1,0.0,unmapped_possible_person_name,low
Tuomo,1,0,1,0.0,unmapped_possible_person_name,low
Tuomas/tuoda,1,1,1,1.0,unmapped_possible_person_name,low
Tuomas (adapted),1,1,1,1.0,unmapped_possible_person_name,low
Tulbi,1,0,1,0.0,unmapped_possible_person_name,low
Tuli,1,0,1,0.0,unmapped_possible_person_name,low
Tulko,1,0,1,0.0,unmapped_possible_person_name,low
Tulli,1,0,1,0.0,unmapped_possible_person_name,low
hammervesmin,1,0,1,0.0,unmapped_possible_person_name,low
halli,1,0,1,0.0,unmapped_possible_person_name,low
Tumpsa,1,0,1,0.0,unmapped_possible_person_name,low
hall,1,1,1,1.0,unmapped_possible_person_name,low
Tunnio,1,0,1,0.0,unmapped_possible_person_name,low
Tunsas,1,0,1,0.0,unmapped_possible_person_name,low
Tuoko,1,0,1,0.0,unmapped_possible_person_name,low
Tuomala,1,1,1,1.0,unmapped_possible_person_name,low
hakku/hakula,1,0,1,0.0,unmapped_possible_person_name,low
Tuomas & vend,1,1,1,1.0,unmapped_possible_person_name,low
hailinen/aili,1,1,1,1.0,unmapped_possible_person_name,low
hiiri / Iiri,1,1,1,1.0,unmapped_possible_person_name,low
Treiju,1,0,1,0.0,unmapped_possible_person_name,low
Tallen,1,0,1,0.0,unmapped_possible_person_name,low
Toppi,1,0,1,0.0,unmapped_possible_person_name,low
jemme,1,0,1,0.0,unmapped_possible_person_name,low
jankkain,1,0,1,0.0,unmapped_possible_person_name,low
jalanninjärvi,1,0,1,0.0,unmapped_possible_person_name,low
jaanituli,1,1,1,1.0,unmapped_possible_person_name,low
Virulane,1,0,1,0.0,unmapped_possible_person_name,low
Virus,1,0,1,0.0,unmapped_possible_person_name,low
Topo,1,0,1,0.0,unmapped_possible_person_name,low
jaanikene,1,0,1,0.0,unmapped_possible_person_name,low
Tootsima,1,0,1,0.0,unmapped_possible_person_name,low
Virvik,1,0,1,0.0,unmapped_possible_person_name,low
Torajoen,1,1,1,1.0,unmapped_possible_person_name,low
Torajokeen,1,1,1,1.0,unmapped_possible_person_name,low
isäntä,1,1,1,1.0,unmapped_possible_person_name,low
Usti,1,0,1,0.0,unmapped_possible_person_name,low
isämeirami,1,1,1,1.0,unmapped_possible_person_name,low
Torjo,1,0,1,0.0,unmapped_possible_person_name,low
jenkka/Jennu,1,1,1,1.0,unmapped_possible_person_name,low
Uta,1,0,1,0.0,unmapped_possible_person_name,low
hippa-heikki,1,1,1,1.0,unmapped_possible_person_name,low
julliskukko,1,0,1,0.0,unmapped_possible_person_name,low
Tompsa,1,0,1,0.0,unmapped_possible_person_name,low
jyrsi,1,1,1,1.0,unmapped_possible_person_name,low
juottaa-Jussi,1,1,1,1.0,unmapped_possible_person_name,low
junts,1,0,1,0.0,unmapped_possible_person_name,low
Tontka,1,0,1,0.0,unmapped_possible_person_name,low
junkeri & Julla,1,0,1,0.0,unmapped_possible_person_name,low
Toolse,1,0,1,0.0,unmapped_possible_person_name,low
Virro (prop.),1,1,1,1.0,unmapped_possible_person_name,low
joanike,1,1,1,1.0,unmapped_possible_person_name,low
Tooma,1,0,1,0.0,unmapped_possible_person_name,low
Virsu,1,1,1,1.0,unmapped_possible_person_name,low
juku,1,1,1,1.0,unmapped_possible_person_name,low
Toora,1,0,1,0.0,unmapped_possible_person_name,low
juakko,1,1,1,1.0,unmapped_possible_person_name,low
Utaperä,1,0,1,0.0,unmapped_possible_person_name,low
jolma,1,0,1,0.0,unmapped_possible_person_name,low
isä & Meirä,1,1,1,1.0,unmapped_possible_person_name,low
isä & Abraham,1,1,1,1.0,unmapped_possible_person_name,low
iri,1,0,1,0.0,unmapped_possible_person_name,low
hussala,1,0,1,0.0,unmapped_possible_person_name,low
huusi?,1,1,1,1.0,unmapped_possible_person_name,low
huusi (dial.),1,1,1,1.0,unmapped_possible_person_name,low
huusi (?),1,1,1,1.0,unmapped_possible_person_name,low
huu,1,1,1,1.0,unmapped_possible_person_name,low
hussola,1,1,1,1.0,unmapped_possible_person_name,low
Totti,1,0,1,0.0,unmapped_possible_person_name,low
Totto,1,0,1,0.0,unmapped_possible_person_name,low
hursti,1,0,1,0.0,unmapped_possible_person_name,low
inkentinken,1,0,1,0.0,unmapped_possible_person_name,low
hullu (if from h-omission),1,1,1,1.0,unmapped_possible_person_name,low
huittisten,1,0,1,0.0,unmapped_possible_person_name,low
Touru (name),1,0,1,0.0,unmapped_possible_person_name,low
hoviantti,1,0,1,0.0,unmapped_possible_person_name,low
Traaki,1,0,1,0.0,unmapped_possible_person_name,low
Vissa,1,0,1,0.0,unmapped_possible_person_name,low
hippaheikki,1,1,1,1.0,unmapped_possible_person_name,low
huutaa (if verb) / huusi (if name),1,1,1,1.0,unmapped_possible_person_name,low
hössö,1,0,1,0.0,unmapped_possible_person_name,low
Totleben,1,1,1,1.0,unmapped_possible_person_name,low
Totka,1,0,1,0.0,unmapped_possible_person_name,low
inkemportti,1,1,1,1.0,unmapped_possible_person_name,low
ille,1,0,1,0.0,unmapped_possible_person_name,low
ilja,1,0,1,0.0,unmapped_possible_person_name,low
Virvo,1,0,1,0.0,unmapped_possible_person_name,low
iirern (uncertain),1,1,1,1.0,unmapped_possible_person_name,low
Toroskala,1,0,1,0.0,unmapped_possible_person_name,low
Urvo,1,1,1,1.0,unmapped_possible_person_name,low
Torosova,1,0,1,0.0,unmapped_possible_person_name,low
iire,1,0,1,0.0,unmapped_possible_person_name,low
ierikkäisten,1,0,1,0.0,unmapped_possible_person_name,low
Torre,1,0,1,0.0,unmapped_possible_person_name,low
Torsti,1,0,1,0.0,unmapped_possible_person_name,low
Torstikki,1,0,1,0.0,unmapped_possible_person_name,low
Torstilla,1,0,1,0.0,unmapped_possible_person_name,low
Torto,1,0,1,0.0,unmapped_possible_person_name,low
Turoin,1,1,1,1.0,unmapped_possible_person_name,low
Turri,1,0,1,0.0,unmapped_possible_person_name,low
Turruunlinna,1,0,1,0.0,unmapped_possible_person_name,low
Vuolervoinen,1,0,1,0.0,unmapped_possible_person_name,low
Tõrmastu,1,0,1,0.0,unmapped_possible_person_name,low
Tõrr,1,0,1,0.0,unmapped_possible_person_name,low
Ylimö,1,0,1,0.0,unmapped_possible_person_name,low
Yletti,1,0,1,0.0,unmapped_possible_person_name,low
Ykönen,1,0,1,0.0,unmapped_possible_person_name,low
Tölkä,1,0,1,0.0,unmapped_possible_person_name,low
Unmala,1,0,1,0.0,unmapped_possible_person_name,low
Törösaari,1,0,1,0.0,unmapped_possible_person_name,low
Yljen,1,1,1,1.0,unmapped_possible_person_name,low
Töskä,1,0,1,0.0,unmapped_possible_person_name,low
Tötti,1,1,1,1.0,unmapped_possible_person_name,low
Vuolevi,1,0,1,0.0,unmapped_possible_person_name,low
Tündre,1,0,1,0.0,unmapped_possible_person_name,low
Türgi,1,0,1,0.0,unmapped_possible_person_name,low
Türni,1,0,1,0.0,unmapped_possible_person_name,low
Türseva,1,1,1,1.0,unmapped_possible_person_name,low
Tõpre,1,0,1,0.0,unmapped_possible_person_name,low
Tõnur,1,0,1,0.0,unmapped_possible_person_name,low
Turska,1,0,1,0.0,unmapped_possible_person_name,low
Tõnismägi,1,0,1,0.0,unmapped_possible_person_name,low
Tõistre,1,0,1,0.0,unmapped_possible_person_name,low
Tõndsu,1,0,1,0.0,unmapped_possible_person_name,low
Ytikko,1,0,1,0.0,unmapped_possible_person_name,low
Yrstin,1,0,1,0.0,unmapped_possible_person_name,low
Tõnikse,1,0,1,0.0,unmapped_possible_person_name,low
Unnolla,1,1,1,1.0,unmapped_possible_person_name,low
Ymmäntrö,1,0,1,0.0,unmapped_possible_person_name,low
Ylskylä,1,0,1,0.0,unmapped_possible_person_name,low
Tõnule,1,0,1,0.0,unmapped_possible_person_name,low
Yllö,1,1,1,1.0,unmapped_possible_person_name,low
Vuokatti,1,1,1,1.0,unmapped_possible_person_name,low
Tõnn,1,0,1,0.0,unmapped_possible_person_name,low
Tõnn? (uncertain),1,1,1,1.0,unmapped_possible_person_name,low
Tõnnis,1,0,1,0.0,unmapped_possible_person_name,low
Tõntsu,1,0,1,0.0,unmapped_possible_person_name,low
Unno,1,0,1,0.0,unmapped_possible_person_name,low
Türä,1,0,1,0.0,unmapped_possible_person_name,low
Tüür,1,0,1,0.0,unmapped_possible_person_name,low
Wäisänen,1,0,1,0.0,unmapped_possible_person_name,low
Väsmaro,1,0,1,0.0,unmapped_possible_person_name,low
Undre/Proper name,1,1,1,1.0,unmapped_possible_person_name,low
Umeon,1,0,1,0.0,unmapped_possible_person_name,low
Uikvere,1,0,1,0.0,unmapped_possible_person_name,low
Väänatud?,1,1,1,1.0,unmapped_possible_person_name,low
Vätti,1,0,1,0.0,unmapped_possible_person_name,low
Umbsu,1,0,1,0.0,unmapped_possible_person_name,low
Ukku,1,0,1,0.0,unmapped_possible_person_name,low
Vänänen,1,0,1,0.0,unmapped_possible_person_name,low
Willikkala,1,0,1,0.0,unmapped_possible_person_name,low
Väntinen,1,0,1,0.0,unmapped_possible_person_name,low
Ulli,1,0,1,0.0,unmapped_possible_person_name,low
Vändinen,1,0,1,0.0,unmapped_possible_person_name,low
Ullas,1,1,1,1.0,unmapped_possible_person_name,low
Väinö/väinä,1,1,1,1.0,unmapped_possible_person_name,low
Vutti,1,1,1,1.0,unmapped_possible_person_name,low
Vuotla,1,0,1,0.0,unmapped_possible_person_name,low
Uido,1,0,1,0.0,unmapped_possible_person_name,low
Väätsa,1,0,1,0.0,unmapped_possible_person_name,low
Võhma,1,0,1,0.0,unmapped_possible_person_name,low
Võivaku,1,0,1,0.0,unmapped_possible_person_name,low
Tšuuru,1,1,1,1.0,unmapped_possible_person_name,low
Unkumi,1,0,1,0.0,unmapped_possible_person_name,low
Willi/villi,1,1,1,1.0,unmapped_possible_person_name,low
Wiinhuuvi,1,0,1,0.0,unmapped_possible_person_name,low
Vuoli,1,0,1,0.0,unmapped_possible_person_name,low
Võru,1,0,1,0.0,unmapped_possible_person_name,low
Uatila,1,0,1,0.0,unmapped_possible_person_name,low
Ubaris,1,0,1,0.0,unmapped_possible_person_name,low
Udeval,1,0,1,0.0,unmapped_possible_person_name,low
Vuoliantar,1,0,1,0.0,unmapped_possible_person_name,low
Võivistvere,1,0,1,0.0,unmapped_possible_person_name,low
Uffotkaa,1,1,1,1.0,unmapped_possible_person_name,low
Uhalpea (proper noun),1,1,1,1.0,unmapped_possible_person_name,low
Võivere,1,0,1,0.0,unmapped_possible_person_name,low
Uhtna,1,0,1,0.0,unmapped_possible_person_name,low
Tõdu,1,0,1,0.0,unmapped_possible_person_name,low
Täänilinna,1,1,1,1.0,unmapped_possible_person_name,low
Tätilä,1,0,1,0.0,unmapped_possible_person_name,low
Tuuloksi,1,0,1,0.0,unmapped_possible_person_name,low
annukainen,1,0,1,0.0,unmapped_possible_person_name,low
anneteke,1,1,1,1.0,unmapped_possible_person_name,low
Tutjelmoinen,1,0,1,0.0,unmapped_possible_person_name,low
Tuu,1,0,1,0.0,unmapped_possible_person_name,low
anneli,1,1,1,1.0,unmapped_possible_person_name,low
Tuud,1,0,1,0.0,unmapped_possible_person_name,low
Voka,1,0,1,0.0,unmapped_possible_person_name,low
Tuuni,1,0,1,0.0,unmapped_possible_person_name,low
Volla,1,1,1,1.0,unmapped_possible_person_name,low
Tuupala,1,0,1,0.0,unmapped_possible_person_name,low
anja/hän,1,1,1,1.0,unmapped_possible_person_name,low
anikka (hypocoristic name?),1,0,1,0.0,unmapped_possible_person_name,low
Tuurettuinen,1,0,1,0.0,unmapped_possible_person_name,low
Volga,1,0,1,0.0,unmapped_possible_person_name,low
Tuuri (name),1,0,1,0.0,unmapped_possible_person_name,low
andrukas,1,0,1,0.0,unmapped_possible_person_name,low
annukka,1,1,1,1.0,unmapped_possible_person_name,low
Tussi,1,0,1,0.0,unmapped_possible_person_name,low
Unto + maa,1,0,1,0.0,unmapped_possible_person_name,low
anu (proper noun),1,1,1,1.0,unmapped_possible_person_name,low
Turso,1,0,1,0.0,unmapped_possible_person_name,low
eilen,1,1,1,1.0,unmapped_possible_person_name,low
Turtila,1,0,1,0.0,unmapped_possible_person_name,low
eideke,1,1,1,1.0,unmapped_possible_person_name,low
eevakka,1,0,1,0.0,unmapped_possible_person_name,low
eero & maa,1,1,1,1.0,unmapped_possible_person_name,low
Turu,1,0,1,0.0,unmapped_possible_person_name,low
eepriline pull,1,1,1,1.0,unmapped_possible_person_name,low
eeli/eerinkki,1,1,1,1.0,unmapped_possible_person_name,low
Turunen,1,0,1,0.0,unmapped_possible_person_name,low
Tussa,1,0,1,0.0,unmapped_possible_person_name,low
Voadu,1,0,1,0.0,unmapped_possible_person_name,low
edon (name) / eto (archaic),1,1,1,1.0,unmapped_possible_person_name,low
aru/Arju,1,0,1,0.0,unmapped_possible_person_name,low
Unttermo,1,1,1,1.0,unmapped_possible_person_name,low
Volku,1,0,1,0.0,unmapped_possible_person_name,low
Tuusjärvi,1,0,1,0.0,unmapped_possible_person_name,low
Täntti,1,1,1,1.0,unmapped_possible_person_name,low
Ytti,1,1,1,1.0,unmapped_possible_person_name,low
Tynkkönen,1,0,1,0.0,unmapped_possible_person_name,low
Zitting,1,0,1,0.0,unmapped_possible_person_name,low
Yörä,1,0,1,0.0,unmapped_possible_person_name,low
Tyrmä,1,0,1,0.0,unmapped_possible_person_name,low
Tyrmä (place),1,0,1,0.0,unmapped_possible_person_name,low
Tyrmäkoski,1,0,1,0.0,unmapped_possible_person_name,low
Yyrilä,1,1,1,1.0,unmapped_possible_person_name,low
Tyrnä (proper noun) / tyrni,1,1,1,1.0,unmapped_possible_person_name,low
allinkaisa,1,0,1,0.0,unmapped_possible_person_name,low
Tyrsövä,1,0,1,0.0,unmapped_possible_person_name,low
Tyrvä,1,0,1,0.0,unmapped_possible_person_name,low
Tyry,1,0,1,0.0,unmapped_possible_person_name,low
Tyyne,1,1,1,1.0,unmapped_possible_person_name,low
Yttelä,1,0,1,0.0,unmapped_possible_person_name,low
Tyytill,1,0,1,0.0,unmapped_possible_person_name,low
Tählveren,1,0,1,0.0,unmapped_possible_person_name,low
Tykkylä,1,0,1,0.0,unmapped_possible_person_name,low
Tver,1,0,1,0.0,unmapped_possible_person_name,low
Tvattila,1,0,1,0.0,unmapped_possible_person_name,low
Vuase,1,0,1,0.0,unmapped_possible_person_name,low
Voolas,1,0,1,0.0,unmapped_possible_person_name,low
Tuuteri (proper noun),1,0,1,0.0,unmapped_possible_person_name,low
alli & lapsi,1,1,1,1.0,unmapped_possible_person_name,low
akkeri & kaija,1,0,1,0.0,unmapped_possible_person_name,low
Vorttilova,1,0,1,0.0,unmapped_possible_person_name,low
"ai, tiit",1,0,1,0.0,unmapped_possible_person_name,low
ahven & Antti,1,0,1,0.0,unmapped_possible_person_name,low
Vorvali (proper noun),1,0,1,0.0,unmapped_possible_person_name,low
Tuuterissa,1,1,1,1.0,unmapped_possible_person_name,low
Tuuti,1,1,1,1.0,unmapped_possible_person_name,low
ahilauha,1,0,1,0.0,unmapped_possible_person_name,low
Tuutsi,1,1,1,1.0,unmapped_possible_person_name,low
aakari,1,1,1,1.0,unmapped_possible_person_name,low
Unnonmaa,1,1,1,1.0,unmapped_possible_person_name,low
aadu,1,1,1,1.0,unmapped_possible_person_name,low
jütsik,1,0,1,0.0,unmapped_possible_person_name,low
k,1,0,1,0.0,unmapped_possible_person_name,low
Uuho*,1,1,1,1.0,unmapped_possible_person_name,low
Temminen,1,0,1,0.0,unmapped_possible_person_name,low
Teikko,1,0,1,0.0,unmapped_possible_person_name,low
liikanimistö,1,0,1,0.0,unmapped_possible_person_name,low
letty,1,0,1,0.0,unmapped_possible_person_name,low
Villu,1,0,1,0.0,unmapped_possible_person_name,low
Teiskola,1,0,1,0.0,unmapped_possible_person_name,low
Tellervo,1,0,1,0.0,unmapped_possible_person_name,low
leski-Iro,1,1,1,1.0,unmapped_possible_person_name,low
Tenhula,1,0,1,0.0,unmapped_possible_person_name,low
Teijeri,1,0,1,0.0,unmapped_possible_person_name,low
Tenhunen,1,0,1,0.0,unmapped_possible_person_name,low
Tennassilma,1,1,1,1.0,unmapped_possible_person_name,low
Villänd,1,0,1,0.0,unmapped_possible_person_name,low
leppäpirkko,1,0,1,0.0,unmapped_possible_person_name,low
lepatriinu,1,0,1,0.0,unmapped_possible_person_name,low
Tenu,1,0,1,0.0,unmapped_possible_person_name,low
Vilma/vilma,1,1,1,1.0,unmapped_possible_person_name,low
Teijula,1,1,1,1.0,unmapped_possible_person_name,low
liila,1,0,1,0.0,unmapped_possible_person_name,low
Vajakkalaan,1,1,1,1.0,unmapped_possible_person_name,low
Teele,1,0,1,0.0,unmapped_possible_person_name,low
limppu & Pirje,1,0,1,0.0,unmapped_possible_person_name,low
Valio,1,0,1,0.0,unmapped_possible_person_name,low
liiv,1,1,1,1.0,unmapped_possible_person_name,low
Taunus,1,0,1,0.0,unmapped_possible_person_name,low
Tauri,1,0,1,0.0,unmapped_possible_person_name,low
Tavi,1,0,1,0.0,unmapped_possible_person_name,low
liito? (glide),1,1,1,1.0,unmapped_possible_person_name,low
liisukene,1,0,1,0.0,unmapped_possible_person_name,low
liipata & Lassi,1,1,1,1.0,unmapped_possible_person_name,low
Teena,1,1,1,1.0,unmapped_possible_person_name,low
Teenan,1,1,1,1.0,unmapped_possible_person_name,low
Teesu,1,0,1,0.0,unmapped_possible_person_name,low
Tegu,1,0,1,0.0,unmapped_possible_person_name,low
Tehvana,1,1,1,1.0,unmapped_possible_person_name,low
Tehvilä,1,1,1,1.0,unmapped_possible_person_name,low
liisike,1,1,1,1.0,unmapped_possible_person_name,low
Teppan,1,0,1,0.0,unmapped_possible_person_name,low
lemmerguseks,1,1,1,1.0,unmapped_possible_person_name,low
Teppana,1,0,1,0.0,unmapped_possible_person_name,low
kutta&niemi,1,0,1,0.0,unmapped_possible_person_name,low
laari,1,0,1,0.0,unmapped_possible_person_name,low
kyröskoski,1,0,1,0.0,unmapped_possible_person_name,low
Vingur,1,0,1,0.0,unmapped_possible_person_name,low
Tetermoor,1,0,1,0.0,unmapped_possible_person_name,low
kyrölahti,1,0,1,0.0,unmapped_possible_person_name,low
kuusk,1,1,1,1.0,unmapped_possible_person_name,low
kuurukuuru,1,0,1,0.0,unmapped_possible_person_name,low
Tetti/tehdä,1,0,1,0.0,unmapped_possible_person_name,low
Verkuna,1,0,1,0.0,unmapped_possible_person_name,low
kurg/kurete,1,0,1,0.0,unmapped_possible_person_name,low
Vink,1,0,1,0.0,unmapped_possible_person_name,low
kurentua,1,1,1,1.0,unmapped_possible_person_name,low
Teuvo,1,0,1,0.0,unmapped_possible_person_name,low
kurat (archaic bird term),1,1,1,1.0,unmapped_possible_person_name,low
Vinka (proper noun) / vinkua (verb),1,1,1,1.0,unmapped_possible_person_name,low
kuppari & kirsti,1,0,1,0.0,unmapped_possible_person_name,low
laari & Nanna,1,1,1,1.0,unmapped_possible_person_name,low
laatu & kaija,1,1,1,1.0,unmapped_possible_person_name,low
Vakkeri,1,0,1,0.0,unmapped_possible_person_name,low
laku,1,0,1,0.0,unmapped_possible_person_name,low
Vilmi,1,0,1,0.0,unmapped_possible_person_name,low
leikki (name/play),1,1,1,1.0,unmapped_possible_person_name,low
Valent,1,0,1,0.0,unmapped_possible_person_name,low
Vilppu,1,0,1,0.0,unmapped_possible_person_name,low
Terala,1,0,1,0.0,unmapped_possible_person_name,low
Vilska,1,1,1,1.0,unmapped_possible_person_name,low
leenakene,1,0,1,0.0,unmapped_possible_person_name,low
Valda,1,0,1,0.0,unmapped_possible_person_name,low
Vingas,1,0,1,0.0,unmapped_possible_person_name,low
lauri & poika,1,0,1,0.0,unmapped_possible_person_name,low
Valakia,1,0,1,0.0,unmapped_possible_person_name,low
Terenttilä,1,0,1,0.0,unmapped_possible_person_name,low
laskiainen,1,0,1,0.0,unmapped_possible_person_name,low
Terttu,1,1,1,1.0,unmapped_possible_person_name,low
lallu (dialectal),1,0,1,0.0,unmapped_possible_person_name,low
limppu & Pirjo,1,1,1,1.0,unmapped_possible_person_name,low
lipolainen,1,0,1,0.0,unmapped_possible_person_name,low
Tattu,1,1,1,1.0,unmapped_possible_person_name,low
Tanila,1,0,1,0.0,unmapped_possible_person_name,low
manni,1,0,1,0.0,unmapped_possible_person_name,low
malle,1,0,1,0.0,unmapped_possible_person_name,low
Tangut,1,0,1,0.0,unmapped_possible_person_name,low
mall,1,0,1,0.0,unmapped_possible_person_name,low
Tanika,1,0,1,0.0,unmapped_possible_person_name,low
mald & sama,1,1,1,1.0,unmapped_possible_person_name,low
Tanikka,1,0,1,0.0,unmapped_possible_person_name,low
Tanja,1,1,1,1.0,unmapped_possible_person_name,low
Tantruu (proper noun),1,0,1,0.0,unmapped_possible_person_name,low
maku,1,1,1,1.0,unmapped_possible_person_name,low
makkara&Maija,1,0,1,0.0,unmapped_possible_person_name,low
maimu,1,0,1,0.0,unmapped_possible_person_name,low
Vanja,1,0,1,0.0,unmapped_possible_person_name,low
maijukainen,1,1,1,1.0,unmapped_possible_person_name,low
Tanno,1,1,1,1.0,unmapped_possible_person_name,low
maijamaali,1,0,1,0.0,unmapped_possible_person_name,low
Tanel,1,0,1,0.0,unmapped_possible_person_name,low
Tamsi,1,0,1,0.0,unmapped_possible_person_name,low
mannike,1,1,1,1.0,unmapped_possible_person_name,low
mannikene,1,1,1,1.0,unmapped_possible_person_name,low
Taller,1,0,1,0.0,unmapped_possible_person_name,low
marjukene,1,0,1,0.0,unmapped_possible_person_name,low
Talli-Mati,1,0,1,0.0,unmapped_possible_person_name,low
marju,1,0,1,0.0,unmapped_possible_person_name,low
Tallihants,1,0,1,0.0,unmapped_possible_person_name,low
Tallus,1,0,1,0.0,unmapped_possible_person_name,low
marja/maria,1,1,1,1.0,unmapped_possible_person_name,low
maret,1,1,1,1.0,unmapped_possible_person_name,low
mardikene,1,0,1,0.0,unmapped_possible_person_name,low
Talu,1,0,1,0.0,unmapped_possible_person_name,low
Ullesmanni,1,0,1,0.0,unmapped_possible_person_name,low
mara,1,0,1,0.0,unmapped_possible_person_name,low
Tambora,1,0,1,0.0,unmapped_possible_person_name,low
manu (dial.),1,0,1,0.0,unmapped_possible_person_name,low
Tammerkoski,1,0,1,0.0,unmapped_possible_person_name,low
Tanoinmartti,1,0,1,0.0,unmapped_possible_person_name,low
Vilatelhvia,1,1,1,1.0,unmapped_possible_person_name,low
Vallerjuan,1,0,1,0.0,unmapped_possible_person_name,low
Tatjana,1,1,1,1.0,unmapped_possible_person_name,low
luterlane,1,0,1,0.0,unmapped_possible_person_name,low
lulla,1,0,1,0.0,unmapped_possible_person_name,low
Vilk,1,0,1,0.0,unmapped_possible_person_name,low
Tasamartti,1,1,1,1.0,unmapped_possible_person_name,low
Tasku-Liisa,1,0,1,0.0,unmapped_possible_person_name,low
Tatja,1,0,1,0.0,unmapped_possible_person_name,low
loko+atti,1,0,1,0.0,unmapped_possible_person_name,low
Tato,1,1,1,1.0,unmapped_possible_person_name,low
Valter,1,0,1,0.0,unmapped_possible_person_name,low
Vilkkula,1,0,1,0.0,unmapped_possible_person_name,low
lohi&Liisa,1,0,1,0.0,unmapped_possible_person_name,low
Tatramaa,1,0,1,0.0,unmapped_possible_person_name,low
lippu & Tiina,1,1,1,1.0,unmapped_possible_person_name,low
Tats,1,0,1,0.0,unmapped_possible_person_name,low
Tattari,1,0,1,0.0,unmapped_possible_person_name,low
Tatterik,1,1,1,1.0,unmapped_possible_person_name,low
lutikka,1,0,1,0.0,unmapped_possible_person_name,low
Vilist,1,0,1,0.0,unmapped_possible_person_name,low
maali,1,0,1,0.0,unmapped_possible_person_name,low
maariankukka (hypothetical),1,1,1,1.0,unmapped_possible_person_name,low
Tapaninpäivä,1,0,1,0.0,unmapped_possible_person_name,low
Tapiaini,1,0,1,0.0,unmapped_possible_person_name,low
maias,1,0,1,0.0,unmapped_possible_person_name,low
Tapiola,1,0,1,0.0,unmapped_possible_person_name,low
Vilhelmi,1,0,1,0.0,unmapped_possible_person_name,low
Tappola,1,1,1,1.0,unmapped_possible_person_name,low
Valmo,1,0,1,0.0,unmapped_possible_person_name,low
Taramäki,1,0,1,0.0,unmapped_possible_person_name,low
Tari,1,0,1,0.0,unmapped_possible_person_name,low
Vallola,1,0,1,0.0,unmapped_possible_person_name,low
mahtiponti,1,0,1,0.0,unmapped_possible_person_name,low
maha/manu,1,1,1,1.0,unmapped_possible_person_name,low
Vallikki,1,0,1,0.0,unmapped_possible_person_name,low
madal/Mana (name),1,1,1,1.0,unmapped_possible_person_name,low
Tarm,1,0,1,0.0,unmapped_possible_person_name,low
Vakkala,1,0,1,0.0,unmapped_possible_person_name,low
Vinkki,1,0,1,0.0,unmapped_possible_person_name,low
kaakka,1,0,1,0.0,unmapped_possible_person_name,low
kaiponen,1,0,1,0.0,unmapped_possible_person_name,low
Tina,1,0,1,0.0,unmapped_possible_person_name,low
Tinatsu,1,0,1,0.0,unmapped_possible_person_name,low
Virkuu,1,0,1,0.0,unmapped_possible_person_name,low
Tinno,1,0,1,0.0,unmapped_possible_person_name,low
kaja/kai,1,1,1,1.0,unmapped_possible_person_name,low
Tinttanteli,1,0,1,0.0,unmapped_possible_person_name,low
Tinttarivuori,1,0,1,0.0,unmapped_possible_person_name,low
Tinur,1,0,1,0.0,unmapped_possible_person_name,low
kakkotuuli,1,0,1,0.0,unmapped_possible_person_name,low
Tippa-Heikki,1,0,1,0.0,unmapped_possible_person_name,low
kainulainen,1,0,1,0.0,unmapped_possible_person_name,low
kainu (regional),1,0,1,0.0,unmapped_possible_person_name,low
Virma,1,1,1,1.0,unmapped_possible_person_name,low
kainel,1,0,1,0.0,unmapped_possible_person_name,low
Uustar,1,0,1,0.0,unmapped_possible_person_name,low
Tipperi,1,0,1,0.0,unmapped_possible_person_name,low
Timpermanni,1,0,1,0.0,unmapped_possible_person_name,low
Uuvekirko,1,0,1,0.0,unmapped_possible_person_name,low
kuokkala,1,0,1,0.0,unmapped_possible_person_name,low
Timo (place),1,1,1,1.0,unmapped_possible_person_name,low
kanakaija,1,0,1,0.0,unmapped_possible_person_name,low
Vaaseli,1,0,1,0.0,unmapped_possible_person_name,low
Virkkala,1,0,1,0.0,unmapped_possible_person_name,low
Tilutalu,1,0,1,0.0,unmapped_possible_person_name,low
kana & Sotto,1,0,1,0.0,unmapped_possible_person_name,low
Vaakeri,1,0,1,0.0,unmapped_possible_person_name,low
Vaaker,1,0,1,0.0,unmapped_possible_person_name,low
Vaaja,1,0,1,0.0,unmapped_possible_person_name,low
Uvo,1,0,1,0.0,unmapped_possible_person_name,low
Timo (proper noun),1,1,1,1.0,unmapped_possible_person_name,low
kalle,1,0,1,0.0,unmapped_possible_person_name,low
Virkkulanmäki,1,0,1,0.0,unmapped_possible_person_name,low
kalervikko,1,0,1,0.0,unmapped_possible_person_name,low
Timola,1,0,1,0.0,unmapped_possible_person_name,low
Timon,1,1,1,1.0,unmapped_possible_person_name,low
kala&Kaija,1,0,1,0.0,unmapped_possible_person_name,low
kaijukainen,1,1,1,1.0,unmapped_possible_person_name,low
kaiho,1,0,1,0.0,unmapped_possible_person_name,low
Tirbikelta,1,0,1,0.0,unmapped_possible_person_name,low
Toll,1,0,1,0.0,unmapped_possible_person_name,low
Toikkanen,1,0,1,0.0,unmapped_possible_person_name,low
Toikko,1,0,1,0.0,unmapped_possible_person_name,low
Toini,1,0,1,0.0,unmapped_possible_person_name,low
kadr,1,0,1,0.0,unmapped_possible_person_name,low
Tokero,1,0,1,0.0,unmapped_possible_person_name,low
Tolberi,1,0,1,0.0,unmapped_possible_person_name,low
Toletti,1,0,1,0.0,unmapped_possible_person_name,low
kadi,1,0,1,0.0,unmapped_possible_person_name,low
Tireli,1,1,1,1.0,unmapped_possible_person_name,low
kaataa & Riina,1,1,1,1.0,unmapped_possible_person_name,low
kaarlepyy,1,1,1,1.0,unmapped_possible_person_name,low
Tomilgas,1,0,1,0.0,unmapped_possible_person_name,low
Virpelä,1,0,1,0.0,unmapped_possible_person_name,low
kaali & Kaija,1,0,1,0.0,unmapped_possible_person_name,low
Tommingas,1,0,1,0.0,unmapped_possible_person_name,low
Uulandi,1,0,1,0.0,unmapped_possible_person_name,low
Uurak,1,0,1,0.0,unmapped_possible_person_name,low
Uurias,1,0,1,0.0,unmapped_possible_person_name,low
Uuritselli,1,0,1,0.0,unmapped_possible_person_name,low
kadrisaadik,1,1,1,1.0,unmapped_possible_person_name,low
Uustalu,1,0,1,0.0,unmapped_possible_person_name,low
Tiresk,1,0,1,0.0,unmapped_possible_person_name,low
Tirkkonen,1,0,1,0.0,unmapped_possible_person_name,low
Titro (name),1,1,1,1.0,unmapped_possible_person_name,low
kai(e)l,1,1,1,1.0,unmapped_possible_person_name,low
Virnes,1,0,1,0.0,unmapped_possible_person_name,low
Tiu,1,0,1,0.0,unmapped_possible_person_name,low
Tiuku-Tahvo,1,0,1,0.0,unmapped_possible_person_name,low
Tiura,1,0,1,0.0,unmapped_possible_person_name,low
Tiuri,1,0,1,0.0,unmapped_possible_person_name,low
Uuru,1,0,1,0.0,unmapped_possible_person_name,low
To,1,0,1,0.0,unmapped_possible_person_name,low
kadrisandid,1,0,1,0.0,unmapped_possible_person_name,low
Tobrova,1,0,1,0.0,unmapped_possible_person_name,low
Tohand,1,1,1,1.0,unmapped_possible_person_name,low
kapakka-Lassi,1,1,1,1.0,unmapped_possible_person_name,low
Vabrits,1,0,1,0.0,unmapped_possible_person_name,low
Tillis,1,0,1,0.0,unmapped_possible_person_name,low
koi,1,0,1,0.0,unmapped_possible_person_name,low
Vainopä,1,0,1,0.0,unmapped_possible_person_name,low
kokko,1,0,1,0.0,unmapped_possible_person_name,low
Tiinu,1,1,1,1.0,unmapped_possible_person_name,low
kokkeli,1,0,1,0.0,unmapped_possible_person_name,low
Vippu,1,0,1,0.0,unmapped_possible_person_name,low
Vainonpirttö,1,1,1,1.0,unmapped_possible_person_name,low
koidu-Jaaku,1,0,1,0.0,unmapped_possible_person_name,low
kobi,1,0,1,0.0,unmapped_possible_person_name,low
kilo&Kirsti,1,0,1,0.0,unmapped_possible_person_name,low
kivikiikka,1,0,1,0.0,unmapped_possible_person_name,low
kitti,1,1,1,1.0,unmapped_possible_person_name,low
Tiitan,1,1,1,1.0,unmapped_possible_person_name,low
Virboi,1,0,1,0.0,unmapped_possible_person_name,low
Vaino,1,0,1,0.0,unmapped_possible_person_name,low
Vaimalainen,1,1,1,1.0,unmapped_possible_person_name,low
Tiitilä,1,0,1,0.0,unmapped_possible_person_name,low
Tiimu,1,0,1,0.0,unmapped_possible_person_name,low
Tiilu,1,0,1,0.0,unmapped_possible_person_name,low
kontio,1,0,1,0.0,unmapped_possible_person_name,low
koppelo,1,1,1,1.0,unmapped_possible_person_name,low
kulta+ralli,1,0,1,0.0,unmapped_possible_person_name,low
kukkeli,1,0,1,0.0,unmapped_possible_person_name,low
Tibu-Jaaku,1,0,1,0.0,unmapped_possible_person_name,low
kuk,1,0,1,0.0,unmapped_possible_person_name,low
Tibur,1,0,1,0.0,unmapped_possible_person_name,low
Vainu,1,0,1,0.0,unmapped_possible_person_name,low
kuija,1,0,1,0.0,unmapped_possible_person_name,low
kruus,1,1,1,1.0,unmapped_possible_person_name,low
Tiianen,1,0,1,0.0,unmapped_possible_person_name,low
Tiider,1,0,1,0.0,unmapped_possible_person_name,low
kroetama,1,0,1,0.0,unmapped_possible_person_name,low
Vainste,1,0,1,0.0,unmapped_possible_person_name,low
koti/Kotti,1,1,1,1.0,unmapped_possible_person_name,low
Vio,1,0,1,0.0,unmapped_possible_person_name,low
korts,1,0,1,0.0,unmapped_possible_person_name,low
Vaikvere,1,0,1,0.0,unmapped_possible_person_name,low
killi/kiili,1,1,1,1.0,unmapped_possible_person_name,low
kapo,1,0,1,0.0,unmapped_possible_person_name,low
katinkukka,1,1,1,1.0,unmapped_possible_person_name,low
Vaemla,1,0,1,0.0,unmapped_possible_person_name,low
Tiivo-ka,1,1,1,1.0,unmapped_possible_person_name,low
Vaeda,1,0,1,0.0,unmapped_possible_person_name,low
Tikk,1,0,1,0.0,unmapped_possible_person_name,low
katti,1,0,1,0.0,unmapped_possible_person_name,low
Tikka (name),1,1,1,1.0,unmapped_possible_person_name,low
katrike,1,1,1,1.0,unmapped_possible_person_name,low
Vadu,1,0,1,0.0,unmapped_possible_person_name,low
killi (name) / kiili (bird),1,1,1,1.0,unmapped_possible_person_name,low
katanmarja,1,1,1,1.0,unmapped_possible_person_name,low
Tilleri (proper noun),1,1,1,1.0,unmapped_possible_person_name,low
kataja,1,0,1,0.0,unmapped_possible_person_name,low
karvakko+Olli,1,0,1,0.0,unmapped_possible_person_name,low
karppa,1,0,1,0.0,unmapped_possible_person_name,low
kare (rough) / Kare (name),1,1,1,1.0,unmapped_possible_person_name,low
Tillikka,1,0,1,0.0,unmapped_possible_person_name,low
Tiivo,1,1,1,1.0,unmapped_possible_person_name,low
katu,1,1,1,1.0,unmapped_possible_person_name,low
kavva,1,0,1,0.0,unmapped_possible_person_name,low
Vagup,1,1,1,1.0,unmapped_possible_person_name,low
Vaia,1,0,1,0.0,unmapped_possible_person_name,low
kilja,1,0,1,0.0,unmapped_possible_person_name,low
kild,1,0,1,0.0,unmapped_possible_person_name,low
kiilu,1,0,1,0.0,unmapped_possible_person_name,low
kieli & Kirsti,1,0,1,0.0,unmapped_possible_person_name,low
ketsi,1,0,1,0.0,unmapped_possible_person_name,low
ketra,1,0,1,0.0,unmapped_possible_person_name,low
Tiitula,1,0,1,0.0,unmapped_possible_person_name,low
Tiitula-meteli,1,1,1,1.0,unmapped_possible_person_name,low
Vahi-Villem,1,0,1,0.0,unmapped_possible_person_name,low
kenokeskiviikko,1,0,1,0.0,unmapped_possible_person_name,low
Virkane,1,0,1,0.0,unmapped_possible_person_name,low
Vahi,1,0,1,0.0,unmapped_possible_person_name,low
Tiiu (proper name),1,0,1,0.0,unmapped_possible_person_name,low
Tiiu (refrain),1,1,1,1.0,unmapped_possible_person_name,low
Venni,1,0,1,0.0,unmapped_possible_person_name,low
(name) Hekko,1,1,1,1.0,unmapped_possible_person_name,low
Raisjo,1,0,1,0.0,unmapped_possible_person_name,low
Jänölä,1,0,1,0.0,unmapped_possible_person_name,low
Järv,1,0,1,0.0,unmapped_possible_person_name,low
Jäsk,1,0,1,0.0,unmapped_possible_person_name,low
Jäski,1,1,1,1.0,unmapped_possible_person_name,low
Jäss,1,1,1,1.0,unmapped_possible_person_name,low
Jässä,1,0,1,0.0,unmapped_possible_person_name,low
Jääske,1,0,1,0.0,unmapped_possible_person_name,low
Jüri Antsu,1,1,1,1.0,unmapped_possible_person_name,low
Jürisi,1,0,1,0.0,unmapped_possible_person_name,low
Jürjova,1,0,1,0.0,unmapped_possible_person_name,low
Jürmann,1,0,1,0.0,unmapped_possible_person_name,low
Jürnal,1,0,1,0.0,unmapped_possible_person_name,low
Jürni,1,0,1,0.0,unmapped_possible_person_name,low
Kaabernau,1,0,1,0.0,unmapped_possible_person_name,low
Kaabur,1,1,1,1.0,unmapped_possible_person_name,low
Kaaburi,1,0,1,0.0,unmapped_possible_person_name,low
Kaadi,1,0,1,0.0,unmapped_possible_person_name,low
Kaageman,1,0,1,0.0,unmapped_possible_person_name,low
Kaagermann,1,0,1,0.0,unmapped_possible_person_name,low
Kaapo,1,0,1,0.0,unmapped_possible_person_name,low
Kaaras,1,1,1,1.0,unmapped_possible_person_name,low
Kaarassa,1,0,1,0.0,unmapped_possible_person_name,low
Kaarela,1,0,1,0.0,unmapped_possible_person_name,low
Kaarelindrik,1,0,1,0.0,unmapped_possible_person_name,low
Järd,1,0,1,0.0,unmapped_possible_person_name,low
Jämsä & Maija,1,1,1,1.0,unmapped_possible_person_name,low
Kaavastu,1,0,1,0.0,unmapped_possible_person_name,low
Jämsti,1,0,1,0.0,unmapped_possible_person_name,low
Julius,1,0,1,0.0,unmapped_possible_person_name,low
Julle,1,0,1,0.0,unmapped_possible_person_name,low
Jullin,1,1,1,1.0,unmapped_possible_person_name,low
Julliskoukku,1,0,1,0.0,unmapped_possible_person_name,low
Jundsu,1,0,1,0.0,unmapped_possible_person_name,low
Jungri,1,1,1,1.0,unmapped_possible_person_name,low
Junnila,1,0,1,0.0,unmapped_possible_person_name,low
Junta,1,0,1,0.0,unmapped_possible_person_name,low
Juntsu,1,0,1,0.0,unmapped_possible_person_name,low
Juomalainen,1,1,1,1.0,unmapped_possible_person_name,low
Juortaan,1,0,1,0.0,unmapped_possible_person_name,low
Juortanen,1,1,1,1.0,unmapped_possible_person_name,low
Juortano,1,1,1,1.0,unmapped_possible_person_name,low
Juosep,1,0,1,0.0,unmapped_possible_person_name,low
Jupo,1,0,1,0.0,unmapped_possible_person_name,low
Jurnal,1,0,1,0.0,unmapped_possible_person_name,low
Juska,1,0,1,0.0,unmapped_possible_person_name,low
Justel,1,0,1,0.0,unmapped_possible_person_name,low
Juttila,1,0,1,0.0,unmapped_possible_person_name,low
Juua,1,1,1,1.0,unmapped_possible_person_name,low
Juusa,1,0,1,0.0,unmapped_possible_person_name,low
Juuti,1,0,1,0.0,unmapped_possible_person_name,low
Jäkkijärvi,1,0,1,0.0,unmapped_possible_person_name,low
Kaatrakoski,1,0,1,0.0,unmapped_possible_person_name,low
Kaavetnitsa,1,0,1,0.0,unmapped_possible_person_name,low
Jula,1,0,1,0.0,unmapped_possible_person_name,low
Kaldermann,1,0,1,0.0,unmapped_possible_person_name,low
Kalervainen,1,1,1,1.0,unmapped_possible_person_name,low
Kalervikko (proper noun),1,0,1,0.0,unmapped_possible_person_name,low
Kalervu,1,0,1,0.0,unmapped_possible_person_name,low
Kalika,1,0,1,0.0,unmapped_possible_person_name,low
Kaljo,1,0,1,0.0,unmapped_possible_person_name,low
Kalju,1,1,1,1.0,unmapped_possible_person_name,low
Kalkkainen,1,0,1,0.0,unmapped_possible_person_name,low
Kalkkimäki,1,0,1,0.0,unmapped_possible_person_name,low
Kalle (proper noun),1,0,1,0.0,unmapped_possible_person_name,low
Kalle/kallio,1,1,1,1.0,unmapped_possible_person_name,low
Kalle/kallis,1,1,1,1.0,unmapped_possible_person_name,low
Kallervoista,1,1,1,1.0,unmapped_possible_person_name,low
Kallu,1,0,1,0.0,unmapped_possible_person_name,low
Kalo,1,0,1,0.0,unmapped_possible_person_name,low
Kalsus,1,1,1,1.0,unmapped_possible_person_name,low
Kamja,1,0,1,0.0,unmapped_possible_person_name,low
Kamppuli,1,0,1,0.0,unmapped_possible_person_name,low
Kamsar,1,1,1,1.0,unmapped_possible_person_name,low
Kandrätti,1,0,1,0.0,unmapped_possible_person_name,low
Kanelis,1,0,1,0.0,unmapped_possible_person_name,low
Kanerva,1,0,1,0.0,unmapped_possible_person_name,low
Kanervan,1,1,1,1.0,unmapped_possible_person_name,low
Kangas-Antit,1,0,1,0.0,unmapped_possible_person_name,low
Kalerei,1,0,1,0.0,unmapped_possible_person_name,low
Kala,1,1,1,1.0,unmapped_possible_person_name,low
Kaber,1,1,1,1.0,unmapped_possible_person_name,low
Kakonaho,1,0,1,0.0,unmapped_possible_person_name,low
Kabriota,1,0,1,0.0,unmapped_possible_person_name,low
Kadres,1,0,1,0.0,unmapped_possible_person_name,low
Kadri & Udri,1,0,1,0.0,unmapped_possible_person_name,low
Kadrikari,1,1,1,1.0,unmapped_possible_person_name,low
Kagla,1,0,1,0.0,unmapped_possible_person_name,low
Kaia,1,1,1,1.0,unmapped_possible_person_name,low
Kaie+kene,1,1,1,1.0,unmapped_possible_person_name,low
Kaieda,1,0,1,0.0,unmapped_possible_person_name,low
Kaiel,1,0,1,0.0,unmapped_possible_person_name,low
Kaijo,1,0,1,0.0,unmapped_possible_person_name,low
Kaimri,1,0,1,0.0,unmapped_possible_person_name,low
Kainu,1,0,1,0.0,unmapped_possible_person_name,low
Kainu (unclear),1,1,1,1.0,unmapped_possible_person_name,low
Kaipaala,1,0,1,0.0,unmapped_possible_person_name,low
Kaisastiina,1,0,1,0.0,unmapped_possible_person_name,low
Kaisma,1,0,1,0.0,unmapped_possible_person_name,low
Kaiso,1,0,1,0.0,unmapped_possible_person_name,low
Kaiukene,1,1,1,1.0,unmapped_possible_person_name,low
Kaj,1,1,1,1.0,unmapped_possible_person_name,low
Kajani,1,0,1,0.0,unmapped_possible_person_name,low
Kakaduu,1,0,1,0.0,unmapped_possible_person_name,low
Kakkula,1,0,1,0.0,unmapped_possible_person_name,low
Kako,1,0,1,0.0,unmapped_possible_person_name,low
Julianna,1,0,1,0.0,unmapped_possible_person_name,low
Jukuri,1,1,1,1.0,unmapped_possible_person_name,low
Kannervo,1,0,1,0.0,unmapped_possible_person_name,low
Ilnitsä (proper noun),1,0,1,0.0,unmapped_possible_person_name,low
Imantrojärvi,1,0,1,0.0,unmapped_possible_person_name,low
Imbi,1,0,1,0.0,unmapped_possible_person_name,low
Imeinen,1,0,1,0.0,unmapped_possible_person_name,low
Immingi,1,0,1,0.0,unmapped_possible_person_name,low
Immo,1,0,1,0.0,unmapped_possible_person_name,low
Indi,1,0,1,0.0,unmapped_possible_person_name,low
Indsu,1,1,1,1.0,unmapped_possible_person_name,low
Inga,1,0,1,0.0,unmapped_possible_person_name,low
Ingelant,1,0,1,0.0,unmapped_possible_person_name,low
Inkka,1,0,1,0.0,unmapped_possible_person_name,low
Inko,1,0,1,0.0,unmapped_possible_person_name,low
Inspeli,1,0,1,0.0,unmapped_possible_person_name,low
Ints,1,0,1,0.0,unmapped_possible_person_name,low
Intu,1,0,1,0.0,unmapped_possible_person_name,low
Ips+l,1,0,1,0.0,unmapped_possible_person_name,low
Ips+le+gi,1,0,1,0.0,unmapped_possible_person_name,low
Iram,1,0,1,0.0,unmapped_possible_person_name,low
Iriska,1,0,1,0.0,unmapped_possible_person_name,low
Iron,1,0,1,0.0,unmapped_possible_person_name,low
Isak,1,1,1,1.0,unmapped_possible_person_name,low
Isakki,1,0,1,0.0,unmapped_possible_person_name,low
Ismarat,1,0,1,0.0,unmapped_possible_person_name,low
Ismaroi,1,1,1,1.0,unmapped_possible_person_name,low
Imantro,1,0,1,0.0,unmapped_possible_person_name,low
Ilmoilan,1,1,1,1.0,unmapped_possible_person_name,low
Israel,1,1,1,1.0,unmapped_possible_person_name,low
Ilmoila,1,0,1,0.0,unmapped_possible_person_name,low
Ihe,1,0,1,0.0,unmapped_possible_person_name,low
Iho,1,0,1,0.0,unmapped_possible_person_name,low
Iikka,1,0,1,0.0,unmapped_possible_person_name,low
Iikoski,1,0,1,0.0,unmapped_possible_person_name,low
Iiksensuo,1,0,1,0.0,unmapped_possible_person_name,low
Iilu,1,0,1,0.0,unmapped_possible_person_name,low
Iin,1,0,1,0.0,unmapped_possible_person_name,low
Iinsalmi,1,0,1,0.0,unmapped_possible_person_name,low
Iiomaa,1,0,1,0.0,unmapped_possible_person_name,low
Iireerne,1,0,1,0.0,unmapped_possible_person_name,low
Iisak,1,1,1,1.0,unmapped_possible_person_name,low
Iisak-kin,1,0,1,0.0,unmapped_possible_person_name,low
Iisti,1,1,1,1.0,unmapped_possible_person_name,low
Iita (name),1,1,1,1.0,unmapped_possible_person_name,low
Iita (proper noun),1,0,1,0.0,unmapped_possible_person_name,low
Iittova,1,0,1,0.0,unmapped_possible_person_name,low
Iiva,1,0,1,0.0,unmapped_possible_person_name,low
Iiverikko,1,0,1,0.0,unmapped_possible_person_name,low
Iivo-ka,1,1,1,1.0,unmapped_possible_person_name,low
Ikonen,1,0,1,0.0,unmapped_possible_person_name,low
Iljas,1,0,1,0.0,unmapped_possible_person_name,low
Iljasta,1,0,1,0.0,unmapped_possible_person_name,low
Illi,1,0,1,0.0,unmapped_possible_person_name,low
Iso-Evo,1,0,1,0.0,unmapped_possible_person_name,low
Isto,1,0,1,0.0,unmapped_possible_person_name,low
Juku/jooksja,1,1,1,1.0,unmapped_possible_person_name,low
Johra,1,0,1,0.0,unmapped_possible_person_name,low
Joost,1,0,1,0.0,unmapped_possible_person_name,low
Joosu,1,0,1,0.0,unmapped_possible_person_name,low
Joppa,1,0,1,0.0,unmapped_possible_person_name,low
Joppi,1,0,1,0.0,unmapped_possible_person_name,low
Jorik,1,0,1,0.0,unmapped_possible_person_name,low
Jorkahu,1,0,1,0.0,unmapped_possible_person_name,low
Jorkova,1,0,1,0.0,unmapped_possible_person_name,low
Jorolainen,1,0,1,0.0,unmapped_possible_person_name,low
Jorosalma,1,1,1,1.0,unmapped_possible_person_name,low
Jorosalmi,1,0,1,0.0,unmapped_possible_person_name,low
Jortaan,1,0,1,0.0,unmapped_possible_person_name,low
Jortanainen,1,1,1,1.0,unmapped_possible_person_name,low
Jortanen,1,1,1,1.0,unmapped_possible_person_name,low
Jortani,1,0,1,0.0,unmapped_possible_person_name,low
Jortikka,1,0,1,0.0,unmapped_possible_person_name,low
Jortta,1,1,1,1.0,unmapped_possible_person_name,low
Jorttanen,1,0,1,0.0,unmapped_possible_person_name,low
Josva,1,0,1,0.0,unmapped_possible_person_name,low
Joukeinen,1,0,1,0.0,unmapped_possible_person_name,low
Juakko,1,0,1,0.0,unmapped_possible_person_name,low
Juakolle,1,1,1,1.0,unmapped_possible_person_name,low
Juhana,1,0,1,0.0,unmapped_possible_person_name,low
Jukola,1,0,1,0.0,unmapped_possible_person_name,low
Jooda,1,0,1,0.0,unmapped_possible_person_name,low
Jogomo+ni,1,0,1,0.0,unmapped_possible_person_name,low
Isämeirä,1,1,1,1.0,unmapped_possible_person_name,low
Joel,1,0,1,0.0,unmapped_possible_person_name,low
Itami,1,0,1,0.0,unmapped_possible_person_name,low
Ito,1,0,1,0.0,unmapped_possible_person_name,low
Itse(n),1,1,1,1.0,unmapped_possible_person_name,low
Jaagup,1,1,1,1.0,unmapped_possible_person_name,low
Jaakup,1,0,1,0.0,unmapped_possible_person_name,low
Jaama,1,0,1,0.0,unmapped_possible_person_name,low
Jaanike,1,1,1,1.0,unmapped_possible_person_name,low
Jaanus,1,0,1,0.0,unmapped_possible_person_name,low
Jaarin,1,1,1,1.0,unmapped_possible_person_name,low
Jaavel (proper noun),1,1,1,1.0,unmapped_possible_person_name,low
Jakapi_küla,1,0,1,0.0,unmapped_possible_person_name,low
Jallin,1,1,1,1.0,unmapped_possible_person_name,low
Jalta,1,0,1,0.0,unmapped_possible_person_name,low
Jantsu,1,0,1,0.0,unmapped_possible_person_name,low
Jarmi,1,0,1,0.0,unmapped_possible_person_name,low
Jaska (proper noun),1,0,1,0.0,unmapped_possible_person_name,low
Jassi,1,0,1,0.0,unmapped_possible_person_name,low
Jeeva,1,0,1,0.0,unmapped_possible_person_name,low
Jerikka,1,1,1,1.0,unmapped_possible_person_name,low
Jerkka,1,1,1,1.0,unmapped_possible_person_name,low
Jesse,1,0,1,0.0,unmapped_possible_person_name,low
Jevo (proper noun),1,0,1,0.0,unmapped_possible_person_name,low
Joagu,1,0,1,0.0,unmapped_possible_person_name,low
Kangaskaija,1,0,1,0.0,unmapped_possible_person_name,low
Kanniainen,1,0,1,0.0,unmapped_possible_person_name,low
Ieva,1,0,1,0.0,unmapped_possible_person_name,low
Kirst,1,0,1,0.0,unmapped_possible_person_name,low
Kirstinen,1,0,1,0.0,unmapped_possible_person_name,low
Kiska,1,0,1,0.0,unmapped_possible_person_name,low
Kiske,1,0,1,0.0,unmapped_possible_person_name,low
Kissi,1,0,1,0.0,unmapped_possible_person_name,low
Kitis,1,0,1,0.0,unmapped_possible_person_name,low
Kivennava,1,1,1,1.0,unmapped_possible_person_name,low
Kivit,1,0,1,0.0,unmapped_possible_person_name,low
Klaara,1,0,1,0.0,unmapped_possible_person_name,low
Klaus & kulta,1,0,1,0.0,unmapped_possible_person_name,low
Klaus-kulta,1,0,1,0.0,unmapped_possible_person_name,low
Klimu,1,0,1,0.0,unmapped_possible_person_name,low
Klyyssi,1,0,1,0.0,unmapped_possible_person_name,low
Knihtilä,1,0,1,0.0,unmapped_possible_person_name,low
Knuuti,1,1,1,1.0,unmapped_possible_person_name,low
Knuutteli,1,1,1,1.0,unmapped_possible_person_name,low
Koaaso,1,0,1,0.0,unmapped_possible_person_name,low
Koali,1,1,1,1.0,unmapped_possible_person_name,low
Kogemed,1,0,1,0.0,unmapped_possible_person_name,low
Koi,1,0,1,0.0,unmapped_possible_person_name,low
Koigo,1,1,1,1.0,unmapped_possible_person_name,low
Koikkala,1,0,1,0.0,unmapped_possible_person_name,low
Koiola,1,1,1,1.0,unmapped_possible_person_name,low
Koitere,1,0,1,0.0,unmapped_possible_person_name,low
Kirsti (proper noun),1,1,1,1.0,unmapped_possible_person_name,low
Kirssu,1,0,1,0.0,unmapped_possible_person_name,low
Koittola,1,0,1,0.0,unmapped_possible_person_name,low
Kirkelä,1,0,1,0.0,unmapped_possible_person_name,low
Killi (proper noun),1,1,1,1.0,unmapped_possible_person_name,low
Killinge,1,0,1,0.0,unmapped_possible_person_name,low
Kilsus,1,1,1,1.0,unmapped_possible_person_name,low
Kiltsi,1,0,1,0.0,unmapped_possible_person_name,low
Kilvandu,1,0,1,0.0,unmapped_possible_person_name,low
Kimai,1,0,1,0.0,unmapped_possible_person_name,low
Kimbalu,1,0,1,0.0,unmapped_possible_person_name,low
Kimmeri,1,0,1,0.0,unmapped_possible_person_name,low
Kimo,1,1,1,1.0,unmapped_possible_person_name,low
Kimpo,1,0,1,0.0,unmapped_possible_person_name,low
Kinerva,1,0,1,0.0,unmapped_possible_person_name,low
Kinnari,1,0,1,0.0,unmapped_possible_person_name,low
Kinneri,1,0,1,0.0,unmapped_possible_person_name,low
Kinniainen,1,0,1,0.0,unmapped_possible_person_name,low
Kinnunen,1,0,1,0.0,unmapped_possible_person_name,low
Kipo,1,0,1,0.0,unmapped_possible_person_name,low
Kippel,1,0,1,0.0,unmapped_possible_person_name,low
Kipper,1,0,1,0.0,unmapped_possible_person_name,low
Kipponen,1,0,1,0.0,unmapped_possible_person_name,low
Kips,1,0,1,0.0,unmapped_possible_person_name,low
Kirg,1,0,1,0.0,unmapped_possible_person_name,low
Kirilan,1,1,1,1.0,unmapped_possible_person_name,low
Kirjelä,1,0,1,0.0,unmapped_possible_person_name,low
Koitse,1,1,1,1.0,unmapped_possible_person_name,low
Koj,1,0,1,0.0,unmapped_possible_person_name,low
Kilk,1,0,1,0.0,unmapped_possible_person_name,low
Kontsa,1,0,1,0.0,unmapped_possible_person_name,low
Koovit,1,0,1,0.0,unmapped_possible_person_name,low
Kooviti,1,0,1,0.0,unmapped_possible_person_name,low
Kopeli,1,0,1,0.0,unmapped_possible_person_name,low
Kopittala,1,1,1,1.0,unmapped_possible_person_name,low
Kople,1,0,1,0.0,unmapped_possible_person_name,low
Kopo,1,0,1,0.0,unmapped_possible_person_name,low
Koponen,1,0,1,0.0,unmapped_possible_person_name,low
Koppala,1,1,1,1.0,unmapped_possible_person_name,low
Koppoli,1,0,1,0.0,unmapped_possible_person_name,low
Korea,1,0,1,0.0,unmapped_possible_person_name,low
Koria,1,1,1,1.0,unmapped_possible_person_name,low
Korju,1,0,1,0.0,unmapped_possible_person_name,low
Koro,1,0,1,0.0,unmapped_possible_person_name,low
Korsna,1,0,1,0.0,unmapped_possible_person_name,low
Kostinoi,1,0,1,0.0,unmapped_possible_person_name,low
Kosula,1,0,1,0.0,unmapped_possible_person_name,low
Kotilt,1,0,1,0.0,unmapped_possible_person_name,low
Kotre,1,0,1,0.0,unmapped_possible_person_name,low
Kotro,1,0,1,0.0,unmapped_possible_person_name,low
Kotselassa,1,1,1,1.0,unmapped_possible_person_name,low
Kouks,1,0,1,0.0,unmapped_possible_person_name,low
Kraatali,1,0,1,0.0,unmapped_possible_person_name,low
Kraatari,1,0,1,0.0,unmapped_possible_person_name,low
Koogu,1,0,1,0.0,unmapped_possible_person_name,low
Kontjaan,1,0,1,0.0,unmapped_possible_person_name,low
Koka+l,1,0,1,0.0,unmapped_possible_person_name,low
Kontio,1,0,1,0.0,unmapped_possible_person_name,low
Koka+le+gi,1,0,1,0.0,unmapped_possible_person_name,low
Kokko,1,1,1,1.0,unmapped_possible_person_name,low
Kokkolan,1,0,1,0.0,unmapped_possible_person_name,low
Kokkonen,1,0,1,0.0,unmapped_possible_person_name,low
Kolas,1,0,1,0.0,unmapped_possible_person_name,low
Koljatin,1,0,1,0.0,unmapped_possible_person_name,low
Koljoi,1,0,1,0.0,unmapped_possible_person_name,low
Kolju,1,0,1,0.0,unmapped_possible_person_name,low
Kolkapääjoki,1,0,1,0.0,unmapped_possible_person_name,low
Kolkko,1,1,1,1.0,unmapped_possible_person_name,low
Kolkko (proper noun),1,1,1,1.0,unmapped_possible_person_name,low
Kolovere,1,0,1,0.0,unmapped_possible_person_name,low
Komonen,1,1,1,1.0,unmapped_possible_person_name,low
Kompi,1,0,1,0.0,unmapped_possible_person_name,low
Kompi-Konnu,1,0,1,0.0,unmapped_possible_person_name,low
Konguta,1,0,1,0.0,unmapped_possible_person_name,low
Konjola,1,0,1,0.0,unmapped_possible_person_name,low
Konnalta,1,1,1,1.0,unmapped_possible_person_name,low
Konnas,1,0,1,0.0,unmapped_possible_person_name,low
Konnula,1,0,1,0.0,unmapped_possible_person_name,low
Konnun,1,1,1,1.0,unmapped_possible_person_name,low
Kononhovi,1,1,1,1.0,unmapped_possible_person_name,low
Konstin,1,1,1,1.0,unmapped_possible_person_name,low
Killervöistä,1,1,1,1.0,unmapped_possible_person_name,low
Kiljandu,1,0,1,0.0,unmapped_possible_person_name,low
Kannojova,1,1,1,1.0,unmapped_possible_person_name,low
Karpio,1,0,1,0.0,unmapped_possible_person_name,low
Karppo,1,0,1,0.0,unmapped_possible_person_name,low
Karr,1,1,1,1.0,unmapped_possible_person_name,low
Karsikko,1,0,1,0.0,unmapped_possible_person_name,low
Karsu,1,0,1,0.0,unmapped_possible_person_name,low
Karto,1,1,1,1.0,unmapped_possible_person_name,low
Karvat,1,0,1,0.0,unmapped_possible_person_name,low
Kasari,1,0,1,0.0,unmapped_possible_person_name,low
Kase,1,0,1,0.0,unmapped_possible_person_name,low
Kasila,1,0,1,0.0,unmapped_possible_person_name,low
Kasna,1,0,1,0.0,unmapped_possible_person_name,low
Kaspar,1,0,1,0.0,unmapped_possible_person_name,low
Kaspari,1,0,1,0.0,unmapped_possible_person_name,low
Kasperinmar,1,1,1,1.0,unmapped_possible_person_name,low
Kasperkodu,1,1,1,1.0,unmapped_possible_person_name,low
Kastari,1,0,1,0.0,unmapped_possible_person_name,low
Kasterinen,1,0,1,0.0,unmapped_possible_person_name,low
Katala,1,0,1,0.0,unmapped_possible_person_name,low
Katarina,1,0,1,0.0,unmapped_possible_person_name,low
Katerina,1,0,1,0.0,unmapped_possible_person_name,low
Katilainen,1,0,1,0.0,unmapped_possible_person_name,low
Katima,1,0,1,0.0,unmapped_possible_person_name,low
Katina,1,0,1,0.0,unmapped_possible_person_name,low
Katja,1,1,1,1.0,unmapped_possible_person_name,low
Karppi,1,0,1,0.0,unmapped_possible_person_name,low
Karpan,1,0,1,0.0,unmapped_possible_person_name,low
Katka (proper noun),1,0,1,0.0,unmapped_possible_person_name,low
Karpalo,1,0,1,0.0,unmapped_possible_person_name,low
Kanosa,1,0,1,0.0,unmapped_possible_person_name,low
Kansi,1,0,1,0.0,unmapped_possible_person_name,low
Kantola,1,0,1,0.0,unmapped_possible_person_name,low
Kantti,1,0,1,0.0,unmapped_possible_person_name,low
Kapasilla,1,0,1,0.0,unmapped_possible_person_name,low
Kapasto,1,0,1,0.0,unmapped_possible_person_name,low
Kaper,1,0,1,0.0,unmapped_possible_person_name,low
Kapia,1,1,1,1.0,unmapped_possible_person_name,low
Kapo,1,0,1,0.0,unmapped_possible_person_name,low
Kappel,1,0,1,0.0,unmapped_possible_person_name,low
Kapper,1,0,1,0.0,unmapped_possible_person_name,low
Kaprion,1,1,1,1.0,unmapped_possible_person_name,low
Karaseineri,1,0,1,0.0,unmapped_possible_person_name,low
Kare,1,0,1,0.0,unmapped_possible_person_name,low
Karepa,1,0,1,0.0,unmapped_possible_person_name,low
Karina,1,0,1,0.0,unmapped_possible_person_name,low
Karita,1,0,1,0.0,unmapped_possible_person_name,low
Karjamard,1,0,1,0.0,unmapped_possible_person_name,low
Kark,1,1,1,1.0,unmapped_possible_person_name,low
Karkee/karkea,1,0,1,0.0,unmapped_possible_person_name,low
Karmola,1,0,1,0.0,unmapped_possible_person_name,low
Karne,1,0,1,0.0,unmapped_possible_person_name,low
Karoliina,1,0,1,0.0,unmapped_possible_person_name,low
Katja/Kaisa,1,1,1,1.0,unmapped_possible_person_name,low
Katrinan,1,0,1,0.0,unmapped_possible_person_name,low
Kiljan,1,0,1,0.0,unmapped_possible_person_name,low
Kersti,1,0,1,0.0,unmapped_possible_person_name,low
Kesa,1,1,1,1.0,unmapped_possible_person_name,low
Keso,1,0,1,0.0,unmapped_possible_person_name,low
Kesti,1,0,1,0.0,unmapped_possible_person_name,low
Ketara,1,0,1,0.0,unmapped_possible_person_name,low
Ketra,1,0,1,0.0,unmapped_possible_person_name,low
Ketu,1,0,1,0.0,unmapped_possible_person_name,low
Keunäsjärvi,1,0,1,0.0,unmapped_possible_person_name,low
Kibu,1,0,1,0.0,unmapped_possible_person_name,low
Kiekka,1,0,1,0.0,unmapped_possible_person_name,low
Kiekku,1,0,1,0.0,unmapped_possible_person_name,low
Kiessus,1,0,1,0.0,unmapped_possible_person_name,low
Kihlepa,1,0,1,0.0,unmapped_possible_person_name,low
Kihmla,1,0,1,0.0,unmapped_possible_person_name,low
Kiija,1,0,1,0.0,unmapped_possible_person_name,low
Kiillo,1,1,1,1.0,unmapped_possible_person_name,low
Kiimu,1,0,1,0.0,unmapped_possible_person_name,low
Kiinu,1,0,1,0.0,unmapped_possible_person_name,low
Kiisu,1,0,1,0.0,unmapped_possible_person_name,low
Kiiviti,1,0,1,0.0,unmapped_possible_person_name,low
Kikatos,1,0,1,0.0,unmapped_possible_person_name,low
Kikka?,1,1,1,1.0,unmapped_possible_person_name,low
Kilervä,1,0,1,0.0,unmapped_possible_person_name,low
Kili,1,0,1,0.0,unmapped_possible_person_name,low
Kert,1,0,1,0.0,unmapped_possible_person_name,low
Kerp,1,1,1,1.0,unmapped_possible_person_name,low
Katsina,1,1,1,1.0,unmapped_possible_person_name,low
Kero,1,0,1,0.0,unmapped_possible_person_name,low
Kattala,1,0,1,0.0,unmapped_possible_person_name,low
Katto,1,1,1,1.0,unmapped_possible_person_name,low
Kaunikki,1,0,1,0.0,unmapped_possible_person_name,low
Kauri,1,1,1,1.0,unmapped_possible_person_name,low
Kausti,1,0,1,0.0,unmapped_possible_person_name,low
Kautsi,1,0,1,0.0,unmapped_possible_person_name,low
Kava,1,0,1,0.0,unmapped_possible_person_name,low
Kave,1,0,1,0.0,unmapped_possible_person_name,low
Kavilda,1,0,1,0.0,unmapped_possible_person_name,low
Kavva,1,0,1,0.0,unmapped_possible_person_name,low
Keeni,1,0,1,0.0,unmapped_possible_person_name,low
Keere,1,0,1,0.0,unmapped_possible_person_name,low
Kehra,1,0,1,0.0,unmapped_possible_person_name,low
Kehvo,1,0,1,0.0,unmapped_possible_person_name,low
Keigela,1,0,1,0.0,unmapped_possible_person_name,low
Keinänen,1,1,1,1.0,unmapped_possible_person_name,low
Keipsalund,1,0,1,0.0,unmapped_possible_person_name,low
Kekkonen,1,0,1,0.0,unmapped_possible_person_name,low
Kellerin+katu,1,0,1,0.0,unmapped_possible_person_name,low
Kera,1,0,1,0.0,unmapped_possible_person_name,low
Kerete,1,1,1,1.0,unmapped_possible_person_name,low
Keri,1,1,1,1.0,unmapped_possible_person_name,low
Kerna,1,0,1,0.0,unmapped_possible_person_name,low
Ievanen,1,0,1,0.0,unmapped_possible_person_name,low
Ierika-lla,1,0,1,0.0,unmapped_possible_person_name,low
Krantsova,1,0,1,0.0,unmapped_possible_person_name,low
Appela,1,0,1,0.0,unmapped_possible_person_name,low
Appila / Apila,1,0,1,0.0,unmapped_possible_person_name,low
Apron,1,0,1,0.0,unmapped_possible_person_name,low
Araj,1,0,1,0.0,unmapped_possible_person_name,low
Arak,1,0,1,0.0,unmapped_possible_person_name,low
Arali,1,0,1,0.0,unmapped_possible_person_name,low
Aram,1,0,1,0.0,unmapped_possible_person_name,low
Arbavere,1,0,1,0.0,unmapped_possible_person_name,low
Ares,1,0,1,0.0,unmapped_possible_person_name,low
Aret,1,0,1,0.0,unmapped_possible_person_name,low
Ariu,1,0,1,0.0,unmapped_possible_person_name,low
Arkkippa (hypocoristic),1,1,1,1.0,unmapped_possible_person_name,low
Arkma,1,0,1,0.0,unmapped_possible_person_name,low
Arkus,1,0,1,0.0,unmapped_possible_person_name,low
Arlo,1,0,1,0.0,unmapped_possible_person_name,low
Arsla,1,0,1,0.0,unmapped_possible_person_name,low
Artti,1,0,1,0.0,unmapped_possible_person_name,low
Aru-Jaani,1,0,1,0.0,unmapped_possible_person_name,low
Arvas,1,0,1,0.0,unmapped_possible_person_name,low
Arvo,1,1,1,1.0,unmapped_possible_person_name,low
Asko,1,0,1,0.0,unmapped_possible_person_name,low
Asmatti,1,0,1,0.0,unmapped_possible_person_name,low
Assin Kaija,1,1,1,1.0,unmapped_possible_person_name,low
Atami,1,0,1,0.0,unmapped_possible_person_name,low
Appila (hypothetical),1,1,1,1.0,unmapped_possible_person_name,low
Apissainen,1,0,1,0.0,unmapped_possible_person_name,low
Atsi,1,0,1,0.0,unmapped_possible_person_name,low
Anus,1,0,1,0.0,unmapped_possible_person_name,low
Annila & Eeva,1,0,1,0.0,unmapped_possible_person_name,low
Anniloi+sta,1,0,1,0.0,unmapped_possible_person_name,low
Annin,1,0,1,0.0,unmapped_possible_person_name,low
Anninen,1,0,1,0.0,unmapped_possible_person_name,low
Anninkainen,1,0,1,0.0,unmapped_possible_person_name,low
Annukaksi,1,1,1,1.0,unmapped_possible_person_name,low
Annõk,1,0,1,0.0,unmapped_possible_person_name,low
Anressonni,1,0,1,0.0,unmapped_possible_person_name,low
Ansaharju,1,0,1,0.0,unmapped_possible_person_name,low
Ansakjaan,1,0,1,0.0,unmapped_possible_person_name,low
Anterson,1,1,1,1.0,unmapped_possible_person_name,low
Anti,1,0,1,0.0,unmapped_possible_person_name,low
Antikka,1,0,1,0.0,unmapped_possible_person_name,low
Antla,1,0,1,0.0,unmapped_possible_person_name,low
Antressonni,1,0,1,0.0,unmapped_possible_person_name,low
Antrus (proper noun),1,0,1,0.0,unmapped_possible_person_name,low
Ants (gen),1,1,1,1.0,unmapped_possible_person_name,low
Antsuke,1,1,1,1.0,unmapped_possible_person_name,low
Antsule,1,1,1,1.0,unmapped_possible_person_name,low
Anttala,1,0,1,0.0,unmapped_possible_person_name,low
Anttilan,1,0,1,0.0,unmapped_possible_person_name,low
Antu,1,0,1,0.0,unmapped_possible_person_name,low
Anukka,1,0,1,0.0,unmapped_possible_person_name,low
Atla,1,0,1,0.0,unmapped_possible_person_name,low
Attalainen,1,0,1,0.0,unmapped_possible_person_name,low
Annikka (proper noun),1,1,1,1.0,unmapped_possible_person_name,low
Burtne,1,0,1,0.0,unmapped_possible_person_name,low
Daska,1,0,1,0.0,unmapped_possible_person_name,low
Dassu,1,0,1,0.0,unmapped_possible_person_name,low
Dimjan,1,1,1,1.0,unmapped_possible_person_name,low
Dusane,1,0,1,0.0,unmapped_possible_person_name,low
Dvinales,1,0,1,0.0,unmapped_possible_person_name,low
Earhu,1,1,1,1.0,unmapped_possible_person_name,low
Edo,1,1,1,1.0,unmapped_possible_person_name,low
Eed,1,0,1,0.0,unmapped_possible_person_name,low
Eeli/eeli,1,1,1,1.0,unmapped_possible_person_name,low
Eeli/eeri (edge),1,1,1,1.0,unmapped_possible_person_name,low
Eelis,1,1,1,1.0,unmapped_possible_person_name,low
Eemil,1,0,1,0.0,unmapped_possible_person_name,low
Eena,1,0,1,0.0,unmapped_possible_person_name,low
Eeni,1,0,1,0.0,unmapped_possible_person_name,low
Eeno,1,1,1,1.0,unmapped_possible_person_name,low
Eenokki,1,0,1,0.0,unmapped_possible_person_name,low
Eeron,1,1,1,1.0,unmapped_possible_person_name,low
Eeti,1,1,1,1.0,unmapped_possible_person_name,low
Eetu/ehtoo,1,1,1,1.0,unmapped_possible_person_name,low
Eetvatti,1,1,1,1.0,unmapped_possible_person_name,low
Eevake,1,0,1,0.0,unmapped_possible_person_name,low
Eevaltti,1,0,1,0.0,unmapped_possible_person_name,low
Eevertti,1,1,1,1.0,unmapped_possible_person_name,low
Bälle,1,0,1,0.0,unmapped_possible_person_name,low
Bulkki,1,0,1,0.0,unmapped_possible_person_name,low
Atu,1,0,1,0.0,unmapped_possible_person_name,low
Brutti,1,0,1,0.0,unmapped_possible_person_name,low
Atumä,1,0,1,0.0,unmapped_possible_person_name,low
Atümä,1,0,1,0.0,unmapped_possible_person_name,low
Aukku,1,0,1,0.0,unmapped_possible_person_name,low
Aukusti?,1,1,1,1.0,unmapped_possible_person_name,low
Aumainen,1,0,1,0.0,unmapped_possible_person_name,low
Aunaste,1,0,1,0.0,unmapped_possible_person_name,low
Aunikki,1,0,1,0.0,unmapped_possible_person_name,low
Avard,1,0,1,0.0,unmapped_possible_person_name,low
Averi,1,0,1,0.0,unmapped_possible_person_name,low
Avi,1,0,1,0.0,unmapped_possible_person_name,low
Baatko,1,0,1,0.0,unmapped_possible_person_name,low
Baburi,1,0,1,0.0,unmapped_possible_person_name,low
Banda & karhu,1,0,1,0.0,unmapped_possible_person_name,low
Beata,1,0,1,0.0,unmapped_possible_person_name,low
Bent,1,0,1,0.0,unmapped_possible_person_name,low
Berg,1,0,1,0.0,unmapped_possible_person_name,low
Besootaa,1,0,1,0.0,unmapped_possible_person_name,low
Bieni,1,0,1,0.0,unmapped_possible_person_name,low
Bieta,1,0,1,0.0,unmapped_possible_person_name,low
Birje,1,0,1,0.0,unmapped_possible_person_name,low
Boris,1,1,1,1.0,unmapped_possible_person_name,low
Borjban,1,0,1,0.0,unmapped_possible_person_name,low
Brita,1,1,1,1.0,unmapped_possible_person_name,low
Annila,1,1,1,1.0,unmapped_possible_person_name,low
Anni & Eeva,1,1,1,1.0,unmapped_possible_person_name,low
Eimi,1,0,1,0.0,unmapped_possible_person_name,low
Aeska,1,0,1,0.0,unmapped_possible_person_name,low
Agaska,1,0,1,0.0,unmapped_possible_person_name,low
Aglitsa,1,1,1,1.0,unmapped_possible_person_name,low
Agutant,1,0,1,0.0,unmapped_possible_person_name,low
Ahilla,1,1,1,1.0,unmapped_possible_person_name,low
Ahkun,1,0,1,0.0,unmapped_possible_person_name,low
Ahlmann,1,0,1,0.0,unmapped_possible_person_name,low
Ahmo,1,0,1,0.0,unmapped_possible_person_name,low
Ahu,1,0,1,0.0,unmapped_possible_person_name,low
Ahula,1,0,1,0.0,unmapped_possible_person_name,low
Ahva,1,0,1,0.0,unmapped_possible_person_name,low
Aibu,1,0,1,0.0,unmapped_possible_person_name,low
Aija,1,0,1,0.0,unmapped_possible_person_name,low
Aijan,1,0,1,0.0,unmapped_possible_person_name,low
Aili,1,0,1,0.0,unmapped_possible_person_name,low
Aina,1,0,1,0.0,unmapped_possible_person_name,low
Ainavo,1,0,1,0.0,unmapped_possible_person_name,low
Aitsupadi,1,0,1,0.0,unmapped_possible_person_name,low
Aivas,1,0,1,0.0,unmapped_possible_person_name,low
Akeli,1,1,1,1.0,unmapped_possible_person_name,low
Akeri-Kaija,1,0,1,0.0,unmapped_possible_person_name,low
Akkala,1,0,1,0.0,unmapped_possible_person_name,low
Akkari,1,0,1,0.0,unmapped_possible_person_name,low
Akkila,1,0,1,0.0,unmapped_possible_person_name,low
Agard,1,0,1,0.0,unmapped_possible_person_name,low
Adukene,1,0,1,0.0,unmapped_possible_person_name,low
Alantojärvi,1,1,1,1.0,unmapped_possible_person_name,low
Adra-Ans,1,1,1,1.0,unmapped_possible_person_name,low
(name)+rikkoa,1,1,1,1.0,unmapped_possible_person_name,low
Aab,1,0,1,0.0,unmapped_possible_person_name,low
Aaber,1,0,1,0.0,unmapped_possible_person_name,low
Aada,1,0,1,0.0,unmapped_possible_person_name,low
Aado,1,0,1,0.0,unmapped_possible_person_name,low
Aakali,1,0,1,0.0,unmapped_possible_person_name,low
Aakeri,1,0,1,0.0,unmapped_possible_person_name,low
Aakkari,1,0,1,0.0,unmapped_possible_person_name,low
Aakkeri,1,0,1,0.0,unmapped_possible_person_name,low
Aalu,1,0,1,0.0,unmapped_possible_person_name,low
Aapo,1,0,1,0.0,unmapped_possible_person_name,low
Aappo,1,0,1,0.0,unmapped_possible_person_name,low
Aaprami,1,1,1,1.0,unmapped_possible_person_name,low
Aare,1,0,1,0.0,unmapped_possible_person_name,low
Aarikka,1,1,1,1.0,unmapped_possible_person_name,low
Aasi (proper),1,0,1,0.0,unmapped_possible_person_name,low
Aatolpi,1,0,1,0.0,unmapped_possible_person_name,low
Abaja,1,0,1,0.0,unmapped_possible_person_name,low
Abe,1,0,1,0.0,unmapped_possible_person_name,low
Abja,1,0,1,0.0,unmapped_possible_person_name,low
Abraham,1,1,1,1.0,unmapped_possible_person_name,low
Ado,1,0,1,0.0,unmapped_possible_person_name,low
Adolf,1,0,1,0.0,unmapped_possible_person_name,low
Akrikylä,1,1,1,1.0,unmapped_possible_person_name,low
Alava,1,0,1,0.0,unmapped_possible_person_name,low
Annekest,1,1,1,1.0,unmapped_possible_person_name,low
Amber,1,1,1,1.0,unmapped_possible_person_name,low
Ammuta,1,0,1,0.0,unmapped_possible_person_name,low
Anderseeni,1,0,1,0.0,unmapped_possible_person_name,low
Andersen,1,1,1,1.0,unmapped_possible_person_name,low
Andersseen,1,1,1,1.0,unmapped_possible_person_name,low
Anderssen,1,0,1,0.0,unmapped_possible_person_name,low
Andersseni,1,1,1,1.0,unmapped_possible_person_name,low
Andre,1,0,1,0.0,unmapped_possible_person_name,low
Andre & -l,1,1,1,1.0,unmapped_possible_person_name,low
Andrese+l,1,1,1,1.0,unmapped_possible_person_name,low
Andro,1,0,1,0.0,unmapped_possible_person_name,low
Andsu,1,0,1,0.0,unmapped_possible_person_name,low
Ane,1,1,1,1.0,unmapped_possible_person_name,low
Anetti,1,0,1,0.0,unmapped_possible_person_name,low
Ani (proper noun),1,1,1,1.0,unmapped_possible_person_name,low
Anikan,1,0,1,0.0,unmapped_possible_person_name,low
Aninkola,1,0,1,0.0,unmapped_possible_person_name,low
Anjoi,1,0,1,0.0,unmapped_possible_person_name,low
Ankarström,1,0,1,0.0,unmapped_possible_person_name,low
Anna (Finnish),1,1,1,1.0,unmapped_possible_person_name,low
Anna (gen),1,1,1,1.0,unmapped_possible_person_name,low
Anna (name),1,1,1,1.0,unmapped_possible_person_name,low
Annastiina,1,0,1,0.0,unmapped_possible_person_name,low
Anne+kene,1,1,1,1.0,unmapped_possible_person_name,low
Amin,1,0,1,0.0,unmapped_possible_person_name,low
Ambelas,1,0,1,0.0,unmapped_possible_person_name,low
Alavere,1,0,1,0.0,unmapped_possible_person_name,low
Ambela,1,0,1,0.0,unmapped_possible_person_name,low
Aleksander,1,0,1,0.0,unmapped_possible_person_name,low
Alevere,1,0,1,0.0,unmapped_possible_person_name,low
Alevine,1,0,1,0.0,unmapped_possible_person_name,low
Alho,1,0,1,0.0,unmapped_possible_person_name,low
Aljaka (proper noun),1,1,1,1.0,unmapped_possible_person_name,low
Aljalast,1,1,1,1.0,unmapped_possible_person_name,low
Aljava,1,0,1,0.0,unmapped_possible_person_name,low
Aljokaal (proper noun),1,1,1,1.0,unmapped_possible_person_name,low
Alju,1,0,1,0.0,unmapped_possible_person_name,low
Allen,1,1,1,1.0,unmapped_possible_person_name,low
Alleri,1,0,1,0.0,unmapped_possible_person_name,low
Alli & poika,1,0,1,0.0,unmapped_possible_person_name,low
Allin,1,1,1,1.0,unmapped_possible_person_name,low
Alliparra,1,0,1,0.0,unmapped_possible_person_name,low
Alllor,1,1,1,1.0,unmapped_possible_person_name,low
Alpetti,1,0,1,0.0,unmapped_possible_person_name,low
Alto,1,0,1,0.0,unmapped_possible_person_name,low
Alus,1,0,1,0.0,unmapped_possible_person_name,low
Alva,1,0,1,0.0,unmapped_possible_person_name,low
Alvandu,1,0,1,0.0,unmapped_possible_person_name,low
Amalia,1,0,1,0.0,unmapped_possible_person_name,low
Amana,1,1,1,1.0,unmapped_possible_person_name,low
Ambel,1,0,1,0.0,unmapped_possible_person_name,low
Eija,1,1,1,1.0,unmapped_possible_person_name,low
Eku,1,0,1,0.0,unmapped_possible_person_name,low
Iba,1,0,1,0.0,unmapped_possible_person_name,low
Hiiu,1,0,1,0.0,unmapped_possible_person_name,low
Hikka (name)/hikkoa,1,1,1,1.0,unmapped_possible_person_name,low
Hilda,1,0,1,0.0,unmapped_possible_person_name,low
Hilippäinen,1,0,1,0.0,unmapped_possible_person_name,low
Hilleri,1,1,1,1.0,unmapped_possible_person_name,low
Hillu,1,0,1,0.0,unmapped_possible_person_name,low
Himmeri,1,0,1,0.0,unmapped_possible_person_name,low
Himmerkki,1,0,1,0.0,unmapped_possible_person_name,low
Himola,1,0,1,0.0,unmapped_possible_person_name,low
Hindsu,1,0,1,0.0,unmapped_possible_person_name,low
Hinni,1,0,1,0.0,unmapped_possible_person_name,low
Hinnu,1,0,1,0.0,unmapped_possible_person_name,low
Hinsala,1,0,1,0.0,unmapped_possible_person_name,low
Hintta,1,0,1,0.0,unmapped_possible_person_name,low
Hinttu,1,1,1,1.0,unmapped_possible_person_name,low
Hipula,1,0,1,0.0,unmapped_possible_person_name,low
Hissu,1,0,1,0.0,unmapped_possible_person_name,low
Hitola,1,0,1,0.0,unmapped_possible_person_name,low
Hittara,1,0,1,0.0,unmapped_possible_person_name,low
Hodari,1,0,1,0.0,unmapped_possible_person_name,low
Holard,1,0,1,0.0,unmapped_possible_person_name,low
Hollandi,1,0,1,0.0,unmapped_possible_person_name,low
Holler,1,0,1,0.0,unmapped_possible_person_name,low
Holmistei,1,0,1,0.0,unmapped_possible_person_name,low
Hikka (hypocoristic),1,1,1,1.0,unmapped_possible_person_name,low
Hiitelä,1,0,1,0.0,unmapped_possible_person_name,low
Hommel,1,0,1,0.0,unmapped_possible_person_name,low
Hietala,1,0,1,0.0,unmapped_possible_person_name,low
Hellä/ellen,1,1,1,1.0,unmapped_possible_person_name,low
Hellä?,1,1,1,1.0,unmapped_possible_person_name,low
Helslein,1,0,1,0.0,unmapped_possible_person_name,low
Helssa,1,0,1,0.0,unmapped_possible_person_name,low
Helssa & Maija,1,0,1,0.0,unmapped_possible_person_name,low
Helvi,1,0,1,0.0,unmapped_possible_person_name,low
Hemmer,1,0,1,0.0,unmapped_possible_person_name,low
Hemmiläinen,1,0,1,0.0,unmapped_possible_person_name,low
Hemminki,1,0,1,0.0,unmapped_possible_person_name,low
Hendrik,1,0,1,0.0,unmapped_possible_person_name,low
Henrikki,1,0,1,0.0,unmapped_possible_person_name,low
Henttu,1,0,1,0.0,unmapped_possible_person_name,low
Hentun-Liisa,1,1,1,1.0,unmapped_possible_person_name,low
Hepola,1,0,1,0.0,unmapped_possible_person_name,low
Herman,1,1,1,1.0,unmapped_possible_person_name,low
Hermann,1,0,1,0.0,unmapped_possible_person_name,low
Hermanni,1,0,1,0.0,unmapped_possible_person_name,low
Hermanni (diminutive),1,1,1,1.0,unmapped_possible_person_name,low
Herpo,1,0,1,0.0,unmapped_possible_person_name,low
Hertta,1,0,1,0.0,unmapped_possible_person_name,low
Hertta&lehmä,1,0,1,0.0,unmapped_possible_person_name,low
Heta,1,0,1,0.0,unmapped_possible_person_name,low
Hetu,1,0,1,0.0,unmapped_possible_person_name,low
Holofernes,1,0,1,0.0,unmapped_possible_person_name,low
Honuhri,1,1,1,1.0,unmapped_possible_person_name,low
Helle,1,0,1,0.0,unmapped_possible_person_name,low
Husso (hypocoristic),1,1,1,1.0,unmapped_possible_person_name,low
Huttu,1,0,1,0.0,unmapped_possible_person_name,low
Huugo,1,0,1,0.0,unmapped_possible_person_name,low
Huuhan,1,0,1,0.0,unmapped_possible_person_name,low
Huuhmar,1,0,1,0.0,unmapped_possible_person_name,low
Huuhti,1,1,1,1.0,unmapped_possible_person_name,low
Hymälä,1,0,1,0.0,unmapped_possible_person_name,low
Hynny,1,0,1,0.0,unmapped_possible_person_name,low
Hyrkkä,1,0,1,0.0,unmapped_possible_person_name,low
Hyrzylä,1,0,1,0.0,unmapped_possible_person_name,low
Hyssy,1,0,1,0.0,unmapped_possible_person_name,low
Hyymölä,1,0,1,0.0,unmapped_possible_person_name,low
Hyysi (proper noun),1,0,1,0.0,unmapped_possible_person_name,low
Hämmeenlinna,1,0,1,0.0,unmapped_possible_person_name,low
Hännikkäinen,1,1,1,1.0,unmapped_possible_person_name,low
Härkänen,1,0,1,0.0,unmapped_possible_person_name,low
Härkölä,1,0,1,0.0,unmapped_possible_person_name,low
Härneenlinna,1,0,1,0.0,unmapped_possible_person_name,low
Håvi,1,0,1,0.0,unmapped_possible_person_name,low
Hõntu,1,0,1,0.0,unmapped_possible_person_name,low
Hömsä,1,1,1,1.0,unmapped_possible_person_name,low
Hös,1,0,1,0.0,unmapped_possible_person_name,low
Höödor,1,0,1,0.0,unmapped_possible_person_name,low
Hüüp,1,0,1,0.0,unmapped_possible_person_name,low
Hutti,1,0,1,0.0,unmapped_possible_person_name,low
Husso,1,0,1,0.0,unmapped_possible_person_name,low
Hoppus,1,0,1,0.0,unmapped_possible_person_name,low
Husaan,1,1,1,1.0,unmapped_possible_person_name,low
Horila,1,1,1,1.0,unmapped_possible_person_name,low
Horola,1,0,1,0.0,unmapped_possible_person_name,low
Hotarin,1,1,1,1.0,unmapped_possible_person_name,low
Hotjelmoinen,1,0,1,0.0,unmapped_possible_person_name,low
Huab,1,1,1,1.0,unmapped_possible_person_name,low
Huis (proper noun),1,0,1,0.0,unmapped_possible_person_name,low
Huit,1,0,1,0.0,unmapped_possible_person_name,low
Huiti,1,0,1,0.0,unmapped_possible_person_name,low
Hukka,1,0,1,0.0,unmapped_possible_person_name,low
Hulda,1,1,1,1.0,unmapped_possible_person_name,low
Hulivili,1,0,1,0.0,unmapped_possible_person_name,low
Huma,1,0,1,0.0,unmapped_possible_person_name,low
Humppu,1,0,1,0.0,unmapped_possible_person_name,low
Humppu (proper noun),1,0,1,0.0,unmapped_possible_person_name,low
Hunnikkala,1,0,1,0.0,unmapped_possible_person_name,low
Hunnu/huntu,1,0,1,0.0,unmapped_possible_person_name,low
Huntila,1,0,1,0.0,unmapped_possible_person_name,low
Hunto,1,0,1,0.0,unmapped_possible_person_name,low
Huntti (name),1,0,1,0.0,unmapped_possible_person_name,low
Huppila,1,0,1,0.0,unmapped_possible_person_name,low
Huri,1,0,1,0.0,unmapped_possible_person_name,low
Hurru,1,0,1,0.0,unmapped_possible_person_name,low
Hus,1,0,1,0.0,unmapped_possible_person_name,low
Hellen/Ellen,1,0,1,0.0,unmapped_possible_person_name,low
Helen,1,1,1,1.0,unmapped_possible_person_name,low
Elama,1,1,1,1.0,unmapped_possible_person_name,low
Erik,1,0,1,0.0,unmapped_possible_person_name,low
Erikki,1,0,1,0.0,unmapped_possible_person_name,low
Eriksson,1,0,1,0.0,unmapped_possible_person_name,low
Erkka?,1,1,1,1.0,unmapped_possible_person_name,low
Erma,1,0,1,0.0,unmapped_possible_person_name,low
Ervelä,1,0,1,0.0,unmapped_possible_person_name,low
Ester,1,0,1,0.0,unmapped_possible_person_name,low
Esteri,1,1,1,1.0,unmapped_possible_person_name,low
Exportles,1,0,1,0.0,unmapped_possible_person_name,low
Eänisjärvi,1,1,1,1.0,unmapped_possible_person_name,low
Fadja,1,0,1,0.0,unmapped_possible_person_name,low
Fani,1,0,1,0.0,unmapped_possible_person_name,low
Fedo,1,0,1,0.0,unmapped_possible_person_name,low
Fedosi,1,1,1,1.0,unmapped_possible_person_name,low
Ferna,1,0,1,0.0,unmapped_possible_person_name,low
Fransa,1,0,1,0.0,unmapped_possible_person_name,low
Fredriikka,1,1,1,1.0,unmapped_possible_person_name,low
Friitala,1,0,1,0.0,unmapped_possible_person_name,low
Gajanus,1,0,1,0.0,unmapped_possible_person_name,low
Gaurila,1,0,1,0.0,unmapped_possible_person_name,low
Gavril,1,1,1,1.0,unmapped_possible_person_name,low
Gouril,1,0,1,0.0,unmapped_possible_person_name,low
Griisi,1,0,1,0.0,unmapped_possible_person_name,low
Grikko,1,1,1,1.0,unmapped_possible_person_name,low
Erika,1,0,1,0.0,unmapped_possible_person_name,low
Ergen,1,0,1,0.0,unmapped_possible_person_name,low
Haali,1,0,1,0.0,unmapped_possible_person_name,low
Erel,1,0,1,0.0,unmapped_possible_person_name,low
Elburi,1,0,1,0.0,unmapped_possible_person_name,low
Eld,1,0,1,0.0,unmapped_possible_person_name,low
Eldsehulk,1,1,1,1.0,unmapped_possible_person_name,low
Eldseulg,1,1,1,1.0,unmapped_possible_person_name,low
Eliisabet,1,1,1,1.0,unmapped_possible_person_name,low
Elivant,1,0,1,0.0,unmapped_possible_person_name,low
Ellermann,1,0,1,0.0,unmapped_possible_person_name,low
Elli/Ellen,1,1,1,1.0,unmapped_possible_person_name,low
Ellik,1,0,1,0.0,unmapped_possible_person_name,low
Ellistvere,1,0,1,0.0,unmapped_possible_person_name,low
Ello,1,0,1,0.0,unmapped_possible_person_name,low
Elmar,1,1,1,1.0,unmapped_possible_person_name,low
Elmi,1,1,1,1.0,unmapped_possible_person_name,low
Elvi,1,0,1,0.0,unmapped_possible_person_name,low
Elviira,1,0,1,0.0,unmapped_possible_person_name,low
Emmu,1,0,1,0.0,unmapped_possible_person_name,low
Endel,1,0,1,0.0,unmapped_possible_person_name,low
Endrek,1,0,1,0.0,unmapped_possible_person_name,low
Endresmatti,1,0,1,0.0,unmapped_possible_person_name,low
Engermanni,1,0,1,0.0,unmapped_possible_person_name,low
Entel,1,0,1,0.0,unmapped_possible_person_name,low
Eppel,1,0,1,0.0,unmapped_possible_person_name,low
Epperi,1,1,1,1.0,unmapped_possible_person_name,low
Gustav,1,1,1,1.0,unmapped_possible_person_name,low
Haapalainen,1,0,1,0.0,unmapped_possible_person_name,low
Heleme,1,0,1,0.0,unmapped_possible_person_name,low
Hannu/antaa,1,1,1,1.0,unmapped_possible_person_name,low
Hantsukene,1,0,1,0.0,unmapped_possible_person_name,low
Harjavalla,1,0,1,0.0,unmapped_possible_person_name,low
Harri,1,0,1,0.0,unmapped_possible_person_name,low
Hartsuana,1,0,1,0.0,unmapped_possible_person_name,low
Hassinen,1,0,1,0.0,unmapped_possible_person_name,low
Hasso,1,0,1,0.0,unmapped_possible_person_name,low
Hatak,1,0,1,0.0,unmapped_possible_person_name,low
Hateks,1,0,1,0.0,unmapped_possible_person_name,low
Hati,1,0,1,0.0,unmapped_possible_person_name,low
Haukka-Aapa,1,0,1,0.0,unmapped_possible_person_name,low
Hauskala,1,0,1,0.0,unmapped_possible_person_name,low
Havi,1,0,1,0.0,unmapped_possible_person_name,low
Heekil,1,0,1,0.0,unmapped_possible_person_name,low
Heide,1,0,1,0.0,unmapped_possible_person_name,low
Heikki+kellari,1,1,1,1.0,unmapped_possible_person_name,low
Heikko,1,0,1,0.0,unmapped_possible_person_name,low
Heiskala,1,0,1,0.0,unmapped_possible_person_name,low
Heiskalaan,1,1,1,1.0,unmapped_possible_person_name,low
Heiskas,1,0,1,0.0,unmapped_possible_person_name,low
Hekki (proper noun),1,1,1,1.0,unmapped_possible_person_name,low
Hekkoa,1,1,1,1.0,unmapped_possible_person_name,low
Hekku,1,0,1,0.0,unmapped_possible_person_name,low
Hekoilta,1,1,1,1.0,unmapped_possible_person_name,low
Hansur,1,0,1,0.0,unmapped_possible_person_name,low
Hanno,1,0,1,0.0,unmapped_possible_person_name,low
Haapio,1,0,1,0.0,unmapped_possible_person_name,low
Hannikka,1,0,1,0.0,unmapped_possible_person_name,low
Haavikko,1,0,1,0.0,unmapped_possible_person_name,low
Hagudi,1,1,1,1.0,unmapped_possible_person_name,low
Haiko,1,0,1,0.0,unmapped_possible_person_name,low
Haili+mänty,1,1,1,1.0,unmapped_possible_person_name,low
Haimi-la,1,1,1,1.0,unmapped_possible_person_name,low
Haituli,1,0,1,0.0,unmapped_possible_person_name,low
Hakki,1,1,1,1.0,unmapped_possible_person_name,low
Hakkinen,1,1,1,1.0,unmapped_possible_person_name,low
Hakko,1,0,1,0.0,unmapped_possible_person_name,low
Hakuni,1,0,1,0.0,unmapped_possible_person_name,low
Hali,1,0,1,0.0,unmapped_possible_person_name,low
Halli (name),1,0,1,0.0,unmapped_possible_person_name,low
Halli/halla,1,0,1,0.0,unmapped_possible_person_name,low
Halli/halli,1,0,1,0.0,unmapped_possible_person_name,low
Hallika+l,1,0,1,0.0,unmapped_possible_person_name,low
Hallika+le,1,0,1,0.0,unmapped_possible_person_name,low
Hallila,1,0,1,0.0,unmapped_possible_person_name,low
Hallistu,1,0,1,0.0,unmapped_possible_person_name,low
Halmela,1,0,1,0.0,unmapped_possible_person_name,low
Haluuni,1,0,1,0.0,unmapped_possible_person_name,low
Hamajeli,1,0,1,0.0,unmapped_possible_person_name,low
Hampas,1,0,1,0.0,unmapped_possible_person_name,low
Hanikkala,1,0,1,0.0,unmapped_possible_person_name,low
Krants,1,0,1,0.0,unmapped_possible_person_name,low
Krassi,1,0,1,0.0,unmapped_possible_person_name,low
Raipio,1,0,1,0.0,unmapped_possible_person_name,low
Onkamo,1,0,1,0.0,unmapped_possible_person_name,low
Oode,1,0,1,0.0,unmapped_possible_person_name,low
Ooduva,1,0,1,0.0,unmapped_possible_person_name,low
Oopladi,1,1,1,1.0,unmapped_possible_person_name,low
Oovi,1,0,1,0.0,unmapped_possible_person_name,low
Orik,1,0,1,0.0,unmapped_possible_person_name,low
Orina,1,0,1,0.0,unmapped_possible_person_name,low
Orsla,1,1,1,1.0,unmapped_possible_person_name,low
Osara,1,0,1,0.0,unmapped_possible_person_name,low
Oska,1,1,1,1.0,unmapped_possible_person_name,low
Oskari,1,1,1,1.0,unmapped_possible_person_name,low
Osku,1,0,1,0.0,unmapped_possible_person_name,low
Osman,1,0,1,0.0,unmapped_possible_person_name,low
Osmanni,1,0,1,0.0,unmapped_possible_person_name,low
Osmatar,1,0,1,0.0,unmapped_possible_person_name,low
Ossa,1,0,1,0.0,unmapped_possible_person_name,low
Oto,1,0,1,0.0,unmapped_possible_person_name,low
Ots,1,0,1,0.0,unmapped_possible_person_name,low
Otsa,1,0,1,0.0,unmapped_possible_person_name,low
Otsa+l,1,0,1,0.0,unmapped_possible_person_name,low
Otsa+le+gi,1,0,1,0.0,unmapped_possible_person_name,low
Otteljaana,1,0,1,0.0,unmapped_possible_person_name,low
Otto/otto,1,0,1,0.0,unmapped_possible_person_name,low
Ottu,1,0,1,0.0,unmapped_possible_person_name,low
Onnimanni,1,0,1,0.0,unmapped_possible_person_name,low
Olüküva,1,1,1,1.0,unmapped_possible_person_name,low
Outi (proper noun),1,1,1,1.0,unmapped_possible_person_name,low
Olustvere,1,0,1,0.0,unmapped_possible_person_name,low
Ohta,1,0,1,0.0,unmapped_possible_person_name,low
Ohtla,1,0,1,0.0,unmapped_possible_person_name,low
Ohtonen,1,0,1,0.0,unmapped_possible_person_name,low
(name) Heko,1,1,1,1.0,unmapped_possible_person_name,low
Oidu,1,1,1,1.0,unmapped_possible_person_name,low
Oijus,1,0,1,0.0,unmapped_possible_person_name,low
Oinonen,1,0,1,0.0,unmapped_possible_person_name,low
Oisu,1,0,1,0.0,unmapped_possible_person_name,low
Oiva,1,0,1,0.0,unmapped_possible_person_name,low
Ojabril,1,0,1,0.0,unmapped_possible_person_name,low
Okkola,1,1,1,1.0,unmapped_possible_person_name,low
Oksanen,1,0,1,0.0,unmapped_possible_person_name,low
Okuli,1,0,1,0.0,unmapped_possible_person_name,low
Olard,1,0,1,0.0,unmapped_possible_person_name,low
Olavi,1,1,1,1.0,unmapped_possible_person_name,low
Olderjaan,1,0,1,0.0,unmapped_possible_person_name,low
Olkomoisio,1,0,1,0.0,unmapped_possible_person_name,low
Olla-ko (context suggests proper name),1,1,1,1.0,unmapped_possible_person_name,low
Ollant,1,0,1,0.0,unmapped_possible_person_name,low
Ollard,1,1,1,1.0,unmapped_possible_person_name,low
Ollas,1,0,1,0.0,unmapped_possible_person_name,low
Olona,1,0,1,0.0,unmapped_possible_person_name,low
Olona (proper noun),1,0,1,0.0,unmapped_possible_person_name,low
Oute,1,0,1,0.0,unmapped_possible_person_name,low
Ovamo,1,0,1,0.0,unmapped_possible_person_name,low
Ogoini,1,0,1,0.0,unmapped_possible_person_name,low
Palvolass,1,0,1,0.0,unmapped_possible_person_name,low
Parasilla,1,0,1,0.0,unmapped_possible_person_name,low
Parikka,1,0,1,0.0,unmapped_possible_person_name,low
Parkki,1,0,1,0.0,unmapped_possible_person_name,low
Parkkila,1,0,1,0.0,unmapped_possible_person_name,low
Parola,1,0,1,0.0,unmapped_possible_person_name,low
Parpala,1,0,1,0.0,unmapped_possible_person_name,low
Parra,1,0,1,0.0,unmapped_possible_person_name,low
Parsima,1,0,1,0.0,unmapped_possible_person_name,low
Parsio,1,0,1,0.0,unmapped_possible_person_name,low
Pasas,1,0,1,0.0,unmapped_possible_person_name,low
Patakrela,1,0,1,0.0,unmapped_possible_person_name,low
Patsi,1,0,1,0.0,unmapped_possible_person_name,low
Patsola,1,0,1,0.0,unmapped_possible_person_name,low
Pauli,1,1,1,1.0,unmapped_possible_person_name,low
Pauliina,1,0,1,0.0,unmapped_possible_person_name,low
Paulpassi,1,0,1,0.0,unmapped_possible_person_name,low
Paulus,1,0,1,0.0,unmapped_possible_person_name,low
Pauluskoi,1,0,1,0.0,unmapped_possible_person_name,low
Pauluskoi (proper),1,0,1,0.0,unmapped_possible_person_name,low
Pavo,1,0,1,0.0,unmapped_possible_person_name,low
Pedri,1,0,1,0.0,unmapped_possible_person_name,low
Peeber,1,0,1,0.0,unmapped_possible_person_name,low
Peebule,1,1,1,1.0,unmapped_possible_person_name,low
Pampuri,1,0,1,0.0,unmapped_possible_person_name,low
Palvere,1,0,1,0.0,unmapped_possible_person_name,low
Ovaskainen,1,0,1,0.0,unmapped_possible_person_name,low
Palle,1,0,1,0.0,unmapped_possible_person_name,low
Paakkari,1,0,1,0.0,unmapped_possible_person_name,low
Paakoi,1,0,1,0.0,unmapped_possible_person_name,low
Paapu,1,0,1,0.0,unmapped_possible_person_name,low
Paasaho,1,0,1,0.0,unmapped_possible_person_name,low
Paastu,1,0,1,0.0,unmapped_possible_person_name,low
Paatsa,1,0,1,0.0,unmapped_possible_person_name,low
Paaval,1,1,1,1.0,unmapped_possible_person_name,low
Paavo (modern equivalent),1,1,1,1.0,unmapped_possible_person_name,low
Paavo/karhu,1,1,1,1.0,unmapped_possible_person_name,low
Padula,1,0,1,0.0,unmapped_possible_person_name,low
Paemurd,1,0,1,0.0,unmapped_possible_person_name,low
Pahnila,1,0,1,0.0,unmapped_possible_person_name,low
Paiburu,1,0,1,0.0,unmapped_possible_person_name,low
Paikko,1,0,1,0.0,unmapped_possible_person_name,low
Paisjo,1,0,1,0.0,unmapped_possible_person_name,low
Pajujüri,1,0,1,0.0,unmapped_possible_person_name,low
Pajumard,1,0,1,0.0,unmapped_possible_person_name,low
Paki,1,0,1,0.0,unmapped_possible_person_name,low
Pakila,1,1,1,1.0,unmapped_possible_person_name,low
Palaga,1,0,1,0.0,unmapped_possible_person_name,low
Palber,1,0,1,0.0,unmapped_possible_person_name,low
Paldiski,1,0,1,0.0,unmapped_possible_person_name,low
Palevere,1,0,1,0.0,unmapped_possible_person_name,low
Oguli,1,0,1,0.0,unmapped_possible_person_name,low
Ode,1,0,1,0.0,unmapped_possible_person_name,low
Peep,1,1,1,1.0,unmapped_possible_person_name,low
Naasti,1,1,1,1.0,unmapped_possible_person_name,low
Nagritsa,1,0,1,0.0,unmapped_possible_person_name,low
Nakka,1,0,1,0.0,unmapped_possible_person_name,low
Nalakki,1,0,1,0.0,unmapped_possible_person_name,low
Nalgjan,1,0,1,0.0,unmapped_possible_person_name,low
Nallernatt,1,1,1,1.0,unmapped_possible_person_name,low
Narvo,1,1,1,1.0,unmapped_possible_person_name,low
Nasarka,1,0,1,0.0,unmapped_possible_person_name,low
Naserkalle,1,1,1,1.0,unmapped_possible_person_name,low
Nasta,1,0,1,0.0,unmapped_possible_person_name,low
Nasti,1,0,1,0.0,unmapped_possible_person_name,low
Nata-puro,1,0,1,0.0,unmapped_possible_person_name,low
Natan,1,1,1,1.0,unmapped_possible_person_name,low
Natto,1,0,1,0.0,unmapped_possible_person_name,low
Naumi,1,0,1,0.0,unmapped_possible_person_name,low
Nebo,1,0,1,0.0,unmapped_possible_person_name,low
Nebokatov,1,0,1,0.0,unmapped_possible_person_name,low
Nelli,1,0,1,0.0,unmapped_possible_person_name,low
Neo,1,0,1,0.0,unmapped_possible_person_name,low
Nesperi,1,0,1,0.0,unmapped_possible_person_name,low
Nesteri,1,0,1,0.0,unmapped_possible_person_name,low
Neteli,1,0,1,0.0,unmapped_possible_person_name,low
Neuon,1,0,1,0.0,unmapped_possible_person_name,low
Nigula,1,0,1,0.0,unmapped_possible_person_name,low
Naatu,1,0,1,0.0,unmapped_possible_person_name,low
Naastas,1,0,1,0.0,unmapped_possible_person_name,low
Niia,1,0,1,0.0,unmapped_possible_person_name,low
Naasta,1,0,1,0.0,unmapped_possible_person_name,low
Myyry,1,0,1,0.0,unmapped_possible_person_name,low
Myyrä,1,0,1,0.0,unmapped_possible_person_name,low
Myöhkä,1,0,1,0.0,unmapped_possible_person_name,low
Mämmilä,1,0,1,0.0,unmapped_possible_person_name,low
Mämmis,1,0,1,0.0,unmapped_possible_person_name,low
Märada,1,0,1,0.0,unmapped_possible_person_name,low
Märtenil,1,1,1,1.0,unmapped_possible_person_name,low
Määttälä,1,0,1,0.0,unmapped_possible_person_name,low
Määvel,1,0,1,0.0,unmapped_possible_person_name,low
Mõdrik,1,0,1,0.0,unmapped_possible_person_name,low
Mõhni,1,1,1,1.0,unmapped_possible_person_name,low
Mõisa-Eedu,1,0,1,0.0,unmapped_possible_person_name,low
Mõniste,1,0,1,0.0,unmapped_possible_person_name,low
Mõra,1,0,1,0.0,unmapped_possible_person_name,low
Mõtus,1,0,1,0.0,unmapped_possible_person_name,low
Mönkkölään,1,0,1,0.0,unmapped_possible_person_name,low
Mörri,1,0,1,0.0,unmapped_possible_person_name,low
Münd,1,0,1,0.0,unmapped_possible_person_name,low
Mürk,1,1,1,1.0,unmapped_possible_person_name,low
Mürä,1,0,1,0.0,unmapped_possible_person_name,low
Müüsleri,1,0,1,0.0,unmapped_possible_person_name,low
N.N.:tä,1,1,1,1.0,unmapped_possible_person_name,low
Naarmu,1,0,1,0.0,unmapped_possible_person_name,low
Niguliste,1,0,1,0.0,unmapped_possible_person_name,low
Niipuri,1,0,1,0.0,unmapped_possible_person_name,low
Obenuppu,1,1,1,1.0,unmapped_possible_person_name,low
Niärä / niemi,1,0,1,0.0,unmapped_possible_person_name,low
Nolli,1,0,1,0.0,unmapped_possible_person_name,low
Nonn,1,1,1,1.0,unmapped_possible_person_name,low
Noria,1,0,1,0.0,unmapped_possible_person_name,low
Norin (proper noun) / nuori,1,1,1,1.0,unmapped_possible_person_name,low
Noro (toponym),1,0,1,0.0,unmapped_possible_person_name,low
Noron,1,1,1,1.0,unmapped_possible_person_name,low
Norramõis,1,0,1,0.0,unmapped_possible_person_name,low
Nuakan,1,1,1,1.0,unmapped_possible_person_name,low
Nugis,1,0,1,0.0,unmapped_possible_person_name,low
Nuki,1,0,1,0.0,unmapped_possible_person_name,low
Nurska,1,0,1,0.0,unmapped_possible_person_name,low
Nuuma,1,0,1,0.0,unmapped_possible_person_name,low
Nuut,1,0,1,0.0,unmapped_possible_person_name,low
Nuuv,1,0,1,0.0,unmapped_possible_person_name,low
Näpänkangas,1,0,1,0.0,unmapped_possible_person_name,low
Närppi,1,1,1,1.0,unmapped_possible_person_name,low
Närä,1,0,1,0.0,unmapped_possible_person_name,low
Närä (proper noun),1,1,1,1.0,unmapped_possible_person_name,low
Nässilä,1,0,1,0.0,unmapped_possible_person_name,low
Näsu,1,0,1,0.0,unmapped_possible_person_name,low
Oandis,1,0,1,0.0,unmapped_possible_person_name,low
Oandu,1,0,1,0.0,unmapped_possible_person_name,low
Oappo,1,0,1,0.0,unmapped_possible_person_name,low
Noapuri,1,0,1,0.0,unmapped_possible_person_name,low
Niuhkna,1,0,1,0.0,unmapped_possible_person_name,low
Niitu,1,0,1,0.0,unmapped_possible_person_name,low
Niuhala,1,0,1,0.0,unmapped_possible_person_name,low
Niivi,1,0,1,0.0,unmapped_possible_person_name,low
Nikaus,1,0,1,0.0,unmapped_possible_person_name,low
Niker,1,1,1,1.0,unmapped_possible_person_name,low
Nikita,1,0,1,0.0,unmapped_possible_person_name,low
Nikitalle,1,1,1,1.0,unmapped_possible_person_name,low
Nikkaar,1,0,1,0.0,unmapped_possible_person_name,low
Nikkas,1,0,1,0.0,unmapped_possible_person_name,low
Nikku,1,0,1,0.0,unmapped_possible_person_name,low
Niko,1,0,1,0.0,unmapped_possible_person_name,low
Niko/nikoa,1,1,1,1.0,unmapped_possible_person_name,low
Nikurikka,1,0,1,0.0,unmapped_possible_person_name,low
Nilikki,1,0,1,0.0,unmapped_possible_person_name,low
Nilli,1,0,1,0.0,unmapped_possible_person_name,low
Nilsin ääni,1,1,1,1.0,unmapped_possible_person_name,low
Ninna,1,0,1,0.0,unmapped_possible_person_name,low
Nipar,1,0,1,0.0,unmapped_possible_person_name,low
Nipetire,1,0,1,0.0,unmapped_possible_person_name,low
Nippa,1,0,1,0.0,unmapped_possible_person_name,low
Nippinen,1,0,1,0.0,unmapped_possible_person_name,low
Nirgu,1,0,1,0.0,unmapped_possible_person_name,low
Nissinen,1,0,1,0.0,unmapped_possible_person_name,low
Nitse,1,0,1,0.0,unmapped_possible_person_name,low
Nitse & varvas,1,1,1,1.0,unmapped_possible_person_name,low
Peeker,1,0,1,0.0,unmapped_possible_person_name,low
Peerik,1,1,1,1.0,unmapped_possible_person_name,low
Muurikka,1,1,1,1.0,unmapped_possible_person_name,low
Protko,1,0,1,0.0,unmapped_possible_person_name,low
Puakki-kin,1,0,1,0.0,unmapped_possible_person_name,low
Puava,1,0,1,0.0,unmapped_possible_person_name,low
Puaval,1,0,1,0.0,unmapped_possible_person_name,low
Puavalina,1,0,1,0.0,unmapped_possible_person_name,low
Puavil,1,0,1,0.0,unmapped_possible_person_name,low
Puavo,1,0,1,0.0,unmapped_possible_person_name,low
Puavola,1,0,1,0.0,unmapped_possible_person_name,low
Puhakka,1,0,1,0.0,unmapped_possible_person_name,low
Puiatu,1,0,1,0.0,unmapped_possible_person_name,low
Puikla,1,0,1,0.0,unmapped_possible_person_name,low
Puikvere,1,0,1,0.0,unmapped_possible_person_name,low
Puiste,1,0,1,0.0,unmapped_possible_person_name,low
Puivere,1,0,1,0.0,unmapped_possible_person_name,low
Pujuri,1,0,1,0.0,unmapped_possible_person_name,low
Pukki-Pirkko,1,0,1,0.0,unmapped_possible_person_name,low
Pulkka,1,1,1,1.0,unmapped_possible_person_name,low
Pulkki,1,0,1,0.0,unmapped_possible_person_name,low
Pulkkola,1,0,1,0.0,unmapped_possible_person_name,low
Pull,1,1,1,1.0,unmapped_possible_person_name,low
Punikki,1,0,1,0.0,unmapped_possible_person_name,low
Punni,1,0,1,0.0,unmapped_possible_person_name,low
Punnus,1,0,1,0.0,unmapped_possible_person_name,low
Punnus (toponym),1,1,1,1.0,unmapped_possible_person_name,low
Prunnila,1,0,1,0.0,unmapped_possible_person_name,low
Proper name,1,1,1,1.0,unmapped_possible_person_name,low
Puntsu,1,0,1,0.0,unmapped_possible_person_name,low
Prooss,1,1,1,1.0,unmapped_possible_person_name,low
Porri,1,0,1,0.0,unmapped_possible_person_name,low
Portsu,1,0,1,0.0,unmapped_possible_person_name,low
Potas,1,1,1,1.0,unmapped_possible_person_name,low
Potaska,1,0,1,0.0,unmapped_possible_person_name,low
Potjan,1,1,1,1.0,unmapped_possible_person_name,low
Potra,1,1,1,1.0,unmapped_possible_person_name,low
Potri,1,0,1,0.0,unmapped_possible_person_name,low
Pouru,1,0,1,0.0,unmapped_possible_person_name,low
Praha,1,1,1,1.0,unmapped_possible_person_name,low
Prand,1,0,1,0.0,unmapped_possible_person_name,low
Praski,1,0,1,0.0,unmapped_possible_person_name,low
Preedi,1,0,1,0.0,unmapped_possible_person_name,low
Preiton,1,0,1,0.0,unmapped_possible_person_name,low
Priha,1,0,1,0.0,unmapped_possible_person_name,low
Priitannapsi,1,1,1,1.0,unmapped_possible_person_name,low
Priitta,1,0,1,0.0,unmapped_possible_person_name,low
Prinkkala,1,0,1,0.0,unmapped_possible_person_name,low
Prita,1,0,1,0.0,unmapped_possible_person_name,low
Proitikka,1,0,1,0.0,unmapped_possible_person_name,low
Prokko-lle,1,1,1,1.0,unmapped_possible_person_name,low
Prokkola,1,1,1,1.0,unmapped_possible_person_name,low
Prokku,1,0,1,0.0,unmapped_possible_person_name,low
Prokun,1,0,1,0.0,unmapped_possible_person_name,low
Punta,1,0,1,0.0,unmapped_possible_person_name,low
Puntu,1,0,1,0.0,unmapped_possible_person_name,low
Pornitsa (proper noun),1,0,1,0.0,unmapped_possible_person_name,low
Pärtty,1,0,1,0.0,unmapped_possible_person_name,low
Pääköinen,1,0,1,0.0,unmapped_possible_person_name,low
Pääsölä,1,1,1,1.0,unmapped_possible_person_name,low
Põlamaa,1,1,1,1.0,unmapped_possible_person_name,low
Põltsamaalt,1,1,1,1.0,unmapped_possible_person_name,low
Põravere,1,0,1,0.0,unmapped_possible_person_name,low
Pöllä,1,1,1,1.0,unmapped_possible_person_name,low
Pösölä,1,0,1,0.0,unmapped_possible_person_name,low
Pöytyän,1,1,1,1.0,unmapped_possible_person_name,low
Pöögle,1,0,1,0.0,unmapped_possible_person_name,low
Pürg,1,0,1,0.0,unmapped_possible_person_name,low
Pürjend,1,0,1,0.0,unmapped_possible_person_name,low
Pürjendi,1,0,1,0.0,unmapped_possible_person_name,low
Püügel,1,1,1,1.0,unmapped_possible_person_name,low
Püügle,1,0,1,0.0,unmapped_possible_person_name,low
Püüvere,1,0,1,0.0,unmapped_possible_person_name,low
Raadi,1,0,1,0.0,unmapped_possible_person_name,low
Raadik,1,1,1,1.0,unmapped_possible_person_name,low
Raani,1,0,1,0.0,unmapped_possible_person_name,low
Raara,1,0,1,0.0,unmapped_possible_person_name,low
Raaro,1,0,1,0.0,unmapped_possible_person_name,low
Raasina,1,0,1,0.0,unmapped_possible_person_name,low
Raigu,1,0,1,0.0,unmapped_possible_person_name,low
Raiku,1,0,1,0.0,unmapped_possible_person_name,low
Pärttyli,1,0,1,0.0,unmapped_possible_person_name,low
Pärtel,1,0,1,0.0,unmapped_possible_person_name,low
Puolai (name),1,0,1,0.0,unmapped_possible_person_name,low
Pärspää,1,0,1,0.0,unmapped_possible_person_name,low
Puoska,1,0,1,0.0,unmapped_possible_person_name,low
Pupuri,1,0,1,0.0,unmapped_possible_person_name,low
Purha,1,0,1,0.0,unmapped_possible_person_name,low
Puri,1,0,1,0.0,unmapped_possible_person_name,low
Purika+l,1,0,1,0.0,unmapped_possible_person_name,low
Purika+le,1,0,1,0.0,unmapped_possible_person_name,low
Purlakka,1,0,1,0.0,unmapped_possible_person_name,low
Pusuri*,1,1,1,1.0,unmapped_possible_person_name,low
Putin,1,0,1,0.0,unmapped_possible_person_name,low
Putlu,1,0,1,0.0,unmapped_possible_person_name,low
Putta,1,0,1,0.0,unmapped_possible_person_name,low
Putti,1,0,1,0.0,unmapped_possible_person_name,low
Puuti,1,1,1,1.0,unmapped_possible_person_name,low
Päijänne,1,0,1,0.0,unmapped_possible_person_name,low
Päireniemi,1,0,1,0.0,unmapped_possible_person_name,low
Päivätar,1,0,1,0.0,unmapped_possible_person_name,low
Päivätär,1,0,1,0.0,unmapped_possible_person_name,low
Pälg,1,0,1,0.0,unmapped_possible_person_name,low
Pällä,1,1,1,1.0,unmapped_possible_person_name,low
Pänna,1,0,1,0.0,unmapped_possible_person_name,low
Pärglis,1,0,1,0.0,unmapped_possible_person_name,low
Pärivere,1,0,1,0.0,unmapped_possible_person_name,low
Pärle,1,0,1,0.0,unmapped_possible_person_name,low
Poropetra,1,0,1,0.0,unmapped_possible_person_name,low
Pornitsa,1,0,1,0.0,unmapped_possible_person_name,low
Peeron,1,1,1,1.0,unmapped_possible_person_name,low
Pentilä,1,0,1,0.0,unmapped_possible_person_name,low
Pepperi,1,1,1,1.0,unmapped_possible_person_name,low
Perassaare,1,0,1,0.0,unmapped_possible_person_name,low
Perjakka,1,0,1,0.0,unmapped_possible_person_name,low
Pernaa,1,1,1,1.0,unmapped_possible_person_name,low
Pernä,1,0,1,0.0,unmapped_possible_person_name,low
Perolan,1,1,1,1.0,unmapped_possible_person_name,low
Perttilä,1,0,1,0.0,unmapped_possible_person_name,low
Perttilä*,1,1,1,1.0,unmapped_possible_person_name,low
Peterburg,1,0,1,0.0,unmapped_possible_person_name,low
Petja,1,0,1,0.0,unmapped_possible_person_name,low
Petlema,1,0,1,0.0,unmapped_possible_person_name,low
Petro,1,0,1,0.0,unmapped_possible_person_name,low
Petseri,1,0,1,0.0,unmapped_possible_person_name,low
Petter,1,0,1,0.0,unmapped_possible_person_name,low
Petterpur,1,0,1,0.0,unmapped_possible_person_name,low
Petu,1,0,1,0.0,unmapped_possible_person_name,low
Petun,1,0,1,0.0,unmapped_possible_person_name,low
Pia,1,1,1,1.0,unmapped_possible_person_name,low
Pibel,1,0,1,0.0,unmapped_possible_person_name,low
Pienikki,1,0,1,0.0,unmapped_possible_person_name,low
Pieri,1,0,1,0.0,unmapped_possible_person_name,low
Piesola,1,0,1,0.0,unmapped_possible_person_name,low
Pieti,1,1,1,1.0,unmapped_possible_person_name,low
Penu,1,0,1,0.0,unmapped_possible_person_name,low
Penne,1,0,1,0.0,unmapped_possible_person_name,low
Pietlä,1,0,1,0.0,unmapped_possible_person_name,low
Pennanen,1,0,1,0.0,unmapped_possible_person_name,low
Peeru-Leenu,1,0,1,0.0,unmapped_possible_person_name,low
Peibis,1,0,1,0.0,unmapped_possible_person_name,low
Peio,1,1,1,1.0,unmapped_possible_person_name,low
Peippiä,1,1,1,1.0,unmapped_possible_person_name,low
Peipsi,1,0,1,0.0,unmapped_possible_person_name,low
Peipäi,1,0,1,0.0,unmapped_possible_person_name,low
Pekk,1,1,1,1.0,unmapped_possible_person_name,low
Pekka & poika,1,1,1,1.0,unmapped_possible_person_name,low
Pekkala,1,0,1,0.0,unmapped_possible_person_name,low
Pekkanen,1,0,1,0.0,unmapped_possible_person_name,low
Pekker,1,0,1,0.0,unmapped_possible_person_name,low
Pekko (proper noun),1,0,1,0.0,unmapped_possible_person_name,low
Pekko-selkä,1,1,1,1.0,unmapped_possible_person_name,low
Pelari (name),1,0,1,0.0,unmapped_possible_person_name,low
Pelkola,1,0,1,0.0,unmapped_possible_person_name,low
Pellinen,1,0,1,0.0,unmapped_possible_person_name,low
Peltonen,1,1,1,1.0,unmapped_possible_person_name,low
Pelts,1,1,1,1.0,unmapped_possible_person_name,low
Pemmen,1,0,1,0.0,unmapped_possible_person_name,low
Pengi,1,0,1,0.0,unmapped_possible_person_name,low
Peni,1,0,1,0.0,unmapped_possible_person_name,low
Pening,1,0,1,0.0,unmapped_possible_person_name,low
Peningi,1,0,1,0.0,unmapped_possible_person_name,low
Pietikkö,1,0,1,0.0,unmapped_possible_person_name,low
Piettilä,1,1,1,1.0,unmapped_possible_person_name,low
Porku,1,0,1,0.0,unmapped_possible_person_name,low
Pirketta,1,1,1,1.0,unmapped_possible_person_name,low
Pirma,1,0,1,0.0,unmapped_possible_person_name,low
Pirmastu,1,0,1,0.0,unmapped_possible_person_name,low
Pirotti,1,0,1,0.0,unmapped_possible_person_name,low
Pirpastu,1,0,1,0.0,unmapped_possible_person_name,low
Pirtuli,1,0,1,0.0,unmapped_possible_person_name,low
Pisakopp,1,0,1,0.0,unmapped_possible_person_name,low
Pispa,1,0,1,0.0,unmapped_possible_person_name,low
Pistli,1,0,1,0.0,unmapped_possible_person_name,low
Pitti,1,0,1,0.0,unmapped_possible_person_name,low
Pituvere,1,1,1,1.0,unmapped_possible_person_name,low
Piu (proper noun),1,0,1,0.0,unmapped_possible_person_name,low
Platon,1,0,1,0.0,unmapped_possible_person_name,low
Pokki,1,0,1,0.0,unmapped_possible_person_name,low
Poll,1,1,1,1.0,unmapped_possible_person_name,low
Polli,1,0,1,0.0,unmapped_possible_person_name,low
Polttina,1,0,1,0.0,unmapped_possible_person_name,low
Pomeli,1,0,1,0.0,unmapped_possible_person_name,low
Pommeri,1,0,1,0.0,unmapped_possible_person_name,low
Ponkka,1,0,1,0.0,unmapped_possible_person_name,low
Ponnapart,1,0,1,0.0,unmapped_possible_person_name,low
Pontto,1,0,1,0.0,unmapped_possible_person_name,low
Poolik,1,0,1,0.0,unmapped_possible_person_name,low
Pootsi,1,0,1,0.0,unmapped_possible_person_name,low
Pirkkalaiset,1,1,1,1.0,unmapped_possible_person_name,low
Pirit,1,0,1,0.0,unmapped_possible_person_name,low
Piettula,1,0,1,0.0,unmapped_possible_person_name,low
Pirillä,1,1,1,1.0,unmapped_possible_person_name,low
Pihelgas,1,0,1,0.0,unmapped_possible_person_name,low
Pihka-Antti,1,0,1,0.0,unmapped_possible_person_name,low
Pihkeva,1,0,1,0.0,unmapped_possible_person_name,low
Pihlassoo,1,0,1,0.0,unmapped_possible_person_name,low
Piibe,1,0,1,0.0,unmapped_possible_person_name,low
Piiben,1,0,1,0.0,unmapped_possible_person_name,low
Piibu,1,0,1,0.0,unmapped_possible_person_name,low
Piider,1,0,1,0.0,unmapped_possible_person_name,low
Piikki-Heikki,1,0,1,0.0,unmapped_possible_person_name,low
Piipa (proper noun),1,1,1,1.0,unmapped_possible_person_name,low
Piippa/piipu,1,1,1,1.0,unmapped_possible_person_name,low
Piippo,1,0,1,0.0,unmapped_possible_person_name,low
Piispala,1,0,1,0.0,unmapped_possible_person_name,low
Piitre,1,1,1,1.0,unmapped_possible_person_name,low
Pija,1,1,1,1.0,unmapped_possible_person_name,low
Piki-Heikki,1,0,1,0.0,unmapped_possible_person_name,low
Pilli,1,0,1,0.0,unmapped_possible_person_name,low
Pilpola,1,1,1,1.0,unmapped_possible_person_name,low
Piminalle,1,1,1,1.0,unmapped_possible_person_name,low
Pinkka,1,0,1,0.0,unmapped_possible_person_name,low
Pippila,1,0,1,0.0,unmapped_possible_person_name,low
Pippu,1,0,1,0.0,unmapped_possible_person_name,low
Pirikivi,1,0,1,0.0,unmapped_possible_person_name,low
Muusi,1,0,1,0.0,unmapped_possible_person_name,low
Mutro,1,0,1,0.0,unmapped_possible_person_name,low
Kreed,1,0,1,0.0,unmapped_possible_person_name,low
Laaru,1,0,1,0.0,unmapped_possible_person_name,low
Laasu,1,0,1,0.0,unmapped_possible_person_name,low
Laati,1,1,1,1.0,unmapped_possible_person_name,low
Laatia,1,0,1,0.0,unmapped_possible_person_name,low
Laatre,1,1,1,1.0,unmapped_possible_person_name,low
Laavi,1,0,1,0.0,unmapped_possible_person_name,low
Lagedi,1,0,1,0.0,unmapped_possible_person_name,low
Lahre,1,0,1,0.0,unmapped_possible_person_name,low
Laim,1,0,1,0.0,unmapped_possible_person_name,low
Laina (if loan),1,1,1,1.0,unmapped_possible_person_name,low
Lainne,1,1,1,1.0,unmapped_possible_person_name,low
Laitinen,1,0,1,0.0,unmapped_possible_person_name,low
Laitivasa,1,0,1,0.0,unmapped_possible_person_name,low
Laius,1,0,1,0.0,unmapped_possible_person_name,low
Lallevere,1,0,1,0.0,unmapped_possible_person_name,low
Lalli (name),1,1,1,1.0,unmapped_possible_person_name,low
Lalum,1,1,1,1.0,unmapped_possible_person_name,low
Lamber,1,1,1,1.0,unmapped_possible_person_name,low
Lambrik,1,0,1,0.0,unmapped_possible_person_name,low
Lambris,1,0,1,0.0,unmapped_possible_person_name,low
Lammerik,1,0,1,0.0,unmapped_possible_person_name,low
Lamre,1,1,1,1.0,unmapped_possible_person_name,low
Landri,1,0,1,0.0,unmapped_possible_person_name,low
Lankinen,1,0,1,0.0,unmapped_possible_person_name,low
Laasi,1,1,1,1.0,unmapped_possible_person_name,low
Laara/laari,1,1,1,1.0,unmapped_possible_person_name,low
Lapitargo,1,0,1,0.0,unmapped_possible_person_name,low
Laantsi,1,0,1,0.0,unmapped_possible_person_name,low
Kärda,1,0,1,0.0,unmapped_possible_person_name,low
Kärdi,1,0,1,0.0,unmapped_possible_person_name,low
Kärdla,1,0,1,0.0,unmapped_possible_person_name,low
Kärdu/käru,1,0,1,0.0,unmapped_possible_person_name,low
Kärkna,1,0,1,0.0,unmapped_possible_person_name,low
Kärnali,1,0,1,0.0,unmapped_possible_person_name,low
Kärp,1,0,1,0.0,unmapped_possible_person_name,low
Kärsti,1,0,1,0.0,unmapped_possible_person_name,low
Kåpr,1,1,1,1.0,unmapped_possible_person_name,low
Kõielast,1,1,1,1.0,unmapped_possible_person_name,low
Kõldu,1,0,1,0.0,unmapped_possible_person_name,low
Kõlu,1,0,1,0.0,unmapped_possible_person_name,low
Kõrtsi-Tiina,1,0,1,0.0,unmapped_possible_person_name,low
Kõti,1,0,1,0.0,unmapped_possible_person_name,low
Köide,1,0,1,0.0,unmapped_possible_person_name,low
Köyri,1,0,1,0.0,unmapped_possible_person_name,low
Köörus,1,1,1,1.0,unmapped_possible_person_name,low
Kükali,1,0,1,0.0,unmapped_possible_person_name,low
Küüo,1,1,1,1.0,unmapped_possible_person_name,low
Laaba,1,0,1,0.0,unmapped_possible_person_name,low
Laaman,1,1,1,1.0,unmapped_possible_person_name,low
Laamo,1,1,1,1.0,unmapped_possible_person_name,low
Laamonen,1,1,1,1.0,unmapped_possible_person_name,low
Lapikkölä,1,0,1,0.0,unmapped_possible_person_name,low
Lapkönkölä,1,0,1,0.0,unmapped_possible_person_name,low
Käihkölä,1,0,1,0.0,unmapped_possible_person_name,low
Laus,1,0,1,0.0,unmapped_possible_person_name,low
Laviola,1,0,1,0.0,unmapped_possible_person_name,low
Leeland,1,0,1,0.0,unmapped_possible_person_name,low
Leena+kene,1,1,1,1.0,unmapped_possible_person_name,low
Leena-Liis,1,0,1,0.0,unmapped_possible_person_name,low
Leer,1,0,1,0.0,unmapped_possible_person_name,low
Lehk,1,0,1,0.0,unmapped_possible_person_name,low
Leiger,1,0,1,0.0,unmapped_possible_person_name,low
Leigerpung,1,0,1,0.0,unmapped_possible_person_name,low
Leila,1,0,1,0.0,unmapped_possible_person_name,low
Leinappa,1,0,1,0.0,unmapped_possible_person_name,low
Leisi,1,0,1,0.0,unmapped_possible_person_name,low
Lekka,1,0,1,0.0,unmapped_possible_person_name,low
Lemettyinen,1,0,1,0.0,unmapped_possible_person_name,low
Lemmes,1,0,1,0.0,unmapped_possible_person_name,low
Lemming,1,0,1,0.0,unmapped_possible_person_name,low
Lemmingäs,1,0,1,0.0,unmapped_possible_person_name,low
Lemppää,1,0,1,0.0,unmapped_possible_person_name,low
Lemsi,1,0,1,0.0,unmapped_possible_person_name,low
Leppäheikki,1,0,1,0.0,unmapped_possible_person_name,low
Lesmeri,1,0,1,0.0,unmapped_possible_person_name,low
Leuna,1,0,1,0.0,unmapped_possible_person_name,low
Liaru,1,0,1,0.0,unmapped_possible_person_name,low
Libe,1,1,1,1.0,unmapped_possible_person_name,low
Lautija,1,0,1,0.0,unmapped_possible_person_name,low
Laurukainen,1,1,1,1.0,unmapped_possible_person_name,low
Lappalo,1,0,1,0.0,unmapped_possible_person_name,low
Laurikka,1,0,1,0.0,unmapped_possible_person_name,low
Laratsi,1,0,1,0.0,unmapped_possible_person_name,low
Lari,1,0,1,0.0,unmapped_possible_person_name,low
Larinsoari,1,0,1,0.0,unmapped_possible_person_name,low
Lasanen,1,0,1,0.0,unmapped_possible_person_name,low
Laskiainen,1,0,1,0.0,unmapped_possible_person_name,low
Laslaviko,1,0,1,0.0,unmapped_possible_person_name,low
Laslavitta,1,0,1,0.0,unmapped_possible_person_name,low
Lass,1,0,1,0.0,unmapped_possible_person_name,low
Lasse,1,0,1,0.0,unmapped_possible_person_name,low
Lassi & maija,1,0,1,0.0,unmapped_possible_person_name,low
Lassinen,1,0,1,0.0,unmapped_possible_person_name,low
Lastru,1,0,1,0.0,unmapped_possible_person_name,low
Latas,1,0,1,0.0,unmapped_possible_person_name,low
Lauk,1,0,1,0.0,unmapped_possible_person_name,low
Laukahas,1,0,1,0.0,unmapped_possible_person_name,low
Laukka,1,0,1,0.0,unmapped_possible_person_name,low
Laukkia,1,0,1,0.0,unmapped_possible_person_name,low
Lauko,1,0,1,0.0,unmapped_possible_person_name,low
Laun,1,0,1,0.0,unmapped_possible_person_name,low
Laupa,1,0,1,0.0,unmapped_possible_person_name,low
Laura,1,1,1,1.0,unmapped_possible_person_name,low
Lauri+l,1,0,1,0.0,unmapped_possible_person_name,low
Lauri+le+gi,1,0,1,0.0,unmapped_possible_person_name,low
Kärd,1,0,1,0.0,unmapped_possible_person_name,low
Kädva,1,0,1,0.0,unmapped_possible_person_name,low
Liemo,1,0,1,0.0,unmapped_possible_person_name,low
Kuksema,1,0,1,0.0,unmapped_possible_person_name,low
Kulgu,1,0,1,0.0,unmapped_possible_person_name,low
Kuli,1,0,1,0.0,unmapped_possible_person_name,low
Kuliste,1,0,1,0.0,unmapped_possible_person_name,low
Kullas,1,1,1,1.0,unmapped_possible_person_name,low
Kullervoiden,1,1,1,1.0,unmapped_possible_person_name,low
Kullespere,1,0,1,0.0,unmapped_possible_person_name,low
Kunda,1,0,1,0.0,unmapped_possible_person_name,low
Kundaeie,1,0,1,0.0,unmapped_possible_person_name,low
Kundas,1,0,1,0.0,unmapped_possible_person_name,low
Kunna,1,1,1,1.0,unmapped_possible_person_name,low
Kunnervo,1,0,1,0.0,unmapped_possible_person_name,low
Kunnola,1,0,1,0.0,unmapped_possible_person_name,low
Kuntsu,1,0,1,0.0,unmapped_possible_person_name,low
Kuobio,1,0,1,0.0,unmapped_possible_person_name,low
Kuoppala,1,1,1,1.0,unmapped_possible_person_name,low
Kuoritsa,1,0,1,0.0,unmapped_possible_person_name,low
Kupittaa,1,0,1,0.0,unmapped_possible_person_name,low
Kupjas,1,1,1,1.0,unmapped_possible_person_name,low
Kuppa,1,0,1,0.0,unmapped_possible_person_name,low
Kuppari-Kirsti,1,0,1,0.0,unmapped_possible_person_name,low
Kuppu-Kaisa,1,0,1,0.0,unmapped_possible_person_name,low
Kuptsa,1,0,1,0.0,unmapped_possible_person_name,low
Kuptsajouni,1,0,1,0.0,unmapped_possible_person_name,low
Kuksemäe,1,0,1,0.0,unmapped_possible_person_name,low
Kukkusi,1,0,1,0.0,unmapped_possible_person_name,low
Kuremaa,1,0,1,0.0,unmapped_possible_person_name,low
Kukkus,1,0,1,0.0,unmapped_possible_person_name,low
Kreet,1,0,1,0.0,unmapped_possible_person_name,low
Kreetta,1,1,1,1.0,unmapped_possible_person_name,low
Krigan,1,1,1,1.0,unmapped_possible_person_name,low
Kriisan,1,1,1,1.0,unmapped_possible_person_name,low
Krikku,1,0,1,0.0,unmapped_possible_person_name,low
Kristjan,1,0,1,0.0,unmapped_possible_person_name,low
Kristo,1,1,1,1.0,unmapped_possible_person_name,low
Kross,1,0,1,0.0,unmapped_possible_person_name,low
Krällo,1,0,1,0.0,unmapped_possible_person_name,low
Krõõta,1,0,1,0.0,unmapped_possible_person_name,low
Kuber,1,0,1,0.0,unmapped_possible_person_name,low
Kudermann,1,1,1,1.0,unmapped_possible_person_name,low
Kudru,1,1,1,1.0,unmapped_possible_person_name,low
Kuhavaara,1,0,1,0.0,unmapped_possible_person_name,low
Kuia,1,0,1,0.0,unmapped_possible_person_name,low
Kuie,1,1,1,1.0,unmapped_possible_person_name,low
Kuippana,1,1,1,1.0,unmapped_possible_person_name,low
Kuisma & paise,1,0,1,0.0,unmapped_possible_person_name,low
Kuitar,1,0,1,0.0,unmapped_possible_person_name,low
Kuivastu,1,0,1,0.0,unmapped_possible_person_name,low
Kuke,1,0,1,0.0,unmapped_possible_person_name,low
Kukki,1,0,1,0.0,unmapped_possible_person_name,low
Kukkonen,1,1,1,1.0,unmapped_possible_person_name,low
Kupu,1,0,1,0.0,unmapped_possible_person_name,low
Kurgola,1,0,1,0.0,unmapped_possible_person_name,low
Kyörä,1,0,1,0.0,unmapped_possible_person_name,low
Kuung (proper),1,0,1,0.0,unmapped_possible_person_name,low
Kuurras,1,0,1,0.0,unmapped_possible_person_name,low
Kuusa,1,0,1,0.0,unmapped_possible_person_name,low
Kuusalus,1,0,1,0.0,unmapped_possible_person_name,low
Kuusojalta,1,1,1,1.0,unmapped_possible_person_name,low
Kuusova,1,0,1,0.0,unmapped_possible_person_name,low
Kuuti,1,0,1,0.0,unmapped_possible_person_name,low
Kuuttar,1,1,1,1.0,unmapped_possible_person_name,low
Kuzmoi,1,0,1,0.0,unmapped_possible_person_name,low
Kyllikin,1,1,1,1.0,unmapped_possible_person_name,low
Kyllikkiä,1,1,1,1.0,unmapped_possible_person_name,low
Kylä-Matti,1,0,1,0.0,unmapped_possible_person_name,low
Kymäläinen,1,0,1,0.0,unmapped_possible_person_name,low
Kynkkä,1,0,1,0.0,unmapped_possible_person_name,low
Kyrölä,1,0,1,0.0,unmapped_possible_person_name,low
Kyröslassi,1,0,1,0.0,unmapped_possible_person_name,low
Kyröslax,1,0,1,0.0,unmapped_possible_person_name,low
Kyykä,1,1,1,1.0,unmapped_possible_person_name,low
Kyyre,1,0,1,0.0,unmapped_possible_person_name,low
Kyyrä,1,0,1,0.0,unmapped_possible_person_name,low
Kyyrö,1,0,1,0.0,unmapped_possible_person_name,low
Kyyttö,1,0,1,0.0,unmapped_possible_person_name,low
Kyzmoi,1,0,1,0.0,unmapped_possible_person_name,low
Kyöpelä,1,0,1,0.0,unmapped_possible_person_name,low
Kuuro (name),1,0,1,0.0,unmapped_possible_person_name,low
Kuul,1,1,1,1.0,unmapped_possible_person_name,low
Kurkelan,1,1,1,1.0,unmapped_possible_person_name,low
Kuukkola,1,0,1,0.0,unmapped_possible_person_name,low
Kurkola,1,0,1,0.0,unmapped_possible_person_name,low
Kurla,1,0,1,0.0,unmapped_possible_person_name,low
Kurnekka,1,0,1,0.0,unmapped_possible_person_name,low
Kuro (proper name),1,0,1,0.0,unmapped_possible_person_name,low
Kurp,1,0,1,0.0,unmapped_possible_person_name,low
Kurri,1,1,1,1.0,unmapped_possible_person_name,low
Kurtti,1,1,1,1.0,unmapped_possible_person_name,low
Kurupatkin,1,0,1,0.0,unmapped_possible_person_name,low
Kusma,1,0,1,0.0,unmapped_possible_person_name,low
Kustaan poika,1,0,1,0.0,unmapped_possible_person_name,low
Kustaanpoika,1,1,1,1.0,unmapped_possible_person_name,low
Kustav,1,0,1,0.0,unmapped_possible_person_name,low
Kusva,1,1,1,1.0,unmapped_possible_person_name,low
Kuta,1,1,1,1.0,unmapped_possible_person_name,low
Kuti,1,0,1,0.0,unmapped_possible_person_name,low
Kutis,1,0,1,0.0,unmapped_possible_person_name,low
Kutja,1,0,1,0.0,unmapped_possible_person_name,low
Kutla,1,1,1,1.0,unmapped_possible_person_name,low
Kutra,1,0,1,0.0,unmapped_possible_person_name,low
Kutti,1,0,1,0.0,unmapped_possible_person_name,low
Kutvamoisi,1,0,1,0.0,unmapped_possible_person_name,low
Kuu,1,0,1,0.0,unmapped_possible_person_name,low
Kuudola,1,0,1,0.0,unmapped_possible_person_name,low
Liemminkäinen,1,0,1,0.0,unmapped_possible_person_name,low
Lieri,1,0,1,0.0,unmapped_possible_person_name,low
Mustila,1,0,1,0.0,unmapped_possible_person_name,low
Matsalu,1,0,1,0.0,unmapped_possible_person_name,low
Matte,1,0,1,0.0,unmapped_possible_person_name,low
Mauranen,1,0,1,0.0,unmapped_possible_person_name,low
Mauri,1,0,1,0.0,unmapped_possible_person_name,low
Mauste,1,0,1,0.0,unmapped_possible_person_name,low
Meeri,1,0,1,0.0,unmapped_possible_person_name,low
Meetiäinen,1,0,1,0.0,unmapped_possible_person_name,low
Mehka,1,0,1,0.0,unmapped_possible_person_name,low
Mehko,1,0,1,0.0,unmapped_possible_person_name,low
Meikeli,1,1,1,1.0,unmapped_possible_person_name,low
Meilikki,1,0,1,0.0,unmapped_possible_person_name,low
Meilu,1,0,1,0.0,unmapped_possible_person_name,low
Melsleimi,1,0,1,0.0,unmapped_possible_person_name,low
Merjan,1,0,1,0.0,unmapped_possible_person_name,low
Mertta (proper noun),1,1,1,1.0,unmapped_possible_person_name,low
Meskala,1,1,1,1.0,unmapped_possible_person_name,low
Messalina,1,0,1,0.0,unmapped_possible_person_name,low
Meti (PN),1,0,1,0.0,unmapped_possible_person_name,low
Metiäinen,1,0,1,0.0,unmapped_possible_person_name,low
Metola,1,0,1,0.0,unmapped_possible_person_name,low
Midreits,1,0,1,0.0,unmapped_possible_person_name,low
Midres,1,0,1,0.0,unmapped_possible_person_name,low
Mielikki,1,0,1,0.0,unmapped_possible_person_name,low
Mielva,1,0,1,0.0,unmapped_possible_person_name,low
Matsi,1,0,1,0.0,unmapped_possible_person_name,low
Matlet,1,0,1,0.0,unmapped_possible_person_name,low
Mihe,1,0,1,0.0,unmapped_possible_person_name,low
Matinkylä,1,1,1,1.0,unmapped_possible_person_name,low
Manuel,1,0,1,0.0,unmapped_possible_person_name,low
Marela,1,0,1,0.0,unmapped_possible_person_name,low
Maretta,1,0,1,0.0,unmapped_possible_person_name,low
Margareeta,1,1,1,1.0,unmapped_possible_person_name,low
Margu,1,0,1,0.0,unmapped_possible_person_name,low
Marianna,1,0,1,0.0,unmapped_possible_person_name,low
Marila,1,0,1,0.0,unmapped_possible_person_name,low
Marilla,1,1,1,1.0,unmapped_possible_person_name,low
Marinko,1,0,1,0.0,unmapped_possible_person_name,low
Marisi,1,0,1,0.0,unmapped_possible_person_name,low
Marjut,1,0,1,0.0,unmapped_possible_person_name,low
Markeeta,1,0,1,0.0,unmapped_possible_person_name,low
Market,1,0,1,0.0,unmapped_possible_person_name,low
Martikainen,1,1,1,1.0,unmapped_possible_person_name,low
Martta (if name),1,1,1,1.0,unmapped_possible_person_name,low
Marttinen,1,0,1,0.0,unmapped_possible_person_name,low
Marva,1,1,1,1.0,unmapped_possible_person_name,low
Masan,1,0,1,0.0,unmapped_possible_person_name,low
Masanen,1,1,1,1.0,unmapped_possible_person_name,low
Masku (proper noun),1,0,1,0.0,unmapped_possible_person_name,low
Massi,1,0,1,0.0,unmapped_possible_person_name,low
Matikainen,1,0,1,0.0,unmapped_possible_person_name,low
Matikka,1,0,1,0.0,unmapped_possible_person_name,low
Mierola,1,0,1,0.0,unmapped_possible_person_name,low
Miikkula (proper noun),1,0,1,0.0,unmapped_possible_person_name,low
Mannun,1,0,1,0.0,unmapped_possible_person_name,low
Monikkala,1,0,1,0.0,unmapped_possible_person_name,low
Monola,1,0,1,0.0,unmapped_possible_person_name,low
Mononen,1,1,1,1.0,unmapped_possible_person_name,low
Moori,1,1,1,1.0,unmapped_possible_person_name,low
Moori-Jaan,1,0,1,0.0,unmapped_possible_person_name,low
Mooses,1,0,1,0.0,unmapped_possible_person_name,low
Moro/mörkö,1,1,1,1.0,unmapped_possible_person_name,low
Morzha,1,1,1,1.0,unmapped_possible_person_name,low
Mosina,1,0,1,0.0,unmapped_possible_person_name,low
Moskovan,1,1,1,1.0,unmapped_possible_person_name,low
Muari,1,1,1,1.0,unmapped_possible_person_name,low
Muarja,1,0,1,0.0,unmapped_possible_person_name,low
Muda,1,1,1,1.0,unmapped_possible_person_name,low
Muihkari,1,0,1,0.0,unmapped_possible_person_name,low
Mukko,1,0,1,0.0,unmapped_possible_person_name,low
Mulg,1,0,1,0.0,unmapped_possible_person_name,low
Munni,1,0,1,0.0,unmapped_possible_person_name,low
Muriaani,1,0,1,0.0,unmapped_possible_person_name,low
Murkeri,1,0,1,0.0,unmapped_possible_person_name,low
Murri,1,0,1,0.0,unmapped_possible_person_name,low
Musk,1,1,1,1.0,unmapped_possible_person_name,low
Musko,1,0,1,0.0,unmapped_possible_person_name,low
Musku,1,0,1,0.0,unmapped_possible_person_name,low
Muskus,1,0,1,0.0,unmapped_possible_person_name,low
Monkamo,1,0,1,0.0,unmapped_possible_person_name,low
Molotov,1,1,1,1.0,unmapped_possible_person_name,low
Miili,1,0,1,0.0,unmapped_possible_person_name,low
Molotia,1,0,1,0.0,unmapped_possible_person_name,low
Miiliste,1,0,1,0.0,unmapped_possible_person_name,low
Miiloitumen,1,1,1,1.0,unmapped_possible_person_name,low
Miiloitumessa,1,1,1,1.0,unmapped_possible_person_name,low
Miilut,1,0,1,0.0,unmapped_possible_person_name,low
Miiti,1,0,1,0.0,unmapped_possible_person_name,low
Mikki,1,0,1,0.0,unmapped_possible_person_name,low
Mikkokulta,1,0,1,0.0,unmapped_possible_person_name,low
Mikkonen,1,0,1,0.0,unmapped_possible_person_name,low
Mikoslkoi,1,0,1,0.0,unmapped_possible_person_name,low
Miku+lt,1,1,1,1.0,unmapped_possible_person_name,low
Milja,1,0,1,0.0,unmapped_possible_person_name,low
Milma,1,0,1,0.0,unmapped_possible_person_name,low
Minna,1,1,1,1.0,unmapped_possible_person_name,low
Mirja,1,0,1,0.0,unmapped_possible_person_name,low
Mirjam,1,0,1,0.0,unmapped_possible_person_name,low
Mirri,1,0,1,0.0,unmapped_possible_person_name,low
Miska,1,0,1,0.0,unmapped_possible_person_name,low
Mitra,1,0,1,0.0,unmapped_possible_person_name,low
Mittu,1,0,1,0.0,unmapped_possible_person_name,low
Moho,1,0,1,0.0,unmapped_possible_person_name,low
Moisina,1,0,1,0.0,unmapped_possible_person_name,low
Molli,1,1,1,1.0,unmapped_possible_person_name,low
Molloo (toponym),1,1,1,1.0,unmapped_possible_person_name,low
Mantero,1,0,1,0.0,unmapped_possible_person_name,low
Mannikest,1,1,1,1.0,unmapped_possible_person_name,low
Lihhoniko,1,0,1,0.0,unmapped_possible_person_name,low
Lisso,1,0,1,0.0,unmapped_possible_person_name,low
Lohla,1,0,1,0.0,unmapped_possible_person_name,low
Loigu,1,0,1,0.0,unmapped_possible_person_name,low
Loija,1,1,1,1.0,unmapped_possible_person_name,low
Loisu,1,1,1,1.0,unmapped_possible_person_name,low
Lokuta,1,0,1,0.0,unmapped_possible_person_name,low
Lomkki,1,0,1,0.0,unmapped_possible_person_name,low
Lompi,1,0,1,0.0,unmapped_possible_person_name,low
Lompo,1,0,1,0.0,unmapped_possible_person_name,low
Lopana (proper noun),1,0,1,0.0,unmapped_possible_person_name,low
Lopeinen,1,1,1,1.0,unmapped_possible_person_name,low
Lopo,1,0,1,0.0,unmapped_possible_person_name,low
Lott,1,0,1,0.0,unmapped_possible_person_name,low
Lotta (name),1,1,1,1.0,unmapped_possible_person_name,low
Louhiatas,1,0,1,0.0,unmapped_possible_person_name,low
Loukku-nen,1,1,1,1.0,unmapped_possible_person_name,low
Luise,1,0,1,0.0,unmapped_possible_person_name,low
Luostarinen,1,0,1,0.0,unmapped_possible_person_name,low
Luotila,1,1,1,1.0,unmapped_possible_person_name,low
Lusi,1,0,1,0.0,unmapped_possible_person_name,low
Lust,1,0,1,0.0,unmapped_possible_person_name,low
Luterus,1,0,1,0.0,unmapped_possible_person_name,low
Lutikanmaa,1,0,1,0.0,unmapped_possible_person_name,low
Lutini,1,0,1,0.0,unmapped_possible_person_name,low
Litma,1,1,1,1.0,unmapped_possible_person_name,low
Lisseijakki,1,0,1,0.0,unmapped_possible_person_name,low
Lutter,1,0,1,0.0,unmapped_possible_person_name,low
Lire,1,0,1,0.0,unmapped_possible_person_name,low
Liias,1,0,1,0.0,unmapped_possible_person_name,low
Liigerpung,1,0,1,0.0,unmapped_possible_person_name,low
Liigu,1,0,1,0.0,unmapped_possible_person_name,low
Liika,1,0,1,0.0,unmapped_possible_person_name,low
Liikari (proper noun),1,1,1,1.0,unmapped_possible_person_name,low
Liilo,1,0,1,0.0,unmapped_possible_person_name,low
Liina/Leena,1,1,1,1.0,unmapped_possible_person_name,low
Liiru,1,1,1,1.0,unmapped_possible_person_name,low
Liisake,1,1,1,1.0,unmapped_possible_person_name,low
Liisi,1,0,1,0.0,unmapped_possible_person_name,low
Liissilässä,1,1,1,1.0,unmapped_possible_person_name,low
Liisuke,1,0,1,0.0,unmapped_possible_person_name,low
Liisukene,1,1,1,1.0,unmapped_possible_person_name,low
Lillast,1,1,1,1.0,unmapped_possible_person_name,low
Lillat,1,0,1,0.0,unmapped_possible_person_name,low
Lilli+l,1,0,1,0.0,unmapped_possible_person_name,low
Lilli+le+gi,1,0,1,0.0,unmapped_possible_person_name,low
Lillin,1,0,1,0.0,unmapped_possible_person_name,low
Limoinen,1,0,1,0.0,unmapped_possible_person_name,low
Lingul,1,0,1,0.0,unmapped_possible_person_name,low
Linta,1,0,1,0.0,unmapped_possible_person_name,low
Lintsu,1,1,1,1.0,unmapped_possible_person_name,low
Lipola,1,0,1,0.0,unmapped_possible_person_name,low
Luttari,1,0,1,0.0,unmapped_possible_person_name,low
Lutunen,1,0,1,0.0,unmapped_possible_person_name,low
Mannakka,1,1,1,1.0,unmapped_possible_person_name,low
Mahkiri,1,0,1,0.0,unmapped_possible_person_name,low
Mahros,1,0,1,0.0,unmapped_possible_person_name,low
Maidla,1,0,1,0.0,unmapped_possible_person_name,low
Maie (proper noun),1,0,1,0.0,unmapped_possible_person_name,low
Maie/maa,1,1,1,1.0,unmapped_possible_person_name,low
Maija (hypocoristic),1,1,1,1.0,unmapped_possible_person_name,low
Maijaliisa,1,0,1,0.0,unmapped_possible_person_name,low
Maijatytär,1,1,1,1.0,unmapped_possible_person_name,low
Maijukka,1,0,1,0.0,unmapped_possible_person_name,low
Maiko,1,0,1,0.0,unmapped_possible_person_name,low
Maio (proper noun),1,0,1,0.0,unmapped_possible_person_name,low
Maire,1,0,1,0.0,unmapped_possible_person_name,low
Mairue,1,0,1,0.0,unmapped_possible_person_name,low
Maisa,1,0,1,0.0,unmapped_possible_person_name,low
Maisu,1,0,1,0.0,unmapped_possible_person_name,low
Makkara,1,1,1,1.0,unmapped_possible_person_name,low
Makkola,1,0,1,0.0,unmapped_possible_person_name,low
Maksimiinus,1,0,1,0.0,unmapped_possible_person_name,low
Maksiminus,1,1,1,1.0,unmapped_possible_person_name,low
Malanja,1,0,1,0.0,unmapped_possible_person_name,low
Mallel,1,1,1,1.0,unmapped_possible_person_name,low
Malti,1,0,1,0.0,unmapped_possible_person_name,low
Mamts,1,0,1,0.0,unmapped_possible_person_name,low
Mandali,1,0,1,0.0,unmapped_possible_person_name,low
Maho,1,0,1,0.0,unmapped_possible_person_name,low
Magdaleena,1,1,1,1.0,unmapped_possible_person_name,low
Luunja,1,0,1,0.0,unmapped_possible_person_name,low
Madres,1,0,1,0.0,unmapped_possible_person_name,low
Luuritsa,1,0,1,0.0,unmapped_possible_person_name,low
Luusa,1,1,1,1.0,unmapped_possible_person_name,low
Lyyti,1,0,1,0.0,unmapped_possible_person_name,low
Lyytill,1,0,1,0.0,unmapped_possible_person_name,low
Lyytinen,1,0,1,0.0,unmapped_possible_person_name,low
Läkkö-lle,1,1,1,1.0,unmapped_possible_person_name,low
Lämpsä,1,0,1,0.0,unmapped_possible_person_name,low
Lättilä,1,0,1,0.0,unmapped_possible_person_name,low
Läärelä,1,0,1,0.0,unmapped_possible_person_name,low
Lõu,1,0,1,0.0,unmapped_possible_person_name,low
Lönnrot,1,0,1,0.0,unmapped_possible_person_name,low
Lāti,1,0,1,0.0,unmapped_possible_person_name,low
Maahksi,1,0,1,0.0,unmapped_possible_person_name,low
Maardu,1,0,1,0.0,unmapped_possible_person_name,low
Maariana,1,0,1,0.0,unmapped_possible_person_name,low
Maarija,1,0,1,0.0,unmapped_possible_person_name,low
Maas,1,0,1,0.0,unmapped_possible_person_name,low
Maati,1,0,1,0.0,unmapped_possible_person_name,low
Madida,1,0,1,0.0,unmapped_possible_person_name,low
Madigan,1,0,1,0.0,unmapped_possible_person_name,low
Madista,1,0,1,0.0,unmapped_possible_person_name,low
Madiste,1,1,1,1.0,unmapped_possible_person_name,low
Madistõnn,1,0,1,0.0,unmapped_possible_person_name,low
Oiderma,1,0,1,0.0,unmapped_possible_person_name,low
