person_cluster,area_name,variant,mentions,poems
Anna / Anne / Ann / Anni,Alahärmä,Anna,1,1
Anna / Anne / Ann / Anni,Alatornio,Anna,1,1
Anna / Anne / Ann / Anni,Alatornio,Anni,4,3
Anna / Anne / Ann / Anni,Ambla,Ann,7,7
Anna / Anne / Ann / Anni,Ambla,Anna,1,1
Anna / Anne / Ann / Anni,Ambla,Anne,19,15
Anna / Anne / Ann / Anni,Anna,Anne,1,1
Anna / Anne / Ann / Anni,Anttola,Anni,2,1
Anna / Anne / Ann / Anni,Asikkala,Anna,1,1
Anna / Anne / Ann / Anni,Audru,Ann,7,1
Anna / Anne / Ann / Anni,Audru,Anne,5,4
Anna / Anne / Ann / Anni,Audru,Other,3,1
Anna / Anne / Ann / Anni,Emmaste,Ann,1,1
Anna / Anne / Ann / Anni,Evijärvi,Anna,1,1
Anna / Anne / Ann / Anni,Forssa,Anni,1,1
Anna / Anne / Ann / Anni,Halikko,Anni,1,1
Anna / Anne / Ann / Anni,Haljala,Ann,9,8
Anna / Anne / Ann / Anni,Haljala,Anna,2,2
Anna / Anne / Ann / Anni,Haljala,Anne,47,36
Anna / Anne / Ann / Anni,Haljala,Anni,1,1
Anna / Anne / Ann / Anni,Haljala,Anu,1,1
Anna / Anne / Ann / Anni,Haljala,Other,2,2
Anna / Anne / Ann / Anni,Halliste,Ann,2,1
Anna / Anne / Ann / Anni,Halliste,Anne,26,18
Anna / Anne / Ann / Anni,Hanila,Ann,1,1
Anna / Anne / Ann / Anni,Hargla,Anne,9,5
Anna / Anne / Ann / Anni,Hargla,Other,1,1
Anna / Anne / Ann / Anni,Harju-Jaani,Ann,2,2
Anna / Anne / Ann / Anni,Harju-Jaani,Anna,2,2
Anna / Anne / Ann / Anni,Harju-Jaani,Anne,5,5
Anna / Anne / Ann / Anni,Harju-Jaani,Anu,1,1
Anna / Anne / Ann / Anni,Harju-Jaani,Other,2,2
Anna / Anne / Ann / Anni,Hattula,Anna,1,1
Anna / Anne / Ann / Anni,Hattula,Anni,2,2
Anna / Anne / Ann / Anni,Heinjoki,Anni,3,3
Anna / Anne / Ann / Anni,Heinävesi,Anna,2,2
Anna / Anne / Ann / Anni,Heinävesi,Anni,4,4
Anna / Anne / Ann / Anni,Helme,Ann,2,2
Anna / Anne / Ann / Anni,Helme,Anna,1,1
Anna / Anne / Ann / Anni,Helme,Anne,34,20
Anna / Anne / Ann / Anni,Hietamäki,Anni,5,3
Anna / Anne / Ann / Anni,Hollola,Anni,2,2
Anna / Anne / Ann / Anni,Hämeenlinna,Anni,6,6
Anna / Anne / Ann / Anni,Hämeenlinna,Other,1,1
Anna / Anne / Ann / Anni,Häädemeeste,Ann,2,2
Anna / Anne / Ann / Anni,Häädemeeste,Anne,7,5
Anna / Anne / Ann / Anni,Iisaku,Anne,7,7
Anna / Anne / Ann / Anni,Iitti,Anni,2,2
Anna / Anne / Ann / Anni,Ilmajoki,Other,1,1
Anna / Anne / Ann / Anni,Ilomantsi,Anna,2,1
Anna / Anne / Ann / Anni,Ilomantsi,Anni,12,7
Anna / Anne / Ann / Anni,Ilomantsi,Other,1,1
Anna / Anne / Ann / Anni,Impilahti,Anni,2,2
Anna / Anne / Ann / Anni,Impilahti,Anu,1,1
Anna / Anne / Ann / Anni,Isokyrö,Other,1,1
Anna / Anne / Ann / Anni,Jaani,Anne,2,2
Anna / Anne / Ann / Anni,Jaani,Other,1,1
Anna / Anne / Ann / Anni,Janakkala,Anni,1,1
Anna / Anne / Ann / Anni,Joensuu,Anni,1,1
Anna / Anne / Ann / Anni,Joroinen,Anna,1,1
Anna / Anne / Ann / Anni,Juuru,Ann,2,2
Anna / Anne / Ann / Anni,Juuru,Anne,2,1
Anna / Anne / Ann / Anni,Jämaja,Anne,4,2
Anna / Anne / Ann / Anni,Järva-Jaani,Ann,2,1
Anna / Anne / Ann / Anni,Järva-Jaani,Anne,3,3
Anna / Anne / Ann / Anni,Järva-Jaani,Anu,4,1
Anna / Anne / Ann / Anni,Järva-Madise,Anne,8,7
Anna / Anne / Ann / Anni,Jõelähtme,Ann,3,2
Anna / Anne / Ann / Anni,Jõelähtme,Anna,3,1
Anna / Anne / Ann / Anni,Jõelähtme,Anne,4,4
Anna / Anne / Ann / Anni,Jõelähtme,Other,1,1
Anna / Anne / Ann / Anni,Jõhvi,Ann,9,4
Anna / Anne / Ann / Anni,Jõhvi,Anna,1,1
Anna / Anne / Ann / Anni,Jõhvi,Anne,10,6
Anna / Anne / Ann / Anni,Jõhvi,Other,2,2
Anna / Anne / Ann / Anni,Jüri,Ann,1,1
Anna / Anne / Ann / Anni,Jüri,Anne,7,5
Anna / Anne / Ann / Anni,Kaarma,Ann,3,2
Anna / Anne / Ann / Anni,Kaarma,Anne,1,1
Anna / Anne / Ann / Anni,Kaavi,Anna,1,1
Anna / Anne / Ann / Anni,Kadrina,Ann,19,8
Anna / Anne / Ann / Anni,Kadrina,Anna,1,1
Anna / Anne / Ann / Anni,Kadrina,Anne,40,25
Anna / Anne / Ann / Anni,Kadrina,Anni,1,1
Anna / Anne / Ann / Anni,Kadrina,Other,1,1
Anna / Anne / Ann / Anni,Kalajoki,Anna,1,1
Anna / Anne / Ann / Anni,Kambja,Anne,3,3
Anna / Anne / Ann / Anni,Kanepi,Anne,6,5
Anna / Anne / Ann / Anni,Kangaslampi,Anna,1,1
Anna / Anne / Ann / Anni,Kangasniemi,Anna,1,1
Anna / Anne / Ann / Anni,Kaprio,Anni,10,4
Anna / Anne / Ann / Anni,Karja,Ann,6,1
Anna / Anne / Ann / Anni,Karja,Anne,4,2
Anna / Anne / Ann / Anni,Karksi,Anne,50,30
Anna / Anne / Ann / Anni,Karksi,Other,2,1
Anna / Anne / Ann / Anni,Karttula,Anna,1,1
Anna / Anne / Ann / Anni,Karula,Ann,1,1
Anna / Anne / Ann / Anni,Karula,Anne,4,3
Anna / Anne / Ann / Anni,Karula,Anu,1,1
Anna / Anne / Ann / Anni,Karula,Other,1,1
Anna / Anne / Ann / Anni,Karuna,Anni,1,1
Anna / Anne / Ann / Anni,Karunki,Anni,3,2
Anna / Anne / Ann / Anni,Karuse,Ann,7,3
Anna / Anne / Ann / Anni,Karuse,Anne,8,6
Anna / Anne / Ann / Anni,Karuse,Other,1,1
Anna / Anne / Ann / Anni,Kattila,Anu,3,2
Anna / Anne / Ann / Anni,Kattila,Other,1,1
Anna / Anne / Ann / Anni,Kauhajoki,Anni,2,2
Anna / Anne / Ann / Anni,Kaustinen,Anna,1,1
Anna / Anne / Ann / Anni,Kauvatsa,Anni,1,1
Anna / Anne / Ann / Anni,Keila,Anne,1,1
Anna / Anne / Ann / Anni,Keila,Other,1,1
Anna / Anne / Ann / Anni,Kemijärvi,Other,1,1
Anna / Anne / Ann / Anni,Kestilä,Anna,1,1
Anna / Anne / Ann / Anni,Kiestinki,Anni,2,1
Anna / Anne / Ann / Anni,Kiestinki,Other,2,1
Anna / Anne / Ann / Anni,Kihelkonna,Anne,1,1
Anna / Anne / Ann / Anni,Kihniö,Anni,1,1
Anna / Anne / Ann / Anni,Kirvu,Anni,1,1
Anna / Anne / Ann / Anni,Kitee,Anna,1,1
Anna / Anne / Ann / Anni,Kivennapa,Anni,4,4
Anna / Anne / Ann / Anni,Kodavere,Ann,1,1
Anna / Anne / Ann / Anni,Kodavere,Anne,9,7
Anna / Anne / Ann / Anni,Koeru,Ann,8,3
Anna / Anne / Ann / Anni,Koeru,Anne,25,9
Anna / Anne / Ann / Anni,Koeru,Other,1,1
Anna / Anne / Ann / Anni,Koivisto,Anni,11,6
Anna / Anne / Ann / Anni,Kokkola,Anni,1,1
Anna / Anne / Ann / Anni,Kolga-Jaani,Ann,12,8
Anna / Anne / Ann / Anni,Kolga-Jaani,Anne,34,17
Anna / Anne / Ann / Anni,Kolga-Jaani,Anu,1,1
Anna / Anne / Ann / Anni,Kontiolahti,Anni,5,4
Anna / Anne / Ann / Anni,Kontokki,Anni,20,7
Anna / Anne / Ann / Anni,Koprina,Anni,13,3
Anna / Anne / Ann / Anni,Korpilahti,Anni,1,1
Anna / Anne / Ann / Anni,Korpiselkä,Ann,1,1
Anna / Anne / Ann / Anni,Korpiselkä,Anni,7,5
Anna / Anne / Ann / Anni,Kose,Ann,8,5
Anna / Anne / Ann / Anni,Kose,Anne,18,11
Anna / Anne / Ann / Anni,Kose,Other,2,2
Anna / Anne / Ann / Anni,Koskenpää,Anni,1,1
Anna / Anne / Ann / Anni,Kuhmo,Anni,2,1
Anna / Anne / Ann / Anni,Kuivaniemi,Other,1,1
Anna / Anne / Ann / Anni,Kullamaa,Ann,1,1
Anna / Anne / Ann / Anni,Kullamaa,Anni,2,1
Anna / Anne / Ann / Anni,Kuolemajärvi,Anni,3,1
Anna / Anne / Ann / Anni,Kuopio,Anni,3,3
Anna / Anne / Ann / Anni,Kupanitsa,Anni,4,1
Anna / Anne / Ann / Anni,Kurkijoki,Anni,1,1
Anna / Anne / Ann / Anni,Kursi,Ann,1,1
Anna / Anne / Ann / Anni,Kursi,Anne,9,7
Anna / Anne / Ann / Anni,Kursi,Anu,1,1
Anna / Anne / Ann / Anni,Kuusalu,Ann,4,3
Anna / Anne / Ann / Anni,Kuusalu,Anna,3,2
Anna / Anne / Ann / Anni,Kuusalu,Anne,27,17
Anna / Anne / Ann / Anni,Kuusalu,Anni,3,1
Anna / Anne / Ann / Anni,Kuusamo,Anni,9,1
Anna / Anne / Ann / Anni,Kuusjoki,Anni,3,3
Anna / Anne / Ann / Anni,Käina,Ann,10,2
Anna / Anne / Ann / Anni,Kärla,Ann,3,3
Anna / Anne / Ann / Anni,Kärla,Anne,1,1
Anna / Anne / Ann / Anni,Kõpu,Ann,1,1
Anna / Anne / Ann / Anni,Kõpu,Anne,7,4
Anna / Anne / Ann / Anni,Laiuse,Ann,2,2
Anna / Anne / Ann / Anni,Laiuse,Anne,15,13
Anna / Anne / Ann / Anni,Laiuse,Anu,1,1
Anna / Anne / Ann / Anni,Lappee,Other,1,1
Anna / Anne / Ann / Anni,Lapua,Anna,1,1
Anna / Anne / Ann / Anni,Lavansaari,Anni,5,4
Anna / Anne / Ann / Anni,Lempaala,Anni,6,4
Anna / Anne / Ann / Anni,Lempaala,Other,1,1
Anna / Anne / Ann / Anni,Leppävirta,Other,1,1
Anna / Anne / Ann / Anni,Lihula,Anne,3,3
Anna / Anne / Ann / Anni,Liissilä,Anni,4,2
Anna / Anne / Ann / Anni,Liperi,Anna,1,1
Anna / Anne / Ann / Anni,Liperi,Anni,3,2
Anna / Anne / Ann / Anni,Liperi,Other,2,1
Anna / Anne / Ann / Anni,Loppi,Anna,1,1
Anna / Anne / Ann / Anni,Loppi,Anni,1,1
Anna / Anne / Ann / Anni,Luopioinen,Anni,1,1
Anna / Anne / Ann / Anni,Lääne-Nigula,Anu,1,1
Anna / Anne / Ann / Anni,Lüganuse,Anne,4,3
Anna / Anne / Ann / Anni,Lüganuse,Anni,1,1
Anna / Anne / Ann / Anni,Lüganuse,Anu,1,1
Anna / Anne / Ann / Anni,Maarja-Magdaleena,Ann,6,5
Anna / Anne / Ann / Anni,Maarja-Magdaleena,Anna,1,1
Anna / Anne / Ann / Anni,Maarja-Magdaleena,Anne,16,10
Anna / Anne / Ann / Anni,Maksuatiha,Anni,2,2
Anna / Anne / Ann / Anni,Martna,Anne,3,2
Anna / Anne / Ann / Anni,Metsäpirtti,Anni,1,1
Anna / Anne / Ann / Anni,Mihkli,Anne,2,1
Anna / Anne / Ann / Anni,Moloskovitsa,Anni,9,6
Anna / Anne / Ann / Anni,Muhu,Ann,16,3
Anna / Anne / Ann / Anni,Muhu,Anne,12,8
Anna / Anne / Ann / Anni,Muhu,Other,4,2
Anna / Anne / Ann / Anni,Muolaa,Anni,1,1
Anna / Anne / Ann / Anni,Mustjala,Ann,1,1
Anna / Anne / Ann / Anni,Mustjala,Anne,6,3
Anna / Anne / Ann / Anni,Mäntsälä,Anni,1,1
Anna / Anne / Ann / Anni,Mäntyharju,Anni,3,2
Anna / Anne / Ann / Anni,Märjamaa,Ann,1,1
Anna / Anne / Ann / Anni,Märjamaa,Anne,6,6
Anna / Anne / Ann / Anni,Nakkila,Anni,1,1
Anna / Anne / Ann / Anni,Narvusi,Anni,28,15
Anna / Anne / Ann / Anni,Narvusi,Anu,3,2
Anna / Anne / Ann / Anni,Narvusi,Other,2,2
Anna / Anne / Ann / Anni,Noarootsi,Ann,1,1
Anna / Anne / Ann / Anni,Nurmes,Anne,1,1
Anna / Anne / Ann / Anni,Nurmijärvi,Anna,1,1
Anna / Anne / Ann / Anni,Nõo,Anne,8,6
Anna / Anne / Ann / Anni,Nõo,Other,1,1
Anna / Anne / Ann / Anni,Orimattila,Anni,1,1
Anna / Anne / Ann / Anni,Otepää,Ann,3,2
Anna / Anne / Ann / Anni,Otepää,Anne,7,6
Anna / Anne / Ann / Anni,Otepää,Other,2,2
Anna / Anne / Ann / Anni,Oulu,Anna,1,1
Anna / Anne / Ann / Anni,Paatene,Anni,16,1
Anna / Anne / Ann / Anni,Paattinen,Anni,2,2
Anna / Anne / Ann / Anni,Paide,Ann,2,2
Anna / Anne / Ann / Anni,Paide,Anne,9,4
Anna / Anne / Ann / Anni,Paistu,Ann,7,5
Anna / Anne / Ann / Anni,Paistu,Anna,1,1
Anna / Anne / Ann / Anni,Paistu,Anne,42,19
Anna / Anne / Ann / Anni,Paistu,Other,2,2
Anna / Anne / Ann / Anni,Palamuse,Ann,3,3
Anna / Anne / Ann / Anni,Palamuse,Anne,9,8
Anna / Anne / Ann / Anni,Parikkala,Anni,1,1
Anna / Anne / Ann / Anni,Peetri,Ann,8,4
Anna / Anne / Ann / Anni,Peetri,Anna,1,1
Anna / Anne / Ann / Anni,Peetri,Anne,5,4
Anna / Anne / Ann / Anni,Peetri,Anni,2,2
Anna / Anne / Ann / Anni,Perho,Anna,1,1
Anna / Anne / Ann / Anni,Perniö,Anni,1,1
Anna / Anne / Ann / Anni,Pieksämäki,Anni,1,1
Anna / Anne / Ann / Anni,Pielisjärvi,Anni,2,1
Anna / Anne / Ann / Anni,Piippola,Other,1,1
Anna / Anne / Ann / Anni,Pilistvere,Ann,7,3
Anna / Anne / Ann / Anni,Pilistvere,Anna,1,1
Anna / Anne / Ann / Anni,Pilistvere,Anne,18,8
Anna / Anne / Ann / Anni,Pilistvere,Other,5,2
Anna / Anne / Ann / Anni,Pirkkala,Anni,1,1
Anna / Anne / Ann / Anni,Porajärvi,Anni,4,1
Anna / Anne / Ann / Anni,Pudasjärvi,Anni,1,1
Anna / Anne / Ann / Anni,Puhja,Ann,2,2
Anna / Anne / Ann / Anni,Puhja,Anne,5,3
Anna / Anne / Ann / Anni,Puhja,Anu,2,1
Anna / Anne / Ann / Anni,Pukkila,Anni,1,1
Anna / Anne / Ann / Anni,Puolanka,Anna,1,1
Anna / Anne / Ann / Anni,Puolanka,Anni,1,1
Anna / Anne / Ann / Anni,Pyhäjärvi Ul.,Anni,1,1
Anna / Anne / Ann / Anni,Pyhäjärvi Vpl.,Anni,3,3
Anna / Anne / Ann / Anni,Pälkjärvi,Other,1,1
Anna / Anne / Ann / Anni,Pälkäne,Anni,1,1
Anna / Anne / Ann / Anni,Pärnu,Ann,1,1
Anna / Anne / Ann / Anni,Pärnu,Anne,4,4
Anna / Anne / Ann / Anni,Pärnu-Jaagupi,Ann,2,2
Anna / Anne / Ann / Anni,Pärnu-Jaagupi,Anne,8,5
Anna / Anne / Ann / Anni,Põltsamaa,Ann,12,3
Anna / Anne / Ann / Anni,Põltsamaa,Anne,26,12
Anna / Anne / Ann / Anni,Põltsamaa,Anu,2,1
Anna / Anne / Ann / Anni,Põltsamaa,Other,1,1
Anna / Anne / Ann / Anni,Põlva,Ann,2,2
Anna / Anne / Ann / Anni,Põlva,Anne,5,5
Anna / Anne / Ann / Anni,Pöide,Ann,12,6
Anna / Anne / Ann / Anni,Pöide,Anne,7,4
Anna / Anne / Ann / Anni,Pöide,Anu,3,2
Anna / Anne / Ann / Anni,Pühalepa,Ann,12,2
Anna / Anne / Ann / Anni,Pühalepa,Anne,3,3
Anna / Anne / Ann / Anni,Pühalepa,Anu,1,1
Anna / Anne / Ann / Anni,Pühalepa,Other,1,1
Anna / Anne / Ann / Anni,Raahe,Anna,1,1
Anna / Anne / Ann / Anni,Rakvere,Anne,1,1
Anna / Anne / Ann / Anni,Rannu,Ann,1,1
Anna / Anne / Ann / Anni,Rannu,Anne,4,4
Anna / Anne / Ann / Anni,Rannu,Anu,2,1
Anna / Anne / Ann / Anni,Rannu,Other,2,1
Anna / Anne / Ann / Anni,Ranua,Anna,1,1
Anna / Anne / Ann / Anni,Rapla,Ann,2,2
Anna / Anne / Ann / Anni,Rapla,Anne,9,8
Anna / Anne / Ann / Anni,Reigi,Ann,1,1
Anna / Anne / Ann / Anni,Renko,Anna,1,1
Anna / Anne / Ann / Anni,Repola,Anni,5,4
Anna / Anne / Ann / Anni,Ridala,Ann,5,3
Anna / Anne / Ann / Anni,Ridala,Anne,1,1
Anna / Anne / Ann / Anni,Ridala,Other,2,1
Anna / Anne / Ann / Anni,Risti,Anne,4,4
Anna / Anne / Ann / Anni,Risti,Anni,2,1
Anna / Anne / Ann / Anni,Risti,Other,2,1
Anna / Anne / Ann / Anni,Ristijärvi,Anna,1,1
Anna / Anne / Ann / Anni,Ristijärvi,Anni,1,1
Anna / Anne / Ann / Anni,Rovaniemi,Anni,7,7
Anna / Anne / Ann / Anni,Rukajärvi,Anni,3,2
Anna / Anne / Ann / Anni,Räisälä,Anni,1,1
Anna / Anne / Ann / Anni,Räpina,Ann,1,1
Anna / Anne / Ann / Anni,Räpina,Anne,3,3
Anna / Anne / Ann / Anni,Rõngu,Ann,1,1
Anna / Anne / Ann / Anni,Rõngu,Anne,7,6
Anna / Anne / Ann / Anni,Rõuge,Ann,4,4
Anna / Anne / Ann / Anni,Rõuge,Anni,4,1
Anna / Anne / Ann / Anni,Rõuge,Other,1,1
Anna / Anne / Ann / Anni,Saarde,Ann,1,1
Anna / Anne / Ann / Anni,Saarde,Anne,23,6
Anna / Anne / Ann / Anni,Saarde,Other,1,1
Anna / Anne / Ann / Anni,Saarijärvi,Anni,3,3
Anna / Anne / Ann / Anni,Sakkola,Anni,8,1
Anna / Anne / Ann / Anni,Sakkola,Other,1,1
Anna / Anne / Ann / Anni,Salmi,Anni,6,4
Anna / Anne / Ann / Anni,Sangaste,Ann,5,4
Anna / Anne / Ann / Anni,Sangaste,Anne,13,10
Anna / Anne / Ann / Anni,Sangaste,Anu,2,2
Anna / Anne / Ann / Anni,Sangaste,Other,2,2
Anna / Anne / Ann / Anni,Savitaipale,Anne,1,1
Anna / Anne / Ann / Anni,Savitaipale,Anni,1,1
Anna / Anne / Ann / Anni,Seiskari,Anni,8,4
Anna / Anne / Ann / Anni,Serepetta,Anu,2,1
Anna / Anne / Ann / Anni,Setumaa,Ann,15,9
Anna / Anne / Ann / Anni,Setumaa,Anne,22,17
Anna / Anne / Ann / Anni,Setumaa,Other,5,3
Anna / Anne / Ann / Anni,Siilinjärvi,Anni,1,1
Anna / Anne / Ann / Anni,Simo,Anni,2,1
Anna / Anne / Ann / Anni,Simuna,Anne,9,8
Anna / Anne / Ann / Anni,Simuna,Other,2,2
Anna / Anne / Ann / Anni,Skuoritsa,Anni,8,2
Anna / Anne / Ann / Anni,Soanlahti,Anni,2,2
Anna / Anne / Ann / Anni,Soikkola,Anni,23,14
Anna / Anne / Ann / Anni,Soikkola,Other,1,1
Anna / Anne / Ann / Anni,Sortavala,Anni,1,1
Anna / Anne / Ann / Anni,Sotkamo,Anna,1,1
Anna / Anne / Ann / Anni,Sotkamo,Other,1,1
Anna / Anne / Ann / Anni,Spankkova,Anna,1,1
Anna / Anne / Ann / Anni,Spankkova,Anni,2,1
Anna / Anne / Ann / Anni,Suistamo,Anni,22,13
Anna / Anne / Ann / Anni,Suistamo,Anu,2,2
Anna / Anne / Ann / Anni,Suistamo,Other,8,4
Anna / Anne / Ann / Anni,Suojärvi,Anna,1,1
Anna / Anne / Ann / Anni,Suojärvi,Anni,25,11
Anna / Anne / Ann / Anni,Suojärvi,Other,2,1
Anna / Anne / Ann / Anni,Suomussalmi,Anni,1,1
Anna / Anne / Ann / Anni,Suonenjoki,Anna,1,1
Anna / Anne / Ann / Anni,Suure-Jaani,Ann,10,5
Anna / Anne / Ann / Anni,Suure-Jaani,Anne,16,8
Anna / Anne / Ann / Anni,Suure-Jaani,Other,1,1
Anna / Anne / Ann / Anni,Sysmä,Anna,1,1
Anna / Anne / Ann / Anni,Sääksmäki,Anni,1,1
Anna / Anne / Ann / Anni,Sääksmäki,Other,3,2
Anna / Anne / Ann / Anni,Sääminki,Anni,1,1
Anna / Anne / Ann / Anni,Säämäjärvi,Anu,1,1
Anna / Anne / Ann / Anni,Tampere,Anni,4,4
Anna / Anne / Ann / Anni,Tartu-Maarja,Anne,5,2
Anna / Anne / Ann / Anni,Tarvastu,Ann,23,6
Anna / Anne / Ann / Anni,Tarvastu,Anne,25,17
Anna / Anne / Ann / Anni,Tarvastu,Other,3,3
Anna / Anne / Ann / Anni,Terijoki,Anni,4,1
Anna / Anne / Ann / Anni,Tervo,Anni,2,2
Anna / Anne / Ann / Anni,Tohmajärvi,Anni,1,1
Anna / Anne / Ann / Anni,Toksova,Anni,8,3
Anna / Anne / Ann / Anni,Tori,Ann,7,4
Anna / Anne / Ann / Anni,Tori,Anne,8,5
Anna / Anne / Ann / Anni,Tori,Anni,3,3
Anna / Anne / Ann / Anni,Torma,Ann,2,2
Anna / Anne / Ann / Anni,Torma,Anne,9,5
Anna / Anne / Ann / Anni,Tulemajärvi,Anna,2,2
Anna / Anne / Ann / Anni,Tulemajärvi,Anni,19,14
Anna / Anne / Ann / Anni,Tulemajärvi,Other,9,2
Anna / Anne / Ann / Anni,Turku,Anna,1,1
Anna / Anne / Ann / Anni,Tuupovaara,Anni,1,1
Anna / Anne / Ann / Anni,Tuutari,Anni,1,1
Anna / Anne / Ann / Anni,Tyrväntö,Anni,1,1
Anna / Anne / Ann / Anni,Tyrö,Anni,5,4
Anna / Anne / Ann / Anni,Tõstamaa,Anne,4,3
Anna / Anne / Ann / Anni,Tõstamaa,Anu,1,1
Anna / Anne / Ann / Anni,Tõstamaa,Other,1,1
Anna / Anne / Ann / Anni,Töysä,Anna,1,1
Anna / Anne / Ann / Anni,Töysä,Anni,1,1
Anna / Anne / Ann / Anni,Türi,Ann,2,2
Anna / Anne / Ann / Anni,Türi,Anne,8,4
Anna / Anne / Ann / Anni,Urvaste,Ann,12,7
Anna / Anne / Ann / Anni,Urvaste,Anna,1,1
Anna / Anne / Ann / Anni,Urvaste,Anne,12,9
Anna / Anne / Ann / Anni,Urvaste,Anu,2,1
Anna / Anne / Ann / Anni,Urvaste,Other,1,1
Anna / Anne / Ann / Anni,Uskela,Anna,1,1
Anna / Anne / Ann / Anni,Uskela,Anni,1,1
Anna / Anne / Ann / Anni,Uusikaupunki,Anni,1,1
Anna / Anne / Ann / Anni,Vaivara,Ann,1,1
Anna / Anne / Ann / Anni,Vaivara,Anne,8,6
Anna / Anne / Ann / Anni,Valjala,Anne,3,1
Anna / Anne / Ann / Anni,Valkeala,Anni,1,1
Anna / Anne / Ann / Anni,Vanaja,Anna,1,1
Anna / Anne / Ann / Anni,Varbla,Ann,11,5
Anna / Anne / Ann / Anni,Varbla,Anne,3,3
Anna / Anne / Ann / Anni,Vastseliina,Anne,3,2
Anna / Anne / Ann / Anni,Venjoki,Anni,1,1
Anna / Anne / Ann / Anni,Vieljärvi,Anni,3,1
Anna / Anne / Ann / Anni,Vigala,Ann,24,8
Anna / Anne / Ann / Anni,Vigala,Anna,1,1
Anna / Anne / Ann / Anni,Vigala,Anne,10,10
Anna / Anne / Ann / Anni,Vigala,Anni,2,1
Anna / Anne / Ann / Anni,Vigala,Other,1,1
Anna / Anne / Ann / Anni,Viljandi,Ann,9,5
Anna / Anne / Ann / Anni,Viljandi,Anne,30,15
Anna / Anne / Ann / Anni,Viljandi,Other,2,2
Anna / Anne / Ann / Anni,Virrat,Anna,1,1
Anna / Anne / Ann / Anni,Virrat,Anni,1,1
Anna / Anne / Ann / Anni,Virtasalmi,Anna,1,1
Anna / Anne / Ann / Anni,Viru-Jaagupi,Ann,6,1
Anna / Anne / Ann / Anni,Viru-Jaagupi,Anna,1,1
Anna / Anne / Ann / Anni,Viru-Jaagupi,Anne,3,2
Anna / Anne / Ann / Anni,Viru-Jaagupi,Other,1,1
Anna / Anne / Ann / Anni,Viru-Nigula,Ann,10,5
Anna / Anne / Ann / Anni,Viru-Nigula,Anne,14,7
Anna / Anne / Ann / Anni,Viru-Nigula,Anni,2,2
Anna / Anne / Ann / Anni,Viru-Nigula,Anu,2,1
Anna / Anne / Ann / Anni,Viru-Nigula,Other,2,1
Anna / Anne / Ann / Anni,Vuokkiniemi,Anni,10,5
Anna / Anne / Ann / Anni,Vuole,Anna,1,1
Anna / Anne / Ann / Anni,Vuole,Anni,20,9
Anna / Anne / Ann / Anni,Väike-Maarja,Ann,4,4
Anna / Anne / Ann / Anni,Väike-Maarja,Anne,20,16
Anna / Anne / Ann / Anni,Vändra,Ann,4,2
Anna / Anne / Ann / Anni,Vändra,Anne,16,9
Anna / Anne / Ann / Anni,Vändra,Other,2,1
Anna / Anne / Ann / Anni,Võnnu,Ann,12,5
Anna / Anne / Ann / Anni,Võnnu,Anne,8,5
Anna / Anne / Ann / Anni,Võnnu,Other,1,1
Anna / Anne / Ann / Anni,Ylämaa,Anni,1,1
Anna / Anne / Ann / Anni,Äksi,Ann,3,1
Anna / Anne / Ann / Anni,Äksi,Anne,12,8
Catherine / Kadri / Katri,Alatornio,Kaisa,1,1
Catherine / Kadri / Katri,Alatornio,Katariina/Katriina,1,1
Catherine / Kadri / Katri,Ambla,Kadri,32,6
Catherine / Kadri / Katri,Ambla,Katariina/Katriina,1,1
Catherine / Kadri / Katri,Ambla,Other,5,2
Catherine / Kadri / Katri,Anttola,Kaisa,1,1
Catherine / Kadri / Katri,Asikkala,Kaisa,2,2
Catherine / Kadri / Katri,Audru,Kadri,39,8
Catherine / Kadri / Katri,Audru,Other,7,2
Catherine / Kadri / Katri,Brandval,Kati,1,1
Catherine / Kadri / Katri,Emmaste,Kati,1,1
Catherine / Kadri / Katri,Eno,Kaisa,1,1
Catherine / Kadri / Katri,Haljala,Kadri,19,6
Catherine / Kadri / Katri,Haljala,Katri,15,3
Catherine / Kadri / Katri,Haljala,Other,3,3
Catherine / Kadri / Katri,Halliste,Kadri,39,17
Catherine / Kadri / Katri,Halliste,Other,1,1
Catherine / Kadri / Katri,Halsua,Kaisa,1,1
Catherine / Kadri / Katri,Hanila,Kadri,10,1
Catherine / Kadri / Katri,Hargla,Katri,1,1
Catherine / Kadri / Katri,Harju-Jaani,Kadri,13,2
Catherine / Kadri / Katri,Harju-Jaani,Other,2,1
Catherine / Kadri / Katri,Harju-Madise,Kadri,5,1
Catherine / Kadri / Katri,Hartola,Katariina/Katriina,2,2
Catherine / Kadri / Katri,Heinävesi,Kaisa,1,1
Catherine / Kadri / Katri,Helme,Kadri,61,10
Catherine / Kadri / Katri,Helme,Katri,31,2
Catherine / Kadri / Katri,Helme,Other,1,1
Catherine / Kadri / Katri,Helsinki,Kaisa,1,1
Catherine / Kadri / Katri,Hietamäki,Katri,10,3
Catherine / Kadri / Katri,Hirvensalmi,Kaisa,1,1
Catherine / Kadri / Katri,Hirvensalmi,Katri,1,1
Catherine / Kadri / Katri,Hollola,Kaisa,1,1
Catherine / Kadri / Katri,Hämeenlinna,Kaisa,1,1
Catherine / Kadri / Katri,Häädemeeste,Kadri,21,4
Catherine / Kadri / Katri,Häädemeeste,Katri,15,1
Catherine / Kadri / Katri,Iisaku,Other,1,1
Catherine / Kadri / Katri,Ilomantsi,Kaisa,12,6
Catherine / Kadri / Katri,Impilahti,Kaisa,2,2
Catherine / Kadri / Katri,Impilahti,Katariina/Katriina,1,1
Catherine / Kadri / Katri,Impilahti,Other,2,1
Catherine / Kadri / Katri,Jaakkima,Katri,2,1
Catherine / Kadri / Katri,Joroinen,Kaisa,1,1
Catherine / Kadri / Katri,Joutseno,Kaisa,1,1
Catherine / Kadri / Katri,Juuru,Kadri,19,3
Catherine / Kadri / Katri,Juuru,Other,4,1
Catherine / Kadri / Katri,Juva,Kaisa,6,6
Catherine / Kadri / Katri,Juva,Katariina/Katriina,1,1
Catherine / Kadri / Katri,Jämaja,Kadri,1,1
Catherine / Kadri / Katri,Jämsä,Kaisa,1,1
Catherine / Kadri / Katri,Jäppilä,Kaisa,1,1
Catherine / Kadri / Katri,Järva-Jaani,Kadri,10,3
Catherine / Kadri / Katri,Järva-Jaani,Other,2,2
Catherine / Kadri / Katri,Järva-Madise,Kadri,6,4
Catherine / Kadri / Katri,Järva-Madise,Other,1,1
Catherine / Kadri / Katri,Jääski,Kaisa,2,1
Catherine / Kadri / Katri,Jõhvi,Kadri,5,5
Catherine / Kadri / Katri,Jõhvi,Other,1,1
Catherine / Kadri / Katri,Jüri,Kadri,4,2
Catherine / Kadri / Katri,Kadrina,Kadri,10,4
Catherine / Kadri / Katri,Kadrina,Other,6,6
Catherine / Kadri / Katri,Kajaani,Kaisa,1,1
Catherine / Kadri / Katri,Kajaani,Other,1,1
Catherine / Kadri / Katri,Kalajoki,Kaisa,21,3
Catherine / Kadri / Katri,Kambja,Kadri,1,1
Catherine / Kadri / Katri,Kanepi,Kadri,5,2
Catherine / Kadri / Katri,Kangasniemi,Kaisa,1,1
Catherine / Kadri / Katri,Kangasniemi,Katri,2,1
Catherine / Kadri / Katri,Kanneljärvi,Katri,1,1
Catherine / Kadri / Katri,Kaprio,Katri,1,1
Catherine / Kadri / Katri,Karksi,Kadri,40,5
Catherine / Kadri / Katri,Karula,Kadri,20,6
Catherine / Kadri / Katri,Karula,Katri,14,3
Catherine / Kadri / Katri,Karula,Other,44,1
Catherine / Kadri / Katri,Karuse,Kadri,30,6
Catherine / Kadri / Katri,Kaukola,Kaisa,2,2
Catherine / Kadri / Katri,Keila,Kadri,1,1
Catherine / Kadri / Katri,Keltto,Katariina/Katriina,1,1
Catherine / Kadri / Katri,Keltto,Katri,2,1
Catherine / Kadri / Katri,Kemi,Katariina/Katriina,1,1
Catherine / Kadri / Katri,Kemijärvi,Kaisa,2,2
Catherine / Kadri / Katri,Kerimäki,Kaisa,1,1
Catherine / Kadri / Katri,Kiihtelysvaara,Katariina/Katriina,1,1
Catherine / Kadri / Katri,Kitee,Kaisa,1,1
Catherine / Kadri / Katri,Kiuruvesi,Kaisa,1,1
Catherine / Kadri / Katri,Kiuruvesi,Other,1,1
Catherine / Kadri / Katri,Kivennapa,Kaisa,1,1
Catherine / Kadri / Katri,Kivennapa,Katariina/Katriina,1,1
Catherine / Kadri / Katri,Kivijärvi,Katariina/Katriina,1,1
Catherine / Kadri / Katri,Kodavere,Kadri,7,4
Catherine / Kadri / Katri,Kodavere,Other,4,2
Catherine / Kadri / Katri,Koeru,Kadri,6,2
Catherine / Kadri / Katri,Koivisto,Katri,5,1
Catherine / Kadri / Katri,Kokemäki,Kaisa,1,1
Catherine / Kadri / Katri,Kokemäki,Katri,1,1
Catherine / Kadri / Katri,Kontiolahti,Kaisa,1,1
Catherine / Kadri / Katri,Kontiolahti,Katariina/Katriina,1,1
Catherine / Kadri / Katri,Koprina,Kati,3,3
Catherine / Kadri / Katri,Koprina,Katri,10,4
Catherine / Kadri / Katri,Korpiselkä,Kati,1,1
Catherine / Kadri / Katri,Kose,Kadri,27,3
Catherine / Kadri / Katri,Kose,Other,6,2
Catherine / Kadri / Katri,Kuhmo,Kaisa,1,1
Catherine / Kadri / Katri,Kuhmo,Katri,2,1
Catherine / Kadri / Katri,Kullamaa,Kadri,13,3
Catherine / Kadri / Katri,Kuopio,Kaisa,1,1
Catherine / Kadri / Katri,Kuorevesi,Kaisa,1,1
Catherine / Kadri / Katri,Kupanitsa,Kati,14,1
Catherine / Kadri / Katri,Kupanitsa,Katri,1,1
Catherine / Kadri / Katri,Kurikka,Kaisa,1,1
Catherine / Kadri / Katri,Kuusalu,Kadri,11,4
Catherine / Kadri / Katri,Kuusalu,Other,4,2
Catherine / Kadri / Katri,Kymi,Kaisa,1,1
Catherine / Kadri / Katri,Käina,Kadri,1,1
Catherine / Kadri / Katri,Kärla,Kadri,1,1
Catherine / Kadri / Katri,Kõpu,Kadri,15,4
Catherine / Kadri / Katri,Laihia,Kaisa,1,1
Catherine / Kadri / Katri,Laiuse,Kadri,17,2
Catherine / Kadri / Katri,Lapinjärvi,Kaisa,1,1
Catherine / Kadri / Katri,Lappee,Kaisa,2,2
Catherine / Kadri / Katri,Lavansaari,Kaisa,1,1
Catherine / Kadri / Katri,Lavansaari,Katri,1,1
Catherine / Kadri / Katri,Lemi,Kaisa,6,4
Catherine / Kadri / Katri,Lemi,Katariina/Katriina,1,1
Catherine / Kadri / Katri,Lempaala,Kaisa,2,2
Catherine / Kadri / Katri,Lempaala,Katariina/Katriina,2,2
Catherine / Kadri / Katri,Lempaala,Other,2,2
Catherine / Kadri / Katri,Liissilä,Katri,1,1
Catherine / Kadri / Katri,Loppi,Kaisa,2,2
Catherine / Kadri / Katri,Luopioinen,Kaisa,1,1
Catherine / Kadri / Katri,Luumäki,Katri,1,1
Catherine / Kadri / Katri,Lääne-Nigula,Kadri,1,1
Catherine / Kadri / Katri,Lääne-Nigula,Other,1,1
Catherine / Kadri / Katri,Maaninka,Katri,1,1
Catherine / Kadri / Katri,Maarja-Magdaleena,Kadri,3,3
Catherine / Kadri / Katri,Markkova,Katri,2,1
Catherine / Kadri / Katri,Moloskovitsa,Katariina/Katriina,1,1
Catherine / Kadri / Katri,Moloskovitsa,Kati,2,1
Catherine / Kadri / Katri,Moloskovitsa,Katri,6,4
Catherine / Kadri / Katri,Moloskovitsa,Other,2,2
Catherine / Kadri / Katri,Muhos,Kaisa,1,1
Catherine / Kadri / Katri,Muhu,Kadri,18,8
Catherine / Kadri / Katri,Mynämäki,Kaisa,1,1
Catherine / Kadri / Katri,Mynämäki,Kati,1,1
Catherine / Kadri / Katri,Märjamaa,Kadri,17,4
Catherine / Kadri / Katri,Narvusi,Kaisa,17,1
Catherine / Kadri / Katri,Narvusi,Katariina/Katriina,6,6
Catherine / Kadri / Katri,Narvusi,Kati,34,21
Catherine / Kadri / Katri,Narvusi,Katri,19,11
Catherine / Kadri / Katri,Narvusi,Other,3,2
Catherine / Kadri / Katri,Nurmes,Kaisa,1,1
Catherine / Kadri / Katri,Nurmes,Katariina/Katriina,2,2
Catherine / Kadri / Katri,Nõo,Kadri,5,1
Catherine / Kadri / Katri,Orimattila,Kaisa,2,2
Catherine / Kadri / Katri,Otepää,Other,1,1
Catherine / Kadri / Katri,Oulu,Kaisa,1,1
Catherine / Kadri / Katri,Paistu,Kadri,32,7
Catherine / Kadri / Katri,Paistu,Katri,107,3
Catherine / Kadri / Katri,Paistu,Other,2,1
Catherine / Kadri / Katri,Palamuse,Kadri,9,6
Catherine / Kadri / Katri,Palamuse,Other,24,1
Catherine / Kadri / Katri,Parainen,Kaisa,1,1
Catherine / Kadri / Katri,Parikkala,Kaisa,1,1
Catherine / Kadri / Katri,Peetri,Kadri,23,5
Catherine / Kadri / Katri,Perho,Kaisa,1,1
Catherine / Kadri / Katri,Perniö,Kaisa,1,1
Catherine / Kadri / Katri,Pielavesi,Kaisa,3,1
Catherine / Kadri / Katri,Pielisjärvi,Katariina/Katriina,1,1
Catherine / Kadri / Katri,Pomarkku,Other,1,1
Catherine / Kadri / Katri,Puolanka,Kaisa,1,1
Catherine / Kadri / Katri,Puolanka,Katariina/Katriina,1,1
Catherine / Kadri / Katri,Puolanka,Other,1,1
Catherine / Kadri / Katri,Pusula,Kaisa,2,1
Catherine / Kadri / Katri,Puumala,Kaisa,1,1
Catherine / Kadri / Katri,Pyhäjärvi Vpl.,Katri,11,1
Catherine / Kadri / Katri,Pärnu,Kadri,7,2
Catherine / Kadri / Katri,Pärnu-Jaagupi,Kadri,38,5
Catherine / Kadri / Katri,Põltsamaa,Kadri,14,3
Catherine / Kadri / Katri,Põltsamaa,Other,4,2
Catherine / Kadri / Katri,Põlva,Kadri,21,3
Catherine / Kadri / Katri,Põlva,Kati,1,1
Catherine / Kadri / Katri,Pöide,Kadri,3,1
Catherine / Kadri / Katri,Pöytyä,Kati,1,1
Catherine / Kadri / Katri,Pühalepa,Kadri,1,1
Catherine / Kadri / Katri,Rakvere,Kadri,12,3
Catherine / Kadri / Katri,Rakvere,Other,5,1
Catherine / Kadri / Katri,Rannu,Kadri,1,1
Catherine / Kadri / Katri,Rapla,Kadri,5,1
Catherine / Kadri / Katri,Rapla,Other,2,1
Catherine / Kadri / Katri,Repola,Katri,2,1
Catherine / Kadri / Katri,Risti,Kadri,21,5
Catherine / Kadri / Katri,Risti,Other,5,1
Catherine / Kadri / Katri,Rovaniemi,Kaisa,1,1
Catherine / Kadri / Katri,Rovaniemi,Kati,1,1
Catherine / Kadri / Katri,Ruameška,Other,1,1
Catherine / Kadri / Katri,Ruotsinpyhtää,Kaisa,1,1
Catherine / Kadri / Katri,Ruovesi,Kaisa,1,1
Catherine / Kadri / Katri,Räpina,Kadri,27,5
Catherine / Kadri / Katri,Räpina,Other,48,2
Catherine / Kadri / Katri,Rääkkylä,Kaisa,3,2
Catherine / Kadri / Katri,Rääpyvä,Katariina/Katriina,1,1
Catherine / Kadri / Katri,Rääpyvä,Katri,4,1
Catherine / Kadri / Katri,Rõngu,Kadri,5,4
Catherine / Kadri / Katri,Rõuge,Kadri,5,1
Catherine / Kadri / Katri,Rõuge,Katri,2,2
Catherine / Kadri / Katri,Rõuge,Other,3,2
Catherine / Kadri / Katri,Saarde,Kadri,2,1
Catherine / Kadri / Katri,Saarde,Other,1,1
Catherine / Kadri / Katri,Saarijärvi,Kaisa,1,1
Catherine / Kadri / Katri,Sakkola,Kaisa,1,1
Catherine / Kadri / Katri,Salmi,Katariina/Katriina,1,1
Catherine / Kadri / Katri,Sangaste,Kadri,3,2
Catherine / Kadri / Katri,Sangaste,Katri,1,1
Catherine / Kadri / Katri,Sangaste,Other,2,2
Catherine / Kadri / Katri,Sauvo,Kati,1,1
Catherine / Kadri / Katri,Savitaipale,Kaisa,1,1
Catherine / Kadri / Katri,Savonlinna,Kaisa,2,1
Catherine / Kadri / Katri,Savonranta,Kaisa,1,1
Catherine / Kadri / Katri,Seiskari,Katri,1,1
Catherine / Kadri / Katri,Serepetta,Katariina/Katriina,2,1
Catherine / Kadri / Katri,Serepetta,Kati,2,1
Catherine / Kadri / Katri,Serepetta,Katri,2,2
Catherine / Kadri / Katri,Setumaa,Kadri,25,5
Catherine / Kadri / Katri,Setumaa,Katariina/Katriina,2,1
Catherine / Kadri / Katri,Setumaa,Kati,2,2
Catherine / Kadri / Katri,Setumaa,Katri,1,1
Catherine / Kadri / Katri,Setumaa,Other,2,1
Catherine / Kadri / Katri,Simuna,Kadri,23,3
Catherine / Kadri / Katri,Simuna,Other,3,2
Catherine / Kadri / Katri,Skuoritsa,Kati,1,1
Catherine / Kadri / Katri,Soanlahti,Kaisa,1,1
Catherine / Kadri / Katri,Soanlahti,Katri,4,2
Catherine / Kadri / Katri,Sodankylä,Kaisa,1,1
Catherine / Kadri / Katri,Soikkola,Kaisa,13,4
Catherine / Kadri / Katri,Soikkola,Katariina/Katriina,3,3
Catherine / Kadri / Katri,Soikkola,Kati,4,3
Catherine / Kadri / Katri,Soikkola,Katri,2,2
Catherine / Kadri / Katri,Soini,Kaisa,3,3
Catherine / Kadri / Katri,Sonkajärvi,Katariina/Katriina,1,1
Catherine / Kadri / Katri,Sortavala,Kaisa,3,2
Catherine / Kadri / Katri,Sortavala,Katri,5,3
Catherine / Kadri / Katri,Soutjärvi,Kadri,1,1
Catherine / Kadri / Katri,Soutjärvi,Other,1,1
Catherine / Kadri / Katri,Suistamo,Kaisa,9,8
Catherine / Kadri / Katri,Suistamo,Katariina/Katriina,2,1
Catherine / Kadri / Katri,Suistamo,Katri,1,1
Catherine / Kadri / Katri,Suojärvi,Katri,3,2
Catherine / Kadri / Katri,Suomenniemi,Other,1,1
Catherine / Kadri / Katri,Suomusjärvi,Kaisa,1,1
Catherine / Kadri / Katri,Suomussalmi,Kaisa,2,1
Catherine / Kadri / Katri,Suure-Jaani,Kadri,16,6
Catherine / Kadri / Katri,Suure-Jaani,Other,1,1
Catherine / Kadri / Katri,Sääksmäki,Kaisa,1,1
Catherine / Kadri / Katri,Sääminki,Kaisa,1,1
Catherine / Kadri / Katri,Taivassalo,Kaisa,1,1
Catherine / Kadri / Katri,Tammela,Kaisa,2,2
Catherine / Kadri / Katri,Tampere,Kaisa,1,1
Catherine / Kadri / Katri,Tartu-Maarja,Kadri,3,1
Catherine / Kadri / Katri,Tartu-Maarja,Other,1,1
Catherine / Kadri / Katri,Tarvastu,Kadri,15,4
Catherine / Kadri / Katri,Tarvastu,Katariina/Katriina,1,1
Catherine / Kadri / Katri,Tarvastu,Kati,1,1
Catherine / Kadri / Katri,Tarvastu,Katri,3,2
Catherine / Kadri / Katri,Teisko,Kaisa,1,1
Catherine / Kadri / Katri,Terijoki,Katri,1,1
Catherine / Kadri / Katri,Tervo,Kaisa,1,1
Catherine / Kadri / Katri,Tohmajärvi,Kaisa,2,2
Catherine / Kadri / Katri,Tohmajärvi,Katri,2,1
Catherine / Kadri / Katri,Toksova,Katariina/Katriina,2,2
Catherine / Kadri / Katri,Toksova,Kati,6,1
Catherine / Kadri / Katri,Toksova,Katri,2,1
Catherine / Kadri / Katri,Toksova,Other,1,1
Catherine / Kadri / Katri,Tolmačču,Other,2,1
Catherine / Kadri / Katri,Tori,Kadri,22,5
Catherine / Kadri / Katri,Torma,Kadri,4,4
Catherine / Kadri / Katri,Torma,Other,1,1
Catherine / Kadri / Katri,Turku,Kaisa,2,2
Catherine / Kadri / Katri,Tuupovaara,Kaisa,7,1
Catherine / Kadri / Katri,Tuupovaara,Katri,2,1
Catherine / Kadri / Katri,Tuutari,Katri,1,1
Catherine / Kadri / Katri,Tyrö,Kaisa,9,3
Catherine / Kadri / Katri,Tyrö,Katariina/Katriina,3,2
Catherine / Kadri / Katri,Tyrö,Katri,8,4
Catherine / Kadri / Katri,Tyrö,Other,4,3
Catherine / Kadri / Katri,Tõstamaa,Kadri,21,7
Catherine / Kadri / Katri,Tõstamaa,Other,1,1
Catherine / Kadri / Katri,Türi,Kadri,19,3
Catherine / Kadri / Katri,Uhtua,Kaisa,3,1
Catherine / Kadri / Katri,Uhtua,Katri,1,1
Catherine / Kadri / Katri,Urvaste,Kadri,6,3
Catherine / Kadri / Katri,Urvaste,Katri,2,1
Catherine / Kadri / Katri,Urvaste,Other,4,2
Catherine / Kadri / Katri,Uskela,Kaisa,1,1
Catherine / Kadri / Katri,Uskela,Kati,1,1
Catherine / Kadri / Katri,Uukuniemi,Katri,5,2
Catherine / Kadri / Katri,Uusikirkko Tl.,Kaisa,1,1
Catherine / Kadri / Katri,Uusikirkko Tl.,Kati,1,1
Catherine / Kadri / Katri,Vaasa,Kaisa,1,1
Catherine / Kadri / Katri,Vahto,Other,1,1
Catherine / Kadri / Katri,Vaivara,Kadri,2,2
Catherine / Kadri / Katri,Vaivara,Katariina/Katriina,1,1
Catherine / Kadri / Katri,Valtimo,Kaisa,1,1
Catherine / Kadri / Katri,Valtimo,Katri,1,1
Catherine / Kadri / Katri,Varbla,Kadri,11,3
Catherine / Kadri / Katri,Vastseliina,Kati,1,1
Catherine / Kadri / Katri,Vastseliina,Katri,3,2
Catherine / Kadri / Katri,Venjoki,Kaisa,12,1
Catherine / Kadri / Katri,Venjoki,Katariina/Katriina,2,1
Catherine / Kadri / Katri,Venjoki,Kati,1,1
Catherine / Kadri / Katri,Venjoki,Katri,7,1
Catherine / Kadri / Katri,Veteli,Kaisa,1,1
Catherine / Kadri / Katri,Vieljärvi,Katariina/Katriina,1,1
Catherine / Kadri / Katri,Vigala,Kadri,22,6
Catherine / Kadri / Katri,Vigala,Other,4,2
Catherine / Kadri / Katri,Viipuri,Kaisa,1,1
Catherine / Kadri / Katri,Viitasaari,Kaisa,1,1
Catherine / Kadri / Katri,Viitasaari,Katri,1,1
Catherine / Kadri / Katri,Viljakkala,Kaisa,1,1
Catherine / Kadri / Katri,Viljandi,Kadri,17,6
Catherine / Kadri / Katri,Viljandi,Katri,48,1
Catherine / Kadri / Katri,Viljandi,Other,4,3
Catherine / Kadri / Katri,Virrat,Kaisa,3,1
Catherine / Kadri / Katri,Virtasalmi,Katariina/Katriina,1,1
Catherine / Kadri / Katri,Viru-Jaagupi,Kadri,4,1
Catherine / Kadri / Katri,Viru-Jaagupi,Other,1,1
Catherine / Kadri / Katri,Viru-Nigula,Kadri,4,3
Catherine / Kadri / Katri,Viru-Nigula,Katri,1,1
Catherine / Kadri / Katri,Vuole,Katariina/Katriina,1,1
Catherine / Kadri / Katri,Vuole,Kati,17,4
Catherine / Kadri / Katri,Vuole,Katri,4,1
Catherine / Kadri / Katri,Väike-Maarja,Kadri,7,2
Catherine / Kadri / Katri,Vändra,Kadri,11,8
Catherine / Kadri / Katri,Vändra,Other,2,1
Catherine / Kadri / Katri,Värtsilä,Kaisa,1,1
Catherine / Kadri / Katri,Võnnu,Kadri,4,1
Catherine / Kadri / Katri,Võnnu,Katariina/Katriina,1,1
Catherine / Kadri / Katri,Võnnu,Other,1,1
Catherine / Kadri / Katri,Yläne,Kaisa,1,1
Catherine / Kadri / Katri,Äksi,Kadri,4,3
Catherine / Kadri / Katri,Äksi,Other,2,1
John / Jaan / Jussi / Hans,Alajärvi,Jussi/Juss,1,1
John / Jaan / Jussi / Hans,Alavus,Jussi/Juss,3,2
John / Jaan / Jussi / Hans,Alavus,Other,1,1
John / Jaan / Jussi / Hans,Ambla,Ants,2,2
John / Jaan / Jussi / Hans,Ambla,Hans,13,7
John / Jaan / Jussi / Hans,Ambla,Jaan,12,9
John / Jaan / Jussi / Hans,Ambla,Other,3,3
John / Jaan / Jussi / Hans,Anseküla,Hans,1,1
John / Jaan / Jussi / Hans,Anseküla,Jaan,1,1
John / Jaan / Jussi / Hans,Anseküla,Other,2,2
John / Jaan / Jussi / Hans,Asikkala,Jussi/Juss,1,1
John / Jaan / Jussi / Hans,Asikkala,Other,1,1
John / Jaan / Jussi / Hans,Askainen,Jussi/Juss,1,1
John / Jaan / Jussi / Hans,Audru,Hans,11,6
John / Jaan / Jussi / Hans,Audru,Jaan,6,6
John / Jaan / Jussi / Hans,Audru,Other,1,1
John / Jaan / Jussi / Hans,Emmaste,Ants,1,1
John / Jaan / Jussi / Hans,Eurajoki,Jussi/Juss,1,1
John / Jaan / Jussi / Hans,Evijärvi,Jussi/Juss,3,3
John / Jaan / Jussi / Hans,Forssa,Jussi/Juss,2,2
John / Jaan / Jussi / Hans,Hageri,Jaan,2,2
John / Jaan / Jussi / Hans,Halikko,Jussi/Juss,1,1
John / Jaan / Jussi / Hans,Haljala,Ants,18,8
John / Jaan / Jussi / Hans,Haljala,Hans,1,1
John / Jaan / Jussi / Hans,Haljala,Jaan,15,9
John / Jaan / Jussi / Hans,Haljala,Jussi/Juss,1,1
John / Jaan / Jussi / Hans,Haljala,Other,6,5
John / Jaan / Jussi / Hans,Halliste,Ants,5,5
John / Jaan / Jussi / Hans,Halliste,Hans,14,10
John / Jaan / Jussi / Hans,Halliste,Jaan,35,12
John / Jaan / Jussi / Hans,Halliste,Other,1,1
John / Jaan / Jussi / Hans,Hanila,Jaan,15,6
John / Jaan / Jussi / Hans,Hanila,Other,1,1
John / Jaan / Jussi / Hans,Hargla,Jaan,5,3
John / Jaan / Jussi / Hans,Harju-Jaani,Ants,2,2
John / Jaan / Jussi / Hans,Harju-Jaani,Hans,5,4
John / Jaan / Jussi / Hans,Harju-Jaani,Jaan,7,7
John / Jaan / Jussi / Hans,Harju-Jaani,Other,5,3
John / Jaan / Jussi / Hans,Harju-Madise,Hans,1,1
John / Jaan / Jussi / Hans,Harlu,Jussi/Juss,1,1
John / Jaan / Jussi / Hans,Hartola,Jussi/Juss,5,4
John / Jaan / Jussi / Hans,Hattula,Jussi/Juss,13,11
John / Jaan / Jussi / Hans,Hauho,Jussi/Juss,5,4
John / Jaan / Jussi / Hans,Haukivuori,Jussi/Juss,1,1
John / Jaan / Jussi / Hans,Hausjärvi,Jussi/Juss,5,5
John / Jaan / Jussi / Hans,Heinjoki,Jussi/Juss,7,3
John / Jaan / Jussi / Hans,Heinävesi,Jussi/Juss,13,12
John / Jaan / Jussi / Hans,Helme,Ants,2,2
John / Jaan / Jussi / Hans,Helme,Hans,4,3
John / Jaan / Jussi / Hans,Helme,Jaan,34,8
John / Jaan / Jussi / Hans,Helsinki,Jussi/Juss,1,1
John / Jaan / Jussi / Hans,Humppila,Jussi/Juss,1,1
John / Jaan / Jussi / Hans,Hyvinkää,Jussi/Juss,1,1
John / Jaan / Jussi / Hans,Hämeenkyrö,Jussi/Juss,2,2
John / Jaan / Jussi / Hans,Hämeenlinna,Jussi/Juss,6,6
John / Jaan / Jussi / Hans,Hämeenlinna,Other,2,1
John / Jaan / Jussi / Hans,Häädemeeste,Hans,1,1
John / Jaan / Jussi / Hans,Häädemeeste,Jaan,10,10
John / Jaan / Jussi / Hans,Häädemeeste,Jussi/Juss,1,1
John / Jaan / Jussi / Hans,Iisaku,Hans,2,2
John / Jaan / Jussi / Hans,Iisaku,Jaan,1,1
John / Jaan / Jussi / Hans,Iisaku,Other,1,1
John / Jaan / Jussi / Hans,Iisalmi,Jussi/Juss,4,4
John / Jaan / Jussi / Hans,Iitti,Jussi/Juss,2,1
John / Jaan / Jussi / Hans,Ilomantsi,Iivana,4,1
John / Jaan / Jussi / Hans,Ilomantsi,Jussi/Juss,5,5
John / Jaan / Jussi / Hans,Ilomantsi,Other,4,4
John / Jaan / Jussi / Hans,Impilahti,Other,1,1
John / Jaan / Jussi / Hans,Isojoki,Jussi/Juss,1,1
John / Jaan / Jussi / Hans,Jaani,Ants,1,1
John / Jaan / Jussi / Hans,Jaani,Jaan,1,1
John / Jaan / Jussi / Hans,Jalasjärvi,Jussi/Juss,2,2
John / Jaan / Jussi / Hans,Janakkala,Jussi/Juss,3,3
John / Jaan / Jussi / Hans,Jokioinen,Jussi/Juss,1,1
John / Jaan / Jussi / Hans,Joroinen,Iivana,1,1
John / Jaan / Jussi / Hans,Joroinen,Jussi/Juss,3,3
John / Jaan / Jussi / Hans,Joroinen,Other,1,1
John / Jaan / Jussi / Hans,Joutseno,Jussi/Juss,1,1
John / Jaan / Jussi / Hans,Juuka,Jussi/Juss,1,1
John / Jaan / Jussi / Hans,Juuru,Ants,1,1
John / Jaan / Jussi / Hans,Juuru,Jaan,2,2
John / Jaan / Jussi / Hans,Juva,Jussi/Juss,2,2
John / Jaan / Jussi / Hans,Jällivaara,Jussi/Juss,1,1
John / Jaan / Jussi / Hans,Jämsä,Jussi/Juss,3,2
John / Jaan / Jussi / Hans,Järva-Jaani,Ants,1,1
John / Jaan / Jussi / Hans,Järva-Jaani,Hans,6,3
John / Jaan / Jussi / Hans,Järva-Jaani,Jaan,5,4
John / Jaan / Jussi / Hans,Järva-Jaani,Other,1,1
John / Jaan / Jussi / Hans,Järva-Madise,Hans,8,4
John / Jaan / Jussi / Hans,Järva-Madise,Jaan,8,6
John / Jaan / Jussi / Hans,Jõelähtme,Ants,6,4
John / Jaan / Jussi / Hans,Jõelähtme,Hans,1,1
John / Jaan / Jussi / Hans,Jõelähtme,Jaan,2,2
John / Jaan / Jussi / Hans,Jõelähtme,Jussi/Juss,1,1
John / Jaan / Jussi / Hans,Jõelähtme,Other,1,1
John / Jaan / Jussi / Hans,Jõhvi,Ants,1,1
John / Jaan / Jussi / Hans,Jõhvi,Hans,2,2
John / Jaan / Jussi / Hans,Jõhvi,Jaan,8,6
John / Jaan / Jussi / Hans,Jõhvi,Other,1,1
John / Jaan / Jussi / Hans,Jüri,Ants,1,1
John / Jaan / Jussi / Hans,Jüri,Hans,7,4
John / Jaan / Jussi / Hans,Jüri,Jaan,8,5
John / Jaan / Jussi / Hans,Jüri,Jussi/Juss,1,1
John / Jaan / Jussi / Hans,Kaarma,Hans,11,1
John / Jaan / Jussi / Hans,Kaarma,Jaan,4,2
John / Jaan / Jussi / Hans,Kaavi,Jussi/Juss,3,3
John / Jaan / Jussi / Hans,Kaavi,Other,1,1
John / Jaan / Jussi / Hans,Kadrina,Ants,4,4
John / Jaan / Jussi / Hans,Kadrina,Hans,5,5
John / Jaan / Jussi / Hans,Kadrina,Jaan,10,10
John / Jaan / Jussi / Hans,Kadrina,Other,6,4
John / Jaan / Jussi / Hans,Kalajoki,Jussi/Juss,1,1
John / Jaan / Jussi / Hans,Kambja,Jaan,2,2
John / Jaan / Jussi / Hans,Kanepi,Ants,1,1
John / Jaan / Jussi / Hans,Kanepi,Jaan,1,1
John / Jaan / Jussi / Hans,Kanepi,Other,1,1
John / Jaan / Jussi / Hans,Kangasala,Jussi/Juss,1,1
John / Jaan / Jussi / Hans,Kangaslampi,Jussi/Juss,2,2
John / Jaan / Jussi / Hans,Kangasniemi,Jussi/Juss,6,3
John / Jaan / Jussi / Hans,Kankaanpää,Other,1,1
John / Jaan / Jussi / Hans,Kanneljärvi,Jussi/Juss,2,2
John / Jaan / Jussi / Hans,Kaprio,Iivana,3,1
John / Jaan / Jussi / Hans,Kaprio,Other,1,1
John / Jaan / Jussi / Hans,Karinainen,Jussi/Juss,1,1
John / Jaan / Jussi / Hans,Karja,Hans,14,2
John / Jaan / Jussi / Hans,Karja,Jaan,1,1
John / Jaan / Jussi / Hans,Karksi,Ants,5,5
John / Jaan / Jussi / Hans,Karksi,Hans,8,6
John / Jaan / Jussi / Hans,Karksi,Jaan,41,11
John / Jaan / Jussi / Hans,Karksi,Jussi/Juss,4,3
John / Jaan / Jussi / Hans,Karksi,Other,2,2
John / Jaan / Jussi / Hans,Karstula,Jussi/Juss,1,1
John / Jaan / Jussi / Hans,Karttula,Jussi/Juss,1,1
John / Jaan / Jussi / Hans,Karula,Ants,1,1
John / Jaan / Jussi / Hans,Karula,Jaan,3,2
John / Jaan / Jussi / Hans,Karula,Other,7,6
John / Jaan / Jussi / Hans,Karuna,Jussi/Juss,3,3
John / Jaan / Jussi / Hans,Karunki,Jussi/Juss,1,1
John / Jaan / Jussi / Hans,Karuse,Ants,6,2
John / Jaan / Jussi / Hans,Karuse,Hans,8,5
John / Jaan / Jussi / Hans,Karuse,Jaan,24,10
John / Jaan / Jussi / Hans,Kauhajoki,Jussi/Juss,2,2
John / Jaan / Jussi / Hans,Kauhava,Jussi/Juss,1,1
John / Jaan / Jussi / Hans,Kauhava,Other,1,1
John / Jaan / Jussi / Hans,Kaukola,Jussi/Juss,2,2
John / Jaan / Jussi / Hans,Kauvatsa,Jussi/Juss,1,1
John / Jaan / Jussi / Hans,Kemi,Jussi/Juss,1,1
John / Jaan / Jussi / Hans,Kerimäki,Jussi/Juss,1,1
John / Jaan / Jussi / Hans,Kesälahti,Other,3,1
John / Jaan / Jussi / Hans,Kihelkonna,Ants,1,1
John / Jaan / Jussi / Hans,Kihelkonna,Jaan,8,1
John / Jaan / Jussi / Hans,Kihelkonna,Other,1,1
John / Jaan / Jussi / Hans,Kihniö,Jussi/Juss,2,2
John / Jaan / Jussi / Hans,Kiihtelysvaara,Jussi/Juss,1,1
John / Jaan / Jussi / Hans,Kiihtelysvaara,Other,1,1
John / Jaan / Jussi / Hans,Kiikka,Jussi/Juss,1,1
John / Jaan / Jussi / Hans,Kiikoinen,Jussi/Juss,1,1
John / Jaan / Jussi / Hans,Kiimaisjärvi,Other,1,1
John / Jaan / Jussi / Hans,Kinnula,Jussi/Juss,1,1
John / Jaan / Jussi / Hans,Kirvu,Jussi/Juss,1,1
John / Jaan / Jussi / Hans,Kitee,Jussi/Juss,7,3
John / Jaan / Jussi / Hans,Kitee,Other,1,1
John / Jaan / Jussi / Hans,Kiukainen,Jussi/Juss,2,1
John / Jaan / Jussi / Hans,Kiuruvesi,Jussi/Juss,10,7
John / Jaan / Jussi / Hans,Kivennapa,Jussi/Juss,2,2
John / Jaan / Jussi / Hans,Kivijärvi,Jussi/Juss,1,1
John / Jaan / Jussi / Hans,Kivijärvi,Other,2,2
John / Jaan / Jussi / Hans,Kodavere,Jaan,2,2
John / Jaan / Jussi / Hans,Koeru,Ants,6,5
John / Jaan / Jussi / Hans,Koeru,Hans,6,4
John / Jaan / Jussi / Hans,Koeru,Jaan,56,8
John / Jaan / Jussi / Hans,Kokemäki,Jussi/Juss,2,2
John / Jaan / Jussi / Hans,Kolga-Jaani,Ants,12,7
John / Jaan / Jussi / Hans,Kolga-Jaani,Hans,18,6
John / Jaan / Jussi / Hans,Kolga-Jaani,Jaan,33,17
John / Jaan / Jussi / Hans,Kolga-Jaani,Other,9,5
John / Jaan / Jussi / Hans,Kontiolahti,Jussi/Juss,4,3
John / Jaan / Jussi / Hans,Kontiolahti,Other,1,1
John / Jaan / Jussi / Hans,Kontokki,Jussi/Juss,1,1
John / Jaan / Jussi / Hans,Koprina,Jussi/Juss,1,1
John / Jaan / Jussi / Hans,Koprina,Other,3,1
John / Jaan / Jussi / Hans,Korpilahti,Jussi/Juss,2,1
John / Jaan / Jussi / Hans,Korpiselkä,Jussi/Juss,1,1
John / Jaan / Jussi / Hans,Kose,Ants,8,5
John / Jaan / Jussi / Hans,Kose,Hans,19,10
John / Jaan / Jussi / Hans,Kose,Jaan,11,7
John / Jaan / Jussi / Hans,Kose,Jussi/Juss,2,1
John / Jaan / Jussi / Hans,Kose,Other,6,2
John / Jaan / Jussi / Hans,Koski Hl.,Jussi/Juss,4,4
John / Jaan / Jussi / Hans,Koski Tl.,Jussi/Juss,1,1
John / Jaan / Jussi / Hans,Kuhmo,Jussi/Juss,1,1
John / Jaan / Jussi / Hans,Kuhmoinen,Jussi/Juss,2,1
John / Jaan / Jussi / Hans,Kullamaa,Ants,2,2
John / Jaan / Jussi / Hans,Kullamaa,Hans,1,1
John / Jaan / Jussi / Hans,Kullamaa,Jaan,4,4
John / Jaan / Jussi / Hans,Kuopio,Jussi/Juss,1,1
John / Jaan / Jussi / Hans,Kuopio,Other,1,1
John / Jaan / Jussi / Hans,Kupanitsa,Other,1,1
John / Jaan / Jussi / Hans,Kurikka,Jussi/Juss,1,1
John / Jaan / Jussi / Hans,Kurkijoki,Jussi/Juss,1,1
John / Jaan / Jussi / Hans,Kursi,Hans,1,1
John / Jaan / Jussi / Hans,Kursi,Jaan,6,4
John / Jaan / Jussi / Hans,Kursi,Jussi/Juss,1,1
John / Jaan / Jussi / Hans,Kursi,Other,2,2
John / Jaan / Jussi / Hans,Kuusalu,Ants,11,6
John / Jaan / Jussi / Hans,Kuusalu,Hans,3,2
John / Jaan / Jussi / Hans,Kuusalu,Jaan,17,11
John / Jaan / Jussi / Hans,Kuusamo,Jussi/Juss,3,1
John / Jaan / Jussi / Hans,Kymi,Hans,1,1
John / Jaan / Jussi / Hans,Käina,Ants,1,1
John / Jaan / Jussi / Hans,Käina,Other,2,2
John / Jaan / Jussi / Hans,Kärkölä,Jussi/Juss,2,2
John / Jaan / Jussi / Hans,Kärla,Ants,1,1
John / Jaan / Jussi / Hans,Kärsämäki,Jussi/Juss,3,2
John / Jaan / Jussi / Hans,Kõpu,Hans,7,4
John / Jaan / Jussi / Hans,Kõpu,Jaan,4,2
John / Jaan / Jussi / Hans,Kõpu,Other,1,1
John / Jaan / Jussi / Hans,Lahti,Jussi/Juss,4,2
John / Jaan / Jussi / Hans,Laihia,Jussi/Juss,3,3
John / Jaan / Jussi / Hans,Laitila,Jussi/Juss,2,2
John / Jaan / Jussi / Hans,Laiuse,Ants,6,4
John / Jaan / Jussi / Hans,Laiuse,Hans,5,4
John / Jaan / Jussi / Hans,Laiuse,Jaan,6,5
John / Jaan / Jussi / Hans,Laiuse,Other,1,1
John / Jaan / Jussi / Hans,Lapinlahti,Jussi/Juss,1,1
John / Jaan / Jussi / Hans,Lappajärvi,Jussi/Juss,1,1
John / Jaan / Jussi / Hans,Lappee,Jussi/Juss,1,1
John / Jaan / Jussi / Hans,Lapua,Jussi/Juss,7,6
John / Jaan / Jussi / Hans,Lapväärtti,Jussi/Juss,1,1
John / Jaan / Jussi / Hans,Lehtimäki,Jussi/Juss,1,1
John / Jaan / Jussi / Hans,Lempaala,Jussi/Juss,3,2
John / Jaan / Jussi / Hans,Lempaala,Other,2,2
John / Jaan / Jussi / Hans,Leppävirta,Iivana,1,1
John / Jaan / Jussi / Hans,Leppävirta,Jussi/Juss,7,6
John / Jaan / Jussi / Hans,Lihula,Jaan,6,1
John / Jaan / Jussi / Hans,Liissilä,Jussi/Juss,4,1
John / Jaan / Jussi / Hans,Liissilä,Other,1,1
John / Jaan / Jussi / Hans,Liperi,Jussi/Juss,1,1
John / Jaan / Jussi / Hans,Lohja,Other,2,1
John / Jaan / Jussi / Hans,Loppi,Jussi/Juss,1,1
John / Jaan / Jussi / Hans,Lumivaara,Jussi/Juss,1,1
John / Jaan / Jussi / Hans,Luopioinen,Jussi/Juss,4,4
John / Jaan / Jussi / Hans,Luvia,Jussi/Juss,1,1
John / Jaan / Jussi / Hans,Längelmäki,Jussi/Juss,1,1
John / Jaan / Jussi / Hans,Lääne-Nigula,Ants,4,2
John / Jaan / Jussi / Hans,Lüganuse,Ants,3,3
John / Jaan / Jussi / Hans,Lüganuse,Hans,1,1
John / Jaan / Jussi / Hans,Lüganuse,Jaan,4,4
John / Jaan / Jussi / Hans,Maaninka,Jussi/Juss,3,2
John / Jaan / Jussi / Hans,Maaninka,Other,2,1
John / Jaan / Jussi / Hans,Maarja-Magdaleena,Hans,1,1
John / Jaan / Jussi / Hans,Maarja-Magdaleena,Jaan,5,5
John / Jaan / Jussi / Hans,Maarja-Magdaleena,Other,1,1
John / Jaan / Jussi / Hans,Markkova,Other,1,1
John / Jaan / Jussi / Hans,Martna,Jaan,11,3
John / Jaan / Jussi / Hans,Marttila,Jussi/Juss,2,1
John / Jaan / Jussi / Hans,Masku,Jussi/Juss,2,1
John / Jaan / Jussi / Hans,Merikarvia,Jussi/Juss,1,1
John / Jaan / Jussi / Hans,Merimasku,Jussi/Juss,1,1
John / Jaan / Jussi / Hans,Messukylä,Jussi/Juss,1,1
John / Jaan / Jussi / Hans,Metsäpirtti,Jussi/Juss,1,1
John / Jaan / Jussi / Hans,Mietoinen,Jussi/Juss,1,1
John / Jaan / Jussi / Hans,Mihkli,Ants,1,1
John / Jaan / Jussi / Hans,Mihkli,Hans,3,2
John / Jaan / Jussi / Hans,Mihkli,Jaan,11,4
John / Jaan / Jussi / Hans,Mihkli,Other,1,1
John / Jaan / Jussi / Hans,Moloskovitsa,Jussi/Juss,1,1
John / Jaan / Jussi / Hans,Mouhijärvi,Jussi/Juss,3,3
John / Jaan / Jussi / Hans,Muhos,Jussi/Juss,1,1
John / Jaan / Jussi / Hans,Muhu,Ants,5,4
John / Jaan / Jussi / Hans,Muhu,Hans,1,1
John / Jaan / Jussi / Hans,Muhu,Jaan,41,15
John / Jaan / Jussi / Hans,Muhu,Other,8,3
John / Jaan / Jussi / Hans,Muolaa,Jussi/Juss,5,4
John / Jaan / Jussi / Hans,Mustjala,Ants,7,4
John / Jaan / Jussi / Hans,Mustjala,Jaan,3,3
John / Jaan / Jussi / Hans,Mustjala,Jussi/Juss,1,1
John / Jaan / Jussi / Hans,Muurla,Jussi/Juss,17,11
John / Jaan / Jussi / Hans,Muurla,Other,4,2
John / Jaan / Jussi / Hans,Muuruvesi,Jussi/Juss,3,1
John / Jaan / Jussi / Hans,Mynämäki,Jussi/Juss,9,5
John / Jaan / Jussi / Hans,Myrskylä,Jussi/Juss,1,1
John / Jaan / Jussi / Hans,Mäntsälä,Jussi/Juss,4,4
John / Jaan / Jussi / Hans,Mäntyharju,Jussi/Juss,2,1
John / Jaan / Jussi / Hans,Mäntyharju,Other,1,1
John / Jaan / Jussi / Hans,Märjamaa,Ants,9,5
John / Jaan / Jussi / Hans,Märjamaa,Jaan,17,7
John / Jaan / Jussi / Hans,Märjamaa,Jussi/Juss,1,1
John / Jaan / Jussi / Hans,Nakkila,Jussi/Juss,2,2
John / Jaan / Jussi / Hans,Narvusi,Iivana,9,5
John / Jaan / Jussi / Hans,Narvusi,Other,2,2
John / Jaan / Jussi / Hans,Nastola,Jussi/Juss,1,1
John / Jaan / Jussi / Hans,Nilsiä,Jussi/Juss,4,4
John / Jaan / Jussi / Hans,Noormarkku,Jussi/Juss,1,1
John / Jaan / Jussi / Hans,Nousiainen,Jussi/Juss,1,1
John / Jaan / Jussi / Hans,Nurmes,Jussi/Juss,11,10
John / Jaan / Jussi / Hans,Nurmijärvi,Hans,1,1
John / Jaan / Jussi / Hans,Nõo,Ants,2,1
John / Jaan / Jussi / Hans,Nõo,Jaan,9,3
John / Jaan / Jussi / Hans,Orimattila,Jussi/Juss,2,2
John / Jaan / Jussi / Hans,Otepää,Ants,1,1
John / Jaan / Jussi / Hans,Otepää,Hans,3,2
John / Jaan / Jussi / Hans,Otepää,Jaan,5,4
John / Jaan / Jussi / Hans,Otepää,Other,1,1
John / Jaan / Jussi / Hans,Paattinen,Other,1,1
John / Jaan / Jussi / Hans,Paavola,Jussi/Juss,2,1
John / Jaan / Jussi / Hans,Paide,Hans,5,3
John / Jaan / Jussi / Hans,Paide,Other,11,2
John / Jaan / Jussi / Hans,Paimio,Jussi/Juss,2,2
John / Jaan / Jussi / Hans,Paimio,Other,1,1
John / Jaan / Jussi / Hans,Paistu,Ants,1,1
John / Jaan / Jussi / Hans,Paistu,Hans,11,5
John / Jaan / Jussi / Hans,Paistu,Jaan,70,8
John / Jaan / Jussi / Hans,Paistu,Other,7,6
John / Jaan / Jussi / Hans,Palamuse,Hans,8,4
John / Jaan / Jussi / Hans,Palamuse,Jaan,4,3
John / Jaan / Jussi / Hans,Paltamo,Other,2,2
John / Jaan / Jussi / Hans,Peetri,Ants,3,3
John / Jaan / Jussi / Hans,Peetri,Hans,1,1
John / Jaan / Jussi / Hans,Peetri,Jaan,59,9
John / Jaan / Jussi / Hans,Peetri,Other,1,1
John / Jaan / Jussi / Hans,Perho,Jussi/Juss,1,1
John / Jaan / Jussi / Hans,Perniö,Jussi/Juss,1,1
John / Jaan / Jussi / Hans,Pertteli,Jussi/Juss,3,3
John / Jaan / Jussi / Hans,Pielavesi,Jussi/Juss,4,3
John / Jaan / Jussi / Hans,Pielavesi,Other,2,1
John / Jaan / Jussi / Hans,Pielisjärvi,Jussi/Juss,3,3
John / Jaan / Jussi / Hans,Pielisjärvi,Other,1,1
John / Jaan / Jussi / Hans,Pihtipudas,Jussi/Juss,2,1
John / Jaan / Jussi / Hans,Pilistvere,Ants,1,1
John / Jaan / Jussi / Hans,Pilistvere,Hans,6,5
John / Jaan / Jussi / Hans,Pilistvere,Jaan,8,5
John / Jaan / Jussi / Hans,Pilistvere,Jussi/Juss,1,1
John / Jaan / Jussi / Hans,Pirkkala,Jussi/Juss,1,1
John / Jaan / Jussi / Hans,Polvijärvi,Jussi/Juss,1,1
John / Jaan / Jussi / Hans,Pomarkku,Jussi/Juss,2,2
John / Jaan / Jussi / Hans,Pori,Jussi/Juss,2,2
John / Jaan / Jussi / Hans,Pudasjärvi,Jussi/Juss,5,3
John / Jaan / Jussi / Hans,Puhja,Hans,3,1
John / Jaan / Jussi / Hans,Puhja,Jaan,8,5
John / Jaan / Jussi / Hans,Puhja,Other,2,2
John / Jaan / Jussi / Hans,Punkalaidun,Jussi/Juss,4,4
John / Jaan / Jussi / Hans,Pusula,Jussi/Juss,1,1
John / Jaan / Jussi / Hans,Pyhäjärvi Ol.,Jussi/Juss,4,3
John / Jaan / Jussi / Hans,Pyhäjärvi Ol.,Other,1,1
John / Jaan / Jussi / Hans,Pyhäjärvi Ul.,Jussi/Juss,4,3
John / Jaan / Jussi / Hans,Pyhäselkä,Jussi/Juss,2,2
John / Jaan / Jussi / Hans,Pälkjärvi,Jussi/Juss,1,1
John / Jaan / Jussi / Hans,Pälkäne,Jussi/Juss,2,2
John / Jaan / Jussi / Hans,Pärnu,Ants,2,2
John / Jaan / Jussi / Hans,Pärnu,Hans,7,1
John / Jaan / Jussi / Hans,Pärnu,Jaan,17,11
John / Jaan / Jussi / Hans,Pärnu-Jaagupi,Hans,2,2
John / Jaan / Jussi / Hans,Pärnu-Jaagupi,Jaan,2,2
John / Jaan / Jussi / Hans,Põltsamaa,Ants,6,2
John / Jaan / Jussi / Hans,Põltsamaa,Hans,22,5
John / Jaan / Jussi / Hans,Põltsamaa,Jaan,11,5
John / Jaan / Jussi / Hans,Põltsamaa,Other,3,3
John / Jaan / Jussi / Hans,Põlva,Ants,2,2
John / Jaan / Jussi / Hans,Põlva,Jaan,4,3
John / Jaan / Jussi / Hans,Pöide,Hans,2,2
John / Jaan / Jussi / Hans,Pöide,Jaan,4,4
John / Jaan / Jussi / Hans,Pöide,Other,3,1
John / Jaan / Jussi / Hans,Pöytyä,Jussi/Juss,7,4
John / Jaan / Jussi / Hans,Pühalepa,Ants,1,1
John / Jaan / Jussi / Hans,Pühalepa,Jaan,4,2
John / Jaan / Jussi / Hans,Rakvere,Jaan,3,2
John / Jaan / Jussi / Hans,Rannu,Ants,1,1
John / Jaan / Jussi / Hans,Rannu,Hans,1,1
John / Jaan / Jussi / Hans,Rannu,Jaan,5,3
John / Jaan / Jussi / Hans,Rannu,Other,2,2
John / Jaan / Jussi / Hans,Ranua,Jussi/Juss,6,6
John / Jaan / Jussi / Hans,Rapla,Hans,6,4
John / Jaan / Jussi / Hans,Rapla,Jaan,7,2
John / Jaan / Jussi / Hans,Rapla,Jussi/Juss,1,1
John / Jaan / Jussi / Hans,Rauma,Jussi/Juss,1,1
John / Jaan / Jussi / Hans,Rautalampi,Other,1,1
John / Jaan / Jussi / Hans,Rautavaara,Jussi/Juss,1,1
John / Jaan / Jussi / Hans,Rautjärvi,Jussi/Juss,2,1
John / Jaan / Jussi / Hans,Rautu,Jussi/Juss,3,3
John / Jaan / Jussi / Hans,Reigi,Ants,2,1
John / Jaan / Jussi / Hans,Reigi,Jaan,1,1
John / Jaan / Jussi / Hans,Renko,Jussi/Juss,6,4
John / Jaan / Jussi / Hans,Repola,Iivana,2,1
John / Jaan / Jussi / Hans,Ridala,Ants,1,1
John / Jaan / Jussi / Hans,Ridala,Jaan,2,1
John / Jaan / Jussi / Hans,Risti,Ants,3,2
John / Jaan / Jussi / Hans,Risti,Hans,6,2
John / Jaan / Jussi / Hans,Risti,Jaan,10,3
John / Jaan / Jussi / Hans,Risti,Other,6,4
John / Jaan / Jussi / Hans,Rovaniemi,Other,1,1
John / Jaan / Jussi / Hans,Ruokolahti,Jussi/Juss,4,3
John / Jaan / Jussi / Hans,Ruotsin Ylitornio,Other,2,1
John / Jaan / Jussi / Hans,Ruovesi,Jussi/Juss,7,6
John / Jaan / Jussi / Hans,Rusko,Jussi/Juss,1,1
John / Jaan / Jussi / Hans,Räisälä,Jussi/Juss,2,2
John / Jaan / Jussi / Hans,Räpina,Ants,1,1
John / Jaan / Jussi / Hans,Räpina,Hans,1,1
John / Jaan / Jussi / Hans,Räpina,Jaan,12,2
John / Jaan / Jussi / Hans,Räpina,Other,1,1
John / Jaan / Jussi / Hans,Rääkkylä,Jussi/Juss,3,3
John / Jaan / Jussi / Hans,Rääpyvä,Jussi/Juss,1,1
John / Jaan / Jussi / Hans,Rõngu,Hans,1,1
John / Jaan / Jussi / Hans,Rõngu,Jaan,7,7
John / Jaan / Jussi / Hans,Rõngu,Other,1,1
John / Jaan / Jussi / Hans,Rõuge,Ants,5,3
John / Jaan / Jussi / Hans,Rõuge,Hans,4,1
John / Jaan / Jussi / Hans,Rõuge,Jaan,7,4
John / Jaan / Jussi / Hans,Rõuge,Jussi/Juss,1,1
John / Jaan / Jussi / Hans,Rõuge,Other,2,1
John / Jaan / Jussi / Hans,Saarde,Hans,10,4
John / Jaan / Jussi / Hans,Saarde,Jaan,4,2
John / Jaan / Jussi / Hans,Saarijärvi,Jussi/Juss,13,13
John / Jaan / Jussi / Hans,Sakkola,Jussi/Juss,7,4
John / Jaan / Jussi / Hans,Sangaste,Ants,5,5
John / Jaan / Jussi / Hans,Sangaste,Jaan,6,4
John / Jaan / Jussi / Hans,Sangaste,Other,2,1
John / Jaan / Jussi / Hans,Savonlinna,Jussi/Juss,5,5
John / Jaan / Jussi / Hans,Serepetta,Other,3,1
John / Jaan / Jussi / Hans,Setumaa,Ants,2,1
John / Jaan / Jussi / Hans,Setumaa,Jaan,11,8
John / Jaan / Jussi / Hans,Setumaa,Other,4,4
John / Jaan / Jussi / Hans,Siikajoki,Jussi/Juss,1,1
John / Jaan / Jussi / Hans,Siilinjärvi,Jussi/Juss,1,1
John / Jaan / Jussi / Hans,Simo,Jussi/Juss,1,1
John / Jaan / Jussi / Hans,Simuna,Ants,3,2
John / Jaan / Jussi / Hans,Simuna,Hans,4,3
John / Jaan / Jussi / Hans,Simuna,Jaan,7,4
John / Jaan / Jussi / Hans,Simuna,Jussi/Juss,1,1
John / Jaan / Jussi / Hans,Soanlahti,Jussi/Juss,1,1
John / Jaan / Jussi / Hans,Soikkola,Iivana,2,2
John / Jaan / Jussi / Hans,Soikkola,Other,1,1
John / Jaan / Jussi / Hans,Somerniemi,Jussi/Juss,1,1
John / Jaan / Jussi / Hans,Somero,Jussi/Juss,4,4
John / Jaan / Jussi / Hans,Somero,Other,1,1
John / Jaan / Jussi / Hans,Sonkajärvi,Jussi/Juss,4,4
John / Jaan / Jussi / Hans,Sortavala,Jussi/Juss,3,2
John / Jaan / Jussi / Hans,Sotkamo,Jussi/Juss,3,3
John / Jaan / Jussi / Hans,Suistamo,Iivana,1,1
John / Jaan / Jussi / Hans,Suistamo,Jussi/Juss,4,3
John / Jaan / Jussi / Hans,Suistamo,Other,1,1
John / Jaan / Jussi / Hans,Sulkava,Jussi/Juss,1,1
John / Jaan / Jussi / Hans,Suojärvi,Other,2,1
John / Jaan / Jussi / Hans,Suomusjärvi,Jussi/Juss,3,2
John / Jaan / Jussi / Hans,Suomussalmi,Jussi/Juss,1,1
John / Jaan / Jussi / Hans,Suonenjoki,Jussi/Juss,2,2
John / Jaan / Jussi / Hans,Suonenjoki,Other,3,2
John / Jaan / Jussi / Hans,Suure-Jaani,Ants,2,2
John / Jaan / Jussi / Hans,Suure-Jaani,Hans,5,5
John / Jaan / Jussi / Hans,Suure-Jaani,Jaan,24,15
John / Jaan / Jussi / Hans,Suure-Jaani,Jussi/Juss,1,1
John / Jaan / Jussi / Hans,Suure-Jaani,Other,3,3
John / Jaan / Jussi / Hans,Sysmä,Jussi/Juss,4,4
John / Jaan / Jussi / Hans,Sääksmäki,Jussi/Juss,1,1
John / Jaan / Jussi / Hans,Taivassalo,Jussi/Juss,1,1
John / Jaan / Jussi / Hans,Tammela,Jussi/Juss,10,5
John / Jaan / Jussi / Hans,Tampere,Jussi/Juss,3,3
John / Jaan / Jussi / Hans,Tartu-Maarja,Hans,4,2
John / Jaan / Jussi / Hans,Tartu-Maarja,Jaan,10,3
John / Jaan / Jussi / Hans,Tartu-Maarja,Other,2,2
John / Jaan / Jussi / Hans,Tarvasjoki,Other,1,1
John / Jaan / Jussi / Hans,Tarvastu,Ants,12,4
John / Jaan / Jussi / Hans,Tarvastu,Hans,12,5
John / Jaan / Jussi / Hans,Tarvastu,Jaan,7,6
John / Jaan / Jussi / Hans,Tarvastu,Other,6,4
John / Jaan / Jussi / Hans,Terijoki,Jussi/Juss,1,1
John / Jaan / Jussi / Hans,Tervo,Jussi/Juss,1,1
John / Jaan / Jussi / Hans,Tervola,Other,2,1
John / Jaan / Jussi / Hans,Teuva,Jussi/Juss,3,3
John / Jaan / Jussi / Hans,Teuva,Other,1,1
John / Jaan / Jussi / Hans,Tohmajärvi,Jussi/Juss,1,1
John / Jaan / Jussi / Hans,Tori,Ants,4,3
John / Jaan / Jussi / Hans,Tori,Hans,5,1
John / Jaan / Jussi / Hans,Tori,Jaan,11,9
John / Jaan / Jussi / Hans,Torma,Hans,2,1
John / Jaan / Jussi / Hans,Torma,Jaan,8,5
John / Jaan / Jussi / Hans,Torma,Other,1,1
John / Jaan / Jussi / Hans,Turku,Jussi/Juss,1,1
John / Jaan / Jussi / Hans,Turku,Other,2,1
John / Jaan / Jussi / Hans,Turtola,Jussi/Juss,4,4
John / Jaan / Jussi / Hans,Tuulos,Jussi/Juss,5,5
John / Jaan / Jussi / Hans,Tuusniemi,Jussi/Juss,5,5
John / Jaan / Jussi / Hans,Tuusula,Jussi/Juss,3,2
John / Jaan / Jussi / Hans,Tyrväntö,Jussi/Juss,1,1
John / Jaan / Jussi / Hans,Tyrvää,Jussi/Juss,2,2
John / Jaan / Jussi / Hans,Tyrvää,Other,1,1
John / Jaan / Jussi / Hans,Tyrö,Jussi/Juss,1,1
John / Jaan / Jussi / Hans,Tytärsaari,Jussi/Juss,1,1
John / Jaan / Jussi / Hans,Tõstamaa,Ants,2,2
John / Jaan / Jussi / Hans,Tõstamaa,Jaan,3,3
John / Jaan / Jussi / Hans,Töysä,Jussi/Juss,3,2
John / Jaan / Jussi / Hans,Türi,Hans,7,4
John / Jaan / Jussi / Hans,Türi,Jaan,4,4
John / Jaan / Jussi / Hans,Türi,Other,2,1
John / Jaan / Jussi / Hans,Uhtua,Iivana,1,1
John / Jaan / Jussi / Hans,Uhtua,Jussi/Juss,1,1
John / Jaan / Jussi / Hans,Ulvila,Jussi/Juss,1,1
John / Jaan / Jussi / Hans,Urjala,Jussi/Juss,4,4
John / Jaan / Jussi / Hans,Urvaste,Ants,1,1
John / Jaan / Jussi / Hans,Urvaste,Jaan,5,4
John / Jaan / Jussi / Hans,Urvaste,Other,2,2
John / Jaan / Jussi / Hans,Uskela,Jussi/Juss,17,14
John / Jaan / Jussi / Hans,Uskela,Other,1,1
John / Jaan / Jussi / Hans,Uusikaupunki,Jussi/Juss,2,2
John / Jaan / Jussi / Hans,Vaivara,Ants,3,2
John / Jaan / Jussi / Hans,Vaivara,Hans,2,1
John / Jaan / Jussi / Hans,Vaivara,Jaan,1,1
John / Jaan / Jussi / Hans,Vaivara,Other,1,1
John / Jaan / Jussi / Hans,Valjala,Jaan,1,1
John / Jaan / Jussi / Hans,Vanaja,Jussi/Juss,1,1
John / Jaan / Jussi / Hans,Varbla,Ants,1,1
John / Jaan / Jussi / Hans,Varbla,Jaan,5,3
John / Jaan / Jussi / Hans,Varkaus,Jussi/Juss,5,3
John / Jaan / Jussi / Hans,Vastseliina,Ants,1,1
John / Jaan / Jussi / Hans,Vastseliina,Other,1,1
John / Jaan / Jussi / Hans,Vehkalahti,Jussi/Juss,1,1
John / Jaan / Jussi / Hans,Vehmaa,Jussi/Juss,1,1
John / Jaan / Jussi / Hans,Venjoki,Jussi/Juss,4,1
John / Jaan / Jussi / Hans,Vesanto,Jussi/Juss,1,1
John / Jaan / Jussi / Hans,Vesilahti,Jussi/Juss,2,2
John / Jaan / Jussi / Hans,Veteli,Jussi/Juss,1,1
John / Jaan / Jussi / Hans,Vigala,Ants,2,2
John / Jaan / Jussi / Hans,Vigala,Hans,4,3
John / Jaan / Jussi / Hans,Vigala,Jaan,15,10
John / Jaan / Jussi / Hans,Vigala,Other,1,1
John / Jaan / Jussi / Hans,Vihti,Jussi/Juss,1,1
John / Jaan / Jussi / Hans,Vihti,Other,1,1
John / Jaan / Jussi / Hans,Viipuri,Jussi/Juss,1,1
John / Jaan / Jussi / Hans,Viljandi,Ants,10,5
John / Jaan / Jussi / Hans,Viljandi,Hans,19,11
John / Jaan / Jussi / Hans,Viljandi,Jaan,16,12
John / Jaan / Jussi / Hans,Viljandi,Jussi/Juss,2,2
John / Jaan / Jussi / Hans,Viljandi,Other,6,6
John / Jaan / Jussi / Hans,Virtasalmi,Jussi/Juss,2,2
John / Jaan / Jussi / Hans,Viru-Jaagupi,Ants,1,1
John / Jaan / Jussi / Hans,Viru-Jaagupi,Hans,1,1
John / Jaan / Jussi / Hans,Viru-Jaagupi,Jaan,2,2
John / Jaan / Jussi / Hans,Viru-Nigula,Ants,1,1
John / Jaan / Jussi / Hans,Viru-Nigula,Hans,6,4
John / Jaan / Jussi / Hans,Viru-Nigula,Jaan,4,4
John / Jaan / Jussi / Hans,Vuokkiniemi,Iivana,1,1
John / Jaan / Jussi / Hans,Vuokkiniemi,Jussi/Juss,11,2
John / Jaan / Jussi / Hans,Vuole,Iivana,1,1
John / Jaan / Jussi / Hans,Vuole,Jussi/Juss,4,2
John / Jaan / Jussi / Hans,Vuole,Other,6,3
John / Jaan / Jussi / Hans,Väike-Maarja,Ants,6,1
John / Jaan / Jussi / Hans,Väike-Maarja,Hans,9,7
John / Jaan / Jussi / Hans,Väike-Maarja,Jaan,7,7
John / Jaan / Jussi / Hans,Vändra,Ants,1,1
John / Jaan / Jussi / Hans,Vändra,Hans,14,8
John / Jaan / Jussi / Hans,Vändra,Jaan,7,5
John / Jaan / Jussi / Hans,Vändra,Other,2,2
John / Jaan / Jussi / Hans,Võnnu,Ants,3,3
John / Jaan / Jussi / Hans,Võnnu,Hans,11,5
John / Jaan / Jussi / Hans,Võnnu,Jaan,5,3
John / Jaan / Jussi / Hans,Võnnu,Jussi/Juss,1,1
John / Jaan / Jussi / Hans,Võnnu,Other,1,1
John / Jaan / Jussi / Hans,Ylihärmä,Jussi/Juss,1,1
John / Jaan / Jussi / Hans,Ylikiiminki,Jussi/Juss,1,1
John / Jaan / Jussi / Hans,Ylistaro,Jussi/Juss,2,2
John / Jaan / Jussi / Hans,Yläne,Jussi/Juss,4,2
John / Jaan / Jussi / Hans,Ypäjä,Jussi/Juss,1,1
John / Jaan / Jussi / Hans,Äksi,Ants,2,2
John / Jaan / Jussi / Hans,Äksi,Hans,1,1
John / Jaan / Jussi / Hans,Äksi,Jaan,3,3
John / Jaan / Jussi / Hans,Äksi,Other,4,3
John / Jaan / Jussi / Hans,Östmark,Other,1,1
Martin / Mart / Märt,Ambla,Mard/Mardi,12,4
Martin / Mart / Märt,Ambla,Mart/Martin,26,6
Martin / Mart / Märt,Ambla,Märt,8,4
Martin / Mart / Märt,Anseküla,Mart/Martin,3,2
Martin / Mart / Märt,Audru,Mard/Mardi,3,2
Martin / Mart / Märt,Audru,Mart/Martin,19,3
Martin / Mart / Märt,Audru,Märt,6,1
Martin / Mart / Märt,Audru,Other,1,1
Martin / Mart / Märt,Hageri,Mart/Martin,13,3
Martin / Mart / Märt,Halikko,Martti,1,1
Martin / Mart / Märt,Haljala,Mard/Mardi,24,2
Martin / Mart / Märt,Haljala,Mart/Martin,39,9
Martin / Mart / Märt,Haljala,Other,4,1
Martin / Mart / Märt,Halliste,Mard/Mardi,33,1
Martin / Mart / Märt,Halliste,Mart/Martin,6,2
Martin / Mart / Märt,Halliste,Märt,103,12
Martin / Mart / Märt,Halliste,Märti,81,3
Martin / Mart / Märt,Halliste,Other,27,4
Martin / Mart / Märt,Hanila,Mart/Martin,5,2
Martin / Mart / Märt,Hanila,Other,3,1
Martin / Mart / Märt,Hargla,Mard/Mardi,2,1
Martin / Mart / Märt,Hargla,Other,1,1
Martin / Mart / Märt,Harju-Jaani,Mart/Martin,15,4
Martin / Mart / Märt,Harju-Jaani,Other,1,1
Martin / Mart / Märt,Harju-Madise,Mard/Mardi,3,2
Martin / Mart / Märt,Haukipudas,Martti,1,1
Martin / Mart / Märt,Helme,Mart/Martin,17,2
Martin / Mart / Märt,Helme,Märt,261,8
Martin / Mart / Märt,Helme,Märti,20,1
Martin / Mart / Märt,Helme,Other,1,1
Martin / Mart / Märt,Hietamäki,Martti,1,1
Martin / Mart / Märt,Hiitola,Martti,1,1
Martin / Mart / Märt,Häädemeeste,Mard/Mardi,19,4
Martin / Mart / Märt,Häädemeeste,Mart/Martin,9,2
Martin / Mart / Märt,Häädemeeste,Other,8,2
Martin / Mart / Märt,Iisaku,Mard/Mardi,2,1
Martin / Mart / Märt,Iisaku,Mart/Martin,5,1
Martin / Mart / Märt,Iisaku,Märt,3,2
Martin / Mart / Märt,Iisalmi,Martti,2,1
Martin / Mart / Märt,Jaani,Mart/Martin,1,1
Martin / Mart / Märt,Juuru,Mard/Mardi,1,1
Martin / Mart / Märt,Juuru,Mart/Martin,2,1
Martin / Mart / Märt,Juuru,Other,1,1
Martin / Mart / Märt,Järva-Jaani,Mard/Mardi,1,1
Martin / Mart / Märt,Järva-Jaani,Mart/Martin,2,2
Martin / Mart / Märt,Järva-Jaani,Märt,3,2
Martin / Mart / Märt,Järva-Madise,Mard/Mardi,5,2
Martin / Mart / Märt,Järva-Madise,Mart/Martin,14,4
Martin / Mart / Märt,Järva-Madise,Märt,2,1
Martin / Mart / Märt,Jõelähtme,Mard/Mardi,2,2
Martin / Mart / Märt,Jõelähtme,Mart/Martin,5,3
Martin / Mart / Märt,Jõelähtme,Other,3,1
Martin / Mart / Märt,Jõhvi,Mard/Mardi,2,1
Martin / Mart / Märt,Jõhvi,Mart/Martin,22,8
Martin / Mart / Märt,Jüri,Mart/Martin,1,1
Martin / Mart / Märt,Kaarma,Mart/Martin,6,2
Martin / Mart / Märt,Kaarma,Märt,2,1
Martin / Mart / Märt,Kaarma,Other,1,1
Martin / Mart / Märt,Kadrina,Mart/Martin,3,2
Martin / Mart / Märt,Kadrina,Märt,2,1
Martin / Mart / Märt,Kambja,Märt,12,2
Martin / Mart / Märt,Kanepi,Mard/Mardi,1,1
Martin / Mart / Märt,Kanepi,Märt,5,3
Martin / Mart / Märt,Kaprio,Martti,1,1
Martin / Mart / Märt,Karksi,Mard/Mardi,8,1
Martin / Mart / Märt,Karksi,Mart/Martin,8,2
Martin / Mart / Märt,Karksi,Märt,24,8
Martin / Mart / Märt,Karksi,Märti,1,1
Martin / Mart / Märt,Karksi,Other,37,2
Martin / Mart / Märt,Karuse,Mard/Mardi,14,3
Martin / Mart / Märt,Karuse,Mart/Martin,32,6
Martin / Mart / Märt,Kattila,Martti,1,1
Martin / Mart / Märt,Keila,Mart/Martin,9,2
Martin / Mart / Märt,Keila,Märt,1,1
Martin / Mart / Märt,Kestilä,Martti,1,1
Martin / Mart / Märt,Kiestinki,Martti,1,1
Martin / Mart / Märt,Kirbla,Märti,1,1
Martin / Mart / Märt,Kiuruvesi,Martti,2,2
Martin / Mart / Märt,Kivennapa,Martti,1,1
Martin / Mart / Märt,Kivijärvi,Martti,2,2
Martin / Mart / Märt,Kodavere,Mart/Martin,1,1
Martin / Mart / Märt,Kodavere,Märt,25,5
Martin / Mart / Märt,Kodavere,Märti,5,1
Martin / Mart / Märt,Kodavere,Other,3,2
Martin / Mart / Märt,Koeru,Mard/Mardi,8,2
Martin / Mart / Märt,Koeru,Mart/Martin,4,2
Martin / Mart / Märt,Koeru,Märt,1,1
Martin / Mart / Märt,Koivisto,Martti,1,1
Martin / Mart / Märt,Kolga-Jaani,Mart/Martin,3,1
Martin / Mart / Märt,Kolga-Jaani,Märt,11,4
Martin / Mart / Märt,Kontokki,Mart/Martin,1,1
Martin / Mart / Märt,Kose,Mard/Mardi,4,1
Martin / Mart / Märt,Kose,Mart/Martin,7,5
Martin / Mart / Märt,Kose,Other,1,1
Martin / Mart / Märt,Kuhmo,Martti,1,1
Martin / Mart / Märt,Kullamaa,Mard/Mardi,1,1
Martin / Mart / Märt,Kullamaa,Mart/Martin,4,3
Martin / Mart / Märt,Kuolemajärvi,Martti,2,1
Martin / Mart / Märt,Kursi,Mart/Martin,4,2
Martin / Mart / Märt,Kursi,Märt,1,1
Martin / Mart / Märt,Kursi,Other,1,1
Martin / Mart / Märt,Kuusalu,Mard/Mardi,1,1
Martin / Mart / Märt,Kuusalu,Mart/Martin,26,9
Martin / Mart / Märt,Kuusalu,Other,1,1
Martin / Mart / Märt,Käina,Mart/Martin,3,3
Martin / Mart / Märt,Kärla,Mart/Martin,3,2
Martin / Mart / Märt,Kõpu,Mard/Mardi,10,2
Martin / Mart / Märt,Kõpu,Mart/Martin,2,2
Martin / Mart / Märt,Kõpu,Märt,5,3
Martin / Mart / Märt,Kõpu,Other,1,1
Martin / Mart / Märt,Laiuse,Mard/Mardi,9,2
Martin / Mart / Märt,Laiuse,Mart/Martin,9,7
Martin / Mart / Märt,Laiuse,Other,4,1
Martin / Mart / Märt,Lempaala,Martti,2,1
Martin / Mart / Märt,Loppi,Martti,1,1
Martin / Mart / Märt,Lääne-Nigula,Mart/Martin,2,2
Martin / Mart / Märt,Lääne-Nigula,Other,1,1
Martin / Mart / Märt,Lüganuse,Mard/Mardi,5,1
Martin / Mart / Märt,Lüganuse,Mart/Martin,2,2
Martin / Mart / Märt,Lüganuse,Märt,4,1
Martin / Mart / Märt,Maarja-Magdaleena,Märt,7,3
Martin / Mart / Märt,Maarja-Magdaleena,Other,2,1
Martin / Mart / Märt,Martna,Mard/Mardi,4,1
Martin / Mart / Märt,Martna,Mart/Martin,4,2
Martin / Mart / Märt,Metsäpirtti,Martti,1,1
Martin / Mart / Märt,Mihkli,Mard/Mardi,16,3
Martin / Mart / Märt,Mihkli,Mart/Martin,9,1
Martin / Mart / Märt,Mihkli,Other,4,1
Martin / Mart / Märt,Muhos,Martti,1,1
Martin / Mart / Märt,Mustjala,Mart/Martin,4,2
Martin / Mart / Märt,Mäntyharju,Martti,1,1
Martin / Mart / Märt,Märjamaa,Mard/Mardi,10,3
Martin / Mart / Märt,Märjamaa,Mart/Martin,8,4
Martin / Mart / Märt,Märjamaa,Other,5,1
Martin / Mart / Märt,Narvusi,Martti,5,3
Martin / Mart / Märt,Nissi,Mart/Martin,2,1
Martin / Mart / Märt,Nurmes,Martti,2,2
Martin / Mart / Märt,Nõo,Märt,6,2
Martin / Mart / Märt,Nõo,Other,10,1
Martin / Mart / Märt,Orimattila,Martti,1,1
Martin / Mart / Märt,Paide,Mard/Mardi,2,1
Martin / Mart / Märt,Paide,Mart/Martin,1,1
Martin / Mart / Märt,Paistu,Mart/Martin,5,2
Martin / Mart / Märt,Paistu,Märt,144,6
Martin / Mart / Märt,Paistu,Other,3,1
Martin / Mart / Märt,Palamuse,Mard/Mardi,14,2
Martin / Mart / Märt,Palamuse,Mart/Martin,17,3
Martin / Mart / Märt,Palamuse,Märt,37,2
Martin / Mart / Märt,Palamuse,Other,2,1
Martin / Mart / Märt,Paltamo,Mart/Martin,1,1
Martin / Mart / Märt,Peetri,Mart/Martin,6,6
Martin / Mart / Märt,Peetri,Märt,3,1
Martin / Mart / Märt,Pielavesi,Martti,1,1
Martin / Mart / Märt,Pihtipudas,Martti,1,1
Martin / Mart / Märt,Piippola,Martti,1,1
Martin / Mart / Märt,Pilistvere,Mard/Mardi,8,2
Martin / Mart / Märt,Pilistvere,Mart/Martin,32,8
Martin / Mart / Märt,Pudasjärvi,Martti,2,2
Martin / Mart / Märt,Puhja,Other,20,2
Martin / Mart / Märt,Puolanka,Martti,1,1
Martin / Mart / Märt,Pusula,Other,1,1
Martin / Mart / Märt,Puumala,Martti,1,1
Martin / Mart / Märt,Pyhäjärvi Ol.,Mart/Martin,1,1
Martin / Mart / Märt,Pyhäjärvi Vpl.,Martti,2,1
Martin / Mart / Märt,Pärnu,Mard/Mardi,43,8
Martin / Mart / Märt,Pärnu,Mart/Martin,11,3
Martin / Mart / Märt,Pärnu,Other,7,1
Martin / Mart / Märt,Pärnu-Jaagupi,Mard/Mardi,40,11
Martin / Mart / Märt,Pärnu-Jaagupi,Mart/Martin,13,6
Martin / Mart / Märt,Pärnu-Jaagupi,Märt,1,1
Martin / Mart / Märt,Põltsamaa,Mard/Mardi,3,1
Martin / Mart / Märt,Põltsamaa,Mart/Martin,19,7
Martin / Mart / Märt,Põltsamaa,Märt,2,1
Martin / Mart / Märt,Põltsamaa,Other,1,1
Martin / Mart / Märt,Põlva,Märt,6,3
Martin / Mart / Märt,Pöide,Mard/Mardi,4,1
Martin / Mart / Märt,Pöide,Mart/Martin,2,2
Martin / Mart / Märt,Pöide,Märt,2,2
Martin / Mart / Märt,Pühalepa,Mart/Martin,1,1
Martin / Mart / Märt,Rakvere,Mard/Mardi,5,3
Martin / Mart / Märt,Rannu,Märt,7,1
Martin / Mart / Märt,Rapla,Mard/Mardi,1,1
Martin / Mart / Märt,Rapla,Mart/Martin,18,1
Martin / Mart / Märt,Reigi,Mart/Martin,3,1
Martin / Mart / Märt,Reigi,Märt,1,1
Martin / Mart / Märt,Ridala,Mard/Mardi,16,2
Martin / Mart / Märt,Risti,Mard/Mardi,1,1
Martin / Mart / Märt,Räpina,Märt,17,4
Martin / Mart / Märt,Räpina,Other,5,2
Martin / Mart / Märt,Rõngu,Märt,91,3
Martin / Mart / Märt,Rõngu,Other,4,1
Martin / Mart / Märt,Saarde,Mard/Mardi,31,7
Martin / Mart / Märt,Saarde,Mart/Martin,48,6
Martin / Mart / Märt,Saarde,Märt,6,3
Martin / Mart / Märt,Sangaste,Märt,16,4
Martin / Mart / Märt,Sangaste,Märti,1,1
Martin / Mart / Märt,Serepetta,Martti,1,1
Martin / Mart / Märt,Setumaa,Märt,10,2
Martin / Mart / Märt,Setumaa,Other,1,1
Martin / Mart / Märt,Simuna,Mart/Martin,11,2
Martin / Mart / Märt,Suure-Jaani,Mard/Mardi,12,4
Martin / Mart / Märt,Suure-Jaani,Mart/Martin,105,9
Martin / Mart / Märt,Suure-Jaani,Märt,27,7
Martin / Mart / Märt,Suure-Jaani,Other,8,3
Martin / Mart / Märt,Tartu-Maarja,Märt,3,3
Martin / Mart / Märt,Tartu-Maarja,Other,11,3
Martin / Mart / Märt,Tarvastu,Märt,94,9
Martin / Mart / Märt,Tarvastu,Märti,92,1
Martin / Mart / Märt,Tarvastu,Other,2,2
Martin / Mart / Märt,Tervo,Martti,1,1
Martin / Mart / Märt,Teuva,Martti,1,1
Martin / Mart / Märt,Toksova,Martti,1,1
Martin / Mart / Märt,Tori,Mard/Mardi,22,4
Martin / Mart / Märt,Tori,Mart/Martin,51,6
Martin / Mart / Märt,Tori,Märt,2,2
Martin / Mart / Märt,Torma,Mard/Mardi,81,1
Martin / Mart / Märt,Torma,Mart/Martin,18,3
Martin / Mart / Märt,Torma,Märt,90,1
Martin / Mart / Märt,Torma,Other,12,1
Martin / Mart / Märt,Tytärsaari,Martti,2,1
Martin / Mart / Märt,Tõstamaa,Mard/Mardi,17,7
Martin / Mart / Märt,Tõstamaa,Mart/Martin,21,5
Martin / Mart / Märt,Tõstamaa,Märt,4,2
Martin / Mart / Märt,Tõstamaa,Other,20,2
Martin / Mart / Märt,Türi,Mard/Mardi,11,2
Martin / Mart / Märt,Türi,Mart/Martin,7,5
Martin / Mart / Märt,Urvaste,Märt,75,9
Martin / Mart / Märt,Urvaste,Märti,4,1
Martin / Mart / Märt,Urvaste,Other,1,1
Martin / Mart / Märt,Vaivara,Mart/Martin,3,3
Martin / Mart / Märt,Vaivara,Märt,6,1
Martin / Mart / Märt,Valtimo,Martti,1,1
Martin / Mart / Märt,Varbla,Mard/Mardi,5,2
Martin / Mart / Märt,Varbla,Mart/Martin,54,6
Martin / Mart / Märt,Varbla,Other,1,1
Martin / Mart / Märt,Vieremä,Martti,2,2
Martin / Mart / Märt,Vigala,Mard/Mardi,8,2
Martin / Mart / Märt,Vigala,Mart/Martin,9,1
Martin / Mart / Märt,Vigala,Märt,1,1
Martin / Mart / Märt,Vigala,Other,15,3
Martin / Mart / Märt,Viitasaari,Mart/Martin,1,1
Martin / Mart / Märt,Viljandi,Mard/Mardi,1,1
Martin / Mart / Märt,Viljandi,Mart/Martin,8,2
Martin / Mart / Märt,Viljandi,Märt,55,5
Martin / Mart / Märt,Viru-Jaagupi,Mard/Mardi,5,1
Martin / Mart / Märt,Viru-Jaagupi,Mart/Martin,14,3
Martin / Mart / Märt,Viru-Jaagupi,Märt,1,1
Martin / Mart / Märt,Viru-Jaagupi,Other,1,1
Martin / Mart / Märt,Viru-Nigula,Mard/Mardi,6,2
Martin / Mart / Märt,Viru-Nigula,Mart/Martin,14,5
Martin / Mart / Märt,Viru-Nigula,Märt,17,5
Martin / Mart / Märt,Vuole,Martti,1,1
Martin / Mart / Märt,Väike-Maarja,Mard/Mardi,25,4
Martin / Mart / Märt,Väike-Maarja,Mart/Martin,21,5
Martin / Mart / Märt,Väike-Maarja,Märt,6,2
Martin / Mart / Märt,Väike-Maarja,Other,5,3
Martin / Mart / Märt,Vändra,Mard/Mardi,23,6
Martin / Mart / Märt,Vändra,Mart/Martin,75,9
Martin / Mart / Märt,Võnnu,Märt,30,4
Martin / Mart / Märt,Äksi,Märt,44,4
Mary / Maria / Maarja / Mari,Alastaro,Maija/Maie,2,1
Mary / Maria / Maarja / Mari,Alatornio,Maija/Maie,5,5
Mary / Maria / Maarja / Mari,Alatornio,Maria,1,1
Mary / Maria / Maarja / Mari,Alavus,Maija/Maie,3,2
Mary / Maria / Maarja / Mari,Alavus,Maria,1,1
Mary / Maria / Maarja / Mari,Ambla,Maarja,3,3
Mary / Maria / Maarja / Mari,Ambla,Mari,15,12
Mary / Maria / Maarja / Mari,Ambla,Maria,2,2
Mary / Maria / Maarja / Mari,Ambla,Other,1,1
Mary / Maria / Maarja / Mari,Anttola,Maija/Maie,1,1
Mary / Maria / Maarja / Mari,Asikkala,Maaria,1,1
Mary / Maria / Maarja / Mari,Asikkala,Maija/Maie,8,8
Mary / Maria / Maarja / Mari,Asikkala,Maria,1,1
Mary / Maria / Maarja / Mari,Audru,Maarja,1,1
Mary / Maria / Maarja / Mari,Audru,Mari,16,7
Mary / Maria / Maarja / Mari,Brandval,Maria,2,1
Mary / Maria / Maarja / Mari,Brandval,Other,2,1
Mary / Maria / Maarja / Mari,Emmaste,Maarja,1,1
Mary / Maria / Maarja / Mari,Eno,Mari,2,2
Mary / Maria / Maarja / Mari,Enontekiö,Maija/Maie,1,1
Mary / Maria / Maarja / Mari,Eräjärvi,Maija/Maie,1,1
Mary / Maria / Maarja / Mari,Eräjärvi,Maria,1,1
Mary / Maria / Maarja / Mari,Evijärvi,Maija/Maie,1,1
Mary / Maria / Maarja / Mari,Forssa,Maaria,1,1
Mary / Maria / Maarja / Mari,Grue Finnskog,Maria,1,1
Mary / Maria / Maarja / Mari,Hageri,Mari,1,1
Mary / Maria / Maarja / Mari,Hailuoto,Maaria,2,1
Mary / Maria / Maarja / Mari,Hailuoto,Maria,1,1
Mary / Maria / Maarja / Mari,Halikko,Maija/Maie,2,2
Mary / Maria / Maarja / Mari,Haljala,Maarja,8,6
Mary / Maria / Maarja / Mari,Haljala,Maija/Maie,1,1
Mary / Maria / Maarja / Mari,Haljala,Mari,102,70
Mary / Maria / Maarja / Mari,Haljala,Maria,2,2
Mary / Maria / Maarja / Mari,Haljala,Other,4,3
Mary / Maria / Maarja / Mari,Halliste,Maaria,2,1
Mary / Maria / Maarja / Mari,Halliste,Maarja,22,17
Mary / Maria / Maarja / Mari,Halliste,Mari,38,29
Mary / Maria / Maarja / Mari,Halliste,Maria,1,1
Mary / Maria / Maarja / Mari,Halliste,Other,4,2
Mary / Maria / Maarja / Mari,Hanila,Maarja,1,1
Mary / Maria / Maarja / Mari,Hanila,Mari,6,6
Mary / Maria / Maarja / Mari,Hanila,Maria,1,1
Mary / Maria / Maarja / Mari,Hargla,Mari,23,17
Mary / Maria / Maarja / Mari,Hargla,Other,5,4
Mary / Maria / Maarja / Mari,Harju-Jaani,Maaria,1,1
Mary / Maria / Maarja / Mari,Harju-Jaani,Maarja,2,1
Mary / Maria / Maarja / Mari,Harju-Jaani,Mari,26,16
Mary / Maria / Maarja / Mari,Harju-Jaani,Maria,2,2
Mary / Maria / Maarja / Mari,Harju-Madise,Mari,3,2
Mary / Maria / Maarja / Mari,Harlu,Maria,2,2
Mary / Maria / Maarja / Mari,Hartola,Maija/Maie,1,1
Mary / Maria / Maarja / Mari,Hattula,Maaria,1,1
Mary / Maria / Maarja / Mari,Hattula,Maija/Maie,6,5
Mary / Maria / Maarja / Mari,Hattula,Mari,2,1
Mary / Maria / Maarja / Mari,Hattula,Maria,1,1
Mary / Maria / Maarja / Mari,Hauho,Maaria,3,3
Mary / Maria / Maarja / Mari,Hauho,Maija/Maie,1,1
Mary / Maria / Maarja / Mari,Hauho,Maria,1,1
Mary / Maria / Maarja / Mari,Haukivuori,Maria,1,1
Mary / Maria / Maarja / Mari,Hausjärvi,Maija/Maie,3,3
Mary / Maria / Maarja / Mari,Hausjärvi,Mari,1,1
Mary / Maria / Maarja / Mari,Heinjoki,Mari,1,1
Mary / Maria / Maarja / Mari,Heinävesi,Maija/Maie,1,1
Mary / Maria / Maarja / Mari,Helme,Maarja,30,18
Mary / Maria / Maarja / Mari,Helme,Mari,30,22
Mary / Maria / Maarja / Mari,Helme,Other,5,4
Mary / Maria / Maarja / Mari,Hietamäki,Maija/Maie,2,2
Mary / Maria / Maarja / Mari,Hiitola,Maaria,1,1
Mary / Maria / Maarja / Mari,Hirvensalmi,Maria,1,1
Mary / Maria / Maarja / Mari,Hollola,Maaria,1,1
Mary / Maria / Maarja / Mari,Hollola,Maija/Maie,5,4
Mary / Maria / Maarja / Mari,Huittinen,Maaria,5,3
Mary / Maria / Maarja / Mari,Huittinen,Maria,1,1
Mary / Maria / Maarja / Mari,Humppila,Maija/Maie,1,1
Mary / Maria / Maarja / Mari,Humppila,Maria,5,3
Mary / Maria / Maarja / Mari,Hyvinkää,Maaria,1,1
Mary / Maria / Maarja / Mari,Hyvinkää,Maija/Maie,3,3
Mary / Maria / Maarja / Mari,Hämeenkyrö,Maija/Maie,3,2
Mary / Maria / Maarja / Mari,Hämeenlinna,Maaria,2,1
Mary / Maria / Maarja / Mari,Hämeenlinna,Maija/Maie,3,2
Mary / Maria / Maarja / Mari,Häädemeeste,Maarja,1,1
Mary / Maria / Maarja / Mari,Häädemeeste,Mari,14,9
Mary / Maria / Maarja / Mari,Häädemeeste,Other,1,1
Mary / Maria / Maarja / Mari,Iisaku,Mari,9,6
Mary / Maria / Maarja / Mari,Iisaku,Maria,2,1
Mary / Maria / Maarja / Mari,Iisalmi,Maaria,1,1
Mary / Maria / Maarja / Mari,Iisalmi,Maria,8,7
Mary / Maria / Maarja / Mari,Iitti,Maija/Maie,1,1
Mary / Maria / Maarja / Mari,Ilmajoki,Maria,2,2
Mary / Maria / Maarja / Mari,Ilomantsi,Maaria,10,9
Mary / Maria / Maarja / Mari,Ilomantsi,Maija/Maie,3,3
Mary / Maria / Maarja / Mari,Ilomantsi,Maria,16,14
Mary / Maria / Maarja / Mari,Ilomantsi,Other,3,2
Mary / Maria / Maarja / Mari,Impilahti,Maaria,2,2
Mary / Maria / Maarja / Mari,Impilahti,Maija/Maie,2,1
Mary / Maria / Maarja / Mari,Impilahti,Maria,13,11
Mary / Maria / Maarja / Mari,Inkere,Mari,1,1
Mary / Maria / Maarja / Mari,Isojoki,Maria,3,2
Mary / Maria / Maarja / Mari,Jaani,Mari,2,2
Mary / Maria / Maarja / Mari,Jalasjärvi,Maria,2,2
Mary / Maria / Maarja / Mari,Janakkala,Maija/Maie,8,8
Mary / Maria / Maarja / Mari,Jokioinen,Maaria,4,3
Mary / Maria / Maarja / Mari,Jokioinen,Maija/Maie,1,1
Mary / Maria / Maarja / Mari,Joroinen,Maaria,1,1
Mary / Maria / Maarja / Mari,Joroinen,Maija/Maie,1,1
Mary / Maria / Maarja / Mari,Joroinen,Maria,2,2
Mary / Maria / Maarja / Mari,Joutsa,Maria,3,2
Mary / Maria / Maarja / Mari,Jurva,Maria,1,1
Mary / Maria / Maarja / Mari,Juuka,Maaria,1,1
Mary / Maria / Maarja / Mari,Juuka,Maria,3,3
Mary / Maria / Maarja / Mari,Juuru,Maarja,1,1
Mary / Maria / Maarja / Mari,Juuru,Mari,4,3
Mary / Maria / Maarja / Mari,Juva,Maaria,2,2
Mary / Maria / Maarja / Mari,Juva,Maija/Maie,2,2
Mary / Maria / Maarja / Mari,Juva,Maria,17,16
Mary / Maria / Maarja / Mari,Juva,Other,1,1
Mary / Maria / Maarja / Mari,Jyväskylä,Maija/Maie,1,1
Mary / Maria / Maarja / Mari,Jällivaara,Maria,2,2
Mary / Maria / Maarja / Mari,Jämaja,Mari,1,1
Mary / Maria / Maarja / Mari,Jämijärvi,Maria,1,1
Mary / Maria / Maarja / Mari,Jämsä,Maria,1,1
Mary / Maria / Maarja / Mari,Jäppilä,Maija/Maie,1,1
Mary / Maria / Maarja / Mari,Järva-Jaani,Maarja,2,2
Mary / Maria / Maarja / Mari,Järva-Jaani,Mari,11,8
Mary / Maria / Maarja / Mari,Järva-Jaani,Maria,4,2
Mary / Maria / Maarja / Mari,Järva-Jaani,Other,2,1
Mary / Maria / Maarja / Mari,Järva-Madise,Mari,10,5
Mary / Maria / Maarja / Mari,Järva-Madise,Other,1,1
Mary / Maria / Maarja / Mari,Jääski,Maija/Maie,1,1
Mary / Maria / Maarja / Mari,Jõelähtme,Mari,17,12
Mary / Maria / Maarja / Mari,Jõhvi,Maarja,7,7
Mary / Maria / Maarja / Mari,Jõhvi,Mari,63,38
Mary / Maria / Maarja / Mari,Jõhvi,Maria,3,3
Mary / Maria / Maarja / Mari,Jõhvi,Other,3,3
Mary / Maria / Maarja / Mari,Jüri,Maarja,5,4
Mary / Maria / Maarja / Mari,Jüri,Mari,16,12
Mary / Maria / Maarja / Mari,Jüri,Maria,4,4
Mary / Maria / Maarja / Mari,Kaarma,Maarja,1,1
Mary / Maria / Maarja / Mari,Kaarma,Mari,1,1
Mary / Maria / Maarja / Mari,Kaarma,Other,4,2
Mary / Maria / Maarja / Mari,Kaavi,Maaria,6,5
Mary / Maria / Maarja / Mari,Kaavi,Maria,3,3
Mary / Maria / Maarja / Mari,Kaavi,Other,1,1
Mary / Maria / Maarja / Mari,Kadrina,Maarja,4,4
Mary / Maria / Maarja / Mari,Kadrina,Maija/Maie,1,1
Mary / Maria / Maarja / Mari,Kadrina,Mari,57,41
Mary / Maria / Maarja / Mari,Kadrina,Maria,10,5
Mary / Maria / Maarja / Mari,Kadrina,Other,2,2
Mary / Maria / Maarja / Mari,Kalajoki,Maaria,2,1
Mary / Maria / Maarja / Mari,Kalajoki,Maija/Maie,4,3
Mary / Maria / Maarja / Mari,Kalvola,Maija/Maie,1,1
Mary / Maria / Maarja / Mari,Kalvola,Maria,2,2
Mary / Maria / Maarja / Mari,Kambja,Maarja,2,2
Mary / Maria / Maarja / Mari,Kambja,Other,1,1
Mary / Maria / Maarja / Mari,Kanepi,Maarja,2,2
Mary / Maria / Maarja / Mari,Kanepi,Mari,5,5
Mary / Maria / Maarja / Mari,Kanepi,Other,1,1
Mary / Maria / Maarja / Mari,Kangasniemi,Maija/Maie,2,2
Mary / Maria / Maarja / Mari,Kangasniemi,Maria,2,2
Mary / Maria / Maarja / Mari,Kankaanpää,Maaria,4,3
Mary / Maria / Maarja / Mari,Kankaanpää,Maria,1,1
Mary / Maria / Maarja / Mari,Kannonkoski,Maija/Maie,1,1
Mary / Maria / Maarja / Mari,Kaprio,Maaria,23,10
Mary / Maria / Maarja / Mari,Kaprio,Maarja,1,1
Mary / Maria / Maarja / Mari,Kaprio,Maija/Maie,6,3
Mary / Maria / Maarja / Mari,Kaprio,Mari,5,2
Mary / Maria / Maarja / Mari,Kaprio,Maria,5,5
Mary / Maria / Maarja / Mari,Kaprio,Other,2,1
Mary / Maria / Maarja / Mari,Karinainen,Maija/Maie,1,1
Mary / Maria / Maarja / Mari,Karja,Maarja,1,1
Mary / Maria / Maarja / Mari,Karja,Mari,1,1
Mary / Maria / Maarja / Mari,Karksi,Maarja,60,38
Mary / Maria / Maarja / Mari,Karksi,Mari,54,36
Mary / Maria / Maarja / Mari,Karksi,Maria,1,1
Mary / Maria / Maarja / Mari,Karksi,Other,19,10
Mary / Maria / Maarja / Mari,Karula,Mari,7,6
Mary / Maria / Maarja / Mari,Karuna,Maija/Maie,3,2
Mary / Maria / Maarja / Mari,Karunki,Maija/Maie,1,1
Mary / Maria / Maarja / Mari,Karuse,Mari,19,11
Mary / Maria / Maarja / Mari,Karuse,Maria,5,4
Mary / Maria / Maarja / Mari,Karuse,Other,1,1
Mary / Maria / Maarja / Mari,Karvia,Maija/Maie,1,1
Mary / Maria / Maarja / Mari,Kattila,Maaria,1,1
Mary / Maria / Maarja / Mari,Kattila,Maria,3,3
Mary / Maria / Maarja / Mari,Kauhajoki,Maija/Maie,1,1
Mary / Maria / Maarja / Mari,Kauhajoki,Maria,1,1
Mary / Maria / Maarja / Mari,Kauhava,Maija/Maie,3,3
Mary / Maria / Maarja / Mari,Kauhava,Maria,3,2
Mary / Maria / Maarja / Mari,Kauhava,Other,1,1
Mary / Maria / Maarja / Mari,Kaukola,Maija/Maie,1,1
Mary / Maria / Maarja / Mari,Kaustinen,Maija/Maie,1,1
Mary / Maria / Maarja / Mari,Kaustinen,Maria,1,1
Mary / Maria / Maarja / Mari,Kauvatsa,Maija/Maie,3,3
Mary / Maria / Maarja / Mari,Keila,Mari,1,1
Mary / Maria / Maarja / Mari,Keltto,Maria,2,2
Mary / Maria / Maarja / Mari,Kemi,Maija/Maie,3,3
Mary / Maria / Maarja / Mari,Kemijärvi,Maija/Maie,3,3
Mary / Maria / Maarja / Mari,Kerimäki,Maria,2,1
Mary / Maria / Maarja / Mari,Kestilä,Maria,1,1
Mary / Maria / Maarja / Mari,Kestilä,Other,1,1
Mary / Maria / Maarja / Mari,Kesälahti,Maaria,4,3
Mary / Maria / Maarja / Mari,Kesälahti,Maija/Maie,1,1
Mary / Maria / Maarja / Mari,Kiestinki,Maria,2,1
Mary / Maria / Maarja / Mari,Kihelkonna,Mari,2,2
Mary / Maria / Maarja / Mari,Kihelkonna,Maria,1,1
Mary / Maria / Maarja / Mari,Kihnu,Mari,4,4
Mary / Maria / Maarja / Mari,Kiihtelysvaara,Maaria,2,2
Mary / Maria / Maarja / Mari,Kiihtelysvaara,Maija/Maie,2,2
Mary / Maria / Maarja / Mari,Kiihtelysvaara,Maria,3,2
Mary / Maria / Maarja / Mari,Kiimaisjärvi,Maaria,2,2
Mary / Maria / Maarja / Mari,Kiimaisjärvi,Maria,1,1
Mary / Maria / Maarja / Mari,Kitee,Maaria,5,4
Mary / Maria / Maarja / Mari,Kitee,Maija/Maie,2,2
Mary / Maria / Maarja / Mari,Kitee,Maria,9,8
Mary / Maria / Maarja / Mari,Kitee,Other,3,3
Mary / Maria / Maarja / Mari,Kittilä,Maija/Maie,1,1
Mary / Maria / Maarja / Mari,Kittilä,Maria,1,1
Mary / Maria / Maarja / Mari,Kiuruvesi,Maija/Maie,2,2
Mary / Maria / Maarja / Mari,Kiuruvesi,Maria,13,7
Mary / Maria / Maarja / Mari,Kivennapa,Maaria,1,1
Mary / Maria / Maarja / Mari,Kivennapa,Maija/Maie,2,2
Mary / Maria / Maarja / Mari,Kivennapa,Mari,13,5
Mary / Maria / Maarja / Mari,Kivijärvi,Maaria,1,1
Mary / Maria / Maarja / Mari,Kivijärvi,Maria,3,3
Mary / Maria / Maarja / Mari,Kodavere,Maarja,3,3
Mary / Maria / Maarja / Mari,Kodavere,Mari,8,7
Mary / Maria / Maarja / Mari,Kodavere,Maria,1,1
Mary / Maria / Maarja / Mari,Kodavere,Other,2,1
Mary / Maria / Maarja / Mari,Koeru,Maaria,2,2
Mary / Maria / Maarja / Mari,Koeru,Maarja,2,2
Mary / Maria / Maarja / Mari,Koeru,Mari,19,10
Mary / Maria / Maarja / Mari,Koeru,Other,1,1
Mary / Maria / Maarja / Mari,Koivisto,Maaria,1,1
Mary / Maria / Maarja / Mari,Koivisto,Maija/Maie,1,1
Mary / Maria / Maarja / Mari,Koivisto,Mari,1,1
Mary / Maria / Maarja / Mari,Koivisto,Maria,1,1
Mary / Maria / Maarja / Mari,Koivisto,Other,1,1
Mary / Maria / Maarja / Mari,Kokemäki,Maija/Maie,1,1
Mary / Maria / Maarja / Mari,Kokkola,Maaria,2,2
Mary / Maria / Maarja / Mari,Kolga-Jaani,Maarja,9,7
Mary / Maria / Maarja / Mari,Kolga-Jaani,Mari,55,43
Mary / Maria / Maarja / Mari,Kolga-Jaani,Maria,2,2
Mary / Maria / Maarja / Mari,Kolga-Jaani,Other,7,4
Mary / Maria / Maarja / Mari,Kontiolahti,Maija/Maie,2,2
Mary / Maria / Maarja / Mari,Kontiolahti,Mari,2,2
Mary / Maria / Maarja / Mari,Kontiolahti,Maria,2,1
Mary / Maria / Maarja / Mari,Kontokki,Maaria,2,2
Mary / Maria / Maarja / Mari,Kontokki,Mari,1,1
Mary / Maria / Maarja / Mari,Kontokki,Maria,6,6
Mary / Maria / Maarja / Mari,Koprina,Maaria,1,1
Mary / Maria / Maarja / Mari,Koprina,Maija/Maie,1,1
Mary / Maria / Maarja / Mari,Koprina,Mari,1,1
Mary / Maria / Maarja / Mari,Koprina,Maria,2,2
Mary / Maria / Maarja / Mari,Korpilahti,Maija/Maie,1,1
Mary / Maria / Maarja / Mari,Korpiselkä,Maaria,9,9
Mary / Maria / Maarja / Mari,Korpiselkä,Maija/Maie,2,2
Mary / Maria / Maarja / Mari,Korpiselkä,Mari,3,1
Mary / Maria / Maarja / Mari,Korpiselkä,Maria,10,10
Mary / Maria / Maarja / Mari,Kose,Maarja,2,2
Mary / Maria / Maarja / Mari,Kose,Mari,29,14
Mary / Maria / Maarja / Mari,Kose,Maria,1,1
Mary / Maria / Maarja / Mari,Koski Hl.,Maija/Maie,2,2
Mary / Maria / Maarja / Mari,Kuhmo,Maaria,6,3
Mary / Maria / Maarja / Mari,Kuhmo,Maria,3,2
Mary / Maria / Maarja / Mari,Kuhmoinen,Maaria,1,1
Mary / Maria / Maarja / Mari,Kuhmoinen,Maria,2,2
Mary / Maria / Maarja / Mari,Kuhmoinen,Other,1,1
Mary / Maria / Maarja / Mari,Kullamaa,Mari,11,9
Mary / Maria / Maarja / Mari,Kuolemajärvi,Maria,1,1
Mary / Maria / Maarja / Mari,Kuopio,Maija/Maie,2,2
Mary / Maria / Maarja / Mari,Kuopio,Maria,4,3
Mary / Maria / Maarja / Mari,Kuorevesi,Maija/Maie,1,1
Mary / Maria / Maarja / Mari,Kuorevesi,Maria,1,1
Mary / Maria / Maarja / Mari,Kuortane,Maija/Maie,1,1
Mary / Maria / Maarja / Mari,Kupanitsa,Mari,1,1
Mary / Maria / Maarja / Mari,Kupanitsa,Maria,1,1
Mary / Maria / Maarja / Mari,Kurikka,Maija/Maie,5,4
Mary / Maria / Maarja / Mari,Kurikka,Maria,1,1
Mary / Maria / Maarja / Mari,Kursi,Maarja,2,1
Mary / Maria / Maarja / Mari,Kursi,Mari,13,11
Mary / Maria / Maarja / Mari,Kursi,Maria,1,1
Mary / Maria / Maarja / Mari,Kuujärvi,Mari,1,1
Mary / Maria / Maarja / Mari,Kuusalu,Maaria,3,1
Mary / Maria / Maarja / Mari,Kuusalu,Maarja,4,3
Mary / Maria / Maarja / Mari,Kuusalu,Mari,95,67
Mary / Maria / Maarja / Mari,Kuusalu,Maria,10,6
Mary / Maria / Maarja / Mari,Kuusalu,Other,2,2
Mary / Maria / Maarja / Mari,Kuusamo,Maaria,4,3
Mary / Maria / Maarja / Mari,Kuusamo,Maija/Maie,2,2
Mary / Maria / Maarja / Mari,Kuusamo,Maria,2,2
Mary / Maria / Maarja / Mari,Kuusjoki,Maija/Maie,2,2
Mary / Maria / Maarja / Mari,Kuusjärvi,Maria,1,1
Mary / Maria / Maarja / Mari,Kymi,Maija/Maie,1,1
Mary / Maria / Maarja / Mari,Käina,Maarja,1,1
Mary / Maria / Maarja / Mari,Kärla,Mari,1,1
Mary / Maria / Maarja / Mari,Kärsämäki,Other,2,1
Mary / Maria / Maarja / Mari,Kõpu,Mari,5,1
Mary / Maria / Maarja / Mari,Laihia,Maija/Maie,3,3
Mary / Maria / Maarja / Mari,Laihia,Maria,4,4
Mary / Maria / Maarja / Mari,Laitila,Maija/Maie,1,1
Mary / Maria / Maarja / Mari,Laitila,Mari,2,2
Mary / Maria / Maarja / Mari,Laiuse,Maarja,4,1
Mary / Maria / Maarja / Mari,Laiuse,Mari,17,12
Mary / Maria / Maarja / Mari,Laiuse,Maria,4,3
Mary / Maria / Maarja / Mari,Lammi,Maija/Maie,3,3
Mary / Maria / Maarja / Mari,Lappajärvi,Maija/Maie,1,1
Mary / Maria / Maarja / Mari,Lappajärvi,Maria,4,3
Mary / Maria / Maarja / Mari,Lappee,Mari,1,1
Mary / Maria / Maarja / Mari,Lappee,Maria,3,2
Mary / Maria / Maarja / Mari,Lappee,Other,1,1
Mary / Maria / Maarja / Mari,Lapua,Maija/Maie,1,1
Mary / Maria / Maarja / Mari,Lapväärtti,Maria,2,1
Mary / Maria / Maarja / Mari,Lavansaari,Mari,2,1
Mary / Maria / Maarja / Mari,Lemi,Maija/Maie,2,2
Mary / Maria / Maarja / Mari,Lemi,Maria,1,1
Mary / Maria / Maarja / Mari,Lempaala,Maaria,8,7
Mary / Maria / Maarja / Mari,Lempaala,Maija/Maie,4,4
Mary / Maria / Maarja / Mari,Lempaala,Mari,1,1
Mary / Maria / Maarja / Mari,Lempaala,Maria,7,6
Mary / Maria / Maarja / Mari,Lempaala,Other,3,2
Mary / Maria / Maarja / Mari,Leppävirta,Maaria,1,1
Mary / Maria / Maarja / Mari,Leppävirta,Maija/Maie,1,1
Mary / Maria / Maarja / Mari,Leppävirta,Maria,3,1
Mary / Maria / Maarja / Mari,Lieto,Maija/Maie,3,2
Mary / Maria / Maarja / Mari,Lihula,Mari,3,3
Mary / Maria / Maarja / Mari,Liissilä,Maija/Maie,1,1
Mary / Maria / Maarja / Mari,Liissilä,Mari,2,2
Mary / Maria / Maarja / Mari,Liissilä,Maria,3,3
Mary / Maria / Maarja / Mari,Liperi,Maaria,2,2
Mary / Maria / Maarja / Mari,Liperi,Maija/Maie,2,2
Mary / Maria / Maarja / Mari,Liperi,Maria,2,2
Mary / Maria / Maarja / Mari,Lohtaja,Maija/Maie,2,1
Mary / Maria / Maarja / Mari,Loppi,Maaria,4,3
Mary / Maria / Maarja / Mari,Loppi,Maija/Maie,2,2
Mary / Maria / Maarja / Mari,Loppi,Maria,1,1
Mary / Maria / Maarja / Mari,Luhanka,Maaria,1,1
Mary / Maria / Maarja / Mari,Luhanka,Maija/Maie,1,1
Mary / Maria / Maarja / Mari,Luhanka,Maria,1,1
Mary / Maria / Maarja / Mari,Lumivaara,Maaria,1,1
Mary / Maria / Maarja / Mari,Luopioinen,Maaria,1,1
Mary / Maria / Maarja / Mari,Luumäki,Maaria,1,1
Mary / Maria / Maarja / Mari,Luumäki,Maija/Maie,4,3
Mary / Maria / Maarja / Mari,Luumäki,Maria,3,3
Mary / Maria / Maarja / Mari,Luumäki,Other,1,1
Mary / Maria / Maarja / Mari,Lääne-Nigula,Maarja,1,1
Mary / Maria / Maarja / Mari,Lääne-Nigula,Mari,3,3
Mary / Maria / Maarja / Mari,Lüganuse,Maarja,3,3
Mary / Maria / Maarja / Mari,Lüganuse,Mari,22,15
Mary / Maria / Maarja / Mari,Lüganuse,Maria,2,1
Mary / Maria / Maarja / Mari,Maaninka,Maija/Maie,2,2
Mary / Maria / Maarja / Mari,Maarja-Magdaleena,Maaria,1,1
Mary / Maria / Maarja / Mari,Maarja-Magdaleena,Mari,24,12
Mary / Maria / Maarja / Mari,Maarja-Magdaleena,Other,1,1
Mary / Maria / Maarja / Mari,Markkova,Maaria,1,1
Mary / Maria / Maarja / Mari,Markkova,Mari,3,1
Mary / Maria / Maarja / Mari,Markkova,Maria,1,1
Mary / Maria / Maarja / Mari,Martna,Mari,8,3
Mary / Maria / Maarja / Mari,Marttila,Maarja,2,1
Mary / Maria / Maarja / Mari,Marttila,Maija/Maie,2,2
Mary / Maria / Maarja / Mari,Marttila,Maria,5,4
Mary / Maria / Maarja / Mari,Masku,Maria,1,1
Mary / Maria / Maarja / Mari,Merijärvi,Maija/Maie,1,1
Mary / Maria / Maarja / Mari,Merikarvia,Maija/Maie,1,1
Mary / Maria / Maarja / Mari,Merikarvia,Maria,1,1
Mary / Maria / Maarja / Mari,Metsäpirtti,Maaria,1,1
Mary / Maria / Maarja / Mari,Metsäpirtti,Maija/Maie,4,3
Mary / Maria / Maarja / Mari,Metsäpirtti,Maria,6,5
Mary / Maria / Maarja / Mari,Mietoinen,Maija/Maie,1,1
Mary / Maria / Maarja / Mari,Mihkli,Mari,13,6
Mary / Maria / Maarja / Mari,Miikkulainen,Maaria,1,1
Mary / Maria / Maarja / Mari,Miikkulainen,Mari,2,2
Mary / Maria / Maarja / Mari,Moloskovitsa,Maaria,4,4
Mary / Maria / Maarja / Mari,Moloskovitsa,Mari,6,4
Mary / Maria / Maarja / Mari,Moloskovitsa,Maria,2,2
Mary / Maria / Maarja / Mari,Moloskovitsa,Other,1,1
Mary / Maria / Maarja / Mari,Mouhijärvi,Maaria,2,1
Mary / Maria / Maarja / Mari,Mouhijärvi,Maija/Maie,9,6
Mary / Maria / Maarja / Mari,Muhos,Maija/Maie,4,3
Mary / Maria / Maarja / Mari,Muhos,Maria,1,1
Mary / Maria / Maarja / Mari,Muhu,Maarja,1,1
Mary / Maria / Maarja / Mari,Muhu,Mari,13,10
Mary / Maria / Maarja / Mari,Multia,Maria,1,1
Mary / Maria / Maarja / Mari,Muolaa,Maija/Maie,1,1
Mary / Maria / Maarja / Mari,Muolaa,Mari,7,4
Mary / Maria / Maarja / Mari,Mustjala,Mari,7,7
Mary / Maria / Maarja / Mari,Muurla,Maarja,2,1
Mary / Maria / Maarja / Mari,Muurla,Maija/Maie,1,1
Mary / Maria / Maarja / Mari,Muurla,Maria,2,1
Mary / Maria / Maarja / Mari,Muuruvesi,Maria,1,1
Mary / Maria / Maarja / Mari,Mynämäki,Maija/Maie,1,1
Mary / Maria / Maarja / Mari,Mäntsälä,Maaria,2,1
Mary / Maria / Maarja / Mari,Mäntsälä,Maija/Maie,2,2
Mary / Maria / Maarja / Mari,Mäntyharju,Maija/Maie,6,5
Mary / Maria / Maarja / Mari,Mäntyharju,Maria,1,1
Mary / Maria / Maarja / Mari,Märjamaa,Maarja,3,2
Mary / Maria / Maarja / Mari,Märjamaa,Mari,7,4
Mary / Maria / Maarja / Mari,Nakkila,Maaria,1,1
Mary / Maria / Maarja / Mari,Narvusi,Maaria,45,28
Mary / Maria / Maarja / Mari,Narvusi,Maarja,2,2
Mary / Maria / Maarja / Mari,Narvusi,Maija/Maie,173,44
Mary / Maria / Maarja / Mari,Narvusi,Mari,38,22
Mary / Maria / Maarja / Mari,Narvusi,Maria,36,21
Mary / Maria / Maarja / Mari,Narvusi,Other,21,10
Mary / Maria / Maarja / Mari,Nilsiä,Other,3,3
Mary / Maria / Maarja / Mari,Nissi,Mari,4,2
Mary / Maria / Maarja / Mari,Nivala,Maaria,2,1
Mary / Maria / Maarja / Mari,Nivala,Other,1,1
Mary / Maria / Maarja / Mari,Norra Finnskoga,Maria,2,2
Mary / Maria / Maarja / Mari,Nousiainen,Maija/Maie,2,2
Mary / Maria / Maarja / Mari,Nousiainen,Maria,1,1
Mary / Maria / Maarja / Mari,Nurmes,Maaria,9,6
Mary / Maria / Maarja / Mari,Nurmes,Maija/Maie,7,6
Mary / Maria / Maarja / Mari,Nurmes,Maria,5,4
Mary / Maria / Maarja / Mari,Nyskoga,Other,1,1
Mary / Maria / Maarja / Mari,Nõo,Mari,3,3
Mary / Maria / Maarja / Mari,Nõo,Other,1,1
Mary / Maria / Maarja / Mari,Oravainen,Maria,1,1
Mary / Maria / Maarja / Mari,Orimattila,Maaria,2,1
Mary / Maria / Maarja / Mari,Orimattila,Maija/Maie,1,1
Mary / Maria / Maarja / Mari,Orimattila,Maria,1,1
Mary / Maria / Maarja / Mari,Otepää,Maarja,4,4
Mary / Maria / Maarja / Mari,Otepää,Mari,12,10
Mary / Maria / Maarja / Mari,Oulu,Maaria,1,1
Mary / Maria / Maarja / Mari,Oulu,Maija/Maie,1,1
Mary / Maria / Maarja / Mari,Oulu,Maria,2,1
Mary / Maria / Maarja / Mari,Paattinen,Maija/Maie,4,3
Mary / Maria / Maarja / Mari,Paavola,Maija/Maie,1,1
Mary / Maria / Maarja / Mari,Padasjoki,Maaria,1,1
Mary / Maria / Maarja / Mari,Paide,Maarja,1,1
Mary / Maria / Maarja / Mari,Paide,Mari,11,3
Mary / Maria / Maarja / Mari,Paide,Maria,1,1
Mary / Maria / Maarja / Mari,Paimio,Maaria,2,1
Mary / Maria / Maarja / Mari,Paimio,Maija/Maie,1,1
Mary / Maria / Maarja / Mari,Paimio,Maria,3,1
Mary / Maria / Maarja / Mari,Paistu,Maarja,17,13
Mary / Maria / Maarja / Mari,Paistu,Mari,40,29
Mary / Maria / Maarja / Mari,Paistu,Other,5,3
Mary / Maria / Maarja / Mari,Palamuse,Maarja,2,1
Mary / Maria / Maarja / Mari,Palamuse,Mari,36,17
Mary / Maria / Maarja / Mari,Palamuse,Other,1,1
Mary / Maria / Maarja / Mari,Paltamo,Maria,6,2
Mary / Maria / Maarja / Mari,Parkano,Maaria,1,1
Mary / Maria / Maarja / Mari,Parkano,Maria,3,3
Mary / Maria / Maarja / Mari,Peetri,Maaria,1,1
Mary / Maria / Maarja / Mari,Peetri,Mari,23,17
Mary / Maria / Maarja / Mari,Peetri,Other,1,1
Mary / Maria / Maarja / Mari,Perho,Other,2,1
Mary / Maria / Maarja / Mari,Perniö,Maaria,1,1
Mary / Maria / Maarja / Mari,Perniö,Maija/Maie,1,1
Mary / Maria / Maarja / Mari,Perniö,Maria,1,1
Mary / Maria / Maarja / Mari,Pertteli,Maija/Maie,2,2
Mary / Maria / Maarja / Mari,Pieksämäki,Maaria,2,2
Mary / Maria / Maarja / Mari,Pieksämäki,Maija/Maie,1,1
Mary / Maria / Maarja / Mari,Pieksämäki,Maria,3,3
Mary / Maria / Maarja / Mari,Pieksämäki,Other,2,2
Mary / Maria / Maarja / Mari,Pielavesi,Maaria,3,2
Mary / Maria / Maarja / Mari,Pielavesi,Maria,5,4
Mary / Maria / Maarja / Mari,Pielisjärvi,Maaria,3,3
Mary / Maria / Maarja / Mari,Pielisjärvi,Maija/Maie,3,3
Mary / Maria / Maarja / Mari,Pielisjärvi,Maria,1,1
Mary / Maria / Maarja / Mari,Pihlajavesi,Maija/Maie,1,1
Mary / Maria / Maarja / Mari,Piikkiö,Maija/Maie,2,2
Mary / Maria / Maarja / Mari,Piippola,Maaria,1,1
Mary / Maria / Maarja / Mari,Piippola,Maija/Maie,1,1
Mary / Maria / Maarja / Mari,Piippola,Maria,3,1
Mary / Maria / Maarja / Mari,Pilistvere,Maarja,2,2
Mary / Maria / Maarja / Mari,Pilistvere,Mari,38,19
Mary / Maria / Maarja / Mari,Pilistvere,Maria,1,1
Mary / Maria / Maarja / Mari,Pistojärvi,Maria,1,1
Mary / Maria / Maarja / Mari,Polvijärvi,Maija/Maie,1,1
Mary / Maria / Maarja / Mari,Pomarkku,Maija/Maie,1,1
Mary / Maria / Maarja / Mari,Porajärvi,Maaria,10,7
Mary / Maria / Maarja / Mari,Porajärvi,Maija/Maie,1,1
Mary / Maria / Maarja / Mari,Porajärvi,Maria,7,5
Mary / Maria / Maarja / Mari,Pori,Maaria,1,1
Mary / Maria / Maarja / Mari,Posio,Maria,1,1
Mary / Maria / Maarja / Mari,Pudasjärvi,Maaria,3,2
Mary / Maria / Maarja / Mari,Pudasjärvi,Maija/Maie,3,2
Mary / Maria / Maarja / Mari,Pudasjärvi,Other,1,1
Mary / Maria / Maarja / Mari,Puhja,Maarja,3,2
Mary / Maria / Maarja / Mari,Puhja,Mari,24,9
Mary / Maria / Maarja / Mari,Punkalaidun,Maaria,2,1
Mary / Maria / Maarja / Mari,Punkalaidun,Maija/Maie,1,1
Mary / Maria / Maarja / Mari,Puolanka,Maaria,2,1
Mary / Maria / Maarja / Mari,Puolanka,Maria,1,1
Mary / Maria / Maarja / Mari,Pusula,Maija/Maie,1,1
Mary / Maria / Maarja / Mari,Puumala,Maria,3,2
Mary / Maria / Maarja / Mari,Pyhäjärvi Ol.,Maaria,1,1
Mary / Maria / Maarja / Mari,Pyhäjärvi Ol.,Maria,1,1
Mary / Maria / Maarja / Mari,Pyhäjärvi Ul.,Maaria,3,2
Mary / Maria / Maarja / Mari,Pyhäjärvi Ul.,Maija/Maie,3,2
Mary / Maria / Maarja / Mari,Pyhäjärvi Vpl.,Maija/Maie,2,2
Mary / Maria / Maarja / Mari,Pyhäjärvi Vpl.,Maria,1,1
Mary / Maria / Maarja / Mari,Pyhäselkä,Maria,1,1
Mary / Maria / Maarja / Mari,Pylkönmäki,Maija/Maie,2,2
Mary / Maria / Maarja / Mari,Pälkjärvi,Maaria,2,2
Mary / Maria / Maarja / Mari,Pälkjärvi,Maija/Maie,1,1
Mary / Maria / Maarja / Mari,Pälkjärvi,Maria,3,2
Mary / Maria / Maarja / Mari,Pälkäne,Maija/Maie,2,2
Mary / Maria / Maarja / Mari,Pärnu,Maarja,2,2
Mary / Maria / Maarja / Mari,Pärnu,Mari,12,10
Mary / Maria / Maarja / Mari,Pärnu-Jaagupi,Maarja,9,1
Mary / Maria / Maarja / Mari,Pärnu-Jaagupi,Mari,15,9
Mary / Maria / Maarja / Mari,Põltsamaa,Maarja,1,1
Mary / Maria / Maarja / Mari,Põltsamaa,Mari,42,20
Mary / Maria / Maarja / Mari,Põltsamaa,Maria,9,6
Mary / Maria / Maarja / Mari,Põltsamaa,Other,2,2
Mary / Maria / Maarja / Mari,Põlva,Maarja,3,2
Mary / Maria / Maarja / Mari,Põlva,Mari,12,10
Mary / Maria / Maarja / Mari,Põlva,Other,1,1
Mary / Maria / Maarja / Mari,Pöide,Mari,26,6
Mary / Maria / Maarja / Mari,Pöide,Maria,1,1
Mary / Maria / Maarja / Mari,Pöytyä,Maija/Maie,4,3
Mary / Maria / Maarja / Mari,Pühalepa,Mari,11,6
Mary / Maria / Maarja / Mari,Pühalepa,Other,1,1
Mary / Maria / Maarja / Mari,Raahe,Maija/Maie,2,1
Mary / Maria / Maarja / Mari,Rakvere,Mari,3,2
Mary / Maria / Maarja / Mari,Rannu,Maarja,1,1
Mary / Maria / Maarja / Mari,Rannu,Mari,19,10
Mary / Maria / Maarja / Mari,Rantsila,Maaria,2,2
Mary / Maria / Maarja / Mari,Rantsila,Maija/Maie,5,4
Mary / Maria / Maarja / Mari,Ranua,Maija/Maie,7,5
Mary / Maria / Maarja / Mari,Ranua,Maria,1,1
Mary / Maria / Maarja / Mari,Rapla,Mari,6,5
Mary / Maria / Maarja / Mari,Rauma,Maija/Maie,2,2
Mary / Maria / Maarja / Mari,Rautalampi,Maaria,1,1
Mary / Maria / Maarja / Mari,Rautalampi,Maija/Maie,2,2
Mary / Maria / Maarja / Mari,Rautavaara,Maaria,2,2
Mary / Maria / Maarja / Mari,Reigi,Mari,9,6
Mary / Maria / Maarja / Mari,Renko,Maria,3,2
Mary / Maria / Maarja / Mari,Repola,Maaria,8,6
Mary / Maria / Maarja / Mari,Repola,Maija/Maie,2,2
Mary / Maria / Maarja / Mari,Repola,Mari,1,1
Mary / Maria / Maarja / Mari,Repola,Maria,10,7
Mary / Maria / Maarja / Mari,Ridala,Maarja,1,1
Mary / Maria / Maarja / Mari,Ridala,Mari,4,2
Mary / Maria / Maarja / Mari,Ridala,Other,1,1
Mary / Maria / Maarja / Mari,Riipuskala,Maaria,4,3
Mary / Maria / Maarja / Mari,Riipuskala,Maria,1,1
Mary / Maria / Maarja / Mari,Risti,Maarja,4,2
Mary / Maria / Maarja / Mari,Risti,Mari,35,14
Mary / Maria / Maarja / Mari,Risti,Other,2,2
Mary / Maria / Maarja / Mari,Ristijärvi,Maija/Maie,1,1
Mary / Maria / Maarja / Mari,Ropsu,Maria,1,1
Mary / Maria / Maarja / Mari,Rovaniemi,Maaria,1,1
Mary / Maria / Maarja / Mari,Rovaniemi,Maija/Maie,4,4
Mary / Maria / Maarja / Mari,Rovaniemi,Maria,3,3
Mary / Maria / Maarja / Mari,Rovaniemi,Other,1,1
Mary / Maria / Maarja / Mari,Ruokolahti,Maija/Maie,1,1
Mary / Maria / Maarja / Mari,Ruotsin Ylitornio,Maria,2,1
Mary / Maria / Maarja / Mari,Ruotsinpyhtää,Maija/Maie,1,1
Mary / Maria / Maarja / Mari,Ruovesi,Maija/Maie,2,1
Mary / Maria / Maarja / Mari,Ruskeala,Maaria,1,1
Mary / Maria / Maarja / Mari,Ruskeala,Maria,1,1
Mary / Maria / Maarja / Mari,Rymättylä,Maaria,2,1
Mary / Maria / Maarja / Mari,Räisälä,Mari,1,1
Mary / Maria / Maarja / Mari,Räpina,Maarja,16,8
Mary / Maria / Maarja / Mari,Räpina,Mari,38,22
Mary / Maria / Maarja / Mari,Räpina,Other,9,5
Mary / Maria / Maarja / Mari,Rääkkylä,Maaria,1,1
Mary / Maria / Maarja / Mari,Rääkkylä,Other,1,1
Mary / Maria / Maarja / Mari,Rääpyvä,Maaria,2,2
Mary / Maria / Maarja / Mari,Rääpyvä,Maria,1,1
Mary / Maria / Maarja / Mari,Rääpyvä,Other,2,1
Mary / Maria / Maarja / Mari,Rõngu,Maarja,4,3
Mary / Maria / Maarja / Mari,Rõngu,Mari,7,5
Mary / Maria / Maarja / Mari,Rõngu,Maria,1,1
Mary / Maria / Maarja / Mari,Rõngu,Other,1,1
Mary / Maria / Maarja / Mari,Rõuge,Maarja,1,1
Mary / Maria / Maarja / Mari,Rõuge,Mari,34,16
Mary / Maria / Maarja / Mari,Rõuge,Other,3,2
Mary / Maria / Maarja / Mari,Saarde,Maarja,10,5
Mary / Maria / Maarja / Mari,Saarde,Mari,7,6
Mary / Maria / Maarja / Mari,Saarde,Maria,1,1
Mary / Maria / Maarja / Mari,Saari,Maija/Maie,1,1
Mary / Maria / Maarja / Mari,Saarijärvi,Maaria,1,1
Mary / Maria / Maarja / Mari,Saarijärvi,Maija/Maie,11,11
Mary / Maria / Maarja / Mari,Saarijärvi,Maria,4,3
Mary / Maria / Maarja / Mari,Sahalahti,Maria,3,2
Mary / Maria / Maarja / Mari,Sakkola,Mari,1,1
Mary / Maria / Maarja / Mari,Salmi,Maaria,11,9
Mary / Maria / Maarja / Mari,Salmi,Maija/Maie,2,2
Mary / Maria / Maarja / Mari,Salmi,Maria,14,14
Mary / Maria / Maarja / Mari,Salo,Maija/Maie,1,1
Mary / Maria / Maarja / Mari,Salo,Maria,1,1
Mary / Maria / Maarja / Mari,Sangaste,Maarja,12,9
Mary / Maria / Maarja / Mari,Sangaste,Mari,49,32
Mary / Maria / Maarja / Mari,Sangaste,Maria,5,2
Mary / Maria / Maarja / Mari,Sangaste,Other,1,1
Mary / Maria / Maarja / Mari,Savitaipale,Maija/Maie,1,1
Mary / Maria / Maarja / Mari,Savitaipale,Maria,2,2
Mary / Maria / Maarja / Mari,Savonlinna,Maija/Maie,1,1
Mary / Maria / Maarja / Mari,Savonranta,Maaria,5,3
Mary / Maria / Maarja / Mari,Seiskari,Mari,2,1
Mary / Maria / Maarja / Mari,Serepetta,Maaria,3,2
Mary / Maria / Maarja / Mari,Serepetta,Maija/Maie,4,2
Mary / Maria / Maarja / Mari,Serepetta,Mari,5,3
Mary / Maria / Maarja / Mari,Serepetta,Maria,1,1
Mary / Maria / Maarja / Mari,Serepetta,Other,7,2
Mary / Maria / Maarja / Mari,Setumaa,Maarja,75,34
Mary / Maria / Maarja / Mari,Setumaa,Mari,175,101
Mary / Maria / Maarja / Mari,Setumaa,Maria,14,5
Mary / Maria / Maarja / Mari,Setumaa,Other,29,22
Mary / Maria / Maarja / Mari,Siikainen,Maria,1,1
Mary / Maria / Maarja / Mari,Siilinjärvi,Maija/Maie,1,1
Mary / Maria / Maarja / Mari,Simo,Maija/Maie,2,1
Mary / Maria / Maarja / Mari,Simo,Maria,1,1
Mary / Maria / Maarja / Mari,Simuna,Maarja,8,8
Mary / Maria / Maarja / Mari,Simuna,Mari,11,11
Mary / Maria / Maarja / Mari,Simuna,Maria,3,2
Mary / Maria / Maarja / Mari,Soanlahti,Maria,5,5
Mary / Maria / Maarja / Mari,Sodankylä,Maaria,2,1
Mary / Maria / Maarja / Mari,Sodankylä,Maria,2,2
Mary / Maria / Maarja / Mari,Soikkola,Maaria,37,25
Mary / Maria / Maarja / Mari,Soikkola,Maarja,1,1
Mary / Maria / Maarja / Mari,Soikkola,Maija/Maie,43,19
Mary / Maria / Maarja / Mari,Soikkola,Mari,10,4
Mary / Maria / Maarja / Mari,Soikkola,Maria,19,10
Mary / Maria / Maarja / Mari,Soikkola,Other,7,6
Mary / Maria / Maarja / Mari,Soini,Maria,1,1
Mary / Maria / Maarja / Mari,Somerniemi,Maaria,1,1
Mary / Maria / Maarja / Mari,Somerniemi,Maija/Maie,1,1
Mary / Maria / Maarja / Mari,Somerniemi,Maria,1,1
Mary / Maria / Maarja / Mari,Somero,Maaria,2,1
Mary / Maria / Maarja / Mari,Somero,Maija/Maie,2,1
Mary / Maria / Maarja / Mari,Somero,Maria,3,2
Mary / Maria / Maarja / Mari,Sonkajärvi,Maija/Maie,1,1
Mary / Maria / Maarja / Mari,Sortavala,Maaria,1,1
Mary / Maria / Maarja / Mari,Sortavala,Maija/Maie,3,3
Mary / Maria / Maarja / Mari,Sortavala,Mari,1,1
Mary / Maria / Maarja / Mari,Sortavala,Maria,1,1
Mary / Maria / Maarja / Mari,Sotkamo,Maaria,1,1
Mary / Maria / Maarja / Mari,Sotkamo,Maija/Maie,1,1
Mary / Maria / Maarja / Mari,Soutjärvi,Maria,2,2
Mary / Maria / Maarja / Mari,Suistamo,Maaria,12,12
Mary / Maria / Maarja / Mari,Suistamo,Maija/Maie,10,8
Mary / Maria / Maarja / Mari,Suistamo,Mari,6,5
Mary / Maria / Maarja / Mari,Suistamo,Maria,50,42
Mary / Maria / Maarja / Mari,Suistamo,Other,3,3
Mary / Maria / Maarja / Mari,Sulkava,Maija/Maie,1,1
Mary / Maria / Maarja / Mari,Suojärvi,Maaria,24,19
Mary / Maria / Maarja / Mari,Suojärvi,Maija/Maie,2,2
Mary / Maria / Maarja / Mari,Suojärvi,Mari,2,2
Mary / Maria / Maarja / Mari,Suojärvi,Maria,37,24
Mary / Maria / Maarja / Mari,Suojärvi,Other,9,5
Mary / Maria / Maarja / Mari,Suomusjärvi,Maarja,1,1
Mary / Maria / Maarja / Mari,Suomussalmi,Maaria,3,2
Mary / Maria / Maarja / Mari,Suomussalmi,Maija/Maie,1,1
Mary / Maria / Maarja / Mari,Suomussalmi,Maria,1,1
Mary / Maria / Maarja / Mari,Suonenjoki,Maaria,2,1
Mary / Maria / Maarja / Mari,Suure-Jaani,Maarja,2,1
Mary / Maria / Maarja / Mari,Suure-Jaani,Mari,30,15
Mary / Maria / Maarja / Mari,Suure-Jaani,Maria,2,2
Mary / Maria / Maarja / Mari,Säkkijärvi,Maija/Maie,1,1
Mary / Maria / Maarja / Mari,Sääksmäki,Maaria,2,1
Mary / Maria / Maarja / Mari,Sääksmäki,Maija/Maie,1,1
Mary / Maria / Maarja / Mari,Sääksmäki,Maria,6,3
Mary / Maria / Maarja / Mari,Säämäjärvi,Maaria,2,2
Mary / Maria / Maarja / Mari,Södra Finnskoga,Maaria,1,1
Mary / Maria / Maarja / Mari,Södra Finnskoga,Maria,1,1
Mary / Maria / Maarja / Mari,Taipalsaari,Maaria,2,1
Mary / Maria / Maarja / Mari,Tammela,Maaria,4,3
Mary / Maria / Maarja / Mari,Tammela,Maija/Maie,4,4
Mary / Maria / Maarja / Mari,Tammela,Maria,7,4
Mary / Maria / Maarja / Mari,Tartu-Maarja,Maarja,1,1
Mary / Maria / Maarja / Mari,Tartu-Maarja,Mari,10,8
Mary / Maria / Maarja / Mari,Tartu-Maarja,Other,1,1
Mary / Maria / Maarja / Mari,Tarvastu,Maaria,1,1
Mary / Maria / Maarja / Mari,Tarvastu,Maarja,7,7
Mary / Maria / Maarja / Mari,Tarvastu,Maija/Maie,2,1
Mary / Maria / Maarja / Mari,Tarvastu,Mari,37,27
Mary / Maria / Maarja / Mari,Tarvastu,Other,2,2
Mary / Maria / Maarja / Mari,Terijoki,Mari,4,2
Mary / Maria / Maarja / Mari,Tervo,Maija/Maie,1,1
Mary / Maria / Maarja / Mari,Tervo,Maria,6,4
Mary / Maria / Maarja / Mari,Tervola,Maija/Maie,1,1
Mary / Maria / Maarja / Mari,Tervola,Maria,3,2
Mary / Maria / Maarja / Mari,Teuva,Maija/Maie,3,2
Mary / Maria / Maarja / Mari,Teuva,Maria,1,1
Mary / Maria / Maarja / Mari,Tohmajärvi,Maaria,1,1
Mary / Maria / Maarja / Mari,Tohmajärvi,Maria,11,7
Mary / Maria / Maarja / Mari,Toholampi,Maija/Maie,1,1
Mary / Maria / Maarja / Mari,Toksova,Maaria,1,1
Mary / Maria / Maarja / Mari,Toksova,Mari,6,2
Mary / Maria / Maarja / Mari,Tolmačču,Maria,1,1
Mary / Maria / Maarja / Mari,Tori,Maarja,2,2
Mary / Maria / Maarja / Mari,Tori,Mari,44,26
Mary / Maria / Maarja / Mari,Tori,Maria,1,1
Mary / Maria / Maarja / Mari,Torma,Maarja,1,1
Mary / Maria / Maarja / Mari,Torma,Mari,17,5
Mary / Maria / Maarja / Mari,Torma,Maria,1,1
Mary / Maria / Maarja / Mari,Tulemajärvi,Maaria,4,3
Mary / Maria / Maarja / Mari,Tulemajärvi,Maria,1,1
Mary / Maria / Maarja / Mari,Tulemajärvi,Other,1,1
Mary / Maria / Maarja / Mari,Turku,Maaria,2,1
Mary / Maria / Maarja / Mari,Turtola,Maija/Maie,1,1
Mary / Maria / Maarja / Mari,Turtola,Maria,1,1
Mary / Maria / Maarja / Mari,Tuulos,Maaria,2,1
Mary / Maria / Maarja / Mari,Tuupovaara,Maaria,1,1
Mary / Maria / Maarja / Mari,Tuupovaara,Maria,3,3
Mary / Maria / Maarja / Mari,Tuusniemi,Maija/Maie,2,1
Mary / Maria / Maarja / Mari,Tuutari,Mari,1,1
Mary / Maria / Maarja / Mari,Tyrväntö,Maria,2,1
Mary / Maria / Maarja / Mari,Tyrvää,Maija/Maie,1,1
Mary / Maria / Maarja / Mari,Tyrö,Maaria,2,2
Mary / Maria / Maarja / Mari,Tyrö,Maija/Maie,4,3
Mary / Maria / Maarja / Mari,Tyrö,Mari,19,7
Mary / Maria / Maarja / Mari,Tyrö,Maria,11,4
Mary / Maria / Maarja / Mari,Tyrö,Other,1,1
Mary / Maria / Maarja / Mari,Tõstamaa,Maaria,3,1
Mary / Maria / Maarja / Mari,Tõstamaa,Mari,11,11
Mary / Maria / Maarja / Mari,Töysä,Maaria,1,1
Mary / Maria / Maarja / Mari,Töysä,Maija/Maie,1,1
Mary / Maria / Maarja / Mari,Töysä,Maria,4,3
Mary / Maria / Maarja / Mari,Türi,Maarja,6,5
Mary / Maria / Maarja / Mari,Türi,Mari,9,7
Mary / Maria / Maarja / Mari,Türi,Maria,1,1
Mary / Maria / Maarja / Mari,Uhtua,Maaria,1,1
Mary / Maria / Maarja / Mari,Uhtua,Maija/Maie,1,1
Mary / Maria / Maarja / Mari,Uhtua,Maria,9,7
Mary / Maria / Maarja / Mari,Uhtua,Other,1,1
Mary / Maria / Maarja / Mari,Urjala,Maria,3,2
Mary / Maria / Maarja / Mari,Urvaste,Maarja,9,2
Mary / Maria / Maarja / Mari,Urvaste,Mari,21,17
Mary / Maria / Maarja / Mari,Urvaste,Other,3,2
Mary / Maria / Maarja / Mari,Uskela,Maaria,1,1
Mary / Maria / Maarja / Mari,Uskela,Maija/Maie,11,7
Mary / Maria / Maarja / Mari,Uskela,Maria,3,3
Mary / Maria / Maarja / Mari,Uukuniemi,Maaria,5,3
Mary / Maria / Maarja / Mari,Uukuniemi,Maria,4,2
Mary / Maria / Maarja / Mari,Uusikaupunki,Maija/Maie,4,4
Mary / Maria / Maarja / Mari,Uusikaupunki,Maria,1,1
Mary / Maria / Maarja / Mari,Uusikirkko Tl.,Maija/Maie,2,2
Mary / Maria / Maarja / Mari,Vahto,Maija/Maie,2,2
Mary / Maria / Maarja / Mari,Vaivara,Mari,26,17
Mary / Maria / Maarja / Mari,Vaivara,Maria,2,2
Mary / Maria / Maarja / Mari,Valkeasaari,Mari,1,1
Mary / Maria / Maarja / Mari,Valkeasaari,Maria,1,1
Mary / Maria / Maarja / Mari,Vanaja,Maaria,3,2
Mary / Maria / Maarja / Mari,Vanaja,Maija/Maie,1,1
Mary / Maria / Maarja / Mari,Varbla,Maarja,1,1
Mary / Maria / Maarja / Mari,Varbla,Mari,11,8
Mary / Maria / Maarja / Mari,Varbla,Maria,1,1
Mary / Maria / Maarja / Mari,Varpaisjärvi,Maaria,1,1
Mary / Maria / Maarja / Mari,Varpaisjärvi,Maria,2,2
Mary / Maria / Maarja / Mari,Vastseliina,Maarja,24,5
Mary / Maria / Maarja / Mari,Vastseliina,Mari,19,16
Mary / Maria / Maarja / Mari,Venjoki,Mari,3,3
Mary / Maria / Maarja / Mari,Venjoki,Maria,7,6
Mary / Maria / Maarja / Mari,Venjoki,Other,3,3
Mary / Maria / Maarja / Mari,Vesilahti,Maija/Maie,3,3
Mary / Maria / Maarja / Mari,Vesilahti,Other,1,1
Mary / Maria / Maarja / Mari,Veteli,Maija/Maie,1,1
Mary / Maria / Maarja / Mari,Vieljärvi,Maria,1,1
Mary / Maria / Maarja / Mari,Vigala,Maarja,4,3
Mary / Maria / Maarja / Mari,Vigala,Mari,17,12
Mary / Maria / Maarja / Mari,Vigala,Other,3,3
Mary / Maria / Maarja / Mari,Vihanti,Maija/Maie,2,2
Mary / Maria / Maarja / Mari,Vihanti,Maria,2,1
Mary / Maria / Maarja / Mari,Viitasaari,Maija/Maie,1,1
Mary / Maria / Maarja / Mari,Viitasaari,Maria,1,1
Mary / Maria / Maarja / Mari,Viljakkala,Maija/Maie,1,1
Mary / Maria / Maarja / Mari,Viljandi,Maaria,3,2
Mary / Maria / Maarja / Mari,Viljandi,Maarja,23,10
Mary / Maria / Maarja / Mari,Viljandi,Mari,44,26
Mary / Maria / Maarja / Mari,Viljandi,Maria,2,2
Mary / Maria / Maarja / Mari,Vimpeli,Maija/Maie,1,1
Mary / Maria / Maarja / Mari,Vimpeli,Other,2,1
Mary / Maria / Maarja / Mari,Virrat,Maija/Maie,1,1
Mary / Maria / Maarja / Mari,Virrat,Maria,1,1
Mary / Maria / Maarja / Mari,Virtasalmi,Mari,1,1
Mary / Maria / Maarja / Mari,Virtasalmi,Maria,1,1
Mary / Maria / Maarja / Mari,Viru-Jaagupi,Mari,13,8
Mary / Maria / Maarja / Mari,Viru-Nigula,Mari,31,19
Mary / Maria / Maarja / Mari,Viru-Nigula,Maria,3,3
Mary / Maria / Maarja / Mari,Viru-Nigula,Other,1,1
Mary / Maria / Maarja / Mari,Vittanki,Maria,1,1
Mary / Maria / Maarja / Mari,Vuokkiniemi,Maaria,2,2
Mary / Maria / Maarja / Mari,Vuokkiniemi,Maija/Maie,2,2
Mary / Maria / Maarja / Mari,Vuokkiniemi,Mari,13,6
Mary / Maria / Maarja / Mari,Vuokkiniemi,Maria,13,11
Mary / Maria / Maarja / Mari,Vuokkiniemi,Other,4,3
Mary / Maria / Maarja / Mari,Vuole,Maaria,3,2
Mary / Maria / Maarja / Mari,Vuole,Maija/Maie,2,2
Mary / Maria / Maarja / Mari,Vuole,Mari,6,2
Mary / Maria / Maarja / Mari,Vuole,Maria,8,5
Mary / Maria / Maarja / Mari,Vuole,Other,2,2
Mary / Maria / Maarja / Mari,Väike-Maarja,Maarja,5,5
Mary / Maria / Maarja / Mari,Väike-Maarja,Mari,24,18
Mary / Maria / Maarja / Mari,Väike-Maarja,Other,1,1
Mary / Maria / Maarja / Mari,Vändra,Maaria,1,1
Mary / Maria / Maarja / Mari,Vändra,Mari,7,6
Mary / Maria / Maarja / Mari,Võnnu,Maarja,3,2
Mary / Maria / Maarja / Mari,Võnnu,Mari,8,6
Mary / Maria / Maarja / Mari,Võnnu,Other,4,1
Mary / Maria / Maarja / Mari,Ylikiiminki,Maija/Maie,1,1
Mary / Maria / Maarja / Mari,Ylikiiminki,Maria,2,1
Mary / Maria / Maarja / Mari,Ylikiiminki,Other,1,1
Mary / Maria / Maarja / Mari,Yläne,Maija/Maie,4,3
Mary / Maria / Maarja / Mari,Äksi,Maarja,2,2
Mary / Maria / Maarja / Mari,Äksi,Mari,13,10
Mary / Maria / Maarja / Mari,Äksi,Other,2,2
Mary / Maria / Maarja / Mari,Östmark,Maija/Maie,2,1
Mary / Maria / Maarja / Mari,Östmark,Maria,1,1
Peter / Pietari / Peeter,Alatornio,Pekka,2,2
Peter / Pietari / Peeter,Alatornio,Petteri/Petri,2,2
Peter / Pietari / Peeter,Alatornio,Pietari,2,2
Peter / Pietari / Peeter,Alavus,Pekka,2,1
Peter / Pietari / Peeter,Ambla,Other,2,2
Peter / Pietari / Peeter,Ambla,Peeter,6,6
Peter / Pietari / Peeter,Anjala,Pietari,3,3
Peter / Pietari / Peeter,Anseküla,Peeter,3,2
Peter / Pietari / Peeter,Asikkala,Pekka,3,3
Peter / Pietari / Peeter,Asikkala,Pietari,4,4
Peter / Pietari / Peeter,Audru,Peeter,1,1
Peter / Pietari / Peeter,Elimäki,Pietari,1,1
Peter / Pietari / Peeter,Emmaste,Peeter,1,1
Peter / Pietari / Peeter,Eno,Pekka,1,1
Peter / Pietari / Peeter,Eno,Petteri/Petri,1,1
Peter / Pietari / Peeter,Eno,Pietari,4,4
Peter / Pietari / Peeter,Enonkoski,Pietari,1,1
Peter / Pietari / Peeter,Haapajärvi,Pekka,1,1
Peter / Pietari / Peeter,Hageri,Other,1,1
Peter / Pietari / Peeter,Hageri,Peeter,1,1
Peter / Pietari / Peeter,Haljala,Peeter,6,6
Peter / Pietari / Peeter,Halliste,Other,1,1
Peter / Pietari / Peeter,Halliste,Peeter,16,9
Peter / Pietari / Peeter,Hanila,Peeter,3,1
Peter / Pietari / Peeter,Harjavalta,Pietari,1,1
Peter / Pietari / Peeter,Harju-Jaani,Peeter,2,2
Peter / Pietari / Peeter,Harju-Madise,Other,1,1
Peter / Pietari / Peeter,Harju-Madise,Peeter,4,2
Peter / Pietari / Peeter,Hartola,Pekka,1,1
Peter / Pietari / Peeter,Hattula,Pekka,3,3
Peter / Pietari / Peeter,Hattula,Pietari,4,4
Peter / Pietari / Peeter,Hauho,Pietari,1,1
Peter / Pietari / Peeter,Heinjoki,Pietari,2,2
Peter / Pietari / Peeter,Heinävesi,Pekka,11,11
Peter / Pietari / Peeter,Heinävesi,Pietari,3,3
Peter / Pietari / Peeter,Helme,Other,2,1
Peter / Pietari / Peeter,Helme,Peeter,16,11
Peter / Pietari / Peeter,Helsinki,Pietari,4,4
Peter / Pietari / Peeter,Hiitola,Pietari,1,1
Peter / Pietari / Peeter,Hirvensalmi,Pietari,1,1
Peter / Pietari / Peeter,Hollola,Pietari,2,2
Peter / Pietari / Peeter,Honkajoki,Petteri/Petri,1,1
Peter / Pietari / Peeter,Huittinen,Pekka,1,1
Peter / Pietari / Peeter,Hyvinkää,Pietari,1,1
Peter / Pietari / Peeter,Hämeenlinna,Pietari,1,1
Peter / Pietari / Peeter,Häädemeeste,Peeter,1,1
Peter / Pietari / Peeter,Iisaku,Peeter,1,1
Peter / Pietari / Peeter,Iisalmi,Pekka,2,2
Peter / Pietari / Peeter,Iisalmi,Pietari,2,2
Peter / Pietari / Peeter,Ilmajoki,Pietari,1,1
Peter / Pietari / Peeter,Ilomantsi,Other,1,1
Peter / Pietari / Peeter,Ilomantsi,Pekka,14,12
Peter / Pietari / Peeter,Ilomantsi,Petteri/Petri,1,1
Peter / Pietari / Peeter,Ilomantsi,Pietari,38,16
Peter / Pietari / Peeter,Impilahti,Pekka,4,4
Peter / Pietari / Peeter,Impilahti,Petteri/Petri,3,1
Peter / Pietari / Peeter,Impilahti,Pietari,4,4
Peter / Pietari / Peeter,Inkere,Pietari,1,1
Peter / Pietari / Peeter,Isojoki,Pietari,1,1
Peter / Pietari / Peeter,Jaakkima,Pekka,2,2
Peter / Pietari / Peeter,Jaakkima,Pietari,3,3
Peter / Pietari / Peeter,Jaani,Peeter,2,2
Peter / Pietari / Peeter,Jalasjärvi,Pietari,1,1
Peter / Pietari / Peeter,Janakkala,Pietari,1,1
Peter / Pietari / Peeter,Joensuu,Pekka,1,1
Peter / Pietari / Peeter,Johannes,Pietari,2,2
Peter / Pietari / Peeter,Joroinen,Pekka,4,4
Peter / Pietari / Peeter,Joroinen,Pietari,5,3
Peter / Pietari / Peeter,Joutseno,Pietari,1,1
Peter / Pietari / Peeter,Jurva,Pietari,1,1
Peter / Pietari / Peeter,Juuka,Pekka,2,2
Peter / Pietari / Peeter,Juuka,Pietari,1,1
Peter / Pietari / Peeter,Juva,Pekka,2,2
Peter / Pietari / Peeter,Juva,Petteri/Petri,1,1
Peter / Pietari / Peeter,Juva,Pietari,3,3
Peter / Pietari / Peeter,Jällivaara,Petteri/Petri,1,1
Peter / Pietari / Peeter,Järva-Jaani,Peeter,6,5
Peter / Pietari / Peeter,Järva-Madise,Peeter,5,5
Peter / Pietari / Peeter,Jõelähtme,Peeter,3,3
Peter / Pietari / Peeter,Jõhvi,Peeter,20,9
Peter / Pietari / Peeter,Jüri,Peeter,1,1
Peter / Pietari / Peeter,Kaarina,Pietari,1,1
Peter / Pietari / Peeter,Kaarma,Peeter,1,1
Peter / Pietari / Peeter,Kaavi,Pekka,3,3
Peter / Pietari / Peeter,Kaavi,Pietari,4,4
Peter / Pietari / Peeter,Kadrina,Peeter,16,13
Peter / Pietari / Peeter,Kalvola,Pietari,1,1
Peter / Pietari / Peeter,Kambja,Peeter,3,1
Peter / Pietari / Peeter,Kanepi,Peeter,1,1
Peter / Pietari / Peeter,Kangasala,Pietari,2,2
Peter / Pietari / Peeter,Kangaslampi,Pekka,4,4
Peter / Pietari / Peeter,Kangaslampi,Pietari,1,1
Peter / Pietari / Peeter,Kangasniemi,Pekka,3,3
Peter / Pietari / Peeter,Kankaanpää,Pietari,1,1
Peter / Pietari / Peeter,Kaprio,Other,1,1
Peter / Pietari / Peeter,Kaprio,Petteri/Petri,3,3
Peter / Pietari / Peeter,Kaprio,Pietari,3,2
Peter / Pietari / Peeter,Karja,Peeter,2,2
Peter / Pietari / Peeter,Karksi,Other,1,1
Peter / Pietari / Peeter,Karksi,Peeter,26,14
Peter / Pietari / Peeter,Karstula,Pekka,1,1
Peter / Pietari / Peeter,Karttula,Pekka,1,1
Peter / Pietari / Peeter,Karttula,Pietari,3,3
Peter / Pietari / Peeter,Karula,Peeter,2,1
Peter / Pietari / Peeter,Karuna,Pekka,1,1
Peter / Pietari / Peeter,Karuna,Pietari,2,2
Peter / Pietari / Peeter,Karunki,Pekka,1,1
Peter / Pietari / Peeter,Karunki,Pietari,1,1
Peter / Pietari / Peeter,Karuse,Peeter,1,1
Peter / Pietari / Peeter,Kattila,Other,2,1
Peter / Pietari / Peeter,Kattila,Petteri/Petri,1,1
Peter / Pietari / Peeter,Kattila,Pietari,1,1
Peter / Pietari / Peeter,Kauhava,Pietari,1,1
Peter / Pietari / Peeter,Kaukola,Pekka,1,1
Peter / Pietari / Peeter,Kaukola,Pietari,1,1
Peter / Pietari / Peeter,Kaustinen,Other,1,1
Peter / Pietari / Peeter,Keikyä,Pietari,1,1
Peter / Pietari / Peeter,Keila,Peeter,1,1
Peter / Pietari / Peeter,Keltto,Pietari,3,2
Peter / Pietari / Peeter,Kemi,Pekka,1,1
Peter / Pietari / Peeter,Kemi,Petteri/Petri,3,3
Peter / Pietari / Peeter,Kemi,Pietari,1,1
Peter / Pietari / Peeter,Kerimäki,Pekka,4,3
Peter / Pietari / Peeter,Kerimäki,Pietari,1,1
Peter / Pietari / Peeter,Kestilä,Pekka,3,2
Peter / Pietari / Peeter,Kesälahti,Pekka,1,1
Peter / Pietari / Peeter,Kesälahti,Pietari,7,3
Peter / Pietari / Peeter,Kiihtelysvaara,Pekka,1,1
Peter / Pietari / Peeter,Kiihtelysvaara,Pietari,8,5
Peter / Pietari / Peeter,Kiikka,Petteri/Petri,1,1
Peter / Pietari / Peeter,Kiikoinen,Pietari,1,1
Peter / Pietari / Peeter,Kiimaisjärvi,Pietari,2,2
Peter / Pietari / Peeter,Kirvu,Pekka,1,1
Peter / Pietari / Peeter,Kisko,Pietari,1,1
Peter / Pietari / Peeter,Kitee,Pekka,7,5
Peter / Pietari / Peeter,Kitee,Pietari,9,6
Peter / Pietari / Peeter,Kiukainen,Pietari,1,1
Peter / Pietari / Peeter,Kiuruvesi,Pekka,6,6
Peter / Pietari / Peeter,Kiuruvesi,Pietari,1,1
Peter / Pietari / Peeter,Kivennapa,Pekka,1,1
Peter / Pietari / Peeter,Kivennapa,Pietari,6,5
Peter / Pietari / Peeter,Kodavere,Peeter,1,1
Peter / Pietari / Peeter,Koeru,Peeter,15,6
Peter / Pietari / Peeter,Koivisto,Pekka,5,3
Peter / Pietari / Peeter,Koivisto,Petteri/Petri,1,1
Peter / Pietari / Peeter,Koivisto,Pietari,1,1
Peter / Pietari / Peeter,Kolga-Jaani,Peeter,16,5
Peter / Pietari / Peeter,Konnevesi,Pekka,1,1
Peter / Pietari / Peeter,Kontiolahti,Pekka,3,3
Peter / Pietari / Peeter,Kontiolahti,Pietari,4,3
Peter / Pietari / Peeter,Kontokki,Petteri/Petri,1,1
Peter / Pietari / Peeter,Koprina,Pekka,1,1
Peter / Pietari / Peeter,Koprina,Pietari,1,1
Peter / Pietari / Peeter,Korpiselkä,Other,2,1
Peter / Pietari / Peeter,Korpiselkä,Pekka,2,2
Peter / Pietari / Peeter,Korpiselkä,Pietari,20,5
Peter / Pietari / Peeter,Kose,Peeter,4,4
Peter / Pietari / Peeter,Kuhmo,Pekka,2,2
Peter / Pietari / Peeter,Kuhmo,Pietari,1,1
Peter / Pietari / Peeter,Kuhmoinen,Pietari,4,4
Peter / Pietari / Peeter,Kullamaa,Peeter,2,1
Peter / Pietari / Peeter,Kuolemajärvi,Pekka,1,1
Peter / Pietari / Peeter,Kuolemajärvi,Pietari,1,1
Peter / Pietari / Peeter,Kuopio,Pekka,5,5
Peter / Pietari / Peeter,Kuopio,Pietari,2,2
Peter / Pietari / Peeter,Kupanitsa,Pietari,1,1
Peter / Pietari / Peeter,Kurikka,Pekka,1,1
Peter / Pietari / Peeter,Kurkijoki,Petteri/Petri,1,1
Peter / Pietari / Peeter,Kursi,Peeter,2,1
Peter / Pietari / Peeter,Kuujärvi,Pietari,2,1
Peter / Pietari / Peeter,Kuusalu,Other,1,1
Peter / Pietari / Peeter,Kuusalu,Peeter,13,10
Peter / Pietari / Peeter,Kuusalu,Pietari,1,1
Peter / Pietari / Peeter,Kuusjoki,Pietari,2,2
Peter / Pietari / Peeter,Kuusjärvi,Pietari,2,1
Peter / Pietari / Peeter,Kymi,Pietari,2,2
Peter / Pietari / Peeter,Käina,Peeter,1,1
Peter / Pietari / Peeter,Käkisalmi,Pietari,1,1
Peter / Pietari / Peeter,Kärla,Peeter,4,2
Peter / Pietari / Peeter,Kõpu,Other,2,1
Peter / Pietari / Peeter,Kõpu,Peeter,3,2
Peter / Pietari / Peeter,Lahti,Pietari,1,1
Peter / Pietari / Peeter,Laihia,Petteri/Petri,1,1
Peter / Pietari / Peeter,Laihia,Pietari,4,4
Peter / Pietari / Peeter,Laiuse,Other,1,1
Peter / Pietari / Peeter,Laiuse,Peeter,3,3
Peter / Pietari / Peeter,Lapinlahti,Pietari,1,1
Peter / Pietari / Peeter,Lappajärvi,Pietari,1,1
Peter / Pietari / Peeter,Lappee,Pekka,3,1
Peter / Pietari / Peeter,Lappee,Pietari,2,2
Peter / Pietari / Peeter,Lapua,Pekka,1,1
Peter / Pietari / Peeter,Lapua,Pietari,1,1
Peter / Pietari / Peeter,Lapväärtti,Pietari,1,1
Peter / Pietari / Peeter,Laukaa,Pietari,1,1
Peter / Pietari / Peeter,Lavansaari,Pekka,1,1
Peter / Pietari / Peeter,Lekvattnet,Pietari,1,1
Peter / Pietari / Peeter,Lemi,Pekka,1,1
Peter / Pietari / Peeter,Lemi,Pietari,1,1
Peter / Pietari / Peeter,Lempaala,Other,1,1
Peter / Pietari / Peeter,Lempaala,Pietari,8,8
Peter / Pietari / Peeter,Leppävirta,Pekka,9,9
Peter / Pietari / Peeter,Leppävirta,Pietari,5,5
Peter / Pietari / Peeter,Lieto,Pietari,2,2
Peter / Pietari / Peeter,Liissilä,Pietari,6,6
Peter / Pietari / Peeter,Liminka,Pekka,2,1
Peter / Pietari / Peeter,Liperi,Other,1,1
Peter / Pietari / Peeter,Liperi,Pekka,1,1
Peter / Pietari / Peeter,Liperi,Petteri/Petri,1,1
Peter / Pietari / Peeter,Liperi,Pietari,2,2
Peter / Pietari / Peeter,Loppi,Pietari,2,2
Peter / Pietari / Peeter,Luhanka,Pietari,1,1
Peter / Pietari / Peeter,Lumivaara,Pekka,1,1
Peter / Pietari / Peeter,Lumivaara,Pietari,2,2
Peter / Pietari / Peeter,Längelmäki,Pietari,2,2
Peter / Pietari / Peeter,Lääne-Nigula,Peeter,2,1
Peter / Pietari / Peeter,Lüganuse,Peeter,3,2
Peter / Pietari / Peeter,Maaninka,Pekka,7,7
Peter / Pietari / Peeter,Maaninka,Petteri/Petri,1,1
Peter / Pietari / Peeter,Maaninka,Pietari,2,2
Peter / Pietari / Peeter,Maaria,Petteri/Petri,1,1
Peter / Pietari / Peeter,Maaria,Pietari,1,1
Peter / Pietari / Peeter,Maarja-Magdaleena,Peeter,4,3
Peter / Pietari / Peeter,Maksuatiha,Pietari,2,2
Peter / Pietari / Peeter,Markkova,Pietari,1,1
Peter / Pietari / Peeter,Martna,Peeter,1,1
Peter / Pietari / Peeter,Merijärvi,Pietari,1,1
Peter / Pietari / Peeter,Merikarvia,Pietari,1,1
Peter / Pietari / Peeter,Merimasku,Pietari,2,2
Peter / Pietari / Peeter,Messukylä,Pietari,1,1
Peter / Pietari / Peeter,Metsäpirtti,Pekka,1,1
Peter / Pietari / Peeter,Metsäpirtti,Pietari,1,1
Peter / Pietari / Peeter,Miehikkälä,Pietari,1,1
Peter / Pietari / Peeter,Mikkeli,Pietari,1,1
Peter / Pietari / Peeter,Moloskovitsa,Pietari,9,9
Peter / Pietari / Peeter,Muhos,Pekka,1,1
Peter / Pietari / Peeter,Muhu,Peeter,5,3
Peter / Pietari / Peeter,Muolaa,Pekka,2,2
Peter / Pietari / Peeter,Muolaa,Pietari,1,1
Peter / Pietari / Peeter,Muonio,Petteri/Petri,1,1
Peter / Pietari / Peeter,Mustjala,Peeter,1,1
Peter / Pietari / Peeter,Muurla,Petteri/Petri,1,1
Peter / Pietari / Peeter,Muurla,Pietari,1,1
Peter / Pietari / Peeter,Mäntsälä,Pekka,1,1
Peter / Pietari / Peeter,Mäntsälä,Pietari,1,1
Peter / Pietari / Peeter,Mäntyharju,Pekka,2,1
Peter / Pietari / Peeter,Mäntyharju,Pietari,1,1
Peter / Pietari / Peeter,Märjamaa,Peeter,1,1
Peter / Pietari / Peeter,Narvusi,Pekka,3,1
Peter / Pietari / Peeter,Narvusi,Petteri/Petri,14,14
Peter / Pietari / Peeter,Narvusi,Pietari,27,19
Peter / Pietari / Peeter,Nastola,Pietari,2,2
Peter / Pietari / Peeter,Nekkula,Pietari,1,1
Peter / Pietari / Peeter,Nilsiä,Pekka,8,6
Peter / Pietari / Peeter,Nilsiä,Pietari,2,2
Peter / Pietari / Peeter,Noarootsi,Other,6,1
Peter / Pietari / Peeter,Noormarkku,Pietari,2,2
Peter / Pietari / Peeter,Nurmes,Pekka,19,19
Peter / Pietari / Peeter,Nurmes,Pietari,9,9
Peter / Pietari / Peeter,Orimattila,Other,2,1
Peter / Pietari / Peeter,Orimattila,Pietari,3,3
Peter / Pietari / Peeter,Otepää,Other,1,1
Peter / Pietari / Peeter,Otepää,Peeter,2,2
Peter / Pietari / Peeter,Oulunsalo,Pietari,1,1
Peter / Pietari / Peeter,Paatene,Pietari,1,1
Peter / Pietari / Peeter,Paattinen,Pekka,1,1
Peter / Pietari / Peeter,Paavola,Pekka,1,1
Peter / Pietari / Peeter,Paistu,Other,3,2
Peter / Pietari / Peeter,Paistu,Peeter,15,10
Peter / Pietari / Peeter,Palamuse,Peeter,3,2
Peter / Pietari / Peeter,Paltamo,Pekka,1,1
Peter / Pietari / Peeter,Parikkala,Pietari,3,3
Peter / Pietari / Peeter,Parkano,Pietari,3,3
Peter / Pietari / Peeter,Peetri,Peeter,8,6
Peter / Pietari / Peeter,Perho,Pekka,2,1
Peter / Pietari / Peeter,Perho,Pietari,2,2
Peter / Pietari / Peeter,Perniö,Pietari,3,3
Peter / Pietari / Peeter,Pertteli,Pietari,1,1
Peter / Pietari / Peeter,Pieksämäki,Pekka,3,3
Peter / Pietari / Peeter,Pieksämäki,Pietari,1,1
Peter / Pietari / Peeter,Pielavesi,Pekka,11,10
Peter / Pietari / Peeter,Pielavesi,Pietari,5,4
Peter / Pietari / Peeter,Pielisjärvi,Pekka,2,1
Peter / Pietari / Peeter,Pielisjärvi,Pietari,1,1
Peter / Pietari / Peeter,Pihtipudas,Pekka,1,1
Peter / Pietari / Peeter,Pilistvere,Peeter,11,3
Peter / Pietari / Peeter,Polvijärvi,Pekka,4,4
Peter / Pietari / Peeter,Polvijärvi,Pietari,2,2
Peter / Pietari / Peeter,Porajärvi,Pekka,8,4
Peter / Pietari / Peeter,Porajärvi,Pietari,7,5
Peter / Pietari / Peeter,Pori,Pekka,2,2
Peter / Pietari / Peeter,Pori,Pietari,1,1
Peter / Pietari / Peeter,Pudasjärvi,Pekka,1,1
Peter / Pietari / Peeter,Pudasjärvi,Pietari,1,1
Peter / Pietari / Peeter,Puhja,Peeter,5,5
Peter / Pietari / Peeter,Puolanka,Pekka,1,1
Peter / Pietari / Peeter,Puumala,Pekka,5,3
Peter / Pietari / Peeter,Puumala,Pietari,10,3
Peter / Pietari / Peeter,Pyhäjärvi Ol.,Pekka,2,2
Peter / Pietari / Peeter,Pyhäjärvi Ul.,Pietari,1,1
Peter / Pietari / Peeter,Pyhäjärvi Vpl.,Pekka,2,2
Peter / Pietari / Peeter,Pyhäjärvi Vpl.,Pietari,2,2
Peter / Pietari / Peeter,Pyhäranta,Pietari,1,1
Peter / Pietari / Peeter,Pyhäselkä,Pekka,3,3
Peter / Pietari / Peeter,Pyhäselkä,Pietari,1,1
Peter / Pietari / Peeter,Pylkönmäki,Pietari,1,1
Peter / Pietari / Peeter,Pälkjärvi,Pietari,5,2
Peter / Pietari / Peeter,Pärnu,Peeter,5,4
Peter / Pietari / Peeter,Pärnu-Jaagupi,Peeter,2,2
Peter / Pietari / Peeter,Põltsamaa,Peeter,8,4
Peter / Pietari / Peeter,Põlva,Other,1,1
Peter / Pietari / Peeter,Põlva,Peeter,7,3
Peter / Pietari / Peeter,Pöide,Peeter,4,3
Peter / Pietari / Peeter,Pöytyä,Pekka,1,1
Peter / Pietari / Peeter,Pöytyä,Pietari,2,2
Peter / Pietari / Peeter,Pühalepa,Peeter,4,2
Peter / Pietari / Peeter,Rakvere,Peeter,1,1
Peter / Pietari / Peeter,Rannu,Other,1,1
Peter / Pietari / Peeter,Rannu,Peeter,3,2
Peter / Pietari / Peeter,Rantsila,Pekka,4,4
Peter / Pietari / Peeter,Rantsila,Pietari,2,2
Peter / Pietari / Peeter,Ranua,Pekka,2,1
Peter / Pietari / Peeter,Ranua,Pietari,2,2
Peter / Pietari / Peeter,Rauma,Pietari,5,5
Peter / Pietari / Peeter,Rautalampi,Pekka,2,2
Peter / Pietari / Peeter,Rautavaara,Pekka,2,2
Peter / Pietari / Peeter,Rautavaara,Pietari,6,4
Peter / Pietari / Peeter,Rautu,Pietari,3,3
Peter / Pietari / Peeter,Reigi,Other,1,1
Peter / Pietari / Peeter,Reigi,Peeter,1,1
Peter / Pietari / Peeter,Renko,Pietari,2,2
Peter / Pietari / Peeter,Repola,Petteri/Petri,2,2
Peter / Pietari / Peeter,Repola,Pietari,7,4
Peter / Pietari / Peeter,Risti,Other,6,1
Peter / Pietari / Peeter,Risti,Peeter,4,2
Peter / Pietari / Peeter,Ristiina,Pekka,2,2
Peter / Pietari / Peeter,Ristiina,Pietari,3,1
Peter / Pietari / Peeter,Ristijärvi,Pekka,2,2
Peter / Pietari / Peeter,Rovaniemi,Petteri/Petri,3,3
Peter / Pietari / Peeter,Rovaniemi,Pietari,1,1
Peter / Pietari / Peeter,Ruokolahti,Pietari,1,1
Peter / Pietari / Peeter,Ruovesi,Pekka,1,1
Peter / Pietari / Peeter,Ruovesi,Pietari,1,1
Peter / Pietari / Peeter,Rymättylä,Pekka,1,1
Peter / Pietari / Peeter,Räisälä,Pietari,2,2
Peter / Pietari / Peeter,Räpina,Other,5,1
Peter / Pietari / Peeter,Räpina,Peeter,16,4
Peter / Pietari / Peeter,Rääkkylä,Pekka,2,2
Peter / Pietari / Peeter,Rääkkylä,Pietari,6,4
Peter / Pietari / Peeter,Rõngu,Other,2,2
Peter / Pietari / Peeter,Rõngu,Peeter,7,6
Peter / Pietari / Peeter,Rõuge,Peeter,2,2
Peter / Pietari / Peeter,Saari,Pekka,3,3
Peter / Pietari / Peeter,Saarijärvi,Pekka,2,2
Peter / Pietari / Peeter,Saarijärvi,Pietari,5,5
Peter / Pietari / Peeter,Sakkola,Pietari,2,2
Peter / Pietari / Peeter,Salmi,Pekka,1,1
Peter / Pietari / Peeter,Salmi,Petteri/Petri,1,1
Peter / Pietari / Peeter,Salmi,Pietari,19,6
Peter / Pietari / Peeter,Salo,Pekka,1,1
Peter / Pietari / Peeter,Sandova,Pietari,1,1
Peter / Pietari / Peeter,Sangaste,Peeter,8,4
Peter / Pietari / Peeter,Sauvo,Other,1,1
Peter / Pietari / Peeter,Sauvo,Pietari,1,1
Peter / Pietari / Peeter,Savitaipale,Other,1,1
Peter / Pietari / Peeter,Savitaipale,Pietari,3,2
Peter / Pietari / Peeter,Savonlinna,Pekka,4,3
Peter / Pietari / Peeter,Savonlinna,Pietari,2,2
Peter / Pietari / Peeter,Seiskari,Pietari,2,1
Peter / Pietari / Peeter,Serepetta,Petteri/Petri,3,3
Peter / Pietari / Peeter,Serepetta,Pietari,2,2
Peter / Pietari / Peeter,Setumaa,Other,1,1
Peter / Pietari / Peeter,Setumaa,Peeter,10,5
Peter / Pietari / Peeter,Siilinjärvi,Pekka,1,1
Peter / Pietari / Peeter,Simo,Pekka,4,3
Peter / Pietari / Peeter,Simuna,Peeter,3,2
Peter / Pietari / Peeter,Sippola,Pekka,1,1
Peter / Pietari / Peeter,Sippola,Pietari,1,1
Peter / Pietari / Peeter,Skuoritsa,Petteri/Petri,1,1
Peter / Pietari / Peeter,Soanlahti,Petteri/Petri,2,2
Peter / Pietari / Peeter,Soanlahti,Pietari,8,6
Peter / Pietari / Peeter,Sodankylä,Petteri/Petri,1,1
Peter / Pietari / Peeter,Soikkola,Other,5,4
Peter / Pietari / Peeter,Soikkola,Petteri/Petri,11,6
Peter / Pietari / Peeter,Soikkola,Pietari,20,14
Peter / Pietari / Peeter,Somerniemi,Pietari,1,1
Peter / Pietari / Peeter,Somero,Pietari,2,2
Peter / Pietari / Peeter,Sonkajärvi,Pekka,14,14
Peter / Pietari / Peeter,Sonkajärvi,Pietari,2,2
Peter / Pietari / Peeter,Sortavala,Pekka,2,2
Peter / Pietari / Peeter,Sortavala,Pietari,2,2
Peter / Pietari / Peeter,Sotkamo,Pekka,5,4
Peter / Pietari / Peeter,Soutjärvi,Pietari,10,8
Peter / Pietari / Peeter,Spankkova,Pietari,1,1
Peter / Pietari / Peeter,Suistamo,Pekka,4,4
Peter / Pietari / Peeter,Suistamo,Pietari,54,20
Peter / Pietari / Peeter,Sulkava,Pietari,2,2
Peter / Pietari / Peeter,Suojärvi,Other,1,1
Peter / Pietari / Peeter,Suojärvi,Pekka,1,1
Peter / Pietari / Peeter,Suojärvi,Petteri/Petri,9,3
Peter / Pietari / Peeter,Suojärvi,Pietari,26,13
Peter / Pietari / Peeter,Suomusjärvi,Pietari,2,2
Peter / Pietari / Peeter,Suomussalmi,Pekka,1,1
Peter / Pietari / Peeter,Suonenjoki,Pekka,1,1
Peter / Pietari / Peeter,Suure-Jaani,Peeter,10,8
Peter / Pietari / Peeter,Sysmä,Pietari,1,1
Peter / Pietari / Peeter,Säfsnäs,Pietari,1,1
Peter / Pietari / Peeter,Säkkijärvi,Pietari,1,1
Peter / Pietari / Peeter,Säräisniemi,Pekka,2,2
Peter / Pietari / Peeter,Säämäjärvi,Pietari,2,1
Peter / Pietari / Peeter,Taipalsaari,Pekka,2,1
Peter / Pietari / Peeter,Taipalsaari,Pietari,1,1
Peter / Pietari / Peeter,Taivassalo,Pietari,1,1
Peter / Pietari / Peeter,Tammela,Pietari,1,1
Peter / Pietari / Peeter,Tampere,Pietari,3,3
Peter / Pietari / Peeter,Tarvastu,Peeter,9,7
Peter / Pietari / Peeter,Tervo,Pekka,1,1
Peter / Pietari / Peeter,Tervola,Other,2,1
Peter / Pietari / Peeter,Tervola,Pekka,1,1
Peter / Pietari / Peeter,Tohmajärvi,Pekka,4,4
Peter / Pietari / Peeter,Tohmajärvi,Pietari,3,2
Peter / Pietari / Peeter,Toksova,Pietari,10,8
Peter / Pietari / Peeter,Tolmačču,Pietari,3,3
Peter / Pietari / Peeter,Tori,Peeter,2,2
Peter / Pietari / Peeter,Torma,Peeter,9,3
Peter / Pietari / Peeter,Tulemajärvi,Petteri/Petri,6,2
Peter / Pietari / Peeter,Turku,Pekka,1,1
Peter / Pietari / Peeter,Turku,Pietari,1,1
Peter / Pietari / Peeter,Tuulos,Pekka,1,1
Peter / Pietari / Peeter,Tuulos,Pietari,2,2
Peter / Pietari / Peeter,Tuupovaara,Pietari,6,2
Peter / Pietari / Peeter,Tuusniemi,Pekka,2,2
Peter / Pietari / Peeter,Tuusniemi,Pietari,4,4
Peter / Pietari / Peeter,Tuusula,Pietari,1,1
Peter / Pietari / Peeter,Tuutari,Pietari,2,2
Peter / Pietari / Peeter,Tyrvää,Petteri/Petri,1,1
Peter / Pietari / Peeter,Tyrvää,Pietari,2,2
Peter / Pietari / Peeter,Tyrö,Petteri/Petri,3,3
Peter / Pietari / Peeter,Tyrö,Pietari,5,5
Peter / Pietari / Peeter,Tytärsaari,Pietari,1,1
Peter / Pietari / Peeter,Tõstamaa,Peeter,1,1
Peter / Pietari / Peeter,Töysä,Pekka,1,1
Peter / Pietari / Peeter,Töysä,Pietari,4,4
Peter / Pietari / Peeter,Türi,Peeter,1,1
Peter / Pietari / Peeter,Uhtua,Pekka,2,2
Peter / Pietari / Peeter,Uhtua,Pietari,2,2
Peter / Pietari / Peeter,Urjala,Pietari,1,1
Peter / Pietari / Peeter,Urvaste,Peeter,8,3
Peter / Pietari / Peeter,Uskela,Pietari,10,10
Peter / Pietari / Peeter,Uukuniemi,Other,1,1
Peter / Pietari / Peeter,Uukuniemi,Pietari,4,1
Peter / Pietari / Peeter,Uurainen,Pekka,1,1
Peter / Pietari / Peeter,Uusikaupunki,Pekka,8,4
Peter / Pietari / Peeter,Uusikaupunki,Pietari,4,4
Peter / Pietari / Peeter,Uusikirkko Tl.,Pietari,2,2
Peter / Pietari / Peeter,Vahto,Pietari,2,2
Peter / Pietari / Peeter,Vaivara,Peeter,5,4
Peter / Pietari / Peeter,Valkeasaari,Pekka,1,1
Peter / Pietari / Peeter,Valkeasaari,Pietari,2,2
Peter / Pietari / Peeter,Valkjärvi,Pietari,1,1
Peter / Pietari / Peeter,Valtimo,Pekka,2,2
Peter / Pietari / Peeter,Vanaja,Pietari,1,1
Peter / Pietari / Peeter,Varbla,Peeter,1,1
Peter / Pietari / Peeter,Varkaus,Pietari,3,2
Peter / Pietari / Peeter,Varpaisjärvi,Pekka,2,2
Peter / Pietari / Peeter,Varpaisjärvi,Pietari,1,1
Peter / Pietari / Peeter,Vastseliina,Other,9,2
Peter / Pietari / Peeter,Vastseliina,Peeter,4,3
Peter / Pietari / Peeter,Vehmersalmi,Pekka,1,1
Peter / Pietari / Peeter,Venjoki,Other,1,1
Peter / Pietari / Peeter,Venjoki,Pietari,5,5
Peter / Pietari / Peeter,Veteli,Pekka,3,1
Peter / Pietari / Peeter,Veteli,Pietari,1,1
Peter / Pietari / Peeter,Veśśi,Pietari,1,1
Peter / Pietari / Peeter,Vieljärvi,Petteri/Petri,6,2
Peter / Pietari / Peeter,Vigala,Peeter,1,1
Peter / Pietari / Peeter,Vihanti,Pekka,1,1
Peter / Pietari / Peeter,Vihanti,Pietari,5,4
Peter / Pietari / Peeter,Viipuri,Pekka,1,1
Peter / Pietari / Peeter,Viipuri,Pietari,3,3
Peter / Pietari / Peeter,Viitasaari,Pekka,4,4
Peter / Pietari / Peeter,Viitasaari,Pietari,2,2
Peter / Pietari / Peeter,Viljakkala,Pietari,1,1
Peter / Pietari / Peeter,Viljandi,Peeter,7,5
Peter / Pietari / Peeter,Virolahti,Pietari,1,1
Peter / Pietari / Peeter,Virtasalmi,Pekka,6,6
Peter / Pietari / Peeter,Viru-Nigula,Other,1,1
Peter / Pietari / Peeter,Viru-Nigula,Peeter,3,2
Peter / Pietari / Peeter,Vuokkiniemi,Pekka,4,2
Peter / Pietari / Peeter,Vuokkiniemi,Petteri/Petri,10,3
Peter / Pietari / Peeter,Vuokkiniemi,Pietari,1,1
Peter / Pietari / Peeter,Vuoksela,Pekka,1,1
Peter / Pietari / Peeter,Vuoksela,Pietari,1,1
Peter / Pietari / Peeter,Vuole,Pekka,2,2
Peter / Pietari / Peeter,Vuole,Pietari,11,10
Peter / Pietari / Peeter,Väike-Maarja,Peeter,7,3
Peter / Pietari / Peeter,Võnnu,Peeter,8,5
Peter / Pietari / Peeter,Ylikiiminki,Other,1,1
Peter / Pietari / Peeter,Ylikiiminki,Pietari,1,1
Peter / Pietari / Peeter,Ylitornio,Pietari,1,1
Peter / Pietari / Peeter,Ylämaa,Pekka,1,1
Peter / Pietari / Peeter,Ylämaa,Pietari,1,1
Peter / Pietari / Peeter,Yläne,Pietari,1,1
Peter / Pietari / Peeter,Ylöjärvi,Pietari,1,1
Peter / Pietari / Peeter,Ähtäri,Pietari,1,1
Peter / Pietari / Peeter,Äksi,Peeter,1,1
Peter / Pietari / Peeter,Östmark,Pekka,1,1
