person_cluster,area_name,variant,observed,expected,standardized_residual,area_total
Anna / Anne / Ann / Anni,Järva-Jaani,Anu,4,0.1584,9.652383177749472,9
Anna / Anne / Ann / Anni,Narvusi,Anni,28,6.4768,8.457199940289902,33
Anna / Anne / Ann / Anni,Soikkola,Anni,23,4.7104,8.427045004033145,24
Anna / Anne / Ann / Anni,Suojärvi,Anni,25,5.495466666666666,8.320190591586908,28
Anna / Anne / Ann / Anni,Kontokki,Anni,20,3.925333333333333,8.113415264016554,20
Anna / Anne / Ann / Anni,Vuole,Anni,20,4.1216,7.821207671516835,21
Anna / Anne / Ann / Anni,Paatene,Anni,16,3.1402666666666668,7.256859224010167,16
Anna / Anne / Ann / Anni,Jõelähtme,Anna,3,0.18186666666666668,6.608227461712274,11
Anna / Anne / Ann / Anni,Koprina,Anni,13,2.5514666666666668,6.541244507748118,13
Anna / Anne / Ann / Anni,Suistamo,Anni,22,6.2805333333333335,6.272483746895838,32
Anna / Anne / Ann / Anni,Tulemajärvi,Other,9,1.52,6.0670811502905195,30
Anna / Anne / Ann / Anni,Heinävesi,Anna,2,0.0992,6.035046035049053,6
Anna / Anne / Ann / Anni,Koivisto,Anni,11,2.158933333333333,6.017069800617843,11
Anna / Anne / Ann / Anni,Kaprio,Anni,10,1.9626666666666666,5.7370509517685475,10
Anna / Anne / Ann / Anni,Vuokkiniemi,Anni,10,1.9626666666666666,5.7370509517685475,10
Anna / Anne / Ann / Anni,Vigala,Ann,24,8.066133333333333,5.610330944977748,38
Anna / Anne / Ann / Anni,Kuusamo,Anni,9,1.7664,5.442644418007625,9
Anna / Anne / Ann / Anni,Moloskovitsa,Anni,9,1.7664,5.442644418007625,9
Anna / Anne / Ann / Anni,Käina,Ann,10,2.1226666666666665,5.406775326429402,10
Anna / Anne / Ann / Anni,Tulemajärvi,Anni,19,5.888,5.403622979478474,30
Anna / Anne / Ann / Anni,Ilomantsi,Anni,12,2.944,5.277977214640177,15
Anna / Anne / Ann / Anni,Seiskari,Anni,8,1.5701333333333334,5.131374367413736,8
Anna / Anne / Ann / Anni,Skuoritsa,Anni,8,1.5701333333333334,5.131374367413736,8
Anna / Anne / Ann / Anni,Toksova,Anni,8,1.5701333333333334,5.131374367413736,8
Anna / Anne / Ann / Anni,Suistamo,Other,8,1.6213333333333333,5.0094927431686775,32
Anna / Anne / Ann / Anni,Rovaniemi,Anni,7,1.3738666666666666,4.799961201534018,7
Anna / Anne / Ann / Anni,Sakkola,Anni,8,1.7664,4.690232836221568,9
Anna / Anne / Ann / Anni,Varbla,Ann,11,2.9717333333333333,4.657114029010407,14
Anna / Anne / Ann / Anni,Puhja,Anu,2,0.1584,4.627194101453412,9
Anna / Anne / Ann / Anni,Rannu,Anu,2,0.1584,4.627194101453412,9
Anna / Anne / Ann / Anni,Karksi,Anne,50,26.346666666666668,4.608180837844583,52
Anna / Anne / Ann / Anni,Salmi,Anni,6,1.1776,4.4439005585085996,6
Anna / Anne / Ann / Anni,Pühalepa,Ann,12,3.6085333333333334,4.417458854734723,17
Anna / Anne / Ann / Anni,Korpiselkä,Anni,7,1.5701333333333334,4.333321369827409,8
Anna / Anne / Ann / Anni,Pöide,Anu,3,0.3872,4.198928631555026,22
Anna / Anne / Ann / Anni,Hietamäki,Anni,5,0.9813333333333333,4.056707632008277,5
Anna / Anne / Ann / Anni,Kontiolahti,Anni,5,0.9813333333333333,4.056707632008277,5
Anna / Anne / Ann / Anni,Lavansaari,Anni,5,0.9813333333333333,4.056707632008277,5
Anna / Anne / Ann / Anni,Repola,Anni,5,0.9813333333333333,4.056707632008277,5
Anna / Anne / Ann / Anni,Tyrö,Anni,5,0.9813333333333333,4.056707632008277,5
Anna / Anne / Ann / Anni,Harju-Jaani,Anna,2,0.1984,4.044711401642971,12
Anna / Anne / Ann / Anni,Hämeenlinna,Anni,6,1.3738666666666666,3.946806660546599,7
Anna / Anne / Ann / Anni,Lempaala,Anni,6,1.3738666666666666,3.946806660546599,7
Anna / Anne / Ann / Anni,Tarvastu,Ann,23,10.8256,3.700169156721559,51
Anna / Anne / Ann / Anni,Võnnu,Ann,12,4.4576,3.5723912213036493,21
Anna / Anne / Ann / Anni,Muhu,Ann,16,6.792533333333333,3.532842417146371,32
Anna / Anne / Ann / Anni,Helme,Anne,34,18.746666666666666,3.522919604743892,37
Anna / Anne / Ann / Anni,Ilomantsi,Anna,2,0.248,3.518100660592945,15
Anna / Anne / Ann / Anni,Pöide,Ann,12,4.669866666666667,3.392029604727567,22
Anna / Anne / Ann / Anni,Alatornio,Anna,1,0.08266666666666667,3.1905236028299577,5
Anna / Anne / Ann / Anni,Narvusi,Anu,3,0.5808,3.1743767527807787,33
Anna / Anne / Ann / Anni,Halliste,Anne,26,14.186666666666667,3.1364060015432136,28
Anna / Anne / Ann / Anni,Liperi,Other,2,0.304,3.076019300466449,6
Anna / Anne / Ann / Anni,Kuusalu,Anna,3,0.6117333333333334,3.05352685782076,37
Anna / Anne / Ann / Anni,Paistu,Anne,42,26.346666666666668,3.0496078374461897,52
Anna / Anne / Ann / Anni,Alatornio,Anni,4,0.9813333333333333,3.047241565649217,5
Anna / Anne / Ann / Anni,Saarde,Anne,23,12.666666666666666,2.9034160159032516,25
Anna / Anne / Ann / Anni,Liperi,Anna,1,0.0992,2.86004286004429,6
Anna / Anne / Ann / Anni,Haljala,Anne,47,31.413333333333334,2.780969567868019,62
Anna / Anne / Ann / Anni,Lüganuse,Anu,1,0.1056,2.7523257382978796,6
Anna / Anne / Ann / Anni,Tõstamaa,Anu,1,0.1056,2.7523257382978796,6
Anna / Anne / Ann / Anni,Pilistvere,Other,5,1.5706666666666667,2.7363250567270763,31
Anna / Anne / Ann / Anni,Karja,Ann,6,2.1226666666666665,2.6612902249926713,10
Anna / Anne / Ann / Anni,Heinävesi,Anni,4,1.1776,2.6008761065723855,6
Anna / Anne / Ann / Anni,Sangaste,Anu,2,0.3872,2.5918677652219633,22
Anna / Anne / Ann / Anni,Audru,Other,3,0.76,2.5694562193502923,15
Anna / Anne / Ann / Anni,Ridala,Ann,5,1.6981333333333333,2.533807623326365,8
Anna / Anne / Ann / Anni,Ridala,Other,2,0.4053333333333333,2.5047463715843388,8
Anna / Anne / Ann / Anni,Risti,Other,2,0.4053333333333333,2.5047463715843388,8
Anna / Anne / Ann / Anni,Peetri,Ann,8,3.3962666666666665,2.4980968300276722,16
Anna / Anne / Ann / Anni,Karula,Anu,1,0.1232,2.4980158359952642,7
Anna / Anne / Ann / Anni,Urvaste,Ann,12,5.943466666666667,2.4843008966713755,28
Anna / Anne / Ann / Anni,Viru-Jaagupi,Ann,6,2.3349333333333333,2.3985271354883873,11
Anna / Anne / Ann / Anni,Rannu,Other,2,0.456,2.2864666681500965,9
Anna / Anne / Ann / Anni,Väike-Maarja,Anne,20,12.16,2.2482741919315052,24
Anna / Anne / Ann / Anni,Urvaste,Anu,2,0.4928,2.147017260499579,28
Anna / Anne / Ann / Anni,Audru,Ann,7,3.184,2.138561955188791,15
Anna / Anne / Ann / Anni,Tulemajärvi,Anna,2,0.496,2.135536496768964,30
Anna / Anne / Ann / Anni,Kolga-Jaani,Anne,34,23.813333333333333,2.0874784444553427,47
Anna / Anne / Ann / Anni,Setumaa,Ann,15,8.9152,2.037890115652587,42
Anna / Anne / Ann / Anni,Viru-Nigula,Anu,2,0.528,2.0257733278325034,30
Anna / Anne / Ann / Anni,Viljandi,Anne,30,20.773333333333333,2.024378592642696,41
Anna / Anne / Ann / Anni,Jõhvi,Ann,9,4.669866666666667,2.003775346389924,22
Anna / Anne / Ann / Anni,Setumaa,Other,5,2.128,1.9687865046144235,42
Anna / Anne / Ann / Anni,Järva-Madise,Anne,8,4.053333333333334,1.9603078884562646,8
Anna / Anne / Ann / Anni,Karuse,Ann,7,3.3962666666666665,1.9554726923652668,16
Anna / Anne / Ann / Anni,Laiuse,Anne,15,9.12,1.9470625648856148,18
Anna / Anne / Ann / Anni,Simuna,Other,2,0.5573333333333333,1.932450989328397,11
Anna / Anne / Ann / Anni,Viru-Jaagupi,Anna,1,0.18186666666666668,1.9184369656068563,11
Anna / Anne / Ann / Anni,Suistamo,Anu,2,0.5632,1.9145424328733813,32
Anna / Anne / Ann / Anni,Kuusalu,Anne,27,18.746666666666666,1.9061951357836269,37
Anna / Anne / Ann / Anni,Koeru,Anne,25,17.226666666666667,1.8728658304824317,34
Anna / Anne / Ann / Anni,Muhu,Other,4,1.6213333333333333,1.8680884309809618,32
Anna / Anne / Ann / Anni,Iisaku,Anne,7,3.546666666666667,1.8337001227984024,7
Anna / Anne / Ann / Anni,Kursi,Anu,1,0.1936,1.8327272727272728,11
Anna / Anne / Ann / Anni,Harju-Jaani,Other,2,0.608,1.785202332628168,12
Anna / Anne / Ann / Anni,Otepää,Other,2,0.608,1.785202332628168,12
Anna / Anne / Ann / Anni,Suure-Jaani,Ann,10,5.7312,1.7831300781178452,27
Anna / Anne / Ann / Anni,Hargla,Anne,9,5.066666666666666,1.7474291893893223,10
Anna / Anne / Ann / Anni,Kodavere,Anne,9,5.066666666666666,1.7474291893893223,10
Anna / Anne / Ann / Anni,Harju-Jaani,Anu,1,0.2112,1.7164056877231806,12
Anna / Anne / Ann / Anni,Kanepi,Anne,6,3.04,1.6976764306421572,6
Anna / Anne / Ann / Anni,Rõuge,Anni,4,1.7664,1.680586509077338,9
Anna / Anne / Ann / Anni,Liperi,Anni,3,1.1776,1.6793638806042783,6
Anna / Anne / Ann / Anni,Tori,Ann,7,3.8208,1.6264499265222052,18
Anna / Anne / Ann / Anni,Nõo,Anne,8,4.56,1.6109275959205138,9
Anna / Anne / Ann / Anni,Vaivara,Anne,8,4.56,1.6109275959205138,9
Anna / Anne / Ann / Anni,Kadrina,Ann,19,13.160533333333333,1.6096684763887292,62
Anna / Anne / Ann / Anni,Äksi,Anne,12,7.6,1.5960477502420258,15
Anna / Anne / Ann / Anni,Tartu-Maarja,Anne,5,2.533333333333333,1.5497594606792735,5
Anna / Anne / Ann / Anni,Kadrina,Anne,40,31.413333333333334,1.5320311391847767,62
Anna / Anne / Ann / Anni,Rõuge,Ann,4,1.9104,1.5118231974124836,9
Anna / Anne / Ann / Anni,Põltsamaa,Anu,2,0.7216,1.5049376234762435,41
Anna / Anne / Ann / Anni,Jüri,Anne,7,4.053333333333334,1.4636082545568732,8
Anna / Anne / Ann / Anni,Kõpu,Anne,7,4.053333333333334,1.4636082545568732,8
Anna / Anne / Ann / Anni,Rõngu,Anne,7,4.053333333333334,1.4636082545568732,8
Anna / Anne / Ann / Anni,Vändra,Anne,16,11.146666666666667,1.4536759761721865,22
Anna / Anne / Ann / Anni,Kursi,Anne,9,5.573333333333333,1.451491011443006,11
Anna / Anne / Ann / Anni,Paide,Anne,9,5.573333333333333,1.451491011443006,11
Anna / Anne / Ann / Anni,Rapla,Anne,9,5.573333333333333,1.451491011443006,11
Anna / Anne / Ann / Anni,Simuna,Anne,9,5.573333333333333,1.451491011443006,11
Anna / Anne / Ann / Anni,Torma,Anne,9,5.573333333333333,1.451491011443006,11
Anna / Anne / Ann / Anni,Viru-Nigula,Ann,10,6.368,1.4392767586325077,30
Anna / Anne / Ann / Anni,Ambla,Anne,19,13.68,1.438363267359428,27
Anna / Anne / Ann / Anni,Peetri,Anna,1,0.26453333333333334,1.4299563870332566,16
Anna / Anne / Ann / Anni,Pärnu-Jaagupi,Anne,8,5.066666666666666,1.3031675310700033,10
Anna / Anne / Ann / Anni,Türi,Anne,8,5.066666666666666,1.3031675310700033,10
Anna / Anne / Ann / Anni,Mustjala,Anne,6,3.546666666666667,1.3027058787448111,7
Anna / Anne / Ann / Anni,Märjamaa,Anne,6,3.546666666666667,1.3027058787448111,7
Anna / Anne / Ann / Anni,Pühalepa,Anu,1,0.2992,1.2811892870707329,17
Anna / Anne / Ann / Anni,Maarja-Magdaleena,Anne,16,11.653333333333334,1.273301503989146,23
Anna / Anne / Ann / Anni,Tõstamaa,Other,1,0.304,1.2623286751914202,6
Anna / Anne / Ann / Anni,Laiuse,Anu,1,0.3168,1.213822745117942,18
Anna / Anne / Ann / Anni,Palamuse,Anne,9,6.08,1.1842163742545666,12
Anna / Anne / Ann / Anni,Põltsamaa,Anne,26,20.773333333333333,1.1467578154854579,41
Anna / Anne / Ann / Anni,Häädemeeste,Anne,7,4.56,1.142634690129667,9
Anna / Anne / Ann / Anni,Põltsamaa,Ann,12,8.702933333333334,1.1176218923609316,41
Anna / Anne / Ann / Anni,Vuole,Anna,1,0.3472,1.1078737887490773,21
Anna / Anne / Ann / Anni,Hämeenlinna,Other,1,0.3546666666666667,1.0836122640719408,7
Anna / Anne / Ann / Anni,Karula,Other,1,0.3546666666666667,1.0836122640719408,7
Anna / Anne / Ann / Anni,Lempaala,Other,1,0.3546666666666667,1.0836122640719408,7
Anna / Anne / Ann / Anni,Jõhvi,Anna,1,0.36373333333333335,1.0549882442489211,22
Anna / Anne / Ann / Anni,Kose,Anne,18,14.186666666666667,1.0124290253288475,28
Anna / Anne / Ann / Anni,Maarja-Magdaleena,Anna,1,0.38026666666666664,1.0049876551496904,23
Anna / Anne / Ann / Anni,Haljala,Anna,2,1.0250666666666666,0.9629391935070215,62
Anna / Anne / Ann / Anni,Pärnu,Anne,4,2.533333333333333,0.9214785982417302,5
Anna / Anne / Ann / Anni,Kose,Ann,8,5.943466666666667,0.8435597268021156,28
Anna / Anne / Ann / Anni,Jõhvi,Other,2,1.1146666666666667,0.8385603216693179,22
Anna / Anne / Ann / Anni,Sangaste,Other,2,1.1146666666666667,0.8385603216693179,22
Anna / Anne / Ann / Anni,Vändra,Other,2,1.1146666666666667,0.8385603216693179,22
Anna / Anne / Ann / Anni,Ambla,Anna,1,0.4464,0.8285791266835215,27
Anna / Anne / Ann / Anni,Nõo,Other,1,0.456,0.8055944737523657,9
Anna / Anne / Ann / Anni,Rõuge,Other,1,0.456,0.8055944737523657,9
Anna / Anne / Ann / Anni,Sakkola,Other,1,0.456,0.8055944737523657,9
Anna / Anne / Ann / Anni,Suojärvi,Anna,1,0.4629333333333333,0.7893488342813079,28
Anna / Anne / Ann / Anni,Urvaste,Anna,1,0.4629333333333333,0.7893488342813079,28
Anna / Anne / Ann / Anni,Põlva,Anne,5,3.546666666666667,0.7717116346912195,7
Anna / Anne / Ann / Anni,Hargla,Other,1,0.5066666666666667,0.6930735005704535,10
Anna / Anne / Ann / Anni,Pilistvere,Anna,1,0.5125333333333333,0.68090083359912,31
Anna / Anne / Ann / Anni,Kolga-Jaani,Ann,12,9.976533333333334,0.6406284558293773,47
Anna / Anne / Ann / Anni,Suure-Jaani,Anne,16,13.68,0.6272561617056153,27
Anna / Anne / Ann / Anni,Jõelähtme,Other,1,0.5573333333333333,0.5929516898863473,11
Anna / Anne / Ann / Anni,Viru-Jaagupi,Other,1,0.5573333333333333,0.5929516898863473,11
Anna / Anne / Ann / Anni,Pilistvere,Anne,18,15.706666666666667,0.5786622748171404,31
Anna / Anne / Ann / Anni,Sangaste,Anne,13,11.146666666666667,0.5551125293624559,22
Anna / Anne / Ann / Anni,Lüganuse,Anne,4,3.04,0.5505977612893482,6
Anna / Anne / Ann / Anni,Tõstamaa,Anne,4,3.04,0.5505977612893482,6
Anna / Anne / Ann / Anni,Ambla,Ann,7,5.7312,0.5299933103251316,27
Anna / Anne / Ann / Anni,Maarja-Magdaleena,Ann,6,4.882133333333333,0.5059238908397283,23
Anna / Anne / Ann / Anni,Helme,Anna,1,0.6117333333333334,0.4964197303469212,37
Anna / Anne / Ann / Anni,Kose,Other,2,1.4186666666666667,0.488073292495213,28
Anna / Anne / Ann / Anni,Suojärvi,Other,2,1.4186666666666667,0.488073292495213,28
Anna / Anne / Ann / Anni,Vigala,Anna,1,0.6282666666666666,0.4689855878459848,38
Anna / Anne / Ann / Anni,Jõelähtme,Ann,3,2.3349333333333333,0.43523913532509007,11
Anna / Anne / Ann / Anni,Põlva,Ann,2,1.4858666666666667,0.4217798634010578,7
Anna / Anne / Ann / Anni,Viru-Nigula,Other,2,1.52,0.3893314107138301,30
Anna / Anne / Ann / Anni,Otepää,Anne,7,6.08,0.37310926860075383,12
Anna / Anne / Ann / Anni,Risti,Anni,2,1.5701333333333334,0.34305638189577564,8
Anna / Anne / Ann / Anni,Koeru,Ann,8,7.217066666666667,0.2914368237012691,34
Anna / Anne / Ann / Anni,Otepää,Ann,3,2.5472,0.2837101642282703,12
Anna / Anne / Ann / Anni,Palamuse,Ann,3,2.5472,0.2837101642282703,12
Anna / Anne / Ann / Anni,Ilomantsi,Other,1,0.76,0.2752988806446741,15
Anna / Anne / Ann / Anni,Tarvastu,Other,3,2.584,0.2587897529325885,51
Anna / Anne / Ann / Anni,Narvusi,Other,2,1.672,0.25366217220479587,33
Anna / Anne / Ann / Anni,Karula,Anne,4,3.546666666666667,0.24071739063762804,7
Anna / Anne / Ann / Anni,Karuse,Other,1,0.8106666666666666,0.2102838516044778,16
Anna / Anne / Ann / Anni,Puhja,Anne,5,4.56,0.20604887854797285,9
Anna / Anne / Ann / Anni,Kolga-Jaani,Anu,1,0.8272,0.18999338276169028,47
Anna / Anne / Ann / Anni,Pilistvere,Ann,7,6.580266666666667,0.16362577379794205,31
Anna / Anne / Ann / Anni,Setumaa,Anne,22,21.28,0.15607979451434134,42
Anna / Anne / Ann / Anni,Sangaste,Ann,5,4.669866666666667,0.1527696686064002,22
Anna / Anne / Ann / Anni,Paistu,Anna,1,0.8597333333333333,0.15127689214682236,52
Anna / Anne / Ann / Anni,Pühalepa,Other,1,0.8613333333333333,0.1494123335191468,17
Anna / Anne / Ann / Anni,Viljandi,Ann,9,8.702933333333334,0.10069805791734672,41
Anna / Anne / Ann / Anni,Häädemeeste,Ann,2,1.9104,0.06482549697940199,9
Anna / Anne / Ann / Anni,Järva-Jaani,Ann,2,1.9104,0.06482549697940199,9
Anna / Anne / Ann / Anni,Puhja,Ann,2,1.9104,0.06482549697940199,9
Anna / Anne / Ann / Anni,Kadrina,Anna,1,1.0250666666666666,-0.02475828342167934,62
Anna / Anne / Ann / Anni,Risti,Anne,4,4.053333333333334,-0.026490647141301046,8
Anna / Anne / Ann / Anni,Karuse,Anne,8,8.106666666666667,-0.037463432463268,16
Anna / Anne / Ann / Anni,Viljandi,Other,2,2.0773333333333333,-0.05365542450227622,41
Anna / Anne / Ann / Anni,Pärnu,Ann,1,1.0613333333333332,-0.059534768074758077,5
Anna / Anne / Ann / Anni,Võnnu,Other,1,1.064,-0.06204533874635856,21
Anna / Anne / Ann / Anni,Pärnu-Jaagupi,Ann,2,2.1226666666666665,-0.08419487644405962,10
Anna / Anne / Ann / Anni,Türi,Ann,2,2.1226666666666665,-0.08419487644405962,10
Anna / Anne / Ann / Anni,Haljala,Anu,1,1.0912,-0.08730571224169308,62
Anna / Anne / Ann / Anni,Äksi,Ann,3,3.184,-0.10311724312231076,15
Anna / Anne / Ann / Anni,Lüganuse,Anni,1,1.1776,-0.1636605713319358,6
Anna / Anne / Ann / Anni,Tarvastu,Anne,25,25.84,-0.16524678982657307,51
Anna / Anne / Ann / Anni,Soikkola,Other,1,1.216,-0.1958785875297031,24
Anna / Anne / Ann / Anni,Paide,Ann,2,2.3349333333333333,-0.21919019806267565,11
Anna / Anne / Ann / Anni,Rapla,Ann,2,2.3349333333333333,-0.21919019806267565,11
Anna / Anne / Ann / Anni,Torma,Ann,2,2.3349333333333333,-0.21919019806267565,11
Anna / Anne / Ann / Anni,Saarde,Other,1,1.2666666666666666,-0.23693955110363688,25
Anna / Anne / Ann / Anni,Rannu,Anne,4,4.56,-0.2622440272428741,9
Anna / Anne / Ann / Anni,Tori,Anni,3,3.5328,-0.28346842474266326,18
Anna / Anne / Ann / Anni,Hietamäki,Anna,0,0.08266666666666667,-0.28751811537130434,5
Anna / Anne / Ann / Anni,Kontiolahti,Anna,0,0.08266666666666667,-0.28751811537130434,5
Anna / Anne / Ann / Anni,Lavansaari,Anna,0,0.08266666666666667,-0.28751811537130434,5
Anna / Anne / Ann / Anni,Pärnu,Anna,0,0.08266666666666667,-0.28751811537130434,5
Anna / Anne / Ann / Anni,Repola,Anna,0,0.08266666666666667,-0.28751811537130434,5
Anna / Anne / Ann / Anni,Tartu-Maarja,Anna,0,0.08266666666666667,-0.28751811537130434,5
Anna / Anne / Ann / Anni,Tyrö,Anna,0,0.08266666666666667,-0.28751811537130434,5
Anna / Anne / Ann / Anni,Alatornio,Anu,0,0.088,-0.2966479394838265,5
Anna / Anne / Ann / Anni,Hietamäki,Anu,0,0.088,-0.2966479394838265,5
Anna / Anne / Ann / Anni,Kontiolahti,Anu,0,0.088,-0.2966479394838265,5
Anna / Anne / Ann / Anni,Lavansaari,Anu,0,0.088,-0.2966479394838265,5
Anna / Anne / Ann / Anni,Pärnu,Anu,0,0.088,-0.2966479394838265,5
Anna / Anne / Ann / Anni,Repola,Anu,0,0.088,-0.2966479394838265,5
Anna / Anne / Ann / Anni,Tartu-Maarja,Anu,0,0.088,-0.2966479394838265,5
Anna / Anne / Ann / Anni,Tyrö,Anu,0,0.088,-0.2966479394838265,5
Anna / Anne / Ann / Anni,Viru-Nigula,Anne,14,15.2,-0.3077935056255461,30
Anna / Anne / Ann / Anni,Vändra,Ann,4,4.669866666666667,-0.30998175083948076,22
Anna / Anne / Ann / Anni,Suure-Jaani,Other,1,1.368,-0.314633361306114,27
Anna / Anne / Ann / Anni,Kanepi,Anna,0,0.0992,-0.31496031496047244,6
Anna / Anne / Ann / Anni,Lüganuse,Anna,0,0.0992,-0.31496031496047244,6
Anna / Anne / Ann / Anni,Salmi,Anna,0,0.0992,-0.31496031496047244,6
Anna / Anne / Ann / Anni,Tõstamaa,Anna,0,0.0992,-0.31496031496047244,6
Anna / Anne / Ann / Anni,Heinävesi,Anu,0,0.1056,-0.3249615361854384,6
Anna / Anne / Ann / Anni,Kanepi,Anu,0,0.1056,-0.3249615361854384,6
Anna / Anne / Ann / Anni,Liperi,Anu,0,0.1056,-0.3249615361854384,6
Anna / Anne / Ann / Anni,Salmi,Anu,0,0.1056,-0.3249615361854384,6
Anna / Anne / Ann / Anni,Hämeenlinna,Anna,0,0.11573333333333333,-0.3401960219246153,7
Anna / Anne / Ann / Anni,Iisaku,Anna,0,0.11573333333333333,-0.3401960219246153,7
Anna / Anne / Ann / Anni,Karula,Anna,0,0.11573333333333333,-0.3401960219246153,7
Anna / Anne / Ann / Anni,Lempaala,Anna,0,0.11573333333333333,-0.3401960219246153,7
Anna / Anne / Ann / Anni,Mustjala,Anna,0,0.11573333333333333,-0.3401960219246153,7
Anna / Anne / Ann / Anni,Märjamaa,Anna,0,0.11573333333333333,-0.3401960219246153,7
Anna / Anne / Ann / Anni,Põlva,Anna,0,0.11573333333333333,-0.3401960219246153,7
Anna / Anne / Ann / Anni,Rovaniemi,Anna,0,0.11573333333333333,-0.3401960219246153,7
Anna / Anne / Ann / Anni,Harju-Jaani,Ann,2,2.5472,-0.34285821966808655,12
Anna / Anne / Ann / Anni,Jõhvi,Anne,10,11.146666666666667,-0.3434509174472748,22
Anna / Anne / Ann / Anni,Hämeenlinna,Anu,0,0.1232,-0.3509985754956849,7
Anna / Anne / Ann / Anni,Iisaku,Anu,0,0.1232,-0.3509985754956849,7
Anna / Anne / Ann / Anni,Lempaala,Anu,0,0.1232,-0.3509985754956849,7
Anna / Anne / Ann / Anni,Mustjala,Anu,0,0.1232,-0.3509985754956849,7
Anna / Anne / Ann / Anni,Märjamaa,Anu,0,0.1232,-0.3509985754956849,7
Anna / Anne / Ann / Anni,Põlva,Anu,0,0.1232,-0.3509985754956849,7
Anna / Anne / Ann / Anni,Rovaniemi,Anu,0,0.1232,-0.3509985754956849,7
Anna / Anne / Ann / Anni,Urvaste,Other,1,1.4186666666666667,-0.3515023253291214,28
Anna / Anne / Ann / Anni,Järva-Madise,Anna,0,0.13226666666666667,-0.36368484525295613,8
Anna / Anne / Ann / Anni,Jüri,Anna,0,0.13226666666666667,-0.36368484525295613,8
Anna / Anne / Ann / Anni,Korpiselkä,Anna,0,0.13226666666666667,-0.36368484525295613,8
Anna / Anne / Ann / Anni,Kõpu,Anna,0,0.13226666666666667,-0.36368484525295613,8
Anna / Anne / Ann / Anni,Ridala,Anna,0,0.13226666666666667,-0.36368484525295613,8
Anna / Anne / Ann / Anni,Risti,Anna,0,0.13226666666666667,-0.36368484525295613,8
Anna / Anne / Ann / Anni,Rõngu,Anna,0,0.13226666666666667,-0.36368484525295613,8
Anna / Anne / Ann / Anni,Seiskari,Anna,0,0.13226666666666667,-0.36368484525295613,8
Anna / Anne / Ann / Anni,Skuoritsa,Anna,0,0.13226666666666667,-0.36368484525295613,8
Anna / Anne / Ann / Anni,Toksova,Anna,0,0.13226666666666667,-0.36368484525295613,8
Anna / Anne / Ann / Anni,Tori,Anne,8,9.12,-0.370869059978212,18
Anna / Anne / Ann / Anni,Järva-Madise,Anu,0,0.1408,-0.3752332607858744,8
Anna / Anne / Ann / Anni,Jüri,Anu,0,0.1408,-0.3752332607858744,8
Anna / Anne / Ann / Anni,Korpiselkä,Anu,0,0.1408,-0.3752332607858744,8
Anna / Anne / Ann / Anni,Kõpu,Anu,0,0.1408,-0.3752332607858744,8
Anna / Anne / Ann / Anni,Ridala,Anu,0,0.1408,-0.3752332607858744,8
Anna / Anne / Ann / Anni,Risti,Anu,0,0.1408,-0.3752332607858744,8
Anna / Anne / Ann / Anni,Rõngu,Anu,0,0.1408,-0.3752332607858744,8
Anna / Anne / Ann / Anni,Seiskari,Anu,0,0.1408,-0.3752332607858744,8
Anna / Anne / Ann / Anni,Skuoritsa,Anu,0,0.1408,-0.3752332607858744,8
Anna / Anne / Ann / Anni,Toksova,Anu,0,0.1408,-0.3752332607858744,8
Anna / Anne / Ann / Anni,Häädemeeste,Anna,0,0.1488,-0.3857460304397182,9
Anna / Anne / Ann / Anni,Järva-Jaani,Anna,0,0.1488,-0.3857460304397182,9
Anna / Anne / Ann / Anni,Kuusamo,Anna,0,0.1488,-0.3857460304397182,9
Anna / Anne / Ann / Anni,Moloskovitsa,Anna,0,0.1488,-0.3857460304397182,9
Anna / Anne / Ann / Anni,Nõo,Anna,0,0.1488,-0.3857460304397182,9
Anna / Anne / Ann / Anni,Puhja,Anna,0,0.1488,-0.3857460304397182,9
Anna / Anne / Ann / Anni,Rannu,Anna,0,0.1488,-0.3857460304397182,9
Anna / Anne / Ann / Anni,Rõuge,Anna,0,0.1488,-0.3857460304397182,9
Anna / Anne / Ann / Anni,Sakkola,Anna,0,0.1488,-0.3857460304397182,9
Anna / Anne / Ann / Anni,Vaivara,Anna,0,0.1488,-0.3857460304397182,9
Anna / Anne / Ann / Anni,Karksi,Other,2,2.6346666666666665,-0.39100548608484764,52
Anna / Anne / Ann / Anni,Paistu,Other,2,2.6346666666666665,-0.39100548608484764,52
Anna / Anne / Ann / Anni,Häädemeeste,Anu,0,0.1584,-0.397994974842648,9
Anna / Anne / Ann / Anni,Kuusamo,Anu,0,0.1584,-0.397994974842648,9
Anna / Anne / Ann / Anni,Moloskovitsa,Anu,0,0.1584,-0.397994974842648,9
Anna / Anne / Ann / Anni,Nõo,Anu,0,0.1584,-0.397994974842648,9
Anna / Anne / Ann / Anni,Rõuge,Anu,0,0.1584,-0.397994974842648,9
Anna / Anne / Ann / Anni,Sakkola,Anu,0,0.1584,-0.397994974842648,9
Anna / Anne / Ann / Anni,Vaivara,Anu,0,0.1584,-0.397994974842648,9
Anna / Anne / Ann / Anni,Karula,Ann,1,1.4858666666666667,-0.3985907215335723,7
Anna / Anne / Ann / Anni,Mustjala,Ann,1,1.4858666666666667,-0.3985907215335723,7
Anna / Anne / Ann / Anni,Märjamaa,Ann,1,1.4858666666666667,-0.3985907215335723,7
Anna / Anne / Ann / Anni,Hargla,Anna,0,0.16533333333333333,-0.40661201818605086,10
Anna / Anne / Ann / Anni,Kaprio,Anna,0,0.16533333333333333,-0.40661201818605086,10
Anna / Anne / Ann / Anni,Karja,Anna,0,0.16533333333333333,-0.40661201818605086,10
Anna / Anne / Ann / Anni,Kodavere,Anna,0,0.16533333333333333,-0.40661201818605086,10
Anna / Anne / Ann / Anni,Käina,Anna,0,0.16533333333333333,-0.40661201818605086,10
Anna / Anne / Ann / Anni,Pärnu-Jaagupi,Anna,0,0.16533333333333333,-0.40661201818605086,10
Anna / Anne / Ann / Anni,Türi,Anna,0,0.16533333333333333,-0.40661201818605086,10
Anna / Anne / Ann / Anni,Vuokkiniemi,Anna,0,0.16533333333333333,-0.40661201818605086,10
Anna / Anne / Ann / Anni,Hargla,Anu,0,0.176,-0.4195235392680606,10
Anna / Anne / Ann / Anni,Kaprio,Anu,0,0.176,-0.4195235392680606,10
Anna / Anne / Ann / Anni,Karja,Anu,0,0.176,-0.4195235392680606,10
Anna / Anne / Ann / Anni,Kodavere,Anu,0,0.176,-0.4195235392680606,10
Anna / Anne / Ann / Anni,Käina,Anu,0,0.176,-0.4195235392680606,10
Anna / Anne / Ann / Anni,Pärnu-Jaagupi,Anu,0,0.176,-0.4195235392680606,10
Anna / Anne / Ann / Anni,Türi,Anu,0,0.176,-0.4195235392680606,10
Anna / Anne / Ann / Anni,Vuokkiniemi,Anu,0,0.176,-0.4195235392680606,10
Anna / Anne / Ann / Anni,Koivisto,Anna,0,0.18186666666666668,-0.4264582824458527,11
Anna / Anne / Ann / Anni,Kursi,Anna,0,0.18186666666666668,-0.4264582824458527,11
Anna / Anne / Ann / Anni,Paide,Anna,0,0.18186666666666668,-0.4264582824458527,11
Anna / Anne / Ann / Anni,Rapla,Anna,0,0.18186666666666668,-0.4264582824458527,11
Anna / Anne / Ann / Anni,Simuna,Anna,0,0.18186666666666668,-0.4264582824458527,11
Anna / Anne / Ann / Anni,Torma,Anna,0,0.18186666666666668,-0.4264582824458527,11
Anna / Anne / Ann / Anni,Harju-Jaani,Anne,5,6.08,-0.4379978370530589,12
Anna / Anne / Ann / Anni,Jõelähtme,Anu,0,0.1936,-0.44,11
Anna / Anne / Ann / Anni,Koivisto,Anu,0,0.1936,-0.44,11
Anna / Anne / Ann / Anni,Paide,Anu,0,0.1936,-0.44,11
Anna / Anne / Ann / Anni,Rapla,Anu,0,0.1936,-0.44,11
Anna / Anne / Ann / Anni,Simuna,Anu,0,0.1936,-0.44,11
Anna / Anne / Ann / Anni,Torma,Anu,0,0.1936,-0.44,11
Anna / Anne / Ann / Anni,Viru-Jaagupi,Anu,0,0.1936,-0.44,11
Anna / Anne / Ann / Anni,Otepää,Anna,0,0.1984,-0.4454211490264018,12
Anna / Anne / Ann / Anni,Palamuse,Anna,0,0.1984,-0.4454211490264018,12
Anna / Anne / Ann / Anni,Otepää,Anu,0,0.2112,-0.45956501172304226,12
Anna / Anne / Ann / Anni,Palamuse,Anu,0,0.2112,-0.45956501172304226,12
Anna / Anne / Ann / Anni,Koprina,Anna,0,0.21493333333333334,-0.463609030685699,13
Anna / Anne / Ann / Anni,Karja,Anne,4,5.066666666666666,-0.47387910220727375,10
Anna / Anne / Ann / Anni,Koprina,Anu,0,0.2288,-0.4783304297240559,13
Anna / Anne / Ann / Anni,Varbla,Anna,0,0.23146666666666665,-0.4811098280711657,14
Anna / Anne / Ann / Anni,Väike-Maarja,Ann,4,5.0944,-0.4848747442257018,24
Anna / Anne / Ann / Anni,Varbla,Anu,0,0.2464,-0.4963869458396343,14
Anna / Anne / Ann / Anni,Audru,Anna,0,0.248,-0.4979959839195493,15
Anna / Anne / Ann / Anni,Äksi,Anna,0,0.248,-0.4979959839195493,15
Anna / Anne / Ann / Anni,Alatornio,Other,0,0.25333333333333335,-0.5033222956847166,5
Anna / Anne / Ann / Anni,Hietamäki,Other,0,0.25333333333333335,-0.5033222956847166,5
Anna / Anne / Ann / Anni,Kontiolahti,Other,0,0.25333333333333335,-0.5033222956847166,5
Anna / Anne / Ann / Anni,Lavansaari,Other,0,0.25333333333333335,-0.5033222956847166,5
Anna / Anne / Ann / Anni,Pärnu,Other,0,0.25333333333333335,-0.5033222956847166,5
Anna / Anne / Ann / Anni,Repola,Other,0,0.25333333333333335,-0.5033222956847166,5
Anna / Anne / Ann / Anni,Tartu-Maarja,Other,0,0.25333333333333335,-0.5033222956847166,5
Anna / Anne / Ann / Anni,Tyrö,Other,0,0.25333333333333335,-0.5033222956847166,5
Anna / Anne / Ann / Anni,Audru,Anu,0,0.264,-0.5138093031466051,15
Anna / Anne / Ann / Anni,Ilomantsi,Anu,0,0.264,-0.5138093031466051,15
Anna / Anne / Ann / Anni,Äksi,Anu,0,0.264,-0.5138093031466051,15
Anna / Anne / Ann / Anni,Karuse,Anna,0,0.26453333333333334,-0.514328040586291,16
Anna / Anne / Ann / Anni,Paatene,Anna,0,0.26453333333333334,-0.514328040586291,16
Anna / Anne / Ann / Anni,Pühalepa,Anna,0,0.2810666666666667,-0.5301572093885611,17
Anna / Anne / Ann / Anni,Karuse,Anu,0,0.2816,-0.530659966456864,16
Anna / Anne / Ann / Anni,Paatene,Anu,0,0.2816,-0.530659966456864,16
Anna / Anne / Ann / Anni,Peetri,Anu,0,0.2816,-0.530659966456864,16
Anna / Anne / Ann / Anni,Jüri,Ann,1,1.6981333333333333,-0.535738035686353,8
Anna / Anne / Ann / Anni,Korpiselkä,Ann,1,1.6981333333333333,-0.535738035686353,8
Anna / Anne / Ann / Anni,Kõpu,Ann,1,1.6981333333333333,-0.535738035686353,8
Anna / Anne / Ann / Anni,Rõngu,Ann,1,1.6981333333333333,-0.535738035686353,8
Anna / Anne / Ann / Anni,Laiuse,Anna,0,0.2976,-0.5455272678794343,18
Anna / Anne / Ann / Anni,Tori,Anna,0,0.2976,-0.5455272678794343,18
Anna / Anne / Ann / Anni,Koeru,Other,1,1.7226666666666666,-0.5506015098996899,34
Anna / Anne / Ann / Anni,Heinävesi,Other,0,0.304,-0.5513619500836089,6
Anna / Anne / Ann / Anni,Kanepi,Other,0,0.304,-0.5513619500836089,6
Anna / Anne / Ann / Anni,Lüganuse,Other,0,0.304,-0.5513619500836089,6
Anna / Anne / Ann / Anni,Salmi,Other,0,0.304,-0.5513619500836089,6
Anna / Anne / Ann / Anni,Tori,Anu,0,0.3168,-0.5628498911788116,18
Anna / Anne / Ann / Anni,Kontokki,Anna,0,0.33066666666666666,-0.5750362307426087,20
Anna / Anne / Ann / Anni,Urvaste,Anne,12,14.186666666666667,-0.5805537068319269,28
Anna / Anne / Ann / Anni,Võnnu,Anna,0,0.3472,-0.5892367945062494,21
Anna / Anne / Ann / Anni,Kontokki,Anu,0,0.352,-0.593295878967653,20
Anna / Anne / Ann / Anni,Iisaku,Other,0,0.3546666666666667,-0.5955389715767279,7
Anna / Anne / Ann / Anni,Mustjala,Other,0,0.3546666666666667,-0.5955389715767279,7
Anna / Anne / Ann / Anni,Märjamaa,Other,0,0.3546666666666667,-0.5955389715767279,7
Anna / Anne / Ann / Anni,Põlva,Other,0,0.3546666666666667,-0.5955389715767279,7
Anna / Anne / Ann / Anni,Rovaniemi,Other,0,0.3546666666666667,-0.5955389715767279,7
Anna / Anne / Ann / Anni,Pöide,Anna,0,0.36373333333333335,-0.6031030868212609,22
Anna / Anne / Ann / Anni,Sangaste,Anna,0,0.36373333333333335,-0.6031030868212609,22
Anna / Anne / Ann / Anni,Vändra,Anna,0,0.36373333333333335,-0.6031030868212609,22
Anna / Anne / Ann / Anni,Vuole,Anu,0,0.3696,-0.6079473661428265,21
Anna / Anne / Ann / Anni,Võnnu,Anu,0,0.3696,-0.6079473661428265,21
Anna / Anne / Ann / Anni,Jõhvi,Anu,0,0.3872,-0.6222539674441618,22
Anna / Anne / Ann / Anni,Vändra,Anu,0,0.3872,-0.6222539674441618,22
Anna / Anne / Ann / Anni,Soikkola,Anna,0,0.3968,-0.6299206299209449,24
Anna / Anne / Ann / Anni,Väike-Maarja,Anna,0,0.3968,-0.6299206299209449,24
Anna / Anne / Ann / Anni,Maarja-Magdaleena,Anu,0,0.4048,-0.6362389488234746,23
Anna / Anne / Ann / Anni,Järva-Madise,Other,0,0.4053333333333333,-0.6366579406033771,8
Anna / Anne / Ann / Anni,Jüri,Other,0,0.4053333333333333,-0.6366579406033771,8
Anna / Anne / Ann / Anni,Korpiselkä,Other,0,0.4053333333333333,-0.6366579406033771,8
Anna / Anne / Ann / Anni,Kõpu,Other,0,0.4053333333333333,-0.6366579406033771,8
Anna / Anne / Ann / Anni,Rõngu,Other,0,0.4053333333333333,-0.6366579406033771,8
Anna / Anne / Ann / Anni,Seiskari,Other,0,0.4053333333333333,-0.6366579406033771,8
Anna / Anne / Ann / Anni,Skuoritsa,Other,0,0.4053333333333333,-0.6366579406033771,8
Anna / Anne / Ann / Anni,Toksova,Other,0,0.4053333333333333,-0.6366579406033771,8
Anna / Anne / Ann / Anni,Saarde,Anna,0,0.41333333333333333,-0.6429100507328637,25
Anna / Anne / Ann / Anni,Peetri,Anni,2,3.1402666666666668,-0.6434623847434364,16
Anna / Anne / Ann / Anni,Haljala,Other,2,3.1413333333333333,-0.6439549559447424,62
Anna / Anne / Ann / Anni,Soikkola,Anu,0,0.4224,-0.6499230723708768,24
Anna / Anne / Ann / Anni,Väike-Maarja,Anu,0,0.4224,-0.6499230723708768,24
Anna / Anne / Ann / Anni,Rannu,Ann,1,1.9104,-0.6586733532371388,9
Anna / Anne / Ann / Anni,Vaivara,Ann,1,1.9104,-0.6586733532371388,9
Anna / Anne / Ann / Anni,Saarde,Anu,0,0.44,-0.66332495807108,25
Anna / Anne / Ann / Anni,Jõelähtme,Anne,4,5.573333333333333,-0.6664433437753878,11
Anna / Anne / Ann / Anni,Vigala,Other,1,1.9253333333333333,-0.6668762366817286,38
Anna / Anne / Ann / Anni,Suure-Jaani,Anna,0,0.4464,-0.6681317235396027,27
Anna / Anne / Ann / Anni,Häädemeeste,Other,0,0.456,-0.6752777206453653,9
Anna / Anne / Ann / Anni,Järva-Jaani,Other,0,0.456,-0.6752777206453653,9
Anna / Anne / Ann / Anni,Kuusamo,Other,0,0.456,-0.6752777206453653,9
Anna / Anne / Ann / Anni,Moloskovitsa,Other,0,0.456,-0.6752777206453653,9
Anna / Anne / Ann / Anni,Puhja,Other,0,0.456,-0.6752777206453653,9
Anna / Anne / Ann / Anni,Vaivara,Other,0,0.456,-0.6752777206453653,9
Anna / Anne / Ann / Anni,Halliste,Anna,0,0.4629333333333333,-0.6803920438492306,28
Anna / Anne / Ann / Anni,Kose,Anna,0,0.4629333333333333,-0.6803920438492306,28
Anna / Anne / Ann / Anni,Ambla,Anu,0,0.4752,-0.6893475175845635,27
Anna / Anne / Ann / Anni,Suure-Jaani,Anu,0,0.4752,-0.6893475175845635,27
Anna / Anne / Ann / Anni,Halliste,Anu,0,0.4928,-0.7019971509913698,28
Anna / Anne / Ann / Anni,Kose,Anu,0,0.4928,-0.7019971509913698,28
Anna / Anne / Ann / Anni,Suojärvi,Anu,0,0.4928,-0.7019971509913698,28
Anna / Anne / Ann / Anni,Viru-Nigula,Anna,0,0.496,-0.7042726744663604,30
Anna / Anne / Ann / Anni,Kaprio,Other,0,0.5066666666666667,-0.7118052168020875,10
Anna / Anne / Ann / Anni,Karja,Other,0,0.5066666666666667,-0.7118052168020875,10
Anna / Anne / Ann / Anni,Kodavere,Other,0,0.5066666666666667,-0.7118052168020875,10
Anna / Anne / Ann / Anni,Käina,Other,0,0.5066666666666667,-0.7118052168020875,10
Anna / Anne / Ann / Anni,Pärnu-Jaagupi,Other,0,0.5066666666666667,-0.7118052168020875,10
Anna / Anne / Ann / Anni,Türi,Other,0,0.5066666666666667,-0.7118052168020875,10
Anna / Anne / Ann / Anni,Vuokkiniemi,Other,0,0.5066666666666667,-0.7118052168020875,10
Anna / Anne / Ann / Anni,Tulemajärvi,Anu,0,0.528,-0.7266360849833979,30
Anna / Anne / Ann / Anni,Muhu,Anna,0,0.5290666666666667,-0.7273696905059123,32
Anna / Anne / Ann / Anni,Suistamo,Anna,0,0.5290666666666667,-0.7273696905059123,32
Anna / Anne / Ann / Anni,Järva-Jaani,Anne,3,4.56,-0.7305369330337211,9
Anna / Anne / Ann / Anni,Narvusi,Anna,0,0.5456,-0.7386474125047755,33
Anna / Anne / Ann / Anni,Pilistvere,Anu,0,0.5456,-0.7386474125047755,31
Anna / Anne / Ann / Anni,Koivisto,Other,0,0.5573333333333333,-0.7465476095557023,11
Anna / Anne / Ann / Anni,Kursi,Other,0,0.5573333333333333,-0.7465476095557023,11
Anna / Anne / Ann / Anni,Paide,Other,0,0.5573333333333333,-0.7465476095557023,11
Anna / Anne / Ann / Anni,Rapla,Other,0,0.5573333333333333,-0.7465476095557023,11
Anna / Anne / Ann / Anni,Torma,Other,0,0.5573333333333333,-0.7465476095557023,11
Anna / Anne / Ann / Anni,Põltsamaa,Other,1,2.0773333333333333,-0.7474755689282625,41
Anna / Anne / Ann / Anni,Koeru,Anna,0,0.5621333333333334,-0.749755515707176,34
Anna / Anne / Ann / Anni,Muhu,Anu,0,0.5632,-0.7504665215717488,32
Anna / Anne / Ann / Anni,Kodavere,Ann,1,2.1226666666666665,-0.7705661518032424,10
Anna / Anne / Ann / Anni,Koeru,Anu,0,0.5984,-0.7735631842325487,34
Anna / Anne / Ann / Anni,Palamuse,Other,0,0.608,-0.7797435475847171,12
Anna / Anne / Ann / Anni,Helme,Anu,0,0.6512,-0.8069696400732806,37
Anna / Anne / Ann / Anni,Kuusalu,Anu,0,0.6512,-0.8069696400732806,37
Anna / Anne / Ann / Anni,Võnnu,Anne,8,10.64,-0.809343928120155,21
Anna / Anne / Ann / Anni,Koprina,Other,0,0.6586666666666666,-0.811582815655104,13
Anna / Anne / Ann / Anni,Vigala,Anu,0,0.6688,-0.8178019320104349,38
Anna / Anne / Ann / Anni,Põltsamaa,Anna,0,0.6778666666666666,-0.8233265856673564,41
Anna / Anne / Ann / Anni,Viljandi,Anna,0,0.6778666666666666,-0.8233265856673564,41
Anna / Anne / Ann / Anni,Setumaa,Anna,0,0.6944,-0.8333066662399863,42
Anna / Anne / Ann / Anni,Varbla,Other,0,0.7093333333333334,-0.8422192905255338,14
Anna / Anne / Ann / Anni,Viljandi,Anu,0,0.7216,-0.8494704232638121,41
Anna / Anne / Ann / Anni,Setumaa,Anu,0,0.7392,-0.859767410408187,42
Anna / Anne / Ann / Anni,Äksi,Other,0,0.76,-0.8717797887081348,15
Anna / Anne / Ann / Anni,Kursi,Ann,1,2.3349333333333333,-0.8736195314504414,11
Anna / Anne / Ann / Anni,Kolga-Jaani,Anna,0,0.7770666666666667,-0.8815138493901651,47
Anna / Anne / Ann / Anni,Paatene,Other,0,0.8106666666666666,-0.9003702941938203,16
Anna / Anne / Ann / Anni,Peetri,Other,0,0.8106666666666666,-0.9003702941938203,16
Anna / Anne / Ann / Anni,Tarvastu,Anna,0,0.8432,-0.9182592226599197,51
Anna / Anne / Ann / Anni,Karksi,Anna,0,0.8597333333333333,-0.927218061371398,52
Anna / Anne / Ann / Anni,Laiuse,Ann,2,3.8208,-0.9315047893217261,18
Anna / Anne / Ann / Anni,Audru,Anne,5,7.6,-0.9431191251430151,15
Anna / Anne / Ann / Anni,Tarvastu,Anu,0,0.8976,-0.947417542586161,51
Anna / Anne / Ann / Anni,Laiuse,Other,0,0.912,-0.9549869109050657,18
Anna / Anne / Ann / Anni,Tori,Other,0,0.912,-0.9549869109050657,18
Anna / Anne / Ann / Anni,Karksi,Anu,0,0.9152,-0.9566608594481119,52
Anna / Anne / Ann / Anni,Paistu,Anu,0,0.9152,-0.9566608594481119,52
Anna / Anne / Ann / Anni,Pärnu,Anni,0,0.9813333333333333,-0.9906226997870244,5
Anna / Anne / Ann / Anni,Tartu-Maarja,Anni,0,0.9813333333333333,-0.9906226997870244,5
Anna / Anne / Ann / Anni,Kontokki,Other,0,1.0133333333333334,-1.0066445913694333,20
Anna / Anne / Ann / Anni,Alatornio,Ann,0,1.0613333333333332,-1.0302103345110325,5
Anna / Anne / Ann / Anni,Hietamäki,Ann,0,1.0613333333333332,-1.0302103345110325,5
Anna / Anne / Ann / Anni,Kontiolahti,Ann,0,1.0613333333333332,-1.0302103345110325,5
Anna / Anne / Ann / Anni,Lavansaari,Ann,0,1.0613333333333332,-1.0302103345110325,5
Anna / Anne / Ann / Anni,Repola,Ann,0,1.0613333333333332,-1.0302103345110325,5
Anna / Anne / Ann / Anni,Tartu-Maarja,Ann,0,1.0613333333333332,-1.0302103345110325,5
Anna / Anne / Ann / Anni,Tyrö,Ann,0,1.0613333333333332,-1.0302103345110325,5
Anna / Anne / Ann / Anni,Vuole,Other,0,1.064,-1.0315037566582101,21
Anna / Anne / Ann / Anni,Kadrina,Anu,0,1.0912,-1.0446051885760474,62
Anna / Anne / Ann / Anni,Muhu,Anne,12,16.213333333333335,-1.0463805620813849,32
Anna / Anne / Ann / Anni,Pöide,Other,0,1.1146666666666667,-1.0557777543908882,22
Anna / Anne / Ann / Anni,Maarja-Magdaleena,Other,0,1.1653333333333333,-1.0795060598872679,23
Anna / Anne / Ann / Anni,Kanepi,Anni,0,1.1776,-1.085172797300043,6
Anna / Anne / Ann / Anni,Tõstamaa,Anni,0,1.1776,-1.085172797300043,6
Anna / Anne / Ann / Anni,Viru-Jaagupi,Anne,3,5.573333333333333,-1.0900302148190666,11
Anna / Anne / Ann / Anni,Peetri,Anne,5,8.106666666666667,-1.0911224704926736,16
Anna / Anne / Ann / Anni,Väike-Maarja,Other,0,1.216,-1.1027239001672178,24
Anna / Anne / Ann / Anni,Heinävesi,Ann,0,1.2736,-1.1285388783732708,6
Anna / Anne / Ann / Anni,Kanepi,Ann,0,1.2736,-1.1285388783732708,6
Anna / Anne / Ann / Anni,Liperi,Ann,0,1.2736,-1.1285388783732708,6
Anna / Anne / Ann / Anni,Lüganuse,Ann,0,1.2736,-1.1285388783732708,6
Anna / Anne / Ann / Anni,Salmi,Ann,0,1.2736,-1.1285388783732708,6
Anna / Anne / Ann / Anni,Tõstamaa,Ann,0,1.2736,-1.1285388783732708,6
Anna / Anne / Ann / Anni,Haljala,Ann,9,13.160533333333333,-1.1468648994710455,62
Anna / Anne / Ann / Anni,Ambla,Other,0,1.368,-1.1696153213770757,27
Anna / Anne / Ann / Anni,Iisaku,Anni,0,1.3738666666666666,-1.1721205853779153,7
Anna / Anne / Ann / Anni,Karula,Anni,0,1.3738666666666666,-1.1721205853779153,7
Anna / Anne / Ann / Anni,Mustjala,Anni,0,1.3738666666666666,-1.1721205853779153,7
Anna / Anne / Ann / Anni,Märjamaa,Anni,0,1.3738666666666666,-1.1721205853779153,7
Anna / Anne / Ann / Anni,Põlva,Anni,0,1.3738666666666666,-1.1721205853779153,7
Anna / Anne / Ann / Anni,Halliste,Other,0,1.4186666666666667,-1.1910779431534557,28
Anna / Anne / Ann / Anni,Kadrina,Other,1,3.1413333333333333,-1.2081678262234303,62
Anna / Anne / Ann / Anni,Paistu,Ann,7,11.037866666666666,-1.2153724912503496,52
Anna / Anne / Ann / Anni,Hämeenlinna,Ann,0,1.4858666666666667,-1.2189613064682023,7
Anna / Anne / Ann / Anni,Iisaku,Ann,0,1.4858666666666667,-1.2189613064682023,7
Anna / Anne / Ann / Anni,Lempaala,Ann,0,1.4858666666666667,-1.2189613064682023,7
Anna / Anne / Ann / Anni,Rovaniemi,Ann,0,1.4858666666666667,-1.2189613064682023,7
Anna / Anne / Ann / Anni,Pöide,Anne,7,11.146666666666667,-1.2420143642570054,22
Anna / Anne / Ann / Anni,Järva-Madise,Anni,0,1.5701333333333334,-1.2530496132768778,8
Anna / Anne / Ann / Anni,Jüri,Anni,0,1.5701333333333334,-1.2530496132768778,8
Anna / Anne / Ann / Anni,Kõpu,Anni,0,1.5701333333333334,-1.2530496132768778,8
Anna / Anne / Ann / Anni,Ridala,Anni,0,1.5701333333333334,-1.2530496132768778,8
Anna / Anne / Ann / Anni,Rõngu,Anni,0,1.5701333333333334,-1.2530496132768778,8
Anna / Anne / Ann / Anni,Järva-Madise,Ann,0,1.6981333333333333,-1.3031244504395325,8
Anna / Anne / Ann / Anni,Risti,Ann,0,1.6981333333333333,-1.3031244504395325,8
Anna / Anne / Ann / Anni,Seiskari,Ann,0,1.6981333333333333,-1.3031244504395325,8
Anna / Anne / Ann / Anni,Skuoritsa,Ann,0,1.6981333333333333,-1.3031244504395325,8
Anna / Anne / Ann / Anni,Toksova,Ann,0,1.6981333333333333,-1.3031244504395325,8
Anna / Anne / Ann / Anni,Häädemeeste,Anni,0,1.7664,-1.329059818066892,9
Anna / Anne / Ann / Anni,Järva-Jaani,Anni,0,1.7664,-1.329059818066892,9
Anna / Anne / Ann / Anni,Nõo,Anni,0,1.7664,-1.329059818066892,9
Anna / Anne / Ann / Anni,Puhja,Anni,0,1.7664,-1.329059818066892,9
Anna / Anne / Ann / Anni,Rannu,Anni,0,1.7664,-1.329059818066892,9
Anna / Anne / Ann / Anni,Vaivara,Anni,0,1.7664,-1.329059818066892,9
Anna / Anne / Ann / Anni,Helme,Other,0,1.8746666666666667,-1.3691846722289387,37
Anna / Anne / Ann / Anni,Kuusalu,Other,0,1.8746666666666667,-1.3691846722289387,37
Anna / Anne / Ann / Anni,Kuusalu,Ann,4,7.853866666666667,-1.3751653570229803,37
Anna / Anne / Ann / Anni,Kuusamo,Ann,0,1.9104,-1.3821722034536796,9
Anna / Anne / Ann / Anni,Moloskovitsa,Ann,0,1.9104,-1.3821722034536796,9
Anna / Anne / Ann / Anni,Nõo,Ann,0,1.9104,-1.3821722034536796,9
Anna / Anne / Ann / Anni,Sakkola,Ann,0,1.9104,-1.3821722034536796,9
Anna / Anne / Ann / Anni,Hargla,Anni,0,1.9626666666666666,-1.4009520572334608,10
Anna / Anne / Ann / Anni,Karja,Anni,0,1.9626666666666666,-1.4009520572334608,10
Anna / Anne / Ann / Anni,Kodavere,Anni,0,1.9626666666666666,-1.4009520572334608,10
Anna / Anne / Ann / Anni,Käina,Anni,0,1.9626666666666666,-1.4009520572334608,10
Anna / Anne / Ann / Anni,Pärnu-Jaagupi,Anni,0,1.9626666666666666,-1.4009520572334608,10
Anna / Anne / Ann / Anni,Türi,Anni,0,1.9626666666666666,-1.4009520572334608,10
Anna / Anne / Ann / Anni,Hargla,Ann,0,2.1226666666666665,-1.4569374271624251,10
Anna / Anne / Ann / Anni,Kaprio,Ann,0,2.1226666666666665,-1.4569374271624251,10
Anna / Anne / Ann / Anni,Vuokkiniemi,Ann,0,2.1226666666666665,-1.4569374271624251,10
Anna / Anne / Ann / Anni,Jõelähtme,Anni,0,2.158933333333333,-1.4693309134886305,11
Anna / Anne / Ann / Anni,Kursi,Anni,0,2.158933333333333,-1.4693309134886305,11
Anna / Anne / Ann / Anni,Paide,Anni,0,2.158933333333333,-1.4693309134886305,11
Anna / Anne / Ann / Anni,Rapla,Anni,0,2.158933333333333,-1.4693309134886305,11
Anna / Anne / Ann / Anni,Simuna,Anni,0,2.158933333333333,-1.4693309134886305,11
Anna / Anne / Ann / Anni,Torma,Anni,0,2.158933333333333,-1.4693309134886305,11
Anna / Anne / Ann / Anni,Viru-Jaagupi,Anni,0,2.158933333333333,-1.4693309134886305,11
Anna / Anne / Ann / Anni,Ridala,Anne,1,4.053333333333334,-1.5165895488394754,8
Anna / Anne / Ann / Anni,Koivisto,Ann,0,2.3349333333333333,-1.5280488648382071,11
Anna / Anne / Ann / Anni,Simuna,Ann,0,2.3349333333333333,-1.5280488648382071,11
Anna / Anne / Ann / Anni,Harju-Jaani,Anni,0,2.3552,-1.5346660874600704,12
Anna / Anne / Ann / Anni,Otepää,Anni,0,2.3552,-1.5346660874600704,12
Anna / Anne / Ann / Anni,Palamuse,Anni,0,2.3552,-1.5346660874600704,12
Anna / Anne / Ann / Anni,Varbla,Anne,3,7.093333333333334,-1.5369223551678,14
Anna / Anne / Ann / Anni,Kolga-Jaani,Other,0,2.3813333333333335,-1.5431569373635767,47
Anna / Anne / Ann / Anni,Kuusalu,Anni,3,7.261866666666666,-1.581523768545371,37
Anna / Anne / Ann / Anni,Alatornio,Anne,0,2.533333333333333,-1.591644851508443,5
Anna / Anne / Ann / Anni,Hietamäki,Anne,0,2.533333333333333,-1.591644851508443,5
Anna / Anne / Ann / Anni,Kontiolahti,Anne,0,2.533333333333333,-1.591644851508443,5
Anna / Anne / Ann / Anni,Lavansaari,Anne,0,2.533333333333333,-1.591644851508443,5
Anna / Anne / Ann / Anni,Repola,Anne,0,2.533333333333333,-1.591644851508443,5
Anna / Anne / Ann / Anni,Tyrö,Anne,0,2.533333333333333,-1.591644851508443,5
Anna / Anne / Ann / Anni,Viru-Nigula,Anni,2,5.888,-1.6022945503517623,30
Anna / Anne / Ann / Anni,Halliste,Ann,2,5.943466666666667,-1.6175520280017746,28
Anna / Anne / Ann / Anni,Varbla,Anni,0,2.747733333333333,-1.657628828578139,14
Anna / Anne / Ann / Anni,Koprina,Ann,0,2.7594666666666665,-1.6611642503577624,13
Anna / Anne / Ann / Anni,Audru,Anni,0,2.944,-1.7158088471621773,15
Anna / Anne / Ann / Anni,Äksi,Anni,0,2.944,-1.7158088471621773,15
Anna / Anne / Ann / Anni,Heinävesi,Anne,0,3.04,-1.7435595774162695,6
Anna / Anne / Ann / Anni,Liperi,Anne,0,3.04,-1.7435595774162695,6
Anna / Anne / Ann / Anni,Salmi,Anne,0,3.04,-1.7435595774162695,6
Anna / Anne / Ann / Anni,Karuse,Anni,0,3.1402666666666668,-1.7720797574225227,16
Anna / Anne / Ann / Anni,Ilomantsi,Ann,0,3.184,-1.7843766418556368,15
Anna / Anne / Ann / Anni,Pühalepa,Anni,0,3.336533333333333,-1.8266180042179956,17
Anna / Anne / Ann / Anni,Paatene,Ann,0,3.3962666666666665,-1.8428962712715729,16
Anna / Anne / Ann / Anni,Saarde,Ann,1,5.306666666666667,-1.8695210289595414,25
Anna / Anne / Ann / Anni,Laiuse,Anni,0,3.5328,-1.879574419915317,18
Anna / Anne / Ann / Anni,Hämeenlinna,Anne,0,3.546666666666667,-1.883259585576738,7
Anna / Anne / Ann / Anni,Lempaala,Anne,0,3.546666666666667,-1.883259585576738,7
Anna / Anne / Ann / Anni,Rovaniemi,Anne,0,3.546666666666667,-1.883259585576738,7
Anna / Anne / Ann / Anni,Pühalepa,Anne,3,8.613333333333333,-1.9126486802861122,17
Anna / Anne / Ann / Anni,Vigala,Anni,2,7.4581333333333335,-1.9986146613228413,38
Anna / Anne / Ann / Anni,Korpiselkä,Anne,0,4.053333333333334,-2.0132891827388666,8
Anna / Anne / Ann / Anni,Seiskari,Anne,0,4.053333333333334,-2.0132891827388666,8
Anna / Anne / Ann / Anni,Skuoritsa,Anne,0,4.053333333333334,-2.0132891827388666,8
Anna / Anne / Ann / Anni,Toksova,Anne,0,4.053333333333334,-2.0132891827388666,8
Anna / Anne / Ann / Anni,Võnnu,Anni,0,4.1216,-2.0301724064719235,21
Anna / Anne / Ann / Anni,Kontokki,Ann,0,4.245333333333333,-2.060420669022065,20
Anna / Anne / Ann / Anni,Jõhvi,Anni,0,4.317866666666666,-2.0779477054696702,22
Anna / Anne / Ann / Anni,Pöide,Anni,0,4.317866666666666,-2.0779477054696702,22
Anna / Anne / Ann / Anni,Sangaste,Anni,0,4.317866666666666,-2.0779477054696702,22
Anna / Anne / Ann / Anni,Vändra,Anni,0,4.317866666666666,-2.0779477054696702,22
Anna / Anne / Ann / Anni,Helme,Ann,2,7.853866666666667,-2.0888202267761184,37
Anna / Anne / Ann / Anni,Vigala,Anne,10,19.253333333333334,-2.108847825355791,38
Anna / Anne / Ann / Anni,Vuole,Ann,0,4.4576,-2.111302915263464,21
Anna / Anne / Ann / Anni,Maarja-Magdaleena,Anni,0,4.5141333333333336,-2.124648990617823,23
Anna / Anne / Ann / Anni,Kuusamo,Anne,0,4.56,-2.1354156504062622,9
Anna / Anne / Ann / Anni,Moloskovitsa,Anne,0,4.56,-2.1354156504062622,9
Anna / Anne / Ann / Anni,Rõuge,Anne,0,4.56,-2.1354156504062622,9
Anna / Anne / Ann / Anni,Sakkola,Anne,0,4.56,-2.1354156504062622,9
Anna / Anne / Ann / Anni,Väike-Maarja,Anni,0,4.7104,-2.170345594600086,24
Anna / Anne / Ann / Anni,Saarde,Anni,0,4.906666666666666,-2.215099696778153,25
Anna / Anne / Ann / Anni,Kaprio,Anne,0,5.066666666666666,-2.2509257354845507,10
Anna / Anne / Ann / Anni,Käina,Anne,0,5.066666666666666,-2.2509257354845507,10
Anna / Anne / Ann / Anni,Vuokkiniemi,Anne,0,5.066666666666666,-2.2509257354845507,10
Anna / Anne / Ann / Anni,Soikkola,Ann,0,5.0944,-2.2570777567465417,24
Anna / Anne / Ann / Anni,Ambla,Anni,0,5.2992,-2.3019991311901054,27
Anna / Anne / Ann / Anni,Suure-Jaani,Anni,0,5.2992,-2.3019991311901054,27
Anna / Anne / Ann / Anni,Halliste,Anni,0,5.495466666666666,-2.3442411707558306,28
Anna / Anne / Ann / Anni,Kose,Anni,0,5.495466666666666,-2.3442411707558306,28
Anna / Anne / Ann / Anni,Urvaste,Anni,0,5.495466666666666,-2.3442411707558306,28
Anna / Anne / Ann / Anni,Koivisto,Anne,0,5.573333333333333,-2.360790827950103,11
Anna / Anne / Ann / Anni,Suojärvi,Ann,0,5.943466666666667,-2.4379226129364047,28
Anna / Anne / Ann / Anni,Pilistvere,Anni,0,6.084266666666666,-2.4666306303673977,31
Anna / Anne / Ann / Anni,Muhu,Anni,0,6.2805333333333335,-2.5060992265537556,32
Anna / Anne / Ann / Anni,Tulemajärvi,Ann,0,6.368,-2.5234896472940007,30
Anna / Anne / Ann / Anni,Koprina,Anne,0,6.586666666666667,-2.566450207322688,13
Anna / Anne / Ann / Anni,Koeru,Anni,0,6.673066666666666,-2.5832279548399644,34
Anna / Anne / Ann / Anni,Suistamo,Ann,0,6.792533333333333,-2.606248900879065,32
Anna / Anne / Ann / Anni,Narvusi,Ann,0,7.0048,-2.646658270347723,33
Anna / Anne / Ann / Anni,Helme,Anni,0,7.261866666666666,-2.69478508728742,37
Anna / Anne / Ann / Anni,Ilomantsi,Anne,0,7.6,-2.756809750418044,15
Anna / Anne / Ann / Anni,Põltsamaa,Anni,0,8.046933333333333,-2.836711711354069,41
Anna / Anne / Ann / Anni,Viljandi,Anni,0,8.046933333333333,-2.836711711354069,41
Anna / Anne / Ann / Anni,Paatene,Anne,0,8.106666666666667,-2.84722086720835,16
Anna / Anne / Ann / Anni,Setumaa,Anni,0,8.2432,-2.8710973511882174,42
Anna / Anne / Ann / Anni,Kolga-Jaani,Anni,0,9.224533333333333,-3.0371916853128207,47
Anna / Anne / Ann / Anni,Tarvastu,Anni,0,10.0096,-3.16379518932563,51
Anna / Anne / Ann / Anni,Kontokki,Anne,0,10.133333333333333,-3.183289703016886,20
Anna / Anne / Ann / Anni,Karksi,Anni,0,10.205866666666667,-3.1946622147993464,52
Anna / Anne / Ann / Anni,Paistu,Anni,0,10.205866666666667,-3.1946622147993464,52
Anna / Anne / Ann / Anni,Haljala,Anni,1,12.168533333333333,-3.2016733915007403,62
Anna / Anne / Ann / Anni,Kadrina,Anni,1,12.168533333333333,-3.2016733915007403,62
Anna / Anne / Ann / Anni,Vuole,Anne,0,10.64,-3.2619012860600183,21
Anna / Anne / Ann / Anni,Karksi,Ann,0,11.037866666666666,-3.3223285007155248,52
Anna / Anne / Ann / Anni,Soikkola,Anne,0,12.16,-3.487119154832539,24
Anna / Anne / Ann / Anni,Suojärvi,Anne,0,14.186666666666667,-3.766519171153476,28
Anna / Anne / Ann / Anni,Tulemajärvi,Anne,0,15.2,-3.898717737923586,30
Anna / Anne / Ann / Anni,Suistamo,Anne,0,16.213333333333335,-4.026578365477733,32
Anna / Anne / Ann / Anni,Narvusi,Anne,0,16.72,-4.089009660052175,33
Catherine / Kadri / Katri,Kalajoki,Kaisa,21,1.407035175879397,16.517628013001122,21
Catherine / Kadri / Katri,Kupanitsa,Kati,14,0.7286432160804021,15.547403212895594,15
Catherine / Kadri / Katri,Vuole,Kati,17,1.068676716917923,15.41092393088222,22
Catherine / Kadri / Katri,Narvusi,Kati,34,3.8375209380234505,15.39719657473343,79
Catherine / Kadri / Katri,Paistu,Katri,107,27.396984924623116,15.20821109964139,141
Catherine / Kadri / Katri,Räpina,Other,48,9.463986599664992,12.526499516604309,75
Catherine / Kadri / Katri,Ilomantsi,Kaisa,12,0.8040201005025126,12.486153134592836,12
Catherine / Kadri / Katri,Karula,Other,44,9.842546063651591,10.88759013291359,78
Catherine / Kadri / Katri,Palamuse,Other,24,4.164154103852597,9.720471449781886,33
Catherine / Kadri / Katri,Soikkola,Kaisa,13,1.4740368509212731,9.493427895895014,22
Catherine / Kadri / Katri,Viljandi,Katri,48,13.407035175879397,9.447598114780185,69
Catherine / Kadri / Katri,Suistamo,Kaisa,9,0.8040201005025126,9.140446931113518,12
Catherine / Kadri / Katri,Venjoki,Kaisa,12,1.4740368509212731,8.66977196596487,22
Catherine / Kadri / Katri,Tuupovaara,Kaisa,7,0.6030150753768844,8.237799973822515,9
Catherine / Kadri / Katri,Juva,Kaisa,6,0.46901172529313234,8.076271081534843,7
Catherine / Kadri / Katri,Lemi,Kaisa,6,0.46901172529313234,8.076271081534843,7
Catherine / Kadri / Katri,Toksova,Kati,6,0.5343383584589615,7.477123719105499,11
Catherine / Kadri / Katri,Pyhäjärvi Vpl.,Katri,11,2.137353433835846,6.0621301866054536,11
Catherine / Kadri / Katri,Tyrö,Kaisa,9,1.6080402010050252,5.8292293831178945,24
Catherine / Kadri / Katri,Hietamäki,Katri,10,1.9430485762144054,5.7800143440647025,10
Catherine / Kadri / Katri,Lempaala,Katariina/Katriina,2,0.11055276381909548,5.682637675027089,6
Catherine / Kadri / Katri,Serepetta,Katariina/Katriina,2,0.11055276381909548,5.682637675027089,6
Catherine / Kadri / Katri,Narvusi,Kaisa,17,5.293132328308208,5.0884361999753525,79
Catherine / Kadri / Katri,Koprina,Katri,10,2.525963149078727,4.702639957037361,13
Catherine / Kadri / Katri,Koivisto,Katri,5,0.9715242881072027,4.087087338043666,5
Catherine / Kadri / Katri,Uukuniemi,Katri,5,0.9715242881072027,4.087087338043666,5
Catherine / Kadri / Katri,Soikkola,Katariina/Katriina,3,0.4053601340033501,4.075271705401534,22
Catherine / Kadri / Katri,Toksova,Katariina/Katriina,2,0.20268006700167504,3.9922696874189647,11
Catherine / Kadri / Katri,Karksi,Kadri,40,21.820212171970965,3.891878967236105,40
Catherine / Kadri / Katri,Tyrö,Katariina/Katriina,3,0.44221105527638194,3.846359809293601,24
Catherine / Kadri / Katri,Pärnu-Jaagupi,Kadri,38,20.729201563372417,3.7933343908537824,38
Catherine / Kadri / Katri,Suistamo,Katariina/Katriina,2,0.22110552763819097,3.783122337243045,12
Catherine / Kadri / Katri,Narvusi,Katariina/Katriina,6,1.4556113902847572,3.766628082184681,79
Catherine / Kadri / Katri,Halliste,Kadri,39,21.820212171970965,3.6778017181476574,40
Catherine / Kadri / Katri,Karuse,Kadri,30,16.365159128978224,3.3704660540808122,30
Catherine / Kadri / Katri,Sortavala,Kaisa,3,0.5360134003350083,3.3655071535111927,8
Catherine / Kadri / Katri,Serepetta,Kati,2,0.2914572864321608,3.1647425199321737,6
Catherine / Kadri / Katri,Rääpyvä,Katri,4,0.9715242881072027,3.072538007144677,5
Catherine / Kadri / Katri,Soanlahti,Katri,4,0.9715242881072027,3.072538007144677,5
Catherine / Kadri / Katri,Helme,Katri,31,18.07035175879397,3.0416091533187815,93
Catherine / Kadri / Katri,Häädemeeste,Katri,15,6.994974874371859,3.026701694953424,36
Catherine / Kadri / Katri,Impilahti,Katariina/Katriina,1,0.09212730318257957,2.991098921421362,5
Catherine / Kadri / Katri,Rääpyvä,Katariina/Katriina,1,0.09212730318257957,2.991098921421362,5
Catherine / Kadri / Katri,Koprina,Kati,3,0.6314907872696818,2.980516763447256,13
Catherine / Kadri / Katri,Peetri,Kadri,23,12.546621998883305,2.9511633451875374,23
Catherine / Kadri / Katri,Haljala,Katri,15,7.1892797319933,2.913053046968711,37
Catherine / Kadri / Katri,Tori,Kadri,22,12.00111669458403,2.886294690877584,22
Catherine / Kadri / Katri,Impilahti,Kaisa,2,0.33500837520938026,2.8766314284609664,5
Catherine / Kadri / Katri,Soikkola,Kati,4,1.068676716917923,2.8355711154498873,22
Catherine / Kadri / Katri,Kadrina,Other,6,2.0189838079285316,2.8017380356339365,16
Catherine / Kadri / Katri,Audru,Kadri,39,25.09324399776661,2.776178778773708,46
Catherine / Kadri / Katri,Sortavala,Katri,5,1.5544388609715243,2.7635869805205258,8
Catherine / Kadri / Katri,Türi,Kadri,19,10.364600781686208,2.682292471080851,19
Catherine / Kadri / Katri,Võnnu,Katariina/Katriina,1,0.11055276381909548,2.6750714587228583,6
Catherine / Kadri / Katri,Moloskovitsa,Katri,6,2.137353433835846,2.6420850898340915,11
Catherine / Kadri / Katri,Muhu,Kadri,18,9.819095477386934,2.6107517792824826,18
Catherine / Kadri / Katri,Põlva,Kadri,21,12.00111669458403,2.5976329870937023,22
Catherine / Kadri / Katri,Tõstamaa,Kadri,21,12.00111669458403,2.5976329870937023,22
Catherine / Kadri / Katri,Laiuse,Kadri,17,9.27359017308766,2.537194672396322,17
Catherine / Kadri / Katri,Märjamaa,Kadri,17,9.27359017308766,2.537194672396322,17
Catherine / Kadri / Katri,Lempaala,Kaisa,2,0.4020100502512563,2.5203194341692594,6
Catherine / Kadri / Katri,Venjoki,Katariina/Katriina,2,0.4053601340033501,2.504621474204171,22
Catherine / Kadri / Katri,Ambla,Kadri,32,20.729201563372417,2.475502651421649,38
Catherine / Kadri / Katri,Juva,Katariina/Katriina,1,0.12897822445561138,2.425329869873862,7
Catherine / Kadri / Katri,Lemi,Katariina/Katriina,1,0.12897822445561138,2.425329869873862,7
Catherine / Kadri / Katri,Kõpu,Kadri,15,8.182579564489112,2.3832794025996074,15
Catherine / Kadri / Katri,Simuna,Kadri,23,14.183137911781127,2.3411426927357395,26
Catherine / Kadri / Katri,Kullamaa,Kadri,13,7.091568955890564,2.21871237795141,13
Catherine / Kadri / Katri,Kodavere,Other,4,1.3880513679508655,2.216980444914181,11
Catherine / Kadri / Katri,Suure-Jaani,Kadri,16,9.27359017308766,2.2088151624771277,17
Catherine / Kadri / Katri,Kose,Kadri,27,18.001675041876048,2.1208268548712237,33
Catherine / Kadri / Katri,Vigala,Kadri,22,14.183137911781127,2.0756125450130045,26
Catherine / Kadri / Katri,Varbla,Kadri,11,6.000558347292015,2.0409185484222694,11
Catherine / Kadri / Katri,Urvaste,Other,4,1.5142378559463987,2.020051865017908,12
Catherine / Kadri / Katri,Moloskovitsa,Kati,2,0.5343383584589615,2.005051564271318,11
Catherine / Kadri / Katri,Rakvere,Other,5,2.1451702959240646,1.9491682095833747,17
Catherine / Kadri / Katri,Hanila,Kadri,10,5.455053042992741,1.9459394836180526,10
Catherine / Kadri / Katri,Setumaa,Katariina/Katriina,2,0.5896147403685092,1.836764995708329,32
Catherine / Kadri / Katri,Juuru,Kadri,19,12.546621998883305,1.8218964824098685,23
Catherine / Kadri / Katri,Risti,Kadri,21,14.183137911781127,1.8100823972902695,26
Catherine / Kadri / Katri,Setumaa,Kadri,25,17.456169737576772,1.805582887483908,32
Catherine / Kadri / Katri,Moloskovitsa,Katariina/Katriina,1,0.20268006700167504,1.7710348287152164,11
Catherine / Kadri / Katri,Impilahti,Other,2,0.6309324399776661,1.7235879579607254,5
Catherine / Kadri / Katri,Harju-Jaani,Kadri,13,8.182579564489112,1.6841060348590837,15
Catherine / Kadri / Katri,Pärnu,Kadri,7,3.818537130094919,1.6280897799975853,7
Catherine / Kadri / Katri,Väike-Maarja,Kadri,7,3.818537130094919,1.6280897799975853,7
Catherine / Kadri / Katri,Rõuge,Other,3,1.2618648799553323,1.5473092014562198,10
Catherine / Kadri / Katri,Tyrö,Katri,8,4.663316582914573,1.5451389950257084,24
Catherine / Kadri / Katri,Kuusalu,Other,4,1.8927973199329984,1.5316313737534049,15
Catherine / Kadri / Katri,Koeru,Kadri,6,3.273031825795645,1.5073182425560359,6
Catherine / Kadri / Katri,Vändra,Kadri,11,7.091568955890564,1.4676797056945636,13
Catherine / Kadri / Katri,Helme,Kadri,61,50.731993299832496,1.4416013494795878,93
Catherine / Kadri / Katri,Lempaala,Other,2,0.7571189279731994,1.428392372102695,6
Catherine / Kadri / Katri,Sangaste,Other,2,0.7571189279731994,1.428392372102695,6
Catherine / Kadri / Katri,Äksi,Other,2,0.7571189279731994,1.428392372102695,6
Catherine / Kadri / Katri,Harju-Madise,Kadri,5,2.7275265214963706,1.3759870046449736,5
Catherine / Kadri / Katri,Kanepi,Kadri,5,2.7275265214963706,1.3759870046449736,5
Catherine / Kadri / Katri,Nõo,Kadri,5,2.7275265214963706,1.3759870046449736,5
Catherine / Kadri / Katri,Rõngu,Kadri,5,2.7275265214963706,1.3759870046449736,5
Catherine / Kadri / Katri,Järva-Jaani,Kadri,10,6.54606365159129,1.3499703122724898,12
Catherine / Kadri / Katri,Põltsamaa,Kadri,14,9.819095477386934,1.334241695554684,18
Catherine / Kadri / Katri,Venjoki,Katri,7,4.274706867671692,1.3181354870962763,22
Catherine / Kadri / Katri,Tarvastu,Kadri,15,10.910106085985483,1.2382192640079155,20
Catherine / Kadri / Katri,Rapla,Other,2,0.8833054159687326,1.1881710408395942,7
Catherine / Kadri / Katri,Soanlahti,Kaisa,1,0.33500837520938026,1.148916174143867,5
Catherine / Kadri / Katri,Põltsamaa,Other,4,2.271356783919598,1.1469980695407545,18
Catherine / Kadri / Katri,Järva-Madise,Kadri,6,3.818537130094919,1.1163472745613487,7
Catherine / Kadri / Katri,Tarvastu,Katariina/Katriina,1,0.3685092127303183,1.0402622632618574,20
Catherine / Kadri / Katri,Kuusalu,Kadri,11,8.182579564489112,0.9849326671185601,15
Catherine / Kadri / Katri,Jõhvi,Kadri,5,3.273031825795645,0.9545731622083986,6
Catherine / Kadri / Katri,Risti,Other,5,3.280848687883864,0.949119732082335,26
Catherine / Kadri / Katri,Vuole,Katariina/Katriina,1,0.4053601340033501,0.9339712430068072,22
Catherine / Kadri / Katri,Narvusi,Katri,19,15.350083752093802,0.9315958054185635,79
Catherine / Kadri / Katri,Kose,Other,6,4.164154103852597,0.8996484300760804,33
Catherine / Kadri / Katri,Rakvere,Kadri,12,9.27359017308766,0.8952971228003499,17
Catherine / Kadri / Katri,Serepetta,Katri,2,1.1658291457286432,0.7725694975128542,6
Catherine / Kadri / Katri,Torma,Kadri,4,2.7275265214963706,0.770485106532161,5
Catherine / Kadri / Katri,Viru-Jaagupi,Kadri,4,2.7275265214963706,0.770485106532161,5
Catherine / Kadri / Katri,Viru-Nigula,Kadri,4,2.7275265214963706,0.770485106532161,5
Catherine / Kadri / Katri,Juuru,Other,4,2.902289223897264,0.6443436946303758,23
Catherine / Kadri / Katri,Rapla,Kadri,5,3.818537130094919,0.6046047691251124,7
Catherine / Kadri / Katri,Tyrö,Other,4,3.0284757118927974,0.558266560525312,24
Catherine / Kadri / Katri,Moloskovitsa,Other,2,1.3880513679508655,0.5194122632804493,11
Catherine / Kadri / Katri,Audru,Other,7,5.804578447794528,0.49617598321264705,46
Catherine / Kadri / Katri,Torma,Other,1,0.6309324399776661,0.46463769992334397,5
Catherine / Kadri / Katri,Viru-Jaagupi,Other,1,0.6309324399776661,0.46463769992334397,5
Catherine / Kadri / Katri,Kadrina,Kadri,10,8.728084868788386,0.4305252758058828,16
Catherine / Kadri / Katri,Kodavere,Kadri,7,6.000558347292015,0.40800136270670795,11
Catherine / Kadri / Katri,Võnnu,Kadri,4,3.273031825795645,0.40182808186076147,6
Catherine / Kadri / Katri,Äksi,Kadri,4,3.273031825795645,0.40182808186076147,6
Catherine / Kadri / Katri,Vigala,Other,4,3.280848687883864,0.3970335222221655,26
Catherine / Kadri / Katri,Järva-Jaani,Other,2,1.5142378559463987,0.3947540706571383,12
Catherine / Kadri / Katri,Ambla,Katariina/Katriina,1,0.7001675041876047,0.35832550740824337,38
Catherine / Kadri / Katri,Setumaa,Kati,2,1.5544388609715243,0.35737196734003884,32
Catherine / Kadri / Katri,Häädemeeste,Kadri,21,19.63819095477387,0.3073020625374739,36
Catherine / Kadri / Katri,Vändra,Other,2,1.640424343941932,0.28074509592167296,13
Catherine / Kadri / Katri,Jõhvi,Other,1,0.7571189279731994,0.279133280262656,6
Catherine / Kadri / Katri,Võnnu,Other,1,0.7571189279731994,0.279133280262656,6
Catherine / Kadri / Katri,Tuupovaara,Katri,2,1.7487437185929648,0.19000010640008935,9
Catherine / Kadri / Katri,Järva-Madise,Other,1,0.8833054159687326,0.12416387376773758,7
Catherine / Kadri / Katri,Ambla,Other,5,4.795086543830262,0.09357767560169997,38
Catherine / Kadri / Katri,Harju-Jaani,Other,2,1.8927973199329984,0.07792083300494265,15
Catherine / Kadri / Katri,Rõuge,Katri,2,1.9430485762144054,0.040856650249105966,10
Catherine / Kadri / Katri,Tarvastu,Kati,1,0.9715242881072027,0.028890014447709878,20
Catherine / Kadri / Katri,Viru-Nigula,Katri,1,0.9715242881072027,0.028890014447709878,5
Catherine / Kadri / Katri,Põlva,Kati,1,1.068676716917923,-0.06643338041911169,22
Catherine / Kadri / Katri,Venjoki,Kati,1,1.068676716917923,-0.06643338041911169,22
Catherine / Kadri / Katri,Toksova,Katri,2,2.137353433835846,-0.09395098758299897,11
Catherine / Kadri / Katri,Vuole,Katri,4,4.274706867671692,-0.13286676083822338,22
Catherine / Kadri / Katri,Sangaste,Kadri,3,3.273031825795645,-0.15091699848687576,6
Catherine / Kadri / Katri,Sangaste,Katri,1,1.1658291457286432,-0.1535830928790613,6
Catherine / Kadri / Katri,Simuna,Other,3,3.280848687883864,-0.15505268763800412,26
Catherine / Kadri / Katri,Rõuge,Kadri,5,5.455053042992741,-0.19483300726642655,10
Catherine / Kadri / Katri,Urvaste,Kadri,6,6.54606365159129,-0.21342886605277955,12
Catherine / Kadri / Katri,Urvaste,Katri,2,2.3316582914572863,-0.21719929290077522,12
Catherine / Kadri / Katri,Haljala,Kadri,19,20.183696259073145,-0.26347530996648855,37
Catherine / Kadri / Katri,Karula,Katri,14,15.155778894472363,-0.29688320460735435,78
Catherine / Kadri / Katri,Harju-Madise,Katariina/Katriina,0,0.09212730318257957,-0.3035247982992157,5
Catherine / Kadri / Katri,Kanepi,Katariina/Katriina,0,0.09212730318257957,-0.3035247982992157,5
Catherine / Kadri / Katri,Koivisto,Katariina/Katriina,0,0.09212730318257957,-0.3035247982992157,5
Catherine / Kadri / Katri,Nõo,Katariina/Katriina,0,0.09212730318257957,-0.3035247982992157,5
Catherine / Kadri / Katri,Rõngu,Katariina/Katriina,0,0.09212730318257957,-0.3035247982992157,5
Catherine / Kadri / Katri,Soanlahti,Katariina/Katriina,0,0.09212730318257957,-0.3035247982992157,5
Catherine / Kadri / Katri,Torma,Katariina/Katriina,0,0.09212730318257957,-0.3035247982992157,5
Catherine / Kadri / Katri,Uukuniemi,Katariina/Katriina,0,0.09212730318257957,-0.3035247982992157,5
Catherine / Kadri / Katri,Viru-Jaagupi,Katariina/Katriina,0,0.09212730318257957,-0.3035247982992157,5
Catherine / Kadri / Katri,Viru-Nigula,Katariina/Katriina,0,0.09212730318257957,-0.3035247982992157,5
Catherine / Kadri / Katri,Toksova,Other,1,1.3880513679508655,-0.32937182753641636,11
Catherine / Kadri / Katri,Jõhvi,Katariina/Katriina,0,0.11055276381909548,-0.33249475758137226,6
Catherine / Kadri / Katri,Koeru,Katariina/Katriina,0,0.11055276381909548,-0.33249475758137226,6
Catherine / Kadri / Katri,Sangaste,Katariina/Katriina,0,0.11055276381909548,-0.33249475758137226,6
Catherine / Kadri / Katri,Äksi,Katariina/Katriina,0,0.11055276381909548,-0.33249475758137226,6
Catherine / Kadri / Katri,Järva-Madise,Katariina/Katriina,0,0.12897822445561138,-0.3591353845774757,7
Catherine / Kadri / Katri,Pärnu,Katariina/Katriina,0,0.12897822445561138,-0.3591353845774757,7
Catherine / Kadri / Katri,Rapla,Katariina/Katriina,0,0.12897822445561138,-0.3591353845774757,7
Catherine / Kadri / Katri,Väike-Maarja,Katariina/Katriina,0,0.12897822445561138,-0.3591353845774757,7
Catherine / Kadri / Katri,Sortavala,Katariina/Katriina,0,0.1474036850921273,-0.3839318755874892,8
Catherine / Kadri / Katri,Tuupovaara,Katariina/Katriina,0,0.1658291457286432,-0.4072212491123753,9
Catherine / Kadri / Katri,Hanila,Katariina/Katriina,0,0.18425460636515914,-0.42924888627130897,10
Catherine / Kadri / Katri,Hietamäki,Katariina/Katriina,0,0.18425460636515914,-0.42924888627130897,10
Catherine / Kadri / Katri,Rõuge,Katariina/Katriina,0,0.18425460636515914,-0.42924888627130897,10
Catherine / Kadri / Katri,Tarvastu,Katri,3,3.886097152428811,-0.44949463655407473,20
Catherine / Kadri / Katri,Kodavere,Katariina/Katriina,0,0.20268006700167504,-0.4502000299885319,11
Catherine / Kadri / Katri,Pyhäjärvi Vpl.,Katariina/Katriina,0,0.20268006700167504,-0.4502000299885319,11
Catherine / Kadri / Katri,Varbla,Katariina/Katriina,0,0.20268006700167504,-0.4502000299885319,11
Catherine / Kadri / Katri,Ilomantsi,Katariina/Katriina,0,0.22110552763819097,-0.4702185955895311,12
Catherine / Kadri / Katri,Järva-Jaani,Katariina/Katriina,0,0.22110552763819097,-0.4702185955895311,12
Catherine / Kadri / Katri,Urvaste,Katariina/Katriina,0,0.22110552763819097,-0.4702185955895311,12
Catherine / Kadri / Katri,Koprina,Katariina/Katriina,0,0.23953098827470687,-0.4894190313777212,13
Catherine / Kadri / Katri,Kullamaa,Katariina/Katriina,0,0.23953098827470687,-0.4894190313777212,13
Catherine / Kadri / Katri,Vändra,Katariina/Katriina,0,0.23953098827470687,-0.4894190313777212,13
Catherine / Kadri / Katri,Harju-Madise,Kati,0,0.24288107202680068,-0.49282965822563957,5
Catherine / Kadri / Katri,Impilahti,Kati,0,0.24288107202680068,-0.49282965822563957,5
Catherine / Kadri / Katri,Kanepi,Kati,0,0.24288107202680068,-0.49282965822563957,5
Catherine / Kadri / Katri,Koivisto,Kati,0,0.24288107202680068,-0.49282965822563957,5
Catherine / Kadri / Katri,Nõo,Kati,0,0.24288107202680068,-0.49282965822563957,5
Catherine / Kadri / Katri,Rääpyvä,Kati,0,0.24288107202680068,-0.49282965822563957,5
Catherine / Kadri / Katri,Rõngu,Kati,0,0.24288107202680068,-0.49282965822563957,5
Catherine / Kadri / Katri,Soanlahti,Kati,0,0.24288107202680068,-0.49282965822563957,5
Catherine / Kadri / Katri,Torma,Kati,0,0.24288107202680068,-0.49282965822563957,5
Catherine / Kadri / Katri,Uukuniemi,Kati,0,0.24288107202680068,-0.49282965822563957,5
Catherine / Kadri / Katri,Viru-Jaagupi,Kati,0,0.24288107202680068,-0.49282965822563957,5
Catherine / Kadri / Katri,Viru-Nigula,Kati,0,0.24288107202680068,-0.49282965822563957,5
Catherine / Kadri / Katri,Harju-Jaani,Katariina/Katriina,0,0.27638190954773867,-0.525720372011337,15
Catherine / Kadri / Katri,Kupanitsa,Katariina/Katriina,0,0.27638190954773867,-0.525720372011337,15
Catherine / Kadri / Katri,Kuusalu,Katariina/Katriina,0,0.27638190954773867,-0.525720372011337,15
Catherine / Kadri / Katri,Kõpu,Katariina/Katriina,0,0.27638190954773867,-0.525720372011337,15
Catherine / Kadri / Katri,Jõhvi,Kati,0,0.2914572864321608,-0.5398678416354884,6
Catherine / Kadri / Katri,Koeru,Kati,0,0.2914572864321608,-0.5398678416354884,6
Catherine / Kadri / Katri,Lempaala,Kati,0,0.2914572864321608,-0.5398678416354884,6
Catherine / Kadri / Katri,Sangaste,Kati,0,0.2914572864321608,-0.5398678416354884,6
Catherine / Kadri / Katri,Võnnu,Kati,0,0.2914572864321608,-0.5398678416354884,6
Catherine / Kadri / Katri,Äksi,Kati,0,0.2914572864321608,-0.5398678416354884,6
Catherine / Kadri / Katri,Kadrina,Katariina/Katriina,0,0.2948073701842546,-0.5429616654831672,16
Catherine / Kadri / Katri,Laiuse,Katariina/Katriina,0,0.3132328308207705,-0.5596720743620951,17
Catherine / Kadri / Katri,Märjamaa,Katariina/Katriina,0,0.3132328308207705,-0.5596720743620951,17
Catherine / Kadri / Katri,Rakvere,Katariina/Katriina,0,0.3132328308207705,-0.5596720743620951,17
Catherine / Kadri / Katri,Suure-Jaani,Katariina/Katriina,0,0.3132328308207705,-0.5596720743620951,17
Catherine / Kadri / Katri,Muhu,Katariina/Katriina,0,0.3316582914572864,-0.5758978133812338,18
Catherine / Kadri / Katri,Põltsamaa,Katariina/Katriina,0,0.3316582914572864,-0.5758978133812338,18
Catherine / Kadri / Katri,Harju-Madise,Kaisa,0,0.33500837520938026,-0.5787990801732328,5
Catherine / Kadri / Katri,Kanepi,Kaisa,0,0.33500837520938026,-0.5787990801732328,5
Catherine / Kadri / Katri,Koivisto,Kaisa,0,0.33500837520938026,-0.5787990801732328,5
Catherine / Kadri / Katri,Nõo,Kaisa,0,0.33500837520938026,-0.5787990801732328,5
Catherine / Kadri / Katri,Rääpyvä,Kaisa,0,0.33500837520938026,-0.5787990801732328,5
Catherine / Kadri / Katri,Rõngu,Kaisa,0,0.33500837520938026,-0.5787990801732328,5
Catherine / Kadri / Katri,Torma,Kaisa,0,0.33500837520938026,-0.5787990801732328,5
Catherine / Kadri / Katri,Uukuniemi,Kaisa,0,0.33500837520938026,-0.5787990801732328,5
Catherine / Kadri / Katri,Viru-Jaagupi,Kaisa,0,0.33500837520938026,-0.5787990801732328,5
Catherine / Kadri / Katri,Viru-Nigula,Kaisa,0,0.33500837520938026,-0.5787990801732328,5
Catherine / Kadri / Katri,Juva,Kati,0,0.34003350083752093,-0.5831239155081198,7
Catherine / Kadri / Katri,Järva-Madise,Kati,0,0.34003350083752093,-0.5831239155081198,7
Catherine / Kadri / Katri,Lemi,Kati,0,0.34003350083752093,-0.5831239155081198,7
Catherine / Kadri / Katri,Pärnu,Kati,0,0.34003350083752093,-0.5831239155081198,7
Catherine / Kadri / Katri,Rapla,Kati,0,0.34003350083752093,-0.5831239155081198,7
Catherine / Kadri / Katri,Väike-Maarja,Kati,0,0.34003350083752093,-0.5831239155081198,7
Catherine / Kadri / Katri,Türi,Katariina/Katriina,0,0.3500837520938023,-0.5916787575144153,19
Catherine / Kadri / Katri,Kalajoki,Katariina/Katriina,0,0.3869346733668342,-0.6220407328839761,21
Catherine / Kadri / Katri,Sortavala,Kati,0,0.38860971524288107,-0.623385687390143,8
Catherine / Kadri / Katri,Jõhvi,Kaisa,0,0.4020100502512563,-0.6340426249482414,6
Catherine / Kadri / Katri,Koeru,Kaisa,0,0.4020100502512563,-0.6340426249482414,6
Catherine / Kadri / Katri,Sangaste,Kaisa,0,0.4020100502512563,-0.6340426249482414,6
Catherine / Kadri / Katri,Serepetta,Kaisa,0,0.4020100502512563,-0.6340426249482414,6
Catherine / Kadri / Katri,Võnnu,Kaisa,0,0.4020100502512563,-0.6340426249482414,6
Catherine / Kadri / Katri,Äksi,Kaisa,0,0.4020100502512563,-0.6340426249482414,6
Catherine / Kadri / Katri,Põlva,Katariina/Katriina,0,0.4053601340033501,-0.636678988190556,22
Catherine / Kadri / Katri,Tori,Katariina/Katriina,0,0.4053601340033501,-0.636678988190556,22
Catherine / Kadri / Katri,Tõstamaa,Katariina/Katriina,0,0.4053601340033501,-0.636678988190556,22
Catherine / Kadri / Katri,Juuru,Katariina/Katriina,0,0.423785594639866,-0.650988167818637,23
Catherine / Kadri / Katri,Peetri,Katariina/Katriina,0,0.423785594639866,-0.650988167818637,23
Catherine / Kadri / Katri,Tuupovaara,Kati,0,0.4371859296482412,-0.661200370272311,9
Catherine / Kadri / Katri,Järva-Madise,Kaisa,0,0.46901172529313234,-0.6848443073379031,7
Catherine / Kadri / Katri,Pärnu,Kaisa,0,0.46901172529313234,-0.6848443073379031,7
Catherine / Kadri / Katri,Rapla,Kaisa,0,0.46901172529313234,-0.6848443073379031,7
Catherine / Kadri / Katri,Väike-Maarja,Kaisa,0,0.46901172529313234,-0.6848443073379031,7
Catherine / Kadri / Katri,Risti,Katariina/Katriina,0,0.47906197654941374,-0.6921430318578767,26
Catherine / Kadri / Katri,Simuna,Katariina/Katriina,0,0.47906197654941374,-0.6921430318578767,26
Catherine / Kadri / Katri,Vigala,Katariina/Katriina,0,0.47906197654941374,-0.6921430318578767,26
Catherine / Kadri / Katri,Hanila,Kati,0,0.48576214405360135,-0.6969663866023965,10
Catherine / Kadri / Katri,Hietamäki,Kati,0,0.48576214405360135,-0.6969663866023965,10
Catherine / Kadri / Katri,Rõuge,Kati,0,0.48576214405360135,-0.6969663866023965,10
Catherine / Kadri / Katri,Kodavere,Kati,0,0.5343383584589615,-0.7309845131457721,11
Catherine / Kadri / Katri,Pyhäjärvi Vpl.,Kati,0,0.5343383584589615,-0.7309845131457721,11
Catherine / Kadri / Katri,Varbla,Kati,0,0.5343383584589615,-0.7309845131457721,11
Catherine / Kadri / Katri,Karuse,Katariina/Katriina,0,0.5527638190954773,-0.7434808801142618,30
Catherine / Kadri / Katri,Ilomantsi,Kati,0,0.5829145728643216,-0.7634884235299979,12
Catherine / Kadri / Katri,Järva-Jaani,Kati,0,0.5829145728643216,-0.7634884235299979,12
Catherine / Kadri / Katri,Suistamo,Kati,0,0.5829145728643216,-0.7634884235299979,12
Catherine / Kadri / Katri,Urvaste,Kati,0,0.5829145728643216,-0.7634884235299979,12
Catherine / Kadri / Katri,Haljala,Other,3,4.66890005583473,-0.772365809484475,37
Catherine / Kadri / Katri,Kose,Katariina/Katriina,0,0.6080402010050251,-0.7797693255091696,33
Catherine / Kadri / Katri,Palamuse,Katariina/Katriina,0,0.6080402010050251,-0.7797693255091696,33
Catherine / Kadri / Katri,Suure-Jaani,Other,1,2.1451702959240646,-0.7818783488862704,17
Catherine / Kadri / Katri,Harju-Madise,Other,0,0.6309324399776661,-0.7943125581140374,5
Catherine / Kadri / Katri,Kanepi,Other,0,0.6309324399776661,-0.7943125581140374,5
Catherine / Kadri / Katri,Koivisto,Other,0,0.6309324399776661,-0.7943125581140374,5
Catherine / Kadri / Katri,Nõo,Other,0,0.6309324399776661,-0.7943125581140374,5
Catherine / Kadri / Katri,Rääpyvä,Other,0,0.6309324399776661,-0.7943125581140374,5
Catherine / Kadri / Katri,Rõngu,Other,0,0.6309324399776661,-0.7943125581140374,5
Catherine / Kadri / Katri,Soanlahti,Other,0,0.6309324399776661,-0.7943125581140374,5
Catherine / Kadri / Katri,Uukuniemi,Other,0,0.6309324399776661,-0.7943125581140374,5
Catherine / Kadri / Katri,Viru-Nigula,Other,0,0.6309324399776661,-0.7943125581140374,5
Catherine / Kadri / Katri,Kullamaa,Kati,0,0.6314907872696818,-0.7946639461241978,13
Catherine / Kadri / Katri,Vändra,Kati,0,0.6314907872696818,-0.7946639461241978,13
Catherine / Kadri / Katri,Häädemeeste,Katariina/Katriina,0,0.6633165829145728,-0.8144424982247506,36
Catherine / Kadri / Katri,Hanila,Kaisa,0,0.6700167504187605,-0.8185455090700581,10
Catherine / Kadri / Katri,Hietamäki,Kaisa,0,0.6700167504187605,-0.8185455090700581,10
Catherine / Kadri / Katri,Rõuge,Kaisa,0,0.6700167504187605,-0.8185455090700581,10
Catherine / Kadri / Katri,Haljala,Katariina/Katriina,0,0.6817420435510888,-0.8256767185473312,37
Catherine / Kadri / Katri,Pärnu-Jaagupi,Katariina/Katriina,0,0.7001675041876047,-0.8367601234449481,38
Catherine / Kadri / Katri,Harju-Jaani,Kati,0,0.7286432160804021,-0.8536060075236127,15
Catherine / Kadri / Katri,Kuusalu,Kati,0,0.7286432160804021,-0.8536060075236127,15
Catherine / Kadri / Katri,Kõpu,Kati,0,0.7286432160804021,-0.8536060075236127,15
Catherine / Kadri / Katri,Halliste,Katariina/Katriina,0,0.7370184254606366,-0.8584977725426179,40
Catherine / Kadri / Katri,Karksi,Katariina/Katriina,0,0.7370184254606366,-0.8584977725426179,40
Catherine / Kadri / Katri,Kodavere,Kaisa,0,0.7370184254606366,-0.8584977725426179,11
Catherine / Kadri / Katri,Moloskovitsa,Kaisa,0,0.7370184254606366,-0.8584977725426179,11
Catherine / Kadri / Katri,Pyhäjärvi Vpl.,Kaisa,0,0.7370184254606366,-0.8584977725426179,11
Catherine / Kadri / Katri,Toksova,Kaisa,0,0.7370184254606366,-0.8584977725426179,11
Catherine / Kadri / Katri,Varbla,Kaisa,0,0.7370184254606366,-0.8584977725426179,11
Catherine / Kadri / Katri,Koeru,Other,0,0.7571189279731994,-0.8701258115773829,6
Catherine / Kadri / Katri,Serepetta,Other,0,0.7571189279731994,-0.8701258115773829,6
Catherine / Kadri / Katri,Suistamo,Katri,1,2.3316582914572863,-0.8720880699803856,12
Catherine / Kadri / Katri,Kadrina,Kati,0,0.7772194304857621,-0.8816004936964147,16
Catherine / Kadri / Katri,Järva-Jaani,Kaisa,0,0.8040201005025126,-0.8966716793244407,12
Catherine / Kadri / Katri,Urvaste,Kaisa,0,0.8040201005025126,-0.8966716793244407,12
Catherine / Kadri / Katri,Laiuse,Kati,0,0.8257956448911222,-0.9087329887767486,17
Catherine / Kadri / Katri,Märjamaa,Kati,0,0.8257956448911222,-0.9087329887767486,17
Catherine / Kadri / Katri,Rakvere,Kati,0,0.8257956448911222,-0.9087329887767486,17
Catherine / Kadri / Katri,Suure-Jaani,Kati,0,0.8257956448911222,-0.9087329887767486,17
Catherine / Kadri / Katri,Audru,Katariina/Katriina,0,0.847571189279732,-0.920636295873529,46
Catherine / Kadri / Katri,Koprina,Kaisa,0,0.8710217755443886,-0.9332854737669438,13
Catherine / Kadri / Katri,Kullamaa,Kaisa,0,0.8710217755443886,-0.9332854737669438,13
Catherine / Kadri / Katri,Vändra,Kaisa,0,0.8710217755443886,-0.9332854737669438,13
Catherine / Kadri / Katri,Muhu,Kati,0,0.8743718592964824,-0.9350785310852145,18
Catherine / Kadri / Katri,Põltsamaa,Kati,0,0.8743718592964824,-0.9350785310852145,18
Catherine / Kadri / Katri,Juva,Other,0,0.8833054159687326,-0.9398432933041192,7
Catherine / Kadri / Katri,Lemi,Other,0,0.8833054159687326,-0.9398432933041192,7
Catherine / Kadri / Katri,Pärnu,Other,0,0.8833054159687326,-0.9398432933041192,7
Catherine / Kadri / Katri,Väike-Maarja,Other,0,0.8833054159687326,-0.9398432933041192,7
Catherine / Kadri / Katri,Türi,Kati,0,0.9229480737018425,-0.9607018651495596,19
Catherine / Kadri / Katri,Harju-Madise,Katri,0,0.9715242881072027,-0.9856593164512791,5
Catherine / Kadri / Katri,Impilahti,Katri,0,0.9715242881072027,-0.9856593164512791,5
Catherine / Kadri / Katri,Kanepi,Katri,0,0.9715242881072027,-0.9856593164512791,5
Catherine / Kadri / Katri,Nõo,Katri,0,0.9715242881072027,-0.9856593164512791,5
Catherine / Kadri / Katri,Rõngu,Katri,0,0.9715242881072027,-0.9856593164512791,5
Catherine / Kadri / Katri,Torma,Katri,0,0.9715242881072027,-0.9856593164512791,5
Catherine / Kadri / Katri,Viru-Jaagupi,Katri,0,0.9715242881072027,-0.9856593164512791,5
Catherine / Kadri / Katri,Harju-Jaani,Kaisa,0,1.0050251256281406,-1.0025094142341708,15
Catherine / Kadri / Katri,Kupanitsa,Kaisa,0,1.0050251256281406,-1.0025094142341708,15
Catherine / Kadri / Katri,Kuusalu,Kaisa,0,1.0050251256281406,-1.0025094142341708,15
Catherine / Kadri / Katri,Kõpu,Kaisa,0,1.0050251256281406,-1.0025094142341708,15
Catherine / Kadri / Katri,Sortavala,Other,0,1.0094919039642658,-1.0047347430860871,8
Catherine / Kadri / Katri,Kalajoki,Kati,0,1.020100502512563,-1.0100002487685649,21
Catherine / Kadri / Katri,Setumaa,Other,2,4.037967615857063,-1.0141819171084674,32
Catherine / Kadri / Katri,Tori,Kati,0,1.068676716917923,-1.0337682123754448,22
Catherine / Kadri / Katri,Tõstamaa,Kati,0,1.068676716917923,-1.0337682123754448,22
Catherine / Kadri / Katri,Kadrina,Kaisa,0,1.0720268006700167,-1.0353872708653593,16
Catherine / Kadri / Katri,Juuru,Kati,0,1.117252931323283,-1.0570018596593307,23
Catherine / Kadri / Katri,Peetri,Kati,0,1.117252931323283,-1.0570018596593307,23
Catherine / Kadri / Katri,Tuupovaara,Other,0,1.135678391959799,-1.065682125194844,9
Catherine / Kadri / Katri,Tõstamaa,Other,1,2.776102735901731,-1.0659830919454762,22
Catherine / Kadri / Katri,Laiuse,Kaisa,0,1.1390284757118927,-1.0672527702994699,17
Catherine / Kadri / Katri,Märjamaa,Kaisa,0,1.1390284757118927,-1.0672527702994699,17
Catherine / Kadri / Katri,Rakvere,Kaisa,0,1.1390284757118927,-1.0672527702994699,17
Catherine / Kadri / Katri,Suure-Jaani,Kaisa,0,1.1390284757118927,-1.0672527702994699,17
Catherine / Kadri / Katri,Jõhvi,Katri,0,1.1658291457286432,-1.0797356832709768,6
Catherine / Kadri / Katri,Koeru,Katri,0,1.1658291457286432,-1.0797356832709768,6
Catherine / Kadri / Katri,Lempaala,Katri,0,1.1658291457286432,-1.0797356832709768,6
Catherine / Kadri / Katri,Tyrö,Kati,0,1.1658291457286432,-1.0797356832709768,24
Catherine / Kadri / Katri,Võnnu,Katri,0,1.1658291457286432,-1.0797356832709768,6
Catherine / Kadri / Katri,Äksi,Katri,0,1.1658291457286432,-1.0797356832709768,6
Catherine / Kadri / Katri,Muhu,Kaisa,0,1.2060301507537687,-1.0981940405746922,18
Catherine / Kadri / Katri,Põltsamaa,Kaisa,0,1.2060301507537687,-1.0981940405746922,18
Catherine / Kadri / Katri,Soikkola,Katri,2,4.274706867671692,-1.1002015927945565,22
Catherine / Kadri / Katri,Kupanitsa,Katri,1,2.9145728643216082,-1.1214616857465396,15
Catherine / Kadri / Katri,Hanila,Other,0,1.2618648799553323,-1.123327592448139,10
Catherine / Kadri / Katri,Hietamäki,Other,0,1.2618648799553323,-1.123327592448139,10
Catherine / Kadri / Katri,Risti,Kati,0,1.2629815745393635,-1.1238245301377627,26
Catherine / Kadri / Katri,Simuna,Kati,0,1.2629815745393635,-1.1238245301377627,26
Catherine / Kadri / Katri,Vigala,Kati,0,1.2629815745393635,-1.1238245301377627,26
Catherine / Kadri / Katri,Viljandi,Katariina/Katriina,0,1.271356783919598,-1.127544581788054,69
Catherine / Kadri / Katri,Türi,Kaisa,0,1.273031825795645,-1.1282871202826188,19
Catherine / Kadri / Katri,Tarvastu,Kaisa,0,1.340033500837521,-1.1575981603464656,20
Catherine / Kadri / Katri,Juva,Katri,0,1.3601340033500837,-1.1662478310162396,7
Catherine / Kadri / Katri,Järva-Madise,Katri,0,1.3601340033500837,-1.1662478310162396,7
Catherine / Kadri / Katri,Lemi,Katri,0,1.3601340033500837,-1.1662478310162396,7
Catherine / Kadri / Katri,Pärnu,Katri,0,1.3601340033500837,-1.1662478310162396,7
Catherine / Kadri / Katri,Rapla,Katri,0,1.3601340033500837,-1.1662478310162396,7
Catherine / Kadri / Katri,Väike-Maarja,Katri,0,1.3601340033500837,-1.1662478310162396,7
Catherine / Kadri / Katri,Räpina,Katariina/Katriina,0,1.3819095477386936,-1.1755464889738276,75
Catherine / Kadri / Katri,Pyhäjärvi Vpl.,Other,0,1.3880513679508655,-1.178155918353282,11
Catherine / Kadri / Katri,Varbla,Other,0,1.3880513679508655,-1.178155918353282,11
Catherine / Kadri / Katri,Karula,Katariina/Katriina,0,1.4371859296482412,-1.1988268972826064,78
Catherine / Kadri / Katri,Karuse,Kati,0,1.4572864321608041,-1.2071811927630434,30
Catherine / Kadri / Katri,Põlva,Kaisa,0,1.4740368509212731,-1.2140991931968628,22
Catherine / Kadri / Katri,Tori,Kaisa,0,1.4740368509212731,-1.2140991931968628,22
Catherine / Kadri / Katri,Tõstamaa,Kaisa,0,1.4740368509212731,-1.2140991931968628,22
Catherine / Kadri / Katri,Vuole,Kaisa,0,1.4740368509212731,-1.2140991931968628,22
Catherine / Kadri / Katri,Ilomantsi,Other,0,1.5142378559463987,-1.2305437237036312,12
Catherine / Kadri / Katri,Suistamo,Other,0,1.5142378559463987,-1.2305437237036312,12
Catherine / Kadri / Katri,Juuru,Kaisa,0,1.5410385259631492,-1.2413857281132037,23
Catherine / Kadri / Katri,Peetri,Kaisa,0,1.5410385259631492,-1.2413857281132037,23
Catherine / Kadri / Katri,Kose,Kati,0,1.6030150753768844,-1.2661023163144771,33
Catherine / Kadri / Katri,Palamuse,Kati,0,1.6030150753768844,-1.2661023163144771,33
Catherine / Kadri / Katri,Koprina,Other,0,1.640424343941932,-1.280790515245148,13
Catherine / Kadri / Katri,Kullamaa,Other,0,1.640424343941932,-1.280790515245148,13
Catherine / Kadri / Katri,Helme,Katariina/Katriina,0,1.7135678391959799,-1.3090331696316866,93
Catherine / Kadri / Katri,Risti,Kaisa,0,1.7420435510887773,-1.3198649745670112,26
Catherine / Kadri / Katri,Simuna,Kaisa,0,1.7420435510887773,-1.3198649745670112,26
Catherine / Kadri / Katri,Vigala,Kaisa,0,1.7420435510887773,-1.3198649745670112,26
Catherine / Kadri / Katri,Häädemeeste,Kati,0,1.7487437185929648,-1.322400740544622,36
Catherine / Kadri / Katri,Haljala,Kati,0,1.797319932998325,-1.3406416124372407,37
Catherine / Kadri / Katri,Ambla,Kati,0,1.845896147403685,-1.3586376070916355,38
Catherine / Kadri / Katri,Pärnu-Jaagupi,Kati,0,1.845896147403685,-1.3586376070916355,38
Catherine / Kadri / Katri,Kupanitsa,Other,0,1.8927973199329984,-1.3757897077435195,15
Catherine / Kadri / Katri,Kõpu,Other,0,1.8927973199329984,-1.3757897077435195,15
Catherine / Kadri / Katri,Halliste,Kati,0,1.9430485762144054,-1.393932773204793,40
Catherine / Kadri / Katri,Hanila,Katri,0,1.9430485762144054,-1.393932773204793,10
Catherine / Kadri / Katri,Karksi,Kati,0,1.9430485762144054,-1.393932773204793,40
Catherine / Kadri / Katri,Karuse,Kaisa,0,2.0100502512562812,-1.4177624100166717,30
Catherine / Kadri / Katri,Kodavere,Katri,0,2.137353433835846,-1.4619690262915441,11
Catherine / Kadri / Katri,Varbla,Katri,0,2.137353433835846,-1.4619690262915441,11
Catherine / Kadri / Katri,Setumaa,Kaisa,0,2.1440536013400333,-1.4642587207662563,32
Catherine / Kadri / Katri,Laiuse,Other,0,2.1451702959240646,-1.4646399885036816,17
Catherine / Kadri / Katri,Märjamaa,Other,0,2.1451702959240646,-1.4646399885036816,17
Catherine / Kadri / Katri,Kose,Kaisa,0,2.2110552763819094,-1.4869617602285237,33
Catherine / Kadri / Katri,Palamuse,Kaisa,0,2.2110552763819094,-1.4869617602285237,33
Catherine / Kadri / Katri,Audru,Kati,0,2.234505862646566,-1.494826365383808,46
Catherine / Kadri / Katri,Muhu,Other,0,2.271356783919598,-1.5071021146291308,18
Catherine / Kadri / Katri,Ilomantsi,Katri,0,2.3316582914572863,-1.5269768470599958,12
Catherine / Kadri / Katri,Järva-Jaani,Katri,0,2.3316582914572863,-1.5269768470599958,12
Catherine / Kadri / Katri,Türi,Other,0,2.397543271915131,-1.5484002298873283,19
Catherine / Kadri / Katri,Häädemeeste,Kaisa,0,2.4120603015075375,-1.5530809062980386,36
Catherine / Kadri / Katri,Haljala,Kaisa,0,2.4790619765494135,-1.574503723891885,37
Catherine / Kadri / Katri,Tarvastu,Other,0,2.5237297599106645,-1.588625116228075,20
Catherine / Kadri / Katri,Kullamaa,Katri,0,2.525963149078727,-1.5893278922483955,13
Catherine / Kadri / Katri,Vändra,Katri,0,2.525963149078727,-1.5893278922483955,13
Catherine / Kadri / Katri,Viljandi,Other,4,8.706867671691793,-1.5951481214386787,69
Catherine / Kadri / Katri,Ambla,Kaisa,0,2.54606365159129,-1.5956389477545632,38
Catherine / Kadri / Katri,Pärnu-Jaagupi,Kaisa,0,2.54606365159129,-1.5956389477545632,38
Catherine / Kadri / Katri,Paistu,Katariina/Katriina,0,2.5979899497487438,-1.6118281390237432,141
Catherine / Kadri / Katri,Kalajoki,Other,0,2.6499162479061975,-1.6278563351555928,21
Catherine / Kadri / Katri,Halliste,Kaisa,0,2.680067001675042,-1.6370910181401161,40
Catherine / Kadri / Katri,Karksi,Kaisa,0,2.680067001675042,-1.6370910181401161,40
Catherine / Kadri / Katri,Impilahti,Kadri,0,2.7275265214963706,-1.6515224859190898,5
Catherine / Kadri / Katri,Koivisto,Kadri,0,2.7275265214963706,-1.6515224859190898,5
Catherine / Kadri / Katri,Rääpyvä,Kadri,0,2.7275265214963706,-1.6515224859190898,5
Catherine / Kadri / Katri,Soanlahti,Kadri,0,2.7275265214963706,-1.6515224859190898,5
Catherine / Kadri / Katri,Uukuniemi,Kadri,0,2.7275265214963706,-1.6515224859190898,5
Catherine / Kadri / Katri,Põlva,Other,0,2.776102735901731,-1.6661640783253404,22
Catherine / Kadri / Katri,Soikkola,Other,0,2.776102735901731,-1.6661640783253404,22
Catherine / Kadri / Katri,Tori,Other,0,2.776102735901731,-1.6661640783253404,22
Catherine / Kadri / Katri,Venjoki,Other,0,2.776102735901731,-1.6661640783253404,22
Catherine / Kadri / Katri,Vuole,Other,0,2.776102735901731,-1.6661640783253404,22
Catherine / Kadri / Katri,Peetri,Other,0,2.902289223897264,-1.7036106432801081,23
Catherine / Kadri / Katri,Harju-Jaani,Katri,0,2.9145728643216082,-1.7072120150472254,15
Catherine / Kadri / Katri,Kuusalu,Katri,0,2.9145728643216082,-1.7072120150472254,15
Catherine / Kadri / Katri,Kõpu,Katri,0,2.9145728643216082,-1.7072120150472254,15
Catherine / Kadri / Katri,Audru,Kaisa,0,3.0820770519262983,-1.7555845328340922,46
Catherine / Kadri / Katri,Kadrina,Katri,0,3.1088777219430486,-1.7632009873928294,16
Catherine / Kadri / Katri,Halliste,Other,1,5.047459519821329,-1.8015490525788849,40
Catherine / Kadri / Katri,Lempaala,Kadri,0,3.273031825795645,-1.8091522395297874,6
Catherine / Kadri / Katri,Serepetta,Kadri,0,3.273031825795645,-1.8091522395297874,6
Catherine / Kadri / Katri,Laiuse,Katri,0,3.303182579564489,-1.8174659775534971,17
Catherine / Kadri / Katri,Märjamaa,Katri,0,3.303182579564489,-1.8174659775534971,17
Catherine / Kadri / Katri,Rakvere,Katri,0,3.303182579564489,-1.8174659775534971,17
Catherine / Kadri / Katri,Suure-Jaani,Katri,0,3.303182579564489,-1.8174659775534971,17
Catherine / Kadri / Katri,Viljandi,Kati,0,3.351758793969849,-1.8307809246247484,69
Catherine / Kadri / Katri,Muhu,Katri,0,3.4974874371859297,-1.870157062170429,18
Catherine / Kadri / Katri,Põltsamaa,Katri,0,3.4974874371859297,-1.870157062170429,18
Catherine / Kadri / Katri,Räpina,Kati,0,3.64321608040201,-1.908721058824995,75
Catherine / Kadri / Katri,Türi,Katri,0,3.69179229480737,-1.9214037302991192,19
Catherine / Kadri / Katri,Karuse,Other,0,3.7855946398659968,-1.9456604636642016,30
Catherine / Kadri / Katri,Karula,Kati,0,3.7889447236180906,-1.9465211849908262,78
Catherine / Kadri / Katri,Juva,Kadri,0,3.818537130094919,-1.9541077580560695,7
Catherine / Kadri / Katri,Lemi,Kadri,0,3.818537130094919,-1.9541077580560695,7
Catherine / Kadri / Katri,Kalajoki,Katri,0,4.080402010050252,-2.0200004975371297,21
Catherine / Kadri / Katri,Põlva,Katri,0,4.274706867671692,-2.0675364247508896,22
Catherine / Kadri / Katri,Tori,Katri,0,4.274706867671692,-2.0675364247508896,22
Catherine / Kadri / Katri,Tõstamaa,Katri,0,4.274706867671692,-2.0675364247508896,22
Catherine / Kadri / Katri,Sortavala,Kadri,0,4.364042434394193,-2.0890290649950742,8
Catherine / Kadri / Katri,Setumaa,Katri,1,6.217755443886097,-2.0925069140304906,32
Catherine / Kadri / Katri,Juuru,Katri,0,4.469011725293132,-2.1140037193186614,23
Catherine / Kadri / Katri,Peetri,Katri,0,4.469011725293132,-2.1140037193186614,23
Catherine / Kadri / Katri,Palamuse,Kadri,9,18.001675041876048,-2.121616440446381,33
Catherine / Kadri / Katri,Helme,Kati,0,4.517587939698492,-2.125461817981799,93
Catherine / Kadri / Katri,Häädemeeste,Other,0,4.542713567839196,-2.131364250389688,36
Catherine / Kadri / Katri,Viljandi,Kaisa,0,4.623115577889447,-2.1501431528829533,69
Catherine / Kadri / Katri,Räpina,Kadri,27,40.91289782244556,-2.1751413023734814,75
Catherine / Kadri / Katri,Pärnu-Jaagupi,Other,0,4.795086543830262,-2.189768605088278,38
Catherine / Kadri / Katri,Narvusi,Other,3,9.968732551647124,-2.2071600414281165,79
Catherine / Kadri / Katri,Tuupovaara,Kadri,0,4.909547738693467,-2.2157499269307146,9
Catherine / Kadri / Katri,Räpina,Kaisa,0,5.025125628140704,-2.2416791983111017,75
Catherine / Kadri / Katri,Karksi,Other,0,5.047459519821329,-2.246655184896278,40
Catherine / Kadri / Katri,Risti,Katri,0,5.051926298157454,-2.2476490602755255,26
Catherine / Kadri / Katri,Simuna,Katri,0,5.051926298157454,-2.2476490602755255,26
Catherine / Kadri / Katri,Vigala,Katri,0,5.051926298157454,-2.2476490602755255,26
Catherine / Kadri / Katri,Karula,Kaisa,0,5.226130653266332,-2.2860731950806676,78
Catherine / Kadri / Katri,Hietamäki,Kadri,0,5.455053042992741,-2.3356054981509056,10
Catherine / Kadri / Katri,Karuse,Katri,0,5.8291457286432165,-2.4143623855260867,30
Catherine / Kadri / Katri,Moloskovitsa,Kadri,0,6.000558347292015,-2.4496037122955245,11
Catherine / Kadri / Katri,Pyhäjärvi Vpl.,Kadri,0,6.000558347292015,-2.4496037122955245,11
Catherine / Kadri / Katri,Toksova,Kadri,0,6.000558347292015,-2.4496037122955245,11
Catherine / Kadri / Katri,Helme,Kaisa,0,6.231155778894473,-2.4962283106507854,93
Catherine / Kadri / Katri,Kose,Katri,0,6.4120603015075375,-2.5322046326289542,33
Catherine / Kadri / Katri,Palamuse,Katri,0,6.4120603015075375,-2.5322046326289542,33
Catherine / Kadri / Katri,Ilomantsi,Kadri,0,6.54606365159129,-2.5585276335406837,12
Catherine / Kadri / Katri,Suistamo,Kadri,0,6.54606365159129,-2.5585276335406837,12
Catherine / Kadri / Katri,Paistu,Kati,0,6.849246231155779,-2.617106461563186,141
Catherine / Kadri / Katri,Koprina,Kadri,0,7.091568955890564,-2.662999991718093,13
Catherine / Kadri / Katri,Ambla,Katri,0,7.38358458961474,-2.717275214183271,38
Catherine / Kadri / Katri,Pärnu-Jaagupi,Katri,0,7.38358458961474,-2.717275214183271,38
Catherine / Kadri / Katri,Halliste,Katri,0,7.772194304857622,-2.787865546409586,40
Catherine / Kadri / Katri,Karksi,Katri,0,7.772194304857622,-2.787865546409586,40
Catherine / Kadri / Katri,Kupanitsa,Kadri,0,8.182579564489112,-2.8605208554543196,15
Catherine / Kadri / Katri,Audru,Katri,0,8.938023450586265,-2.989652730767616,46
Catherine / Kadri / Katri,Paistu,Kaisa,0,9.447236180904522,-3.0736356617049654,141
Catherine / Kadri / Katri,Helme,Other,1,11.73534338358459,-3.1337766446309985,93
Catherine / Kadri / Katri,Viljandi,Kadri,17,37.63986599664992,-3.3642079984512034,69
Catherine / Kadri / Katri,Kalajoki,Kadri,0,11.455611390284757,-3.3846139204176238,21
Catherine / Kadri / Katri,Karula,Kadri,20,42.549413735343386,-3.4569131194315137,78
Catherine / Kadri / Katri,Soikkola,Kadri,0,12.00111669458403,-3.4642627923678124,22
Catherine / Kadri / Katri,Venjoki,Kadri,0,12.00111669458403,-3.4642627923678124,22
Catherine / Kadri / Katri,Vuole,Kadri,0,12.00111669458403,-3.4642627923678124,22
Catherine / Kadri / Katri,Tyrö,Kadri,0,13.09212730318258,-3.618304479059575,24
Catherine / Kadri / Katri,Paistu,Other,2,17.792294807370183,-3.7439432722897545,141
Catherine / Kadri / Katri,Räpina,Katri,0,14.57286432160804,-3.81744211764999,75
Catherine / Kadri / Katri,Paistu,Kadri,32,76.91624790619765,-5.1214675449005,141
Catherine / Kadri / Katri,Narvusi,Kadri,0,43.094919039642654,-6.564672043571001,79
John / Jaan / Jussi / Hans,Narvusi,Iivana,9,0.09836065573770492,28.383064680469897,11
John / Jaan / Jussi / Hans,Ilomantsi,Iivana,4,0.11624441132637854,11.39110486530398,13
John / Jaan / Jussi / Hans,Uskela,Jussi/Juss,17,2.745156482861401,8.603574057266302,18
John / Jaan / Jussi / Hans,Paide,Other,11,1.406855439642325,8.087908919731948,16
John / Jaan / Jussi / Hans,Hattula,Jussi/Juss,13,1.9826130153999006,7.824554642960631,13
John / Jaan / Jussi / Hans,Heinävesi,Jussi/Juss,13,1.9826130153999006,7.824554642960631,13
John / Jaan / Jussi / Hans,Saarijärvi,Jussi/Juss,13,1.9826130153999006,7.824554642960631,13
John / Jaan / Jussi / Hans,Muurla,Jussi/Juss,17,3.202682563338301,7.709704074359739,21
John / Jaan / Jussi / Hans,Nurmes,Jussi/Juss,11,1.6775956284153006,7.197543432243684,11
John / Jaan / Jussi / Hans,Kiuruvesi,Jussi/Juss,10,1.5250869349230005,6.86258839711467,10
John / Jaan / Jussi / Hans,Tammela,Jussi/Juss,10,1.5250869349230005,6.86258839711467,10
John / Jaan / Jussi / Hans,Vuokkiniemi,Jussi/Juss,11,1.8301043219076005,6.7783887343017035,12
John / Jaan / Jussi / Hans,Karja,Hans,14,2.8837555886736213,6.54604312949992,15
John / Jaan / Jussi / Hans,Haljala,Ants,18,4.358668653750621,6.534010535822841,41
John / Jaan / Jussi / Hans,Mynämäki,Jussi/Juss,9,1.3725782414307004,6.510422993737935,9
John / Jaan / Jussi / Hans,Karula,Other,7,0.9672131147540983,6.134185362695411,11
John / Jaan / Jussi / Hans,Heinjoki,Jussi/Juss,7,1.0675608544461004,5.7416533904224,7
John / Jaan / Jussi / Hans,Lapua,Jussi/Juss,7,1.0675608544461004,5.7416533904224,7
John / Jaan / Jussi / Hans,Pöytyä,Jussi/Juss,7,1.0675608544461004,5.7416533904224,7
John / Jaan / Jussi / Hans,Ruovesi,Jussi/Juss,7,1.0675608544461004,5.7416533904224,7
John / Jaan / Jussi / Hans,Sakkola,Jussi/Juss,7,1.0675608544461004,5.7416533904224,7
John / Jaan / Jussi / Hans,Peetri,Jaan,59,28.931942374565324,5.590061401091398,64
John / Jaan / Jussi / Hans,Mustjala,Ants,7,1.169398907103825,5.391777820532142,11
John / Jaan / Jussi / Hans,Kangasniemi,Jussi/Juss,6,0.9150521609538003,5.315738114780274,6
John / Jaan / Jussi / Hans,Ranua,Jussi/Juss,6,0.9150521609538003,5.315738114780274,6
John / Jaan / Jussi / Hans,Renko,Jussi/Juss,6,0.9150521609538003,5.315738114780274,6
John / Jaan / Jussi / Hans,Kitee,Jussi/Juss,7,1.2200695479384005,5.232754007124591,8
John / Jaan / Jussi / Hans,Leppävirta,Jussi/Juss,7,1.2200695479384005,5.232754007124591,8
John / Jaan / Jussi / Hans,Vuole,Other,6,0.9672131147540983,5.117377462900792,11
John / Jaan / Jussi / Hans,Põltsamaa,Hans,22,8.07451564828614,4.900631749422763,42
John / Jaan / Jussi / Hans,Hartola,Jussi/Juss,5,0.7625434674615003,4.852582792091902,5
John / Jaan / Jussi / Hans,Hauho,Jussi/Juss,5,0.7625434674615003,4.852582792091902,5
John / Jaan / Jussi / Hans,Hausjärvi,Jussi/Juss,5,0.7625434674615003,4.852582792091902,5
John / Jaan / Jussi / Hans,Muolaa,Jussi/Juss,5,0.7625434674615003,4.852582792091902,5
John / Jaan / Jussi / Hans,Pudasjärvi,Jussi/Juss,5,0.7625434674615003,4.852582792091902,5
John / Jaan / Jussi / Hans,Savonlinna,Jussi/Juss,5,0.7625434674615003,4.852582792091902,5
John / Jaan / Jussi / Hans,Tuulos,Jussi/Juss,5,0.7625434674615003,4.852582792091902,5
John / Jaan / Jussi / Hans,Tuusniemi,Jussi/Juss,5,0.7625434674615003,4.852582792091902,5
John / Jaan / Jussi / Hans,Varkaus,Jussi/Juss,5,0.7625434674615003,4.852582792091902,5
John / Jaan / Jussi / Hans,Kaarma,Hans,11,2.8837555886736213,4.779427655618255,15
John / Jaan / Jussi / Hans,Paistu,Jaan,70,40.23348236462991,4.692823471138432,89
John / Jaan / Jussi / Hans,Koeru,Jaan,56,30.740188772975657,4.555927827099091,68
John / Jaan / Jussi / Hans,Joroinen,Iivana,1,0.044709388971684055,4.51789509126079,5
John / Jaan / Jussi / Hans,Jõelähtme,Ants,6,1.169398907103825,4.46703991879139,11
John / Jaan / Jussi / Hans,Saarde,Hans,10,2.69150521609538,4.454821719897804,14
John / Jaan / Jussi / Hans,Vändra,Hans,14,4.6140089418777945,4.369592327351886,24
John / Jaan / Jussi / Hans,Hämeenlinna,Jussi/Juss,6,1.2200695479384005,4.327422351229292,8
John / Jaan / Jussi / Hans,Kuusalu,Ants,11,3.295578738201689,4.243988270594669,31
John / Jaan / Jussi / Hans,Suistamo,Iivana,1,0.05365126676602087,4.085650518051551,6
John / Jaan / Jussi / Hans,Tarvastu,Ants,12,3.9334326875310484,4.067269040315444,37
John / Jaan / Jussi / Hans,Audru,Hans,11,3.4605067064083457,4.0529599445245985,18
John / Jaan / Jussi / Hans,Suonenjoki,Other,3,0.4396423248882265,3.861454229376051,5
John / Jaan / Jussi / Hans,Palamuse,Hans,8,2.3070044709388973,3.748147080641628,12
John / Jaan / Jussi / Hans,Helme,Jaan,34,18.082463984103327,3.743234516223101,40
John / Jaan / Jussi / Hans,Kontiolahti,Jussi/Juss,4,0.7625434674615003,3.7074187638995233,5
John / Jaan / Jussi / Hans,Liissilä,Jussi/Juss,4,0.7625434674615003,3.7074187638995233,5
John / Jaan / Jussi / Hans,Pyhäjärvi Ol.,Jussi/Juss,4,0.7625434674615003,3.7074187638995233,5
John / Jaan / Jussi / Hans,Somero,Jussi/Juss,4,0.7625434674615003,3.7074187638995233,5
John / Jaan / Jussi / Hans,Märjamaa,Ants,9,2.8703427719821164,3.618006210636794,27
John / Jaan / Jussi / Hans,Leppävirta,Iivana,1,0.07153502235469449,3.4714120598138964,8
John / Jaan / Jussi / Hans,Võnnu,Hans,11,4.03725782414307,3.4652699421149293,21
John / Jaan / Jussi / Hans,Kose,Hans,19,8.843517138599106,3.415315499774634,46
John / Jaan / Jussi / Hans,Äksi,Other,4,0.879284649776453,3.3280466972787472,10
John / Jaan / Jussi / Hans,Muhu,Jaan,41,24.863387978142075,3.236176529114663,55
John / Jaan / Jussi / Hans,Pielavesi,Jussi/Juss,4,0.9150521609538003,3.2249642138321124,6
John / Jaan / Jussi / Hans,Suistamo,Jussi/Juss,4,0.9150521609538003,3.2249642138321124,6
John / Jaan / Jussi / Hans,Kõpu,Hans,7,2.3070044709388973,3.0897683656912265,12
John / Jaan / Jussi / Hans,Sangaste,Ants,5,1.3820168902136116,3.0775836047463514,13
John / Jaan / Jussi / Hans,Ambla,Hans,13,5.7675111773472425,3.0115740669639486,30
John / Jaan / Jussi / Hans,Laiuse,Ants,6,1.9135618479880776,2.9540897007602207,18
John / Jaan / Jussi / Hans,Hanila,Jaan,15,7.232985593641331,2.8879875099067855,16
John / Jaan / Jussi / Hans,Vuole,Iivana,1,0.09836065573770492,2.874896054191242,11
John / Jaan / Jussi / Hans,Türi,Hans,7,2.4992548435171384,2.8469454880892267,13
John / Jaan / Jussi / Hans,Järva-Madise,Hans,8,3.076005961251863,2.807526938720172,16
John / Jaan / Jussi / Hans,Viljandi,Hans,19,10.189269746646795,2.7601988802243427,53
John / Jaan / Jussi / Hans,Vuokkiniemi,Iivana,1,0.10730253353204174,2.7252058597427986,12
John / Jaan / Jussi / Hans,Martna,Jaan,11,4.972677595628415,2.7028956007577225,11
John / Jaan / Jussi / Hans,Ilomantsi,Other,4,1.1430700447093889,2.672164381691327,13
John / Jaan / Jussi / Hans,Viru-Nigula,Hans,6,2.1147540983606556,2.671705431426553,11
John / Jaan / Jussi / Hans,Karksi,Jaan,41,27.12369597615499,2.6643996784425314,60
John / Jaan / Jussi / Hans,Vaivara,Ants,3,0.7441629408842524,2.6150121302876985,7
John / Jaan / Jussi / Hans,Harju-Jaani,Other,5,1.6706408345752608,2.575841301045207,19
John / Jaan / Jussi / Hans,Kadrina,Other,6,2.1982116244411327,2.5642076314104334,25
John / Jaan / Jussi / Hans,Risti,Other,6,2.1982116244411327,2.5642076314104334,25
John / Jaan / Jussi / Hans,Joroinen,Jussi/Juss,3,0.7625434674615003,2.562254735707143,5
John / Jaan / Jussi / Hans,Lempaala,Jussi/Juss,3,0.7625434674615003,2.562254735707143,5
John / Jaan / Jussi / Hans,Maaninka,Jussi/Juss,3,0.7625434674615003,2.562254735707143,5
John / Jaan / Jussi / Hans,Pöide,Other,3,0.7913561847988078,2.4827882593429127,9
John / Jaan / Jussi / Hans,Väike-Maarja,Ants,6,2.33879781420765,2.3940177899701647,22
John / Jaan / Jussi / Hans,Lempaala,Other,2,0.4396423248882265,2.3532843877512954,5
John / Jaan / Jussi / Hans,Maaninka,Other,2,0.4396423248882265,2.3532843877512954,5
John / Jaan / Jussi / Hans,Lüganuse,Ants,3,0.8504719324391455,2.330843569509386,8
John / Jaan / Jussi / Hans,Väike-Maarja,Hans,9,4.229508196721311,2.319627338047857,22
John / Jaan / Jussi / Hans,Järva-Jaani,Hans,6,2.4992548435171384,2.214395679311786,13
John / Jaan / Jussi / Hans,Ilomantsi,Jussi/Juss,5,1.9826130153999006,2.142949991042604,13
John / Jaan / Jussi / Hans,Rõuge,Ants,5,2.0198708395429708,2.0968785994172334,19
John / Jaan / Jussi / Hans,Jüri,Hans,7,3.2682563338301045,2.0642093867138662,17
John / Jaan / Jussi / Hans,Suure-Jaani,Jaan,24,15.822155986090412,2.0559189594631526,35
John / Jaan / Jussi / Hans,Setumaa,Other,4,1.4947839046199702,2.0490661872216296,17
John / Jaan / Jussi / Hans,Halliste,Jaan,35,24.863387978142075,2.0328843418583475,55
John / Jaan / Jussi / Hans,Pielavesi,Other,2,0.5275707898658718,2.027188124920989,6
John / Jaan / Jussi / Hans,Rapla,Hans,6,2.69150521609538,2.0166607296437857,14
John / Jaan / Jussi / Hans,Tõstamaa,Ants,2,0.531544957774466,2.0141446329979087,5
John / Jaan / Jussi / Hans,Räpina,Jaan,12,6.780923994038748,2.004237498422456,15
John / Jaan / Jussi / Hans,Lihula,Jaan,6,2.712369597615499,1.996220696752484,6
John / Jaan / Jussi / Hans,Häädemeeste,Jaan,10,5.424739195230998,1.9643841603151186,12
John / Jaan / Jussi / Hans,Viljandi,Ants,10,5.634376552409339,1.8391762044570321,53
John / Jaan / Jussi / Hans,Tarvastu,Hans,12,7.113263785394933,1.83224877245161,37
John / Jaan / Jussi / Hans,Hargla,Jaan,5,2.260307998012916,1.8222918422833585,5
John / Jaan / Jussi / Hans,Nõo,Jaan,9,4.972677595628415,1.80601455825788,11
John / Jaan / Jussi / Hans,Vuole,Jussi/Juss,4,1.6775956284153006,1.7930574201076002,11
John / Jaan / Jussi / Hans,Põlva,Ants,2,0.6378539493293591,1.7055444839442144,6
John / Jaan / Jussi / Hans,Pilistvere,Hans,6,3.076005961251863,1.6671815538041699,16
John / Jaan / Jussi / Hans,Karuse,Jaan,24,17.17834078489816,1.64588471800657,38
John / Jaan / Jussi / Hans,Kihelkonna,Jaan,8,4.520615996025832,1.6364530648290743,10
John / Jaan / Jussi / Hans,Vigala,Jaan,15,9.94535519125683,1.6028042815275996,22
John / Jaan / Jussi / Hans,Muurla,Other,4,1.8464977645305514,1.5847871233049513,21
John / Jaan / Jussi / Hans,Kolga-Jaani,Ants,12,7.65424739195231,1.5707741734895702,72
John / Jaan / Jussi / Hans,Hämeenlinna,Other,2,0.7034277198211625,1.5459199195906832,8
John / Jaan / Jussi / Hans,Urvaste,Other,2,0.7034277198211625,1.5459199195906832,8
John / Jaan / Jussi / Hans,Pärnu,Jaan,17,11.753601589667163,1.530297204979287,26
John / Jaan / Jussi / Hans,Tarvastu,Other,6,3.253353204172876,1.5227801510142982,37
John / Jaan / Jussi / Hans,Kullamaa,Ants,2,0.7441629408842524,1.4557918223667257,7
John / Jaan / Jussi / Hans,Rõngu,Jaan,7,4.068554396423249,1.4533217606617583,9
John / Jaan / Jussi / Hans,Muhu,Other,8,4.836065573770492,1.4387369039734947,55
John / Jaan / Jussi / Hans,Suonenjoki,Jussi/Juss,2,0.7625434674615003,1.4170907075147634,5
John / Jaan / Jussi / Hans,Kose,Ants,8,4.890213611525087,1.4062633011462857,46
John / Jaan / Jussi / Hans,Mihkli,Jaan,11,7.232985593641331,1.4006785601293992,16
John / Jaan / Jussi / Hans,Varbla,Jaan,5,2.712369597615499,1.3890293606142625,6
John / Jaan / Jussi / Hans,Märjamaa,Jaan,17,12.205663189269746,1.3722961658488029,27
John / Jaan / Jussi / Hans,Rannu,Other,2,0.7913561847988078,1.3586648301802309,9
John / Jaan / Jussi / Hans,Torma,Jaan,8,4.972677595628415,1.3575740370079585,11
John / Jaan / Jussi / Hans,Tori,Ants,4,2.126179831097864,1.2850733348559051,20
John / Jaan / Jussi / Hans,Haljala,Other,6,3.6050670640834577,1.2613531104699514,41
John / Jaan / Jussi / Hans,Setumaa,Jaan,11,7.685047193243914,1.1957876962803744,17
John / Jaan / Jussi / Hans,Kursi,Other,2,0.879284649776453,1.195172452890935,10
John / Jaan / Jussi / Hans,Pühalepa,Jaan,4,2.260307998012916,1.1571470592341473,5
John / Jaan / Jussi / Hans,Kolga-Jaani,Hans,18,13.842026825633383,1.1175882827854942,72
John / Jaan / Jussi / Hans,Simuna,Ants,3,1.594634873323398,1.1129061537112002,15
John / Jaan / Jussi / Hans,Jõhvi,Jaan,8,5.424739195230998,1.105685937793005,12
John / Jaan / Jussi / Hans,Paide,Hans,5,3.076005961251863,1.0970088613461688,16
John / Jaan / Jussi / Hans,Kolga-Jaani,Other,9,6.330849478390462,1.0608209103398134,72
John / Jaan / Jussi / Hans,Halliste,Hans,14,10.573770491803279,1.0536624698310224,55
John / Jaan / Jussi / Hans,Narvusi,Other,2,0.9672131147540983,1.0501458637223124,11
John / Jaan / Jussi / Hans,Maarja-Magdaleena,Jaan,5,3.1644311972180823,1.0318648985989523,7
John / Jaan / Jussi / Hans,Tartu-Maarja,Jaan,10,7.232985593641331,1.0288513226850526,16
John / Jaan / Jussi / Hans,Karuse,Ants,6,4.0397416790859415,0.9752961469803247,38
John / Jaan / Jussi / Hans,Kose,Other,6,4.044709388971684,0.9722269450826349,46
John / Jaan / Jussi / Hans,Äksi,Ants,2,1.063089915548932,0.9086840693986212,10
John / Jaan / Jussi / Hans,Pärnu,Hans,7,4.998509687034277,0.8952271060191992,26
John / Jaan / Jussi / Hans,Puhja,Jaan,8,5.876800794833581,0.87583088929941,13
John / Jaan / Jussi / Hans,Joroinen,Other,1,0.4396423248882265,0.8451145461265398,5
John / Jaan / Jussi / Hans,Kontiolahti,Other,1,0.4396423248882265,0.8451145461265398,5
John / Jaan / Jussi / Hans,Liissilä,Other,1,0.4396423248882265,0.8451145461265398,5
John / Jaan / Jussi / Hans,Pyhäjärvi Ol.,Other,1,0.4396423248882265,0.8451145461265398,5
John / Jaan / Jussi / Hans,Somero,Other,1,0.4396423248882265,0.8451145461265398,5
John / Jaan / Jussi / Hans,Laiuse,Hans,5,3.4605067064083457,0.8275761262490433,18
John / Jaan / Jussi / Hans,Kadrina,Ants,4,2.6577247888723297,0.8233539365061544,25
John / Jaan / Jussi / Hans,Puhja,Other,2,1.1430700447093889,0.801509921477576,13
John / Jaan / Jussi / Hans,Sangaste,Other,2,1.1430700447093889,0.801509921477576,13
John / Jaan / Jussi / Hans,Türi,Other,2,1.1430700447093889,0.801509921477576,13
John / Jaan / Jussi / Hans,Kuusalu,Jaan,17,14.013909587680079,0.7976700710858462,31
John / Jaan / Jussi / Hans,Põlva,Jaan,4,2.712369597615499,0.7818380244760409,6
John / Jaan / Jussi / Hans,Otepää,Hans,3,1.9225037257824142,0.7771094354205357,10
John / Jaan / Jussi / Hans,Nõo,Ants,2,1.169398907103825,0.7680883118283839,11
John / Jaan / Jussi / Hans,Urvaste,Jaan,5,3.6164927968206655,0.7275077471033494,8
John / Jaan / Jussi / Hans,Põltsamaa,Ants,6,4.464977645305514,0.7264488826365455,42
John / Jaan / Jussi / Hans,Harju-Jaani,Hans,5,3.6527570789865873,0.7049129916696191,19
John / Jaan / Jussi / Hans,Kursi,Jaan,6,4.520615996025832,0.6957962916991696,10
John / Jaan / Jussi / Hans,Simuna,Hans,4,2.8837555886736213,0.6573248832277035,15
John / Jaan / Jussi / Hans,Tori,Jaan,11,9.041231992051664,0.651432160845266,20
John / Jaan / Jussi / Hans,Suistamo,Other,1,0.5275707898658718,0.6504237202428679,6
John / Jaan / Jussi / Hans,Pühalepa,Ants,1,0.531544957774466,0.6425366674279526,5
John / Jaan / Jussi / Hans,Viljandi,Other,6,4.660208643815201,0.6206324670570958,53
John / Jaan / Jussi / Hans,Tori,Hans,5,3.8450074515648285,0.5890207433197516,20
John / Jaan / Jussi / Hans,Vaivara,Hans,2,1.34575260804769,0.5639743923671695,7
John / Jaan / Jussi / Hans,Risti,Hans,6,4.806259314456036,0.5445106726186094,25
John / Jaan / Jussi / Hans,Tartu-Maarja,Hans,4,3.076005961251863,0.5268361688881679,16
John / Jaan / Jussi / Hans,Võnnu,Ants,3,2.232488822652757,0.5136769310976916,21
John / Jaan / Jussi / Hans,Tartu-Maarja,Other,2,1.406855439642325,0.5000757728838457,16
John / Jaan / Jussi / Hans,Tõstamaa,Jaan,3,2.260307998012916,0.49200227618493586,5
John / Jaan / Jussi / Hans,Maarja-Magdaleena,Other,1,0.6154992548435171,0.49009855274756786,7
John / Jaan / Jussi / Hans,Vaivara,Other,1,0.6154992548435171,0.49009855274756786,7
John / Jaan / Jussi / Hans,Kullamaa,Jaan,4,3.1644311972180823,0.4697149551944351,7
John / Jaan / Jussi / Hans,Rannu,Jaan,5,4.068554396423249,0.46178246081016733,9
John / Jaan / Jussi / Hans,Varbla,Ants,1,0.6378539493293591,0.45344344595015773,6
John / Jaan / Jussi / Hans,Kitee,Other,1,0.7034277198211625,0.35360697011327114,8
John / Jaan / Jussi / Hans,Puhja,Hans,3,2.4992548435171384,0.31674625297946374,13
John / Jaan / Jussi / Hans,Järva-Madise,Jaan,8,7.232985593641331,0.2851968477963594,16
John / Jaan / Jussi / Hans,Pilistvere,Jaan,8,7.232985593641331,0.2851968477963594,16
John / Jaan / Jussi / Hans,Rapla,Jaan,7,6.328862394436165,0.2667772230604729,14
John / Jaan / Jussi / Hans,Karuse,Hans,8,7.305514157973175,0.25694371742824673,38
John / Jaan / Jussi / Hans,Rõuge,Other,2,1.6706408345752608,0.2548168878831651,19
John / Jaan / Jussi / Hans,Rõngu,Other,1,0.7913561847988078,0.2345414010175491,9
John / Jaan / Jussi / Hans,Otepää,Jaan,5,4.520615996025832,0.2254679051342172,10
John / Jaan / Jussi / Hans,Ambla,Other,3,2.6378539493293593,0.22297613349643527,30
John / Jaan / Jussi / Hans,Risti,Ants,3,2.6577247888723297,0.20995220660723193,25
John / Jaan / Jussi / Hans,Pöide,Hans,2,1.7302533532041728,0.2050695625134589,9
John / Jaan / Jussi / Hans,Lüganuse,Jaan,4,3.6164927968206655,0.2016646250498334,8
John / Jaan / Jussi / Hans,Rõuge,Hans,4,3.6527570789865873,0.18168664497679335,19
John / Jaan / Jussi / Hans,Urvaste,Ants,1,0.8504719324391455,0.16214095549395086,8
John / Jaan / Jussi / Hans,Setumaa,Ants,2,1.8072528564331842,0.1433766704427432,17
John / Jaan / Jussi / Hans,Kihelkonna,Other,1,0.879284649776453,0.12873533069702892,10
John / Jaan / Jussi / Hans,Otepää,Other,1,0.879284649776453,0.12873533069702892,10
John / Jaan / Jussi / Hans,Jüri,Jaan,8,7.685047193243914,0.11361147901120308,17
John / Jaan / Jussi / Hans,Kadrina,Hans,5,4.806259314456036,0.08837251865220862,25
John / Jaan / Jussi / Hans,Simuna,Jaan,7,6.780923994038748,0.08412990070476913,15
John / Jaan / Jussi / Hans,Kolga-Jaani,Jaan,33,32.54843517138599,0.07915075309598407,72
John / Jaan / Jussi / Hans,Sangaste,Jaan,6,5.876800794833581,0.050820323010354274,13
John / Jaan / Jussi / Hans,Rannu,Ants,1,0.9567809239940388,0.04418442664448269,9
John / Jaan / Jussi / Hans,Jõelähtme,Other,1,0.9672131147540983,0.03333796392769249,11
John / Jaan / Jussi / Hans,Torma,Other,1,0.9672131147540983,0.03333796392769249,11
John / Jaan / Jussi / Hans,Harju-Jaani,Ants,2,2.0198708395429708,-0.013981520916267646,19
John / Jaan / Jussi / Hans,Pöide,Jaan,4,4.068554396423249,-0.0339871891156282,9
John / Jaan / Jussi / Hans,Mihkli,Hans,3,3.076005961251863,-0.04333652356983315,16
John / Jaan / Jussi / Hans,Suure-Jaani,Other,3,3.0774962742175855,-0.04417555917839297,35
John / Jaan / Jussi / Hans,Jõhvi,Other,1,1.0551415797317436,-0.05368140018753183,12
John / Jaan / Jussi / Hans,Kõpu,Other,1,1.0551415797317436,-0.05368140018753183,12
John / Jaan / Jussi / Hans,Kihelkonna,Ants,1,1.063089915548932,-0.06118922418537907,10
John / Jaan / Jussi / Hans,Otepää,Ants,1,1.063089915548932,-0.06118922418537907,10
John / Jaan / Jussi / Hans,Vändra,Other,2,2.110283159463487,-0.07591696419238513,24
John / Jaan / Jussi / Hans,Torma,Hans,2,2.1147540983606556,-0.07891113088601627,11
John / Jaan / Jussi / Hans,Vigala,Hans,4,4.229508196721311,-0.11159719152120265,22
John / Jaan / Jussi / Hans,Järva-Jaani,Other,1,1.1430700447093889,-0.13381730862929955,13
John / Jaan / Jussi / Hans,Karula,Ants,1,1.169398907103825,-0.15664958991236771,11
John / Jaan / Jussi / Hans,Viru-Nigula,Ants,1,1.169398907103825,-0.15664958991236771,11
John / Jaan / Jussi / Hans,Jõhvi,Hans,2,2.3070044709388973,-0.20212520906077897,12
John / Jaan / Jussi / Hans,Hargla,Iivana,0,0.044709388971684055,-0.21144594810892936,5
John / Jaan / Jussi / Hans,Hartola,Iivana,0,0.044709388971684055,-0.21144594810892936,5
John / Jaan / Jussi / Hans,Hauho,Iivana,0,0.044709388971684055,-0.21144594810892936,5
John / Jaan / Jussi / Hans,Hausjärvi,Iivana,0,0.044709388971684055,-0.21144594810892936,5
John / Jaan / Jussi / Hans,Kontiolahti,Iivana,0,0.044709388971684055,-0.21144594810892936,5
John / Jaan / Jussi / Hans,Lempaala,Iivana,0,0.044709388971684055,-0.21144594810892936,5
John / Jaan / Jussi / Hans,Liissilä,Iivana,0,0.044709388971684055,-0.21144594810892936,5
John / Jaan / Jussi / Hans,Maaninka,Iivana,0,0.044709388971684055,-0.21144594810892936,5
John / Jaan / Jussi / Hans,Muolaa,Iivana,0,0.044709388971684055,-0.21144594810892936,5
John / Jaan / Jussi / Hans,Pudasjärvi,Iivana,0,0.044709388971684055,-0.21144594810892936,5
John / Jaan / Jussi / Hans,Pyhäjärvi Ol.,Iivana,0,0.044709388971684055,-0.21144594810892936,5
John / Jaan / Jussi / Hans,Pühalepa,Iivana,0,0.044709388971684055,-0.21144594810892936,5
John / Jaan / Jussi / Hans,Savonlinna,Iivana,0,0.044709388971684055,-0.21144594810892936,5
John / Jaan / Jussi / Hans,Somero,Iivana,0,0.044709388971684055,-0.21144594810892936,5
John / Jaan / Jussi / Hans,Suonenjoki,Iivana,0,0.044709388971684055,-0.21144594810892936,5
John / Jaan / Jussi / Hans,Tuulos,Iivana,0,0.044709388971684055,-0.21144594810892936,5
John / Jaan / Jussi / Hans,Tuusniemi,Iivana,0,0.044709388971684055,-0.21144594810892936,5
John / Jaan / Jussi / Hans,Tõstamaa,Iivana,0,0.044709388971684055,-0.21144594810892936,5
John / Jaan / Jussi / Hans,Varkaus,Iivana,0,0.044709388971684055,-0.21144594810892936,5
John / Jaan / Jussi / Hans,Vigala,Ants,2,2.33879781420765,-0.221535974594254,22
John / Jaan / Jussi / Hans,Kangasniemi,Iivana,0,0.05365126676602087,-0.2316274309446549,6
John / Jaan / Jussi / Hans,Lihula,Iivana,0,0.05365126676602087,-0.2316274309446549,6
John / Jaan / Jussi / Hans,Pielavesi,Iivana,0,0.05365126676602087,-0.2316274309446549,6
John / Jaan / Jussi / Hans,Põlva,Iivana,0,0.05365126676602087,-0.2316274309446549,6
John / Jaan / Jussi / Hans,Ranua,Iivana,0,0.05365126676602087,-0.2316274309446549,6
John / Jaan / Jussi / Hans,Renko,Iivana,0,0.05365126676602087,-0.2316274309446549,6
John / Jaan / Jussi / Hans,Varbla,Iivana,0,0.05365126676602087,-0.2316274309446549,6
John / Jaan / Jussi / Hans,Jõhvi,Ants,1,1.2757078986587183,-0.244103263664408,12
John / Jaan / Jussi / Hans,Heinjoki,Iivana,0,0.06259314456035768,-0.2501862197651135,7
John / Jaan / Jussi / Hans,Kullamaa,Iivana,0,0.06259314456035768,-0.2501862197651135,7
John / Jaan / Jussi / Hans,Lapua,Iivana,0,0.06259314456035768,-0.2501862197651135,7
John / Jaan / Jussi / Hans,Maarja-Magdaleena,Iivana,0,0.06259314456035768,-0.2501862197651135,7
John / Jaan / Jussi / Hans,Pöytyä,Iivana,0,0.06259314456035768,-0.2501862197651135,7
John / Jaan / Jussi / Hans,Ruovesi,Iivana,0,0.06259314456035768,-0.2501862197651135,7
John / Jaan / Jussi / Hans,Sakkola,Iivana,0,0.06259314456035768,-0.2501862197651135,7
John / Jaan / Jussi / Hans,Vaivara,Iivana,0,0.06259314456035768,-0.2501862197651135,7
John / Jaan / Jussi / Hans,Hämeenlinna,Iivana,0,0.07153502235469449,-0.26746031921519586,8
John / Jaan / Jussi / Hans,Kitee,Iivana,0,0.07153502235469449,-0.26746031921519586,8
John / Jaan / Jussi / Hans,Lüganuse,Iivana,0,0.07153502235469449,-0.26746031921519586,8
John / Jaan / Jussi / Hans,Urvaste,Iivana,0,0.07153502235469449,-0.26746031921519586,8
John / Jaan / Jussi / Hans,Räpina,Other,1,1.3189269746646797,-0.27770319598477766,15
John / Jaan / Jussi / Hans,Mynämäki,Iivana,0,0.08047690014903129,-0.2836845081230755,9
John / Jaan / Jussi / Hans,Pöide,Iivana,0,0.08047690014903129,-0.2836845081230755,9
John / Jaan / Jussi / Hans,Rannu,Iivana,0,0.08047690014903129,-0.2836845081230755,9
John / Jaan / Jussi / Hans,Rõngu,Iivana,0,0.08047690014903129,-0.2836845081230755,9
John / Jaan / Jussi / Hans,Paistu,Other,7,7.825633383010432,-0.29513960757897273,89
John / Jaan / Jussi / Hans,Kullamaa,Hans,1,1.34575260804769,-0.29804569254939256,7
John / Jaan / Jussi / Hans,Maarja-Magdaleena,Hans,1,1.34575260804769,-0.29804569254939256,7
John / Jaan / Jussi / Hans,Kihelkonna,Iivana,0,0.08941877794336811,-0.29902972752448564,10
John / Jaan / Jussi / Hans,Kiuruvesi,Iivana,0,0.08941877794336811,-0.29902972752448564,10
John / Jaan / Jussi / Hans,Kursi,Iivana,0,0.08941877794336811,-0.29902972752448564,10
John / Jaan / Jussi / Hans,Otepää,Iivana,0,0.08941877794336811,-0.29902972752448564,10
John / Jaan / Jussi / Hans,Tammela,Iivana,0,0.08941877794336811,-0.29902972752448564,10
John / Jaan / Jussi / Hans,Äksi,Iivana,0,0.08941877794336811,-0.29902972752448564,10
John / Jaan / Jussi / Hans,Jõelähtme,Iivana,0,0.09836065573770492,-0.31362502409359005,11
John / Jaan / Jussi / Hans,Karula,Iivana,0,0.09836065573770492,-0.31362502409359005,11
John / Jaan / Jussi / Hans,Martna,Iivana,0,0.09836065573770492,-0.31362502409359005,11
John / Jaan / Jussi / Hans,Mustjala,Iivana,0,0.09836065573770492,-0.31362502409359005,11
John / Jaan / Jussi / Hans,Nurmes,Iivana,0,0.09836065573770492,-0.31362502409359005,11
John / Jaan / Jussi / Hans,Nõo,Iivana,0,0.09836065573770492,-0.31362502409359005,11
John / Jaan / Jussi / Hans,Torma,Iivana,0,0.09836065573770492,-0.31362502409359005,11
John / Jaan / Jussi / Hans,Viru-Nigula,Iivana,0,0.09836065573770492,-0.31362502409359005,11
John / Jaan / Jussi / Hans,Järva-Jaani,Ants,1,1.3820168902136116,-0.32495699465192157,13
John / Jaan / Jussi / Hans,Häädemeeste,Iivana,0,0.10730253353204174,-0.3275706542595685,12
John / Jaan / Jussi / Hans,Jõhvi,Iivana,0,0.10730253353204174,-0.3275706542595685,12
John / Jaan / Jussi / Hans,Kõpu,Iivana,0,0.10730253353204174,-0.3275706542595685,12
John / Jaan / Jussi / Hans,Palamuse,Iivana,0,0.10730253353204174,-0.3275706542595685,12
John / Jaan / Jussi / Hans,Hattula,Iivana,0,0.11624441132637854,-0.3409463466975098,13
John / Jaan / Jussi / Hans,Heinävesi,Iivana,0,0.11624441132637854,-0.3409463466975098,13
John / Jaan / Jussi / Hans,Järva-Jaani,Iivana,0,0.11624441132637854,-0.3409463466975098,13
John / Jaan / Jussi / Hans,Puhja,Iivana,0,0.11624441132637854,-0.3409463466975098,13
John / Jaan / Jussi / Hans,Saarijärvi,Iivana,0,0.11624441132637854,-0.3409463466975098,13
John / Jaan / Jussi / Hans,Sangaste,Iivana,0,0.11624441132637854,-0.3409463466975098,13
John / Jaan / Jussi / Hans,Türi,Iivana,0,0.11624441132637854,-0.3409463466975098,13
John / Jaan / Jussi / Hans,Hanila,Other,1,1.406855439642325,-0.3430167989881656,16
John / Jaan / Jussi / Hans,Mihkli,Other,1,1.406855439642325,-0.3430167989881656,16
John / Jaan / Jussi / Hans,Halliste,Ants,5,5.8469945355191255,-0.3502791316915196,55
John / Jaan / Jussi / Hans,Muhu,Ants,5,5.8469945355191255,-0.3502791316915196,55
John / Jaan / Jussi / Hans,Rapla,Iivana,0,0.12518628912071536,-0.35381674511067923,14
John / Jaan / Jussi / Hans,Saarde,Iivana,0,0.12518628912071536,-0.35381674511067923,14
John / Jaan / Jussi / Hans,Põltsamaa,Other,3,3.6929955290611027,-0.3606127201080375,42
John / Jaan / Jussi / Hans,Järva-Jaani,Jaan,5,5.876800794833581,-0.36168496013417356,13
John / Jaan / Jussi / Hans,Kaarma,Iivana,0,0.13412816691505217,-0.36623512517923806,15
John / Jaan / Jussi / Hans,Karja,Iivana,0,0.13412816691505217,-0.36623512517923806,15
John / Jaan / Jussi / Hans,Räpina,Iivana,0,0.13412816691505217,-0.36623512517923806,15
John / Jaan / Jussi / Hans,Simuna,Iivana,0,0.13412816691505217,-0.36623512517923806,15
John / Jaan / Jussi / Hans,Hanila,Iivana,0,0.14307004470938897,-0.3782460108307673,16
John / Jaan / Jussi / Hans,Järva-Madise,Iivana,0,0.14307004470938897,-0.3782460108307673,16
John / Jaan / Jussi / Hans,Mihkli,Iivana,0,0.14307004470938897,-0.3782460108307673,16
John / Jaan / Jussi / Hans,Paide,Iivana,0,0.14307004470938897,-0.3782460108307673,16
John / Jaan / Jussi / Hans,Pilistvere,Iivana,0,0.14307004470938897,-0.3782460108307673,16
John / Jaan / Jussi / Hans,Tartu-Maarja,Iivana,0,0.14307004470938897,-0.3782460108307673,16
John / Jaan / Jussi / Hans,Kadrina,Jaan,10,11.30153999006458,-0.387158415143244,25
John / Jaan / Jussi / Hans,Risti,Jaan,10,11.30153999006458,-0.387158415143244,25
John / Jaan / Jussi / Hans,Jüri,Iivana,0,0.15201192250372578,-0.38988706378094384,17
John / Jaan / Jussi / Hans,Setumaa,Iivana,0,0.15201192250372578,-0.38988706378094384,17
John / Jaan / Jussi / Hans,Audru,Iivana,0,0.16095380029806258,-0.4011904788227938,18
John / Jaan / Jussi / Hans,Laiuse,Iivana,0,0.16095380029806258,-0.4011904788227938,18
John / Jaan / Jussi / Hans,Uskela,Iivana,0,0.16095380029806258,-0.4011904788227938,18
John / Jaan / Jussi / Hans,Harju-Jaani,Iivana,0,0.16989567809239942,-0.4121840342521765,19
John / Jaan / Jussi / Hans,Rõuge,Iivana,0,0.16989567809239942,-0.4121840342521765,19
John / Jaan / Jussi / Hans,Tori,Iivana,0,0.17883755588673622,-0.4228918962178587,20
John / Jaan / Jussi / Hans,Ambla,Jaan,12,13.561847988077496,-0.42411079460380885,30
John / Jaan / Jussi / Hans,Kursi,Jussi/Juss,1,1.5250869349230005,-0.4251908520369406,10
John / Jaan / Jussi / Hans,Muurla,Iivana,0,0.18777943368107303,-0.4333352439867695,21
John / Jaan / Jussi / Hans,Võnnu,Iivana,0,0.18777943368107303,-0.4333352439867695,21
John / Jaan / Jussi / Hans,Lüganuse,Hans,1,1.5380029806259314,-0.433816526973724,8
John / Jaan / Jussi / Hans,Viru-Nigula,Jaan,4,4.972677595628415,-0.4361880479917266,11
John / Jaan / Jussi / Hans,Vigala,Iivana,0,0.19672131147540983,-0.4435327625727437,22
John / Jaan / Jussi / Hans,Väike-Maarja,Iivana,0,0.19672131147540983,-0.4435327625727437,22
John / Jaan / Jussi / Hans,Koeru,Ants,6,7.229011425732737,-0.4571055189115289,68
John / Jaan / Jussi / Hans,Pärnu,Ants,2,2.7640337804272233,-0.45955858902474883,26
John / Jaan / Jussi / Hans,Audru,Other,1,1.5827123695976155,-0.46318366939460315,18
John / Jaan / Jussi / Hans,Laiuse,Other,1,1.5827123695976155,-0.46318366939460315,18
John / Jaan / Jussi / Hans,Uskela,Other,1,1.5827123695976155,-0.46318366939460315,18
John / Jaan / Jussi / Hans,Vändra,Iivana,0,0.21460506706408347,-0.4632548618893098,24
John / Jaan / Jussi / Hans,Räpina,Ants,1,1.594634873323398,-0.47089030257769765,15
John / Jaan / Jussi / Hans,Kadrina,Iivana,0,0.22354694485842028,-0.47280751353845923,25
John / Jaan / Jussi / Hans,Risti,Iivana,0,0.22354694485842028,-0.47280751353845923,25
John / Jaan / Jussi / Hans,Pärnu,Iivana,0,0.23248882265275708,-0.4821709475411777,26
John / Jaan / Jussi / Hans,Märjamaa,Iivana,0,0.2414307004470939,-0.49135598138935266,27
John / Jaan / Jussi / Hans,Ambla,Iivana,0,0.26825633383010433,-0.5179346810458866,30
John / Jaan / Jussi / Hans,Jõelähtme,Jussi/Juss,1,1.6775956284153006,-0.5231508708078645,11
John / Jaan / Jussi / Hans,Mustjala,Jussi/Juss,1,1.6775956284153006,-0.5231508708078645,11
John / Jaan / Jussi / Hans,Kuusalu,Iivana,0,0.27719821162444114,-0.5264961648715412,31
John / Jaan / Jussi / Hans,Mihkli,Ants,1,1.700943864878291,-0.5374502240979754,16
John / Jaan / Jussi / Hans,Pilistvere,Ants,1,1.700943864878291,-0.5374502240979754,16
John / Jaan / Jussi / Hans,Harju-Jaani,Jaan,7,8.58917039244908,-0.5422441258734138,19
John / Jaan / Jussi / Hans,Rõuge,Jaan,7,8.58917039244908,-0.5422441258734138,19
John / Jaan / Jussi / Hans,Karksi,Ants,5,6.378539493293592,-0.5458314910831709,60
John / Jaan / Jussi / Hans,Rannu,Hans,1,1.7302533532041728,-0.5551606940972091,9
John / Jaan / Jussi / Hans,Rõngu,Hans,1,1.7302533532041728,-0.5551606940972091,9
John / Jaan / Jussi / Hans,Suure-Jaani,Iivana,0,0.31296572280178836,-0.5594333944284953,35
John / Jaan / Jussi / Hans,Tarvastu,Iivana,0,0.33084947839046197,-0.5751951654790416,37
John / Jaan / Jussi / Hans,Karuse,Iivana,0,0.33979135618479883,-0.5829162514330843,38
John / Jaan / Jussi / Hans,Helme,Iivana,0,0.35767511177347244,-0.5980594550489713,40
John / Jaan / Jussi / Hans,Jüri,Ants,1,1.8072528564331842,-0.6004821893542721,17
John / Jaan / Jussi / Hans,Haljala,Iivana,0,0.36661698956780925,-0.6054890499156936,41
John / Jaan / Jussi / Hans,Kõpu,Jaan,4,5.424739195230998,-0.6117105072512224,12
John / Jaan / Jussi / Hans,Palamuse,Jaan,4,5.424739195230998,-0.6117105072512224,12
John / Jaan / Jussi / Hans,Põltsamaa,Iivana,0,0.37555886736214605,-0.6128285791003435,42
John / Jaan / Jussi / Hans,Häädemeeste,Jussi/Juss,1,1.8301043219076005,-0.6136132821397772,12
John / Jaan / Jussi / Hans,Võnnu,Other,1,1.8464977645305514,-0.622947464385614,21
John / Jaan / Jussi / Hans,Kose,Iivana,0,0.4113263785394933,-0.6413473150637596,46
John / Jaan / Jussi / Hans,Hargla,Other,0,0.4396423248882265,-0.6630552954982161,5
John / Jaan / Jussi / Hans,Hartola,Other,0,0.4396423248882265,-0.6630552954982161,5
John / Jaan / Jussi / Hans,Hauho,Other,0,0.4396423248882265,-0.6630552954982161,5
John / Jaan / Jussi / Hans,Hausjärvi,Other,0,0.4396423248882265,-0.6630552954982161,5
John / Jaan / Jussi / Hans,Muolaa,Other,0,0.4396423248882265,-0.6630552954982161,5
John / Jaan / Jussi / Hans,Pudasjärvi,Other,0,0.4396423248882265,-0.6630552954982161,5
John / Jaan / Jussi / Hans,Pühalepa,Other,0,0.4396423248882265,-0.6630552954982161,5
John / Jaan / Jussi / Hans,Savonlinna,Other,0,0.4396423248882265,-0.6630552954982161,5
John / Jaan / Jussi / Hans,Tuulos,Other,0,0.4396423248882265,-0.6630552954982161,5
John / Jaan / Jussi / Hans,Tuusniemi,Other,0,0.4396423248882265,-0.6630552954982161,5
John / Jaan / Jussi / Hans,Tõstamaa,Other,0,0.4396423248882265,-0.6630552954982161,5
John / Jaan / Jussi / Hans,Varkaus,Other,0,0.4396423248882265,-0.6630552954982161,5
John / Jaan / Jussi / Hans,Kursi,Hans,1,1.9225037257824142,-0.6653260588178582,10
John / Jaan / Jussi / Hans,Äksi,Hans,1,1.9225037257824142,-0.6653260588178582,10
John / Jaan / Jussi / Hans,Ambla,Ants,2,3.189269746646796,-0.6659394522953505,30
John / Jaan / Jussi / Hans,Suure-Jaani,Hans,5,6.72876304023845,-0.6664504289414442,35
John / Jaan / Jussi / Hans,Vigala,Other,1,1.9344262295081966,-0.6718447603803795,22
John / Jaan / Jussi / Hans,Viljandi,Iivana,0,0.47391952309985097,-0.6884181310074938,53
John / Jaan / Jussi / Hans,Halliste,Iivana,0,0.4918032786885246,-0.7012868733182767,55
John / Jaan / Jussi / Hans,Muhu,Iivana,0,0.4918032786885246,-0.7012868733182767,55
John / Jaan / Jussi / Hans,Äksi,Jaan,3,4.520615996025832,-0.7151888679956875,10
John / Jaan / Jussi / Hans,Kangasniemi,Other,0,0.5275707898658718,-0.726340684435253,6
John / Jaan / Jussi / Hans,Lihula,Other,0,0.5275707898658718,-0.726340684435253,6
John / Jaan / Jussi / Hans,Põlva,Other,0,0.5275707898658718,-0.726340684435253,6
John / Jaan / Jussi / Hans,Ranua,Other,0,0.5275707898658718,-0.726340684435253,6
John / Jaan / Jussi / Hans,Renko,Other,0,0.5275707898658718,-0.726340684435253,6
John / Jaan / Jussi / Hans,Varbla,Other,0,0.5275707898658718,-0.726340684435253,6
John / Jaan / Jussi / Hans,Hargla,Ants,0,0.531544957774466,-0.7290712981420034,5
John / Jaan / Jussi / Hans,Hartola,Ants,0,0.531544957774466,-0.7290712981420034,5
John / Jaan / Jussi / Hans,Hauho,Ants,0,0.531544957774466,-0.7290712981420034,5
John / Jaan / Jussi / Hans,Hausjärvi,Ants,0,0.531544957774466,-0.7290712981420034,5
John / Jaan / Jussi / Hans,Joroinen,Ants,0,0.531544957774466,-0.7290712981420034,5
John / Jaan / Jussi / Hans,Kontiolahti,Ants,0,0.531544957774466,-0.7290712981420034,5
John / Jaan / Jussi / Hans,Lempaala,Ants,0,0.531544957774466,-0.7290712981420034,5
John / Jaan / Jussi / Hans,Liissilä,Ants,0,0.531544957774466,-0.7290712981420034,5
John / Jaan / Jussi / Hans,Maaninka,Ants,0,0.531544957774466,-0.7290712981420034,5
John / Jaan / Jussi / Hans,Muolaa,Ants,0,0.531544957774466,-0.7290712981420034,5
John / Jaan / Jussi / Hans,Pudasjärvi,Ants,0,0.531544957774466,-0.7290712981420034,5
John / Jaan / Jussi / Hans,Pyhäjärvi Ol.,Ants,0,0.531544957774466,-0.7290712981420034,5
John / Jaan / Jussi / Hans,Savonlinna,Ants,0,0.531544957774466,-0.7290712981420034,5
John / Jaan / Jussi / Hans,Somero,Ants,0,0.531544957774466,-0.7290712981420034,5
John / Jaan / Jussi / Hans,Suonenjoki,Ants,0,0.531544957774466,-0.7290712981420034,5
John / Jaan / Jussi / Hans,Tuulos,Ants,0,0.531544957774466,-0.7290712981420034,5
John / Jaan / Jussi / Hans,Tuusniemi,Ants,0,0.531544957774466,-0.7290712981420034,5
John / Jaan / Jussi / Hans,Varkaus,Ants,0,0.531544957774466,-0.7290712981420034,5
John / Jaan / Jussi / Hans,Karksi,Iivana,0,0.5365126676602087,-0.7324702503584761,60
John / Jaan / Jussi / Hans,Audru,Jaan,6,8.137108792846497,-0.7491893065322821,18
John / Jaan / Jussi / Hans,Laiuse,Jaan,6,8.137108792846497,-0.7491893065322821,18
John / Jaan / Jussi / Hans,Peetri,Iivana,0,0.5722801788375559,-0.7564920216615346,64
John / Jaan / Jussi / Hans,Jõelähtme,Hans,1,2.1147540983606556,-0.7665652714641586,11
John / Jaan / Jussi / Hans,Türi,Jaan,4,5.876800794833581,-0.7741902432787015,13
John / Jaan / Jussi / Hans,Rapla,Jussi/Juss,1,2.1351217088922008,-0.7768391625141591,14
John / Jaan / Jussi / Hans,Koeru,Iivana,0,0.6080476900149031,-0.7797741275618877,68
John / Jaan / Jussi / Hans,Heinjoki,Other,0,0.6154992548435171,-0.7845376057548274,7
John / Jaan / Jussi / Hans,Kullamaa,Other,0,0.6154992548435171,-0.7845376057548274,7
John / Jaan / Jussi / Hans,Lapua,Other,0,0.6154992548435171,-0.7845376057548274,7
John / Jaan / Jussi / Hans,Pöytyä,Other,0,0.6154992548435171,-0.7845376057548274,7
John / Jaan / Jussi / Hans,Ruovesi,Other,0,0.6154992548435171,-0.7845376057548274,7
John / Jaan / Jussi / Hans,Sakkola,Other,0,0.6154992548435171,-0.7845376057548274,7
John / Jaan / Jussi / Hans,Kangasniemi,Ants,0,0.6378539493293591,-0.7986575920438991,6
John / Jaan / Jussi / Hans,Lihula,Ants,0,0.6378539493293591,-0.7986575920438991,6
John / Jaan / Jussi / Hans,Pielavesi,Ants,0,0.6378539493293591,-0.7986575920438991,6
John / Jaan / Jussi / Hans,Ranua,Ants,0,0.6378539493293591,-0.7986575920438991,6
John / Jaan / Jussi / Hans,Renko,Ants,0,0.6378539493293591,-0.7986575920438991,6
John / Jaan / Jussi / Hans,Suistamo,Ants,0,0.6378539493293591,-0.7986575920438991,6
John / Jaan / Jussi / Hans,Kolga-Jaani,Iivana,0,0.6438152011922503,-0.8023809576455876,72
John / Jaan / Jussi / Hans,Haljala,Jaan,15,18.53452558370591,-0.8209947736342157,41
John / Jaan / Jussi / Hans,Leppävirta,Other,0,0.7034277198211625,-0.8387059793641408,8
John / Jaan / Jussi / Hans,Lüganuse,Other,0,0.7034277198211625,-0.8387059793641408,8
John / Jaan / Jussi / Hans,Simuna,Jussi/Juss,1,2.287630402384501,-0.8513306953664365,15
John / Jaan / Jussi / Hans,Häädemeeste,Hans,1,2.3070044709388973,-0.8605039240111801,12
John / Jaan / Jussi / Hans,Heinjoki,Ants,0,0.7441629408842524,-0.8626487934752197,7
John / Jaan / Jussi / Hans,Lapua,Ants,0,0.7441629408842524,-0.8626487934752197,7
John / Jaan / Jussi / Hans,Maarja-Magdaleena,Ants,0,0.7441629408842524,-0.8626487934752197,7
John / Jaan / Jussi / Hans,Pöytyä,Ants,0,0.7441629408842524,-0.8626487934752197,7
John / Jaan / Jussi / Hans,Ruovesi,Ants,0,0.7441629408842524,-0.8626487934752197,7
John / Jaan / Jussi / Hans,Sakkola,Ants,0,0.7441629408842524,-0.8626487934752197,7
John / Jaan / Jussi / Hans,Hargla,Jussi/Juss,0,0.7625434674615003,-0.8732373488699966,5
John / Jaan / Jussi / Hans,Pühalepa,Jussi/Juss,0,0.7625434674615003,-0.8732373488699966,5
John / Jaan / Jussi / Hans,Tõstamaa,Jussi/Juss,0,0.7625434674615003,-0.8732373488699966,5
John / Jaan / Jussi / Hans,Karula,Jaan,3,4.972677595628415,-0.8846285692416479,11
John / Jaan / Jussi / Hans,Mustjala,Jaan,3,4.972677595628415,-0.8846285692416479,11
John / Jaan / Jussi / Hans,Mynämäki,Other,0,0.7913561847988078,-0.8895820281451328,9
John / Jaan / Jussi / Hans,Paistu,Iivana,0,0.7958271236959762,-0.8920914323632843,89
John / Jaan / Jussi / Hans,Suure-Jaani,Ants,2,3.7208147044212616,-0.8921031791549551,35
John / Jaan / Jussi / Hans,Pilistvere,Jussi/Juss,1,2.440139095876801,-0.9219283049455977,16
John / Jaan / Jussi / Hans,Hämeenlinna,Ants,0,0.8504719324391455,-0.9222103515137668,8
John / Jaan / Jussi / Hans,Kitee,Ants,0,0.8504719324391455,-0.9222103515137668,8
John / Jaan / Jussi / Hans,Leppävirta,Ants,0,0.8504719324391455,-0.9222103515137668,8
John / Jaan / Jussi / Hans,Saarde,Jaan,4,6.328862394436165,-0.9257228880144309,14
John / Jaan / Jussi / Hans,Väike-Maarja,Jaan,7,9.94535519125683,-0.9339583867495956,22
John / Jaan / Jussi / Hans,Kiuruvesi,Other,0,0.879284649776453,-0.9377017914968773,10
John / Jaan / Jussi / Hans,Tammela,Other,0,0.879284649776453,-0.9377017914968773,10
John / Jaan / Jussi / Hans,Lihula,Jussi/Juss,0,0.9150521609538003,-0.9565835880642111,6
John / Jaan / Jussi / Hans,Põlva,Jussi/Juss,0,0.9150521609538003,-0.9565835880642111,6
John / Jaan / Jussi / Hans,Varbla,Jussi/Juss,0,0.9150521609538003,-0.9565835880642111,6
John / Jaan / Jussi / Hans,Vändra,Ants,1,2.5514157973174365,-0.9712646650907697,24
John / Jaan / Jussi / Hans,Mynämäki,Ants,0,0.9567809239940388,-0.9781517898537214,9
John / Jaan / Jussi / Hans,Pöide,Ants,0,0.9567809239940388,-0.9781517898537214,9
John / Jaan / Jussi / Hans,Rõngu,Ants,0,0.9567809239940388,-0.9781517898537214,9
John / Jaan / Jussi / Hans,Hargla,Hans,0,0.9612518628912071,-0.9804345275902961,5
John / Jaan / Jussi / Hans,Hartola,Hans,0,0.9612518628912071,-0.9804345275902961,5
John / Jaan / Jussi / Hans,Hauho,Hans,0,0.9612518628912071,-0.9804345275902961,5
John / Jaan / Jussi / Hans,Hausjärvi,Hans,0,0.9612518628912071,-0.9804345275902961,5
John / Jaan / Jussi / Hans,Joroinen,Hans,0,0.9612518628912071,-0.9804345275902961,5
John / Jaan / Jussi / Hans,Kontiolahti,Hans,0,0.9612518628912071,-0.9804345275902961,5
John / Jaan / Jussi / Hans,Lempaala,Hans,0,0.9612518628912071,-0.9804345275902961,5
John / Jaan / Jussi / Hans,Liissilä,Hans,0,0.9612518628912071,-0.9804345275902961,5
John / Jaan / Jussi / Hans,Maaninka,Hans,0,0.9612518628912071,-0.9804345275902961,5
John / Jaan / Jussi / Hans,Muolaa,Hans,0,0.9612518628912071,-0.9804345275902961,5
John / Jaan / Jussi / Hans,Pudasjärvi,Hans,0,0.9612518628912071,-0.9804345275902961,5
John / Jaan / Jussi / Hans,Pyhäjärvi Ol.,Hans,0,0.9612518628912071,-0.9804345275902961,5
John / Jaan / Jussi / Hans,Pühalepa,Hans,0,0.9612518628912071,-0.9804345275902961,5
John / Jaan / Jussi / Hans,Savonlinna,Hans,0,0.9612518628912071,-0.9804345275902961,5
John / Jaan / Jussi / Hans,Somero,Hans,0,0.9612518628912071,-0.9804345275902961,5
John / Jaan / Jussi / Hans,Suonenjoki,Hans,0,0.9612518628912071,-0.9804345275902961,5
John / Jaan / Jussi / Hans,Tuulos,Hans,0,0.9612518628912071,-0.9804345275902961,5
John / Jaan / Jussi / Hans,Tuusniemi,Hans,0,0.9612518628912071,-0.9804345275902961,5
John / Jaan / Jussi / Hans,Tõstamaa,Hans,0,0.9612518628912071,-0.9804345275902961,5
John / Jaan / Jussi / Hans,Varkaus,Hans,0,0.9612518628912071,-0.9804345275902961,5
John / Jaan / Jussi / Hans,Martna,Other,0,0.9672131147540983,-0.9834699358669274,11
John / Jaan / Jussi / Hans,Mustjala,Other,0,0.9672131147540983,-0.9834699358669274,11
John / Jaan / Jussi / Hans,Nurmes,Other,0,0.9672131147540983,-0.9834699358669274,11
John / Jaan / Jussi / Hans,Nõo,Other,0,0.9672131147540983,-0.9834699358669274,11
John / Jaan / Jussi / Hans,Viru-Nigula,Other,0,0.9672131147540983,-0.9834699358669274,11
John / Jaan / Jussi / Hans,Jüri,Jussi/Juss,1,2.5926477893691007,-0.9891177196520288,17
John / Jaan / Jussi / Hans,Häädemeeste,Other,0,1.0551415797317436,-1.027200846831691,12
John / Jaan / Jussi / Hans,Palamuse,Other,0,1.0551415797317436,-1.027200846831691,12
John / Jaan / Jussi / Hans,Vuokkiniemi,Other,0,1.0551415797317436,-1.027200846831691,12
John / Jaan / Jussi / Hans,Kiuruvesi,Ants,0,1.063089915548932,-1.0310625177693795,10
John / Jaan / Jussi / Hans,Kursi,Ants,0,1.063089915548932,-1.0310625177693795,10
John / Jaan / Jussi / Hans,Tammela,Ants,0,1.063089915548932,-1.0310625177693795,10
John / Jaan / Jussi / Hans,Kullamaa,Jussi/Juss,0,1.0675608544461004,-1.0332283650994587,7
John / Jaan / Jussi / Hans,Maarja-Magdaleena,Jussi/Juss,0,1.0675608544461004,-1.0332283650994587,7
John / Jaan / Jussi / Hans,Vaivara,Jussi/Juss,0,1.0675608544461004,-1.0332283650994587,7
John / Jaan / Jussi / Hans,Karksi,Hans,8,11.535022354694485,-1.0408375320534795,60
John / Jaan / Jussi / Hans,Kaarma,Jaan,4,6.780923994038748,-1.067934657925843,15
John / Jaan / Jussi / Hans,Hattula,Other,0,1.1430700447093889,-1.069144538736175,13
John / Jaan / Jussi / Hans,Heinävesi,Other,0,1.1430700447093889,-1.069144538736175,13
John / Jaan / Jussi / Hans,Saarijärvi,Other,0,1.1430700447093889,-1.069144538736175,13
John / Jaan / Jussi / Hans,Kangasniemi,Hans,0,1.1535022354694486,-1.0740122138362527,6
John / Jaan / Jussi / Hans,Lihula,Hans,0,1.1535022354694486,-1.0740122138362527,6
John / Jaan / Jussi / Hans,Pielavesi,Hans,0,1.1535022354694486,-1.0740122138362527,6
John / Jaan / Jussi / Hans,Põlva,Hans,0,1.1535022354694486,-1.0740122138362527,6
John / Jaan / Jussi / Hans,Ranua,Hans,0,1.1535022354694486,-1.0740122138362527,6
John / Jaan / Jussi / Hans,Renko,Hans,0,1.1535022354694486,-1.0740122138362527,6
John / Jaan / Jussi / Hans,Suistamo,Hans,0,1.1535022354694486,-1.0740122138362527,6
John / Jaan / Jussi / Hans,Varbla,Hans,0,1.1535022354694486,-1.0740122138362527,6
John / Jaan / Jussi / Hans,Martna,Ants,0,1.169398907103825,-1.0813874916531194,11
John / Jaan / Jussi / Hans,Narvusi,Ants,0,1.169398907103825,-1.0813874916531194,11
John / Jaan / Jussi / Hans,Nurmes,Ants,0,1.169398907103825,-1.0813874916531194,11
John / Jaan / Jussi / Hans,Torma,Ants,0,1.169398907103825,-1.0813874916531194,11
John / Jaan / Jussi / Hans,Vuole,Ants,0,1.169398907103825,-1.0813874916531194,11
John / Jaan / Jussi / Hans,Helme,Ants,2,4.252359662195728,-1.0922517419547584,40
John / Jaan / Jussi / Hans,Lüganuse,Jussi/Juss,0,1.2200695479384005,-1.104567584142501,8
John / Jaan / Jussi / Hans,Urvaste,Jussi/Juss,0,1.2200695479384005,-1.104567584142501,8
John / Jaan / Jussi / Hans,Räpina,Hans,1,2.8837555886736213,-1.1092905906539614,15
John / Jaan / Jussi / Hans,Rapla,Other,0,1.2309985096870342,-1.1095037222501933,14
John / Jaan / Jussi / Hans,Saarde,Other,0,1.2309985096870342,-1.1095037222501933,14
John / Jaan / Jussi / Hans,Rõuge,Jussi/Juss,1,2.897665176353701,-1.1147962194724037,19
John / Jaan / Jussi / Hans,Häädemeeste,Ants,0,1.2757078986587183,-1.1294723983607204,12
John / Jaan / Jussi / Hans,Kõpu,Ants,0,1.2757078986587183,-1.1294723983607204,12
John / Jaan / Jussi / Hans,Palamuse,Ants,0,1.2757078986587183,-1.1294723983607204,12
John / Jaan / Jussi / Hans,Vuokkiniemi,Ants,0,1.2757078986587183,-1.1294723983607204,12
John / Jaan / Jussi / Hans,Kaarma,Other,0,1.3189269746646797,-1.1484454600305056,15
John / Jaan / Jussi / Hans,Karja,Other,0,1.3189269746646797,-1.1484454600305056,15
John / Jaan / Jussi / Hans,Simuna,Other,0,1.3189269746646797,-1.1484454600305056,15
John / Jaan / Jussi / Hans,Heinjoki,Hans,0,1.34575260804769,-1.1600657774659546,7
John / Jaan / Jussi / Hans,Lapua,Hans,0,1.34575260804769,-1.1600657774659546,7
John / Jaan / Jussi / Hans,Pöytyä,Hans,0,1.34575260804769,-1.1600657774659546,7
John / Jaan / Jussi / Hans,Ruovesi,Hans,0,1.34575260804769,-1.1600657774659546,7
John / Jaan / Jussi / Hans,Sakkola,Hans,0,1.34575260804769,-1.1600657774659546,7
John / Jaan / Jussi / Hans,Vändra,Jaan,7,10.849478390461996,-1.168684963669915,24
John / Jaan / Jussi / Hans,Pöide,Jussi/Juss,0,1.3725782414307004,-1.1715708435390069,9
John / Jaan / Jussi / Hans,Rannu,Jussi/Juss,0,1.3725782414307004,-1.1715708435390069,9
John / Jaan / Jussi / Hans,Rõngu,Jussi/Juss,0,1.3725782414307004,-1.1715708435390069,9
John / Jaan / Jussi / Hans,Hattula,Ants,0,1.3820168902136116,-1.1755921445014896,13
John / Jaan / Jussi / Hans,Heinävesi,Ants,0,1.3820168902136116,-1.1755921445014896,13
John / Jaan / Jussi / Hans,Ilomantsi,Ants,0,1.3820168902136116,-1.1755921445014896,13
John / Jaan / Jussi / Hans,Puhja,Ants,0,1.3820168902136116,-1.1755921445014896,13
John / Jaan / Jussi / Hans,Saarijärvi,Ants,0,1.3820168902136116,-1.1755921445014896,13
John / Jaan / Jussi / Hans,Türi,Ants,0,1.3820168902136116,-1.1755921445014896,13
John / Jaan / Jussi / Hans,Järva-Madise,Other,0,1.406855439642325,-1.1861093708601769,16
John / Jaan / Jussi / Hans,Pilistvere,Other,0,1.406855439642325,-1.1861093708601769,16
John / Jaan / Jussi / Hans,Kuusalu,Hans,3,5.959761549925484,-1.2123898225440755,31
John / Jaan / Jussi / Hans,Vaivara,Jaan,1,3.1644311972180823,-1.216734875019116,7
John / Jaan / Jussi / Hans,Rapla,Ants,0,1.4883258817685048,-1.219969623297443,14
John / Jaan / Jussi / Hans,Saarde,Ants,0,1.4883258817685048,-1.219969623297443,14
John / Jaan / Jussi / Hans,Jüri,Other,0,1.4947839046199702,-1.222613554897855,17
John / Jaan / Jussi / Hans,Võnnu,Jussi/Juss,1,3.202682563338301,-1.2308211948480985,21
John / Jaan / Jussi / Hans,Kihelkonna,Jussi/Juss,0,1.5250869349230005,-1.2349441019426752,10
John / Jaan / Jussi / Hans,Otepää,Jussi/Juss,0,1.5250869349230005,-1.2349441019426752,10
John / Jaan / Jussi / Hans,Äksi,Jussi/Juss,0,1.5250869349230005,-1.2349441019426752,10
John / Jaan / Jussi / Hans,Hämeenlinna,Hans,0,1.5380029806259314,-1.2401624815426127,8
John / Jaan / Jussi / Hans,Kitee,Hans,0,1.5380029806259314,-1.2401624815426127,8
John / Jaan / Jussi / Hans,Leppävirta,Hans,0,1.5380029806259314,-1.2401624815426127,8
John / Jaan / Jussi / Hans,Urvaste,Hans,0,1.5380029806259314,-1.2401624815426127,8
John / Jaan / Jussi / Hans,Kaarma,Ants,0,1.594634873323398,-1.2627885307221467,15
John / Jaan / Jussi / Hans,Karja,Ants,0,1.594634873323398,-1.2627885307221467,15
John / Jaan / Jussi / Hans,Karula,Jussi/Juss,0,1.6775956284153006,-1.2952203011130194,11
John / Jaan / Jussi / Hans,Martna,Jussi/Juss,0,1.6775956284153006,-1.2952203011130194,11
John / Jaan / Jussi / Hans,Narvusi,Jussi/Juss,0,1.6775956284153006,-1.2952203011130194,11
John / Jaan / Jussi / Hans,Nõo,Jussi/Juss,0,1.6775956284153006,-1.2952203011130194,11
John / Jaan / Jussi / Hans,Torma,Jussi/Juss,0,1.6775956284153006,-1.2952203011130194,11
John / Jaan / Jussi / Hans,Viru-Nigula,Jussi/Juss,0,1.6775956284153006,-1.2952203011130194,11
John / Jaan / Jussi / Hans,Hanila,Ants,0,1.700943864878291,-1.3042023864716286,16
John / Jaan / Jussi / Hans,Järva-Madise,Ants,0,1.700943864878291,-1.3042023864716286,16
John / Jaan / Jussi / Hans,Paide,Ants,0,1.700943864878291,-1.3042023864716286,16
John / Jaan / Jussi / Hans,Tartu-Maarja,Ants,0,1.700943864878291,-1.3042023864716286,16
John / Jaan / Jussi / Hans,Mynämäki,Hans,0,1.7302533532041728,-1.3153909507078771,9
John / Jaan / Jussi / Hans,Tori,Other,0,1.758569299552906,-1.3261105909964321,20
John / Jaan / Jussi / Hans,Helme,Hans,4,7.690014903129657,-1.3306521176357164,40
John / Jaan / Jussi / Hans,Jõelähtme,Jaan,2,4.972677595628415,-1.3330690904915692,11
John / Jaan / Jussi / Hans,Jõhvi,Jussi/Juss,0,1.8301043219076005,-1.3528134837839252,12
John / Jaan / Jussi / Hans,Kõpu,Jussi/Juss,0,1.8301043219076005,-1.3528134837839252,12
John / Jaan / Jussi / Hans,Palamuse,Jussi/Juss,0,1.8301043219076005,-1.3528134837839252,12
John / Jaan / Jussi / Hans,Audru,Ants,0,1.9135618479880776,-1.3833155272706505,18
John / Jaan / Jussi / Hans,Uskela,Ants,0,1.9135618479880776,-1.3833155272706505,18
John / Jaan / Jussi / Hans,Kihelkonna,Hans,0,1.9225037257824142,-1.3865438059370552,10
John / Jaan / Jussi / Hans,Kiuruvesi,Hans,0,1.9225037257824142,-1.3865438059370552,10
John / Jaan / Jussi / Hans,Tammela,Hans,0,1.9225037257824142,-1.3865438059370552,10
John / Jaan / Jussi / Hans,Väike-Maarja,Other,0,1.9344262295081966,-1.390836521489207,22
John / Jaan / Jussi / Hans,Järva-Jaani,Jussi/Juss,0,1.9826130153999006,-1.4080529164061628,13
John / Jaan / Jussi / Hans,Puhja,Jussi/Juss,0,1.9826130153999006,-1.4080529164061628,13
John / Jaan / Jussi / Hans,Sangaste,Jussi/Juss,0,1.9826130153999006,-1.4080529164061628,13
John / Jaan / Jussi / Hans,Türi,Jussi/Juss,0,1.9826130153999006,-1.4080529164061628,13
John / Jaan / Jussi / Hans,Karksi,Other,2,5.275707898658719,-1.4261486560152834,60
John / Jaan / Jussi / Hans,Karula,Hans,0,2.1147540983606556,-1.4542194120423009,11
John / Jaan / Jussi / Hans,Martna,Hans,0,2.1147540983606556,-1.4542194120423009,11
John / Jaan / Jussi / Hans,Mustjala,Hans,0,2.1147540983606556,-1.4542194120423009,11
John / Jaan / Jussi / Hans,Narvusi,Hans,0,2.1147540983606556,-1.4542194120423009,11
John / Jaan / Jussi / Hans,Nurmes,Hans,0,2.1147540983606556,-1.4542194120423009,11
John / Jaan / Jussi / Hans,Nõo,Hans,0,2.1147540983606556,-1.4542194120423009,11
John / Jaan / Jussi / Hans,Vuole,Hans,0,2.1147540983606556,-1.4542194120423009,11
John / Jaan / Jussi / Hans,Peetri,Ants,3,6.803775459513164,-1.4582765293827773,64
John / Jaan / Jussi / Hans,Võnnu,Jaan,5,9.493293591654247,-1.4583317805750153,21
John / Jaan / Jussi / Hans,Saarde,Jussi/Juss,0,2.1351217088922008,-1.4612055669522344,14
John / Jaan / Jussi / Hans,Paistu,Hans,11,17.11028315946349,-1.4771776843495068,89
John / Jaan / Jussi / Hans,Muurla,Ants,0,2.232488822652757,-1.494151539387072,21
John / Jaan / Jussi / Hans,Hartola,Jaan,0,2.260307998012916,-1.5034320729626982,5
John / Jaan / Jussi / Hans,Hauho,Jaan,0,2.260307998012916,-1.5034320729626982,5
John / Jaan / Jussi / Hans,Hausjärvi,Jaan,0,2.260307998012916,-1.5034320729626982,5
John / Jaan / Jussi / Hans,Joroinen,Jaan,0,2.260307998012916,-1.5034320729626982,5
John / Jaan / Jussi / Hans,Kontiolahti,Jaan,0,2.260307998012916,-1.5034320729626982,5
John / Jaan / Jussi / Hans,Lempaala,Jaan,0,2.260307998012916,-1.5034320729626982,5
John / Jaan / Jussi / Hans,Liissilä,Jaan,0,2.260307998012916,-1.5034320729626982,5
John / Jaan / Jussi / Hans,Maaninka,Jaan,0,2.260307998012916,-1.5034320729626982,5
John / Jaan / Jussi / Hans,Muolaa,Jaan,0,2.260307998012916,-1.5034320729626982,5
John / Jaan / Jussi / Hans,Pudasjärvi,Jaan,0,2.260307998012916,-1.5034320729626982,5
John / Jaan / Jussi / Hans,Pyhäjärvi Ol.,Jaan,0,2.260307998012916,-1.5034320729626982,5
John / Jaan / Jussi / Hans,Savonlinna,Jaan,0,2.260307998012916,-1.5034320729626982,5
John / Jaan / Jussi / Hans,Somero,Jaan,0,2.260307998012916,-1.5034320729626982,5
John / Jaan / Jussi / Hans,Suonenjoki,Jaan,0,2.260307998012916,-1.5034320729626982,5
John / Jaan / Jussi / Hans,Tuulos,Jaan,0,2.260307998012916,-1.5034320729626982,5
John / Jaan / Jussi / Hans,Tuusniemi,Jaan,0,2.260307998012916,-1.5034320729626982,5
John / Jaan / Jussi / Hans,Varkaus,Jaan,0,2.260307998012916,-1.5034320729626982,5
John / Jaan / Jussi / Hans,Pärnu,Other,0,2.2861400894187778,-1.511998706817826,26
John / Jaan / Jussi / Hans,Kaarma,Jussi/Juss,0,2.287630402384501,-1.5124914553095832,15
John / Jaan / Jussi / Hans,Karja,Jussi/Juss,0,2.287630402384501,-1.5124914553095832,15
John / Jaan / Jussi / Hans,Räpina,Jussi/Juss,0,2.287630402384501,-1.5124914553095832,15
John / Jaan / Jussi / Hans,Vuokkiniemi,Hans,0,2.3070044709388973,-1.5188826389615813,12
John / Jaan / Jussi / Hans,Märjamaa,Jussi/Juss,1,4.117734724292101,-1.5364200912464558,27
John / Jaan / Jussi / Hans,Märjamaa,Other,0,2.3740685543964233,-1.5408012702475369,27
John / Jaan / Jussi / Hans,Hanila,Jussi/Juss,0,2.440139095876801,-1.5620944580520095,16
John / Jaan / Jussi / Hans,Järva-Madise,Jussi/Juss,0,2.440139095876801,-1.5620944580520095,16
John / Jaan / Jussi / Hans,Mihkli,Jussi/Juss,0,2.440139095876801,-1.5620944580520095,16
John / Jaan / Jussi / Hans,Paide,Jussi/Juss,0,2.440139095876801,-1.5620944580520095,16
John / Jaan / Jussi / Hans,Tartu-Maarja,Jussi/Juss,0,2.440139095876801,-1.5620944580520095,16
John / Jaan / Jussi / Hans,Hattula,Hans,0,2.4992548435171384,-1.5809031733528585,13
John / Jaan / Jussi / Hans,Heinävesi,Hans,0,2.4992548435171384,-1.5809031733528585,13
John / Jaan / Jussi / Hans,Ilomantsi,Hans,0,2.4992548435171384,-1.5809031733528585,13
John / Jaan / Jussi / Hans,Saarijärvi,Hans,0,2.4992548435171384,-1.5809031733528585,13
John / Jaan / Jussi / Hans,Sangaste,Hans,0,2.4992548435171384,-1.5809031733528585,13
John / Jaan / Jussi / Hans,Setumaa,Jussi/Juss,0,2.5926477893691007,-1.6101701119351024,17
John / Jaan / Jussi / Hans,Viljandi,Jaan,16,23.95926477893691,-1.6260586611187424,53
John / Jaan / Jussi / Hans,Kangasniemi,Jaan,0,2.712369597615499,-1.6469273200768453,6
John / Jaan / Jussi / Hans,Pielavesi,Jaan,0,2.712369597615499,-1.6469273200768453,6
John / Jaan / Jussi / Hans,Ranua,Jaan,0,2.712369597615499,-1.6469273200768453,6
John / Jaan / Jussi / Hans,Renko,Jaan,0,2.712369597615499,-1.6469273200768453,6
John / Jaan / Jussi / Hans,Suistamo,Jaan,0,2.712369597615499,-1.6469273200768453,6
John / Jaan / Jussi / Hans,Kuusalu,Other,0,2.7257824143070044,-1.650994371373508,31
John / Jaan / Jussi / Hans,Audru,Jussi/Juss,0,2.745156482861401,-1.656851376213751,18
John / Jaan / Jussi / Hans,Laiuse,Jussi/Juss,0,2.745156482861401,-1.656851376213751,18
John / Jaan / Jussi / Hans,Harju-Jaani,Jussi/Juss,0,2.897665176353701,-1.702252970728411,19
John / Jaan / Jussi / Hans,Karksi,Jussi/Juss,4,9.150521609538004,-1.702661390732873,60
John / Jaan / Jussi / Hans,Halliste,Other,1,4.836065573770492,-1.7443753136258955,55
John / Jaan / Jussi / Hans,Tori,Jussi/Juss,0,3.050173869846001,-1.7464746977399932,20
John / Jaan / Jussi / Hans,Hanila,Hans,0,3.076005961251863,-1.753854600943836,16
John / Jaan / Jussi / Hans,Heinjoki,Jaan,0,3.1644311972180823,-1.778884818423633,7
John / Jaan / Jussi / Hans,Lapua,Jaan,0,3.1644311972180823,-1.778884818423633,7
John / Jaan / Jussi / Hans,Pöytyä,Jaan,0,3.1644311972180823,-1.778884818423633,7
John / Jaan / Jussi / Hans,Ruovesi,Jaan,0,3.1644311972180823,-1.778884818423633,7
John / Jaan / Jussi / Hans,Sakkola,Jaan,0,3.1644311972180823,-1.778884818423633,7
John / Jaan / Jussi / Hans,Setumaa,Hans,0,3.2682563338301045,-1.807831942916737,17
John / Jaan / Jussi / Hans,Karuse,Other,0,3.3412816691505216,-1.8279173036957996,38
John / Jaan / Jussi / Hans,Vigala,Jussi/Juss,0,3.3551912568306013,-1.831718116094996,22
John / Jaan / Jussi / Hans,Väike-Maarja,Jussi/Juss,0,3.3551912568306013,-1.831718116094996,22
John / Jaan / Jussi / Hans,Põltsamaa,Jaan,11,18.986587183308494,-1.8328958291496398,42
John / Jaan / Jussi / Hans,Uskela,Hans,0,3.4605067064083457,-1.8602437223139192,18
John / Jaan / Jussi / Hans,Helme,Other,0,3.517138599105812,-1.8754035829937545,40
John / Jaan / Jussi / Hans,Suure-Jaani,Jussi/Juss,1,5.3378042722305015,-1.877537542218504,35
John / Jaan / Jussi / Hans,Kose,Jussi/Juss,2,7.015399900645802,-1.893561220804672,46
John / Jaan / Jussi / Hans,Hämeenlinna,Jaan,0,3.6164927968206655,-1.901707863164231,8
John / Jaan / Jussi / Hans,Kitee,Jaan,0,3.6164927968206655,-1.901707863164231,8
John / Jaan / Jussi / Hans,Leppävirta,Jaan,0,3.6164927968206655,-1.901707863164231,8
John / Jaan / Jussi / Hans,Vändra,Jussi/Juss,0,3.660208643815201,-1.9131671761284221,24
John / Jaan / Jussi / Hans,Peetri,Other,1,5.6274217585693,-1.9506724557843482,64
John / Jaan / Jussi / Hans,Kadrina,Jussi/Juss,0,3.812717337307501,-1.9526180725650115,25
John / Jaan / Jussi / Hans,Risti,Jussi/Juss,0,3.812717337307501,-1.9526180725650115,25
John / Jaan / Jussi / Hans,Koeru,Hans,6,13.073025335320418,-1.9562176017060726,68
John / Jaan / Jussi / Hans,Pärnu,Jussi/Juss,0,3.9652260307998013,-1.9912875309205855,26
John / Jaan / Jussi / Hans,Muurla,Hans,0,4.03725782414307,-2.0092928666929244,21
John / Jaan / Jussi / Hans,Mynämäki,Jaan,0,4.068554396423249,-2.0170657888188104,9
John / Jaan / Jussi / Hans,Haljala,Jussi/Juss,1,6.252856433184302,-2.100662595920545,41
John / Jaan / Jussi / Hans,Kiuruvesi,Jaan,0,4.520615996025832,-2.1261740276905443,10
John / Jaan / Jussi / Hans,Tammela,Jaan,0,4.520615996025832,-2.1261740276905443,10
John / Jaan / Jussi / Hans,Ambla,Jussi/Juss,0,4.575260804769002,-2.138985929072233,30
John / Jaan / Jussi / Hans,Viljandi,Jussi/Juss,2,8.082960755091902,-2.139586157521205,53
John / Jaan / Jussi / Hans,Kose,Jaan,11,20.794833581718827,-2.1479261085668466,46
John / Jaan / Jussi / Hans,Kuusalu,Jussi/Juss,0,4.727769498261302,-2.174343463729064,31
John / Jaan / Jussi / Hans,Karja,Jaan,1,6.780923994038748,-2.219999216556455,15
John / Jaan / Jussi / Hans,Narvusi,Jaan,0,4.972677595628415,-2.2299501329914118,11
John / Jaan / Jussi / Hans,Nurmes,Jaan,0,4.972677595628415,-2.2299501329914118,11
John / Jaan / Jussi / Hans,Vuole,Jaan,0,4.972677595628415,-2.2299501329914118,11
John / Jaan / Jussi / Hans,Märjamaa,Hans,0,5.1907600596125185,-2.2783239584423716,27
John / Jaan / Jussi / Hans,Vuokkiniemi,Jaan,0,5.424739195230998,-2.32910695229545,12
John / Jaan / Jussi / Hans,Tarvastu,Jussi/Juss,0,5.642821659215102,-2.3754624095563166,37
John / Jaan / Jussi / Hans,Tarvastu,Jaan,7,16.726279185295578,-2.378192804382649,37
John / Jaan / Jussi / Hans,Karuse,Jussi/Juss,0,5.795330352707402,-2.40734923779401,38
John / Jaan / Jussi / Hans,Hattula,Jaan,0,5.876800794833581,-2.424211375856813,13
John / Jaan / Jussi / Hans,Heinävesi,Jaan,0,5.876800794833581,-2.424211375856813,13
John / Jaan / Jussi / Hans,Ilomantsi,Jaan,0,5.876800794833581,-2.424211375856813,13
John / Jaan / Jussi / Hans,Saarijärvi,Jaan,0,5.876800794833581,-2.424211375856813,13
John / Jaan / Jussi / Hans,Koeru,Other,0,5.979135618479881,-2.44522710979571,68
John / Jaan / Jussi / Hans,Haljala,Hans,1,7.882265275707899,-2.4513531688298635,41
John / Jaan / Jussi / Hans,Helme,Jussi/Juss,0,6.100347739692002,-2.4698882038853505,40
John / Jaan / Jussi / Hans,Põltsamaa,Jussi/Juss,0,6.405365126676602,-2.530882282263757,42
John / Jaan / Jussi / Hans,Paide,Jaan,0,7.232985593641331,-2.6894210517584134,16
John / Jaan / Jussi / Hans,Paistu,Ants,1,9.461500248385494,-2.750852909946589,89
John / Jaan / Jussi / Hans,Uskela,Jaan,0,8.137108792846497,-2.852561794746346,18
John / Jaan / Jussi / Hans,Halliste,Jussi/Juss,0,8.387978142076502,-2.8962006391264574,55
John / Jaan / Jussi / Hans,Muhu,Jussi/Juss,0,8.387978142076502,-2.8962006391264574,55
John / Jaan / Jussi / Hans,Muhu,Hans,1,10.573770491803279,-2.9442051788579766,55
John / Jaan / Jussi / Hans,Muurla,Jaan,0,9.493293591654247,-3.0811188863226695,21
John / Jaan / Jussi / Hans,Peetri,Jussi/Juss,0,9.760556383507204,-3.124188916104019,64
John / Jaan / Jussi / Hans,Koeru,Jussi/Juss,0,10.370591157476403,-3.220340223870205,68
John / Jaan / Jussi / Hans,Peetri,Hans,1,12.304023845007451,-3.222622855658672,64
John / Jaan / Jussi / Hans,Kolga-Jaani,Jussi/Juss,0,10.980625931445603,-3.313702752427502,72
John / Jaan / Jussi / Hans,Paistu,Jussi/Juss,0,13.573273720814704,-3.6841924109382105,89
Martin / Mart / Märt,Narvusi,Martti,5,0.007739938080495356,56.74511203564657,5
Martin / Mart / Märt,Tarvastu,Märti,92,11.873684210526315,23.253183946357762,188
Martin / Mart / Märt,Halliste,Märti,81,15.789473684210526,16.410955904035895,250
Martin / Mart / Märt,Puhja,Other,20,1.4674922600619196,15.298409457277224,20
Martin / Mart / Märt,Karksi,Other,37,5.723219814241486,13.073799631326334,78
Martin / Mart / Märt,Helme,Märt,261,119.32229102167183,12.970022627003578,299
Martin / Mart / Märt,Paistu,Märt,144,60.65882352941176,10.700711008235759,152
Martin / Mart / Märt,Tartu-Maarja,Other,11,1.0272445820433436,9.839618002553369,14
Martin / Mart / Märt,Pärnu-Jaagupi,Mard/Mardi,40,9.613003095975232,9.800725836819609,54
Martin / Mart / Märt,Pärnu,Mard/Mardi,43,10.859133126934985,9.7534891970054,61
Martin / Mart / Märt,Suure-Jaani,Mart/Martin,105,43.294117647058826,9.378040853811337,152
Martin / Mart / Märt,Varbla,Mart/Martin,54,17.089783281733745,8.928496186441421,60
Martin / Mart / Märt,Vändra,Mart/Martin,75,27.91331269349845,8.912354385741608,98
Martin / Mart / Märt,Rõngu,Märt,91,37.911764705882355,8.622064929632629,95
Martin / Mart / Märt,Nõo,Other,10,1.1739938080495356,8.145754642914572,16
Martin / Mart / Märt,Vigala,Other,15,2.4213622291021673,8.083579783365002,33
Martin / Mart / Märt,Ridala,Mard/Mardi,16,2.848297213622291,7.792724689297543,16
Martin / Mart / Märt,Urvaste,Märt,75,31.925696594427244,7.623388835628852,80
Martin / Mart / Märt,Torma,Mard/Mardi,81,35.78173374613003,7.559328470135039,201
Martin / Mart / Märt,Tõstamaa,Other,20,4.54922600619195,7.24405073550664,62
Martin / Mart / Märt,Tori,Mart/Martin,51,21.362229102167184,6.412424317206894,75
Martin / Mart / Märt,Kuusalu,Mart/Martin,26,7.975232198142415,6.382605624538529,28
Martin / Mart / Märt,Äksi,Märt,44,17.559133126934984,6.309924368774797,44
Martin / Mart / Märt,Pilistvere,Mart/Martin,32,11.393188854489164,6.10503478483574,40
Martin / Mart / Märt,Viljandi,Märt,55,25.540557275541797,5.829205186774747,64
Martin / Mart / Märt,Jõhvi,Mart/Martin,22,6.835913312693498,5.799866338509669,24
Martin / Mart / Märt,Rapla,Mart/Martin,18,5.411764705882353,5.4112225904386575,19
Martin / Mart / Märt,Karuse,Mart/Martin,32,13.102167182662539,5.220840606114917,46
Martin / Mart / Märt,Võnnu,Märt,30,11.972136222910217,5.210248568031657,30
Martin / Mart / Märt,Häädemeeste,Mard/Mardi,19,6.408668730650155,4.973793363366778,36
Martin / Mart / Märt,Harju-Jaani,Mart/Martin,15,4.557275541795666,4.891715323142305,16
Martin / Mart / Märt,Saarde,Mart/Martin,48,24.210526315789473,4.834846813198308,85
Martin / Mart / Märt,Hageri,Mart/Martin,13,3.7027863777089784,4.831572282967012,13
Martin / Mart / Märt,Mihkli,Mard/Mardi,16,5.162538699690402,4.769753106471225,29
Martin / Mart / Märt,Väike-Maarja,Mard/Mardi,25,10.147058823529411,4.6627525907000615,57
Martin / Mart / Märt,Haljala,Mart/Martin,39,19.08359133126935,4.559119494544183,67
Martin / Mart / Märt,Põltsamaa,Mart/Martin,19,7.120743034055727,4.45170748767199,25
Martin / Mart / Märt,Simuna,Mart/Martin,11,3.1331269349845203,4.44440008914317,11
Martin / Mart / Märt,Rakvere,Mard/Mardi,5,0.8900928792569659,4.356265533802559,5
Martin / Mart / Märt,Türi,Mard/Mardi,11,3.2043343653250775,4.354961196420687,18
Martin / Mart / Märt,Saarde,Mard/Mardi,31,15.131578947368421,4.0793558516951824,85
Martin / Mart / Märt,Kõpu,Mard/Mardi,10,3.2043343653250775,3.7963224091117587,18
Martin / Mart / Märt,Koeru,Mard/Mardi,8,2.3142414860681115,3.7375247135498477,13
Martin / Mart / Märt,Audru,Mart/Martin,19,8.260061919504643,3.7368883824744974,29
Martin / Mart / Märt,Keila,Mart/Martin,9,2.848297213622291,3.6450433045278294,10
Martin / Mart / Märt,Ambla,Mart/Martin,26,13.102167182662539,3.563240819966374,46
Martin / Mart / Märt,Sangaste,Märt,16,6.78421052631579,3.538204144945838,17
Martin / Mart / Märt,Haljala,Mard/Mardi,24,11.927244582043343,3.4957175897350266,67
Martin / Mart / Märt,Häädemeeste,Other,8,2.641486068111455,3.297009526204701,36
Martin / Mart / Märt,Kambja,Märt,12,4.788854489164087,3.295250530122159,12
Martin / Mart / Märt,Järva-Madise,Mart/Martin,14,5.981424148606811,3.278649125880322,21
Martin / Mart / Märt,Viru-Jaagupi,Mart/Martin,14,5.981424148606811,3.278649125880322,21
Martin / Mart / Märt,Hanila,Other,3,0.5869969040247678,3.1494881147636398,8
Martin / Mart / Märt,Kodavere,Märt,25,13.56842105263158,3.103427212458387,34
Martin / Mart / Märt,Märjamaa,Mard/Mardi,10,4.094427244582043,2.9185386237410404,23
Martin / Mart / Märt,Räpina,Märt,17,8.779566563467492,2.774330389897232,22
Martin / Mart / Märt,Setumaa,Märt,10,4.389783281733746,2.6776764434117393,11
Martin / Mart / Märt,Räpina,Other,5,1.6142414860681114,2.6648436102122353,22
Martin / Mart / Märt,Jõelähtme,Other,3,0.7337461300309598,2.645669842372832,10
Martin / Mart / Märt,Laiuse,Mard/Mardi,9,3.91640866873065,2.568778329764137,22
Martin / Mart / Märt,Märjamaa,Other,5,1.6876160990712075,2.549786605365214,23
Martin / Mart / Märt,Rannu,Märt,7,2.793498452012384,2.516789164688025,7
Martin / Mart / Märt,Tori,Mard/Mardi,22,13.35139318885449,2.3669160820737027,75
Martin / Mart / Märt,Põlva,Märt,6,2.3944272445820434,2.3300939955579443,6
Martin / Mart / Märt,Kolga-Jaani,Märt,11,5.586996904024768,2.2900715957512756,14
Martin / Mart / Märt,Tarvastu,Märt,94,75.02538699690402,2.190628859803422,188
Martin / Mart / Märt,Lüganuse,Mard/Mardi,5,1.958204334365325,2.1737071452561536,11
Martin / Mart / Märt,Kullamaa,Mart/Martin,4,1.4241486068111455,2.1584557478685538,5
Martin / Mart / Märt,Martna,Mard/Mardi,4,1.4241486068111455,2.1584557478685538,8
Martin / Mart / Märt,Pöide,Mard/Mardi,4,1.4241486068111455,2.1584557478685538,8
Martin / Mart / Märt,Kaarma,Mart/Martin,6,2.5634674922600618,2.1463796852210533,9
Martin / Mart / Märt,Peetri,Mart/Martin,6,2.5634674922600618,2.1463796852210533,9
Martin / Mart / Märt,Karuse,Mard/Mardi,14,8.188854489164086,2.0307205947093174,46
Martin / Mart / Märt,Halliste,Other,27,18.343653250773993,2.0211182730258033,250
Martin / Mart / Märt,Kodavere,Märti,5,2.1473684210526316,1.9466703069081135,34
Martin / Mart / Märt,Kose,Mart/Martin,7,3.417956656346749,1.9375260981427918,12
Martin / Mart / Märt,Laiuse,Other,4,1.6142414860681114,1.8777692812998796,22
Martin / Mart / Märt,Hanila,Mart/Martin,5,2.278637770897833,1.8028048042431495,8
Martin / Mart / Märt,Maarja-Magdaleena,Märt,7,3.591640866873065,1.7984521905179172,9
Martin / Mart / Märt,Tõstamaa,Mard/Mardi,17,11.037151702786378,1.79483799488744,62
Martin / Mart / Märt,Kursi,Mart/Martin,4,1.7089783281733746,1.7525116743557188,6
Martin / Mart / Märt,Palamuse,Märt,37,27.934984520123837,1.715119294154661,70
Martin / Mart / Märt,Kanepi,Märt,5,2.3944272445820434,1.68384604727938,6
Martin / Mart / Märt,Maarja-Magdaleena,Other,2,0.6603715170278638,1.6485047631023504,9
Martin / Mart / Märt,Ambla,Mard/Mardi,12,8.188854489164086,1.3318151582776612,46
Martin / Mart / Märt,Vändra,Mard/Mardi,23,17.445820433436534,1.3297629160975908,98
Martin / Mart / Märt,Kadrina,Mart/Martin,3,1.4241486068111455,1.3204975669051608,5
Martin / Mart / Märt,Mihkli,Other,4,2.1278637770897832,1.2834103445919274,29
Martin / Mart / Märt,Kose,Mard/Mardi,4,2.136222910216718,1.2751776278936544,12
Martin / Mart / Märt,Iisaku,Mart/Martin,5,2.848297213622291,1.2749396560879926,10
Martin / Mart / Märt,Jõelähtme,Mart/Martin,5,2.848297213622291,1.2749396560879926,10
Martin / Mart / Märt,Vaivara,Märt,6,3.591640866873065,1.2707929503169113,9
Martin / Mart / Märt,Pärnu,Other,7,4.475851393188854,1.19310067290945,61
Martin / Mart / Märt,Väike-Maarja,Mart/Martin,21,16.235294117647058,1.1825132540094123,57
Martin / Mart / Märt,Martna,Mart/Martin,4,2.278637770897833,1.1403406952891821,8
Martin / Mart / Märt,Torma,Märt,90,80.21331269349845,1.092729043330943,201
Martin / Mart / Märt,Laiuse,Mart/Martin,9,6.266253869969041,1.092079332822724,22
Martin / Mart / Märt,Viru-Nigula,Mart/Martin,14,10.538699690402476,1.0662174024990876,37
Martin / Mart / Märt,Vigala,Mard/Mardi,8,5.874613003095975,0.8768966039119808,33
Martin / Mart / Märt,Kursi,Other,1,0.44024767801857584,0.8436209705029287,6
Martin / Mart / Märt,Türi,Mart/Martin,7,5.1269349845201235,0.8272255643284836,18
Martin / Mart / Märt,Tõstamaa,Mart/Martin,21,17.659442724458206,0.7949328149464461,62
Martin / Mart / Märt,Järva-Madise,Mard/Mardi,5,3.738390092879257,0.652503404813596,21
Martin / Mart / Märt,Viru-Jaagupi,Mard/Mardi,5,3.738390092879257,0.652503404813596,21
Martin / Mart / Märt,Viru-Nigula,Märt,17,14.7656346749226,0.5814710851636742,37
Martin / Mart / Märt,Märjamaa,Mart/Martin,8,6.5510835913312695,0.5660916646672599,23
Martin / Mart / Märt,Palamuse,Mard/Mardi,14,12.461300309597524,0.43588526216360657,70
Martin / Mart / Märt,Kaarma,Other,1,0.6603715170278638,0.4179361509413631,9
Martin / Mart / Märt,Väike-Maarja,Other,5,4.182352941176471,0.3998117369488648,57
Martin / Mart / Märt,Järva-Jaani,Märt,3,2.3944272445820434,0.3913501507222513,6
Martin / Mart / Märt,Pilistvere,Mard/Mardi,8,7.120743034055727,0.3294982868123132,40
Martin / Mart / Märt,Halliste,Märt,103,99.76780185758514,0.32359572421257565,250
Martin / Mart / Märt,Kodavere,Other,3,2.4947368421052634,0.31989338663705413,34
Martin / Mart / Märt,Vaivara,Mart/Martin,3,2.5634674922600618,0.2726482302848366,9
Martin / Mart / Märt,Mihkli,Mart/Martin,9,8.260061919504643,0.2574564207008952,29
Martin / Mart / Märt,Helme,Märti,20,18.88421052631579,0.25676323764615583,299
Martin / Mart / Märt,Järva-Jaani,Mart/Martin,2,1.7089783281733746,0.22261634782356432,6
Martin / Mart / Märt,Setumaa,Other,1,0.8071207430340557,0.2146922017673793,11
Martin / Mart / Märt,Iisaku,Mard/Mardi,2,1.7801857585139318,0.1647491434061566,10
Martin / Mart / Märt,Jõelähtme,Mard/Mardi,2,1.7801857585139318,0.1647491434061566,10
Martin / Mart / Märt,Koeru,Mart/Martin,4,3.7027863777089784,0.15445585719774657,13
Martin / Mart / Märt,Kose,Other,1,0.8804953560371517,0.1273565387564191,12
Martin / Mart / Märt,Kullamaa,Mard/Mardi,1,0.8900928792569659,0.11649523649716831,5
Martin / Mart / Märt,Kadrina,Märt,2,1.9953560371517027,0.0032875967091046962,5
Martin / Mart / Märt,Järva-Jaani,Mard/Mardi,1,1.068111455108359,-0.06590401479674919,6
Martin / Mart / Märt,Kanepi,Mard/Mardi,1,1.068111455108359,-0.06590401479674919,6
Martin / Mart / Märt,Sangaste,Märti,1,1.0736842105263158,-0.07111089611250608,17
Martin / Mart / Märt,Kadrina,Martti,0,0.007739938080495356,-0.08797691788472335,5
Martin / Mart / Märt,Kullamaa,Martti,0,0.007739938080495356,-0.08797691788472335,5
Martin / Mart / Märt,Rakvere,Martti,0,0.007739938080495356,-0.08797691788472335,5
Martin / Mart / Märt,Järva-Jaani,Martti,0,0.009287925696594427,-0.09637388493048532,6
Martin / Mart / Märt,Kanepi,Martti,0,0.009287925696594427,-0.09637388493048532,6
Martin / Mart / Märt,Kursi,Martti,0,0.009287925696594427,-0.09637388493048532,6
Martin / Mart / Märt,Põlva,Martti,0,0.009287925696594427,-0.09637388493048532,6
Martin / Mart / Märt,Rannu,Martti,0,0.010835913312693499,-0.10409569305544537,7
Martin / Mart / Märt,Hanila,Martti,0,0.01238390092879257,-0.11128297681493145,8
Martin / Mart / Märt,Martna,Martti,0,0.01238390092879257,-0.11128297681493145,8
Martin / Mart / Märt,Pöide,Martti,0,0.01238390092879257,-0.11128297681493145,8
Martin / Mart / Märt,Kaarma,Martti,0,0.01393188854489164,-0.11803342130469505,9
Martin / Mart / Märt,Maarja-Magdaleena,Martti,0,0.01393188854489164,-0.11803342130469505,9
Martin / Mart / Märt,Peetri,Martti,0,0.01393188854489164,-0.11803342130469505,9
Martin / Mart / Märt,Vaivara,Martti,0,0.01393188854489164,-0.11803342130469505,9
Martin / Mart / Märt,Iisaku,Martti,0,0.015479876160990712,-0.12441815044835988,10
Martin / Mart / Märt,Jõelähtme,Martti,0,0.015479876160990712,-0.12441815044835988,10
Martin / Mart / Märt,Keila,Martti,0,0.015479876160990712,-0.12441815044835988,10
Martin / Mart / Märt,Vigala,Mart/Martin,9,9.39938080495356,-0.13026794601852176,33
Martin / Mart / Märt,Lüganuse,Martti,0,0.017027863777089782,-0.13049085706320496,11
Martin / Mart / Märt,Setumaa,Martti,0,0.017027863777089782,-0.13049085706320496,11
Martin / Mart / Märt,Simuna,Martti,0,0.017027863777089782,-0.13049085706320496,11
Martin / Mart / Märt,Kambja,Martti,0,0.018575851393188854,-0.1362932551272764,12
Martin / Mart / Märt,Kose,Martti,0,0.018575851393188854,-0.1362932551272764,12
Martin / Mart / Märt,Hageri,Martti,0,0.020123839009287926,-0.14185851757750723,13
Martin / Mart / Märt,Koeru,Martti,0,0.020123839009287926,-0.14185851757750723,13
Martin / Mart / Märt,Kolga-Jaani,Martti,0,0.021671826625386997,-0.14721354090363764,14
Martin / Mart / Märt,Tartu-Maarja,Martti,0,0.021671826625386997,-0.14721354090363764,14
Martin / Mart / Märt,Nõo,Märt,6,6.385139318885449,-0.15241674028097174,16
Martin / Mart / Märt,Harju-Jaani,Martti,0,0.02476780185758514,-0.15737789507292677,16
Martin / Mart / Märt,Nõo,Martti,0,0.02476780185758514,-0.15737789507292677,16
Martin / Mart / Märt,Ridala,Martti,0,0.02476780185758514,-0.15737789507292677,16
Martin / Mart / Märt,Harju-Jaani,Other,1,1.1739938080495356,-0.16058348917209164,16
Martin / Mart / Märt,Sangaste,Martti,0,0.02631578947368421,-0.16222142113076252,17
Martin / Mart / Märt,Kõpu,Martti,0,0.02786377708978328,-0.16692446522239715,18
Martin / Mart / Märt,Türi,Martti,0,0.02786377708978328,-0.16692446522239715,18
Martin / Mart / Märt,Rapla,Martti,0,0.029411764705882353,-0.17149858514250882,19
Martin / Mart / Märt,Puhja,Martti,0,0.030959752321981424,-0.1759538357694467,20
Martin / Mart / Märt,Järva-Madise,Martti,0,0.032507739938080496,-0.18029902922112612,21
Martin / Mart / Märt,Viru-Jaagupi,Martti,0,0.032507739938080496,-0.18029902922112612,21
Martin / Mart / Märt,Laiuse,Martti,0,0.034055727554179564,-0.18454193982447342,22
Martin / Mart / Märt,Räpina,Martti,0,0.034055727554179564,-0.18454193982447342,22
Martin / Mart / Märt,Pöide,Mart/Martin,2,2.278637770897833,-0.18458752261875258,8
Martin / Mart / Märt,Lüganuse,Märt,4,4.389783281733746,-0.18603800244221508,11
Martin / Mart / Märt,Märjamaa,Martti,0,0.03560371517027864,-0.1886894675658359,23
Martin / Mart / Märt,Jõhvi,Martti,0,0.03715170278637771,-0.19274776986097064,24
Martin / Mart / Märt,Põltsamaa,Martti,0,0.03869969040247678,-0.19672236884115843,25
Martin / Mart / Märt,Kuusalu,Martti,0,0.043343653250773995,-0.20819138611089075,28
Martin / Mart / Märt,Audru,Martti,0,0.04489164086687306,-0.21187647549190794,29
Martin / Mart / Märt,Mihkli,Martti,0,0.04489164086687306,-0.21187647549190794,29
Martin / Mart / Märt,Võnnu,Martti,0,0.04643962848297214,-0.2154985579603078,30
Martin / Mart / Märt,Vigala,Martti,0,0.05108359133126935,-0.22601679435667904,33
Martin / Mart / Märt,Viru-Nigula,Mard/Mardi,6,6.586687306501548,-0.22859839073225952,37
Martin / Mart / Märt,Kodavere,Martti,0,0.05263157894736842,-0.22941573387056174,34
Martin / Mart / Märt,Häädemeeste,Martti,0,0.05572755417956656,-0.2360668426093901,36
Martin / Mart / Märt,Viru-Nigula,Martti,0,0.05727554179566564,-0.23932309081170092,37
Martin / Mart / Märt,Pilistvere,Martti,0,0.06191950464396285,-0.24883630089671976,40
Martin / Mart / Märt,Äksi,Martti,0,0.06811145510835913,-0.2609817141264099,44
Martin / Mart / Märt,Ambla,Martti,0,0.07120743034055728,-0.26684720410856333,46
Martin / Mart / Märt,Karuse,Martti,0,0.07120743034055728,-0.26684720410856333,46
Martin / Mart / Märt,Kõpu,Other,1,1.3207430340557276,-0.2790924375070679,18
Martin / Mart / Märt,Pärnu-Jaagupi,Martti,0,0.08359133126934984,-0.289121654791456,54
Martin / Mart / Märt,Väike-Maarja,Martti,0,0.08823529411764706,-0.29704426289300234,57
Martin / Mart / Märt,Varbla,Martti,0,0.09287925696594428,-0.3047609833393118,60
Martin / Mart / Märt,Pärnu,Martti,0,0.09442724458204334,-0.3072901634970494,61
Martin / Mart / Märt,Tõstamaa,Martti,0,0.09597523219814241,-0.30979869624990747,62
Martin / Mart / Märt,Peetri,Märt,3,3.591640866873065,-0.31218477028610575,9
Martin / Mart / Märt,Viljandi,Martti,0,0.09907120743034056,-0.31475579014585353,64
Martin / Mart / Märt,Haljala,Martti,0,0.10371517027863777,-0.32204839741665814,67
Martin / Mart / Märt,Palamuse,Martti,0,0.10835913312693499,-0.3291794846689796,70
Martin / Mart / Märt,Tori,Martti,0,0.11609907120743033,-0.340733137818191,75
Martin / Mart / Märt,Karksi,Martti,0,0.12074303405572756,-0.3474809837325311,78
Martin / Mart / Märt,Urvaste,Martti,0,0.1238390092879257,-0.3519076715388934,80
Martin / Mart / Märt,Saarde,Martti,0,0.13157894736842105,-0.36273812505500586,85
Martin / Mart / Märt,Rõngu,Martti,0,0.14705882352941177,-0.38348249442368526,95
Martin / Mart / Märt,Vändra,Martti,0,0.15170278637770898,-0.3894904188522601,98
Martin / Mart / Märt,Häädemeeste,Mart/Martin,9,10.253869969040247,-0.3915692668984352,36
Martin / Mart / Märt,Haljala,Other,4,4.91609907120743,-0.41317318657231733,67
Martin / Mart / Märt,Viru-Jaagupi,Other,1,1.5408668730650155,-0.4357203295631864,21
Martin / Mart / Märt,Urvaste,Märti,4,5.052631578947368,-0.4682929057908469,80
Martin / Mart / Märt,Paistu,Martti,0,0.23529411764705882,-0.48507125007266594,152
Martin / Mart / Märt,Suure-Jaani,Martti,0,0.23529411764705882,-0.48507125007266594,152
Martin / Mart / Märt,Kolga-Jaani,Mart/Martin,3,3.9876160990712073,-0.4945742378156781,14
Martin / Mart / Märt,Iisaku,Märt,3,3.9907120743034055,-0.4959321443870893,10
Martin / Mart / Märt,Tarvastu,Martti,0,0.29102167182662536,-0.5394642451790714,188
Martin / Mart / Märt,Torma,Martti,0,0.3111455108359133,-0.5578041868217855,201
Martin / Mart / Märt,Kadrina,Märti,0,0.3157894736842105,-0.5619514869490164,5
Martin / Mart / Märt,Kullamaa,Märti,0,0.3157894736842105,-0.5619514869490164,5
Martin / Mart / Märt,Narvusi,Märti,0,0.3157894736842105,-0.5619514869490164,5
Martin / Mart / Märt,Rakvere,Märti,0,0.3157894736842105,-0.5619514869490164,5
Martin / Mart / Märt,Kadrina,Other,0,0.3668730650154799,-0.6057004746700138,5
Martin / Mart / Märt,Kullamaa,Other,0,0.3668730650154799,-0.6057004746700138,5
Martin / Mart / Märt,Narvusi,Other,0,0.3668730650154799,-0.6057004746700138,5
Martin / Mart / Märt,Rakvere,Other,0,0.3668730650154799,-0.6057004746700138,5
Martin / Mart / Märt,Pärnu-Jaagupi,Mart/Martin,13,15.380804953560371,-0.6070637286394359,54
Martin / Mart / Märt,Järva-Jaani,Märti,0,0.37894736842105264,-0.6155870112510924,6
Martin / Mart / Märt,Kanepi,Märti,0,0.37894736842105264,-0.6155870112510924,6
Martin / Mart / Märt,Kursi,Märti,0,0.37894736842105264,-0.6155870112510924,6
Martin / Mart / Märt,Põlva,Märti,0,0.37894736842105264,-0.6155870112510924,6
Martin / Mart / Märt,Põltsamaa,Other,1,1.8343653250773995,-0.6160462680694478,25
Martin / Mart / Märt,Halliste,Martti,0,0.38699690402476783,-0.6220907522417993,250
Martin / Mart / Märt,Lüganuse,Mart/Martin,2,3.1331269349845203,-0.6401615240560412,11
Martin / Mart / Märt,Palamuse,Mart/Martin,17,19.938080495356036,-0.6579941274460984,70
Martin / Mart / Märt,Järva-Jaani,Other,0,0.44024767801857584,-0.663511626136706,6
Martin / Mart / Märt,Kanepi,Other,0,0.44024767801857584,-0.663511626136706,6
Martin / Mart / Märt,Põlva,Other,0,0.44024767801857584,-0.663511626136706,6
Martin / Mart / Märt,Rannu,Märti,0,0.4421052631578947,-0.6649099662043687,7
Martin / Mart / Märt,Pöide,Märt,2,3.1925696594427246,-0.6674420509718326,8
Martin / Mart / Märt,Helme,Martti,0,0.4628482972136223,-0.6803295504486208,299
Martin / Mart / Märt,Põltsamaa,Mard/Mardi,3,4.45046439628483,-0.6875501915133522,25
Martin / Mart / Märt,Hanila,Märti,0,0.5052631578947369,-0.7108186533109108,8
Martin / Mart / Märt,Martna,Märti,0,0.5052631578947369,-0.7108186533109108,8
Martin / Mart / Märt,Pöide,Märti,0,0.5052631578947369,-0.7108186533109108,8
Martin / Mart / Märt,Torma,Other,12,14.74829721362229,-0.7156369514683886,201
Martin / Mart / Märt,Rannu,Other,0,0.5136222910216718,-0.7166744665618218,7
Martin / Mart / Märt,Kuusalu,Other,1,2.054489164086687,-0.735682107627958,28
Martin / Mart / Märt,Kaarma,Märti,0,0.5684210526315789,-0.7539370349250519,9
Martin / Mart / Märt,Maarja-Magdaleena,Märti,0,0.5684210526315789,-0.7539370349250519,9
Martin / Mart / Märt,Peetri,Märti,0,0.5684210526315789,-0.7539370349250519,9
Martin / Mart / Märt,Vaivara,Märti,0,0.5684210526315789,-0.7539370349250519,9
Martin / Mart / Märt,Martna,Other,0,0.5869969040247678,-0.7661572319209471,8
Martin / Mart / Märt,Pöide,Other,0,0.5869969040247678,-0.7661572319209471,8
Martin / Mart / Märt,Audru,Other,1,2.1278637770897832,-0.7731873466757717,29
Martin / Mart / Märt,Iisaku,Märti,0,0.631578947368421,-0.7947194142390263,10
Martin / Mart / Märt,Jõelähtme,Märti,0,0.631578947368421,-0.7947194142390263,10
Martin / Mart / Märt,Keila,Märti,0,0.631578947368421,-0.7947194142390263,10
Martin / Mart / Märt,Peetri,Other,0,0.6603715170278638,-0.8126324612196241,9
Martin / Mart / Märt,Vaivara,Other,0,0.6603715170278638,-0.8126324612196241,9
Martin / Mart / Märt,Kõpu,Märt,5,7.18328173374613,-0.8146073630068124,18
Martin / Mart / Märt,Lüganuse,Märti,0,0.6947368421052632,-0.8335087534664908,11
Martin / Mart / Märt,Setumaa,Märti,0,0.6947368421052632,-0.8335087534664908,11
Martin / Mart / Märt,Simuna,Märti,0,0.6947368421052632,-0.8335087534664908,11
Martin / Mart / Märt,Kaarma,Märt,2,3.591640866873065,-0.8398440104871114,9
Martin / Mart / Märt,Iisaku,Other,0,0.7337461300309598,-0.8565898260141547,10
Martin / Mart / Märt,Keila,Other,0,0.7337461300309598,-0.8565898260141547,10
Martin / Mart / Märt,Kambja,Märti,0,0.7578947368421053,-0.870571500132014,12
Martin / Mart / Märt,Kose,Märti,0,0.7578947368421053,-0.870571500132014,12
Martin / Mart / Märt,Lüganuse,Other,0,0.8071207430340557,-0.898398988776176,11
Martin / Mart / Märt,Simuna,Other,0,0.8071207430340557,-0.898398988776176,11
Martin / Mart / Märt,Kursi,Märt,1,2.3944272445820434,-0.9011457458348773,6
Martin / Mart / Märt,Hageri,Märti,0,0.8210526315789474,-0.9061195459645197,13
Martin / Mart / Märt,Koeru,Märti,0,0.8210526315789474,-0.9061195459645197,13
Martin / Mart / Märt,Kambja,Other,0,0.8804953560371517,-0.9383471404747561,12
Martin / Mart / Märt,Kolga-Jaani,Märti,0,0.8842105263157894,-0.9403246919632544,14
Martin / Mart / Märt,Tartu-Maarja,Märti,0,0.8842105263157894,-0.9403246919632544,14
Martin / Mart / Märt,Kadrina,Mard/Mardi,0,0.8900928792569659,-0.9434473378291794,5
Martin / Mart / Märt,Narvusi,Mard/Mardi,0,0.8900928792569659,-0.9434473378291794,5
Martin / Mart / Märt,Suure-Jaani,Other,8,11.152941176470588,-0.9441068800422767,152
Martin / Mart / Märt,Audru,Mard/Mardi,3,5.162538699690402,-0.9517704741808742,29
Martin / Mart / Märt,Hageri,Other,0,0.9538699690402477,-0.9766626690112855,13
Martin / Mart / Märt,Koeru,Other,0,0.9538699690402477,-0.9766626690112855,13
Martin / Mart / Märt,Harju-Jaani,Märti,0,1.0105263157894737,-1.0052493799000692,16
Martin / Mart / Märt,Nõo,Märti,0,1.0105263157894737,-1.0052493799000692,16
Martin / Mart / Märt,Ridala,Märti,0,1.0105263157894737,-1.0052493799000692,16
Martin / Mart / Märt,Kolga-Jaani,Other,0,1.0272445820433436,-1.0135307504182316,14
Martin / Mart / Märt,Kursi,Mard/Mardi,0,1.068111455108359,-1.0334947774944774,6
Martin / Mart / Märt,Põlva,Mard/Mardi,0,1.068111455108359,-1.0334947774944774,6
Martin / Mart / Märt,Kõpu,Märti,0,1.1368421052631579,-1.066227979966366,18
Martin / Mart / Märt,Türi,Märti,0,1.1368421052631579,-1.066227979966366,18
Martin / Mart / Märt,Ridala,Other,0,1.1739938080495356,-1.083509948292832,16
Martin / Mart / Märt,Tartu-Maarja,Märt,3,5.586996904024768,-1.0944771364732133,14
Martin / Mart / Märt,Rapla,Märti,0,1.2,-1.0954451150103324,19
Martin / Mart / Märt,Jõhvi,Mard/Mardi,2,4.272445820433436,-1.0993987922912265,24
Martin / Mart / Märt,Rannu,Mard/Mardi,0,1.2461300309597523,-1.1163019443500724,7
Martin / Mart / Märt,Sangaste,Other,0,1.2473684210526317,-1.1168564908047192,17
Martin / Mart / Märt,Puhja,Märti,0,1.263157894736842,-1.1239029738980328,20
Martin / Mart / Märt,Rõngu,Other,4,6.970588235294118,-1.1251430509420335,95
Martin / Mart / Märt,Türi,Other,0,1.3207430340557276,-1.1492358478814204,18
Martin / Mart / Märt,Järva-Madise,Märti,0,1.3263157894736841,-1.1516578439248717,21
Martin / Mart / Märt,Viru-Jaagupi,Märti,0,1.3263157894736841,-1.1516578439248717,21
Martin / Mart / Märt,Laiuse,Märti,0,1.3894736842105264,-1.1787593835090036,22
Martin / Mart / Märt,Räpina,Märti,0,1.3894736842105264,-1.1787593835090036,22
Martin / Mart / Märt,Rapla,Other,0,1.3941176470588235,-1.1807275922323588,19
Martin / Mart / Märt,Hanila,Mard/Mardi,0,1.4241486068111455,-1.1933769759850177,8
Martin / Mart / Märt,Narvusi,Mart/Martin,0,1.4241486068111455,-1.1933769759850177,5
Martin / Mart / Märt,Rakvere,Mart/Martin,0,1.4241486068111455,-1.1933769759850177,5
Martin / Mart / Märt,Märjamaa,Märti,0,1.4526315789473685,-1.205251666228829,23
Martin / Mart / Märt,Jõhvi,Märti,0,1.5157894736842106,-1.2311740225021848,24
Martin / Mart / Märt,Järva-Madise,Other,0,1.5408668730650155,-1.2413165885723978,21
Martin / Mart / Märt,Põltsamaa,Märti,0,1.5789473684210527,-1.2565617248750867,25
Martin / Mart / Märt,Kaarma,Mard/Mardi,0,1.6021671826625388,-1.2657674283463527,9
Martin / Mart / Märt,Maarja-Magdaleena,Mard/Mardi,0,1.6021671826625388,-1.2657674283463527,9
Martin / Mart / Märt,Peetri,Mard/Mardi,0,1.6021671826625388,-1.2657674283463527,9
Martin / Mart / Märt,Vaivara,Mard/Mardi,0,1.6021671826625388,-1.2657674283463527,9
Martin / Mart / Märt,Karksi,Märt,24,31.127554179566562,-1.2775209428123973,78
Martin / Mart / Märt,Rapla,Mard/Mardi,1,3.3823529411764706,-1.2953783675395827,19
Martin / Mart / Märt,Kanepi,Mart/Martin,0,1.7089783281733746,-1.3072789787085903,6
Martin / Mart / Märt,Põlva,Mart/Martin,0,1.7089783281733746,-1.3072789787085903,6
Martin / Mart / Märt,Jõhvi,Other,0,1.7609907120743034,-1.327023252273412,24
Martin / Mart / Märt,Kuusalu,Märti,0,1.768421052631579,-1.3298199324087374,28
Martin / Mart / Märt,Keila,Mard/Mardi,0,1.7801857585139318,-1.3342360205428168,10
Martin / Mart / Märt,Audru,Märti,0,1.831578947368421,-1.353358395757909,29
Martin / Mart / Märt,Mihkli,Märti,0,1.831578947368421,-1.353358395757909,29
Martin / Mart / Märt,Võnnu,Märti,0,1.894736842105263,-1.3764944032233706,30
Martin / Mart / Märt,Kõpu,Mart/Martin,2,5.1269349845201235,-1.3809881321847408,18
Martin / Mart / Märt,Palamuse,Other,2,5.136222910216718,-1.3838371686193003,70
Martin / Mart / Märt,Setumaa,Mard/Mardi,0,1.958204334365325,-1.3993585438926384,11
Martin / Mart / Märt,Simuna,Mard/Mardi,0,1.958204334365325,-1.3993585438926384,11
Martin / Mart / Märt,Rannu,Mart/Martin,0,1.9938080495356036,-1.4120226802483038,7
Martin / Mart / Märt,Kullamaa,Märt,0,1.9953560371517027,-1.4125707193453014,5
Martin / Mart / Märt,Narvusi,Märt,0,1.9953560371517027,-1.4125707193453014,5
Martin / Mart / Märt,Rakvere,Märt,0,1.9953560371517027,-1.4125707193453014,5
Martin / Mart / Märt,Vigala,Märti,0,2.0842105263157893,-1.4436795095573633,33
Martin / Mart / Märt,Kambja,Mard/Mardi,0,2.136222910216718,-1.461582330974454,12
Martin / Mart / Märt,Võnnu,Other,0,2.2012383900928794,-1.4836570999031007,30
Martin / Mart / Märt,Keila,Märt,1,3.9907120743034055,-1.497095160868526,10
Martin / Mart / Märt,Häädemeeste,Märti,0,2.2736842105263158,-1.5078740698501039,36
Martin / Mart / Märt,Hageri,Mard/Mardi,0,2.3142414860681115,-1.5212631219049884,13
Martin / Mart / Märt,Viru-Nigula,Märti,0,2.336842105263158,-1.5286733154154155,37
Martin / Mart / Märt,Pärnu,Mart/Martin,11,17.374613003095977,-1.5293125562672605,61
Martin / Mart / Märt,Kolga-Jaani,Mard/Mardi,0,2.4922600619195046,-1.5786893494033285,14
Martin / Mart / Märt,Tartu-Maarja,Mard/Mardi,0,2.4922600619195046,-1.5786893494033285,14
Martin / Mart / Märt,Karksi,Mard/Mardi,8,13.885448916408668,-1.579427269443989,78
Martin / Mart / Märt,Pilistvere,Märti,0,2.526315789473684,-1.5894388284780525,40
Martin / Mart / Märt,Maarja-Magdaleena,Mart/Martin,0,2.5634674922600618,-1.60108322465138,9
Martin / Mart / Märt,Varbla,Other,1,4.402476780185759,-1.6216108184675915,60
Martin / Mart / Märt,Audru,Märt,6,11.573065015479877,-1.6382112843211276,29
Martin / Mart / Märt,Viru-Nigula,Other,0,2.7148606811145513,-1.64768342867025,37
Martin / Mart / Märt,Äksi,Märti,0,2.778947368421053,-1.6670175069329816,44
Martin / Mart / Märt,Harju-Jaani,Mard/Mardi,0,2.848297213622291,-1.6876899044618032,16
Martin / Mart / Märt,Nõo,Mard/Mardi,0,2.848297213622291,-1.6876899044618032,16
Martin / Mart / Märt,Ambla,Märti,0,2.905263157894737,-1.7044832524535807,46
Martin / Mart / Märt,Karuse,Märti,0,2.905263157894737,-1.7044832524535807,46
Martin / Mart / Märt,Pilistvere,Other,0,2.934984520123839,-1.7131796520283094,40
Martin / Mart / Märt,Halliste,Mard/Mardi,33,44.5046439628483,-1.7245290616824722,250
Martin / Mart / Märt,Varbla,Mard/Mardi,5,10.681114551083592,-1.7383021202393212,60
Martin / Mart / Märt,Sangaste,Mard/Mardi,0,3.026315789473684,-1.7396309348461485,17
Martin / Mart / Märt,Karksi,Märti,1,4.926315789473684,-1.768984805606068,78
Martin / Mart / Märt,Setumaa,Mart/Martin,0,3.1331269349845203,-1.7700641047669772,11
Martin / Mart / Märt,Kuusalu,Mard/Mardi,1,4.984520123839009,-1.78469640047024,28
Martin / Mart / Märt,Hanila,Märt,0,3.1925696594427246,-1.78677633167745,8
Martin / Mart / Märt,Martna,Märt,0,3.1925696594427246,-1.78677633167745,8
Martin / Mart / Märt,Äksi,Other,0,3.2284829721362227,-1.796797977552352,44
Martin / Mart / Märt,Ambla,Other,0,3.375232198142415,-1.837180502330246,46
Martin / Mart / Märt,Karuse,Other,0,3.375232198142415,-1.837180502330246,46
Martin / Mart / Märt,Koeru,Märt,1,5.187925696594427,-1.838662819292933,13
Martin / Mart / Märt,Pärnu-Jaagupi,Märti,0,3.4105263157894736,-1.8467610337532774,54
Martin / Mart / Märt,Kambja,Mart/Martin,0,3.417956656346749,-1.8487716614949368,12
Martin / Mart / Märt,Puhja,Mard/Mardi,0,3.5603715170278636,-1.8868946756583589,20
Martin / Mart / Märt,Väike-Maarja,Märti,0,3.6,-1.8973665961010278,57
Martin / Mart / Märt,Varbla,Märti,0,3.789473684210526,-1.9466570535691505,60
Martin / Mart / Märt,Pärnu,Märti,0,3.8526315789473684,-1.9628121608924702,61
Martin / Mart / Märt,Tõstamaa,Märti,0,3.9157894736842107,-1.978835383169659,62
Martin / Mart / Märt,Räpina,Mard/Mardi,0,3.91640866873065,-1.9789918313956352,22
Martin / Mart / Märt,Pärnu-Jaagupi,Other,0,3.9622291021671825,-1.9905348784101178,54
Martin / Mart / Märt,Tartu-Maarja,Mart/Martin,0,3.9876160990712073,-1.9969016247855593,14
Martin / Mart / Märt,Jõelähtme,Märt,0,3.9907120743034055,-1.9976766691092442,10
Martin / Mart / Märt,Urvaste,Other,1,5.869969040247678,-2.0100566385146235,80
Martin / Mart / Märt,Viljandi,Märti,0,4.042105263157895,-2.0104987598001385,64
Martin / Mart / Märt,Haljala,Märti,0,4.231578947368421,-2.057080199547023,67
Martin / Mart / Märt,Simuna,Märt,0,4.389783281733746,-2.0951809663448513,11
Martin / Mart / Märt,Palamuse,Märti,0,4.421052631578948,-2.102629932151387,70
Martin / Mart / Märt,Nõo,Mart/Martin,0,4.557275541795666,-2.1347776328685066,16
Martin / Mart / Märt,Ridala,Mart/Martin,0,4.557275541795666,-2.1347776328685066,16
Martin / Mart / Märt,Viljandi,Other,0,4.695975232198142,-2.167019896585664,64
Martin / Mart / Märt,Tori,Märti,0,4.7368421052631575,-2.176428750330035,75
Martin / Mart / Märt,Kose,Märt,0,4.788854489164087,-2.1883451485458334,12
Martin / Mart / Märt,Sangaste,Mart/Martin,0,4.842105263157895,-2.2004784168807237,17
Martin / Mart / Märt,Järva-Madise,Märt,2,8.380495356037152,-2.204040405952347,21
Martin / Mart / Märt,Hageri,Märt,0,5.187925696594427,-2.277701845412263,13
Martin / Mart / Märt,Võnnu,Mard/Mardi,0,5.340557275541796,-2.310964576868671,30
Martin / Mart / Märt,Saarde,Märti,0,5.368421052631579,-2.316985337163699,85
Martin / Mart / Märt,Tori,Other,0,5.503095975232198,-2.34586785118689,75
Martin / Mart / Märt,Puhja,Mart/Martin,0,5.696594427244582,-2.3867539519700354,20
Martin / Mart / Märt,Viljandi,Mart/Martin,8,18.229102167182663,-2.395823810800797,64
Martin / Mart / Märt,Ambla,Märt,8,18.357275541795666,-2.4173604748812565,46
Martin / Mart / Märt,Paistu,Other,3,11.152941176470588,-2.441291298019768,152
Martin / Mart / Märt,Rõngu,Märti,0,6.0,-2.4494897427831783,95
Martin / Mart / Märt,Kodavere,Mard/Mardi,0,6.052631578947368,-2.460209661583209,34
Martin / Mart / Märt,Vändra,Märti,0,6.189473684210526,-2.487865286588188,98
Martin / Mart / Märt,Saarde,Other,0,6.2368421052631575,-2.4973670345512207,85
Martin / Mart / Märt,Räpina,Mart/Martin,0,6.266253869969041,-2.50324866323125,22
Martin / Mart / Märt,Põltsamaa,Märt,2,9.976780185758514,-2.525413063240665,25
Martin / Mart / Märt,Harju-Jaani,Märt,0,6.385139318885449,-2.526883321185497,16
Martin / Mart / Märt,Ridala,Märt,0,6.385139318885449,-2.526883321185497,16
Martin / Mart / Märt,Viru-Jaagupi,Märt,1,8.380495356037152,-2.5494744644329175,21
Martin / Mart / Märt,Türi,Märt,0,7.18328173374613,-2.6801644975161745,18
Martin / Mart / Märt,Vändra,Other,0,7.190712074303406,-2.681550311723315,98
Martin / Mart / Märt,Rapla,Märt,0,7.58235294117647,-2.753607259791503,19
Martin / Mart / Märt,Kodavere,Mart/Martin,1,9.68421052631579,-2.7906041274034203,34
Martin / Mart / Märt,Äksi,Mard/Mardi,0,7.8328173374613,-2.7987170877852767,44
Martin / Mart / Märt,Puhja,Märt,0,7.981424148606811,-2.825141438690603,20
Martin / Mart / Märt,Suure-Jaani,Mard/Mardi,12,27.058823529411764,-2.8949201474041644,152
Martin / Mart / Märt,Võnnu,Mart/Martin,0,8.544891640866872,-2.923164661948908,30
Martin / Mart / Märt,Laiuse,Märt,0,8.779566563467492,-2.963033338230856,22
Martin / Mart / Märt,Karksi,Mart/Martin,8,22.21671826625387,-3.0161949134071246,78
Martin / Mart / Märt,Märjamaa,Märt,0,9.178637770897833,-3.029626671868637,23
Martin / Mart / Märt,Viljandi,Mard/Mardi,1,11.393188854489164,-3.0791168528686272,64
Martin / Mart / Märt,Jõhvi,Märt,0,9.577708978328173,-3.0947873882268833,24
Martin / Mart / Märt,Paistu,Märti,0,9.6,-3.098386676965933,152
Martin / Mart / Märt,Suure-Jaani,Märti,0,9.6,-3.098386676965933,152
Martin / Mart / Märt,Tarvastu,Other,2,13.794427244582044,-3.175594340345711,188
Martin / Mart / Märt,Kuusalu,Märt,0,11.173993808049536,-3.3427524299668883,28
Martin / Mart / Märt,Vigala,Märt,1,13.16934984520124,-3.353398833727874,33
Martin / Mart / Märt,Mihkli,Märt,0,11.573065015479877,-3.4019207832458234,29
Martin / Mart / Märt,Väike-Maarja,Märt,6,22.74705882352941,-3.5113645511783376,57
Martin / Mart / Märt,Äksi,Mart/Martin,0,12.532507739938081,-3.5401282095339544,44
Martin / Mart / Märt,Torma,Märti,0,12.694736842105263,-3.562967420859369,201
Martin / Mart / Märt,Urvaste,Mard/Mardi,0,14.241486068111454,-3.7737893513167178,80
Martin / Mart / Märt,Häädemeeste,Märt,0,14.36656346749226,-3.790324981778246,36
Martin / Mart / Märt,Pilistvere,Märt,0,15.962848297213622,-3.9953533382184885,40
Martin / Mart / Märt,Rõngu,Mard/Mardi,0,16.91176470588235,-4.112391604149871,95
Martin / Mart / Märt,Tõstamaa,Märt,4,24.742414860681116,-4.170021305710709,62
Martin / Mart / Märt,Karuse,Märt,0,18.357275541795666,-4.284539128283889,46
Martin / Mart / Märt,Suure-Jaani,Märt,27,60.65882352941176,-4.321673375855802,152
Martin / Mart / Märt,Pärnu-Jaagupi,Märt,1,21.54984520123839,-4.426765099580804,54
Martin / Mart / Märt,Helme,Other,1,21.939009287925696,-4.470412754720558,299
Martin / Mart / Märt,Urvaste,Mart/Martin,0,22.78637770897833,-4.773507903940071,80
Martin / Mart / Märt,Saarde,Märt,6,33.921052631578945,-4.793990034573962,85
Martin / Mart / Märt,Varbla,Märt,0,23.944272445820435,-4.893288510380359,60
Martin / Mart / Märt,Pärnu,Märt,0,24.343343653250773,-4.93389741008574,61
Martin / Mart / Märt,Tori,Märt,2,29.930340557275542,-5.105289826120051,75
Martin / Mart / Märt,Haljala,Märt,0,26.737770897832817,-5.1708578493159925,67
Martin / Mart / Märt,Torma,Mart/Martin,18,57.250773993808046,-5.1874932413243044,201
Martin / Mart / Märt,Paistu,Mard/Mardi,0,27.058823529411764,-5.201809639866857,152
Martin / Mart / Märt,Rõngu,Mart/Martin,0,27.058823529411764,-5.201809639866857,95
Martin / Mart / Märt,Tarvastu,Mard/Mardi,0,33.46749226006192,-5.78510952878698,188
Martin / Mart / Märt,Paistu,Mart/Martin,5,43.294117647058826,-5.819928118046883,152
Martin / Mart / Märt,Vändra,Märt,0,39.10897832817337,-6.253717160871074,98
Martin / Mart / Märt,Helme,Mard/Mardi,0,53.22755417956656,-7.295721635285064,299
Martin / Mart / Märt,Tarvastu,Mart/Martin,0,53.54798761609907,-7.317649049804116,188
Martin / Mart / Märt,Helme,Mart/Martin,17,85.16408668730651,-7.386307322724078,299
Martin / Mart / Märt,Halliste,Mart/Martin,6,71.20743034055728,-7.7274184277770654,250
Mary / Maria / Maarja / Mari,Narvusi,Maija/Maie,173,33.596035865974514,24.05088742702677,315
Mary / Maria / Maarja / Mari,Karksi,Maarja,60,14.449740443605474,11.9828695927789,134
Mary / Maria / Maarja / Mari,Suistamo,Maria,50,11.486786219915054,11.36345747620839,81
Mary / Maria / Maarja / Mari,Kaprio,Maaria,23,3.66682397357244,10.096205323789249,42
Mary / Maria / Maarja / Mari,Vastseliina,Maarja,24,4.636857008022652,8.992159485934401,43
Mary / Maria / Maarja / Mari,Helme,Maarja,30,7.00920245398773,8.683998403647749,65
Mary / Maria / Maarja / Mari,Soikkola,Maija/Maie,43,12.478527607361963,8.640200260837803,117
Mary / Maria / Maarja / Mari,Soikkola,Maaria,37,10.214723926380367,8.380748543453779,117
Mary / Maria / Maarja / Mari,Suojärvi,Maria,37,10.494100991033507,8.182196766118869,74
Mary / Maria / Maarja / Mari,Juva,Maria,17,3.1198678621991505,7.8582438326424136,22
Mary / Maria / Maarja / Mari,Janakkala,Maija/Maie,8,0.8532326569136385,7.737059015829966,8
Mary / Maria / Maarja / Mari,Setumaa,Maarja,75,31.595327984898535,7.721915498975326,293
Mary / Maria / Maarja / Mari,Kiuruvesi,Maria,13,2.1271826333176027,7.454863636592894,15
Mary / Maria / Maarja / Mari,Uskela,Maija/Maie,11,1.5998112317130722,7.431940159577974,15
Mary / Maria / Maarja / Mari,Mouhijärvi,Maija/Maie,9,1.173194903256253,7.226024593633326,11
Mary / Maria / Maarja / Mari,Tohmajärvi,Maria,11,1.7017461066540822,7.127775587089548,12
Mary / Maria / Maarja / Mari,Saarijärvi,Maija/Maie,11,1.706465313827277,7.114300275583847,16
Mary / Maria / Maarja / Mari,Savonranta,Maaria,5,0.43652666352052855,6.907010708967432,5
Mary / Maria / Maarja / Mari,Suojärvi,Maaria,24,6.460594620103823,6.900469174239725,74
Mary / Maria / Maarja / Mari,Impilahti,Maria,13,2.4108069844266162,6.819957119230443,17
Mary / Maria / Maarja / Mari,Porajärvi,Maaria,10,1.5714959886739028,6.723476007416665,18
Mary / Maria / Maarja / Mari,Asikkala,Maija/Maie,8,1.0665408211420482,6.713689035631583,10
Mary / Maria / Maarja / Mari,Ranua,Maija/Maie,7,0.8532326569136385,6.654463396803045,8
Mary / Maria / Maarja / Mari,Kaarma,Other,4,0.31571495988673903,6.557006921838706,6
Mary / Maria / Maarja / Mari,Huittinen,Maaria,5,0.5238319962246343,6.184582218828516,6
Mary / Maria / Maarja / Mari,Mäntyharju,Maija/Maie,6,0.7465785747994337,6.080012606101189,7
Mary / Maria / Maarja / Mari,Iisalmi,Maria,8,1.2763095799905615,5.951544626260878,9
Mary / Maria / Maarja / Mari,Kuhmo,Maaria,6,0.7857479943369514,5.882343428477563,9
Mary / Maria / Maarja / Mari,Serepetta,Other,7,1.0523831996224635,5.797703833993908,20
Mary / Maria / Maarja / Mari,Saarde,Maarja,10,1.9410099103350638,5.784512252457846,18
Mary / Maria / Maarja / Mari,Salmi,Maaria,11,2.357243983010854,5.629242854429181,27
Mary / Maria / Maarja / Mari,Haljala,Mari,102,58.941717791411044,5.608481678453347,117
Mary / Maria / Maarja / Mari,Uhtua,Maria,9,1.7017461066540822,5.594632769341718,12
Mary / Maria / Maarja / Mari,Paltamo,Maria,6,0.8508730533270411,5.582146293885415,6
Mary / Maria / Maarja / Mari,Halliste,Maarja,22,7.224870221802737,5.496880289181803,67
Mary / Maria / Maarja / Mari,Kaavi,Maaria,6,0.8730533270410571,5.487043641309558,10
Mary / Maria / Maarja / Mari,Viljandi,Maarja,23,7.764039641340255,5.467967970679908,72
Mary / Maria / Maarja / Mari,Alatornio,Maija/Maie,5,0.6399244926852289,5.450415914150772,6
Mary / Maria / Maarja / Mari,Hollola,Maija/Maie,5,0.6399244926852289,5.450415914150772,6
Mary / Maria / Maarja / Mari,Kurikka,Maija/Maie,5,0.6399244926852289,5.450415914150772,6
Mary / Maria / Maarja / Mari,Jokioinen,Maaria,4,0.43652666352052855,5.393468238201973,5
Mary / Maria / Maarja / Mari,Kankaanpää,Maaria,4,0.43652666352052855,5.393468238201973,5
Mary / Maria / Maarja / Mari,Kesälahti,Maaria,4,0.43652666352052855,5.393468238201973,5
Mary / Maria / Maarja / Mari,Riipuskala,Maaria,4,0.43652666352052855,5.393468238201973,5
Mary / Maria / Maarja / Mari,Ilomantsi,Maria,16,4.537989617744219,5.380579449132445,32
Mary / Maria / Maarja / Mari,Nurmes,Maaria,9,1.83341198678622,5.2927624891647085,21
Mary / Maria / Maarja / Mari,Salmi,Maria,14,3.8289287399716847,5.19790161703793,27
Mary / Maria / Maarja / Mari,Soanlahti,Maria,5,0.7090608777725342,5.095779074091507,5
Mary / Maria / Maarja / Mari,Tervo,Maria,6,0.9926852288815479,5.0257295385167815,7
Mary / Maria / Maarja / Mari,Kuusalu,Mari,95,57.43039169419538,4.957534875084292,114
Mary / Maria / Maarja / Mari,Rantsila,Maija/Maie,5,0.7465785747994337,4.922669207580849,7
Mary / Maria / Maarja / Mari,Tulemajärvi,Maaria,4,0.5238319962246343,4.802913297194608,6
Mary / Maria / Maarja / Mari,Hattula,Maija/Maie,6,1.0665408211420482,4.777083118601454,10
Mary / Maria / Maarja / Mari,Korpiselkä,Maaria,9,2.095327984898537,4.769985368670534,24
Mary / Maria / Maarja / Mari,Uukuniemi,Maaria,5,0.7857479943369514,4.754215477989378,9
Mary / Maria / Maarja / Mari,Muhos,Maija/Maie,4,0.5332704105710241,4.747295043872865,5
Mary / Maria / Maarja / Mari,Uusikaupunki,Maija/Maie,4,0.5332704105710241,4.747295043872865,5
Mary / Maria / Maarja / Mari,Repola,Maaria,8,1.83341198678622,4.554229385349351,21
Mary / Maria / Maarja / Mari,Karksi,Other,19,7.050967437470505,4.4999572723525105,134
Mary / Maria / Maarja / Mari,Humppila,Maria,5,0.8508730533270411,4.498050610928473,6
Mary / Maria / Maarja / Mari,Loppi,Maaria,4,0.61113732892874,4.334954706755737,7
Mary / Maria / Maarja / Mari,Ilomantsi,Maaria,10,2.7937706465313825,4.311344287510602,32
Mary / Maria / Maarja / Mari,Lempaala,Maaria,8,2.0080226521944313,4.228495366377416,23
Mary / Maria / Maarja / Mari,Kalajoki,Maija/Maie,4,0.6399244926852289,4.200342170013368,6
Mary / Maria / Maarja / Mari,Kontokki,Maria,6,1.2763095799905615,4.181223789195175,9
Mary / Maria / Maarja / Mari,Sääksmäki,Maria,6,1.2763095799905615,4.181223789195175,9
Mary / Maria / Maarja / Mari,Tori,Mari,44,23.677442189712128,4.176485473293527,47
Mary / Maria / Maarja / Mari,Repola,Maria,10,2.9780556866446437,4.069030768547228,21
Mary / Maria / Maarja / Mari,Jõhvi,Mari,63,38.28692779613025,3.993939467815638,76
Mary / Maria / Maarja / Mari,Paistu,Maarja,17,6.685700802265219,3.9890203943069644,62
Mary / Maria / Maarja / Mari,Pärnu-Jaagupi,Maarja,9,2.588013213780085,3.985743752117509,24
Mary / Maria / Maarja / Mari,Kuusamo,Maaria,4,0.6984426616328456,3.9505127223869256,8
Mary / Maria / Maarja / Mari,Lappajärvi,Maria,4,0.7090608777725342,3.9082117539925356,5
Mary / Maria / Maarja / Mari,Hauho,Maaria,3,0.43652666352052855,3.8799257674365144,5
Mary / Maria / Maarja / Mari,Suomussalmi,Maaria,3,0.43652666352052855,3.8799257674365144,5
Mary / Maria / Maarja / Mari,Kitee,Maria,9,2.69443133553563,3.841410322023562,19
Mary / Maria / Maarja / Mari,Pilistvere,Mari,38,20.654789995280794,3.8165343060247534,41
Mary / Maria / Maarja / Mari,Venjoki,Maria,7,1.843558282208589,3.797708944083566,13
Mary / Maria / Maarja / Mari,Vuokkiniemi,Maria,13,4.8216139688532325,3.724529236119771,34
Mary / Maria / Maarja / Mari,Palamuse,Mari,36,19.64723926380368,3.6892689392287803,39
Mary / Maria / Maarja / Mari,Simuna,Maarja,8,2.372345445965078,3.6537469576434343,22
Mary / Maria / Maarja / Mari,Pielavesi,Maria,5,1.1344974044360547,3.6291441261399755,8
Mary / Maria / Maarja / Mari,Võnnu,Other,4,0.7892873997168476,3.613964211911683,15
Mary / Maria / Maarja / Mari,Korpiselkä,Maria,10,3.4034922133081644,3.5756228070722367,24
Mary / Maria / Maarja / Mari,Metsäpirtti,Maria,6,1.5599339310995752,3.5549731925873953,11
Mary / Maria / Maarja / Mari,Räpina,Maarja,16,6.793534686172723,3.53219785678485,63
Mary / Maria / Maarja / Mari,Setumaa,Other,29,15.417413874469089,3.459208201963564,293
Mary / Maria / Maarja / Mari,Pyhäjärvi Ul.,Maaria,3,0.5238319962246343,3.4212443755606987,6
Mary / Maria / Maarja / Mari,Kuopio,Maria,4,0.8508730533270411,3.4139549279715315,6
Mary / Maria / Maarja / Mari,Töysä,Maria,4,0.8508730533270411,3.4139549279715315,6
Mary / Maria / Maarja / Mari,Rõuge,Mari,34,19.143463898065125,3.3955278809287113,38
Mary / Maria / Maarja / Mari,Rääpyvä,Other,2,0.2630957999056159,3.3862491408417963,5
Mary / Maria / Maarja / Mari,Hämeenlinna,Maija/Maie,3,0.5332704105710241,3.377907867454869,5
Mary / Maria / Maarja / Mari,Pöide,Mari,26,13.60193487494101,3.361658306133347,27
Mary / Maria / Maarja / Mari,Tammela,Maria,7,2.1271826333176027,3.3410097649532293,15
Mary / Maria / Maarja / Mari,Narvusi,Maaria,45,27.5011798017933,3.336822505767715,315
Mary / Maria / Maarja / Mari,Marttila,Maria,5,1.2763095799905615,3.296063370662324,9
Mary / Maria / Maarja / Mari,Türi,Maarja,6,1.7253421425200566,3.2543461460579923,16
Mary / Maria / Maarja / Mari,Kadrina,Mari,57,37.27937706465314,3.2298793954573997,74
Mary / Maria / Maarja / Mari,Kose,Mari,29,16.12081170363379,3.207709571736198,32
Mary / Maria / Maarja / Mari,Viru-Nigula,Mari,31,17.632137800849456,3.183533867338225,35
Mary / Maria / Maarja / Mari,Nurmes,Maija/Maie,7,2.239735724398301,3.180772994940421,21
Mary / Maria / Maarja / Mari,Vaivara,Mari,26,14.105710240679565,3.166948748005914,28
Mary / Maria / Maarja / Mari,Risti,Mari,35,20.654789995280794,3.156432588319456,41
Mary / Maria / Maarja / Mari,Räpina,Other,9,3.3150070788107597,3.1223939601363093,63
Mary / Maria / Maarja / Mari,Suure-Jaani,Mari,30,17.1283624351109,3.110110937284926,34
Mary / Maria / Maarja / Mari,Luumäki,Maija/Maie,4,0.9598867390278433,3.1029856548222647,9
Mary / Maria / Maarja / Mari,Rovaniemi,Maija/Maie,4,0.9598867390278433,3.1029856548222647,9
Mary / Maria / Maarja / Mari,Pielisjärvi,Maaria,3,0.61113732892874,3.0557778478759983,7
Mary / Maria / Maarja / Mari,Pudasjärvi,Maaria,3,0.61113732892874,3.0557778478759983,7
Mary / Maria / Maarja / Mari,Laihia,Maria,4,0.9926852288815479,3.0183743918004047,7
Mary / Maria / Maarja / Mari,Maarja-Magdaleena,Mari,24,13.098159509202453,3.0122754750031575,26
Mary / Maria / Maarja / Mari,Kolga-Jaani,Mari,55,36.775601698914585,3.005199479546895,73
Mary / Maria / Maarja / Mari,Pyhäjärvi Ul.,Maija/Maie,3,0.6399244926852289,2.9502684258759624,6
Mary / Maria / Maarja / Mari,Sortavala,Maija/Maie,3,0.6399244926852289,2.9502684258759624,6
Mary / Maria / Maarja / Mari,Peetri,Mari,23,12.594384143463898,2.93210366778522,25
Mary / Maria / Maarja / Mari,Vuole,Maria,8,2.9780556866446437,2.910083734231347,21
Mary / Maria / Maarja / Mari,Hargla,Other,5,1.4733364794714487,2.9054476483748775,28
Mary / Maria / Maarja / Mari,Urvaste,Maarja,9,3.5585181689476166,2.8845800105282886,33
Mary / Maria / Maarja / Mari,Jõelähtme,Mari,17,8.56418121755545,2.8825995699693188,17
Mary / Maria / Maarja / Mari,Põltsamaa,Mari,42,27.20386974988202,2.836826677271023,54
Mary / Maria / Maarja / Mari,Puhja,Mari,24,13.60193487494101,2.819370735899705,27
Mary / Maria / Maarja / Mari,Rannu,Mari,19,10.075507314771118,2.8115776128510017,20
Mary / Maria / Maarja / Mari,Venjoki,Other,3,0.6840490797546013,2.800178521523287,13
Mary / Maria / Maarja / Mari,Porajärvi,Maria,7,2.552619159981123,2.783628718084331,18
Mary / Maria / Maarja / Mari,Pielavesi,Maaria,3,0.6984426616328456,2.7539523366325094,8
Mary / Maria / Maarja / Mari,Lappee,Maria,3,0.7090608777725342,2.7206444338935634,5
Mary / Maria / Maarja / Mari,Leppävirta,Maria,3,0.7090608777725342,2.7206444338935634,5
Mary / Maria / Maarja / Mari,Piippola,Maria,3,0.7090608777725342,2.7206444338935634,5
Mary / Maria / Maarja / Mari,Moloskovitsa,Maaria,4,1.1349693251533743,2.6892873819007646,13
Mary / Maria / Maarja / Mari,Harju-Jaani,Mari,26,15.617036337895234,2.6273747609305373,31
Mary / Maria / Maarja / Mari,Sangaste,Mari,49,33.75294950448325,2.62439966569322,67
Mary / Maria / Maarja / Mari,Metsäpirtti,Maija/Maie,4,1.173194903256253,2.609821363633622,11
Mary / Maria / Maarja / Mari,Kauhava,Maija/Maie,3,0.7465785747994337,2.60798241054017,7
Mary / Maria / Maarja / Mari,Laihia,Maija/Maie,3,0.7465785747994337,2.60798241054017,7
Mary / Maria / Maarja / Mari,Pielisjärvi,Maija/Maie,3,0.7465785747994337,2.60798241054017,7
Mary / Maria / Maarja / Mari,Pudasjärvi,Maija/Maie,3,0.7465785747994337,2.60798241054017,7
Mary / Maria / Maarja / Mari,Kitee,Maaria,5,1.6588013213780084,2.5942099137718775,19
Mary / Maria / Maarja / Mari,Suojärvi,Other,9,3.893817838603115,2.587667604589179,74
Mary / Maria / Maarja / Mari,Audru,Mari,16,8.56418121755545,2.5408900519829696,17
Mary / Maria / Maarja / Mari,Mihkli,Mari,13,6.549079754601227,2.5207601987149797,13
Mary / Maria / Maarja / Mari,Viru-Jaagupi,Mari,13,6.549079754601227,2.5207601987149797,13
Mary / Maria / Maarja / Mari,Tyrö,Maria,11,5.247050495516754,2.5114985991095846,37
Mary / Maria / Maarja / Mari,Tarvastu,Mari,37,24.68499292118924,2.4786668717039,49
Mary / Maria / Maarja / Mari,Pieksämäki,Other,2,0.4209532798489854,2.4337615808281945,8
Mary / Maria / Maarja / Mari,Uukuniemi,Maria,4,1.2763095799905615,2.4109029521294723,9
Mary / Maria / Maarja / Mari,Torma,Mari,17,9.571731949032563,2.4010007903126795,19
Mary / Maria / Maarja / Mari,Hargla,Mari,23,14.105710240679565,2.368175014032196,28
Mary / Maria / Maarja / Mari,Hämeenlinna,Maaria,2,0.43652666352052855,2.366383296671055,5
Mary / Maria / Maarja / Mari,Rääpyvä,Maaria,2,0.43652666352052855,2.366383296671055,5
Mary / Maria / Maarja / Mari,Tammela,Maaria,4,1.3095799905615857,2.351007794163865,15
Mary / Maria / Maarja / Mari,Liissilä,Maria,3,0.8508730533270411,2.3298592450145894,6
Mary / Maria / Maarja / Mari,Paimio,Maria,3,0.8508730533270411,2.3298592450145894,6
Mary / Maria / Maarja / Mari,Pälkjärvi,Maria,3,0.8508730533270411,2.3298592450145894,6
Mary / Maria / Maarja / Mari,Kullamaa,Mari,11,5.541529023124115,2.318762132851217,11
Mary / Maria / Maarja / Mari,Väike-Maarja,Mari,24,15.113260972156677,2.285932150461306,30
Mary / Maria / Maarja / Mari,Lüganuse,Mari,22,13.60193487494101,2.277083165666063,27
Mary / Maria / Maarja / Mari,Setumaa,Mari,175,147.60618216139687,2.2547598343813635,293
Mary / Maria / Maarja / Mari,Muhu,Mari,13,7.052855120339783,2.239370935385229,14
Mary / Maria / Maarja / Mari,Rõngu,Maarja,4,1.401840490797546,2.1944036161116016,13
Mary / Maria / Maarja / Mari,Reigi,Mari,9,4.533978291647004,2.0973992652959197,9
Mary / Maria / Maarja / Mari,Häädemeeste,Mari,14,8.060405851816896,2.092080135759585,16
Mary / Maria / Maarja / Mari,Lempaala,Maria,7,3.2616800377536572,2.069930634326779,23
Mary / Maria / Maarja / Mari,Kalajoki,Maaria,2,0.5238319962246343,2.0395754539267896,6
Mary / Maria / Maarja / Mari,Liperi,Maaria,2,0.5238319962246343,2.0395754539267896,6
Mary / Maria / Maarja / Mari,Paimio,Maaria,2,0.5238319962246343,2.0395754539267896,6
Mary / Maria / Maarja / Mari,Pälkjärvi,Maaria,2,0.5238319962246343,2.0395754539267896,6
Mary / Maria / Maarja / Mari,Pühalepa,Mari,11,6.045304388862671,2.015152383158214,12
Mary / Maria / Maarja / Mari,Kauhava,Maria,3,0.9926852288815479,2.014696818442216,7
Mary / Maria / Maarja / Mari,Kiihtelysvaara,Maria,3,0.9926852288815479,2.014696818442216,7
Mary / Maria / Maarja / Mari,Somero,Maria,3,0.9926852288815479,2.014696818442216,7
Mary / Maria / Maarja / Mari,Kitee,Other,3,0.9997640396413403,2.0004719903270733,19
Mary / Maria / Maarja / Mari,Muurla,Maarja,2,0.5391694195375177,1.9894692257688982,5
Mary / Maria / Maarja / Mari,Koeru,Mari,19,12.090608777725341,1.9870815894136953,24
Mary / Maria / Maarja / Mari,Martna,Mari,8,4.030202925908448,1.9774469911285697,8
Mary / Maria / Maarja / Mari,Tammela,Maija/Maie,4,1.5998112317130722,1.8976277750697113,15
Mary / Maria / Maarja / Mari,Järva-Madise,Mari,10,5.541529023124115,1.8939614619903924,11
Mary / Maria / Maarja / Mari,Pärnu,Mari,12,7.052855120339783,1.862825386100885,14
Mary / Maria / Maarja / Mari,Suistamo,Maaria,12,7.0717319490325625,1.853238978598099,81
Mary / Maria / Maarja / Mari,Märjamaa,Maarja,3,1.0783388390750355,1.8505430331154191,10
Mary / Maria / Maarja / Mari,Karula,Mari,7,3.5264275601698913,1.84973228532753,7
Mary / Maria / Maarja / Mari,Mustjala,Mari,7,3.5264275601698913,1.84973228532753,7
Mary / Maria / Maarja / Mari,Karuse,Mari,19,12.594384143463898,1.8049801190359276,25
Mary / Maria / Maarja / Mari,Kiihtelysvaara,Maaria,2,0.61113732892874,1.7766009889962588,7
Mary / Maria / Maarja / Mari,Rantsila,Maaria,2,0.61113732892874,1.7766009889962588,7
Mary / Maria / Maarja / Mari,Somero,Maaria,2,0.61113732892874,1.7766009889962588,7
Mary / Maria / Maarja / Mari,Sangaste,Maarja,12,7.224870221802737,1.7765202167490002,67
Mary / Maria / Maarja / Mari,Pieksämäki,Maria,3,1.1344974044360547,1.7514353229924702,8
Mary / Maria / Maarja / Mari,Kivennapa,Mari,13,8.060405851816896,1.7398540267754312,16
Mary / Maria / Maarja / Mari,Kursi,Mari,13,8.060405851816896,1.7398540267754312,16
Mary / Maria / Maarja / Mari,Paide,Mari,11,6.549079754601227,1.739240631638343,13
Mary / Maria / Maarja / Mari,Varbla,Mari,11,6.549079754601227,1.739240631638343,13
Mary / Maria / Maarja / Mari,Otepää,Maarja,4,1.7253421425200566,1.731723164495421,16
Mary / Maria / Maarja / Mari,Rapla,Mari,6,3.0226521944313354,1.7125193289544434,6
Mary / Maria / Maarja / Mari,Kontiolahti,Maija/Maie,2,0.6399244926852289,1.700194681738557,6
Mary / Maria / Maarja / Mari,Kuopio,Maija/Maie,2,0.6399244926852289,1.700194681738557,6
Mary / Maria / Maarja / Mari,Liperi,Maija/Maie,2,0.6399244926852289,1.700194681738557,6
Mary / Maria / Maarja / Mari,Vuokkiniemi,Other,4,1.7890514393581878,1.652978575508842,34
Mary / Maria / Maarja / Mari,Lempaala,Other,3,1.210240679565833,1.6268921341867268,23
Mary / Maria / Maarja / Mari,Kolga-Jaani,Other,7,3.8411986786219914,1.6117175152787455,73
Mary / Maria / Maarja / Mari,Tartu-Maarja,Mari,10,6.045304388862671,1.6084367054829827,12
Mary / Maria / Maarja / Mari,Tõstamaa,Maaria,3,1.22227465785748,1.6079785823131922,14
Mary / Maria / Maarja / Mari,Paistu,Mari,40,31.23407267579047,1.5684965128037502,62
Mary / Maria / Maarja / Mari,Kõpu,Mari,5,2.5188768286927794,1.5633091110532644,5
Mary / Maria / Maarja / Mari,Pieksämäki,Maaria,2,0.6984426616328456,1.5573919508780931,8
Mary / Maria / Maarja / Mari,Vigala,Other,3,1.2628598395469561,1.545814171851433,24
Mary / Maria / Maarja / Mari,Koprina,Maria,2,0.7090608777725342,1.533077113794591,5
Mary / Maria / Maarja / Mari,Muurla,Maria,2,0.7090608777725342,1.533077113794591,5
Mary / Maria / Maarja / Mari,Kuhmo,Maria,3,1.2763095799905615,1.5257425335966213,9
Mary / Maria / Maarja / Mari,Luumäki,Maria,3,1.2763095799905615,1.5257425335966213,9
Mary / Maria / Maarja / Mari,Rovaniemi,Maria,3,1.2763095799905615,1.5257425335966213,9
Mary / Maria / Maarja / Mari,Äksi,Mari,13,8.56418121755545,1.5157614980239216,17
Mary / Maria / Maarja / Mari,Tõstamaa,Mari,11,7.052855120339783,1.4862798368165413,14
Mary / Maria / Maarja / Mari,Muolaa,Mari,7,4.030202925908448,1.4793240507812755,8
Mary / Maria / Maarja / Mari,Vändra,Mari,7,4.030202925908448,1.4793240507812755,8
Mary / Maria / Maarja / Mari,Kodavere,Other,2,0.7366682397357244,1.4719106284988686,14
Mary / Maria / Maarja / Mari,Iisaku,Mari,9,5.541529023124115,1.4691607911295677,11
Mary / Maria / Maarja / Mari,Kiihtelysvaara,Maija/Maie,2,0.7465785747994337,1.4506390120198307,7
Mary / Maria / Maarja / Mari,Loppi,Maija/Maie,2,0.7465785747994337,1.4506390120198307,7
Mary / Maria / Maarja / Mari,Somero,Maija/Maie,2,0.7465785747994337,1.4506390120198307,7
Mary / Maria / Maarja / Mari,Koivisto,Other,1,0.2630957999056159,1.4366602454624275,5
Mary / Maria / Maarja / Mari,Lappee,Other,1,0.2630957999056159,1.4366602454624275,5
Mary / Maria / Maarja / Mari,Vigala,Mari,17,12.090608777725341,1.4118987620156187,24
Mary / Maria / Maarja / Mari,Jüri,Maarja,5,2.6958470976875883,1.4033424648379906,25
Mary / Maria / Maarja / Mari,Otepää,Mari,12,8.060405851816896,1.3876279177912774,16
Mary / Maria / Maarja / Mari,Põlva,Mari,12,8.060405851816896,1.3876279177912774,16
Mary / Maria / Maarja / Mari,Kontokki,Maaria,2,0.7857479943369514,1.369831626524823,9
Mary / Maria / Maarja / Mari,Sääksmäki,Maaria,2,0.7857479943369514,1.369831626524823,9
Mary / Maria / Maarja / Mari,Ambla,Mari,15,10.579282680509674,1.3591413772624579,21
Mary / Maria / Maarja / Mari,Kaavi,Maria,3,1.4181217555450685,1.3283615413345928,10
Mary / Maria / Maarja / Mari,Toksova,Mari,6,3.5264275601698913,1.3172164626783844,7
Mary / Maria / Maarja / Mari,Viljandi,Mari,44,36.27182633317603,1.2831935301442958,72
Mary / Maria / Maarja / Mari,Serepetta,Maija/Maie,4,2.1330816422840964,1.278267029237752,20
Mary / Maria / Maarja / Mari,Kontiolahti,Maria,2,0.8508730533270411,1.2457635620576473,6
Mary / Maria / Maarja / Mari,Liperi,Maria,2,0.8508730533270411,1.2457635620576473,6
Mary / Maria / Maarja / Mari,Kuusamo,Maija/Maie,2,0.8532326569136385,1.2414853016684377,8
Mary / Maria / Maarja / Mari,Laiuse,Mari,17,12.594384143463898,1.2414183446612812,25
Mary / Maria / Maarja / Mari,Kanepi,Maarja,2,0.8626710712600283,1.2245131927525392,8
Mary / Maria / Maarja / Mari,Ridala,Other,1,0.31571495988673903,1.217837842534408,6
Mary / Maria / Maarja / Mari,Tulemajärvi,Other,1,0.31571495988673903,1.217837842534408,6
Mary / Maria / Maarja / Mari,Kodavere,Maarja,3,1.5096743747050496,1.212940583553648,14
Mary / Maria / Maarja / Mari,Nurmes,Maria,5,2.9780556866446437,1.1716631827575255,21
Mary / Maria / Maarja / Mari,Äksi,Other,2,0.8945257196790939,1.1688323598983816,17
Mary / Maria / Maarja / Mari,Saarijärvi,Maria,4,2.2689948088721095,1.1491629595959765,16
Mary / Maria / Maarja / Mari,Räpina,Mari,38,31.737848041529023,1.1115650005730433,63
Mary / Maria / Maarja / Mari,Võnnu,Maarja,3,1.617508258612553,1.087024399068641,15
Mary / Maria / Maarja / Mari,Narvusi,Other,21,16.5750353940538,1.08688243198592,315
Mary / Maria / Maarja / Mari,Urvaste,Mari,21,16.624587069372346,1.0731084446839134,33
Mary / Maria / Maarja / Mari,Marttila,Maija/Maie,2,0.9598867390278433,1.06162377883084,9
Mary / Maria / Maarja / Mari,Mouhijärvi,Maaria,2,0.9603586597451628,1.06088134343843,11
Mary / Maria / Maarja / Mari,Marttila,Maarja,2,0.9705049551675319,1.0450218764444705,9
Mary / Maria / Maarja / Mari,Kauhava,Other,1,0.3683341198678622,1.040797986712103,7
Mary / Maria / Maarja / Mari,Pudasjärvi,Other,1,0.3683341198678622,1.040797986712103,7
Mary / Maria / Maarja / Mari,Ilomantsi,Other,3,1.6838131193959416,1.0143097801748109,32
Mary / Maria / Maarja / Mari,Järva-Jaani,Other,2,0.9997640396413403,1.0003539892646531,19
Mary / Maria / Maarja / Mari,Lempaala,Maija/Maie,4,2.4530438886267105,0.9877006357204332,23
Mary / Maria / Maarja / Mari,Väike-Maarja,Maarja,5,3.235016517225106,0.9813013454082736,30
Mary / Maria / Maarja / Mari,Hanila,Mari,6,4.030202925908448,0.9812011104339812,8
Mary / Maria / Maarja / Mari,Põlva,Maarja,3,1.7253421425200566,0.9704116737141353,16
Mary / Maria / Maarja / Mari,Paistu,Other,5,3.2623879188296367,0.9620220521813203,62
Mary / Maria / Maarja / Mari,Jüri,Mari,16,12.594384143463898,0.9596374574739581,25
Mary / Maria / Maarja / Mari,Urvaste,Other,3,1.7364322793770646,0.9588917840140404,33
Mary / Maria / Maarja / Mari,Serepetta,Maaria,3,1.7461066540821142,0.9489104164284626,20
Mary / Maria / Maarja / Mari,Juuru,Mari,4,2.5188768286927794,0.9332278925422103,5
Mary / Maria / Maarja / Mari,Kanepi,Other,1,0.4209532798489854,0.8924762282355632,8
Mary / Maria / Maarja / Mari,Vigala,Maarja,4,2.588013213780085,0.8777026058979605,24
Mary / Maria / Maarja / Mari,Märjamaa,Mari,7,5.037753657385559,0.874248840110606,10
Mary / Maria / Maarja / Mari,Vuole,Maaria,3,1.83341198678622,0.8615638662725641,21
Mary / Maria / Maarja / Mari,Helme,Other,5,3.420245398773006,0.85420280913361,65
Mary / Maria / Maarja / Mari,Koivisto,Maaria,1,0.43652666352052855,0.8528408259055962,5
Mary / Maria / Maarja / Mari,Koprina,Maaria,1,0.43652666352052855,0.8528408259055962,5
Mary / Maria / Maarja / Mari,Leppävirta,Maaria,1,0.43652666352052855,0.8528408259055962,5
Mary / Maria / Maarja / Mari,Markkova,Maaria,1,0.43652666352052855,0.8528408259055962,5
Mary / Maria / Maarja / Mari,Piippola,Maaria,1,0.43652666352052855,0.8528408259055962,5
Mary / Maria / Maarja / Mari,Vuole,Other,2,1.1050023596035865,0.8514130207905719,21
Mary / Maria / Maarja / Mari,Pärnu-Jaagupi,Mari,15,12.090608777725341,0.836715934617542,24
Mary / Maria / Maarja / Mari,Kuusamo,Maria,2,1.1344974044360547,0.8125809214187175,8
Mary / Maria / Maarja / Mari,Järva-Jaani,Maria,4,2.69443133553563,0.7953644168602465,19
Mary / Maria / Maarja / Mari,Laiuse,Maarja,4,2.6958470976875883,0.7942932722129621,25
Mary / Maria / Maarja / Mari,Karuse,Maria,5,3.545304388862671,0.772583385595332,25
Mary / Maria / Maarja / Mari,Luumäki,Other,1,0.47357243983010855,0.7649717687894482,9
Mary / Maria / Maarja / Mari,Rovaniemi,Other,1,0.47357243983010855,0.7649717687894482,9
Mary / Maria / Maarja / Mari,Tarvastu,Maarja,7,5.283860311467674,0.7465810655231295,49
Mary / Maria / Maarja / Mari,Halliste,Mari,38,33.75294950448325,0.7310238727086101,67
Mary / Maria / Maarja / Mari,Kaprio,Maija/Maie,6,4.479471448796602,0.7184245968703039,42
Mary / Maria / Maarja / Mari,Rõuge,Other,3,1.9995280792826806,0.7075239582541296,38
Mary / Maria / Maarja / Mari,Hollola,Maaria,1,0.5238319962246343,0.6579065322928807,6
Mary / Maria / Maarja / Mari,Sortavala,Maaria,1,0.5238319962246343,0.6579065322928807,6
Mary / Maria / Maarja / Mari,Töysä,Maaria,1,0.5238319962246343,0.6579065322928807,6
Mary / Maria / Maarja / Mari,Kaavi,Other,1,0.5261915998112318,0.6531768752064827,10
Mary / Maria / Maarja / Mari,Hauho,Maija/Maie,1,0.5332704105710241,0.639133514618876,5
Mary / Maria / Maarja / Mari,Jokioinen,Maija/Maie,1,0.5332704105710241,0.639133514618876,5
Mary / Maria / Maarja / Mari,Kesälahti,Maija/Maie,1,0.5332704105710241,0.639133514618876,5
Mary / Maria / Maarja / Mari,Koivisto,Maija/Maie,1,0.5332704105710241,0.639133514618876,5
Mary / Maria / Maarja / Mari,Koprina,Maija/Maie,1,0.5332704105710241,0.639133514618876,5
Mary / Maria / Maarja / Mari,Lappajärvi,Maija/Maie,1,0.5332704105710241,0.639133514618876,5
Mary / Maria / Maarja / Mari,Leppävirta,Maija/Maie,1,0.5332704105710241,0.639133514618876,5
Mary / Maria / Maarja / Mari,Muurla,Maija/Maie,1,0.5332704105710241,0.639133514618876,5
Mary / Maria / Maarja / Mari,Piippola,Maija/Maie,1,0.5332704105710241,0.639133514618876,5
Mary / Maria / Maarja / Mari,Suomussalmi,Maija/Maie,1,0.5332704105710241,0.639133514618876,5
Mary / Maria / Maarja / Mari,Juuru,Maarja,1,0.5391694195375177,0.6275938294179709,5
Mary / Maria / Maarja / Mari,Uskela,Maria,3,2.1271826333176027,0.5984405171934528,15
Mary / Maria / Maarja / Mari,Soikkola,Maria,19,16.5920245398773,0.5911563595291691,117
Mary / Maria / Maarja / Mari,Ridala,Mari,4,3.0226521944313354,0.5621536741582902,6
Mary / Maria / Maarja / Mari,Järva-Madise,Other,1,0.5788107597923549,0.5536164296242266,11
Mary / Maria / Maarja / Mari,Toksova,Maaria,1,0.61113732892874,0.4974241301165197,7
Mary / Maria / Maarja / Mari,Ambla,Maarja,3,2.2645115620575744,0.4887520350257895,21
Mary / Maria / Maarja / Mari,Põltsamaa,Maria,9,7.657857479943369,0.4850036373021149,54
Mary / Maria / Maarja / Mari,Kanepi,Mari,5,4.030202925908448,0.48307817008668685,8
Mary / Maria / Maarja / Mari,Pühalepa,Other,1,0.6314299197734781,0.4638285730574813,12
Mary / Maria / Maarja / Mari,Tartu-Maarja,Other,1,0.6314299197734781,0.4638285730574813,12
Mary / Maria / Maarja / Mari,Uhtua,Other,1,0.6314299197734781,0.4638285730574813,12
Mary / Maria / Maarja / Mari,Suistamo,Maija/Maie,10,8.63898065125059,0.4630555018372873,81
Mary / Maria / Maarja / Mari,Järva-Jaani,Mari,11,9.571731949032563,0.46165171956934814,19
Mary / Maria / Maarja / Mari,Humppila,Maija/Maie,1,0.6399244926852289,0.45012093760115157,6
Mary / Maria / Maarja / Mari,Liissilä,Maija/Maie,1,0.6399244926852289,0.45012093760115157,6
Mary / Maria / Maarja / Mari,Paimio,Maija/Maie,1,0.6399244926852289,0.45012093760115157,6
Mary / Maria / Maarja / Mari,Pälkjärvi,Maija/Maie,1,0.6399244926852289,0.45012093760115157,6
Mary / Maria / Maarja / Mari,Töysä,Maija/Maie,1,0.6399244926852289,0.45012093760115157,6
Mary / Maria / Maarja / Mari,Kaarma,Maarja,1,0.6470033034450212,0.4388513029489802,6
Mary / Maria / Maarja / Mari,Ridala,Maarja,1,0.6470033034450212,0.4388513029489802,6
Mary / Maria / Maarja / Mari,Impilahti,Maaria,2,1.484190655969797,0.4233936679972467,17
Mary / Maria / Maarja / Mari,Kolga-Jaani,Maarja,9,7.871873525247758,0.402085801403893,73
Mary / Maria / Maarja / Mari,Pärnu,Maarja,2,1.5096743747050496,0.3990643655200254,14
Mary / Maria / Maarja / Mari,Moloskovitsa,Other,1,0.6840490797546013,0.38201110955880596,13
Mary / Maria / Maarja / Mari,Rõngu,Other,1,0.6840490797546013,0.38201110955880596,13
Mary / Maria / Maarja / Mari,Vändra,Maaria,1,0.6984426616328456,0.3608315651236772,8
Mary / Maria / Maarja / Mari,Kodavere,Mari,8,7.052855120339783,0.35664318896351016,14
Mary / Maria / Maarja / Mari,Iisaku,Maria,2,1.5599339310995752,0.3523422970811231,11
Mary / Maria / Maarja / Mari,Hauho,Maria,1,0.7090608777725342,0.34550979369561885,5
Mary / Maria / Maarja / Mari,Kankaanpää,Maria,1,0.7090608777725342,0.34550979369561885,5
Mary / Maria / Maarja / Mari,Koivisto,Maria,1,0.7090608777725342,0.34550979369561885,5
Mary / Maria / Maarja / Mari,Markkova,Maria,1,0.7090608777725342,0.34550979369561885,5
Mary / Maria / Maarja / Mari,Muhos,Maria,1,0.7090608777725342,0.34550979369561885,5
Mary / Maria / Maarja / Mari,Riipuskala,Maria,1,0.7090608777725342,0.34550979369561885,5
Mary / Maria / Maarja / Mari,Rääpyvä,Maria,1,0.7090608777725342,0.34550979369561885,5
Mary / Maria / Maarja / Mari,Suomussalmi,Maria,1,0.7090608777725342,0.34550979369561885,5
Mary / Maria / Maarja / Mari,Uusikaupunki,Maria,1,0.7090608777725342,0.34550979369561885,5
Mary / Maria / Maarja / Mari,Soikkola,Other,7,6.156441717791411,0.3399775246882577,117
Mary / Maria / Maarja / Mari,Türi,Mari,9,8.060405851816896,0.3309495908388155,16
Mary / Maria / Maarja / Mari,Kiuruvesi,Maija/Maie,2,1.5998112317130722,0.3163956652102075,15
Mary / Maria / Maarja / Mari,Markkova,Mari,3,2.5188768286927794,0.3031466740311562,5
Mary / Maria / Maarja / Mari,Tervo,Maija/Maie,1,0.7465785747994337,0.2932956134994914,7
Mary / Maria / Maarja / Mari,Halliste,Other,4,3.5254837187352526,0.2527212503154025,67
Mary / Maria / Maarja / Mari,Iisalmi,Maaria,1,0.7857479943369514,0.241703676036638,9
Mary / Maria / Maarja / Mari,Luumäki,Maaria,1,0.7857479943369514,0.241703676036638,9
Mary / Maria / Maarja / Mari,Rovaniemi,Maaria,1,0.7857479943369514,0.241703676036638,9
Mary / Maria / Maarja / Mari,Jüri,Maria,4,3.545304388862671,0.2414871344756212,25
Mary / Maria / Maarja / Mari,Laiuse,Maria,4,3.545304388862671,0.2414871344756212,25
Mary / Maria / Maarja / Mari,Kivennapa,Maija/Maie,2,1.706465313827277,0.22470394411278902,16
Mary / Maria / Maarja / Mari,Kursi,Maarja,2,1.7253421425200566,0.20910018293284963,16
Mary / Maria / Maarja / Mari,Rõngu,Mari,7,6.549079754601227,0.17620149748507002,13
Mary / Maria / Maarja / Mari,Häädemeeste,Other,1,0.8419065596979708,0.17229866150457085,16
Mary / Maria / Maarja / Mari,Põlva,Other,1,0.8419065596979708,0.17229866150457085,16
Mary / Maria / Maarja / Mari,Alatornio,Maria,1,0.8508730533270411,0.16166787910070488,6
Mary / Maria / Maarja / Mari,Huittinen,Maria,1,0.8508730533270411,0.16166787910070488,6
Mary / Maria / Maarja / Mari,Kurikka,Maria,1,0.8508730533270411,0.16166787910070488,6
Mary / Maria / Maarja / Mari,Sortavala,Maria,1,0.8508730533270411,0.16166787910070488,6
Mary / Maria / Maarja / Mari,Tulemajärvi,Maria,1,0.8508730533270411,0.16166787910070488,6
Mary / Maria / Maarja / Mari,Võnnu,Mari,8,7.556630486078339,0.1612878804487986,15
Mary / Maria / Maarja / Mari,Muolaa,Maija/Maie,1,0.8532326569136385,0.15888968264151612,8
Mary / Maria / Maarja / Mari,Pieksämäki,Maija/Maie,1,0.8532326569136385,0.15888968264151612,8
Mary / Maria / Maarja / Mari,Hanila,Maarja,1,0.8626710712600283,0.14785615729916557,8
Mary / Maria / Maarja / Mari,Impilahti,Maija/Maie,2,1.8131193959414817,0.13878771554518143,17
Mary / Maria / Maarja / Mari,Asikkala,Maaria,1,0.8730533270410571,0.13586291784906768,10
Mary / Maria / Maarja / Mari,Hattula,Maaria,1,0.8730533270410571,0.13586291784906768,10
Mary / Maria / Maarja / Mari,Äksi,Maarja,2,1.8331760264275603,0.12321295601003765,17
Mary / Maria / Maarja / Mari,Moloskovitsa,Maria,2,1.843558282208589,0.11521901020122656,13
Mary / Maria / Maarja / Mari,Tyrö,Mari,19,18.63968853232657,0.08345622940158405,37
Mary / Maria / Maarja / Mari,Juva,Maaria,2,1.9207173194903255,0.05720666085001106,22
Mary / Maria / Maarja / Mari,Lüganuse,Maarja,3,2.9115148655025958,0.05185740846386617,27
Mary / Maria / Maarja / Mari,Puhja,Maarja,3,2.9115148655025958,0.05185740846386617,27
Mary / Maria / Maarja / Mari,Sääksmäki,Maija/Maie,1,0.9598867390278433,0.04094284083512773,9
Mary / Maria / Maarja / Mari,Metsäpirtti,Maaria,1,0.9603586597451628,0.040451217816081804,11
Mary / Maria / Maarja / Mari,Tyrö,Maija/Maie,4,3.946201038225578,0.027082221849167074,37
Mary / Maria / Maarja / Mari,Loppi,Maria,1,0.9926852288815479,0.007341671725838602,7
Mary / Maria / Maarja / Mari,Mäntyharju,Maria,1,0.9926852288815479,0.007341671725838602,7
Mary / Maria / Maarja / Mari,Pielisjärvi,Maria,1,0.9926852288815479,0.007341671725838602,7
Mary / Maria / Maarja / Mari,Kitee,Maija/Maie,2,2.0264275601698913,-0.018564853592062492,19
Mary / Maria / Maarja / Mari,Simuna,Mari,11,11.08305804624823,-0.024948929005765674,22
Mary / Maria / Maarja / Mari,Järva-Jaani,Maarja,2,2.0488437942425675,-0.03412360992248035,19
Mary / Maria / Maarja / Mari,Tohmajärvi,Maaria,1,1.0476639924492686,-0.0465671230995971,12
Mary / Maria / Maarja / Mari,Uhtua,Maaria,1,1.0476639924492686,-0.0465671230995971,12
Mary / Maria / Maarja / Mari,Koeru,Maaria,2,2.095327984898537,-0.06585585704814767,24
Mary / Maria / Maarja / Mari,Simuna,Maria,3,3.1198678621991505,-0.06786325083269318,22
Mary / Maria / Maarja / Mari,Ambla,Other,1,1.1050023596035865,-0.09988895181961617,21
Mary / Maria / Maarja / Mari,Risti,Other,2,2.15738555922605,-0.10715217671883846,41
Mary / Maria / Maarja / Mari,Hanila,Maria,1,1.1344974044360547,-0.12627348015503514,8
Mary / Maria / Maarja / Mari,Ranua,Maria,1,1.1344974044360547,-0.12627348015503514,8
Mary / Maria / Maarja / Mari,Kaprio,Other,2,2.210004719207173,-0.14126431039453383,42
Mary / Maria / Maarja / Mari,Juva,Other,1,1.1576215195847097,-0.14649817494928205,22
Mary / Maria / Maarja / Mari,Kadrina,Maria,10,10.494100991033507,-0.15252572755984886,74
Mary / Maria / Maarja / Mari,Repola,Maija/Maie,2,2.239735724398301,-0.16018961846235083,21
Mary / Maria / Maarja / Mari,Vuole,Maija/Maie,2,2.239735724398301,-0.16018961846235083,21
Mary / Maria / Maarja / Mari,Risti,Maarja,4,4.421189240207645,-0.20031234533227,41
Mary / Maria / Maarja / Mari,Moloskovitsa,Mari,6,6.549079754601227,-0.21455828605324828,13
Mary / Maria / Maarja / Mari,Ilomantsi,Maija/Maie,3,3.412930627654554,-0.2235184442304285,32
Mary / Maria / Maarja / Mari,Juva,Maija/Maie,2,2.346389806512506,-0.22613356089992803,22
Mary / Maria / Maarja / Mari,Koeru,Other,1,1.2628598395469561,-0.23390885458333288,24
Mary / Maria / Maarja / Mari,Uhtua,Maija/Maie,1,1.2798489853704578,-0.24736848679917423,12
Mary / Maria / Maarja / Mari,Tartu-Maarja,Maarja,1,1.2940066068900424,-0.2584573237839095,12
Mary / Maria / Maarja / Mari,Uskela,Maaria,1,1.3095799905615857,-0.2705246646152422,15
Mary / Maria / Maarja / Mari,Karuse,Other,1,1.3154789995280793,-0.2750606691720732,25
Mary / Maria / Maarja / Mari,Peetri,Other,1,1.3154789995280793,-0.2750606691720732,25
Mary / Maria / Maarja / Mari,Maarja-Magdaleena,Other,1,1.3680981595092025,-0.3147059954069464,26
Mary / Maria / Maarja / Mari,Kivennapa,Maaria,1,1.3968853232656913,-0.33580306973592383,16
Mary / Maria / Maarja / Mari,Saarijärvi,Maaria,1,1.3968853232656913,-0.33580306973592383,16
Mary / Maria / Maarja / Mari,Paide,Maarja,1,1.401840490797546,-0.3393941838378037,13
Mary / Maria / Maarja / Mari,Varbla,Maarja,1,1.401840490797546,-0.3393941838378037,13
Mary / Maria / Maarja / Mari,Korpiselkä,Maija/Maie,2,2.5596979707409155,-0.3498318689351021,24
Mary / Maria / Maarja / Mari,Asikkala,Maria,1,1.4181217555450685,-0.35111226898044434,10
Mary / Maria / Maarja / Mari,Hattula,Maria,1,1.4181217555450685,-0.35111226898044434,10
Mary / Maria / Maarja / Mari,Tarvastu,Other,2,2.5783388390750352,-0.36017400370806246,49
Mary / Maria / Maarja / Mari,Koeru,Maarja,2,2.588013213780085,-0.36551385258985913,24
Mary / Maria / Maarja / Mari,Kaprio,Maria,5,5.956111373289287,-0.3917663039130761,42
Mary / Maria / Maarja / Mari,Muhu,Maarja,1,1.5096743747050496,-0.41481185251359726,14
Mary / Maria / Maarja / Mari,Jõhvi,Maarja,7,8.19537517697027,-0.4175608885683208,76
Mary / Maria / Maarja / Mari,Väike-Maarja,Other,1,1.5785747994336952,-0.46049713310521234,30
Mary / Maria / Maarja / Mari,Helme,Mari,30,32.74539877300614,-0.47976691275090877,65
Mary / Maria / Maarja / Mari,Põltsamaa,Other,2,2.841434638980651,-0.4991735340778964,54
Mary / Maria / Maarja / Mari,Jõhvi,Other,3,3.9990561585653612,-0.49958702412674477,76
Mary / Maria / Maarja / Mari,Hauho,Other,0,0.2630957999056159,-0.512928649916941,5
Mary / Maria / Maarja / Mari,Hämeenlinna,Other,0,0.2630957999056159,-0.512928649916941,5
Mary / Maria / Maarja / Mari,Jokioinen,Other,0,0.2630957999056159,-0.512928649916941,5
Mary / Maria / Maarja / Mari,Juuru,Other,0,0.2630957999056159,-0.512928649916941,5
Mary / Maria / Maarja / Mari,Kankaanpää,Other,0,0.2630957999056159,-0.512928649916941,5
Mary / Maria / Maarja / Mari,Kesälahti,Other,0,0.2630957999056159,-0.512928649916941,5
Mary / Maria / Maarja / Mari,Koprina,Other,0,0.2630957999056159,-0.512928649916941,5
Mary / Maria / Maarja / Mari,Kõpu,Other,0,0.2630957999056159,-0.512928649916941,5
Mary / Maria / Maarja / Mari,Lappajärvi,Other,0,0.2630957999056159,-0.512928649916941,5
Mary / Maria / Maarja / Mari,Leppävirta,Other,0,0.2630957999056159,-0.512928649916941,5
Mary / Maria / Maarja / Mari,Markkova,Other,0,0.2630957999056159,-0.512928649916941,5
Mary / Maria / Maarja / Mari,Muhos,Other,0,0.2630957999056159,-0.512928649916941,5
Mary / Maria / Maarja / Mari,Muurla,Other,0,0.2630957999056159,-0.512928649916941,5
Mary / Maria / Maarja / Mari,Piippola,Other,0,0.2630957999056159,-0.512928649916941,5
Mary / Maria / Maarja / Mari,Riipuskala,Other,0,0.2630957999056159,-0.512928649916941,5
Mary / Maria / Maarja / Mari,Savonranta,Other,0,0.2630957999056159,-0.512928649916941,5
Mary / Maria / Maarja / Mari,Soanlahti,Other,0,0.2630957999056159,-0.512928649916941,5
Mary / Maria / Maarja / Mari,Suomussalmi,Other,0,0.2630957999056159,-0.512928649916941,5
Mary / Maria / Maarja / Mari,Uusikaupunki,Other,0,0.2630957999056159,-0.512928649916941,5
Mary / Maria / Maarja / Mari,Salmi,Maija/Maie,2,2.87966021708353,-0.5183753337758975,27
Mary / Maria / Maarja / Mari,Häädemeeste,Maarja,1,1.7253421425200566,-0.5522113078484361,16
Mary / Maria / Maarja / Mari,Alatornio,Other,0,0.31571495988673903,-0.5618851839003579,6
Mary / Maria / Maarja / Mari,Hollola,Other,0,0.31571495988673903,-0.5618851839003579,6
Mary / Maria / Maarja / Mari,Huittinen,Other,0,0.31571495988673903,-0.5618851839003579,6
Mary / Maria / Maarja / Mari,Humppila,Other,0,0.31571495988673903,-0.5618851839003579,6
Mary / Maria / Maarja / Mari,Kalajoki,Other,0,0.31571495988673903,-0.5618851839003579,6
Mary / Maria / Maarja / Mari,Kontiolahti,Other,0,0.31571495988673903,-0.5618851839003579,6
Mary / Maria / Maarja / Mari,Kuopio,Other,0,0.31571495988673903,-0.5618851839003579,6
Mary / Maria / Maarja / Mari,Kurikka,Other,0,0.31571495988673903,-0.5618851839003579,6
Mary / Maria / Maarja / Mari,Liissilä,Other,0,0.31571495988673903,-0.5618851839003579,6
Mary / Maria / Maarja / Mari,Liperi,Other,0,0.31571495988673903,-0.5618851839003579,6
Mary / Maria / Maarja / Mari,Paimio,Other,0,0.31571495988673903,-0.5618851839003579,6
Mary / Maria / Maarja / Mari,Paltamo,Other,0,0.31571495988673903,-0.5618851839003579,6
Mary / Maria / Maarja / Mari,Pyhäjärvi Ul.,Other,0,0.31571495988673903,-0.5618851839003579,6
Mary / Maria / Maarja / Mari,Pälkjärvi,Other,0,0.31571495988673903,-0.5618851839003579,6
Mary / Maria / Maarja / Mari,Rapla,Other,0,0.31571495988673903,-0.5618851839003579,6
Mary / Maria / Maarja / Mari,Sortavala,Other,0,0.31571495988673903,-0.5618851839003579,6
Mary / Maria / Maarja / Mari,Töysä,Other,0,0.31571495988673903,-0.5618851839003579,6
Mary / Maria / Maarja / Mari,Vuokkiniemi,Maaria,2,2.968381311939594,-0.5620650167060541,34
Mary / Maria / Maarja / Mari,Ambla,Maria,2,2.9780556866446437,-0.5667573687162963,21
Mary / Maria / Maarja / Mari,Vastseliina,Mari,19,21.662340726757904,-0.5720196454763095,43
Mary / Maria / Maarja / Mari,Kontiolahti,Mari,2,3.0226521944313354,-0.5882119806378631,6
Mary / Maria / Maarja / Mari,Liissilä,Mari,2,3.0226521944313354,-0.5882119806378631,6
Mary / Maria / Maarja / Mari,Karula,Other,0,0.3683341198678622,-0.6069053631892392,7
Mary / Maria / Maarja / Mari,Kiihtelysvaara,Other,0,0.3683341198678622,-0.6069053631892392,7
Mary / Maria / Maarja / Mari,Laihia,Other,0,0.3683341198678622,-0.6069053631892392,7
Mary / Maria / Maarja / Mari,Loppi,Other,0,0.3683341198678622,-0.6069053631892392,7
Mary / Maria / Maarja / Mari,Mustjala,Other,0,0.3683341198678622,-0.6069053631892392,7
Mary / Maria / Maarja / Mari,Mäntyharju,Other,0,0.3683341198678622,-0.6069053631892392,7
Mary / Maria / Maarja / Mari,Pielisjärvi,Other,0,0.3683341198678622,-0.6069053631892392,7
Mary / Maria / Maarja / Mari,Rantsila,Other,0,0.3683341198678622,-0.6069053631892392,7
Mary / Maria / Maarja / Mari,Somero,Other,0,0.3683341198678622,-0.6069053631892392,7
Mary / Maria / Maarja / Mari,Tervo,Other,0,0.3683341198678622,-0.6069053631892392,7
Mary / Maria / Maarja / Mari,Toksova,Other,0,0.3683341198678622,-0.6069053631892392,7
Mary / Maria / Maarja / Mari,Suistamo,Other,3,4.262151958470977,-0.6113602257963181,81
Mary / Maria / Maarja / Mari,Audru,Maarja,1,1.8331760264275603,-0.6153676770458887,17
Mary / Maria / Maarja / Mari,Viru-Nigula,Other,1,1.841670599339311,-0.6202063085736326,35
Mary / Maria / Maarja / Mari,Paide,Maria,1,1.843558282208589,-0.6212789765752413,13
Mary / Maria / Maarja / Mari,Rõngu,Maria,1,1.843558282208589,-0.6212789765752413,13
Mary / Maria / Maarja / Mari,Varbla,Maria,1,1.843558282208589,-0.6212789765752413,13
Mary / Maria / Maarja / Mari,Hanila,Other,0,0.4209532798489854,-0.6488091243570681,8
Mary / Maria / Maarja / Mari,Janakkala,Other,0,0.4209532798489854,-0.6488091243570681,8
Mary / Maria / Maarja / Mari,Kuusamo,Other,0,0.4209532798489854,-0.6488091243570681,8
Mary / Maria / Maarja / Mari,Martna,Other,0,0.4209532798489854,-0.6488091243570681,8
Mary / Maria / Maarja / Mari,Muolaa,Other,0,0.4209532798489854,-0.6488091243570681,8
Mary / Maria / Maarja / Mari,Pielavesi,Other,0,0.4209532798489854,-0.6488091243570681,8
Mary / Maria / Maarja / Mari,Ranua,Other,0,0.4209532798489854,-0.6488091243570681,8
Mary / Maria / Maarja / Mari,Vändra,Other,0,0.4209532798489854,-0.6488091243570681,8
Mary / Maria / Maarja / Mari,Juuru,Maaria,0,0.43652666352052855,-0.6607016448598629,5
Mary / Maria / Maarja / Mari,Kõpu,Maaria,0,0.43652666352052855,-0.6607016448598629,5
Mary / Maria / Maarja / Mari,Lappajärvi,Maaria,0,0.43652666352052855,-0.6607016448598629,5
Mary / Maria / Maarja / Mari,Lappee,Maaria,0,0.43652666352052855,-0.6607016448598629,5
Mary / Maria / Maarja / Mari,Muhos,Maaria,0,0.43652666352052855,-0.6607016448598629,5
Mary / Maria / Maarja / Mari,Muurla,Maaria,0,0.43652666352052855,-0.6607016448598629,5
Mary / Maria / Maarja / Mari,Soanlahti,Maaria,0,0.43652666352052855,-0.6607016448598629,5
Mary / Maria / Maarja / Mari,Uusikaupunki,Maaria,0,0.43652666352052855,-0.6607016448598629,5
Mary / Maria / Maarja / Mari,Porajärvi,Maija/Maie,1,1.9197734780556865,-0.6638284918934937,18
Mary / Maria / Maarja / Mari,Tyrö,Other,1,1.9469089193015574,-0.6786336495088388,37
Mary / Maria / Maarja / Mari,Tyrö,Maaria,2,3.2302973100519115,-0.68452423186013,37
Mary / Maria / Maarja / Mari,Saarde,Mari,7,9.067956583294007,-0.6867310758539703,18
Mary / Maria / Maarja / Mari,Iisalmi,Other,0,0.47357243983010855,-0.6881659972928832,9
Mary / Maria / Maarja / Mari,Kontokki,Other,0,0.47357243983010855,-0.6881659972928832,9
Mary / Maria / Maarja / Mari,Kuhmo,Other,0,0.47357243983010855,-0.6881659972928832,9
Mary / Maria / Maarja / Mari,Marttila,Other,0,0.47357243983010855,-0.6881659972928832,9
Mary / Maria / Maarja / Mari,Reigi,Other,0,0.47357243983010855,-0.6881659972928832,9
Mary / Maria / Maarja / Mari,Sääksmäki,Other,0,0.47357243983010855,-0.6881659972928832,9
Mary / Maria / Maarja / Mari,Uukuniemi,Other,0,0.47357243983010855,-0.6881659972928832,9
Mary / Maria / Maarja / Mari,Kodavere,Maria,1,1.9853704577630957,-0.6993245265212616,14
Mary / Maria / Maarja / Mari,Alatornio,Maaria,0,0.5238319962246343,-0.7237623893410283,6
Mary / Maria / Maarja / Mari,Humppila,Maaria,0,0.5238319962246343,-0.7237623893410283,6
Mary / Maria / Maarja / Mari,Kaarma,Maaria,0,0.5238319962246343,-0.7237623893410283,6
Mary / Maria / Maarja / Mari,Kontiolahti,Maaria,0,0.5238319962246343,-0.7237623893410283,6
Mary / Maria / Maarja / Mari,Kuopio,Maaria,0,0.5238319962246343,-0.7237623893410283,6
Mary / Maria / Maarja / Mari,Kurikka,Maaria,0,0.5238319962246343,-0.7237623893410283,6
Mary / Maria / Maarja / Mari,Liissilä,Maaria,0,0.5238319962246343,-0.7237623893410283,6
Mary / Maria / Maarja / Mari,Paltamo,Maaria,0,0.5238319962246343,-0.7237623893410283,6
Mary / Maria / Maarja / Mari,Rapla,Maaria,0,0.5238319962246343,-0.7237623893410283,6
Mary / Maria / Maarja / Mari,Ridala,Maaria,0,0.5238319962246343,-0.7237623893410283,6
Mary / Maria / Maarja / Mari,Asikkala,Other,0,0.5261915998112318,-0.7253906532422594,10
Mary / Maria / Maarja / Mari,Hattula,Other,0,0.5261915998112318,-0.7253906532422594,10
Mary / Maria / Maarja / Mari,Märjamaa,Other,0,0.5261915998112318,-0.7253906532422594,10
Mary / Maria / Maarja / Mari,Juuru,Maija/Maie,0,0.5332704105710241,-0.7302536617991203,5
Mary / Maria / Maarja / Mari,Kankaanpää,Maija/Maie,0,0.5332704105710241,-0.7302536617991203,5
Mary / Maria / Maarja / Mari,Kõpu,Maija/Maie,0,0.5332704105710241,-0.7302536617991203,5
Mary / Maria / Maarja / Mari,Lappee,Maija/Maie,0,0.5332704105710241,-0.7302536617991203,5
Mary / Maria / Maarja / Mari,Markkova,Maija/Maie,0,0.5332704105710241,-0.7302536617991203,5
Mary / Maria / Maarja / Mari,Riipuskala,Maija/Maie,0,0.5332704105710241,-0.7302536617991203,5
Mary / Maria / Maarja / Mari,Rääpyvä,Maija/Maie,0,0.5332704105710241,-0.7302536617991203,5
Mary / Maria / Maarja / Mari,Savonranta,Maija/Maie,0,0.5332704105710241,-0.7302536617991203,5
Mary / Maria / Maarja / Mari,Soanlahti,Maija/Maie,0,0.5332704105710241,-0.7302536617991203,5
Mary / Maria / Maarja / Mari,Torma,Maarja,1,2.0488437942425675,-0.7327509473692005,19
Mary / Maria / Maarja / Mari,Hauho,Maarja,0,0.5391694195375177,-0.7342815669329564,5
Mary / Maria / Maarja / Mari,Hämeenlinna,Maarja,0,0.5391694195375177,-0.7342815669329564,5
Mary / Maria / Maarja / Mari,Jokioinen,Maarja,0,0.5391694195375177,-0.7342815669329564,5
Mary / Maria / Maarja / Mari,Kankaanpää,Maarja,0,0.5391694195375177,-0.7342815669329564,5
Mary / Maria / Maarja / Mari,Kesälahti,Maarja,0,0.5391694195375177,-0.7342815669329564,5
Mary / Maria / Maarja / Mari,Koivisto,Maarja,0,0.5391694195375177,-0.7342815669329564,5
Mary / Maria / Maarja / Mari,Koprina,Maarja,0,0.5391694195375177,-0.7342815669329564,5
Mary / Maria / Maarja / Mari,Kõpu,Maarja,0,0.5391694195375177,-0.7342815669329564,5
Mary / Maria / Maarja / Mari,Lappajärvi,Maarja,0,0.5391694195375177,-0.7342815669329564,5
Mary / Maria / Maarja / Mari,Lappee,Maarja,0,0.5391694195375177,-0.7342815669329564,5
Mary / Maria / Maarja / Mari,Leppävirta,Maarja,0,0.5391694195375177,-0.7342815669329564,5
Mary / Maria / Maarja / Mari,Markkova,Maarja,0,0.5391694195375177,-0.7342815669329564,5
Mary / Maria / Maarja / Mari,Muhos,Maarja,0,0.5391694195375177,-0.7342815669329564,5
Mary / Maria / Maarja / Mari,Piippola,Maarja,0,0.5391694195375177,-0.7342815669329564,5
Mary / Maria / Maarja / Mari,Riipuskala,Maarja,0,0.5391694195375177,-0.7342815669329564,5
Mary / Maria / Maarja / Mari,Rääpyvä,Maarja,0,0.5391694195375177,-0.7342815669329564,5
Mary / Maria / Maarja / Mari,Savonranta,Maarja,0,0.5391694195375177,-0.7342815669329564,5
Mary / Maria / Maarja / Mari,Soanlahti,Maarja,0,0.5391694195375177,-0.7342815669329564,5
Mary / Maria / Maarja / Mari,Suomussalmi,Maarja,0,0.5391694195375177,-0.7342815669329564,5
Mary / Maria / Maarja / Mari,Uusikaupunki,Maarja,0,0.5391694195375177,-0.7342815669329564,5
Mary / Maria / Maarja / Mari,Harju-Jaani,Maarja,2,3.3428504011326097,-0.7344617150880134,31
Mary / Maria / Maarja / Mari,Palamuse,Other,1,2.0521472392638036,-0.7344669554316609,39
Mary / Maria / Maarja / Mari,Iisaku,Other,0,0.5788107597923549,-0.7607961355004078,11
Mary / Maria / Maarja / Mari,Kullamaa,Other,0,0.5788107597923549,-0.7607961355004078,11
Mary / Maria / Maarja / Mari,Metsäpirtti,Other,0,0.5788107597923549,-0.7607961355004078,11
Mary / Maria / Maarja / Mari,Mouhijärvi,Other,0,0.5788107597923549,-0.7607961355004078,11
Mary / Maria / Maarja / Mari,Kose,Maarja,2,3.450684285040113,-0.7809447208550426,32
Mary / Maria / Maarja / Mari,Karula,Maaria,0,0.61113732892874,-0.7817527287632196,7
Mary / Maria / Maarja / Mari,Kauhava,Maaria,0,0.61113732892874,-0.7817527287632196,7
Mary / Maria / Maarja / Mari,Laihia,Maaria,0,0.61113732892874,-0.7817527287632196,7
Mary / Maria / Maarja / Mari,Mustjala,Maaria,0,0.61113732892874,-0.7817527287632196,7
Mary / Maria / Maarja / Mari,Mäntyharju,Maaria,0,0.61113732892874,-0.7817527287632196,7
Mary / Maria / Maarja / Mari,Tervo,Maaria,0,0.61113732892874,-0.7817527287632196,7
Mary / Maria / Maarja / Mari,Rannu,Maarja,1,2.156677678150071,-0.7876254356904491,20
Mary / Maria / Maarja / Mari,Tohmajärvi,Other,0,0.6314299197734781,-0.7946256475683867,12
Mary / Maria / Maarja / Mari,Huittinen,Maija/Maie,0,0.6399244926852289,-0.7999528065362537,6
Mary / Maria / Maarja / Mari,Kaarma,Maija/Maie,0,0.6399244926852289,-0.7999528065362537,6
Mary / Maria / Maarja / Mari,Paltamo,Maija/Maie,0,0.6399244926852289,-0.7999528065362537,6
Mary / Maria / Maarja / Mari,Rapla,Maija/Maie,0,0.6399244926852289,-0.7999528065362537,6
Mary / Maria / Maarja / Mari,Ridala,Maija/Maie,0,0.6399244926852289,-0.7999528065362537,6
Mary / Maria / Maarja / Mari,Tulemajärvi,Maija/Maie,0,0.6399244926852289,-0.7999528065362537,6
Mary / Maria / Maarja / Mari,Peetri,Maaria,1,2.182633317602643,-0.8004970204596673,25
Mary / Maria / Maarja / Mari,Alatornio,Maarja,0,0.6470033034450212,-0.8043651555388394,6
Mary / Maria / Maarja / Mari,Hollola,Maarja,0,0.6470033034450212,-0.8043651555388394,6
Mary / Maria / Maarja / Mari,Huittinen,Maarja,0,0.6470033034450212,-0.8043651555388394,6
Mary / Maria / Maarja / Mari,Humppila,Maarja,0,0.6470033034450212,-0.8043651555388394,6
Mary / Maria / Maarja / Mari,Kalajoki,Maarja,0,0.6470033034450212,-0.8043651555388394,6
Mary / Maria / Maarja / Mari,Kontiolahti,Maarja,0,0.6470033034450212,-0.8043651555388394,6
Mary / Maria / Maarja / Mari,Kuopio,Maarja,0,0.6470033034450212,-0.8043651555388394,6
Mary / Maria / Maarja / Mari,Kurikka,Maarja,0,0.6470033034450212,-0.8043651555388394,6
Mary / Maria / Maarja / Mari,Liissilä,Maarja,0,0.6470033034450212,-0.8043651555388394,6
Mary / Maria / Maarja / Mari,Liperi,Maarja,0,0.6470033034450212,-0.8043651555388394,6
Mary / Maria / Maarja / Mari,Paimio,Maarja,0,0.6470033034450212,-0.8043651555388394,6
Mary / Maria / Maarja / Mari,Paltamo,Maarja,0,0.6470033034450212,-0.8043651555388394,6
Mary / Maria / Maarja / Mari,Pyhäjärvi Ul.,Maarja,0,0.6470033034450212,-0.8043651555388394,6
Mary / Maria / Maarja / Mari,Pälkjärvi,Maarja,0,0.6470033034450212,-0.8043651555388394,6
Mary / Maria / Maarja / Mari,Rapla,Maarja,0,0.6470033034450212,-0.8043651555388394,6
Mary / Maria / Maarja / Mari,Sortavala,Maarja,0,0.6470033034450212,-0.8043651555388394,6
Mary / Maria / Maarja / Mari,Tulemajärvi,Maarja,0,0.6470033034450212,-0.8043651555388394,6
Mary / Maria / Maarja / Mari,Töysä,Maarja,0,0.6470033034450212,-0.8043651555388394,6
Mary / Maria / Maarja / Mari,Mihkli,Other,0,0.6840490797546013,-0.8270725964234344,13
Mary / Maria / Maarja / Mari,Paide,Other,0,0.6840490797546013,-0.8270725964234344,13
Mary / Maria / Maarja / Mari,Varbla,Other,0,0.6840490797546013,-0.8270725964234344,13
Mary / Maria / Maarja / Mari,Viru-Jaagupi,Other,0,0.6840490797546013,-0.8270725964234344,13
Mary / Maria / Maarja / Mari,Hanila,Maaria,0,0.6984426616328456,-0.8357288206307388,8
Mary / Maria / Maarja / Mari,Janakkala,Maaria,0,0.6984426616328456,-0.8357288206307388,8
Mary / Maria / Maarja / Mari,Kanepi,Maaria,0,0.6984426616328456,-0.8357288206307388,8
Mary / Maria / Maarja / Mari,Martna,Maaria,0,0.6984426616328456,-0.8357288206307388,8
Mary / Maria / Maarja / Mari,Muolaa,Maaria,0,0.6984426616328456,-0.8357288206307388,8
Mary / Maria / Maarja / Mari,Ranua,Maaria,0,0.6984426616328456,-0.8357288206307388,8
Mary / Maria / Maarja / Mari,Hämeenlinna,Maria,0,0.7090608777725342,-0.8420575264033534,5
Mary / Maria / Maarja / Mari,Jokioinen,Maria,0,0.7090608777725342,-0.8420575264033534,5
Mary / Maria / Maarja / Mari,Juuru,Maria,0,0.7090608777725342,-0.8420575264033534,5
Mary / Maria / Maarja / Mari,Kesälahti,Maria,0,0.7090608777725342,-0.8420575264033534,5
Mary / Maria / Maarja / Mari,Kõpu,Maria,0,0.7090608777725342,-0.8420575264033534,5
Mary / Maria / Maarja / Mari,Savonranta,Maria,0,0.7090608777725342,-0.8420575264033534,5
Mary / Maria / Maarja / Mari,Kursi,Maria,1,2.2689948088721095,-0.8424479821029391,16
Mary / Maria / Maarja / Mari,Türi,Maria,1,2.2689948088721095,-0.8424479821029391,16
Mary / Maria / Maarja / Mari,Maarja-Magdaleena,Maaria,1,2.2699386503067487,-0.8428992768102778,26
Mary / Maria / Maarja / Mari,Vuokkiniemi,Maija/Maie,2,3.6262387918829635,-0.853996550874386,34
Mary / Maria / Maarja / Mari,Muhu,Other,0,0.7366682397357244,-0.8582937956991908,14
Mary / Maria / Maarja / Mari,Pärnu,Other,0,0.7366682397357244,-0.8582937956991908,14
Mary / Maria / Maarja / Mari,Tõstamaa,Other,0,0.7366682397357244,-0.8582937956991908,14
Mary / Maria / Maarja / Mari,Karula,Maija/Maie,0,0.7465785747994337,-0.864047785020848,7
Mary / Maria / Maarja / Mari,Mustjala,Maija/Maie,0,0.7465785747994337,-0.864047785020848,7
Mary / Maria / Maarja / Mari,Toksova,Maija/Maie,0,0.7465785747994337,-0.864047785020848,7
Mary / Maria / Maarja / Mari,Karula,Maarja,0,0.7548371873525248,-0.8688136666469543,7
Mary / Maria / Maarja / Mari,Kauhava,Maarja,0,0.7548371873525248,-0.8688136666469543,7
Mary / Maria / Maarja / Mari,Kiihtelysvaara,Maarja,0,0.7548371873525248,-0.8688136666469543,7
Mary / Maria / Maarja / Mari,Laihia,Maarja,0,0.7548371873525248,-0.8688136666469543,7
Mary / Maria / Maarja / Mari,Loppi,Maarja,0,0.7548371873525248,-0.8688136666469543,7
Mary / Maria / Maarja / Mari,Mustjala,Maarja,0,0.7548371873525248,-0.8688136666469543,7
Mary / Maria / Maarja / Mari,Mäntyharju,Maarja,0,0.7548371873525248,-0.8688136666469543,7
Mary / Maria / Maarja / Mari,Pielisjärvi,Maarja,0,0.7548371873525248,-0.8688136666469543,7
Mary / Maria / Maarja / Mari,Pudasjärvi,Maarja,0,0.7548371873525248,-0.8688136666469543,7
Mary / Maria / Maarja / Mari,Rantsila,Maarja,0,0.7548371873525248,-0.8688136666469543,7
Mary / Maria / Maarja / Mari,Somero,Maarja,0,0.7548371873525248,-0.8688136666469543,7
Mary / Maria / Maarja / Mari,Tervo,Maarja,0,0.7548371873525248,-0.8688136666469543,7
Mary / Maria / Maarja / Mari,Toksova,Maarja,0,0.7548371873525248,-0.8688136666469543,7
Mary / Maria / Maarja / Mari,Haljala,Other,4,6.156441717791411,-0.8691061812939828,117
Mary / Maria / Maarja / Mari,Suure-Jaani,Maarja,2,3.6663520528551206,-0.8702613147243224,34
Mary / Maria / Maarja / Mari,Viru-Nigula,Maria,3,4.963426144407739,-0.8813000355609133,35
Mary / Maria / Maarja / Mari,Marttila,Maaria,0,0.7857479943369514,-0.8864242744515469,9
Mary / Maria / Maarja / Mari,Reigi,Maaria,0,0.7857479943369514,-0.8864242744515469,9
Mary / Maria / Maarja / Mari,Kiuruvesi,Other,0,0.7892873997168476,-0.8884184823138517,15
Mary / Maria / Maarja / Mari,Tammela,Other,0,0.7892873997168476,-0.8884184823138517,15
Mary / Maria / Maarja / Mari,Uskela,Other,0,0.7892873997168476,-0.8884184823138517,15
Mary / Maria / Maarja / Mari,Kivennapa,Other,0,0.8419065596979708,-0.9175546630571777,16
Mary / Maria / Maarja / Mari,Kursi,Other,0,0.8419065596979708,-0.9175546630571777,16
Mary / Maria / Maarja / Mari,Otepää,Other,0,0.8419065596979708,-0.9175546630571777,16
Mary / Maria / Maarja / Mari,Saarijärvi,Other,0,0.8419065596979708,-0.9175546630571777,16
Mary / Maria / Maarja / Mari,Türi,Other,0,0.8419065596979708,-0.9175546630571777,16
Mary / Maria / Maarja / Mari,Hollola,Maria,0,0.8508730533270411,-0.9224278038562373,6
Mary / Maria / Maarja / Mari,Kaarma,Maria,0,0.8508730533270411,-0.9224278038562373,6
Mary / Maria / Maarja / Mari,Kalajoki,Maria,0,0.8508730533270411,-0.9224278038562373,6
Mary / Maria / Maarja / Mari,Pyhäjärvi Ul.,Maria,0,0.8508730533270411,-0.9224278038562373,6
Mary / Maria / Maarja / Mari,Rapla,Maria,0,0.8508730533270411,-0.9224278038562373,6
Mary / Maria / Maarja / Mari,Ridala,Maria,0,0.8508730533270411,-0.9224278038562373,6
Mary / Maria / Maarja / Mari,Hanila,Maija/Maie,0,0.8532326569136385,-0.9237059363854053,8
Mary / Maria / Maarja / Mari,Kanepi,Maija/Maie,0,0.8532326569136385,-0.9237059363854053,8
Mary / Maria / Maarja / Mari,Martna,Maija/Maie,0,0.8532326569136385,-0.9237059363854053,8
Mary / Maria / Maarja / Mari,Pielavesi,Maija/Maie,0,0.8532326569136385,-0.9237059363854053,8
Mary / Maria / Maarja / Mari,Vändra,Maija/Maie,0,0.8532326569136385,-0.9237059363854053,8
Mary / Maria / Maarja / Mari,Janakkala,Maarja,0,0.8626710712600283,-0.9288008781542082,8
Mary / Maria / Maarja / Mari,Kuusamo,Maarja,0,0.8626710712600283,-0.9288008781542082,8
Mary / Maria / Maarja / Mari,Martna,Maarja,0,0.8626710712600283,-0.9288008781542082,8
Mary / Maria / Maarja / Mari,Muolaa,Maarja,0,0.8626710712600283,-0.9288008781542082,8
Mary / Maria / Maarja / Mari,Pieksämäki,Maarja,0,0.8626710712600283,-0.9288008781542082,8
Mary / Maria / Maarja / Mari,Pielavesi,Maarja,0,0.8626710712600283,-0.9288008781542082,8
Mary / Maria / Maarja / Mari,Ranua,Maarja,0,0.8626710712600283,-0.9288008781542082,8
Mary / Maria / Maarja / Mari,Vändra,Maarja,0,0.8626710712600283,-0.9288008781542082,8
Mary / Maria / Maarja / Mari,Märjamaa,Maaria,0,0.8730533270410571,-0.9343732268430304,10
Mary / Maria / Maarja / Mari,Lüganuse,Maria,2,3.8289287399716847,-0.9346696539533929,27
Mary / Maria / Maarja / Mari,Audru,Other,0,0.8945257196790939,-0.9457936982656915,17
Mary / Maria / Maarja / Mari,Impilahti,Other,0,0.8945257196790939,-0.9457936982656915,17
Mary / Maria / Maarja / Mari,Jõelähtme,Other,0,0.8945257196790939,-0.9457936982656915,17
Mary / Maria / Maarja / Mari,Koivisto,Mari,1,2.5188768286927794,-0.957015762990952,5
Mary / Maria / Maarja / Mari,Koprina,Mari,1,2.5188768286927794,-0.957015762990952,5
Mary / Maria / Maarja / Mari,Lappee,Mari,1,2.5188768286927794,-0.957015762990952,5
Mary / Maria / Maarja / Mari,Kadrina,Other,2,3.893817838603115,-0.9597329110181492,74
Mary / Maria / Maarja / Mari,Saarde,Maria,1,2.552619159981123,-0.9717888882106799,18
Mary / Maria / Maarja / Mari,Porajärvi,Other,0,0.9471448796602171,-0.973213686535602,18
Mary / Maria / Maarja / Mari,Saarde,Other,0,0.9471448796602171,-0.973213686535602,18
Mary / Maria / Maarja / Mari,Iisalmi,Maija/Maie,0,0.9598867390278433,-0.9797380971605847,9
Mary / Maria / Maarja / Mari,Kontokki,Maija/Maie,0,0.9598867390278433,-0.9797380971605847,9
Mary / Maria / Maarja / Mari,Kuhmo,Maija/Maie,0,0.9598867390278433,-0.9797380971605847,9
Mary / Maria / Maarja / Mari,Reigi,Maija/Maie,0,0.9598867390278433,-0.9797380971605847,9
Mary / Maria / Maarja / Mari,Uukuniemi,Maija/Maie,0,0.9598867390278433,-0.9797380971605847,9
Mary / Maria / Maarja / Mari,Iisaku,Maaria,0,0.9603586597451628,-0.9799789078062664,11
Mary / Maria / Maarja / Mari,Järva-Madise,Maaria,0,0.9603586597451628,-0.9799789078062664,11
Mary / Maria / Maarja / Mari,Kullamaa,Maaria,0,0.9603586597451628,-0.9799789078062664,11
Mary / Maria / Maarja / Mari,Iisalmi,Maarja,0,0.9705049551675319,-0.9851420989722913,9
Mary / Maria / Maarja / Mari,Kontokki,Maarja,0,0.9705049551675319,-0.9851420989722913,9
Mary / Maria / Maarja / Mari,Kuhmo,Maarja,0,0.9705049551675319,-0.9851420989722913,9
Mary / Maria / Maarja / Mari,Luumäki,Maarja,0,0.9705049551675319,-0.9851420989722913,9
Mary / Maria / Maarja / Mari,Reigi,Maarja,0,0.9705049551675319,-0.9851420989722913,9
Mary / Maria / Maarja / Mari,Rovaniemi,Maarja,0,0.9705049551675319,-0.9851420989722913,9
Mary / Maria / Maarja / Mari,Sääksmäki,Maarja,0,0.9705049551675319,-0.9851420989722913,9
Mary / Maria / Maarja / Mari,Uukuniemi,Maarja,0,0.9705049551675319,-0.9851420989722913,9
Mary / Maria / Maarja / Mari,Vaivara,Maria,2,3.9707409155261915,-0.9889942299065114,28
Mary / Maria / Maarja / Mari,Karula,Maria,0,0.9926852288815479,-0.9963359016323501,7
Mary / Maria / Maarja / Mari,Mustjala,Maria,0,0.9926852288815479,-0.9963359016323501,7
Mary / Maria / Maarja / Mari,Pudasjärvi,Maria,0,0.9926852288815479,-0.9963359016323501,7
Mary / Maria / Maarja / Mari,Rantsila,Maria,0,0.9926852288815479,-0.9963359016323501,7
Mary / Maria / Maarja / Mari,Toksova,Maria,0,0.9926852288815479,-0.9963359016323501,7
Mary / Maria / Maarja / Mari,Vuokkiniemi,Mari,13,17.1283624351109,-0.9975160579053539,34
Mary / Maria / Maarja / Mari,Torma,Other,0,0.9997640396413403,-0.9998820128601876,19
Mary / Maria / Maarja / Mari,Pühalepa,Maaria,0,1.0476639924492686,-1.0235545869416387,12
Mary / Maria / Maarja / Mari,Tartu-Maarja,Maaria,0,1.0476639924492686,-1.0235545869416387,12
Mary / Maria / Maarja / Mari,Rannu,Other,0,1.0523831996224635,-1.025857299833882,20
Mary / Maria / Maarja / Mari,Torma,Maria,1,2.69443133553563,-1.0322631262377429,19
Mary / Maria / Maarja / Mari,Kaavi,Maija/Maie,0,1.0665408211420482,-1.0327346324889313,10
Mary / Maria / Maarja / Mari,Märjamaa,Maija/Maie,0,1.0665408211420482,-1.0327346324889313,10
Mary / Maria / Maarja / Mari,Harju-Jaani,Maaria,1,2.706465313827277,-1.0372805447294295,31
Mary / Maria / Maarja / Mari,Asikkala,Maarja,0,1.0783388390750355,-1.0384309505571545,10
Mary / Maria / Maarja / Mari,Hattula,Maarja,0,1.0783388390750355,-1.0384309505571545,10
Mary / Maria / Maarja / Mari,Kaavi,Maarja,0,1.0783388390750355,-1.0384309505571545,10
Mary / Maria / Maarja / Mari,Nurmes,Other,0,1.1050023596035865,-1.0511909244298043,21
Mary / Maria / Maarja / Mari,Repola,Other,0,1.1050023596035865,-1.0511909244298043,21
Mary / Maria / Maarja / Mari,Janakkala,Maria,0,1.1344974044360547,-1.065127881728788,8
Mary / Maria / Maarja / Mari,Kanepi,Maria,0,1.1344974044360547,-1.065127881728788,8
Mary / Maria / Maarja / Mari,Martna,Maria,0,1.1344974044360547,-1.065127881728788,8
Mary / Maria / Maarja / Mari,Muolaa,Maria,0,1.1344974044360547,-1.065127881728788,8
Mary / Maria / Maarja / Mari,Vändra,Maria,0,1.1344974044360547,-1.065127881728788,8
Mary / Maria / Maarja / Mari,Mihkli,Maaria,0,1.1349693251533743,-1.0653493911170053,13
Mary / Maria / Maarja / Mari,Paide,Maaria,0,1.1349693251533743,-1.0653493911170053,13
Mary / Maria / Maarja / Mari,Rõngu,Maaria,0,1.1349693251533743,-1.0653493911170053,13
Mary / Maria / Maarja / Mari,Varbla,Maaria,0,1.1349693251533743,-1.0653493911170053,13
Mary / Maria / Maarja / Mari,Venjoki,Maaria,0,1.1349693251533743,-1.0653493911170053,13
Mary / Maria / Maarja / Mari,Viru-Jaagupi,Maaria,0,1.1349693251533743,-1.0653493911170053,13
Mary / Maria / Maarja / Mari,Palamuse,Maarja,2,4.205521472392638,-1.0754775841580717,39
Mary / Maria / Maarja / Mari,Simuna,Other,0,1.1576215195847097,-1.0759282130257155,22
Mary / Maria / Maarja / Mari,Iisaku,Maija/Maie,0,1.173194903256253,-1.083141220366141,11
Mary / Maria / Maarja / Mari,Järva-Madise,Maija/Maie,0,1.173194903256253,-1.083141220366141,11
Mary / Maria / Maarja / Mari,Kullamaa,Maija/Maie,0,1.173194903256253,-1.083141220366141,11
Mary / Maria / Maarja / Mari,Iisaku,Maarja,0,1.186172722982539,-1.089115569158085,11
Mary / Maria / Maarja / Mari,Järva-Madise,Maarja,0,1.186172722982539,-1.089115569158085,11
Mary / Maria / Maarja / Mari,Kullamaa,Maarja,0,1.186172722982539,-1.089115569158085,11
Mary / Maria / Maarja / Mari,Metsäpirtti,Maarja,0,1.186172722982539,-1.089115569158085,11
Mary / Maria / Maarja / Mari,Mouhijärvi,Maarja,0,1.186172722982539,-1.089115569158085,11
Mary / Maria / Maarja / Mari,Serepetta,Maria,1,2.836243511090137,-1.0903313927572207,20
Mary / Maria / Maarja / Mari,Kodavere,Maaria,0,1.22227465785748,-1.1055653114391208,14
Mary / Maria / Maarja / Mari,Muhu,Maaria,0,1.22227465785748,-1.1055653114391208,14
Mary / Maria / Maarja / Mari,Pärnu,Maaria,0,1.22227465785748,-1.1055653114391208,14
Mary / Maria / Maarja / Mari,Korpiselkä,Other,0,1.2628598395469561,-1.1237703678007158,24
Mary / Maria / Maarja / Mari,Pärnu-Jaagupi,Other,0,1.2628598395469561,-1.1237703678007158,24
Mary / Maria / Maarja / Mari,Reigi,Maria,0,1.2763095799905615,-1.1297387220019333,9
Mary / Maria / Maarja / Mari,Pühalepa,Maija/Maie,0,1.2798489853704578,-1.1313041082619906,12
Mary / Maria / Maarja / Mari,Tartu-Maarja,Maija/Maie,0,1.2798489853704578,-1.1313041082619906,12
Mary / Maria / Maarja / Mari,Tohmajärvi,Maija/Maie,0,1.2798489853704578,-1.1313041082619906,12
Mary / Maria / Maarja / Mari,Pühalepa,Maarja,0,1.2940066068900424,-1.1375441120633707,12
Mary / Maria / Maarja / Mari,Tohmajärvi,Maarja,0,1.2940066068900424,-1.1375441120633707,12
Mary / Maria / Maarja / Mari,Uhtua,Maarja,0,1.2940066068900424,-1.1375441120633707,12
Mary / Maria / Maarja / Mari,Harju-Jaani,Maria,2,4.396177442189712,-1.1428293060140635,31
Mary / Maria / Maarja / Mari,Kiuruvesi,Maaria,0,1.3095799905615857,-1.1443688175416113,15
Mary / Maria / Maarja / Mari,Võnnu,Maaria,0,1.3095799905615857,-1.1443688175416113,15
Mary / Maria / Maarja / Mari,Jüri,Other,0,1.3154789995280793,-1.146943328821472,25
Mary / Maria / Maarja / Mari,Laiuse,Other,0,1.3154789995280793,-1.146943328821472,25
Mary / Maria / Maarja / Mari,Pilistvere,Maarja,2,4.421189240207645,-1.1514873812069597,41
Mary / Maria / Maarja / Mari,Kaarma,Mari,1,3.0226521944313354,-1.1633948080359398,6
Mary / Maria / Maarja / Mari,Sortavala,Mari,1,3.0226521944313354,-1.1633948080359398,6
Mary / Maria / Maarja / Mari,Mihkli,Maija/Maie,0,1.3865030674846626,-1.1774986486126695,13
Mary / Maria / Maarja / Mari,Moloskovitsa,Maija/Maie,0,1.3865030674846626,-1.1774986486126695,13
Mary / Maria / Maarja / Mari,Paide,Maija/Maie,0,1.3865030674846626,-1.1774986486126695,13
Mary / Maria / Maarja / Mari,Rõngu,Maija/Maie,0,1.3865030674846626,-1.1774986486126695,13
Mary / Maria / Maarja / Mari,Varbla,Maija/Maie,0,1.3865030674846626,-1.1774986486126695,13
Mary / Maria / Maarja / Mari,Venjoki,Maija/Maie,0,1.3865030674846626,-1.1774986486126695,13
Mary / Maria / Maarja / Mari,Viru-Jaagupi,Maija/Maie,0,1.3865030674846626,-1.1774986486126695,13
Mary / Maria / Maarja / Mari,Häädemeeste,Maaria,0,1.3968853232656913,-1.1818990326020626,16
Mary / Maria / Maarja / Mari,Kursi,Maaria,0,1.3968853232656913,-1.1818990326020626,16
Mary / Maria / Maarja / Mari,Otepää,Maaria,0,1.3968853232656913,-1.1818990326020626,16
Mary / Maria / Maarja / Mari,Põlva,Maaria,0,1.3968853232656913,-1.1818990326020626,16
Mary / Maria / Maarja / Mari,Türi,Maaria,0,1.3968853232656913,-1.1818990326020626,16
Mary / Maria / Maarja / Mari,Mihkli,Maarja,0,1.401840490797546,-1.1839934504876055,13
Mary / Maria / Maarja / Mari,Moloskovitsa,Maarja,0,1.401840490797546,-1.1839934504876055,13
Mary / Maria / Maarja / Mari,Venjoki,Maarja,0,1.401840490797546,-1.1839934504876055,13
Mary / Maria / Maarja / Mari,Viru-Jaagupi,Maarja,0,1.401840490797546,-1.1839934504876055,13
Mary / Maria / Maarja / Mari,Märjamaa,Maria,0,1.4181217555450685,-1.190849174137963,10
Mary / Maria / Maarja / Mari,Lüganuse,Other,0,1.4207173194903255,-1.19193847135258,27
Mary / Maria / Maarja / Mari,Puhja,Other,0,1.4207173194903255,-1.19193847135258,27
Mary / Maria / Maarja / Mari,Pöide,Other,0,1.4207173194903255,-1.19193847135258,27
Mary / Maria / Maarja / Mari,Salmi,Other,0,1.4207173194903255,-1.19193847135258,27
Mary / Maria / Maarja / Mari,Vaivara,Other,0,1.4733364794714487,-1.2138107263784783,28
Mary / Maria / Maarja / Mari,Audru,Maaria,0,1.484190655969797,-1.218273637558409,17
Mary / Maria / Maarja / Mari,Jõelähtme,Maaria,0,1.484190655969797,-1.218273637558409,17
Mary / Maria / Maarja / Mari,Äksi,Maaria,0,1.484190655969797,-1.218273637558409,17
Mary / Maria / Maarja / Mari,Kodavere,Maija/Maie,0,1.4931571495988674,-1.2219480961149156,14
Mary / Maria / Maarja / Mari,Muhu,Maija/Maie,0,1.4931571495988674,-1.2219480961149156,14
Mary / Maria / Maarja / Mari,Pärnu,Maija/Maie,0,1.4931571495988674,-1.2219480961149156,14
Mary / Maria / Maarja / Mari,Tõstamaa,Maija/Maie,0,1.4931571495988674,-1.2219480961149156,14
Mary / Maria / Maarja / Mari,Tõstamaa,Maarja,0,1.5096743747050496,-1.2286880705472198,14
Mary / Maria / Maarja / Mari,Järva-Madise,Maria,0,1.5599339310995752,-1.248973150672013,11
Mary / Maria / Maarja / Mari,Kullamaa,Maria,0,1.5599339310995752,-1.248973150672013,11
Mary / Maria / Maarja / Mari,Mouhijärvi,Maria,0,1.5599339310995752,-1.248973150672013,11
Mary / Maria / Maarja / Mari,Saarde,Maaria,0,1.5714959886739028,-1.2535932309461084,18
Mary / Maria / Maarja / Mari,Võnnu,Maija/Maie,0,1.5998112317130722,-1.2648364446492963,15
Mary / Maria / Maarja / Mari,Kiuruvesi,Maarja,0,1.617508258612553,-1.2718129809891678,15
Mary / Maria / Maarja / Mari,Tammela,Maarja,0,1.617508258612553,-1.2718129809891678,15
Mary / Maria / Maarja / Mari,Uskela,Maarja,0,1.617508258612553,-1.2718129809891678,15
Mary / Maria / Maarja / Mari,Harju-Jaani,Other,0,1.6311939594148184,-1.2771820384795654,31
Mary / Maria / Maarja / Mari,Suure-Jaani,Maria,2,4.8216139688532325,-1.2849948241638838,34
Mary / Maria / Maarja / Mari,Järva-Jaani,Maaria,0,1.6588013213780084,-1.2879446111452186,19
Mary / Maria / Maarja / Mari,Torma,Maaria,0,1.6588013213780084,-1.2879446111452186,19
Mary / Maria / Maarja / Mari,Narvusi,Maria,36,44.670835299669655,-1.2973253377701752,315
Mary / Maria / Maarja / Mari,Kose,Other,0,1.6838131193959416,-1.2976182487141361,32
Mary / Maria / Maarja / Mari,Haljala,Maarja,8,12.616564417177914,-1.2997156403966785,117
Mary / Maria / Maarja / Mari,Pühalepa,Maria,0,1.7017461066540822,-1.30450991052352,12
Mary / Maria / Maarja / Mari,Tartu-Maarja,Maria,0,1.7017461066540822,-1.30450991052352,12
Mary / Maria / Maarja / Mari,Häädemeeste,Maija/Maie,0,1.706465313827277,-1.3063174628807794,16
Mary / Maria / Maarja / Mari,Kursi,Maija/Maie,0,1.706465313827277,-1.3063174628807794,16
Mary / Maria / Maarja / Mari,Otepää,Maija/Maie,0,1.706465313827277,-1.3063174628807794,16
Mary / Maria / Maarja / Mari,Põlva,Maija/Maie,0,1.706465313827277,-1.3063174628807794,16
Mary / Maria / Maarja / Mari,Türi,Maija/Maie,0,1.706465313827277,-1.3063174628807794,16
Mary / Maria / Maarja / Mari,Viljandi,Maaria,3,6.285983954695611,-1.3106260761378008,72
Mary / Maria / Maarja / Mari,Kivennapa,Maarja,0,1.7253421425200566,-1.3135227986297218,16
Mary / Maria / Maarja / Mari,Saarijärvi,Maarja,0,1.7253421425200566,-1.3135227986297218,16
Mary / Maria / Maarja / Mari,Rannu,Maaria,0,1.7461066540821142,-1.3214032897197259,20
Mary / Maria / Maarja / Mari,Suure-Jaani,Other,0,1.7890514393581878,-1.337554275294348,34
Mary / Maria / Maarja / Mari,Sangaste,Other,1,3.5254837187352526,-1.3450400507835671,67
Mary / Maria / Maarja / Mari,Audru,Maija/Maie,0,1.8131193959414817,-1.3465212200115828,17
Mary / Maria / Maarja / Mari,Jõelähtme,Maija/Maie,0,1.8131193959414817,-1.3465212200115828,17
Mary / Maria / Maarja / Mari,Äksi,Maija/Maie,0,1.8131193959414817,-1.3465212200115828,17
Mary / Maria / Maarja / Mari,Hattula,Mari,2,5.037753657385559,-1.3534246714266398,10
Mary / Maria / Maarja / Mari,Impilahti,Maarja,0,1.8331760264275603,-1.353948310101815,17
Mary / Maria / Maarja / Mari,Jõelähtme,Maarja,0,1.8331760264275603,-1.353948310101815,17
Mary / Maria / Maarja / Mari,Ambla,Maaria,0,1.83341198678622,-1.3540354451735082,21
Mary / Maria / Maarja / Mari,Mihkli,Maria,0,1.843558282208589,-1.3577769633517092,13
Mary / Maria / Maarja / Mari,Viru-Jaagupi,Maria,0,1.843558282208589,-1.3577769633517092,13
Mary / Maria / Maarja / Mari,Tori,Maarja,2,5.068192543652667,-1.3628751012488833,47
Mary / Maria / Maarja / Mari,Saarde,Maija/Maie,0,1.9197734780556865,-1.3855589045781078,18
Mary / Maria / Maarja / Mari,Simuna,Maaria,0,1.9207173194903255,-1.385899462259195,22
Mary / Maria / Maarja / Mari,Venjoki,Mari,3,6.549079754601227,-1.3868376366682031,13
Mary / Maria / Maarja / Mari,Porajärvi,Maarja,0,1.9410099103350638,-1.3932013172313125,18
Mary / Maria / Maarja / Mari,Vuole,Mari,6,10.579282680509674,-1.4078920047255148,21
Mary / Maria / Maarja / Mari,Kadrina,Maarja,4,7.979707409155262,-1.4088269794424675,74
Mary / Maria / Maarja / Mari,Muhu,Maria,0,1.9853704577630957,-1.4090317447676952,14
Mary / Maria / Maarja / Mari,Pärnu,Maria,0,1.9853704577630957,-1.4090317447676952,14
Mary / Maria / Maarja / Mari,Tõstamaa,Maria,0,1.9853704577630957,-1.4090317447676952,14
Mary / Maria / Maarja / Mari,Tarvastu,Maija/Maie,2,5.226050023596036,-1.411186184616468,49
Mary / Maria / Maarja / Mari,Järva-Jaani,Maija/Maie,0,2.0264275601698913,-1.423526452219941,19
Mary / Maria / Maarja / Mari,Torma,Maija/Maie,0,2.0264275601698913,-1.423526452219941,19
Mary / Maria / Maarja / Mari,Kitee,Maarja,0,2.0488437942425675,-1.4313782848159209,19
Mary / Maria / Maarja / Mari,Pöide,Maria,1,3.8289287399716847,-1.4457172598693364,27
Mary / Maria / Maarja / Mari,Pärnu-Jaagupi,Maaria,0,2.095327984898537,-1.4475247786820566,24
Mary / Maria / Maarja / Mari,Vigala,Maaria,0,2.095327984898537,-1.4475247786820566,24
Mary / Maria / Maarja / Mari,Võnnu,Maria,0,2.1271826333176027,-1.4584864186263795,15
Mary / Maria / Maarja / Mari,Sangaste,Maria,5,9.501415762151959,-1.4603433124014258,67
Mary / Maria / Maarja / Mari,Rannu,Maija/Maie,0,2.1330816422840964,-1.4605073235982406,20
Mary / Maria / Maarja / Mari,Serepetta,Maarja,0,2.156677678150071,-1.4685631338659129,20
Mary / Maria / Maarja / Mari,Pilistvere,Other,0,2.15738555922605,-1.4688041255477362,41
Mary / Maria / Maarja / Mari,Jüri,Maaria,0,2.182633317602643,-1.4773737907525781,25
Mary / Maria / Maarja / Mari,Karuse,Maaria,0,2.182633317602643,-1.4773737907525781,25
Mary / Maria / Maarja / Mari,Laiuse,Maaria,0,2.182633317602643,-1.4773737907525781,25
Mary / Maria / Maarja / Mari,Ambla,Maija/Maie,0,2.239735724398301,-1.4965746638234594,21
Mary / Maria / Maarja / Mari,Vastseliina,Other,0,2.2626238791882964,-1.5042020739210196,43
Mary / Maria / Maarja / Mari,Nurmes,Maarja,0,2.2645115620575744,-1.5048294129427342,21
Mary / Maria / Maarja / Mari,Repola,Maarja,0,2.2645115620575744,-1.5048294129427342,21
Mary / Maria / Maarja / Mari,Vuole,Maarja,0,2.2645115620575744,-1.5048294129427342,21
Mary / Maria / Maarja / Mari,Häädemeeste,Maria,0,2.2689948088721095,-1.5063182960025776,16
Mary / Maria / Maarja / Mari,Kivennapa,Maria,0,2.2689948088721095,-1.5063182960025776,16
Mary / Maria / Maarja / Mari,Otepää,Maria,0,2.2689948088721095,-1.5063182960025776,16
Mary / Maria / Maarja / Mari,Põlva,Maria,0,2.2689948088721095,-1.5063182960025776,16
Mary / Maria / Maarja / Mari,Rõuge,Maarja,1,4.097687588485135,-1.5302704554421358,38
Mary / Maria / Maarja / Mari,Simuna,Maija/Maie,0,2.346389806512506,-1.5317930038071417,22
Mary / Maria / Maarja / Mari,Kuusalu,Maria,10,16.16658801321378,-1.5336835128067487,114
Mary / Maria / Maarja / Mari,Lüganuse,Maaria,0,2.357243983010854,-1.535331880412458,27
Mary / Maria / Maarja / Mari,Puhja,Maaria,0,2.357243983010854,-1.535331880412458,27
Mary / Maria / Maarja / Mari,Pöide,Maaria,0,2.357243983010854,-1.535331880412458,27
Mary / Maria / Maarja / Mari,Juva,Maarja,0,2.372345445965078,-1.540242008895056,22
Mary / Maria / Maarja / Mari,Audru,Maria,0,2.4108069844266162,-1.5526773600547592,17
Mary / Maria / Maarja / Mari,Jõelähtme,Maria,0,2.4108069844266162,-1.5526773600547592,17
Mary / Maria / Maarja / Mari,Äksi,Maria,0,2.4108069844266162,-1.5526773600547592,17
Mary / Maria / Maarja / Mari,Hargla,Maaria,0,2.44454931571496,-1.563505457526439,28
Mary / Maria / Maarja / Mari,Vaivara,Maaria,0,2.44454931571496,-1.563505457526439,28
Mary / Maria / Maarja / Mari,Tori,Other,0,2.473100519112789,-1.5726094617268425,47
Mary / Maria / Maarja / Mari,Lempaala,Maarja,0,2.4801793298725814,-1.5748585110645914,23
Mary / Maria / Maarja / Mari,Tarvastu,Maaria,1,4.27796130250118,-1.5848398997015303,49
Mary / Maria / Maarja / Mari,Hauho,Mari,0,2.5188768286927794,-1.5870969815020062,5
Mary / Maria / Maarja / Mari,Hämeenlinna,Mari,0,2.5188768286927794,-1.5870969815020062,5
Mary / Maria / Maarja / Mari,Jokioinen,Mari,0,2.5188768286927794,-1.5870969815020062,5
Mary / Maria / Maarja / Mari,Kankaanpää,Mari,0,2.5188768286927794,-1.5870969815020062,5
Mary / Maria / Maarja / Mari,Kesälahti,Mari,0,2.5188768286927794,-1.5870969815020062,5
Mary / Maria / Maarja / Mari,Lappajärvi,Mari,0,2.5188768286927794,-1.5870969815020062,5
Mary / Maria / Maarja / Mari,Leppävirta,Mari,0,2.5188768286927794,-1.5870969815020062,5
Mary / Maria / Maarja / Mari,Muhos,Mari,0,2.5188768286927794,-1.5870969815020062,5
Mary / Maria / Maarja / Mari,Muurla,Mari,0,2.5188768286927794,-1.5870969815020062,5
Mary / Maria / Maarja / Mari,Piippola,Mari,0,2.5188768286927794,-1.5870969815020062,5
Mary / Maria / Maarja / Mari,Riipuskala,Mari,0,2.5188768286927794,-1.5870969815020062,5
Mary / Maria / Maarja / Mari,Rääpyvä,Mari,0,2.5188768286927794,-1.5870969815020062,5
Mary / Maria / Maarja / Mari,Savonranta,Mari,0,2.5188768286927794,-1.5870969815020062,5
Mary / Maria / Maarja / Mari,Soanlahti,Mari,0,2.5188768286927794,-1.5870969815020062,5
Mary / Maria / Maarja / Mari,Suomussalmi,Mari,0,2.5188768286927794,-1.5870969815020062,5
Mary / Maria / Maarja / Mari,Uusikaupunki,Mari,0,2.5188768286927794,-1.5870969815020062,5
Mary / Maria / Maarja / Mari,Halliste,Maaria,2,5.849457291175082,-1.5916285414019111,67
Mary / Maria / Maarja / Mari,Serepetta,Mari,5,10.075507314771118,-1.5989909167263772,20
Mary / Maria / Maarja / Mari,Koeru,Maija/Maie,0,2.5596979707409155,-1.5999056130725073,24
Mary / Maria / Maarja / Mari,Pärnu-Jaagupi,Maija/Maie,0,2.5596979707409155,-1.5999056130725073,24
Mary / Maria / Maarja / Mari,Vigala,Maija/Maie,0,2.5596979707409155,-1.5999056130725073,24
Mary / Maria / Maarja / Mari,Korpiselkä,Maarja,0,2.588013213780085,-1.6087303110776787,24
Mary / Maria / Maarja / Mari,Väike-Maarja,Maaria,0,2.6191599811231714,-1.6183819021242085,30
Mary / Maria / Maarja / Mari,Kuusalu,Other,2,5.998584237848042,-1.6326078061026892,114
Mary / Maria / Maarja / Mari,Jüri,Maija/Maie,0,2.6663520528551206,-1.6328968286009746,25
Mary / Maria / Maarja / Mari,Karuse,Maija/Maie,0,2.6663520528551206,-1.6328968286009746,25
Mary / Maria / Maarja / Mari,Laiuse,Maija/Maie,0,2.6663520528551206,-1.6328968286009746,25
Mary / Maria / Maarja / Mari,Peetri,Maija/Maie,0,2.6663520528551206,-1.6328968286009746,25
Mary / Maria / Maarja / Mari,Karuse,Maarja,0,2.6958470976875883,-1.6419034982871523,25
Mary / Maria / Maarja / Mari,Peetri,Maarja,0,2.6958470976875883,-1.6419034982871523,25
Mary / Maria / Maarja / Mari,Karksi,Mari,54,67.5058990089665,-1.6438138499047292,134
Mary / Maria / Maarja / Mari,Kaprio,Maarja,1,4.529023124115149,-1.6582585112728112,42
Mary / Maria / Maarja / Mari,Kontokki,Mari,1,4.533978291647004,-1.6596792305350556,9
Mary / Maria / Maarja / Mari,Kose,Maria,1,4.537989617744219,-1.6608285626706993,32
Mary / Maria / Maarja / Mari,Maarja-Magdaleena,Maija/Maie,0,2.773006134969325,-1.6652345585440282,26
Mary / Maria / Maarja / Mari,Kose,Maaria,0,2.7937706465313825,-1.6714576412614777,32
Mary / Maria / Maarja / Mari,Maarja-Magdaleena,Maarja,0,2.803680981595092,-1.6744195954404892,26
Mary / Maria / Maarja / Mari,Rannu,Maria,0,2.836243511090137,-1.6841150528067068,20
Mary / Maria / Maarja / Mari,Lüganuse,Maija/Maie,0,2.87966021708353,-1.696956162392986,27
Mary / Maria / Maarja / Mari,Puhja,Maija/Maie,0,2.87966021708353,-1.696956162392986,27
Mary / Maria / Maarja / Mari,Pöide,Maija/Maie,0,2.87966021708353,-1.696956162392986,27
Mary / Maria / Maarja / Mari,Urvaste,Maaria,0,2.8810759792354883,-1.6973732586663102,33
Mary / Maria / Maarja / Mari,Pöide,Maarja,0,2.9115148655025958,-1.7063161680950563,27
Mary / Maria / Maarja / Mari,Salmi,Maarja,0,2.9115148655025958,-1.7063161680950563,27
Mary / Maria / Maarja / Mari,Suure-Jaani,Maaria,0,2.968381311939594,-1.722899100916706,34
Mary / Maria / Maarja / Mari,Hargla,Maija/Maie,0,2.9863142991977347,-1.728095570041696,28
Mary / Maria / Maarja / Mari,Vaivara,Maija/Maie,0,2.9863142991977347,-1.728095570041696,28
Mary / Maria / Maarja / Mari,Hargla,Maarja,0,3.0193487494100992,-1.7376273332939085,28
Mary / Maria / Maarja / Mari,Vaivara,Maarja,0,3.0193487494100992,-1.7376273332939085,28
Mary / Maria / Maarja / Mari,Alatornio,Mari,0,3.0226521944313354,-1.7385776354340163,6
Mary / Maria / Maarja / Mari,Hollola,Mari,0,3.0226521944313354,-1.7385776354340163,6
Mary / Maria / Maarja / Mari,Huittinen,Mari,0,3.0226521944313354,-1.7385776354340163,6
Mary / Maria / Maarja / Mari,Humppila,Mari,0,3.0226521944313354,-1.7385776354340163,6
Mary / Maria / Maarja / Mari,Kalajoki,Mari,0,3.0226521944313354,-1.7385776354340163,6
Mary / Maria / Maarja / Mari,Kuopio,Mari,0,3.0226521944313354,-1.7385776354340163,6
Mary / Maria / Maarja / Mari,Kurikka,Mari,0,3.0226521944313354,-1.7385776354340163,6
Mary / Maria / Maarja / Mari,Liperi,Mari,0,3.0226521944313354,-1.7385776354340163,6
Mary / Maria / Maarja / Mari,Paimio,Mari,0,3.0226521944313354,-1.7385776354340163,6
Mary / Maria / Maarja / Mari,Paltamo,Mari,0,3.0226521944313354,-1.7385776354340163,6
Mary / Maria / Maarja / Mari,Pyhäjärvi Ul.,Mari,0,3.0226521944313354,-1.7385776354340163,6
Mary / Maria / Maarja / Mari,Pälkjärvi,Mari,0,3.0226521944313354,-1.7385776354340163,6
Mary / Maria / Maarja / Mari,Tulemajärvi,Mari,0,3.0226521944313354,-1.7385776354340163,6
Mary / Maria / Maarja / Mari,Töysä,Mari,0,3.0226521944313354,-1.7385776354340163,6
Mary / Maria / Maarja / Mari,Viru-Nigula,Maaria,0,3.0556866446437,-1.748052243110514,35
Mary / Maria / Maarja / Mari,Väike-Maarja,Maija/Maie,0,3.1996224634261443,-1.7887488542068013,30
Mary / Maria / Maarja / Mari,Harju-Jaani,Maija/Maie,0,3.3062765455403493,-1.8183169540925337,31
Mary / Maria / Maarja / Mari,Rõuge,Maaria,0,3.317602642756017,-1.8214287366669104,38
Mary / Maria / Maarja / Mari,Koeru,Maria,0,3.4034922133081644,-1.8448556077124747,24
Mary / Maria / Maarja / Mari,Pärnu-Jaagupi,Maria,0,3.4034922133081644,-1.8448556077124747,24
Mary / Maria / Maarja / Mari,Vigala,Maria,0,3.4034922133081644,-1.8448556077124747,24
Mary / Maria / Maarja / Mari,Palamuse,Maaria,0,3.4049079754601226,-1.845239273227221,39
Mary / Maria / Maarja / Mari,Kose,Maija/Maie,0,3.412930627654554,-1.8474118727708106,32
Mary / Maria / Maarja / Mari,Ilomantsi,Maarja,0,3.450684285040113,-1.8576017563084164,32
Mary / Maria / Maarja / Mari,Urvaste,Maija/Maie,0,3.519584709768759,-1.8760556254463137,33
Mary / Maria / Maarja / Mari,Kauhava,Mari,0,3.5264275601698913,-1.877878473216489,7
Mary / Maria / Maarja / Mari,Kiihtelysvaara,Mari,0,3.5264275601698913,-1.877878473216489,7
Mary / Maria / Maarja / Mari,Laihia,Mari,0,3.5264275601698913,-1.877878473216489,7
Mary / Maria / Maarja / Mari,Loppi,Mari,0,3.5264275601698913,-1.877878473216489,7
Mary / Maria / Maarja / Mari,Mäntyharju,Mari,0,3.5264275601698913,-1.877878473216489,7
Mary / Maria / Maarja / Mari,Pielisjärvi,Mari,0,3.5264275601698913,-1.877878473216489,7
Mary / Maria / Maarja / Mari,Pudasjärvi,Mari,0,3.5264275601698913,-1.877878473216489,7
Mary / Maria / Maarja / Mari,Rantsila,Mari,0,3.5264275601698913,-1.877878473216489,7
Mary / Maria / Maarja / Mari,Somero,Mari,0,3.5264275601698913,-1.877878473216489,7
Mary / Maria / Maarja / Mari,Tervo,Mari,0,3.5264275601698913,-1.877878473216489,7
Mary / Maria / Maarja / Mari,Peetri,Maria,0,3.545304388862671,-1.8828978700032224,25
Mary / Maria / Maarja / Mari,Pilistvere,Maaria,0,3.579518640868334,-1.8919615854631757,41
Mary / Maria / Maarja / Mari,Risti,Maaria,0,3.579518640868334,-1.8919615854631757,41
Mary / Maria / Maarja / Mari,Suure-Jaani,Maija/Maie,0,3.6262387918829635,-1.9042685713635468,34
Mary / Maria / Maarja / Mari,Vuokkiniemi,Maarja,0,3.6663520528551206,-1.9147720628981197,34
Mary / Maria / Maarja / Mari,Maarja-Magdaleena,Maria,0,3.687116564417178,-1.9201865962497442,26
Mary / Maria / Maarja / Mari,Viru-Nigula,Maija/Maie,0,3.7328928739971685,-1.932069583114741,35
Mary / Maria / Maarja / Mari,Vastseliina,Maaria,0,3.7541293062765457,-1.9375575620550078,43
Mary / Maria / Maarja / Mari,Viru-Nigula,Maarja,0,3.774185936762624,-1.9427264184034312,35
Mary / Maria / Maarja / Mari,Viljandi,Other,0,3.7885795186408684,-1.946427373071204,72
Mary / Maria / Maarja / Mari,Puhja,Maria,0,3.8289287399716847,-1.95676486578528,27
Mary / Maria / Maarja / Mari,Hargla,Maria,0,3.9707409155261915,-1.9926718032647002,28
Mary / Maria / Maarja / Mari,Pilistvere,Maria,1,5.814299197734781,-1.996569300294158,41
Mary / Maria / Maarja / Mari,Tyrö,Maarja,0,3.989853704577631,-1.9974618155493313,37
Mary / Maria / Maarja / Mari,Põltsamaa,Maarja,1,5.8230297310051915,-1.9986899804539118,54
Mary / Maria / Maarja / Mari,Janakkala,Mari,0,4.030202925908448,-2.0075365316497846,8
Mary / Maria / Maarja / Mari,Kuusamo,Mari,0,4.030202925908448,-2.0075365316497846,8
Mary / Maria / Maarja / Mari,Pieksämäki,Mari,0,4.030202925908448,-2.0075365316497846,8
Mary / Maria / Maarja / Mari,Pielavesi,Mari,0,4.030202925908448,-2.0075365316497846,8
Mary / Maria / Maarja / Mari,Ranua,Mari,0,4.030202925908448,-2.0075365316497846,8
Mary / Maria / Maarja / Mari,Rõuge,Maija/Maie,0,4.052855120339783,-2.0131704151262957,38
Mary / Maria / Maarja / Mari,Tori,Maaria,0,4.103350637092968,-2.0256728850169687,47
Mary / Maria / Maarja / Mari,Palamuse,Maija/Maie,0,4.159509202453988,-2.0394874852408353,39
Mary / Maria / Maarja / Mari,Väike-Maarja,Maria,0,4.254365266635205,-2.0626112737583893,30
Mary / Maria / Maarja / Mari,Pilistvere,Maija/Maie,0,4.372817366682398,-2.0911282520884265,41
Mary / Maria / Maarja / Mari,Risti,Maija/Maie,0,4.372817366682398,-2.0911282520884265,41
Mary / Maria / Maarja / Mari,Suojärvi,Maija/Maie,2,7.892402076451156,-2.0974314357126183,74
Mary / Maria / Maarja / Mari,Iisalmi,Mari,0,4.533978291647004,-2.1293140425139274,9
Mary / Maria / Maarja / Mari,Kuhmo,Mari,0,4.533978291647004,-2.1293140425139274,9
Mary / Maria / Maarja / Mari,Luumäki,Mari,0,4.533978291647004,-2.1293140425139274,9
Mary / Maria / Maarja / Mari,Marttila,Mari,0,4.533978291647004,-2.1293140425139274,9
Mary / Maria / Maarja / Mari,Rovaniemi,Mari,0,4.533978291647004,-2.1293140425139274,9
Mary / Maria / Maarja / Mari,Sääksmäki,Mari,0,4.533978291647004,-2.1293140425139274,9
Mary / Maria / Maarja / Mari,Uukuniemi,Mari,0,4.533978291647004,-2.1293140425139274,9
Mary / Maria / Maarja / Mari,Vastseliina,Maija/Maie,0,4.586125530910807,-2.141524114015718,43
Mary / Maria / Maarja / Mari,Urvaste,Maria,0,4.679801793298726,-2.1632849542533057,33
Mary / Maria / Maarja / Mari,Põltsamaa,Maaria,0,4.714487966021708,-2.171287168023085,54
Mary / Maria / Maarja / Mari,Tori,Maria,1,6.665172251061821,-2.1943577381438817,47
Mary / Maria / Maarja / Mari,Kuusalu,Maaria,3,9.95280792826805,-2.203877345404709,114
Mary / Maria / Maarja / Mari,Tori,Maija/Maie,0,5.012741859367626,-2.2389153309957095,47
Mary / Maria / Maarja / Mari,Asikkala,Mari,0,5.037753657385559,-2.2444940760415384,10
Mary / Maria / Maarja / Mari,Kaavi,Mari,0,5.037753657385559,-2.2444940760415384,10
Mary / Maria / Maarja / Mari,Rõuge,Maria,0,5.38886267107126,-2.3213923992016645,38
Mary / Maria / Maarja / Mari,Paistu,Maaria,0,5.412930627654554,-2.326570572248896,62
Mary / Maria / Maarja / Mari,Räpina,Maaria,0,5.50023596035866,-2.345258186289659,63
Mary / Maria / Maarja / Mari,Palamuse,Maria,0,5.530674846625767,-2.351738685871746,39
Mary / Maria / Maarja / Mari,Metsäpirtti,Mari,0,5.541529023124115,-2.3540452466178543,11
Mary / Maria / Maarja / Mari,Mouhijärvi,Mari,0,5.541529023124115,-2.3540452466178543,11
Mary / Maria / Maarja / Mari,Kuusalu,Maarja,4,12.293062765455403,-2.365292761963401,114
Mary / Maria / Maarja / Mari,Jõhvi,Maria,3,10.77772534214252,-2.3691308429918174,76
Mary / Maria / Maarja / Mari,Helme,Maaria,0,5.674846625766871,-2.3821936583256345,65
Mary / Maria / Maarja / Mari,Põltsamaa,Maija/Maie,0,5.75932043416706,-2.399858419608761,54
Mary / Maria / Maarja / Mari,Risti,Maria,0,5.814299197734781,-2.411285797605663,41
Mary / Maria / Maarja / Mari,Sangaste,Maaria,0,5.849457291175082,-2.418565130645665,67
Mary / Maria / Maarja / Mari,Kadrina,Maija/Maie,1,7.892402076451156,-2.453386682571103,74
Mary / Maria / Maarja / Mari,Tohmajärvi,Mari,0,6.045304388862671,-2.4587200712693327,12
Mary / Maria / Maarja / Mari,Uhtua,Mari,0,6.045304388862671,-2.4587200712693327,12
Mary / Maria / Maarja / Mari,Vastseliina,Maria,0,6.097923548843794,-2.4693974060170616,43
Mary / Maria / Maarja / Mari,Kolga-Jaani,Maaria,0,6.373289287399717,-2.524537440284797,73
Mary / Maria / Maarja / Mari,Kadrina,Maaria,0,6.460594620103823,-2.5417699778114904,74
Mary / Maria / Maarja / Mari,Viljandi,Maria,2,10.210476639924492,-2.5694807108038615,72
Mary / Maria / Maarja / Mari,Paistu,Maija/Maie,0,6.612553091080699,-2.5714884971705976,62
Mary / Maria / Maarja / Mari,Jõhvi,Maaria,0,6.635205285512034,-2.5758892222904373,76
Mary / Maria / Maarja / Mari,Räpina,Maija/Maie,0,6.719207173194904,-2.5921433550625443,63
Mary / Maria / Maarja / Mari,Kolga-Jaani,Maria,2,10.352288815479,-2.5958961456454346,73
Mary / Maria / Maarja / Mari,Korpiselkä,Mari,3,12.090608777725341,-2.6143810297709176,24
Mary / Maria / Maarja / Mari,Helme,Maija/Maie,0,6.932515337423313,-2.632967021712067,65
Mary / Maria / Maarja / Mari,Tarvastu,Maria,0,6.948796602170836,-2.636057018004511,49
Mary / Maria / Maarja / Mari,Halliste,Maija/Maie,0,7.145823501651723,-2.673167316434144,67
Mary / Maria / Maarja / Mari,Sangaste,Maija/Maie,0,7.145823501651723,-2.673167316434144,67
Mary / Maria / Maarja / Mari,Kiuruvesi,Mari,0,7.556630486078339,-2.7489326085006773,15
Mary / Maria / Maarja / Mari,Tammela,Mari,0,7.556630486078339,-2.7489326085006773,15
Mary / Maria / Maarja / Mari,Uskela,Mari,0,7.556630486078339,-2.7489326085006773,15
Mary / Maria / Maarja / Mari,Halliste,Maria,1,9.501415762151959,-2.758017990381662,67
Mary / Maria / Maarja / Mari,Viljandi,Maija/Maie,0,7.679093912222746,-2.7711178091562156,72
Mary / Maria / Maarja / Mari,Kolga-Jaani,Maija/Maie,0,7.785747994336951,-2.790295323856769,73
Mary / Maria / Maarja / Mari,Suojärvi,Maarja,0,7.979707409155262,-2.8248375898722498,74
Mary / Maria / Maarja / Mari,Saarijärvi,Mari,0,8.060405851816896,-2.83908539001857,16
Mary / Maria / Maarja / Mari,Jõhvi,Maija/Maie,0,8.105710240679565,-2.847052904439882,76
Mary / Maria / Maarja / Mari,Impilahti,Mari,0,8.56418121755545,-2.9264622357986187,17
Mary / Maria / Maarja / Mari,Repola,Mari,1,10.579282680509674,-2.9451327724966108,21
Mary / Maria / Maarja / Mari,Suistamo,Maarja,0,8.734544596507787,-2.9554262969168743,81
Mary / Maria / Maarja / Mari,Paistu,Maria,0,8.792354884379424,-2.965190530873088,62
Mary / Maria / Maarja / Mari,Räpina,Maria,0,8.93416705993393,-2.98900770489705,63
Mary / Maria / Maarja / Mari,Porajärvi,Mari,0,9.067956583294007,-3.0113047974746774,18
Mary / Maria / Maarja / Mari,Helme,Maria,0,9.217791411042946,-3.036081588337663,65
Mary / Maria / Maarja / Mari,Kitee,Mari,0,9.571731949032563,-3.093821576793426,19
Mary / Maria / Maarja / Mari,Lempaala,Mari,1,11.586833411986786,-3.1101669197851742,23
Mary / Maria / Maarja / Mari,Haljala,Maaria,0,10.214723926380367,-3.1960481733510164,117
Mary / Maria / Maarja / Mari,Haljala,Maija/Maie,1,12.478527607361963,-3.249409987543222,117
Mary / Maria / Maarja / Mari,Nurmes,Mari,0,10.579282680509674,-3.2525809260508303,21
Mary / Maria / Maarja / Mari,Soikkola,Maarja,1,12.616564417177914,-3.2704472625795495,117
Mary / Maria / Maarja / Mari,Juva,Mari,0,11.08305804624823,-3.329122714206887,22
Mary / Maria / Maarja / Mari,Karksi,Maaria,0,11.698914582350165,-3.420367609241756,134
Mary / Maria / Maarja / Mari,Kuusalu,Maija/Maie,0,12.158565361019349,-3.4869134432932727,114
Mary / Maria / Maarja / Mari,Kaprio,Mari,5,21.15856536101935,-3.512850687129768,42
Mary / Maria / Maarja / Mari,Haljala,Maria,2,16.5920245398773,-3.5823322322041493,117
Mary / Maria / Maarja / Mari,Salmi,Mari,0,13.60193487494101,-3.6880801069039983,27
Mary / Maria / Maarja / Mari,Karksi,Maija/Maie,0,14.291647003303446,-3.7804294733936574,134
Mary / Maria / Maarja / Mari,Ilomantsi,Mari,0,16.12081170363379,-4.015073063299569,32
Mary / Maria / Maarja / Mari,Karksi,Maria,1,19.002831524303918,-4.129825088410209,134
Mary / Maria / Maarja / Mari,Setumaa,Maria,14,41.550967437470504,-4.2741157903021065,293
Mary / Maria / Maarja / Mari,Setumaa,Maaria,0,25.580462482302973,-5.057713167262747,293
Mary / Maria / Maarja / Mari,Suistamo,Mari,6,40.80580462482303,-5.448672503584039,81
Mary / Maria / Maarja / Mari,Narvusi,Maarja,2,33.96767343086361,-5.485018910886287,315
Mary / Maria / Maarja / Mari,Setumaa,Maija/Maie,0,31.24964605946201,-5.590138286255717,293
Mary / Maria / Maarja / Mari,Suojärvi,Mari,2,37.27937706465314,-5.77812036867543,74
Mary / Maria / Maarja / Mari,Soikkola,Mari,10,58.941717791411044,-6.3748183500550795,117
Mary / Maria / Maarja / Mari,Narvusi,Mari,38,158.68924020764513,-9.580646426491228,315
Peter / Pietari / Peeter,Noarootsi,Other,6,0.28874388254486133,10.628579866766763,6
Peter / Pietari / Peeter,Vastseliina,Other,9,0.6256117455138662,10.58767605453319,13
Peter / Pietari / Peeter,Vuokkiniemi,Petteri/Petri,10,1.0399673735725938,8.786172666108413,15
Peter / Pietari / Peeter,Tulemajärvi,Petteri/Petri,6,0.4159869494290375,8.657780513504443,6
Peter / Pietari / Peeter,Vieljärvi,Petteri/Petri,6,0.4159869494290375,8.657780513504443,6
Peter / Pietari / Peeter,Risti,Other,6,0.4812398042414356,7.955376764507032,10
Peter / Pietari / Peeter,Karksi,Peeter,26,7.575856443719413,6.693780092770365,27
Peter / Pietari / Peeter,Suistamo,Pietari,54,23.559543230016313,6.271446645096237,58
Peter / Pietari / Peeter,Narvusi,Petteri/Petri,14,3.0505709624796085,6.269038071519327,44
Peter / Pietari / Peeter,Sonkajärvi,Pekka,14,3.132137030995106,6.140783367317921,16
Peter / Pietari / Peeter,Jõhvi,Peeter,20,5.611745513866231,6.073780970804602,20
Peter / Pietari / Peeter,Nurmes,Pekka,19,5.481239804241436,5.774274994231167,28
Peter / Pietari / Peeter,Kadrina,Peeter,16,4.489396411092986,5.432554852465502,16
Peter / Pietari / Peeter,Kolga-Jaani,Peeter,16,4.489396411092986,5.432554852465502,16
Peter / Pietari / Peeter,Soikkola,Petteri/Petri,11,2.495921696574225,5.382843733928609,36
Peter / Pietari / Peeter,Koeru,Peeter,15,4.208809135399674,5.260048617739294,15
Peter / Pietari / Peeter,Halliste,Peeter,16,4.769983686786297,5.141880038975346,17
Peter / Pietari / Peeter,Heinävesi,Pekka,11,2.740619902120718,4.9891096540581215,14
Peter / Pietari / Peeter,Helme,Peeter,16,5.0505709624796085,4.872156551648521,18
Peter / Pietari / Peeter,Kemi,Petteri/Petri,3,0.3466557911908646,4.506551756317388,5
Peter / Pietari / Peeter,Serepetta,Petteri/Petri,3,0.3466557911908646,4.506551756317388,5
Peter / Pietari / Peeter,Pilistvere,Peeter,11,3.0864600326264275,4.504436524663151,11
Peter / Pietari / Peeter,Virtasalmi,Pekka,6,1.1745513866231647,4.45247699450802,6
Peter / Pietari / Peeter,Pielavesi,Pekka,11,3.132137030995106,4.445661690269339,16
Peter / Pietari / Peeter,Paistu,Peeter,15,5.0505709624796085,4.4271875459631005,18
Peter / Pietari / Peeter,Nilsiä,Pekka,8,1.9575856443719413,4.318670973540965,10
Peter / Pietari / Peeter,Suure-Jaani,Peeter,10,2.8058727569331157,4.294811711897746,10
Peter / Pietari / Peeter,Kuusalu,Peeter,13,4.208809135399674,4.285170370521097,15
Peter / Pietari / Peeter,Räpina,Peeter,16,5.892332789559544,4.16396721090886,21
Peter / Pietari / Peeter,Tarvastu,Peeter,9,2.5252854812398042,4.074416139349127,9
Peter / Pietari / Peeter,Torma,Peeter,9,2.5252854812398042,4.074416139349127,9
Peter / Pietari / Peeter,Sotkamo,Pekka,5,0.9787928221859706,4.06453681110808,5
Peter / Pietari / Peeter,Suojärvi,Petteri/Petri,9,2.565252854812398,4.017597231306294,37
Peter / Pietari / Peeter,Räpina,Other,5,1.0106035889070146,3.9684121857175123,21
Peter / Pietari / Peeter,Kiuruvesi,Pekka,6,1.370309951060359,3.9549637827025586,7
Peter / Pietari / Peeter,Setumaa,Peeter,10,3.0864600326264275,3.9352302600540994,11
Peter / Pietari / Peeter,Peetri,Peeter,8,2.244698205546493,3.8413963753462403,8
Peter / Pietari / Peeter,Põltsamaa,Peeter,8,2.244698205546493,3.8413963753462403,8
Peter / Pietari / Peeter,Sangaste,Peeter,8,2.244698205546493,3.8413963753462403,8
Peter / Pietari / Peeter,Urvaste,Peeter,8,2.244698205546493,3.8413963753462403,8
Peter / Pietari / Peeter,Võnnu,Peeter,8,2.244698205546493,3.8413963753462403,8
Peter / Pietari / Peeter,Leppävirta,Pekka,9,2.740619902120718,3.781002121789653,14
Peter / Pietari / Peeter,Uusikaupunki,Pekka,8,2.3491027732463294,3.6869428009789864,12
Peter / Pietari / Peeter,Kaprio,Petteri/Petri,3,0.48531810766721045,3.6096891726010507,7
Peter / Pietari / Peeter,Maaninka,Pekka,7,1.9575856443719413,3.60394491879458,10
Peter / Pietari / Peeter,Viljandi,Peeter,7,1.9641109298531811,3.5932972808352264,7
Peter / Pietari / Peeter,Väike-Maarja,Peeter,7,1.9641109298531811,3.5932972808352264,7
Peter / Pietari / Peeter,Kõpu,Other,2,0.2406199021207178,3.5866904962207204,5
Peter / Pietari / Peeter,Orimattila,Other,2,0.2406199021207178,3.5866904962207204,5
Peter / Pietari / Peeter,Salmi,Pietari,19,8.530179445350734,3.584760575008811,21
Peter / Pietari / Peeter,Ilomantsi,Pietari,38,21.9347471451876,3.4302142692015156,54
Peter / Pietari / Peeter,Haljala,Peeter,6,1.6835236541598695,3.326746847055307,6
Peter / Pietari / Peeter,Järva-Jaani,Peeter,6,1.6835236541598695,3.326746847055307,6
Peter / Pietari / Peeter,Tyrö,Petteri/Petri,3,0.5546492659053833,3.2834615658083584,8
Peter / Pietari / Peeter,Korpiselkä,Pietari,20,9.748776508972268,3.283224989997307,24
Peter / Pietari / Peeter,Põlva,Peeter,7,2.244698205546493,3.1739428668181096,8
Peter / Pietari / Peeter,Koivisto,Pekka,5,1.370309951060359,3.1007027542329784,7
Peter / Pietari / Peeter,Kuopio,Pekka,5,1.370309951060359,3.1007027542329784,7
Peter / Pietari / Peeter,Kangaslampi,Pekka,4,0.9787928221859706,3.053761531104326,5
Peter / Pietari / Peeter,Kerimäki,Pekka,4,0.9787928221859706,3.053761531104326,5
Peter / Pietari / Peeter,Järva-Madise,Peeter,5,1.4029363784665578,3.036890485402301,5
Peter / Pietari / Peeter,Muhu,Peeter,5,1.4029363784665578,3.036890485402301,5
Peter / Pietari / Peeter,Puhja,Peeter,5,1.4029363784665578,3.036890485402301,5
Peter / Pietari / Peeter,Pärnu,Peeter,5,1.4029363784665578,3.036890485402301,5
Peter / Pietari / Peeter,Vaivara,Peeter,5,1.4029363784665578,3.036890485402301,5
Peter / Pietari / Peeter,Porajärvi,Pekka,8,2.936378466557912,2.954984606070473,15
Peter / Pietari / Peeter,Soutjärvi,Pietari,10,4.061990212071779,2.9462627356795767,10
Peter / Pietari / Peeter,Toksova,Pietari,10,4.061990212071779,2.9462627356795767,10
Peter / Pietari / Peeter,Uskela,Pietari,10,4.061990212071779,2.9462627356795767,10
Peter / Pietari / Peeter,Suojärvi,Pietari,26,15.029363784665579,2.8298376200859714,37
Peter / Pietari / Peeter,Rõngu,Peeter,7,2.5252854812398042,2.8158537339971415,9
Peter / Pietari / Peeter,Moloskovitsa,Pietari,9,3.6557911908646004,2.7950702490078303,9
Peter / Pietari / Peeter,Polvijärvi,Pekka,4,1.1745513866231647,2.607062256419165,6
Peter / Pietari / Peeter,Rantsila,Pekka,4,1.1745513866231647,2.607062256419165,6
Peter / Pietari / Peeter,Savonlinna,Pekka,4,1.1745513866231647,2.607062256419165,6
Peter / Pietari / Peeter,Viitasaari,Pekka,4,1.1745513866231647,2.607062256419165,6
Peter / Pietari / Peeter,Ambla,Other,2,0.38499184339314846,2.6028488914778984,8
Peter / Pietari / Peeter,Impilahti,Petteri/Petri,3,0.7626427406199021,2.561974289358986,11
Peter / Pietari / Peeter,Ambla,Peeter,6,2.244698205546493,2.5064893582899788,8
Peter / Pietari / Peeter,Vuole,Pietari,11,5.280587275693311,2.4889164883934662,13
Peter / Pietari / Peeter,Soikkola,Other,5,1.732463295269168,2.4824954070306555,36
Peter / Pietari / Peeter,Alatornio,Petteri/Petri,2,0.4159869494290375,2.45594650266223,6
Peter / Pietari / Peeter,Rõngu,Other,2,0.433115823817292,2.3808655401427306,9
Peter / Pietari / Peeter,Paistu,Other,3,0.866231647634584,2.292610336736088,18
Peter / Pietari / Peeter,Liissilä,Pietari,6,2.437194127243067,2.2821653017677015,6
Peter / Pietari / Peeter,Tuupovaara,Pietari,6,2.437194127243067,2.2821653017677015,6
Peter / Pietari / Peeter,Kiihtelysvaara,Pietari,8,3.6557911908646004,2.2720610723772445,9
Peter / Pietari / Peeter,Lempaala,Pietari,8,3.6557911908646004,2.2720610723772445,9
Peter / Pietari / Peeter,Tohmajärvi,Pekka,4,1.370309951060359,2.246441725763398,7
Peter / Pietari / Peeter,Harju-Madise,Peeter,4,1.4029363784665578,2.1926211577144956,5
Peter / Pietari / Peeter,Kitee,Pekka,7,3.132137030995106,2.185499454204562,16
Peter / Pietari / Peeter,Narvusi,Pietari,27,17.872756933115824,2.1589562505833486,44
Peter / Pietari / Peeter,Pälkjärvi,Pietari,5,2.0309951060358893,2.0833223595562576,5
Peter / Pietari / Peeter,Rauma,Pietari,5,2.0309951060358893,2.0833223595562576,5
Peter / Pietari / Peeter,Kesälahti,Pietari,7,3.2495921696574226,2.0804824994941917,8
Peter / Pietari / Peeter,Lappee,Pekka,3,0.9787928221859706,2.0429862511005723,5
Peter / Pietari / Peeter,Soanlahti,Pietari,8,4.061990212071779,1.9539225944864007,10
Peter / Pietari / Peeter,Kivennapa,Pietari,6,2.843393148450245,1.871983595137525,7
Peter / Pietari / Peeter,Repola,Pietari,7,3.6557911908646004,1.7490518957466583,9
Peter / Pietari / Peeter,Repola,Petteri/Petri,2,0.6239804241435563,1.7419638172141882,9
Peter / Pietari / Peeter,Joroinen,Pekka,4,1.761827079934747,1.6862113039047713,9
Peter / Pietari / Peeter,Venjoki,Pietari,5,2.437194127243067,1.6416124949986535,6
Peter / Pietari / Peeter,Vihanti,Pietari,5,2.437194127243067,1.6416124949986535,6
Peter / Pietari / Peeter,Puumala,Pietari,10,6.092985318107667,1.5828143442918021,15
Peter / Pietari / Peeter,Soanlahti,Petteri/Petri,2,0.6933115823817292,1.5693066453334135,10
Peter / Pietari / Peeter,Harju-Madise,Other,1,0.2406199021207178,1.5480801353646225,5
Peter / Pietari / Peeter,Liperi,Other,1,0.2406199021207178,1.5480801353646225,5
Peter / Pietari / Peeter,Uukuniemi,Other,1,0.2406199021207178,1.5480801353646225,5
Peter / Pietari / Peeter,Rautavaara,Pietari,6,3.2495921696574226,1.5257474963667712,8
Peter / Pietari / Peeter,Rääkkylä,Pietari,6,3.2495921696574226,1.5257474963667712,8
Peter / Pietari / Peeter,Soikkola,Pietari,20,14.623164763458401,1.406067084970972,36
Peter / Pietari / Peeter,Asikkala,Pekka,3,1.370309951060359,1.3921806972938182,7
Peter / Pietari / Peeter,Hattula,Pekka,3,1.370309951060359,1.3921806972938182,7
Peter / Pietari / Peeter,Kaavi,Pekka,3,1.370309951060359,1.3921806972938182,7
Peter / Pietari / Peeter,Kontiolahti,Pekka,3,1.370309951060359,1.3921806972938182,7
Peter / Pietari / Peeter,Laihia,Pietari,4,2.0309951060358893,1.3816319164749467,5
Peter / Pietari / Peeter,Töysä,Pietari,4,2.0309951060358893,1.3816319164749467,5
Peter / Pietari / Peeter,Uukuniemi,Pietari,4,2.0309951060358893,1.3816319164749467,5
Peter / Pietari / Peeter,Kõpu,Peeter,3,1.4029363784665578,1.3483518300266906,5
Peter / Pietari / Peeter,Venjoki,Other,1,0.28874388254486133,1.3236391950614992,6
Peter / Pietari / Peeter,Saarijärvi,Pietari,5,2.843393148450245,1.278946931665017,7
Peter / Pietari / Peeter,Impilahti,Pekka,4,2.1533442088091355,1.2584304665384438,11
Peter / Pietari / Peeter,Helme,Other,2,0.866231647634584,1.218168336415582,18
Peter / Pietari / Peeter,Puumala,Pekka,5,2.936378466557912,1.2042704660693133,15
Peter / Pietari / Peeter,Kaprio,Other,1,0.3368678629690049,1.1425370302052849,7
Peter / Pietari / Peeter,Laihia,Petteri/Petri,1,0.3466557911908646,1.109667370676369,5
Peter / Pietari / Peeter,Liperi,Petteri/Petri,1,0.3466557911908646,1.109667370676369,5
Peter / Pietari / Peeter,Ilomantsi,Pekka,14,10.570962479608482,1.0546660629316946,54
Peter / Pietari / Peeter,Jaakkima,Pekka,2,0.9787928221859706,1.0322109710968186,5
Peter / Pietari / Peeter,Ristiina,Pekka,2,0.9787928221859706,1.0322109710968186,5
Peter / Pietari / Peeter,Eno,Pietari,4,2.437194127243067,1.0010596882296052,6
Peter / Pietari / Peeter,Tuusniemi,Pietari,4,2.437194127243067,1.0010596882296052,6
Peter / Pietari / Peeter,Põlva,Other,1,0.38499184339314846,0.991185890997139,8
Peter / Pietari / Peeter,Kitee,Pietari,9,6.499184339314845,0.9809621546998637,16
Peter / Pietari / Peeter,Tyrö,Pietari,5,3.2495921696574226,0.9710124932393509,8
Peter / Pietari / Peeter,Eno,Petteri/Petri,1,0.4159869494290375,0.9054879999516771,6
Peter / Pietari / Peeter,Juva,Petteri/Petri,1,0.4159869494290375,0.9054879999516771,6
Peter / Pietari / Peeter,Lempaala,Other,1,0.433115823817292,0.8613750913061935,9
Peter / Pietari / Peeter,Korpiselkä,Other,2,1.1549755301794453,0.7862902557819457,24
Peter / Pietari / Peeter,Alatornio,Pekka,2,1.1745513866231647,0.7616475183303104,6
Peter / Pietari / Peeter,Juva,Pekka,2,1.1745513866231647,0.7616475183303104,6
Peter / Pietari / Peeter,Tuusniemi,Pekka,2,1.1745513866231647,0.7616475183303104,6
Peter / Pietari / Peeter,Koivisto,Petteri/Petri,1,0.48531810766721045,0.7387978812556806,7
Peter / Pietari / Peeter,Risti,Peeter,4,2.8058727569331157,0.7128803113626192,10
Peter / Pietari / Peeter,Joroinen,Pietari,5,3.6557911908646004,0.703033542485486,9
Peter / Pietari / Peeter,Asikkala,Pietari,4,2.843393148450245,0.6859102681925091,7
Peter / Pietari / Peeter,Hattula,Pietari,4,2.843393148450245,0.6859102681925091,7
Peter / Pietari / Peeter,Kaavi,Pietari,4,2.843393148450245,0.6859102681925091,7
Peter / Pietari / Peeter,Kontiolahti,Pietari,4,2.843393148450245,0.6859102681925091,7
Peter / Pietari / Peeter,Jaakkima,Pietari,3,2.0309951060358893,0.6799414733936356,5
Peter / Pietari / Peeter,Orimattila,Pietari,3,2.0309951060358893,0.6799414733936356,5
Peter / Pietari / Peeter,Ristiina,Pietari,3,2.0309951060358893,0.6799414733936356,5
Peter / Pietari / Peeter,Setumaa,Other,1,0.5293637846655791,0.6468569216724067,11
Peter / Pietari / Peeter,Vuokkiniemi,Pekka,4,2.936378466557912,0.6206990860689268,15
Peter / Pietari / Peeter,Saarijärvi,Pekka,2,1.370309951060359,0.537919668824238,7
Peter / Pietari / Peeter,Maaninka,Petteri/Petri,1,0.6933115823817292,0.3683266533366813,10
Peter / Pietari / Peeter,Porajärvi,Pietari,7,6.092985318107667,0.3674508456894539,15
Peter / Pietari / Peeter,Juva,Pietari,3,2.437194127243067,0.36050688146055715,6
Peter / Pietari / Peeter,Rautavaara,Pekka,2,1.566068515497553,0.3467494515701786,8
Peter / Pietari / Peeter,Rääkkylä,Pekka,2,1.566068515497553,0.3467494515701786,8
Peter / Pietari / Peeter,Kuusalu,Other,1,0.7218597063621534,0.32736896741357474,15
Peter / Pietari / Peeter,Halliste,Other,1,0.8181076672104405,0.20109865292301046,17
Peter / Pietari / Peeter,Vastseliina,Peeter,4,3.6476345840130504,0.18449628016328182,13
Peter / Pietari / Peeter,Kaprio,Pietari,3,2.843393148450245,0.09287360472000117,7
Peter / Pietari / Peeter,Tohmajärvi,Pietari,3,2.843393148450245,0.09287360472000117,7
Peter / Pietari / Peeter,Kemi,Pekka,1,0.9787928221859706,0.021435691093064927,5
Peter / Pietari / Peeter,Liperi,Pekka,1,0.9787928221859706,0.021435691093064927,5
Peter / Pietari / Peeter,Töysä,Pekka,1,0.9787928221859706,0.021435691093064927,5
Peter / Pietari / Peeter,Lappee,Pietari,2,2.0309951060358893,-0.021748969687675368,5
Peter / Pietari / Peeter,Liperi,Pietari,2,2.0309951060358893,-0.021748969687675368,5
Peter / Pietari / Peeter,Serepetta,Pietari,2,2.0309951060358893,-0.021748969687675368,5
Peter / Pietari / Peeter,Eno,Pekka,1,1.1745513866231647,-0.16105985071411696,6
Peter / Pietari / Peeter,Vihanti,Pekka,1,1.1745513866231647,-0.16105985071411696,6
Peter / Pietari / Peeter,Impilahti,Pietari,4,4.468189233278956,-0.22149077530560177,11
Peter / Pietari / Peeter,Karksi,Other,1,1.299347471451876,-0.262611016817072,27
Peter / Pietari / Peeter,Alatornio,Pietari,2,2.437194127243067,-0.280045925308491,6
Peter / Pietari / Peeter,Polvijärvi,Pietari,2,2.437194127243067,-0.280045925308491,6
Peter / Pietari / Peeter,Rantsila,Pietari,2,2.437194127243067,-0.280045925308491,6
Peter / Pietari / Peeter,Savonlinna,Pietari,2,2.437194127243067,-0.280045925308491,6
Peter / Pietari / Peeter,Viitasaari,Pietari,2,2.437194127243067,-0.280045925308491,6
Peter / Pietari / Peeter,Leppävirta,Pietari,5,5.68678629690049,-0.28799713485215134,14
Peter / Pietari / Peeter,Kivennapa,Pekka,1,1.370309951060359,-0.3163413596453421,7
Peter / Pietari / Peeter,Vuole,Pekka,2,2.544861337683524,-0.3415497174327561,13
Peter / Pietari / Peeter,Salmi,Petteri/Petri,1,1.4559543230016314,-0.377874393013325,21
Peter / Pietari / Peeter,Uusikaupunki,Pietari,4,4.874388254486134,-0.39604474565859066,12
Peter / Pietari / Peeter,Kesälahti,Pekka,1,1.566068515497553,-0.45233857028139857,8
Peter / Pietari / Peeter,Jaakkima,Other,0,0.2406199021207178,-0.49053022549147546,5
Peter / Pietari / Peeter,Järva-Madise,Other,0,0.2406199021207178,-0.49053022549147546,5
Peter / Pietari / Peeter,Kangaslampi,Other,0,0.2406199021207178,-0.49053022549147546,5
Peter / Pietari / Peeter,Kemi,Other,0,0.2406199021207178,-0.49053022549147546,5
Peter / Pietari / Peeter,Kerimäki,Other,0,0.2406199021207178,-0.49053022549147546,5
Peter / Pietari / Peeter,Laihia,Other,0,0.2406199021207178,-0.49053022549147546,5
Peter / Pietari / Peeter,Lappee,Other,0,0.2406199021207178,-0.49053022549147546,5
Peter / Pietari / Peeter,Muhu,Other,0,0.2406199021207178,-0.49053022549147546,5
Peter / Pietari / Peeter,Puhja,Other,0,0.2406199021207178,-0.49053022549147546,5
Peter / Pietari / Peeter,Pälkjärvi,Other,0,0.2406199021207178,-0.49053022549147546,5
Peter / Pietari / Peeter,Pärnu,Other,0,0.2406199021207178,-0.49053022549147546,5
Peter / Pietari / Peeter,Rauma,Other,0,0.2406199021207178,-0.49053022549147546,5
Peter / Pietari / Peeter,Ristiina,Other,0,0.2406199021207178,-0.49053022549147546,5
Peter / Pietari / Peeter,Serepetta,Other,0,0.2406199021207178,-0.49053022549147546,5
Peter / Pietari / Peeter,Sotkamo,Other,0,0.2406199021207178,-0.49053022549147546,5
Peter / Pietari / Peeter,Töysä,Other,0,0.2406199021207178,-0.49053022549147546,5
Peter / Pietari / Peeter,Vaivara,Other,0,0.2406199021207178,-0.49053022549147546,5
Peter / Pietari / Peeter,Kuopio,Pietari,2,2.843393148450245,-0.5001630587525068,7
Peter / Pietari / Peeter,Alatornio,Other,0,0.28874388254486133,-0.5373489392795536,6
Peter / Pietari / Peeter,Eno,Other,0,0.28874388254486133,-0.5373489392795536,6
Peter / Pietari / Peeter,Haljala,Other,0,0.28874388254486133,-0.5373489392795536,6
Peter / Pietari / Peeter,Juva,Other,0,0.28874388254486133,-0.5373489392795536,6
Peter / Pietari / Peeter,Järva-Jaani,Other,0,0.28874388254486133,-0.5373489392795536,6
Peter / Pietari / Peeter,Liissilä,Other,0,0.28874388254486133,-0.5373489392795536,6
Peter / Pietari / Peeter,Polvijärvi,Other,0,0.28874388254486133,-0.5373489392795536,6
Peter / Pietari / Peeter,Rantsila,Other,0,0.28874388254486133,-0.5373489392795536,6
Peter / Pietari / Peeter,Savonlinna,Other,0,0.28874388254486133,-0.5373489392795536,6
Peter / Pietari / Peeter,Tulemajärvi,Other,0,0.28874388254486133,-0.5373489392795536,6
Peter / Pietari / Peeter,Tuupovaara,Other,0,0.28874388254486133,-0.5373489392795536,6
Peter / Pietari / Peeter,Tuusniemi,Other,0,0.28874388254486133,-0.5373489392795536,6
Peter / Pietari / Peeter,Vieljärvi,Other,0,0.28874388254486133,-0.5373489392795536,6
Peter / Pietari / Peeter,Vihanti,Other,0,0.28874388254486133,-0.5373489392795536,6
Peter / Pietari / Peeter,Viitasaari,Other,0,0.28874388254486133,-0.5373489392795536,6
Peter / Pietari / Peeter,Virtasalmi,Other,0,0.28874388254486133,-0.5373489392795536,6
Peter / Pietari / Peeter,Kiihtelysvaara,Pekka,1,1.761827079934747,-0.5739509321600059,9
Peter / Pietari / Peeter,Asikkala,Other,0,0.3368678629690049,-0.5804031900058828,7
Peter / Pietari / Peeter,Hattula,Other,0,0.3368678629690049,-0.5804031900058828,7
Peter / Pietari / Peeter,Kaavi,Other,0,0.3368678629690049,-0.5804031900058828,7
Peter / Pietari / Peeter,Kiuruvesi,Other,0,0.3368678629690049,-0.5804031900058828,7
Peter / Pietari / Peeter,Kivennapa,Other,0,0.3368678629690049,-0.5804031900058828,7
Peter / Pietari / Peeter,Koivisto,Other,0,0.3368678629690049,-0.5804031900058828,7
Peter / Pietari / Peeter,Kontiolahti,Other,0,0.3368678629690049,-0.5804031900058828,7
Peter / Pietari / Peeter,Kuopio,Other,0,0.3368678629690049,-0.5804031900058828,7
Peter / Pietari / Peeter,Saarijärvi,Other,0,0.3368678629690049,-0.5804031900058828,7
Peter / Pietari / Peeter,Tohmajärvi,Other,0,0.3368678629690049,-0.5804031900058828,7
Peter / Pietari / Peeter,Viljandi,Other,0,0.3368678629690049,-0.5804031900058828,7
Peter / Pietari / Peeter,Väike-Maarja,Other,0,0.3368678629690049,-0.5804031900058828,7
Peter / Pietari / Peeter,Suojärvi,Other,1,1.7805872756933117,-0.5849784061064616,37
Peter / Pietari / Peeter,Pielavesi,Pietari,5,6.499184339314845,-0.5880653751918948,16
Peter / Pietari / Peeter,Harju-Madise,Petteri/Petri,0,0.3466557911908646,-0.5887748221441408,5
Peter / Pietari / Peeter,Jaakkima,Petteri/Petri,0,0.3466557911908646,-0.5887748221441408,5
Peter / Pietari / Peeter,Järva-Madise,Petteri/Petri,0,0.3466557911908646,-0.5887748221441408,5
Peter / Pietari / Peeter,Kangaslampi,Petteri/Petri,0,0.3466557911908646,-0.5887748221441408,5
Peter / Pietari / Peeter,Kerimäki,Petteri/Petri,0,0.3466557911908646,-0.5887748221441408,5
Peter / Pietari / Peeter,Kõpu,Petteri/Petri,0,0.3466557911908646,-0.5887748221441408,5
Peter / Pietari / Peeter,Lappee,Petteri/Petri,0,0.3466557911908646,-0.5887748221441408,5
Peter / Pietari / Peeter,Muhu,Petteri/Petri,0,0.3466557911908646,-0.5887748221441408,5
Peter / Pietari / Peeter,Orimattila,Petteri/Petri,0,0.3466557911908646,-0.5887748221441408,5
Peter / Pietari / Peeter,Puhja,Petteri/Petri,0,0.3466557911908646,-0.5887748221441408,5
Peter / Pietari / Peeter,Pälkjärvi,Petteri/Petri,0,0.3466557911908646,-0.5887748221441408,5
Peter / Pietari / Peeter,Pärnu,Petteri/Petri,0,0.3466557911908646,-0.5887748221441408,5
Peter / Pietari / Peeter,Rauma,Petteri/Petri,0,0.3466557911908646,-0.5887748221441408,5
Peter / Pietari / Peeter,Ristiina,Petteri/Petri,0,0.3466557911908646,-0.5887748221441408,5
Peter / Pietari / Peeter,Sotkamo,Petteri/Petri,0,0.3466557911908646,-0.5887748221441408,5
Peter / Pietari / Peeter,Töysä,Petteri/Petri,0,0.3466557911908646,-0.5887748221441408,5
Peter / Pietari / Peeter,Uukuniemi,Petteri/Petri,0,0.3466557911908646,-0.5887748221441408,5
Peter / Pietari / Peeter,Vaivara,Petteri/Petri,0,0.3466557911908646,-0.5887748221441408,5
Peter / Pietari / Peeter,Kesälahti,Other,0,0.38499184339314846,-0.6204771094836202,8
Peter / Pietari / Peeter,Peetri,Other,0,0.38499184339314846,-0.6204771094836202,8
Peter / Pietari / Peeter,Põltsamaa,Other,0,0.38499184339314846,-0.6204771094836202,8
Peter / Pietari / Peeter,Rautavaara,Other,0,0.38499184339314846,-0.6204771094836202,8
Peter / Pietari / Peeter,Rääkkylä,Other,0,0.38499184339314846,-0.6204771094836202,8
Peter / Pietari / Peeter,Sangaste,Other,0,0.38499184339314846,-0.6204771094836202,8
Peter / Pietari / Peeter,Tyrö,Other,0,0.38499184339314846,-0.6204771094836202,8
Peter / Pietari / Peeter,Urvaste,Other,0,0.38499184339314846,-0.6204771094836202,8
Peter / Pietari / Peeter,Võnnu,Other,0,0.38499184339314846,-0.6204771094836202,8
Peter / Pietari / Peeter,Haljala,Petteri/Petri,0,0.4159869494290375,-0.6449705027588761,6
Peter / Pietari / Peeter,Järva-Jaani,Petteri/Petri,0,0.4159869494290375,-0.6449705027588761,6
Peter / Pietari / Peeter,Liissilä,Petteri/Petri,0,0.4159869494290375,-0.6449705027588761,6
Peter / Pietari / Peeter,Noarootsi,Petteri/Petri,0,0.4159869494290375,-0.6449705027588761,6
Peter / Pietari / Peeter,Polvijärvi,Petteri/Petri,0,0.4159869494290375,-0.6449705027588761,6
Peter / Pietari / Peeter,Rantsila,Petteri/Petri,0,0.4159869494290375,-0.6449705027588761,6
Peter / Pietari / Peeter,Savonlinna,Petteri/Petri,0,0.4159869494290375,-0.6449705027588761,6
Peter / Pietari / Peeter,Tuupovaara,Petteri/Petri,0,0.4159869494290375,-0.6449705027588761,6
Peter / Pietari / Peeter,Tuusniemi,Petteri/Petri,0,0.4159869494290375,-0.6449705027588761,6
Peter / Pietari / Peeter,Venjoki,Petteri/Petri,0,0.4159869494290375,-0.6449705027588761,6
Peter / Pietari / Peeter,Vihanti,Petteri/Petri,0,0.4159869494290375,-0.6449705027588761,6
Peter / Pietari / Peeter,Viitasaari,Petteri/Petri,0,0.4159869494290375,-0.6449705027588761,6
Peter / Pietari / Peeter,Virtasalmi,Petteri/Petri,0,0.4159869494290375,-0.6449705027588761,6
Peter / Pietari / Peeter,Joroinen,Other,0,0.433115823817292,-0.6581153575303436,9
Peter / Pietari / Peeter,Kiihtelysvaara,Other,0,0.433115823817292,-0.6581153575303436,9
Peter / Pietari / Peeter,Moloskovitsa,Other,0,0.433115823817292,-0.6581153575303436,9
Peter / Pietari / Peeter,Repola,Other,0,0.433115823817292,-0.6581153575303436,9
Peter / Pietari / Peeter,Tarvastu,Other,0,0.433115823817292,-0.6581153575303436,9
Peter / Pietari / Peeter,Torma,Other,0,0.433115823817292,-0.6581153575303436,9
Peter / Pietari / Peeter,Maaninka,Other,0,0.4812398042414356,-0.6937144976439771,10
Peter / Pietari / Peeter,Nilsiä,Other,0,0.4812398042414356,-0.6937144976439771,10
Peter / Pietari / Peeter,Soanlahti,Other,0,0.4812398042414356,-0.6937144976439771,10
Peter / Pietari / Peeter,Soutjärvi,Other,0,0.4812398042414356,-0.6937144976439771,10
Peter / Pietari / Peeter,Suure-Jaani,Other,0,0.4812398042414356,-0.6937144976439771,10
Peter / Pietari / Peeter,Toksova,Other,0,0.4812398042414356,-0.6937144976439771,10
Peter / Pietari / Peeter,Uskela,Other,0,0.4812398042414356,-0.6937144976439771,10
Peter / Pietari / Peeter,Asikkala,Petteri/Petri,0,0.48531810766721045,-0.6966477644170046,7
Peter / Pietari / Peeter,Hattula,Petteri/Petri,0,0.48531810766721045,-0.6966477644170046,7
Peter / Pietari / Peeter,Kaavi,Petteri/Petri,0,0.48531810766721045,-0.6966477644170046,7
Peter / Pietari / Peeter,Kiuruvesi,Petteri/Petri,0,0.48531810766721045,-0.6966477644170046,7
Peter / Pietari / Peeter,Kivennapa,Petteri/Petri,0,0.48531810766721045,-0.6966477644170046,7
Peter / Pietari / Peeter,Kontiolahti,Petteri/Petri,0,0.48531810766721045,-0.6966477644170046,7
Peter / Pietari / Peeter,Kuopio,Petteri/Petri,0,0.48531810766721045,-0.6966477644170046,7
Peter / Pietari / Peeter,Saarijärvi,Petteri/Petri,0,0.48531810766721045,-0.6966477644170046,7
Peter / Pietari / Peeter,Tohmajärvi,Petteri/Petri,0,0.48531810766721045,-0.6966477644170046,7
Peter / Pietari / Peeter,Viljandi,Petteri/Petri,0,0.48531810766721045,-0.6966477644170046,7
Peter / Pietari / Peeter,Väike-Maarja,Petteri/Petri,0,0.48531810766721045,-0.6966477644170046,7
Peter / Pietari / Peeter,Nurmes,Pietari,9,11.37357259380098,-0.7038077857687596,28
Peter / Pietari / Peeter,Kangaslampi,Pietari,1,2.0309951060358893,-0.7234394127689864,5
Peter / Pietari / Peeter,Kemi,Pietari,1,2.0309951060358893,-0.7234394127689864,5
Peter / Pietari / Peeter,Kerimäki,Pietari,1,2.0309951060358893,-0.7234394127689864,5
Peter / Pietari / Peeter,Impilahti,Other,0,0.5293637846655791,-0.7275739032329149,11
Peter / Pietari / Peeter,Pilistvere,Other,0,0.5293637846655791,-0.7275739032329149,11
Peter / Pietari / Peeter,Ambla,Petteri/Petri,0,0.5546492659053833,-0.7447477867744108,8
Peter / Pietari / Peeter,Kesälahti,Petteri/Petri,0,0.5546492659053833,-0.7447477867744108,8
Peter / Pietari / Peeter,Peetri,Petteri/Petri,0,0.5546492659053833,-0.7447477867744108,8
Peter / Pietari / Peeter,Põltsamaa,Petteri/Petri,0,0.5546492659053833,-0.7447477867744108,8
Peter / Pietari / Peeter,Põlva,Petteri/Petri,0,0.5546492659053833,-0.7447477867744108,8
Peter / Pietari / Peeter,Rautavaara,Petteri/Petri,0,0.5546492659053833,-0.7447477867744108,8
Peter / Pietari / Peeter,Rääkkylä,Petteri/Petri,0,0.5546492659053833,-0.7447477867744108,8
Peter / Pietari / Peeter,Sangaste,Petteri/Petri,0,0.5546492659053833,-0.7447477867744108,8
Peter / Pietari / Peeter,Urvaste,Petteri/Petri,0,0.5546492659053833,-0.7447477867744108,8
Peter / Pietari / Peeter,Võnnu,Petteri/Petri,0,0.5546492659053833,-0.7447477867744108,8
Peter / Pietari / Peeter,Uusikaupunki,Other,0,0.5774877650897227,-0.7599261576559413,12
Peter / Pietari / Peeter,Joroinen,Petteri/Petri,0,0.6239804241435563,-0.7899243154527884,9
Peter / Pietari / Peeter,Kiihtelysvaara,Petteri/Petri,0,0.6239804241435563,-0.7899243154527884,9
Peter / Pietari / Peeter,Lempaala,Petteri/Petri,0,0.6239804241435563,-0.7899243154527884,9
Peter / Pietari / Peeter,Moloskovitsa,Petteri/Petri,0,0.6239804241435563,-0.7899243154527884,9
Peter / Pietari / Peeter,Rõngu,Petteri/Petri,0,0.6239804241435563,-0.7899243154527884,9
Peter / Pietari / Peeter,Tarvastu,Petteri/Petri,0,0.6239804241435563,-0.7899243154527884,9
Peter / Pietari / Peeter,Torma,Petteri/Petri,0,0.6239804241435563,-0.7899243154527884,9
Peter / Pietari / Peeter,Vuole,Other,0,0.6256117455138662,-0.7909562222486566,13
Peter / Pietari / Peeter,Heinävesi,Other,0,0.6737357259380098,-0.8208140629509278,14
Peter / Pietari / Peeter,Leppävirta,Other,0,0.6737357259380098,-0.8208140629509278,14
Peter / Pietari / Peeter,Nilsiä,Petteri/Petri,0,0.6933115823817292,-0.8326533386600508,10
Peter / Pietari / Peeter,Risti,Petteri/Petri,0,0.6933115823817292,-0.8326533386600508,10
Peter / Pietari / Peeter,Soutjärvi,Petteri/Petri,0,0.6933115823817292,-0.8326533386600508,10
Peter / Pietari / Peeter,Suure-Jaani,Petteri/Petri,0,0.6933115823817292,-0.8326533386600508,10
Peter / Pietari / Peeter,Toksova,Petteri/Petri,0,0.6933115823817292,-0.8326533386600508,10
Peter / Pietari / Peeter,Uskela,Petteri/Petri,0,0.6933115823817292,-0.8326533386600508,10
Peter / Pietari / Peeter,Koeru,Other,0,0.7218597063621534,-0.8496232731994535,15
Peter / Pietari / Peeter,Porajärvi,Other,0,0.7218597063621534,-0.8496232731994535,15
Peter / Pietari / Peeter,Puumala,Other,0,0.7218597063621534,-0.8496232731994535,15
Peter / Pietari / Peeter,Vuokkiniemi,Other,0,0.7218597063621534,-0.8496232731994535,15
Peter / Pietari / Peeter,Pilistvere,Petteri/Petri,0,0.7626427406199021,-0.8732941890450789,11
Peter / Pietari / Peeter,Setumaa,Petteri/Petri,0,0.7626427406199021,-0.8732941890450789,11
Peter / Pietari / Peeter,Kadrina,Other,0,0.7699836867862969,-0.8774871433737915,16
Peter / Pietari / Peeter,Kitee,Other,0,0.7699836867862969,-0.8774871433737915,16
Peter / Pietari / Peeter,Kolga-Jaani,Other,0,0.7699836867862969,-0.8774871433737915,16
Peter / Pietari / Peeter,Pielavesi,Other,0,0.7699836867862969,-0.8774871433737915,16
Peter / Pietari / Peeter,Sonkajärvi,Other,0,0.7699836867862969,-0.8774871433737915,16
Peter / Pietari / Peeter,Uusikaupunki,Petteri/Petri,0,0.831973898858075,-0.9121260323321964,12
Peter / Pietari / Peeter,Vastseliina,Petteri/Petri,0,0.901305057096248,-0.9493708743669399,13
Peter / Pietari / Peeter,Vuole,Petteri/Petri,0,0.901305057096248,-0.9493708743669399,13
Peter / Pietari / Peeter,Jõhvi,Other,0,0.9624796084828712,-0.9810604509829509,20
Peter / Pietari / Peeter,Heinävesi,Petteri/Petri,0,0.9706362153344209,-0.9852087166354249,14
Peter / Pietari / Peeter,Leppävirta,Petteri/Petri,0,0.9706362153344209,-0.9852087166354249,14
Peter / Pietari / Peeter,Harju-Madise,Pekka,0,0.9787928221859706,-0.9893395889106887,5
Peter / Pietari / Peeter,Järva-Madise,Pekka,0,0.9787928221859706,-0.9893395889106887,5
Peter / Pietari / Peeter,Kõpu,Pekka,0,0.9787928221859706,-0.9893395889106887,5
Peter / Pietari / Peeter,Laihia,Pekka,0,0.9787928221859706,-0.9893395889106887,5
Peter / Pietari / Peeter,Muhu,Pekka,0,0.9787928221859706,-0.9893395889106887,5
Peter / Pietari / Peeter,Orimattila,Pekka,0,0.9787928221859706,-0.9893395889106887,5
Peter / Pietari / Peeter,Puhja,Pekka,0,0.9787928221859706,-0.9893395889106887,5
Peter / Pietari / Peeter,Pälkjärvi,Pekka,0,0.9787928221859706,-0.9893395889106887,5
Peter / Pietari / Peeter,Pärnu,Pekka,0,0.9787928221859706,-0.9893395889106887,5
Peter / Pietari / Peeter,Rauma,Pekka,0,0.9787928221859706,-0.9893395889106887,5
Peter / Pietari / Peeter,Serepetta,Pekka,0,0.9787928221859706,-0.9893395889106887,5
Peter / Pietari / Peeter,Uukuniemi,Pekka,0,0.9787928221859706,-0.9893395889106887,5
Peter / Pietari / Peeter,Vaivara,Pekka,0,0.9787928221859706,-0.9893395889106887,5
Peter / Pietari / Peeter,Ilomantsi,Other,1,2.598694942903752,-0.9917174397249764,54
Peter / Pietari / Peeter,Salmi,Other,0,1.0106035889070146,-1.0052878139652417,21
Peter / Pietari / Peeter,Koeru,Petteri/Petri,0,1.0399673735725938,-1.0197879061709811,15
Peter / Pietari / Peeter,Kuusalu,Petteri/Petri,0,1.0399673735725938,-1.0197879061709811,15
Peter / Pietari / Peeter,Porajärvi,Petteri/Petri,0,1.0399673735725938,-1.0197879061709811,15
Peter / Pietari / Peeter,Puumala,Petteri/Petri,0,1.0399673735725938,-1.0197879061709811,15
Peter / Pietari / Peeter,Maaninka,Pietari,2,4.061990212071779,-1.023097829093128,10
Peter / Pietari / Peeter,Nilsiä,Pietari,2,4.061990212071779,-1.023097829093128,10
Peter / Pietari / Peeter,Kadrina,Petteri/Petri,0,1.1092985318107667,-1.0532324206037178,16
Peter / Pietari / Peeter,Kitee,Petteri/Petri,0,1.1092985318107667,-1.0532324206037178,16
Peter / Pietari / Peeter,Kolga-Jaani,Petteri/Petri,0,1.1092985318107667,-1.0532324206037178,16
Peter / Pietari / Peeter,Pielavesi,Petteri/Petri,0,1.1092985318107667,-1.0532324206037178,16
Peter / Pietari / Peeter,Sonkajärvi,Petteri/Petri,0,1.1092985318107667,-1.0532324206037178,16
Peter / Pietari / Peeter,Haljala,Pekka,0,1.1745513866231647,-1.0837672197585444,6
Peter / Pietari / Peeter,Järva-Jaani,Pekka,0,1.1745513866231647,-1.0837672197585444,6
Peter / Pietari / Peeter,Liissilä,Pekka,0,1.1745513866231647,-1.0837672197585444,6
Peter / Pietari / Peeter,Noarootsi,Pekka,0,1.1745513866231647,-1.0837672197585444,6
Peter / Pietari / Peeter,Tulemajärvi,Pekka,0,1.1745513866231647,-1.0837672197585444,6
Peter / Pietari / Peeter,Tuupovaara,Pekka,0,1.1745513866231647,-1.0837672197585444,6
Peter / Pietari / Peeter,Venjoki,Pekka,0,1.1745513866231647,-1.0837672197585444,6
Peter / Pietari / Peeter,Vieljärvi,Pekka,0,1.1745513866231647,-1.0837672197585444,6
Peter / Pietari / Peeter,Halliste,Petteri/Petri,0,1.1786296900489397,-1.0856471296185237,17
Peter / Pietari / Peeter,Kiuruvesi,Pietari,1,2.843393148450245,-1.0931997222250147,7
Peter / Pietari / Peeter,Koivisto,Pietari,1,2.843393148450245,-1.0931997222250147,7
Peter / Pietari / Peeter,Helme,Petteri/Petri,0,1.2479608482871125,-1.1171216801616162,18
Peter / Pietari / Peeter,Paistu,Petteri/Petri,0,1.2479608482871125,-1.1171216801616162,18
Peter / Pietari / Peeter,Heinävesi,Pietari,3,5.68678629690049,-1.1266776273194612,14
Peter / Pietari / Peeter,Nurmes,Other,0,1.3474714518760196,-1.1608063800117656,28
Peter / Pietari / Peeter,Kaprio,Pekka,0,1.370309951060359,-1.1706023881149223,7
Peter / Pietari / Peeter,Viljandi,Pekka,0,1.370309951060359,-1.1706023881149223,7
Peter / Pietari / Peeter,Väike-Maarja,Pekka,0,1.370309951060359,-1.1706023881149223,7
Peter / Pietari / Peeter,Jõhvi,Petteri/Petri,0,1.3866231647634584,-1.1775496442882816,20
Peter / Pietari / Peeter,Jaakkima,Peeter,0,1.4029363784665578,-1.184456153036725,5
Peter / Pietari / Peeter,Kangaslampi,Peeter,0,1.4029363784665578,-1.184456153036725,5
Peter / Pietari / Peeter,Kemi,Peeter,0,1.4029363784665578,-1.184456153036725,5
Peter / Pietari / Peeter,Kerimäki,Peeter,0,1.4029363784665578,-1.184456153036725,5
Peter / Pietari / Peeter,Laihia,Peeter,0,1.4029363784665578,-1.184456153036725,5
Peter / Pietari / Peeter,Lappee,Peeter,0,1.4029363784665578,-1.184456153036725,5
Peter / Pietari / Peeter,Liperi,Peeter,0,1.4029363784665578,-1.184456153036725,5
Peter / Pietari / Peeter,Orimattila,Peeter,0,1.4029363784665578,-1.184456153036725,5
Peter / Pietari / Peeter,Pälkjärvi,Peeter,0,1.4029363784665578,-1.184456153036725,5
Peter / Pietari / Peeter,Rauma,Peeter,0,1.4029363784665578,-1.184456153036725,5
Peter / Pietari / Peeter,Ristiina,Peeter,0,1.4029363784665578,-1.184456153036725,5
Peter / Pietari / Peeter,Serepetta,Peeter,0,1.4029363784665578,-1.184456153036725,5
Peter / Pietari / Peeter,Sotkamo,Peeter,0,1.4029363784665578,-1.184456153036725,5
Peter / Pietari / Peeter,Töysä,Peeter,0,1.4029363784665578,-1.184456153036725,5
Peter / Pietari / Peeter,Uukuniemi,Peeter,0,1.4029363784665578,-1.184456153036725,5
Peter / Pietari / Peeter,Räpina,Petteri/Petri,0,1.4559543230016314,-1.206629322949526,21
Peter / Pietari / Peeter,Korpiselkä,Pekka,2,4.698205546492659,-1.2448270704726612,24
Peter / Pietari / Peeter,Ambla,Pekka,0,1.566068515497553,-1.2514265921329757,8
Peter / Pietari / Peeter,Peetri,Pekka,0,1.566068515497553,-1.2514265921329757,8
Peter / Pietari / Peeter,Põltsamaa,Pekka,0,1.566068515497553,-1.2514265921329757,8
Peter / Pietari / Peeter,Põlva,Pekka,0,1.566068515497553,-1.2514265921329757,8
Peter / Pietari / Peeter,Sangaste,Pekka,0,1.566068515497553,-1.2514265921329757,8
Peter / Pietari / Peeter,Tyrö,Pekka,0,1.566068515497553,-1.2514265921329757,8
Peter / Pietari / Peeter,Urvaste,Pekka,0,1.566068515497553,-1.2514265921329757,8
Peter / Pietari / Peeter,Võnnu,Pekka,0,1.566068515497553,-1.2514265921329757,8
Peter / Pietari / Peeter,Korpiselkä,Petteri/Petri,0,1.66394779771615,-1.2899410055177523,24
Peter / Pietari / Peeter,Alatornio,Peeter,0,1.6835236541598695,-1.2975067067880108,6
Peter / Pietari / Peeter,Eno,Peeter,0,1.6835236541598695,-1.2975067067880108,6
Peter / Pietari / Peeter,Juva,Peeter,0,1.6835236541598695,-1.2975067067880108,6
Peter / Pietari / Peeter,Liissilä,Peeter,0,1.6835236541598695,-1.2975067067880108,6
Peter / Pietari / Peeter,Noarootsi,Peeter,0,1.6835236541598695,-1.2975067067880108,6
Peter / Pietari / Peeter,Polvijärvi,Peeter,0,1.6835236541598695,-1.2975067067880108,6
Peter / Pietari / Peeter,Rantsila,Peeter,0,1.6835236541598695,-1.2975067067880108,6
Peter / Pietari / Peeter,Savonlinna,Peeter,0,1.6835236541598695,-1.2975067067880108,6
Peter / Pietari / Peeter,Tulemajärvi,Peeter,0,1.6835236541598695,-1.2975067067880108,6
Peter / Pietari / Peeter,Tuupovaara,Peeter,0,1.6835236541598695,-1.2975067067880108,6
Peter / Pietari / Peeter,Tuusniemi,Peeter,0,1.6835236541598695,-1.2975067067880108,6
Peter / Pietari / Peeter,Venjoki,Peeter,0,1.6835236541598695,-1.2975067067880108,6
Peter / Pietari / Peeter,Vieljärvi,Peeter,0,1.6835236541598695,-1.2975067067880108,6
Peter / Pietari / Peeter,Vihanti,Peeter,0,1.6835236541598695,-1.2975067067880108,6
Peter / Pietari / Peeter,Viitasaari,Peeter,0,1.6835236541598695,-1.2975067067880108,6
Peter / Pietari / Peeter,Virtasalmi,Peeter,0,1.6835236541598695,-1.2975067067880108,6
Peter / Pietari / Peeter,Lempaala,Pekka,0,1.761827079934747,-1.3273383441815982,9
Peter / Pietari / Peeter,Moloskovitsa,Pekka,0,1.761827079934747,-1.3273383441815982,9
Peter / Pietari / Peeter,Repola,Pekka,0,1.761827079934747,-1.3273383441815982,9
Peter / Pietari / Peeter,Rõngu,Pekka,0,1.761827079934747,-1.3273383441815982,9
Peter / Pietari / Peeter,Tarvastu,Pekka,0,1.761827079934747,-1.3273383441815982,9
Peter / Pietari / Peeter,Torma,Pekka,0,1.761827079934747,-1.3273383441815982,9
Peter / Pietari / Peeter,Karksi,Petteri/Petri,0,1.8719412724306688,-1.3681890484982946,27
Peter / Pietari / Peeter,Nurmes,Petteri/Petri,0,1.9412724306688418,-1.3932955288340092,28
Peter / Pietari / Peeter,Risti,Pekka,0,1.9575856443719413,-1.3991374644301184,10
Peter / Pietari / Peeter,Soanlahti,Pekka,0,1.9575856443719413,-1.3991374644301184,10
Peter / Pietari / Peeter,Soutjärvi,Pekka,0,1.9575856443719413,-1.3991374644301184,10
Peter / Pietari / Peeter,Suure-Jaani,Pekka,0,1.9575856443719413,-1.3991374644301184,10
Peter / Pietari / Peeter,Toksova,Pekka,0,1.9575856443719413,-1.3991374644301184,10
Peter / Pietari / Peeter,Uskela,Pekka,0,1.9575856443719413,-1.3991374644301184,10
Peter / Pietari / Peeter,Asikkala,Peeter,0,1.9641109298531811,-1.4014674201897028,7
Peter / Pietari / Peeter,Hattula,Peeter,0,1.9641109298531811,-1.4014674201897028,7
Peter / Pietari / Peeter,Kaavi,Peeter,0,1.9641109298531811,-1.4014674201897028,7
Peter / Pietari / Peeter,Kaprio,Peeter,0,1.9641109298531811,-1.4014674201897028,7
Peter / Pietari / Peeter,Kiuruvesi,Peeter,0,1.9641109298531811,-1.4014674201897028,7
Peter / Pietari / Peeter,Kivennapa,Peeter,0,1.9641109298531811,-1.4014674201897028,7
Peter / Pietari / Peeter,Koivisto,Peeter,0,1.9641109298531811,-1.4014674201897028,7
Peter / Pietari / Peeter,Kontiolahti,Peeter,0,1.9641109298531811,-1.4014674201897028,7
Peter / Pietari / Peeter,Kuopio,Peeter,0,1.9641109298531811,-1.4014674201897028,7
Peter / Pietari / Peeter,Saarijärvi,Peeter,0,1.9641109298531811,-1.4014674201897028,7
Peter / Pietari / Peeter,Tohmajärvi,Peeter,0,1.9641109298531811,-1.4014674201897028,7
Peter / Pietari / Peeter,Ilomantsi,Petteri/Petri,1,3.7438825448613375,-1.4180920073731107,54
Peter / Pietari / Peeter,Harju-Madise,Pietari,0,2.0309951060358893,-1.4251298558502974,5
Peter / Pietari / Peeter,Järva-Madise,Pietari,0,2.0309951060358893,-1.4251298558502974,5
Peter / Pietari / Peeter,Kõpu,Pietari,0,2.0309951060358893,-1.4251298558502974,5
Peter / Pietari / Peeter,Muhu,Pietari,0,2.0309951060358893,-1.4251298558502974,5
Peter / Pietari / Peeter,Puhja,Pietari,0,2.0309951060358893,-1.4251298558502974,5
Peter / Pietari / Peeter,Pärnu,Pietari,0,2.0309951060358893,-1.4251298558502974,5
Peter / Pietari / Peeter,Sotkamo,Pietari,0,2.0309951060358893,-1.4251298558502974,5
Peter / Pietari / Peeter,Vaivara,Pietari,0,2.0309951060358893,-1.4251298558502974,5
Peter / Pietari / Peeter,Narvusi,Other,0,2.1174551386623164,-1.4551478064658299,44
Peter / Pietari / Peeter,Pilistvere,Pekka,0,2.1533442088091355,-1.467427752500659,11
Peter / Pietari / Peeter,Setumaa,Pekka,0,2.1533442088091355,-1.467427752500659,11
Peter / Pietari / Peeter,Kesälahti,Peeter,0,2.244698205546493,-1.498231692878806,8
Peter / Pietari / Peeter,Rautavaara,Peeter,0,2.244698205546493,-1.498231692878806,8
Peter / Pietari / Peeter,Rääkkylä,Peeter,0,2.244698205546493,-1.498231692878806,8
Peter / Pietari / Peeter,Tyrö,Peeter,0,2.244698205546493,-1.498231692878806,8
Peter / Pietari / Peeter,Salmi,Pekka,1,4.1109298531810765,-1.5343349769313885,21
Peter / Pietari / Peeter,Haljala,Pietari,0,2.437194127243067,-1.561151538846587,6
Peter / Pietari / Peeter,Järva-Jaani,Pietari,0,2.437194127243067,-1.561151538846587,6
Peter / Pietari / Peeter,Noarootsi,Pietari,0,2.437194127243067,-1.561151538846587,6
Peter / Pietari / Peeter,Tulemajärvi,Pietari,0,2.437194127243067,-1.561151538846587,6
Peter / Pietari / Peeter,Vieljärvi,Pietari,0,2.437194127243067,-1.561151538846587,6
Peter / Pietari / Peeter,Virtasalmi,Pietari,0,2.437194127243067,-1.561151538846587,6
Peter / Pietari / Peeter,Joroinen,Peeter,0,2.5252854812398042,-1.5891146847348068,9
Peter / Pietari / Peeter,Kiihtelysvaara,Peeter,0,2.5252854812398042,-1.5891146847348068,9
Peter / Pietari / Peeter,Lempaala,Peeter,0,2.5252854812398042,-1.5891146847348068,9
Peter / Pietari / Peeter,Moloskovitsa,Peeter,0,2.5252854812398042,-1.5891146847348068,9
Peter / Pietari / Peeter,Repola,Peeter,0,2.5252854812398042,-1.5891146847348068,9
Peter / Pietari / Peeter,Vastseliina,Pekka,0,2.544861337683524,-1.5952621532787405,13
Peter / Pietari / Peeter,Suistamo,Other,0,2.7911908646003263,-1.670685746811867,58
Peter / Pietari / Peeter,Maaninka,Peeter,0,2.8058727569331157,-1.6750739556607988,10
Peter / Pietari / Peeter,Nilsiä,Peeter,0,2.8058727569331157,-1.6750739556607988,10
Peter / Pietari / Peeter,Soanlahti,Peeter,0,2.8058727569331157,-1.6750739556607988,10
Peter / Pietari / Peeter,Soutjärvi,Peeter,0,2.8058727569331157,-1.6750739556607988,10
Peter / Pietari / Peeter,Toksova,Peeter,0,2.8058727569331157,-1.6750739556607988,10
Peter / Pietari / Peeter,Uskela,Peeter,0,2.8058727569331157,-1.6750739556607988,10
Peter / Pietari / Peeter,Viljandi,Pietari,0,2.843393148450245,-1.6862363856975227,7
Peter / Pietari / Peeter,Väike-Maarja,Pietari,0,2.843393148450245,-1.6862363856975227,7
Peter / Pietari / Peeter,Koeru,Pekka,0,2.936378466557912,-1.7135864339326197,15
Peter / Pietari / Peeter,Kuusalu,Pekka,0,2.936378466557912,-1.7135864339326197,15
Peter / Pietari / Peeter,Impilahti,Peeter,0,3.0864600326264275,-1.7568323860364221,11
Peter / Pietari / Peeter,Sonkajärvi,Pietari,2,6.499184339314845,-1.7648360226107138,16
Peter / Pietari / Peeter,Kadrina,Pekka,0,3.132137030995106,-1.7697844589087977,16
Peter / Pietari / Peeter,Kolga-Jaani,Pekka,0,3.132137030995106,-1.7697844589087977,16
Peter / Pietari / Peeter,Ambla,Pietari,0,3.2495921696574226,-1.8026625223977513,8
Peter / Pietari / Peeter,Peetri,Pietari,0,3.2495921696574226,-1.8026625223977513,8
Peter / Pietari / Peeter,Põltsamaa,Pietari,0,3.2495921696574226,-1.8026625223977513,8
Peter / Pietari / Peeter,Põlva,Pietari,0,3.2495921696574226,-1.8026625223977513,8
Peter / Pietari / Peeter,Sangaste,Pietari,0,3.2495921696574226,-1.8026625223977513,8
Peter / Pietari / Peeter,Urvaste,Pietari,0,3.2495921696574226,-1.8026625223977513,8
Peter / Pietari / Peeter,Võnnu,Pietari,0,3.2495921696574226,-1.8026625223977513,8
Peter / Pietari / Peeter,Halliste,Pekka,0,3.3278955954323,-1.8242520646643927,17
Peter / Pietari / Peeter,Uusikaupunki,Peeter,0,3.367047308319739,-1.834951582009656,12
Peter / Pietari / Peeter,Helme,Pekka,0,3.523654159869494,-1.8771398881994634,18
Peter / Pietari / Peeter,Paistu,Pekka,0,3.523654159869494,-1.8771398881994634,18
Peter / Pietari / Peeter,Vuole,Peeter,0,3.6476345840130504,-1.9098781594680458,13
Peter / Pietari / Peeter,Rõngu,Pietari,0,3.6557911908646004,-1.9120123406674445,9
Peter / Pietari / Peeter,Tarvastu,Pietari,0,3.6557911908646004,-1.9120123406674445,9
Peter / Pietari / Peeter,Torma,Pietari,0,3.6557911908646004,-1.9120123406674445,9
Peter / Pietari / Peeter,Narvusi,Pekka,3,8.613376835236542,-1.9126586728616544,44
Peter / Pietari / Peeter,Jõhvi,Pekka,0,3.9151712887438825,-1.9786791778213775,20
Peter / Pietari / Peeter,Heinävesi,Peeter,0,3.9282218597063623,-1.9819742328563108,14
Peter / Pietari / Peeter,Leppävirta,Peeter,0,3.9282218597063623,-1.9819742328563108,14
Peter / Pietari / Peeter,Suistamo,Petteri/Petri,0,4.02120717781403,-2.0052947857644345,58
Peter / Pietari / Peeter,Risti,Pietari,0,4.061990212071779,-2.015437970286304,10
Peter / Pietari / Peeter,Suure-Jaani,Pietari,0,4.061990212071779,-2.015437970286304,10
Peter / Pietari / Peeter,Räpina,Pekka,0,4.1109298531810765,-2.0275428116765073,21
Peter / Pietari / Peeter,Porajärvi,Peeter,0,4.208809135399674,-2.0515382363971852,15
Peter / Pietari / Peeter,Puumala,Peeter,0,4.208809135399674,-2.0515382363971852,15
Peter / Pietari / Peeter,Vuokkiniemi,Peeter,0,4.208809135399674,-2.0515382363971852,15
Peter / Pietari / Peeter,Kuusalu,Pietari,1,6.092985318107667,-2.0632761515152422,15
Peter / Pietari / Peeter,Vuokkiniemi,Pietari,1,6.092985318107667,-2.0632761515152422,15
Peter / Pietari / Peeter,Pilistvere,Pietari,0,4.468189233278956,-2.113809176174367,11
Peter / Pietari / Peeter,Setumaa,Pietari,0,4.468189233278956,-2.113809176174367,11
Peter / Pietari / Peeter,Kitee,Peeter,0,4.489396411092986,-2.1188195796464093,16
Peter / Pietari / Peeter,Pielavesi,Peeter,0,4.489396411092986,-2.1188195796464093,16
Peter / Pietari / Peeter,Sonkajärvi,Peeter,0,4.489396411092986,-2.1188195796464093,16
Peter / Pietari / Peeter,Suistamo,Pekka,4,11.35399673735726,-2.182473857725703,58
Peter / Pietari / Peeter,Vastseliina,Pietari,0,5.280587275693311,-2.297952844532131,13
Peter / Pietari / Peeter,Karksi,Pekka,0,5.285481239804241,-2.2990174509568737,27
Peter / Pietari / Peeter,Suojärvi,Pekka,1,7.243066884176183,-2.3197262655837747,37
Peter / Pietari / Peeter,Salmi,Peeter,0,5.892332789559544,-2.427412776921046,21
Peter / Pietari / Peeter,Koeru,Pietari,0,6.092985318107667,-2.468397317716025,15
Peter / Pietari / Peeter,Kadrina,Pietari,0,6.499184339314845,-2.549349787556593,16
Peter / Pietari / Peeter,Kolga-Jaani,Pietari,0,6.499184339314845,-2.549349787556593,16
Peter / Pietari / Peeter,Korpiselkä,Peeter,0,6.734094616639478,-2.5950134135760217,24
Peter / Pietari / Peeter,Halliste,Pietari,0,6.9053833605220225,-2.6278096126854438,17
Peter / Pietari / Peeter,Soikkola,Pekka,0,7.047308319738988,-2.6546766883631965,36
Peter / Pietari / Peeter,Helme,Pietari,0,7.311582381729201,-2.7039937835966263,18
Peter / Pietari / Peeter,Paistu,Pietari,0,7.311582381729201,-2.7039937835966263,18
Peter / Pietari / Peeter,Nurmes,Peeter,0,7.856443719412725,-2.8029348403794057,28
Peter / Pietari / Peeter,Jõhvi,Pietari,0,8.123980424143557,-2.850259711700595,20
Peter / Pietari / Peeter,Räpina,Pietari,0,8.530179445350734,-2.920647093599419,21
Peter / Pietari / Peeter,Soikkola,Peeter,0,10.101141924959217,-3.1782293694696135,36
Peter / Pietari / Peeter,Suojärvi,Peeter,0,10.38172920065253,-3.2220690868838506,37
Peter / Pietari / Peeter,Karksi,Pietari,0,10.9673735725938,-3.3117025187347067,27
Peter / Pietari / Peeter,Narvusi,Peeter,0,12.34584013050571,-3.5136647720728442,44
Peter / Pietari / Peeter,Ilomantsi,Peeter,0,15.151712887438826,-3.8925201203640327,54
Peter / Pietari / Peeter,Suistamo,Peeter,0,16.274061990212072,-4.034112292712248,58
