person_cluster,variant,area_name,mentions,poems
Anna / Anne / Ann / Anni,Ann,Ambla,7,7
Anna / Anne / Ann / Anni,Ann,Audru,7,1
Anna / Anne / Ann / Anni,Ann,Emmaste,1,1
Anna / Anne / Ann / Anni,Ann,Haljala,9,8
Anna / Anne / Ann / Anni,Ann,Halliste,2,1
Anna / Anne / Ann / Anni,Ann,Hanila,1,1
Anna / Anne / Ann / Anni,Ann,Harju-Jaani,2,2
Anna / Anne / Ann / Anni,Ann,Helme,2,2
Anna / Anne / Ann / Anni,Ann,Häädemeeste,2,2
Anna / Anne / Ann / Anni,Ann,Juuru,2,2
Anna / Anne / Ann / Anni,Ann,Järva-Jaani,2,1
Anna / Anne / Ann / Anni,Ann,Jõelähtme,3,2
Anna / Anne / Ann / Anni,Ann,Jõhvi,9,4
Anna / Anne / Ann / Anni,Ann,Jüri,1,1
Anna / Anne / Ann / Anni,Ann,Kaarma,3,2
Anna / Anne / Ann / Anni,Ann,Kadrina,19,8
Anna / Anne / Ann / Anni,Ann,Karja,6,1
Anna / Anne / Ann / Anni,Ann,Karula,1,1
Anna / Anne / Ann / Anni,Ann,Karuse,7,3
Anna / Anne / Ann / Anni,Ann,Kodavere,1,1
Anna / Anne / Ann / Anni,Ann,Koeru,8,3
Anna / Anne / Ann / Anni,Ann,Kolga-Jaani,12,8
Anna / Anne / Ann / Anni,Ann,Korpiselkä,1,1
Anna / Anne / Ann / Anni,Ann,Kose,8,5
Anna / Anne / Ann / Anni,Ann,Kullamaa,1,1
Anna / Anne / Ann / Anni,Ann,Kursi,1,1
Anna / Anne / Ann / Anni,Ann,Kuusalu,4,3
Anna / Anne / Ann / Anni,Ann,Käina,10,2
Anna / Anne / Ann / Anni,Ann,Kärla,3,3
Anna / Anne / Ann / Anni,Ann,Kõpu,1,1
Anna / Anne / Ann / Anni,Ann,Laiuse,2,2
Anna / Anne / Ann / Anni,Ann,Maarja-Magdaleena,6,5
Anna / Anne / Ann / Anni,Ann,Muhu,16,3
Anna / Anne / Ann / Anni,Ann,Mustjala,1,1
Anna / Anne / Ann / Anni,Ann,Märjamaa,1,1
Anna / Anne / Ann / Anni,Ann,Noarootsi,1,1
Anna / Anne / Ann / Anni,Ann,Otepää,3,2
Anna / Anne / Ann / Anni,Ann,Paide,2,2
Anna / Anne / Ann / Anni,Ann,Paistu,7,5
Anna / Anne / Ann / Anni,Ann,Palamuse,3,3
Anna / Anne / Ann / Anni,Ann,Peetri,8,4
Anna / Anne / Ann / Anni,Ann,Pilistvere,7,3
Anna / Anne / Ann / Anni,Ann,Puhja,2,2
Anna / Anne / Ann / Anni,Ann,Pärnu,1,1
Anna / Anne / Ann / Anni,Ann,Pärnu-Jaagupi,2,2
Anna / Anne / Ann / Anni,Ann,Põltsamaa,12,3
Anna / Anne / Ann / Anni,Ann,Põlva,2,2
Anna / Anne / Ann / Anni,Ann,Pöide,12,6
Anna / Anne / Ann / Anni,Ann,Pühalepa,12,2
Anna / Anne / Ann / Anni,Ann,Rannu,1,1
Anna / Anne / Ann / Anni,Ann,Rapla,2,2
Anna / Anne / Ann / Anni,Ann,Reigi,1,1
Anna / Anne / Ann / Anni,Ann,Ridala,5,3
Anna / Anne / Ann / Anni,Ann,Räpina,1,1
Anna / Anne / Ann / Anni,Ann,Rõngu,1,1
Anna / Anne / Ann / Anni,Ann,Rõuge,4,4
Anna / Anne / Ann / Anni,Ann,Saarde,1,1
Anna / Anne / Ann / Anni,Ann,Sangaste,5,4
Anna / Anne / Ann / Anni,Ann,Setumaa,15,9
Anna / Anne / Ann / Anni,Ann,Suure-Jaani,10,5
Anna / Anne / Ann / Anni,Ann,Tarvastu,23,6
Anna / Anne / Ann / Anni,Ann,Tori,7,4
Anna / Anne / Ann / Anni,Ann,Torma,2,2
Anna / Anne / Ann / Anni,Ann,Türi,2,2
Anna / Anne / Ann / Anni,Ann,Urvaste,12,7
Anna / Anne / Ann / Anni,Ann,Vaivara,1,1
Anna / Anne / Ann / Anni,Ann,Varbla,11,5
Anna / Anne / Ann / Anni,Ann,Vigala,24,8
Anna / Anne / Ann / Anni,Ann,Viljandi,9,5
Anna / Anne / Ann / Anni,Ann,Viru-Jaagupi,6,1
Anna / Anne / Ann / Anni,Ann,Viru-Nigula,10,5
Anna / Anne / Ann / Anni,Ann,Väike-Maarja,4,4
Anna / Anne / Ann / Anni,Ann,Vändra,4,2
Anna / Anne / Ann / Anni,Ann,Võnnu,12,5
Anna / Anne / Ann / Anni,Ann,Äksi,3,1
Anna / Anne / Ann / Anni,Anna,Alahärmä,1,1
Anna / Anne / Ann / Anni,Anna,Alatornio,1,1
Anna / Anne / Ann / Anni,Anna,Ambla,1,1
Anna / Anne / Ann / Anni,Anna,Asikkala,1,1
Anna / Anne / Ann / Anni,Anna,Evijärvi,1,1
Anna / Anne / Ann / Anni,Anna,Haljala,2,2
Anna / Anne / Ann / Anni,Anna,Harju-Jaani,2,2
Anna / Anne / Ann / Anni,Anna,Hattula,1,1
Anna / Anne / Ann / Anni,Anna,Heinävesi,2,2
Anna / Anne / Ann / Anni,Anna,Helme,1,1
Anna / Anne / Ann / Anni,Anna,Ilomantsi,2,1
Anna / Anne / Ann / Anni,Anna,Joroinen,1,1
Anna / Anne / Ann / Anni,Anna,Jõelähtme,3,1
Anna / Anne / Ann / Anni,Anna,Jõhvi,1,1
Anna / Anne / Ann / Anni,Anna,Kaavi,1,1
Anna / Anne / Ann / Anni,Anna,Kadrina,1,1
Anna / Anne / Ann / Anni,Anna,Kalajoki,1,1
Anna / Anne / Ann / Anni,Anna,Kangaslampi,1,1
Anna / Anne / Ann / Anni,Anna,Kangasniemi,1,1
Anna / Anne / Ann / Anni,Anna,Karttula,1,1
Anna / Anne / Ann / Anni,Anna,Kaustinen,1,1
Anna / Anne / Ann / Anni,Anna,Kestilä,1,1
Anna / Anne / Ann / Anni,Anna,Kitee,1,1
Anna / Anne / Ann / Anni,Anna,Kuusalu,3,2
Anna / Anne / Ann / Anni,Anna,Lapua,1,1
Anna / Anne / Ann / Anni,Anna,Liperi,1,1
Anna / Anne / Ann / Anni,Anna,Loppi,1,1
Anna / Anne / Ann / Anni,Anna,Maarja-Magdaleena,1,1
Anna / Anne / Ann / Anni,Anna,Nurmijärvi,1,1
Anna / Anne / Ann / Anni,Anna,Oulu,1,1
Anna / Anne / Ann / Anni,Anna,Paistu,1,1
Anna / Anne / Ann / Anni,Anna,Peetri,1,1
Anna / Anne / Ann / Anni,Anna,Perho,1,1
Anna / Anne / Ann / Anni,Anna,Pilistvere,1,1
Anna / Anne / Ann / Anni,Anna,Puolanka,1,1
Anna / Anne / Ann / Anni,Anna,Raahe,1,1
Anna / Anne / Ann / Anni,Anna,Ranua,1,1
Anna / Anne / Ann / Anni,Anna,Renko,1,1
Anna / Anne / Ann / Anni,Anna,Ristijärvi,1,1
Anna / Anne / Ann / Anni,Anna,Sotkamo,1,1
Anna / Anne / Ann / Anni,Anna,Spankkova,1,1
Anna / Anne / Ann / Anni,Anna,Suojärvi,1,1
Anna / Anne / Ann / Anni,Anna,Suonenjoki,1,1
Anna / Anne / Ann / Anni,Anna,Sysmä,1,1
Anna / Anne / Ann / Anni,Anna,Tulemajärvi,2,2
Anna / Anne / Ann / Anni,Anna,Turku,1,1
Anna / Anne / Ann / Anni,Anna,Töysä,1,1
Anna / Anne / Ann / Anni,Anna,Urvaste,1,1
Anna / Anne / Ann / Anni,Anna,Uskela,1,1
Anna / Anne / Ann / Anni,Anna,Vanaja,1,1
Anna / Anne / Ann / Anni,Anna,Vigala,1,1
Anna / Anne / Ann / Anni,Anna,Virrat,1,1
Anna / Anne / Ann / Anni,Anna,Virtasalmi,1,1
Anna / Anne / Ann / Anni,Anna,Viru-Jaagupi,1,1
Anna / Anne / Ann / Anni,Anna,Vuole,1,1
Anna / Anne / Ann / Anni,Anne,Ambla,19,15
Anna / Anne / Ann / Anni,Anne,Anna,1,1
Anna / Anne / Ann / Anni,Anne,Audru,5,4
Anna / Anne / Ann / Anni,Anne,Haljala,47,36
Anna / Anne / Ann / Anni,Anne,Halliste,26,18
Anna / Anne / Ann / Anni,Anne,Hargla,9,5
Anna / Anne / Ann / Anni,Anne,Harju-Jaani,5,5
Anna / Anne / Ann / Anni,Anne,Helme,34,20
Anna / Anne / Ann / Anni,Anne,Häädemeeste,7,5
Anna / Anne / Ann / Anni,Anne,Iisaku,7,7
Anna / Anne / Ann / Anni,Anne,Jaani,2,2
Anna / Anne / Ann / Anni,Anne,Juuru,2,1
Anna / Anne / Ann / Anni,Anne,Jämaja,4,2
Anna / Anne / Ann / Anni,Anne,Järva-Jaani,3,3
Anna / Anne / Ann / Anni,Anne,Järva-Madise,8,7
Anna / Anne / Ann / Anni,Anne,Jõelähtme,4,4
Anna / Anne / Ann / Anni,Anne,Jõhvi,10,6
Anna / Anne / Ann / Anni,Anne,Jüri,7,5
Anna / Anne / Ann / Anni,Anne,Kaarma,1,1
Anna / Anne / Ann / Anni,Anne,Kadrina,40,25
Anna / Anne / Ann / Anni,Anne,Kambja,3,3
Anna / Anne / Ann / Anni,Anne,Kanepi,6,5
Anna / Anne / Ann / Anni,Anne,Karja,4,2
Anna / Anne / Ann / Anni,Anne,Karksi,50,30
Anna / Anne / Ann / Anni,Anne,Karula,4,3
Anna / Anne / Ann / Anni,Anne,Karuse,8,6
Anna / Anne / Ann / Anni,Anne,Keila,1,1
Anna / Anne / Ann / Anni,Anne,Kihelkonna,1,1
Anna / Anne / Ann / Anni,Anne,Kodavere,9,7
Anna / Anne / Ann / Anni,Anne,Koeru,25,9
Anna / Anne / Ann / Anni,Anne,Kolga-Jaani,34,17
Anna / Anne / Ann / Anni,Anne,Kose,18,11
Anna / Anne / Ann / Anni,Anne,Kursi,9,7
Anna / Anne / Ann / Anni,Anne,Kuusalu,27,17
Anna / Anne / Ann / Anni,Anne,Kärla,1,1
Anna / Anne / Ann / Anni,Anne,Kõpu,7,4
Anna / Anne / Ann / Anni,Anne,Laiuse,15,13
Anna / Anne / Ann / Anni,Anne,Lihula,3,3
Anna / Anne / Ann / Anni,Anne,Lüganuse,4,3
Anna / Anne / Ann / Anni,Anne,Maarja-Magdaleena,16,10
Anna / Anne / Ann / Anni,Anne,Martna,3,2
Anna / Anne / Ann / Anni,Anne,Mihkli,2,1
Anna / Anne / Ann / Anni,Anne,Muhu,12,8
Anna / Anne / Ann / Anni,Anne,Mustjala,6,3
Anna / Anne / Ann / Anni,Anne,Märjamaa,6,6
Anna / Anne / Ann / Anni,Anne,Nurmes,1,1
Anna / Anne / Ann / Anni,Anne,Nõo,8,6
Anna / Anne / Ann / Anni,Anne,Otepää,7,6
Anna / Anne / Ann / Anni,Anne,Paide,9,4
Anna / Anne / Ann / Anni,Anne,Paistu,42,19
Anna / Anne / Ann / Anni,Anne,Palamuse,9,8
Anna / Anne / Ann / Anni,Anne,Peetri,5,4
Anna / Anne / Ann / Anni,Anne,Pilistvere,18,8
Anna / Anne / Ann / Anni,Anne,Puhja,5,3
Anna / Anne / Ann / Anni,Anne,Pärnu,4,4
Anna / Anne / Ann / Anni,Anne,Pärnu-Jaagupi,8,5
Anna / Anne / Ann / Anni,Anne,Põltsamaa,26,12
Anna / Anne / Ann / Anni,Anne,Põlva,5,5
Anna / Anne / Ann / Anni,Anne,Pöide,7,4
Anna / Anne / Ann / Anni,Anne,Pühalepa,3,3
Anna / Anne / Ann / Anni,Anne,Rakvere,1,1
Anna / Anne / Ann / Anni,Anne,Rannu,4,4
Anna / Anne / Ann / Anni,Anne,Rapla,9,8
Anna / Anne / Ann / Anni,Anne,Ridala,1,1
Anna / Anne / Ann / Anni,Anne,Risti,4,4
Anna / Anne / Ann / Anni,Anne,Räpina,3,3
Anna / Anne / Ann / Anni,Anne,Rõngu,7,6
Anna / Anne / Ann / Anni,Anne,Saarde,23,6
Anna / Anne / Ann / Anni,Anne,Sangaste,13,10
Anna / Anne / Ann / Anni,Anne,Savitaipale,1,1
Anna / Anne / Ann / Anni,Anne,Setumaa,22,17
Anna / Anne / Ann / Anni,Anne,Simuna,9,8
Anna / Anne / Ann / Anni,Anne,Suure-Jaani,16,8
Anna / Anne / Ann / Anni,Anne,Tartu-Maarja,5,2
Anna / Anne / Ann / Anni,Anne,Tarvastu,25,17
Anna / Anne / Ann / Anni,Anne,Tori,8,5
Anna / Anne / Ann / Anni,Anne,Torma,9,5
Anna / Anne / Ann / Anni,Anne,Tõstamaa,4,3
Anna / Anne / Ann / Anni,Anne,Türi,8,4
Anna / Anne / Ann / Anni,Anne,Urvaste,12,9
Anna / Anne / Ann / Anni,Anne,Vaivara,8,6
Anna / Anne / Ann / Anni,Anne,Valjala,3,1
Anna / Anne / Ann / Anni,Anne,Varbla,3,3
Anna / Anne / Ann / Anni,Anne,Vastseliina,3,2
Anna / Anne / Ann / Anni,Anne,Vigala,10,10
Anna / Anne / Ann / Anni,Anne,Viljandi,30,15
Anna / Anne / Ann / Anni,Anne,Viru-Jaagupi,3,2
Anna / Anne / Ann / Anni,Anne,Viru-Nigula,14,7
Anna / Anne / Ann / Anni,Anne,Väike-Maarja,20,16
Anna / Anne / Ann / Anni,Anne,Vändra,16,9
Anna / Anne / Ann / Anni,Anne,Võnnu,8,5
Anna / Anne / Ann / Anni,Anne,Äksi,12,8
Anna / Anne / Ann / Anni,Anni,Alatornio,4,3
Anna / Anne / Ann / Anni,Anni,Anttola,2,1
Anna / Anne / Ann / Anni,Anni,Forssa,1,1
Anna / Anne / Ann / Anni,Anni,Halikko,1,1
Anna / Anne / Ann / Anni,Anni,Haljala,1,1
Anna / Anne / Ann / Anni,Anni,Hattula,2,2
Anna / Anne / Ann / Anni,Anni,Heinjoki,3,3
Anna / Anne / Ann / Anni,Anni,Heinävesi,4,4
Anna / Anne / Ann / Anni,Anni,Hietamäki,5,3
Anna / Anne / Ann / Anni,Anni,Hollola,2,2
Anna / Anne / Ann / Anni,Anni,Hämeenlinna,6,6
Anna / Anne / Ann / Anni,Anni,Iitti,2,2
Anna / Anne / Ann / Anni,Anni,Ilomantsi,12,7
Anna / Anne / Ann / Anni,Anni,Impilahti,2,2
Anna / Anne / Ann / Anni,Anni,Janakkala,1,1
Anna / Anne / Ann / Anni,Anni,Joensuu,1,1
Anna / Anne / Ann / Anni,Anni,Kadrina,1,1
Anna / Anne / Ann / Anni,Anni,Kaprio,10,4
Anna / Anne / Ann / Anni,Anni,Karuna,1,1
Anna / Anne / Ann / Anni,Anni,Karunki,3,2
Anna / Anne / Ann / Anni,Anni,Kauhajoki,2,2
Anna / Anne / Ann / Anni,Anni,Kauvatsa,1,1
Anna / Anne / Ann / Anni,Anni,Kiestinki,2,1
Anna / Anne / Ann / Anni,Anni,Kihniö,1,1
Anna / Anne / Ann / Anni,Anni,Kirvu,1,1
Anna / Anne / Ann / Anni,Anni,Kivennapa,4,4
Anna / Anne / Ann / Anni,Anni,Koivisto,11,6
Anna / Anne / Ann / Anni,Anni,Kokkola,1,1
Anna / Anne / Ann / Anni,Anni,Kontiolahti,5,4
Anna / Anne / Ann / Anni,Anni,Kontokki,20,7
Anna / Anne / Ann / Anni,Anni,Koprina,13,3
Anna / Anne / Ann / Anni,Anni,Korpilahti,1,1
Anna / Anne / Ann / Anni,Anni,Korpiselkä,7,5
Anna / Anne / Ann / Anni,Anni,Koskenpää,1,1
Anna / Anne / Ann / Anni,Anni,Kuhmo,2,1
Anna / Anne / Ann / Anni,Anni,Kullamaa,2,1
Anna / Anne / Ann / Anni,Anni,Kuolemajärvi,3,1
Anna / Anne / Ann / Anni,Anni,Kuopio,3,3
Anna / Anne / Ann / Anni,Anni,Kupanitsa,4,1
Anna / Anne / Ann / Anni,Anni,Kurkijoki,1,1
Anna / Anne / Ann / Anni,Anni,Kuusalu,3,1
Anna / Anne / Ann / Anni,Anni,Kuusamo,9,1
Anna / Anne / Ann / Anni,Anni,Kuusjoki,3,3
Anna / Anne / Ann / Anni,Anni,Lavansaari,5,4
Anna / Anne / Ann / Anni,Anni,Lempaala,6,4
Anna / Anne / Ann / Anni,Anni,Liissilä,4,2
Anna / Anne / Ann / Anni,Anni,Liperi,3,2
Anna / Anne / Ann / Anni,Anni,Loppi,1,1
Anna / Anne / Ann / Anni,Anni,Luopioinen,1,1
Anna / Anne / Ann / Anni,Anni,Lüganuse,1,1
Anna / Anne / Ann / Anni,Anni,Maksuatiha,2,2
Anna / Anne / Ann / Anni,Anni,Metsäpirtti,1,1
Anna / Anne / Ann / Anni,Anni,Moloskovitsa,9,6
Anna / Anne / Ann / Anni,Anni,Muolaa,1,1
Anna / Anne / Ann / Anni,Anni,Mäntsälä,1,1
Anna / Anne / Ann / Anni,Anni,Mäntyharju,3,2
Anna / Anne / Ann / Anni,Anni,Nakkila,1,1
Anna / Anne / Ann / Anni,Anni,Narvusi,28,15
Anna / Anne / Ann / Anni,Anni,Orimattila,1,1
Anna / Anne / Ann / Anni,Anni,Paatene,16,1
Anna / Anne / Ann / Anni,Anni,Paattinen,2,2
Anna / Anne / Ann / Anni,Anni,Parikkala,1,1
Anna / Anne / Ann / Anni,Anni,Peetri,2,2
Anna / Anne / Ann / Anni,Anni,Perniö,1,1
Anna / Anne / Ann / Anni,Anni,Pieksämäki,1,1
Anna / Anne / Ann / Anni,Anni,Pielisjärvi,2,1
Anna / Anne / Ann / Anni,Anni,Pirkkala,1,1
Anna / Anne / Ann / Anni,Anni,Porajärvi,4,1
Anna / Anne / Ann / Anni,Anni,Pudasjärvi,1,1
Anna / Anne / Ann / Anni,Anni,Pukkila,1,1
Anna / Anne / Ann / Anni,Anni,Puolanka,1,1
Anna / Anne / Ann / Anni,Anni,Pyhäjärvi Ul.,1,1
Anna / Anne / Ann / Anni,Anni,Pyhäjärvi Vpl.,3,3
Anna / Anne / Ann / Anni,Anni,Pälkäne,1,1
Anna / Anne / Ann / Anni,Anni,Repola,5,4
Anna / Anne / Ann / Anni,Anni,Risti,2,1
Anna / Anne / Ann / Anni,Anni,Ristijärvi,1,1
Anna / Anne / Ann / Anni,Anni,Rovaniemi,7,7
Anna / Anne / Ann / Anni,Anni,Rukajärvi,3,2
Anna / Anne / Ann / Anni,Anni,Räisälä,1,1
Anna / Anne / Ann / Anni,Anni,Rõuge,4,1
Anna / Anne / Ann / Anni,Anni,Saarijärvi,3,3
Anna / Anne / Ann / Anni,Anni,Sakkola,8,1
Anna / Anne / Ann / Anni,Anni,Salmi,6,4
Anna / Anne / Ann / Anni,Anni,Savitaipale,1,1
Anna / Anne / Ann / Anni,Anni,Seiskari,8,4
Anna / Anne / Ann / Anni,Anni,Siilinjärvi,1,1
Anna / Anne / Ann / Anni,Anni,Simo,2,1
Anna / Anne / Ann / Anni,Anni,Skuoritsa,8,2
Anna / Anne / Ann / Anni,Anni,Soanlahti,2,2
Anna / Anne / Ann / Anni,Anni,Soikkola,23,14
Anna / Anne / Ann / Anni,Anni,Sortavala,1,1
Anna / Anne / Ann / Anni,Anni,Spankkova,2,1
Anna / Anne / Ann / Anni,Anni,Suistamo,22,13
Anna / Anne / Ann / Anni,Anni,Suojärvi,25,11
Anna / Anne / Ann / Anni,Anni,Suomussalmi,1,1
Anna / Anne / Ann / Anni,Anni,Sääksmäki,1,1
Anna / Anne / Ann / Anni,Anni,Sääminki,1,1
Anna / Anne / Ann / Anni,Anni,Tampere,4,4
Anna / Anne / Ann / Anni,Anni,Terijoki,4,1
Anna / Anne / Ann / Anni,Anni,Tervo,2,2
Anna / Anne / Ann / Anni,Anni,Tohmajärvi,1,1
Anna / Anne / Ann / Anni,Anni,Toksova,8,3
Anna / Anne / Ann / Anni,Anni,Tori,3,3
Anna / Anne / Ann / Anni,Anni,Tulemajärvi,19,14
Anna / Anne / Ann / Anni,Anni,Tuupovaara,1,1
Anna / Anne / Ann / Anni,Anni,Tuutari,1,1
Anna / Anne / Ann / Anni,Anni,Tyrväntö,1,1
Anna / Anne / Ann / Anni,Anni,Tyrö,5,4
Anna / Anne / Ann / Anni,Anni,Töysä,1,1
Anna / Anne / Ann / Anni,Anni,Uskela,1,1
Anna / Anne / Ann / Anni,Anni,Uusikaupunki,1,1
Anna / Anne / Ann / Anni,Anni,Valkeala,1,1
Anna / Anne / Ann / Anni,Anni,Venjoki,1,1
Anna / Anne / Ann / Anni,Anni,Vieljärvi,3,1
Anna / Anne / Ann / Anni,Anni,Vigala,2,1
Anna / Anne / Ann / Anni,Anni,Virrat,1,1
Anna / Anne / Ann / Anni,Anni,Viru-Nigula,2,2
Anna / Anne / Ann / Anni,Anni,Vuokkiniemi,10,5
Anna / Anne / Ann / Anni,Anni,Vuole,20,9
Anna / Anne / Ann / Anni,Anni,Ylämaa,1,1
Anna / Anne / Ann / Anni,Anu,Haljala,1,1
Anna / Anne / Ann / Anni,Anu,Harju-Jaani,1,1
Anna / Anne / Ann / Anni,Anu,Impilahti,1,1
Anna / Anne / Ann / Anni,Anu,Järva-Jaani,4,1
Anna / Anne / Ann / Anni,Anu,Karula,1,1
Anna / Anne / Ann / Anni,Anu,Kattila,3,2
Anna / Anne / Ann / Anni,Anu,Kolga-Jaani,1,1
Anna / Anne / Ann / Anni,Anu,Kursi,1,1
Anna / Anne / Ann / Anni,Anu,Laiuse,1,1
Anna / Anne / Ann / Anni,Anu,Lääne-Nigula,1,1
Anna / Anne / Ann / Anni,Anu,Lüganuse,1,1
Anna / Anne / Ann / Anni,Anu,Narvusi,3,2
Anna / Anne / Ann / Anni,Anu,Puhja,2,1
Anna / Anne / Ann / Anni,Anu,Põltsamaa,2,1
Anna / Anne / Ann / Anni,Anu,Pöide,3,2
Anna / Anne / Ann / Anni,Anu,Pühalepa,1,1
Anna / Anne / Ann / Anni,Anu,Rannu,2,1
Anna / Anne / Ann / Anni,Anu,Sangaste,2,2
Anna / Anne / Ann / Anni,Anu,Serepetta,2,1
Anna / Anne / Ann / Anni,Anu,Suistamo,2,2
Anna / Anne / Ann / Anni,Anu,Säämäjärvi,1,1
Anna / Anne / Ann / Anni,Anu,Tõstamaa,1,1
Anna / Anne / Ann / Anni,Anu,Urvaste,2,1
Anna / Anne / Ann / Anni,Anu,Viru-Nigula,2,1
Anna / Anne / Ann / Anni,Other,Audru,3,1
Anna / Anne / Ann / Anni,Other,Haljala,2,2
Anna / Anne / Ann / Anni,Other,Hargla,1,1
Anna / Anne / Ann / Anni,Other,Harju-Jaani,2,2
Anna / Anne / Ann / Anni,Other,Hämeenlinna,1,1
Anna / Anne / Ann / Anni,Other,Ilmajoki,1,1
Anna / Anne / Ann / Anni,Other,Ilomantsi,1,1
Anna / Anne / Ann / Anni,Other,Isokyrö,1,1
Anna / Anne / Ann / Anni,Other,Jaani,1,1
Anna / Anne / Ann / Anni,Other,Jõelähtme,1,1
Anna / Anne / Ann / Anni,Other,Jõhvi,2,2
Anna / Anne / Ann / Anni,Other,Kadrina,1,1
Anna / Anne / Ann / Anni,Other,Karksi,2,1
Anna / Anne / Ann / Anni,Other,Karula,1,1
Anna / Anne / Ann / Anni,Other,Karuse,1,1
Anna / Anne / Ann / Anni,Other,Kattila,1,1
Anna / Anne / Ann / Anni,Other,Keila,1,1
Anna / Anne / Ann / Anni,Other,Kemijärvi,1,1
Anna / Anne / Ann / Anni,Other,Kiestinki,2,1
Anna / Anne / Ann / Anni,Other,Koeru,1,1
Anna / Anne / Ann / Anni,Other,Kose,2,2
Anna / Anne / Ann / Anni,Other,Kuivaniemi,1,1
Anna / Anne / Ann / Anni,Other,Lappee,1,1
Anna / Anne / Ann / Anni,Other,Lempaala,1,1
Anna / Anne / Ann / Anni,Other,Leppävirta,1,1
Anna / Anne / Ann / Anni,Other,Liperi,2,1
Anna / Anne / Ann / Anni,Other,Muhu,4,2
Anna / Anne / Ann / Anni,Other,Narvusi,2,2
Anna / Anne / Ann / Anni,Other,Nõo,1,1
Anna / Anne / Ann / Anni,Other,Otepää,2,2
Anna / Anne / Ann / Anni,Other,Paistu,2,2
Anna / Anne / Ann / Anni,Other,Piippola,1,1
Anna / Anne / Ann / Anni,Other,Pilistvere,5,2
Anna / Anne / Ann / Anni,Other,Pälkjärvi,1,1
Anna / Anne / Ann / Anni,Other,Põltsamaa,1,1
Anna / Anne / Ann / Anni,Other,Pühalepa,1,1
Anna / Anne / Ann / Anni,Other,Rannu,2,1
Anna / Anne / Ann / Anni,Other,Ridala,2,1
Anna / Anne / Ann / Anni,Other,Risti,2,1
Anna / Anne / Ann / Anni,Other,Rõuge,1,1
Anna / Anne / Ann / Anni,Other,Saarde,1,1
Anna / Anne / Ann / Anni,Other,Sakkola,1,1
Anna / Anne / Ann / Anni,Other,Sangaste,2,2
Anna / Anne / Ann / Anni,Other,Setumaa,5,3
Anna / Anne / Ann / Anni,Other,Simuna,2,2
Anna / Anne / Ann / Anni,Other,Soikkola,1,1
Anna / Anne / Ann / Anni,Other,Sotkamo,1,1
Anna / Anne / Ann / Anni,Other,Suistamo,8,4
Anna / Anne / Ann / Anni,Other,Suojärvi,2,1
Anna / Anne / Ann / Anni,Other,Suure-Jaani,1,1
Anna / Anne / Ann / Anni,Other,Sääksmäki,3,2
Anna / Anne / Ann / Anni,Other,Tarvastu,3,3
Anna / Anne / Ann / Anni,Other,Tulemajärvi,9,2
Anna / Anne / Ann / Anni,Other,Tõstamaa,1,1
Anna / Anne / Ann / Anni,Other,Urvaste,1,1
Anna / Anne / Ann / Anni,Other,Vigala,1,1
Anna / Anne / Ann / Anni,Other,Viljandi,2,2
Anna / Anne / Ann / Anni,Other,Viru-Jaagupi,1,1
Anna / Anne / Ann / Anni,Other,Viru-Nigula,2,1
Anna / Anne / Ann / Anni,Other,Vändra,2,1
Anna / Anne / Ann / Anni,Other,Võnnu,1,1
Catherine / Kadri / Katri,Kadri,Ambla,32,6
Catherine / Kadri / Katri,Kadri,Audru,39,8
Catherine / Kadri / Katri,Kadri,Haljala,19,6
Catherine / Kadri / Katri,Kadri,Halliste,39,17
Catherine / Kadri / Katri,Kadri,Hanila,10,1
Catherine / Kadri / Katri,Kadri,Harju-Jaani,13,2
Catherine / Kadri / Katri,Kadri,Harju-Madise,5,1
Catherine / Kadri / Katri,Kadri,Helme,61,10
Catherine / Kadri / Katri,Kadri,Häädemeeste,21,4
Catherine / Kadri / Katri,Kadri,Juuru,19,3
Catherine / Kadri / Katri,Kadri,Jämaja,1,1
Catherine / Kadri / Katri,Kadri,Järva-Jaani,10,3
Catherine / Kadri / Katri,Kadri,Järva-Madise,6,4
Catherine / Kadri / Katri,Kadri,Jõhvi,5,5
Catherine / Kadri / Katri,Kadri,Jüri,4,2
Catherine / Kadri / Katri,Kadri,Kadrina,10,4
Catherine / Kadri / Katri,Kadri,Kambja,1,1
Catherine / Kadri / Katri,Kadri,Kanepi,5,2
Catherine / Kadri / Katri,Kadri,Karksi,40,5
Catherine / Kadri / Katri,Kadri,Karula,20,6
Catherine / Kadri / Katri,Kadri,Karuse,30,6
Catherine / Kadri / Katri,Kadri,Keila,1,1
Catherine / Kadri / Katri,Kadri,Kodavere,7,4
Catherine / Kadri / Katri,Kadri,Koeru,6,2
Catherine / Kadri / Katri,Kadri,Kose,27,3
Catherine / Kadri / Katri,Kadri,Kullamaa,13,3
Catherine / Kadri / Katri,Kadri,Kuusalu,11,4
Catherine / Kadri / Katri,Kadri,Käina,1,1
Catherine / Kadri / Katri,Kadri,Kärla,1,1
Catherine / Kadri / Katri,Kadri,Kõpu,15,4
Catherine / Kadri / Katri,Kadri,Laiuse,17,2
Catherine / Kadri / Katri,Kadri,Lääne-Nigula,1,1
Catherine / Kadri / Katri,Kadri,Maarja-Magdaleena,3,3
Catherine / Kadri / Katri,Kadri,Muhu,18,8
Catherine / Kadri / Katri,Kadri,Märjamaa,17,4
Catherine / Kadri / Katri,Kadri,Nõo,5,1
Catherine / Kadri / Katri,Kadri,Paistu,32,7
Catherine / Kadri / Katri,Kadri,Palamuse,9,6
Catherine / Kadri / Katri,Kadri,Peetri,23,5
Catherine / Kadri / Katri,Kadri,Pärnu,7,2
Catherine / Kadri / Katri,Kadri,Pärnu-Jaagupi,38,5
Catherine / Kadri / Katri,Kadri,Põltsamaa,14,3
Catherine / Kadri / Katri,Kadri,Põlva,21,3
Catherine / Kadri / Katri,Kadri,Pöide,3,1
Catherine / Kadri / Katri,Kadri,Pühalepa,1,1
Catherine / Kadri / Katri,Kadri,Rakvere,12,3
Catherine / Kadri / Katri,Kadri,Rannu,1,1
Catherine / Kadri / Katri,Kadri,Rapla,5,1
Catherine / Kadri / Katri,Kadri,Risti,21,5
Catherine / Kadri / Katri,Kadri,Räpina,27,5
Catherine / Kadri / Katri,Kadri,Rõngu,5,4
Catherine / Kadri / Katri,Kadri,Rõuge,5,1
Catherine / Kadri / Katri,Kadri,Saarde,2,1
Catherine / Kadri / Katri,Kadri,Sangaste,3,2
Catherine / Kadri / Katri,Kadri,Setumaa,25,5
Catherine / Kadri / Katri,Kadri,Simuna,23,3
Catherine / Kadri / Katri,Kadri,Soutjärvi,1,1
Catherine / Kadri / Katri,Kadri,Suure-Jaani,16,6
Catherine / Kadri / Katri,Kadri,Tartu-Maarja,3,1
Catherine / Kadri / Katri,Kadri,Tarvastu,15,4
Catherine / Kadri / Katri,Kadri,Tori,22,5
Catherine / Kadri / Katri,Kadri,Torma,4,4
Catherine / Kadri / Katri,Kadri,Tõstamaa,21,7
Catherine / Kadri / Katri,Kadri,Türi,19,3
Catherine / Kadri / Katri,Kadri,Urvaste,6,3
Catherine / Kadri / Katri,Kadri,Vaivara,2,2
Catherine / Kadri / Katri,Kadri,Varbla,11,3
Catherine / Kadri / Katri,Kadri,Vigala,22,6
Catherine / Kadri / Katri,Kadri,Viljandi,17,6
Catherine / Kadri / Katri,Kadri,Viru-Jaagupi,4,1
Catherine / Kadri / Katri,Kadri,Viru-Nigula,4,3
Catherine / Kadri / Katri,Kadri,Väike-Maarja,7,2
Catherine / Kadri / Katri,Kadri,Vändra,11,8
Catherine / Kadri / Katri,Kadri,Võnnu,4,1
Catherine / Kadri / Katri,Kadri,Äksi,4,3
Catherine / Kadri / Katri,Kaisa,Alatornio,1,1
Catherine / Kadri / Katri,Kaisa,Anttola,1,1
Catherine / Kadri / Katri,Kaisa,Asikkala,2,2
Catherine / Kadri / Katri,Kaisa,Eno,1,1
Catherine / Kadri / Katri,Kaisa,Halsua,1,1
Catherine / Kadri / Katri,Kaisa,Heinävesi,1,1
Catherine / Kadri / Katri,Kaisa,Helsinki,1,1
Catherine / Kadri / Katri,Kaisa,Hirvensalmi,1,1
Catherine / Kadri / Katri,Kaisa,Hollola,1,1
Catherine / Kadri / Katri,Kaisa,Hämeenlinna,1,1
Catherine / Kadri / Katri,Kaisa,Ilomantsi,12,6
Catherine / Kadri / Katri,Kaisa,Impilahti,2,2
Catherine / Kadri / Katri,Kaisa,Joroinen,1,1
Catherine / Kadri / Katri,Kaisa,Joutseno,1,1
Catherine / Kadri / Katri,Kaisa,Juva,6,6
Catherine / Kadri / Katri,Kaisa,Jämsä,1,1
Catherine / Kadri / Katri,Kaisa,Jäppilä,1,1
Catherine / Kadri / Katri,Kaisa,Jääski,2,1
Catherine / Kadri / Katri,Kaisa,Kajaani,1,1
Catherine / Kadri / Katri,Kaisa,Kalajoki,21,3
Catherine / Kadri / Katri,Kaisa,Kangasniemi,1,1
Catherine / Kadri / Katri,Kaisa,Kaukola,2,2
Catherine / Kadri / Katri,Kaisa,Kemijärvi,2,2
Catherine / Kadri / Katri,Kaisa,Kerimäki,1,1
Catherine / Kadri / Katri,Kaisa,Kitee,1,1
Catherine / Kadri / Katri,Kaisa,Kiuruvesi,1,1
Catherine / Kadri / Katri,Kaisa,Kivennapa,1,1
Catherine / Kadri / Katri,Kaisa,Kokemäki,1,1
Catherine / Kadri / Katri,Kaisa,Kontiolahti,1,1
Catherine / Kadri / Katri,Kaisa,Kuhmo,1,1
Catherine / Kadri / Katri,Kaisa,Kuopio,1,1
Catherine / Kadri / Katri,Kaisa,Kuorevesi,1,1
Catherine / Kadri / Katri,Kaisa,Kurikka,1,1
Catherine / Kadri / Katri,Kaisa,Kymi,1,1
Catherine / Kadri / Katri,Kaisa,Laihia,1,1
Catherine / Kadri / Katri,Kaisa,Lapinjärvi,1,1
Catherine / Kadri / Katri,Kaisa,Lappee,2,2
Catherine / Kadri / Katri,Kaisa,Lavansaari,1,1
Catherine / Kadri / Katri,Kaisa,Lemi,6,4
Catherine / Kadri / Katri,Kaisa,Lempaala,2,2
Catherine / Kadri / Katri,Kaisa,Loppi,2,2
Catherine / Kadri / Katri,Kaisa,Luopioinen,1,1
Catherine / Kadri / Katri,Kaisa,Muhos,1,1
Catherine / Kadri / Katri,Kaisa,Mynämäki,1,1
Catherine / Kadri / Katri,Kaisa,Narvusi,17,1
Catherine / Kadri / Katri,Kaisa,Nurmes,1,1
Catherine / Kadri / Katri,Kaisa,Orimattila,2,2
Catherine / Kadri / Katri,Kaisa,Oulu,1,1
Catherine / Kadri / Katri,Kaisa,Parainen,1,1
Catherine / Kadri / Katri,Kaisa,Parikkala,1,1
Catherine / Kadri / Katri,Kaisa,Perho,1,1
Catherine / Kadri / Katri,Kaisa,Perniö,1,1
Catherine / Kadri / Katri,Kaisa,Pielavesi,3,1
Catherine / Kadri / Katri,Kaisa,Puolanka,1,1
Catherine / Kadri / Katri,Kaisa,Pusula,2,1
Catherine / Kadri / Katri,Kaisa,Puumala,1,1
Catherine / Kadri / Katri,Kaisa,Rovaniemi,1,1
Catherine / Kadri / Katri,Kaisa,Ruotsinpyhtää,1,1
Catherine / Kadri / Katri,Kaisa,Ruovesi,1,1
Catherine / Kadri / Katri,Kaisa,Rääkkylä,3,2
Catherine / Kadri / Katri,Kaisa,Saarijärvi,1,1
Catherine / Kadri / Katri,Kaisa,Sakkola,1,1
Catherine / Kadri / Katri,Kaisa,Savitaipale,1,1
Catherine / Kadri / Katri,Kaisa,Savonlinna,2,1
Catherine / Kadri / Katri,Kaisa,Savonranta,1,1
Catherine / Kadri / Katri,Kaisa,Soanlahti,1,1
Catherine / Kadri / Katri,Kaisa,Sodankylä,1,1
Catherine / Kadri / Katri,Kaisa,Soikkola,13,4
Catherine / Kadri / Katri,Kaisa,Soini,3,3
Catherine / Kadri / Katri,Kaisa,Sortavala,3,2
Catherine / Kadri / Katri,Kaisa,Suistamo,9,8
Catherine / Kadri / Katri,Kaisa,Suomusjärvi,1,1
Catherine / Kadri / Katri,Kaisa,Suomussalmi,2,1
Catherine / Kadri / Katri,Kaisa,Sääksmäki,1,1
Catherine / Kadri / Katri,Kaisa,Sääminki,1,1
Catherine / Kadri / Katri,Kaisa,Taivassalo,1,1
Catherine / Kadri / Katri,Kaisa,Tammela,2,2
Catherine / Kadri / Katri,Kaisa,Tampere,1,1
Catherine / Kadri / Katri,Kaisa,Teisko,1,1
Catherine / Kadri / Katri,Kaisa,Tervo,1,1
Catherine / Kadri / Katri,Kaisa,Tohmajärvi,2,2
Catherine / Kadri / Katri,Kaisa,Turku,2,2
Catherine / Kadri / Katri,Kaisa,Tuupovaara,7,1
Catherine / Kadri / Katri,Kaisa,Tyrö,9,3
Catherine / Kadri / Katri,Kaisa,Uhtua,3,1
Catherine / Kadri / Katri,Kaisa,Uskela,1,1
Catherine / Kadri / Katri,Kaisa,Uusikirkko Tl.,1,1
Catherine / Kadri / Katri,Kaisa,Vaasa,1,1
Catherine / Kadri / Katri,Kaisa,Valtimo,1,1
Catherine / Kadri / Katri,Kaisa,Venjoki,12,1
Catherine / Kadri / Katri,Kaisa,Veteli,1,1
Catherine / Kadri / Katri,Kaisa,Viipuri,1,1
Catherine / Kadri / Katri,Kaisa,Viitasaari,1,1
Catherine / Kadri / Katri,Kaisa,Viljakkala,1,1
Catherine / Kadri / Katri,Kaisa,Virrat,3,1
Catherine / Kadri / Katri,Kaisa,Värtsilä,1,1
Catherine / Kadri / Katri,Kaisa,Yläne,1,1
Catherine / Kadri / Katri,Katariina/Katriina,Alatornio,1,1
Catherine / Kadri / Katri,Katariina/Katriina,Ambla,1,1
Catherine / Kadri / Katri,Katariina/Katriina,Hartola,2,2
Catherine / Kadri / Katri,Katariina/Katriina,Impilahti,1,1
Catherine / Kadri / Katri,Katariina/Katriina,Juva,1,1
Catherine / Kadri / Katri,Katariina/Katriina,Keltto,1,1
Catherine / Kadri / Katri,Katariina/Katriina,Kemi,1,1
Catherine / Kadri / Katri,Katariina/Katriina,Kiihtelysvaara,1,1
Catherine / Kadri / Katri,Katariina/Katriina,Kivennapa,1,1
Catherine / Kadri / Katri,Katariina/Katriina,Kivijärvi,1,1
Catherine / Kadri / Katri,Katariina/Katriina,Kontiolahti,1,1
Catherine / Kadri / Katri,Katariina/Katriina,Lemi,1,1
Catherine / Kadri / Katri,Katariina/Katriina,Lempaala,2,2
Catherine / Kadri / Katri,Katariina/Katriina,Moloskovitsa,1,1
Catherine / Kadri / Katri,Katariina/Katriina,Narvusi,6,6
Catherine / Kadri / Katri,Katariina/Katriina,Nurmes,2,2
Catherine / Kadri / Katri,Katariina/Katriina,Pielisjärvi,1,1
Catherine / Kadri / Katri,Katariina/Katriina,Puolanka,1,1
Catherine / Kadri / Katri,Katariina/Katriina,Rääpyvä,1,1
Catherine / Kadri / Katri,Katariina/Katriina,Salmi,1,1
Catherine / Kadri / Katri,Katariina/Katriina,Serepetta,2,1
Catherine / Kadri / Katri,Katariina/Katriina,Setumaa,2,1
Catherine / Kadri / Katri,Katariina/Katriina,Soikkola,3,3
Catherine / Kadri / Katri,Katariina/Katriina,Sonkajärvi,1,1
Catherine / Kadri / Katri,Katariina/Katriina,Suistamo,2,1
Catherine / Kadri / Katri,Katariina/Katriina,Tarvastu,1,1
Catherine / Kadri / Katri,Katariina/Katriina,Toksova,2,2
Catherine / Kadri / Katri,Katariina/Katriina,Tyrö,3,2
Catherine / Kadri / Katri,Katariina/Katriina,Vaivara,1,1
Catherine / Kadri / Katri,Katariina/Katriina,Venjoki,2,1
Catherine / Kadri / Katri,Katariina/Katriina,Vieljärvi,1,1
Catherine / Kadri / Katri,Katariina/Katriina,Virtasalmi,1,1
Catherine / Kadri / Katri,Katariina/Katriina,Vuole,1,1
Catherine / Kadri / Katri,Katariina/Katriina,Võnnu,1,1
Catherine / Kadri / Katri,Kati,Brandval,1,1
Catherine / Kadri / Katri,Kati,Emmaste,1,1
Catherine / Kadri / Katri,Kati,Koprina,3,3
Catherine / Kadri / Katri,Kati,Korpiselkä,1,1
Catherine / Kadri / Katri,Kati,Kupanitsa,14,1
Catherine / Kadri / Katri,Kati,Moloskovitsa,2,1
Catherine / Kadri / Katri,Kati,Mynämäki,1,1
Catherine / Kadri / Katri,Kati,Narvusi,34,21
Catherine / Kadri / Katri,Kati,Põlva,1,1
Catherine / Kadri / Katri,Kati,Pöytyä,1,1
Catherine / Kadri / Katri,Kati,Rovaniemi,1,1
Catherine / Kadri / Katri,Kati,Sauvo,1,1
Catherine / Kadri / Katri,Kati,Serepetta,2,1
Catherine / Kadri / Katri,Kati,Setumaa,2,2
Catherine / Kadri / Katri,Kati,Skuoritsa,1,1
Catherine / Kadri / Katri,Kati,Soikkola,4,3
Catherine / Kadri / Katri,Kati,Tarvastu,1,1
Catherine / Kadri / Katri,Kati,Toksova,6,1
Catherine / Kadri / Katri,Kati,Uskela,1,1
Catherine / Kadri / Katri,Kati,Uusikirkko Tl.,1,1
Catherine / Kadri / Katri,Kati,Vastseliina,1,1
Catherine / Kadri / Katri,Kati,Venjoki,1,1
Catherine / Kadri / Katri,Kati,Vuole,17,4
Catherine / Kadri / Katri,Katri,Haljala,15,3
Catherine / Kadri / Katri,Katri,Hargla,1,1
Catherine / Kadri / Katri,Katri,Helme,31,2
Catherine / Kadri / Katri,Katri,Hietamäki,10,3
Catherine / Kadri / Katri,Katri,Hirvensalmi,1,1
Catherine / Kadri / Katri,Katri,Häädemeeste,15,1
Catherine / Kadri / Katri,Katri,Jaakkima,2,1
Catherine / Kadri / Katri,Katri,Kangasniemi,2,1
Catherine / Kadri / Katri,Katri,Kanneljärvi,1,1
Catherine / Kadri / Katri,Katri,Kaprio,1,1
Catherine / Kadri / Katri,Katri,Karula,14,3
Catherine / Kadri / Katri,Katri,Keltto,2,1
Catherine / Kadri / Katri,Katri,Koivisto,5,1
Catherine / Kadri / Katri,Katri,Kokemäki,1,1
Catherine / Kadri / Katri,Katri,Koprina,10,4
Catherine / Kadri / Katri,Katri,Kuhmo,2,1
Catherine / Kadri / Katri,Katri,Kupanitsa,1,1
Catherine / Kadri / Katri,Katri,Lavansaari,1,1
Catherine / Kadri / Katri,Katri,Liissilä,1,1
Catherine / Kadri / Katri,Katri,Luumäki,1,1
Catherine / Kadri / Katri,Katri,Maaninka,1,1
Catherine / Kadri / Katri,Katri,Markkova,2,1
Catherine / Kadri / Katri,Katri,Moloskovitsa,6,4
Catherine / Kadri / Katri,Katri,Narvusi,19,11
Catherine / Kadri / Katri,Katri,Paistu,107,3
Catherine / Kadri / Katri,Katri,Pyhäjärvi Vpl.,11,1
Catherine / Kadri / Katri,Katri,Repola,2,1
Catherine / Kadri / Katri,Katri,Rääpyvä,4,1
Catherine / Kadri / Katri,Katri,Rõuge,2,2
Catherine / Kadri / Katri,Katri,Sangaste,1,1
Catherine / Kadri / Katri,Katri,Seiskari,1,1
Catherine / Kadri / Katri,Katri,Serepetta,2,2
Catherine / Kadri / Katri,Katri,Setumaa,1,1
Catherine / Kadri / Katri,Katri,Soanlahti,4,2
Catherine / Kadri / Katri,Katri,Soikkola,2,2
Catherine / Kadri / Katri,Katri,Sortavala,5,3
Catherine / Kadri / Katri,Katri,Suistamo,1,1
Catherine / Kadri / Katri,Katri,Suojärvi,3,2
Catherine / Kadri / Katri,Katri,Tarvastu,3,2
Catherine / Kadri / Katri,Katri,Terijoki,1,1
Catherine / Kadri / Katri,Katri,Tohmajärvi,2,1
Catherine / Kadri / Katri,Katri,Toksova,2,1
Catherine / Kadri / Katri,Katri,Tuupovaara,2,1
Catherine / Kadri / Katri,Katri,Tuutari,1,1
Catherine / Kadri / Katri,Katri,Tyrö,8,4
Catherine / Kadri / Katri,Katri,Uhtua,1,1
Catherine / Kadri / Katri,Katri,Urvaste,2,1
Catherine / Kadri / Katri,Katri,Uukuniemi,5,2
Catherine / Kadri / Katri,Katri,Valtimo,1,1
Catherine / Kadri / Katri,Katri,Vastseliina,3,2
Catherine / Kadri / Katri,Katri,Venjoki,7,1
Catherine / Kadri / Katri,Katri,Viitasaari,1,1
Catherine / Kadri / Katri,Katri,Viljandi,48,1
Catherine / Kadri / Katri,Katri,Viru-Nigula,1,1
Catherine / Kadri / Katri,Katri,Vuole,4,1
Catherine / Kadri / Katri,Other,Ambla,5,2
Catherine / Kadri / Katri,Other,Audru,7,2
Catherine / Kadri / Katri,Other,Haljala,3,3
Catherine / Kadri / Katri,Other,Halliste,1,1
Catherine / Kadri / Katri,Other,Harju-Jaani,2,1
Catherine / Kadri / Katri,Other,Helme,1,1
Catherine / Kadri / Katri,Other,Iisaku,1,1
Catherine / Kadri / Katri,Other,Impilahti,2,1
Catherine / Kadri / Katri,Other,Juuru,4,1
Catherine / Kadri / Katri,Other,Järva-Jaani,2,2
Catherine / Kadri / Katri,Other,Järva-Madise,1,1
Catherine / Kadri / Katri,Other,Jõhvi,1,1
Catherine / Kadri / Katri,Other,Kadrina,6,6
Catherine / Kadri / Katri,Other,Kajaani,1,1
Catherine / Kadri / Katri,Other,Karula,44,1
Catherine / Kadri / Katri,Other,Kiuruvesi,1,1
Catherine / Kadri / Katri,Other,Kodavere,4,2
Catherine / Kadri / Katri,Other,Kose,6,2
Catherine / Kadri / Katri,Other,Kuusalu,4,2
Catherine / Kadri / Katri,Other,Lempaala,2,2
Catherine / Kadri / Katri,Other,Lääne-Nigula,1,1
Catherine / Kadri / Katri,Other,Moloskovitsa,2,2
Catherine / Kadri / Katri,Other,Narvusi,3,2
Catherine / Kadri / Katri,Other,Otepää,1,1
Catherine / Kadri / Katri,Other,Paistu,2,1
Catherine / Kadri / Katri,Other,Palamuse,24,1
Catherine / Kadri / Katri,Other,Pomarkku,1,1
Catherine / Kadri / Katri,Other,Puolanka,1,1
Catherine / Kadri / Katri,Other,Põltsamaa,4,2
Catherine / Kadri / Katri,Other,Rakvere,5,1
Catherine / Kadri / Katri,Other,Rapla,2,1
Catherine / Kadri / Katri,Other,Risti,5,1
Catherine / Kadri / Katri,Other,Ruameška,1,1
Catherine / Kadri / Katri,Other,Räpina,48,2
Catherine / Kadri / Katri,Other,Rõuge,3,2
Catherine / Kadri / Katri,Other,Saarde,1,1
Catherine / Kadri / Katri,Other,Sangaste,2,2
Catherine / Kadri / Katri,Other,Setumaa,2,1
Catherine / Kadri / Katri,Other,Simuna,3,2
Catherine / Kadri / Katri,Other,Soutjärvi,1,1
Catherine / Kadri / Katri,Other,Suomenniemi,1,1
Catherine / Kadri / Katri,Other,Suure-Jaani,1,1
Catherine / Kadri / Katri,Other,Tartu-Maarja,1,1
Catherine / Kadri / Katri,Other,Toksova,1,1
Catherine / Kadri / Katri,Other,Tolmačču,2,1
Catherine / Kadri / Katri,Other,Torma,1,1
Catherine / Kadri / Katri,Other,Tyrö,4,3
Catherine / Kadri / Katri,Other,Tõstamaa,1,1
Catherine / Kadri / Katri,Other,Urvaste,4,2
Catherine / Kadri / Katri,Other,Vahto,1,1
Catherine / Kadri / Katri,Other,Vigala,4,2
Catherine / Kadri / Katri,Other,Viljandi,4,3
Catherine / Kadri / Katri,Other,Viru-Jaagupi,1,1
Catherine / Kadri / Katri,Other,Vändra,2,1
Catherine / Kadri / Katri,Other,Võnnu,1,1
Catherine / Kadri / Katri,Other,Äksi,2,1
Jesus / Christ,Christ/Kristus,Ambla,2,1
Jesus / Christ,Christ/Kristus,Brandval,1,1
Jesus / Christ,Christ/Kristus,Evijärvi,1,1
Jesus / Christ,Christ/Kristus,Harjavalta,1,1
Jesus / Christ,Christ/Kristus,Hartola,1,1
Jesus / Christ,Christ/Kristus,Hattula,1,1
Jesus / Christ,Christ/Kristus,Haukipudas,1,1
Jesus / Christ,Christ/Kristus,Ilomantsi,13,5
Jesus / Christ,Christ/Kristus,Impilahti,3,2
Jesus / Christ,Christ/Kristus,Jaala,1,1
Jesus / Christ,Christ/Kristus,Jalasjärvi,3,2
Jesus / Christ,Christ/Kristus,Juupajoki,1,1
Jesus / Christ,Christ/Kristus,Juva,4,3
Jesus / Christ,Christ/Kristus,Jällivaara,1,1
Jesus / Christ,Christ/Kristus,Kanepi,1,1
Jesus / Christ,Christ/Kristus,Kankaanpää,1,1
Jesus / Christ,Christ/Kristus,Kaprio,2,2
Jesus / Christ,Christ/Kristus,Kattila,1,1
Jesus / Christ,Christ/Kristus,Kauhava,1,1
Jesus / Christ,Christ/Kristus,Kemi,2,1
Jesus / Christ,Christ/Kristus,Kiikala,1,1
Jesus / Christ,Christ/Kristus,Kitee,2,1
Jesus / Christ,Christ/Kristus,Kiuruvesi,1,1
Jesus / Christ,Christ/Kristus,Kivennapa,2,2
Jesus / Christ,Christ/Kristus,Kodavere,3,2
Jesus / Christ,Christ/Kristus,Korpiselkä,8,3
Jesus / Christ,Christ/Kristus,Kortesjärvi,1,1
Jesus / Christ,Christ/Kristus,Koski Tl.,2,2
Jesus / Christ,Christ/Kristus,Kuhmoinen,2,2
Jesus / Christ,Christ/Kristus,Kuorevesi,1,1
Jesus / Christ,Christ/Kristus,Kuru,1,1
Jesus / Christ,Christ/Kristus,Kuusalu,6,6
Jesus / Christ,Christ/Kristus,Kõpu,1,1
Jesus / Christ,Christ/Kristus,Laiuse,4,3
Jesus / Christ,Christ/Kristus,Lehtimäki,1,1
Jesus / Christ,Christ/Kristus,Lieto,1,1
Jesus / Christ,Christ/Kristus,Liissilä,5,3
Jesus / Christ,Christ/Kristus,Maarja-Magdaleena,2,1
Jesus / Christ,Christ/Kristus,Mietoinen,1,1
Jesus / Christ,Christ/Kristus,Narvusi,9,5
Jesus / Christ,Christ/Kristus,Nekkula,1,1
Jesus / Christ,Christ/Kristus,Nilsiä,1,1
Jesus / Christ,Christ/Kristus,Nousiainen,1,1
Jesus / Christ,Christ/Kristus,Perniö,1,1
Jesus / Christ,Christ/Kristus,Pilistvere,2,2
Jesus / Christ,Christ/Kristus,Pomarkku,1,1
Jesus / Christ,Christ/Kristus,Porajärvi,1,1
Jesus / Christ,Christ/Kristus,Puumala,1,1
Jesus / Christ,Christ/Kristus,Pyhäjärvi Ul.,1,1
Jesus / Christ,Christ/Kristus,Pyhäjärvi Vpl.,2,2
Jesus / Christ,Christ/Kristus,Pyhämaa,1,1
Jesus / Christ,Christ/Kristus,Põlva,1,1
Jesus / Christ,Christ/Kristus,Rannu,2,2
Jesus / Christ,Christ/Kristus,Repola,3,2
Jesus / Christ,Christ/Kristus,Riipuskala,2,2
Jesus / Christ,Christ/Kristus,Riistavesi,1,1
Jesus / Christ,Christ/Kristus,Ristiina,2,1
Jesus / Christ,Christ/Kristus,Rääkkylä,1,1
Jesus / Christ,Christ/Kristus,Rõngu,1,1
Jesus / Christ,Christ/Kristus,Saarde,4,3
Jesus / Christ,Christ/Kristus,Salmi,8,8
Jesus / Christ,Christ/Kristus,Sangaste,3,3
Jesus / Christ,Christ/Kristus,Sauvo,1,1
Jesus / Christ,Christ/Kristus,Siikainen,1,1
Jesus / Christ,Christ/Kristus,Soikkola,5,3
Jesus / Christ,Christ/Kristus,Somerniemi,1,1
Jesus / Christ,Christ/Kristus,Somero,2,2
Jesus / Christ,Christ/Kristus,Soutjärvi,3,2
Jesus / Christ,Christ/Kristus,Suistamo,7,5
Jesus / Christ,Christ/Kristus,Suojärvi,4,2
Jesus / Christ,Christ/Kristus,Sysmä,1,1
Jesus / Christ,Christ/Kristus,Sääksmäki,1,1
Jesus / Christ,Christ/Kristus,Tammela,1,1
Jesus / Christ,Christ/Kristus,Tampere,1,1
Jesus / Christ,Christ/Kristus,Tarvasjoki,1,1
Jesus / Christ,Christ/Kristus,Tarvastu,3,3
Jesus / Christ,Christ/Kristus,Teisko,1,1
Jesus / Christ,Christ/Kristus,Tori,1,1
Jesus / Christ,Christ/Kristus,Tulemajärvi,3,3
Jesus / Christ,Christ/Kristus,Türi,2,2
Jesus / Christ,Christ/Kristus,Uhtua,1,1
Jesus / Christ,Christ/Kristus,Urvaste,3,3
Jesus / Christ,Christ/Kristus,Uusikaupunki,1,1
Jesus / Christ,Christ/Kristus,Vanaja,1,1
Jesus / Christ,Christ/Kristus,Vastseliina,2,2
Jesus / Christ,Christ/Kristus,Vigala,3,3
Jesus / Christ,Christ/Kristus,Vitele,1,1
Jesus / Christ,Christ/Kristus,Vuole,2,2
Jesus / Christ,Christ/Kristus,Vähäkyrö,3,1
Jesus / Christ,Christ/Kristus,Ylihärmä,1,1
Jesus / Christ,Christ/Kristus,Yläne,1,1
Jesus / Christ,Christ/Kristus,Östmark,2,2
Jesus / Christ,Jeesus,Alatornio,1,1
Jesus / Christ,Jeesus,Alavus,2,2
Jesus / Christ,Jeesus,Ambla,9,2
Jesus / Christ,Jeesus,Asikkala,5,3
Jesus / Christ,Jeesus,Brandval,1,1
Jesus / Christ,Jeesus,Eno,3,3
Jesus / Christ,Jeesus,Enontekiö,1,1
Jesus / Christ,Jeesus,Fryksände,2,1
Jesus / Christ,Jeesus,Grue Finnskog,4,3
Jesus / Christ,Jeesus,Haapajärvi,1,1
Jesus / Christ,Jeesus,Hailuoto,3,2
Jesus / Christ,Jeesus,Haljala,5,5
Jesus / Christ,Jeesus,Halliste,2,2
Jesus / Christ,Jeesus,Hanila,1,1
Jesus / Christ,Jeesus,Hargla,1,1
Jesus / Christ,Jeesus,Harju-Jaani,1,1
Jesus / Christ,Jeesus,Hartola,2,2
Jesus / Christ,Jeesus,Hattula,3,3
Jesus / Christ,Jeesus,Hauho,5,3
Jesus / Christ,Jeesus,Helme,3,2
Jesus / Christ,Jeesus,Hietamäki,2,2
Jesus / Christ,Jeesus,Hiitola,1,1
Jesus / Christ,Jeesus,Hirvensalmi,4,2
Jesus / Christ,Jeesus,Huittinen,1,1
Jesus / Christ,Jeesus,Hämeenkyrö,1,1
Jesus / Christ,Jeesus,Häädemeeste,1,1
Jesus / Christ,Jeesus,Iisalmi,3,3
Jesus / Christ,Jeesus,Iitti,3,3
Jesus / Christ,Jeesus,Ilomantsi,33,25
Jesus / Christ,Jeesus,Impilahti,20,15
Jesus / Christ,Jeesus,Isojoki,3,2
Jesus / Christ,Jeesus,Isokyrö,2,2
Jesus / Christ,Jeesus,Jaakkima,2,2
Jesus / Christ,Jeesus,Jaala,1,1
Jesus / Christ,Jeesus,Jalasjärvi,6,4
Jesus / Christ,Jeesus,Jokioinen,5,4
Jesus / Christ,Jeesus,Joroinen,5,3
Jesus / Christ,Jeesus,Joutsa,1,1
Jesus / Christ,Jeesus,Joutseno,2,2
Jesus / Christ,Jeesus,Junosuvanto,1,1
Jesus / Christ,Jeesus,Jurva,5,5
Jesus / Christ,Jeesus,Juuka,5,5
Jesus / Christ,Jeesus,Juupajoki,1,1
Jesus / Christ,Jeesus,Juuru,2,1
Jesus / Christ,Jeesus,Juva,17,13
Jesus / Christ,Jeesus,Jällivaara,7,6
Jesus / Christ,Jeesus,Jämsä,2,2
Jesus / Christ,Jeesus,Jäppilä,1,1
Jesus / Christ,Jeesus,Järva-Jaani,2,1
Jesus / Christ,Jeesus,Jõelähtme,3,2
Jesus / Christ,Jeesus,Jõhvi,9,6
Jesus / Christ,Jeesus,Jüri,1,1
Jesus / Christ,Jeesus,Kaarma,3,1
Jesus / Christ,Jeesus,Kaavi,3,3
Jesus / Christ,Jeesus,Kadrina,15,6
Jesus / Christ,Jeesus,Kalajoki,2,1
Jesus / Christ,Jeesus,Kalvola,3,2
Jesus / Christ,Jeesus,Kanepi,1,1
Jesus / Christ,Jeesus,Kangasniemi,6,4
Jesus / Christ,Jeesus,Kankaanpää,1,1
Jesus / Christ,Jeesus,Kanneljärvi,3,2
Jesus / Christ,Jeesus,Kannus,1,1
Jesus / Christ,Jeesus,Kaprio,11,9
Jesus / Christ,Jeesus,Karkku,6,4
Jesus / Christ,Jeesus,Karksi,3,2
Jesus / Christ,Jeesus,Karttula,3,3
Jesus / Christ,Jeesus,Karunki,1,1
Jesus / Christ,Jeesus,Kattila,7,4
Jesus / Christ,Jeesus,Kauhava,5,5
Jesus / Christ,Jeesus,Kaustinen,1,1
Jesus / Christ,Jeesus,Keitele,1,1
Jesus / Christ,Jeesus,Keltto,1,1
Jesus / Christ,Jeesus,Kemi,4,3
Jesus / Christ,Jeesus,Kerimäki,3,3
Jesus / Christ,Jeesus,Kestilä,4,1
Jesus / Christ,Jeesus,Kesälahti,12,6
Jesus / Christ,Jeesus,Kiestinki,2,2
Jesus / Christ,Jeesus,Kiihtelysvaara,5,5
Jesus / Christ,Jeesus,Kiimaisjärvi,1,1
Jesus / Christ,Jeesus,Kitee,37,25
Jesus / Christ,Jeesus,Kittilä,3,2
Jesus / Christ,Jeesus,Kiukainen,2,1
Jesus / Christ,Jeesus,Kiuruvesi,6,2
Jesus / Christ,Jeesus,Kivijärvi,3,3
Jesus / Christ,Jeesus,Kodavere,5,4
Jesus / Christ,Jeesus,Koeru,8,5
Jesus / Christ,Jeesus,Koivisto,6,3
Jesus / Christ,Jeesus,Kolari,3,3
Jesus / Christ,Jeesus,Kolga-Jaani,4,2
Jesus / Christ,Jeesus,Kontiolahti,3,2
Jesus / Christ,Jeesus,Kontokki,3,3
Jesus / Christ,Jeesus,Koprina,10,7
Jesus / Christ,Jeesus,Korpilahti,9,8
Jesus / Christ,Jeesus,Korpilompolo,2,2
Jesus / Christ,Jeesus,Korpiselkä,31,19
Jesus / Christ,Jeesus,Koski Tl.,1,1
Jesus / Christ,Jeesus,Kuhmo,1,1
Jesus / Christ,Jeesus,Kuhmoinen,3,3
Jesus / Christ,Jeesus,Kuolemajärvi,1,1
Jesus / Christ,Jeesus,Kuopio,4,4
Jesus / Christ,Jeesus,Kupanitsa,5,2
Jesus / Christ,Jeesus,Kurikka,1,1
Jesus / Christ,Jeesus,Kuru,1,1
Jesus / Christ,Jeesus,Kuusalu,11,8
Jesus / Christ,Jeesus,Kuusamo,4,4
Jesus / Christ,Jeesus,Kuusjärvi,1,1
Jesus / Christ,Jeesus,Kylmäkoski,1,1
Jesus / Christ,Jeesus,Kärkölä,1,1
Jesus / Christ,Jeesus,Kõpu,1,1
Jesus / Christ,Jeesus,Laihia,2,2
Jesus / Christ,Jeesus,Laiuse,2,2
Jesus / Christ,Jeesus,Lammi,2,1
Jesus / Christ,Jeesus,Lappajärvi,1,1
Jesus / Christ,Jeesus,Lappee,1,1
Jesus / Christ,Jeesus,Lavansaari,1,1
Jesus / Christ,Jeesus,Lempaala,76,44
Jesus / Christ,Jeesus,Leppävirta,3,2
Jesus / Christ,Jeesus,Liissilä,36,17
Jesus / Christ,Jeesus,Liperi,8,6
Jesus / Christ,Jeesus,Loppi,5,5
Jesus / Christ,Jeesus,Luhanka,2,1
Jesus / Christ,Jeesus,Luopioinen,3,1
Jesus / Christ,Jeesus,Luumäki,3,2
Jesus / Christ,Jeesus,Lüganuse,6,3
Jesus / Christ,Jeesus,Maaninka,3,3
Jesus / Christ,Jeesus,Maaria,1,1
Jesus / Christ,Jeesus,Maarja-Magdaleena,3,1
Jesus / Christ,Jeesus,Marttila,9,6
Jesus / Christ,Jeesus,Metsäpirtti,12,6
Jesus / Christ,Jeesus,Mietoinen,1,1
Jesus / Christ,Jeesus,Moloskovitsa,12,6
Jesus / Christ,Jeesus,Muhos,1,1
Jesus / Christ,Jeesus,Muhu,1,1
Jesus / Christ,Jeesus,Multia,1,1
Jesus / Christ,Jeesus,Muonio,1,1
Jesus / Christ,Jeesus,Muurla,1,1
Jesus / Christ,Jeesus,Muuruvesi,1,1
Jesus / Christ,Jeesus,Mäntyharju,5,3
Jesus / Christ,Jeesus,Narvusi,67,37
Jesus / Christ,Jeesus,Nastola,1,1
Jesus / Christ,Jeesus,Nekkula,1,1
Jesus / Christ,Jeesus,Nilsiä,7,7
Jesus / Christ,Jeesus,Nord-Kapp,3,3
Jesus / Christ,Jeesus,Norra Finnskoga,3,2
Jesus / Christ,Jeesus,Nurmes,7,5
Jesus / Christ,Jeesus,Nyskoga,2,2
Jesus / Christ,Jeesus,Orsa,1,1
Jesus / Christ,Jeesus,Oulu,3,3
Jesus / Christ,Jeesus,Padasjoki,1,1
Jesus / Christ,Jeesus,Paistu,1,1
Jesus / Christ,Jeesus,Pajala,3,3
Jesus / Christ,Jeesus,Palamuse,6,3
Jesus / Christ,Jeesus,Parkano,2,2
Jesus / Christ,Jeesus,Pieksämäki,3,3
Jesus / Christ,Jeesus,Pielavesi,9,6
Jesus / Christ,Jeesus,Pielisjärvi,10,5
Jesus / Christ,Jeesus,Piippola,1,1
Jesus / Christ,Jeesus,Pilistvere,1,1
Jesus / Christ,Jeesus,Pistojärvi,3,3
Jesus / Christ,Jeesus,Polvijärvi,1,1
Jesus / Christ,Jeesus,Porajärvi,8,8
Jesus / Christ,Jeesus,Pori,3,3
Jesus / Christ,Jeesus,Porsanki,3,3
Jesus / Christ,Jeesus,Pudasjärvi,1,1
Jesus / Christ,Jeesus,Puhja,2,2
Jesus / Christ,Jeesus,Puolanka,3,3
Jesus / Christ,Jeesus,Puumala,2,2
Jesus / Christ,Jeesus,Pyhäjärvi Ul.,1,1
Jesus / Christ,Jeesus,Pyhäjärvi Vpl.,1,1
Jesus / Christ,Jeesus,Pälkäne,2,2
Jesus / Christ,Jeesus,Pärnu-Jaagupi,7,1
Jesus / Christ,Jeesus,Põltsamaa,5,3
Jesus / Christ,Jeesus,Pöide,1,1
Jesus / Christ,Jeesus,Rannu,3,1
Jesus / Christ,Jeesus,Rantasalmi,4,3
Jesus / Christ,Jeesus,Rantsila,4,2
Jesus / Christ,Jeesus,Rautavaara,10,5
Jesus / Christ,Jeesus,Rautjärvi,2,2
Jesus / Christ,Jeesus,Rautu,4,3
Jesus / Christ,Jeesus,Reisjärvi,1,1
Jesus / Christ,Jeesus,Renko,1,1
Jesus / Christ,Jeesus,Repola,9,2
Jesus / Christ,Jeesus,Risti,2,1
Jesus / Christ,Jeesus,Ristiina,1,1
Jesus / Christ,Jeesus,Ropsu,3,1
Jesus / Christ,Jeesus,Rovaniemi,5,5
Jesus / Christ,Jeesus,Ruskeala,1,1
Jesus / Christ,Jeesus,Räisälä,2,1
Jesus / Christ,Jeesus,Räpina,14,2
Jesus / Christ,Jeesus,Rääkkylä,5,5
Jesus / Christ,Jeesus,Rääpyvä,1,1
Jesus / Christ,Jeesus,Rõngu,13,10
Jesus / Christ,Jeesus,Rõuge,1,1
Jesus / Christ,Jeesus,Saarde,6,5
Jesus / Christ,Jeesus,Saarijärvi,1,1
Jesus / Christ,Jeesus,Sahalahti,1,1
Jesus / Christ,Jeesus,Sakkola,7,3
Jesus / Christ,Jeesus,Salmi,32,10
Jesus / Christ,Jeesus,Sangaste,4,4
Jesus / Christ,Jeesus,Sauvo,3,1
Jesus / Christ,Jeesus,Savitaipale,2,1
Jesus / Christ,Jeesus,Seiskari,1,1
Jesus / Christ,Jeesus,Serepetta,1,1
Jesus / Christ,Jeesus,Setumaa,64,15
Jesus / Christ,Jeesus,Simo,1,1
Jesus / Christ,Jeesus,Simuna,5,4
Jesus / Christ,Jeesus,Skuoritsa,5,2
Jesus / Christ,Jeesus,Soanlahti,5,4
Jesus / Christ,Jeesus,Sodankylä,9,9
Jesus / Christ,Jeesus,Soikkola,14,9
Jesus / Christ,Jeesus,Somerniemi,1,1
Jesus / Christ,Jeesus,Somero,4,4
Jesus / Christ,Jeesus,Sonkajärvi,2,2
Jesus / Christ,Jeesus,Sortavala,8,5
Jesus / Christ,Jeesus,Sotkamo,4,4
Jesus / Christ,Jeesus,Spankkova,5,3
Jesus / Christ,Jeesus,Suistamo,162,58
Jesus / Christ,Jeesus,Suojärvi,24,9
Jesus / Christ,Jeesus,Suomussalmi,2,2
Jesus / Christ,Jeesus,Suonenjoki,6,3
Jesus / Christ,Jeesus,Suoniemi,2,2
Jesus / Christ,Jeesus,Suure-Jaani,6,4
Jesus / Christ,Jeesus,Sysmä,1,1
Jesus / Christ,Jeesus,Sääksmäki,18,11
Jesus / Christ,Jeesus,Sääminki,1,1
Jesus / Christ,Jeesus,Södra Finnskoga,4,4
Jesus / Christ,Jeesus,Taipalsaari,1,1
Jesus / Christ,Jeesus,Tammela,8,7
Jesus / Christ,Jeesus,Tarvastu,3,3
Jesus / Christ,Jeesus,Teisko,1,1
Jesus / Christ,Jeesus,Terijoki,1,1
Jesus / Christ,Jeesus,Tervo,1,1
Jesus / Christ,Jeesus,Tervola,1,1
Jesus / Christ,Jeesus,Tohmajärvi,18,12
Jesus / Christ,Jeesus,Toksova,1,1
Jesus / Christ,Jeesus,Tori,16,7
Jesus / Christ,Jeesus,Tottijärvi,1,1
Jesus / Christ,Jeesus,Tulemajärvi,4,4
Jesus / Christ,Jeesus,Tuulos,3,2
Jesus / Christ,Jeesus,Tuutari,1,1
Jesus / Christ,Jeesus,Tyrvää,4,2
Jesus / Christ,Jeesus,Tyrö,12,7
Jesus / Christ,Jeesus,Tytärsaari,1,1
Jesus / Christ,Jeesus,Tõstamaa,1,1
Jesus / Christ,Jeesus,Töysä,2,2
Jesus / Christ,Jeesus,Türi,2,2
Jesus / Christ,Jeesus,Uhtua,3,3
Jesus / Christ,Jeesus,Urjala,1,1
Jesus / Christ,Jeesus,Urvaste,29,7
Jesus / Christ,Jeesus,Uskela,1,1
Jesus / Christ,Jeesus,Uukuniemi,3,2
Jesus / Christ,Jeesus,Uusikaarlepyy,1,1
Jesus / Christ,Jeesus,Valjala,1,1
Jesus / Christ,Jeesus,Valkjärvi,3,2
Jesus / Christ,Jeesus,Valtimo,2,2
Jesus / Christ,Jeesus,Vanaja,1,1
Jesus / Christ,Jeesus,Varpaisjärvi,7,6
Jesus / Christ,Jeesus,Vastseliina,46,13
Jesus / Christ,Jeesus,Vehmaa,1,1
Jesus / Christ,Jeesus,Venjoki,5,2
Jesus / Christ,Jeesus,Vesilahti,2,1
Jesus / Christ,Jeesus,Vigala,4,4
Jesus / Christ,Jeesus,Vihanti,1,1
Jesus / Christ,Jeesus,Viipuri,1,1
Jesus / Christ,Jeesus,Viljakkala,2,1
Jesus / Christ,Jeesus,Viljandi,12,4
Jesus / Christ,Jeesus,Virrat,2,2
Jesus / Christ,Jeesus,Virtasalmi,2,2
Jesus / Christ,Jeesus,Viru-Nigula,2,1
Jesus / Christ,Jeesus,Vittanki,2,2
Jesus / Christ,Jeesus,Vuokkiniemi,13,9
Jesus / Christ,Jeesus,Vuole,16,10
Jesus / Christ,Jeesus,Vähäkyrö,2,1
Jesus / Christ,Jeesus,Väike-Maarja,6,5
Jesus / Christ,Jeesus,Vändra,1,1
Jesus / Christ,Jeesus,Yläne,2,2
Jesus / Christ,Jeesus,Östmark,8,8
Jesus / Christ,Jesus,Brandval,2,1
Jesus / Christ,Jesus,Eno,1,1
Jesus / Christ,Jesus,Eräjärvi,1,1
Jesus / Christ,Jesus,Haljala,1,1
Jesus / Christ,Jesus,Hartola,2,2
Jesus / Christ,Jesus,Hauho,2,1
Jesus / Christ,Jesus,Haukipudas,1,1
Jesus / Christ,Jesus,Iisalmi,2,1
Jesus / Christ,Jesus,Ilomantsi,10,8
Jesus / Christ,Jesus,Impilahti,7,4
Jesus / Christ,Jesus,Isojoki,3,2
Jesus / Christ,Jesus,Isokyrö,3,2
Jesus / Christ,Jesus,Joroinen,1,1
Jesus / Christ,Jesus,Joutsa,1,1
Jesus / Christ,Jesus,Juva,9,7
Jesus / Christ,Jesus,Jämsä,1,1
Jesus / Christ,Jesus,Kalvola,1,1
Jesus / Christ,Jesus,Kankaanpää,1,1
Jesus / Christ,Jesus,Kaprio,2,2
Jesus / Christ,Jesus,Kauhava,1,1
Jesus / Christ,Jesus,Kerimäki,1,1
Jesus / Christ,Jesus,Kesälahti,1,1
Jesus / Christ,Jesus,Kiihtelysvaara,4,1
Jesus / Christ,Jesus,Kitee,6,4
Jesus / Christ,Jesus,Kiuruvesi,1,1
Jesus / Christ,Jesus,Kivijärvi,3,3
Jesus / Christ,Jesus,Kontiolahti,1,1
Jesus / Christ,Jesus,Koprina,1,1
Jesus / Christ,Jesus,Korpilahti,4,4
Jesus / Christ,Jesus,Korpiselkä,1,1
Jesus / Christ,Jesus,Koski Hl.,4,2
Jesus / Christ,Jesus,Kuhmoinen,3,2
Jesus / Christ,Jesus,Kuorevesi,1,1
Jesus / Christ,Jesus,Kupanitsa,1,1
Jesus / Christ,Jesus,Kuusalu,1,1
Jesus / Christ,Jesus,Lempaala,9,4
Jesus / Christ,Jesus,Leppävirta,1,1
Jesus / Christ,Jesus,Liperi,1,1
Jesus / Christ,Jesus,Loppi,1,1
Jesus / Christ,Jesus,Luumäki,1,1
Jesus / Christ,Jesus,Markkova,3,1
Jesus / Christ,Jesus,Marttila,3,3
Jesus / Christ,Jesus,Multia,2,1
Jesus / Christ,Jesus,Narvusi,18,6
Jesus / Christ,Jesus,Nastola,2,1
Jesus / Christ,Jesus,Pajala,2,2
Jesus / Christ,Jesus,Paltamo,2,2
Jesus / Christ,Jesus,Parkano,4,3
Jesus / Christ,Jesus,Pielisjärvi,1,1
Jesus / Christ,Jesus,Piippola,3,1
Jesus / Christ,Jesus,Pirkkala,2,2
Jesus / Christ,Jesus,Porajärvi,2,2
Jesus / Christ,Jesus,Puhja,1,1
Jesus / Christ,Jesus,Pyhäjärvi Ol.,2,2
Jesus / Christ,Jesus,Pälkjärvi,3,1
Jesus / Christ,Jesus,Renko,1,1
Jesus / Christ,Jesus,Ruskeala,1,1
Jesus / Christ,Jesus,Rääkkylä,2,1
Jesus / Christ,Jesus,Rääpyvä,2,2
Jesus / Christ,Jesus,Sahalahti,2,1
Jesus / Christ,Jesus,Sakkola,4,3
Jesus / Christ,Jesus,Serepetta,1,1
Jesus / Christ,Jesus,Setumaa,1,1
Jesus / Christ,Jesus,Soanlahti,7,4
Jesus / Christ,Jesus,Soikkola,5,3
Jesus / Christ,Jesus,Somero,1,1
Jesus / Christ,Jesus,Suistamo,9,5
Jesus / Christ,Jesus,Suojärvi,31,5
Jesus / Christ,Jesus,Sysmä,4,3
Jesus / Christ,Jesus,Sääksmäki,6,1
Jesus / Christ,Jesus,Tammela,5,4
Jesus / Christ,Jesus,Tohmajärvi,5,2
Jesus / Christ,Jesus,Toksova,1,1
Jesus / Christ,Jesus,Tulemajärvi,1,1
Jesus / Christ,Jesus,Tuupovaara,1,1
Jesus / Christ,Jesus,Tuutari,3,2
Jesus / Christ,Jesus,Tyrö,1,1
Jesus / Christ,Jesus,Uukuniemi,5,2
Jesus / Christ,Jesus,Vuole,5,4
Jesus / Christ,Other,Ambla,2,2
Jesus / Christ,Other,Haljala,1,1
Jesus / Christ,Other,Hartola,1,1
Jesus / Christ,Other,Ilomantsi,2,1
Jesus / Christ,Other,Jaakkima,1,1
Jesus / Christ,Other,Jokioinen,1,1
Jesus / Christ,Other,Juuka,1,1
Jesus / Christ,Other,Kadrina,3,2
Jesus / Christ,Other,Karula,1,1
Jesus / Christ,Other,Kitee,1,1
Jesus / Christ,Other,Kiuruvesi,2,2
Jesus / Christ,Other,Kivijärvi,1,1
Jesus / Christ,Other,Koprina,1,1
Jesus / Christ,Other,Kuorevesi,1,1
Jesus / Christ,Other,Kuusalu,2,2
Jesus / Christ,Other,Narvusi,4,3
Jesus / Christ,Other,Nekkula,1,1
Jesus / Christ,Other,Nurmes,1,1
Jesus / Christ,Other,Paltamo,1,1
Jesus / Christ,Other,Pielisjärvi,1,1
Jesus / Christ,Other,Porajärvi,3,2
Jesus / Christ,Other,Pühalepa,1,1
Jesus / Christ,Other,Salmi,4,2
Jesus / Christ,Other,Sangaste,1,1
Jesus / Christ,Other,Savitaipale,1,1
Jesus / Christ,Other,Suistamo,2,2
Jesus / Christ,Other,Suojärvi,3,2
Jesus / Christ,Other,Tarvastu,1,1
Jesus / Christ,Other,Urvaste,1,1
Jesus / Christ,Other,Vastseliina,1,1
Jesus / Christ,Other,Vuole,1,1
Jesus / Christ,Other,Väike-Maarja,1,1
Jesus / Christ,Other,Ypäjä,1,1
John / Jaan / Jussi / Hans,Ants,Ambla,2,2
John / Jaan / Jussi / Hans,Ants,Emmaste,1,1
John / Jaan / Jussi / Hans,Ants,Haljala,18,8
John / Jaan / Jussi / Hans,Ants,Halliste,5,5
John / Jaan / Jussi / Hans,Ants,Harju-Jaani,2,2
John / Jaan / Jussi / Hans,Ants,Helme,2,2
John / Jaan / Jussi / Hans,Ants,Jaani,1,1
John / Jaan / Jussi / Hans,Ants,Juuru,1,1
John / Jaan / Jussi / Hans,Ants,Järva-Jaani,1,1
John / Jaan / Jussi / Hans,Ants,Jõelähtme,6,4
John / Jaan / Jussi / Hans,Ants,Jõhvi,1,1
John / Jaan / Jussi / Hans,Ants,Jüri,1,1
John / Jaan / Jussi / Hans,Ants,Kadrina,4,4
John / Jaan / Jussi / Hans,Ants,Kanepi,1,1
John / Jaan / Jussi / Hans,Ants,Karksi,5,5
John / Jaan / Jussi / Hans,Ants,Karula,1,1
John / Jaan / Jussi / Hans,Ants,Karuse,6,2
John / Jaan / Jussi / Hans,Ants,Kihelkonna,1,1
John / Jaan / Jussi / Hans,Ants,Koeru,6,5
John / Jaan / Jussi / Hans,Ants,Kolga-Jaani,12,7
John / Jaan / Jussi / Hans,Ants,Kose,8,5
John / Jaan / Jussi / Hans,Ants,Kullamaa,2,2
John / Jaan / Jussi / Hans,Ants,Kuusalu,11,6
John / Jaan / Jussi / Hans,Ants,Käina,1,1
John / Jaan / Jussi / Hans,Ants,Kärla,1,1
John / Jaan / Jussi / Hans,Ants,Laiuse,6,4
John / Jaan / Jussi / Hans,Ants,Lääne-Nigula,4,2
John / Jaan / Jussi / Hans,Ants,Lüganuse,3,3
John / Jaan / Jussi / Hans,Ants,Mihkli,1,1
John / Jaan / Jussi / Hans,Ants,Muhu,5,4
John / Jaan / Jussi / Hans,Ants,Mustjala,7,4
John / Jaan / Jussi / Hans,Ants,Märjamaa,9,5
John / Jaan / Jussi / Hans,Ants,Nõo,2,1
John / Jaan / Jussi / Hans,Ants,Otepää,1,1
John / Jaan / Jussi / Hans,Ants,Paistu,1,1
John / Jaan / Jussi / Hans,Ants,Peetri,3,3
John / Jaan / Jussi / Hans,Ants,Pilistvere,1,1
John / Jaan / Jussi / Hans,Ants,Pärnu,2,2
John / Jaan / Jussi / Hans,Ants,Põltsamaa,6,2
John / Jaan / Jussi / Hans,Ants,Põlva,2,2
John / Jaan / Jussi / Hans,Ants,Pühalepa,1,1
John / Jaan / Jussi / Hans,Ants,Rannu,1,1
John / Jaan / Jussi / Hans,Ants,Reigi,2,1
John / Jaan / Jussi / Hans,Ants,Ridala,1,1
John / Jaan / Jussi / Hans,Ants,Risti,3,2
John / Jaan / Jussi / Hans,Ants,Räpina,1,1
John / Jaan / Jussi / Hans,Ants,Rõuge,5,3
John / Jaan / Jussi / Hans,Ants,Sangaste,5,5
John / Jaan / Jussi / Hans,Ants,Setumaa,2,1
John / Jaan / Jussi / Hans,Ants,Simuna,3,2
John / Jaan / Jussi / Hans,Ants,Suure-Jaani,2,2
John / Jaan / Jussi / Hans,Ants,Tarvastu,12,4
John / Jaan / Jussi / Hans,Ants,Tori,4,3
John / Jaan / Jussi / Hans,Ants,Tõstamaa,2,2
John / Jaan / Jussi / Hans,Ants,Urvaste,1,1
John / Jaan / Jussi / Hans,Ants,Vaivara,3,2
John / Jaan / Jussi / Hans,Ants,Varbla,1,1
John / Jaan / Jussi / Hans,Ants,Vastseliina,1,1
John / Jaan / Jussi / Hans,Ants,Vigala,2,2
John / Jaan / Jussi / Hans,Ants,Viljandi,10,5
John / Jaan / Jussi / Hans,Ants,Viru-Jaagupi,1,1
John / Jaan / Jussi / Hans,Ants,Viru-Nigula,1,1
John / Jaan / Jussi / Hans,Ants,Väike-Maarja,6,1
John / Jaan / Jussi / Hans,Ants,Vändra,1,1
John / Jaan / Jussi / Hans,Ants,Võnnu,3,3
John / Jaan / Jussi / Hans,Ants,Äksi,2,2
John / Jaan / Jussi / Hans,Hans,Ambla,13,7
John / Jaan / Jussi / Hans,Hans,Anseküla,1,1
John / Jaan / Jussi / Hans,Hans,Audru,11,6
John / Jaan / Jussi / Hans,Hans,Haljala,1,1
John / Jaan / Jussi / Hans,Hans,Halliste,14,10
John / Jaan / Jussi / Hans,Hans,Harju-Jaani,5,4
John / Jaan / Jussi / Hans,Hans,Harju-Madise,1,1
John / Jaan / Jussi / Hans,Hans,Helme,4,3
John / Jaan / Jussi / Hans,Hans,Häädemeeste,1,1
John / Jaan / Jussi / Hans,Hans,Iisaku,2,2
John / Jaan / Jussi / Hans,Hans,Järva-Jaani,6,3
John / Jaan / Jussi / Hans,Hans,Järva-Madise,8,4
John / Jaan / Jussi / Hans,Hans,Jõelähtme,1,1
John / Jaan / Jussi / Hans,Hans,Jõhvi,2,2
John / Jaan / Jussi / Hans,Hans,Jüri,7,4
John / Jaan / Jussi / Hans,Hans,Kaarma,11,1
John / Jaan / Jussi / Hans,Hans,Kadrina,5,5
John / Jaan / Jussi / Hans,Hans,Karja,14,2
John / Jaan / Jussi / Hans,Hans,Karksi,8,6
John / Jaan / Jussi / Hans,Hans,Karuse,8,5
John / Jaan / Jussi / Hans,Hans,Koeru,6,4
John / Jaan / Jussi / Hans,Hans,Kolga-Jaani,18,6
John / Jaan / Jussi / Hans,Hans,Kose,19,10
John / Jaan / Jussi / Hans,Hans,Kullamaa,1,1
John / Jaan / Jussi / Hans,Hans,Kursi,1,1
John / Jaan / Jussi / Hans,Hans,Kuusalu,3,2
John / Jaan / Jussi / Hans,Hans,Kymi,1,1
John / Jaan / Jussi / Hans,Hans,Kõpu,7,4
John / Jaan / Jussi / Hans,Hans,Laiuse,5,4
John / Jaan / Jussi / Hans,Hans,Lüganuse,1,1
John / Jaan / Jussi / Hans,Hans,Maarja-Magdaleena,1,1
John / Jaan / Jussi / Hans,Hans,Mihkli,3,2
John / Jaan / Jussi / Hans,Hans,Muhu,1,1
John / Jaan / Jussi / Hans,Hans,Nurmijärvi,1,1
John / Jaan / Jussi / Hans,Hans,Otepää,3,2
John / Jaan / Jussi / Hans,Hans,Paide,5,3
John / Jaan / Jussi / Hans,Hans,Paistu,11,5
John / Jaan / Jussi / Hans,Hans,Palamuse,8,4
John / Jaan / Jussi / Hans,Hans,Peetri,1,1
John / Jaan / Jussi / Hans,Hans,Pilistvere,6,5
John / Jaan / Jussi / Hans,Hans,Puhja,3,1
John / Jaan / Jussi / Hans,Hans,Pärnu,7,1
John / Jaan / Jussi / Hans,Hans,Pärnu-Jaagupi,2,2
John / Jaan / Jussi / Hans,Hans,Põltsamaa,22,5
John / Jaan / Jussi / Hans,Hans,Pöide,2,2
John / Jaan / Jussi / Hans,Hans,Rannu,1,1
John / Jaan / Jussi / Hans,Hans,Rapla,6,4
John / Jaan / Jussi / Hans,Hans,Risti,6,2
John / Jaan / Jussi / Hans,Hans,Räpina,1,1
John / Jaan / Jussi / Hans,Hans,Rõngu,1,1
John / Jaan / Jussi / Hans,Hans,Rõuge,4,1
John / Jaan / Jussi / Hans,Hans,Saarde,10,4
John / Jaan / Jussi / Hans,Hans,Simuna,4,3
John / Jaan / Jussi / Hans,Hans,Suure-Jaani,5,5
John / Jaan / Jussi / Hans,Hans,Tartu-Maarja,4,2
John / Jaan / Jussi / Hans,Hans,Tarvastu,12,5
John / Jaan / Jussi / Hans,Hans,Tori,5,1
John / Jaan / Jussi / Hans,Hans,Torma,2,1
John / Jaan / Jussi / Hans,Hans,Türi,7,4
John / Jaan / Jussi / Hans,Hans,Vaivara,2,1
John / Jaan / Jussi / Hans,Hans,Vigala,4,3
John / Jaan / Jussi / Hans,Hans,Viljandi,19,11
John / Jaan / Jussi / Hans,Hans,Viru-Jaagupi,1,1
John / Jaan / Jussi / Hans,Hans,Viru-Nigula,6,4
John / Jaan / Jussi / Hans,Hans,Väike-Maarja,9,7
John / Jaan / Jussi / Hans,Hans,Vändra,14,8
John / Jaan / Jussi / Hans,Hans,Võnnu,11,5
John / Jaan / Jussi / Hans,Hans,Äksi,1,1
John / Jaan / Jussi / Hans,Iivana,Ilomantsi,4,1
John / Jaan / Jussi / Hans,Iivana,Joroinen,1,1
John / Jaan / Jussi / Hans,Iivana,Kaprio,3,1
John / Jaan / Jussi / Hans,Iivana,Leppävirta,1,1
John / Jaan / Jussi / Hans,Iivana,Narvusi,9,5
John / Jaan / Jussi / Hans,Iivana,Repola,2,1
John / Jaan / Jussi / Hans,Iivana,Soikkola,2,2
John / Jaan / Jussi / Hans,Iivana,Suistamo,1,1
John / Jaan / Jussi / Hans,Iivana,Uhtua,1,1
John / Jaan / Jussi / Hans,Iivana,Vuokkiniemi,1,1
John / Jaan / Jussi / Hans,Iivana,Vuole,1,1
John / Jaan / Jussi / Hans,Jaan,Ambla,12,9
John / Jaan / Jussi / Hans,Jaan,Anseküla,1,1
John / Jaan / Jussi / Hans,Jaan,Audru,6,6
John / Jaan / Jussi / Hans,Jaan,Hageri,2,2
John / Jaan / Jussi / Hans,Jaan,Haljala,15,9
John / Jaan / Jussi / Hans,Jaan,Halliste,35,12
John / Jaan / Jussi / Hans,Jaan,Hanila,15,6
John / Jaan / Jussi / Hans,Jaan,Hargla,5,3
John / Jaan / Jussi / Hans,Jaan,Harju-Jaani,7,7
John / Jaan / Jussi / Hans,Jaan,Helme,34,8
John / Jaan / Jussi / Hans,Jaan,Häädemeeste,10,10
John / Jaan / Jussi / Hans,Jaan,Iisaku,1,1
John / Jaan / Jussi / Hans,Jaan,Jaani,1,1
John / Jaan / Jussi / Hans,Jaan,Juuru,2,2
John / Jaan / Jussi / Hans,Jaan,Järva-Jaani,5,4
John / Jaan / Jussi / Hans,Jaan,Järva-Madise,8,6
John / Jaan / Jussi / Hans,Jaan,Jõelähtme,2,2
John / Jaan / Jussi / Hans,Jaan,Jõhvi,8,6
John / Jaan / Jussi / Hans,Jaan,Jüri,8,5
John / Jaan / Jussi / Hans,Jaan,Kaarma,4,2
John / Jaan / Jussi / Hans,Jaan,Kadrina,10,10
John / Jaan / Jussi / Hans,Jaan,Kambja,2,2
John / Jaan / Jussi / Hans,Jaan,Kanepi,1,1
John / Jaan / Jussi / Hans,Jaan,Karja,1,1
John / Jaan / Jussi / Hans,Jaan,Karksi,41,11
John / Jaan / Jussi / Hans,Jaan,Karula,3,2
John / Jaan / Jussi / Hans,Jaan,Karuse,24,10
John / Jaan / Jussi / Hans,Jaan,Kihelkonna,8,1
John / Jaan / Jussi / Hans,Jaan,Kodavere,2,2
John / Jaan / Jussi / Hans,Jaan,Koeru,56,8
John / Jaan / Jussi / Hans,Jaan,Kolga-Jaani,33,17
John / Jaan / Jussi / Hans,Jaan,Kose,11,7
John / Jaan / Jussi / Hans,Jaan,Kullamaa,4,4
John / Jaan / Jussi / Hans,Jaan,Kursi,6,4
John / Jaan / Jussi / Hans,Jaan,Kuusalu,17,11
John / Jaan / Jussi / Hans,Jaan,Kõpu,4,2
John / Jaan / Jussi / Hans,Jaan,Laiuse,6,5
John / Jaan / Jussi / Hans,Jaan,Lihula,6,1
John / Jaan / Jussi / Hans,Jaan,Lüganuse,4,4
John / Jaan / Jussi / Hans,Jaan,Maarja-Magdaleena,5,5
John / Jaan / Jussi / Hans,Jaan,Martna,11,3
John / Jaan / Jussi / Hans,Jaan,Mihkli,11,4
John / Jaan / Jussi / Hans,Jaan,Muhu,41,15
John / Jaan / Jussi / Hans,Jaan,Mustjala,3,3
John / Jaan / Jussi / Hans,Jaan,Märjamaa,17,7
John / Jaan / Jussi / Hans,Jaan,Nõo,9,3
John / Jaan / Jussi / Hans,Jaan,Otepää,5,4
John / Jaan / Jussi / Hans,Jaan,Paistu,70,8
John / Jaan / Jussi / Hans,Jaan,Palamuse,4,3
John / Jaan / Jussi / Hans,Jaan,Peetri,59,9
John / Jaan / Jussi / Hans,Jaan,Pilistvere,8,5
John / Jaan / Jussi / Hans,Jaan,Puhja,8,5
John / Jaan / Jussi / Hans,Jaan,Pärnu,17,11
John / Jaan / Jussi / Hans,Jaan,Pärnu-Jaagupi,2,2
John / Jaan / Jussi / Hans,Jaan,Põltsamaa,11,5
John / Jaan / Jussi / Hans,Jaan,Põlva,4,3
John / Jaan / Jussi / Hans,Jaan,Pöide,4,4
John / Jaan / Jussi / Hans,Jaan,Pühalepa,4,2
John / Jaan / Jussi / Hans,Jaan,Rakvere,3,2
John / Jaan / Jussi / Hans,Jaan,Rannu,5,3
John / Jaan / Jussi / Hans,Jaan,Rapla,7,2
John / Jaan / Jussi / Hans,Jaan,Reigi,1,1
John / Jaan / Jussi / Hans,Jaan,Ridala,2,1
John / Jaan / Jussi / Hans,Jaan,Risti,10,3
John / Jaan / Jussi / Hans,Jaan,Räpina,12,2
John / Jaan / Jussi / Hans,Jaan,Rõngu,7,7
John / Jaan / Jussi / Hans,Jaan,Rõuge,7,4
John / Jaan / Jussi / Hans,Jaan,Saarde,4,2
John / Jaan / Jussi / Hans,Jaan,Sangaste,6,4
John / Jaan / Jussi / Hans,Jaan,Setumaa,11,8
John / Jaan / Jussi / Hans,Jaan,Simuna,7,4
John / Jaan / Jussi / Hans,Jaan,Suure-Jaani,24,15
John / Jaan / Jussi / Hans,Jaan,Tartu-Maarja,10,3
John / Jaan / Jussi / Hans,Jaan,Tarvastu,7,6
John / Jaan / Jussi / Hans,Jaan,Tori,11,9
John / Jaan / Jussi / Hans,Jaan,Torma,8,5
John / Jaan / Jussi / Hans,Jaan,Tõstamaa,3,3
John / Jaan / Jussi / Hans,Jaan,Türi,4,4
John / Jaan / Jussi / Hans,Jaan,Urvaste,5,4
John / Jaan / Jussi / Hans,Jaan,Vaivara,1,1
John / Jaan / Jussi / Hans,Jaan,Valjala,1,1
John / Jaan / Jussi / Hans,Jaan,Varbla,5,3
John / Jaan / Jussi / Hans,Jaan,Vigala,15,10
John / Jaan / Jussi / Hans,Jaan,Viljandi,16,12
John / Jaan / Jussi / Hans,Jaan,Viru-Jaagupi,2,2
John / Jaan / Jussi / Hans,Jaan,Viru-Nigula,4,4
John / Jaan / Jussi / Hans,Jaan,Väike-Maarja,7,7
John / Jaan / Jussi / Hans,Jaan,Vändra,7,5
John / Jaan / Jussi / Hans,Jaan,Võnnu,5,3
John / Jaan / Jussi / Hans,Jaan,Äksi,3,3
John / Jaan / Jussi / Hans,Jussi/Juss,Alajärvi,1,1
John / Jaan / Jussi / Hans,Jussi/Juss,Alavus,3,2
John / Jaan / Jussi / Hans,Jussi/Juss,Asikkala,1,1
John / Jaan / Jussi / Hans,Jussi/Juss,Askainen,1,1
John / Jaan / Jussi / Hans,Jussi/Juss,Eurajoki,1,1
John / Jaan / Jussi / Hans,Jussi/Juss,Evijärvi,3,3
John / Jaan / Jussi / Hans,Jussi/Juss,Forssa,2,2
John / Jaan / Jussi / Hans,Jussi/Juss,Halikko,1,1
John / Jaan / Jussi / Hans,Jussi/Juss,Haljala,1,1
John / Jaan / Jussi / Hans,Jussi/Juss,Harlu,1,1
John / Jaan / Jussi / Hans,Jussi/Juss,Hartola,5,4
John / Jaan / Jussi / Hans,Jussi/Juss,Hattula,13,11
John / Jaan / Jussi / Hans,Jussi/Juss,Hauho,5,4
John / Jaan / Jussi / Hans,Jussi/Juss,Haukivuori,1,1
John / Jaan / Jussi / Hans,Jussi/Juss,Hausjärvi,5,5
John / Jaan / Jussi / Hans,Jussi/Juss,Heinjoki,7,3
John / Jaan / Jussi / Hans,Jussi/Juss,Heinävesi,13,12
John / Jaan / Jussi / Hans,Jussi/Juss,Helsinki,1,1
John / Jaan / Jussi / Hans,Jussi/Juss,Humppila,1,1
John / Jaan / Jussi / Hans,Jussi/Juss,Hyvinkää,1,1
John / Jaan / Jussi / Hans,Jussi/Juss,Hämeenkyrö,2,2
John / Jaan / Jussi / Hans,Jussi/Juss,Hämeenlinna,6,6
John / Jaan / Jussi / Hans,Jussi/Juss,Häädemeeste,1,1
John / Jaan / Jussi / Hans,Jussi/Juss,Iisalmi,4,4
John / Jaan / Jussi / Hans,Jussi/Juss,Iitti,2,1
John / Jaan / Jussi / Hans,Jussi/Juss,Ilomantsi,5,5
John / Jaan / Jussi / Hans,Jussi/Juss,Isojoki,1,1
John / Jaan / Jussi / Hans,Jussi/Juss,Jalasjärvi,2,2
John / Jaan / Jussi / Hans,Jussi/Juss,Janakkala,3,3
John / Jaan / Jussi / Hans,Jussi/Juss,Jokioinen,1,1
John / Jaan / Jussi / Hans,Jussi/Juss,Joroinen,3,3
John / Jaan / Jussi / Hans,Jussi/Juss,Joutseno,1,1
John / Jaan / Jussi / Hans,Jussi/Juss,Juuka,1,1
John / Jaan / Jussi / Hans,Jussi/Juss,Juva,2,2
John / Jaan / Jussi / Hans,Jussi/Juss,Jällivaara,1,1
John / Jaan / Jussi / Hans,Jussi/Juss,Jämsä,3,2
John / Jaan / Jussi / Hans,Jussi/Juss,Jõelähtme,1,1
John / Jaan / Jussi / Hans,Jussi/Juss,Jüri,1,1
John / Jaan / Jussi / Hans,Jussi/Juss,Kaavi,3,3
John / Jaan / Jussi / Hans,Jussi/Juss,Kalajoki,1,1
John / Jaan / Jussi / Hans,Jussi/Juss,Kangasala,1,1
John / Jaan / Jussi / Hans,Jussi/Juss,Kangaslampi,2,2
John / Jaan / Jussi / Hans,Jussi/Juss,Kangasniemi,6,3
John / Jaan / Jussi / Hans,Jussi/Juss,Kanneljärvi,2,2
John / Jaan / Jussi / Hans,Jussi/Juss,Karinainen,1,1
John / Jaan / Jussi / Hans,Jussi/Juss,Karksi,4,3
John / Jaan / Jussi / Hans,Jussi/Juss,Karstula,1,1
John / Jaan / Jussi / Hans,Jussi/Juss,Karttula,1,1
John / Jaan / Jussi / Hans,Jussi/Juss,Karuna,3,3
John / Jaan / Jussi / Hans,Jussi/Juss,Karunki,1,1
John / Jaan / Jussi / Hans,Jussi/Juss,Kauhajoki,2,2
John / Jaan / Jussi / Hans,Jussi/Juss,Kauhava,1,1
John / Jaan / Jussi / Hans,Jussi/Juss,Kaukola,2,2
John / Jaan / Jussi / Hans,Jussi/Juss,Kauvatsa,1,1
John / Jaan / Jussi / Hans,Jussi/Juss,Kemi,1,1
John / Jaan / Jussi / Hans,Jussi/Juss,Kerimäki,1,1
John / Jaan / Jussi / Hans,Jussi/Juss,Kihniö,2,2
John / Jaan / Jussi / Hans,Jussi/Juss,Kiihtelysvaara,1,1
John / Jaan / Jussi / Hans,Jussi/Juss,Kiikka,1,1
John / Jaan / Jussi / Hans,Jussi/Juss,Kiikoinen,1,1
John / Jaan / Jussi / Hans,Jussi/Juss,Kinnula,1,1
John / Jaan / Jussi / Hans,Jussi/Juss,Kirvu,1,1
John / Jaan / Jussi / Hans,Jussi/Juss,Kitee,7,3
John / Jaan / Jussi / Hans,Jussi/Juss,Kiukainen,2,1
John / Jaan / Jussi / Hans,Jussi/Juss,Kiuruvesi,10,7
John / Jaan / Jussi / Hans,Jussi/Juss,Kivennapa,2,2
John / Jaan / Jussi / Hans,Jussi/Juss,Kivijärvi,1,1
John / Jaan / Jussi / Hans,Jussi/Juss,Kokemäki,2,2
John / Jaan / Jussi / Hans,Jussi/Juss,Kontiolahti,4,3
John / Jaan / Jussi / Hans,Jussi/Juss,Kontokki,1,1
John / Jaan / Jussi / Hans,Jussi/Juss,Koprina,1,1
John / Jaan / Jussi / Hans,Jussi/Juss,Korpilahti,2,1
John / Jaan / Jussi / Hans,Jussi/Juss,Korpiselkä,1,1
John / Jaan / Jussi / Hans,Jussi/Juss,Kose,2,1
John / Jaan / Jussi / Hans,Jussi/Juss,Koski Hl.,4,4
John / Jaan / Jussi / Hans,Jussi/Juss,Koski Tl.,1,1
John / Jaan / Jussi / Hans,Jussi/Juss,Kuhmo,1,1
John / Jaan / Jussi / Hans,Jussi/Juss,Kuhmoinen,2,1
John / Jaan / Jussi / Hans,Jussi/Juss,Kuopio,1,1
John / Jaan / Jussi / Hans,Jussi/Juss,Kurikka,1,1
John / Jaan / Jussi / Hans,Jussi/Juss,Kurkijoki,1,1
John / Jaan / Jussi / Hans,Jussi/Juss,Kursi,1,1
John / Jaan / Jussi / Hans,Jussi/Juss,Kuusamo,3,1
John / Jaan / Jussi / Hans,Jussi/Juss,Kärkölä,2,2
John / Jaan / Jussi / Hans,Jussi/Juss,Kärsämäki,3,2
John / Jaan / Jussi / Hans,Jussi/Juss,Lahti,4,2
John / Jaan / Jussi / Hans,Jussi/Juss,Laihia,3,3
John / Jaan / Jussi / Hans,Jussi/Juss,Laitila,2,2
John / Jaan / Jussi / Hans,Jussi/Juss,Lapinlahti,1,1
John / Jaan / Jussi / Hans,Jussi/Juss,Lappajärvi,1,1
John / Jaan / Jussi / Hans,Jussi/Juss,Lappee,1,1
John / Jaan / Jussi / Hans,Jussi/Juss,Lapua,7,6
John / Jaan / Jussi / Hans,Jussi/Juss,Lapväärtti,1,1
John / Jaan / Jussi / Hans,Jussi/Juss,Lehtimäki,1,1
John / Jaan / Jussi / Hans,Jussi/Juss,Lempaala,3,2
John / Jaan / Jussi / Hans,Jussi/Juss,Leppävirta,7,6
John / Jaan / Jussi / Hans,Jussi/Juss,Liissilä,4,1
John / Jaan / Jussi / Hans,Jussi/Juss,Liperi,1,1
John / Jaan / Jussi / Hans,Jussi/Juss,Loppi,1,1
John / Jaan / Jussi / Hans,Jussi/Juss,Lumivaara,1,1
John / Jaan / Jussi / Hans,Jussi/Juss,Luopioinen,4,4
John / Jaan / Jussi / Hans,Jussi/Juss,Luvia,1,1
John / Jaan / Jussi / Hans,Jussi/Juss,Längelmäki,1,1
John / Jaan / Jussi / Hans,Jussi/Juss,Maaninka,3,2
John / Jaan / Jussi / Hans,Jussi/Juss,Marttila,2,1
John / Jaan / Jussi / Hans,Jussi/Juss,Masku,2,1
John / Jaan / Jussi / Hans,Jussi/Juss,Merikarvia,1,1
John / Jaan / Jussi / Hans,Jussi/Juss,Merimasku,1,1
John / Jaan / Jussi / Hans,Jussi/Juss,Messukylä,1,1
John / Jaan / Jussi / Hans,Jussi/Juss,Metsäpirtti,1,1
John / Jaan / Jussi / Hans,Jussi/Juss,Mietoinen,1,1
John / Jaan / Jussi / Hans,Jussi/Juss,Moloskovitsa,1,1
John / Jaan / Jussi / Hans,Jussi/Juss,Mouhijärvi,3,3
John / Jaan / Jussi / Hans,Jussi/Juss,Muhos,1,1
John / Jaan / Jussi / Hans,Jussi/Juss,Muolaa,5,4
John / Jaan / Jussi / Hans,Jussi/Juss,Mustjala,1,1
John / Jaan / Jussi / Hans,Jussi/Juss,Muurla,17,11
John / Jaan / Jussi / Hans,Jussi/Juss,Muuruvesi,3,1
John / Jaan / Jussi / Hans,Jussi/Juss,Mynämäki,9,5
John / Jaan / Jussi / Hans,Jussi/Juss,Myrskylä,1,1
John / Jaan / Jussi / Hans,Jussi/Juss,Mäntsälä,4,4
John / Jaan / Jussi / Hans,Jussi/Juss,Mäntyharju,2,1
John / Jaan / Jussi / Hans,Jussi/Juss,Märjamaa,1,1
John / Jaan / Jussi / Hans,Jussi/Juss,Nakkila,2,2
John / Jaan / Jussi / Hans,Jussi/Juss,Nastola,1,1
John / Jaan / Jussi / Hans,Jussi/Juss,Nilsiä,4,4
John / Jaan / Jussi / Hans,Jussi/Juss,Noormarkku,1,1
John / Jaan / Jussi / Hans,Jussi/Juss,Nousiainen,1,1
John / Jaan / Jussi / Hans,Jussi/Juss,Nurmes,11,10
John / Jaan / Jussi / Hans,Jussi/Juss,Orimattila,2,2
John / Jaan / Jussi / Hans,Jussi/Juss,Paavola,2,1
John / Jaan / Jussi / Hans,Jussi/Juss,Paimio,2,2
John / Jaan / Jussi / Hans,Jussi/Juss,Perho,1,1
John / Jaan / Jussi / Hans,Jussi/Juss,Perniö,1,1
John / Jaan / Jussi / Hans,Jussi/Juss,Pertteli,3,3
John / Jaan / Jussi / Hans,Jussi/Juss,Pielavesi,4,3
John / Jaan / Jussi / Hans,Jussi/Juss,Pielisjärvi,3,3
John / Jaan / Jussi / Hans,Jussi/Juss,Pihtipudas,2,1
John / Jaan / Jussi / Hans,Jussi/Juss,Pilistvere,1,1
John / Jaan / Jussi / Hans,Jussi/Juss,Pirkkala,1,1
John / Jaan / Jussi / Hans,Jussi/Juss,Polvijärvi,1,1
John / Jaan / Jussi / Hans,Jussi/Juss,Pomarkku,2,2
John / Jaan / Jussi / Hans,Jussi/Juss,Pori,2,2
John / Jaan / Jussi / Hans,Jussi/Juss,Pudasjärvi,5,3
John / Jaan / Jussi / Hans,Jussi/Juss,Punkalaidun,4,4
John / Jaan / Jussi / Hans,Jussi/Juss,Pusula,1,1
John / Jaan / Jussi / Hans,Jussi/Juss,Pyhäjärvi Ol.,4,3
John / Jaan / Jussi / Hans,Jussi/Juss,Pyhäjärvi Ul.,4,3
John / Jaan / Jussi / Hans,Jussi/Juss,Pyhäselkä,2,2
John / Jaan / Jussi / Hans,Jussi/Juss,Pälkjärvi,1,1
John / Jaan / Jussi / Hans,Jussi/Juss,Pälkäne,2,2
John / Jaan / Jussi / Hans,Jussi/Juss,Pöytyä,7,4
John / Jaan / Jussi / Hans,Jussi/Juss,Ranua,6,6
John / Jaan / Jussi / Hans,Jussi/Juss,Rapla,1,1
John / Jaan / Jussi / Hans,Jussi/Juss,Rauma,1,1
John / Jaan / Jussi / Hans,Jussi/Juss,Rautavaara,1,1
John / Jaan / Jussi / Hans,Jussi/Juss,Rautjärvi,2,1
John / Jaan / Jussi / Hans,Jussi/Juss,Rautu,3,3
John / Jaan / Jussi / Hans,Jussi/Juss,Renko,6,4
John / Jaan / Jussi / Hans,Jussi/Juss,Ruokolahti,4,3
John / Jaan / Jussi / Hans,Jussi/Juss,Ruovesi,7,6
John / Jaan / Jussi / Hans,Jussi/Juss,Rusko,1,1
John / Jaan / Jussi / Hans,Jussi/Juss,Räisälä,2,2
John / Jaan / Jussi / Hans,Jussi/Juss,Rääkkylä,3,3
John / Jaan / Jussi / Hans,Jussi/Juss,Rääpyvä,1,1
John / Jaan / Jussi / Hans,Jussi/Juss,Rõuge,1,1
John / Jaan / Jussi / Hans,Jussi/Juss,Saarijärvi,13,13
John / Jaan / Jussi / Hans,Jussi/Juss,Sakkola,7,4
John / Jaan / Jussi / Hans,Jussi/Juss,Savonlinna,5,5
John / Jaan / Jussi / Hans,Jussi/Juss,Siikajoki,1,1
John / Jaan / Jussi / Hans,Jussi/Juss,Siilinjärvi,1,1
John / Jaan / Jussi / Hans,Jussi/Juss,Simo,1,1
John / Jaan / Jussi / Hans,Jussi/Juss,Simuna,1,1
John / Jaan / Jussi / Hans,Jussi/Juss,Soanlahti,1,1
John / Jaan / Jussi / Hans,Jussi/Juss,Somerniemi,1,1
John / Jaan / Jussi / Hans,Jussi/Juss,Somero,4,4
John / Jaan / Jussi / Hans,Jussi/Juss,Sonkajärvi,4,4
John / Jaan / Jussi / Hans,Jussi/Juss,Sortavala,3,2
John / Jaan / Jussi / Hans,Jussi/Juss,Sotkamo,3,3
John / Jaan / Jussi / Hans,Jussi/Juss,Suistamo,4,3
John / Jaan / Jussi / Hans,Jussi/Juss,Sulkava,1,1
John / Jaan / Jussi / Hans,Jussi/Juss,Suomusjärvi,3,2
John / Jaan / Jussi / Hans,Jussi/Juss,Suomussalmi,1,1
John / Jaan / Jussi / Hans,Jussi/Juss,Suonenjoki,2,2
John / Jaan / Jussi / Hans,Jussi/Juss,Suure-Jaani,1,1
John / Jaan / Jussi / Hans,Jussi/Juss,Sysmä,4,4
John / Jaan / Jussi / Hans,Jussi/Juss,Sääksmäki,1,1
John / Jaan / Jussi / Hans,Jussi/Juss,Taivassalo,1,1
John / Jaan / Jussi / Hans,Jussi/Juss,Tammela,10,5
John / Jaan / Jussi / Hans,Jussi/Juss,Tampere,3,3
John / Jaan / Jussi / Hans,Jussi/Juss,Terijoki,1,1
John / Jaan / Jussi / Hans,Jussi/Juss,Tervo,1,1
John / Jaan / Jussi / Hans,Jussi/Juss,Teuva,3,3
John / Jaan / Jussi / Hans,Jussi/Juss,Tohmajärvi,1,1
John / Jaan / Jussi / Hans,Jussi/Juss,Turku,1,1
John / Jaan / Jussi / Hans,Jussi/Juss,Turtola,4,4
John / Jaan / Jussi / Hans,Jussi/Juss,Tuulos,5,5
John / Jaan / Jussi / Hans,Jussi/Juss,Tuusniemi,5,5
John / Jaan / Jussi / Hans,Jussi/Juss,Tuusula,3,2
John / Jaan / Jussi / Hans,Jussi/Juss,Tyrväntö,1,1
John / Jaan / Jussi / Hans,Jussi/Juss,Tyrvää,2,2
John / Jaan / Jussi / Hans,Jussi/Juss,Tyrö,1,1
John / Jaan / Jussi / Hans,Jussi/Juss,Tytärsaari,1,1
John / Jaan / Jussi / Hans,Jussi/Juss,Töysä,3,2
John / Jaan / Jussi / Hans,Jussi/Juss,Uhtua,1,1
John / Jaan / Jussi / Hans,Jussi/Juss,Ulvila,1,1
John / Jaan / Jussi / Hans,Jussi/Juss,Urjala,4,4
John / Jaan / Jussi / Hans,Jussi/Juss,Uskela,17,14
John / Jaan / Jussi / Hans,Jussi/Juss,Uusikaupunki,2,2
John / Jaan / Jussi / Hans,Jussi/Juss,Vanaja,1,1
John / Jaan / Jussi / Hans,Jussi/Juss,Varkaus,5,3
John / Jaan / Jussi / Hans,Jussi/Juss,Vehkalahti,1,1
John / Jaan / Jussi / Hans,Jussi/Juss,Vehmaa,1,1
John / Jaan / Jussi / Hans,Jussi/Juss,Venjoki,4,1
John / Jaan / Jussi / Hans,Jussi/Juss,Vesanto,1,1
John / Jaan / Jussi / Hans,Jussi/Juss,Vesilahti,2,2
John / Jaan / Jussi / Hans,Jussi/Juss,Veteli,1,1
John / Jaan / Jussi / Hans,Jussi/Juss,Vihti,1,1
John / Jaan / Jussi / Hans,Jussi/Juss,Viipuri,1,1
John / Jaan / Jussi / Hans,Jussi/Juss,Viljandi,2,2
John / Jaan / Jussi / Hans,Jussi/Juss,Virtasalmi,2,2
John / Jaan / Jussi / Hans,Jussi/Juss,Vuokkiniemi,11,2
John / Jaan / Jussi / Hans,Jussi/Juss,Vuole,4,2
John / Jaan / Jussi / Hans,Jussi/Juss,Võnnu,1,1
John / Jaan / Jussi / Hans,Jussi/Juss,Ylihärmä,1,1
John / Jaan / Jussi / Hans,Jussi/Juss,Ylikiiminki,1,1
John / Jaan / Jussi / Hans,Jussi/Juss,Ylistaro,2,2
John / Jaan / Jussi / Hans,Jussi/Juss,Yläne,4,2
John / Jaan / Jussi / Hans,Jussi/Juss,Ypäjä,1,1
John / Jaan / Jussi / Hans,Other,Alavus,1,1
John / Jaan / Jussi / Hans,Other,Ambla,3,3
John / Jaan / Jussi / Hans,Other,Anseküla,2,2
John / Jaan / Jussi / Hans,Other,Asikkala,1,1
John / Jaan / Jussi / Hans,Other,Audru,1,1
John / Jaan / Jussi / Hans,Other,Haljala,6,5
John / Jaan / Jussi / Hans,Other,Halliste,1,1
John / Jaan / Jussi / Hans,Other,Hanila,1,1
John / Jaan / Jussi / Hans,Other,Harju-Jaani,5,3
John / Jaan / Jussi / Hans,Other,Hämeenlinna,2,1
John / Jaan / Jussi / Hans,Other,Iisaku,1,1
John / Jaan / Jussi / Hans,Other,Ilomantsi,4,4
John / Jaan / Jussi / Hans,Other,Impilahti,1,1
John / Jaan / Jussi / Hans,Other,Joroinen,1,1
John / Jaan / Jussi / Hans,Other,Järva-Jaani,1,1
John / Jaan / Jussi / Hans,Other,Jõelähtme,1,1
John / Jaan / Jussi / Hans,Other,Jõhvi,1,1
John / Jaan / Jussi / Hans,Other,Kaavi,1,1
John / Jaan / Jussi / Hans,Other,Kadrina,6,4
John / Jaan / Jussi / Hans,Other,Kanepi,1,1
John / Jaan / Jussi / Hans,Other,Kankaanpää,1,1
John / Jaan / Jussi / Hans,Other,Kaprio,1,1
John / Jaan / Jussi / Hans,Other,Karksi,2,2
John / Jaan / Jussi / Hans,Other,Karula,7,6
John / Jaan / Jussi / Hans,Other,Kauhava,1,1
John / Jaan / Jussi / Hans,Other,Kesälahti,3,1
John / Jaan / Jussi / Hans,Other,Kihelkonna,1,1
John / Jaan / Jussi / Hans,Other,Kiihtelysvaara,1,1
John / Jaan / Jussi / Hans,Other,Kiimaisjärvi,1,1
John / Jaan / Jussi / Hans,Other,Kitee,1,1
John / Jaan / Jussi / Hans,Other,Kivijärvi,2,2
John / Jaan / Jussi / Hans,Other,Kolga-Jaani,9,5
John / Jaan / Jussi / Hans,Other,Kontiolahti,1,1
John / Jaan / Jussi / Hans,Other,Koprina,3,1
John / Jaan / Jussi / Hans,Other,Kose,6,2
John / Jaan / Jussi / Hans,Other,Kuopio,1,1
John / Jaan / Jussi / Hans,Other,Kupanitsa,1,1
John / Jaan / Jussi / Hans,Other,Kursi,2,2
John / Jaan / Jussi / Hans,Other,Käina,2,2
John / Jaan / Jussi / Hans,Other,Kõpu,1,1
John / Jaan / Jussi / Hans,Other,Laiuse,1,1
John / Jaan / Jussi / Hans,Other,Lempaala,2,2
John / Jaan / Jussi / Hans,Other,Liissilä,1,1
John / Jaan / Jussi / Hans,Other,Lohja,2,1
John / Jaan / Jussi / Hans,Other,Maaninka,2,1
John / Jaan / Jussi / Hans,Other,Maarja-Magdaleena,1,1
John / Jaan / Jussi / Hans,Other,Markkova,1,1
John / Jaan / Jussi / Hans,Other,Mihkli,1,1
John / Jaan / Jussi / Hans,Other,Muhu,8,3
John / Jaan / Jussi / Hans,Other,Muurla,4,2
John / Jaan / Jussi / Hans,Other,Mäntyharju,1,1
John / Jaan / Jussi / Hans,Other,Narvusi,2,2
John / Jaan / Jussi / Hans,Other,Otepää,1,1
John / Jaan / Jussi / Hans,Other,Paattinen,1,1
John / Jaan / Jussi / Hans,Other,Paide,11,2
John / Jaan / Jussi / Hans,Other,Paimio,1,1
John / Jaan / Jussi / Hans,Other,Paistu,7,6
John / Jaan / Jussi / Hans,Other,Paltamo,2,2
John / Jaan / Jussi / Hans,Other,Peetri,1,1
John / Jaan / Jussi / Hans,Other,Pielavesi,2,1
John / Jaan / Jussi / Hans,Other,Pielisjärvi,1,1
John / Jaan / Jussi / Hans,Other,Puhja,2,2
John / Jaan / Jussi / Hans,Other,Pyhäjärvi Ol.,1,1
John / Jaan / Jussi / Hans,Other,Põltsamaa,3,3
John / Jaan / Jussi / Hans,Other,Pöide,3,1
John / Jaan / Jussi / Hans,Other,Rannu,2,2
John / Jaan / Jussi / Hans,Other,Rautalampi,1,1
John / Jaan / Jussi / Hans,Other,Risti,6,4
John / Jaan / Jussi / Hans,Other,Rovaniemi,1,1
John / Jaan / Jussi / Hans,Other,Ruotsin Ylitornio,2,1
John / Jaan / Jussi / Hans,Other,Räpina,1,1
John / Jaan / Jussi / Hans,Other,Rõngu,1,1
John / Jaan / Jussi / Hans,Other,Rõuge,2,1
John / Jaan / Jussi / Hans,Other,Sangaste,2,1
John / Jaan / Jussi / Hans,Other,Serepetta,3,1
John / Jaan / Jussi / Hans,Other,Setumaa,4,4
John / Jaan / Jussi / Hans,Other,Soikkola,1,1
John / Jaan / Jussi / Hans,Other,Somero,1,1
John / Jaan / Jussi / Hans,Other,Suistamo,1,1
John / Jaan / Jussi / Hans,Other,Suojärvi,2,1
John / Jaan / Jussi / Hans,Other,Suonenjoki,3,2
John / Jaan / Jussi / Hans,Other,Suure-Jaani,3,3
John / Jaan / Jussi / Hans,Other,Tartu-Maarja,2,2
John / Jaan / Jussi / Hans,Other,Tarvasjoki,1,1
John / Jaan / Jussi / Hans,Other,Tarvastu,6,4
John / Jaan / Jussi / Hans,Other,Tervola,2,1
John / Jaan / Jussi / Hans,Other,Teuva,1,1
John / Jaan / Jussi / Hans,Other,Torma,1,1
John / Jaan / Jussi / Hans,Other,Turku,2,1
John / Jaan / Jussi / Hans,Other,Tyrvää,1,1
John / Jaan / Jussi / Hans,Other,Türi,2,1
John / Jaan / Jussi / Hans,Other,Urvaste,2,2
John / Jaan / Jussi / Hans,Other,Uskela,1,1
John / Jaan / Jussi / Hans,Other,Vaivara,1,1
John / Jaan / Jussi / Hans,Other,Vastseliina,1,1
John / Jaan / Jussi / Hans,Other,Vigala,1,1
John / Jaan / Jussi / Hans,Other,Vihti,1,1
John / Jaan / Jussi / Hans,Other,Viljandi,6,6
John / Jaan / Jussi / Hans,Other,Vuole,6,3
John / Jaan / Jussi / Hans,Other,Vändra,2,2
John / Jaan / Jussi / Hans,Other,Võnnu,1,1
John / Jaan / Jussi / Hans,Other,Äksi,4,3
John / Jaan / Jussi / Hans,Other,Östmark,1,1
Martin / Mart / Märt,Mard/Mardi,Ambla,12,4
Martin / Mart / Märt,Mard/Mardi,Audru,3,2
Martin / Mart / Märt,Mard/Mardi,Haljala,24,2
Martin / Mart / Märt,Mard/Mardi,Halliste,33,1
Martin / Mart / Märt,Mard/Mardi,Hargla,2,1
Martin / Mart / Märt,Mard/Mardi,Harju-Madise,3,2
Martin / Mart / Märt,Mard/Mardi,Häädemeeste,19,4
Martin / Mart / Märt,Mard/Mardi,Iisaku,2,1
Martin / Mart / Märt,Mard/Mardi,Juuru,1,1
Martin / Mart / Märt,Mard/Mardi,Järva-Jaani,1,1
Martin / Mart / Märt,Mard/Mardi,Järva-Madise,5,2
Martin / Mart / Märt,Mard/Mardi,Jõelähtme,2,2
Martin / Mart / Märt,Mard/Mardi,Jõhvi,2,1
Martin / Mart / Märt,Mard/Mardi,Kanepi,1,1
Martin / Mart / Märt,Mard/Mardi,Karksi,8,1
Martin / Mart / Märt,Mard/Mardi,Karuse,14,3
Martin / Mart / Märt,Mard/Mardi,Koeru,8,2
Martin / Mart / Märt,Mard/Mardi,Kose,4,1
Martin / Mart / Märt,Mard/Mardi,Kullamaa,1,1
Martin / Mart / Märt,Mard/Mardi,Kuusalu,1,1
Martin / Mart / Märt,Mard/Mardi,Kõpu,10,2
Martin / Mart / Märt,Mard/Mardi,Laiuse,9,2
Martin / Mart / Märt,Mard/Mardi,Lüganuse,5,1
Martin / Mart / Märt,Mard/Mardi,Martna,4,1
Martin / Mart / Märt,Mard/Mardi,Mihkli,16,3
Martin / Mart / Märt,Mard/Mardi,Märjamaa,10,3
Martin / Mart / Märt,Mard/Mardi,Paide,2,1
Martin / Mart / Märt,Mard/Mardi,Palamuse,14,2
Martin / Mart / Märt,Mard/Mardi,Pilistvere,8,2
Martin / Mart / Märt,Mard/Mardi,Pärnu,43,8
Martin / Mart / Märt,Mard/Mardi,Pärnu-Jaagupi,40,11
Martin / Mart / Märt,Mard/Mardi,Põltsamaa,3,1
Martin / Mart / Märt,Mard/Mardi,Pöide,4,1
Martin / Mart / Märt,Mard/Mardi,Rakvere,5,3
Martin / Mart / Märt,Mard/Mardi,Rapla,1,1
Martin / Mart / Märt,Mard/Mardi,Ridala,16,2
Martin / Mart / Märt,Mard/Mardi,Risti,1,1
Martin / Mart / Märt,Mard/Mardi,Saarde,31,7
Martin / Mart / Märt,Mard/Mardi,Suure-Jaani,12,4
Martin / Mart / Märt,Mard/Mardi,Tori,22,4
Martin / Mart / Märt,Mard/Mardi,Torma,81,1
Martin / Mart / Märt,Mard/Mardi,Tõstamaa,17,7
Martin / Mart / Märt,Mard/Mardi,Türi,11,2
Martin / Mart / Märt,Mard/Mardi,Varbla,5,2
Martin / Mart / Märt,Mard/Mardi,Vigala,8,2
Martin / Mart / Märt,Mard/Mardi,Viljandi,1,1
Martin / Mart / Märt,Mard/Mardi,Viru-Jaagupi,5,1
Martin / Mart / Märt,Mard/Mardi,Viru-Nigula,6,2
Martin / Mart / Märt,Mard/Mardi,Väike-Maarja,25,4
Martin / Mart / Märt,Mard/Mardi,Vändra,23,6
Martin / Mart / Märt,Mart/Martin,Ambla,26,6
Martin / Mart / Märt,Mart/Martin,Anseküla,3,2
Martin / Mart / Märt,Mart/Martin,Audru,19,3
Martin / Mart / Märt,Mart/Martin,Hageri,13,3
Martin / Mart / Märt,Mart/Martin,Haljala,39,9
Martin / Mart / Märt,Mart/Martin,Halliste,6,2
Martin / Mart / Märt,Mart/Martin,Hanila,5,2
Martin / Mart / Märt,Mart/Martin,Harju-Jaani,15,4
Martin / Mart / Märt,Mart/Martin,Helme,17,2
Martin / Mart / Märt,Mart/Martin,Häädemeeste,9,2
Martin / Mart / Märt,Mart/Martin,Iisaku,5,1
Martin / Mart / Märt,Mart/Martin,Jaani,1,1
Martin / Mart / Märt,Mart/Martin,Juuru,2,1
Martin / Mart / Märt,Mart/Martin,Järva-Jaani,2,2
Martin / Mart / Märt,Mart/Martin,Järva-Madise,14,4
Martin / Mart / Märt,Mart/Martin,Jõelähtme,5,3
Martin / Mart / Märt,Mart/Martin,Jõhvi,22,8
Martin / Mart / Märt,Mart/Martin,Jüri,1,1
Martin / Mart / Märt,Mart/Martin,Kaarma,6,2
Martin / Mart / Märt,Mart/Martin,Kadrina,3,2
Martin / Mart / Märt,Mart/Martin,Karksi,8,2
Martin / Mart / Märt,Mart/Martin,Karuse,32,6
Martin / Mart / Märt,Mart/Martin,Keila,9,2
Martin / Mart / Märt,Mart/Martin,Kodavere,1,1
Martin / Mart / Märt,Mart/Martin,Koeru,4,2
Martin / Mart / Märt,Mart/Martin,Kolga-Jaani,3,1
Martin / Mart / Märt,Mart/Martin,Kontokki,1,1
Martin / Mart / Märt,Mart/Martin,Kose,7,5
Martin / Mart / Märt,Mart/Martin,Kullamaa,4,3
Martin / Mart / Märt,Mart/Martin,Kursi,4,2
Martin / Mart / Märt,Mart/Martin,Kuusalu,26,9
Martin / Mart / Märt,Mart/Martin,Käina,3,3
Martin / Mart / Märt,Mart/Martin,Kärla,3,2
Martin / Mart / Märt,Mart/Martin,Kõpu,2,2
Martin / Mart / Märt,Mart/Martin,Laiuse,9,7
Martin / Mart / Märt,Mart/Martin,Lääne-Nigula,2,2
Martin / Mart / Märt,Mart/Martin,Lüganuse,2,2
Martin / Mart / Märt,Mart/Martin,Martna,4,2
Martin / Mart / Märt,Mart/Martin,Mihkli,9,1
Martin / Mart / Märt,Mart/Martin,Mustjala,4,2
Martin / Mart / Märt,Mart/Martin,Märjamaa,8,4
Martin / Mart / Märt,Mart/Martin,Nissi,2,1
Martin / Mart / Märt,Mart/Martin,Paide,1,1
Martin / Mart / Märt,Mart/Martin,Paistu,5,2
Martin / Mart / Märt,Mart/Martin,Palamuse,17,3
Martin / Mart / Märt,Mart/Martin,Paltamo,1,1
Martin / Mart / Märt,Mart/Martin,Peetri,6,6
Martin / Mart / Märt,Mart/Martin,Pilistvere,32,8
Martin / Mart / Märt,Mart/Martin,Pyhäjärvi Ol.,1,1
Martin / Mart / Märt,Mart/Martin,Pärnu,11,3
Martin / Mart / Märt,Mart/Martin,Pärnu-Jaagupi,13,6
Martin / Mart / Märt,Mart/Martin,Põltsamaa,19,7
Martin / Mart / Märt,Mart/Martin,Pöide,2,2
Martin / Mart / Märt,Mart/Martin,Pühalepa,1,1
Martin / Mart / Märt,Mart/Martin,Rapla,18,1
Martin / Mart / Märt,Mart/Martin,Reigi,3,1
Martin / Mart / Märt,Mart/Martin,Saarde,48,6
Martin / Mart / Märt,Mart/Martin,Simuna,11,2
Martin / Mart / Märt,Mart/Martin,Suure-Jaani,105,9
Martin / Mart / Märt,Mart/Martin,Tori,51,6
Martin / Mart / Märt,Mart/Martin,Torma,18,3
Martin / Mart / Märt,Mart/Martin,Tõstamaa,21,5
Martin / Mart / Märt,Mart/Martin,Türi,7,5
Martin / Mart / Märt,Mart/Martin,Vaivara,3,3
Martin / Mart / Märt,Mart/Martin,Varbla,54,6
Martin / Mart / Märt,Mart/Martin,Vigala,9,1
Martin / Mart / Märt,Mart/Martin,Viitasaari,1,1
Martin / Mart / Märt,Mart/Martin,Viljandi,8,2
Martin / Mart / Märt,Mart/Martin,Viru-Jaagupi,14,3
Martin / Mart / Märt,Mart/Martin,Viru-Nigula,14,5
Martin / Mart / Märt,Mart/Martin,Väike-Maarja,21,5
Martin / Mart / Märt,Mart/Martin,Vändra,75,9
Martin / Mart / Märt,Martti,Halikko,1,1
Martin / Mart / Märt,Martti,Haukipudas,1,1
Martin / Mart / Märt,Martti,Hietamäki,1,1
Martin / Mart / Märt,Martti,Hiitola,1,1
Martin / Mart / Märt,Martti,Iisalmi,2,1
Martin / Mart / Märt,Martti,Kaprio,1,1
Martin / Mart / Märt,Martti,Kattila,1,1
Martin / Mart / Märt,Martti,Kestilä,1,1
Martin / Mart / Märt,Martti,Kiestinki,1,1
Martin / Mart / Märt,Martti,Kiuruvesi,2,2
Martin / Mart / Märt,Martti,Kivennapa,1,1
Martin / Mart / Märt,Martti,Kivijärvi,2,2
Martin / Mart / Märt,Martti,Koivisto,1,1
Martin / Mart / Märt,Martti,Kuhmo,1,1
Martin / Mart / Märt,Martti,Kuolemajärvi,2,1
Martin / Mart / Märt,Martti,Lempaala,2,1
Martin / Mart / Märt,Martti,Loppi,1,1
Martin / Mart / Märt,Martti,Metsäpirtti,1,1
Martin / Mart / Märt,Martti,Muhos,1,1
Martin / Mart / Märt,Martti,Mäntyharju,1,1
Martin / Mart / Märt,Martti,Narvusi,5,3
Martin / Mart / Märt,Martti,Nurmes,2,2
Martin / Mart / Märt,Martti,Orimattila,1,1
Martin / Mart / Märt,Martti,Pielavesi,1,1
Martin / Mart / Märt,Martti,Pihtipudas,1,1
Martin / Mart / Märt,Martti,Piippola,1,1
Martin / Mart / Märt,Martti,Pudasjärvi,2,2
Martin / Mart / Märt,Martti,Puolanka,1,1
Martin / Mart / Märt,Martti,Puumala,1,1
Martin / Mart / Märt,Martti,Pyhäjärvi Vpl.,2,1
Martin / Mart / Märt,Martti,Serepetta,1,1
Martin / Mart / Märt,Martti,Tervo,1,1
Martin / Mart / Märt,Martti,Teuva,1,1
Martin / Mart / Märt,Martti,Toksova,1,1
Martin / Mart / Märt,Martti,Tytärsaari,2,1
Martin / Mart / Märt,Martti,Valtimo,1,1
Martin / Mart / Märt,Martti,Vieremä,2,2
Martin / Mart / Märt,Martti,Vuole,1,1
Martin / Mart / Märt,Märt,Ambla,8,4
Martin / Mart / Märt,Märt,Audru,6,1
Martin / Mart / Märt,Märt,Halliste,103,12
Martin / Mart / Märt,Märt,Helme,261,8
Martin / Mart / Märt,Märt,Iisaku,3,2
Martin / Mart / Märt,Märt,Järva-Jaani,3,2
Martin / Mart / Märt,Märt,Järva-Madise,2,1
Martin / Mart / Märt,Märt,Kaarma,2,1
Martin / Mart / Märt,Märt,Kadrina,2,1
Martin / Mart / Märt,Märt,Kambja,12,2
Martin / Mart / Märt,Märt,Kanepi,5,3
Martin / Mart / Märt,Märt,Karksi,24,8
Martin / Mart / Märt,Märt,Keila,1,1
Martin / Mart / Märt,Märt,Kodavere,25,5
Martin / Mart / Märt,Märt,Koeru,1,1
Martin / Mart / Märt,Märt,Kolga-Jaani,11,4
Martin / Mart / Märt,Märt,Kursi,1,1
Martin / Mart / Märt,Märt,Kõpu,5,3
Martin / Mart / Märt,Märt,Lüganuse,4,1
Martin / Mart / Märt,Märt,Maarja-Magdaleena,7,3
Martin / Mart / Märt,Märt,Nõo,6,2
Martin / Mart / Märt,Märt,Paistu,144,6
Martin / Mart / Märt,Märt,Palamuse,37,2
Martin / Mart / Märt,Märt,Peetri,3,1
Martin / Mart / Märt,Märt,Pärnu-Jaagupi,1,1
Martin / Mart / Märt,Märt,Põltsamaa,2,1
Martin / Mart / Märt,Märt,Põlva,6,3
Martin / Mart / Märt,Märt,Pöide,2,2
Martin / Mart / Märt,Märt,Rannu,7,1
Martin / Mart / Märt,Märt,Reigi,1,1
Martin / Mart / Märt,Märt,Räpina,17,4
Martin / Mart / Märt,Märt,Rõngu,91,3
Martin / Mart / Märt,Märt,Saarde,6,3
Martin / Mart / Märt,Märt,Sangaste,16,4
Martin / Mart / Märt,Märt,Setumaa,10,2
Martin / Mart / Märt,Märt,Suure-Jaani,27,7
Martin / Mart / Märt,Märt,Tartu-Maarja,3,3
Martin / Mart / Märt,Märt,Tarvastu,94,9
Martin / Mart / Märt,Märt,Tori,2,2
Martin / Mart / Märt,Märt,Torma,90,1
Martin / Mart / Märt,Märt,Tõstamaa,4,2
Martin / Mart / Märt,Märt,Urvaste,75,9
Martin / Mart / Märt,Märt,Vaivara,6,1
Martin / Mart / Märt,Märt,Vigala,1,1
Martin / Mart / Märt,Märt,Viljandi,55,5
Martin / Mart / Märt,Märt,Viru-Jaagupi,1,1
Martin / Mart / Märt,Märt,Viru-Nigula,17,5
Martin / Mart / Märt,Märt,Väike-Maarja,6,2
Martin / Mart / Märt,Märt,Võnnu,30,4
Martin / Mart / Märt,Märt,Äksi,44,4
Martin / Mart / Märt,Märti,Halliste,81,3
Martin / Mart / Märt,Märti,Helme,20,1
Martin / Mart / Märt,Märti,Karksi,1,1
Martin / Mart / Märt,Märti,Kirbla,1,1
Martin / Mart / Märt,Märti,Kodavere,5,1
Martin / Mart / Märt,Märti,Sangaste,1,1
Martin / Mart / Märt,Märti,Tarvastu,92,1
Martin / Mart / Märt,Märti,Urvaste,4,1
Martin / Mart / Märt,Other,Audru,1,1
Martin / Mart / Märt,Other,Haljala,4,1
Martin / Mart / Märt,Other,Halliste,27,4
Martin / Mart / Märt,Other,Hanila,3,1
Martin / Mart / Märt,Other,Hargla,1,1
Martin / Mart / Märt,Other,Harju-Jaani,1,1
Martin / Mart / Märt,Other,Helme,1,1
Martin / Mart / Märt,Other,Häädemeeste,8,2
Martin / Mart / Märt,Other,Juuru,1,1
Martin / Mart / Märt,Other,Jõelähtme,3,1
Martin / Mart / Märt,Other,Kaarma,1,1
Martin / Mart / Märt,Other,Karksi,37,2
Martin / Mart / Märt,Other,Kodavere,3,2
Martin / Mart / Märt,Other,Kose,1,1
Martin / Mart / Märt,Other,Kursi,1,1
Martin / Mart / Märt,Other,Kuusalu,1,1
Martin / Mart / Märt,Other,Kõpu,1,1
Martin / Mart / Märt,Other,Laiuse,4,1
Martin / Mart / Märt,Other,Lääne-Nigula,1,1
Martin / Mart / Märt,Other,Maarja-Magdaleena,2,1
Martin / Mart / Märt,Other,Mihkli,4,1
Martin / Mart / Märt,Other,Märjamaa,5,1
Martin / Mart / Märt,Other,Nõo,10,1
Martin / Mart / Märt,Other,Paistu,3,1
Martin / Mart / Märt,Other,Palamuse,2,1
Martin / Mart / Märt,Other,Puhja,20,2
Martin / Mart / Märt,Other,Pusula,1,1
Martin / Mart / Märt,Other,Pärnu,7,1
Martin / Mart / Märt,Other,Põltsamaa,1,1
Martin / Mart / Märt,Other,Räpina,5,2
Martin / Mart / Märt,Other,Rõngu,4,1
Martin / Mart / Märt,Other,Setumaa,1,1
Martin / Mart / Märt,Other,Suure-Jaani,8,3
Martin / Mart / Märt,Other,Tartu-Maarja,11,3
Martin / Mart / Märt,Other,Tarvastu,2,2
Martin / Mart / Märt,Other,Torma,12,1
Martin / Mart / Märt,Other,Tõstamaa,20,2
Martin / Mart / Märt,Other,Urvaste,1,1
Martin / Mart / Märt,Other,Varbla,1,1
Martin / Mart / Märt,Other,Vigala,15,3
Martin / Mart / Märt,Other,Viru-Jaagupi,1,1
Martin / Mart / Märt,Other,Väike-Maarja,5,3
Mary / Maria / Maarja / Mari,Maaria,Asikkala,1,1
Mary / Maria / Maarja / Mari,Maaria,Forssa,1,1
Mary / Maria / Maarja / Mari,Maaria,Hailuoto,2,1
Mary / Maria / Maarja / Mari,Maaria,Halliste,2,1
Mary / Maria / Maarja / Mari,Maaria,Harju-Jaani,1,1
Mary / Maria / Maarja / Mari,Maaria,Hattula,1,1
Mary / Maria / Maarja / Mari,Maaria,Hauho,3,3
Mary / Maria / Maarja / Mari,Maaria,Hiitola,1,1
Mary / Maria / Maarja / Mari,Maaria,Hollola,1,1
Mary / Maria / Maarja / Mari,Maaria,Huittinen,5,3
Mary / Maria / Maarja / Mari,Maaria,Hyvinkää,1,1
Mary / Maria / Maarja / Mari,Maaria,Hämeenlinna,2,1
Mary / Maria / Maarja / Mari,Maaria,Iisalmi,1,1
Mary / Maria / Maarja / Mari,Maaria,Ilomantsi,10,9
Mary / Maria / Maarja / Mari,Maaria,Impilahti,2,2
Mary / Maria / Maarja / Mari,Maaria,Jokioinen,4,3
Mary / Maria / Maarja / Mari,Maaria,Joroinen,1,1
Mary / Maria / Maarja / Mari,Maaria,Juuka,1,1
Mary / Maria / Maarja / Mari,Maaria,Juva,2,2
Mary / Maria / Maarja / Mari,Maaria,Kaavi,6,5
Mary / Maria / Maarja / Mari,Maaria,Kalajoki,2,1
Mary / Maria / Maarja / Mari,Maaria,Kankaanpää,4,3
Mary / Maria / Maarja / Mari,Maaria,Kaprio,23,10
Mary / Maria / Maarja / Mari,Maaria,Kattila,1,1
Mary / Maria / Maarja / Mari,Maaria,Kesälahti,4,3
Mary / Maria / Maarja / Mari,Maaria,Kiihtelysvaara,2,2
Mary / Maria / Maarja / Mari,Maaria,Kiimaisjärvi,2,2
Mary / Maria / Maarja / Mari,Maaria,Kitee,5,4
Mary / Maria / Maarja / Mari,Maaria,Kivennapa,1,1
Mary / Maria / Maarja / Mari,Maaria,Kivijärvi,1,1
Mary / Maria / Maarja / Mari,Maaria,Koeru,2,2
Mary / Maria / Maarja / Mari,Maaria,Koivisto,1,1
Mary / Maria / Maarja / Mari,Maaria,Kokkola,2,2
Mary / Maria / Maarja / Mari,Maaria,Kontokki,2,2
Mary / Maria / Maarja / Mari,Maaria,Koprina,1,1
Mary / Maria / Maarja / Mari,Maaria,Korpiselkä,9,9
Mary / Maria / Maarja / Mari,Maaria,Kuhmo,6,3
Mary / Maria / Maarja / Mari,Maaria,Kuhmoinen,1,1
Mary / Maria / Maarja / Mari,Maaria,Kuusalu,3,1
Mary / Maria / Maarja / Mari,Maaria,Kuusamo,4,3
Mary / Maria / Maarja / Mari,Maaria,Lempaala,8,7
Mary / Maria / Maarja / Mari,Maaria,Leppävirta,1,1
Mary / Maria / Maarja / Mari,Maaria,Liperi,2,2
Mary / Maria / Maarja / Mari,Maaria,Loppi,4,3
Mary / Maria / Maarja / Mari,Maaria,Luhanka,1,1
Mary / Maria / Maarja / Mari,Maaria,Lumivaara,1,1
Mary / Maria / Maarja / Mari,Maaria,Luopioinen,1,1
Mary / Maria / Maarja / Mari,Maaria,Luumäki,1,1
Mary / Maria / Maarja / Mari,Maaria,Maarja-Magdaleena,1,1
Mary / Maria / Maarja / Mari,Maaria,Markkova,1,1
Mary / Maria / Maarja / Mari,Maaria,Metsäpirtti,1,1
Mary / Maria / Maarja / Mari,Maaria,Miikkulainen,1,1
Mary / Maria / Maarja / Mari,Maaria,Moloskovitsa,4,4
Mary / Maria / Maarja / Mari,Maaria,Mouhijärvi,2,1
Mary / Maria / Maarja / Mari,Maaria,Mäntsälä,2,1
Mary / Maria / Maarja / Mari,Maaria,Nakkila,1,1
Mary / Maria / Maarja / Mari,Maaria,Narvusi,45,28
Mary / Maria / Maarja / Mari,Maaria,Nivala,2,1
Mary / Maria / Maarja / Mari,Maaria,Nurmes,9,6
Mary / Maria / Maarja / Mari,Maaria,Orimattila,2,1
Mary / Maria / Maarja / Mari,Maaria,Oulu,1,1
Mary / Maria / Maarja / Mari,Maaria,Padasjoki,1,1
Mary / Maria / Maarja / Mari,Maaria,Paimio,2,1
Mary / Maria / Maarja / Mari,Maaria,Parkano,1,1
Mary / Maria / Maarja / Mari,Maaria,Peetri,1,1
Mary / Maria / Maarja / Mari,Maaria,Perniö,1,1
Mary / Maria / Maarja / Mari,Maaria,Pieksämäki,2,2
Mary / Maria / Maarja / Mari,Maaria,Pielavesi,3,2
Mary / Maria / Maarja / Mari,Maaria,Pielisjärvi,3,3
Mary / Maria / Maarja / Mari,Maaria,Piippola,1,1
Mary / Maria / Maarja / Mari,Maaria,Porajärvi,10,7
Mary / Maria / Maarja / Mari,Maaria,Pori,1,1
Mary / Maria / Maarja / Mari,Maaria,Pudasjärvi,3,2
Mary / Maria / Maarja / Mari,Maaria,Punkalaidun,2,1
Mary / Maria / Maarja / Mari,Maaria,Puolanka,2,1
Mary / Maria / Maarja / Mari,Maaria,Pyhäjärvi Ol.,1,1
Mary / Maria / Maarja / Mari,Maaria,Pyhäjärvi Ul.,3,2
Mary / Maria / Maarja / Mari,Maaria,Pälkjärvi,2,2
Mary / Maria / Maarja / Mari,Maaria,Rantsila,2,2
Mary / Maria / Maarja / Mari,Maaria,Rautalampi,1,1
Mary / Maria / Maarja / Mari,Maaria,Rautavaara,2,2
Mary / Maria / Maarja / Mari,Maaria,Repola,8,6
Mary / Maria / Maarja / Mari,Maaria,Riipuskala,4,3
Mary / Maria / Maarja / Mari,Maaria,Rovaniemi,1,1
Mary / Maria / Maarja / Mari,Maaria,Ruskeala,1,1
Mary / Maria / Maarja / Mari,Maaria,Rymättylä,2,1
Mary / Maria / Maarja / Mari,Maaria,Rääkkylä,1,1
Mary / Maria / Maarja / Mari,Maaria,Rääpyvä,2,2
Mary / Maria / Maarja / Mari,Maaria,Saarijärvi,1,1
Mary / Maria / Maarja / Mari,Maaria,Salmi,11,9
Mary / Maria / Maarja / Mari,Maaria,Savonranta,5,3
Mary / Maria / Maarja / Mari,Maaria,Serepetta,3,2
Mary / Maria / Maarja / Mari,Maaria,Sodankylä,2,1
Mary / Maria / Maarja / Mari,Maaria,Soikkola,37,25
Mary / Maria / Maarja / Mari,Maaria,Somerniemi,1,1
Mary / Maria / Maarja / Mari,Maaria,Somero,2,1
Mary / Maria / Maarja / Mari,Maaria,Sortavala,1,1
Mary / Maria / Maarja / Mari,Maaria,Sotkamo,1,1
Mary / Maria / Maarja / Mari,Maaria,Suistamo,12,12
Mary / Maria / Maarja / Mari,Maaria,Suojärvi,24,19
Mary / Maria / Maarja / Mari,Maaria,Suomussalmi,3,2
Mary / Maria / Maarja / Mari,Maaria,Suonenjoki,2,1
Mary / Maria / Maarja / Mari,Maaria,Sääksmäki,2,1
Mary / Maria / Maarja / Mari,Maaria,Säämäjärvi,2,2
Mary / Maria / Maarja / Mari,Maaria,Södra Finnskoga,1,1
Mary / Maria / Maarja / Mari,Maaria,Taipalsaari,2,1
Mary / Maria / Maarja / Mari,Maaria,Tammela,4,3
Mary / Maria / Maarja / Mari,Maaria,Tarvastu,1,1
Mary / Maria / Maarja / Mari,Maaria,Tohmajärvi,1,1
Mary / Maria / Maarja / Mari,Maaria,Toksova,1,1
Mary / Maria / Maarja / Mari,Maaria,Tulemajärvi,4,3
Mary / Maria / Maarja / Mari,Maaria,Turku,2,1
Mary / Maria / Maarja / Mari,Maaria,Tuulos,2,1
Mary / Maria / Maarja / Mari,Maaria,Tuupovaara,1,1
Mary / Maria / Maarja / Mari,Maaria,Tyrö,2,2
Mary / Maria / Maarja / Mari,Maaria,Tõstamaa,3,1
Mary / Maria / Maarja / Mari,Maaria,Töysä,1,1
Mary / Maria / Maarja / Mari,Maaria,Uhtua,1,1
Mary / Maria / Maarja / Mari,Maaria,Uskela,1,1
Mary / Maria / Maarja / Mari,Maaria,Uukuniemi,5,3
Mary / Maria / Maarja / Mari,Maaria,Vanaja,3,2
Mary / Maria / Maarja / Mari,Maaria,Varpaisjärvi,1,1
Mary / Maria / Maarja / Mari,Maaria,Viljandi,3,2
Mary / Maria / Maarja / Mari,Maaria,Vuokkiniemi,2,2
Mary / Maria / Maarja / Mari,Maaria,Vuole,3,2
Mary / Maria / Maarja / Mari,Maaria,Vändra,1,1
Mary / Maria / Maarja / Mari,Maarja,Ambla,3,3
Mary / Maria / Maarja / Mari,Maarja,Audru,1,1
Mary / Maria / Maarja / Mari,Maarja,Emmaste,1,1
Mary / Maria / Maarja / Mari,Maarja,Haljala,8,6
Mary / Maria / Maarja / Mari,Maarja,Halliste,22,17
Mary / Maria / Maarja / Mari,Maarja,Hanila,1,1
Mary / Maria / Maarja / Mari,Maarja,Harju-Jaani,2,1
Mary / Maria / Maarja / Mari,Maarja,Helme,30,18
Mary / Maria / Maarja / Mari,Maarja,Häädemeeste,1,1
Mary / Maria / Maarja / Mari,Maarja,Juuru,1,1
Mary / Maria / Maarja / Mari,Maarja,Järva-Jaani,2,2
Mary / Maria / Maarja / Mari,Maarja,Jõhvi,7,7
Mary / Maria / Maarja / Mari,Maarja,Jüri,5,4
Mary / Maria / Maarja / Mari,Maarja,Kaarma,1,1
Mary / Maria / Maarja / Mari,Maarja,Kadrina,4,4
Mary / Maria / Maarja / Mari,Maarja,Kambja,2,2
Mary / Maria / Maarja / Mari,Maarja,Kanepi,2,2
Mary / Maria / Maarja / Mari,Maarja,Kaprio,1,1
Mary / Maria / Maarja / Mari,Maarja,Karja,1,1
Mary / Maria / Maarja / Mari,Maarja,Karksi,60,38
Mary / Maria / Maarja / Mari,Maarja,Kodavere,3,3
Mary / Maria / Maarja / Mari,Maarja,Koeru,2,2
Mary / Maria / Maarja / Mari,Maarja,Kolga-Jaani,9,7
Mary / Maria / Maarja / Mari,Maarja,Kose,2,2
Mary / Maria / Maarja / Mari,Maarja,Kursi,2,1
Mary / Maria / Maarja / Mari,Maarja,Kuusalu,4,3
Mary / Maria / Maarja / Mari,Maarja,Käina,1,1
Mary / Maria / Maarja / Mari,Maarja,Laiuse,4,1
Mary / Maria / Maarja / Mari,Maarja,Lääne-Nigula,1,1
Mary / Maria / Maarja / Mari,Maarja,Lüganuse,3,3
Mary / Maria / Maarja / Mari,Maarja,Marttila,2,1
Mary / Maria / Maarja / Mari,Maarja,Muhu,1,1
Mary / Maria / Maarja / Mari,Maarja,Muurla,2,1
Mary / Maria / Maarja / Mari,Maarja,Märjamaa,3,2
Mary / Maria / Maarja / Mari,Maarja,Narvusi,2,2
Mary / Maria / Maarja / Mari,Maarja,Otepää,4,4
Mary / Maria / Maarja / Mari,Maarja,Paide,1,1
Mary / Maria / Maarja / Mari,Maarja,Paistu,17,13
Mary / Maria / Maarja / Mari,Maarja,Palamuse,2,1
Mary / Maria / Maarja / Mari,Maarja,Pilistvere,2,2
Mary / Maria / Maarja / Mari,Maarja,Puhja,3,2
Mary / Maria / Maarja / Mari,Maarja,Pärnu,2,2
Mary / Maria / Maarja / Mari,Maarja,Pärnu-Jaagupi,9,1
Mary / Maria / Maarja / Mari,Maarja,Põltsamaa,1,1
Mary / Maria / Maarja / Mari,Maarja,Põlva,3,2
Mary / Maria / Maarja / Mari,Maarja,Rannu,1,1
Mary / Maria / Maarja / Mari,Maarja,Ridala,1,1
Mary / Maria / Maarja / Mari,Maarja,Risti,4,2
Mary / Maria / Maarja / Mari,Maarja,Räpina,16,8
Mary / Maria / Maarja / Mari,Maarja,Rõngu,4,3
Mary / Maria / Maarja / Mari,Maarja,Rõuge,1,1
Mary / Maria / Maarja / Mari,Maarja,Saarde,10,5
Mary / Maria / Maarja / Mari,Maarja,Sangaste,12,9
Mary / Maria / Maarja / Mari,Maarja,Setumaa,75,34
Mary / Maria / Maarja / Mari,Maarja,Simuna,8,8
Mary / Maria / Maarja / Mari,Maarja,Soikkola,1,1
Mary / Maria / Maarja / Mari,Maarja,Suomusjärvi,1,1
Mary / Maria / Maarja / Mari,Maarja,Suure-Jaani,2,1
Mary / Maria / Maarja / Mari,Maarja,Tartu-Maarja,1,1
Mary / Maria / Maarja / Mari,Maarja,Tarvastu,7,7
Mary / Maria / Maarja / Mari,Maarja,Tori,2,2
Mary / Maria / Maarja / Mari,Maarja,Torma,1,1
Mary / Maria / Maarja / Mari,Maarja,Türi,6,5
Mary / Maria / Maarja / Mari,Maarja,Urvaste,9,2
Mary / Maria / Maarja / Mari,Maarja,Varbla,1,1
Mary / Maria / Maarja / Mari,Maarja,Vastseliina,24,5
Mary / Maria / Maarja / Mari,Maarja,Vigala,4,3
Mary / Maria / Maarja / Mari,Maarja,Viljandi,23,10
Mary / Maria / Maarja / Mari,Maarja,Väike-Maarja,5,5
Mary / Maria / Maarja / Mari,Maarja,Võnnu,3,2
Mary / Maria / Maarja / Mari,Maarja,Äksi,2,2
Mary / Maria / Maarja / Mari,Maija/Maie,Alastaro,2,1
Mary / Maria / Maarja / Mari,Maija/Maie,Alatornio,5,5
Mary / Maria / Maarja / Mari,Maija/Maie,Alavus,3,2
Mary / Maria / Maarja / Mari,Maija/Maie,Anttola,1,1
Mary / Maria / Maarja / Mari,Maija/Maie,Asikkala,8,8
Mary / Maria / Maarja / Mari,Maija/Maie,Enontekiö,1,1
Mary / Maria / Maarja / Mari,Maija/Maie,Eräjärvi,1,1
Mary / Maria / Maarja / Mari,Maija/Maie,Evijärvi,1,1
Mary / Maria / Maarja / Mari,Maija/Maie,Halikko,2,2
Mary / Maria / Maarja / Mari,Maija/Maie,Haljala,1,1
Mary / Maria / Maarja / Mari,Maija/Maie,Hartola,1,1
Mary / Maria / Maarja / Mari,Maija/Maie,Hattula,6,5
Mary / Maria / Maarja / Mari,Maija/Maie,Hauho,1,1
Mary / Maria / Maarja / Mari,Maija/Maie,Hausjärvi,3,3
Mary / Maria / Maarja / Mari,Maija/Maie,Heinävesi,1,1
Mary / Maria / Maarja / Mari,Maija/Maie,Hietamäki,2,2
Mary / Maria / Maarja / Mari,Maija/Maie,Hollola,5,4
Mary / Maria / Maarja / Mari,Maija/Maie,Humppila,1,1
Mary / Maria / Maarja / Mari,Maija/Maie,Hyvinkää,3,3
Mary / Maria / Maarja / Mari,Maija/Maie,Hämeenkyrö,3,2
Mary / Maria / Maarja / Mari,Maija/Maie,Hämeenlinna,3,2
Mary / Maria / Maarja / Mari,Maija/Maie,Iitti,1,1
Mary / Maria / Maarja / Mari,Maija/Maie,Ilomantsi,3,3
Mary / Maria / Maarja / Mari,Maija/Maie,Impilahti,2,1
Mary / Maria / Maarja / Mari,Maija/Maie,Janakkala,8,8
Mary / Maria / Maarja / Mari,Maija/Maie,Jokioinen,1,1
Mary / Maria / Maarja / Mari,Maija/Maie,Joroinen,1,1
Mary / Maria / Maarja / Mari,Maija/Maie,Juva,2,2
Mary / Maria / Maarja / Mari,Maija/Maie,Jyväskylä,1,1
Mary / Maria / Maarja / Mari,Maija/Maie,Jäppilä,1,1
Mary / Maria / Maarja / Mari,Maija/Maie,Jääski,1,1
Mary / Maria / Maarja / Mari,Maija/Maie,Kadrina,1,1
Mary / Maria / Maarja / Mari,Maija/Maie,Kalajoki,4,3
Mary / Maria / Maarja / Mari,Maija/Maie,Kalvola,1,1
Mary / Maria / Maarja / Mari,Maija/Maie,Kangasniemi,2,2
Mary / Maria / Maarja / Mari,Maija/Maie,Kannonkoski,1,1
Mary / Maria / Maarja / Mari,Maija/Maie,Kaprio,6,3
Mary / Maria / Maarja / Mari,Maija/Maie,Karinainen,1,1
Mary / Maria / Maarja / Mari,Maija/Maie,Karuna,3,2
Mary / Maria / Maarja / Mari,Maija/Maie,Karunki,1,1
Mary / Maria / Maarja / Mari,Maija/Maie,Karvia,1,1
Mary / Maria / Maarja / Mari,Maija/Maie,Kauhajoki,1,1
Mary / Maria / Maarja / Mari,Maija/Maie,Kauhava,3,3
Mary / Maria / Maarja / Mari,Maija/Maie,Kaukola,1,1
Mary / Maria / Maarja / Mari,Maija/Maie,Kaustinen,1,1
Mary / Maria / Maarja / Mari,Maija/Maie,Kauvatsa,3,3
Mary / Maria / Maarja / Mari,Maija/Maie,Kemi,3,3
Mary / Maria / Maarja / Mari,Maija/Maie,Kemijärvi,3,3
Mary / Maria / Maarja / Mari,Maija/Maie,Kesälahti,1,1
Mary / Maria / Maarja / Mari,Maija/Maie,Kiihtelysvaara,2,2
Mary / Maria / Maarja / Mari,Maija/Maie,Kitee,2,2
Mary / Maria / Maarja / Mari,Maija/Maie,Kittilä,1,1
Mary / Maria / Maarja / Mari,Maija/Maie,Kiuruvesi,2,2
Mary / Maria / Maarja / Mari,Maija/Maie,Kivennapa,2,2
Mary / Maria / Maarja / Mari,Maija/Maie,Koivisto,1,1
Mary / Maria / Maarja / Mari,Maija/Maie,Kokemäki,1,1
Mary / Maria / Maarja / Mari,Maija/Maie,Kontiolahti,2,2
Mary / Maria / Maarja / Mari,Maija/Maie,Koprina,1,1
Mary / Maria / Maarja / Mari,Maija/Maie,Korpilahti,1,1
Mary / Maria / Maarja / Mari,Maija/Maie,Korpiselkä,2,2
Mary / Maria / Maarja / Mari,Maija/Maie,Koski Hl.,2,2
Mary / Maria / Maarja / Mari,Maija/Maie,Kuopio,2,2
Mary / Maria / Maarja / Mari,Maija/Maie,Kuorevesi,1,1
Mary / Maria / Maarja / Mari,Maija/Maie,Kuortane,1,1
Mary / Maria / Maarja / Mari,Maija/Maie,Kurikka,5,4
Mary / Maria / Maarja / Mari,Maija/Maie,Kuusamo,2,2
Mary / Maria / Maarja / Mari,Maija/Maie,Kuusjoki,2,2
Mary / Maria / Maarja / Mari,Maija/Maie,Kymi,1,1
Mary / Maria / Maarja / Mari,Maija/Maie,Laihia,3,3
Mary / Maria / Maarja / Mari,Maija/Maie,Laitila,1,1
Mary / Maria / Maarja / Mari,Maija/Maie,Lammi,3,3
Mary / Maria / Maarja / Mari,Maija/Maie,Lappajärvi,1,1
Mary / Maria / Maarja / Mari,Maija/Maie,Lapua,1,1
Mary / Maria / Maarja / Mari,Maija/Maie,Lemi,2,2
Mary / Maria / Maarja / Mari,Maija/Maie,Lempaala,4,4
Mary / Maria / Maarja / Mari,Maija/Maie,Leppävirta,1,1
Mary / Maria / Maarja / Mari,Maija/Maie,Lieto,3,2
Mary / Maria / Maarja / Mari,Maija/Maie,Liissilä,1,1
Mary / Maria / Maarja / Mari,Maija/Maie,Liperi,2,2
Mary / Maria / Maarja / Mari,Maija/Maie,Lohtaja,2,1
Mary / Maria / Maarja / Mari,Maija/Maie,Loppi,2,2
Mary / Maria / Maarja / Mari,Maija/Maie,Luhanka,1,1
Mary / Maria / Maarja / Mari,Maija/Maie,Luumäki,4,3
Mary / Maria / Maarja / Mari,Maija/Maie,Maaninka,2,2
Mary / Maria / Maarja / Mari,Maija/Maie,Marttila,2,2
Mary / Maria / Maarja / Mari,Maija/Maie,Merijärvi,1,1
Mary / Maria / Maarja / Mari,Maija/Maie,Merikarvia,1,1
Mary / Maria / Maarja / Mari,Maija/Maie,Metsäpirtti,4,3
Mary / Maria / Maarja / Mari,Maija/Maie,Mietoinen,1,1
Mary / Maria / Maarja / Mari,Maija/Maie,Mouhijärvi,9,6
Mary / Maria / Maarja / Mari,Maija/Maie,Muhos,4,3
Mary / Maria / Maarja / Mari,Maija/Maie,Muolaa,1,1
Mary / Maria / Maarja / Mari,Maija/Maie,Muurla,1,1
Mary / Maria / Maarja / Mari,Maija/Maie,Mynämäki,1,1
Mary / Maria / Maarja / Mari,Maija/Maie,Mäntsälä,2,2
Mary / Maria / Maarja / Mari,Maija/Maie,Mäntyharju,6,5
Mary / Maria / Maarja / Mari,Maija/Maie,Narvusi,173,44
Mary / Maria / Maarja / Mari,Maija/Maie,Nousiainen,2,2
Mary / Maria / Maarja / Mari,Maija/Maie,Nurmes,7,6
Mary / Maria / Maarja / Mari,Maija/Maie,Orimattila,1,1
Mary / Maria / Maarja / Mari,Maija/Maie,Oulu,1,1
Mary / Maria / Maarja / Mari,Maija/Maie,Paattinen,4,3
Mary / Maria / Maarja / Mari,Maija/Maie,Paavola,1,1
Mary / Maria / Maarja / Mari,Maija/Maie,Paimio,1,1
Mary / Maria / Maarja / Mari,Maija/Maie,Perniö,1,1
Mary / Maria / Maarja / Mari,Maija/Maie,Pertteli,2,2
Mary / Maria / Maarja / Mari,Maija/Maie,Pieksämäki,1,1
Mary / Maria / Maarja / Mari,Maija/Maie,Pielisjärvi,3,3
Mary / Maria / Maarja / Mari,Maija/Maie,Pihlajavesi,1,1
Mary / Maria / Maarja / Mari,Maija/Maie,Piikkiö,2,2
Mary / Maria / Maarja / Mari,Maija/Maie,Piippola,1,1
Mary / Maria / Maarja / Mari,Maija/Maie,Polvijärvi,1,1
Mary / Maria / Maarja / Mari,Maija/Maie,Pomarkku,1,1
Mary / Maria / Maarja / Mari,Maija/Maie,Porajärvi,1,1
Mary / Maria / Maarja / Mari,Maija/Maie,Pudasjärvi,3,2
Mary / Maria / Maarja / Mari,Maija/Maie,Punkalaidun,1,1
Mary / Maria / Maarja / Mari,Maija/Maie,Pusula,1,1
Mary / Maria / Maarja / Mari,Maija/Maie,Pyhäjärvi Ul.,3,2
Mary / Maria / Maarja / Mari,Maija/Maie,Pyhäjärvi Vpl.,2,2
Mary / Maria / Maarja / Mari,Maija/Maie,Pylkönmäki,2,2
Mary / Maria / Maarja / Mari,Maija/Maie,Pälkjärvi,1,1
Mary / Maria / Maarja / Mari,Maija/Maie,Pälkäne,2,2
Mary / Maria / Maarja / Mari,Maija/Maie,Pöytyä,4,3
Mary / Maria / Maarja / Mari,Maija/Maie,Raahe,2,1
Mary / Maria / Maarja / Mari,Maija/Maie,Rantsila,5,4
Mary / Maria / Maarja / Mari,Maija/Maie,Ranua,7,5
Mary / Maria / Maarja / Mari,Maija/Maie,Rauma,2,2
Mary / Maria / Maarja / Mari,Maija/Maie,Rautalampi,2,2
Mary / Maria / Maarja / Mari,Maija/Maie,Repola,2,2
Mary / Maria / Maarja / Mari,Maija/Maie,Ristijärvi,1,1
Mary / Maria / Maarja / Mari,Maija/Maie,Rovaniemi,4,4
Mary / Maria / Maarja / Mari,Maija/Maie,Ruokolahti,1,1
Mary / Maria / Maarja / Mari,Maija/Maie,Ruotsinpyhtää,1,1
Mary / Maria / Maarja / Mari,Maija/Maie,Ruovesi,2,1
Mary / Maria / Maarja / Mari,Maija/Maie,Saari,1,1
Mary / Maria / Maarja / Mari,Maija/Maie,Saarijärvi,11,11
Mary / Maria / Maarja / Mari,Maija/Maie,Salmi,2,2
Mary / Maria / Maarja / Mari,Maija/Maie,Salo,1,1
Mary / Maria / Maarja / Mari,Maija/Maie,Savitaipale,1,1
Mary / Maria / Maarja / Mari,Maija/Maie,Savonlinna,1,1
Mary / Maria / Maarja / Mari,Maija/Maie,Serepetta,4,2
Mary / Maria / Maarja / Mari,Maija/Maie,Siilinjärvi,1,1
Mary / Maria / Maarja / Mari,Maija/Maie,Simo,2,1
Mary / Maria / Maarja / Mari,Maija/Maie,Soikkola,43,19
Mary / Maria / Maarja / Mari,Maija/Maie,Somerniemi,1,1
Mary / Maria / Maarja / Mari,Maija/Maie,Somero,2,1
Mary / Maria / Maarja / Mari,Maija/Maie,Sonkajärvi,1,1
Mary / Maria / Maarja / Mari,Maija/Maie,Sortavala,3,3
Mary / Maria / Maarja / Mari,Maija/Maie,Sotkamo,1,1
Mary / Maria / Maarja / Mari,Maija/Maie,Suistamo,10,8
Mary / Maria / Maarja / Mari,Maija/Maie,Sulkava,1,1
Mary / Maria / Maarja / Mari,Maija/Maie,Suojärvi,2,2
Mary / Maria / Maarja / Mari,Maija/Maie,Suomussalmi,1,1
Mary / Maria / Maarja / Mari,Maija/Maie,Säkkijärvi,1,1
Mary / Maria / Maarja / Mari,Maija/Maie,Sääksmäki,1,1
Mary / Maria / Maarja / Mari,Maija/Maie,Tammela,4,4
Mary / Maria / Maarja / Mari,Maija/Maie,Tarvastu,2,1
Mary / Maria / Maarja / Mari,Maija/Maie,Tervo,1,1
Mary / Maria / Maarja / Mari,Maija/Maie,Tervola,1,1
Mary / Maria / Maarja / Mari,Maija/Maie,Teuva,3,2
Mary / Maria / Maarja / Mari,Maija/Maie,Toholampi,1,1
Mary / Maria / Maarja / Mari,Maija/Maie,Turtola,1,1
Mary / Maria / Maarja / Mari,Maija/Maie,Tuusniemi,2,1
Mary / Maria / Maarja / Mari,Maija/Maie,Tyrvää,1,1
Mary / Maria / Maarja / Mari,Maija/Maie,Tyrö,4,3
Mary / Maria / Maarja / Mari,Maija/Maie,Töysä,1,1
Mary / Maria / Maarja / Mari,Maija/Maie,Uhtua,1,1
Mary / Maria / Maarja / Mari,Maija/Maie,Uskela,11,7
Mary / Maria / Maarja / Mari,Maija/Maie,Uusikaupunki,4,4
Mary / Maria / Maarja / Mari,Maija/Maie,Uusikirkko Tl.,2,2
Mary / Maria / Maarja / Mari,Maija/Maie,Vahto,2,2
Mary / Maria / Maarja / Mari,Maija/Maie,Vanaja,1,1
Mary / Maria / Maarja / Mari,Maija/Maie,Vesilahti,3,3
Mary / Maria / Maarja / Mari,Maija/Maie,Veteli,1,1
Mary / Maria / Maarja / Mari,Maija/Maie,Vihanti,2,2
Mary / Maria / Maarja / Mari,Maija/Maie,Viitasaari,1,1
Mary / Maria / Maarja / Mari,Maija/Maie,Viljakkala,1,1
Mary / Maria / Maarja / Mari,Maija/Maie,Vimpeli,1,1
Mary / Maria / Maarja / Mari,Maija/Maie,Virrat,1,1
Mary / Maria / Maarja / Mari,Maija/Maie,Vuokkiniemi,2,2
Mary / Maria / Maarja / Mari,Maija/Maie,Vuole,2,2
Mary / Maria / Maarja / Mari,Maija/Maie,Ylikiiminki,1,1
Mary / Maria / Maarja / Mari,Maija/Maie,Yläne,4,3
Mary / Maria / Maarja / Mari,Maija/Maie,Östmark,2,1
Mary / Maria / Maarja / Mari,Mari,Ambla,15,12
Mary / Maria / Maarja / Mari,Mari,Audru,16,7
Mary / Maria / Maarja / Mari,Mari,Eno,2,2
Mary / Maria / Maarja / Mari,Mari,Hageri,1,1
Mary / Maria / Maarja / Mari,Mari,Haljala,102,70
Mary / Maria / Maarja / Mari,Mari,Halliste,38,29
Mary / Maria / Maarja / Mari,Mari,Hanila,6,6
Mary / Maria / Maarja / Mari,Mari,Hargla,23,17
Mary / Maria / Maarja / Mari,Mari,Harju-Jaani,26,16
Mary / Maria / Maarja / Mari,Mari,Harju-Madise,3,2
Mary / Maria / Maarja / Mari,Mari,Hattula,2,1
Mary / Maria / Maarja / Mari,Mari,Hausjärvi,1,1
Mary / Maria / Maarja / Mari,Mari,Heinjoki,1,1
Mary / Maria / Maarja / Mari,Mari,Helme,30,22
Mary / Maria / Maarja / Mari,Mari,Häädemeeste,14,9
Mary / Maria / Maarja / Mari,Mari,Iisaku,9,6
Mary / Maria / Maarja / Mari,Mari,Inkere,1,1
Mary / Maria / Maarja / Mari,Mari,Jaani,2,2
Mary / Maria / Maarja / Mari,Mari,Juuru,4,3
Mary / Maria / Maarja / Mari,Mari,Jämaja,1,1
Mary / Maria / Maarja / Mari,Mari,Järva-Jaani,11,8
Mary / Maria / Maarja / Mari,Mari,Järva-Madise,10,5
Mary / Maria / Maarja / Mari,Mari,Jõelähtme,17,12
Mary / Maria / Maarja / Mari,Mari,Jõhvi,63,38
Mary / Maria / Maarja / Mari,Mari,Jüri,16,12
Mary / Maria / Maarja / Mari,Mari,Kaarma,1,1
Mary / Maria / Maarja / Mari,Mari,Kadrina,57,41
Mary / Maria / Maarja / Mari,Mari,Kanepi,5,5
Mary / Maria / Maarja / Mari,Mari,Kaprio,5,2
Mary / Maria / Maarja / Mari,Mari,Karja,1,1
Mary / Maria / Maarja / Mari,Mari,Karksi,54,36
Mary / Maria / Maarja / Mari,Mari,Karula,7,6
Mary / Maria / Maarja / Mari,Mari,Karuse,19,11
Mary / Maria / Maarja / Mari,Mari,Keila,1,1
Mary / Maria / Maarja / Mari,Mari,Kihelkonna,2,2
Mary / Maria / Maarja / Mari,Mari,Kihnu,4,4
Mary / Maria / Maarja / Mari,Mari,Kivennapa,13,5
Mary / Maria / Maarja / Mari,Mari,Kodavere,8,7
Mary / Maria / Maarja / Mari,Mari,Koeru,19,10
Mary / Maria / Maarja / Mari,Mari,Koivisto,1,1
Mary / Maria / Maarja / Mari,Mari,Kolga-Jaani,55,43
Mary / Maria / Maarja / Mari,Mari,Kontiolahti,2,2
Mary / Maria / Maarja / Mari,Mari,Kontokki,1,1
Mary / Maria / Maarja / Mari,Mari,Koprina,1,1
Mary / Maria / Maarja / Mari,Mari,Korpiselkä,3,1
Mary / Maria / Maarja / Mari,Mari,Kose,29,14
Mary / Maria / Maarja / Mari,Mari,Kullamaa,11,9
Mary / Maria / Maarja / Mari,Mari,Kupanitsa,1,1
Mary / Maria / Maarja / Mari,Mari,Kursi,13,11
Mary / Maria / Maarja / Mari,Mari,Kuujärvi,1,1
Mary / Maria / Maarja / Mari,Mari,Kuusalu,95,67
Mary / Maria / Maarja / Mari,Mari,Kärla,1,1
Mary / Maria / Maarja / Mari,Mari,Kõpu,5,1
Mary / Maria / Maarja / Mari,Mari,Laitila,2,2
Mary / Maria / Maarja / Mari,Mari,Laiuse,17,12
Mary / Maria / Maarja / Mari,Mari,Lappee,1,1
Mary / Maria / Maarja / Mari,Mari,Lavansaari,2,1
Mary / Maria / Maarja / Mari,Mari,Lempaala,1,1
Mary / Maria / Maarja / Mari,Mari,Lihula,3,3
Mary / Maria / Maarja / Mari,Mari,Liissilä,2,2
Mary / Maria / Maarja / Mari,Mari,Lääne-Nigula,3,3
Mary / Maria / Maarja / Mari,Mari,Lüganuse,22,15
Mary / Maria / Maarja / Mari,Mari,Maarja-Magdaleena,24,12
Mary / Maria / Maarja / Mari,Mari,Markkova,3,1
Mary / Maria / Maarja / Mari,Mari,Martna,8,3
Mary / Maria / Maarja / Mari,Mari,Mihkli,13,6
Mary / Maria / Maarja / Mari,Mari,Miikkulainen,2,2
Mary / Maria / Maarja / Mari,Mari,Moloskovitsa,6,4
Mary / Maria / Maarja / Mari,Mari,Muhu,13,10
Mary / Maria / Maarja / Mari,Mari,Muolaa,7,4
Mary / Maria / Maarja / Mari,Mari,Mustjala,7,7
Mary / Maria / Maarja / Mari,Mari,Märjamaa,7,4
Mary / Maria / Maarja / Mari,Mari,Narvusi,38,22
Mary / Maria / Maarja / Mari,Mari,Nissi,4,2
Mary / Maria / Maarja / Mari,Mari,Nõo,3,3
Mary / Maria / Maarja / Mari,Mari,Otepää,12,10
Mary / Maria / Maarja / Mari,Mari,Paide,11,3
Mary / Maria / Maarja / Mari,Mari,Paistu,40,29
Mary / Maria / Maarja / Mari,Mari,Palamuse,36,17
Mary / Maria / Maarja / Mari,Mari,Peetri,23,17
Mary / Maria / Maarja / Mari,Mari,Pilistvere,38,19
Mary / Maria / Maarja / Mari,Mari,Puhja,24,9
Mary / Maria / Maarja / Mari,Mari,Pärnu,12,10
Mary / Maria / Maarja / Mari,Mari,Pärnu-Jaagupi,15,9
Mary / Maria / Maarja / Mari,Mari,Põltsamaa,42,20
Mary / Maria / Maarja / Mari,Mari,Põlva,12,10
Mary / Maria / Maarja / Mari,Mari,Pöide,26,6
Mary / Maria / Maarja / Mari,Mari,Pühalepa,11,6
Mary / Maria / Maarja / Mari,Mari,Rakvere,3,2
Mary / Maria / Maarja / Mari,Mari,Rannu,19,10
Mary / Maria / Maarja / Mari,Mari,Rapla,6,5
Mary / Maria / Maarja / Mari,Mari,Reigi,9,6
Mary / Maria / Maarja / Mari,Mari,Repola,1,1
Mary / Maria / Maarja / Mari,Mari,Ridala,4,2
Mary / Maria / Maarja / Mari,Mari,Risti,35,14
Mary / Maria / Maarja / Mari,Mari,Räisälä,1,1
Mary / Maria / Maarja / Mari,Mari,Räpina,38,22
Mary / Maria / Maarja / Mari,Mari,Rõngu,7,5
Mary / Maria / Maarja / Mari,Mari,Rõuge,34,16
Mary / Maria / Maarja / Mari,Mari,Saarde,7,6
Mary / Maria / Maarja / Mari,Mari,Sakkola,1,1
Mary / Maria / Maarja / Mari,Mari,Sangaste,49,32
Mary / Maria / Maarja / Mari,Mari,Seiskari,2,1
Mary / Maria / Maarja / Mari,Mari,Serepetta,5,3
Mary / Maria / Maarja / Mari,Mari,Setumaa,175,101
Mary / Maria / Maarja / Mari,Mari,Simuna,11,11
Mary / Maria / Maarja / Mari,Mari,Soikkola,10,4
Mary / Maria / Maarja / Mari,Mari,Sortavala,1,1
Mary / Maria / Maarja / Mari,Mari,Suistamo,6,5
Mary / Maria / Maarja / Mari,Mari,Suojärvi,2,2
Mary / Maria / Maarja / Mari,Mari,Suure-Jaani,30,15
Mary / Maria / Maarja / Mari,Mari,Tartu-Maarja,10,8
Mary / Maria / Maarja / Mari,Mari,Tarvastu,37,27
Mary / Maria / Maarja / Mari,Mari,Terijoki,4,2
Mary / Maria / Maarja / Mari,Mari,Toksova,6,2
Mary / Maria / Maarja / Mari,Mari,Tori,44,26
Mary / Maria / Maarja / Mari,Mari,Torma,17,5
Mary / Maria / Maarja / Mari,Mari,Tuutari,1,1
Mary / Maria / Maarja / Mari,Mari,Tyrö,19,7
Mary / Maria / Maarja / Mari,Mari,Tõstamaa,11,11
Mary / Maria / Maarja / Mari,Mari,Türi,9,7
Mary / Maria / Maarja / Mari,Mari,Urvaste,21,17
Mary / Maria / Maarja / Mari,Mari,Vaivara,26,17
Mary / Maria / Maarja / Mari,Mari,Valkeasaari,1,1
Mary / Maria / Maarja / Mari,Mari,Varbla,11,8
Mary / Maria / Maarja / Mari,Mari,Vastseliina,19,16
Mary / Maria / Maarja / Mari,Mari,Venjoki,3,3
Mary / Maria / Maarja / Mari,Mari,Vigala,17,12
Mary / Maria / Maarja / Mari,Mari,Viljandi,44,26
Mary / Maria / Maarja / Mari,Mari,Virtasalmi,1,1
Mary / Maria / Maarja / Mari,Mari,Viru-Jaagupi,13,8
Mary / Maria / Maarja / Mari,Mari,Viru-Nigula,31,19
Mary / Maria / Maarja / Mari,Mari,Vuokkiniemi,13,6
Mary / Maria / Maarja / Mari,Mari,Vuole,6,2
Mary / Maria / Maarja / Mari,Mari,Väike-Maarja,24,18
Mary / Maria / Maarja / Mari,Mari,Vändra,7,6
Mary / Maria / Maarja / Mari,Mari,Võnnu,8,6
Mary / Maria / Maarja / Mari,Mari,Äksi,13,10
Mary / Maria / Maarja / Mari,Maria,Alatornio,1,1
Mary / Maria / Maarja / Mari,Maria,Alavus,1,1
Mary / Maria / Maarja / Mari,Maria,Ambla,2,2
Mary / Maria / Maarja / Mari,Maria,Asikkala,1,1
Mary / Maria / Maarja / Mari,Maria,Brandval,2,1
Mary / Maria / Maarja / Mari,Maria,Eräjärvi,1,1
Mary / Maria / Maarja / Mari,Maria,Grue Finnskog,1,1
Mary / Maria / Maarja / Mari,Maria,Hailuoto,1,1
Mary / Maria / Maarja / Mari,Maria,Haljala,2,2
Mary / Maria / Maarja / Mari,Maria,Halliste,1,1
Mary / Maria / Maarja / Mari,Maria,Hanila,1,1
Mary / Maria / Maarja / Mari,Maria,Harju-Jaani,2,2
Mary / Maria / Maarja / Mari,Maria,Harlu,2,2
Mary / Maria / Maarja / Mari,Maria,Hattula,1,1
Mary / Maria / Maarja / Mari,Maria,Hauho,1,1
Mary / Maria / Maarja / Mari,Maria,Haukivuori,1,1
Mary / Maria / Maarja / Mari,Maria,Hirvensalmi,1,1
Mary / Maria / Maarja / Mari,Maria,Huittinen,1,1
Mary / Maria / Maarja / Mari,Maria,Humppila,5,3
Mary / Maria / Maarja / Mari,Maria,Iisaku,2,1
Mary / Maria / Maarja / Mari,Maria,Iisalmi,8,7
Mary / Maria / Maarja / Mari,Maria,Ilmajoki,2,2
Mary / Maria / Maarja / Mari,Maria,Ilomantsi,16,14
Mary / Maria / Maarja / Mari,Maria,Impilahti,13,11
Mary / Maria / Maarja / Mari,Maria,Isojoki,3,2
Mary / Maria / Maarja / Mari,Maria,Jalasjärvi,2,2
Mary / Maria / Maarja / Mari,Maria,Joroinen,2,2
Mary / Maria / Maarja / Mari,Maria,Joutsa,3,2
Mary / Maria / Maarja / Mari,Maria,Jurva,1,1
Mary / Maria / Maarja / Mari,Maria,Juuka,3,3
Mary / Maria / Maarja / Mari,Maria,Juva,17,16
Mary / Maria / Maarja / Mari,Maria,Jällivaara,2,2
Mary / Maria / Maarja / Mari,Maria,Jämijärvi,1,1
Mary / Maria / Maarja / Mari,Maria,Jämsä,1,1
Mary / Maria / Maarja / Mari,Maria,Järva-Jaani,4,2
Mary / Maria / Maarja / Mari,Maria,Jõhvi,3,3
Mary / Maria / Maarja / Mari,Maria,Jüri,4,4
Mary / Maria / Maarja / Mari,Maria,Kaavi,3,3
Mary / Maria / Maarja / Mari,Maria,Kadrina,10,5
Mary / Maria / Maarja / Mari,Maria,Kalvola,2,2
Mary / Maria / Maarja / Mari,Maria,Kangasniemi,2,2
Mary / Maria / Maarja / Mari,Maria,Kankaanpää,1,1
Mary / Maria / Maarja / Mari,Maria,Kaprio,5,5
Mary / Maria / Maarja / Mari,Maria,Karksi,1,1
Mary / Maria / Maarja / Mari,Maria,Karuse,5,4
Mary / Maria / Maarja / Mari,Maria,Kattila,3,3
Mary / Maria / Maarja / Mari,Maria,Kauhajoki,1,1
Mary / Maria / Maarja / Mari,Maria,Kauhava,3,2
Mary / Maria / Maarja / Mari,Maria,Kaustinen,1,1
Mary / Maria / Maarja / Mari,Maria,Keltto,2,2
Mary / Maria / Maarja / Mari,Maria,Kerimäki,2,1
Mary / Maria / Maarja / Mari,Maria,Kestilä,1,1
Mary / Maria / Maarja / Mari,Maria,Kiestinki,2,1
Mary / Maria / Maarja / Mari,Maria,Kihelkonna,1,1
Mary / Maria / Maarja / Mari,Maria,Kiihtelysvaara,3,2
Mary / Maria / Maarja / Mari,Maria,Kiimaisjärvi,1,1
Mary / Maria / Maarja / Mari,Maria,Kitee,9,8
Mary / Maria / Maarja / Mari,Maria,Kittilä,1,1
Mary / Maria / Maarja / Mari,Maria,Kiuruvesi,13,7
Mary / Maria / Maarja / Mari,Maria,Kivijärvi,3,3
Mary / Maria / Maarja / Mari,Maria,Kodavere,1,1
Mary / Maria / Maarja / Mari,Maria,Koivisto,1,1
Mary / Maria / Maarja / Mari,Maria,Kolga-Jaani,2,2
Mary / Maria / Maarja / Mari,Maria,Kontiolahti,2,1
Mary / Maria / Maarja / Mari,Maria,Kontokki,6,6
Mary / Maria / Maarja / Mari,Maria,Koprina,2,2
Mary / Maria / Maarja / Mari,Maria,Korpiselkä,10,10
Mary / Maria / Maarja / Mari,Maria,Kose,1,1
Mary / Maria / Maarja / Mari,Maria,Kuhmo,3,2
Mary / Maria / Maarja / Mari,Maria,Kuhmoinen,2,2
Mary / Maria / Maarja / Mari,Maria,Kuolemajärvi,1,1
Mary / Maria / Maarja / Mari,Maria,Kuopio,4,3
Mary / Maria / Maarja / Mari,Maria,Kuorevesi,1,1
Mary / Maria / Maarja / Mari,Maria,Kupanitsa,1,1
Mary / Maria / Maarja / Mari,Maria,Kurikka,1,1
Mary / Maria / Maarja / Mari,Maria,Kursi,1,1
Mary / Maria / Maarja / Mari,Maria,Kuusalu,10,6
Mary / Maria / Maarja / Mari,Maria,Kuusamo,2,2
Mary / Maria / Maarja / Mari,Maria,Kuusjärvi,1,1
Mary / Maria / Maarja / Mari,Maria,Laihia,4,4
Mary / Maria / Maarja / Mari,Maria,Laiuse,4,3
Mary / Maria / Maarja / Mari,Maria,Lappajärvi,4,3
Mary / Maria / Maarja / Mari,Maria,Lappee,3,2
Mary / Maria / Maarja / Mari,Maria,Lapväärtti,2,1
Mary / Maria / Maarja / Mari,Maria,Lemi,1,1
Mary / Maria / Maarja / Mari,Maria,Lempaala,7,6
Mary / Maria / Maarja / Mari,Maria,Leppävirta,3,1
Mary / Maria / Maarja / Mari,Maria,Liissilä,3,3
Mary / Maria / Maarja / Mari,Maria,Liperi,2,2
Mary / Maria / Maarja / Mari,Maria,Loppi,1,1
Mary / Maria / Maarja / Mari,Maria,Luhanka,1,1
Mary / Maria / Maarja / Mari,Maria,Luumäki,3,3
Mary / Maria / Maarja / Mari,Maria,Lüganuse,2,1
Mary / Maria / Maarja / Mari,Maria,Markkova,1,1
Mary / Maria / Maarja / Mari,Maria,Marttila,5,4
Mary / Maria / Maarja / Mari,Maria,Masku,1,1
Mary / Maria / Maarja / Mari,Maria,Merikarvia,1,1
Mary / Maria / Maarja / Mari,Maria,Metsäpirtti,6,5
Mary / Maria / Maarja / Mari,Maria,Moloskovitsa,2,2
Mary / Maria / Maarja / Mari,Maria,Muhos,1,1
Mary / Maria / Maarja / Mari,Maria,Multia,1,1
Mary / Maria / Maarja / Mari,Maria,Muurla,2,1
Mary / Maria / Maarja / Mari,Maria,Muuruvesi,1,1
Mary / Maria / Maarja / Mari,Maria,Mäntyharju,1,1
Mary / Maria / Maarja / Mari,Maria,Narvusi,36,21
Mary / Maria / Maarja / Mari,Maria,Norra Finnskoga,2,2
Mary / Maria / Maarja / Mari,Maria,Nousiainen,1,1
Mary / Maria / Maarja / Mari,Maria,Nurmes,5,4
Mary / Maria / Maarja / Mari,Maria,Oravainen,1,1
Mary / Maria / Maarja / Mari,Maria,Orimattila,1,1
Mary / Maria / Maarja / Mari,Maria,Oulu,2,1
Mary / Maria / Maarja / Mari,Maria,Paide,1,1
Mary / Maria / Maarja / Mari,Maria,Paimio,3,1
Mary / Maria / Maarja / Mari,Maria,Paltamo,6,2
Mary / Maria / Maarja / Mari,Maria,Parkano,3,3
Mary / Maria / Maarja / Mari,Maria,Perniö,1,1
Mary / Maria / Maarja / Mari,Maria,Pieksämäki,3,3
Mary / Maria / Maarja / Mari,Maria,Pielavesi,5,4
Mary / Maria / Maarja / Mari,Maria,Pielisjärvi,1,1
Mary / Maria / Maarja / Mari,Maria,Piippola,3,1
Mary / Maria / Maarja / Mari,Maria,Pilistvere,1,1
Mary / Maria / Maarja / Mari,Maria,Pistojärvi,1,1
Mary / Maria / Maarja / Mari,Maria,Porajärvi,7,5
Mary / Maria / Maarja / Mari,Maria,Posio,1,1
Mary / Maria / Maarja / Mari,Maria,Puolanka,1,1
Mary / Maria / Maarja / Mari,Maria,Puumala,3,2
Mary / Maria / Maarja / Mari,Maria,Pyhäjärvi Ol.,1,1
Mary / Maria / Maarja / Mari,Maria,Pyhäjärvi Vpl.,1,1
Mary / Maria / Maarja / Mari,Maria,Pyhäselkä,1,1
Mary / Maria / Maarja / Mari,Maria,Pälkjärvi,3,2
Mary / Maria / Maarja / Mari,Maria,Põltsamaa,9,6
Mary / Maria / Maarja / Mari,Maria,Pöide,1,1
Mary / Maria / Maarja / Mari,Maria,Ranua,1,1
Mary / Maria / Maarja / Mari,Maria,Renko,3,2
Mary / Maria / Maarja / Mari,Maria,Repola,10,7
Mary / Maria / Maarja / Mari,Maria,Riipuskala,1,1
Mary / Maria / Maarja / Mari,Maria,Ropsu,1,1
Mary / Maria / Maarja / Mari,Maria,Rovaniemi,3,3
Mary / Maria / Maarja / Mari,Maria,Ruotsin Ylitornio,2,1
Mary / Maria / Maarja / Mari,Maria,Ruskeala,1,1
Mary / Maria / Maarja / Mari,Maria,Rääpyvä,1,1
Mary / Maria / Maarja / Mari,Maria,Rõngu,1,1
Mary / Maria / Maarja / Mari,Maria,Saarde,1,1
Mary / Maria / Maarja / Mari,Maria,Saarijärvi,4,3
Mary / Maria / Maarja / Mari,Maria,Sahalahti,3,2
Mary / Maria / Maarja / Mari,Maria,Salmi,14,14
Mary / Maria / Maarja / Mari,Maria,Salo,1,1
Mary / Maria / Maarja / Mari,Maria,Sangaste,5,2
Mary / Maria / Maarja / Mari,Maria,Savitaipale,2,2
Mary / Maria / Maarja / Mari,Maria,Serepetta,1,1
Mary / Maria / Maarja / Mari,Maria,Setumaa,14,5
Mary / Maria / Maarja / Mari,Maria,Siikainen,1,1
Mary / Maria / Maarja / Mari,Maria,Simo,1,1
Mary / Maria / Maarja / Mari,Maria,Simuna,3,2
Mary / Maria / Maarja / Mari,Maria,Soanlahti,5,5
Mary / Maria / Maarja / Mari,Maria,Sodankylä,2,2
Mary / Maria / Maarja / Mari,Maria,Soikkola,19,10
Mary / Maria / Maarja / Mari,Maria,Soini,1,1
Mary / Maria / Maarja / Mari,Maria,Somerniemi,1,1
Mary / Maria / Maarja / Mari,Maria,Somero,3,2
Mary / Maria / Maarja / Mari,Maria,Sortavala,1,1
Mary / Maria / Maarja / Mari,Maria,Soutjärvi,2,2
Mary / Maria / Maarja / Mari,Maria,Suistamo,50,42
Mary / Maria / Maarja / Mari,Maria,Suojärvi,37,24
Mary / Maria / Maarja / Mari,Maria,Suomussalmi,1,1
Mary / Maria / Maarja / Mari,Maria,Suure-Jaani,2,2
Mary / Maria / Maarja / Mari,Maria,Sääksmäki,6,3
Mary / Maria / Maarja / Mari,Maria,Södra Finnskoga,1,1
Mary / Maria / Maarja / Mari,Maria,Tammela,7,4
Mary / Maria / Maarja / Mari,Maria,Tervo,6,4
Mary / Maria / Maarja / Mari,Maria,Tervola,3,2
Mary / Maria / Maarja / Mari,Maria,Teuva,1,1
Mary / Maria / Maarja / Mari,Maria,Tohmajärvi,11,7
Mary / Maria / Maarja / Mari,Maria,Tolmačču,1,1
Mary / Maria / Maarja / Mari,Maria,Tori,1,1
Mary / Maria / Maarja / Mari,Maria,Torma,1,1
Mary / Maria / Maarja / Mari,Maria,Tulemajärvi,1,1
Mary / Maria / Maarja / Mari,Maria,Turtola,1,1
Mary / Maria / Maarja / Mari,Maria,Tuupovaara,3,3
Mary / Maria / Maarja / Mari,Maria,Tyrväntö,2,1
Mary / Maria / Maarja / Mari,Maria,Tyrö,11,4
Mary / Maria / Maarja / Mari,Maria,Töysä,4,3
Mary / Maria / Maarja / Mari,Maria,Türi,1,1
Mary / Maria / Maarja / Mari,Maria,Uhtua,9,7
Mary / Maria / Maarja / Mari,Maria,Urjala,3,2
Mary / Maria / Maarja / Mari,Maria,Uskela,3,3
Mary / Maria / Maarja / Mari,Maria,Uukuniemi,4,2
Mary / Maria / Maarja / Mari,Maria,Uusikaupunki,1,1
Mary / Maria / Maarja / Mari,Maria,Vaivara,2,2
Mary / Maria / Maarja / Mari,Maria,Valkeasaari,1,1
Mary / Maria / Maarja / Mari,Maria,Varbla,1,1
Mary / Maria / Maarja / Mari,Maria,Varpaisjärvi,2,2
Mary / Maria / Maarja / Mari,Maria,Venjoki,7,6
Mary / Maria / Maarja / Mari,Maria,Vieljärvi,1,1
Mary / Maria / Maarja / Mari,Maria,Vihanti,2,1
Mary / Maria / Maarja / Mari,Maria,Viitasaari,1,1
Mary / Maria / Maarja / Mari,Maria,Viljandi,2,2
Mary / Maria / Maarja / Mari,Maria,Virrat,1,1
Mary / Maria / Maarja / Mari,Maria,Virtasalmi,1,1
Mary / Maria / Maarja / Mari,Maria,Viru-Nigula,3,3
Mary / Maria / Maarja / Mari,Maria,Vittanki,1,1
Mary / Maria / Maarja / Mari,Maria,Vuokkiniemi,13,11
Mary / Maria / Maarja / Mari,Maria,Vuole,8,5
Mary / Maria / Maarja / Mari,Maria,Ylikiiminki,2,1
Mary / Maria / Maarja / Mari,Maria,Östmark,1,1
Mary / Maria / Maarja / Mari,Other,Ambla,1,1
Mary / Maria / Maarja / Mari,Other,Brandval,2,1
Mary / Maria / Maarja / Mari,Other,Haljala,4,3
Mary / Maria / Maarja / Mari,Other,Halliste,4,2
Mary / Maria / Maarja / Mari,Other,Hargla,5,4
Mary / Maria / Maarja / Mari,Other,Helme,5,4
Mary / Maria / Maarja / Mari,Other,Häädemeeste,1,1
Mary / Maria / Maarja / Mari,Other,Ilomantsi,3,2
Mary / Maria / Maarja / Mari,Other,Juva,1,1
Mary / Maria / Maarja / Mari,Other,Järva-Jaani,2,1
Mary / Maria / Maarja / Mari,Other,Järva-Madise,1,1
Mary / Maria / Maarja / Mari,Other,Jõhvi,3,3
Mary / Maria / Maarja / Mari,Other,Kaarma,4,2
Mary / Maria / Maarja / Mari,Other,Kaavi,1,1
Mary / Maria / Maarja / Mari,Other,Kadrina,2,2
Mary / Maria / Maarja / Mari,Other,Kambja,1,1
Mary / Maria / Maarja / Mari,Other,Kanepi,1,1
Mary / Maria / Maarja / Mari,Other,Kaprio,2,1
Mary / Maria / Maarja / Mari,Other,Karksi,19,10
Mary / Maria / Maarja / Mari,Other,Karuse,1,1
Mary / Maria / Maarja / Mari,Other,Kauhava,1,1
Mary / Maria / Maarja / Mari,Other,Kestilä,1,1
Mary / Maria / Maarja / Mari,Other,Kitee,3,3
Mary / Maria / Maarja / Mari,Other,Kodavere,2,1
Mary / Maria / Maarja / Mari,Other,Koeru,1,1
Mary / Maria / Maarja / Mari,Other,Koivisto,1,1
Mary / Maria / Maarja / Mari,Other,Kolga-Jaani,7,4
Mary / Maria / Maarja / Mari,Other,Kuhmoinen,1,1
Mary / Maria / Maarja / Mari,Other,Kuusalu,2,2
Mary / Maria / Maarja / Mari,Other,Kärsämäki,2,1
Mary / Maria / Maarja / Mari,Other,Lappee,1,1
Mary / Maria / Maarja / Mari,Other,Lempaala,3,2
Mary / Maria / Maarja / Mari,Other,Luumäki,1,1
Mary / Maria / Maarja / Mari,Other,Maarja-Magdaleena,1,1
Mary / Maria / Maarja / Mari,Other,Moloskovitsa,1,1
Mary / Maria / Maarja / Mari,Other,Narvusi,21,10
Mary / Maria / Maarja / Mari,Other,Nilsiä,3,3
Mary / Maria / Maarja / Mari,Other,Nivala,1,1
Mary / Maria / Maarja / Mari,Other,Nyskoga,1,1
Mary / Maria / Maarja / Mari,Other,Nõo,1,1
Mary / Maria / Maarja / Mari,Other,Paistu,5,3
Mary / Maria / Maarja / Mari,Other,Palamuse,1,1
Mary / Maria / Maarja / Mari,Other,Peetri,1,1
Mary / Maria / Maarja / Mari,Other,Perho,2,1
Mary / Maria / Maarja / Mari,Other,Pieksämäki,2,2
Mary / Maria / Maarja / Mari,Other,Pudasjärvi,1,1
Mary / Maria / Maarja / Mari,Other,Põltsamaa,2,2
Mary / Maria / Maarja / Mari,Other,Põlva,1,1
Mary / Maria / Maarja / Mari,Other,Pühalepa,1,1
Mary / Maria / Maarja / Mari,Other,Ridala,1,1
Mary / Maria / Maarja / Mari,Other,Risti,2,2
Mary / Maria / Maarja / Mari,Other,Rovaniemi,1,1
Mary / Maria / Maarja / Mari,Other,Räpina,9,5
Mary / Maria / Maarja / Mari,Other,Rääkkylä,1,1
Mary / Maria / Maarja / Mari,Other,Rääpyvä,2,1
Mary / Maria / Maarja / Mari,Other,Rõngu,1,1
Mary / Maria / Maarja / Mari,Other,Rõuge,3,2
Mary / Maria / Maarja / Mari,Other,Sangaste,1,1
Mary / Maria / Maarja / Mari,Other,Serepetta,7,2
Mary / Maria / Maarja / Mari,Other,Setumaa,29,22
Mary / Maria / Maarja / Mari,Other,Soikkola,7,6
Mary / Maria / Maarja / Mari,Other,Suistamo,3,3
Mary / Maria / Maarja / Mari,Other,Suojärvi,9,5
Mary / Maria / Maarja / Mari,Other,Tartu-Maarja,1,1
Mary / Maria / Maarja / Mari,Other,Tarvastu,2,2
Mary / Maria / Maarja / Mari,Other,Tulemajärvi,1,1
Mary / Maria / Maarja / Mari,Other,Tyrö,1,1
Mary / Maria / Maarja / Mari,Other,Uhtua,1,1
Mary / Maria / Maarja / Mari,Other,Urvaste,3,2
Mary / Maria / Maarja / Mari,Other,Venjoki,3,3
Mary / Maria / Maarja / Mari,Other,Vesilahti,1,1
Mary / Maria / Maarja / Mari,Other,Vigala,3,3
Mary / Maria / Maarja / Mari,Other,Vimpeli,2,1
Mary / Maria / Maarja / Mari,Other,Viru-Nigula,1,1
Mary / Maria / Maarja / Mari,Other,Vuokkiniemi,4,3
Mary / Maria / Maarja / Mari,Other,Vuole,2,2
Mary / Maria / Maarja / Mari,Other,Väike-Maarja,1,1
Mary / Maria / Maarja / Mari,Other,Võnnu,4,1
Mary / Maria / Maarja / Mari,Other,Ylikiiminki,1,1
Mary / Maria / Maarja / Mari,Other,Äksi,2,2
Peter / Pietari / Peeter,Other,Ambla,2,2
Peter / Pietari / Peeter,Other,Hageri,1,1
Peter / Pietari / Peeter,Other,Halliste,1,1
Peter / Pietari / Peeter,Other,Harju-Madise,1,1
Peter / Pietari / Peeter,Other,Helme,2,1
Peter / Pietari / Peeter,Other,Ilomantsi,1,1
Peter / Pietari / Peeter,Other,Kaprio,1,1
Peter / Pietari / Peeter,Other,Karksi,1,1
Peter / Pietari / Peeter,Other,Kattila,2,1
Peter / Pietari / Peeter,Other,Kaustinen,1,1
Peter / Pietari / Peeter,Other,Korpiselkä,2,1
Peter / Pietari / Peeter,Other,Kuusalu,1,1
Peter / Pietari / Peeter,Other,Kõpu,2,1
Peter / Pietari / Peeter,Other,Laiuse,1,1
Peter / Pietari / Peeter,Other,Lempaala,1,1
Peter / Pietari / Peeter,Other,Liperi,1,1
Peter / Pietari / Peeter,Other,Noarootsi,6,1
Peter / Pietari / Peeter,Other,Orimattila,2,1
Peter / Pietari / Peeter,Other,Otepää,1,1
Peter / Pietari / Peeter,Other,Paistu,3,2
Peter / Pietari / Peeter,Other,Põlva,1,1
Peter / Pietari / Peeter,Other,Rannu,1,1
Peter / Pietari / Peeter,Other,Reigi,1,1
Peter / Pietari / Peeter,Other,Risti,6,1
Peter / Pietari / Peeter,Other,Räpina,5,1
Peter / Pietari / Peeter,Other,Rõngu,2,2
Peter / Pietari / Peeter,Other,Sauvo,1,1
Peter / Pietari / Peeter,Other,Savitaipale,1,1
Peter / Pietari / Peeter,Other,Setumaa,1,1
Peter / Pietari / Peeter,Other,Soikkola,5,4
Peter / Pietari / Peeter,Other,Suojärvi,1,1
Peter / Pietari / Peeter,Other,Tervola,2,1
Peter / Pietari / Peeter,Other,Uukuniemi,1,1
Peter / Pietari / Peeter,Other,Vastseliina,9,2
Peter / Pietari / Peeter,Other,Venjoki,1,1
Peter / Pietari / Peeter,Other,Viru-Nigula,1,1
Peter / Pietari / Peeter,Other,Ylikiiminki,1,1
Peter / Pietari / Peeter,Peeter,Ambla,6,6
Peter / Pietari / Peeter,Peeter,Anseküla,3,2
Peter / Pietari / Peeter,Peeter,Audru,1,1
Peter / Pietari / Peeter,Peeter,Emmaste,1,1
Peter / Pietari / Peeter,Peeter,Hageri,1,1
Peter / Pietari / Peeter,Peeter,Haljala,6,6
Peter / Pietari / Peeter,Peeter,Halliste,16,9
Peter / Pietari / Peeter,Peeter,Hanila,3,1
Peter / Pietari / Peeter,Peeter,Harju-Jaani,2,2
Peter / Pietari / Peeter,Peeter,Harju-Madise,4,2
Peter / Pietari / Peeter,Peeter,Helme,16,11
Peter / Pietari / Peeter,Peeter,Häädemeeste,1,1
Peter / Pietari / Peeter,Peeter,Iisaku,1,1
Peter / Pietari / Peeter,Peeter,Jaani,2,2
Peter / Pietari / Peeter,Peeter,Järva-Jaani,6,5
Peter / Pietari / Peeter,Peeter,Järva-Madise,5,5
Peter / Pietari / Peeter,Peeter,Jõelähtme,3,3
Peter / Pietari / Peeter,Peeter,Jõhvi,20,9
Peter / Pietari / Peeter,Peeter,Jüri,1,1
Peter / Pietari / Peeter,Peeter,Kaarma,1,1
Peter / Pietari / Peeter,Peeter,Kadrina,16,13
Peter / Pietari / Peeter,Peeter,Kambja,3,1
Peter / Pietari / Peeter,Peeter,Kanepi,1,1
Peter / Pietari / Peeter,Peeter,Karja,2,2
Peter / Pietari / Peeter,Peeter,Karksi,26,14
Peter / Pietari / Peeter,Peeter,Karula,2,1
Peter / Pietari / Peeter,Peeter,Karuse,1,1
Peter / Pietari / Peeter,Peeter,Keila,1,1
Peter / Pietari / Peeter,Peeter,Kodavere,1,1
Peter / Pietari / Peeter,Peeter,Koeru,15,6
Peter / Pietari / Peeter,Peeter,Kolga-Jaani,16,5
Peter / Pietari / Peeter,Peeter,Kose,4,4
Peter / Pietari / Peeter,Peeter,Kullamaa,2,1
Peter / Pietari / Peeter,Peeter,Kursi,2,1
Peter / Pietari / Peeter,Peeter,Kuusalu,13,10
Peter / Pietari / Peeter,Peeter,Käina,1,1
Peter / Pietari / Peeter,Peeter,Kärla,4,2
Peter / Pietari / Peeter,Peeter,Kõpu,3,2
Peter / Pietari / Peeter,Peeter,Laiuse,3,3
Peter / Pietari / Peeter,Peeter,Lääne-Nigula,2,1
Peter / Pietari / Peeter,Peeter,Lüganuse,3,2
Peter / Pietari / Peeter,Peeter,Maarja-Magdaleena,4,3
Peter / Pietari / Peeter,Peeter,Martna,1,1
Peter / Pietari / Peeter,Peeter,Muhu,5,3
Peter / Pietari / Peeter,Peeter,Mustjala,1,1
Peter / Pietari / Peeter,Peeter,Märjamaa,1,1
Peter / Pietari / Peeter,Peeter,Otepää,2,2
Peter / Pietari / Peeter,Peeter,Paistu,15,10
Peter / Pietari / Peeter,Peeter,Palamuse,3,2
Peter / Pietari / Peeter,Peeter,Peetri,8,6
Peter / Pietari / Peeter,Peeter,Pilistvere,11,3
Peter / Pietari / Peeter,Peeter,Puhja,5,5
Peter / Pietari / Peeter,Peeter,Pärnu,5,4
Peter / Pietari / Peeter,Peeter,Pärnu-Jaagupi,2,2
Peter / Pietari / Peeter,Peeter,Põltsamaa,8,4
Peter / Pietari / Peeter,Peeter,Põlva,7,3
Peter / Pietari / Peeter,Peeter,Pöide,4,3
Peter / Pietari / Peeter,Peeter,Pühalepa,4,2
Peter / Pietari / Peeter,Peeter,Rakvere,1,1
Peter / Pietari / Peeter,Peeter,Rannu,3,2
Peter / Pietari / Peeter,Peeter,Reigi,1,1
Peter / Pietari / Peeter,Peeter,Risti,4,2
Peter / Pietari / Peeter,Peeter,Räpina,16,4
Peter / Pietari / Peeter,Peeter,Rõngu,7,6
Peter / Pietari / Peeter,Peeter,Rõuge,2,2
Peter / Pietari / Peeter,Peeter,Sangaste,8,4
Peter / Pietari / Peeter,Peeter,Setumaa,10,5
Peter / Pietari / Peeter,Peeter,Simuna,3,2
Peter / Pietari / Peeter,Peeter,Suure-Jaani,10,8
Peter / Pietari / Peeter,Peeter,Tarvastu,9,7
Peter / Pietari / Peeter,Peeter,Tori,2,2
Peter / Pietari / Peeter,Peeter,Torma,9,3
Peter / Pietari / Peeter,Peeter,Tõstamaa,1,1
Peter / Pietari / Peeter,Peeter,Türi,1,1
Peter / Pietari / Peeter,Peeter,Urvaste,8,3
Peter / Pietari / Peeter,Peeter,Vaivara,5,4
Peter / Pietari / Peeter,Peeter,Varbla,1,1
Peter / Pietari / Peeter,Peeter,Vastseliina,4,3
Peter / Pietari / Peeter,Peeter,Vigala,1,1
Peter / Pietari / Peeter,Peeter,Viljandi,7,5
Peter / Pietari / Peeter,Peeter,Viru-Nigula,3,2
Peter / Pietari / Peeter,Peeter,Väike-Maarja,7,3
Peter / Pietari / Peeter,Peeter,Võnnu,8,5
Peter / Pietari / Peeter,Peeter,Äksi,1,1
Peter / Pietari / Peeter,Pekka,Alatornio,2,2
Peter / Pietari / Peeter,Pekka,Alavus,2,1
Peter / Pietari / Peeter,Pekka,Asikkala,3,3
Peter / Pietari / Peeter,Pekka,Eno,1,1
Peter / Pietari / Peeter,Pekka,Haapajärvi,1,1
Peter / Pietari / Peeter,Pekka,Hartola,1,1
Peter / Pietari / Peeter,Pekka,Hattula,3,3
Peter / Pietari / Peeter,Pekka,Heinävesi,11,11
Peter / Pietari / Peeter,Pekka,Huittinen,1,1
Peter / Pietari / Peeter,Pekka,Iisalmi,2,2
Peter / Pietari / Peeter,Pekka,Ilomantsi,14,12
Peter / Pietari / Peeter,Pekka,Impilahti,4,4
Peter / Pietari / Peeter,Pekka,Jaakkima,2,2
Peter / Pietari / Peeter,Pekka,Joensuu,1,1
Peter / Pietari / Peeter,Pekka,Joroinen,4,4
Peter / Pietari / Peeter,Pekka,Juuka,2,2
Peter / Pietari / Peeter,Pekka,Juva,2,2
Peter / Pietari / Peeter,Pekka,Kaavi,3,3
Peter / Pietari / Peeter,Pekka,Kangaslampi,4,4
Peter / Pietari / Peeter,Pekka,Kangasniemi,3,3
Peter / Pietari / Peeter,Pekka,Karstula,1,1
Peter / Pietari / Peeter,Pekka,Karttula,1,1
Peter / Pietari / Peeter,Pekka,Karuna,1,1
Peter / Pietari / Peeter,Pekka,Karunki,1,1
Peter / Pietari / Peeter,Pekka,Kaukola,1,1
Peter / Pietari / Peeter,Pekka,Kemi,1,1
Peter / Pietari / Peeter,Pekka,Kerimäki,4,3
Peter / Pietari / Peeter,Pekka,Kestilä,3,2
Peter / Pietari / Peeter,Pekka,Kesälahti,1,1
Peter / Pietari / Peeter,Pekka,Kiihtelysvaara,1,1
Peter / Pietari / Peeter,Pekka,Kirvu,1,1
Peter / Pietari / Peeter,Pekka,Kitee,7,5
Peter / Pietari / Peeter,Pekka,Kiuruvesi,6,6
Peter / Pietari / Peeter,Pekka,Kivennapa,1,1
Peter / Pietari / Peeter,Pekka,Koivisto,5,3
Peter / Pietari / Peeter,Pekka,Konnevesi,1,1
Peter / Pietari / Peeter,Pekka,Kontiolahti,3,3
Peter / Pietari / Peeter,Pekka,Koprina,1,1
Peter / Pietari / Peeter,Pekka,Korpiselkä,2,2
Peter / Pietari / Peeter,Pekka,Kuhmo,2,2
Peter / Pietari / Peeter,Pekka,Kuolemajärvi,1,1
Peter / Pietari / Peeter,Pekka,Kuopio,5,5
Peter / Pietari / Peeter,Pekka,Kurikka,1,1
Peter / Pietari / Peeter,Pekka,Lappee,3,1
Peter / Pietari / Peeter,Pekka,Lapua,1,1
Peter / Pietari / Peeter,Pekka,Lavansaari,1,1
Peter / Pietari / Peeter,Pekka,Lemi,1,1
Peter / Pietari / Peeter,Pekka,Leppävirta,9,9
Peter / Pietari / Peeter,Pekka,Liminka,2,1
Peter / Pietari / Peeter,Pekka,Liperi,1,1
Peter / Pietari / Peeter,Pekka,Lumivaara,1,1
Peter / Pietari / Peeter,Pekka,Maaninka,7,7
Peter / Pietari / Peeter,Pekka,Metsäpirtti,1,1
Peter / Pietari / Peeter,Pekka,Muhos,1,1
Peter / Pietari / Peeter,Pekka,Muolaa,2,2
Peter / Pietari / Peeter,Pekka,Mäntsälä,1,1
Peter / Pietari / Peeter,Pekka,Mäntyharju,2,1
Peter / Pietari / Peeter,Pekka,Narvusi,3,1
Peter / Pietari / Peeter,Pekka,Nilsiä,8,6
Peter / Pietari / Peeter,Pekka,Nurmes,19,19
Peter / Pietari / Peeter,Pekka,Paattinen,1,1
Peter / Pietari / Peeter,Pekka,Paavola,1,1
Peter / Pietari / Peeter,Pekka,Paltamo,1,1
Peter / Pietari / Peeter,Pekka,Perho,2,1
Peter / Pietari / Peeter,Pekka,Pieksämäki,3,3
Peter / Pietari / Peeter,Pekka,Pielavesi,11,10
Peter / Pietari / Peeter,Pekka,Pielisjärvi,2,1
Peter / Pietari / Peeter,Pekka,Pihtipudas,1,1
Peter / Pietari / Peeter,Pekka,Polvijärvi,4,4
Peter / Pietari / Peeter,Pekka,Porajärvi,8,4
Peter / Pietari / Peeter,Pekka,Pori,2,2
Peter / Pietari / Peeter,Pekka,Pudasjärvi,1,1
Peter / Pietari / Peeter,Pekka,Puolanka,1,1
Peter / Pietari / Peeter,Pekka,Puumala,5,3
Peter / Pietari / Peeter,Pekka,Pyhäjärvi Ol.,2,2
Peter / Pietari / Peeter,Pekka,Pyhäjärvi Vpl.,2,2
Peter / Pietari / Peeter,Pekka,Pyhäselkä,3,3
Peter / Pietari / Peeter,Pekka,Pöytyä,1,1
Peter / Pietari / Peeter,Pekka,Rantsila,4,4
Peter / Pietari / Peeter,Pekka,Ranua,2,1
Peter / Pietari / Peeter,Pekka,Rautalampi,2,2
Peter / Pietari / Peeter,Pekka,Rautavaara,2,2
Peter / Pietari / Peeter,Pekka,Ristiina,2,2
Peter / Pietari / Peeter,Pekka,Ristijärvi,2,2
Peter / Pietari / Peeter,Pekka,Ruovesi,1,1
Peter / Pietari / Peeter,Pekka,Rymättylä,1,1
Peter / Pietari / Peeter,Pekka,Rääkkylä,2,2
Peter / Pietari / Peeter,Pekka,Saari,3,3
Peter / Pietari / Peeter,Pekka,Saarijärvi,2,2
Peter / Pietari / Peeter,Pekka,Salmi,1,1
Peter / Pietari / Peeter,Pekka,Salo,1,1
Peter / Pietari / Peeter,Pekka,Savonlinna,4,3
Peter / Pietari / Peeter,Pekka,Siilinjärvi,1,1
Peter / Pietari / Peeter,Pekka,Simo,4,3
Peter / Pietari / Peeter,Pekka,Sippola,1,1
Peter / Pietari / Peeter,Pekka,Sonkajärvi,14,14
Peter / Pietari / Peeter,Pekka,Sortavala,2,2
Peter / Pietari / Peeter,Pekka,Sotkamo,5,4
Peter / Pietari / Peeter,Pekka,Suistamo,4,4
Peter / Pietari / Peeter,Pekka,Suojärvi,1,1
Peter / Pietari / Peeter,Pekka,Suomussalmi,1,1
Peter / Pietari / Peeter,Pekka,Suonenjoki,1,1
Peter / Pietari / Peeter,Pekka,Säräisniemi,2,2
Peter / Pietari / Peeter,Pekka,Taipalsaari,2,1
Peter / Pietari / Peeter,Pekka,Tervo,1,1
Peter / Pietari / Peeter,Pekka,Tervola,1,1
Peter / Pietari / Peeter,Pekka,Tohmajärvi,4,4
Peter / Pietari / Peeter,Pekka,Turku,1,1
Peter / Pietari / Peeter,Pekka,Tuulos,1,1
Peter / Pietari / Peeter,Pekka,Tuusniemi,2,2
Peter / Pietari / Peeter,Pekka,Töysä,1,1
Peter / Pietari / Peeter,Pekka,Uhtua,2,2
Peter / Pietari / Peeter,Pekka,Uurainen,1,1
Peter / Pietari / Peeter,Pekka,Uusikaupunki,8,4
Peter / Pietari / Peeter,Pekka,Valkeasaari,1,1
Peter / Pietari / Peeter,Pekka,Valtimo,2,2
Peter / Pietari / Peeter,Pekka,Varpaisjärvi,2,2
Peter / Pietari / Peeter,Pekka,Vehmersalmi,1,1
Peter / Pietari / Peeter,Pekka,Veteli,3,1
Peter / Pietari / Peeter,Pekka,Vihanti,1,1
Peter / Pietari / Peeter,Pekka,Viipuri,1,1
Peter / Pietari / Peeter,Pekka,Viitasaari,4,4
Peter / Pietari / Peeter,Pekka,Virtasalmi,6,6
Peter / Pietari / Peeter,Pekka,Vuokkiniemi,4,2
Peter / Pietari / Peeter,Pekka,Vuoksela,1,1
Peter / Pietari / Peeter,Pekka,Vuole,2,2
Peter / Pietari / Peeter,Pekka,Ylämaa,1,1
Peter / Pietari / Peeter,Pekka,Östmark,1,1
Peter / Pietari / Peeter,Petteri/Petri,Alatornio,2,2
Peter / Pietari / Peeter,Petteri/Petri,Eno,1,1
Peter / Pietari / Peeter,Petteri/Petri,Honkajoki,1,1
Peter / Pietari / Peeter,Petteri/Petri,Ilomantsi,1,1
Peter / Pietari / Peeter,Petteri/Petri,Impilahti,3,1
Peter / Pietari / Peeter,Petteri/Petri,Juva,1,1
Peter / Pietari / Peeter,Petteri/Petri,Jällivaara,1,1
Peter / Pietari / Peeter,Petteri/Petri,Kaprio,3,3
Peter / Pietari / Peeter,Petteri/Petri,Kattila,1,1
Peter / Pietari / Peeter,Petteri/Petri,Kemi,3,3
Peter / Pietari / Peeter,Petteri/Petri,Kiikka,1,1
Peter / Pietari / Peeter,Petteri/Petri,Koivisto,1,1
Peter / Pietari / Peeter,Petteri/Petri,Kontokki,1,1
Peter / Pietari / Peeter,Petteri/Petri,Kurkijoki,1,1
Peter / Pietari / Peeter,Petteri/Petri,Laihia,1,1
Peter / Pietari / Peeter,Petteri/Petri,Liperi,1,1
Peter / Pietari / Peeter,Petteri/Petri,Maaninka,1,1
Peter / Pietari / Peeter,Petteri/Petri,Maaria,1,1
Peter / Pietari / Peeter,Petteri/Petri,Muonio,1,1
Peter / Pietari / Peeter,Petteri/Petri,Muurla,1,1
Peter / Pietari / Peeter,Petteri/Petri,Narvusi,14,14
Peter / Pietari / Peeter,Petteri/Petri,Repola,2,2
Peter / Pietari / Peeter,Petteri/Petri,Rovaniemi,3,3
Peter / Pietari / Peeter,Petteri/Petri,Salmi,1,1
Peter / Pietari / Peeter,Petteri/Petri,Serepetta,3,3
Peter / Pietari / Peeter,Petteri/Petri,Skuoritsa,1,1
Peter / Pietari / Peeter,Petteri/Petri,Soanlahti,2,2
Peter / Pietari / Peeter,Petteri/Petri,Sodankylä,1,1
Peter / Pietari / Peeter,Petteri/Petri,Soikkola,11,6
Peter / Pietari / Peeter,Petteri/Petri,Suojärvi,9,3
Peter / Pietari / Peeter,Petteri/Petri,Tulemajärvi,6,2
Peter / Pietari / Peeter,Petteri/Petri,Tyrvää,1,1
Peter / Pietari / Peeter,Petteri/Petri,Tyrö,3,3
Peter / Pietari / Peeter,Petteri/Petri,Vieljärvi,6,2
Peter / Pietari / Peeter,Petteri/Petri,Vuokkiniemi,10,3
Peter / Pietari / Peeter,Pietari,Alatornio,2,2
Peter / Pietari / Peeter,Pietari,Anjala,3,3
Peter / Pietari / Peeter,Pietari,Asikkala,4,4
Peter / Pietari / Peeter,Pietari,Elimäki,1,1
Peter / Pietari / Peeter,Pietari,Eno,4,4
Peter / Pietari / Peeter,Pietari,Enonkoski,1,1
Peter / Pietari / Peeter,Pietari,Harjavalta,1,1
Peter / Pietari / Peeter,Pietari,Hattula,4,4
Peter / Pietari / Peeter,Pietari,Hauho,1,1
Peter / Pietari / Peeter,Pietari,Heinjoki,2,2
Peter / Pietari / Peeter,Pietari,Heinävesi,3,3
Peter / Pietari / Peeter,Pietari,Helsinki,4,4
Peter / Pietari / Peeter,Pietari,Hiitola,1,1
Peter / Pietari / Peeter,Pietari,Hirvensalmi,1,1
Peter / Pietari / Peeter,Pietari,Hollola,2,2
Peter / Pietari / Peeter,Pietari,Hyvinkää,1,1
Peter / Pietari / Peeter,Pietari,Hämeenlinna,1,1
Peter / Pietari / Peeter,Pietari,Iisalmi,2,2
Peter / Pietari / Peeter,Pietari,Ilmajoki,1,1
Peter / Pietari / Peeter,Pietari,Ilomantsi,38,16
Peter / Pietari / Peeter,Pietari,Impilahti,4,4
Peter / Pietari / Peeter,Pietari,Inkere,1,1
Peter / Pietari / Peeter,Pietari,Isojoki,1,1
Peter / Pietari / Peeter,Pietari,Jaakkima,3,3
Peter / Pietari / Peeter,Pietari,Jalasjärvi,1,1
Peter / Pietari / Peeter,Pietari,Janakkala,1,1
Peter / Pietari / Peeter,Pietari,Johannes,2,2
Peter / Pietari / Peeter,Pietari,Joroinen,5,3
Peter / Pietari / Peeter,Pietari,Joutseno,1,1
Peter / Pietari / Peeter,Pietari,Jurva,1,1
Peter / Pietari / Peeter,Pietari,Juuka,1,1
Peter / Pietari / Peeter,Pietari,Juva,3,3
Peter / Pietari / Peeter,Pietari,Kaarina,1,1
Peter / Pietari / Peeter,Pietari,Kaavi,4,4
Peter / Pietari / Peeter,Pietari,Kalvola,1,1
Peter / Pietari / Peeter,Pietari,Kangasala,2,2
Peter / Pietari / Peeter,Pietari,Kangaslampi,1,1
Peter / Pietari / Peeter,Pietari,Kankaanpää,1,1
Peter / Pietari / Peeter,Pietari,Kaprio,3,2
Peter / Pietari / Peeter,Pietari,Karttula,3,3
Peter / Pietari / Peeter,Pietari,Karuna,2,2
Peter / Pietari / Peeter,Pietari,Karunki,1,1
Peter / Pietari / Peeter,Pietari,Kattila,1,1
Peter / Pietari / Peeter,Pietari,Kauhava,1,1
Peter / Pietari / Peeter,Pietari,Kaukola,1,1
Peter / Pietari / Peeter,Pietari,Keikyä,1,1
Peter / Pietari / Peeter,Pietari,Keltto,3,2
Peter / Pietari / Peeter,Pietari,Kemi,1,1
Peter / Pietari / Peeter,Pietari,Kerimäki,1,1
Peter / Pietari / Peeter,Pietari,Kesälahti,7,3
Peter / Pietari / Peeter,Pietari,Kiihtelysvaara,8,5
Peter / Pietari / Peeter,Pietari,Kiikoinen,1,1
Peter / Pietari / Peeter,Pietari,Kiimaisjärvi,2,2
Peter / Pietari / Peeter,Pietari,Kisko,1,1
Peter / Pietari / Peeter,Pietari,Kitee,9,6
Peter / Pietari / Peeter,Pietari,Kiukainen,1,1
Peter / Pietari / Peeter,Pietari,Kiuruvesi,1,1
Peter / Pietari / Peeter,Pietari,Kivennapa,6,5
Peter / Pietari / Peeter,Pietari,Koivisto,1,1
Peter / Pietari / Peeter,Pietari,Kontiolahti,4,3
Peter / Pietari / Peeter,Pietari,Koprina,1,1
Peter / Pietari / Peeter,Pietari,Korpiselkä,20,5
Peter / Pietari / Peeter,Pietari,Kuhmo,1,1
Peter / Pietari / Peeter,Pietari,Kuhmoinen,4,4
Peter / Pietari / Peeter,Pietari,Kuolemajärvi,1,1
Peter / Pietari / Peeter,Pietari,Kuopio,2,2
Peter / Pietari / Peeter,Pietari,Kupanitsa,1,1
Peter / Pietari / Peeter,Pietari,Kuujärvi,2,1
Peter / Pietari / Peeter,Pietari,Kuusalu,1,1
Peter / Pietari / Peeter,Pietari,Kuusjoki,2,2
Peter / Pietari / Peeter,Pietari,Kuusjärvi,2,1
Peter / Pietari / Peeter,Pietari,Kymi,2,2
Peter / Pietari / Peeter,Pietari,Käkisalmi,1,1
Peter / Pietari / Peeter,Pietari,Lahti,1,1
Peter / Pietari / Peeter,Pietari,Laihia,4,4
Peter / Pietari / Peeter,Pietari,Lapinlahti,1,1
Peter / Pietari / Peeter,Pietari,Lappajärvi,1,1
Peter / Pietari / Peeter,Pietari,Lappee,2,2
Peter / Pietari / Peeter,Pietari,Lapua,1,1
Peter / Pietari / Peeter,Pietari,Lapväärtti,1,1
Peter / Pietari / Peeter,Pietari,Laukaa,1,1
Peter / Pietari / Peeter,Pietari,Lekvattnet,1,1
Peter / Pietari / Peeter,Pietari,Lemi,1,1
Peter / Pietari / Peeter,Pietari,Lempaala,8,8
Peter / Pietari / Peeter,Pietari,Leppävirta,5,5
Peter / Pietari / Peeter,Pietari,Lieto,2,2
Peter / Pietari / Peeter,Pietari,Liissilä,6,6
Peter / Pietari / Peeter,Pietari,Liperi,2,2
Peter / Pietari / Peeter,Pietari,Loppi,2,2
Peter / Pietari / Peeter,Pietari,Luhanka,1,1
Peter / Pietari / Peeter,Pietari,Lumivaara,2,2
Peter / Pietari / Peeter,Pietari,Längelmäki,2,2
Peter / Pietari / Peeter,Pietari,Maaninka,2,2
Peter / Pietari / Peeter,Pietari,Maaria,1,1
Peter / Pietari / Peeter,Pietari,Maksuatiha,2,2
Peter / Pietari / Peeter,Pietari,Markkova,1,1
Peter / Pietari / Peeter,Pietari,Merijärvi,1,1
Peter / Pietari / Peeter,Pietari,Merikarvia,1,1
Peter / Pietari / Peeter,Pietari,Merimasku,2,2
Peter / Pietari / Peeter,Pietari,Messukylä,1,1
Peter / Pietari / Peeter,Pietari,Metsäpirtti,1,1
Peter / Pietari / Peeter,Pietari,Miehikkälä,1,1
Peter / Pietari / Peeter,Pietari,Mikkeli,1,1
Peter / Pietari / Peeter,Pietari,Moloskovitsa,9,9
Peter / Pietari / Peeter,Pietari,Muolaa,1,1
Peter / Pietari / Peeter,Pietari,Muurla,1,1
Peter / Pietari / Peeter,Pietari,Mäntsälä,1,1
Peter / Pietari / Peeter,Pietari,Mäntyharju,1,1
Peter / Pietari / Peeter,Pietari,Narvusi,27,19
Peter / Pietari / Peeter,Pietari,Nastola,2,2
Peter / Pietari / Peeter,Pietari,Nekkula,1,1
Peter / Pietari / Peeter,Pietari,Nilsiä,2,2
Peter / Pietari / Peeter,Pietari,Noormarkku,2,2
Peter / Pietari / Peeter,Pietari,Nurmes,9,9
Peter / Pietari / Peeter,Pietari,Orimattila,3,3
Peter / Pietari / Peeter,Pietari,Oulunsalo,1,1
Peter / Pietari / Peeter,Pietari,Paatene,1,1
Peter / Pietari / Peeter,Pietari,Parikkala,3,3
Peter / Pietari / Peeter,Pietari,Parkano,3,3
Peter / Pietari / Peeter,Pietari,Perho,2,2
Peter / Pietari / Peeter,Pietari,Perniö,3,3
Peter / Pietari / Peeter,Pietari,Pertteli,1,1
Peter / Pietari / Peeter,Pietari,Pieksämäki,1,1
Peter / Pietari / Peeter,Pietari,Pielavesi,5,4
Peter / Pietari / Peeter,Pietari,Pielisjärvi,1,1
Peter / Pietari / Peeter,Pietari,Polvijärvi,2,2
Peter / Pietari / Peeter,Pietari,Porajärvi,7,5
Peter / Pietari / Peeter,Pietari,Pori,1,1
Peter / Pietari / Peeter,Pietari,Pudasjärvi,1,1
Peter / Pietari / Peeter,Pietari,Puumala,10,3
Peter / Pietari / Peeter,Pietari,Pyhäjärvi Ul.,1,1
Peter / Pietari / Peeter,Pietari,Pyhäjärvi Vpl.,2,2
Peter / Pietari / Peeter,Pietari,Pyhäranta,1,1
Peter / Pietari / Peeter,Pietari,Pyhäselkä,1,1
Peter / Pietari / Peeter,Pietari,Pylkönmäki,1,1
Peter / Pietari / Peeter,Pietari,Pälkjärvi,5,2
Peter / Pietari / Peeter,Pietari,Pöytyä,2,2
Peter / Pietari / Peeter,Pietari,Rantsila,2,2
Peter / Pietari / Peeter,Pietari,Ranua,2,2
Peter / Pietari / Peeter,Pietari,Rauma,5,5
Peter / Pietari / Peeter,Pietari,Rautavaara,6,4
Peter / Pietari / Peeter,Pietari,Rautu,3,3
Peter / Pietari / Peeter,Pietari,Renko,2,2
Peter / Pietari / Peeter,Pietari,Repola,7,4
Peter / Pietari / Peeter,Pietari,Ristiina,3,1
Peter / Pietari / Peeter,Pietari,Rovaniemi,1,1
Peter / Pietari / Peeter,Pietari,Ruokolahti,1,1
Peter / Pietari / Peeter,Pietari,Ruovesi,1,1
Peter / Pietari / Peeter,Pietari,Räisälä,2,2
Peter / Pietari / Peeter,Pietari,Rääkkylä,6,4
Peter / Pietari / Peeter,Pietari,Saarijärvi,5,5
Peter / Pietari / Peeter,Pietari,Sakkola,2,2
Peter / Pietari / Peeter,Pietari,Salmi,19,6
Peter / Pietari / Peeter,Pietari,Sandova,1,1
Peter / Pietari / Peeter,Pietari,Sauvo,1,1
Peter / Pietari / Peeter,Pietari,Savitaipale,3,2
Peter / Pietari / Peeter,Pietari,Savonlinna,2,2
Peter / Pietari / Peeter,Pietari,Seiskari,2,1
Peter / Pietari / Peeter,Pietari,Serepetta,2,2
Peter / Pietari / Peeter,Pietari,Sippola,1,1
Peter / Pietari / Peeter,Pietari,Soanlahti,8,6
Peter / Pietari / Peeter,Pietari,Soikkola,20,14
Peter / Pietari / Peeter,Pietari,Somerniemi,1,1
Peter / Pietari / Peeter,Pietari,Somero,2,2
Peter / Pietari / Peeter,Pietari,Sonkajärvi,2,2
Peter / Pietari / Peeter,Pietari,Sortavala,2,2
Peter / Pietari / Peeter,Pietari,Soutjärvi,10,8
Peter / Pietari / Peeter,Pietari,Spankkova,1,1
Peter / Pietari / Peeter,Pietari,Suistamo,54,20
Peter / Pietari / Peeter,Pietari,Sulkava,2,2
Peter / Pietari / Peeter,Pietari,Suojärvi,26,13
Peter / Pietari / Peeter,Pietari,Suomusjärvi,2,2
Peter / Pietari / Peeter,Pietari,Sysmä,1,1
Peter / Pietari / Peeter,Pietari,Säfsnäs,1,1
Peter / Pietari / Peeter,Pietari,Säkkijärvi,1,1
Peter / Pietari / Peeter,Pietari,Säämäjärvi,2,1
Peter / Pietari / Peeter,Pietari,Taipalsaari,1,1
Peter / Pietari / Peeter,Pietari,Taivassalo,1,1
Peter / Pietari / Peeter,Pietari,Tammela,1,1
Peter / Pietari / Peeter,Pietari,Tampere,3,3
Peter / Pietari / Peeter,Pietari,Tohmajärvi,3,2
Peter / Pietari / Peeter,Pietari,Toksova,10,8
Peter / Pietari / Peeter,Pietari,Tolmačču,3,3
Peter / Pietari / Peeter,Pietari,Turku,1,1
Peter / Pietari / Peeter,Pietari,Tuulos,2,2
Peter / Pietari / Peeter,Pietari,Tuupovaara,6,2
Peter / Pietari / Peeter,Pietari,Tuusniemi,4,4
Peter / Pietari / Peeter,Pietari,Tuusula,1,1
Peter / Pietari / Peeter,Pietari,Tuutari,2,2
Peter / Pietari / Peeter,Pietari,Tyrvää,2,2
Peter / Pietari / Peeter,Pietari,Tyrö,5,5
Peter / Pietari / Peeter,Pietari,Tytärsaari,1,1
Peter / Pietari / Peeter,Pietari,Töysä,4,4
Peter / Pietari / Peeter,Pietari,Uhtua,2,2
Peter / Pietari / Peeter,Pietari,Urjala,1,1
Peter / Pietari / Peeter,Pietari,Uskela,10,10
Peter / Pietari / Peeter,Pietari,Uukuniemi,4,1
Peter / Pietari / Peeter,Pietari,Uusikaupunki,4,4
Peter / Pietari / Peeter,Pietari,Uusikirkko Tl.,2,2
Peter / Pietari / Peeter,Pietari,Vahto,2,2
Peter / Pietari / Peeter,Pietari,Valkeasaari,2,2
Peter / Pietari / Peeter,Pietari,Valkjärvi,1,1
Peter / Pietari / Peeter,Pietari,Vanaja,1,1
Peter / Pietari / Peeter,Pietari,Varkaus,3,2
Peter / Pietari / Peeter,Pietari,Varpaisjärvi,1,1
Peter / Pietari / Peeter,Pietari,Venjoki,5,5
Peter / Pietari / Peeter,Pietari,Veteli,1,1
Peter / Pietari / Peeter,Pietari,Veśśi,1,1
Peter / Pietari / Peeter,Pietari,Vihanti,5,4
Peter / Pietari / Peeter,Pietari,Viipuri,3,3
Peter / Pietari / Peeter,Pietari,Viitasaari,2,2
Peter / Pietari / Peeter,Pietari,Viljakkala,1,1
Peter / Pietari / Peeter,Pietari,Virolahti,1,1
Peter / Pietari / Peeter,Pietari,Vuokkiniemi,1,1
Peter / Pietari / Peeter,Pietari,Vuoksela,1,1
Peter / Pietari / Peeter,Pietari,Vuole,11,10
Peter / Pietari / Peeter,Pietari,Ylikiiminki,1,1
Peter / Pietari / Peeter,Pietari,Ylitornio,1,1
Peter / Pietari / Peeter,Pietari,Ylämaa,1,1
Peter / Pietari / Peeter,Pietari,Yläne,1,1
Peter / Pietari / Peeter,Pietari,Ylöjärvi,1,1
Peter / Pietari / Peeter,Pietari,Ähtäri,1,1
