person_cluster,area_name,english_category,mentions,poems
Anna / Anne / Ann / Anni,Alahärmä,Anna,1,1
Anna / Anne / Ann / Anni,Alatornio,Ann,1,1
Anna / Anne / Ann / Anni,Alatornio,Anni/Annie,3,2
Anna / Anne / Ann / Anni,Alatornio,Other,1,1
Anna / Anne / Ann / Anni,Ambla,Ann,8,7
Anna / Anne / Ann / Anni,Ambla,Anna,2,1
Anna / Anne / Ann / Anni,Ambla,Anne,9,8
Anna / Anne / Ann / Anni,Ambla,Gift,5,4
Anna / Anne / Ann / Anni,Ambla,Other,3,3
Anna / Anne / Ann / Anni,Anna,Gift,1,1
Anna / Anne / Ann / Anni,Anttola,Gift,2,1
Anna / Anne / Ann / Anni,Asikkala,Other,1,1
Anna / Anne / Ann / Anni,Audru,Ann,8,2
Anna / Anne / Ann / Anni,Audru,Anna,1,1
Anna / Anne / Ann / Anni,Audru,Anne,3,2
Anna / Anne / Ann / Anni,Audru,Other,3,2
Anna / Anne / Ann / Anni,Emmaste,Ann,1,1
Anna / Anne / Ann / Anni,Evijärvi,Other,1,1
Anna / Anne / Ann / Anni,Forssa,Anni/Annie,1,1
Anna / Anne / Ann / Anni,Halikko,Anni/Annie,1,1
Anna / Anne / Ann / Anni,Haljala,Ann,8,7
Anna / Anne / Ann / Anni,Haljala,Anne,22,16
Anna / Anne / Ann / Anni,Haljala,Anni/Annie,2,2
Anna / Anne / Ann / Anni,Haljala,Anu,1,1
Anna / Anne / Ann / Anni,Haljala,Gift,16,15
Anna / Anne / Ann / Anni,Haljala,Other,13,12
Anna / Anne / Ann / Anni,Halliste,Ann,3,2
Anna / Anne / Ann / Anni,Halliste,Anne,20,12
Anna / Anne / Ann / Anni,Halliste,Gift,5,5
Anna / Anne / Ann / Anni,Hanila,Ann,1,1
Anna / Anne / Ann / Anni,Hargla,Anne,4,2
Anna / Anne / Ann / Anni,Hargla,Gift,5,4
Anna / Anne / Ann / Anni,Hargla,Other,1,1
Anna / Anne / Ann / Anni,Harju-Jaani,Ann,3,3
Anna / Anne / Ann / Anni,Harju-Jaani,Anna,2,2
Anna / Anne / Ann / Anni,Harju-Jaani,Anne,2,2
Anna / Anne / Ann / Anni,Harju-Jaani,Anu,1,1
Anna / Anne / Ann / Anni,Harju-Jaani,Gift,2,2
Anna / Anne / Ann / Anni,Harju-Jaani,Other,2,2
Anna / Anne / Ann / Anni,Hattula,Anna,1,1
Anna / Anne / Ann / Anni,Hattula,Anni/Annie,1,1
Anna / Anne / Ann / Anni,Hattula,Other,1,1
Anna / Anne / Ann / Anni,Heinjoki,Anni/Annie,1,1
Anna / Anne / Ann / Anni,Heinjoki,Other,2,2
Anna / Anne / Ann / Anni,Heinävesi,Anna,2,2
Anna / Anne / Ann / Anni,Heinävesi,Anni/Annie,4,4
Anna / Anne / Ann / Anni,Helme,Ann,3,3
Anna / Anne / Ann / Anni,Helme,Anne,27,16
Anna / Anne / Ann / Anni,Helme,Anni/Annie,2,1
Anna / Anne / Ann / Anni,Helme,Gift,3,3
Anna / Anne / Ann / Anni,Helme,Other,2,2
Anna / Anne / Ann / Anni,Hietamäki,Anni/Annie,4,3
Anna / Anne / Ann / Anni,Hietamäki,Other,1,1
Anna / Anne / Ann / Anni,Hollola,Anni/Annie,2,2
Anna / Anne / Ann / Anni,Hämeenlinna,Anni/Annie,6,6
Anna / Anne / Ann / Anni,Hämeenlinna,Other,1,1
Anna / Anne / Ann / Anni,Häädemeeste,Ann,1,1
Anna / Anne / Ann / Anni,Häädemeeste,Anna,1,1
Anna / Anne / Ann / Anni,Häädemeeste,Anne,7,5
Anna / Anne / Ann / Anni,Iisaku,Anne,4,4
Anna / Anne / Ann / Anni,Iisaku,Gift,2,2
Anna / Anne / Ann / Anni,Iisaku,Other,1,1
Anna / Anne / Ann / Anni,Iitti,Anni/Annie,2,2
Anna / Anne / Ann / Anni,Ilmajoki,Other,1,1
Anna / Anne / Ann / Anni,Ilomantsi,Ann,2,2
Anna / Anne / Ann / Anni,Ilomantsi,Anna,2,1
Anna / Anne / Ann / Anni,Ilomantsi,Anni/Annie,10,5
Anna / Anne / Ann / Anni,Ilomantsi,Other,1,1
Anna / Anne / Ann / Anni,Impilahti,Anni/Annie,1,1
Anna / Anne / Ann / Anni,Impilahti,Anu,1,1
Anna / Anne / Ann / Anni,Impilahti,Other,1,1
Anna / Anne / Ann / Anni,Isokyrö,Anni/Annie,1,1
Anna / Anne / Ann / Anni,Jaani,Gift,2,2
Anna / Anne / Ann / Anni,Jaani,Other,1,1
Anna / Anne / Ann / Anni,Janakkala,Other,1,1
Anna / Anne / Ann / Anni,Joensuu,Anni/Annie,1,1
Anna / Anne / Ann / Anni,Joroinen,Anna,1,1
Anna / Anne / Ann / Anni,Juuru,Ann,1,1
Anna / Anne / Ann / Anni,Juuru,Gift,2,1
Anna / Anne / Ann / Anni,Juuru,Other,1,1
Anna / Anne / Ann / Anni,Jämaja,Anne,3,1
Anna / Anne / Ann / Anni,Jämaja,Gift,1,1
Anna / Anne / Ann / Anni,Järva-Jaani,Ann,2,1
Anna / Anne / Ann / Anni,Järva-Jaani,Anne,2,2
Anna / Anne / Ann / Anni,Järva-Jaani,Anu,4,1
Anna / Anne / Ann / Anni,Järva-Jaani,Gift,1,1
Anna / Anne / Ann / Anni,Järva-Madise,Anne,3,3
Anna / Anne / Ann / Anni,Järva-Madise,Gift,4,4
Anna / Anne / Ann / Anni,Järva-Madise,Other,1,1
Anna / Anne / Ann / Anni,Jõelähtme,Ann,5,4
Anna / Anne / Ann / Anni,Jõelähtme,Anna,3,1
Anna / Anne / Ann / Anni,Jõelähtme,Anne,1,1
Anna / Anne / Ann / Anni,Jõelähtme,Gift,1,1
Anna / Anne / Ann / Anni,Jõelähtme,Other,1,1
Anna / Anne / Ann / Anni,Jõhvi,Ann,11,4
Anna / Anne / Ann / Anni,Jõhvi,Anne,3,2
Anna / Anne / Ann / Anni,Jõhvi,Gift,3,3
Anna / Anne / Ann / Anni,Jõhvi,Other,5,3
Anna / Anne / Ann / Anni,Jüri,Ann,1,1
Anna / Anne / Ann / Anni,Jüri,Anne,5,4
Anna / Anne / Ann / Anni,Jüri,Gift,2,1
Anna / Anne / Ann / Anni,Kaarma,Ann,3,2
Anna / Anne / Ann / Anni,Kaarma,Anne,1,1
Anna / Anne / Ann / Anni,Kaavi,Anna,1,1
Anna / Anne / Ann / Anni,Kadrina,Ann,15,7
Anna / Anne / Ann / Anni,Kadrina,Anne,27,16
Anna / Anne / Ann / Anni,Kadrina,Anni/Annie,1,1
Anna / Anne / Ann / Anni,Kadrina,Gift,10,8
Anna / Anne / Ann / Anni,Kadrina,Other,9,7
Anna / Anne / Ann / Anni,Kalajoki,Anna,1,1
Anna / Anne / Ann / Anni,Kambja,Anna,1,1
Anna / Anne / Ann / Anni,Kambja,Anne,2,2
Anna / Anne / Ann / Anni,Kanepi,Anne,5,4
Anna / Anne / Ann / Anni,Kanepi,Gift,1,1
Anna / Anne / Ann / Anni,Kangaslampi,Anna,1,1
Anna / Anne / Ann / Anni,Kangasniemi,Anna,1,1
Anna / Anne / Ann / Anni,Kaprio,Anni/Annie,7,3
Anna / Anne / Ann / Anni,Kaprio,Other,3,2
Anna / Anne / Ann / Anni,Karja,Ann,6,1
Anna / Anne / Ann / Anni,Karja,Anne,4,2
Anna / Anne / Ann / Anni,Karksi,Anna,3,2
Anna / Anne / Ann / Anni,Karksi,Anne,35,20
Anna / Anne / Ann / Anni,Karksi,Gift,11,7
Anna / Anne / Ann / Anni,Karksi,Other,3,2
Anna / Anne / Ann / Anni,Karttula,Anna,1,1
Anna / Anne / Ann / Anni,Karula,Ann,1,1
Anna / Anne / Ann / Anni,Karula,Anne,3,2
Anna / Anne / Ann / Anni,Karula,Gift,1,1
Anna / Anne / Ann / Anni,Karula,Other,2,2
Anna / Anne / Ann / Anni,Karuna,Anni/Annie,1,1
Anna / Anne / Ann / Anni,Karunki,Anni/Annie,3,2
Anna / Anne / Ann / Anni,Karuse,Ann,7,3
Anna / Anne / Ann / Anni,Karuse,Anne,5,3
Anna / Anne / Ann / Anni,Karuse,Gift,1,1
Anna / Anne / Ann / Anni,Karuse,Other,3,3
Anna / Anne / Ann / Anni,Kattila,Anu,3,2
Anna / Anne / Ann / Anni,Kattila,Other,1,1
Anna / Anne / Ann / Anni,Kauhajoki,Anni/Annie,2,2
Anna / Anne / Ann / Anni,Kaustinen,Anna,1,1
Anna / Anne / Ann / Anni,Kauvatsa,Anni/Annie,1,1
Anna / Anne / Ann / Anni,Keila,Ann,1,1
Anna / Anne / Ann / Anni,Keila,Other,1,1
Anna / Anne / Ann / Anni,Kemijärvi,Other,1,1
Anna / Anne / Ann / Anni,Kestilä,Anna,1,1
Anna / Anne / Ann / Anni,Kiestinki,Anni/Annie,2,1
Anna / Anne / Ann / Anni,Kiestinki,Other,2,1
Anna / Anne / Ann / Anni,Kihelkonna,Gift,1,1
Anna / Anne / Ann / Anni,Kihniö,Other,1,1
Anna / Anne / Ann / Anni,Kirvu,Anni/Annie,1,1
Anna / Anne / Ann / Anni,Kitee,Anna,1,1
Anna / Anne / Ann / Anni,Kivennapa,Anni/Annie,3,3
Anna / Anne / Ann / Anni,Kivennapa,Other,1,1
Anna / Anne / Ann / Anni,Kodavere,Ann,1,1
Anna / Anne / Ann / Anni,Kodavere,Anne,6,4
Anna / Anne / Ann / Anni,Kodavere,Anni/Annie,1,1
Anna / Anne / Ann / Anni,Kodavere,Gift,2,2
Anna / Anne / Ann / Anni,Koeru,Ann,7,3
Anna / Anne / Ann / Anni,Koeru,Anne,16,4
Anna / Anne / Ann / Anni,Koeru,Gift,5,4
Anna / Anne / Ann / Anni,Koeru,Other,6,3
Anna / Anne / Ann / Anni,Koivisto,Ann,1,1
Anna / Anne / Ann / Anni,Koivisto,Anni/Annie,8,5
Anna / Anne / Ann / Anni,Koivisto,Other,2,1
Anna / Anne / Ann / Anni,Kokkola,Anni/Annie,1,1
Anna / Anne / Ann / Anni,Kolga-Jaani,Ann,14,9
Anna / Anne / Ann / Anni,Kolga-Jaani,Anne,26,12
Anna / Anne / Ann / Anni,Kolga-Jaani,Anu,1,1
Anna / Anne / Ann / Anni,Kolga-Jaani,Gift,3,2
Anna / Anne / Ann / Anni,Kolga-Jaani,Other,3,3
Anna / Anne / Ann / Anni,Kontiolahti,Anni/Annie,4,3
Anna / Anne / Ann / Anni,Kontiolahti,Other,1,1
Anna / Anne / Ann / Anni,Kontokki,Ann,11,3
Anna / Anne / Ann / Anni,Kontokki,Anni/Annie,9,4
Anna / Anne / Ann / Anni,Koprina,Anni/Annie,10,3
Anna / Anne / Ann / Anni,Koprina,Other,3,2
Anna / Anne / Ann / Anni,Korpilahti,Anni/Annie,1,1
Anna / Anne / Ann / Anni,Korpiselkä,Ann,1,1
Anna / Anne / Ann / Anni,Korpiselkä,Anni/Annie,6,4
Anna / Anne / Ann / Anni,Korpiselkä,Other,1,1
Anna / Anne / Ann / Anni,Kose,Ann,8,5
Anna / Anne / Ann / Anni,Kose,Anna,1,1
Anna / Anne / Ann / Anni,Kose,Anne,13,9
Anna / Anne / Ann / Anni,Kose,Anni/Annie,1,1
Anna / Anne / Ann / Anni,Kose,Gift,3,2
Anna / Anne / Ann / Anni,Kose,Other,2,1
Anna / Anne / Ann / Anni,Koskenpää,Anni/Annie,1,1
Anna / Anne / Ann / Anni,Kuhmo,Anni/Annie,2,1
Anna / Anne / Ann / Anni,Kuivaniemi,Other,1,1
Anna / Anne / Ann / Anni,Kullamaa,Ann,1,1
Anna / Anne / Ann / Anni,Kullamaa,Other,2,1
Anna / Anne / Ann / Anni,Kuolemajärvi,Anni/Annie,2,1
Anna / Anne / Ann / Anni,Kuolemajärvi,Other,1,1
Anna / Anne / Ann / Anni,Kuopio,Anni/Annie,3,3
Anna / Anne / Ann / Anni,Kupanitsa,Anni/Annie,3,1
Anna / Anne / Ann / Anni,Kupanitsa,Other,1,1
Anna / Anne / Ann / Anni,Kurkijoki,Other,1,1
Anna / Anne / Ann / Anni,Kursi,Ann,1,1
Anna / Anne / Ann / Anni,Kursi,Anne,4,3
Anna / Anne / Ann / Anni,Kursi,Gift,4,3
Anna / Anne / Ann / Anni,Kursi,Other,2,2
Anna / Anne / Ann / Anni,Kuusalu,Ann,3,2
Anna / Anne / Ann / Anni,Kuusalu,Anna,1,1
Anna / Anne / Ann / Anni,Kuusalu,Anne,14,11
Anna / Anne / Ann / Anni,Kuusalu,Anni/Annie,3,1
Anna / Anne / Ann / Anni,Kuusalu,Gift,15,8
Anna / Anne / Ann / Anni,Kuusalu,Other,1,1
Anna / Anne / Ann / Anni,Kuusamo,Anni/Annie,8,1
Anna / Anne / Ann / Anni,Kuusamo,Other,1,1
Anna / Anne / Ann / Anni,Kuusjoki,Anni/Annie,3,3
Anna / Anne / Ann / Anni,Käina,Ann,10,2
Anna / Anne / Ann / Anni,Kärla,Ann,3,3
Anna / Anne / Ann / Anni,Kärla,Gift,1,1
Anna / Anne / Ann / Anni,Kõpu,Ann,1,1
Anna / Anne / Ann / Anni,Kõpu,Anne,7,4
Anna / Anne / Ann / Anni,Laiuse,Ann,2,2
Anna / Anne / Ann / Anni,Laiuse,Anne,12,10
Anna / Anne / Ann / Anni,Laiuse,Gift,2,2
Anna / Anne / Ann / Anni,Laiuse,Other,2,2
Anna / Anne / Ann / Anni,Lappee,Anni/Annie,1,1
Anna / Anne / Ann / Anni,Lapua,Other,1,1
Anna / Anne / Ann / Anni,Lavansaari,Ann,1,1
Anna / Anne / Ann / Anni,Lavansaari,Anni/Annie,3,2
Anna / Anne / Ann / Anni,Lavansaari,Other,1,1
Anna / Anne / Ann / Anni,Lempaala,Ann,1,1
Anna / Anne / Ann / Anni,Lempaala,Anni/Annie,6,4
Anna / Anne / Ann / Anni,Leppävirta,Anni/Annie,1,1
Anna / Anne / Ann / Anni,Lihula,Anne,3,3
Anna / Anne / Ann / Anni,Liissilä,Anni/Annie,3,2
Anna / Anne / Ann / Anni,Liissilä,Other,1,1
Anna / Anne / Ann / Anni,Liperi,Ann,1,1
Anna / Anne / Ann / Anni,Liperi,Anna,1,1
Anna / Anne / Ann / Anni,Liperi,Anni/Annie,1,1
Anna / Anne / Ann / Anni,Liperi,Other,3,2
Anna / Anne / Ann / Anni,Loppi,Anna,1,1
Anna / Anne / Ann / Anni,Loppi,Anni/Annie,1,1
Anna / Anne / Ann / Anni,Luopioinen,Anni/Annie,1,1
Anna / Anne / Ann / Anni,Lääne-Nigula,Anu,1,1
Anna / Anne / Ann / Anni,Lüganuse,Ann,1,1
Anna / Anne / Ann / Anni,Lüganuse,Anne,2,1
Anna / Anne / Ann / Anni,Lüganuse,Anu,1,1
Anna / Anne / Ann / Anni,Lüganuse,Gift,2,2
Anna / Anne / Ann / Anni,Maarja-Magdaleena,Ann,7,6
Anna / Anne / Ann / Anni,Maarja-Magdaleena,Anne,12,6
Anna / Anne / Ann / Anni,Maarja-Magdaleena,Gift,3,3
Anna / Anne / Ann / Anni,Maarja-Magdaleena,Other,1,1
Anna / Anne / Ann / Anni,Maksuatiha,Anni/Annie,2,2
Anna / Anne / Ann / Anni,Martna,Gift,2,1
Anna / Anne / Ann / Anni,Martna,Other,1,1
Anna / Anne / Ann / Anni,Metsäpirtti,Anni/Annie,1,1
Anna / Anne / Ann / Anni,Mihkli,Anne,2,1
Anna / Anne / Ann / Anni,Moloskovitsa,Anni/Annie,7,5
Anna / Anne / Ann / Anni,Moloskovitsa,Other,2,2
Anna / Anne / Ann / Anni,Muhu,Ann,16,3
Anna / Anne / Ann / Anni,Muhu,Anna,1,1
Anna / Anne / Ann / Anni,Muhu,Anne,7,3
Anna / Anne / Ann / Anni,Muhu,Gift,4,4
Anna / Anne / Ann / Anni,Muhu,Other,4,2
Anna / Anne / Ann / Anni,Muolaa,Anni/Annie,1,1
Anna / Anne / Ann / Anni,Mustjala,Ann,1,1
Anna / Anne / Ann / Anni,Mustjala,Anne,4,1
Anna / Anne / Ann / Anni,Mustjala,Gift,1,1
Anna / Anne / Ann / Anni,Mustjala,Other,1,1
Anna / Anne / Ann / Anni,Mäntsälä,Other,1,1
Anna / Anne / Ann / Anni,Mäntyharju,Anni/Annie,3,2
Anna / Anne / Ann / Anni,Märjamaa,Ann,1,1
Anna / Anne / Ann / Anni,Märjamaa,Anne,3,3
Anna / Anne / Ann / Anni,Märjamaa,Gift,1,1
Anna / Anne / Ann / Anni,Märjamaa,Other,2,2
Anna / Anne / Ann / Anni,Nakkila,Anni/Annie,1,1
Anna / Anne / Ann / Anni,Narvusi,Anni/Annie,25,15
Anna / Anne / Ann / Anni,Narvusi,Anu,3,2
Anna / Anne / Ann / Anni,Narvusi,Other,5,5
Anna / Anne / Ann / Anni,Noarootsi,Ann,1,1
Anna / Anne / Ann / Anni,Nurmes,Gift,1,1
Anna / Anne / Ann / Anni,Nurmijärvi,Other,1,1
Anna / Anne / Ann / Anni,Nõo,Anne,6,4
Anna / Anne / Ann / Anni,Nõo,Gift,1,1
Anna / Anne / Ann / Anni,Nõo,Other,2,2
Anna / Anne / Ann / Anni,Orimattila,Anni/Annie,1,1
Anna / Anne / Ann / Anni,Otepää,Ann,3,2
Anna / Anne / Ann / Anni,Otepää,Anne,6,5
Anna / Anne / Ann / Anni,Otepää,Gift,2,2
Anna / Anne / Ann / Anni,Otepää,Other,1,1
Anna / Anne / Ann / Anni,Oulu,Anna,1,1
Anna / Anne / Ann / Anni,Paatene,Anni/Annie,16,1
Anna / Anne / Ann / Anni,Paattinen,Anni/Annie,2,2
Anna / Anne / Ann / Anni,Paide,Ann,4,2
Anna / Anne / Ann / Anni,Paide,Anne,7,4
Anna / Anne / Ann / Anni,Paistu,Ann,10,8
Anna / Anne / Ann / Anni,Paistu,Anna,1,1
Anna / Anne / Ann / Anni,Paistu,Anne,31,10
Anna / Anne / Ann / Anni,Paistu,Gift,9,8
Anna / Anne / Ann / Anni,Paistu,Other,1,1
Anna / Anne / Ann / Anni,Palamuse,Ann,4,3
Anna / Anne / Ann / Anni,Palamuse,Anne,6,5
Anna / Anne / Ann / Anni,Palamuse,Gift,2,2
Anna / Anne / Ann / Anni,Parikkala,Anni/Annie,1,1
Anna / Anne / Ann / Anni,Peetri,Ann,8,4
Anna / Anne / Ann / Anni,Peetri,Anne,3,2
Anna / Anne / Ann / Anni,Peetri,Anni/Annie,1,1
Anna / Anne / Ann / Anni,Peetri,Gift,1,1
Anna / Anne / Ann / Anni,Peetri,Other,3,3
Anna / Anne / Ann / Anni,Perho,Anna,1,1
Anna / Anne / Ann / Anni,Perniö,Anni/Annie,1,1
Anna / Anne / Ann / Anni,Pieksämäki,Anni/Annie,1,1
Anna / Anne / Ann / Anni,Pielisjärvi,Anni/Annie,2,1
Anna / Anne / Ann / Anni,Piippola,Other,1,1
Anna / Anne / Ann / Anni,Pilistvere,Ann,10,4
Anna / Anne / Ann / Anni,Pilistvere,Anne,18,5
Anna / Anne / Ann / Anni,Pilistvere,Gift,3,2
Anna / Anne / Ann / Anni,Pirkkala,Anni/Annie,1,1
Anna / Anne / Ann / Anni,Porajärvi,Anni/Annie,4,1
Anna / Anne / Ann / Anni,Pudasjärvi,Anni/Annie,1,1
Anna / Anne / Ann / Anni,Puhja,Ann,1,1
Anna / Anne / Ann / Anni,Puhja,Anne,6,4
Anna / Anne / Ann / Anni,Puhja,Anu,2,1
Anna / Anne / Ann / Anni,Pukkila,Anni/Annie,1,1
Anna / Anne / Ann / Anni,Puolanka,Anni/Annie,1,1
Anna / Anne / Ann / Anni,Puolanka,Other,1,1
Anna / Anne / Ann / Anni,Pyhäjärvi Ul.,Anni/Annie,1,1
Anna / Anne / Ann / Anni,Pyhäjärvi Vpl.,Anni/Annie,2,2
Anna / Anne / Ann / Anni,Pyhäjärvi Vpl.,Other,1,1
Anna / Anne / Ann / Anni,Pälkjärvi,Anna,1,1
Anna / Anne / Ann / Anni,Pälkäne,Ann,1,1
Anna / Anne / Ann / Anni,Pärnu,Ann,1,1
Anna / Anne / Ann / Anni,Pärnu,Anne,2,2
Anna / Anne / Ann / Anni,Pärnu,Gift,2,2
Anna / Anne / Ann / Anni,Pärnu-Jaagupi,Ann,2,2
Anna / Anne / Ann / Anni,Pärnu-Jaagupi,Anne,3,3
Anna / Anne / Ann / Anni,Pärnu-Jaagupi,Gift,5,2
Anna / Anne / Ann / Anni,Põltsamaa,Ann,10,5
Anna / Anne / Ann / Anni,Põltsamaa,Anne,16,3
Anna / Anne / Ann / Anni,Põltsamaa,Anu,2,1
Anna / Anne / Ann / Anni,Põltsamaa,Gift,10,7
Anna / Anne / Ann / Anni,Põltsamaa,Other,3,3
Anna / Anne / Ann / Anni,Põlva,Ann,2,2
Anna / Anne / Ann / Anni,Põlva,Anne,3,3
Anna / Anne / Ann / Anni,Põlva,Gift,2,2
Anna / Anne / Ann / Anni,Pöide,Ann,12,6
Anna / Anne / Ann / Anni,Pöide,Anne,3,3
Anna / Anne / Ann / Anni,Pöide,Anu,3,2
Anna / Anne / Ann / Anni,Pöide,Gift,4,1
Anna / Anne / Ann / Anni,Pühalepa,Ann,13,2
Anna / Anne / Ann / Anni,Pühalepa,Anne,2,2
Anna / Anne / Ann / Anni,Pühalepa,Anu,1,1
Anna / Anne / Ann / Anni,Pühalepa,Other,1,1
Anna / Anne / Ann / Anni,Raahe,Anna,1,1
Anna / Anne / Ann / Anni,Rakvere,Anne,1,1
Anna / Anne / Ann / Anni,Rannu,Ann,1,1
Anna / Anne / Ann / Anni,Rannu,Anne,2,2
Anna / Anne / Ann / Anni,Rannu,Anu,2,1
Anna / Anne / Ann / Anni,Rannu,Gift,2,2
Anna / Anne / Ann / Anni,Rannu,Other,2,1
Anna / Anne / Ann / Anni,Ranua,Anna,1,1
Anna / Anne / Ann / Anni,Rapla,Ann,3,3
Anna / Anne / Ann / Anni,Rapla,Anna,1,1
Anna / Anne / Ann / Anni,Rapla,Anne,5,5
Anna / Anne / Ann / Anni,Rapla,Gift,1,1
Anna / Anne / Ann / Anni,Rapla,Other,1,1
Anna / Anne / Ann / Anni,Reigi,Ann,1,1
Anna / Anne / Ann / Anni,Renko,Other,1,1
Anna / Anne / Ann / Anni,Repola,Anni/Annie,4,4
Anna / Anne / Ann / Anni,Repola,Other,1,1
Anna / Anne / Ann / Anni,Ridala,Ann,6,4
Anna / Anne / Ann / Anni,Ridala,Anu,1,1
Anna / Anne / Ann / Anni,Ridala,Other,1,1
Anna / Anne / Ann / Anni,Risti,Anna,2,1
Anna / Anne / Ann / Anni,Risti,Anni/Annie,2,1
Anna / Anne / Ann / Anni,Risti,Gift,4,4
Anna / Anne / Ann / Anni,Ristijärvi,Anna,1,1
Anna / Anne / Ann / Anni,Ristijärvi,Anni/Annie,1,1
Anna / Anne / Ann / Anni,Rovaniemi,Anni/Annie,6,6
Anna / Anne / Ann / Anni,Rovaniemi,Other,1,1
Anna / Anne / Ann / Anni,Rukajärvi,Anni/Annie,3,2
Anna / Anne / Ann / Anni,Räisälä,Anni/Annie,1,1
Anna / Anne / Ann / Anni,Räpina,Ann,1,1
Anna / Anne / Ann / Anni,Räpina,Anne,1,1
Anna / Anne / Ann / Anni,Räpina,Gift,2,2
Anna / Anne / Ann / Anni,Rõngu,Ann,1,1
Anna / Anne / Ann / Anni,Rõngu,Anne,5,4
Anna / Anne / Ann / Anni,Rõngu,Gift,2,2
Anna / Anne / Ann / Anni,Rõuge,Ann,3,2
Anna / Anne / Ann / Anni,Rõuge,Anni/Annie,4,1
Anna / Anne / Ann / Anni,Rõuge,Gift,1,1
Anna / Anne / Ann / Anni,Rõuge,Other,1,1
Anna / Anne / Ann / Anni,Saarde,Ann,1,1
Anna / Anne / Ann / Anni,Saarde,Anne,19,2
Anna / Anne / Ann / Anni,Saarde,Gift,1,1
Anna / Anne / Ann / Anni,Saarde,Other,4,3
Anna / Anne / Ann / Anni,Saarijärvi,Anni/Annie,3,3
Anna / Anne / Ann / Anni,Sakkola,Ann,1,1
Anna / Anne / Ann / Anni,Sakkola,Anni/Annie,6,1
Anna / Anne / Ann / Anni,Sakkola,Other,2,1
Anna / Anne / Ann / Anni,Salmi,Anni/Annie,5,3
Anna / Anne / Ann / Anni,Salmi,Other,1,1
Anna / Anne / Ann / Anni,Sangaste,Ann,4,4
Anna / Anne / Ann / Anni,Sangaste,Anne,3,2
Anna / Anne / Ann / Anni,Sangaste,Anu,2,2
Anna / Anne / Ann / Anni,Sangaste,Gift,8,6
Anna / Anne / Ann / Anni,Sangaste,Other,5,5
Anna / Anne / Ann / Anni,Savitaipale,Gift,1,1
Anna / Anne / Ann / Anni,Savitaipale,Other,1,1
Anna / Anne / Ann / Anni,Seiskari,Ann,1,1
Anna / Anne / Ann / Anni,Seiskari,Anni/Annie,6,3
Anna / Anne / Ann / Anni,Seiskari,Other,1,1
Anna / Anne / Ann / Anni,Serepetta,Anu,2,1
Anna / Anne / Ann / Anni,Setumaa,Ann,12,8
Anna / Anne / Ann / Anni,Setumaa,Anne,6,5
Anna / Anne / Ann / Anni,Setumaa,Gift,19,13
Anna / Anne / Ann / Anni,Setumaa,Other,5,4
Anna / Anne / Ann / Anni,Siilinjärvi,Anni/Annie,1,1
Anna / Anne / Ann / Anni,Simo,Anni/Annie,2,1
Anna / Anne / Ann / Anni,Simuna,Anna,1,1
Anna / Anne / Ann / Anni,Simuna,Anne,6,3
Anna / Anne / Ann / Anni,Simuna,Gift,4,4
Anna / Anne / Ann / Anni,Skuoritsa,Anni/Annie,8,2
Anna / Anne / Ann / Anni,Soanlahti,Anni/Annie,1,1
Anna / Anne / Ann / Anni,Soanlahti,Other,1,1
Anna / Anne / Ann / Anni,Soikkola,Ann,4,2
Anna / Anne / Ann / Anni,Soikkola,Anni/Annie,16,12
Anna / Anne / Ann / Anni,Soikkola,Other,4,4
Anna / Anne / Ann / Anni,Sortavala,Other,1,1
Anna / Anne / Ann / Anni,Sotkamo,Anna,2,2
Anna / Anne / Ann / Anni,Spankkova,Anni/Annie,2,1
Anna / Anne / Ann / Anni,Spankkova,Other,1,1
Anna / Anne / Ann / Anni,Suistamo,Anni/Annie,18,10
Anna / Anne / Ann / Anni,Suistamo,Anu,2,2
Anna / Anne / Ann / Anni,Suistamo,Other,12,7
Anna / Anne / Ann / Anni,Suojärvi,Anni/Annie,24,11
Anna / Anne / Ann / Anni,Suojärvi,Other,4,3
Anna / Anne / Ann / Anni,Suomussalmi,Other,1,1
Anna / Anne / Ann / Anni,Suonenjoki,Anna,1,1
Anna / Anne / Ann / Anni,Suure-Jaani,Ann,11,5
Anna / Anne / Ann / Anni,Suure-Jaani,Anne,11,3
Anna / Anne / Ann / Anni,Suure-Jaani,Anni/Annie,1,1
Anna / Anne / Ann / Anni,Suure-Jaani,Gift,3,3
Anna / Anne / Ann / Anni,Suure-Jaani,Other,1,1
Anna / Anne / Ann / Anni,Sysmä,Anna,1,1
Anna / Anne / Ann / Anni,Sääksmäki,Ann,1,1
Anna / Anne / Ann / Anni,Sääksmäki,Other,3,1
Anna / Anne / Ann / Anni,Sääminki,Anni/Annie,1,1
Anna / Anne / Ann / Anni,Säämäjärvi,Anu,1,1
Anna / Anne / Ann / Anni,Tampere,Anni/Annie,3,3
Anna / Anne / Ann / Anni,Tampere,Other,1,1
Anna / Anne / Ann / Anni,Tartu-Maarja,Anne,4,2
Anna / Anne / Ann / Anni,Tartu-Maarja,Other,1,1
Anna / Anne / Ann / Anni,Tarvastu,Ann,22,7
Anna / Anne / Ann / Anni,Tarvastu,Anna,4,3
Anna / Anne / Ann / Anni,Tarvastu,Anne,18,11
Anna / Anne / Ann / Anni,Tarvastu,Gift,3,3
Anna / Anne / Ann / Anni,Tarvastu,Other,4,3
Anna / Anne / Ann / Anni,Terijoki,Anni/Annie,2,1
Anna / Anne / Ann / Anni,Terijoki,Other,2,1
Anna / Anne / Ann / Anni,Tervo,Ann,1,1
Anna / Anne / Ann / Anni,Tervo,Anni/Annie,1,1
Anna / Anne / Ann / Anni,Tohmajärvi,Anni/Annie,1,1
Anna / Anne / Ann / Anni,Toksova,Anni/Annie,7,3
Anna / Anne / Ann / Anni,Toksova,Other,1,1
Anna / Anne / Ann / Anni,Tori,Ann,6,4
Anna / Anne / Ann / Anni,Tori,Anne,6,4
Anna / Anne / Ann / Anni,Tori,Anni/Annie,1,1
Anna / Anne / Ann / Anni,Tori,Gift,3,2
Anna / Anne / Ann / Anni,Tori,Other,2,2
Anna / Anne / Ann / Anni,Torma,Ann,2,2
Anna / Anne / Ann / Anni,Torma,Anna,1,1
Anna / Anne / Ann / Anni,Torma,Anne,7,2
Anna / Anne / Ann / Anni,Torma,Gift,1,1
Anna / Anne / Ann / Anni,Tulemajärvi,Ann,2,1
Anna / Anne / Ann / Anni,Tulemajärvi,Anna,3,2
Anna / Anne / Ann / Anni,Tulemajärvi,Anni/Annie,23,13
Anna / Anne / Ann / Anni,Tulemajärvi,Other,2,2
Anna / Anne / Ann / Anni,Turku,Other,1,1
Anna / Anne / Ann / Anni,Tuupovaara,Other,1,1
Anna / Anne / Ann / Anni,Tuutari,Anni/Annie,1,1
Anna / Anne / Ann / Anni,Tyrväntö,Other,1,1
Anna / Anne / Ann / Anni,Tyrö,Anni/Annie,5,4
Anna / Anne / Ann / Anni,Tõstamaa,Anna,1,1
Anna / Anne / Ann / Anni,Tõstamaa,Anne,4,3
Anna / Anne / Ann / Anni,Tõstamaa,Anu,1,1
Anna / Anne / Ann / Anni,Töysä,Anni/Annie,1,1
Anna / Anne / Ann / Anni,Töysä,Other,1,1
Anna / Anne / Ann / Anni,Türi,Ann,4,2
Anna / Anne / Ann / Anni,Türi,Anne,6,4
Anna / Anne / Ann / Anni,Urvaste,Ann,11,6
Anna / Anne / Ann / Anni,Urvaste,Anna,2,2
Anna / Anne / Ann / Anni,Urvaste,Anne,4,3
Anna / Anne / Ann / Anni,Urvaste,Anu,2,1
Anna / Anne / Ann / Anni,Urvaste,Gift,8,6
Anna / Anne / Ann / Anni,Urvaste,Other,1,1
Anna / Anne / Ann / Anni,Uskela,Anna,1,1
Anna / Anne / Ann / Anni,Uskela,Anni/Annie,1,1
Anna / Anne / Ann / Anni,Uusikaupunki,Other,1,1
Anna / Anne / Ann / Anni,Vaivara,Ann,1,1
Anna / Anne / Ann / Anni,Vaivara,Anne,6,4
Anna / Anne / Ann / Anni,Vaivara,Gift,1,1
Anna / Anne / Ann / Anni,Vaivara,Other,1,1
Anna / Anne / Ann / Anni,Valjala,Gift,3,1
Anna / Anne / Ann / Anni,Valkeala,Ann,1,1
Anna / Anne / Ann / Anni,Vanaja,Anna,1,1
Anna / Anne / Ann / Anni,Varbla,Ann,10,5
Anna / Anne / Ann / Anni,Varbla,Anne,1,1
Anna / Anne / Ann / Anni,Varbla,Gift,1,1
Anna / Anne / Ann / Anni,Varbla,Other,2,2
Anna / Anne / Ann / Anni,Vastseliina,Gift,2,1
Anna / Anne / Ann / Anni,Vastseliina,Other,1,1
Anna / Anne / Ann / Anni,Venjoki,Anni/Annie,1,1
Anna / Anne / Ann / Anni,Vieljärvi,Anni/Annie,3,1
Anna / Anne / Ann / Anni,Vigala,Ann,21,7
Anna / Anne / Ann / Anni,Vigala,Anna,1,1
Anna / Anne / Ann / Anni,Vigala,Anne,6,6
Anna / Anne / Ann / Anni,Vigala,Anni/Annie,1,1
Anna / Anne / Ann / Anni,Vigala,Gift,4,4
Anna / Anne / Ann / Anni,Vigala,Other,5,3
Anna / Anne / Ann / Anni,Viljandi,Ann,8,4
Anna / Anne / Ann / Anni,Viljandi,Anne,24,9
Anna / Anne / Ann / Anni,Viljandi,Gift,3,3
Anna / Anne / Ann / Anni,Viljandi,Other,6,5
Anna / Anne / Ann / Anni,Virrat,Anna,1,1
Anna / Anne / Ann / Anni,Virrat,Anni/Annie,1,1
Anna / Anne / Ann / Anni,Virtasalmi,Anna,1,1
Anna / Anne / Ann / Anni,Viru-Jaagupi,Ann,5,3
Anna / Anne / Ann / Anni,Viru-Jaagupi,Anna,1,1
Anna / Anne / Ann / Anni,Viru-Jaagupi,Gift,1,1
Anna / Anne / Ann / Anni,Viru-Jaagupi,Other,4,2
Anna / Anne / Ann / Anni,Viru-Nigula,Ann,9,5
Anna / Anne / Ann / Anni,Viru-Nigula,Anne,9,4
Anna / Anne / Ann / Anni,Viru-Nigula,Anni/Annie,1,1
Anna / Anne / Ann / Anni,Viru-Nigula,Anu,2,1
Anna / Anne / Ann / Anni,Viru-Nigula,Gift,4,2
Anna / Anne / Ann / Anni,Viru-Nigula,Other,5,4
Anna / Anne / Ann / Anni,Vuokkiniemi,Anni/Annie,10,5
Anna / Anne / Ann / Anni,Vuole,Ann,1,1
Anna / Anne / Ann / Anni,Vuole,Anni/Annie,20,9
Anna / Anne / Ann / Anni,Väike-Maarja,Ann,4,4
Anna / Anne / Ann / Anni,Väike-Maarja,Anne,15,12
Anna / Anne / Ann / Anni,Väike-Maarja,Gift,2,2
Anna / Anne / Ann / Anni,Väike-Maarja,Other,3,3
Anna / Anne / Ann / Anni,Vändra,Ann,4,2
Anna / Anne / Ann / Anni,Vändra,Anna,2,1
Anna / Anne / Ann / Anni,Vändra,Anne,14,7
Anna / Anne / Ann / Anni,Vändra,Gift,2,2
Anna / Anne / Ann / Anni,Võnnu,Ann,11,5
Anna / Anne / Ann / Anni,Võnnu,Anna,1,1
Anna / Anne / Ann / Anni,Võnnu,Anne,6,3
Anna / Anne / Ann / Anni,Võnnu,Gift,2,2
Anna / Anne / Ann / Anni,Võnnu,Other,1,1
Anna / Anne / Ann / Anni,Ylämaa,Other,1,1
Anna / Anne / Ann / Anni,Äksi,Ann,3,1
Anna / Anne / Ann / Anni,Äksi,Anne,7,3
Anna / Anne / Ann / Anni,Äksi,Gift,3,3
Anna / Anne / Ann / Anni,Äksi,Other,2,2
Catherine / Kadri / Katri,Alatornio,Kaisa/Kaie,1,1
Catherine / Kadri / Katri,Alatornio,Other,1,1
Catherine / Kadri / Katri,Ambla,Kadri,37,6
Catherine / Kadri / Katri,Ambla,Other,1,1
Catherine / Kadri / Katri,Anttola,Other,1,1
Catherine / Kadri / Katri,Asikkala,Kaisa/Kaie,2,2
Catherine / Kadri / Katri,Audru,Catherine/Katherine,3,1
Catherine / Kadri / Katri,Audru,Kadri,42,7
Catherine / Kadri / Katri,Audru,Other,1,1
Catherine / Kadri / Katri,Brandval,Kati,1,1
Catherine / Kadri / Katri,Emmaste,Other,1,1
Catherine / Kadri / Katri,Eno,Kaisa/Kaie,1,1
Catherine / Kadri / Katri,Haljala,Kadri,21,8
Catherine / Kadri / Katri,Haljala,Kaisa/Kaie,1,1
Catherine / Kadri / Katri,Haljala,Katri/Katrina,15,3
Catherine / Kadri / Katri,Halliste,Kadri,39,17
Catherine / Kadri / Katri,Halliste,Other,1,1
Catherine / Kadri / Katri,Halsua,Kaisa/Kaie,1,1
Catherine / Kadri / Katri,Hanila,Kadri,10,1
Catherine / Kadri / Katri,Hargla,Katri/Katrina,1,1
Catherine / Kadri / Katri,Harju-Jaani,Kadri,15,2
Catherine / Kadri / Katri,Harju-Madise,Kadri,5,1
Catherine / Kadri / Katri,Hartola,Catherine/Katherine,2,2
Catherine / Kadri / Katri,Heinävesi,Kaisa/Kaie,1,1
Catherine / Kadri / Katri,Helme,Kadri,62,10
Catherine / Kadri / Katri,Helme,Refrain,31,2
Catherine / Kadri / Katri,Helsinki,Kaisa/Kaie,1,1
Catherine / Kadri / Katri,Hietamäki,Katri/Katrina,10,3
Catherine / Kadri / Katri,Hirvensalmi,Kaisa/Kaie,1,1
Catherine / Kadri / Katri,Hirvensalmi,Katri/Katrina,1,1
Catherine / Kadri / Katri,Hollola,Kaisa/Kaie,1,1
Catherine / Kadri / Katri,Hämeenlinna,Kaisa/Kaie,1,1
Catherine / Kadri / Katri,Häädemeeste,Kadri,21,4
Catherine / Kadri / Katri,Häädemeeste,Refrain,15,1
Catherine / Kadri / Katri,Iisaku,Kadri,1,1
Catherine / Kadri / Katri,Ilomantsi,Kaisa/Kaie,9,6
Catherine / Kadri / Katri,Ilomantsi,Other,3,2
Catherine / Kadri / Katri,Impilahti,Catherine/Katherine,1,1
Catherine / Kadri / Katri,Impilahti,Kadri,2,1
Catherine / Kadri / Katri,Impilahti,Kaisa/Kaie,2,2
Catherine / Kadri / Katri,Jaakkima,Catherine/Katherine,2,1
Catherine / Kadri / Katri,Joroinen,Kaisa/Kaie,1,1
Catherine / Kadri / Katri,Joutseno,Other,1,1
Catherine / Kadri / Katri,Juuru,Kadri,23,3
Catherine / Kadri / Katri,Juva,Catherine/Katherine,1,1
Catherine / Kadri / Katri,Juva,Kaisa/Kaie,5,5
Catherine / Kadri / Katri,Juva,Other,1,1
Catherine / Kadri / Katri,Jämaja,Kadri,1,1
Catherine / Kadri / Katri,Jämsä,Kaisa/Kaie,1,1
Catherine / Kadri / Katri,Jäppilä,Kaisa/Kaie,1,1
Catherine / Kadri / Katri,Järva-Jaani,Kadri,11,3
Catherine / Kadri / Katri,Järva-Jaani,Other,1,1
Catherine / Kadri / Katri,Järva-Madise,Kadri,7,5
Catherine / Kadri / Katri,Jääski,Kaisa/Kaie,2,1
Catherine / Kadri / Katri,Jõhvi,Kadri,6,6
Catherine / Kadri / Katri,Jüri,Kadri,4,2
Catherine / Kadri / Katri,Kadrina,Kadri,14,7
Catherine / Kadri / Katri,Kadrina,Kaisa/Kaie,1,1
Catherine / Kadri / Katri,Kadrina,Other,1,1
Catherine / Kadri / Katri,Kajaani,Kaisa/Kaie,2,1
Catherine / Kadri / Katri,Kalajoki,Kaisa/Kaie,21,3
Catherine / Kadri / Katri,Kambja,Kadri,1,1
Catherine / Kadri / Katri,Kanepi,Kadri,5,2
Catherine / Kadri / Katri,Kangasniemi,Kaisa/Kaie,1,1
Catherine / Kadri / Katri,Kangasniemi,Katri/Katrina,2,1
Catherine / Kadri / Katri,Kanneljärvi,Katri/Katrina,1,1
Catherine / Kadri / Katri,Kaprio,Katri/Katrina,1,1
Catherine / Kadri / Katri,Karksi,Kadri,40,5
Catherine / Kadri / Katri,Karula,Kadri,62,5
Catherine / Kadri / Katri,Karula,Katri/Katrina,12,1
Catherine / Kadri / Katri,Karula,Other,4,3
Catherine / Kadri / Katri,Karuse,Kadri,30,6
Catherine / Kadri / Katri,Kaukola,Kaisa/Kaie,1,1
Catherine / Kadri / Katri,Kaukola,Other,1,1
Catherine / Kadri / Katri,Keila,Kadri,1,1
Catherine / Kadri / Katri,Keltto,Katri/Katrina,3,2
Catherine / Kadri / Katri,Kemi,Other,1,1
Catherine / Kadri / Katri,Kemijärvi,Kaisa/Kaie,1,1
Catherine / Kadri / Katri,Kemijärvi,Other,1,1
Catherine / Kadri / Katri,Kerimäki,Kaisa/Kaie,1,1
Catherine / Kadri / Katri,Kiihtelysvaara,Catherine/Katherine,1,1
Catherine / Kadri / Katri,Kitee,Kaisa/Kaie,1,1
Catherine / Kadri / Katri,Kiuruvesi,Kaisa/Kaie,1,1
Catherine / Kadri / Katri,Kiuruvesi,Other,1,1
Catherine / Kadri / Katri,Kivennapa,Catherine/Katherine,1,1
Catherine / Kadri / Katri,Kivennapa,Kaisa/Kaie,1,1
Catherine / Kadri / Katri,Kivijärvi,Catherine/Katherine,1,1
Catherine / Kadri / Katri,Kodavere,Kadri,10,3
Catherine / Kadri / Katri,Kodavere,Other,1,1
Catherine / Kadri / Katri,Koeru,Kadri,6,2
Catherine / Kadri / Katri,Koivisto,Katri/Katrina,5,1
Catherine / Kadri / Katri,Kokemäki,Kaisa/Kaie,1,1
Catherine / Kadri / Katri,Kokemäki,Katri/Katrina,1,1
Catherine / Kadri / Katri,Kontiolahti,Catherine/Katherine,1,1
Catherine / Kadri / Katri,Kontiolahti,Kaisa/Kaie,1,1
Catherine / Kadri / Katri,Koprina,Kati,3,3
Catherine / Kadri / Katri,Koprina,Katri/Katrina,7,2
Catherine / Kadri / Katri,Koprina,Other,3,3
Catherine / Kadri / Katri,Korpiselkä,Other,1,1
Catherine / Kadri / Katri,Kose,Kadri,31,3
Catherine / Kadri / Katri,Kose,Kaisa/Kaie,1,1
Catherine / Kadri / Katri,Kose,Other,1,1
Catherine / Kadri / Katri,Kuhmo,Kaisa/Kaie,1,1
Catherine / Kadri / Katri,Kuhmo,Other,2,1
Catherine / Kadri / Katri,Kullamaa,Kadri,13,3
Catherine / Kadri / Katri,Kuopio,Kaisa/Kaie,1,1
Catherine / Kadri / Katri,Kuorevesi,Kaisa/Kaie,1,1
Catherine / Kadri / Katri,Kupanitsa,Kati,14,1
Catherine / Kadri / Katri,Kupanitsa,Katri/Katrina,1,1
Catherine / Kadri / Katri,Kurikka,Kaisa/Kaie,1,1
Catherine / Kadri / Katri,Kuusalu,Kadri,14,4
Catherine / Kadri / Katri,Kuusalu,Other,1,1
Catherine / Kadri / Katri,Kymi,Kaisa/Kaie,1,1
Catherine / Kadri / Katri,Käina,Kadri,1,1
Catherine / Kadri / Katri,Kärla,Other,1,1
Catherine / Kadri / Katri,Kõpu,Kadri,15,4
Catherine / Kadri / Katri,Laihia,Kaisa/Kaie,1,1
Catherine / Kadri / Katri,Laiuse,Kadri,7,2
Catherine / Kadri / Katri,Laiuse,Katri/Katrina,10,1
Catherine / Kadri / Katri,Lapinjärvi,Other,1,1
Catherine / Kadri / Katri,Lappee,Kaisa/Kaie,2,2
Catherine / Kadri / Katri,Lavansaari,Other,2,2
Catherine / Kadri / Katri,Lemi,Catherine/Katherine,1,1
Catherine / Kadri / Katri,Lemi,Kaisa/Kaie,5,4
Catherine / Kadri / Katri,Lemi,Other,1,1
Catherine / Kadri / Katri,Lempaala,Catherine/Katherine,1,1
Catherine / Kadri / Katri,Lempaala,Kaisa/Kaie,1,1
Catherine / Kadri / Katri,Lempaala,Katri/Katrina,2,2
Catherine / Kadri / Katri,Lempaala,Other,2,2
Catherine / Kadri / Katri,Liissilä,Katri/Katrina,1,1
Catherine / Kadri / Katri,Loppi,Kaisa/Kaie,2,2
Catherine / Kadri / Katri,Luopioinen,Other,1,1
Catherine / Kadri / Katri,Luumäki,Katri/Katrina,1,1
Catherine / Kadri / Katri,Lääne-Nigula,Kadri,2,1
Catherine / Kadri / Katri,Maaninka,Katri/Katrina,1,1
Catherine / Kadri / Katri,Maarja-Magdaleena,Kadri,3,3
Catherine / Kadri / Katri,Markkova,Katri/Katrina,1,1
Catherine / Kadri / Katri,Markkova,Other,1,1
Catherine / Kadri / Katri,Moloskovitsa,Catherine/Katherine,1,1
Catherine / Kadri / Katri,Moloskovitsa,Kati,3,2
Catherine / Kadri / Katri,Moloskovitsa,Katri/Katrina,6,4
Catherine / Kadri / Katri,Moloskovitsa,Other,1,1
Catherine / Kadri / Katri,Muhos,Kaisa/Kaie,1,1
Catherine / Kadri / Katri,Muhu,Kadri,18,8
Catherine / Kadri / Katri,Mynämäki,Kaisa/Kaie,1,1
Catherine / Kadri / Katri,Mynämäki,Other,1,1
Catherine / Kadri / Katri,Märjamaa,Kadri,17,4
Catherine / Kadri / Katri,Narvusi,Catherine/Katherine,1,1
Catherine / Kadri / Katri,Narvusi,Kadri,4,2
Catherine / Kadri / Katri,Narvusi,Kaisa/Kaie,8,1
Catherine / Kadri / Katri,Narvusi,Kati,34,21
Catherine / Kadri / Katri,Narvusi,Katri/Katrina,17,13
Catherine / Kadri / Katri,Narvusi,Other,15,5
Catherine / Kadri / Katri,Nurmes,Catherine/Katherine,2,2
Catherine / Kadri / Katri,Nurmes,Kaisa/Kaie,1,1
Catherine / Kadri / Katri,Nõo,Kadri,5,1
Catherine / Kadri / Katri,Orimattila,Kaisa/Kaie,2,2
Catherine / Kadri / Katri,Otepää,Other,1,1
Catherine / Kadri / Katri,Oulu,Kaisa/Kaie,1,1
Catherine / Kadri / Katri,Paistu,Kadri,34,7
Catherine / Kadri / Katri,Paistu,Katri/Katrina,51,1
Catherine / Kadri / Katri,Paistu,Other,1,1
Catherine / Kadri / Katri,Paistu,Refrain,55,1
Catherine / Kadri / Katri,Palamuse,Kadri,9,6
Catherine / Kadri / Katri,Palamuse,Refrain,24,1
Catherine / Kadri / Katri,Parainen,Kaisa/Kaie,1,1
Catherine / Kadri / Katri,Parikkala,Kaisa/Kaie,1,1
Catherine / Kadri / Katri,Peetri,Kadri,23,5
Catherine / Kadri / Katri,Perho,Kaisa/Kaie,1,1
Catherine / Kadri / Katri,Perniö,Kaisa/Kaie,1,1
Catherine / Kadri / Katri,Pielavesi,Kaisa/Kaie,3,1
Catherine / Kadri / Katri,Pielisjärvi,Catherine/Katherine,1,1
Catherine / Kadri / Katri,Pomarkku,Other,1,1
Catherine / Kadri / Katri,Puolanka,Catherine/Katherine,1,1
Catherine / Kadri / Katri,Puolanka,Kaisa/Kaie,2,1
Catherine / Kadri / Katri,Pusula,Kaisa/Kaie,1,1
Catherine / Kadri / Katri,Pusula,Other,1,1
Catherine / Kadri / Katri,Puumala,Other,1,1
Catherine / Kadri / Katri,Pyhäjärvi Vpl.,Katri/Katrina,8,1
Catherine / Kadri / Katri,Pyhäjärvi Vpl.,Other,3,1
Catherine / Kadri / Katri,Pärnu,Kadri,7,2
Catherine / Kadri / Katri,Pärnu-Jaagupi,Kadri,38,5
Catherine / Kadri / Katri,Põltsamaa,Kadri,15,3
Catherine / Kadri / Katri,Põltsamaa,Other,3,1
Catherine / Kadri / Katri,Põlva,Kadri,21,3
Catherine / Kadri / Katri,Põlva,Other,1,1
Catherine / Kadri / Katri,Pöide,Kadri,3,1
Catherine / Kadri / Katri,Pöytyä,Other,1,1
Catherine / Kadri / Katri,Pühalepa,Other,1,1
Catherine / Kadri / Katri,Rakvere,Kadri,15,3
Catherine / Kadri / Katri,Rakvere,Other,2,1
Catherine / Kadri / Katri,Rannu,Kadri,1,1
Catherine / Kadri / Katri,Rapla,Kadri,5,1
Catherine / Kadri / Katri,Rapla,Kaisa/Kaie,1,1
Catherine / Kadri / Katri,Rapla,Other,1,1
Catherine / Kadri / Katri,Repola,Other,2,1
Catherine / Kadri / Katri,Risti,Kadri,24,5
Catherine / Kadri / Katri,Risti,Other,2,1
Catherine / Kadri / Katri,Rovaniemi,Other,2,2
Catherine / Kadri / Katri,Ruameška,Other,1,1
Catherine / Kadri / Katri,Ruotsinpyhtää,Kaisa/Kaie,1,1
Catherine / Kadri / Katri,Ruovesi,Other,1,1
Catherine / Kadri / Katri,Räpina,Kadri,74,5
Catherine / Kadri / Katri,Räpina,Other,1,1
Catherine / Kadri / Katri,Rääkkylä,Kaisa/Kaie,3,2
Catherine / Kadri / Katri,Rääpyvä,Kati,1,1
Catherine / Kadri / Katri,Rääpyvä,Katri/Katrina,4,1
Catherine / Kadri / Katri,Rõngu,Catherine/Katherine,1,1
Catherine / Kadri / Katri,Rõngu,Kadri,4,3
Catherine / Kadri / Katri,Rõuge,Kadri,7,1
Catherine / Kadri / Katri,Rõuge,Katri/Katrina,1,1
Catherine / Kadri / Katri,Rõuge,Other,1,1
Catherine / Kadri / Katri,Rõuge,Refrain,1,1
Catherine / Kadri / Katri,Saarde,Kadri,3,1
Catherine / Kadri / Katri,Saarijärvi,Kaisa/Kaie,1,1
Catherine / Kadri / Katri,Sakkola,Other,1,1
Catherine / Kadri / Katri,Salmi,Catherine/Katherine,1,1
Catherine / Kadri / Katri,Sangaste,Kadri,3,2
Catherine / Kadri / Katri,Sangaste,Other,3,3
Catherine / Kadri / Katri,Sauvo,Kati,1,1
Catherine / Kadri / Katri,Savitaipale,Kaisa/Kaie,1,1
Catherine / Kadri / Katri,Savonlinna,Kaisa/Kaie,1,1
Catherine / Kadri / Katri,Savonlinna,Other,1,1
Catherine / Kadri / Katri,Savonranta,Kaisa/Kaie,1,1
Catherine / Kadri / Katri,Seiskari,Other,1,1
Catherine / Kadri / Katri,Serepetta,Kati,2,1
Catherine / Kadri / Katri,Serepetta,Katri/Katrina,2,2
Catherine / Kadri / Katri,Serepetta,Other,2,1
Catherine / Kadri / Katri,Setumaa,Kadri,25,5
Catherine / Kadri / Katri,Setumaa,Kaisa/Kaie,2,1
Catherine / Kadri / Katri,Setumaa,Kati,2,2
Catherine / Kadri / Katri,Setumaa,Other,1,1
Catherine / Kadri / Katri,Setumaa,Refrain,2,1
Catherine / Kadri / Katri,Simuna,Kadri,26,4
Catherine / Kadri / Katri,Skuoritsa,Kati,1,1
Catherine / Kadri / Katri,Soanlahti,Katri/Katrina,4,2
Catherine / Kadri / Katri,Soanlahti,Other,1,1
Catherine / Kadri / Katri,Sodankylä,Kaisa/Kaie,1,1
Catherine / Kadri / Katri,Soikkola,Catherine/Katherine,1,1
Catherine / Kadri / Katri,Soikkola,Kaisa/Kaie,10,4
Catherine / Kadri / Katri,Soikkola,Kati,4,3
Catherine / Kadri / Katri,Soikkola,Katri/Katrina,3,3
Catherine / Kadri / Katri,Soikkola,Other,4,3
Catherine / Kadri / Katri,Soini,Kaisa/Kaie,3,3
Catherine / Kadri / Katri,Sonkajärvi,Catherine/Katherine,1,1
Catherine / Kadri / Katri,Sortavala,Kaisa/Kaie,1,1
Catherine / Kadri / Katri,Sortavala,Katri/Katrina,5,3
Catherine / Kadri / Katri,Sortavala,Other,2,1
Catherine / Kadri / Katri,Soutjärvi,Catherine/Katherine,1,1
Catherine / Kadri / Katri,Soutjärvi,Other,1,1
Catherine / Kadri / Katri,Suistamo,Kadri,2,1
Catherine / Kadri / Katri,Suistamo,Kaisa/Kaie,3,3
Catherine / Kadri / Katri,Suistamo,Katri/Katrina,1,1
Catherine / Kadri / Katri,Suistamo,Other,6,5
Catherine / Kadri / Katri,Suojärvi,Katri/Katrina,1,1
Catherine / Kadri / Katri,Suojärvi,Other,2,1
Catherine / Kadri / Katri,Suomenniemi,Other,1,1
Catherine / Kadri / Katri,Suomusjärvi,Kaisa/Kaie,1,1
Catherine / Kadri / Katri,Suomussalmi,Kaisa/Kaie,2,1
Catherine / Kadri / Katri,Suure-Jaani,Kadri,16,6
Catherine / Kadri / Katri,Suure-Jaani,Kaisa/Kaie,1,1
Catherine / Kadri / Katri,Sääksmäki,Kaisa/Kaie,1,1
Catherine / Kadri / Katri,Sääminki,Kaisa/Kaie,1,1
Catherine / Kadri / Katri,Taivassalo,Other,1,1
Catherine / Kadri / Katri,Tammela,Kaisa/Kaie,2,2
Catherine / Kadri / Katri,Tampere,Kaisa/Kaie,1,1
Catherine / Kadri / Katri,Tartu-Maarja,Kadri,3,1
Catherine / Kadri / Katri,Tartu-Maarja,Kaisa/Kaie,1,1
Catherine / Kadri / Katri,Tarvastu,Kadri,15,4
Catherine / Kadri / Katri,Tarvastu,Kaisa/Kaie,1,1
Catherine / Kadri / Katri,Tarvastu,Kati,1,1
Catherine / Kadri / Katri,Tarvastu,Katri/Katrina,2,1
Catherine / Kadri / Katri,Tarvastu,Other,1,1
Catherine / Kadri / Katri,Teisko,Kaisa/Kaie,1,1
Catherine / Kadri / Katri,Terijoki,Other,1,1
Catherine / Kadri / Katri,Tervo,Kaisa/Kaie,1,1
Catherine / Kadri / Katri,Tohmajärvi,Kaisa/Kaie,2,2
Catherine / Kadri / Katri,Tohmajärvi,Katri/Katrina,2,1
Catherine / Kadri / Katri,Toksova,Catherine/Katherine,1,1
Catherine / Kadri / Katri,Toksova,Kati,3,1
Catherine / Kadri / Katri,Toksova,Katri/Katrina,4,3
Catherine / Kadri / Katri,Toksova,Other,3,1
Catherine / Kadri / Katri,Tolmačču,Katri/Katrina,2,1
Catherine / Kadri / Katri,Tori,Kadri,22,5
Catherine / Kadri / Katri,Torma,Kadri,4,4
Catherine / Kadri / Katri,Torma,Other,1,1
Catherine / Kadri / Katri,Turku,Kaisa/Kaie,2,2
Catherine / Kadri / Katri,Tuupovaara,Catherine/Katherine,2,1
Catherine / Kadri / Katri,Tuupovaara,Kaisa/Kaie,7,1
Catherine / Kadri / Katri,Tuutari,Other,1,1
Catherine / Kadri / Katri,Tyrö,Kaisa/Kaie,4,3
Catherine / Kadri / Katri,Tyrö,Katri/Katrina,13,6
Catherine / Kadri / Katri,Tyrö,Other,7,3
Catherine / Kadri / Katri,Tõstamaa,Catherine/Katherine,3,1
Catherine / Kadri / Katri,Tõstamaa,Kadri,18,7
Catherine / Kadri / Katri,Tõstamaa,Other,1,1
Catherine / Kadri / Katri,Türi,Kadri,19,3
Catherine / Kadri / Katri,Uhtua,Kaisa/Kaie,2,1
Catherine / Kadri / Katri,Uhtua,Other,2,2
Catherine / Kadri / Katri,Urvaste,Kadri,6,2
Catherine / Kadri / Katri,Urvaste,Katri/Katrina,2,1
Catherine / Kadri / Katri,Urvaste,Other,4,2
Catherine / Kadri / Katri,Uskela,Other,1,1
Catherine / Kadri / Katri,Uskela,Refrain,1,1
Catherine / Kadri / Katri,Uukuniemi,Catherine/Katherine,4,1
Catherine / Kadri / Katri,Uukuniemi,Katri/Katrina,1,1
Catherine / Kadri / Katri,Uusikirkko Tl.,Other,1,1
Catherine / Kadri / Katri,Uusikirkko Tl.,Refrain,1,1
Catherine / Kadri / Katri,Vaasa,Other,1,1
Catherine / Kadri / Katri,Vahto,Other,1,1
Catherine / Kadri / Katri,Vaivara,Kadri,2,2
Catherine / Kadri / Katri,Vaivara,Katri/Katrina,1,1
Catherine / Kadri / Katri,Valtimo,Kaisa/Kaie,1,1
Catherine / Kadri / Katri,Valtimo,Katri/Katrina,1,1
Catherine / Kadri / Katri,Varbla,Catherine/Katherine,3,1
Catherine / Kadri / Katri,Varbla,Kadri,3,2
Catherine / Kadri / Katri,Varbla,Katri/Katrina,4,1
Catherine / Kadri / Katri,Varbla,Other,1,1
Catherine / Kadri / Katri,Vastseliina,Kati,1,1
Catherine / Kadri / Katri,Vastseliina,Katri/Katrina,2,1
Catherine / Kadri / Katri,Vastseliina,Other,1,1
Catherine / Kadri / Katri,Venjoki,Kaisa/Kaie,5,1
Catherine / Kadri / Katri,Venjoki,Kati,1,1
Catherine / Kadri / Katri,Venjoki,Katri/Katrina,7,1
Catherine / Kadri / Katri,Venjoki,Other,9,2
Catherine / Kadri / Katri,Veteli,Kaisa/Kaie,1,1
Catherine / Kadri / Katri,Vieljärvi,Other,1,1
Catherine / Kadri / Katri,Vigala,Kadri,25,6
Catherine / Kadri / Katri,Vigala,Kaisa/Kaie,1,1
Catherine / Kadri / Katri,Viipuri,Kaisa/Kaie,1,1
Catherine / Kadri / Katri,Viitasaari,Kaisa/Kaie,1,1
Catherine / Kadri / Katri,Viitasaari,Katri/Katrina,1,1
Catherine / Kadri / Katri,Viljakkala,Kaisa/Kaie,1,1
Catherine / Kadri / Katri,Viljandi,Kadri,20,7
Catherine / Kadri / Katri,Viljandi,Kaisa/Kaie,1,1
Catherine / Kadri / Katri,Viljandi,Katri/Katrina,48,1
Catherine / Kadri / Katri,Virrat,Kaisa/Kaie,3,1
Catherine / Kadri / Katri,Virtasalmi,Catherine/Katherine,1,1
Catherine / Kadri / Katri,Viru-Jaagupi,Kadri,5,1
Catherine / Kadri / Katri,Viru-Nigula,Kadri,4,3
Catherine / Kadri / Katri,Viru-Nigula,Katri/Katrina,1,1
Catherine / Kadri / Katri,Vuole,Kati,13,3
Catherine / Kadri / Katri,Vuole,Other,9,4
Catherine / Kadri / Katri,Väike-Maarja,Kadri,7,2
Catherine / Kadri / Katri,Vändra,Kadri,13,8
Catherine / Kadri / Katri,Värtsilä,Kaisa/Kaie,1,1
Catherine / Kadri / Katri,Võnnu,Catherine/Katherine,1,1
Catherine / Kadri / Katri,Võnnu,Kadri,4,1
Catherine / Kadri / Katri,Võnnu,Refrain,1,1
Catherine / Kadri / Katri,Yläne,Kaisa/Kaie,1,1
Catherine / Kadri / Katri,Äksi,Kadri,3,2
Catherine / Kadri / Katri,Äksi,Other,3,2
Jesus / Christ,Alatornio,Jesus,1,1
Jesus / Christ,Alavus,Jesus,2,2
Jesus / Christ,Ambla,Christ,2,1
Jesus / Christ,Ambla,Jesus,11,4
Jesus / Christ,Asikkala,Jesus,4,2
Jesus / Christ,Asikkala,Other,1,1
Jesus / Christ,Brandval,Christ,1,1
Jesus / Christ,Brandval,Jesus,2,2
Jesus / Christ,Brandval,Other,1,1
Jesus / Christ,Eno,Jesus,3,3
Jesus / Christ,Eno,Other,1,1
Jesus / Christ,Enontekiö,Jesus,1,1
Jesus / Christ,Eräjärvi,Jesus,1,1
Jesus / Christ,Evijärvi,Christ,1,1
Jesus / Christ,Fryksände,Jesus,1,1
Jesus / Christ,Fryksände,Other,1,1
Jesus / Christ,Grue Finnskog,Jesus,4,3
Jesus / Christ,Haapajärvi,Other,1,1
Jesus / Christ,Hailuoto,Jesus,3,2
Jesus / Christ,Haljala,Jesus,5,5
Jesus / Christ,Haljala,Other,2,2
Jesus / Christ,Halliste,Jesus,1,1
Jesus / Christ,Halliste,Other,1,1
Jesus / Christ,Hanila,Jesus,1,1
Jesus / Christ,Hargla,Other,1,1
Jesus / Christ,Harjavalta,Christ,1,1
Jesus / Christ,Harju-Jaani,Other,1,1
Jesus / Christ,Hartola,Christ,1,1
Jesus / Christ,Hartola,Jesus,3,3
Jesus / Christ,Hartola,Other,2,2
Jesus / Christ,Hattula,Jesus,3,3
Jesus / Christ,Hattula,Other,1,1
Jesus / Christ,Hauho,Jesus,3,3
Jesus / Christ,Hauho,Other,4,4
Jesus / Christ,Haukipudas,Christ,1,1
Jesus / Christ,Haukipudas,Jesus,1,1
Jesus / Christ,Helme,Jesus,3,2
Jesus / Christ,Hietamäki,Jesus,2,2
Jesus / Christ,Hiitola,Other,1,1
Jesus / Christ,Hirvensalmi,Jesus,3,2
Jesus / Christ,Hirvensalmi,Other,1,1
Jesus / Christ,Huittinen,Other,1,1
Jesus / Christ,Hämeenkyrö,Jesus,1,1
Jesus / Christ,Häädemeeste,Jesus,1,1
Jesus / Christ,Iisalmi,Jesus,2,2
Jesus / Christ,Iisalmi,Other,3,3
Jesus / Christ,Iitti,Jesus,1,1
Jesus / Christ,Iitti,Other,2,2
Jesus / Christ,Ilomantsi,Christ,13,5
Jesus / Christ,Ilomantsi,Jesus,27,20
Jesus / Christ,Ilomantsi,Other,18,15
Jesus / Christ,Impilahti,Christ,1,1
Jesus / Christ,Impilahti,Jesus,19,16
Jesus / Christ,Impilahti,Other,10,9
Jesus / Christ,Isojoki,Jesus,5,4
Jesus / Christ,Isojoki,Other,1,1
Jesus / Christ,Isokyrö,Jesus,5,4
Jesus / Christ,Jaakkima,Christ,1,1
Jesus / Christ,Jaakkima,Jesus,2,2
Jesus / Christ,Jaala,Jesus,1,1
Jesus / Christ,Jaala,Other,1,1
Jesus / Christ,Jalasjärvi,Jesus,3,1
Jesus / Christ,Jalasjärvi,Other,6,4
Jesus / Christ,Jokioinen,Jesus,3,2
Jesus / Christ,Jokioinen,Other,3,3
Jesus / Christ,Joroinen,Jesus,5,3
Jesus / Christ,Joroinen,Other,1,1
Jesus / Christ,Joutsa,Jesus,2,2
Jesus / Christ,Joutseno,Jesus,2,2
Jesus / Christ,Junosuvanto,Jesus,1,1
Jesus / Christ,Jurva,Jesus,4,4
Jesus / Christ,Jurva,Other,1,1
Jesus / Christ,Juuka,Christ,1,1
Jesus / Christ,Juuka,Jesus,2,2
Jesus / Christ,Juuka,Other,3,3
Jesus / Christ,Juupajoki,Christ,1,1
Jesus / Christ,Juupajoki,Jesus,1,1
Jesus / Christ,Juuru,Jesus,2,1
Jesus / Christ,Juva,Christ,2,2
Jesus / Christ,Juva,Jesus,16,13
Jesus / Christ,Juva,Other,12,10
Jesus / Christ,Jällivaara,Christ,1,1
Jesus / Christ,Jällivaara,Jesus,5,5
Jesus / Christ,Jällivaara,Other,2,1
Jesus / Christ,Jämsä,Jesus,3,3
Jesus / Christ,Jäppilä,Jesus,1,1
Jesus / Christ,Järva-Jaani,Jesus,2,1
Jesus / Christ,Jõelähtme,Jesus,2,2
Jesus / Christ,Jõelähtme,Other,1,1
Jesus / Christ,Jõhvi,Jesus,8,6
Jesus / Christ,Jõhvi,Other,1,1
Jesus / Christ,Jüri,Jesus,1,1
Jesus / Christ,Kaarma,Jesus,3,1
Jesus / Christ,Kaavi,Jesus,1,1
Jesus / Christ,Kaavi,Other,2,2
Jesus / Christ,Kadrina,Jesus,18,7
Jesus / Christ,Kalajoki,Jesus,2,1
Jesus / Christ,Kalvola,Jesus,3,3
Jesus / Christ,Kalvola,Other,1,1
Jesus / Christ,Kanepi,Other,2,1
Jesus / Christ,Kangasniemi,Jesus,5,4
Jesus / Christ,Kangasniemi,Other,1,1
Jesus / Christ,Kankaanpää,Jesus,1,1
Jesus / Christ,Kankaanpää,Other,2,1
Jesus / Christ,Kanneljärvi,Jesus,1,1
Jesus / Christ,Kanneljärvi,Other,2,1
Jesus / Christ,Kannus,Jesus,1,1
Jesus / Christ,Kaprio,Christ,1,1
Jesus / Christ,Kaprio,Jesus,8,7
Jesus / Christ,Kaprio,Other,6,5
Jesus / Christ,Karkku,Jesus,6,4
Jesus / Christ,Karksi,Jesus,2,1
Jesus / Christ,Karksi,Other,1,1
Jesus / Christ,Karttula,Jesus,3,3
Jesus / Christ,Karula,Jesus,1,1
Jesus / Christ,Karunki,Jesus,1,1
Jesus / Christ,Kattila,Christ,1,1
Jesus / Christ,Kattila,Jesus,5,4
Jesus / Christ,Kattila,Other,2,1
Jesus / Christ,Kauhava,Jesus,5,4
Jesus / Christ,Kauhava,Other,2,1
Jesus / Christ,Kaustinen,Jesus,1,1
Jesus / Christ,Keitele,Jesus,1,1
Jesus / Christ,Keltto,Other,1,1
Jesus / Christ,Kemi,Christ,2,1
Jesus / Christ,Kemi,Jesus,4,3
Jesus / Christ,Kerimäki,Jesus,4,4
Jesus / Christ,Kestilä,Jesus,3,1
Jesus / Christ,Kestilä,Other,1,1
Jesus / Christ,Kesälahti,Jesus,9,6
Jesus / Christ,Kesälahti,Other,4,3
Jesus / Christ,Kiestinki,Other,2,2
Jesus / Christ,Kiihtelysvaara,Jesus,8,5
Jesus / Christ,Kiihtelysvaara,Other,1,1
Jesus / Christ,Kiikala,Christ,1,1
Jesus / Christ,Kiimaisjärvi,Jesus,1,1
Jesus / Christ,Kitee,Christ,2,1
Jesus / Christ,Kitee,Jesus,33,25
Jesus / Christ,Kitee,Other,11,10
Jesus / Christ,Kittilä,Jesus,3,2
Jesus / Christ,Kiukainen,Other,2,1
Jesus / Christ,Kiuruvesi,Christ,1,1
Jesus / Christ,Kiuruvesi,Jesus,2,1
Jesus / Christ,Kiuruvesi,Other,7,5
Jesus / Christ,Kivennapa,Other,2,2
Jesus / Christ,Kivijärvi,Jesus,4,4
Jesus / Christ,Kivijärvi,Other,3,3
Jesus / Christ,Kodavere,Christ,2,2
Jesus / Christ,Kodavere,Jesus,4,4
Jesus / Christ,Kodavere,Other,2,1
Jesus / Christ,Koeru,Jesus,5,3
Jesus / Christ,Koeru,Other,3,2
Jesus / Christ,Koivisto,Jesus,5,2
Jesus / Christ,Koivisto,Other,1,1
Jesus / Christ,Kolari,Jesus,3,3
Jesus / Christ,Kolga-Jaani,Jesus,4,2
Jesus / Christ,Kontiolahti,Jesus,3,2
Jesus / Christ,Kontiolahti,Other,1,1
Jesus / Christ,Kontokki,Jesus,1,1
Jesus / Christ,Kontokki,Other,2,2
Jesus / Christ,Koprina,Jesus,7,5
Jesus / Christ,Koprina,Other,5,5
Jesus / Christ,Korpilahti,Jesus,11,10
Jesus / Christ,Korpilahti,Other,2,2
Jesus / Christ,Korpilompolo,Jesus,2,2
Jesus / Christ,Korpiselkä,Christ,7,2
Jesus / Christ,Korpiselkä,Jesus,17,8
Jesus / Christ,Korpiselkä,Other,16,12
Jesus / Christ,Kortesjärvi,Christ,1,1
Jesus / Christ,Koski Hl.,Jesus,4,2
Jesus / Christ,Koski Tl.,Christ,1,1
Jesus / Christ,Koski Tl.,Other,2,1
Jesus / Christ,Kuhmo,Jesus,1,1
Jesus / Christ,Kuhmoinen,Christ,2,2
Jesus / Christ,Kuhmoinen,Jesus,4,3
Jesus / Christ,Kuhmoinen,Other,2,2
Jesus / Christ,Kuolemajärvi,Jesus,1,1
Jesus / Christ,Kuopio,Jesus,2,2
Jesus / Christ,Kuopio,Other,2,2
Jesus / Christ,Kuorevesi,Christ,1,1
Jesus / Christ,Kuorevesi,Jesus,1,1
Jesus / Christ,Kuorevesi,Other,1,1
Jesus / Christ,Kupanitsa,Jesus,5,3
Jesus / Christ,Kupanitsa,Other,1,1
Jesus / Christ,Kurikka,Jesus,1,1
Jesus / Christ,Kuru,Christ,1,1
Jesus / Christ,Kuru,Jesus,1,1
Jesus / Christ,Kuusalu,Christ,6,6
Jesus / Christ,Kuusalu,Jesus,12,10
Jesus / Christ,Kuusalu,Other,2,1
Jesus / Christ,Kuusamo,Jesus,2,2
Jesus / Christ,Kuusamo,Other,2,2
Jesus / Christ,Kuusjärvi,Jesus,1,1
Jesus / Christ,Kylmäkoski,Jesus,1,1
Jesus / Christ,Kärkölä,Jesus,1,1
Jesus / Christ,Kõpu,Christ,1,1
Jesus / Christ,Kõpu,Jesus,1,1
Jesus / Christ,Laihia,Jesus,2,2
Jesus / Christ,Laiuse,Christ,4,3
Jesus / Christ,Laiuse,Jesus,2,2
Jesus / Christ,Lammi,Jesus,2,1
Jesus / Christ,Lappajärvi,Jesus,1,1
Jesus / Christ,Lappee,Other,1,1
Jesus / Christ,Lavansaari,Jesus,1,1
Jesus / Christ,Lehtimäki,Other,1,1
Jesus / Christ,Lempaala,Jesus,70,46
Jesus / Christ,Lempaala,Other,15,13
Jesus / Christ,Leppävirta,Jesus,2,2
Jesus / Christ,Leppävirta,Other,2,2
Jesus / Christ,Lieto,Other,1,1
Jesus / Christ,Liissilä,Christ,5,3
Jesus / Christ,Liissilä,Jesus,27,14
Jesus / Christ,Liissilä,Other,9,8
Jesus / Christ,Liperi,Jesus,6,4
Jesus / Christ,Liperi,Other,3,3
Jesus / Christ,Loppi,Jesus,4,4
Jesus / Christ,Loppi,Other,2,2
Jesus / Christ,Luhanka,Jesus,2,1
Jesus / Christ,Luopioinen,Jesus,1,1
Jesus / Christ,Luopioinen,Other,2,1
Jesus / Christ,Luumäki,Jesus,2,2
Jesus / Christ,Luumäki,Other,2,2
Jesus / Christ,Lüganuse,Jesus,6,3
Jesus / Christ,Maaninka,Jesus,1,1
Jesus / Christ,Maaninka,Other,2,2
Jesus / Christ,Maaria,Other,1,1
Jesus / Christ,Maarja-Magdaleena,Christ,2,1
Jesus / Christ,Maarja-Magdaleena,Jesus,3,1
Jesus / Christ,Markkova,Jesus,3,1
Jesus / Christ,Marttila,Jesus,12,8
Jesus / Christ,Metsäpirtti,Jesus,10,6
Jesus / Christ,Metsäpirtti,Other,2,2
Jesus / Christ,Mietoinen,Other,2,1
Jesus / Christ,Moloskovitsa,Jesus,7,4
Jesus / Christ,Moloskovitsa,Other,5,5
Jesus / Christ,Muhos,Jesus,1,1
Jesus / Christ,Muhu,Jesus,1,1
Jesus / Christ,Multia,Jesus,2,2
Jesus / Christ,Multia,Other,1,1
Jesus / Christ,Muonio,Jesus,1,1
Jesus / Christ,Muurla,Jesus,1,1
Jesus / Christ,Muuruvesi,Jesus,1,1
Jesus / Christ,Mäntyharju,Jesus,2,1
Jesus / Christ,Mäntyharju,Other,3,3
Jesus / Christ,Narvusi,Christ,8,5
Jesus / Christ,Narvusi,Jesus,58,35
Jesus / Christ,Narvusi,Other,32,24
Jesus / Christ,Nastola,Jesus,2,2
Jesus / Christ,Nastola,Other,1,1
Jesus / Christ,Nekkula,Christ,1,1
Jesus / Christ,Nekkula,Other,2,1
Jesus / Christ,Nilsiä,Christ,1,1
Jesus / Christ,Nilsiä,Jesus,5,5
Jesus / Christ,Nilsiä,Other,2,2
Jesus / Christ,Nord-Kapp,Jesus,3,3
Jesus / Christ,Norra Finnskoga,Jesus,3,2
Jesus / Christ,Nousiainen,Other,1,1
Jesus / Christ,Nurmes,Jesus,5,4
Jesus / Christ,Nurmes,Other,3,3
Jesus / Christ,Nyskoga,Jesus,2,2
Jesus / Christ,Orsa,Jesus,1,1
Jesus / Christ,Oulu,Jesus,2,2
Jesus / Christ,Oulu,Other,1,1
Jesus / Christ,Padasjoki,Jesus,1,1
Jesus / Christ,Paistu,Jesus,1,1
Jesus / Christ,Pajala,Jesus,5,5
Jesus / Christ,Palamuse,Jesus,6,3
Jesus / Christ,Paltamo,Jesus,3,3
Jesus / Christ,Parkano,Jesus,5,4
Jesus / Christ,Parkano,Other,1,1
Jesus / Christ,Perniö,Christ,1,1
Jesus / Christ,Pieksämäki,Other,3,3
Jesus / Christ,Pielavesi,Jesus,4,3
Jesus / Christ,Pielavesi,Other,5,4
Jesus / Christ,Pielisjärvi,Jesus,8,5
Jesus / Christ,Pielisjärvi,Other,4,3
Jesus / Christ,Piippola,Jesus,3,1
Jesus / Christ,Piippola,Other,1,1
Jesus / Christ,Pilistvere,Christ,2,2
Jesus / Christ,Pilistvere,Jesus,1,1
Jesus / Christ,Pirkkala,Jesus,1,1
Jesus / Christ,Pirkkala,Other,1,1
Jesus / Christ,Pistojärvi,Other,3,3
Jesus / Christ,Polvijärvi,Jesus,1,1
Jesus / Christ,Pomarkku,Christ,1,1
Jesus / Christ,Porajärvi,Christ,2,2
Jesus / Christ,Porajärvi,Jesus,9,9
Jesus / Christ,Porajärvi,Other,3,2
Jesus / Christ,Pori,Jesus,2,2
Jesus / Christ,Pori,Other,1,1
Jesus / Christ,Porsanki,Jesus,3,3
Jesus / Christ,Pudasjärvi,Jesus,1,1
Jesus / Christ,Puhja,Jesus,3,3
Jesus / Christ,Puolanka,Jesus,3,3
Jesus / Christ,Puumala,Christ,1,1
Jesus / Christ,Puumala,Jesus,2,2
Jesus / Christ,Pyhäjärvi Ol.,Jesus,1,1
Jesus / Christ,Pyhäjärvi Ol.,Other,1,1
Jesus / Christ,Pyhäjärvi Ul.,Other,2,1
Jesus / Christ,Pyhäjärvi Vpl.,Other,3,3
Jesus / Christ,Pyhämaa,Other,1,1
Jesus / Christ,Pälkjärvi,Jesus,2,1
Jesus / Christ,Pälkjärvi,Other,1,1
Jesus / Christ,Pälkäne,Jesus,2,2
Jesus / Christ,Pärnu-Jaagupi,Jesus,7,1
Jesus / Christ,Põltsamaa,Jesus,5,3
Jesus / Christ,Põlva,Christ,1,1
Jesus / Christ,Pöide,Jesus,1,1
Jesus / Christ,Pühalepa,Jesus,1,1
Jesus / Christ,Rannu,Christ,2,2
Jesus / Christ,Rannu,Jesus,3,1
Jesus / Christ,Rantasalmi,Jesus,3,2
Jesus / Christ,Rantasalmi,Other,1,1
Jesus / Christ,Rantsila,Jesus,4,2
Jesus / Christ,Rautavaara,Jesus,6,3
Jesus / Christ,Rautavaara,Other,4,3
Jesus / Christ,Rautjärvi,Jesus,1,1
Jesus / Christ,Rautjärvi,Other,1,1
Jesus / Christ,Rautu,Jesus,3,3
Jesus / Christ,Rautu,Other,1,1
Jesus / Christ,Reisjärvi,Other,1,1
Jesus / Christ,Renko,Jesus,1,1
Jesus / Christ,Renko,Other,1,1
Jesus / Christ,Repola,Christ,3,2
Jesus / Christ,Repola,Jesus,8,1
Jesus / Christ,Repola,Other,1,1
Jesus / Christ,Riipuskala,Christ,1,1
Jesus / Christ,Riipuskala,Other,1,1
Jesus / Christ,Riistavesi,Christ,1,1
Jesus / Christ,Risti,Jesus,2,1
Jesus / Christ,Ristiina,Christ,2,1
Jesus / Christ,Ristiina,Other,1,1
Jesus / Christ,Ropsu,Jesus,2,1
Jesus / Christ,Ropsu,Other,1,1
Jesus / Christ,Rovaniemi,Jesus,4,4
Jesus / Christ,Rovaniemi,Other,1,1
Jesus / Christ,Ruskeala,Jesus,2,2
Jesus / Christ,Räisälä,Jesus,2,1
Jesus / Christ,Räpina,Jesus,14,2
Jesus / Christ,Rääkkylä,Christ,1,1
Jesus / Christ,Rääkkylä,Jesus,6,5
Jesus / Christ,Rääkkylä,Other,1,1
Jesus / Christ,Rääpyvä,Jesus,3,3
Jesus / Christ,Rõngu,Christ,1,1
Jesus / Christ,Rõngu,Jesus,13,10
Jesus / Christ,Rõuge,Other,1,1
Jesus / Christ,Saarde,Christ,4,3
Jesus / Christ,Saarde,Jesus,6,5
Jesus / Christ,Saarijärvi,Jesus,1,1
Jesus / Christ,Sahalahti,Jesus,1,1
Jesus / Christ,Sahalahti,Other,2,2
Jesus / Christ,Sakkola,Jesus,9,6
Jesus / Christ,Sakkola,Other,2,2
Jesus / Christ,Salmi,Christ,10,8
Jesus / Christ,Salmi,Jesus,25,9
Jesus / Christ,Salmi,Other,9,8
Jesus / Christ,Sangaste,Christ,1,1
Jesus / Christ,Sangaste,Jesus,5,4
Jesus / Christ,Sangaste,Other,2,2
Jesus / Christ,Sauvo,Christ,1,1
Jesus / Christ,Sauvo,Jesus,3,1
Jesus / Christ,Savitaipale,Jesus,2,1
Jesus / Christ,Savitaipale,Other,1,1
Jesus / Christ,Seiskari,Jesus,1,1
Jesus / Christ,Serepetta,Jesus,2,2
Jesus / Christ,Setumaa,Jesus,65,16
Jesus / Christ,Siikainen,Christ,1,1
Jesus / Christ,Simo,Jesus,1,1
Jesus / Christ,Simuna,Jesus,4,4
Jesus / Christ,Simuna,Other,1,1
Jesus / Christ,Skuoritsa,Jesus,4,2
Jesus / Christ,Skuoritsa,Other,1,1
Jesus / Christ,Soanlahti,Jesus,10,6
Jesus / Christ,Soanlahti,Other,2,2
Jesus / Christ,Sodankylä,Jesus,6,6
Jesus / Christ,Sodankylä,Other,3,3
Jesus / Christ,Soikkola,Jesus,16,12
Jesus / Christ,Soikkola,Other,8,4
Jesus / Christ,Somerniemi,Jesus,1,1
Jesus / Christ,Somerniemi,Other,1,1
Jesus / Christ,Somero,Jesus,2,2
Jesus / Christ,Somero,Other,5,3
Jesus / Christ,Sonkajärvi,Jesus,1,1
Jesus / Christ,Sonkajärvi,Other,1,1
Jesus / Christ,Sortavala,Jesus,6,3
Jesus / Christ,Sortavala,Other,2,2
Jesus / Christ,Sotkamo,Jesus,2,2
Jesus / Christ,Sotkamo,Other,2,2
Jesus / Christ,Soutjärvi,Christ,3,2
Jesus / Christ,Spankkova,Jesus,4,3
Jesus / Christ,Spankkova,Other,1,1
Jesus / Christ,Suistamo,Christ,8,6
Jesus / Christ,Suistamo,Jesus,124,42
Jesus / Christ,Suistamo,Other,48,37
Jesus / Christ,Suojärvi,Christ,2,2
Jesus / Christ,Suojärvi,Jesus,47,9
Jesus / Christ,Suojärvi,Other,13,9
Jesus / Christ,Suomussalmi,Jesus,2,2
Jesus / Christ,Suonenjoki,Jesus,4,3
Jesus / Christ,Suonenjoki,Other,2,1
Jesus / Christ,Suoniemi,Jesus,2,2
Jesus / Christ,Suure-Jaani,Jesus,4,3
Jesus / Christ,Suure-Jaani,Other,2,2
Jesus / Christ,Sysmä,Christ,1,1
Jesus / Christ,Sysmä,Jesus,5,4
Jesus / Christ,Sääksmäki,Christ,1,1
Jesus / Christ,Sääksmäki,Jesus,13,8
Jesus / Christ,Sääksmäki,Other,11,7
Jesus / Christ,Sääminki,Jesus,1,1
Jesus / Christ,Södra Finnskoga,Jesus,4,4
Jesus / Christ,Taipalsaari,Jesus,1,1
Jesus / Christ,Tammela,Jesus,9,9
Jesus / Christ,Tammela,Other,5,4
Jesus / Christ,Tampere,Christ,1,1
Jesus / Christ,Tarvasjoki,Christ,1,1
Jesus / Christ,Tarvastu,Christ,1,1
Jesus / Christ,Tarvastu,Jesus,3,3
Jesus / Christ,Tarvastu,Other,3,2
Jesus / Christ,Teisko,Christ,1,1
Jesus / Christ,Teisko,Jesus,1,1
Jesus / Christ,Terijoki,Jesus,1,1
Jesus / Christ,Tervo,Jesus,1,1
Jesus / Christ,Tervola,Jesus,1,1
Jesus / Christ,Tohmajärvi,Jesus,15,11
Jesus / Christ,Tohmajärvi,Other,8,8
Jesus / Christ,Toksova,Jesus,2,2
Jesus / Christ,Tori,Christ,1,1
Jesus / Christ,Tori,Jesus,15,6
Jesus / Christ,Tori,Other,1,1
Jesus / Christ,Tottijärvi,Jesus,1,1
Jesus / Christ,Tulemajärvi,Christ,2,2
Jesus / Christ,Tulemajärvi,Jesus,5,5
Jesus / Christ,Tulemajärvi,Other,1,1
Jesus / Christ,Tuulos,Jesus,2,2
Jesus / Christ,Tuulos,Other,1,1
Jesus / Christ,Tuupovaara,Jesus,1,1
Jesus / Christ,Tuutari,Jesus,2,1
Jesus / Christ,Tuutari,Other,2,2
Jesus / Christ,Tyrvää,Jesus,4,2
Jesus / Christ,Tyrö,Jesus,12,8
Jesus / Christ,Tyrö,Other,1,1
Jesus / Christ,Tytärsaari,Jesus,1,1
Jesus / Christ,Tõstamaa,Jesus,1,1
Jesus / Christ,Töysä,Jesus,1,1
Jesus / Christ,Töysä,Other,1,1
Jesus / Christ,Türi,Christ,2,2
Jesus / Christ,Türi,Jesus,2,2
Jesus / Christ,Uhtua,Christ,1,1
Jesus / Christ,Uhtua,Jesus,3,3
Jesus / Christ,Urjala,Jesus,1,1
Jesus / Christ,Urvaste,Christ,3,3
Jesus / Christ,Urvaste,Jesus,30,7
Jesus / Christ,Uskela,Jesus,1,1
Jesus / Christ,Uukuniemi,Jesus,5,2
Jesus / Christ,Uukuniemi,Other,3,3
Jesus / Christ,Uusikaarlepyy,Other,1,1
Jesus / Christ,Uusikaupunki,Christ,1,1
Jesus / Christ,Valjala,Jesus,1,1
Jesus / Christ,Valkjärvi,Jesus,3,2
Jesus / Christ,Valtimo,Jesus,1,1
Jesus / Christ,Valtimo,Other,1,1
Jesus / Christ,Vanaja,Christ,1,1
Jesus / Christ,Vanaja,Jesus,1,1
Jesus / Christ,Varpaisjärvi,Jesus,3,3
Jesus / Christ,Varpaisjärvi,Other,4,4
Jesus / Christ,Vastseliina,Christ,2,2
Jesus / Christ,Vastseliina,Jesus,42,12
Jesus / Christ,Vastseliina,Other,5,2
Jesus / Christ,Vehmaa,Jesus,1,1
Jesus / Christ,Venjoki,Jesus,3,1
Jesus / Christ,Venjoki,Other,2,2
Jesus / Christ,Vesilahti,Jesus,2,1
Jesus / Christ,Vigala,Christ,2,2
Jesus / Christ,Vigala,Jesus,4,4
Jesus / Christ,Vigala,Other,1,1
Jesus / Christ,Vihanti,Jesus,1,1
Jesus / Christ,Viipuri,Jesus,1,1
Jesus / Christ,Viljakkala,Jesus,2,1
Jesus / Christ,Viljandi,Jesus,12,4
Jesus / Christ,Virrat,Jesus,1,1
Jesus / Christ,Virrat,Other,1,1
Jesus / Christ,Virtasalmi,Other,2,2
Jesus / Christ,Viru-Nigula,Jesus,2,1
Jesus / Christ,Vitele,Other,1,1
Jesus / Christ,Vittanki,Jesus,2,2
Jesus / Christ,Vuokkiniemi,Jesus,2,2
Jesus / Christ,Vuokkiniemi,Other,11,7
Jesus / Christ,Vuole,Christ,1,1
Jesus / Christ,Vuole,Jesus,20,15
Jesus / Christ,Vuole,Other,3,2
Jesus / Christ,Vähäkyrö,Christ,1,1
Jesus / Christ,Vähäkyrö,Other,4,1
Jesus / Christ,Väike-Maarja,Jesus,7,6
Jesus / Christ,Vändra,Jesus,1,1
Jesus / Christ,Ylihärmä,Christ,1,1
Jesus / Christ,Yläne,Christ,1,1
Jesus / Christ,Yläne,Jesus,2,2
Jesus / Christ,Ypäjä,Other,1,1
Jesus / Christ,Östmark,Christ,2,2
Jesus / Christ,Östmark,Jesus,7,7
Jesus / Christ,Östmark,Other,1,1
John / Jaan / Jussi / Hans,Alajärvi,Other,1,1
John / Jaan / Jussi / Hans,Alavus,John/St John,1,1
John / Jaan / Jussi / Hans,Alavus,Jussi,3,2
John / Jaan / Jussi / Hans,Ambla,Ants,1,1
John / Jaan / Jussi / Hans,Ambla,Hans,11,5
John / Jaan / Jussi / Hans,Ambla,Jaan/Jaani,3,2
John / Jaan / Jussi / Hans,Ambla,John/St John,5,3
John / Jaan / Jussi / Hans,Ambla,Juhan,1,1
John / Jaan / Jussi / Hans,Ambla,Other,9,9
John / Jaan / Jussi / Hans,Anseküla,Hans,1,1
John / Jaan / Jussi / Hans,Anseküla,Juhan,2,2
John / Jaan / Jussi / Hans,Anseküla,Other,1,1
John / Jaan / Jussi / Hans,Asikkala,Jussi,2,2
John / Jaan / Jussi / Hans,Askainen,Jussi,1,1
John / Jaan / Jussi / Hans,Audru,Hans,11,6
John / Jaan / Jussi / Hans,Audru,Jaan/Jaani,1,1
John / Jaan / Jussi / Hans,Audru,John/St John,1,1
John / Jaan / Jussi / Hans,Audru,Juhan,1,1
John / Jaan / Jussi / Hans,Audru,Other,4,4
John / Jaan / Jussi / Hans,Emmaste,Ants,1,1
John / Jaan / Jussi / Hans,Eurajoki,Jussi,1,1
John / Jaan / Jussi / Hans,Evijärvi,Jussi,3,3
John / Jaan / Jussi / Hans,Forssa,Jussi,2,2
John / Jaan / Jussi / Hans,Hageri,Other,2,2
John / Jaan / Jussi / Hans,Halikko,Other,1,1
John / Jaan / Jussi / Hans,Haljala,Ants,9,5
John / Jaan / Jussi / Hans,Haljala,Hans,1,1
John / Jaan / Jussi / Hans,Haljala,Jaan/Jaani,4,3
John / Jaan / Jussi / Hans,Haljala,John/St John,1,1
John / Jaan / Jussi / Hans,Haljala,Juhan,3,3
John / Jaan / Jussi / Hans,Haljala,Jussi,1,1
John / Jaan / Jussi / Hans,Haljala,Other,22,10
John / Jaan / Jussi / Hans,Halliste,Ants,5,5
John / Jaan / Jussi / Hans,Halliste,Hans,10,8
John / Jaan / Jussi / Hans,Halliste,Jaan/Jaani,21,4
John / Jaan / Jussi / Hans,Halliste,John/St John,3,3
John / Jaan / Jussi / Hans,Halliste,Juhan,1,1
John / Jaan / Jussi / Hans,Halliste,Other,15,12
John / Jaan / Jussi / Hans,Hanila,Jaan/Jaani,10,2
John / Jaan / Jussi / Hans,Hanila,John/St John,1,1
John / Jaan / Jussi / Hans,Hanila,Juhan,1,1
John / Jaan / Jussi / Hans,Hanila,Other,4,4
John / Jaan / Jussi / Hans,Hargla,Jaan/Jaani,1,1
John / Jaan / Jussi / Hans,Hargla,John/St John,4,2
John / Jaan / Jussi / Hans,Harju-Jaani,Ants,2,2
John / Jaan / Jussi / Hans,Harju-Jaani,Hans,3,3
John / Jaan / Jussi / Hans,Harju-Jaani,Jaan/Jaani,1,1
John / Jaan / Jussi / Hans,Harju-Jaani,John/St John,2,2
John / Jaan / Jussi / Hans,Harju-Jaani,Other,11,9
John / Jaan / Jussi / Hans,Harju-Madise,Hans,1,1
John / Jaan / Jussi / Hans,Harlu,Jussi,1,1
John / Jaan / Jussi / Hans,Hartola,Jussi,5,4
John / Jaan / Jussi / Hans,Hattula,Jussi,12,10
John / Jaan / Jussi / Hans,Hattula,Other,1,1
John / Jaan / Jussi / Hans,Hauho,Jussi,5,4
John / Jaan / Jussi / Hans,Haukivuori,Other,1,1
John / Jaan / Jussi / Hans,Hausjärvi,Jussi,5,5
John / Jaan / Jussi / Hans,Heinjoki,Jussi,7,3
John / Jaan / Jussi / Hans,Heinävesi,Jussi,11,10
John / Jaan / Jussi / Hans,Heinävesi,Other,2,2
John / Jaan / Jussi / Hans,Helme,Ants,1,1
John / Jaan / Jussi / Hans,Helme,Hans,4,3
John / Jaan / Jussi / Hans,Helme,Jaan/Jaani,6,5
John / Jaan / Jussi / Hans,Helme,Other,29,6
John / Jaan / Jussi / Hans,Helsinki,Jussi,1,1
John / Jaan / Jussi / Hans,Humppila,Jussi,1,1
John / Jaan / Jussi / Hans,Hyvinkää,Jussi,1,1
John / Jaan / Jussi / Hans,Hämeenkyrö,Jussi,2,2
John / Jaan / Jussi / Hans,Hämeenlinna,John/St John,2,1
John / Jaan / Jussi / Hans,Hämeenlinna,Jussi,6,6
John / Jaan / Jussi / Hans,Häädemeeste,Jaan/Jaani,4,4
John / Jaan / Jussi / Hans,Häädemeeste,John/St John,1,1
John / Jaan / Jussi / Hans,Häädemeeste,Jussi,1,1
John / Jaan / Jussi / Hans,Häädemeeste,Other,6,6
John / Jaan / Jussi / Hans,Iisaku,Hans,1,1
John / Jaan / Jussi / Hans,Iisaku,Jaan/Jaani,1,1
John / Jaan / Jussi / Hans,Iisaku,John/St John,1,1
John / Jaan / Jussi / Hans,Iisaku,Other,1,1
John / Jaan / Jussi / Hans,Iisalmi,Jussi,4,4
John / Jaan / Jussi / Hans,Iitti,Jussi,2,1
John / Jaan / Jussi / Hans,Ilomantsi,John/St John,2,2
John / Jaan / Jussi / Hans,Ilomantsi,Jussi,4,4
John / Jaan / Jussi / Hans,Ilomantsi,Other,7,4
John / Jaan / Jussi / Hans,Impilahti,Other,1,1
John / Jaan / Jussi / Hans,Isojoki,Jussi,1,1
John / Jaan / Jussi / Hans,Jaani,Ants,1,1
John / Jaan / Jussi / Hans,Jaani,John/St John,1,1
John / Jaan / Jussi / Hans,Jalasjärvi,Jussi,2,2
John / Jaan / Jussi / Hans,Janakkala,Jussi,2,2
John / Jaan / Jussi / Hans,Janakkala,Other,1,1
John / Jaan / Jussi / Hans,Jokioinen,Jussi,1,1
John / Jaan / Jussi / Hans,Joroinen,John/St John,1,1
John / Jaan / Jussi / Hans,Joroinen,Jussi,2,2
John / Jaan / Jussi / Hans,Joroinen,Other,2,2
John / Jaan / Jussi / Hans,Joutseno,Jussi,1,1
John / Jaan / Jussi / Hans,Juuka,Jussi,1,1
John / Jaan / Jussi / Hans,Juuru,Ants,1,1
John / Jaan / Jussi / Hans,Juuru,John/St John,1,1
John / Jaan / Jussi / Hans,Juuru,Other,1,1
John / Jaan / Jussi / Hans,Juva,Other,2,2
John / Jaan / Jussi / Hans,Jällivaara,Jussi,1,1
John / Jaan / Jussi / Hans,Jämsä,Jussi,3,2
John / Jaan / Jussi / Hans,Järva-Jaani,Ants,1,1
John / Jaan / Jussi / Hans,Järva-Jaani,Hans,5,2
John / Jaan / Jussi / Hans,Järva-Jaani,Jaan/Jaani,2,1
John / Jaan / Jussi / Hans,Järva-Jaani,Other,5,4
John / Jaan / Jussi / Hans,Järva-Madise,Hans,6,4
John / Jaan / Jussi / Hans,Järva-Madise,Jaan/Jaani,4,3
John / Jaan / Jussi / Hans,Järva-Madise,Other,6,4
John / Jaan / Jussi / Hans,Jõelähtme,Ants,6,4
John / Jaan / Jussi / Hans,Jõelähtme,Hans,1,1
John / Jaan / Jussi / Hans,Jõelähtme,Jaan/Jaani,1,1
John / Jaan / Jussi / Hans,Jõelähtme,Jussi,1,1
John / Jaan / Jussi / Hans,Jõelähtme,Other,2,2
John / Jaan / Jussi / Hans,Jõhvi,Ants,1,1
John / Jaan / Jussi / Hans,Jõhvi,Jaan/Jaani,2,1
John / Jaan / Jussi / Hans,Jõhvi,John/St John,2,1
John / Jaan / Jussi / Hans,Jõhvi,Other,7,7
John / Jaan / Jussi / Hans,Jüri,Ants,1,1
John / Jaan / Jussi / Hans,Jüri,Hans,7,4
John / Jaan / Jussi / Hans,Jüri,Jaan/Jaani,4,2
John / Jaan / Jussi / Hans,Jüri,Jussi,1,1
John / Jaan / Jussi / Hans,Jüri,Other,4,4
John / Jaan / Jussi / Hans,Kaarma,Hans,11,1
John / Jaan / Jussi / Hans,Kaarma,Jaan/Jaani,2,1
John / Jaan / Jussi / Hans,Kaarma,John/St John,2,1
John / Jaan / Jussi / Hans,Kaavi,John/St John,1,1
John / Jaan / Jussi / Hans,Kaavi,Jussi,2,2
John / Jaan / Jussi / Hans,Kaavi,Other,1,1
John / Jaan / Jussi / Hans,Kadrina,Ants,3,3
John / Jaan / Jussi / Hans,Kadrina,Hans,4,4
John / Jaan / Jussi / Hans,Kadrina,Jaan/Jaani,3,3
John / Jaan / Jussi / Hans,Kadrina,John/St John,2,2
John / Jaan / Jussi / Hans,Kadrina,Juhan,2,2
John / Jaan / Jussi / Hans,Kadrina,Other,11,9
John / Jaan / Jussi / Hans,Kalajoki,Jussi,1,1
John / Jaan / Jussi / Hans,Kambja,John/St John,2,2
John / Jaan / Jussi / Hans,Kanepi,Ants,1,1
John / Jaan / Jussi / Hans,Kanepi,Jaan/Jaani,1,1
John / Jaan / Jussi / Hans,Kanepi,John/St John,1,1
John / Jaan / Jussi / Hans,Kangasala,Jussi,1,1
John / Jaan / Jussi / Hans,Kangaslampi,Jussi,2,2
John / Jaan / Jussi / Hans,Kangasniemi,Jussi,5,3
John / Jaan / Jussi / Hans,Kangasniemi,Other,1,1
John / Jaan / Jussi / Hans,Kankaanpää,John/St John,1,1
John / Jaan / Jussi / Hans,Kanneljärvi,Jussi,2,2
John / Jaan / Jussi / Hans,Kaprio,John/St John,1,1
John / Jaan / Jussi / Hans,Kaprio,Other,3,1
John / Jaan / Jussi / Hans,Karinainen,Jussi,1,1
John / Jaan / Jussi / Hans,Karja,Hans,14,2
John / Jaan / Jussi / Hans,Karja,Jaan/Jaani,1,1
John / Jaan / Jussi / Hans,Karksi,Ants,4,4
John / Jaan / Jussi / Hans,Karksi,Hans,5,3
John / Jaan / Jussi / Hans,Karksi,Jaan/Jaani,23,6
John / Jaan / Jussi / Hans,Karksi,John/St John,4,3
John / Jaan / Jussi / Hans,Karksi,Jussi,3,2
John / Jaan / Jussi / Hans,Karksi,Other,21,13
John / Jaan / Jussi / Hans,Karstula,Jussi,1,1
John / Jaan / Jussi / Hans,Karttula,Jussi,1,1
John / Jaan / Jussi / Hans,Karula,Jaan/Jaani,1,1
John / Jaan / Jussi / Hans,Karula,John/St John,2,2
John / Jaan / Jussi / Hans,Karula,Juhan,5,4
John / Jaan / Jussi / Hans,Karula,Other,3,3
John / Jaan / Jussi / Hans,Karuna,Jussi,2,2
John / Jaan / Jussi / Hans,Karuna,Other,1,1
John / Jaan / Jussi / Hans,Karunki,Jussi,1,1
John / Jaan / Jussi / Hans,Karuse,Ants,5,1
John / Jaan / Jussi / Hans,Karuse,Hans,7,5
John / Jaan / Jussi / Hans,Karuse,Jaan/Jaani,19,8
John / Jaan / Jussi / Hans,Karuse,John/St John,2,2
John / Jaan / Jussi / Hans,Karuse,Other,5,5
John / Jaan / Jussi / Hans,Kauhajoki,Jussi,2,2
John / Jaan / Jussi / Hans,Kauhava,Jussi,1,1
John / Jaan / Jussi / Hans,Kauhava,Other,1,1
John / Jaan / Jussi / Hans,Kaukola,Jussi,1,1
John / Jaan / Jussi / Hans,Kaukola,Other,1,1
John / Jaan / Jussi / Hans,Kauvatsa,Jussi,1,1
John / Jaan / Jussi / Hans,Kemi,Jussi,1,1
John / Jaan / Jussi / Hans,Kerimäki,Jussi,1,1
John / Jaan / Jussi / Hans,Kesälahti,Other,3,1
John / Jaan / Jussi / Hans,Kihelkonna,Jaan/Jaani,8,1
John / Jaan / Jussi / Hans,Kihelkonna,Other,2,2
John / Jaan / Jussi / Hans,Kihniö,Jussi,2,2
John / Jaan / Jussi / Hans,Kiihtelysvaara,John/St John,1,1
John / Jaan / Jussi / Hans,Kiihtelysvaara,Jussi,1,1
John / Jaan / Jussi / Hans,Kiikka,Jussi,1,1
John / Jaan / Jussi / Hans,Kiikoinen,Jussi,1,1
John / Jaan / Jussi / Hans,Kiimaisjärvi,Other,1,1
John / Jaan / Jussi / Hans,Kinnula,Other,1,1
John / Jaan / Jussi / Hans,Kirvu,Jussi,1,1
John / Jaan / Jussi / Hans,Kitee,Jussi,6,3
John / Jaan / Jussi / Hans,Kitee,Other,2,2
John / Jaan / Jussi / Hans,Kiukainen,John/St John,2,1
John / Jaan / Jussi / Hans,Kiuruvesi,Jussi,10,7
John / Jaan / Jussi / Hans,Kivennapa,Jussi,2,2
John / Jaan / Jussi / Hans,Kivijärvi,John/St John,1,1
John / Jaan / Jussi / Hans,Kivijärvi,Jussi,1,1
John / Jaan / Jussi / Hans,Kivijärvi,Other,1,1
John / Jaan / Jussi / Hans,Kodavere,Other,2,2
John / Jaan / Jussi / Hans,Koeru,Ants,5,5
John / Jaan / Jussi / Hans,Koeru,Hans,5,3
John / Jaan / Jussi / Hans,Koeru,Jaan/Jaani,2,2
John / Jaan / Jussi / Hans,Koeru,John/St John,20,2
John / Jaan / Jussi / Hans,Koeru,Other,36,7
John / Jaan / Jussi / Hans,Kokemäki,Jussi,2,2
John / Jaan / Jussi / Hans,Kolga-Jaani,Ants,7,6
John / Jaan / Jussi / Hans,Kolga-Jaani,Hans,9,5
John / Jaan / Jussi / Hans,Kolga-Jaani,Jaan/Jaani,12,6
John / Jaan / Jussi / Hans,Kolga-Jaani,John/St John,11,6
John / Jaan / Jussi / Hans,Kolga-Jaani,Juhan,2,1
John / Jaan / Jussi / Hans,Kolga-Jaani,Other,31,17
John / Jaan / Jussi / Hans,Kontiolahti,John/St John,1,1
John / Jaan / Jussi / Hans,Kontiolahti,Jussi,4,3
John / Jaan / Jussi / Hans,Kontokki,Jussi,1,1
John / Jaan / Jussi / Hans,Koprina,Jussi,1,1
John / Jaan / Jussi / Hans,Koprina,Other,3,1
John / Jaan / Jussi / Hans,Korpilahti,Jussi,2,1
John / Jaan / Jussi / Hans,Korpiselkä,Jussi,1,1
John / Jaan / Jussi / Hans,Kose,Ants,7,5
John / Jaan / Jussi / Hans,Kose,Hans,19,10
John / Jaan / Jussi / Hans,Kose,Jaan/Jaani,2,1
John / Jaan / Jussi / Hans,Kose,John/St John,2,1
John / Jaan / Jussi / Hans,Kose,Jussi,2,1
John / Jaan / Jussi / Hans,Kose,Other,14,10
John / Jaan / Jussi / Hans,Koski Hl.,Jussi,4,4
John / Jaan / Jussi / Hans,Koski Tl.,Jussi,1,1
John / Jaan / Jussi / Hans,Kuhmo,Jussi,1,1
John / Jaan / Jussi / Hans,Kuhmoinen,Jussi,2,1
John / Jaan / Jussi / Hans,Kullamaa,Ants,2,2
John / Jaan / Jussi / Hans,Kullamaa,Hans,1,1
John / Jaan / Jussi / Hans,Kullamaa,Jaan/Jaani,3,3
John / Jaan / Jussi / Hans,Kullamaa,Other,1,1
John / Jaan / Jussi / Hans,Kuopio,Jussi,1,1
John / Jaan / Jussi / Hans,Kuopio,Other,1,1
John / Jaan / Jussi / Hans,Kupanitsa,Other,1,1
John / Jaan / Jussi / Hans,Kurikka,Other,1,1
John / Jaan / Jussi / Hans,Kurkijoki,Jussi,1,1
John / Jaan / Jussi / Hans,Kursi,Hans,2,2
John / Jaan / Jussi / Hans,Kursi,John/St John,1,1
John / Jaan / Jussi / Hans,Kursi,Juhan,1,1
John / Jaan / Jussi / Hans,Kursi,Jussi,1,1
John / Jaan / Jussi / Hans,Kursi,Other,5,3
John / Jaan / Jussi / Hans,Kuusalu,Ants,6,4
John / Jaan / Jussi / Hans,Kuusalu,Hans,1,1
John / Jaan / Jussi / Hans,Kuusalu,Jaan/Jaani,13,7
John / Jaan / Jussi / Hans,Kuusalu,John/St John,1,1
John / Jaan / Jussi / Hans,Kuusalu,Other,10,7
John / Jaan / Jussi / Hans,Kuusamo,Jussi,1,1
John / Jaan / Jussi / Hans,Kuusamo,Other,2,1
John / Jaan / Jussi / Hans,Kymi,Hans,1,1
John / Jaan / Jussi / Hans,Käina,Ants,1,1
John / Jaan / Jussi / Hans,Käina,John/St John,1,1
John / Jaan / Jussi / Hans,Käina,Juhan,1,1
John / Jaan / Jussi / Hans,Kärkölä,Jussi,2,2
John / Jaan / Jussi / Hans,Kärla,Ants,1,1
John / Jaan / Jussi / Hans,Kärsämäki,Jussi,3,2
John / Jaan / Jussi / Hans,Kõpu,Hans,6,3
John / Jaan / Jussi / Hans,Kõpu,Jaan/Jaani,2,1
John / Jaan / Jussi / Hans,Kõpu,John/St John,1,1
John / Jaan / Jussi / Hans,Kõpu,Other,3,3
John / Jaan / Jussi / Hans,Lahti,Jussi,4,2
John / Jaan / Jussi / Hans,Laihia,Jussi,3,3
John / Jaan / Jussi / Hans,Laitila,Jussi,2,2
John / Jaan / Jussi / Hans,Laiuse,Ants,5,4
John / Jaan / Jussi / Hans,Laiuse,Hans,4,4
John / Jaan / Jussi / Hans,Laiuse,Jaan/Jaani,2,1
John / Jaan / Jussi / Hans,Laiuse,John/St John,2,2
John / Jaan / Jussi / Hans,Laiuse,Other,5,5
John / Jaan / Jussi / Hans,Lapinlahti,Other,1,1
John / Jaan / Jussi / Hans,Lappajärvi,Jussi,1,1
John / Jaan / Jussi / Hans,Lappee,Jussi,1,1
John / Jaan / Jussi / Hans,Lapua,Jussi,6,5
John / Jaan / Jussi / Hans,Lapua,Other,1,1
John / Jaan / Jussi / Hans,Lapväärtti,Jussi,1,1
John / Jaan / Jussi / Hans,Lehtimäki,Jussi,1,1
John / Jaan / Jussi / Hans,Lempaala,Jussi,3,2
John / Jaan / Jussi / Hans,Lempaala,Other,2,2
John / Jaan / Jussi / Hans,Leppävirta,Jussi,6,5
John / Jaan / Jussi / Hans,Leppävirta,Other,2,2
John / Jaan / Jussi / Hans,Lihula,Jaan/Jaani,6,1
John / Jaan / Jussi / Hans,Liissilä,Jussi,2,1
John / Jaan / Jussi / Hans,Liissilä,Other,3,2
John / Jaan / Jussi / Hans,Liperi,Jussi,1,1
John / Jaan / Jussi / Hans,Lohja,Other,2,1
John / Jaan / Jussi / Hans,Loppi,Jussi,1,1
John / Jaan / Jussi / Hans,Lumivaara,Jussi,1,1
John / Jaan / Jussi / Hans,Luopioinen,Jussi,3,3
John / Jaan / Jussi / Hans,Luopioinen,Other,1,1
John / Jaan / Jussi / Hans,Luvia,Jussi,1,1
John / Jaan / Jussi / Hans,Längelmäki,Jussi,1,1
John / Jaan / Jussi / Hans,Lääne-Nigula,Ants,4,2
John / Jaan / Jussi / Hans,Lüganuse,Ants,3,3
John / Jaan / Jussi / Hans,Lüganuse,Hans,1,1
John / Jaan / Jussi / Hans,Lüganuse,Jaan/Jaani,1,1
John / Jaan / Jussi / Hans,Lüganuse,John/St John,2,2
John / Jaan / Jussi / Hans,Lüganuse,Other,1,1
John / Jaan / Jussi / Hans,Maaninka,Jussi,3,2
John / Jaan / Jussi / Hans,Maaninka,Other,2,1
John / Jaan / Jussi / Hans,Maarja-Magdaleena,Jaan/Jaani,2,2
John / Jaan / Jussi / Hans,Maarja-Magdaleena,Juhan,1,1
John / Jaan / Jussi / Hans,Maarja-Magdaleena,Other,4,4
John / Jaan / Jussi / Hans,Markkova,Other,1,1
John / Jaan / Jussi / Hans,Martna,Jaan/Jaani,2,2
John / Jaan / Jussi / Hans,Martna,John/St John,8,1
John / Jaan / Jussi / Hans,Martna,Other,1,1
John / Jaan / Jussi / Hans,Marttila,Jussi,2,1
John / Jaan / Jussi / Hans,Masku,Jussi,1,1
John / Jaan / Jussi / Hans,Masku,Other,1,1
John / Jaan / Jussi / Hans,Merikarvia,Jussi,1,1
John / Jaan / Jussi / Hans,Merimasku,Jussi,1,1
John / Jaan / Jussi / Hans,Messukylä,Jussi,1,1
John / Jaan / Jussi / Hans,Metsäpirtti,Jussi,1,1
John / Jaan / Jussi / Hans,Mietoinen,Jussi,1,1
John / Jaan / Jussi / Hans,Mihkli,Ants,1,1
John / Jaan / Jussi / Hans,Mihkli,Hans,2,2
John / Jaan / Jussi / Hans,Mihkli,Jaan/Jaani,6,3
John / Jaan / Jussi / Hans,Mihkli,John/St John,3,1
John / Jaan / Jussi / Hans,Mihkli,Other,4,3
John / Jaan / Jussi / Hans,Moloskovitsa,Other,1,1
John / Jaan / Jussi / Hans,Mouhijärvi,Jussi,3,3
John / Jaan / Jussi / Hans,Muhos,Jussi,1,1
John / Jaan / Jussi / Hans,Muhu,Hans,1,1
John / Jaan / Jussi / Hans,Muhu,Jaan/Jaani,9,6
John / Jaan / Jussi / Hans,Muhu,John/St John,14,4
John / Jaan / Jussi / Hans,Muhu,Juhan,1,1
John / Jaan / Jussi / Hans,Muhu,Other,30,10
John / Jaan / Jussi / Hans,Muolaa,Jussi,5,4
John / Jaan / Jussi / Hans,Mustjala,Ants,5,2
John / Jaan / Jussi / Hans,Mustjala,Jaan/Jaani,1,1
John / Jaan / Jussi / Hans,Mustjala,Jussi,1,1
John / Jaan / Jussi / Hans,Mustjala,Other,4,4
John / Jaan / Jussi / Hans,Muurla,John/St John,2,1
John / Jaan / Jussi / Hans,Muurla,Jussi,15,9
John / Jaan / Jussi / Hans,Muurla,Other,4,3
John / Jaan / Jussi / Hans,Muuruvesi,Jussi,3,1
John / Jaan / Jussi / Hans,Mynämäki,Jussi,6,5
John / Jaan / Jussi / Hans,Mynämäki,Other,3,2
John / Jaan / Jussi / Hans,Myrskylä,Jussi,1,1
John / Jaan / Jussi / Hans,Mäntsälä,Jussi,4,4
John / Jaan / Jussi / Hans,Mäntyharju,John/St John,1,1
John / Jaan / Jussi / Hans,Mäntyharju,Jussi,2,1
John / Jaan / Jussi / Hans,Märjamaa,Ants,7,5
John / Jaan / Jussi / Hans,Märjamaa,Jaan/Jaani,8,5
John / Jaan / Jussi / Hans,Märjamaa,John/St John,2,1
John / Jaan / Jussi / Hans,Märjamaa,Other,10,6
John / Jaan / Jussi / Hans,Nakkila,Jussi,2,2
John / Jaan / Jussi / Hans,Narvusi,John/St John,10,6
John / Jaan / Jussi / Hans,Narvusi,Other,1,1
John / Jaan / Jussi / Hans,Nastola,Jussi,1,1
John / Jaan / Jussi / Hans,Nilsiä,Jussi,3,3
John / Jaan / Jussi / Hans,Nilsiä,Other,1,1
John / Jaan / Jussi / Hans,Noormarkku,Jussi,1,1
John / Jaan / Jussi / Hans,Nousiainen,Other,1,1
John / Jaan / Jussi / Hans,Nurmes,Jussi,11,10
John / Jaan / Jussi / Hans,Nurmijärvi,Other,1,1
John / Jaan / Jussi / Hans,Nõo,Ants,2,1
John / Jaan / Jussi / Hans,Nõo,Jaan/Jaani,6,2
John / Jaan / Jussi / Hans,Nõo,John/St John,1,1
John / Jaan / Jussi / Hans,Nõo,Other,2,2
John / Jaan / Jussi / Hans,Orimattila,Jussi,2,2
John / Jaan / Jussi / Hans,Otepää,Ants,1,1
John / Jaan / Jussi / Hans,Otepää,Hans,1,1
John / Jaan / Jussi / Hans,Otepää,Jaan/Jaani,1,1
John / Jaan / Jussi / Hans,Otepää,John/St John,2,2
John / Jaan / Jussi / Hans,Otepää,Juhan,1,1
John / Jaan / Jussi / Hans,Otepää,Other,4,2
John / Jaan / Jussi / Hans,Paattinen,Other,1,1
John / Jaan / Jussi / Hans,Paavola,Jussi,2,1
John / Jaan / Jussi / Hans,Paide,Hans,4,3
John / Jaan / Jussi / Hans,Paide,Juhan,8,1
John / Jaan / Jussi / Hans,Paide,Other,4,3
John / Jaan / Jussi / Hans,Paimio,Jussi,1,1
John / Jaan / Jussi / Hans,Paimio,Other,2,2
John / Jaan / Jussi / Hans,Paistu,Ants,1,1
John / Jaan / Jussi / Hans,Paistu,Hans,11,4
John / Jaan / Jussi / Hans,Paistu,Jaan/Jaani,58,5
John / Jaan / Jussi / Hans,Paistu,John/St John,7,3
John / Jaan / Jussi / Hans,Paistu,Juhan,1,1
John / Jaan / Jussi / Hans,Paistu,Other,11,6
John / Jaan / Jussi / Hans,Palamuse,Hans,7,3
John / Jaan / Jussi / Hans,Palamuse,Jaan/Jaani,2,1
John / Jaan / Jussi / Hans,Palamuse,John/St John,1,1
John / Jaan / Jussi / Hans,Palamuse,Other,2,2
John / Jaan / Jussi / Hans,Paltamo,John/St John,1,1
John / Jaan / Jussi / Hans,Paltamo,Other,1,1
John / Jaan / Jussi / Hans,Peetri,Ants,1,1
John / Jaan / Jussi / Hans,Peetri,Jaan/Jaani,4,3
John / Jaan / Jussi / Hans,Peetri,John/St John,38,3
John / Jaan / Jussi / Hans,Peetri,Other,21,9
John / Jaan / Jussi / Hans,Perho,Jussi,1,1
John / Jaan / Jussi / Hans,Perniö,Jussi,1,1
John / Jaan / Jussi / Hans,Pertteli,Jussi,2,2
John / Jaan / Jussi / Hans,Pertteli,Other,1,1
John / Jaan / Jussi / Hans,Pielavesi,John/St John,2,1
John / Jaan / Jussi / Hans,Pielavesi,Jussi,3,3
John / Jaan / Jussi / Hans,Pielavesi,Other,1,1
John / Jaan / Jussi / Hans,Pielisjärvi,Jussi,1,1
John / Jaan / Jussi / Hans,Pielisjärvi,Other,3,3
John / Jaan / Jussi / Hans,Pihtipudas,Jussi,2,1
John / Jaan / Jussi / Hans,Pilistvere,Ants,1,1
John / Jaan / Jussi / Hans,Pilistvere,Hans,4,4
John / Jaan / Jussi / Hans,Pilistvere,Jaan/Jaani,3,2
John / Jaan / Jussi / Hans,Pilistvere,John/St John,5,3
John / Jaan / Jussi / Hans,Pilistvere,Jussi,1,1
John / Jaan / Jussi / Hans,Pilistvere,Other,2,2
John / Jaan / Jussi / Hans,Pirkkala,Jussi,1,1
John / Jaan / Jussi / Hans,Polvijärvi,Jussi,1,1
John / Jaan / Jussi / Hans,Pomarkku,Jussi,2,2
John / Jaan / Jussi / Hans,Pori,Jussi,2,2
John / Jaan / Jussi / Hans,Pudasjärvi,John/St John,2,1
John / Jaan / Jussi / Hans,Pudasjärvi,Jussi,3,2
John / Jaan / Jussi / Hans,Puhja,Hans,2,1
John / Jaan / Jussi / Hans,Puhja,Jaan/Jaani,3,2
John / Jaan / Jussi / Hans,Puhja,Juhan,1,1
John / Jaan / Jussi / Hans,Puhja,Other,7,4
John / Jaan / Jussi / Hans,Punkalaidun,Jussi,4,4
John / Jaan / Jussi / Hans,Pusula,Jussi,1,1
John / Jaan / Jussi / Hans,Pyhäjärvi Ol.,Jussi,4,3
John / Jaan / Jussi / Hans,Pyhäjärvi Ol.,Other,1,1
John / Jaan / Jussi / Hans,Pyhäjärvi Ul.,Jussi,2,2
John / Jaan / Jussi / Hans,Pyhäjärvi Ul.,Other,2,1
John / Jaan / Jussi / Hans,Pyhäselkä,Jussi,2,2
John / Jaan / Jussi / Hans,Pälkjärvi,Jussi,1,1
John / Jaan / Jussi / Hans,Pälkäne,Jussi,2,2
John / Jaan / Jussi / Hans,Pärnu,Ants,2,2
John / Jaan / Jussi / Hans,Pärnu,Hans,6,1
John / Jaan / Jussi / Hans,Pärnu,Jaan/Jaani,10,4
John / Jaan / Jussi / Hans,Pärnu,John/St John,2,2
John / Jaan / Jussi / Hans,Pärnu,Other,6,6
John / Jaan / Jussi / Hans,Pärnu-Jaagupi,Hans,2,2
John / Jaan / Jussi / Hans,Pärnu-Jaagupi,Other,2,2
John / Jaan / Jussi / Hans,Põltsamaa,Ants,4,2
John / Jaan / Jussi / Hans,Põltsamaa,Hans,22,5
John / Jaan / Jussi / Hans,Põltsamaa,Jaan/Jaani,8,4
John / Jaan / Jussi / Hans,Põltsamaa,Juhan,1,1
John / Jaan / Jussi / Hans,Põltsamaa,Jussi,1,1
John / Jaan / Jussi / Hans,Põltsamaa,Other,6,6
John / Jaan / Jussi / Hans,Põlva,Ants,1,1
John / Jaan / Jussi / Hans,Põlva,Jaan/Jaani,2,1
John / Jaan / Jussi / Hans,Põlva,John/St John,1,1
John / Jaan / Jussi / Hans,Põlva,Other,2,2
John / Jaan / Jussi / Hans,Pöide,Hans,1,1
John / Jaan / Jussi / Hans,Pöide,Jaan/Jaani,1,1
John / Jaan / Jussi / Hans,Pöide,Juhan,3,1
John / Jaan / Jussi / Hans,Pöide,Other,4,3
John / Jaan / Jussi / Hans,Pöytyä,Jussi,6,4
John / Jaan / Jussi / Hans,Pöytyä,Other,1,1
John / Jaan / Jussi / Hans,Pühalepa,Ants,1,1
John / Jaan / Jussi / Hans,Pühalepa,Jaan/Jaani,3,2
John / Jaan / Jussi / Hans,Pühalepa,Other,1,1
John / Jaan / Jussi / Hans,Rakvere,Other,3,2
John / Jaan / Jussi / Hans,Rannu,Ants,1,1
John / Jaan / Jussi / Hans,Rannu,Hans,1,1
John / Jaan / Jussi / Hans,Rannu,Jaan/Jaani,1,1
John / Jaan / Jussi / Hans,Rannu,John/St John,1,1
John / Jaan / Jussi / Hans,Rannu,Other,5,2
John / Jaan / Jussi / Hans,Ranua,Jussi,6,6
John / Jaan / Jussi / Hans,Rapla,Hans,6,4
John / Jaan / Jussi / Hans,Rapla,Jaan/Jaani,7,2
John / Jaan / Jussi / Hans,Rapla,Jussi,1,1
John / Jaan / Jussi / Hans,Rauma,Jussi,1,1
John / Jaan / Jussi / Hans,Rautalampi,John/St John,1,1
John / Jaan / Jussi / Hans,Rautavaara,Jussi,1,1
John / Jaan / Jussi / Hans,Rautjärvi,Other,2,1
John / Jaan / Jussi / Hans,Rautu,Jussi,3,3
John / Jaan / Jussi / Hans,Reigi,Other,3,2
John / Jaan / Jussi / Hans,Renko,Jussi,5,4
John / Jaan / Jussi / Hans,Renko,Other,1,1
John / Jaan / Jussi / Hans,Repola,Other,2,1
John / Jaan / Jussi / Hans,Ridala,Ants,1,1
John / Jaan / Jussi / Hans,Ridala,Other,2,1
John / Jaan / Jussi / Hans,Risti,Ants,2,2
John / Jaan / Jussi / Hans,Risti,Hans,1,1
John / Jaan / Jussi / Hans,Risti,Jaan/Jaani,10,3
John / Jaan / Jussi / Hans,Risti,John/St John,1,1
John / Jaan / Jussi / Hans,Risti,Juhan,4,2
John / Jaan / Jussi / Hans,Risti,Other,7,3
John / Jaan / Jussi / Hans,Rovaniemi,Other,1,1
John / Jaan / Jussi / Hans,Ruokolahti,Jussi,2,2
John / Jaan / Jussi / Hans,Ruokolahti,Other,2,1
John / Jaan / Jussi / Hans,Ruotsin Ylitornio,Other,2,1
John / Jaan / Jussi / Hans,Ruovesi,Jussi,7,6
John / Jaan / Jussi / Hans,Rusko,Other,1,1
John / Jaan / Jussi / Hans,Räisälä,Jussi,2,2
John / Jaan / Jussi / Hans,Räpina,Ants,1,1
John / Jaan / Jussi / Hans,Räpina,Hans,1,1
John / Jaan / Jussi / Hans,Räpina,Jaan/Jaani,11,2
John / Jaan / Jussi / Hans,Räpina,Juhan,1,1
John / Jaan / Jussi / Hans,Räpina,Other,1,1
John / Jaan / Jussi / Hans,Rääkkylä,Jussi,3,3
John / Jaan / Jussi / Hans,Rääpyvä,John/St John,1,1
John / Jaan / Jussi / Hans,Rõngu,Hans,1,1
John / Jaan / Jussi / Hans,Rõngu,Jaan/Jaani,4,4
John / Jaan / Jussi / Hans,Rõngu,John/St John,2,2
John / Jaan / Jussi / Hans,Rõngu,Other,2,2
John / Jaan / Jussi / Hans,Rõuge,Ants,5,3
John / Jaan / Jussi / Hans,Rõuge,Hans,2,1
John / Jaan / Jussi / Hans,Rõuge,Jaan/Jaani,5,2
John / Jaan / Jussi / Hans,Rõuge,John/St John,1,1
John / Jaan / Jussi / Hans,Rõuge,Jussi,1,1
John / Jaan / Jussi / Hans,Rõuge,Other,5,4
John / Jaan / Jussi / Hans,Saarde,Hans,9,4
John / Jaan / Jussi / Hans,Saarde,Jaan/Jaani,3,1
John / Jaan / Jussi / Hans,Saarde,Other,2,2
John / Jaan / Jussi / Hans,Saarijärvi,Jussi,13,13
John / Jaan / Jussi / Hans,Sakkola,Jussi,6,4
John / Jaan / Jussi / Hans,Sakkola,Other,1,1
John / Jaan / Jussi / Hans,Sangaste,Ants,5,5
John / Jaan / Jussi / Hans,Sangaste,Jaan/Jaani,1,1
John / Jaan / Jussi / Hans,Sangaste,Juhan,2,1
John / Jaan / Jussi / Hans,Sangaste,Other,5,3
John / Jaan / Jussi / Hans,Savonlinna,Jussi,5,5
John / Jaan / Jussi / Hans,Serepetta,Other,3,1
John / Jaan / Jussi / Hans,Setumaa,Ants,2,1
John / Jaan / Jussi / Hans,Setumaa,Jaan/Jaani,1,1
John / Jaan / Jussi / Hans,Setumaa,John/St John,9,6
John / Jaan / Jussi / Hans,Setumaa,Other,5,4
John / Jaan / Jussi / Hans,Siikajoki,Jussi,1,1
John / Jaan / Jussi / Hans,Siilinjärvi,Jussi,1,1
John / Jaan / Jussi / Hans,Simo,Jussi,1,1
John / Jaan / Jussi / Hans,Simuna,Ants,2,2
John / Jaan / Jussi / Hans,Simuna,Hans,3,2
John / Jaan / Jussi / Hans,Simuna,Jaan/Jaani,3,3
John / Jaan / Jussi / Hans,Simuna,John/St John,1,1
John / Jaan / Jussi / Hans,Simuna,Other,6,4
John / Jaan / Jussi / Hans,Soanlahti,Jussi,1,1
John / Jaan / Jussi / Hans,Soikkola,John/St John,2,2
John / Jaan / Jussi / Hans,Soikkola,Other,1,1
John / Jaan / Jussi / Hans,Somerniemi,Jussi,1,1
John / Jaan / Jussi / Hans,Somero,John/St John,1,1
John / Jaan / Jussi / Hans,Somero,Jussi,2,2
John / Jaan / Jussi / Hans,Somero,Other,2,2
John / Jaan / Jussi / Hans,Sonkajärvi,Jussi,4,4
John / Jaan / Jussi / Hans,Sortavala,Jussi,3,2
John / Jaan / Jussi / Hans,Sotkamo,Jussi,3,3
John / Jaan / Jussi / Hans,Suistamo,John/St John,2,2
John / Jaan / Jussi / Hans,Suistamo,Jussi,3,3
John / Jaan / Jussi / Hans,Suistamo,Other,1,1
John / Jaan / Jussi / Hans,Sulkava,Other,1,1
John / Jaan / Jussi / Hans,Suojärvi,Other,2,1
John / Jaan / Jussi / Hans,Suomusjärvi,Jussi,3,2
John / Jaan / Jussi / Hans,Suomussalmi,Jussi,1,1
John / Jaan / Jussi / Hans,Suonenjoki,John/St John,1,1
John / Jaan / Jussi / Hans,Suonenjoki,Jussi,4,3
John / Jaan / Jussi / Hans,Suure-Jaani,Ants,1,1
John / Jaan / Jussi / Hans,Suure-Jaani,Hans,2,2
John / Jaan / Jussi / Hans,Suure-Jaani,Jaan/Jaani,5,4
John / Jaan / Jussi / Hans,Suure-Jaani,John/St John,5,4
John / Jaan / Jussi / Hans,Suure-Jaani,Juhan,1,1
John / Jaan / Jussi / Hans,Suure-Jaani,Jussi,1,1
John / Jaan / Jussi / Hans,Suure-Jaani,Other,20,13
John / Jaan / Jussi / Hans,Sysmä,Jussi,4,4
John / Jaan / Jussi / Hans,Sääksmäki,Jussi,1,1
John / Jaan / Jussi / Hans,Taivassalo,Other,1,1
John / Jaan / Jussi / Hans,Tammela,Jussi,8,4
John / Jaan / Jussi / Hans,Tammela,Other,2,2
John / Jaan / Jussi / Hans,Tampere,Jussi,3,3
John / Jaan / Jussi / Hans,Tartu-Maarja,Hans,3,1
John / Jaan / Jussi / Hans,Tartu-Maarja,Jaan/Jaani,9,2
John / Jaan / Jussi / Hans,Tartu-Maarja,Juhan,2,2
John / Jaan / Jussi / Hans,Tartu-Maarja,Other,2,2
John / Jaan / Jussi / Hans,Tarvasjoki,John/St John,1,1
John / Jaan / Jussi / Hans,Tarvastu,Ants,12,4
John / Jaan / Jussi / Hans,Tarvastu,Hans,9,5
John / Jaan / Jussi / Hans,Tarvastu,Jaan/Jaani,2,1
John / Jaan / Jussi / Hans,Tarvastu,John/St John,2,2
John / Jaan / Jussi / Hans,Tarvastu,Juhan,4,2
John / Jaan / Jussi / Hans,Tarvastu,Other,8,7
John / Jaan / Jussi / Hans,Terijoki,Other,1,1
John / Jaan / Jussi / Hans,Tervo,Jussi,1,1
John / Jaan / Jussi / Hans,Tervola,John/St John,2,1
John / Jaan / Jussi / Hans,Teuva,Jussi,3,3
John / Jaan / Jussi / Hans,Teuva,Other,1,1
John / Jaan / Jussi / Hans,Tohmajärvi,Jussi,1,1
John / Jaan / Jussi / Hans,Tori,Ants,1,1
John / Jaan / Jussi / Hans,Tori,Hans,5,1
John / Jaan / Jussi / Hans,Tori,Jaan/Jaani,5,3
John / Jaan / Jussi / Hans,Tori,John/St John,2,2
John / Jaan / Jussi / Hans,Tori,Other,7,5
John / Jaan / Jussi / Hans,Torma,Hans,1,1
John / Jaan / Jussi / Hans,Torma,Jaan/Jaani,3,2
John / Jaan / Jussi / Hans,Torma,John/St John,3,2
John / Jaan / Jussi / Hans,Torma,Other,4,4
John / Jaan / Jussi / Hans,Turku,John/St John,2,1
John / Jaan / Jussi / Hans,Turku,Jussi,1,1
John / Jaan / Jussi / Hans,Turtola,Jussi,4,4
John / Jaan / Jussi / Hans,Tuulos,Jussi,5,5
John / Jaan / Jussi / Hans,Tuusniemi,Jussi,2,2
John / Jaan / Jussi / Hans,Tuusniemi,Other,3,3
John / Jaan / Jussi / Hans,Tuusula,Jussi,2,2
John / Jaan / Jussi / Hans,Tuusula,Other,1,1
John / Jaan / Jussi / Hans,Tyrväntö,Jussi,1,1
John / Jaan / Jussi / Hans,Tyrvää,Jussi,2,2
John / Jaan / Jussi / Hans,Tyrvää,Other,1,1
John / Jaan / Jussi / Hans,Tyrö,Jussi,1,1
John / Jaan / Jussi / Hans,Tytärsaari,Other,1,1
John / Jaan / Jussi / Hans,Tõstamaa,Ants,2,2
John / Jaan / Jussi / Hans,Tõstamaa,John/St John,2,2
John / Jaan / Jussi / Hans,Tõstamaa,Other,1,1
John / Jaan / Jussi / Hans,Töysä,Jussi,3,2
John / Jaan / Jussi / Hans,Türi,Hans,5,3
John / Jaan / Jussi / Hans,Türi,Jaan/Jaani,1,1
John / Jaan / Jussi / Hans,Türi,Juhan,2,1
John / Jaan / Jussi / Hans,Türi,Other,5,5
John / Jaan / Jussi / Hans,Uhtua,Jussi,1,1
John / Jaan / Jussi / Hans,Uhtua,Other,1,1
John / Jaan / Jussi / Hans,Ulvila,Jussi,1,1
John / Jaan / Jussi / Hans,Urjala,Jussi,4,4
John / Jaan / Jussi / Hans,Urvaste,Ants,1,1
John / Jaan / Jussi / Hans,Urvaste,Jaan/Jaani,1,1
John / Jaan / Jussi / Hans,Urvaste,Juhan,1,1
John / Jaan / Jussi / Hans,Urvaste,Other,5,4
John / Jaan / Jussi / Hans,Uskela,John/St John,1,1
John / Jaan / Jussi / Hans,Uskela,Jussi,10,7
John / Jaan / Jussi / Hans,Uskela,Other,7,7
John / Jaan / Jussi / Hans,Uusikaupunki,Jussi,1,1
John / Jaan / Jussi / Hans,Uusikaupunki,Other,1,1
John / Jaan / Jussi / Hans,Vaivara,Ants,3,2
John / Jaan / Jussi / Hans,Vaivara,Hans,2,1
John / Jaan / Jussi / Hans,Vaivara,Juhan,1,1
John / Jaan / Jussi / Hans,Vaivara,Other,1,1
John / Jaan / Jussi / Hans,Valjala,Other,1,1
John / Jaan / Jussi / Hans,Vanaja,Jussi,1,1
John / Jaan / Jussi / Hans,Varbla,Ants,1,1
John / Jaan / Jussi / Hans,Varbla,Jaan/Jaani,2,1
John / Jaan / Jussi / Hans,Varbla,John/St John,1,1
John / Jaan / Jussi / Hans,Varbla,Other,2,1
John / Jaan / Jussi / Hans,Varkaus,Jussi,3,2
John / Jaan / Jussi / Hans,Varkaus,Other,2,2
John / Jaan / Jussi / Hans,Vastseliina,Ants,1,1
John / Jaan / Jussi / Hans,Vastseliina,Other,1,1
John / Jaan / Jussi / Hans,Vehkalahti,Jussi,1,1
John / Jaan / Jussi / Hans,Vehmaa,Other,1,1
John / Jaan / Jussi / Hans,Venjoki,Jussi,4,1
John / Jaan / Jussi / Hans,Vesanto,Jussi,1,1
John / Jaan / Jussi / Hans,Vesilahti,Jussi,2,2
John / Jaan / Jussi / Hans,Veteli,Jussi,1,1
John / Jaan / Jussi / Hans,Vigala,Ants,1,1
John / Jaan / Jussi / Hans,Vigala,Hans,2,2
John / Jaan / Jussi / Hans,Vigala,Jaan/Jaani,5,3
John / Jaan / Jussi / Hans,Vigala,Other,14,11
John / Jaan / Jussi / Hans,Vihti,Jussi,1,1
John / Jaan / Jussi / Hans,Vihti,Other,1,1
John / Jaan / Jussi / Hans,Viipuri,Jussi,1,1
John / Jaan / Jussi / Hans,Viljandi,Ants,10,5
John / Jaan / Jussi / Hans,Viljandi,Hans,19,12
John / Jaan / Jussi / Hans,Viljandi,Jaan/Jaani,8,6
John / Jaan / Jussi / Hans,Viljandi,John/St John,4,4
John / Jaan / Jussi / Hans,Viljandi,Juhan,2,2
John / Jaan / Jussi / Hans,Viljandi,Jussi,2,2
John / Jaan / Jussi / Hans,Viljandi,Other,8,8
John / Jaan / Jussi / Hans,Virtasalmi,Jussi,2,2
John / Jaan / Jussi / Hans,Viru-Jaagupi,Ants,1,1
John / Jaan / Jussi / Hans,Viru-Jaagupi,Hans,1,1
John / Jaan / Jussi / Hans,Viru-Jaagupi,Other,2,2
John / Jaan / Jussi / Hans,Viru-Nigula,Ants,1,1
John / Jaan / Jussi / Hans,Viru-Nigula,Hans,5,3
John / Jaan / Jussi / Hans,Viru-Nigula,Other,5,5
John / Jaan / Jussi / Hans,Vuokkiniemi,Jussi,11,2
John / Jaan / Jussi / Hans,Vuokkiniemi,Other,1,1
John / Jaan / Jussi / Hans,Vuole,Jussi,1,1
John / Jaan / Jussi / Hans,Vuole,Other,10,5
John / Jaan / Jussi / Hans,Väike-Maarja,Ants,3,1
John / Jaan / Jussi / Hans,Väike-Maarja,Hans,5,4
John / Jaan / Jussi / Hans,Väike-Maarja,Jaan/Jaani,4,4
John / Jaan / Jussi / Hans,Väike-Maarja,Other,10,7
John / Jaan / Jussi / Hans,Vändra,Hans,11,6
John / Jaan / Jussi / Hans,Vändra,Jaan/Jaani,6,4
John / Jaan / Jussi / Hans,Vändra,Juhan,1,1
John / Jaan / Jussi / Hans,Vändra,Other,6,5
John / Jaan / Jussi / Hans,Võnnu,Ants,3,3
John / Jaan / Jussi / Hans,Võnnu,Hans,11,5
John / Jaan / Jussi / Hans,Võnnu,Jaan/Jaani,5,3
John / Jaan / Jussi / Hans,Võnnu,Juhan,1,1
John / Jaan / Jussi / Hans,Võnnu,Jussi,1,1
John / Jaan / Jussi / Hans,Ylihärmä,Jussi,1,1
John / Jaan / Jussi / Hans,Ylikiiminki,Jussi,1,1
John / Jaan / Jussi / Hans,Ylistaro,Jussi,2,2
John / Jaan / Jussi / Hans,Yläne,Jussi,4,2
John / Jaan / Jussi / Hans,Ypäjä,Other,1,1
John / Jaan / Jussi / Hans,Äksi,Ants,1,1
John / Jaan / Jussi / Hans,Äksi,Hans,1,1
John / Jaan / Jussi / Hans,Äksi,Juhan,3,2
John / Jaan / Jussi / Hans,Äksi,Other,5,4
John / Jaan / Jussi / Hans,Östmark,Other,1,1
Martin / Mart / Märt,Ambla,Mardi/Mard,5,4
Martin / Mart / Märt,Ambla,Mart/Marti,3,2
Martin / Mart / Märt,Ambla,Martin,38,8
Martin / Mart / Märt,Anseküla,Mart/Marti,3,2
Martin / Mart / Märt,Audru,Mardi/Mard,1,1
Martin / Mart / Märt,Audru,Mart/Marti,8,2
Martin / Mart / Märt,Audru,Martin,11,1
Martin / Mart / Märt,Audru,Märt/Märti,3,1
Martin / Mart / Märt,Audru,Other,6,2
Martin / Mart / Märt,Hageri,Martin,12,2
Martin / Mart / Märt,Hageri,Other,1,1
Martin / Mart / Märt,Halikko,Martin,1,1
Martin / Mart / Märt,Haljala,Mardi/Mard,15,2
Martin / Mart / Märt,Haljala,Mart/Marti,14,4
Martin / Mart / Märt,Haljala,Martin,31,5
Martin / Mart / Märt,Haljala,Other,7,4
Martin / Mart / Märt,Halliste,Bear/Spirit,11,3
Martin / Mart / Märt,Halliste,Mart/Marti,31,2
Martin / Mart / Märt,Halliste,Martin,42,3
Martin / Mart / Märt,Halliste,Märt/Märti,83,7
Martin / Mart / Märt,Halliste,Other,29,8
Martin / Mart / Märt,Halliste,Refrain,54,3
Martin / Mart / Märt,Hanila,Mardi/Mard,6,2
Martin / Mart / Märt,Hanila,Mart/Marti,2,1
Martin / Mart / Märt,Hargla,Martin,3,1
Martin / Mart / Märt,Harju-Jaani,Mart/Marti,2,2
Martin / Mart / Märt,Harju-Jaani,Martin,13,2
Martin / Mart / Märt,Harju-Jaani,Other,1,1
Martin / Mart / Märt,Harju-Madise,Mardi/Mard,1,1
Martin / Mart / Märt,Harju-Madise,Other,2,1
Martin / Mart / Märt,Haukipudas,Martin,1,1
Martin / Mart / Märt,Helme,Bear/Spirit,11,1
Martin / Mart / Märt,Helme,Mardi/Mard,12,1
Martin / Mart / Märt,Helme,Mart/Marti,5,2
Martin / Mart / Märt,Helme,Martin,70,1
Martin / Mart / Märt,Helme,Märt/Märti,118,6
Martin / Mart / Märt,Helme,Other,15,3
Martin / Mart / Märt,Helme,Refrain,68,1
Martin / Mart / Märt,Hietamäki,Martin,1,1
Martin / Mart / Märt,Hiitola,Martin,1,1
Martin / Mart / Märt,Häädemeeste,Bear/Spirit,2,1
Martin / Mart / Märt,Häädemeeste,Mardi/Mard,19,4
Martin / Mart / Märt,Häädemeeste,Martin,8,3
Martin / Mart / Märt,Häädemeeste,Other,4,2
Martin / Mart / Märt,Häädemeeste,Refrain,3,1
Martin / Mart / Märt,Iisaku,Mart/Marti,1,1
Martin / Mart / Märt,Iisaku,Martin,5,2
Martin / Mart / Märt,Iisaku,Other,4,1
Martin / Mart / Märt,Iisalmi,Martin,2,1
Martin / Mart / Märt,Jaani,Other,1,1
Martin / Mart / Märt,Juuru,Mart/Marti,2,1
Martin / Mart / Märt,Juuru,Martin,1,1
Martin / Mart / Märt,Juuru,Other,1,1
Martin / Mart / Märt,Järva-Jaani,Mardi/Mard,1,1
Martin / Mart / Märt,Järva-Jaani,Mart/Marti,3,2
Martin / Mart / Märt,Järva-Jaani,Other,2,2
Martin / Mart / Märt,Järva-Madise,Mardi/Mard,10,4
Martin / Mart / Märt,Järva-Madise,Mart/Marti,7,2
Martin / Mart / Märt,Järva-Madise,Martin,1,1
Martin / Mart / Märt,Järva-Madise,Other,3,2
Martin / Mart / Märt,Jõelähtme,Mardi/Mard,1,1
Martin / Mart / Märt,Jõelähtme,Mart/Marti,3,1
Martin / Mart / Märt,Jõelähtme,Martin,5,2
Martin / Mart / Märt,Jõelähtme,Other,1,1
Martin / Mart / Märt,Jõhvi,Mardi/Mard,1,1
Martin / Mart / Märt,Jõhvi,Mart/Marti,6,2
Martin / Mart / Märt,Jõhvi,Martin,13,3
Martin / Mart / Märt,Jõhvi,Other,4,3
Martin / Mart / Märt,Jüri,Mart/Marti,1,1
Martin / Mart / Märt,Kaarma,Martin,6,1
Martin / Mart / Märt,Kaarma,Other,3,2
Martin / Mart / Märt,Kadrina,Mart/Marti,1,1
Martin / Mart / Märt,Kadrina,Martin,2,1
Martin / Mart / Märt,Kadrina,Other,2,1
Martin / Mart / Märt,Kambja,Märt/Märti,2,1
Martin / Mart / Märt,Kambja,Other,10,2
Martin / Mart / Märt,Kanepi,Mardi/Mard,1,1
Martin / Mart / Märt,Kanepi,Martin,3,1
Martin / Mart / Märt,Kanepi,Other,2,2
Martin / Mart / Märt,Kaprio,Martin,1,1
Martin / Mart / Märt,Karksi,Mardi/Mard,15,3
Martin / Mart / Märt,Karksi,Mart/Marti,39,1
Martin / Mart / Märt,Karksi,Martin,5,2
Martin / Mart / Märt,Karksi,Märt/Märti,9,3
Martin / Mart / Märt,Karksi,Other,10,7
Martin / Mart / Märt,Karuse,Mardi/Mard,3,3
Martin / Mart / Märt,Karuse,Mart/Marti,23,2
Martin / Mart / Märt,Karuse,Martin,14,3
Martin / Mart / Märt,Karuse,Other,6,2
Martin / Mart / Märt,Kattila,Martin,1,1
Martin / Mart / Märt,Keila,Mardi/Mard,3,1
Martin / Mart / Märt,Keila,Mart/Marti,4,1
Martin / Mart / Märt,Keila,Martin,2,1
Martin / Mart / Märt,Keila,Other,1,1
Martin / Mart / Märt,Kestilä,Martin,1,1
Martin / Mart / Märt,Kiestinki,Martin,1,1
Martin / Mart / Märt,Kirbla,Refrain,1,1
Martin / Mart / Märt,Kiuruvesi,Martin,2,2
Martin / Mart / Märt,Kivennapa,Other,1,1
Martin / Mart / Märt,Kivijärvi,Martin,2,2
Martin / Mart / Märt,Kodavere,Bear/Spirit,1,1
Martin / Mart / Märt,Kodavere,Mart/Marti,1,1
Martin / Mart / Märt,Kodavere,Martin,2,1
Martin / Mart / Märt,Kodavere,Märt/Märti,22,3
Martin / Mart / Märt,Kodavere,Other,8,3
Martin / Mart / Märt,Koeru,Mardi/Mard,6,3
Martin / Mart / Märt,Koeru,Mart/Marti,4,2
Martin / Mart / Märt,Koeru,Other,3,1
Martin / Mart / Märt,Koivisto,Martin,1,1
Martin / Mart / Märt,Kolga-Jaani,Martin,3,1
Martin / Mart / Märt,Kolga-Jaani,Märt/Märti,7,3
Martin / Mart / Märt,Kolga-Jaani,Other,4,4
Martin / Mart / Märt,Kontokki,Martin,1,1
Martin / Mart / Märt,Kose,Bear/Spirit,1,1
Martin / Mart / Märt,Kose,Mardi/Mard,3,1
Martin / Mart / Märt,Kose,Mart/Marti,5,4
Martin / Mart / Märt,Kose,Martin,1,1
Martin / Mart / Märt,Kose,Other,2,2
Martin / Mart / Märt,Kuhmo,Martin,1,1
Martin / Mart / Märt,Kullamaa,Mardi/Mard,1,1
Martin / Mart / Märt,Kullamaa,Mart/Marti,2,2
Martin / Mart / Märt,Kullamaa,Martin,2,1
Martin / Mart / Märt,Kuolemajärvi,Other,2,1
Martin / Mart / Märt,Kursi,Mardi/Mard,1,1
Martin / Mart / Märt,Kursi,Mart/Marti,1,1
Martin / Mart / Märt,Kursi,Other,4,2
Martin / Mart / Märt,Kuusalu,Mart/Marti,10,5
Martin / Mart / Märt,Kuusalu,Martin,8,6
Martin / Mart / Märt,Kuusalu,Other,10,3
Martin / Mart / Märt,Käina,Mart/Marti,1,1
Martin / Mart / Märt,Käina,Martin,1,1
Martin / Mart / Märt,Käina,Other,1,1
Martin / Mart / Märt,Kärla,Mart/Marti,3,2
Martin / Mart / Märt,Kõpu,Mardi/Mard,6,1
Martin / Mart / Märt,Kõpu,Mart/Marti,2,2
Martin / Mart / Märt,Kõpu,Martin,4,1
Martin / Mart / Märt,Kõpu,Märt/Märti,3,1
Martin / Mart / Märt,Kõpu,Other,3,3
Martin / Mart / Märt,Laiuse,Mardi/Mard,10,2
Martin / Mart / Märt,Laiuse,Mart/Marti,3,3
Martin / Mart / Märt,Laiuse,Martin,2,2
Martin / Mart / Märt,Laiuse,Other,4,3
Martin / Mart / Märt,Laiuse,Refrain,3,1
Martin / Mart / Märt,Lempaala,Martin,2,1
Martin / Mart / Märt,Loppi,Martin,1,1
Martin / Mart / Märt,Lääne-Nigula,Mardi/Mard,1,1
Martin / Mart / Märt,Lääne-Nigula,Mart/Marti,1,1
Martin / Mart / Märt,Lääne-Nigula,Other,1,1
Martin / Mart / Märt,Lüganuse,Mardi/Mard,5,2
Martin / Mart / Märt,Lüganuse,Mart/Marti,6,4
Martin / Mart / Märt,Maarja-Magdaleena,Martin,1,1
Martin / Mart / Märt,Maarja-Magdaleena,Märt/Märti,4,1
Martin / Mart / Märt,Maarja-Magdaleena,Other,4,2
Martin / Mart / Märt,Martna,Mardi/Mard,4,1
Martin / Mart / Märt,Martna,Mart/Marti,2,1
Martin / Mart / Märt,Martna,Martin,2,1
Martin / Mart / Märt,Metsäpirtti,Martin,1,1
Martin / Mart / Märt,Mihkli,Bear/Spirit,11,2
Martin / Mart / Märt,Mihkli,Mardi/Mard,6,1
Martin / Mart / Märt,Mihkli,Mart/Marti,5,1
Martin / Mart / Märt,Mihkli,Martin,4,1
Martin / Mart / Märt,Mihkli,Other,3,1
Martin / Mart / Märt,Muhos,Martin,1,1
Martin / Mart / Märt,Mustjala,Mardi/Mard,1,1
Martin / Mart / Märt,Mustjala,Mart/Marti,3,1
Martin / Mart / Märt,Mäntyharju,Martin,1,1
Martin / Mart / Märt,Märjamaa,Bear/Spirit,6,2
Martin / Mart / Märt,Märjamaa,Mardi/Mard,4,3
Martin / Mart / Märt,Märjamaa,Mart/Marti,5,3
Martin / Mart / Märt,Märjamaa,Martin,5,2
Martin / Mart / Märt,Märjamaa,Other,3,1
Martin / Mart / Märt,Narvusi,Mart/Marti,2,1
Martin / Mart / Märt,Narvusi,Martin,2,1
Martin / Mart / Märt,Narvusi,Other,1,1
Martin / Mart / Märt,Nissi,Martin,2,1
Martin / Mart / Märt,Nurmes,Martin,2,2
Martin / Mart / Märt,Nõo,Bear/Spirit,10,1
Martin / Mart / Märt,Nõo,Mardi/Mard,2,1
Martin / Mart / Märt,Nõo,Märt/Märti,3,1
Martin / Mart / Märt,Nõo,Other,1,1
Martin / Mart / Märt,Orimattila,Martin,1,1
Martin / Mart / Märt,Paide,Mardi/Mard,2,1
Martin / Mart / Märt,Paide,Other,1,1
Martin / Mart / Märt,Paistu,Bear/Spirit,3,1
Martin / Mart / Märt,Paistu,Mart/Marti,3,1
Martin / Mart / Märt,Paistu,Martin,55,1
Martin / Mart / Märt,Paistu,Märt/Märti,25,4
Martin / Mart / Märt,Paistu,Other,22,5
Martin / Mart / Märt,Paistu,Refrain,44,1
Martin / Mart / Märt,Palamuse,Mardi/Mard,8,1
Martin / Mart / Märt,Palamuse,Martin,58,4
Martin / Mart / Märt,Palamuse,Märt/Märti,2,1
Martin / Mart / Märt,Palamuse,Other,2,2
Martin / Mart / Märt,Paltamo,Martin,1,1
Martin / Mart / Märt,Peetri,Mardi/Mard,3,1
Martin / Mart / Märt,Peetri,Mart/Marti,2,2
Martin / Mart / Märt,Peetri,Martin,1,1
Martin / Mart / Märt,Peetri,Other,3,3
Martin / Mart / Märt,Pielavesi,Martin,1,1
Martin / Mart / Märt,Pihtipudas,Martin,1,1
Martin / Mart / Märt,Piippola,Martin,1,1
Martin / Mart / Märt,Pilistvere,Mardi/Mard,1,1
Martin / Mart / Märt,Pilistvere,Mart/Marti,5,4
Martin / Mart / Märt,Pilistvere,Martin,31,4
Martin / Mart / Märt,Pilistvere,Other,3,2
Martin / Mart / Märt,Pudasjärvi,Martin,2,2
Martin / Mart / Märt,Puhja,Other,20,2
Martin / Mart / Märt,Puolanka,Martin,1,1
Martin / Mart / Märt,Pusula,Martin,1,1
Martin / Mart / Märt,Puumala,Mart/Marti,1,1
Martin / Mart / Märt,Pyhäjärvi Ol.,Martin,1,1
Martin / Mart / Märt,Pyhäjärvi Vpl.,Martin,2,1
Martin / Mart / Märt,Pärnu,Bear/Spirit,1,1
Martin / Mart / Märt,Pärnu,Mardi/Mard,19,4
Martin / Mart / Märt,Pärnu,Mart/Marti,8,3
Martin / Mart / Märt,Pärnu,Martin,30,4
Martin / Mart / Märt,Pärnu,Other,3,2
Martin / Mart / Märt,Pärnu-Jaagupi,Bear/Spirit,16,6
Martin / Mart / Märt,Pärnu-Jaagupi,Mardi/Mard,19,6
Martin / Mart / Märt,Pärnu-Jaagupi,Mart/Marti,5,3
Martin / Mart / Märt,Pärnu-Jaagupi,Martin,12,5
Martin / Mart / Märt,Pärnu-Jaagupi,Other,2,2
Martin / Mart / Märt,Põltsamaa,Mardi/Mard,2,1
Martin / Mart / Märt,Põltsamaa,Mart/Marti,4,3
Martin / Mart / Märt,Põltsamaa,Martin,17,6
Martin / Mart / Märt,Põltsamaa,Other,2,2
Martin / Mart / Märt,Põlva,Märt/Märti,1,1
Martin / Mart / Märt,Põlva,Other,5,2
Martin / Mart / Märt,Pöide,Bear/Spirit,2,1
Martin / Mart / Märt,Pöide,Mardi/Mard,2,1
Martin / Mart / Märt,Pöide,Martin,1,1
Martin / Mart / Märt,Pöide,Other,3,3
Martin / Mart / Märt,Pühalepa,Mart/Marti,1,1
Martin / Mart / Märt,Rakvere,Mardi/Mard,3,2
Martin / Mart / Märt,Rakvere,Martin,2,1
Martin / Mart / Märt,Rannu,Martin,7,1
Martin / Mart / Märt,Rapla,Mardi/Mard,1,1
Martin / Mart / Märt,Rapla,Mart/Marti,12,1
Martin / Mart / Märt,Rapla,Other,6,1
Martin / Mart / Märt,Reigi,Mart/Marti,1,1
Martin / Mart / Märt,Reigi,Other,3,2
Martin / Mart / Märt,Ridala,Bear/Spirit,5,2
Martin / Mart / Märt,Ridala,Mardi/Mard,11,1
Martin / Mart / Märt,Risti,Mardi/Mard,1,1
Martin / Mart / Märt,Räpina,Martin,13,4
Martin / Mart / Märt,Räpina,Other,9,1
Martin / Mart / Märt,Rõngu,Märt/Märti,45,3
Martin / Mart / Märt,Rõngu,Other,6,2
Martin / Mart / Märt,Rõngu,Refrain,44,2
Martin / Mart / Märt,Saarde,Bear/Spirit,4,2
Martin / Mart / Märt,Saarde,Mardi/Mard,12,5
Martin / Mart / Märt,Saarde,Mart/Marti,30,5
Martin / Mart / Märt,Saarde,Martin,17,5
Martin / Mart / Märt,Saarde,Märt/Märti,3,1
Martin / Mart / Märt,Saarde,Other,19,5
Martin / Mart / Märt,Sangaste,Martin,3,2
Martin / Mart / Märt,Sangaste,Märt/Märti,3,1
Martin / Mart / Märt,Sangaste,Other,10,2
Martin / Mart / Märt,Sangaste,Refrain,1,1
Martin / Mart / Märt,Serepetta,Martin,1,1
Martin / Mart / Märt,Setumaa,Martin,10,2
Martin / Mart / Märt,Setumaa,Other,1,1
Martin / Mart / Märt,Simuna,Mart/Marti,2,1
Martin / Mart / Märt,Simuna,Martin,8,1
Martin / Mart / Märt,Simuna,Other,1,1
Martin / Mart / Märt,Suure-Jaani,Bear/Spirit,17,3
Martin / Mart / Märt,Suure-Jaani,Mardi/Mard,7,4
Martin / Mart / Märt,Suure-Jaani,Mart/Marti,57,4
Martin / Mart / Märt,Suure-Jaani,Martin,44,7
Martin / Mart / Märt,Suure-Jaani,Märt/Märti,17,2
Martin / Mart / Märt,Suure-Jaani,Other,10,6
Martin / Mart / Märt,Tartu-Maarja,Bear/Spirit,7,1
Martin / Mart / Märt,Tartu-Maarja,Märt/Märti,3,3
Martin / Mart / Märt,Tartu-Maarja,Other,4,2
Martin / Mart / Märt,Tarvastu,Martin,4,1
Martin / Mart / Märt,Tarvastu,Märt/Märti,168,6
Martin / Mart / Märt,Tarvastu,Other,16,8
Martin / Mart / Märt,Tervo,Martin,1,1
Martin / Mart / Märt,Teuva,Martin,1,1
Martin / Mart / Märt,Toksova,Martin,1,1
Martin / Mart / Märt,Tori,Bear/Spirit,19,3
Martin / Mart / Märt,Tori,Mardi/Mard,2,1
Martin / Mart / Märt,Tori,Mart/Marti,11,3
Martin / Mart / Märt,Tori,Martin,33,4
Martin / Mart / Märt,Tori,Other,10,4
Martin / Mart / Märt,Torma,Mart/Marti,2,1
Martin / Mart / Märt,Torma,Martin,186,4
Martin / Mart / Märt,Torma,Other,1,1
Martin / Mart / Märt,Torma,Refrain,12,1
Martin / Mart / Märt,Tytärsaari,Martin,2,1
Martin / Mart / Märt,Tõstamaa,Mardi/Mard,10,5
Martin / Mart / Märt,Tõstamaa,Mart/Marti,33,5
Martin / Mart / Märt,Tõstamaa,Martin,15,6
Martin / Mart / Märt,Tõstamaa,Other,4,1
Martin / Mart / Märt,Türi,Mardi/Mard,9,1
Martin / Mart / Märt,Türi,Mart/Marti,7,4
Martin / Mart / Märt,Türi,Other,2,2
Martin / Mart / Märt,Urvaste,Martin,12,3
Martin / Mart / Märt,Urvaste,Märt/Märti,38,4
Martin / Mart / Märt,Urvaste,Other,26,6
Martin / Mart / Märt,Urvaste,Refrain,4,1
Martin / Mart / Märt,Vaivara,Mart/Marti,1,1
Martin / Mart / Märt,Vaivara,Martin,7,2
Martin / Mart / Märt,Vaivara,Other,1,1
Martin / Mart / Märt,Valtimo,Martin,1,1
Martin / Mart / Märt,Varbla,Mardi/Mard,8,2
Martin / Mart / Märt,Varbla,Mart/Marti,20,4
Martin / Mart / Märt,Varbla,Martin,28,2
Martin / Mart / Märt,Varbla,Other,4,2
Martin / Mart / Märt,Vieremä,Martin,2,2
Martin / Mart / Märt,Vigala,Bear/Spirit,5,1
Martin / Mart / Märt,Vigala,Mardi/Mard,23,4
Martin / Mart / Märt,Vigala,Mart/Marti,4,1
Martin / Mart / Märt,Vigala,Martin,1,1
Martin / Mart / Märt,Viitasaari,Martin,1,1
Martin / Mart / Märt,Viljandi,Mardi/Mard,1,1
Martin / Mart / Märt,Viljandi,Martin,8,2
Martin / Mart / Märt,Viljandi,Märt/Märti,40,4
Martin / Mart / Märt,Viljandi,Other,15,4
Martin / Mart / Märt,Viru-Jaagupi,Martin,21,4
Martin / Mart / Märt,Viru-Nigula,Mardi/Mard,11,3
Martin / Mart / Märt,Viru-Nigula,Mart/Marti,3,2
Martin / Mart / Märt,Viru-Nigula,Martin,21,8
Martin / Mart / Märt,Viru-Nigula,Märt/Märti,1,1
Martin / Mart / Märt,Viru-Nigula,Other,1,1
Martin / Mart / Märt,Vuole,Martin,1,1
Martin / Mart / Märt,Väike-Maarja,Mardi/Mard,13,3
Martin / Mart / Märt,Väike-Maarja,Mart/Marti,10,4
Martin / Mart / Märt,Väike-Maarja,Martin,34,8
Martin / Mart / Märt,Vändra,Mardi/Mard,17,5
Martin / Mart / Märt,Vändra,Mart/Marti,27,5
Martin / Mart / Märt,Vändra,Martin,47,7
Martin / Mart / Märt,Vändra,Other,7,3
Martin / Mart / Märt,Võnnu,Märt/Märti,7,3
Martin / Mart / Märt,Võnnu,Other,23,3
Martin / Mart / Märt,Äksi,Märt/Märti,24,4
Martin / Mart / Märt,Äksi,Other,20,3
Mary / Maria / Maarja / Mari,Alastaro,Maija/Maie,2,1
Mary / Maria / Maarja / Mari,Alatornio,Maija/Maie,2,2
Mary / Maria / Maarja / Mari,Alatornio,Mary,1,1
Mary / Maria / Maarja / Mari,Alatornio,Other,3,3
Mary / Maria / Maarja / Mari,Alavus,Maija/Maie,1,1
Mary / Maria / Maarja / Mari,Alavus,Mary,1,1
Mary / Maria / Maarja / Mari,Alavus,Other,2,2
Mary / Maria / Maarja / Mari,Ambla,Berry,10,10
Mary / Maria / Maarja / Mari,Ambla,Mari,2,1
Mary / Maria / Maarja / Mari,Ambla,Mary,5,4
Mary / Maria / Maarja / Mari,Ambla,Other,4,4
Mary / Maria / Maarja / Mari,Anttola,Other,1,1
Mary / Maria / Maarja / Mari,Asikkala,Maija/Maie,7,7
Mary / Maria / Maarja / Mari,Asikkala,Mary,1,1
Mary / Maria / Maarja / Mari,Asikkala,Other,2,2
Mary / Maria / Maarja / Mari,Audru,Berry,4,4
Mary / Maria / Maarja / Mari,Audru,Mari,12,3
Mary / Maria / Maarja / Mari,Audru,Mary,1,1
Mary / Maria / Maarja / Mari,Brandval,Mary,1,1
Mary / Maria / Maarja / Mari,Brandval,Other,3,2
Mary / Maria / Maarja / Mari,Emmaste,Other,1,1
Mary / Maria / Maarja / Mari,Eno,Mari,1,1
Mary / Maria / Maarja / Mari,Eno,Mary,1,1
Mary / Maria / Maarja / Mari,Enontekiö,Other,1,1
Mary / Maria / Maarja / Mari,Eräjärvi,Maija/Maie,1,1
Mary / Maria / Maarja / Mari,Eräjärvi,Mary,1,1
Mary / Maria / Maarja / Mari,Evijärvi,Maija/Maie,1,1
Mary / Maria / Maarja / Mari,Forssa,Other,1,1
Mary / Maria / Maarja / Mari,Grue Finnskog,Maria/Maaria,1,1
Mary / Maria / Maarja / Mari,Hageri,Other,1,1
Mary / Maria / Maarja / Mari,Hailuoto,Maria/Maaria,2,1
Mary / Maria / Maarja / Mari,Hailuoto,Mary,1,1
Mary / Maria / Maarja / Mari,Halikko,Maija/Maie,1,1
Mary / Maria / Maarja / Mari,Halikko,Other,1,1
Mary / Maria / Maarja / Mari,Haljala,Berry,77,54
Mary / Maria / Maarja / Mari,Haljala,Maija/Maie,1,1
Mary / Maria / Maarja / Mari,Haljala,Mari,18,11
Mary / Maria / Maarja / Mari,Haljala,Mary,7,7
Mary / Maria / Maarja / Mari,Haljala,Other,14,11
Mary / Maria / Maarja / Mari,Halliste,Berry,25,17
Mary / Maria / Maarja / Mari,Halliste,Mari,10,9
Mary / Maria / Maarja / Mari,Halliste,Maria/Maaria,4,2
Mary / Maria / Maarja / Mari,Halliste,Mary,20,17
Mary / Maria / Maarja / Mari,Halliste,Other,8,7
Mary / Maria / Maarja / Mari,Hanila,Berry,4,4
Mary / Maria / Maarja / Mari,Hanila,Mari,1,1
Mary / Maria / Maarja / Mari,Hanila,Mary,2,2
Mary / Maria / Maarja / Mari,Hanila,Other,1,1
Mary / Maria / Maarja / Mari,Hargla,Berry,23,18
Mary / Maria / Maarja / Mari,Hargla,Mari,2,1
Mary / Maria / Maarja / Mari,Hargla,Mary,1,1
Mary / Maria / Maarja / Mari,Hargla,Other,2,2
Mary / Maria / Maarja / Mari,Harju-Jaani,Berry,11,7
Mary / Maria / Maarja / Mari,Harju-Jaani,Mari,13,7
Mary / Maria / Maarja / Mari,Harju-Jaani,Maria/Maaria,1,1
Mary / Maria / Maarja / Mari,Harju-Jaani,Mary,5,5
Mary / Maria / Maarja / Mari,Harju-Jaani,Other,1,1
Mary / Maria / Maarja / Mari,Harju-Madise,Berry,1,1
Mary / Maria / Maarja / Mari,Harju-Madise,Mari,2,1
Mary / Maria / Maarja / Mari,Harlu,Maria/Maaria,1,1
Mary / Maria / Maarja / Mari,Harlu,Other,1,1
Mary / Maria / Maarja / Mari,Hartola,Other,1,1
Mary / Maria / Maarja / Mari,Hattula,Maija/Maie,5,4
Mary / Maria / Maarja / Mari,Hattula,Maria/Maaria,1,1
Mary / Maria / Maarja / Mari,Hattula,Mary,3,2
Mary / Maria / Maarja / Mari,Hattula,Other,1,1
Mary / Maria / Maarja / Mari,Hauho,Maija/Maie,1,1
Mary / Maria / Maarja / Mari,Hauho,Maria/Maaria,1,1
Mary / Maria / Maarja / Mari,Hauho,Mary,3,3
Mary / Maria / Maarja / Mari,Haukivuori,Mary,1,1
Mary / Maria / Maarja / Mari,Hausjärvi,Maija/Maie,3,3
Mary / Maria / Maarja / Mari,Hausjärvi,Mary,1,1
Mary / Maria / Maarja / Mari,Heinjoki,Mari,1,1
Mary / Maria / Maarja / Mari,Heinävesi,Other,1,1
Mary / Maria / Maarja / Mari,Helme,Berry,26,18
Mary / Maria / Maarja / Mari,Helme,Mari,5,4
Mary / Maria / Maarja / Mari,Helme,Mary,20,13
Mary / Maria / Maarja / Mari,Helme,Other,14,9
Mary / Maria / Maarja / Mari,Hietamäki,Maija/Maie,1,1
Mary / Maria / Maarja / Mari,Hietamäki,Other,1,1
Mary / Maria / Maarja / Mari,Hiitola,Mary,1,1
Mary / Maria / Maarja / Mari,Hirvensalmi,Mary,1,1
Mary / Maria / Maarja / Mari,Hollola,Maija/Maie,5,4
Mary / Maria / Maarja / Mari,Hollola,Mary,1,1
Mary / Maria / Maarja / Mari,Huittinen,Maria/Maaria,4,2
Mary / Maria / Maarja / Mari,Huittinen,Mary,1,1
Mary / Maria / Maarja / Mari,Huittinen,Other,1,1
Mary / Maria / Maarja / Mari,Humppila,Maija/Maie,1,1
Mary / Maria / Maarja / Mari,Humppila,Mary,5,3
Mary / Maria / Maarja / Mari,Hyvinkää,Maija/Maie,3,3
Mary / Maria / Maarja / Mari,Hyvinkää,Mary,1,1
Mary / Maria / Maarja / Mari,Hämeenkyrö,Maija/Maie,2,2
Mary / Maria / Maarja / Mari,Hämeenkyrö,Other,1,1
Mary / Maria / Maarja / Mari,Hämeenlinna,Maija/Maie,3,2
Mary / Maria / Maarja / Mari,Hämeenlinna,Mary,2,1
Mary / Maria / Maarja / Mari,Häädemeeste,Berry,1,1
Mary / Maria / Maarja / Mari,Häädemeeste,Mari,11,7
Mary / Maria / Maarja / Mari,Häädemeeste,Mary,3,2
Mary / Maria / Maarja / Mari,Häädemeeste,Other,1,1
Mary / Maria / Maarja / Mari,Iisaku,Berry,1,1
Mary / Maria / Maarja / Mari,Iisaku,Mari,7,4
Mary / Maria / Maarja / Mari,Iisaku,Mary,3,1
Mary / Maria / Maarja / Mari,Iisalmi,Mary,8,7
Mary / Maria / Maarja / Mari,Iisalmi,Other,1,1
Mary / Maria / Maarja / Mari,Iitti,Maija/Maie,1,1
Mary / Maria / Maarja / Mari,Ilmajoki,Mary,2,2
Mary / Maria / Maarja / Mari,Ilomantsi,Maija/Maie,3,3
Mary / Maria / Maarja / Mari,Ilomantsi,Maria/Maaria,1,1
Mary / Maria / Maarja / Mari,Ilomantsi,Mary,23,21
Mary / Maria / Maarja / Mari,Ilomantsi,Other,5,4
Mary / Maria / Maarja / Mari,Impilahti,Maria/Maaria,4,3
Mary / Maria / Maarja / Mari,Impilahti,Mary,11,10
Mary / Maria / Maarja / Mari,Impilahti,Other,2,1
Mary / Maria / Maarja / Mari,Inkere,Mari,1,1
Mary / Maria / Maarja / Mari,Isojoki,Mary,2,1
Mary / Maria / Maarja / Mari,Isojoki,Other,1,1
Mary / Maria / Maarja / Mari,Jaani,Mari,1,1
Mary / Maria / Maarja / Mari,Jaani,Mary,1,1
Mary / Maria / Maarja / Mari,Jalasjärvi,Maria/Maaria,1,1
Mary / Maria / Maarja / Mari,Jalasjärvi,Other,1,1
Mary / Maria / Maarja / Mari,Janakkala,Maija/Maie,7,7
Mary / Maria / Maarja / Mari,Janakkala,Mary,1,1
Mary / Maria / Maarja / Mari,Jokioinen,Maija/Maie,1,1
Mary / Maria / Maarja / Mari,Jokioinen,Maria/Maaria,2,1
Mary / Maria / Maarja / Mari,Jokioinen,Mary,2,2
Mary / Maria / Maarja / Mari,Joroinen,Mary,2,2
Mary / Maria / Maarja / Mari,Joroinen,Other,2,2
Mary / Maria / Maarja / Mari,Joutsa,Maria/Maaria,1,1
Mary / Maria / Maarja / Mari,Joutsa,Mary,1,1
Mary / Maria / Maarja / Mari,Joutsa,Other,1,1
Mary / Maria / Maarja / Mari,Jurva,Mary,1,1
Mary / Maria / Maarja / Mari,Juuka,Mary,4,4
Mary / Maria / Maarja / Mari,Juuru,Berry,3,2
Mary / Maria / Maarja / Mari,Juuru,Mari,1,1
Mary / Maria / Maarja / Mari,Juuru,Other,1,1
Mary / Maria / Maarja / Mari,Juva,Maija/Maie,2,2
Mary / Maria / Maarja / Mari,Juva,Maria/Maaria,1,1
Mary / Maria / Maarja / Mari,Juva,Mary,16,15
Mary / Maria / Maarja / Mari,Juva,Other,3,3
Mary / Maria / Maarja / Mari,Jyväskylä,Other,1,1
Mary / Maria / Maarja / Mari,Jällivaara,Maria/Maaria,1,1
Mary / Maria / Maarja / Mari,Jällivaara,Mary,1,1
Mary / Maria / Maarja / Mari,Jämaja,Mari,1,1
Mary / Maria / Maarja / Mari,Jämijärvi,Mary,1,1
Mary / Maria / Maarja / Mari,Jämsä,Other,1,1
Mary / Maria / Maarja / Mari,Jäppilä,Maija/Maie,1,1
Mary / Maria / Maarja / Mari,Järva-Jaani,Berry,3,3
Mary / Maria / Maarja / Mari,Järva-Jaani,Mari,4,3
Mary / Maria / Maarja / Mari,Järva-Jaani,Mary,11,6
Mary / Maria / Maarja / Mari,Järva-Jaani,Other,1,1
Mary / Maria / Maarja / Mari,Järva-Madise,Berry,8,3
Mary / Maria / Maarja / Mari,Järva-Madise,Mari,2,2
Mary / Maria / Maarja / Mari,Järva-Madise,Other,1,1
Mary / Maria / Maarja / Mari,Jääski,Other,1,1
Mary / Maria / Maarja / Mari,Jõelähtme,Berry,8,8
Mary / Maria / Maarja / Mari,Jõelähtme,Mari,2,2
Mary / Maria / Maarja / Mari,Jõelähtme,Mary,6,2
Mary / Maria / Maarja / Mari,Jõelähtme,Other,1,1
Mary / Maria / Maarja / Mari,Jõhvi,Berry,29,24
Mary / Maria / Maarja / Mari,Jõhvi,Mari,29,13
Mary / Maria / Maarja / Mari,Jõhvi,Maria/Maaria,1,1
Mary / Maria / Maarja / Mari,Jõhvi,Mary,13,12
Mary / Maria / Maarja / Mari,Jõhvi,Other,4,4
Mary / Maria / Maarja / Mari,Jüri,Berry,8,7
Mary / Maria / Maarja / Mari,Jüri,Mari,8,6
Mary / Maria / Maarja / Mari,Jüri,Maria/Maaria,1,1
Mary / Maria / Maarja / Mari,Jüri,Mary,5,5
Mary / Maria / Maarja / Mari,Jüri,Other,3,2
Mary / Maria / Maarja / Mari,Kaarma,Berry,5,3
Mary / Maria / Maarja / Mari,Kaarma,Other,1,1
Mary / Maria / Maarja / Mari,Kaavi,Mary,8,7
Mary / Maria / Maarja / Mari,Kaavi,Other,2,2
Mary / Maria / Maarja / Mari,Kadrina,Berry,29,20
Mary / Maria / Maarja / Mari,Kadrina,Maija/Maie,1,1
Mary / Maria / Maarja / Mari,Kadrina,Mari,16,12
Mary / Maria / Maarja / Mari,Kadrina,Maria/Maaria,3,3
Mary / Maria / Maarja / Mari,Kadrina,Mary,21,13
Mary / Maria / Maarja / Mari,Kadrina,Other,4,4
Mary / Maria / Maarja / Mari,Kalajoki,Maija/Maie,3,2
Mary / Maria / Maarja / Mari,Kalajoki,Mary,2,1
Mary / Maria / Maarja / Mari,Kalajoki,Other,1,1
Mary / Maria / Maarja / Mari,Kalvola,Maija/Maie,1,1
Mary / Maria / Maarja / Mari,Kalvola,Mary,2,2
Mary / Maria / Maarja / Mari,Kambja,Berry,1,1
Mary / Maria / Maarja / Mari,Kambja,Mary,1,1
Mary / Maria / Maarja / Mari,Kambja,Other,1,1
Mary / Maria / Maarja / Mari,Kanepi,Berry,5,4
Mary / Maria / Maarja / Mari,Kanepi,Mary,2,2
Mary / Maria / Maarja / Mari,Kanepi,Other,1,1
Mary / Maria / Maarja / Mari,Kangasniemi,Maija/Maie,2,2
Mary / Maria / Maarja / Mari,Kangasniemi,Maria/Maaria,1,1
Mary / Maria / Maarja / Mari,Kangasniemi,Other,1,1
Mary / Maria / Maarja / Mari,Kankaanpää,Mary,5,4
Mary / Maria / Maarja / Mari,Kannonkoski,Other,1,1
Mary / Maria / Maarja / Mari,Kaprio,Mari,4,1
Mary / Maria / Maarja / Mari,Kaprio,Mary,24,14
Mary / Maria / Maarja / Mari,Kaprio,Other,14,8
Mary / Maria / Maarja / Mari,Karinainen,Other,1,1
Mary / Maria / Maarja / Mari,Karja,Berry,1,1
Mary / Maria / Maarja / Mari,Karja,Other,1,1
Mary / Maria / Maarja / Mari,Karksi,Berry,37,25
Mary / Maria / Maarja / Mari,Karksi,Mari,25,11
Mary / Maria / Maarja / Mari,Karksi,Maria/Maaria,5,2
Mary / Maria / Maarja / Mari,Karksi,Mary,53,38
Mary / Maria / Maarja / Mari,Karksi,Other,14,10
Mary / Maria / Maarja / Mari,Karula,Berry,5,4
Mary / Maria / Maarja / Mari,Karula,Mari,1,1
Mary / Maria / Maarja / Mari,Karula,Other,1,1
Mary / Maria / Maarja / Mari,Karuna,Maija/Maie,3,2
Mary / Maria / Maarja / Mari,Karunki,Maija/Maie,1,1
Mary / Maria / Maarja / Mari,Karuse,Berry,6,5
Mary / Maria / Maarja / Mari,Karuse,Mari,13,6
Mary / Maria / Maarja / Mari,Karuse,Mary,3,3
Mary / Maria / Maarja / Mari,Karuse,Other,3,2
Mary / Maria / Maarja / Mari,Karvia,Maija/Maie,1,1
Mary / Maria / Maarja / Mari,Kattila,Maria/Maaria,1,1
Mary / Maria / Maarja / Mari,Kattila,Mary,3,3
Mary / Maria / Maarja / Mari,Kauhajoki,Maija/Maie,1,1
Mary / Maria / Maarja / Mari,Kauhajoki,Mary,1,1
Mary / Maria / Maarja / Mari,Kauhava,Maija/Maie,2,2
Mary / Maria / Maarja / Mari,Kauhava,Mary,3,2
Mary / Maria / Maarja / Mari,Kauhava,Other,2,2
Mary / Maria / Maarja / Mari,Kaukola,Other,1,1
Mary / Maria / Maarja / Mari,Kaustinen,Maija/Maie,1,1
Mary / Maria / Maarja / Mari,Kaustinen,Maria/Maaria,1,1
Mary / Maria / Maarja / Mari,Kauvatsa,Maija/Maie,3,3
Mary / Maria / Maarja / Mari,Keila,Berry,1,1
Mary / Maria / Maarja / Mari,Keltto,Mary,1,1
Mary / Maria / Maarja / Mari,Keltto,Other,1,1
Mary / Maria / Maarja / Mari,Kemi,Maija/Maie,1,1
Mary / Maria / Maarja / Mari,Kemi,Mary,1,1
Mary / Maria / Maarja / Mari,Kemi,Other,1,1
Mary / Maria / Maarja / Mari,Kemijärvi,Maija/Maie,1,1
Mary / Maria / Maarja / Mari,Kemijärvi,Mary,2,2
Mary / Maria / Maarja / Mari,Kerimäki,Mary,2,1
Mary / Maria / Maarja / Mari,Kestilä,Mary,2,2
Mary / Maria / Maarja / Mari,Kesälahti,Mary,4,3
Mary / Maria / Maarja / Mari,Kesälahti,Other,1,1
Mary / Maria / Maarja / Mari,Kiestinki,Other,2,1
Mary / Maria / Maarja / Mari,Kihelkonna,Berry,1,1
Mary / Maria / Maarja / Mari,Kihelkonna,Mari,1,1
Mary / Maria / Maarja / Mari,Kihelkonna,Mary,1,1
Mary / Maria / Maarja / Mari,Kihnu,Berry,1,1
Mary / Maria / Maarja / Mari,Kihnu,Mari,3,3
Mary / Maria / Maarja / Mari,Kiihtelysvaara,Maija/Maie,1,1
Mary / Maria / Maarja / Mari,Kiihtelysvaara,Mary,3,3
Mary / Maria / Maarja / Mari,Kiihtelysvaara,Other,3,2
Mary / Maria / Maarja / Mari,Kiimaisjärvi,Mary,2,2
Mary / Maria / Maarja / Mari,Kiimaisjärvi,Other,1,1
Mary / Maria / Maarja / Mari,Kitee,Mari,1,1
Mary / Maria / Maarja / Mari,Kitee,Mary,12,11
Mary / Maria / Maarja / Mari,Kitee,Other,6,5
Mary / Maria / Maarja / Mari,Kittilä,Maija/Maie,1,1
Mary / Maria / Maarja / Mari,Kittilä,Mary,1,1
Mary / Maria / Maarja / Mari,Kiuruvesi,Maija/Maie,1,1
Mary / Maria / Maarja / Mari,Kiuruvesi,Maria/Maaria,3,2
Mary / Maria / Maarja / Mari,Kiuruvesi,Mary,10,5
Mary / Maria / Maarja / Mari,Kiuruvesi,Other,1,1
Mary / Maria / Maarja / Mari,Kivennapa,Maija/Maie,2,2
Mary / Maria / Maarja / Mari,Kivennapa,Mari,5,2
Mary / Maria / Maarja / Mari,Kivennapa,Mary,8,3
Mary / Maria / Maarja / Mari,Kivennapa,Other,1,1
Mary / Maria / Maarja / Mari,Kivijärvi,Mary,3,3
Mary / Maria / Maarja / Mari,Kivijärvi,Other,1,1
Mary / Maria / Maarja / Mari,Kodavere,Berry,4,4
Mary / Maria / Maarja / Mari,Kodavere,Maija/Maie,1,1
Mary / Maria / Maarja / Mari,Kodavere,Mari,2,1
Mary / Maria / Maarja / Mari,Kodavere,Mary,5,4
Mary / Maria / Maarja / Mari,Kodavere,Other,2,2
Mary / Maria / Maarja / Mari,Koeru,Berry,6,5
Mary / Maria / Maarja / Mari,Koeru,Mari,11,5
Mary / Maria / Maarja / Mari,Koeru,Mary,5,4
Mary / Maria / Maarja / Mari,Koeru,Other,2,2
Mary / Maria / Maarja / Mari,Koivisto,Maija/Maie,1,1
Mary / Maria / Maarja / Mari,Koivisto,Mari,1,1
Mary / Maria / Maarja / Mari,Koivisto,Mary,1,1
Mary / Maria / Maarja / Mari,Koivisto,Other,2,2
Mary / Maria / Maarja / Mari,Kokemäki,Maija/Maie,1,1
Mary / Maria / Maarja / Mari,Kokkola,Maria/Maaria,1,1
Mary / Maria / Maarja / Mari,Kokkola,Mary,1,1
Mary / Maria / Maarja / Mari,Kolga-Jaani,Berry,23,16
Mary / Maria / Maarja / Mari,Kolga-Jaani,Mari,27,24
Mary / Maria / Maarja / Mari,Kolga-Jaani,Maria/Maaria,1,1
Mary / Maria / Maarja / Mari,Kolga-Jaani,Mary,18,14
Mary / Maria / Maarja / Mari,Kolga-Jaani,Other,4,3
Mary / Maria / Maarja / Mari,Kontiolahti,Maija/Maie,2,2
Mary / Maria / Maarja / Mari,Kontiolahti,Mari,2,2
Mary / Maria / Maarja / Mari,Kontiolahti,Mary,2,1
Mary / Maria / Maarja / Mari,Kontokki,Mari,1,1
Mary / Maria / Maarja / Mari,Kontokki,Maria/Maaria,1,1
Mary / Maria / Maarja / Mari,Kontokki,Mary,6,6
Mary / Maria / Maarja / Mari,Kontokki,Other,1,1
Mary / Maria / Maarja / Mari,Koprina,Mari,1,1
Mary / Maria / Maarja / Mari,Koprina,Maria/Maaria,1,1
Mary / Maria / Maarja / Mari,Koprina,Mary,1,1
Mary / Maria / Maarja / Mari,Koprina,Other,2,2
Mary / Maria / Maarja / Mari,Korpilahti,Maija/Maie,1,1
Mary / Maria / Maarja / Mari,Korpiselkä,Mari,3,1
Mary / Maria / Maarja / Mari,Korpiselkä,Mary,19,19
Mary / Maria / Maarja / Mari,Korpiselkä,Other,2,2
Mary / Maria / Maarja / Mari,Kose,Berry,4,3
Mary / Maria / Maarja / Mari,Kose,Mari,11,6
Mary / Maria / Maarja / Mari,Kose,Mary,15,8
Mary / Maria / Maarja / Mari,Kose,Other,2,1
Mary / Maria / Maarja / Mari,Koski Hl.,Maija/Maie,2,2
Mary / Maria / Maarja / Mari,Kuhmo,Maria/Maaria,2,1
Mary / Maria / Maarja / Mari,Kuhmo,Mary,7,4
Mary / Maria / Maarja / Mari,Kuhmoinen,Mary,3,3
Mary / Maria / Maarja / Mari,Kuhmoinen,Other,1,1
Mary / Maria / Maarja / Mari,Kullamaa,Berry,3,3
Mary / Maria / Maarja / Mari,Kullamaa,Mari,8,6
Mary / Maria / Maarja / Mari,Kuolemajärvi,Mary,1,1
Mary / Maria / Maarja / Mari,Kuopio,Mary,3,2
Mary / Maria / Maarja / Mari,Kuopio,Other,3,3
Mary / Maria / Maarja / Mari,Kuorevesi,Maija/Maie,1,1
Mary / Maria / Maarja / Mari,Kuorevesi,Mary,1,1
Mary / Maria / Maarja / Mari,Kuortane,Maija/Maie,1,1
Mary / Maria / Maarja / Mari,Kupanitsa,Mary,2,2
Mary / Maria / Maarja / Mari,Kurikka,Maija/Maie,4,3
Mary / Maria / Maarja / Mari,Kurikka,Mary,2,2
Mary / Maria / Maarja / Mari,Kursi,Berry,3,2
Mary / Maria / Maarja / Mari,Kursi,Mari,6,6
Mary / Maria / Maarja / Mari,Kursi,Maria/Maaria,1,1
Mary / Maria / Maarja / Mari,Kursi,Mary,4,3
Mary / Maria / Maarja / Mari,Kursi,Other,2,2
Mary / Maria / Maarja / Mari,Kuujärvi,Mari,1,1
Mary / Maria / Maarja / Mari,Kuusalu,Berry,81,59
Mary / Maria / Maarja / Mari,Kuusalu,Mari,9,7
Mary / Maria / Maarja / Mari,Kuusalu,Maria/Maaria,4,3
Mary / Maria / Maarja / Mari,Kuusalu,Mary,13,8
Mary / Maria / Maarja / Mari,Kuusalu,Other,7,6
Mary / Maria / Maarja / Mari,Kuusamo,Maija/Maie,2,2
Mary / Maria / Maarja / Mari,Kuusamo,Maria/Maaria,3,2
Mary / Maria / Maarja / Mari,Kuusamo,Mary,3,3
Mary / Maria / Maarja / Mari,Kuusjoki,Maija/Maie,2,2
Mary / Maria / Maarja / Mari,Kuusjärvi,Other,1,1
Mary / Maria / Maarja / Mari,Kymi,Maija/Maie,1,1
Mary / Maria / Maarja / Mari,Käina,Mary,1,1
Mary / Maria / Maarja / Mari,Kärla,Mari,1,1
Mary / Maria / Maarja / Mari,Kärsämäki,Mary,2,1
Mary / Maria / Maarja / Mari,Kõpu,Mari,5,1
Mary / Maria / Maarja / Mari,Laihia,Maija/Maie,3,3
Mary / Maria / Maarja / Mari,Laihia,Mary,4,4
Mary / Maria / Maarja / Mari,Laitila,Maija/Maie,1,1
Mary / Maria / Maarja / Mari,Laitila,Mari,2,2
Mary / Maria / Maarja / Mari,Laiuse,Berry,5,4
Mary / Maria / Maarja / Mari,Laiuse,Mari,9,6
Mary / Maria / Maarja / Mari,Laiuse,Mary,8,6
Mary / Maria / Maarja / Mari,Laiuse,Other,3,1
Mary / Maria / Maarja / Mari,Lammi,Maija/Maie,2,2
Mary / Maria / Maarja / Mari,Lammi,Other,1,1
Mary / Maria / Maarja / Mari,Lappajärvi,Maria/Maaria,3,2
Mary / Maria / Maarja / Mari,Lappajärvi,Mary,1,1
Mary / Maria / Maarja / Mari,Lappajärvi,Other,1,1
Mary / Maria / Maarja / Mari,Lappee,Mary,4,2
Mary / Maria / Maarja / Mari,Lappee,Other,1,1
Mary / Maria / Maarja / Mari,Lapua,Maija/Maie,1,1
Mary / Maria / Maarja / Mari,Lapväärtti,Maria/Maaria,2,1
Mary / Maria / Maarja / Mari,Lavansaari,Mari,2,1
Mary / Maria / Maarja / Mari,Lemi,Maija/Maie,1,1
Mary / Maria / Maarja / Mari,Lemi,Mary,1,1
Mary / Maria / Maarja / Mari,Lemi,Other,1,1
Mary / Maria / Maarja / Mari,Lempaala,Maija/Maie,2,2
Mary / Maria / Maarja / Mari,Lempaala,Mari,1,1
Mary / Maria / Maarja / Mari,Lempaala,Mary,12,9
Mary / Maria / Maarja / Mari,Lempaala,Other,8,7
Mary / Maria / Maarja / Mari,Leppävirta,Maija/Maie,1,1
Mary / Maria / Maarja / Mari,Leppävirta,Maria/Maaria,2,1
Mary / Maria / Maarja / Mari,Leppävirta,Mary,1,1
Mary / Maria / Maarja / Mari,Leppävirta,Other,1,1
Mary / Maria / Maarja / Mari,Lieto,Maija/Maie,3,2
Mary / Maria / Maarja / Mari,Lihula,Berry,1,1
Mary / Maria / Maarja / Mari,Lihula,Mari,2,2
Mary / Maria / Maarja / Mari,Liissilä,Mari,1,1
Mary / Maria / Maarja / Mari,Liissilä,Mary,4,4
Mary / Maria / Maarja / Mari,Liissilä,Other,1,1
Mary / Maria / Maarja / Mari,Liperi,Maija/Maie,2,2
Mary / Maria / Maarja / Mari,Liperi,Mary,3,3
Mary / Maria / Maarja / Mari,Liperi,Other,1,1
Mary / Maria / Maarja / Mari,Lohtaja,Maija/Maie,2,1
Mary / Maria / Maarja / Mari,Loppi,Maija/Maie,2,2
Mary / Maria / Maarja / Mari,Loppi,Mary,5,3
Mary / Maria / Maarja / Mari,Luhanka,Maija/Maie,1,1
Mary / Maria / Maarja / Mari,Luhanka,Mary,1,1
Mary / Maria / Maarja / Mari,Luhanka,Other,1,1
Mary / Maria / Maarja / Mari,Lumivaara,Mary,1,1
Mary / Maria / Maarja / Mari,Luopioinen,Other,1,1
Mary / Maria / Maarja / Mari,Luumäki,Maria/Maaria,1,1
Mary / Maria / Maarja / Mari,Luumäki,Mary,2,2
Mary / Maria / Maarja / Mari,Luumäki,Other,6,5
Mary / Maria / Maarja / Mari,Lääne-Nigula,Berry,2,2
Mary / Maria / Maarja / Mari,Lääne-Nigula,Mari,1,1
Mary / Maria / Maarja / Mari,Lääne-Nigula,Mary,1,1
Mary / Maria / Maarja / Mari,Lüganuse,Berry,16,11
Mary / Maria / Maarja / Mari,Lüganuse,Mary,9,6
Mary / Maria / Maarja / Mari,Lüganuse,Other,2,2
Mary / Maria / Maarja / Mari,Maaninka,Maija/Maie,1,1
Mary / Maria / Maarja / Mari,Maaninka,Mary,1,1
Mary / Maria / Maarja / Mari,Maarja-Magdaleena,Berry,11,6
Mary / Maria / Maarja / Mari,Maarja-Magdaleena,Mari,10,5
Mary / Maria / Maarja / Mari,Maarja-Magdaleena,Mary,4,2
Mary / Maria / Maarja / Mari,Maarja-Magdaleena,Other,1,1
Mary / Maria / Maarja / Mari,Markkova,Mari,3,1
Mary / Maria / Maarja / Mari,Markkova,Mary,2,1
Mary / Maria / Maarja / Mari,Martna,Berry,6,3
Mary / Maria / Maarja / Mari,Martna,Mary,2,1
Mary / Maria / Maarja / Mari,Marttila,Maija/Maie,2,2
Mary / Maria / Maarja / Mari,Marttila,Mary,7,5
Mary / Maria / Maarja / Mari,Masku,Mary,1,1
Mary / Maria / Maarja / Mari,Merijärvi,Other,1,1
Mary / Maria / Maarja / Mari,Merikarvia,Maija/Maie,1,1
Mary / Maria / Maarja / Mari,Merikarvia,Maria/Maaria,1,1
Mary / Maria / Maarja / Mari,Metsäpirtti,Maija/Maie,2,2
Mary / Maria / Maarja / Mari,Metsäpirtti,Mary,6,5
Mary / Maria / Maarja / Mari,Metsäpirtti,Other,3,2
Mary / Maria / Maarja / Mari,Mietoinen,Maija/Maie,1,1
Mary / Maria / Maarja / Mari,Mihkli,Berry,4,2
Mary / Maria / Maarja / Mari,Mihkli,Mari,9,4
Mary / Maria / Maarja / Mari,Miikkulainen,Mari,1,1
Mary / Maria / Maarja / Mari,Miikkulainen,Mary,1,1
Mary / Maria / Maarja / Mari,Miikkulainen,Other,1,1
Mary / Maria / Maarja / Mari,Moloskovitsa,Mari,5,3
Mary / Maria / Maarja / Mari,Moloskovitsa,Maria/Maaria,1,1
Mary / Maria / Maarja / Mari,Moloskovitsa,Mary,6,6
Mary / Maria / Maarja / Mari,Moloskovitsa,Other,1,1
Mary / Maria / Maarja / Mari,Mouhijärvi,Maija/Maie,8,6
Mary / Maria / Maarja / Mari,Mouhijärvi,Maria/Maaria,2,1
Mary / Maria / Maarja / Mari,Mouhijärvi,Other,1,1
Mary / Maria / Maarja / Mari,Muhos,Maija/Maie,4,3
Mary / Maria / Maarja / Mari,Muhos,Mary,1,1
Mary / Maria / Maarja / Mari,Muhu,Berry,9,7
Mary / Maria / Maarja / Mari,Muhu,Mari,4,3
Mary / Maria / Maarja / Mari,Muhu,Other,1,1
Mary / Maria / Maarja / Mari,Multia,Other,1,1
Mary / Maria / Maarja / Mari,Muolaa,Mari,5,2
Mary / Maria / Maarja / Mari,Muolaa,Mary,2,2
Mary / Maria / Maarja / Mari,Muolaa,Other,1,1
Mary / Maria / Maarja / Mari,Mustjala,Berry,4,4
Mary / Maria / Maarja / Mari,Mustjala,Mari,2,2
Mary / Maria / Maarja / Mari,Mustjala,Other,1,1
Mary / Maria / Maarja / Mari,Muurla,Maria/Maaria,2,1
Mary / Maria / Maarja / Mari,Muurla,Mary,2,1
Mary / Maria / Maarja / Mari,Muurla,Other,1,1
Mary / Maria / Maarja / Mari,Muuruvesi,Mary,1,1
Mary / Maria / Maarja / Mari,Mynämäki,Maija/Maie,1,1
Mary / Maria / Maarja / Mari,Mäntsälä,Maija/Maie,2,2
Mary / Maria / Maarja / Mari,Mäntsälä,Maria/Maaria,2,1
Mary / Maria / Maarja / Mari,Mäntyharju,Maija/Maie,5,4
Mary / Maria / Maarja / Mari,Mäntyharju,Maria/Maaria,1,1
Mary / Maria / Maarja / Mari,Mäntyharju,Other,1,1
Mary / Maria / Maarja / Mari,Märjamaa,Berry,1,1
Mary / Maria / Maarja / Mari,Märjamaa,Mari,6,4
Mary / Maria / Maarja / Mari,Märjamaa,Mary,1,1
Mary / Maria / Maarja / Mari,Märjamaa,Other,2,1
Mary / Maria / Maarja / Mari,Nakkila,Mary,1,1
Mary / Maria / Maarja / Mari,Narvusi,Maija/Maie,136,32
Mary / Maria / Maarja / Mari,Narvusi,Mari,26,15
Mary / Maria / Maarja / Mari,Narvusi,Mary,69,49
Mary / Maria / Maarja / Mari,Narvusi,Other,84,51
Mary / Maria / Maarja / Mari,Nilsiä,Maria/Maaria,1,1
Mary / Maria / Maarja / Mari,Nilsiä,Other,2,2
Mary / Maria / Maarja / Mari,Nissi,Berry,2,1
Mary / Maria / Maarja / Mari,Nissi,Mari,2,1
Mary / Maria / Maarja / Mari,Nivala,Mary,3,2
Mary / Maria / Maarja / Mari,Norra Finnskoga,Mary,2,2
Mary / Maria / Maarja / Mari,Nousiainen,Maija/Maie,1,1
Mary / Maria / Maarja / Mari,Nousiainen,Other,2,2
Mary / Maria / Maarja / Mari,Nurmes,Maija/Maie,6,5
Mary / Maria / Maarja / Mari,Nurmes,Maria/Maaria,1,1
Mary / Maria / Maarja / Mari,Nurmes,Mary,12,9
Mary / Maria / Maarja / Mari,Nurmes,Other,2,2
Mary / Maria / Maarja / Mari,Nyskoga,Other,1,1
Mary / Maria / Maarja / Mari,Nõo,Berry,2,2
Mary / Maria / Maarja / Mari,Nõo,Mari,1,1
Mary / Maria / Maarja / Mari,Nõo,Mary,1,1
Mary / Maria / Maarja / Mari,Oravainen,Other,1,1
Mary / Maria / Maarja / Mari,Orimattila,Maija/Maie,1,1
Mary / Maria / Maarja / Mari,Orimattila,Mary,3,2
Mary / Maria / Maarja / Mari,Otepää,Berry,5,5
Mary / Maria / Maarja / Mari,Otepää,Mari,3,2
Mary / Maria / Maarja / Mari,Otepää,Mary,6,5
Mary / Maria / Maarja / Mari,Otepää,Other,2,2
Mary / Maria / Maarja / Mari,Oulu,Maija/Maie,1,1
Mary / Maria / Maarja / Mari,Oulu,Maria/Maaria,1,1
Mary / Maria / Maarja / Mari,Oulu,Mary,1,1
Mary / Maria / Maarja / Mari,Oulu,Other,1,1
Mary / Maria / Maarja / Mari,Paattinen,Maija/Maie,4,3
Mary / Maria / Maarja / Mari,Paavola,Maija/Maie,1,1
Mary / Maria / Maarja / Mari,Padasjoki,Maria/Maaria,1,1
Mary / Maria / Maarja / Mari,Paide,Mari,10,2
Mary / Maria / Maarja / Mari,Paide,Mary,3,3
Mary / Maria / Maarja / Mari,Paimio,Maija/Maie,1,1
Mary / Maria / Maarja / Mari,Paimio,Maria/Maaria,2,1
Mary / Maria / Maarja / Mari,Paimio,Mary,3,1
Mary / Maria / Maarja / Mari,Paistu,Berry,15,13
Mary / Maria / Maarja / Mari,Paistu,Mari,21,12
Mary / Maria / Maarja / Mari,Paistu,Mary,18,13
Mary / Maria / Maarja / Mari,Paistu,Other,8,6
Mary / Maria / Maarja / Mari,Palamuse,Berry,9,8
Mary / Maria / Maarja / Mari,Palamuse,Mari,25,9
Mary / Maria / Maarja / Mari,Palamuse,Maria/Maaria,1,1
Mary / Maria / Maarja / Mari,Palamuse,Mary,3,1
Mary / Maria / Maarja / Mari,Palamuse,Other,1,1
Mary / Maria / Maarja / Mari,Paltamo,Maria/Maaria,3,1
Mary / Maria / Maarja / Mari,Paltamo,Mary,3,1
Mary / Maria / Maarja / Mari,Parkano,Mary,3,3
Mary / Maria / Maarja / Mari,Parkano,Other,1,1
Mary / Maria / Maarja / Mari,Peetri,Berry,11,10
Mary / Maria / Maarja / Mari,Peetri,Mari,9,8
Mary / Maria / Maarja / Mari,Peetri,Mary,5,2
Mary / Maria / Maarja / Mari,Perho,Maria/Maaria,2,1
Mary / Maria / Maarja / Mari,Perniö,Mary,2,2
Mary / Maria / Maarja / Mari,Perniö,Other,1,1
Mary / Maria / Maarja / Mari,Pertteli,Other,2,2
Mary / Maria / Maarja / Mari,Pieksämäki,Maria/Maaria,1,1
Mary / Maria / Maarja / Mari,Pieksämäki,Mary,3,3
Mary / Maria / Maarja / Mari,Pieksämäki,Other,4,4
Mary / Maria / Maarja / Mari,Pielavesi,Maria/Maaria,1,1
Mary / Maria / Maarja / Mari,Pielavesi,Mary,4,3
Mary / Maria / Maarja / Mari,Pielavesi,Other,3,2
Mary / Maria / Maarja / Mari,Pielisjärvi,Maija/Maie,2,2
Mary / Maria / Maarja / Mari,Pielisjärvi,Mary,3,3
Mary / Maria / Maarja / Mari,Pielisjärvi,Other,2,2
Mary / Maria / Maarja / Mari,Pihlajavesi,Maija/Maie,1,1
Mary / Maria / Maarja / Mari,Piikkiö,Maija/Maie,2,2
Mary / Maria / Maarja / Mari,Piippola,Maija/Maie,1,1
Mary / Maria / Maarja / Mari,Piippola,Mary,3,2
Mary / Maria / Maarja / Mari,Piippola,Other,1,1
Mary / Maria / Maarja / Mari,Pilistvere,Berry,9,8
Mary / Maria / Maarja / Mari,Pilistvere,Mari,17,7
Mary / Maria / Maarja / Mari,Pilistvere,Mary,13,5
Mary / Maria / Maarja / Mari,Pilistvere,Other,2,2
Mary / Maria / Maarja / Mari,Pistojärvi,Mary,1,1
Mary / Maria / Maarja / Mari,Polvijärvi,Maija/Maie,1,1
Mary / Maria / Maarja / Mari,Pomarkku,Maija/Maie,1,1
Mary / Maria / Maarja / Mari,Porajärvi,Mary,16,11
Mary / Maria / Maarja / Mari,Porajärvi,Other,2,2
Mary / Maria / Maarja / Mari,Pori,Mary,1,1
Mary / Maria / Maarja / Mari,Posio,Mary,1,1
Mary / Maria / Maarja / Mari,Pudasjärvi,Maija/Maie,3,2
Mary / Maria / Maarja / Mari,Pudasjärvi,Maria/Maaria,2,2
Mary / Maria / Maarja / Mari,Pudasjärvi,Mary,2,1
Mary / Maria / Maarja / Mari,Puhja,Berry,13,4
Mary / Maria / Maarja / Mari,Puhja,Mari,3,2
Mary / Maria / Maarja / Mari,Puhja,Mary,4,3
Mary / Maria / Maarja / Mari,Puhja,Other,7,2
Mary / Maria / Maarja / Mari,Punkalaidun,Maija/Maie,1,1
Mary / Maria / Maarja / Mari,Punkalaidun,Maria/Maaria,2,1
Mary / Maria / Maarja / Mari,Puolanka,Maria/Maaria,2,1
Mary / Maria / Maarja / Mari,Puolanka,Mary,1,1
Mary / Maria / Maarja / Mari,Pusula,Maija/Maie,1,1
Mary / Maria / Maarja / Mari,Puumala,Mary,3,2
Mary / Maria / Maarja / Mari,Pyhäjärvi Ol.,Mary,1,1
Mary / Maria / Maarja / Mari,Pyhäjärvi Ol.,Other,1,1
Mary / Maria / Maarja / Mari,Pyhäjärvi Ul.,Maija/Maie,3,2
Mary / Maria / Maarja / Mari,Pyhäjärvi Ul.,Mary,2,1
Mary / Maria / Maarja / Mari,Pyhäjärvi Ul.,Other,1,1
Mary / Maria / Maarja / Mari,Pyhäjärvi Vpl.,Maija/Maie,1,1
Mary / Maria / Maarja / Mari,Pyhäjärvi Vpl.,Mary,1,1
Mary / Maria / Maarja / Mari,Pyhäjärvi Vpl.,Other,1,1
Mary / Maria / Maarja / Mari,Pyhäselkä,Mary,1,1
Mary / Maria / Maarja / Mari,Pylkönmäki,Maija/Maie,2,2
Mary / Maria / Maarja / Mari,Pälkjärvi,Mary,5,4
Mary / Maria / Maarja / Mari,Pälkjärvi,Other,1,1
Mary / Maria / Maarja / Mari,Pälkäne,Maija/Maie,1,1
Mary / Maria / Maarja / Mari,Pälkäne,Other,1,1
Mary / Maria / Maarja / Mari,Pärnu,Berry,6,4
Mary / Maria / Maarja / Mari,Pärnu,Mari,3,3
Mary / Maria / Maarja / Mari,Pärnu,Mary,3,3
Mary / Maria / Maarja / Mari,Pärnu,Other,2,2
Mary / Maria / Maarja / Mari,Pärnu-Jaagupi,Berry,5,5
Mary / Maria / Maarja / Mari,Pärnu-Jaagupi,Mari,10,4
Mary / Maria / Maarja / Mari,Pärnu-Jaagupi,Mary,9,1
Mary / Maria / Maarja / Mari,Põltsamaa,Berry,12,11
Mary / Maria / Maarja / Mari,Põltsamaa,Mari,15,7
Mary / Maria / Maarja / Mari,Põltsamaa,Maria/Maaria,2,2
Mary / Maria / Maarja / Mari,Põltsamaa,Mary,24,9
Mary / Maria / Maarja / Mari,Põltsamaa,Other,1,1
Mary / Maria / Maarja / Mari,Põlva,Berry,7,5
Mary / Maria / Maarja / Mari,Põlva,Mari,3,3
Mary / Maria / Maarja / Mari,Põlva,Mary,5,4
Mary / Maria / Maarja / Mari,Põlva,Other,1,1
Mary / Maria / Maarja / Mari,Pöide,Berry,2,2
Mary / Maria / Maarja / Mari,Pöide,Maija/Maie,20,1
Mary / Maria / Maarja / Mari,Pöide,Mari,2,1
Mary / Maria / Maarja / Mari,Pöide,Mary,1,1
Mary / Maria / Maarja / Mari,Pöide,Other,2,2
Mary / Maria / Maarja / Mari,Pöytyä,Maija/Maie,2,2
Mary / Maria / Maarja / Mari,Pöytyä,Other,2,1
Mary / Maria / Maarja / Mari,Pühalepa,Berry,3,3
Mary / Maria / Maarja / Mari,Pühalepa,Mari,2,2
Mary / Maria / Maarja / Mari,Pühalepa,Other,7,2
Mary / Maria / Maarja / Mari,Raahe,Maija/Maie,2,1
Mary / Maria / Maarja / Mari,Rakvere,Berry,1,1
Mary / Maria / Maarja / Mari,Rakvere,Mary,2,1
Mary / Maria / Maarja / Mari,Rannu,Berry,13,4
Mary / Maria / Maarja / Mari,Rannu,Mari,5,5
Mary / Maria / Maarja / Mari,Rannu,Maria/Maaria,1,1
Mary / Maria / Maarja / Mari,Rannu,Mary,1,1
Mary / Maria / Maarja / Mari,Rantsila,Maija/Maie,5,4
Mary / Maria / Maarja / Mari,Rantsila,Mary,2,2
Mary / Maria / Maarja / Mari,Ranua,Maija/Maie,6,4
Mary / Maria / Maarja / Mari,Ranua,Mary,1,1
Mary / Maria / Maarja / Mari,Ranua,Other,1,1
Mary / Maria / Maarja / Mari,Rapla,Berry,3,2
Mary / Maria / Maarja / Mari,Rapla,Mari,3,3
Mary / Maria / Maarja / Mari,Rauma,Maija/Maie,2,2
Mary / Maria / Maarja / Mari,Rautalampi,Maija/Maie,1,1
Mary / Maria / Maarja / Mari,Rautalampi,Other,2,2
Mary / Maria / Maarja / Mari,Rautavaara,Mary,1,1
Mary / Maria / Maarja / Mari,Rautavaara,Other,1,1
Mary / Maria / Maarja / Mari,Reigi,Berry,4,2
Mary / Maria / Maarja / Mari,Reigi,Mari,4,3
Mary / Maria / Maarja / Mari,Reigi,Mary,1,1
Mary / Maria / Maarja / Mari,Renko,Maria/Maaria,1,1
Mary / Maria / Maarja / Mari,Renko,Mary,2,1
Mary / Maria / Maarja / Mari,Repola,Mari,1,1
Mary / Maria / Maarja / Mari,Repola,Maria/Maaria,4,1
Mary / Maria / Maarja / Mari,Repola,Mary,12,10
Mary / Maria / Maarja / Mari,Repola,Other,4,4
Mary / Maria / Maarja / Mari,Ridala,Mari,5,3
Mary / Maria / Maarja / Mari,Ridala,Other,1,1
Mary / Maria / Maarja / Mari,Riipuskala,Mary,5,4
Mary / Maria / Maarja / Mari,Risti,Berry,6,5
Mary / Maria / Maarja / Mari,Risti,Mari,30,8
Mary / Maria / Maarja / Mari,Risti,Mary,4,2
Mary / Maria / Maarja / Mari,Risti,Other,1,1
Mary / Maria / Maarja / Mari,Ristijärvi,Maija/Maie,1,1
Mary / Maria / Maarja / Mari,Ropsu,Mary,1,1
Mary / Maria / Maarja / Mari,Rovaniemi,Maija/Maie,4,4
Mary / Maria / Maarja / Mari,Rovaniemi,Maria/Maaria,2,1
Mary / Maria / Maarja / Mari,Rovaniemi,Mary,2,2
Mary / Maria / Maarja / Mari,Rovaniemi,Other,1,1
Mary / Maria / Maarja / Mari,Ruokolahti,Maija/Maie,1,1
Mary / Maria / Maarja / Mari,Ruotsin Ylitornio,Mary,2,1
Mary / Maria / Maarja / Mari,Ruotsinpyhtää,Other,1,1
Mary / Maria / Maarja / Mari,Ruovesi,Maija/Maie,2,1
Mary / Maria / Maarja / Mari,Ruskeala,Mary,2,2
Mary / Maria / Maarja / Mari,Rymättylä,Mary,2,1
Mary / Maria / Maarja / Mari,Räisälä,Mari,1,1
Mary / Maria / Maarja / Mari,Räpina,Berry,34,20
Mary / Maria / Maarja / Mari,Räpina,Mari,6,4
Mary / Maria / Maarja / Mari,Räpina,Mary,18,9
Mary / Maria / Maarja / Mari,Räpina,Other,5,4
Mary / Maria / Maarja / Mari,Rääkkylä,Mary,1,1
Mary / Maria / Maarja / Mari,Rääkkylä,Other,1,1
Mary / Maria / Maarja / Mari,Rääpyvä,Mary,5,4
Mary / Maria / Maarja / Mari,Rõngu,Mari,5,3
Mary / Maria / Maarja / Mari,Rõngu,Mary,5,4
Mary / Maria / Maarja / Mari,Rõngu,Other,3,3
Mary / Maria / Maarja / Mari,Rõuge,Berry,8,7
Mary / Maria / Maarja / Mari,Rõuge,Mari,24,10
Mary / Maria / Maarja / Mari,Rõuge,Mary,4,3
Mary / Maria / Maarja / Mari,Rõuge,Other,2,1
Mary / Maria / Maarja / Mari,Saarde,Berry,1,1
Mary / Maria / Maarja / Mari,Saarde,Mari,2,2
Mary / Maria / Maarja / Mari,Saarde,Mary,12,7
Mary / Maria / Maarja / Mari,Saarde,Other,3,2
Mary / Maria / Maarja / Mari,Saari,Maija/Maie,1,1
Mary / Maria / Maarja / Mari,Saarijärvi,Maija/Maie,8,8
Mary / Maria / Maarja / Mari,Saarijärvi,Maria/Maaria,2,1
Mary / Maria / Maarja / Mari,Saarijärvi,Mary,3,3
Mary / Maria / Maarja / Mari,Saarijärvi,Other,3,3
Mary / Maria / Maarja / Mari,Sahalahti,Mary,2,1
Mary / Maria / Maarja / Mari,Sahalahti,Other,1,1
Mary / Maria / Maarja / Mari,Sakkola,Mari,1,1
Mary / Maria / Maarja / Mari,Salmi,Maria/Maaria,2,2
Mary / Maria / Maarja / Mari,Salmi,Mary,19,17
Mary / Maria / Maarja / Mari,Salmi,Other,6,6
Mary / Maria / Maarja / Mari,Salo,Maija/Maie,1,1
Mary / Maria / Maarja / Mari,Salo,Mary,1,1
Mary / Maria / Maarja / Mari,Sangaste,Berry,33,26
Mary / Maria / Maarja / Mari,Sangaste,Mari,10,5
Mary / Maria / Maarja / Mari,Sangaste,Mary,18,10
Mary / Maria / Maarja / Mari,Sangaste,Other,6,6
Mary / Maria / Maarja / Mari,Savitaipale,Maija/Maie,1,1
Mary / Maria / Maarja / Mari,Savitaipale,Mary,2,2
Mary / Maria / Maarja / Mari,Savonlinna,Maija/Maie,1,1
Mary / Maria / Maarja / Mari,Savonranta,Mary,3,3
Mary / Maria / Maarja / Mari,Savonranta,Other,2,1
Mary / Maria / Maarja / Mari,Seiskari,Mari,2,1
Mary / Maria / Maarja / Mari,Serepetta,Maija/Maie,2,1
Mary / Maria / Maarja / Mari,Serepetta,Maria/Maaria,2,2
Mary / Maria / Maarja / Mari,Serepetta,Mary,9,5
Mary / Maria / Maarja / Mari,Serepetta,Other,7,4
Mary / Maria / Maarja / Mari,Setumaa,Berry,147,91
Mary / Maria / Maarja / Mari,Setumaa,Maija/Maie,3,1
Mary / Maria / Maarja / Mari,Setumaa,Mari,19,8
Mary / Maria / Maarja / Mari,Setumaa,Mary,102,52
Mary / Maria / Maarja / Mari,Setumaa,Other,22,15
Mary / Maria / Maarja / Mari,Siikainen,Maria/Maaria,1,1
Mary / Maria / Maarja / Mari,Siilinjärvi,Maija/Maie,1,1
Mary / Maria / Maarja / Mari,Simo,Maija/Maie,2,1
Mary / Maria / Maarja / Mari,Simo,Mary,1,1
Mary / Maria / Maarja / Mari,Simuna,Berry,6,6
Mary / Maria / Maarja / Mari,Simuna,Mari,4,4
Mary / Maria / Maarja / Mari,Simuna,Mary,7,6
Mary / Maria / Maarja / Mari,Simuna,Other,5,5
Mary / Maria / Maarja / Mari,Soanlahti,Maria/Maaria,1,1
Mary / Maria / Maarja / Mari,Soanlahti,Mary,4,4
Mary / Maria / Maarja / Mari,Sodankylä,Maria/Maaria,2,1
Mary / Maria / Maarja / Mari,Sodankylä,Mary,2,2
Mary / Maria / Maarja / Mari,Soikkola,Maija/Maie,15,5
Mary / Maria / Maarja / Mari,Soikkola,Mari,6,3
Mary / Maria / Maarja / Mari,Soikkola,Maria/Maaria,5,4
Mary / Maria / Maarja / Mari,Soikkola,Mary,38,24
Mary / Maria / Maarja / Mari,Soikkola,Other,53,33
Mary / Maria / Maarja / Mari,Soini,Mary,1,1
Mary / Maria / Maarja / Mari,Somerniemi,Maija/Maie,1,1
Mary / Maria / Maarja / Mari,Somerniemi,Mary,1,1
Mary / Maria / Maarja / Mari,Somerniemi,Other,1,1
Mary / Maria / Maarja / Mari,Somero,Maija/Maie,2,1
Mary / Maria / Maarja / Mari,Somero,Maria/Maaria,1,1
Mary / Maria / Maarja / Mari,Somero,Mary,4,2
Mary / Maria / Maarja / Mari,Sonkajärvi,Maija/Maie,1,1
Mary / Maria / Maarja / Mari,Sortavala,Maija/Maie,1,1
Mary / Maria / Maarja / Mari,Sortavala,Mari,1,1
Mary / Maria / Maarja / Mari,Sortavala,Mary,2,2
Mary / Maria / Maarja / Mari,Sortavala,Other,2,2
Mary / Maria / Maarja / Mari,Sotkamo,Mary,1,1
Mary / Maria / Maarja / Mari,Sotkamo,Other,1,1
Mary / Maria / Maarja / Mari,Soutjärvi,Maria/Maaria,1,1
Mary / Maria / Maarja / Mari,Soutjärvi,Mary,1,1
Mary / Maria / Maarja / Mari,Suistamo,Maija/Maie,1,1
Mary / Maria / Maarja / Mari,Suistamo,Mari,5,4
Mary / Maria / Maarja / Mari,Suistamo,Maria/Maaria,7,5
Mary / Maria / Maarja / Mari,Suistamo,Mary,38,35
Mary / Maria / Maarja / Mari,Suistamo,Other,30,26
Mary / Maria / Maarja / Mari,Sulkava,Other,1,1
Mary / Maria / Maarja / Mari,Suojärvi,Mari,1,1
Mary / Maria / Maarja / Mari,Suojärvi,Maria/Maaria,3,2
Mary / Maria / Maarja / Mari,Suojärvi,Mary,56,43
Mary / Maria / Maarja / Mari,Suojärvi,Other,14,7
Mary / Maria / Maarja / Mari,Suomusjärvi,Other,1,1
Mary / Maria / Maarja / Mari,Suomussalmi,Maria/Maaria,2,1
Mary / Maria / Maarja / Mari,Suomussalmi,Mary,2,2
Mary / Maria / Maarja / Mari,Suomussalmi,Other,1,1
Mary / Maria / Maarja / Mari,Suonenjoki,Mary,2,1
Mary / Maria / Maarja / Mari,Suure-Jaani,Berry,2,2
Mary / Maria / Maarja / Mari,Suure-Jaani,Mari,17,9
Mary / Maria / Maarja / Mari,Suure-Jaani,Mary,11,4
Mary / Maria / Maarja / Mari,Suure-Jaani,Other,4,3
Mary / Maria / Maarja / Mari,Säkkijärvi,Maija/Maie,1,1
Mary / Maria / Maarja / Mari,Sääksmäki,Maija/Maie,1,1
Mary / Maria / Maarja / Mari,Sääksmäki,Mary,2,2
Mary / Maria / Maarja / Mari,Sääksmäki,Other,6,4
Mary / Maria / Maarja / Mari,Säämäjärvi,Maria/Maaria,1,1
Mary / Maria / Maarja / Mari,Säämäjärvi,Mary,1,1
Mary / Maria / Maarja / Mari,Södra Finnskoga,Mary,2,2
Mary / Maria / Maarja / Mari,Taipalsaari,Mary,2,1
Mary / Maria / Maarja / Mari,Tammela,Maija/Maie,2,2
Mary / Maria / Maarja / Mari,Tammela,Maria/Maaria,2,1
Mary / Maria / Maarja / Mari,Tammela,Mary,8,6
Mary / Maria / Maarja / Mari,Tammela,Other,3,2
Mary / Maria / Maarja / Mari,Tartu-Maarja,Berry,8,6
Mary / Maria / Maarja / Mari,Tartu-Maarja,Mari,1,1
Mary / Maria / Maarja / Mari,Tartu-Maarja,Mary,2,2
Mary / Maria / Maarja / Mari,Tartu-Maarja,Other,1,1
Mary / Maria / Maarja / Mari,Tarvastu,Berry,24,19
Mary / Maria / Maarja / Mari,Tarvastu,Maija/Maie,3,2
Mary / Maria / Maarja / Mari,Tarvastu,Mari,10,6
Mary / Maria / Maarja / Mari,Tarvastu,Maria/Maaria,1,1
Mary / Maria / Maarja / Mari,Tarvastu,Mary,6,6
Mary / Maria / Maarja / Mari,Tarvastu,Other,5,4
Mary / Maria / Maarja / Mari,Terijoki,Mari,1,1
Mary / Maria / Maarja / Mari,Terijoki,Mary,3,1
Mary / Maria / Maarja / Mari,Tervo,Maija/Maie,1,1
Mary / Maria / Maarja / Mari,Tervo,Maria/Maaria,5,3
Mary / Maria / Maarja / Mari,Tervo,Mary,1,1
Mary / Maria / Maarja / Mari,Tervola,Maija/Maie,1,1
Mary / Maria / Maarja / Mari,Tervola,Mary,3,2
Mary / Maria / Maarja / Mari,Teuva,Maija/Maie,3,2
Mary / Maria / Maarja / Mari,Teuva,Other,1,1
Mary / Maria / Maarja / Mari,Tohmajärvi,Mary,11,7
Mary / Maria / Maarja / Mari,Tohmajärvi,Other,1,1
Mary / Maria / Maarja / Mari,Toholampi,Maija/Maie,1,1
Mary / Maria / Maarja / Mari,Toksova,Mari,3,1
Mary / Maria / Maarja / Mari,Toksova,Mary,4,2
Mary / Maria / Maarja / Mari,Tolmačču,Mary,1,1
Mary / Maria / Maarja / Mari,Tori,Berry,15,12
Mary / Maria / Maarja / Mari,Tori,Mari,22,12
Mary / Maria / Maarja / Mari,Tori,Mary,9,4
Mary / Maria / Maarja / Mari,Tori,Other,1,1
Mary / Maria / Maarja / Mari,Torma,Berry,3,2
Mary / Maria / Maarja / Mari,Torma,Mari,14,3
Mary / Maria / Maarja / Mari,Torma,Mary,2,2
Mary / Maria / Maarja / Mari,Tulemajärvi,Mary,5,4
Mary / Maria / Maarja / Mari,Tulemajärvi,Other,1,1
Mary / Maria / Maarja / Mari,Turku,Mary,2,1
Mary / Maria / Maarja / Mari,Turtola,Maija/Maie,1,1
Mary / Maria / Maarja / Mari,Turtola,Mary,1,1
Mary / Maria / Maarja / Mari,Tuulos,Mary,1,1
Mary / Maria / Maarja / Mari,Tuulos,Other,1,1
Mary / Maria / Maarja / Mari,Tuupovaara,Mary,4,4
Mary / Maria / Maarja / Mari,Tuusniemi,Maija/Maie,2,1
Mary / Maria / Maarja / Mari,Tuutari,Mari,1,1
Mary / Maria / Maarja / Mari,Tyrväntö,Mary,2,1
Mary / Maria / Maarja / Mari,Tyrvää,Maija/Maie,1,1
Mary / Maria / Maarja / Mari,Tyrö,Mari,14,5
Mary / Maria / Maarja / Mari,Tyrö,Maria/Maaria,6,2
Mary / Maria / Maarja / Mari,Tyrö,Mary,12,6
Mary / Maria / Maarja / Mari,Tyrö,Other,5,4
Mary / Maria / Maarja / Mari,Tõstamaa,Berry,6,6
Mary / Maria / Maarja / Mari,Tõstamaa,Mari,4,4
Mary / Maria / Maarja / Mari,Tõstamaa,Mary,4,2
Mary / Maria / Maarja / Mari,Töysä,Maija/Maie,1,1
Mary / Maria / Maarja / Mari,Töysä,Maria/Maaria,1,1
Mary / Maria / Maarja / Mari,Töysä,Mary,1,1
Mary / Maria / Maarja / Mari,Töysä,Other,3,2
Mary / Maria / Maarja / Mari,Türi,Berry,3,3
Mary / Maria / Maarja / Mari,Türi,Mari,6,4
Mary / Maria / Maarja / Mari,Türi,Maria/Maaria,1,1
Mary / Maria / Maarja / Mari,Türi,Mary,3,3
Mary / Maria / Maarja / Mari,Türi,Other,3,2
Mary / Maria / Maarja / Mari,Uhtua,Maria/Maaria,1,1
Mary / Maria / Maarja / Mari,Uhtua,Mary,6,6
Mary / Maria / Maarja / Mari,Uhtua,Other,5,4
Mary / Maria / Maarja / Mari,Urjala,Mary,3,2
Mary / Maria / Maarja / Mari,Urvaste,Berry,10,9
Mary / Maria / Maarja / Mari,Urvaste,Mari,11,10
Mary / Maria / Maarja / Mari,Urvaste,Mary,4,2
Mary / Maria / Maarja / Mari,Urvaste,Other,8,1
Mary / Maria / Maarja / Mari,Uskela,Maija/Maie,11,7
Mary / Maria / Maarja / Mari,Uskela,Maria/Maaria,1,1
Mary / Maria / Maarja / Mari,Uskela,Mary,2,2
Mary / Maria / Maarja / Mari,Uskela,Other,1,1
Mary / Maria / Maarja / Mari,Uukuniemi,Mary,9,5
Mary / Maria / Maarja / Mari,Uusikaupunki,Maija/Maie,4,4
Mary / Maria / Maarja / Mari,Uusikaupunki,Mary,1,1
Mary / Maria / Maarja / Mari,Uusikirkko Tl.,Maija/Maie,2,2
Mary / Maria / Maarja / Mari,Vahto,Maija/Maie,2,2
Mary / Maria / Maarja / Mari,Vaivara,Berry,17,12
Mary / Maria / Maarja / Mari,Vaivara,Mari,9,5
Mary / Maria / Maarja / Mari,Vaivara,Maria/Maaria,1,1
Mary / Maria / Maarja / Mari,Vaivara,Mary,1,1
Mary / Maria / Maarja / Mari,Valkeasaari,Mary,2,2
Mary / Maria / Maarja / Mari,Vanaja,Maija/Maie,1,1
Mary / Maria / Maarja / Mari,Vanaja,Mary,3,2
Mary / Maria / Maarja / Mari,Varbla,Mari,9,6
Mary / Maria / Maarja / Mari,Varbla,Mary,3,3
Mary / Maria / Maarja / Mari,Varbla,Other,1,1
Mary / Maria / Maarja / Mari,Varpaisjärvi,Maria/Maaria,1,1
Mary / Maria / Maarja / Mari,Varpaisjärvi,Mary,2,2
Mary / Maria / Maarja / Mari,Vastseliina,Berry,10,10
Mary / Maria / Maarja / Mari,Vastseliina,Mari,5,5
Mary / Maria / Maarja / Mari,Vastseliina,Mary,10,3
Mary / Maria / Maarja / Mari,Vastseliina,Other,18,4
Mary / Maria / Maarja / Mari,Venjoki,Mari,2,2
Mary / Maria / Maarja / Mari,Venjoki,Maria/Maaria,4,4
Mary / Maria / Maarja / Mari,Venjoki,Mary,6,5
Mary / Maria / Maarja / Mari,Venjoki,Other,1,1
Mary / Maria / Maarja / Mari,Vesilahti,Maija/Maie,4,4
Mary / Maria / Maarja / Mari,Veteli,Maija/Maie,1,1
Mary / Maria / Maarja / Mari,Vieljärvi,Mary,1,1
Mary / Maria / Maarja / Mari,Vigala,Berry,6,6
Mary / Maria / Maarja / Mari,Vigala,Maija/Maie,1,1
Mary / Maria / Maarja / Mari,Vigala,Mari,9,5
Mary / Maria / Maarja / Mari,Vigala,Mary,3,3
Mary / Maria / Maarja / Mari,Vigala,Other,5,3
Mary / Maria / Maarja / Mari,Vihanti,Maija/Maie,1,1
Mary / Maria / Maarja / Mari,Vihanti,Mary,2,1
Mary / Maria / Maarja / Mari,Vihanti,Other,1,1
Mary / Maria / Maarja / Mari,Viitasaari,Maria/Maaria,1,1
Mary / Maria / Maarja / Mari,Viitasaari,Other,1,1
Mary / Maria / Maarja / Mari,Viljakkala,Maija/Maie,1,1
Mary / Maria / Maarja / Mari,Viljandi,Berry,9,9
Mary / Maria / Maarja / Mari,Viljandi,Mari,9,6
Mary / Maria / Maarja / Mari,Viljandi,Maria/Maaria,11,1
Mary / Maria / Maarja / Mari,Viljandi,Mary,36,18
Mary / Maria / Maarja / Mari,Viljandi,Other,7,6
Mary / Maria / Maarja / Mari,Vimpeli,Maija/Maie,1,1
Mary / Maria / Maarja / Mari,Vimpeli,Maria/Maaria,2,1
Mary / Maria / Maarja / Mari,Virrat,Mary,1,1
Mary / Maria / Maarja / Mari,Virrat,Other,1,1
Mary / Maria / Maarja / Mari,Virtasalmi,Mari,1,1
Mary / Maria / Maarja / Mari,Virtasalmi,Maria/Maaria,1,1
Mary / Maria / Maarja / Mari,Viru-Jaagupi,Berry,5,3
Mary / Maria / Maarja / Mari,Viru-Jaagupi,Mari,6,4
Mary / Maria / Maarja / Mari,Viru-Jaagupi,Mary,1,1
Mary / Maria / Maarja / Mari,Viru-Jaagupi,Other,1,1
Mary / Maria / Maarja / Mari,Viru-Nigula,Berry,24,15
Mary / Maria / Maarja / Mari,Viru-Nigula,Mari,6,3
Mary / Maria / Maarja / Mari,Viru-Nigula,Maria/Maaria,1,1
Mary / Maria / Maarja / Mari,Viru-Nigula,Mary,4,3
Mary / Maria / Maarja / Mari,Vittanki,Mary,1,1
Mary / Maria / Maarja / Mari,Vuokkiniemi,Maija/Maie,1,1
Mary / Maria / Maarja / Mari,Vuokkiniemi,Mari,11,5
Mary / Maria / Maarja / Mari,Vuokkiniemi,Maria/Maaria,3,3
Mary / Maria / Maarja / Mari,Vuokkiniemi,Mary,10,9
Mary / Maria / Maarja / Mari,Vuokkiniemi,Other,9,7
Mary / Maria / Maarja / Mari,Vuole,Mari,6,4
Mary / Maria / Maarja / Mari,Vuole,Maria/Maaria,2,1
Mary / Maria / Maarja / Mari,Vuole,Mary,8,6
Mary / Maria / Maarja / Mari,Vuole,Other,5,4
Mary / Maria / Maarja / Mari,Väike-Maarja,Berry,15,13
Mary / Maria / Maarja / Mari,Väike-Maarja,Mari,5,4
Mary / Maria / Maarja / Mari,Väike-Maarja,Maria/Maaria,1,1
Mary / Maria / Maarja / Mari,Väike-Maarja,Mary,6,5
Mary / Maria / Maarja / Mari,Väike-Maarja,Other,3,3
Mary / Maria / Maarja / Mari,Vändra,Berry,2,2
Mary / Maria / Maarja / Mari,Vändra,Mari,3,2
Mary / Maria / Maarja / Mari,Vändra,Mary,1,1
Mary / Maria / Maarja / Mari,Vändra,Other,2,2
Mary / Maria / Maarja / Mari,Võnnu,Berry,6,3
Mary / Maria / Maarja / Mari,Võnnu,Mari,2,2
Mary / Maria / Maarja / Mari,Võnnu,Mary,7,4
Mary / Maria / Maarja / Mari,Ylikiiminki,Maija/Maie,1,1
Mary / Maria / Maarja / Mari,Ylikiiminki,Maria/Maaria,2,1
Mary / Maria / Maarja / Mari,Ylikiiminki,Other,1,1
Mary / Maria / Maarja / Mari,Yläne,Maija/Maie,3,2
Mary / Maria / Maarja / Mari,Yläne,Other,1,1
Mary / Maria / Maarja / Mari,Äksi,Berry,6,5
Mary / Maria / Maarja / Mari,Äksi,Mari,7,4
Mary / Maria / Maarja / Mari,Äksi,Mary,3,3
Mary / Maria / Maarja / Mari,Äksi,Other,1,1
Mary / Maria / Maarja / Mari,Östmark,Mary,1,1
Mary / Maria / Maarja / Mari,Östmark,Other,2,1
Peter / Pietari / Peeter,Alatornio,Other,1,1
Peter / Pietari / Peeter,Alatornio,Pekka/Pekko,1,1
Peter / Pietari / Peeter,Alatornio,Peter,4,4
Peter / Pietari / Peeter,Alavus,Pekka/Pekko,2,1
Peter / Pietari / Peeter,Ambla,Other,5,5
Peter / Pietari / Peeter,Ambla,Peeter,1,1
Peter / Pietari / Peeter,Ambla,Peter,2,2
Peter / Pietari / Peeter,Anjala,Other,1,1
Peter / Pietari / Peeter,Anjala,Peter,1,1
Peter / Pietari / Peeter,Anjala,Petersburg,1,1
Peter / Pietari / Peeter,Anseküla,Peeter,2,1
Peter / Pietari / Peeter,Anseküla,Peter,1,1
Peter / Pietari / Peeter,Asikkala,Other,3,3
Peter / Pietari / Peeter,Asikkala,Pekka/Pekko,1,1
Peter / Pietari / Peeter,Asikkala,Peter,3,3
Peter / Pietari / Peeter,Audru,Other,1,1
Peter / Pietari / Peeter,Elimäki,Other,1,1
Peter / Pietari / Peeter,Emmaste,Peeter,1,1
Peter / Pietari / Peeter,Eno,Other,2,2
Peter / Pietari / Peeter,Eno,Pekka/Pekko,1,1
Peter / Pietari / Peeter,Eno,Peter,3,3
Peter / Pietari / Peeter,Enonkoski,Peter,1,1
Peter / Pietari / Peeter,Haapajärvi,Pekka/Pekko,1,1
Peter / Pietari / Peeter,Hageri,Peeter,1,1
Peter / Pietari / Peeter,Hageri,Peter,1,1
Peter / Pietari / Peeter,Haljala,Other,2,2
Peter / Pietari / Peeter,Haljala,Peeter,1,1
Peter / Pietari / Peeter,Haljala,Peter,3,3
Peter / Pietari / Peeter,Halliste,Other,4,3
Peter / Pietari / Peeter,Halliste,Peeter,4,3
Peter / Pietari / Peeter,Halliste,Peter,9,6
Peter / Pietari / Peeter,Hanila,Peter,3,1
Peter / Pietari / Peeter,Harjavalta,Peter,1,1
Peter / Pietari / Peeter,Harju-Jaani,Other,1,1
Peter / Pietari / Peeter,Harju-Jaani,Peeter,1,1
Peter / Pietari / Peeter,Harju-Madise,Other,2,1
Peter / Pietari / Peeter,Harju-Madise,Peeter,1,1
Peter / Pietari / Peeter,Harju-Madise,Peter,2,2
Peter / Pietari / Peeter,Hartola,Peter,1,1
Peter / Pietari / Peeter,Hattula,Other,2,2
Peter / Pietari / Peeter,Hattula,Pekka/Pekko,1,1
Peter / Pietari / Peeter,Hattula,Peter,4,4
Peter / Pietari / Peeter,Hauho,Peter,1,1
Peter / Pietari / Peeter,Heinjoki,Peter,2,2
Peter / Pietari / Peeter,Heinävesi,Other,2,2
Peter / Pietari / Peeter,Heinävesi,Pekka/Pekko,10,10
Peter / Pietari / Peeter,Heinävesi,Peter,2,2
Peter / Pietari / Peeter,Helme,Other,4,4
Peter / Pietari / Peeter,Helme,Peeter,1,1
Peter / Pietari / Peeter,Helme,Peter,13,8
Peter / Pietari / Peeter,Helsinki,Peter,4,4
Peter / Pietari / Peeter,Hiitola,Peter,1,1
Peter / Pietari / Peeter,Hirvensalmi,Peter,1,1
Peter / Pietari / Peeter,Hollola,Peter,2,2
Peter / Pietari / Peeter,Honkajoki,Peter,1,1
Peter / Pietari / Peeter,Huittinen,Other,1,1
Peter / Pietari / Peeter,Hyvinkää,Peter,1,1
Peter / Pietari / Peeter,Hämeenlinna,Other,1,1
Peter / Pietari / Peeter,Häädemeeste,Peeter,1,1
Peter / Pietari / Peeter,Iisaku,Peeter,1,1
Peter / Pietari / Peeter,Iisalmi,Other,1,1
Peter / Pietari / Peeter,Iisalmi,Pekka/Pekko,2,2
Peter / Pietari / Peeter,Iisalmi,Peter,1,1
Peter / Pietari / Peeter,Ilmajoki,Peter,1,1
Peter / Pietari / Peeter,Ilomantsi,Other,12,11
Peter / Pietari / Peeter,Ilomantsi,Pekka/Pekko,7,6
Peter / Pietari / Peeter,Ilomantsi,Peter,33,14
Peter / Pietari / Peeter,Ilomantsi,Petersburg,2,2
Peter / Pietari / Peeter,Impilahti,Other,4,4
Peter / Pietari / Peeter,Impilahti,Pekka/Pekko,4,4
Peter / Pietari / Peeter,Impilahti,Peter,3,1
Peter / Pietari / Peeter,Inkere,Petersburg,1,1
Peter / Pietari / Peeter,Isojoki,Peter,1,1
Peter / Pietari / Peeter,Jaakkima,Other,2,2
Peter / Pietari / Peeter,Jaakkima,Pekka/Pekko,2,2
Peter / Pietari / Peeter,Jaakkima,Peter,1,1
Peter / Pietari / Peeter,Jaani,Other,1,1
Peter / Pietari / Peeter,Jaani,Peter,1,1
Peter / Pietari / Peeter,Jalasjärvi,Peter,1,1
Peter / Pietari / Peeter,Janakkala,Peter,1,1
Peter / Pietari / Peeter,Joensuu,Pekka/Pekko,1,1
Peter / Pietari / Peeter,Johannes,Peter,2,2
Peter / Pietari / Peeter,Joroinen,Other,1,1
Peter / Pietari / Peeter,Joroinen,Pekka/Pekko,4,4
Peter / Pietari / Peeter,Joroinen,Peter,1,1
Peter / Pietari / Peeter,Joroinen,Petersburg,3,1
Peter / Pietari / Peeter,Joutseno,Peter,1,1
Peter / Pietari / Peeter,Jurva,Peter,1,1
Peter / Pietari / Peeter,Juuka,Other,1,1
Peter / Pietari / Peeter,Juuka,Pekka/Pekko,2,2
Peter / Pietari / Peeter,Juva,Other,1,1
Peter / Pietari / Peeter,Juva,Pekka/Pekko,1,1
Peter / Pietari / Peeter,Juva,Peter,4,4
Peter / Pietari / Peeter,Jällivaara,Peter,1,1
Peter / Pietari / Peeter,Järva-Jaani,Other,2,2
Peter / Pietari / Peeter,Järva-Jaani,Peeter,1,1
Peter / Pietari / Peeter,Järva-Jaani,Peter,3,2
Peter / Pietari / Peeter,Järva-Madise,Other,2,2
Peter / Pietari / Peeter,Järva-Madise,Peeter,2,2
Peter / Pietari / Peeter,Järva-Madise,Peter,1,1
Peter / Pietari / Peeter,Jõelähtme,Peter,3,3
Peter / Pietari / Peeter,Jõhvi,Other,6,6
Peter / Pietari / Peeter,Jõhvi,Peeter,1,1
Peter / Pietari / Peeter,Jõhvi,Peter,13,7
Peter / Pietari / Peeter,Jüri,Peter,1,1
Peter / Pietari / Peeter,Kaarina,Peter,1,1
Peter / Pietari / Peeter,Kaarma,Peeter,1,1
Peter / Pietari / Peeter,Kaavi,Other,1,1
Peter / Pietari / Peeter,Kaavi,Pekka/Pekko,3,3
Peter / Pietari / Peeter,Kaavi,Peter,2,2
Peter / Pietari / Peeter,Kaavi,Petteri/Pietari,1,1
Peter / Pietari / Peeter,Kadrina,Other,6,6
Peter / Pietari / Peeter,Kadrina,Peeter,6,5
Peter / Pietari / Peeter,Kadrina,Peter,4,3
Peter / Pietari / Peeter,Kalvola,Peter,1,1
Peter / Pietari / Peeter,Kambja,Peeter,3,1
Peter / Pietari / Peeter,Kanepi,Other,1,1
Peter / Pietari / Peeter,Kangasala,Peter,2,2
Peter / Pietari / Peeter,Kangaslampi,Pekka/Pekko,4,4
Peter / Pietari / Peeter,Kangaslampi,Petersburg,1,1
Peter / Pietari / Peeter,Kangasniemi,Pekka/Pekko,3,3
Peter / Pietari / Peeter,Kankaanpää,Peter,1,1
Peter / Pietari / Peeter,Kaprio,Other,3,3
Peter / Pietari / Peeter,Kaprio,Peter,2,2
Peter / Pietari / Peeter,Kaprio,Petersburg,2,1
Peter / Pietari / Peeter,Karja,Other,1,1
Peter / Pietari / Peeter,Karja,Peter,1,1
Peter / Pietari / Peeter,Karksi,Other,4,3
Peter / Pietari / Peeter,Karksi,Peeter,7,6
Peter / Pietari / Peeter,Karksi,Peter,16,8
Peter / Pietari / Peeter,Karstula,Pekka/Pekko,1,1
Peter / Pietari / Peeter,Karttula,Pekka/Pekko,1,1
Peter / Pietari / Peeter,Karttula,Peter,3,3
Peter / Pietari / Peeter,Karula,Other,1,1
Peter / Pietari / Peeter,Karula,Peter,1,1
Peter / Pietari / Peeter,Karuna,Pekka/Pekko,1,1
Peter / Pietari / Peeter,Karuna,Peter,2,2
Peter / Pietari / Peeter,Karunki,Pekka/Pekko,1,1
Peter / Pietari / Peeter,Karunki,Peter,1,1
Peter / Pietari / Peeter,Karuse,Other,1,1
Peter / Pietari / Peeter,Kattila,Other,2,1
Peter / Pietari / Peeter,Kattila,Peter,1,1
Peter / Pietari / Peeter,Kattila,Petteri/Pietari,1,1
Peter / Pietari / Peeter,Kauhava,Peter,1,1
Peter / Pietari / Peeter,Kaukola,Pekka/Pekko,1,1
Peter / Pietari / Peeter,Kaukola,Peter,1,1
Peter / Pietari / Peeter,Kaustinen,Peter,1,1
Peter / Pietari / Peeter,Keikyä,Other,1,1
Peter / Pietari / Peeter,Keila,Peter,1,1
Peter / Pietari / Peeter,Keltto,Other,1,1
Peter / Pietari / Peeter,Keltto,Petersburg,2,1
Peter / Pietari / Peeter,Kemi,Other,1,1
Peter / Pietari / Peeter,Kemi,Pekka/Pekko,1,1
Peter / Pietari / Peeter,Kemi,Peter,3,3
Peter / Pietari / Peeter,Kerimäki,Pekka/Pekko,4,3
Peter / Pietari / Peeter,Kerimäki,Peter,1,1
Peter / Pietari / Peeter,Kestilä,Other,1,1
Peter / Pietari / Peeter,Kestilä,Pekka/Pekko,2,2
Peter / Pietari / Peeter,Kesälahti,Other,1,1
Peter / Pietari / Peeter,Kesälahti,Pekka/Pekko,1,1
Peter / Pietari / Peeter,Kesälahti,Peter,6,2
Peter / Pietari / Peeter,Kiihtelysvaara,Other,2,2
Peter / Pietari / Peeter,Kiihtelysvaara,Pekka/Pekko,1,1
Peter / Pietari / Peeter,Kiihtelysvaara,Peter,6,4
Peter / Pietari / Peeter,Kiikka,Peter,1,1
Peter / Pietari / Peeter,Kiikoinen,Peter,1,1
Peter / Pietari / Peeter,Kiimaisjärvi,Other,1,1
Peter / Pietari / Peeter,Kiimaisjärvi,Petersburg,1,1
Peter / Pietari / Peeter,Kirvu,Pekka/Pekko,1,1
Peter / Pietari / Peeter,Kisko,Peter,1,1
Peter / Pietari / Peeter,Kitee,Other,4,3
Peter / Pietari / Peeter,Kitee,Pekka/Pekko,5,5
Peter / Pietari / Peeter,Kitee,Peter,5,4
Peter / Pietari / Peeter,Kitee,Petersburg,2,1
Peter / Pietari / Peeter,Kiukainen,Peter,1,1
Peter / Pietari / Peeter,Kiuruvesi,Other,1,1
Peter / Pietari / Peeter,Kiuruvesi,Pekka/Pekko,6,6
Peter / Pietari / Peeter,Kivennapa,Other,1,1
Peter / Pietari / Peeter,Kivennapa,Pekka/Pekko,1,1
Peter / Pietari / Peeter,Kivennapa,Peter,3,3
Peter / Pietari / Peeter,Kivennapa,Petersburg,2,1
Peter / Pietari / Peeter,Kodavere,Peter,1,1
Peter / Pietari / Peeter,Koeru,Other,3,2
Peter / Pietari / Peeter,Koeru,Peeter,2,2
Peter / Pietari / Peeter,Koeru,Peter,10,3
Peter / Pietari / Peeter,Koivisto,Pekka/Pekko,5,3
Peter / Pietari / Peeter,Koivisto,Peter,2,2
Peter / Pietari / Peeter,Kolga-Jaani,Other,6,4
Peter / Pietari / Peeter,Kolga-Jaani,Peeter,1,1
Peter / Pietari / Peeter,Kolga-Jaani,Peter,9,2
Peter / Pietari / Peeter,Konnevesi,Pekka/Pekko,1,1
Peter / Pietari / Peeter,Kontiolahti,Other,2,2
Peter / Pietari / Peeter,Kontiolahti,Pekka/Pekko,2,2
Peter / Pietari / Peeter,Kontiolahti,Peter,3,2
Peter / Pietari / Peeter,Kontokki,Peter,1,1
Peter / Pietari / Peeter,Koprina,Pekka/Pekko,1,1
Peter / Pietari / Peeter,Koprina,Petersburg,1,1
Peter / Pietari / Peeter,Korpiselkä,Other,3,3
Peter / Pietari / Peeter,Korpiselkä,Pekka/Pekko,1,1
Peter / Pietari / Peeter,Korpiselkä,Peter,19,4
Peter / Pietari / Peeter,Korpiselkä,Petersburg,1,1
Peter / Pietari / Peeter,Kose,Other,3,3
Peter / Pietari / Peeter,Kose,Peter,1,1
Peter / Pietari / Peeter,Kuhmo,Pekka/Pekko,2,2
Peter / Pietari / Peeter,Kuhmo,Peter,1,1
Peter / Pietari / Peeter,Kuhmoinen,Peter,4,4
Peter / Pietari / Peeter,Kullamaa,Other,2,1
Peter / Pietari / Peeter,Kuolemajärvi,Other,1,1
Peter / Pietari / Peeter,Kuolemajärvi,Pekka/Pekko,1,1
Peter / Pietari / Peeter,Kuopio,Other,2,2
Peter / Pietari / Peeter,Kuopio,Pekka/Pekko,5,5
Peter / Pietari / Peeter,Kupanitsa,Peter,1,1
Peter / Pietari / Peeter,Kurikka,Other,1,1
Peter / Pietari / Peeter,Kurkijoki,Peter,1,1
Peter / Pietari / Peeter,Kursi,Other,1,1
Peter / Pietari / Peeter,Kursi,Peter,1,1
Peter / Pietari / Peeter,Kuujärvi,Petersburg,2,1
Peter / Pietari / Peeter,Kuusalu,Other,7,5
Peter / Pietari / Peeter,Kuusalu,Peeter,2,2
Peter / Pietari / Peeter,Kuusalu,Peter,5,4
Peter / Pietari / Peeter,Kuusalu,Petersburg,1,1
Peter / Pietari / Peeter,Kuusjoki,Peter,2,2
Peter / Pietari / Peeter,Kuusjärvi,Peter,2,1
Peter / Pietari / Peeter,Kymi,Peter,2,2
Peter / Pietari / Peeter,Käina,Peeter,1,1
Peter / Pietari / Peeter,Käkisalmi,Peter,1,1
Peter / Pietari / Peeter,Kärla,Other,1,1
Peter / Pietari / Peeter,Kärla,Peeter,3,1
Peter / Pietari / Peeter,Kõpu,Other,3,2
Peter / Pietari / Peeter,Kõpu,Peter,2,1
Peter / Pietari / Peeter,Lahti,Peter,1,1
Peter / Pietari / Peeter,Laihia,Peter,5,5
Peter / Pietari / Peeter,Laiuse,Peeter,2,2
Peter / Pietari / Peeter,Laiuse,Peter,2,2
Peter / Pietari / Peeter,Lapinlahti,Other,1,1
Peter / Pietari / Peeter,Lappajärvi,Peter,1,1
Peter / Pietari / Peeter,Lappee,Other,1,1
Peter / Pietari / Peeter,Lappee,Pekka/Pekko,3,1
Peter / Pietari / Peeter,Lappee,Peter,1,1
Peter / Pietari / Peeter,Lapua,Pekka/Pekko,1,1
Peter / Pietari / Peeter,Lapua,Petersburg,1,1
Peter / Pietari / Peeter,Lapväärtti,Peter,1,1
Peter / Pietari / Peeter,Laukaa,Peter,1,1
Peter / Pietari / Peeter,Lavansaari,Other,1,1
Peter / Pietari / Peeter,Lekvattnet,Other,1,1
Peter / Pietari / Peeter,Lemi,Pekka/Pekko,1,1
Peter / Pietari / Peeter,Lemi,Peter,1,1
Peter / Pietari / Peeter,Lempaala,Other,2,2
Peter / Pietari / Peeter,Lempaala,Peter,3,3
Peter / Pietari / Peeter,Lempaala,Petersburg,3,3
Peter / Pietari / Peeter,Lempaala,Petteri/Pietari,1,1
Peter / Pietari / Peeter,Leppävirta,Other,1,1
Peter / Pietari / Peeter,Leppävirta,Pekka/Pekko,8,8
Peter / Pietari / Peeter,Leppävirta,Peter,4,4
Peter / Pietari / Peeter,Leppävirta,Petersburg,1,1
Peter / Pietari / Peeter,Lieto,Other,1,1
Peter / Pietari / Peeter,Lieto,Peter,1,1
Peter / Pietari / Peeter,Liissilä,Other,2,2
Peter / Pietari / Peeter,Liissilä,Peter,3,3
Peter / Pietari / Peeter,Liissilä,Petersburg,1,1
Peter / Pietari / Peeter,Liminka,Pekka/Pekko,2,1
Peter / Pietari / Peeter,Liperi,Other,3,3
Peter / Pietari / Peeter,Liperi,Pekka/Pekko,1,1
Peter / Pietari / Peeter,Liperi,Peter,1,1
Peter / Pietari / Peeter,Loppi,Peter,2,2
Peter / Pietari / Peeter,Luhanka,Peter,1,1
Peter / Pietari / Peeter,Lumivaara,Pekka/Pekko,1,1
Peter / Pietari / Peeter,Lumivaara,Peter,1,1
Peter / Pietari / Peeter,Lumivaara,Petersburg,1,1
Peter / Pietari / Peeter,Längelmäki,Peter,2,2
Peter / Pietari / Peeter,Lääne-Nigula,Other,1,1
Peter / Pietari / Peeter,Lääne-Nigula,Peeter,1,1
Peter / Pietari / Peeter,Lüganuse,Other,1,1
Peter / Pietari / Peeter,Lüganuse,Peter,2,1
Peter / Pietari / Peeter,Maaninka,Other,1,1
Peter / Pietari / Peeter,Maaninka,Pekka/Pekko,7,7
Peter / Pietari / Peeter,Maaninka,Peter,2,2
Peter / Pietari / Peeter,Maaria,Peter,2,2
Peter / Pietari / Peeter,Maarja-Magdaleena,Peeter,1,1
Peter / Pietari / Peeter,Maarja-Magdaleena,Peter,3,2
Peter / Pietari / Peeter,Maksuatiha,Other,2,2
Peter / Pietari / Peeter,Markkova,Other,1,1
Peter / Pietari / Peeter,Martna,Other,1,1
Peter / Pietari / Peeter,Merijärvi,Peter,1,1
Peter / Pietari / Peeter,Merikarvia,Peter,1,1
Peter / Pietari / Peeter,Merimasku,Peter,2,2
Peter / Pietari / Peeter,Messukylä,Petteri/Pietari,1,1
Peter / Pietari / Peeter,Metsäpirtti,Pekka/Pekko,1,1
Peter / Pietari / Peeter,Metsäpirtti,Peter,1,1
Peter / Pietari / Peeter,Miehikkälä,Peter,1,1
Peter / Pietari / Peeter,Mikkeli,Peter,1,1
Peter / Pietari / Peeter,Moloskovitsa,Other,4,4
Peter / Pietari / Peeter,Moloskovitsa,Peter,2,2
Peter / Pietari / Peeter,Moloskovitsa,Petersburg,2,2
Peter / Pietari / Peeter,Moloskovitsa,Petteri/Pietari,1,1
Peter / Pietari / Peeter,Muhos,Pekka/Pekko,1,1
Peter / Pietari / Peeter,Muhu,Peter,5,3
Peter / Pietari / Peeter,Muolaa,Pekka/Pekko,1,1
Peter / Pietari / Peeter,Muolaa,Peter,2,2
Peter / Pietari / Peeter,Muonio,Peter,1,1
Peter / Pietari / Peeter,Mustjala,Other,1,1
Peter / Pietari / Peeter,Muurla,Peter,2,2
Peter / Pietari / Peeter,Mäntsälä,Other,1,1
Peter / Pietari / Peeter,Mäntsälä,Peter,1,1
Peter / Pietari / Peeter,Mäntyharju,Pekka/Pekko,2,1
Peter / Pietari / Peeter,Mäntyharju,Petteri/Pietari,1,1
Peter / Pietari / Peeter,Märjamaa,Other,1,1
Peter / Pietari / Peeter,Narvusi,Other,12,10
Peter / Pietari / Peeter,Narvusi,Peter,24,19
Peter / Pietari / Peeter,Narvusi,Petersburg,4,4
Peter / Pietari / Peeter,Narvusi,Petteri/Pietari,4,4
Peter / Pietari / Peeter,Nastola,Peter,2,2
Peter / Pietari / Peeter,Nekkula,Peter,1,1
Peter / Pietari / Peeter,Nilsiä,Other,3,3
Peter / Pietari / Peeter,Nilsiä,Pekka/Pekko,6,6
Peter / Pietari / Peeter,Nilsiä,Peter,1,1
Peter / Pietari / Peeter,Noarootsi,Peter,6,1
Peter / Pietari / Peeter,Noormarkku,Peter,1,1
Peter / Pietari / Peeter,Noormarkku,Petteri/Pietari,1,1
Peter / Pietari / Peeter,Nurmes,Other,5,5
Peter / Pietari / Peeter,Nurmes,Pekka/Pekko,18,18
Peter / Pietari / Peeter,Nurmes,Peter,3,3
Peter / Pietari / Peeter,Nurmes,Petteri/Pietari,2,2
Peter / Pietari / Peeter,Orimattila,Peter,5,4
Peter / Pietari / Peeter,Otepää,Other,1,1
Peter / Pietari / Peeter,Otepää,Peeter,1,1
Peter / Pietari / Peeter,Otepää,Peter,1,1
Peter / Pietari / Peeter,Oulunsalo,Peter,1,1
Peter / Pietari / Peeter,Paatene,Peter,1,1
Peter / Pietari / Peeter,Paattinen,Other,1,1
Peter / Pietari / Peeter,Paavola,Pekka/Pekko,1,1
Peter / Pietari / Peeter,Paistu,Other,4,2
Peter / Pietari / Peeter,Paistu,Peeter,2,2
Peter / Pietari / Peeter,Paistu,Peter,12,9
Peter / Pietari / Peeter,Palamuse,Other,1,1
Peter / Pietari / Peeter,Palamuse,Peeter,1,1
Peter / Pietari / Peeter,Palamuse,Peter,1,1
Peter / Pietari / Peeter,Paltamo,Pekka/Pekko,1,1
Peter / Pietari / Peeter,Parikkala,Other,2,2
Peter / Pietari / Peeter,Parikkala,Petteri/Pietari,1,1
Peter / Pietari / Peeter,Parkano,Peter,3,3
Peter / Pietari / Peeter,Peetri,Other,5,4
Peter / Pietari / Peeter,Peetri,Peeter,1,1
Peter / Pietari / Peeter,Peetri,Peter,2,1
Peter / Pietari / Peeter,Perho,Other,1,1
Peter / Pietari / Peeter,Perho,Pekka/Pekko,2,1
Peter / Pietari / Peeter,Perho,Peter,1,1
Peter / Pietari / Peeter,Perniö,Peter,3,3
Peter / Pietari / Peeter,Pertteli,Peter,1,1
Peter / Pietari / Peeter,Pieksämäki,Pekka/Pekko,3,3
Peter / Pietari / Peeter,Pieksämäki,Petersburg,1,1
Peter / Pietari / Peeter,Pielavesi,Other,4,4
Peter / Pietari / Peeter,Pielavesi,Pekka/Pekko,10,9
Peter / Pietari / Peeter,Pielavesi,Petersburg,2,1
Peter / Pietari / Peeter,Pielisjärvi,Other,2,2
Peter / Pietari / Peeter,Pielisjärvi,Pekka/Pekko,1,1
Peter / Pietari / Peeter,Pihtipudas,Pekka/Pekko,1,1
Peter / Pietari / Peeter,Pilistvere,Other,3,3
Peter / Pietari / Peeter,Pilistvere,Peeter,4,1
Peter / Pietari / Peeter,Pilistvere,Peter,4,2
Peter / Pietari / Peeter,Polvijärvi,Other,1,1
Peter / Pietari / Peeter,Polvijärvi,Pekka/Pekko,4,4
Peter / Pietari / Peeter,Polvijärvi,Peter,1,1
Peter / Pietari / Peeter,Porajärvi,Other,5,3
Peter / Pietari / Peeter,Porajärvi,Pekka/Pekko,8,4
Peter / Pietari / Peeter,Porajärvi,Peter,2,2
Peter / Pietari / Peeter,Pori,Pekka/Pekko,2,2
Peter / Pietari / Peeter,Pori,Peter,1,1
Peter / Pietari / Peeter,Pudasjärvi,Pekka/Pekko,1,1
Peter / Pietari / Peeter,Pudasjärvi,Peter,1,1
Peter / Pietari / Peeter,Puhja,Other,2,2
Peter / Pietari / Peeter,Puhja,Peter,3,3
Peter / Pietari / Peeter,Puolanka,Peter,1,1
Peter / Pietari / Peeter,Puumala,Other,3,3
Peter / Pietari / Peeter,Puumala,Pekka/Pekko,4,3
Peter / Pietari / Peeter,Puumala,Peter,8,1
Peter / Pietari / Peeter,Pyhäjärvi Ol.,Pekka/Pekko,2,2
Peter / Pietari / Peeter,Pyhäjärvi Ul.,Peter,1,1
Peter / Pietari / Peeter,Pyhäjärvi Vpl.,Pekka/Pekko,2,2
Peter / Pietari / Peeter,Pyhäjärvi Vpl.,Peter,2,2
Peter / Pietari / Peeter,Pyhäranta,Peter,1,1
Peter / Pietari / Peeter,Pyhäselkä,Other,1,1
Peter / Pietari / Peeter,Pyhäselkä,Pekka/Pekko,2,2
Peter / Pietari / Peeter,Pyhäselkä,Peter,1,1
Peter / Pietari / Peeter,Pylkönmäki,Peter,1,1
Peter / Pietari / Peeter,Pälkjärvi,Other,1,1
Peter / Pietari / Peeter,Pälkjärvi,Peter,4,2
Peter / Pietari / Peeter,Pärnu,Other,1,1
Peter / Pietari / Peeter,Pärnu,Peeter,2,1
Peter / Pietari / Peeter,Pärnu,Peter,2,2
Peter / Pietari / Peeter,Pärnu-Jaagupi,Peeter,2,2
Peter / Pietari / Peeter,Põltsamaa,Other,2,2
Peter / Pietari / Peeter,Põltsamaa,Peeter,5,2
Peter / Pietari / Peeter,Põltsamaa,Peter,1,1
Peter / Pietari / Peeter,Põlva,Peeter,1,1
Peter / Pietari / Peeter,Põlva,Peter,7,3
Peter / Pietari / Peeter,Pöide,Other,1,1
Peter / Pietari / Peeter,Pöide,Peter,3,2
Peter / Pietari / Peeter,Pöytyä,Pekka/Pekko,1,1
Peter / Pietari / Peeter,Pöytyä,Peter,2,2
Peter / Pietari / Peeter,Pühalepa,Other,4,2
Peter / Pietari / Peeter,Rakvere,Other,1,1
Peter / Pietari / Peeter,Rannu,Peeter,1,1
Peter / Pietari / Peeter,Rannu,Peter,3,2
Peter / Pietari / Peeter,Rantsila,Pekka/Pekko,4,4
Peter / Pietari / Peeter,Rantsila,Peter,2,2
Peter / Pietari / Peeter,Ranua,Pekka/Pekko,2,1
Peter / Pietari / Peeter,Ranua,Peter,2,2
Peter / Pietari / Peeter,Rauma,Other,1,1
Peter / Pietari / Peeter,Rauma,Peter,4,4
Peter / Pietari / Peeter,Rautalampi,Pekka/Pekko,2,2
Peter / Pietari / Peeter,Rautavaara,Other,3,3
Peter / Pietari / Peeter,Rautavaara,Pekka/Pekko,2,2
Peter / Pietari / Peeter,Rautavaara,Peter,3,3
Peter / Pietari / Peeter,Rautu,Peter,1,1
Peter / Pietari / Peeter,Rautu,Petersburg,2,2
Peter / Pietari / Peeter,Reigi,Peter,2,2
Peter / Pietari / Peeter,Renko,Peter,2,2
Peter / Pietari / Peeter,Repola,Other,1,1
Peter / Pietari / Peeter,Repola,Peter,7,4
Peter / Pietari / Peeter,Repola,Petersburg,1,1
Peter / Pietari / Peeter,Risti,Other,1,1
Peter / Pietari / Peeter,Risti,Peter,9,2
Peter / Pietari / Peeter,Ristiina,Other,1,1
Peter / Pietari / Peeter,Ristiina,Pekka/Pekko,2,2
Peter / Pietari / Peeter,Ristiina,Peter,2,1
Peter / Pietari / Peeter,Ristijärvi,Pekka/Pekko,2,2
Peter / Pietari / Peeter,Rovaniemi,Other,1,1
Peter / Pietari / Peeter,Rovaniemi,Peter,3,3
Peter / Pietari / Peeter,Ruokolahti,Other,1,1
Peter / Pietari / Peeter,Ruovesi,Pekka/Pekko,1,1
Peter / Pietari / Peeter,Ruovesi,Peter,1,1
Peter / Pietari / Peeter,Rymättylä,Other,1,1
Peter / Pietari / Peeter,Räisälä,Peter,1,1
Peter / Pietari / Peeter,Räisälä,Petteri/Pietari,1,1
Peter / Pietari / Peeter,Räpina,Peter,10,3
Peter / Pietari / Peeter,Räpina,Petteri/Pietari,11,2
Peter / Pietari / Peeter,Rääkkylä,Other,1,1
Peter / Pietari / Peeter,Rääkkylä,Pekka/Pekko,2,2
Peter / Pietari / Peeter,Rääkkylä,Peter,4,3
Peter / Pietari / Peeter,Rääkkylä,Petteri/Pietari,1,1
Peter / Pietari / Peeter,Rõngu,Peter,9,8
Peter / Pietari / Peeter,Rõuge,Other,1,1
Peter / Pietari / Peeter,Rõuge,Peter,1,1
Peter / Pietari / Peeter,Saari,Pekka/Pekko,2,2
Peter / Pietari / Peeter,Saari,Peter,1,1
Peter / Pietari / Peeter,Saarijärvi,Other,1,1
Peter / Pietari / Peeter,Saarijärvi,Pekka/Pekko,2,2
Peter / Pietari / Peeter,Saarijärvi,Peter,4,4
Peter / Pietari / Peeter,Sakkola,Petersburg,2,2
Peter / Pietari / Peeter,Salmi,Other,5,4
Peter / Pietari / Peeter,Salmi,Peter,16,6
Peter / Pietari / Peeter,Salo,Pekka/Pekko,1,1
Peter / Pietari / Peeter,Sandova,Other,1,1
Peter / Pietari / Peeter,Sangaste,Other,3,1
Peter / Pietari / Peeter,Sangaste,Peter,5,3
Peter / Pietari / Peeter,Sauvo,Other,1,1
Peter / Pietari / Peeter,Sauvo,Peter,1,1
Peter / Pietari / Peeter,Savitaipale,Other,1,1
Peter / Pietari / Peeter,Savitaipale,Peter,1,1
Peter / Pietari / Peeter,Savitaipale,Petersburg,2,1
Peter / Pietari / Peeter,Savonlinna,Other,1,1
Peter / Pietari / Peeter,Savonlinna,Pekka/Pekko,4,3
Peter / Pietari / Peeter,Savonlinna,Peter,1,1
Peter / Pietari / Peeter,Seiskari,Petersburg,2,1
Peter / Pietari / Peeter,Serepetta,Other,1,1
Peter / Pietari / Peeter,Serepetta,Peter,2,2
Peter / Pietari / Peeter,Serepetta,Petteri/Pietari,2,2
Peter / Pietari / Peeter,Setumaa,Other,3,1
Peter / Pietari / Peeter,Setumaa,Peeter,1,1
Peter / Pietari / Peeter,Setumaa,Peter,6,3
Peter / Pietari / Peeter,Setumaa,Petteri/Pietari,1,1
Peter / Pietari / Peeter,Siilinjärvi,Pekka/Pekko,1,1
Peter / Pietari / Peeter,Simo,Pekka/Pekko,3,2
Peter / Pietari / Peeter,Simo,Peter,1,1
Peter / Pietari / Peeter,Simuna,Other,1,1
Peter / Pietari / Peeter,Simuna,Peeter,1,1
Peter / Pietari / Peeter,Simuna,Peter,1,1
Peter / Pietari / Peeter,Sippola,Other,1,1
Peter / Pietari / Peeter,Sippola,Pekka/Pekko,1,1
Peter / Pietari / Peeter,Skuoritsa,Other,1,1
Peter / Pietari / Peeter,Soanlahti,Other,2,2
Peter / Pietari / Peeter,Soanlahti,Peter,8,6
Peter / Pietari / Peeter,Sodankylä,Peter,1,1
Peter / Pietari / Peeter,Soikkola,Other,14,11
Peter / Pietari / Peeter,Soikkola,Peter,19,14
Peter / Pietari / Peeter,Soikkola,Petteri/Pietari,3,2
Peter / Pietari / Peeter,Somerniemi,Peter,1,1
Peter / Pietari / Peeter,Somero,Peter,2,2
Peter / Pietari / Peeter,Sonkajärvi,Other,2,2
Peter / Pietari / Peeter,Sonkajärvi,Pekka/Pekko,14,14
Peter / Pietari / Peeter,Sortavala,Pekka/Pekko,1,1
Peter / Pietari / Peeter,Sortavala,Peter,3,3
Peter / Pietari / Peeter,Sotkamo,Other,1,1
Peter / Pietari / Peeter,Sotkamo,Pekka/Pekko,4,4
Peter / Pietari / Peeter,Soutjärvi,Other,2,2
Peter / Pietari / Peeter,Soutjärvi,Peter,1,1
Peter / Pietari / Peeter,Soutjärvi,Petersburg,7,5
Peter / Pietari / Peeter,Spankkova,Peter,1,1
Peter / Pietari / Peeter,Suistamo,Other,16,15
Peter / Pietari / Peeter,Suistamo,Pekka/Pekko,1,1
Peter / Pietari / Peeter,Suistamo,Peter,37,13
Peter / Pietari / Peeter,Suistamo,Petersburg,2,2
Peter / Pietari / Peeter,Suistamo,Petteri/Pietari,2,2
Peter / Pietari / Peeter,Sulkava,Other,1,1
Peter / Pietari / Peeter,Sulkava,Petersburg,1,1
Peter / Pietari / Peeter,Suojärvi,Other,9,7
Peter / Pietari / Peeter,Suojärvi,Peter,18,9
Peter / Pietari / Peeter,Suojärvi,Petersburg,4,4
Peter / Pietari / Peeter,Suojärvi,Petteri/Pietari,6,1
Peter / Pietari / Peeter,Suomusjärvi,Other,1,1
Peter / Pietari / Peeter,Suomusjärvi,Peter,1,1
Peter / Pietari / Peeter,Suomussalmi,Pekka/Pekko,1,1
Peter / Pietari / Peeter,Suonenjoki,Pekka/Pekko,1,1
Peter / Pietari / Peeter,Suure-Jaani,Other,2,2
Peter / Pietari / Peeter,Suure-Jaani,Peter,8,7
Peter / Pietari / Peeter,Sysmä,Other,1,1
Peter / Pietari / Peeter,Säfsnäs,Peter,1,1
Peter / Pietari / Peeter,Säkkijärvi,Peter,1,1
Peter / Pietari / Peeter,Säräisniemi,Pekka/Pekko,2,2
Peter / Pietari / Peeter,Säämäjärvi,Other,1,1
Peter / Pietari / Peeter,Säämäjärvi,Peter,1,1
Peter / Pietari / Peeter,Taipalsaari,Pekka/Pekko,2,1
Peter / Pietari / Peeter,Taipalsaari,Peter,1,1
Peter / Pietari / Peeter,Taivassalo,Peter,1,1
Peter / Pietari / Peeter,Tammela,Peter,1,1
Peter / Pietari / Peeter,Tampere,Peter,3,3
Peter / Pietari / Peeter,Tarvastu,Other,2,2
Peter / Pietari / Peeter,Tarvastu,Peter,6,4
Peter / Pietari / Peeter,Tarvastu,Petteri/Pietari,1,1
Peter / Pietari / Peeter,Tervo,Pekka/Pekko,1,1
Peter / Pietari / Peeter,Tervola,Pekka/Pekko,1,1
Peter / Pietari / Peeter,Tervola,Peter,2,1
Peter / Pietari / Peeter,Tohmajärvi,Other,1,1
Peter / Pietari / Peeter,Tohmajärvi,Pekka/Pekko,4,4
Peter / Pietari / Peeter,Tohmajärvi,Peter,2,1
Peter / Pietari / Peeter,Toksova,Other,2,2
Peter / Pietari / Peeter,Toksova,Peter,2,2
Peter / Pietari / Peeter,Toksova,Petersburg,6,5
Peter / Pietari / Peeter,Tolmačču,Other,2,2
Peter / Pietari / Peeter,Tolmačču,Petersburg,1,1
Peter / Pietari / Peeter,Tori,Other,1,1
Peter / Pietari / Peeter,Tori,Peeter,1,1
Peter / Pietari / Peeter,Torma,Other,1,1
Peter / Pietari / Peeter,Torma,Peter,8,3
Peter / Pietari / Peeter,Tulemajärvi,Peter,6,2
Peter / Pietari / Peeter,Turku,Pekka/Pekko,1,1
Peter / Pietari / Peeter,Turku,Peter,1,1
Peter / Pietari / Peeter,Tuulos,Pekka/Pekko,1,1
Peter / Pietari / Peeter,Tuulos,Peter,2,2
Peter / Pietari / Peeter,Tuupovaara,Other,1,1
Peter / Pietari / Peeter,Tuupovaara,Peter,3,1
Peter / Pietari / Peeter,Tuupovaara,Petersburg,2,1
Peter / Pietari / Peeter,Tuusniemi,Other,3,3
Peter / Pietari / Peeter,Tuusniemi,Pekka/Pekko,2,2
Peter / Pietari / Peeter,Tuusniemi,Peter,1,1
Peter / Pietari / Peeter,Tuusula,Peter,1,1
Peter / Pietari / Peeter,Tuutari,Peter,1,1
Peter / Pietari / Peeter,Tuutari,Petersburg,1,1
Peter / Pietari / Peeter,Tyrvää,Peter,3,3
Peter / Pietari / Peeter,Tyrö,Peter,6,6
Peter / Pietari / Peeter,Tyrö,Petersburg,2,2
Peter / Pietari / Peeter,Tytärsaari,Peter,1,1
Peter / Pietari / Peeter,Tõstamaa,Peeter,1,1
Peter / Pietari / Peeter,Töysä,Pekka/Pekko,1,1
Peter / Pietari / Peeter,Töysä,Peter,3,3
Peter / Pietari / Peeter,Töysä,Petteri/Pietari,1,1
Peter / Pietari / Peeter,Türi,Peeter,1,1
Peter / Pietari / Peeter,Uhtua,Other,1,1
Peter / Pietari / Peeter,Uhtua,Pekka/Pekko,2,2
Peter / Pietari / Peeter,Uhtua,Petersburg,1,1
Peter / Pietari / Peeter,Urjala,Peter,1,1
Peter / Pietari / Peeter,Urvaste,Other,1,1
Peter / Pietari / Peeter,Urvaste,Peeter,5,1
Peter / Pietari / Peeter,Urvaste,Peter,2,2
Peter / Pietari / Peeter,Uskela,Peter,10,10
Peter / Pietari / Peeter,Uukuniemi,Peter,5,2
Peter / Pietari / Peeter,Uurainen,Pekka/Pekko,1,1
Peter / Pietari / Peeter,Uusikaupunki,Other,4,4
Peter / Pietari / Peeter,Uusikaupunki,Pekka/Pekko,4,4
Peter / Pietari / Peeter,Uusikaupunki,Peter,4,4
Peter / Pietari / Peeter,Uusikirkko Tl.,Peter,2,2
Peter / Pietari / Peeter,Vahto,Peter,1,1
Peter / Pietari / Peeter,Vahto,Petteri/Pietari,1,1
Peter / Pietari / Peeter,Vaivara,Peeter,2,2
Peter / Pietari / Peeter,Vaivara,Peter,3,2
Peter / Pietari / Peeter,Valkeasaari,Other,2,2
Peter / Pietari / Peeter,Valkeasaari,Pekka/Pekko,1,1
Peter / Pietari / Peeter,Valkjärvi,Petersburg,1,1
Peter / Pietari / Peeter,Valtimo,Pekka/Pekko,2,2
Peter / Pietari / Peeter,Vanaja,Other,1,1
Peter / Pietari / Peeter,Varbla,Other,1,1
Peter / Pietari / Peeter,Varkaus,Other,2,2
Peter / Pietari / Peeter,Varkaus,Peter,1,1
Peter / Pietari / Peeter,Varpaisjärvi,Other,1,1
Peter / Pietari / Peeter,Varpaisjärvi,Pekka/Pekko,2,2
Peter / Pietari / Peeter,Vastseliina,Peter,13,5
Peter / Pietari / Peeter,Vehmersalmi,Pekka/Pekko,1,1
Peter / Pietari / Peeter,Venjoki,Other,1,1
Peter / Pietari / Peeter,Venjoki,Peter,5,5
Peter / Pietari / Peeter,Veteli,Other,1,1
Peter / Pietari / Peeter,Veteli,Pekka/Pekko,2,1
Peter / Pietari / Peeter,Veteli,Petteri/Pietari,1,1
Peter / Pietari / Peeter,Veśśi,Petersburg,1,1
Peter / Pietari / Peeter,Vieljärvi,Peter,6,2
Peter / Pietari / Peeter,Vigala,Peter,1,1
Peter / Pietari / Peeter,Vihanti,Pekka/Pekko,1,1
Peter / Pietari / Peeter,Vihanti,Peter,4,3
Peter / Pietari / Peeter,Vihanti,Petteri/Pietari,1,1
Peter / Pietari / Peeter,Viipuri,Other,2,2
Peter / Pietari / Peeter,Viipuri,Pekka/Pekko,1,1
Peter / Pietari / Peeter,Viipuri,Petersburg,1,1
Peter / Pietari / Peeter,Viitasaari,Pekka/Pekko,4,4
Peter / Pietari / Peeter,Viitasaari,Peter,2,2
Peter / Pietari / Peeter,Viljakkala,Peter,1,1
Peter / Pietari / Peeter,Viljandi,Other,1,1
Peter / Pietari / Peeter,Viljandi,Peeter,3,2
Peter / Pietari / Peeter,Viljandi,Peter,3,3
Peter / Pietari / Peeter,Virolahti,Petersburg,1,1
Peter / Pietari / Peeter,Virtasalmi,Pekka/Pekko,6,6
Peter / Pietari / Peeter,Viru-Nigula,Peeter,1,1
Peter / Pietari / Peeter,Viru-Nigula,Peter,3,2
Peter / Pietari / Peeter,Vuokkiniemi,Other,2,2
Peter / Pietari / Peeter,Vuokkiniemi,Pekka/Pekko,3,2
Peter / Pietari / Peeter,Vuokkiniemi,Petteri/Pietari,10,3
Peter / Pietari / Peeter,Vuoksela,Other,1,1
Peter / Pietari / Peeter,Vuoksela,Pekka/Pekko,1,1
Peter / Pietari / Peeter,Vuole,Other,3,3
Peter / Pietari / Peeter,Vuole,Petersburg,10,9
Peter / Pietari / Peeter,Väike-Maarja,Other,2,2
Peter / Pietari / Peeter,Väike-Maarja,Peeter,2,1
Peter / Pietari / Peeter,Väike-Maarja,Peter,3,2
Peter / Pietari / Peeter,Võnnu,Other,1,1
Peter / Pietari / Peeter,Võnnu,Peeter,1,1
Peter / Pietari / Peeter,Võnnu,Peter,5,3
Peter / Pietari / Peeter,Võnnu,Petteri/Pietari,1,1
Peter / Pietari / Peeter,Ylikiiminki,Peter,2,2
Peter / Pietari / Peeter,Ylitornio,Peter,1,1
Peter / Pietari / Peeter,Ylämaa,Other,1,1
Peter / Pietari / Peeter,Ylämaa,Pekka/Pekko,1,1
Peter / Pietari / Peeter,Yläne,Peter,1,1
Peter / Pietari / Peeter,Ylöjärvi,Peter,1,1
Peter / Pietari / Peeter,Ähtäri,Peter,1,1
Peter / Pietari / Peeter,Äksi,Peter,1,1
Peter / Pietari / Peeter,Östmark,Peter,1,1
