person_cluster,area_name,variant,observed,expected,standardized_residual,area_total
Anna / Anne / Ann / Anni,Järva-Jaani,Anu,4,0.1488,9.983770916864534,9
Anna / Anne / Ann / Anni,Suojärvi,Anni/Annie,24,4.718933333333333,8.875833265350911,28
Anna / Anne / Ann / Anni,Vuole,Anni/Annie,20,3.5392,8.749805226455281,21
Anna / Anne / Ann / Anni,Narvusi,Anni/Annie,25,5.5616,8.242531954834462,33
Anna / Anne / Ann / Anni,Paatene,Anni/Annie,16,2.6965333333333334,8.101434576301461,16
Anna / Anne / Ann / Anni,Tulemajärvi,Anni/Annie,23,5.056,7.980235871010457,30
Anna / Anne / Ann / Anni,Vuokkiniemi,Anni/Annie,10,1.6853333333333333,6.404746393988448,10
Anna / Anne / Ann / Anni,Soikkola,Anni/Annie,16,4.0448,5.944404027361054,24
Anna / Anne / Ann / Anni,Setumaa,Gift,19,5.4208,5.8323354225987485,42
Anna / Anne / Ann / Anni,Skuoritsa,Anni/Annie,8,1.3482666666666667,5.728579326241928,8
Anna / Anne / Ann / Anni,Jõelähtme,Anna,3,0.24053333333333332,5.626489560514178,11
Anna / Anne / Ann / Anni,Suistamo,Anni/Annie,18,5.393066666666667,5.428646492691898,32
Anna / Anne / Ann / Anni,Koprina,Anni/Annie,10,2.190933333333333,5.275754147426043,13
Anna / Anne / Ann / Anni,Kuusamo,Anni/Annie,8,1.5168,5.264113679149057,9
Anna / Anne / Ann / Anni,Heinävesi,Anna,2,0.1312,5.15936089821683,6
Anna / Anne / Ann / Anni,Käina,Ann,10,2.272,5.126995660915099,10
Anna / Anne / Ann / Anni,Toksova,Anni/Annie,7,1.3482666666666667,4.867363303414505,8
Anna / Anne / Ann / Anni,Puhja,Anu,2,0.1488,4.799012443212408,9
Anna / Anne / Ann / Anni,Rannu,Anu,2,0.1488,4.799012443212408,9
Anna / Anne / Ann / Anni,Suistamo,Other,12,3.345066666666667,4.732180898319691,32
Anna / Anne / Ann / Anni,Ilomantsi,Anni/Annie,10,2.528,4.699464014684701,15
Anna / Anne / Ann / Anni,Kuusalu,Gift,15,4.7754666666666665,4.678811903457476,37
Anna / Anne / Ann / Anni,Pühalepa,Ann,13,3.8624,4.649470736286988,17
Anna / Anne / Ann / Anni,Tyrö,Anni/Annie,5,0.8426666666666667,4.528839606969319,5
Anna / Anne / Ann / Anni,Koivisto,Anni/Annie,8,1.8538666666666668,4.51401221225612,11
Anna / Anne / Ann / Anni,Moloskovitsa,Anni/Annie,7,1.5168,4.452151426072018,9
Anna / Anne / Ann / Anni,Hämeenlinna,Anni/Annie,6,1.1797333333333333,4.4379166326754556,7
Anna / Anne / Ann / Anni,Lempaala,Anni/Annie,6,1.1797333333333333,4.4379166326754556,7
Anna / Anne / Ann / Anni,Rovaniemi,Anni/Annie,6,1.1797333333333333,4.4379166326754556,7
Anna / Anne / Ann / Anni,Pöide,Anu,3,0.36373333333333335,4.371170906389285,22
Anna / Anne / Ann / Anni,Risti,Anna,2,0.17493333333333333,4.363575024205487,8
Anna / Anne / Ann / Anni,Karksi,Anne,35,17.277866666666668,4.263545877723718,52
Anna / Anne / Ann / Anni,Vigala,Ann,21,8.6336,4.208693780236844,38
Anna / Anne / Ann / Anni,Helme,Anne,27,12.293866666666666,4.194249388248161,37
Anna / Anne / Ann / Anni,Kaprio,Anni/Annie,7,1.6853333333333333,4.093861309563494,10
Anna / Anne / Ann / Anni,Korpiselkä,Anni/Annie,6,1.3482666666666667,4.006147280587083,8
Anna / Anne / Ann / Anni,Seiskari,Anni/Annie,6,1.3482666666666667,4.006147280587083,8
Anna / Anne / Ann / Anni,Salmi,Anni/Annie,5,1.0112,3.96664861890019,6
Anna / Anne / Ann / Anni,Varbla,Ann,10,3.1808,3.8235365554345715,14
Anna / Anne / Ann / Anni,Saarde,Anne,19,8.306666666666667,3.7102204365149842,25
Anna / Anne / Ann / Anni,Sakkola,Anni/Annie,6,1.5168,3.6401891729949796,9
Anna / Anne / Ann / Anni,Halliste,Anne,20,9.303466666666667,3.5068779059081057,28
Anna / Anne / Ann / Anni,Hietamäki,Anni/Annie,4,0.8426666666666667,3.4394779311428305,5
Anna / Anne / Ann / Anni,Kontiolahti,Anni/Annie,4,0.8426666666666667,3.4394779311428305,5
Anna / Anne / Ann / Anni,Repola,Anni/Annie,4,0.8426666666666667,3.4394779311428305,5
Anna / Anne / Ann / Anni,Harju-Jaani,Anna,2,0.2624,3.392094108220524,12
Anna / Anne / Ann / Anni,Narvusi,Anu,3,0.5456,3.3228302955493425,33
Anna / Anne / Ann / Anni,Paistu,Anne,31,17.277866666666668,3.3012360253981026,52
Anna / Anne / Ann / Anni,Hargla,Gift,5,1.2906666666666666,3.2650423239845554,10
Anna / Anne / Ann / Anni,Pärnu-Jaagupi,Gift,5,1.2906666666666666,3.2650423239845554,10
Anna / Anne / Ann / Anni,Muhu,Ann,16,7.2704,3.237540363552832,32
Anna / Anne / Ann / Anni,Pöide,Ann,12,4.9984,3.1317118242367097,22
Anna / Anne / Ann / Anni,Ridala,Ann,6,1.8176,3.102247254518732,8
Anna / Anne / Ann / Anni,Kontokki,Anni/Annie,9,3.3706666666666667,3.066189996892954,20
Anna / Anne / Ann / Anni,Sangaste,Gift,8,2.8394666666666666,3.0625007255042402,22
Anna / Anne / Ann / Anni,Tarvastu,Ann,22,11.5872,3.0589915361844247,51
Anna / Anne / Ann / Anni,Kontokki,Ann,11,4.544,3.028617032039635,20
Anna / Anne / Ann / Anni,Liperi,Other,3,0.6272,2.996112447141857,6
Anna / Anne / Ann / Anni,Heinävesi,Anni/Annie,4,1.0112,2.972202013680527,6
Anna / Anne / Ann / Anni,Järva-Madise,Gift,4,1.0325333333333333,2.9203426343373438,8
Anna / Anne / Ann / Anni,Risti,Gift,4,1.0325333333333333,2.9203426343373438,8
Anna / Anne / Ann / Anni,Ilomantsi,Anna,2,0.328,2.9194386363168365,15
Anna / Anne / Ann / Anni,Tulemajärvi,Anna,3,0.656,2.8940477181832973,30
Anna / Anne / Ann / Anni,Lüganuse,Anu,1,0.0992,2.86004286004429,6
Anna / Anne / Ann / Anni,Tõstamaa,Anu,1,0.0992,2.86004286004429,6
Anna / Anne / Ann / Anni,Võnnu,Ann,11,4.7712,2.8516129315179746,21
Anna / Anne / Ann / Anni,Haljala,Gift,16,8.002133333333333,2.827295929850447,62
Anna / Anne / Ann / Anni,Viljandi,Anne,24,13.622933333333334,2.8115077900394208,41
Anna / Anne / Ann / Anni,Tarvastu,Anna,4,1.1152,2.7317397927973244,51
Anna / Anne / Ann / Anni,Sangaste,Anu,2,0.36373333333333335,2.713079575319103,22
Anna / Anne / Ann / Anni,Jõhvi,Ann,11,4.9984,2.684426657383889,22
Anna / Anne / Ann / Anni,Kõpu,Anne,7,2.6581333333333332,2.6631038465253805,8
Anna / Anne / Ann / Anni,Viru-Jaagupi,Other,4,1.1498666666666666,2.657917124077855,11
Anna / Anne / Ann / Anni,Kolga-Jaani,Anne,26,15.616533333333333,2.627544359823545,47
Anna / Anne / Ann / Anni,Haljala,Other,13,6.481066666666667,2.56066812415143,62
Anna / Anne / Ann / Anni,Väike-Maarja,Anne,15,7.9744,2.4879085442512925,24
Anna / Anne / Ann / Anni,Audru,Ann,8,3.408,2.487436978700103,15
Anna / Anne / Ann / Anni,Vändra,Anne,14,7.309866666666666,2.474457765359963,22
Anna / Anne / Ann / Anni,Karja,Ann,6,2.272,2.473271198743723,10
Anna / Anne / Ann / Anni,Laiuse,Anne,12,5.9808,2.4612692963096623,18
Anna / Anne / Ann / Anni,Pilistvere,Anne,18,10.300266666666667,2.3991171218798684,31
Anna / Anne / Ann / Anni,Liperi,Anna,1,0.1312,2.3985727463456668,6
Anna / Anne / Ann / Anni,Tõstamaa,Anna,1,0.1312,2.3985727463456668,6
Anna / Anne / Ann / Anni,Ridala,Anu,1,0.13226666666666667,2.385948561397418,8
Anna / Anne / Ann / Anni,Alatornio,Anni/Annie,3,0.8426666666666667,2.3501162553163426,5
Anna / Anne / Ann / Anni,Lavansaari,Anni/Annie,3,0.8426666666666667,2.3501162553163426,5
Anna / Anne / Ann / Anni,Häädemeeste,Anne,7,2.9904,2.3186564623208357,9
Anna / Anne / Ann / Anni,Urvaste,Gift,8,3.6138666666666666,2.3072559092513525,28
Anna / Anne / Ann / Anni,Peetri,Ann,8,3.6352,2.2892867454333676,16
Anna / Anne / Ann / Anni,Urvaste,Anu,2,0.4629333333333333,2.2590897124118463,28
Anna / Anne / Ann / Anni,Vändra,Anna,2,0.48106666666666664,2.189959484213841,22
Anna / Anne / Ann / Anni,Kursi,Gift,4,1.4197333333333333,2.16551503039277,11
Anna / Anne / Ann / Anni,Simuna,Gift,4,1.4197333333333333,2.16551503039277,11
Anna / Anne / Ann / Anni,Viru-Nigula,Anu,2,0.496,2.135536496768964,30
Anna / Anne / Ann / Anni,Kanepi,Anne,5,1.9936,2.1292553653601365,6
Anna / Anne / Ann / Anni,Põltsamaa,Gift,10,5.291733333333333,2.046737171972055,41
Anna / Anne / Ann / Anni,Suistamo,Anu,2,0.5290666666666667,2.0222637161444617,32
Anna / Anne / Ann / Anni,Rõuge,Anni/Annie,4,1.5168,2.0162646668409026,9
Anna / Anne / Ann / Anni,Suure-Jaani,Ann,11,6.1344,1.964492418989466,27
Anna / Anne / Ann / Anni,Kaprio,Other,3,1.0453333333333332,1.9118125459585087,10
Anna / Anne / Ann / Anni,Urvaste,Ann,11,6.3616,1.8390139296374028,28
Anna / Anne / Ann / Anni,Ambla,Anna,2,0.5904,1.8345211229848257,27
Anna / Anne / Ann / Anni,Tartu-Maarja,Anne,4,1.6613333333333333,1.8144288227748142,5
Anna / Anne / Ann / Anni,Häädemeeste,Anna,1,0.1968,1.8105526264122043,9
Anna / Anne / Ann / Anni,Harju-Jaani,Anu,1,0.1984,1.7996451263082847,12
Anna / Anne / Ann / Anni,Jõhvi,Other,5,2.299733333333333,1.7806063395096048,22
Anna / Anne / Ann / Anni,Sangaste,Other,5,2.299733333333333,1.7806063395096048,22
Anna / Anne / Ann / Anni,Urvaste,Anna,2,0.6122666666666666,1.7735184554897743,28
Anna / Anne / Ann / Anni,Karuse,Ann,7,3.6352,1.7647983964979368,16
Anna / Anne / Ann / Anni,Paide,Anne,7,3.654933333333333,1.7497058656457407,11
Anna / Anne / Ann / Anni,Torma,Anne,7,3.654933333333333,1.7497058656457407,11
Anna / Anne / Ann / Anni,Karksi,Anna,3,1.1370666666666667,1.7470460372182812,52
Anna / Anne / Ann / Anni,Nõo,Anne,6,2.9904,1.7403802097468042,9
Anna / Anne / Ann / Anni,Puhja,Anne,6,2.9904,1.7403802097468042,9
Anna / Anne / Ann / Anni,Vaivara,Anne,6,2.9904,1.7403802097468042,9
Anna / Anne / Ann / Anni,Pärnu,Gift,2,0.6453333333333333,1.6863215709856023,5
Anna / Anne / Ann / Anni,Karksi,Gift,11,6.7114666666666665,1.6553890239193991,52
Anna / Anne / Ann / Anni,Põltsamaa,Anu,2,0.6778666666666666,1.6058431202748833,41
Anna / Anne / Ann / Anni,Jõelähtme,Ann,5,2.4992,1.5818979184282989,11
Anna / Anne / Ann / Anni,Viru-Jaagupi,Ann,5,2.4992,1.5818979184282989,11
Anna / Anne / Ann / Anni,Maarja-Magdaleena,Anne,12,7.642133333333334,1.5764007511318245,23
Anna / Anne / Ann / Anni,Rapla,Anna,1,0.24053333333333332,1.5485352018114011,11
Anna / Anne / Ann / Anni,Simuna,Anna,1,0.24053333333333332,1.5485352018114011,11
Anna / Anne / Ann / Anni,Torma,Anna,1,0.24053333333333332,1.5485352018114011,11
Anna / Anne / Ann / Anni,Viru-Jaagupi,Anna,1,0.24053333333333332,1.5485352018114011,11
Anna / Anne / Ann / Anni,Karula,Other,2,0.7317333333333333,1.482634694231971,7
Anna / Anne / Ann / Anni,Märjamaa,Other,2,0.7317333333333333,1.482634694231971,7
Anna / Anne / Ann / Anni,Kodavere,Anne,6,3.3226666666666667,1.4687878041763434,10
Anna / Anne / Ann / Anni,Türi,Anne,6,3.3226666666666667,1.4687878041763434,10
Anna / Anne / Ann / Anni,Jüri,Anne,5,2.6581333333333332,1.436394667742654,8
Anna / Anne / Ann / Anni,Rõngu,Anne,5,2.6581333333333332,1.436394667742654,8
Anna / Anne / Ann / Anni,Tõstamaa,Anne,4,1.9936,1.4210144907725444,6
Anna / Anne / Ann / Anni,Kadrina,Anne,27,20.600533333333335,1.4099527184954177,62
Anna / Anne / Ann / Anni,Koprina,Other,3,1.3589333333333333,1.4077552264521516,13
Anna / Anne / Ann / Anni,Koeru,Anne,16,11.297066666666666,1.3992199111656283,34
Anna / Anne / Ann / Anni,Lüganuse,Gift,2,0.7744,1.3927272727272728,6
Anna / Anne / Ann / Anni,Pühalepa,Anu,1,0.2810666666666667,1.356075746215902,17
Anna / Anne / Ann / Anni,Koeru,Other,6,3.554133333333333,1.2973761805974369,34
Anna / Anne / Ann / Anni,Simuna,Anne,6,3.654933333333333,1.226635314292781,11
Anna / Anne / Ann / Anni,Kose,Anne,13,9.303466666666667,1.2119151758002134,28
Anna / Anne / Ann / Anni,Audru,Anna,1,0.328,1.1733628968928913,15
Anna / Anne / Ann / Anni,Iisaku,Gift,2,0.9034666666666666,1.1536279546256762,7
Anna / Anne / Ann / Anni,Põlva,Gift,2,0.9034666666666666,1.1536279546256762,7
Anna / Anne / Ann / Anni,Türi,Ann,4,2.272,1.1464089676580347,10
Anna / Anne / Ann / Anni,Audru,Other,3,1.568,1.1435890513498923,15
Anna / Anne / Ann / Anni,Pilistvere,Ann,10,7.0432,1.114132746339162,31
Anna / Anne / Ann / Anni,Iisaku,Anne,4,2.3258666666666667,1.0977353157803693,7
Anna / Anne / Ann / Anni,Mustjala,Anne,4,2.3258666666666667,1.0977353157803693,7
Anna / Anne / Ann / Anni,Moloskovitsa,Other,2,0.9408,1.0920167948672352,9
Anna / Anne / Ann / Anni,Nõo,Other,2,0.9408,1.0920167948672352,9
Anna / Anne / Ann / Anni,Rannu,Other,2,0.9408,1.0920167948672352,9
Anna / Anne / Ann / Anni,Sakkola,Other,2,0.9408,1.0920167948672352,9
Anna / Anne / Ann / Anni,Viru-Nigula,Other,5,3.136,1.0525867068846175,30
Anna / Anne / Ann / Anni,Karuse,Other,3,1.6725333333333334,1.0264463000092703,16
Anna / Anne / Ann / Anni,Peetri,Other,3,1.6725333333333334,1.0264463000092703,16
Anna / Anne / Ann / Anni,Kolga-Jaani,Ann,14,10.6784,1.0164692367798194,47
Anna / Anne / Ann / Anni,Otepää,Anne,6,3.9872,1.0080141149104749,12
Anna / Anne / Ann / Anni,Palamuse,Anne,6,3.9872,1.0080141149104749,12
Anna / Anne / Ann / Anni,Kadrina,Other,9,6.481066666666667,0.9894490346369306,62
Anna / Anne / Ann / Anni,Jüri,Gift,2,1.0325333333333333,0.9521030802818011,8
Anna / Anne / Ann / Anni,Rõngu,Gift,2,1.0325333333333333,0.9521030802818011,8
Anna / Anne / Ann / Anni,Paide,Ann,4,2.4992,0.949341169216727,11
Anna / Anne / Ann / Anni,Tori,Ann,6,4.0896,0.9446781999223072,18
Anna / Anne / Ann / Anni,Soikkola,Other,4,2.5088,0.9414621715226605,24
Anna / Anne / Ann / Anni,Äksi,Anne,7,4.984,0.9030286120369073,15
Anna / Anne / Ann / Anni,Paistu,Gift,9,6.7114666666666665,0.8833819551844474,52
Anna / Anne / Ann / Anni,Saarde,Other,4,2.6133333333333333,0.8577775427960154,25
Anna / Anne / Ann / Anni,Viru-Nigula,Ann,9,6.816,0.8365421787939975,30
Anna / Anne / Ann / Anni,Narvusi,Other,5,3.4496,0.8347556939881512,33
Anna / Anne / Ann / Anni,Viljandi,Other,6,4.285866666666666,0.8279903445203223,41
Anna / Anne / Ann / Anni,Ambla,Gift,5,3.4848,0.8116728748892855,27
Anna / Anne / Ann / Anni,Võnnu,Anna,1,0.4592,0.7980603664084915,21
Anna / Anne / Ann / Anni,Setumaa,Ann,12,9.5424,0.7955773121182778,42
Anna / Anne / Ann / Anni,Koivisto,Other,2,1.1498666666666666,0.7927993816953782,11
Anna / Anne / Ann / Anni,Kursi,Other,2,1.1498666666666666,0.7927993816953782,11
Anna / Anne / Ann / Anni,Rannu,Gift,2,1.1616,0.7778985607384153,9
Anna / Anne / Ann / Anni,Maarja-Magdaleena,Ann,7,5.2256,0.7762175312682214,23
Anna / Anne / Ann / Anni,Palamuse,Ann,4,2.7264,0.7713265203135227,12
Anna / Anne / Ann / Anni,Äksi,Gift,3,1.936,0.7646962341861718,15
Anna / Anne / Ann / Anni,Ambla,Ann,8,6.1344,0.7532384612106928,27
Anna / Anne / Ann / Anni,Halliste,Gift,5,3.6138666666666666,0.7291534664572308,28
Anna / Anne / Ann / Anni,Kadrina,Gift,10,8.002133333333333,0.7062583724473043,62
Anna / Anne / Ann / Anni,Rapla,Anne,5,3.654933333333333,0.7035647629398212,11
Anna / Anne / Ann / Anni,Pöide,Gift,4,2.8394666666666666,0.6887145079265428,22
Anna / Anne / Ann / Anni,Suure-Jaani,Anne,11,8.9712,0.67735129714175,27
Anna / Anne / Ann / Anni,Rõuge,Ann,3,2.0448,0.6679883612041646,9
Anna / Anne / Ann / Anni,Harju-Jaani,Other,2,1.2544,0.6657142857142858,12
Anna / Anne / Ann / Anni,Alatornio,Other,1,0.5226666666666666,0.6602514466391692,5
Anna / Anne / Ann / Anni,Hietamäki,Other,1,0.5226666666666666,0.6602514466391692,5
Anna / Anne / Ann / Anni,Kontiolahti,Other,1,0.5226666666666666,0.6602514466391692,5
Anna / Anne / Ann / Anni,Lavansaari,Other,1,0.5226666666666666,0.6602514466391692,5
Anna / Anne / Ann / Anni,Repola,Other,1,0.5226666666666666,0.6602514466391692,5
Anna / Anne / Ann / Anni,Tartu-Maarja,Other,1,0.5226666666666666,0.6602514466391692,5
Anna / Anne / Ann / Anni,Kose,Ann,8,6.3616,0.6495861552082444,28
Anna / Anne / Ann / Anni,Põltsamaa,Anne,16,13.622933333333334,0.6440299234314486,41
Anna / Anne / Ann / Anni,Suojärvi,Other,4,2.9269333333333334,0.6272205645068809,28
Anna / Anne / Ann / Anni,Kodavere,Gift,2,1.2906666666666666,0.6243718606613169,10
Anna / Anne / Ann / Anni,Risti,Anni/Annie,2,1.3482666666666667,0.5612831892773922,8
Anna / Anne / Ann / Anni,Vigala,Other,5,3.9722666666666666,0.515657388262264,38
Anna / Anne / Ann / Anni,Kose,Anna,1,0.6122666666666666,0.4955218743816549,28
Anna / Anne / Ann / Anni,Kuusalu,Anne,14,12.293866666666666,0.4865962063177583,37
Anna / Anne / Ann / Anni,Salmi,Other,1,0.6272,0.47073108576133027,6
Anna / Anne / Ann / Anni,Tori,Gift,3,2.3232,0.4440348433949304,18
Anna / Anne / Ann / Anni,Varbla,Other,2,1.4634666666666667,0.44351191446246985,14
Anna / Anne / Ann / Anni,Karula,Anne,3,2.3258666666666667,0.44203167860668574,7
Anna / Anne / Ann / Anni,Märjamaa,Anne,3,2.3258666666666667,0.44203167860668574,7
Anna / Anne / Ann / Anni,Põlva,Anne,3,2.3258666666666667,0.44203167860668574,7
Anna / Anne / Ann / Anni,Hargla,Anne,4,3.3226666666666667,0.37158575922389564,10
Anna / Anne / Ann / Anni,Karja,Anne,4,3.3226666666666667,0.37158575922389564,10
Anna / Anne / Ann / Anni,Harju-Jaani,Gift,2,1.5488,0.36255293144473894,12
Anna / Anne / Ann / Anni,Otepää,Gift,2,1.5488,0.36255293144473894,12
Anna / Anne / Ann / Anni,Palamuse,Gift,2,1.5488,0.36255293144473894,12
Anna / Anne / Ann / Anni,Muhu,Anna,1,0.6997333333333333,0.3589556894546595,32
Anna / Anne / Ann / Anni,Muhu,Other,4,3.345066666666667,0.3580920719211597,32
Anna / Anne / Ann / Anni,Äksi,Other,2,1.568,0.3449933450999675,15
Anna / Anne / Ann / Anni,Põlva,Ann,2,1.5904,0.3247930776041222,7
Anna / Anne / Ann / Anni,Rapla,Ann,3,2.4992,0.3167844200051551,11
Anna / Anne / Ann / Anni,Hämeenlinna,Other,1,0.7317333333333333,0.31361028225344045,7
Anna / Anne / Ann / Anni,Iisaku,Other,1,0.7317333333333333,0.31361028225344045,7
Anna / Anne / Ann / Anni,Mustjala,Other,1,0.7317333333333333,0.31361028225344045,7
Anna / Anne / Ann / Anni,Rovaniemi,Other,1,0.7317333333333333,0.31361028225344045,7
Anna / Anne / Ann / Anni,Väike-Maarja,Other,3,2.5088,0.31011683117752875,24
Anna / Anne / Ann / Anni,Haljala,Anne,22,20.600533333333335,0.30833535572397475,62
Anna / Anne / Ann / Anni,Koeru,Gift,5,4.3882666666666665,0.29202204661456865,34
Anna / Anne / Ann / Anni,Setumaa,Other,5,4.3904,0.29093295191038215,42
Anna / Anne / Ann / Anni,Pärnu,Anne,2,1.6613333333333333,0.2627508101395683,5
Anna / Anne / Ann / Anni,Kanepi,Gift,1,0.7744,0.2563636363636364,6
Anna / Anne / Ann / Anni,Tarvastu,Anne,18,16.9456,0.25613971496671734,51
Anna / Anne / Ann / Anni,Kolga-Jaani,Anu,1,0.7770666666666667,0.2528982766266911,47
Anna / Anne / Ann / Anni,Kadrina,Ann,15,14.0864,0.24341990165842756,62
Anna / Anne / Ann / Anni,Põltsamaa,Ann,10,9.3152,0.22437148368995655,41
Anna / Anne / Ann / Anni,Kuusalu,Anna,1,0.8090666666666667,0.21227047914699038,37
Anna / Anne / Ann / Anni,Järva-Madise,Anne,3,2.6581333333333332,0.20968548895992745,8
Anna / Anne / Ann / Anni,Vigala,Anna,1,0.8309333333333333,0.1854705242392297,38
Anna / Anne / Ann / Anni,Kursi,Anne,4,3.654933333333333,0.1804942115868614,11
Anna / Anne / Ann / Anni,Järva-Madise,Other,1,0.8362666666666667,0.17904603596057986,8
Anna / Anne / Ann / Anni,Korpiselkä,Other,1,0.8362666666666667,0.17904603596057986,8
Anna / Anne / Ann / Anni,Ridala,Other,1,0.8362666666666667,0.17904603596057986,8
Anna / Anne / Ann / Anni,Seiskari,Other,1,0.8362666666666667,0.17904603596057986,8
Anna / Anne / Ann / Anni,Toksova,Other,1,0.8362666666666667,0.17904603596057986,8
Anna / Anne / Ann / Anni,Harju-Jaani,Ann,3,2.7264,0.16569954142413618,12
Anna / Anne / Ann / Anni,Otepää,Ann,3,2.7264,0.16569954142413618,12
Anna / Anne / Ann / Anni,Ambla,Other,3,2.8224,0.1057142857142857,27
Anna / Anne / Ann / Anni,Karula,Gift,1,0.9034666666666666,0.10155965942959506,7
Anna / Anne / Ann / Anni,Mustjala,Gift,1,0.9034666666666666,0.10155965942959506,7
Anna / Anne / Ann / Anni,Märjamaa,Gift,1,0.9034666666666666,0.10155965942959506,7
Anna / Anne / Ann / Anni,Jõhvi,Gift,3,2.8394666666666666,0.09526795353211831,22
Anna / Anne / Ann / Anni,Laiuse,Other,2,1.8816,0.08631535284093109,18
Anna / Anne / Ann / Anni,Tori,Other,2,1.8816,0.08631535284093109,18
Anna / Anne / Ann / Anni,Viru-Nigula,Gift,4,3.872,0.06504925025453939,30
Anna / Anne / Ann / Anni,Kuusamo,Other,1,0.9408,0.0610341713143319,9
Anna / Anne / Ann / Anni,Rõuge,Other,1,0.9408,0.0610341713143319,9
Anna / Anne / Ann / Anni,Vaivara,Other,1,0.9408,0.0610341713143319,9
Anna / Anne / Ann / Anni,Maarja-Magdaleena,Gift,3,2.9685333333333332,0.018263321932642292,23
Anna / Anne / Ann / Anni,Ambla,Anne,9,8.9712,0.009615396962580174,27
Anna / Anne / Ann / Anni,Tori,Anne,6,5.9808,0.007850938744209312,18
Anna / Anne / Ann / Anni,Lüganuse,Anne,2,1.9936,0.00453274159736056,6
Anna / Anne / Ann / Anni,Liperi,Anni/Annie,1,1.0112,-0.011137801978460319,6
Anna / Anne / Ann / Anni,Haljala,Anu,1,1.0250666666666666,-0.02475828342167934,62
Anna / Anne / Ann / Anni,Järva-Jaani,Ann,2,2.0448,-0.0313294373764097,9
Anna / Anne / Ann / Anni,Hargla,Other,1,1.0453333333333332,-0.04433944513137049,10
Anna / Anne / Ann / Anni,Muhu,Gift,4,4.130133333333333,-0.06403339349194026,32
Anna / Anne / Ann / Anni,Alatornio,Ann,1,1.136,-0.1275997262569362,5
Anna / Anne / Ann / Anni,Lavansaari,Ann,1,1.136,-0.1275997262569362,5
Anna / Anne / Ann / Anni,Pärnu,Ann,1,1.136,-0.1275997262569362,5
Anna / Anne / Ann / Anni,Paistu,Anna,1,1.1370666666666667,-0.12854017508305132,52
Anna / Anne / Ann / Anni,Karuse,Anne,5,5.3162666666666665,-0.13716712711056012,16
Anna / Anne / Ann / Anni,Jõelähtme,Other,1,1.1498666666666666,-0.1397594894958602,11
Anna / Anne / Ann / Anni,Rapla,Other,1,1.1498666666666666,-0.1397594894958602,11
Anna / Anne / Ann / Anni,Järva-Jaani,Gift,1,1.1616,-0.14993846304309147,9
Anna / Anne / Ann / Anni,Nõo,Gift,1,1.1616,-0.14993846304309147,9
Anna / Anne / Ann / Anni,Rõuge,Gift,1,1.1616,-0.14993846304309147,9
Anna / Anne / Ann / Anni,Vaivara,Gift,1,1.1616,-0.14993846304309147,9
Anna / Anne / Ann / Anni,Pärnu-Jaagupi,Anne,3,3.3226666666666667,-0.17701526325232822,10
Anna / Anne / Ann / Anni,Pärnu-Jaagupi,Ann,2,2.272,-0.18045326342765344,10
Anna / Anne / Ann / Anni,Laiuse,Gift,2,2.3232,-0.21204500795691705,18
Anna / Anne / Ann / Anni,Äksi,Ann,3,3.408,-0.22100920890889408,15
Anna / Anne / Ann / Anni,Otepää,Other,1,1.2544,-0.22714285714285712,12
Anna / Anne / Ann / Anni,Suure-Jaani,Gift,3,3.4848,-0.25970103599942285,27
Anna / Anne / Ann / Anni,Koeru,Ann,7,7.7248,-0.26078016911404195,34
Anna / Anne / Ann / Anni,Alatornio,Anu,0,0.08266666666666667,-0.28751811537130434,5
Anna / Anne / Ann / Anni,Hietamäki,Anu,0,0.08266666666666667,-0.28751811537130434,5
Anna / Anne / Ann / Anni,Kontiolahti,Anu,0,0.08266666666666667,-0.28751811537130434,5
Anna / Anne / Ann / Anni,Lavansaari,Anu,0,0.08266666666666667,-0.28751811537130434,5
Anna / Anne / Ann / Anni,Pärnu,Anu,0,0.08266666666666667,-0.28751811537130434,5
Anna / Anne / Ann / Anni,Repola,Anu,0,0.08266666666666667,-0.28751811537130434,5
Anna / Anne / Ann / Anni,Tartu-Maarja,Anu,0,0.08266666666666667,-0.28751811537130434,5
Anna / Anne / Ann / Anni,Tyrö,Anu,0,0.08266666666666667,-0.28751811537130434,5
Anna / Anne / Ann / Anni,Viru-Nigula,Anne,9,9.968,-0.30659942966821246,30
Anna / Anne / Ann / Anni,Liperi,Ann,1,1.3632,-0.31107567426169935,6
Anna / Anne / Ann / Anni,Lüganuse,Ann,1,1.3632,-0.31107567426169935,6
Anna / Anne / Ann / Anni,Heinävesi,Anu,0,0.0992,-0.31496031496047244,6
Anna / Anne / Ann / Anni,Kanepi,Anu,0,0.0992,-0.31496031496047244,6
Anna / Anne / Ann / Anni,Liperi,Anu,0,0.0992,-0.31496031496047244,6
Anna / Anne / Ann / Anni,Salmi,Anu,0,0.0992,-0.31496031496047244,6
Anna / Anne / Ann / Anni,Torma,Ann,2,2.4992,-0.31577232920641674,11
Anna / Anne / Ann / Anni,Kose,Gift,3,3.6138666666666666,-0.32291482873885047,28
Anna / Anne / Ann / Anni,Alatornio,Anna,0,0.10933333333333334,-0.33065591380365983,5
Anna / Anne / Ann / Anni,Hietamäki,Anna,0,0.10933333333333334,-0.33065591380365983,5
Anna / Anne / Ann / Anni,Kontiolahti,Anna,0,0.10933333333333334,-0.33065591380365983,5
Anna / Anne / Ann / Anni,Lavansaari,Anna,0,0.10933333333333334,-0.33065591380365983,5
Anna / Anne / Ann / Anni,Pärnu,Anna,0,0.10933333333333334,-0.33065591380365983,5
Anna / Anne / Ann / Anni,Repola,Anna,0,0.10933333333333334,-0.33065591380365983,5
Anna / Anne / Ann / Anni,Tartu-Maarja,Anna,0,0.10933333333333334,-0.33065591380365983,5
Anna / Anne / Ann / Anni,Tyrö,Anna,0,0.10933333333333334,-0.33065591380365983,5
Anna / Anne / Ann / Anni,Hämeenlinna,Anu,0,0.11573333333333333,-0.3401960219246153,7
Anna / Anne / Ann / Anni,Iisaku,Anu,0,0.11573333333333333,-0.3401960219246153,7
Anna / Anne / Ann / Anni,Karula,Anu,0,0.11573333333333333,-0.3401960219246153,7
Anna / Anne / Ann / Anni,Lempaala,Anu,0,0.11573333333333333,-0.3401960219246153,7
Anna / Anne / Ann / Anni,Mustjala,Anu,0,0.11573333333333333,-0.3401960219246153,7
Anna / Anne / Ann / Anni,Märjamaa,Anu,0,0.11573333333333333,-0.3401960219246153,7
Anna / Anne / Ann / Anni,Põlva,Anu,0,0.11573333333333333,-0.3401960219246153,7
Anna / Anne / Ann / Anni,Rovaniemi,Anu,0,0.11573333333333333,-0.3401960219246153,7
Anna / Anne / Ann / Anni,Jõelähtme,Gift,1,1.4197333333333333,-0.3522654669117631,11
Anna / Anne / Ann / Anni,Rapla,Gift,1,1.4197333333333333,-0.3522654669117631,11
Anna / Anne / Ann / Anni,Torma,Gift,1,1.4197333333333333,-0.3522654669117631,11
Anna / Anne / Ann / Anni,Viru-Jaagupi,Gift,1,1.4197333333333333,-0.3522654669117631,11
Anna / Anne / Ann / Anni,Kanepi,Anna,0,0.1312,-0.3622154055254967,6
Anna / Anne / Ann / Anni,Lüganuse,Anna,0,0.1312,-0.3622154055254967,6
Anna / Anne / Ann / Anni,Salmi,Anna,0,0.1312,-0.3622154055254967,6
Anna / Anne / Ann / Anni,Järva-Madise,Anu,0,0.13226666666666667,-0.36368484525295613,8
Anna / Anne / Ann / Anni,Jüri,Anu,0,0.13226666666666667,-0.36368484525295613,8
Anna / Anne / Ann / Anni,Korpiselkä,Anu,0,0.13226666666666667,-0.36368484525295613,8
Anna / Anne / Ann / Anni,Kõpu,Anu,0,0.13226666666666667,-0.36368484525295613,8
Anna / Anne / Ann / Anni,Risti,Anu,0,0.13226666666666667,-0.36368484525295613,8
Anna / Anne / Ann / Anni,Rõngu,Anu,0,0.13226666666666667,-0.36368484525295613,8
Anna / Anne / Ann / Anni,Seiskari,Anu,0,0.13226666666666667,-0.36368484525295613,8
Anna / Anne / Ann / Anni,Skuoritsa,Anu,0,0.13226666666666667,-0.36368484525295613,8
Anna / Anne / Ann / Anni,Toksova,Anu,0,0.13226666666666667,-0.36368484525295613,8
Anna / Anne / Ann / Anni,Võnnu,Anne,6,6.9776,-0.37009068839079196,21
Anna / Anne / Ann / Anni,Häädemeeste,Anu,0,0.1488,-0.3857460304397182,9
Anna / Anne / Ann / Anni,Kuusamo,Anu,0,0.1488,-0.3857460304397182,9
Anna / Anne / Ann / Anni,Moloskovitsa,Anu,0,0.1488,-0.3857460304397182,9
Anna / Anne / Ann / Anni,Nõo,Anu,0,0.1488,-0.3857460304397182,9
Anna / Anne / Ann / Anni,Rõuge,Anu,0,0.1488,-0.3857460304397182,9
Anna / Anne / Ann / Anni,Sakkola,Anu,0,0.1488,-0.3857460304397182,9
Anna / Anne / Ann / Anni,Vaivara,Anu,0,0.1488,-0.3857460304397182,9
Anna / Anne / Ann / Anni,Hämeenlinna,Anna,0,0.15306666666666666,-0.3912373533632323,7
Anna / Anne / Ann / Anni,Iisaku,Anna,0,0.15306666666666666,-0.3912373533632323,7
Anna / Anne / Ann / Anni,Karula,Anna,0,0.15306666666666666,-0.3912373533632323,7
Anna / Anne / Ann / Anni,Lempaala,Anna,0,0.15306666666666666,-0.3912373533632323,7
Anna / Anne / Ann / Anni,Mustjala,Anna,0,0.15306666666666666,-0.3912373533632323,7
Anna / Anne / Ann / Anni,Märjamaa,Anna,0,0.15306666666666666,-0.3912373533632323,7
Anna / Anne / Ann / Anni,Põlva,Anna,0,0.15306666666666666,-0.3912373533632323,7
Anna / Anne / Ann / Anni,Rovaniemi,Anna,0,0.15306666666666666,-0.3912373533632323,7
Anna / Anne / Ann / Anni,Hargla,Anu,0,0.16533333333333333,-0.40661201818605086,10
Anna / Anne / Ann / Anni,Kaprio,Anu,0,0.16533333333333333,-0.40661201818605086,10
Anna / Anne / Ann / Anni,Karja,Anu,0,0.16533333333333333,-0.40661201818605086,10
Anna / Anne / Ann / Anni,Kodavere,Anu,0,0.16533333333333333,-0.40661201818605086,10
Anna / Anne / Ann / Anni,Käina,Anu,0,0.16533333333333333,-0.40661201818605086,10
Anna / Anne / Ann / Anni,Pärnu-Jaagupi,Anu,0,0.16533333333333333,-0.40661201818605086,10
Anna / Anne / Ann / Anni,Türi,Anu,0,0.16533333333333333,-0.40661201818605086,10
Anna / Anne / Ann / Anni,Vuokkiniemi,Anu,0,0.16533333333333333,-0.40661201818605086,10
Anna / Anne / Ann / Anni,Vigala,Gift,4,4.904533333333333,-0.4084376141058753,38
Anna / Anne / Ann / Anni,Järva-Madise,Anna,0,0.17493333333333333,-0.4182503237695499,8
Anna / Anne / Ann / Anni,Jüri,Anna,0,0.17493333333333333,-0.4182503237695499,8
Anna / Anne / Ann / Anni,Korpiselkä,Anna,0,0.17493333333333333,-0.4182503237695499,8
Anna / Anne / Ann / Anni,Kõpu,Anna,0,0.17493333333333333,-0.4182503237695499,8
Anna / Anne / Ann / Anni,Ridala,Anna,0,0.17493333333333333,-0.4182503237695499,8
Anna / Anne / Ann / Anni,Rõngu,Anna,0,0.17493333333333333,-0.4182503237695499,8
Anna / Anne / Ann / Anni,Seiskari,Anna,0,0.17493333333333333,-0.4182503237695499,8
Anna / Anne / Ann / Anni,Skuoritsa,Anna,0,0.17493333333333333,-0.4182503237695499,8
Anna / Anne / Ann / Anni,Toksova,Anna,0,0.17493333333333333,-0.4182503237695499,8
Anna / Anne / Ann / Anni,Jõelähtme,Anu,0,0.18186666666666668,-0.4264582824458527,11
Anna / Anne / Ann / Anni,Koivisto,Anu,0,0.18186666666666668,-0.4264582824458527,11
Anna / Anne / Ann / Anni,Kursi,Anu,0,0.18186666666666668,-0.4264582824458527,11
Anna / Anne / Ann / Anni,Paide,Anu,0,0.18186666666666668,-0.4264582824458527,11
Anna / Anne / Ann / Anni,Rapla,Anu,0,0.18186666666666668,-0.4264582824458527,11
Anna / Anne / Ann / Anni,Simuna,Anu,0,0.18186666666666668,-0.4264582824458527,11
Anna / Anne / Ann / Anni,Torma,Anu,0,0.18186666666666668,-0.4264582824458527,11
Anna / Anne / Ann / Anni,Viru-Jaagupi,Anu,0,0.18186666666666668,-0.4264582824458527,11
Anna / Anne / Ann / Anni,Viljandi,Ann,8,9.3152,-0.4309190644699641,41
Anna / Anne / Ann / Anni,Võnnu,Gift,2,2.7104,-0.4315054233058779,21
Anna / Anne / Ann / Anni,Järva-Jaani,Anna,0,0.1968,-0.4436214602563767,9
Anna / Anne / Ann / Anni,Kuusamo,Anna,0,0.1968,-0.4436214602563767,9
Anna / Anne / Ann / Anni,Moloskovitsa,Anna,0,0.1968,-0.4436214602563767,9
Anna / Anne / Ann / Anni,Nõo,Anna,0,0.1968,-0.4436214602563767,9
Anna / Anne / Ann / Anni,Puhja,Anna,0,0.1968,-0.4436214602563767,9
Anna / Anne / Ann / Anni,Rannu,Anna,0,0.1968,-0.4436214602563767,9
Anna / Anne / Ann / Anni,Rõuge,Anna,0,0.1968,-0.4436214602563767,9
Anna / Anne / Ann / Anni,Sakkola,Anna,0,0.1968,-0.4436214602563767,9
Anna / Anne / Ann / Anni,Vaivara,Anna,0,0.1968,-0.4436214602563767,9
Anna / Anne / Ann / Anni,Otepää,Anu,0,0.1984,-0.4454211490264018,12
Anna / Anne / Ann / Anni,Palamuse,Anu,0,0.1984,-0.4454211490264018,12
Anna / Anne / Ann / Anni,Sangaste,Ann,4,4.9984,-0.4465695105858563,22
Anna / Anne / Ann / Anni,Vändra,Ann,4,4.9984,-0.4465695105858563,22
Anna / Anne / Ann / Anni,Ilomantsi,Other,1,1.568,-0.4536023611499574,15
Anna / Anne / Ann / Anni,Koprina,Anu,0,0.21493333333333334,-0.463609030685699,13
Anna / Anne / Ann / Anni,Hargla,Anna,0,0.21866666666666668,-0.46761807778000486,10
Anna / Anne / Ann / Anni,Kaprio,Anna,0,0.21866666666666668,-0.46761807778000486,10
Anna / Anne / Ann / Anni,Karja,Anna,0,0.21866666666666668,-0.46761807778000486,10
Anna / Anne / Ann / Anni,Kodavere,Anna,0,0.21866666666666668,-0.46761807778000486,10
Anna / Anne / Ann / Anni,Käina,Anna,0,0.21866666666666668,-0.46761807778000486,10
Anna / Anne / Ann / Anni,Pärnu-Jaagupi,Anna,0,0.21866666666666668,-0.46761807778000486,10
Anna / Anne / Ann / Anni,Türi,Anna,0,0.21866666666666668,-0.46761807778000486,10
Anna / Anne / Ann / Anni,Vuokkiniemi,Anna,0,0.21866666666666668,-0.46761807778000486,10
Anna / Anne / Ann / Anni,Karula,Ann,1,1.5904,-0.4681587720153168,7
Anna / Anne / Ann / Anni,Lempaala,Ann,1,1.5904,-0.4681587720153168,7
Anna / Anne / Ann / Anni,Mustjala,Ann,1,1.5904,-0.4681587720153168,7
Anna / Anne / Ann / Anni,Märjamaa,Ann,1,1.5904,-0.4681587720153168,7
Anna / Anne / Ann / Anni,Varbla,Anu,0,0.23146666666666665,-0.4811098280711657,14
Anna / Anne / Ann / Anni,Koivisto,Anna,0,0.24053333333333332,-0.49044197753998725,11
Anna / Anne / Ann / Anni,Kursi,Anna,0,0.24053333333333332,-0.49044197753998725,11
Anna / Anne / Ann / Anni,Paide,Anna,0,0.24053333333333332,-0.49044197753998725,11
Anna / Anne / Ann / Anni,Audru,Anu,0,0.248,-0.4979959839195493,15
Anna / Anne / Ann / Anni,Ilomantsi,Anu,0,0.248,-0.4979959839195493,15
Anna / Anne / Ann / Anni,Äksi,Anu,0,0.248,-0.4979959839195493,15
Anna / Anne / Ann / Anni,Vändra,Gift,2,2.8394666666666666,-0.4981786008623061,22
Anna / Anne / Ann / Anni,Pilistvere,Gift,3,4.0010666666666665,-0.5004666089001456,31
Anna / Anne / Ann / Anni,Otepää,Anna,0,0.2624,-0.5122499389946279,12
Anna / Anne / Ann / Anni,Palamuse,Anna,0,0.2624,-0.5122499389946279,12
Anna / Anne / Ann / Anni,Karuse,Anu,0,0.26453333333333334,-0.514328040586291,16
Anna / Anne / Ann / Anni,Paatene,Anu,0,0.26453333333333334,-0.514328040586291,16
Anna / Anne / Ann / Anni,Peetri,Anu,0,0.26453333333333334,-0.514328040586291,16
Anna / Anne / Ann / Anni,Paistu,Ann,10,11.8144,-0.527870268707235,52
Anna / Anne / Ann / Anni,Kodavere,Anni/Annie,1,1.6853333333333333,-0.5279088592864115,10
Anna / Anne / Ann / Anni,Koprina,Anna,0,0.28426666666666667,-0.5331666406168588,13
Anna / Anne / Ann / Anni,Kose,Other,2,2.9269333333333334,-0.5418038474716497,28
Anna / Anne / Ann / Anni,Laiuse,Anu,0,0.2976,-0.5455272678794343,18
Anna / Anne / Ann / Anni,Tori,Anu,0,0.2976,-0.5455272678794343,18
Anna / Anne / Ann / Anni,Varbla,Anna,0,0.3061333333333333,-0.5532931712332381,14
Anna / Anne / Ann / Anni,Äksi,Anna,0,0.328,-0.5727128425310541,15
Anna / Anne / Ann / Anni,Järva-Jaani,Anne,2,2.9904,-0.5727248005493206,9
Anna / Anne / Ann / Anni,Rannu,Anne,2,2.9904,-0.5727248005493206,9
Anna / Anne / Ann / Anni,Kontokki,Anu,0,0.33066666666666666,-0.5750362307426087,20
Anna / Anne / Ann / Anni,Tarvastu,Other,4,5.3312,-0.5765418286577971,51
Anna / Anne / Ann / Anni,Pühalepa,Other,1,1.7770666666666666,-0.58291659497966,17
Anna / Anne / Ann / Anni,Vuole,Anu,0,0.3472,-0.5892367945062494,21
Anna / Anne / Ann / Anni,Võnnu,Anu,0,0.3472,-0.5892367945062494,21
Anna / Anne / Ann / Anni,Karuse,Anna,0,0.34986666666666666,-0.5914952803418355,16
Anna / Anne / Ann / Anni,Paatene,Anna,0,0.34986666666666666,-0.5914952803418355,16
Anna / Anne / Ann / Anni,Peetri,Anna,0,0.34986666666666666,-0.5914952803418355,16
Anna / Anne / Ann / Anni,Varbla,Gift,1,1.8069333333333333,-0.6002975780491936,14
Anna / Anne / Ann / Anni,Jõhvi,Anu,0,0.36373333333333335,-0.6031030868212609,22
Anna / Anne / Ann / Anni,Vändra,Anu,0,0.36373333333333335,-0.6031030868212609,22
Anna / Anne / Ann / Anni,Jüri,Ann,1,1.8176,-0.6064454273370591,8
Anna / Anne / Ann / Anni,Korpiselkä,Ann,1,1.8176,-0.6064454273370591,8
Anna / Anne / Ann / Anni,Kõpu,Ann,1,1.8176,-0.6064454273370591,8
Anna / Anne / Ann / Anni,Rõngu,Ann,1,1.8176,-0.6064454273370591,8
Anna / Anne / Ann / Anni,Seiskari,Ann,1,1.8176,-0.6064454273370591,8
Anna / Anne / Ann / Anni,Pühalepa,Anna,0,0.37173333333333336,-0.6096993794759293,17
Anna / Anne / Ann / Anni,Maarja-Magdaleena,Anu,0,0.38026666666666664,-0.6166576575918494,23
Anna / Anne / Ann / Anni,Põltsamaa,Other,3,4.285866666666666,-0.621121568338051,41
Anna / Anne / Ann / Anni,Soikkola,Ann,4,5.4528,-0.6221513485233987,24
Anna / Anne / Ann / Anni,Väike-Maarja,Ann,4,5.4528,-0.6221513485233987,24
Anna / Anne / Ann / Anni,Väike-Maarja,Gift,2,3.0976,-0.6236363636363635,24
Anna / Anne / Ann / Anni,Laiuse,Anna,0,0.3936,-0.6273754856543249,18
Anna / Anne / Ann / Anni,Tori,Anna,0,0.3936,-0.6273754856543249,18
Anna / Anne / Ann / Anni,Soikkola,Anu,0,0.3968,-0.6299206299209449,24
Anna / Anne / Ann / Anni,Väike-Maarja,Anu,0,0.3968,-0.6299206299209449,24
Anna / Anne / Ann / Anni,Tulemajärvi,Other,2,3.136,-0.6414906110627284,30
Anna / Anne / Ann / Anni,Saarde,Anu,0,0.41333333333333333,-0.6429100507328637,25
Anna / Anne / Ann / Anni,Kontokki,Anna,0,0.43733333333333335,-0.6613118276073197,20
Anna / Anne / Ann / Anni,Ambla,Anu,0,0.4464,-0.6681317235396027,27
Anna / Anne / Ann / Anni,Suure-Jaani,Anu,0,0.4464,-0.6681317235396027,27
Anna / Anne / Ann / Anni,Vuole,Anna,0,0.4592,-0.6776429738438967,21
Anna / Anne / Ann / Anni,Halliste,Anu,0,0.4629333333333333,-0.6803920438492306,28
Anna / Anne / Ann / Anni,Kose,Anu,0,0.4629333333333333,-0.6803920438492306,28
Anna / Anne / Ann / Anni,Suojärvi,Anu,0,0.4629333333333333,-0.6803920438492306,28
Anna / Anne / Ann / Anni,Jõhvi,Anna,0,0.48106666666666664,-0.6935896961941308,22
Anna / Anne / Ann / Anni,Pöide,Anna,0,0.48106666666666664,-0.6935896961941308,22
Anna / Anne / Ann / Anni,Sangaste,Anna,0,0.48106666666666664,-0.6935896961941308,22
Anna / Anne / Ann / Anni,Tulemajärvi,Anu,0,0.496,-0.7042726744663604,30
Anna / Anne / Ann / Anni,Maarja-Magdaleena,Anna,0,0.5029333333333333,-0.7091779278385173,23
Anna / Anne / Ann / Anni,Pilistvere,Anu,0,0.5125333333333333,-0.7159143337951359,31
Anna / Anne / Ann / Anni,Pärnu,Other,0,0.5226666666666666,-0.7229568912920511,5
Anna / Anne / Ann / Anni,Tyrö,Other,0,0.5226666666666666,-0.7229568912920511,5
Anna / Anne / Ann / Anni,Soikkola,Anna,0,0.5248,-0.7244308110509934,24
Anna / Anne / Ann / Anni,Väike-Maarja,Anna,0,0.5248,-0.7244308110509934,24
Anna / Anne / Ann / Anni,Muhu,Anu,0,0.5290666666666667,-0.7273696905059123,32
Anna / Anne / Ann / Anni,Häädemeeste,Ann,1,2.0448,-0.730647235956984,9
Anna / Anne / Ann / Anni,Puhja,Ann,1,2.0448,-0.730647235956984,9
Anna / Anne / Ann / Anni,Rannu,Ann,1,2.0448,-0.730647235956984,9
Anna / Anne / Ann / Anni,Sakkola,Ann,1,2.0448,-0.730647235956984,9
Anna / Anne / Ann / Anni,Vaivara,Ann,1,2.0448,-0.730647235956984,9
Anna / Anne / Ann / Anni,Saarde,Anna,0,0.5466666666666666,-0.7393691004272945,25
Anna / Anne / Ann / Anni,Karuse,Gift,1,2.0650666666666666,-0.7411562145966677,16
Anna / Anne / Ann / Anni,Peetri,Gift,1,2.0650666666666666,-0.7411562145966677,16
Anna / Anne / Ann / Anni,Koeru,Anu,0,0.5621333333333334,-0.749755515707176,34
Anna / Anne / Ann / Anni,Ilomantsi,Ann,2,3.408,-0.7626984464306934,15
Anna / Anne / Ann / Anni,Suure-Jaani,Anna,0,0.5904,-0.7683749084919418,27
Anna / Anne / Ann / Anni,Helme,Anu,0,0.6117333333333334,-0.7821338333899982,37
Anna / Anne / Ann / Anni,Kuusalu,Anu,0,0.6117333333333334,-0.7821338333899982,37
Anna / Anne / Ann / Anni,Halliste,Anna,0,0.6122666666666666,-0.7824747067264646,28
Anna / Anne / Ann / Anni,Suojärvi,Anna,0,0.6122666666666666,-0.7824747067264646,28
Anna / Anne / Ann / Anni,Heinävesi,Other,0,0.6272,-0.7919595949289332,6
Anna / Anne / Ann / Anni,Kanepi,Other,0,0.6272,-0.7919595949289332,6
Anna / Anne / Ann / Anni,Lüganuse,Other,0,0.6272,-0.7919595949289332,6
Anna / Anne / Ann / Anni,Tõstamaa,Other,0,0.6272,-0.7919595949289332,6
Anna / Anne / Ann / Anni,Vigala,Anu,0,0.6282666666666666,-0.7926327438774319,38
Anna / Anne / Ann / Anni,Alatornio,Gift,0,0.6453333333333333,-0.8033264176742436,5
Anna / Anne / Ann / Anni,Hietamäki,Gift,0,0.6453333333333333,-0.8033264176742436,5
Anna / Anne / Ann / Anni,Kontiolahti,Gift,0,0.6453333333333333,-0.8033264176742436,5
Anna / Anne / Ann / Anni,Lavansaari,Gift,0,0.6453333333333333,-0.8033264176742436,5
Anna / Anne / Ann / Anni,Repola,Gift,0,0.6453333333333333,-0.8033264176742436,5
Anna / Anne / Ann / Anni,Tartu-Maarja,Gift,0,0.6453333333333333,-0.8033264176742436,5
Anna / Anne / Ann / Anni,Tyrö,Gift,0,0.6453333333333333,-0.8033264176742436,5
Anna / Anne / Ann / Anni,Võnnu,Other,1,2.1952,-0.806684175251122,21
Anna / Anne / Ann / Anni,Viru-Nigula,Anna,0,0.656,-0.8099382692526634,30
Anna / Anne / Ann / Anni,Helme,Gift,3,4.7754666666666665,-0.8124649119299953,37
Anna / Anne / Ann / Anni,Pilistvere,Anna,0,0.6778666666666666,-0.8233265856673564,31
Anna / Anne / Ann / Anni,Viljandi,Anu,0,0.6778666666666666,-0.8233265856673564,41
Anna / Anne / Ann / Anni,Setumaa,Anu,0,0.6944,-0.8333066662399863,42
Anna / Anne / Ann / Anni,Suistamo,Anna,0,0.6997333333333333,-0.8365006475390998,32
Anna / Anne / Ann / Anni,Kodavere,Ann,1,2.272,-0.8438843789704975,10
Anna / Anne / Ann / Anni,Narvusi,Anna,0,0.7216,-0.8494704232638121,33
Anna / Anne / Ann / Anni,Lempaala,Other,0,0.7317333333333333,-0.8554141297250901,7
Anna / Anne / Ann / Anni,Põlva,Other,0,0.7317333333333333,-0.8554141297250901,7
Anna / Anne / Ann / Anni,Koeru,Anna,0,0.7434666666666667,-0.8622451314253196,34
Anna / Anne / Ann / Anni,Kolga-Jaani,Other,3,4.9130666666666665,-0.8630854116758866,47
Anna / Anne / Ann / Anni,Heinävesi,Gift,0,0.7744,-0.88,6
Anna / Anne / Ann / Anni,Liperi,Gift,0,0.7744,-0.88,6
Anna / Anne / Ann / Anni,Salmi,Gift,0,0.7744,-0.88,6
Anna / Anne / Ann / Anni,Tõstamaa,Gift,0,0.7744,-0.88,6
Anna / Anne / Ann / Anni,Audru,Anne,3,4.984,-0.888694824544258,15
Anna / Anne / Ann / Anni,Helme,Anna,0,0.8090666666666667,-0.8994813320278896,37
Anna / Anne / Ann / Anni,Maarja-Magdaleena,Other,1,2.4042666666666666,-0.9056455747852293,23
Anna / Anne / Ann / Anni,Jüri,Other,0,0.8362666666666667,-0.9144761706390532,8
Anna / Anne / Ann / Anni,Kõpu,Other,0,0.8362666666666667,-0.9144761706390532,8
Anna / Anne / Ann / Anni,Risti,Other,0,0.8362666666666667,-0.9144761706390532,8
Anna / Anne / Ann / Anni,Rõngu,Other,0,0.8362666666666667,-0.9144761706390532,8
Anna / Anne / Ann / Anni,Skuoritsa,Other,0,0.8362666666666667,-0.9144761706390532,8
Anna / Anne / Ann / Anni,Pärnu,Anni/Annie,0,0.8426666666666667,-0.9179687721631202,5
Anna / Anne / Ann / Anni,Tartu-Maarja,Anni/Annie,0,0.8426666666666667,-0.9179687721631202,5
Anna / Anne / Ann / Anni,Tarvastu,Anu,0,0.8432,-0.9182592226599197,51
Anna / Anne / Ann / Anni,Karksi,Anu,0,0.8597333333333333,-0.927218061371398,52
Anna / Anne / Ann / Anni,Paistu,Anu,0,0.8597333333333333,-0.927218061371398,52
Anna / Anne / Ann / Anni,Põltsamaa,Anna,0,0.8965333333333333,-0.9468544414709863,41
Anna / Anne / Ann / Anni,Viljandi,Anna,0,0.8965333333333333,-0.9468544414709863,41
Anna / Anne / Ann / Anni,Koivisto,Ann,1,2.4992,-0.9483290784179886,11
Anna / Anne / Ann / Anni,Kursi,Ann,1,2.4992,-0.9483290784179886,11
Anna / Anne / Ann / Anni,Helme,Other,2,3.8677333333333332,-0.9497003717500718,37
Anna / Anne / Ann / Anni,Hämeenlinna,Gift,0,0.9034666666666666,-0.9505086357664861,7
Anna / Anne / Ann / Anni,Lempaala,Gift,0,0.9034666666666666,-0.9505086357664861,7
Anna / Anne / Ann / Anni,Rovaniemi,Gift,0,0.9034666666666666,-0.9505086357664861,7
Anna / Anne / Ann / Anni,Setumaa,Anna,0,0.9184,-0.9583318840568751,42
Anna / Anne / Ann / Anni,Häädemeeste,Other,0,0.9408,-0.9699484522385713,9
Anna / Anne / Ann / Anni,Järva-Jaani,Other,0,0.9408,-0.9699484522385713,9
Anna / Anne / Ann / Anni,Puhja,Other,0,0.9408,-0.9699484522385713,9
Anna / Anne / Ann / Anni,Harju-Jaani,Anne,2,3.9872,-0.9951935856270349,12
Anna / Anne / Ann / Anni,Viljandi,Gift,3,5.291733333333333,-0.9962425949211507,41
Anna / Anne / Ann / Anni,Peetri,Anne,3,5.3162666666666665,-1.004581505971607,16
Anna / Anne / Ann / Anni,Kanepi,Anni/Annie,0,1.0112,-1.0055844071981228,6
Anna / Anne / Ann / Anni,Lüganuse,Anni/Annie,0,1.0112,-1.0055844071981228,6
Anna / Anne / Ann / Anni,Tõstamaa,Anni/Annie,0,1.0112,-1.0055844071981228,6
Anna / Anne / Ann / Anni,Kadrina,Anu,0,1.0250666666666666,-1.01245576035038,62
Anna / Anne / Ann / Anni,Kolga-Jaani,Anna,0,1.0277333333333334,-1.0137718349477525,47
Anna / Anne / Ann / Anni,Korpiselkä,Gift,0,1.0325333333333333,-1.0161364737737413,8
Anna / Anne / Ann / Anni,Kõpu,Gift,0,1.0325333333333333,-1.0161364737737413,8
Anna / Anne / Ann / Anni,Ridala,Gift,0,1.0325333333333333,-1.0161364737737413,8
Anna / Anne / Ann / Anni,Seiskari,Gift,0,1.0325333333333333,-1.0161364737737413,8
Anna / Anne / Ann / Anni,Skuoritsa,Gift,0,1.0325333333333333,-1.0161364737737413,8
Anna / Anne / Ann / Anni,Toksova,Gift,0,1.0325333333333333,-1.0161364737737413,8
Anna / Anne / Ann / Anni,Karja,Other,0,1.0453333333333332,-1.0224154406763102,10
Anna / Anne / Ann / Anni,Kodavere,Other,0,1.0453333333333332,-1.0224154406763102,10
Anna / Anne / Ann / Anni,Käina,Other,0,1.0453333333333332,-1.0224154406763102,10
Anna / Anne / Ann / Anni,Pärnu-Jaagupi,Other,0,1.0453333333333332,-1.0224154406763102,10
Anna / Anne / Ann / Anni,Türi,Other,0,1.0453333333333332,-1.0224154406763102,10
Anna / Anne / Ann / Anni,Vuokkiniemi,Other,0,1.0453333333333332,-1.0224154406763102,10
Anna / Anne / Ann / Anni,Peetri,Anni/Annie,1,2.6965333333333334,-1.033140770815224,16
Anna / Anne / Ann / Anni,Laiuse,Ann,2,4.0896,-1.0332912304007815,18
Anna / Anne / Ann / Anni,Karksi,Other,3,5.435733333333333,-1.0447218263254756,52
Anna / Anne / Ann / Anni,Hietamäki,Ann,0,1.136,-1.0658330075579383,5
Anna / Anne / Ann / Anni,Kontiolahti,Ann,0,1.136,-1.0658330075579383,5
Anna / Anne / Ann / Anni,Repola,Ann,0,1.136,-1.0658330075579383,5
Anna / Anne / Ann / Anni,Tartu-Maarja,Ann,0,1.136,-1.0658330075579383,5
Anna / Anne / Ann / Anni,Tyrö,Ann,0,1.136,-1.0658330075579383,5
Anna / Anne / Ann / Anni,Paide,Other,0,1.1498666666666666,-1.0723183606870985,11
Anna / Anne / Ann / Anni,Simuna,Other,0,1.1498666666666666,-1.0723183606870985,11
Anna / Anne / Ann / Anni,Torma,Other,0,1.1498666666666666,-1.0723183606870985,11
Anna / Anne / Ann / Anni,Häädemeeste,Gift,0,1.1616,-1.0777754868245983,9
Anna / Anne / Ann / Anni,Kuusamo,Gift,0,1.1616,-1.0777754868245983,9
Anna / Anne / Ann / Anni,Moloskovitsa,Gift,0,1.1616,-1.0777754868245983,9
Anna / Anne / Ann / Anni,Puhja,Gift,0,1.1616,-1.0777754868245983,9
Anna / Anne / Ann / Anni,Sakkola,Gift,0,1.1616,-1.0777754868245983,9
Anna / Anne / Ann / Anni,Suure-Jaani,Other,1,2.8224,-1.0847619047619048,27
Anna / Anne / Ann / Anni,Iisaku,Anni/Annie,0,1.1797333333333333,-1.0861552989022027,7
Anna / Anne / Ann / Anni,Karula,Anni/Annie,0,1.1797333333333333,-1.0861552989022027,7
Anna / Anne / Ann / Anni,Mustjala,Anni/Annie,0,1.1797333333333333,-1.0861552989022027,7
Anna / Anne / Ann / Anni,Märjamaa,Anni/Annie,0,1.1797333333333333,-1.0861552989022027,7
Anna / Anne / Ann / Anni,Põlva,Anni/Annie,0,1.1797333333333333,-1.0861552989022027,7
Anna / Anne / Ann / Anni,Muhu,Anne,7,10.632533333333333,-1.1140154955585533,32
Anna / Anne / Ann / Anni,Palamuse,Other,0,1.2544,-1.12,12
Anna / Anne / Ann / Anni,Urvaste,Other,1,2.9269333333333334,-1.126316053460915,28
Anna / Anne / Ann / Anni,Kaprio,Gift,0,1.2906666666666666,-1.1360751148875088,10
Anna / Anne / Ann / Anni,Karja,Gift,0,1.2906666666666666,-1.1360751148875088,10
Anna / Anne / Ann / Anni,Käina,Gift,0,1.2906666666666666,-1.1360751148875088,10
Anna / Anne / Ann / Anni,Türi,Gift,0,1.2906666666666666,-1.1360751148875088,10
Anna / Anne / Ann / Anni,Vuokkiniemi,Gift,0,1.2906666666666666,-1.1360751148875088,10
Anna / Anne / Ann / Anni,Järva-Madise,Anni/Annie,0,1.3482666666666667,-1.161148856377453,8
Anna / Anne / Ann / Anni,Jüri,Anni/Annie,0,1.3482666666666667,-1.161148856377453,8
Anna / Anne / Ann / Anni,Kõpu,Anni/Annie,0,1.3482666666666667,-1.161148856377453,8
Anna / Anne / Ann / Anni,Ridala,Anni/Annie,0,1.3482666666666667,-1.161148856377453,8
Anna / Anne / Ann / Anni,Rõngu,Anni/Annie,0,1.3482666666666667,-1.161148856377453,8
Anna / Anne / Ann / Anni,Haljala,Anna,0,1.3557333333333332,-1.164359623713109,62
Anna / Anne / Ann / Anni,Kadrina,Anna,0,1.3557333333333332,-1.164359623713109,62
Anna / Anne / Ann / Anni,Heinävesi,Ann,0,1.3632,-1.167561561546114,6
Anna / Anne / Ann / Anni,Kanepi,Ann,0,1.3632,-1.167561561546114,6
Anna / Anne / Ann / Anni,Salmi,Ann,0,1.3632,-1.167561561546114,6
Anna / Anne / Ann / Anni,Tõstamaa,Ann,0,1.3632,-1.167561561546114,6
Anna / Anne / Ann / Anni,Tori,Anni/Annie,1,3.0336,-1.1675792693478977,18
Anna / Anne / Ann / Anni,Koivisto,Gift,0,1.4197333333333333,-1.1915256326799408,11
Anna / Anne / Ann / Anni,Paide,Gift,0,1.4197333333333333,-1.1915256326799408,11
Anna / Anne / Ann / Anni,Häädemeeste,Anni/Annie,0,1.5168,-1.2315843454672522,9
Anna / Anne / Ann / Anni,Järva-Jaani,Anni/Annie,0,1.5168,-1.2315843454672522,9
Anna / Anne / Ann / Anni,Nõo,Anni/Annie,0,1.5168,-1.2315843454672522,9
Anna / Anne / Ann / Anni,Puhja,Anni/Annie,0,1.5168,-1.2315843454672522,9
Anna / Anne / Ann / Anni,Rannu,Anni/Annie,0,1.5168,-1.2315843454672522,9
Anna / Anne / Ann / Anni,Vaivara,Anni/Annie,0,1.5168,-1.2315843454672522,9
Anna / Anne / Ann / Anni,Saarde,Gift,1,3.2266666666666666,-1.239590263772093,25
Anna / Anne / Ann / Anni,Kolga-Jaani,Gift,3,6.066133333333333,-1.2449017018816193,47
Anna / Anne / Ann / Anni,Hämeenlinna,Ann,0,1.5904,-1.2611106216347558,7
Anna / Anne / Ann / Anni,Iisaku,Ann,0,1.5904,-1.2611106216347558,7
Anna / Anne / Ann / Anni,Rovaniemi,Ann,0,1.5904,-1.2611106216347558,7
Anna / Anne / Ann / Anni,Alatornio,Anne,0,1.6613333333333333,-1.2889272024956775,5
Anna / Anne / Ann / Anni,Hietamäki,Anne,0,1.6613333333333333,-1.2889272024956775,5
Anna / Anne / Ann / Anni,Kontiolahti,Anne,0,1.6613333333333333,-1.2889272024956775,5
Anna / Anne / Ann / Anni,Lavansaari,Anne,0,1.6613333333333333,-1.2889272024956775,5
Anna / Anne / Ann / Anni,Repola,Anne,0,1.6613333333333333,-1.2889272024956775,5
Anna / Anne / Ann / Anni,Tyrö,Anne,0,1.6613333333333333,-1.2889272024956775,5
Anna / Anne / Ann / Anni,Paatene,Other,0,1.6725333333333334,-1.2932646029847619,16
Anna / Anne / Ann / Anni,Koprina,Gift,0,1.6778666666666666,-1.2953249270614176,13
Anna / Anne / Ann / Anni,Kuusalu,Anni/Annie,3,6.235733333333333,-1.2957730872789808,37
Anna / Anne / Ann / Anni,Hargla,Anni/Annie,0,1.6853333333333333,-1.2982038874280624,10
Anna / Anne / Ann / Anni,Karja,Anni/Annie,0,1.6853333333333333,-1.2982038874280624,10
Anna / Anne / Ann / Anni,Käina,Anni/Annie,0,1.6853333333333333,-1.2982038874280624,10
Anna / Anne / Ann / Anni,Pärnu-Jaagupi,Anni/Annie,0,1.6853333333333333,-1.2982038874280624,10
Anna / Anne / Ann / Anni,Türi,Anni/Annie,0,1.6853333333333333,-1.2982038874280624,10
Anna / Anne / Ann / Anni,Halliste,Ann,3,6.3616,-1.332793468840353,28
Anna / Anne / Ann / Anni,Järva-Madise,Ann,0,1.8176,-1.3481839637082176,8
Anna / Anne / Ann / Anni,Risti,Ann,0,1.8176,-1.3481839637082176,8
Anna / Anne / Ann / Anni,Skuoritsa,Ann,0,1.8176,-1.3481839637082176,8
Anna / Anne / Ann / Anni,Toksova,Ann,0,1.8176,-1.3481839637082176,8
Anna / Anne / Ann / Anni,Jõelähtme,Anni/Annie,0,1.8538666666666668,-1.3615677238634394,11
Anna / Anne / Ann / Anni,Kursi,Anni/Annie,0,1.8538666666666668,-1.3615677238634394,11
Anna / Anne / Ann / Anni,Paide,Anni/Annie,0,1.8538666666666668,-1.3615677238634394,11
Anna / Anne / Ann / Anni,Rapla,Anni/Annie,0,1.8538666666666668,-1.3615677238634394,11
Anna / Anne / Ann / Anni,Simuna,Anni/Annie,0,1.8538666666666668,-1.3615677238634394,11
Anna / Anne / Ann / Anni,Torma,Anni/Annie,0,1.8538666666666668,-1.3615677238634394,11
Anna / Anne / Ann / Anni,Viru-Jaagupi,Anni/Annie,0,1.8538666666666668,-1.3615677238634394,11
Anna / Anne / Ann / Anni,Jõelähtme,Anne,1,3.654933333333333,-1.388717442472018,11
Anna / Anne / Ann / Anni,Audru,Gift,0,1.936,-1.3914021704740869,15
Anna / Anne / Ann / Anni,Ilomantsi,Gift,0,1.936,-1.3914021704740869,15
Anna / Anne / Ann / Anni,Tarvastu,Gift,3,6.5824,-1.3963102986693718,51
Anna / Anne / Ann / Anni,Heinävesi,Anne,0,1.9936,-1.4119490075778232,6
Anna / Anne / Ann / Anni,Liperi,Anne,0,1.9936,-1.4119490075778232,6
Anna / Anne / Ann / Anni,Salmi,Anne,0,1.9936,-1.4119490075778232,6
Anna / Anne / Ann / Anni,Harju-Jaani,Anni/Annie,0,2.0224,-1.4221111067704941,12
Anna / Anne / Ann / Anni,Otepää,Anni/Annie,0,2.0224,-1.4221111067704941,12
Anna / Anne / Ann / Anni,Palamuse,Anni/Annie,0,2.0224,-1.4221111067704941,12
Anna / Anne / Ann / Anni,Kuusamo,Ann,0,2.0448,-1.4299650345375583,9
Anna / Anne / Ann / Anni,Moloskovitsa,Ann,0,2.0448,-1.4299650345375583,9
Anna / Anne / Ann / Anni,Nõo,Ann,0,2.0448,-1.4299650345375583,9
Anna / Anne / Ann / Anni,Paatene,Gift,0,2.0650666666666666,-1.4370339824327978,16
Anna / Anne / Ann / Anni,Kontokki,Other,0,2.0906666666666665,-1.4459137825841022,20
Anna / Anne / Ann / Anni,Kuusalu,Other,1,3.8677333333333332,-1.4581778694746248,37
Anna / Anne / Ann / Anni,Pühalepa,Gift,0,2.1941333333333333,-1.4812607242931046,17
Anna / Anne / Ann / Anni,Vuole,Other,0,2.1952,-1.4816207341961707,21
Anna / Anne / Ann / Anni,Hargla,Ann,0,2.272,-1.5073154945133416,10
Anna / Anne / Ann / Anni,Kaprio,Ann,0,2.272,-1.5073154945133416,10
Anna / Anne / Ann / Anni,Vuokkiniemi,Ann,0,2.272,-1.5073154945133416,10
Anna / Anne / Ann / Anni,Pöide,Other,0,2.299733333333333,-1.5164871688653794,22
Anna / Anne / Ann / Anni,Vändra,Other,0,2.299733333333333,-1.5164871688653794,22
Anna / Anne / Ann / Anni,Hämeenlinna,Anne,0,2.3258666666666667,-1.5250792329143648,7
Anna / Anne / Ann / Anni,Lempaala,Anne,0,2.3258666666666667,-1.5250792329143648,7
Anna / Anne / Ann / Anni,Rovaniemi,Anne,0,2.3258666666666667,-1.5250792329143648,7
Anna / Anne / Ann / Anni,Pühalepa,Anne,2,5.648533333333333,-1.535148774954344,17
Anna / Anne / Ann / Anni,Varbla,Anni/Annie,0,2.3594666666666666,-1.5360555545508978,14
Anna / Anne / Ann / Anni,Simuna,Ann,0,2.4992,-1.5808858276295605,11
Anna / Anne / Ann / Anni,Audru,Anni/Annie,0,2.528,-1.5899685531481431,15
Anna / Anne / Ann / Anni,Äksi,Anni/Annie,0,2.528,-1.5899685531481431,15
Anna / Anne / Ann / Anni,Jõhvi,Anne,3,7.309866666666666,-1.594076307547342,22
Anna / Anne / Ann / Anni,Pöide,Anne,3,7.309866666666666,-1.594076307547342,22
Anna / Anne / Ann / Anni,Sangaste,Anne,3,7.309866666666666,-1.594076307547342,22
Anna / Anne / Ann / Anni,Kontokki,Gift,0,2.5813333333333333,-1.6066528353484872,20
Anna / Anne / Ann / Anni,Haljala,Ann,8,14.0864,-1.6216625322393305,62
Anna / Anne / Ann / Anni,Korpiselkä,Anne,0,2.6581333333333332,-1.6303782792141623,8
Anna / Anne / Ann / Anni,Ridala,Anne,0,2.6581333333333332,-1.6303782792141623,8
Anna / Anne / Ann / Anni,Risti,Anne,0,2.6581333333333332,-1.6303782792141623,8
Anna / Anne / Ann / Anni,Seiskari,Anne,0,2.6581333333333332,-1.6303782792141623,8
Anna / Anne / Ann / Anni,Skuoritsa,Anne,0,2.6581333333333332,-1.6303782792141623,8
Anna / Anne / Ann / Anni,Toksova,Anne,0,2.6581333333333332,-1.6303782792141623,8
Anna / Anne / Ann / Anni,Karuse,Anni/Annie,0,2.6965333333333334,-1.642112460623003,16
Anna / Anne / Ann / Anni,Vuole,Gift,0,2.7104,-1.6463292501805342,21
Anna / Anne / Ann / Anni,Suure-Jaani,Anni/Annie,1,4.5504,-1.664380034769898,27
Anna / Anne / Ann / Anni,Pühalepa,Anni/Annie,0,2.865066666666667,-1.6926507810728908,17
Anna / Anne / Ann / Anni,Varbla,Anne,1,4.6517333333333335,-1.6931352465868557,14
Anna / Anne / Ann / Anni,Helme,Anni/Annie,2,6.235733333333333,-1.6962304036871048,37
Anna / Anne / Ann / Anni,Halliste,Other,0,2.9269333333333334,-1.7108282594501802,28
Anna / Anne / Ann / Anni,Kose,Anni/Annie,1,4.718933333333333,-1.7119712701729337,28
Anna / Anne / Ann / Anni,Koprina,Ann,0,2.9536,-1.7186040847152666,13
Anna / Anne / Ann / Anni,Vuole,Ann,1,4.7712,-1.726496706803973,21
Anna / Anne / Ann / Anni,Kuusamo,Anne,0,2.9904,-1.7292773056973831,9
Anna / Anne / Ann / Anni,Moloskovitsa,Anne,0,2.9904,-1.7292773056973831,9
Anna / Anne / Ann / Anni,Rõuge,Anne,0,2.9904,-1.7292773056973831,9
Anna / Anne / Ann / Anni,Sakkola,Anne,0,2.9904,-1.7292773056973831,9
Anna / Anne / Ann / Anni,Urvaste,Anne,4,9.303466666666667,-1.7387511914813625,28
Anna / Anne / Ann / Anni,Laiuse,Anni/Annie,0,3.0336,-1.7417232845661794,18
Anna / Anne / Ann / Anni,Soikkola,Gift,0,3.0976,-1.76,24
Anna / Anne / Ann / Anni,Pilistvere,Other,0,3.2405333333333335,-1.8001481420520185,31
Anna / Anne / Ann / Anni,Viru-Nigula,Anni/Annie,1,5.056,-1.803825049755819,30
Anna / Anne / Ann / Anni,Kaprio,Anne,0,3.3226666666666667,-1.8228183306809997,10
Anna / Anne / Ann / Anni,Käina,Anne,0,3.3226666666666667,-1.8228183306809997,10
Anna / Anne / Ann / Anni,Vuokkiniemi,Anne,0,3.3226666666666667,-1.8228183306809997,10
Anna / Anne / Ann / Anni,Tulemajärvi,Ann,2,6.816,-1.8446827532380456,30
Anna / Anne / Ann / Anni,Helme,Ann,3,8.4064,-1.8646750028858954,37
Anna / Anne / Ann / Anni,Kuusalu,Ann,3,8.4064,-1.8646750028858954,37
Anna / Anne / Ann / Anni,Vigala,Anne,6,12.626133333333334,-1.8647687604419767,38
Anna / Anne / Ann / Anni,Võnnu,Anni/Annie,0,3.5392,-1.8812761626087755,21
Anna / Anne / Ann / Anni,Suojärvi,Gift,0,3.6138666666666666,-1.9010172715329723,28
Anna / Anne / Ann / Anni,Paistu,Other,1,5.435733333333333,-1.9025512217098708,52
Anna / Anne / Ann / Anni,Paatene,Ann,0,3.6352,-1.9066200460500775,16
Anna / Anne / Ann / Anni,Koivisto,Anne,0,3.654933333333333,-1.9117879938249778,11
Anna / Anne / Ann / Anni,Viru-Jaagupi,Anne,0,3.654933333333333,-1.9117879938249778,11
Anna / Anne / Ann / Anni,Jõhvi,Anni/Annie,0,3.7077333333333335,-1.925547541177141,22
Anna / Anne / Ann / Anni,Pöide,Anni/Annie,0,3.7077333333333335,-1.925547541177141,22
Anna / Anne / Ann / Anni,Sangaste,Anni/Annie,0,3.7077333333333335,-1.925547541177141,22
Anna / Anne / Ann / Anni,Vändra,Anni/Annie,0,3.7077333333333335,-1.925547541177141,22
Anna / Anne / Ann / Anni,Saarde,Ann,1,5.68,-1.9636843784142526,25
Anna / Anne / Ann / Anni,Tulemajärvi,Gift,0,3.872,-1.9677398201998149,30
Anna / Anne / Ann / Anni,Maarja-Magdaleena,Anni/Annie,0,3.8762666666666665,-1.9688236758701034,23
Anna / Anne / Ann / Anni,Väike-Maarja,Anni/Annie,0,4.0448,-2.0111688143962456,24
Anna / Anne / Ann / Anni,Suistamo,Gift,0,4.130133333333333,-2.0322729475474826,32
Anna / Anne / Ann / Anni,Saarde,Anni/Annie,0,4.213333333333333,-2.052640575778754,25
Anna / Anne / Ann / Anni,Narvusi,Gift,0,4.2592,-2.063782934322309,33
Anna / Anne / Ann / Anni,Koprina,Anne,0,4.319466666666667,-2.0783326650627103,13
Anna / Anne / Ann / Anni,Setumaa,Anne,6,13.9552,-2.129526604392813,42
Anna / Anne / Ann / Anni,Ambla,Anni/Annie,0,4.5504,-2.1331666601557413,27
Anna / Anne / Ann / Anni,Vigala,Anni/Annie,1,6.4042666666666666,-2.135512249882491,38
Anna / Anne / Ann / Anni,Halliste,Anni/Annie,0,4.718933333333333,-2.1723105978044055,28
Anna / Anne / Ann / Anni,Urvaste,Anni/Annie,0,4.718933333333333,-2.1723105978044055,28
Anna / Anne / Ann / Anni,Ilomantsi,Anne,0,4.984,-2.232487401980132,15
Anna / Anne / Ann / Anni,Pilistvere,Anni/Annie,0,5.2245333333333335,-2.2857238095039687,31
Anna / Anne / Ann / Anni,Paatene,Anne,0,5.3162666666666665,-2.305703074263177,16
Anna / Anne / Ann / Anni,Muhu,Anni/Annie,0,5.393066666666667,-2.322297712754906,32
Anna / Anne / Ann / Anni,Koeru,Anni/Annie,0,5.730133333333334,-2.3937696909546946,34
Anna / Anne / Ann / Anni,Suojärvi,Ann,0,6.3616,-2.5222212432695117,28
Anna / Anne / Ann / Anni,Kontokki,Anne,0,6.645333333333333,-2.577854404991355,20
Anna / Anne / Ann / Anni,Haljala,Anni/Annie,2,10.449066666666667,-2.6137857556787405,62
Anna / Anne / Ann / Anni,Põltsamaa,Anni/Annie,0,6.909866666666667,-2.6286625243014115,41
Anna / Anne / Ann / Anni,Viljandi,Anni/Annie,0,6.909866666666667,-2.6286625243014115,41
Anna / Anne / Ann / Anni,Vuole,Anne,0,6.9776,-2.6415147169758493,21
Anna / Anne / Ann / Anni,Setumaa,Anni/Annie,0,7.0784,-2.6605262637305422,42
Anna / Anne / Ann / Anni,Suistamo,Ann,0,7.2704,-2.696367927416435,32
Anna / Anne / Ann / Anni,Narvusi,Ann,0,7.4976,-2.7381745744199733,33
Anna / Anne / Ann / Anni,Kolga-Jaani,Anni/Annie,0,7.9210666666666665,-2.814438961261492,47
Anna / Anne / Ann / Anni,Soikkola,Anne,0,7.9744,-2.8238980151556463,24
Anna / Anne / Ann / Anni,Kadrina,Anni/Annie,1,10.449066666666667,-2.9231436834591746,62
Anna / Anne / Ann / Anni,Tarvastu,Anni/Annie,0,8.5952,-2.931757152289391,51
Anna / Anne / Ann / Anni,Karksi,Anni/Annie,0,8.763733333333333,-2.960360338427289,52
Anna / Anne / Ann / Anni,Paistu,Anni/Annie,0,8.763733333333333,-2.960360338427289,52
Anna / Anne / Ann / Anni,Suojärvi,Anne,0,9.303466666666667,-3.0501584658287295,28
Anna / Anne / Ann / Anni,Tulemajärvi,Anne,0,9.968,-3.1572139617073782,30
Anna / Anne / Ann / Anni,Suistamo,Anne,0,10.632533333333333,-3.2607565584283247,32
Anna / Anne / Ann / Anni,Narvusi,Anne,0,10.9648,-3.3113139386050365,33
Anna / Anne / Ann / Anni,Karksi,Ann,0,11.8144,-3.437208169430533,52
Catherine / Kadri / Katri,Kalajoki,Kaisa/Kaie,21,1.067001675041876,19.29701256626875,21
Catherine / Kadri / Katri,Kupanitsa,Kati,14,0.678391959798995,16.17395778646394,15
Catherine / Kadri / Katri,Narvusi,Kati,34,3.5728643216080402,16.097291511248716,79
Catherine / Kadri / Katri,Uukuniemi,Catherine/Katherine,4,0.06979341150195421,14.876753456702236,5
Catherine / Kadri / Katri,Paistu,Refrain,55,10.155778894472363,14.071806892016363,141
Catherine / Kadri / Katri,Palamuse,Refrain,24,2.3768844221105527,14.025367106677772,33
Catherine / Kadri / Katri,Viljandi,Katri/Katrina,48,9.477386934673367,12.513287778517384,69
Catherine / Kadri / Katri,Vuole,Kati,13,0.9949748743718593,12.035302664574216,22
Catherine / Kadri / Katri,Ilomantsi,Kaisa/Kaie,9,0.609715242881072,10.745167115581879,12
Catherine / Kadri / Katri,Tuupovaara,Kaisa/Kaie,7,0.457286432160804,9.675284625581149,9
Catherine / Kadri / Katri,Helme,Refrain,31,6.698492462311558,9.389547845417336,93
Catherine / Kadri / Katri,Soikkola,Kaisa/Kaie,10,1.1178112786152987,8.40109223489153,22
Catherine / Kadri / Katri,Juva,Kaisa/Kaie,5,0.3556672250139587,7.787560021397356,7
Catherine / Kadri / Katri,Lemi,Kaisa/Kaie,5,0.3556672250139587,7.787560021397356,7
Catherine / Kadri / Katri,Häädemeeste,Refrain,15,2.592964824120603,7.704947802423718,36
Catherine / Kadri / Katri,Hietamäki,Katri/Katrina,10,1.373534338358459,7.3605986432585055,10
Catherine / Kadri / Katri,Varbla,Catherine/Katherine,3,0.15354550530429928,7.264164849440696,11
Catherine / Kadri / Katri,Paistu,Katri/Katrina,51,19.366834170854272,7.188087267936929,141
Catherine / Kadri / Katri,Venjoki,Other,9,1.3634840871021776,6.539886695787327,22
Catherine / Kadri / Katri,Vuole,Other,9,1.3634840871021776,6.539886695787327,22
Catherine / Kadri / Katri,Suistamo,Other,6,0.7437185929648241,6.095008121271884,12
Catherine / Kadri / Katri,Tyrö,Katri/Katrina,13,3.2964824120603016,5.344459814119967,24
Catherine / Kadri / Katri,Tuupovaara,Catherine/Katherine,2,0.12562814070351758,5.288253789362186,9
Catherine / Kadri / Katri,Pyhäjärvi Vpl.,Katri/Katrina,8,1.5108877721943048,5.2792129665349,11
Catherine / Kadri / Katri,Koivisto,Katri/Katrina,5,0.6867671691792295,5.20472921424059,5
Catherine / Kadri / Katri,Laiuse,Katri/Katrina,10,2.33500837520938,5.016114754212985,17
Catherine / Kadri / Katri,Tõstamaa,Catherine/Katherine,3,0.30709101060859856,4.859461260045328,22
Catherine / Kadri / Katri,Narvusi,Other,15,4.8961474036850925,4.566250782237564,79
Catherine / Kadri / Katri,Tyrö,Other,7,1.4874371859296482,4.519956277830264,24
Catherine / Kadri / Katri,Haljala,Katri/Katrina,15,5.082077051926298,4.3994674340437765,37
Catherine / Kadri / Katri,Sangaste,Other,3,0.37185929648241206,4.309821573938429,6
Catherine / Kadri / Katri,Äksi,Other,3,0.37185929648241206,4.309821573938429,6
Catherine / Kadri / Katri,Räpina,Kadri,74,46.39865996649916,4.052074750790482,75
Catherine / Kadri / Katri,Rääpyvä,Katri/Katrina,4,0.6867671691792295,3.9980405381622863,5
Catherine / Kadri / Katri,Soanlahti,Katri/Katrina,4,0.6867671691792295,3.9980405381622863,5
Catherine / Kadri / Katri,Koprina,Katri/Katrina,7,1.7855946398659968,3.902234396986132,13
Catherine / Kadri / Katri,Urvaste,Other,4,0.7437185929648241,3.775875012030766,12
Catherine / Kadri / Katri,Sortavala,Katri/Katrina,5,1.0988274706867671,3.7216060862120637,8
Catherine / Kadri / Katri,Venjoki,Kaisa/Kaie,5,1.1178112786152987,3.6719131449082734,22
Catherine / Kadri / Katri,Moloskovitsa,Katri/Katrina,6,1.5108877721943048,3.6521142876390122,11
Catherine / Kadri / Katri,Moloskovitsa,Kati,3,0.49748743718592964,3.54801303944828,11
Catherine / Kadri / Katri,Toksova,Kati,3,0.49748743718592964,3.54801303944828,11
Catherine / Kadri / Katri,Impilahti,Catherine/Katherine,1,0.06979341150195421,3.521050043879234,5
Catherine / Kadri / Katri,Rõngu,Catherine/Katherine,1,0.06979341150195421,3.521050043879234,5
Catherine / Kadri / Katri,Impilahti,Kaisa/Kaie,2,0.25404801786711334,3.463972136568373,5
Catherine / Kadri / Katri,Serepetta,Kati,2,0.271356783919598,3.318448059659867,6
Catherine / Kadri / Katri,Lempaala,Catherine/Katherine,1,0.08375209380234507,3.1660309685475827,6
Catherine / Kadri / Katri,Võnnu,Catherine/Katherine,1,0.08375209380234507,3.1660309685475827,6
Catherine / Kadri / Katri,Koprina,Kati,3,0.5879396984924623,3.145732348148006,13
Catherine / Kadri / Katri,Karksi,Kadri,40,24.745951982132887,3.066429795922976,40
Catherine / Kadri / Katri,Suistamo,Kaisa/Kaie,3,0.609715242881072,3.0611606056968133,12
Catherine / Kadri / Katri,Soikkola,Kati,4,0.9949748743718593,3.0126040156615237,22
Catherine / Kadri / Katri,Pärnu-Jaagupi,Kadri,38,23.508654383026244,2.988786059365576,38
Catherine / Kadri / Katri,Audru,Catherine/Katherine,3,0.6420993858179788,2.942553504177692,46
Catherine / Kadri / Katri,Juva,Catherine/Katherine,1,0.0977107761027359,2.886519788670857,7
Catherine / Kadri / Katri,Lemi,Catherine/Katherine,1,0.0977107761027359,2.886519788670857,7
Catherine / Kadri / Katri,Halliste,Kadri,39,24.745951982132887,2.865405792830075,40
Catherine / Kadri / Katri,Pyhäjärvi Vpl.,Other,3,0.6817420435510888,2.807706581006158,11
Catherine / Kadri / Katri,Toksova,Other,3,0.6817420435510888,2.807706581006158,11
Catherine / Kadri / Katri,Ambla,Kadri,37,23.508654383026244,2.782539783942761,38
Catherine / Kadri / Katri,Lempaala,Other,2,0.37185929648241206,2.669946825919791,6
Catherine / Kadri / Katri,Serepetta,Other,2,0.37185929648241206,2.669946825919791,6
Catherine / Kadri / Katri,Karuse,Kadri,30,18.559463986599663,2.6556061021908293,30
Catherine / Kadri / Katri,Ilomantsi,Other,3,0.7437185929648241,2.6163084574102067,12
Catherine / Kadri / Katri,Audru,Kadri,42,28.45784477945282,2.538556210330587,46
Catherine / Kadri / Katri,Tyrö,Kaisa/Kaie,4,1.219430485762144,2.5179971419049036,24
Catherine / Kadri / Katri,Simuna,Kadri,26,16.084868788386377,2.4722347381793552,26
Catherine / Kadri / Katri,Koprina,Other,3,0.8056951423785594,2.444621302544983,13
Catherine / Kadri / Katri,Kose,Kadri,31,20.41541038525963,2.342582890580523,33
Catherine / Kadri / Katri,Juuru,Kadri,23,14.22892238972641,2.325235520041234,23
Catherine / Kadri / Katri,Peetri,Kadri,23,14.22892238972641,2.325235520041234,23
Catherine / Kadri / Katri,Venjoki,Katri/Katrina,7,3.0217755443886096,2.2885382831482572,22
Catherine / Kadri / Katri,Tori,Kadri,22,13.610273590173088,2.2741252013309032,22
Catherine / Kadri / Katri,Soikkola,Other,4,1.3634840871021776,2.257903412846952,22
Catherine / Kadri / Katri,Vigala,Kadri,25,16.084868788386377,2.2228951494824734,26
Catherine / Kadri / Katri,Moloskovitsa,Catherine/Katherine,1,0.15354550530429928,2.160155730041603,11
Catherine / Kadri / Katri,Toksova,Catherine/Katherine,1,0.15354550530429928,2.160155730041603,11
Catherine / Kadri / Katri,Sortavala,Other,2,0.49581239530988275,2.136206910127727,8
Catherine / Kadri / Katri,Türi,Kadri,19,11.754327191513122,2.113390890093218,19
Catherine / Kadri / Katri,Muhu,Kadri,18,11.135678391959798,2.0570236415743746,18
Catherine / Kadri / Katri,Toksova,Katri/Katrina,4,1.5108877721943048,2.025015608743124,11
Catherine / Kadri / Katri,Varbla,Katri/Katrina,4,1.5108877721943048,2.025015608743124,11
Catherine / Kadri / Katri,Põlva,Kadri,21,13.610273590173088,2.003064490856815,22
Catherine / Kadri / Katri,Märjamaa,Kadri,17,10.517029592406477,1.9990676500966131,17
Catherine / Kadri / Katri,Narvusi,Kaisa/Kaie,8,4.013958682300391,1.9895522411665179,79
Catherine / Kadri / Katri,Karula,Kadri,62,48.25460636515913,1.9787357163029808,78
Catherine / Kadri / Katri,Risti,Kadri,24,16.084868788386377,1.9735555607855917,26
Catherine / Kadri / Katri,Harju-Jaani,Kadri,15,9.279731993299832,1.877797083019511,15
Catherine / Kadri / Katri,Kõpu,Kadri,15,9.279731993299832,1.877797083019511,15
Catherine / Kadri / Katri,Narvusi,Katri/Katrina,17,10.850921273031826,1.866709540501242,79
Catherine / Kadri / Katri,Põltsamaa,Other,3,1.1155778894472361,1.7841371743828454,18
Catherine / Kadri / Katri,Kullamaa,Kadri,13,8.042434394193188,1.7481339480515707,13
Catherine / Kadri / Katri,Vändra,Kadri,13,8.042434394193188,1.7481339480515707,13
Catherine / Kadri / Katri,Suure-Jaani,Kadri,16,10.517029592406477,1.6907109055162124,17
Catherine / Kadri / Katri,Rääpyvä,Kati,1,0.22613065326633167,1.6273760707004863,5
Catherine / Kadri / Katri,Kuusalu,Kadri,14,9.279731993299832,1.5495262605999949,15
Catherine / Kadri / Katri,Hanila,Kadri,10,6.186487995533222,1.533214897961488,10
Catherine / Kadri / Katri,Rakvere,Kadri,15,10.517029592406477,1.3823541609358114,17
Catherine / Kadri / Katri,Järva-Jaani,Kadri,11,7.423785594639866,1.3125348332530768,12
Catherine / Kadri / Katri,Kadrina,Kadri,14,9.898380792853155,1.3036867738860822,16
Catherine / Kadri / Katri,Lempaala,Katri/Katrina,2,0.8241206030150754,1.2952911408638759,6
Catherine / Kadri / Katri,Serepetta,Katri/Katrina,2,0.8241206030150754,1.2952911408638759,6
Catherine / Kadri / Katri,Järva-Madise,Kadri,7,4.330541596873255,1.2827796172108985,7
Catherine / Kadri / Katri,Pärnu,Kadri,7,4.330541596873255,1.2827796172108985,7
Catherine / Kadri / Katri,Väike-Maarja,Kadri,7,4.330541596873255,1.2827796172108985,7
Catherine / Kadri / Katri,Lempaala,Kaisa/Kaie,1,0.304857621440536,1.2589985709524518,6
Catherine / Kadri / Katri,Soikkola,Catherine/Katherine,1,0.30709101060859856,1.2503818004802514,22
Catherine / Kadri / Katri,Soanlahti,Other,1,0.3098827470686767,1.2397216518621041,5
Catherine / Kadri / Katri,Torma,Other,1,0.3098827470686767,1.2397216518621041,5
Catherine / Kadri / Katri,Kodavere,Kadri,10,6.805136795086544,1.224711618149362,11
Catherine / Kadri / Katri,Tõstamaa,Kadri,18,13.610273590173088,1.1898823594345507,22
Catherine / Kadri / Katri,Jõhvi,Kadri,6,3.711892797319933,1.1876231531923893,6
Catherine / Kadri / Katri,Koeru,Kadri,6,3.711892797319933,1.1876231531923893,6
Catherine / Kadri / Katri,Setumaa,Kadri,25,19.79676158570631,1.1694365126788429,32
Catherine / Kadri / Katri,Põltsamaa,Kadri,15,11.135678391959798,1.1580169695246663,18
Catherine / Kadri / Katri,Harju-Madise,Kadri,5,3.093243997766611,1.0841466513648086,5
Catherine / Kadri / Katri,Kanepi,Kadri,5,3.093243997766611,1.0841466513648086,5
Catherine / Kadri / Katri,Nõo,Kadri,5,3.093243997766611,1.0841466513648086,5
Catherine / Kadri / Katri,Viru-Jaagupi,Kadri,5,3.093243997766611,1.0841466513648086,5
Catherine / Kadri / Katri,Rapla,Kaisa/Kaie,1,0.3556672250139587,1.080409264810357,7
Catherine / Kadri / Katri,Sortavala,Kaisa/Kaie,1,0.4064768285873814,0.9309359074352092,8
Catherine / Kadri / Katri,Rakvere,Other,2,1.053601340033501,0.9220106966685254,17
Catherine / Kadri / Katri,Võnnu,Refrain,1,0.4321608040201005,0.8637790761486375,6
Catherine / Kadri / Katri,Juva,Other,1,0.4338358458961474,0.85956683912041,7
Catherine / Kadri / Katri,Lemi,Other,1,0.4338358458961474,0.85956683912041,7
Catherine / Kadri / Katri,Rapla,Other,1,0.4338358458961474,0.85956683912041,7
Catherine / Kadri / Katri,Tarvastu,Kadri,15,12.372975991066443,0.7468389450470607,20
Catherine / Kadri / Katri,Helme,Kadri,62,57.53433835845896,0.5887382497256388,93
Catherine / Kadri / Katri,Rõngu,Kadri,4,3.093243997766611,0.515564908291786,5
Catherine / Kadri / Katri,Torma,Kadri,4,3.093243997766611,0.515564908291786,5
Catherine / Kadri / Katri,Viru-Nigula,Kadri,4,3.093243997766611,0.515564908291786,5
Catherine / Kadri / Katri,Rõuge,Other,1,0.6197654941373534,0.4829896558425108,10
Catherine / Kadri / Katri,Setumaa,Kati,2,1.4472361809045227,0.45948348152399504,32
Catherine / Kadri / Katri,Karula,Katri/Katrina,12,10.71356783919598,0.393024683763962,78
Catherine / Kadri / Katri,Kodavere,Other,1,0.6817420435510888,0.3854510479704985,11
Catherine / Kadri / Katri,Moloskovitsa,Other,1,0.6817420435510888,0.3854510479704985,11
Catherine / Kadri / Katri,Varbla,Other,1,0.6817420435510888,0.3854510479704985,11
Catherine / Kadri / Katri,Uukuniemi,Katri/Katrina,1,0.6867671691792295,0.37797450992737486,5
Catherine / Kadri / Katri,Viru-Nigula,Katri/Katrina,1,0.6867671691792295,0.37797450992737486,5
Catherine / Kadri / Katri,Rõuge,Refrain,1,0.7202680067001676,0.3296059764679992,10
Catherine / Kadri / Katri,Rõuge,Kadri,7,6.186487995533222,0.32707087940408314,10
Catherine / Kadri / Katri,Rapla,Kadri,5,4.330541596873255,0.32170105857265585,7
Catherine / Kadri / Katri,Risti,Other,2,1.6113902847571189,0.3061352104636141,26
Catherine / Kadri / Katri,Järva-Jaani,Other,1,0.7437185929648241,0.2971753481690881,12
Catherine / Kadri / Katri,Setumaa,Kaisa/Kaie,2,1.6259073143495255,0.2933805540835325,32
Catherine / Kadri / Katri,Urvaste,Katri/Katrina,2,1.6482412060301508,0.27398991646196336,12
Catherine / Kadri / Katri,Kadrina,Kaisa/Kaie,1,0.8129536571747628,0.20745137926073245,16
Catherine / Kadri / Katri,Võnnu,Kadri,4,3.711892797319933,0.149539664970052,6
Catherine / Kadri / Katri,Suure-Jaani,Kaisa/Kaie,1,0.8637632607481853,0.14658747920968213,17
Catherine / Kadri / Katri,Tarvastu,Kati,1,0.9045226130653267,0.10039008228347152,20
Catherine / Kadri / Katri,Kuusalu,Other,1,0.9296482412060302,0.07296517581494491,15
Catherine / Kadri / Katri,Kadrina,Other,1,0.9916247906197655,0.008410503297154105,16
Catherine / Kadri / Katri,Venjoki,Kati,1,0.9949748743718593,0.00503779935729354,22
Catherine / Kadri / Katri,Soikkola,Katri/Katrina,3,3.0217755443886096,-0.012526735865653567,22
Catherine / Kadri / Katri,Tarvastu,Kaisa/Kaie,1,1.0161920714684534,-0.016062550681241242,20
Catherine / Kadri / Katri,Narvusi,Catherine/Katherine,1,1.1027359017308767,-0.0978332498123787,79
Catherine / Kadri / Katri,Setumaa,Refrain,2,2.304857621440536,-0.2008052233374565,32
Catherine / Kadri / Katri,Tarvastu,Other,1,1.2395309882747068,-0.21514586919451553,20
Catherine / Kadri / Katri,Harju-Madise,Catherine/Katherine,0,0.06979341150195421,-0.2641844270617672,5
Catherine / Kadri / Katri,Kanepi,Catherine/Katherine,0,0.06979341150195421,-0.2641844270617672,5
Catherine / Kadri / Katri,Koivisto,Catherine/Katherine,0,0.06979341150195421,-0.2641844270617672,5
Catherine / Kadri / Katri,Nõo,Catherine/Katherine,0,0.06979341150195421,-0.2641844270617672,5
Catherine / Kadri / Katri,Rääpyvä,Catherine/Katherine,0,0.06979341150195421,-0.2641844270617672,5
Catherine / Kadri / Katri,Soanlahti,Catherine/Katherine,0,0.06979341150195421,-0.2641844270617672,5
Catherine / Kadri / Katri,Torma,Catherine/Katherine,0,0.06979341150195421,-0.2641844270617672,5
Catherine / Kadri / Katri,Viru-Jaagupi,Catherine/Katherine,0,0.06979341150195421,-0.2641844270617672,5
Catherine / Kadri / Katri,Viru-Nigula,Catherine/Katherine,0,0.06979341150195421,-0.2641844270617672,5
Catherine / Kadri / Katri,Häädemeeste,Kadri,21,22.271356783919597,-0.26939783865492395,36
Catherine / Kadri / Katri,Vigala,Kaisa/Kaie,1,1.3210496929089894,-0.27932684859197354,26
Catherine / Kadri / Katri,Jõhvi,Catherine/Katherine,0,0.08375209380234507,-0.2893995400866164,6
Catherine / Kadri / Katri,Koeru,Catherine/Katherine,0,0.08375209380234507,-0.2893995400866164,6
Catherine / Kadri / Katri,Sangaste,Catherine/Katherine,0,0.08375209380234507,-0.2893995400866164,6
Catherine / Kadri / Katri,Serepetta,Catherine/Katherine,0,0.08375209380234507,-0.2893995400866164,6
Catherine / Kadri / Katri,Äksi,Catherine/Katherine,0,0.08375209380234507,-0.2893995400866164,6
Catherine / Kadri / Katri,Põlva,Other,1,1.3634840871021776,-0.3112865569172736,22
Catherine / Kadri / Katri,Tõstamaa,Other,1,1.3634840871021776,-0.3112865569172736,22
Catherine / Kadri / Katri,Järva-Madise,Catherine/Katherine,0,0.0977107761027359,-0.31258722958997526,7
Catherine / Kadri / Katri,Pärnu,Catherine/Katherine,0,0.0977107761027359,-0.31258722958997526,7
Catherine / Kadri / Katri,Rapla,Catherine/Katherine,0,0.0977107761027359,-0.31258722958997526,7
Catherine / Kadri / Katri,Väike-Maarja,Catherine/Katherine,0,0.0977107761027359,-0.31258722958997526,7
Catherine / Kadri / Katri,Rõuge,Katri/Katrina,1,1.373534338358459,-0.3187210674653684,10
Catherine / Kadri / Katri,Sortavala,Catherine/Katherine,0,0.11166945840312674,-0.33416980474472363,8
Catherine / Kadri / Katri,Sangaste,Kadri,3,3.711892797319933,-0.3695020791411167,6
Catherine / Kadri / Katri,Äksi,Kadri,3,3.711892797319933,-0.3695020791411167,6
Catherine / Kadri / Katri,Hanila,Catherine/Katherine,0,0.13958682300390843,-0.373613199718517,10
Catherine / Kadri / Katri,Hietamäki,Catherine/Katherine,0,0.13958682300390843,-0.373613199718517,10
Catherine / Kadri / Katri,Rõuge,Catherine/Katherine,0,0.13958682300390843,-0.373613199718517,10
Catherine / Kadri / Katri,Karula,Other,4,4.834170854271357,-0.37939710600196547,78
Catherine / Kadri / Katri,Kodavere,Catherine/Katherine,0,0.15354550530429928,-0.39184882965794254,11
Catherine / Kadri / Katri,Pyhäjärvi Vpl.,Catherine/Katherine,0,0.15354550530429928,-0.39184882965794254,11
Catherine / Kadri / Katri,Haljala,Kadri,21,22.89000558347292,-0.3950391497664203,37
Catherine / Kadri / Katri,Ilomantsi,Catherine/Katherine,0,0.16750418760469013,-0.40927275453502904,12
Catherine / Kadri / Katri,Järva-Jaani,Catherine/Katherine,0,0.16750418760469013,-0.40927275453502904,12
Catherine / Kadri / Katri,Suistamo,Catherine/Katherine,0,0.16750418760469013,-0.40927275453502904,12
Catherine / Kadri / Katri,Urvaste,Catherine/Katherine,0,0.16750418760469013,-0.40927275453502904,12
Catherine / Kadri / Katri,Koprina,Catherine/Katherine,0,0.18146286990508095,-0.4259845888117092,13
Catherine / Kadri / Katri,Kullamaa,Catherine/Katherine,0,0.18146286990508095,-0.4259845888117092,13
Catherine / Kadri / Katri,Vändra,Catherine/Katherine,0,0.18146286990508095,-0.4259845888117092,13
Catherine / Kadri / Katri,Tarvastu,Katri/Katrina,2,2.747068676716918,-0.45073965622355416,20
Catherine / Kadri / Katri,Harju-Jaani,Catherine/Katherine,0,0.20938023450586266,-0.45758085023945516,15
Catherine / Kadri / Katri,Kupanitsa,Catherine/Katherine,0,0.20938023450586266,-0.45758085023945516,15
Catherine / Kadri / Katri,Kuusalu,Catherine/Katherine,0,0.20938023450586266,-0.45758085023945516,15
Catherine / Kadri / Katri,Kõpu,Catherine/Katherine,0,0.20938023450586266,-0.45758085023945516,15
Catherine / Kadri / Katri,Kadrina,Catherine/Katherine,0,0.22333891680625348,-0.4725874700055573,16
Catherine / Kadri / Katri,Harju-Madise,Kati,0,0.22613065326633167,-0.47553196871118103,5
Catherine / Kadri / Katri,Impilahti,Kati,0,0.22613065326633167,-0.47553196871118103,5
Catherine / Kadri / Katri,Kanepi,Kati,0,0.22613065326633167,-0.47553196871118103,5
Catherine / Kadri / Katri,Koivisto,Kati,0,0.22613065326633167,-0.47553196871118103,5
Catherine / Kadri / Katri,Nõo,Kati,0,0.22613065326633167,-0.47553196871118103,5
Catherine / Kadri / Katri,Rõngu,Kati,0,0.22613065326633167,-0.47553196871118103,5
Catherine / Kadri / Katri,Soanlahti,Kati,0,0.22613065326633167,-0.47553196871118103,5
Catherine / Kadri / Katri,Torma,Kati,0,0.22613065326633167,-0.47553196871118103,5
Catherine / Kadri / Katri,Uukuniemi,Kati,0,0.22613065326633167,-0.47553196871118103,5
Catherine / Kadri / Katri,Viru-Jaagupi,Kati,0,0.22613065326633167,-0.47553196871118103,5
Catherine / Kadri / Katri,Viru-Nigula,Kati,0,0.22613065326633167,-0.47553196871118103,5
Catherine / Kadri / Katri,Laiuse,Catherine/Katherine,0,0.23729759910664433,-0.4871320140440827,17
Catherine / Kadri / Katri,Märjamaa,Catherine/Katherine,0,0.23729759910664433,-0.4871320140440827,17
Catherine / Kadri / Katri,Rakvere,Catherine/Katherine,0,0.23729759910664433,-0.4871320140440827,17
Catherine / Kadri / Katri,Suure-Jaani,Catherine/Katherine,0,0.23729759910664433,-0.4871320140440827,17
Catherine / Kadri / Katri,Muhu,Catherine/Katherine,0,0.25125628140703515,-0.5012547071170854,18
Catherine / Kadri / Katri,Põltsamaa,Catherine/Katherine,0,0.25125628140703515,-0.5012547071170854,18
Catherine / Kadri / Katri,Harju-Madise,Kaisa/Kaie,0,0.25404801786711334,-0.5040317627561911,5
Catherine / Kadri / Katri,Kanepi,Kaisa/Kaie,0,0.25404801786711334,-0.5040317627561911,5
Catherine / Kadri / Katri,Koivisto,Kaisa/Kaie,0,0.25404801786711334,-0.5040317627561911,5
Catherine / Kadri / Katri,Nõo,Kaisa/Kaie,0,0.25404801786711334,-0.5040317627561911,5
Catherine / Kadri / Katri,Rääpyvä,Kaisa/Kaie,0,0.25404801786711334,-0.5040317627561911,5
Catherine / Kadri / Katri,Rõngu,Kaisa/Kaie,0,0.25404801786711334,-0.5040317627561911,5
Catherine / Kadri / Katri,Soanlahti,Kaisa/Kaie,0,0.25404801786711334,-0.5040317627561911,5
Catherine / Kadri / Katri,Torma,Kaisa/Kaie,0,0.25404801786711334,-0.5040317627561911,5
Catherine / Kadri / Katri,Uukuniemi,Kaisa/Kaie,0,0.25404801786711334,-0.5040317627561911,5
Catherine / Kadri / Katri,Viru-Jaagupi,Kaisa/Kaie,0,0.25404801786711334,-0.5040317627561911,5
Catherine / Kadri / Katri,Viru-Nigula,Kaisa/Kaie,0,0.25404801786711334,-0.5040317627561911,5
Catherine / Kadri / Katri,Suistamo,Katri/Katrina,1,1.6482412060301508,-0.5049242746227611,12
Catherine / Kadri / Katri,Türi,Catherine/Katherine,0,0.26521496370742603,-0.5149902559344459,19
Catherine / Kadri / Katri,Jõhvi,Kati,0,0.271356783919598,-0.5209191721559094,6
Catherine / Kadri / Katri,Koeru,Kati,0,0.271356783919598,-0.5209191721559094,6
Catherine / Kadri / Katri,Lempaala,Kati,0,0.271356783919598,-0.5209191721559094,6
Catherine / Kadri / Katri,Sangaste,Kati,0,0.271356783919598,-0.5209191721559094,6
Catherine / Kadri / Katri,Võnnu,Kati,0,0.271356783919598,-0.5209191721559094,6
Catherine / Kadri / Katri,Äksi,Kati,0,0.271356783919598,-0.5209191721559094,6
Catherine / Kadri / Katri,Urvaste,Kadri,6,7.423785594639866,-0.522554851646424,12
Catherine / Kadri / Katri,Kose,Kaisa/Kaie,1,1.676716917922948,-0.5226093324143231,33
Catherine / Kadri / Katri,Tarvastu,Catherine/Katherine,0,0.27917364600781686,-0.5283688541235344,20
Catherine / Kadri / Katri,Kalajoki,Catherine/Katherine,0,0.2931323283082077,-0.5414169634470346,21
Catherine / Kadri / Katri,Jõhvi,Kaisa/Kaie,0,0.304857621440536,-0.5521391323213163,6
Catherine / Kadri / Katri,Koeru,Kaisa/Kaie,0,0.304857621440536,-0.5521391323213163,6
Catherine / Kadri / Katri,Sangaste,Kaisa/Kaie,0,0.304857621440536,-0.5521391323213163,6
Catherine / Kadri / Katri,Serepetta,Kaisa/Kaie,0,0.304857621440536,-0.5521391323213163,6
Catherine / Kadri / Katri,Võnnu,Kaisa/Kaie,0,0.304857621440536,-0.5521391323213163,6
Catherine / Kadri / Katri,Äksi,Kaisa/Kaie,0,0.304857621440536,-0.5521391323213163,6
Catherine / Kadri / Katri,Põlva,Catherine/Katherine,0,0.30709101060859856,-0.554157929302287,22
Catherine / Kadri / Katri,Tori,Catherine/Katherine,0,0.30709101060859856,-0.554157929302287,22
Catherine / Kadri / Katri,Venjoki,Catherine/Katherine,0,0.30709101060859856,-0.554157929302287,22
Catherine / Kadri / Katri,Vuole,Catherine/Katherine,0,0.30709101060859856,-0.554157929302287,22
Catherine / Kadri / Katri,Harju-Madise,Other,0,0.3098827470686767,-0.5566711300837117,5
Catherine / Kadri / Katri,Impilahti,Other,0,0.3098827470686767,-0.5566711300837117,5
Catherine / Kadri / Katri,Kanepi,Other,0,0.3098827470686767,-0.5566711300837117,5
Catherine / Kadri / Katri,Koivisto,Other,0,0.3098827470686767,-0.5566711300837117,5
Catherine / Kadri / Katri,Nõo,Other,0,0.3098827470686767,-0.5566711300837117,5
Catherine / Kadri / Katri,Rääpyvä,Other,0,0.3098827470686767,-0.5566711300837117,5
Catherine / Kadri / Katri,Rõngu,Other,0,0.3098827470686767,-0.5566711300837117,5
Catherine / Kadri / Katri,Uukuniemi,Other,0,0.3098827470686767,-0.5566711300837117,5
Catherine / Kadri / Katri,Viru-Jaagupi,Other,0,0.3098827470686767,-0.5566711300837117,5
Catherine / Kadri / Katri,Viru-Nigula,Other,0,0.3098827470686767,-0.5566711300837117,5
Catherine / Kadri / Katri,Juva,Kati,0,0.3165829145728643,-0.5626570132619554,7
Catherine / Kadri / Katri,Järva-Madise,Kati,0,0.3165829145728643,-0.5626570132619554,7
Catherine / Kadri / Katri,Lemi,Kati,0,0.3165829145728643,-0.5626570132619554,7
Catherine / Kadri / Katri,Pärnu,Kati,0,0.3165829145728643,-0.5626570132619554,7
Catherine / Kadri / Katri,Rapla,Kati,0,0.3165829145728643,-0.5626570132619554,7
Catherine / Kadri / Katri,Väike-Maarja,Kati,0,0.3165829145728643,-0.5626570132619554,7
Catherine / Kadri / Katri,Juuru,Catherine/Katherine,0,0.3210496929089894,-0.5666124715438139,23
Catherine / Kadri / Katri,Peetri,Catherine/Katherine,0,0.3210496929089894,-0.5666124715438139,23
Catherine / Kadri / Katri,Tyrö,Catherine/Katherine,0,0.33500837520938026,-0.5787990801732328,24
Catherine / Kadri / Katri,Järva-Madise,Kaisa/Kaie,0,0.3556672250139587,-0.5963784243363929,7
Catherine / Kadri / Katri,Pärnu,Kaisa/Kaie,0,0.3556672250139587,-0.5963784243363929,7
Catherine / Kadri / Katri,Väike-Maarja,Kaisa/Kaie,0,0.3556672250139587,-0.5963784243363929,7
Catherine / Kadri / Katri,Harju-Madise,Refrain,0,0.3601340033500838,-0.6001116590686134,5
Catherine / Kadri / Katri,Impilahti,Refrain,0,0.3601340033500838,-0.6001116590686134,5
Catherine / Kadri / Katri,Kanepi,Refrain,0,0.3601340033500838,-0.6001116590686134,5
Catherine / Kadri / Katri,Koivisto,Refrain,0,0.3601340033500838,-0.6001116590686134,5
Catherine / Kadri / Katri,Nõo,Refrain,0,0.3601340033500838,-0.6001116590686134,5
Catherine / Kadri / Katri,Rääpyvä,Refrain,0,0.3601340033500838,-0.6001116590686134,5
Catherine / Kadri / Katri,Rõngu,Refrain,0,0.3601340033500838,-0.6001116590686134,5
Catherine / Kadri / Katri,Soanlahti,Refrain,0,0.3601340033500838,-0.6001116590686134,5
Catherine / Kadri / Katri,Torma,Refrain,0,0.3601340033500838,-0.6001116590686134,5
Catherine / Kadri / Katri,Uukuniemi,Refrain,0,0.3601340033500838,-0.6001116590686134,5
Catherine / Kadri / Katri,Viru-Jaagupi,Refrain,0,0.3601340033500838,-0.6001116590686134,5
Catherine / Kadri / Katri,Viru-Nigula,Refrain,0,0.3601340033500838,-0.6001116590686134,5
Catherine / Kadri / Katri,Sortavala,Kati,0,0.36180904522613067,-0.6015056485405027,8
Catherine / Kadri / Katri,Risti,Catherine/Katherine,0,0.3629257398101619,-0.6024331828594454,26
Catherine / Kadri / Katri,Simuna,Catherine/Katherine,0,0.3629257398101619,-0.6024331828594454,26
Catherine / Kadri / Katri,Vigala,Catherine/Katherine,0,0.3629257398101619,-0.6024331828594454,26
Catherine / Kadri / Katri,Jõhvi,Other,0,0.37185929648241206,-0.6098026701174832,6
Catherine / Kadri / Katri,Koeru,Other,0,0.37185929648241206,-0.6098026701174832,6
Catherine / Kadri / Katri,Võnnu,Other,0,0.37185929648241206,-0.6098026701174832,6
Catherine / Kadri / Katri,Impilahti,Kadri,2,3.093243997766611,-0.6215985778542592,5
Catherine / Kadri / Katri,Tuupovaara,Kati,0,0.40703517587939697,-0.6379930845075024,9
Catherine / Kadri / Katri,Haljala,Kaisa/Kaie,1,1.8799553322166387,-0.6417810094916884,37
Catherine / Kadri / Katri,Karuse,Catherine/Katherine,0,0.4187604690117253,-0.6471170442908496,30
Catherine / Kadri / Katri,Jõhvi,Refrain,0,0.4321608040201005,-0.6573893853874586,6
Catherine / Kadri / Katri,Koeru,Refrain,0,0.4321608040201005,-0.6573893853874586,6
Catherine / Kadri / Katri,Lempaala,Refrain,0,0.4321608040201005,-0.6573893853874586,6
Catherine / Kadri / Katri,Sangaste,Refrain,0,0.4321608040201005,-0.6573893853874586,6
Catherine / Kadri / Katri,Serepetta,Refrain,0,0.4321608040201005,-0.6573893853874586,6
Catherine / Kadri / Katri,Äksi,Refrain,0,0.4321608040201005,-0.6573893853874586,6
Catherine / Kadri / Katri,Järva-Madise,Other,0,0.4338358458961474,-0.6586621637046927,7
Catherine / Kadri / Katri,Pärnu,Other,0,0.4338358458961474,-0.6586621637046927,7
Catherine / Kadri / Katri,Väike-Maarja,Other,0,0.4338358458961474,-0.6586621637046927,7
Catherine / Kadri / Katri,Setumaa,Catherine/Katherine,0,0.44667783361250696,-0.6683396094894473,32
Catherine / Kadri / Katri,Hanila,Kati,0,0.45226130653266333,-0.6725037594933305,10
Catherine / Kadri / Katri,Hietamäki,Kati,0,0.45226130653266333,-0.6725037594933305,10
Catherine / Kadri / Katri,Rõuge,Kati,0,0.45226130653266333,-0.6725037594933305,10
Catherine / Kadri / Katri,Kose,Catherine/Katherine,0,0.46063651591289784,-0.6787020818539589,33
Catherine / Kadri / Katri,Palamuse,Catherine/Katherine,0,0.46063651591289784,-0.6787020818539589,33
Catherine / Kadri / Katri,Setumaa,Other,1,1.983249581239531,-0.6981923475751536,32
Catherine / Kadri / Katri,Kodavere,Kati,0,0.49748743718592964,-0.7053278933842966,11
Catherine / Kadri / Katri,Pyhäjärvi Vpl.,Kati,0,0.49748743718592964,-0.7053278933842966,11
Catherine / Kadri / Katri,Varbla,Kati,0,0.49748743718592964,-0.7053278933842966,11
Catherine / Kadri / Katri,Häädemeeste,Catherine/Katherine,0,0.5025125628140703,-0.7088812050083358,36
Catherine / Kadri / Katri,Juva,Refrain,0,0.5041876046901173,-0.7100616907636387,7
Catherine / Kadri / Katri,Järva-Madise,Refrain,0,0.5041876046901173,-0.7100616907636387,7
Catherine / Kadri / Katri,Lemi,Refrain,0,0.5041876046901173,-0.7100616907636387,7
Catherine / Kadri / Katri,Pärnu,Refrain,0,0.5041876046901173,-0.7100616907636387,7
Catherine / Kadri / Katri,Rapla,Refrain,0,0.5041876046901173,-0.7100616907636387,7
Catherine / Kadri / Katri,Väike-Maarja,Refrain,0,0.5041876046901173,-0.7100616907636387,7
Catherine / Kadri / Katri,Hanila,Kaisa/Kaie,0,0.5080960357342267,-0.7128085547566237,10
Catherine / Kadri / Katri,Hietamäki,Kaisa/Kaie,0,0.5080960357342267,-0.7128085547566237,10
Catherine / Kadri / Katri,Rõuge,Kaisa/Kaie,0,0.5080960357342267,-0.7128085547566237,10
Catherine / Kadri / Katri,Haljala,Catherine/Katherine,0,0.5164712451144612,-0.7186593387095594,37
Catherine / Kadri / Katri,Ambla,Catherine/Katherine,0,0.5304299274148521,-0.7283062044324846,38
Catherine / Kadri / Katri,Pärnu-Jaagupi,Catherine/Katherine,0,0.5304299274148521,-0.7283062044324846,38
Catherine / Kadri / Katri,Kose,Other,1,2.0452261306532664,-0.7308690851286265,33
Catherine / Kadri / Katri,Ilomantsi,Kati,0,0.542713567839196,-0.7366909581630522,12
Catherine / Kadri / Katri,Järva-Jaani,Kati,0,0.542713567839196,-0.7366909581630522,12
Catherine / Kadri / Katri,Suistamo,Kati,0,0.542713567839196,-0.7366909581630522,12
Catherine / Kadri / Katri,Urvaste,Kati,0,0.542713567839196,-0.7366909581630522,12
Catherine / Kadri / Katri,Kupanitsa,Katri/Katrina,1,2.0603015075376883,-0.7386930087636032,15
Catherine / Kadri / Katri,Tuupovaara,Other,0,0.5577889447236181,-0.7468526927872845,9
Catherine / Kadri / Katri,Halliste,Catherine/Katherine,0,0.5583472920156337,-0.747226399437034,40
Catherine / Kadri / Katri,Karksi,Catherine/Katherine,0,0.5583472920156337,-0.747226399437034,40
Catherine / Kadri / Katri,Kodavere,Kaisa/Kaie,0,0.5589056393076494,-0.747599919280125,11
Catherine / Kadri / Katri,Moloskovitsa,Kaisa/Kaie,0,0.5589056393076494,-0.747599919280125,11
Catherine / Kadri / Katri,Pyhäjärvi Vpl.,Kaisa/Kaie,0,0.5589056393076494,-0.747599919280125,11
Catherine / Kadri / Katri,Toksova,Kaisa/Kaie,0,0.5589056393076494,-0.747599919280125,11
Catherine / Kadri / Katri,Varbla,Kaisa/Kaie,0,0.5589056393076494,-0.747599919280125,11
Catherine / Kadri / Katri,Sortavala,Refrain,0,0.576214405360134,-0.7590878772317037,8
Catherine / Kadri / Katri,Kullamaa,Kati,0,0.5879396984924623,-0.7667722598610766,13
Catherine / Kadri / Katri,Vändra,Kati,0,0.5879396984924623,-0.7667722598610766,13
Catherine / Kadri / Katri,Järva-Jaani,Kaisa/Kaie,0,0.609715242881072,-0.7808426492457183,12
Catherine / Kadri / Katri,Urvaste,Kaisa/Kaie,0,0.609715242881072,-0.7808426492457183,12
Catherine / Kadri / Katri,Hanila,Other,0,0.6197654941373534,-0.7872518619459425,10
Catherine / Kadri / Katri,Hietamäki,Other,0,0.6197654941373534,-0.7872518619459425,10
Catherine / Kadri / Katri,Tuupovaara,Refrain,0,0.6482412060301508,-0.8051342782605587,9
Catherine / Kadri / Katri,Koprina,Kaisa/Kaie,0,0.6605248464544947,-0.8127267969339357,13
Catherine / Kadri / Katri,Kullamaa,Kaisa/Kaie,0,0.6605248464544947,-0.8127267969339357,13
Catherine / Kadri / Katri,Vändra,Kaisa/Kaie,0,0.6605248464544947,-0.8127267969339357,13
Catherine / Kadri / Katri,Harju-Jaani,Kati,0,0.678391959798995,-0.8236455304310193,15
Catherine / Kadri / Katri,Kuusalu,Kati,0,0.678391959798995,-0.8236455304310193,15
Catherine / Kadri / Katri,Kõpu,Kati,0,0.678391959798995,-0.8236455304310193,15
Catherine / Kadri / Katri,Harju-Madise,Katri/Katrina,0,0.6867671691792295,-0.828714166150929,5
Catherine / Kadri / Katri,Impilahti,Katri/Katrina,0,0.6867671691792295,-0.828714166150929,5
Catherine / Kadri / Katri,Kanepi,Katri/Katrina,0,0.6867671691792295,-0.828714166150929,5
Catherine / Kadri / Katri,Nõo,Katri/Katrina,0,0.6867671691792295,-0.828714166150929,5
Catherine / Kadri / Katri,Rõngu,Katri/Katrina,0,0.6867671691792295,-0.828714166150929,5
Catherine / Kadri / Katri,Torma,Katri/Katrina,0,0.6867671691792295,-0.828714166150929,5
Catherine / Kadri / Katri,Viru-Jaagupi,Katri/Katrina,0,0.6867671691792295,-0.828714166150929,5
Catherine / Kadri / Katri,Hanila,Refrain,0,0.7202680067001676,-0.8486860471930521,10
Catherine / Kadri / Katri,Hietamäki,Refrain,0,0.7202680067001676,-0.8486860471930521,10
Catherine / Kadri / Katri,Kadrina,Kati,0,0.7236180904522613,-0.850657446010003,16
Catherine / Kadri / Katri,Harju-Jaani,Kaisa/Kaie,0,0.7621440536013401,-0.8730086217222257,15
Catherine / Kadri / Katri,Kupanitsa,Kaisa/Kaie,0,0.7621440536013401,-0.8730086217222257,15
Catherine / Kadri / Katri,Kuusalu,Kaisa/Kaie,0,0.7621440536013401,-0.8730086217222257,15
Catherine / Kadri / Katri,Kõpu,Kaisa/Kaie,0,0.7621440536013401,-0.8730086217222257,15
Catherine / Kadri / Katri,Laiuse,Kati,0,0.7688442211055276,-0.8768376252793488,17
Catherine / Kadri / Katri,Märjamaa,Kati,0,0.7688442211055276,-0.8768376252793488,17
Catherine / Kadri / Katri,Rakvere,Kati,0,0.7688442211055276,-0.8768376252793488,17
Catherine / Kadri / Katri,Suure-Jaani,Kati,0,0.7688442211055276,-0.8768376252793488,17
Catherine / Kadri / Katri,Ambla,Other,1,2.355108877721943,-0.883016249605637,38
Catherine / Kadri / Katri,Kodavere,Refrain,0,0.7922948073701842,-0.8901094356146239,11
Catherine / Kadri / Katri,Moloskovitsa,Refrain,0,0.7922948073701842,-0.8901094356146239,11
Catherine / Kadri / Katri,Pyhäjärvi Vpl.,Refrain,0,0.7922948073701842,-0.8901094356146239,11
Catherine / Kadri / Katri,Toksova,Refrain,0,0.7922948073701842,-0.8901094356146239,11
Catherine / Kadri / Katri,Varbla,Refrain,0,0.7922948073701842,-0.8901094356146239,11
Catherine / Kadri / Katri,Kullamaa,Other,0,0.8056951423785594,-0.897605226354303,13
Catherine / Kadri / Katri,Vändra,Other,0,0.8056951423785594,-0.897605226354303,13
Catherine / Kadri / Katri,Muhu,Kati,0,0.8140703517587939,-0.9022584728107539,18
Catherine / Kadri / Katri,Põltsamaa,Kati,0,0.8140703517587939,-0.9022584728107539,18
Catherine / Kadri / Katri,Jõhvi,Katri/Katrina,0,0.8241206030150754,-0.9078108850498959,6
Catherine / Kadri / Katri,Koeru,Katri/Katrina,0,0.8241206030150754,-0.9078108850498959,6
Catherine / Kadri / Katri,Sangaste,Katri/Katrina,0,0.8241206030150754,-0.9078108850498959,6
Catherine / Kadri / Katri,Võnnu,Katri/Katrina,0,0.8241206030150754,-0.9078108850498959,6
Catherine / Kadri / Katri,Äksi,Katri/Katrina,0,0.8241206030150754,-0.9078108850498959,6
Catherine / Kadri / Katri,Türi,Kati,0,0.8592964824120602,-0.9269824606820024,19
Catherine / Kadri / Katri,Laiuse,Kaisa/Kaie,0,0.8637632607481853,-0.929388648923681,17
Catherine / Kadri / Katri,Märjamaa,Kaisa/Kaie,0,0.8637632607481853,-0.929388648923681,17
Catherine / Kadri / Katri,Rakvere,Kaisa/Kaie,0,0.8637632607481853,-0.929388648923681,17
Catherine / Kadri / Katri,Ilomantsi,Refrain,0,0.864321608040201,-0.9296889845750572,12
Catherine / Kadri / Katri,Järva-Jaani,Refrain,0,0.864321608040201,-0.9296889845750572,12
Catherine / Kadri / Katri,Suistamo,Refrain,0,0.864321608040201,-0.9296889845750572,12
Catherine / Kadri / Katri,Urvaste,Refrain,0,0.864321608040201,-0.9296889845750572,12
Catherine / Kadri / Katri,Halliste,Other,1,2.4790619765494135,-0.9393829649976584,40
Catherine / Kadri / Katri,Muhu,Kaisa/Kaie,0,0.914572864321608,-0.9563330300275151,18
Catherine / Kadri / Katri,Põltsamaa,Kaisa/Kaie,0,0.914572864321608,-0.9563330300275151,18
Catherine / Kadri / Katri,Harju-Jaani,Other,0,0.9296482412060302,-0.9641826804117725,15
Catherine / Kadri / Katri,Kupanitsa,Other,0,0.9296482412060302,-0.9641826804117725,15
Catherine / Kadri / Katri,Kõpu,Other,0,0.9296482412060302,-0.9641826804117725,15
Catherine / Kadri / Katri,Koprina,Refrain,0,0.9363484087102177,-0.9676509746340453,13
Catherine / Kadri / Katri,Kullamaa,Refrain,0,0.9363484087102177,-0.9676509746340453,13
Catherine / Kadri / Katri,Vändra,Refrain,0,0.9363484087102177,-0.9676509746340453,13
Catherine / Kadri / Katri,Kalajoki,Kati,0,0.949748743718593,-0.9745505342046625,21
Catherine / Kadri / Katri,Juva,Katri/Katrina,0,0.9614740368509213,-0.9805478248667534,7
Catherine / Kadri / Katri,Järva-Madise,Katri/Katrina,0,0.9614740368509213,-0.9805478248667534,7
Catherine / Kadri / Katri,Lemi,Katri/Katrina,0,0.9614740368509213,-0.9805478248667534,7
Catherine / Kadri / Katri,Pärnu,Katri/Katrina,0,0.9614740368509213,-0.9805478248667534,7
Catherine / Kadri / Katri,Rapla,Katri/Katrina,0,0.9614740368509213,-0.9805478248667534,7
Catherine / Kadri / Katri,Väike-Maarja,Katri/Katrina,0,0.9614740368509213,-0.9805478248667534,7
Catherine / Kadri / Katri,Viljandi,Catherine/Katherine,0,0.9631490787269682,-0.9814015889160604,69
Catherine / Kadri / Katri,Türi,Kaisa/Kaie,0,0.9653824678950307,-0.9825387869672274,19
Catherine / Kadri / Katri,Põlva,Kati,0,0.9949748743718593,-0.9974842727441167,22
Catherine / Kadri / Katri,Tori,Kati,0,0.9949748743718593,-0.9974842727441167,22
Catherine / Kadri / Katri,Tõstamaa,Kati,0,0.9949748743718593,-0.9974842727441167,22
Catherine / Kadri / Katri,Juuru,Kati,0,1.0402010050251256,-1.0199024487788653,23
Catherine / Kadri / Katri,Peetri,Kati,0,1.0402010050251256,-1.0199024487788653,23
Catherine / Kadri / Katri,Räpina,Catherine/Katherine,0,1.0469011725293131,-1.0231818863375723,75
Catherine / Kadri / Katri,Laiuse,Other,0,1.053601340033501,-1.0264508463796507,17
Catherine / Kadri / Katri,Märjamaa,Other,0,1.053601340033501,-1.0264508463796507,17
Catherine / Kadri / Katri,Suure-Jaani,Other,0,1.053601340033501,-1.0264508463796507,17
Catherine / Kadri / Katri,Harju-Jaani,Refrain,0,1.0804020100502512,-1.0394238837212908,15
Catherine / Kadri / Katri,Kupanitsa,Refrain,0,1.0804020100502512,-1.0394238837212908,15
Catherine / Kadri / Katri,Kuusalu,Refrain,0,1.0804020100502512,-1.0394238837212908,15
Catherine / Kadri / Katri,Kõpu,Refrain,0,1.0804020100502512,-1.0394238837212908,15
Catherine / Kadri / Katri,Tyrö,Kati,0,1.085427135678392,-1.0418383443118189,24
Catherine / Kadri / Katri,Karula,Catherine/Katherine,0,1.0887772194304857,-1.0434448808779913,78
Catherine / Kadri / Katri,Muhu,Other,0,1.1155778894472361,-1.0562092072346445,18
Catherine / Kadri / Katri,Põlva,Kaisa/Kaie,0,1.1178112786152987,-1.057265945074984,22
Catherine / Kadri / Katri,Tori,Kaisa/Kaie,0,1.1178112786152987,-1.057265945074984,22
Catherine / Kadri / Katri,Tõstamaa,Kaisa/Kaie,0,1.1178112786152987,-1.057265945074984,22
Catherine / Kadri / Katri,Vuole,Kaisa/Kaie,0,1.1178112786152987,-1.057265945074984,22
Catherine / Kadri / Katri,Kadrina,Refrain,0,1.152428810720268,-1.0735123710140781,16
Catherine / Kadri / Katri,Juuru,Kaisa/Kaie,0,1.1686208821887214,-1.0810276972347754,23
Catherine / Kadri / Katri,Peetri,Kaisa/Kaie,0,1.1686208821887214,-1.0810276972347754,23
Catherine / Kadri / Katri,Risti,Kati,0,1.1758793969849246,-1.0843797291470016,26
Catherine / Kadri / Katri,Simuna,Kati,0,1.1758793969849246,-1.0843797291470016,26
Catherine / Kadri / Katri,Vigala,Kati,0,1.1758793969849246,-1.0843797291470016,26
Catherine / Kadri / Katri,Laiuse,Kadri,7,10.517029592406477,-1.0844997957073952,17
Catherine / Kadri / Katri,Türi,Other,0,1.1775544388609716,-1.0851518045236672,19
Catherine / Kadri / Katri,Audru,Other,1,2.8509212730318256,-1.0962139756075782,46
Catherine / Kadri / Katri,Laiuse,Refrain,0,1.2244556113902847,-1.1065512240245747,17
Catherine / Kadri / Katri,Märjamaa,Refrain,0,1.2244556113902847,-1.1065512240245747,17
Catherine / Kadri / Katri,Rakvere,Refrain,0,1.2244556113902847,-1.1065512240245747,17
Catherine / Kadri / Katri,Suure-Jaani,Refrain,0,1.2244556113902847,-1.1065512240245747,17
Catherine / Kadri / Katri,Tuupovaara,Katri/Katrina,0,1.236180904522613,-1.1118367256583195,9
Catherine / Kadri / Katri,Muhu,Refrain,0,1.2964824120603016,-1.1386318158475555,18
Catherine / Kadri / Katri,Põltsamaa,Refrain,0,1.2964824120603016,-1.1386318158475555,18
Catherine / Kadri / Katri,Helme,Catherine/Katherine,0,1.2981574539363485,-1.1393671286887068,93
Catherine / Kadri / Katri,Kalajoki,Other,0,1.3015075376884422,-1.140836332559777,21
Catherine / Kadri / Katri,Risti,Kaisa/Kaie,0,1.3210496929089894,-1.1493692587280162,26
Catherine / Kadri / Katri,Simuna,Kaisa/Kaie,0,1.3210496929089894,-1.1493692587280162,26
Catherine / Kadri / Katri,Karuse,Kati,0,1.35678391959799,-1.1648106797235291,30
Catherine / Kadri / Katri,Tori,Other,0,1.3634840871021776,-1.1676832135053488,22
Catherine / Kadri / Katri,Türi,Refrain,0,1.3685092127303182,-1.1698329849727773,19
Catherine / Kadri / Katri,Hanila,Katri/Katrina,0,1.373534338358459,-1.1719788131013542,10
Catherine / Kadri / Katri,Juuru,Other,0,1.4254606365159128,-1.1939265624467497,23
Catherine / Kadri / Katri,Peetri,Other,0,1.4254606365159128,-1.1939265624467497,23
Catherine / Kadri / Katri,Tarvastu,Refrain,0,1.440536013400335,-1.2002233181372268,20
Catherine / Kadri / Katri,Kose,Kati,0,1.4924623115577889,-1.2216637473371257,33
Catherine / Kadri / Katri,Palamuse,Kati,0,1.4924623115577889,-1.2216637473371257,33
Catherine / Kadri / Katri,Kodavere,Katri/Katrina,0,1.5108877721943048,-1.2291817490486527,11
Catherine / Kadri / Katri,Kalajoki,Refrain,0,1.5125628140703518,-1.2298629249108828,21
Catherine / Kadri / Katri,Karuse,Kaisa/Kaie,0,1.5242881072026802,-1.2346206329082146,30
Catherine / Kadri / Katri,Põlva,Refrain,0,1.5845896147403684,-1.2588048358424622,22
Catherine / Kadri / Katri,Soikkola,Refrain,0,1.5845896147403684,-1.2588048358424622,22
Catherine / Kadri / Katri,Tori,Refrain,0,1.5845896147403684,-1.2588048358424622,22
Catherine / Kadri / Katri,Tõstamaa,Refrain,0,1.5845896147403684,-1.2588048358424622,22
Catherine / Kadri / Katri,Venjoki,Refrain,0,1.5845896147403684,-1.2588048358424622,22
Catherine / Kadri / Katri,Vuole,Refrain,0,1.5845896147403684,-1.2588048358424622,22
Catherine / Kadri / Katri,Simuna,Other,0,1.6113902847571189,-1.2694054847672271,26
Catherine / Kadri / Katri,Vigala,Other,0,1.6113902847571189,-1.2694054847672271,26
Catherine / Kadri / Katri,Häädemeeste,Kati,0,1.6281407035175879,-1.2759861690150047,36
Catherine / Kadri / Katri,Ilomantsi,Katri/Katrina,0,1.6482412060301508,-1.2838384657074855,12
Catherine / Kadri / Katri,Järva-Jaani,Katri/Katrina,0,1.6482412060301508,-1.2838384657074855,12
Catherine / Kadri / Katri,Juuru,Refrain,0,1.6566164154103853,-1.2870961173938742,23
Catherine / Kadri / Katri,Peetri,Refrain,0,1.6566164154103853,-1.2870961173938742,23
Catherine / Kadri / Katri,Haljala,Kati,0,1.6733668341708543,-1.2935868096772067,37
Catherine / Kadri / Katri,Palamuse,Kaisa/Kaie,0,1.676716917922948,-1.2948810439275678,33
Catherine / Kadri / Katri,Ambla,Kati,0,1.7185929648241205,-1.3109511679784722,38
Catherine / Kadri / Katri,Pärnu-Jaagupi,Kati,0,1.7185929648241205,-1.3109511679784722,38
Catherine / Kadri / Katri,Tyrö,Refrain,0,1.728643216080402,-1.3147787707749172,24
Catherine / Kadri / Katri,Kullamaa,Katri/Katrina,0,1.7855946398659968,-1.3362614414350198,13
Catherine / Kadri / Katri,Vändra,Katri/Katrina,0,1.7855946398659968,-1.3362614414350198,13
Catherine / Kadri / Katri,Viljandi,Kaisa/Kaie,1,3.505862646566164,-1.3383195243266726,69
Catherine / Kadri / Katri,Halliste,Kati,0,1.8090452261306533,-1.345007518986661,40
Catherine / Kadri / Katri,Karksi,Kati,0,1.8090452261306533,-1.345007518986661,40
Catherine / Kadri / Katri,Häädemeeste,Kaisa/Kaie,0,1.829145728643216,-1.352459141210268,36
Catherine / Kadri / Katri,Karuse,Other,0,1.8592964824120604,-1.3635602232435722,30
Catherine / Kadri / Katri,Risti,Refrain,0,1.8726968174204355,-1.3684651319710106,26
Catherine / Kadri / Katri,Simuna,Refrain,0,1.8726968174204355,-1.3684651319710106,26
Catherine / Kadri / Katri,Vigala,Refrain,0,1.8726968174204355,-1.3684651319710106,26
Catherine / Kadri / Katri,Ambla,Kaisa/Kaie,0,1.9307649357900614,-1.3895196780866623,38
Catherine / Kadri / Katri,Pärnu-Jaagupi,Kaisa/Kaie,0,1.9307649357900614,-1.3895196780866623,38
Catherine / Kadri / Katri,Paistu,Catherine/Katherine,0,1.968174204355109,-1.4029163212234397,141
Catherine / Kadri / Katri,Halliste,Kaisa/Kaie,0,2.0323841429369067,-1.4256171095132475,40
Catherine / Kadri / Katri,Karksi,Kaisa/Kaie,0,2.0323841429369067,-1.4256171095132475,40
Catherine / Kadri / Katri,Palamuse,Other,0,2.0452261306532664,-1.4301140271507258,33
Catherine / Kadri / Katri,Harju-Jaani,Katri/Katrina,0,2.0603015075376883,-1.435375040725485,15
Catherine / Kadri / Katri,Kuusalu,Katri/Katrina,0,2.0603015075376883,-1.435375040725485,15
Catherine / Kadri / Katri,Kõpu,Katri/Katrina,0,2.0603015075376883,-1.435375040725485,15
Catherine / Kadri / Katri,Audru,Kati,0,2.080402010050251,-1.442359875360602,46
Catherine / Kadri / Katri,Varbla,Kadri,3,6.805136795086544,-1.4586525127032337,11
Catherine / Kadri / Katri,Karuse,Refrain,0,2.1608040201005023,-1.4699673534131643,30
Catherine / Kadri / Katri,Kadrina,Katri/Katrina,0,2.1976549413735342,-1.482448967544426,16
Catherine / Kadri / Katri,Häädemeeste,Other,0,2.2311557788944723,-1.493705385574569,36
Catherine / Kadri / Katri,Haljala,Other,0,2.2931323283082077,-1.5143091917796072,37
Catherine / Kadri / Katri,Märjamaa,Katri/Katrina,0,2.33500837520938,-1.528073419443379,17
Catherine / Kadri / Katri,Rakvere,Katri/Katrina,0,2.33500837520938,-1.528073419443379,17
Catherine / Kadri / Katri,Suure-Jaani,Katri/Katrina,0,2.33500837520938,-1.528073419443379,17
Catherine / Kadri / Katri,Audru,Kaisa/Kaie,0,2.337241764377443,-1.5288040307303754,46
Catherine / Kadri / Katri,Pärnu-Jaagupi,Other,0,2.355108877721943,-1.534636399191008,38
Catherine / Kadri / Katri,Kose,Refrain,0,2.3768844221105527,-1.5417147667809867,33
Catherine / Kadri / Katri,Muhu,Katri/Katrina,0,2.472361809045226,-1.5723745765704895,18
Catherine / Kadri / Katri,Põltsamaa,Katri/Katrina,0,2.472361809045226,-1.5723745765704895,18
Catherine / Kadri / Katri,Karksi,Other,0,2.4790619765494135,-1.574503723891885,40
Catherine / Kadri / Katri,Türi,Katri/Katrina,0,2.609715242881072,-1.61546130962059,19
Catherine / Kadri / Katri,Haljala,Refrain,0,2.66499162479062,-1.632480206554009,37
Catherine / Kadri / Katri,Ambla,Refrain,0,2.7370184254606365,-1.654393673059903,38
Catherine / Kadri / Katri,Pärnu-Jaagupi,Refrain,0,2.7370184254606365,-1.654393673059903,38
Catherine / Kadri / Katri,Räpina,Other,1,4.648241206030151,-1.6921513942804545,75
Catherine / Kadri / Katri,Halliste,Refrain,0,2.88107202680067,-1.6973720943861041,40
Catherine / Kadri / Katri,Karksi,Refrain,0,2.88107202680067,-1.6973720943861041,40
Catherine / Kadri / Katri,Kalajoki,Katri/Katrina,0,2.8844221105527637,-1.6983586519203662,21
Catherine / Kadri / Katri,Põlva,Katri/Katrina,0,3.0217755443886096,-1.7383255001260869,22
Catherine / Kadri / Katri,Tori,Katri/Katrina,0,3.0217755443886096,-1.7383255001260869,22
Catherine / Kadri / Katri,Tõstamaa,Katri/Katrina,0,3.0217755443886096,-1.7383255001260869,22
Catherine / Kadri / Katri,Vuole,Katri/Katrina,0,3.0217755443886096,-1.7383255001260869,22
Catherine / Kadri / Katri,Koivisto,Kadri,0,3.093243997766611,-1.7587620640003045,5
Catherine / Kadri / Katri,Rääpyvä,Kadri,0,3.093243997766611,-1.7587620640003045,5
Catherine / Kadri / Katri,Soanlahti,Kadri,0,3.093243997766611,-1.7587620640003045,5
Catherine / Kadri / Katri,Uukuniemi,Kadri,0,3.093243997766611,-1.7587620640003045,5
Catherine / Kadri / Katri,Viljandi,Kati,0,3.120603015075377,-1.766522860048909,69
Catherine / Kadri / Katri,Juuru,Katri/Katrina,0,3.1591289782244556,-1.777393872562988,23
Catherine / Kadri / Katri,Peetri,Katri/Katrina,0,3.1591289782244556,-1.777393872562988,23
Catherine / Kadri / Katri,Audru,Refrain,0,3.3132328308207706,-1.82022878529617,46
Catherine / Kadri / Katri,Räpina,Kati,0,3.391959798994975,-1.8417273954076308,75
Catherine / Kadri / Katri,Karula,Kati,0,3.527638190954774,-1.8782007855803846,78
Catherine / Kadri / Katri,Risti,Katri/Katrina,0,3.5711892797319935,-1.8897590533536264,26
Catherine / Kadri / Katri,Simuna,Katri/Katrina,0,3.5711892797319935,-1.8897590533536264,26
Catherine / Kadri / Katri,Vigala,Katri/Katrina,0,3.5711892797319935,-1.8897590533536264,26
Catherine / Kadri / Katri,Lempaala,Kadri,0,3.711892797319933,-1.9266273114746229,6
Catherine / Kadri / Katri,Serepetta,Kadri,0,3.711892797319933,-1.9266273114746229,6
Catherine / Kadri / Katri,Räpina,Kaisa/Kaie,0,3.8107202680067003,-1.952106623114296,75
Catherine / Kadri / Katri,Suistamo,Kadri,2,7.423785594639866,-1.9906265995660246,12
Catherine / Kadri / Katri,Karula,Kaisa/Kaie,0,3.963149078726968,-1.9907659527747021,78
Catherine / Kadri / Katri,Karuse,Katri/Katrina,0,4.1206030150753765,-2.0299268496858147,30
Catherine / Kadri / Katri,Helme,Kati,0,4.206030150753769,-2.0508608316396724,93
Catherine / Kadri / Katri,Viljandi,Other,0,4.276381909547739,-2.0679414666638265,69
Catherine / Kadri / Katri,Juva,Kadri,0,4.330541596873255,-2.0809953380229507,7
Catherine / Kadri / Katri,Lemi,Kadri,0,4.330541596873255,-2.0809953380229507,7
Catherine / Kadri / Katri,Setumaa,Katri/Katrina,0,4.3953098827470685,-2.096499435427319,32
Catherine / Kadri / Katri,Kose,Katri/Katrina,0,4.532663316582915,-2.129005241088644,33
Catherine / Kadri / Katri,Palamuse,Katri/Katrina,0,4.532663316582915,-2.129005241088644,33
Catherine / Kadri / Katri,Helme,Kaisa/Kaie,0,4.725293132328308,-2.173773937724047,93
Catherine / Kadri / Katri,Häädemeeste,Katri/Katrina,0,4.944723618090452,-2.223673451316639,36
Catherine / Kadri / Katri,Sortavala,Kadri,0,4.9491903964265775,-2.224677593815917,8
Catherine / Kadri / Katri,Viljandi,Refrain,0,4.969849246231155,-2.2293158695508257,69
Catherine / Kadri / Katri,Ambla,Katri/Katrina,0,5.219430485762144,-2.28460729355444,38
Catherine / Kadri / Katri,Pärnu-Jaagupi,Katri/Katrina,0,5.219430485762144,-2.28460729355444,38
Catherine / Kadri / Katri,Räpina,Refrain,0,5.402010050251256,-2.324222461437643,75
Catherine / Kadri / Katri,Halliste,Katri/Katrina,0,5.494137353433836,-2.3439576262027084,40
Catherine / Kadri / Katri,Karksi,Katri/Katrina,0,5.494137353433836,-2.3439576262027084,40
Catherine / Kadri / Katri,Tuupovaara,Kadri,0,5.567839195979899,-2.35962691881151,9
Catherine / Kadri / Katri,Karula,Refrain,0,5.618090452261306,-2.370251136960239,78
Catherine / Kadri / Katri,Narvusi,Refrain,0,5.690117252931323,-2.385396665741638,79
Catherine / Kadri / Katri,Helme,Other,0,5.763819095477387,-2.400795513049245,93
Catherine / Kadri / Katri,Hietamäki,Kadri,0,6.186487995533222,-2.487265163896528,10
Catherine / Kadri / Katri,Audru,Katri/Katrina,0,6.318257956448911,-2.513614520257414,46
Catherine / Kadri / Katri,Paistu,Kati,0,6.376884422110553,-2.5252493782021914,141
Catherine / Kadri / Katri,Palamuse,Kadri,9,20.41541038525963,-2.5264602625900077,33
Catherine / Kadri / Katri,Moloskovitsa,Kadri,0,6.805136795086544,-2.6086657116400604,11
Catherine / Kadri / Katri,Pyhäjärvi Vpl.,Kadri,0,6.805136795086544,-2.6086657116400604,11
Catherine / Kadri / Katri,Toksova,Kadri,0,6.805136795086544,-2.6086657116400604,11
Catherine / Kadri / Katri,Paistu,Other,1,8.738693467336683,-2.617847789665276,141
Catherine / Kadri / Katri,Paistu,Kaisa/Kaie,0,7.164154103852597,-2.6765937502453743,141
Catherine / Kadri / Katri,Ilomantsi,Kadri,0,7.423785594639866,-2.7246624735258247,12
Catherine / Kadri / Katri,Koprina,Kadri,0,8.042434394193188,-2.835918615580001,13
Catherine / Kadri / Katri,Kupanitsa,Kadri,0,9.279731993299832,-3.0462652532732326,15
Catherine / Kadri / Katri,Räpina,Katri/Katrina,0,10.301507537688442,-3.209596164268714,75
Catherine / Kadri / Katri,Viljandi,Kadri,20,42.68676716917923,-3.4723698873491684,69
Catherine / Kadri / Katri,Helme,Katri/Katrina,0,12.773869346733669,-3.574055028498256,93
Catherine / Kadri / Katri,Kalajoki,Kadri,0,12.991624790619765,-3.6043896557697206,21
Catherine / Kadri / Katri,Soikkola,Kadri,0,13.610273590173088,-3.689210429099035,22
Catherine / Kadri / Katri,Venjoki,Kadri,0,13.610273590173088,-3.689210429099035,22
Catherine / Kadri / Katri,Vuole,Kadri,0,13.610273590173088,-3.689210429099035,22
Catherine / Kadri / Katri,Tyrö,Kadri,0,14.847571189279732,-3.8532546229492457,24
Catherine / Kadri / Katri,Paistu,Kadri,34,87.22948073701842,-5.699287769097644,141
Catherine / Kadri / Katri,Narvusi,Kadri,4,48.873255164712454,-6.418771890398634,79
Jesus / Christ,Laiuse,Christ,4,0.4098939929328622,5.607528577863295,6
Jesus / Christ,Ilomantsi,Christ,13,3.9623085983510014,4.540287556463616,58
Jesus / Christ,Vuokkiniemi,Other,11,3.07773851590106,4.515785585847459,13
Jesus / Christ,Salmi,Christ,10,3.005889281507656,4.034093994923465,44
Jesus / Christ,Saarde,Christ,4,0.6831566548881036,4.012959794224273,10
Jesus / Christ,Kuusalu,Christ,6,1.3663133097762072,3.9641631111553886,20
Jesus / Christ,Kiuruvesi,Other,7,2.3674911660777385,3.010731819915363,10
Jesus / Christ,Setumaa,Jesus,65,45.17078916372203,2.9503707341293177,65
Jesus / Christ,Maarja-Magdaleena,Christ,2,0.3415783274440518,2.8375910831249556,5
Jesus / Christ,Rannu,Christ,2,0.3415783274440518,2.8375910831249556,5
Jesus / Christ,Jalasjärvi,Other,6,2.1307420494699647,2.6507101760716254,9
Jesus / Christ,Somero,Other,5,1.657243816254417,2.596638531397139,7
Jesus / Christ,Vähäkyrö,Other,4,1.1837455830388692,2.5884674024384835,5
Jesus / Christ,Korpiselkä,Christ,7,2.7326266195524145,2.581490293763235,40
Jesus / Christ,Kemi,Christ,2,0.4098939929328622,2.483649468541814,6
Jesus / Christ,Repola,Christ,3,0.8197879858657244,2.407952711688457,12
Jesus / Christ,Vigala,Christ,2,0.47820965842167257,2.200623020448097,7
Jesus / Christ,Korpiselkä,Other,16,9.469964664310954,2.121980321587945,40
Jesus / Christ,Sääksmäki,Other,11,5.918727915194347,2.088614374351231,25
Jesus / Christ,Kodavere,Christ,2,0.5465253239104829,1.9660851561292716,8
Jesus / Christ,Kuhmoinen,Christ,2,0.5465253239104829,1.9660851561292716,8
Jesus / Christ,Tulemajärvi,Christ,2,0.5465253239104829,1.9660851561292716,8
Jesus / Christ,Pielavesi,Other,5,2.1307420494699647,1.9656407881006024,9
Jesus / Christ,Juva,Other,12,7.102473498233215,1.8376888648258327,30
Jesus / Christ,Narvusi,Other,32,23.20141342756184,1.826651467611146,98
Jesus / Christ,Hauho,Other,4,1.657243816254417,1.819842860799475,7
Jesus / Christ,Varpaisjärvi,Other,4,1.657243816254417,1.819842860799475,7
Jesus / Christ,Iisalmi,Other,3,1.1837455830388692,1.6693503699540533,5
Jesus / Christ,Mäntyharju,Other,3,1.1837455830388692,1.6693503699540533,5
Jesus / Christ,Östmark,Christ,2,0.6831566548881036,1.5932134410308016,10
Jesus / Christ,Kadrina,Jesus,18,12.508833922261484,1.5525877873781313,18
Jesus / Christ,Urvaste,Jesus,30,22.93286219081272,1.4757555646693237,33
Jesus / Christ,Lempaala,Jesus,70,59.06949352179034,1.4221934116200743,85
Jesus / Christ,Räpina,Jesus,14,9.72909305064782,1.3692537246661876,14
Jesus / Christ,Vastseliina,Jesus,42,34.051825677267374,1.3620629602833518,49
Jesus / Christ,Jokioinen,Other,3,1.4204946996466432,1.3252605763279275,6
Jesus / Christ,Juuka,Other,3,1.4204946996466432,1.3252605763279275,6
Jesus / Christ,Liissilä,Christ,5,2.800942285041225,1.3139672708991372,41
Jesus / Christ,Kaprio,Other,6,3.5512367491166077,1.299442258029355,15
Jesus / Christ,Koprina,Other,5,2.8409893992932864,1.2809139873833764,12
Jesus / Christ,Moloskovitsa,Other,5,2.8409893992932864,1.2809139873833764,12
Jesus / Christ,Marttila,Jesus,12,8.33922261484099,1.2676826199843874,12
Jesus / Christ,Viljandi,Jesus,12,8.33922261484099,1.2676826199843874,12
Jesus / Christ,Ambla,Christ,2,0.8881036513545347,1.1798654292737725,13
Jesus / Christ,Ilomantsi,Other,18,13.731448763250883,1.1519199991781868,58
Jesus / Christ,Vähäkyrö,Christ,1,0.3415783274440518,1.1265720280304332,5
Jesus / Christ,Tohmajärvi,Other,8,5.445229681978798,1.094822616056604,23
Jesus / Christ,Impilahti,Other,10,7.102473498233215,1.0872329503298577,30
Jesus / Christ,Porajärvi,Christ,2,0.9564193168433451,1.0670919954228697,14
Jesus / Christ,Rautavaara,Other,4,2.3674911660777385,1.0609901607939725,10
Jesus / Christ,Rõngu,Jesus,13,9.72909305064782,1.0486535006613356,14
Jesus / Christ,Kivijärvi,Other,3,1.657243816254417,1.0430471902018108,7
Jesus / Christ,Tarvastu,Other,3,1.657243816254417,1.0430471902018108,7
Jesus / Christ,Tyrö,Jesus,12,9.034157832744405,0.9867433283168332,13
Jesus / Christ,Soikkola,Other,8,5.681978798586573,0.9724507137260855,24
Jesus / Christ,Pärnu-Jaagupi,Jesus,7,4.86454652532391,0.968208593876399,7
Jesus / Christ,Väike-Maarja,Jesus,7,4.86454652532391,0.968208593876399,7
Jesus / Christ,Tori,Jesus,15,11.813898704358069,0.9269641916672092,17
Jesus / Christ,Tammela,Other,5,3.314487632508834,0.92581399630259,14
Jesus / Christ,Hartola,Christ,1,0.4098939929328622,0.921709913881073,6
Jesus / Christ,Juuka,Christ,1,0.4098939929328622,0.921709913881073,6
Jesus / Christ,Sysmä,Christ,1,0.4098939929328622,0.921709913881073,6
Jesus / Christ,Karkku,Jesus,6,4.169611307420495,0.8963869769832893,6
Jesus / Christ,Lüganuse,Jesus,6,4.169611307420495,0.8963869769832893,6
Jesus / Christ,Palamuse,Jesus,6,4.169611307420495,0.8963869769832893,6
Jesus / Christ,Suistamo,Other,48,42.61484098939929,0.8249318948800191,180
Jesus / Christ,Isokyrö,Jesus,5,3.4746760895170787,0.8182856125793532,5
Jesus / Christ,Pajala,Jesus,5,3.4746760895170787,0.8182856125793532,5
Jesus / Christ,Põltsamaa,Jesus,5,3.4746760895170787,0.8182856125793532,5
Jesus / Christ,Vuole,Jesus,20,16.67844522968198,0.8133240910852237,24
Jesus / Christ,Koeru,Other,3,1.8939929328621907,0.8036532862522133,8
Jesus / Christ,Nurmes,Other,3,1.8939929328621907,0.8036532862522133,8
Jesus / Christ,Uukuniemi,Other,3,1.8939929328621907,0.8036532862522133,8
Jesus / Christ,Tarvastu,Christ,1,0.47820965842167257,0.7545479861133955,7
Jesus / Christ,Venjoki,Other,2,1.1837455830388692,0.7502333374696232,5
Jesus / Christ,Jõhvi,Jesus,8,6.254416961130742,0.697986620726116,9
Jesus / Christ,Kiihtelysvaara,Jesus,8,6.254416961130742,0.697986620726116,9
Jesus / Christ,Pielisjärvi,Other,4,2.8409893992932864,0.6876264940454131,12
Jesus / Christ,Ambla,Jesus,11,9.034157832744405,0.6540407525658438,13
Jesus / Christ,Korpilahti,Jesus,11,9.034157832744405,0.6540407525658438,13
Jesus / Christ,Jällivaara,Christ,1,0.5465253239104829,0.6134058226173172,8
Jesus / Christ,Kattila,Christ,1,0.5465253239104829,0.6134058226173172,8
Jesus / Christ,Nilsiä,Christ,1,0.5465253239104829,0.6134058226173172,8
Jesus / Christ,Rääkkylä,Christ,1,0.5465253239104829,0.6134058226173172,8
Jesus / Christ,Sangaste,Christ,1,0.5465253239104829,0.6134058226173172,8
Jesus / Christ,Suojärvi,Jesus,47,43.08598351001178,0.5962860450018415,62
Jesus / Christ,Liperi,Other,3,2.1307420494699647,0.5955020121585569,9
Jesus / Christ,Sodankylä,Other,3,2.1307420494699647,0.5955020121585569,9
Jesus / Christ,Metsäpirtti,Jesus,10,8.33922261484099,0.5751069801087471,12
Jesus / Christ,Soanlahti,Jesus,10,8.33922261484099,0.5751069801087471,12
Jesus / Christ,Kesälahti,Other,4,3.07773851590106,0.525700284525507,13
Jesus / Christ,Narvusi,Christ,8,6.694935217903415,0.5043811884675234,98
Jesus / Christ,Urvaste,Christ,3,2.254416961130742,0.4965681932374754,33
Jesus / Christ,Sakkola,Jesus,9,7.644287396937574,0.49034204063521514,11
Jesus / Christ,Hartola,Other,2,1.4204946996466432,0.48622535686304275,6
Jesus / Christ,Loppi,Other,2,1.4204946996466432,0.48622535686304275,6
Jesus / Christ,Suonenjoki,Other,2,1.4204946996466432,0.48622535686304275,6
Jesus / Christ,Suure-Jaani,Other,2,1.4204946996466432,0.48622535686304275,6
Jesus / Christ,Isojoki,Jesus,5,4.169611307420495,0.40666204554261187,6
Jesus / Christ,Joroinen,Jesus,5,4.169611307420495,0.40666204554261187,6
Jesus / Christ,Kangasniemi,Jesus,5,4.169611307420495,0.40666204554261187,6
Jesus / Christ,Koivisto,Jesus,5,4.169611307420495,0.40666204554261187,6
Jesus / Christ,Kupanitsa,Jesus,5,4.169611307420495,0.40666204554261187,6
Jesus / Christ,Parkano,Jesus,5,4.169611307420495,0.40666204554261187,6
Jesus / Christ,Sysmä,Jesus,5,4.169611307420495,0.40666204554261187,6
Jesus / Christ,Kiuruvesi,Christ,1,0.6831566548881036,0.3833402644340659,10
Jesus / Christ,Asikkala,Jesus,4,3.4746760895170787,0.28181882873389313,5
Jesus / Christ,Jurva,Jesus,4,3.4746760895170787,0.28181882873389313,5
Jesus / Christ,Rovaniemi,Jesus,4,3.4746760895170787,0.28181882873389313,5
Jesus / Christ,Simuna,Jesus,4,3.4746760895170787,0.28181882873389313,5
Jesus / Christ,Skuoritsa,Jesus,4,3.4746760895170787,0.28181882873389313,5
Jesus / Christ,Spankkova,Jesus,4,3.4746760895170787,0.28181882873389313,5
Jesus / Christ,Haljala,Other,2,1.657243816254417,0.26625151960414645,7
Jesus / Christ,Kauhava,Other,2,1.657243816254417,0.26625151960414645,7
Jesus / Christ,Rääkkylä,Jesus,6,5.559481743227327,0.1868300619303155,8
Jesus / Christ,Sortavala,Jesus,6,5.559481743227327,0.1868300619303155,8
Jesus / Christ,Kitee,Jesus,33,31.967020023557126,0.1827009588340867,46
Jesus / Christ,Jällivaara,Other,2,1.8939929328621907,0.0770274715257713,8
Jesus / Christ,Kattila,Other,2,1.8939929328621907,0.0770274715257713,8
Jesus / Christ,Kodavere,Other,2,1.8939929328621907,0.0770274715257713,8
Jesus / Christ,Kuhmoinen,Other,2,1.8939929328621907,0.0770274715257713,8
Jesus / Christ,Nilsiä,Other,2,1.8939929328621907,0.0770274715257713,8
Jesus / Christ,Sangaste,Other,2,1.8939929328621907,0.0770274715257713,8
Jesus / Christ,Sortavala,Other,2,1.8939929328621907,0.0770274715257713,8
Jesus / Christ,Haljala,Jesus,5,4.86454652532391,0.06141422410137118,7
Jesus / Christ,Kauhava,Jesus,5,4.86454652532391,0.06141422410137118,7
Jesus / Christ,Rõngu,Christ,1,0.9564193168433451,0.04456253254023269,14
Jesus / Christ,Kitee,Other,11,10.890459363957596,0.033193432055754916,46
Jesus / Christ,Östmark,Jesus,7,6.9493521790341575,0.01921270898910955,10
Jesus / Christ,Kesälahti,Jesus,9,9.034157832744405,-0.011364398936135174,13
Jesus / Christ,Kaprio,Christ,1,1.0247349823321554,-0.024434633160183034,15
Jesus / Christ,Juva,Christ,2,2.049469964664311,-0.0345557896067422,30
Jesus / Christ,Kemi,Jesus,4,4.169611307420495,-0.08306288589806558,6
Jesus / Christ,Loppi,Jesus,4,4.169611307420495,-0.08306288589806558,6
Jesus / Christ,Suonenjoki,Jesus,4,4.169611307420495,-0.08306288589806558,6
Jesus / Christ,Suure-Jaani,Jesus,4,4.169611307420495,-0.08306288589806558,6
Jesus / Christ,Suistamo,Jesus,124,125.08833922261483,-0.0973096404148414,180
Jesus / Christ,Liperi,Jesus,6,6.254416961130742,-0.1017308435066404,9
Jesus / Christ,Sodankylä,Jesus,6,6.254416961130742,-0.1017308435066404,9
Jesus / Christ,Pielisjärvi,Jesus,8,8.33922261484099,-0.11746865976689327,12
Jesus / Christ,Repola,Jesus,8,8.33922261484099,-0.11746865976689327,12
Jesus / Christ,Tori,Christ,1,1.1613663133097762,-0.14973670239475736,17
Jesus / Christ,Soikkola,Jesus,16,16.67844522968198,-0.16612577179613117,24
Jesus / Christ,Asikkala,Other,1,1.1837455830388692,-0.16888369501480693,5
Jesus / Christ,Jurva,Other,1,1.1837455830388692,-0.16888369501480693,5
Jesus / Christ,Rovaniemi,Other,1,1.1837455830388692,-0.16888369501480693,5
Jesus / Christ,Simuna,Other,1,1.1837455830388692,-0.16888369501480693,5
Jesus / Christ,Skuoritsa,Other,1,1.1837455830388692,-0.16888369501480693,5
Jesus / Christ,Spankkova,Other,1,1.1837455830388692,-0.16888369501480693,5
Jesus / Christ,Porajärvi,Other,3,3.314487632508834,-0.1727409762493302,14
Jesus / Christ,Liissilä,Other,9,9.706713780918728,-0.2268336328074054,41
Jesus / Christ,Porajärvi,Jesus,9,9.72909305064782,-0.23374739535807224,14
Jesus / Christ,Tammela,Jesus,9,9.72909305064782,-0.23374739535807224,14
Jesus / Christ,Jällivaara,Jesus,5,5.559481743227327,-0.23728416956390377,8
Jesus / Christ,Kattila,Jesus,5,5.559481743227327,-0.23728416956390377,8
Jesus / Christ,Koeru,Jesus,5,5.559481743227327,-0.23728416956390377,8
Jesus / Christ,Nilsiä,Jesus,5,5.559481743227327,-0.23728416956390377,8
Jesus / Christ,Nurmes,Jesus,5,5.559481743227327,-0.23728416956390377,8
Jesus / Christ,Sangaste,Jesus,5,5.559481743227327,-0.23728416956390377,8
Jesus / Christ,Tulemajärvi,Jesus,5,5.559481743227327,-0.23728416956390377,8
Jesus / Christ,Uukuniemi,Jesus,5,5.559481743227327,-0.23728416956390377,8
Jesus / Christ,Tohmajärvi,Jesus,15,15.983510011778563,-0.24600430462696443,23
Jesus / Christ,Maarja-Magdaleena,Jesus,3,3.4746760895170787,-0.2546479551115669,5
Jesus / Christ,Rannu,Jesus,3,3.4746760895170787,-0.2546479551115669,5
Jesus / Christ,Venjoki,Jesus,3,3.4746760895170787,-0.2546479551115669,5
Jesus / Christ,Liissilä,Jesus,27,28.492343934040047,-0.2795791856692422,41
Jesus / Christ,Isojoki,Other,1,1.4204946996466432,-0.3528098626018421,6
Jesus / Christ,Joroinen,Other,1,1.4204946996466432,-0.3528098626018421,6
Jesus / Christ,Kangasniemi,Other,1,1.4204946996466432,-0.3528098626018421,6
Jesus / Christ,Koivisto,Other,1,1.4204946996466432,-0.3528098626018421,6
Jesus / Christ,Kupanitsa,Other,1,1.4204946996466432,-0.3528098626018421,6
Jesus / Christ,Parkano,Other,1,1.4204946996466432,-0.3528098626018421,6
Jesus / Christ,Rautavaara,Jesus,6,6.9493521790341575,-0.360126591749353,10
Jesus / Christ,Saarde,Jesus,6,6.9493521790341575,-0.360126591749353,10
Jesus / Christ,Sakkola,Other,2,2.604240282685512,-0.3744287160705125,11
Jesus / Christ,Kivijärvi,Jesus,4,4.86454652532391,-0.39198296078614275,7
Jesus / Christ,Vigala,Jesus,4,4.86454652532391,-0.39198296078614275,7
Jesus / Christ,Impilahti,Jesus,19,20.848056537102472,-0.4047459066709385,30
Jesus / Christ,Suojärvi,Other,13,14.678445229681978,-0.43809383911192323,62
Jesus / Christ,Salmi,Other,9,10.416961130742049,-0.4390231436967119,44
Jesus / Christ,Koprina,Jesus,7,8.33922261484099,-0.4637564797047134,12
Jesus / Christ,Moloskovitsa,Jesus,7,8.33922261484099,-0.4637564797047134,12
Jesus / Christ,Metsäpirtti,Other,2,2.8409893992932864,-0.4989484926305134,12
Jesus / Christ,Soanlahti,Other,2,2.8409893992932864,-0.4989484926305134,12
Jesus / Christ,Vuole,Christ,1,1.6395759717314489,-0.4994895042289649,24
Jesus / Christ,Kuusalu,Jesus,12,13.898704358068315,-0.5092959102231338,20
Jesus / Christ,Vigala,Other,1,1.657243816254417,-0.5105441509935179,7
Jesus / Christ,Sääksmäki,Christ,1,1.707891637220259,-0.5416722981652001,25
Jesus / Christ,Hartola,Jesus,3,4.169611307420495,-0.5727878173387431,6
Jesus / Christ,Jokioinen,Jesus,3,4.169611307420495,-0.5727878173387431,6
Jesus / Christ,Asikkala,Christ,0,0.3415783274440518,-0.5844470270640888,5
Jesus / Christ,Iisalmi,Christ,0,0.3415783274440518,-0.5844470270640888,5
Jesus / Christ,Isokyrö,Christ,0,0.3415783274440518,-0.5844470270640888,5
Jesus / Christ,Jurva,Christ,0,0.3415783274440518,-0.5844470270640888,5
Jesus / Christ,Mäntyharju,Christ,0,0.3415783274440518,-0.5844470270640888,5
Jesus / Christ,Pajala,Christ,0,0.3415783274440518,-0.5844470270640888,5
Jesus / Christ,Põltsamaa,Christ,0,0.3415783274440518,-0.5844470270640888,5
Jesus / Christ,Rovaniemi,Christ,0,0.3415783274440518,-0.5844470270640888,5
Jesus / Christ,Simuna,Christ,0,0.3415783274440518,-0.5844470270640888,5
Jesus / Christ,Skuoritsa,Christ,0,0.3415783274440518,-0.5844470270640888,5
Jesus / Christ,Spankkova,Christ,0,0.3415783274440518,-0.5844470270640888,5
Jesus / Christ,Venjoki,Christ,0,0.3415783274440518,-0.5844470270640888,5
Jesus / Christ,Korpilahti,Other,2,3.07773851590106,-0.6143240872807649,13
Jesus / Christ,Isojoki,Christ,0,0.4098939929328622,-0.6402296407796676,6
Jesus / Christ,Jokioinen,Christ,0,0.4098939929328622,-0.6402296407796676,6
Jesus / Christ,Joroinen,Christ,0,0.4098939929328622,-0.6402296407796676,6
Jesus / Christ,Kangasniemi,Christ,0,0.4098939929328622,-0.6402296407796676,6
Jesus / Christ,Karkku,Christ,0,0.4098939929328622,-0.6402296407796676,6
Jesus / Christ,Koivisto,Christ,0,0.4098939929328622,-0.6402296407796676,6
Jesus / Christ,Kupanitsa,Christ,0,0.4098939929328622,-0.6402296407796676,6
Jesus / Christ,Loppi,Christ,0,0.4098939929328622,-0.6402296407796676,6
Jesus / Christ,Lüganuse,Christ,0,0.4098939929328622,-0.6402296407796676,6
Jesus / Christ,Palamuse,Christ,0,0.4098939929328622,-0.6402296407796676,6
Jesus / Christ,Parkano,Christ,0,0.4098939929328622,-0.6402296407796676,6
Jesus / Christ,Suonenjoki,Christ,0,0.4098939929328622,-0.6402296407796676,6
Jesus / Christ,Suure-Jaani,Christ,0,0.4098939929328622,-0.6402296407796676,6
Jesus / Christ,Kitee,Christ,2,3.142520612485277,-0.6445030494118464,46
Jesus / Christ,Rääkkylä,Other,1,1.8939929328621907,-0.6495983432006708,8
Jesus / Christ,Tulemajärvi,Other,1,1.8939929328621907,-0.6495983432006708,8
Jesus / Christ,Kodavere,Jesus,4,5.559481743227327,-0.6613984010581231,8
Jesus / Christ,Kuhmoinen,Jesus,4,5.559481743227327,-0.6613984010581231,8
Jesus / Christ,Haljala,Christ,0,0.47820965842167257,-0.6915270482213061,7
Jesus / Christ,Hauho,Christ,0,0.47820965842167257,-0.6915270482213061,7
Jesus / Christ,Kauhava,Christ,0,0.47820965842167257,-0.6915270482213061,7
Jesus / Christ,Kivijärvi,Christ,0,0.47820965842167257,-0.6915270482213061,7
Jesus / Christ,Pärnu-Jaagupi,Christ,0,0.47820965842167257,-0.6915270482213061,7
Jesus / Christ,Somero,Christ,0,0.47820965842167257,-0.6915270482213061,7
Jesus / Christ,Varpaisjärvi,Christ,0,0.47820965842167257,-0.6915270482213061,7
Jesus / Christ,Väike-Maarja,Christ,0,0.47820965842167257,-0.6915270482213061,7
Jesus / Christ,Impilahti,Christ,1,2.049469964664311,-0.7330763938001752,30
Jesus / Christ,Vastseliina,Christ,2,3.3474676089517077,-0.7364786178999154,49
Jesus / Christ,Koeru,Christ,0,0.5465253239104829,-0.7392735108946369,8
Jesus / Christ,Nurmes,Christ,0,0.5465253239104829,-0.7392735108946369,8
Jesus / Christ,Sortavala,Christ,0,0.5465253239104829,-0.7392735108946369,8
Jesus / Christ,Uukuniemi,Christ,0,0.5465253239104829,-0.7392735108946369,8
Jesus / Christ,Kaprio,Jesus,8,10.424028268551236,-0.7507924383612218,15
Jesus / Christ,Jõhvi,Other,1,2.1307420494699647,-0.7746367637834887,9
Jesus / Christ,Kiihtelysvaara,Other,1,2.1307420494699647,-0.7746367637834887,9
Jesus / Christ,Jalasjärvi,Christ,0,0.6148409893992933,-0.7841179690577773,9
Jesus / Christ,Jõhvi,Christ,0,0.6148409893992933,-0.7841179690577773,9
Jesus / Christ,Kiihtelysvaara,Christ,0,0.6148409893992933,-0.7841179690577773,9
Jesus / Christ,Liperi,Christ,0,0.6148409893992933,-0.7841179690577773,9
Jesus / Christ,Pielavesi,Christ,0,0.6148409893992933,-0.7841179690577773,9
Jesus / Christ,Sodankylä,Christ,0,0.6148409893992933,-0.7841179690577773,9
Jesus / Christ,Iisalmi,Jesus,2,3.4746760895170787,-0.791114738957027,5
Jesus / Christ,Mäntyharju,Jesus,2,3.4746760895170787,-0.791114738957027,5
Jesus / Christ,Rautavaara,Christ,0,0.6831566548881036,-0.8265329121626698,10
Jesus / Christ,Hauho,Jesus,3,4.86454652532391,-0.8453801456736567,7
Jesus / Christ,Tarvastu,Jesus,3,4.86454652532391,-0.8453801456736567,7
Jesus / Christ,Varpaisjärvi,Jesus,3,4.86454652532391,-0.8453801456736567,7
Jesus / Christ,Sakkola,Christ,0,0.751472320376914,-0.8668750315800507,11
Jesus / Christ,Östmark,Other,1,2.3674911660777385,-0.8887514983274184,10
Jesus / Christ,Pielavesi,Jesus,4,6.254416961130742,-0.9014483077393968,9
Jesus / Christ,Koprina,Christ,0,0.8197879858657244,-0.9054214410238607,12
Jesus / Christ,Marttila,Christ,0,0.8197879858657244,-0.9054214410238607,12
Jesus / Christ,Metsäpirtti,Christ,0,0.8197879858657244,-0.9054214410238607,12
Jesus / Christ,Moloskovitsa,Christ,0,0.8197879858657244,-0.9054214410238607,12
Jesus / Christ,Pielisjärvi,Christ,0,0.8197879858657244,-0.9054214410238607,12
Jesus / Christ,Soanlahti,Christ,0,0.8197879858657244,-0.9054214410238607,12
Jesus / Christ,Viljandi,Christ,0,0.8197879858657244,-0.9054214410238607,12
Jesus / Christ,Kesälahti,Christ,0,0.8881036513545347,-0.9423925144835006,13
Jesus / Christ,Korpilahti,Christ,0,0.8881036513545347,-0.9423925144835006,13
Jesus / Christ,Tyrö,Christ,0,0.8881036513545347,-0.9423925144835006,13
Jesus / Christ,Vuokkiniemi,Christ,0,0.8881036513545347,-0.9423925144835006,13
Jesus / Christ,Räpina,Christ,0,0.9564193168433451,-0.9779669303424043,14
Jesus / Christ,Tammela,Christ,0,0.9564193168433451,-0.9779669303424043,14
Jesus / Christ,Salmi,Jesus,25,30.577149587750295,-1.0085879940954579,44
Jesus / Christ,Sääksmäki,Jesus,13,17.373380447585394,-1.0492406165004327,25
Jesus / Christ,Juva,Jesus,16,20.848056537102472,-1.061780848857606,30
Jesus / Christ,Juuka,Jesus,2,4.169611307420495,-1.0625127487794204,6
Jesus / Christ,Laiuse,Jesus,2,4.169611307420495,-1.0625127487794204,6
Jesus / Christ,Suojärvi,Christ,2,4.2355712603062425,-1.0862568332085314,62
Jesus / Christ,Isokyrö,Other,0,1.1837455830388692,-1.0880007274992372,5
Jesus / Christ,Maarja-Magdaleena,Other,0,1.1837455830388692,-1.0880007274992372,5
Jesus / Christ,Pajala,Other,0,1.1837455830388692,-1.0880007274992372,5
Jesus / Christ,Põltsamaa,Other,0,1.1837455830388692,-1.0880007274992372,5
Jesus / Christ,Rannu,Other,0,1.1837455830388692,-1.0880007274992372,5
Jesus / Christ,Repola,Other,1,2.8409893992932864,-1.0922359859684767,12
Jesus / Christ,Kadrina,Christ,0,1.2296819787985867,-1.1089102663419554,18
Jesus / Christ,Vuole,Other,3,5.681978798586573,-1.1251373349361267,24
Jesus / Christ,Lempaala,Other,15,20.12367491166078,-1.1421625609009496,85
Jesus / Christ,Tyrö,Other,1,3.07773851590106,-1.184336273183901,13
Jesus / Christ,Karkku,Other,0,1.4204946996466432,-1.191845082066727,6
Jesus / Christ,Kemi,Other,0,1.4204946996466432,-1.191845082066727,6
Jesus / Christ,Laiuse,Other,0,1.4204946996466432,-1.191845082066727,6
Jesus / Christ,Lüganuse,Other,0,1.4204946996466432,-1.191845082066727,6
Jesus / Christ,Palamuse,Other,0,1.4204946996466432,-1.191845082066727,6
Jesus / Christ,Sysmä,Other,0,1.4204946996466432,-1.191845082066727,6
Jesus / Christ,Narvusi,Jesus,58,68.10365135453475,-1.2243149512897236,98
Jesus / Christ,Suistamo,Christ,8,12.296819787985866,-1.2253234222585037,180
Jesus / Christ,Tohmajärvi,Christ,0,1.5712603062426385,-1.2534992246677452,23
Jesus / Christ,Kuusalu,Other,2,4.734982332155477,-1.256884422514044,20
Jesus / Christ,Soikkola,Christ,0,1.6395759717314489,-1.2804592815593352,24
Jesus / Christ,Pärnu-Jaagupi,Other,0,1.657243816254417,-1.2873398215911822,7
Jesus / Christ,Väike-Maarja,Other,0,1.657243816254417,-1.2873398215911822,7
Jesus / Christ,Somero,Jesus,2,4.86454652532391,-1.2987773305611707,7
Jesus / Christ,Jalasjärvi,Jesus,3,6.254416961130742,-1.301307039855775,9
Jesus / Christ,Tori,Other,1,4.024734982332156,-1.5077130187348138,17
Jesus / Christ,Saarde,Other,0,2.3674911660777385,-1.5386653847012153,10
Jesus / Christ,Marttila,Other,0,2.8409893992932864,-1.6855234793064398,12
Jesus / Christ,Viljandi,Other,0,2.8409893992932864,-1.6855234793064398,12
Jesus / Christ,Ambla,Other,0,3.07773851590106,-1.7543484590870368,13
Jesus / Christ,Räpina,Other,0,3.314487632508834,-1.8205734350772105,14
Jesus / Christ,Rõngu,Other,0,3.314487632508834,-1.8205734350772105,14
Jesus / Christ,Vähäkyrö,Jesus,0,3.4746760895170787,-1.8640483066479472,5
Jesus / Christ,Kiuruvesi,Jesus,2,6.9493521790341575,-1.8774837947032033,10
Jesus / Christ,Vastseliina,Other,5,11.60070671378092,-1.9379751893940493,49
Jesus / Christ,Korpiselkä,Jesus,17,27.79740871613663,-2.047940736083325,40
Jesus / Christ,Kadrina,Other,0,4.261484098939929,-2.0643362368906693,18
Jesus / Christ,Ilomantsi,Jesus,27,40.30624263839812,-2.095893839008696,58
Jesus / Christ,Setumaa,Christ,0,4.440518256772673,-2.107253723872062,65
Jesus / Christ,Vuokkiniemi,Jesus,2,9.034157832744405,-2.3402824291930613,13
Jesus / Christ,Lempaala,Christ,0,5.806831566548881,-2.409736825163462,85
Jesus / Christ,Urvaste,Other,0,7.812720848056537,-2.7951244780969127,33
Jesus / Christ,Setumaa,Other,0,15.3886925795053,-3.9228424107406226,65
John / Jaan / Jussi / Hans,Peetri,John/St John,38,6.899155489319424,11.840613782739148,64
John / Jaan / Jussi / Hans,Paide,Juhan,8,0.4689518132141083,10.997432795175452,16
John / Jaan / Jussi / Hans,Paistu,Jaan/Jaani,58,17.463984103328364,9.6999478173344,89
John / Jaan / Jussi / Hans,Saarijärvi,Jussi,13,1.7113760556383508,8.629155199199094,13
John / Jaan / Jussi / Hans,Karula,Juhan,5,0.3224043715846995,8.238008087695752,11
John / Jaan / Jussi / Hans,Narvusi,John/St John,10,1.185792349726776,8.094293643348369,11
John / Jaan / Jussi / Hans,Nurmes,Jussi,11,1.4480874316939891,7.937668297285527,11
John / Jaan / Jussi / Hans,Hattula,Jussi,12,1.7113760556383508,7.864743589623854,13
John / Jaan / Jussi / Hans,Karja,Hans,14,2.339791356184799,7.622856696962552,15
John / Jaan / Jussi / Hans,Kiuruvesi,Jussi,10,1.3164431197218083,7.56826976730251,10
John / Jaan / Jussi / Hans,Vuokkiniemi,Jussi,11,1.57973174366617,7.49499931704694,12
John / Jaan / Jussi / Hans,Muurla,Jussi,15,2.764530551415797,7.35884982270605,21
John / Jaan / Jussi / Hans,Heinävesi,Jussi,11,1.7113760556383508,7.100331980048612,13
John / Jaan / Jussi / Hans,Heinjoki,Jussi,7,0.9215101838052657,6.332068784328361,7
John / Jaan / Jussi / Hans,Ruovesi,Jussi,7,0.9215101838052657,6.332068784328361,7
John / Jaan / Jussi / Hans,Martna,John/St John,8,1.185792349726776,6.257646728614642,11
John / Jaan / Jussi / Hans,Põltsamaa,Hans,22,6.5514157973174365,6.035609070576261,42
John / Jaan / Jussi / Hans,Ranua,Jussi,6,0.789865871833085,5.862356553673542,6
John / Jaan / Jussi / Hans,Tammela,Jussi,8,1.3164431197218083,5.825143103506178,10
John / Jaan / Jussi / Hans,Kaarma,Hans,11,2.339791356184799,5.6616079072149015,15
John / Jaan / Jussi / Hans,Jõelähtme,Ants,6,0.8688524590163934,5.504799244583524,11
John / Jaan / Jussi / Hans,Hartola,Jussi,5,0.6582215598609041,5.3515748743087395,5
John / Jaan / Jussi / Hans,Hauho,Jussi,5,0.6582215598609041,5.3515748743087395,5
John / Jaan / Jussi / Hans,Hausjärvi,Jussi,5,0.6582215598609041,5.3515748743087395,5
John / Jaan / Jussi / Hans,Muolaa,Jussi,5,0.6582215598609041,5.3515748743087395,5
John / Jaan / Jussi / Hans,Savonlinna,Jussi,5,0.6582215598609041,5.3515748743087395,5
John / Jaan / Jussi / Hans,Tuulos,Jussi,5,0.6582215598609041,5.3515748743087395,5
John / Jaan / Jussi / Hans,Pöide,Juhan,3,0.2637853949329359,5.32751625644911,9
John / Jaan / Jussi / Hans,Tarvastu,Ants,12,2.9225037257824145,5.309926903035816,37
John / Jaan / Jussi / Hans,Setumaa,John/St John,9,1.832588176850472,5.29456054039545,17
John / Jaan / Jussi / Hans,Lapua,Jussi,6,0.9215101838052657,5.290351355196865,7
John / Jaan / Jussi / Hans,Pöytyä,Jussi,6,0.9215101838052657,5.290351355196865,7
John / Jaan / Jussi / Hans,Sakkola,Jussi,6,0.9215101838052657,5.290351355196865,7
John / Jaan / Jussi / Hans,Äksi,Juhan,3,0.29309488325881766,4.999987454411838,10
John / Jaan / Jussi / Hans,Uskela,Jussi,10,2.369597615499255,4.956899784858927,18
John / Jaan / Jussi / Hans,Helme,Other,29,12.001987083954297,4.9064974489348945,40
John / Jaan / Jussi / Hans,Audru,Hans,11,2.8077496274217584,4.88904492136583,18
John / Jaan / Jussi / Hans,Hämeenlinna,Jussi,6,1.0531544957774466,4.82039141187746,8
John / Jaan / Jussi / Hans,Kitee,Jussi,6,1.0531544957774466,4.82039141187746,8
John / Jaan / Jussi / Hans,Leppävirta,Jussi,6,1.0531544957774466,4.82039141187746,8
John / Jaan / Jussi / Hans,Kangasniemi,Jussi,5,0.789865871833085,4.737173130471326,6
John / Jaan / Jussi / Hans,Renko,Jussi,5,0.789865871833085,4.737173130471326,6
John / Jaan / Jussi / Hans,Hargla,John/St John,4,0.53899652260308,4.714211402698355,5
John / Jaan / Jussi / Hans,Räpina,Jaan/Jaani,11,2.9433681073025335,4.696033985812936,15
John / Jaan / Jussi / Hans,Koeru,John/St John,20,7.330352707401888,4.679528417737924,68
John / Jaan / Jussi / Hans,Saarde,Hans,9,2.1838052657724787,4.612485724209492,14
John / Jaan / Jussi / Hans,Lihula,Jaan/Jaani,6,1.1773472429210134,4.44461049280974,6
John / Jaan / Jussi / Hans,Mustjala,Ants,5,0.8688524590163934,4.43197894452092,11
John / Jaan / Jussi / Hans,Mynämäki,Jussi,6,1.1847988077496274,4.42376586949705,9
John / Jaan / Jussi / Hans,Kose,Hans,19,7.175360158966717,4.414342938230177,46
John / Jaan / Jussi / Hans,Kihelkonna,Jaan/Jaani,8,1.9622454048683557,4.310213638255069,10
John / Jaan / Jussi / Hans,Võnnu,Hans,11,3.2757078986587183,4.26782010239551,21
John / Jaan / Jussi / Hans,Karuse,Jaan/Jaani,19,7.456532538499752,4.227346282141157,38
John / Jaan / Jussi / Hans,Kontiolahti,Jussi,4,0.6582215598609041,4.118998189871269,5
John / Jaan / Jussi / Hans,Pyhäjärvi Ol.,Jussi,4,0.6582215598609041,4.118998189871269,5
John / Jaan / Jussi / Hans,Suonenjoki,Jussi,4,0.6582215598609041,4.118998189871269,5
John / Jaan / Jussi / Hans,Sangaste,Ants,5,1.0268256333830104,3.920931671037101,13
John / Jaan / Jussi / Hans,Hanila,Jaan/Jaani,10,3.139592647789369,3.8718029999696757,16
John / Jaan / Jussi / Hans,Risti,Juhan,4,0.7327372081470442,3.816892638198889,25
John / Jaan / Jussi / Hans,Vändra,Hans,11,3.743666169895678,3.750323203629138,24
John / Jaan / Jussi / Hans,Palamuse,Hans,7,1.871833084947839,3.7482503725936547,12
John / Jaan / Jussi / Hans,Viljandi,Hans,19,8.267262791852955,3.732756190365311,53
John / Jaan / Jussi / Hans,Vuole,Other,10,3.300546448087432,3.687622498727404,11
John / Jaan / Jussi / Hans,Koeru,Other,36,20.403378042722306,3.452864273743989,68
John / Jaan / Jussi / Hans,Märjamaa,Ants,7,2.1326378539493294,3.3329983866308814,27
John / Jaan / Jussi / Hans,Muhu,Other,30,16.502732240437158,3.322522547929022,55
John / Jaan / Jussi / Hans,Muhu,John/St John,14,5.9289617486338795,3.31466834913584,55
John / Jaan / Jussi / Hans,Tartu-Maarja,Jaan/Jaani,9,3.139592647789369,3.307433742986406,16
John / Jaan / Jussi / Hans,Vaivara,Ants,3,0.5529061102831595,3.2909776879566004,7
John / Jaan / Jussi / Hans,Karksi,Jaan/Jaani,23,11.773472429210134,3.271848318084429,60
John / Jaan / Jussi / Hans,Haljala,Ants,9,3.238450074515648,3.201626945761526,41
John / Jaan / Jussi / Hans,Halliste,Jaan/Jaani,21,10.792349726775956,3.1071897605052405,55
John / Jaan / Jussi / Hans,Kõpu,Hans,6,1.871833084947839,3.0173361034828314,12
John / Jaan / Jussi / Hans,Laiuse,Ants,5,1.421758569299553,3.000935855970194,18
John / Jaan / Jussi / Hans,Lüganuse,Ants,3,0.6318926974664679,2.979063145649712,8
John / Jaan / Jussi / Hans,Suure-Jaani,Other,20,10.50173869846001,2.930984413993542,35
John / Jaan / Jussi / Hans,Ambla,Hans,11,4.679582712369598,2.9217441848656684,30
John / Jaan / Jussi / Hans,Lempaala,Jussi,3,0.6582215598609041,2.8864215054337987,5
John / Jaan / Jussi / Hans,Maaninka,Jussi,3,0.6582215598609041,2.8864215054337987,5
John / Jaan / Jussi / Hans,Pudasjärvi,Jussi,3,0.6582215598609041,2.8864215054337987,5
John / Jaan / Jussi / Hans,Varkaus,Jussi,3,0.6582215598609041,2.8864215054337987,5
John / Jaan / Jussi / Hans,Vigala,Other,14,6.601092896174864,2.8797822619613647,22
John / Jaan / Jussi / Hans,Rõuge,Ants,5,1.5007451564828613,2.8564202102727565,19
John / Jaan / Jussi / Hans,Viljandi,Ants,10,4.18628912071535,2.841442163883958,53
John / Jaan / Jussi / Hans,Kuusalu,Jaan/Jaani,13,6.082960755091903,2.8045470639771604,31
John / Jaan / Jussi / Hans,Tarvastu,Juhan,4,1.0844510680576254,2.799724863909183,37
John / Jaan / Jussi / Hans,Haljala,Other,22,12.302036761053154,2.764980185033495,41
John / Jaan / Jussi / Hans,Jüri,Hans,7,2.6517635370094386,2.6702120798958373,17
John / Jaan / Jussi / Hans,Sangaste,Juhan,2,0.381023348236463,2.6227976812536005,13
John / Jaan / Jussi / Hans,Türi,Juhan,2,0.381023348236463,2.6227976812536005,13
John / Jaan / Jussi / Hans,Nõo,Jaan/Jaani,6,2.158469945355191,2.6147563859781315,11
John / Jaan / Jussi / Hans,Rapla,Hans,6,2.1838052657724787,2.5824003595494,14
John / Jaan / Jussi / Hans,Rapla,Jaan/Jaani,7,2.747143566815698,2.5659018741127246,14
John / Jaan / Jussi / Hans,Tõstamaa,Ants,2,0.3949329359165425,2.5540624155860003,5
John / Jaan / Jussi / Hans,Viru-Nigula,Hans,5,1.715846994535519,2.5071718506721945,11
John / Jaan / Jussi / Hans,Pilistvere,John/St John,5,1.724788872329856,2.4938557540682744,16
John / Jaan / Jussi / Hans,Pielavesi,Jussi,3,0.789865871833085,2.4868062840668936,6
John / Jaan / Jussi / Hans,Suistamo,Jussi,3,0.789865871833085,2.4868062840668936,6
John / Jaan / Jussi / Hans,Risti,Jaan/Jaani,10,4.9056135121708895,2.30009209353738,25
John / Jaan / Jussi / Hans,Kuusalu,Ants,6,2.4485842026825635,2.2695721864079954,31
John / Jaan / Jussi / Hans,Tartu-Maarja,Juhan,2,0.4689518132141083,2.235757775378018,16
John / Jaan / Jussi / Hans,Harju-Jaani,Other,11,5.700943864878291,2.219346628889235,19
John / Jaan / Jussi / Hans,Järva-Madise,Hans,6,2.4957774465971188,2.2181389730857624,16
John / Jaan / Jussi / Hans,Pärnu,Jaan/Jaani,10,5.101838052657725,2.1685518256489282,26
John / Jaan / Jussi / Hans,Järva-Jaani,Hans,5,2.027819175360159,2.0871834152683215,13
John / Jaan / Jussi / Hans,Türi,Hans,5,2.027819175360159,2.0871834152683215,13
John / Jaan / Jussi / Hans,Pühalepa,Jaan/Jaani,3,0.9811227024341779,2.038206873552389,5
John / Jaan / Jussi / Hans,Kolga-Jaani,Other,31,21.603576751117735,2.02162100186448,72
John / Jaan / Jussi / Hans,Pudasjärvi,John/St John,2,0.53899652260308,1.990023788622917,5
John / Jaan / Jussi / Hans,Tõstamaa,John/St John,2,0.53899652260308,1.990023788622917,5
John / Jaan / Jussi / Hans,Kullamaa,Ants,2,0.5529061102831595,1.9461262697965034,7
John / Jaan / Jussi / Hans,Jõhvi,Other,7,3.6005961251862892,1.7914948342321082,12
John / Jaan / Jussi / Hans,Kose,Ants,7,3.633383010432191,1.7661928414451638,46
John / Jaan / Jussi / Hans,Maarja-Magdaleena,Juhan,1,0.20516641828117238,1.7547815898186312,7
John / Jaan / Jussi / Hans,Vaivara,Juhan,1,0.20516641828117238,1.7547815898186312,7
John / Jaan / Jussi / Hans,Ilomantsi,Jussi,4,1.7113760556383508,1.749450713021925,13
John / Jaan / Jussi / Hans,Pielavesi,John/St John,2,0.646795827123696,1.682595502299563,6
John / Jaan / Jussi / Hans,Suistamo,John/St John,2,0.646795827123696,1.682595502299563,6
John / Jaan / Jussi / Hans,Rõngu,Jaan/Jaani,4,1.76602086438152,1.681052193180172,9
John / Jaan / Jussi / Hans,Urvaste,Other,5,2.4003974167908595,1.677897335885301,8
John / Jaan / Jussi / Hans,Torma,John/St John,3,1.185792349726776,1.6660294417803214,11
John / Jaan / Jussi / Hans,Joroinen,Jussi,2,0.6582215598609041,1.653844820996328,5
John / Jaan / Jussi / Hans,Liissilä,Jussi,2,0.6582215598609041,1.653844820996328,5
John / Jaan / Jussi / Hans,Somero,Jussi,2,0.6582215598609041,1.653844820996328,5
John / Jaan / Jussi / Hans,Tuusniemi,Jussi,2,0.6582215598609041,1.653844820996328,5
John / Jaan / Jussi / Hans,Haljala,Juhan,3,1.2016890213611524,1.6404717233977932,41
John / Jaan / Jussi / Hans,Mihkli,Jaan/Jaani,6,3.139592647789369,1.6143259720365961,16
John / Jaan / Jussi / Hans,Urvaste,Juhan,1,0.23447590660705414,1.5809194840603462,8
John / Jaan / Jussi / Hans,Ilomantsi,Other,7,3.9006458022851467,1.5692890801112993,13
John / Jaan / Jussi / Hans,Puhja,Other,7,3.9006458022851467,1.5692890801112993,13
John / Jaan / Jussi / Hans,Kadrina,Juhan,2,0.7327372081470442,1.4804459662529064,25
John / Jaan / Jussi / Hans,Rannu,Other,5,2.700447093889717,1.3993474776499901,9
John / Jaan / Jussi / Hans,Kullamaa,Jaan/Jaani,3,1.373571783407849,1.3877435574477972,7
John / Jaan / Jussi / Hans,Tarvastu,Hans,9,5.7714853452558375,1.343875274116876,37
John / Jaan / Jussi / Hans,Väike-Maarja,Other,10,6.601092896174864,1.3229132695273034,22
John / Jaan / Jussi / Hans,Maarja-Magdaleena,Other,4,2.100347739692002,1.310776078136389,7
John / Jaan / Jussi / Hans,Kursi,Juhan,1,0.29309488325881766,1.3057408969770685,10
John / Jaan / Jussi / Hans,Otepää,Juhan,1,0.29309488325881766,1.3057408969770685,10
John / Jaan / Jussi / Hans,Kadrina,Other,11,7.501241927471436,1.2774600499143072,25
John / Jaan / Jussi / Hans,Häädemeeste,Other,6,3.6005961251862892,1.264492189002058,12
John / Jaan / Jussi / Hans,Hämeenlinna,John/St John,2,0.862394436164928,1.2250074628716332,8
John / Jaan / Jussi / Hans,Lüganuse,John/St John,2,0.862394436164928,1.2250074628716332,8
John / Jaan / Jussi / Hans,Liissilä,Other,3,1.5002483854942872,1.22444069191237,5
John / Jaan / Jussi / Hans,Tuusniemi,Other,3,1.5002483854942872,1.22444069191237,5
John / Jaan / Jussi / Hans,Nõo,Ants,2,0.8688524590163934,1.2135180443331093,11
John / Jaan / Jussi / Hans,Märjamaa,Jaan/Jaani,8,5.29806259314456,1.1738611824077365,27
John / Jaan / Jussi / Hans,Kolga-Jaani,John/St John,11,7.761549925484352,1.16241974533627,72
John / Jaan / Jussi / Hans,Kursi,Other,5,3.0004967709885744,1.1543181595091885,10
John / Jaan / Jussi / Hans,Äksi,Other,5,3.0004967709885744,1.1543181595091885,10
John / Jaan / Jussi / Hans,Karuse,Ants,5,3.0014903129657227,1.1535536153779857,38
John / Jaan / Jussi / Hans,Häädemeeste,Jaan/Jaani,4,2.354694485842027,1.0722085593310595,12
John / Jaan / Jussi / Hans,Tori,Hans,5,3.1197218082463984,1.064545367794878,20
John / Jaan / Jussi / Hans,Rõngu,John/St John,2,0.970193740685544,1.0455054306453373,9
John / Jaan / Jussi / Hans,Võnnu,Ants,3,1.6587183308494784,1.0414385923476954,21
John / Jaan / Jussi / Hans,Puhja,Juhan,1,0.381023348236463,1.0027633970058258,13
John / Jaan / Jussi / Hans,Ambla,John/St John,5,3.2339791356184797,0.9820355809044085,30
John / Jaan / Jussi / Hans,Mihkli,John/St John,3,1.724788872329856,0.9709885819343638,16
John / Jaan / Jussi / Hans,Pärnu,Hans,6,4.055638350720318,0.9654892350100129,26
John / Jaan / Jussi / Hans,Pühalepa,Ants,1,0.3949329359165425,0.9628127583360409,5
John / Jaan / Jussi / Hans,Väike-Maarja,Ants,3,1.7377049180327868,0.957575167311504,22
John / Jaan / Jussi / Hans,Paide,Hans,4,2.4957774465971188,0.952158323008745,16
John / Jaan / Jussi / Hans,Pilistvere,Hans,4,2.4957774465971188,0.952158323008745,16
John / Jaan / Jussi / Hans,Viru-Nigula,Other,5,3.300546448087432,0.935440943804423,11
John / Jaan / Jussi / Hans,Otepää,John/St John,2,1.07799304520616,0.8880270961784748,10
John / Jaan / Jussi / Hans,Vaivara,Hans,2,1.0919026328862393,0.8690413874834817,7
John / Jaan / Jussi / Hans,Väike-Maarja,Hans,5,3.431693989071038,0.8465966195330551,22
John / Jaan / Jussi / Hans,Räpina,Juhan,1,0.4396423248882265,0.8451145461265398,15
John / Jaan / Jussi / Hans,Pöide,Other,4,2.700447093889717,0.7908172394755615,9
John / Jaan / Jussi / Hans,Hanila,Juhan,1,0.4689518132141083,0.7754786054117783,16
John / Jaan / Jussi / Hans,Põlva,Ants,1,0.47391952309985097,0.7641874221561175,6
John / Jaan / Jussi / Hans,Varbla,Ants,1,0.47391952309985097,0.7641874221561175,6
John / Jaan / Jussi / Hans,Põlva,Jaan/Jaani,2,1.1773472429210134,0.7581659431492509,6
John / Jaan / Jussi / Hans,Varbla,Jaan/Jaani,2,1.1773472429210134,0.7581659431492509,6
John / Jaan / Jussi / Hans,Simuna,Ants,2,1.1847988077496274,0.7489321976523944,15
John / Jaan / Jussi / Hans,Karula,John/St John,2,1.185792349726776,0.7477059844134576,11
John / Jaan / Jussi / Hans,Kadrina,Ants,3,1.9746646795827123,0.729657816129805,25
John / Jaan / Jussi / Hans,Laiuse,Hans,4,2.8077496274217584,0.7115219096039048,18
John / Jaan / Jussi / Hans,Simuna,Other,6,4.5007451564828616,0.706697002379098,15
John / Jaan / Jussi / Hans,Karksi,Other,21,18.002980625931446,0.7063457613242377,60
John / Jaan / Jussi / Hans,Uskela,Other,7,5.400894187779434,0.6880886074545874,18
John / Jaan / Jussi / Hans,Märjamaa,Other,10,8.10134128166915,0.66706544463297,27
John / Jaan / Jussi / Hans,Rõuge,Jaan/Jaani,5,3.728266269249876,0.6586318517593429,19
John / Jaan / Jussi / Hans,Audru,Juhan,1,0.5275707898658718,0.6504237202428679,18
John / Jaan / Jussi / Hans,Suure-Jaani,John/St John,5,3.7729756582215597,0.6317004361035145,35
John / Jaan / Jussi / Hans,Joroinen,John/St John,1,0.53899652260308,0.627929981585198,5
John / Jaan / Jussi / Hans,Kontiolahti,John/St John,1,0.53899652260308,0.627929981585198,5
John / Jaan / Jussi / Hans,Somero,John/St John,1,0.53899652260308,0.627929981585198,5
John / Jaan / Jussi / Hans,Suonenjoki,John/St John,1,0.53899652260308,0.627929981585198,5
John / Jaan / Jussi / Hans,Jõhvi,John/St John,2,1.293591654247392,0.6210938357968974,12
John / Jaan / Jussi / Hans,Vändra,Jaan/Jaani,6,4.709388971684054,0.5947207488833798,24
John / Jaan / Jussi / Hans,Otepää,Other,4,3.0004967709885744,0.5770156861944067,10
John / Jaan / Jussi / Hans,Torma,Jaan/Jaani,3,2.158469945355191,0.5727915838415822,11
John / Jaan / Jussi / Hans,Setumaa,Ants,2,1.3427719821162445,0.5671721976270375,17
John / Jaan / Jussi / Hans,Järva-Jaani,Other,5,3.9006458022851467,0.5566335525382762,13
John / Jaan / Jussi / Hans,Sangaste,Other,5,3.9006458022851467,0.5566335525382762,13
John / Jaan / Jussi / Hans,Türi,Other,5,3.9006458022851467,0.5566335525382762,13
John / Jaan / Jussi / Hans,Kolga-Jaani,Ants,7,5.687034277198212,0.5505673654955728,72
John / Jaan / Jussi / Hans,Järva-Madise,Other,6,4.800794833581719,0.5473144541553915,16
John / Jaan / Jussi / Hans,Tori,Jaan/Jaani,5,3.9244908097367115,0.5429032826329874,20
John / Jaan / Jussi / Hans,Maarja-Magdaleena,Jaan/Jaani,2,1.373571783407849,0.5344974422546341,7
John / Jaan / Jussi / Hans,Ilomantsi,John/St John,2,1.401390958768008,0.5056658403602613,13
John / Jaan / Jussi / Hans,Võnnu,Juhan,1,0.6154992548435171,0.49009855274756786,21
John / Jaan / Jussi / Hans,Järva-Madise,Jaan/Jaani,4,3.139592647789369,0.4855874580700563,16
John / Jaan / Jussi / Hans,Halliste,Hans,10,8.579234972677595,0.4850628083986739,55
John / Jaan / Jussi / Hans,Urvaste,Ants,1,0.6318926974664679,0.4630765242136431,8
John / Jaan / Jussi / Hans,Karuse,Hans,7,5.927471435668157,0.4405286239519398,38
John / Jaan / Jussi / Hans,Põlva,John/St John,1,0.646795827123696,0.4391796630451502,6
John / Jaan / Jussi / Hans,Varbla,John/St John,1,0.646795827123696,0.4391796630451502,6
John / Jaan / Jussi / Hans,Võnnu,Jaan/Jaani,5,4.120715350223547,0.4331548522088634,21
John / Jaan / Jussi / Hans,Simuna,Hans,3,2.339791356184799,0.43161113455450023,15
John / Jaan / Jussi / Hans,Peetri,Other,21,19.203179334326876,0.41003239036455064,64
John / Jaan / Jussi / Hans,Joroinen,Other,2,1.5002483854942872,0.4080117045590739,5
John / Jaan / Jussi / Hans,Lempaala,Other,2,1.5002483854942872,0.4080117045590739,5
John / Jaan / Jussi / Hans,Maaninka,Other,2,1.5002483854942872,0.4080117045590739,5
John / Jaan / Jussi / Hans,Somero,Other,2,1.5002483854942872,0.4080117045590739,5
John / Jaan / Jussi / Hans,Varkaus,Other,2,1.5002483854942872,0.4080117045590739,5
John / Jaan / Jussi / Hans,Tori,Other,7,6.000993541977149,0.4078089154414998,20
John / Jaan / Jussi / Hans,Harju-Jaani,Ants,2,1.5007451564828613,0.4075386586206872,19
John / Jaan / Jussi / Hans,Mustjala,Other,4,3.300546448087432,0.38500463281982683,11
John / Jaan / Jussi / Hans,Torma,Other,4,3.300546448087432,0.38500463281982683,11
John / Jaan / Jussi / Hans,Põltsamaa,Ants,4,3.317436661698957,0.3747499968933334,42
John / Jaan / Jussi / Hans,Jüri,Jaan/Jaani,4,3.335817188276205,0.363652444530779,17
John / Jaan / Jussi / Hans,Viljandi,Juhan,2,1.5534028812717338,0.35832232192323576,53
John / Jaan / Jussi / Hans,Vändra,Juhan,1,0.7034277198211625,0.35360697011327114,24
John / Jaan / Jussi / Hans,Kursi,Hans,2,1.5598609041231992,0.3524090156540862,10
John / Jaan / Jussi / Hans,Rannu,Ants,1,0.7108792846497765,0.3429108922703056,9
John / Jaan / Jussi / Hans,Vigala,Jaan/Jaani,5,4.316939890710382,0.32875390677026434,22
John / Jaan / Jussi / Hans,Tartu-Maarja,Hans,3,2.4957774465971188,0.31916799797023654,16
John / Jaan / Jussi / Hans,Halliste,Ants,5,4.344262295081967,0.31460972046973157,55
John / Jaan / Jussi / Hans,Kaarma,John/St John,2,1.6169895678092399,0.30120140554660296,15
John / Jaan / Jussi / Hans,Puhja,Jaan/Jaani,3,2.5509190263288626,0.28117475090239863,13
John / Jaan / Jussi / Hans,Otepää,Ants,1,0.789865871833085,0.23643943766246256,10
John / Jaan / Jussi / Hans,Äksi,Ants,1,0.789865871833085,0.23643943766246256,10
John / Jaan / Jussi / Hans,Kuusalu,Other,10,9.30153999006458,0.22901509933078917,31
John / Jaan / Jussi / Hans,Mynämäki,Other,3,2.700447093889717,0.18228700130113282,9
John / Jaan / Jussi / Hans,Saarde,Jaan/Jaani,3,2.747143566815698,0.15255741781607027,14
John / Jaan / Jussi / Hans,Põlva,Other,2,1.8002980625931446,0.14883671330994291,6
John / Jaan / Jussi / Hans,Varbla,Other,2,1.8002980625931446,0.14883671330994291,6
John / Jaan / Jussi / Hans,Viru-Nigula,Ants,1,0.8688524590163934,0.14069774427050544,11
John / Jaan / Jussi / Hans,Ambla,Juhan,1,0.879284649776453,0.12873533069702892,30
John / Jaan / Jussi / Hans,Jõhvi,Ants,1,0.9478390461997019,0.053576979576889554,12
John / Jaan / Jussi / Hans,Kose,Other,14,13.802285146547442,0.05321864336951642,46
John / Jaan / Jussi / Hans,Kadrina,Hans,4,3.899652260307998,0.05081531869161602,25
John / Jaan / Jussi / Hans,Laiuse,John/St John,2,1.940387481371088,0.04279502053700025,18
John / Jaan / Jussi / Hans,Simuna,Jaan/Jaani,3,2.9433681073025335,0.03300948787659853,15
John / Jaan / Jussi / Hans,Rannu,John/St John,1,0.970193740685544,0.030260649222730446,9
John / Jaan / Jussi / Hans,Harju-Jaani,Hans,3,2.9637357178340786,0.02106489739984545,19
John / Jaan / Jussi / Hans,Hargla,Jaan/Jaani,1,0.9811227024341779,0.01905803671136581,5
John / Jaan / Jussi / Hans,Risti,Ants,2,1.9746646795827123,0.01802933557297488,25
John / Jaan / Jussi / Hans,Ambla,Other,9,9.001490312965723,-0.0004967298634458927,30
John / Jaan / Jussi / Hans,Puhja,Hans,2,2.027819175360159,-0.019535729776872075,13
John / Jaan / Jussi / Hans,Suure-Jaani,Juhan,1,1.0258320914058618,-0.025504770983247424,35
John / Jaan / Jussi / Hans,Järva-Jaani,Ants,1,1.0268256333830104,-0.026472907006251926,13
John / Jaan / Jussi / Hans,Harju-Jaani,John/St John,2,2.048186785891704,-0.03367000488683697,19
John / Jaan / Jussi / Hans,Pärnu,Ants,2,2.0536512667660207,-0.0374383441236832,26
John / Jaan / Jussi / Hans,Setumaa,Other,5,5.100844510680576,-0.04465100315772908,17
John / Jaan / Jussi / Hans,Kursi,John/St John,1,1.07799304520616,-0.07511867139009722,10
John / Jaan / Jussi / Hans,Kolga-Jaani,Juhan,2,2.110283159463487,-0.07591696419238513,72
John / Jaan / Jussi / Hans,Pilistvere,Jaan/Jaani,3,3.139592647789369,-0.07878179891321359,16
John / Jaan / Jussi / Hans,Põltsamaa,Jaan/Jaani,8,8.241430700447093,-0.08409906914359398,42
John / Jaan / Jussi / Hans,Kullamaa,Hans,1,1.0919026328862393,-0.08795003100899558,7
John / Jaan / Jussi / Hans,Tori,John/St John,2,2.15598609041232,-0.10623384386732328,20
John / Jaan / Jussi / Hans,Martna,Jaan/Jaani,2,2.158469945355191,-0.10786335020393427,11
John / Jaan / Jussi / Hans,Väike-Maarja,Jaan/Jaani,4,4.316939890710382,-0.1525418127414026,22
John / Jaan / Jussi / Hans,Koeru,Ants,5,5.371087928464978,-0.16012004218722503,68
John / Jaan / Jussi / Hans,Karula,Other,3,3.300546448087432,-0.16543167816476942,11
John / Jaan / Jussi / Hans,Räpina,Ants,1,1.1847988077496274,-0.1697762203087695,15
John / Jaan / Jussi / Hans,Nõo,John/St John,1,1.185792349726776,-0.1706174729534064,11
John / Jaan / Jussi / Hans,Laiuse,Other,5,5.400894187779434,-0.17250310848581932,18
John / Jaan / Jussi / Hans,Muurla,John/St John,2,2.263785394932936,-0.175320669061253,21
John / Jaan / Jussi / Hans,Risti,Other,7,7.501241927471436,-0.18301252170432156,25
John / Jaan / Jussi / Hans,Põltsamaa,Juhan,1,1.2309985096870342,-0.20819985102757857,42
John / Jaan / Jussi / Hans,Lüganuse,Hans,1,1.2478887232985594,-0.22190589555771778,8
John / Jaan / Jussi / Hans,Jõhvi,Jaan/Jaani,2,2.354694485842027,-0.23114641043550022,12
John / Jaan / Jussi / Hans,Kõpu,Jaan/Jaani,2,2.354694485842027,-0.23114641043550022,12
John / Jaan / Jussi / Hans,Palamuse,Jaan/Jaani,2,2.354694485842027,-0.23114641043550022,12
John / Jaan / Jussi / Hans,Mihkli,Ants,1,1.2637853949329358,-0.2346464997365106,16
John / Jaan / Jussi / Hans,Pilistvere,Ants,1,1.2637853949329358,-0.2346464997365106,16
John / Jaan / Jussi / Hans,Häädemeeste,John/St John,1,1.293591654247392,-0.25813393597465994,12
John / Jaan / Jussi / Hans,Kõpu,John/St John,1,1.293591654247392,-0.25813393597465994,12
John / Jaan / Jussi / Hans,Palamuse,John/St John,1,1.293591654247392,-0.25813393597465994,12
John / Jaan / Jussi / Hans,Kitee,Other,2,2.4003974167908595,-0.258434024980614,8
John / Jaan / Jussi / Hans,Leppävirta,Other,2,2.4003974167908595,-0.258434024980614,8
John / Jaan / Jussi / Hans,Kursi,Jussi,1,1.3164431197218083,-0.2758002197809897,10
John / Jaan / Jussi / Hans,Rõuge,Other,5,5.700943864878291,-0.2935687722286221,19
John / Jaan / Jussi / Hans,Jüri,Ants,1,1.3427719821162445,-0.2958040940004959,17
John / Jaan / Jussi / Hans,Mihkli,Hans,2,2.4957774465971188,-0.313822327068272,16
John / Jaan / Jussi / Hans,Kõpu,Other,3,3.6005961251862892,-0.31651574668809285,12
John / Jaan / Jussi / Hans,Karksi,Ants,4,4.73919523099851,-0.339552440617539,60
John / Jaan / Jussi / Hans,Pöide,Hans,1,1.4038748137108792,-0.340865132807622,9
John / Jaan / Jussi / Hans,Rannu,Hans,1,1.4038748137108792,-0.340865132807622,9
John / Jaan / Jussi / Hans,Rõngu,Hans,1,1.4038748137108792,-0.340865132807622,9
John / Jaan / Jussi / Hans,Järva-Jaani,Jaan/Jaani,2,2.5509190263288626,-0.3449367242818145,13
John / Jaan / Jussi / Hans,Hanila,Other,4,4.800794833581719,-0.3654809031062516,16
John / Jaan / Jussi / Hans,Mihkli,Other,4,4.800794833581719,-0.3654809031062516,16
John / Jaan / Jussi / Hans,Paide,Other,4,4.800794833581719,-0.3654809031062516,16
John / Jaan / Jussi / Hans,Halliste,Other,15,16.502732240437158,-0.3699164780082918,55
John / Jaan / Jussi / Hans,Jõelähtme,Jussi,1,1.4480874316939891,-0.3723620139458886,11
John / Jaan / Jussi / Hans,Mustjala,Jussi,1,1.4480874316939891,-0.3723620139458886,11
John / Jaan / Jussi / Hans,Vuole,Jussi,1,1.4480874316939891,-0.3723620139458886,11
John / Jaan / Jussi / Hans,Hargla,Juhan,0,0.14654744162940883,-0.38281515334350186,5
John / Jaan / Jussi / Hans,Hartola,Juhan,0,0.14654744162940883,-0.38281515334350186,5
John / Jaan / Jussi / Hans,Hauho,Juhan,0,0.14654744162940883,-0.38281515334350186,5
John / Jaan / Jussi / Hans,Hausjärvi,Juhan,0,0.14654744162940883,-0.38281515334350186,5
John / Jaan / Jussi / Hans,Joroinen,Juhan,0,0.14654744162940883,-0.38281515334350186,5
John / Jaan / Jussi / Hans,Kontiolahti,Juhan,0,0.14654744162940883,-0.38281515334350186,5
John / Jaan / Jussi / Hans,Lempaala,Juhan,0,0.14654744162940883,-0.38281515334350186,5
John / Jaan / Jussi / Hans,Liissilä,Juhan,0,0.14654744162940883,-0.38281515334350186,5
John / Jaan / Jussi / Hans,Maaninka,Juhan,0,0.14654744162940883,-0.38281515334350186,5
John / Jaan / Jussi / Hans,Muolaa,Juhan,0,0.14654744162940883,-0.38281515334350186,5
John / Jaan / Jussi / Hans,Pudasjärvi,Juhan,0,0.14654744162940883,-0.38281515334350186,5
John / Jaan / Jussi / Hans,Pyhäjärvi Ol.,Juhan,0,0.14654744162940883,-0.38281515334350186,5
John / Jaan / Jussi / Hans,Pühalepa,Juhan,0,0.14654744162940883,-0.38281515334350186,5
John / Jaan / Jussi / Hans,Savonlinna,Juhan,0,0.14654744162940883,-0.38281515334350186,5
John / Jaan / Jussi / Hans,Somero,Juhan,0,0.14654744162940883,-0.38281515334350186,5
John / Jaan / Jussi / Hans,Suonenjoki,Juhan,0,0.14654744162940883,-0.38281515334350186,5
John / Jaan / Jussi / Hans,Tuulos,Juhan,0,0.14654744162940883,-0.38281515334350186,5
John / Jaan / Jussi / Hans,Tuusniemi,Juhan,0,0.14654744162940883,-0.38281515334350186,5
John / Jaan / Jussi / Hans,Tõstamaa,Juhan,0,0.14654744162940883,-0.38281515334350186,5
John / Jaan / Jussi / Hans,Varkaus,Juhan,0,0.14654744162940883,-0.38281515334350186,5
John / Jaan / Jussi / Hans,Pyhäjärvi Ol.,Other,1,1.5002483854942872,-0.4084172827942222,5
John / Jaan / Jussi / Hans,Pühalepa,Other,1,1.5002483854942872,-0.4084172827942222,5
John / Jaan / Jussi / Hans,Tõstamaa,Other,1,1.5002483854942872,-0.4084172827942222,5
John / Jaan / Jussi / Hans,Kangasniemi,Juhan,0,0.17585692995529062,-0.4193529896820704,6
John / Jaan / Jussi / Hans,Lihula,Juhan,0,0.17585692995529062,-0.4193529896820704,6
John / Jaan / Jussi / Hans,Pielavesi,Juhan,0,0.17585692995529062,-0.4193529896820704,6
John / Jaan / Jussi / Hans,Põlva,Juhan,0,0.17585692995529062,-0.4193529896820704,6
John / Jaan / Jussi / Hans,Ranua,Juhan,0,0.17585692995529062,-0.4193529896820704,6
John / Jaan / Jussi / Hans,Renko,Juhan,0,0.17585692995529062,-0.4193529896820704,6
John / Jaan / Jussi / Hans,Suistamo,Juhan,0,0.17585692995529062,-0.4193529896820704,6
John / Jaan / Jussi / Hans,Varbla,Juhan,0,0.17585692995529062,-0.4193529896820704,6
John / Jaan / Jussi / Hans,Kadrina,John/St John,2,2.6949826130153998,-0.42334648262599917,25
John / Jaan / Jussi / Hans,Rõngu,Other,2,2.700447093889717,-0.42624323687329585,9
John / Jaan / Jussi / Hans,Vändra,Other,6,7.2011922503725785,-0.44762086167094794,24
John / Jaan / Jussi / Hans,Otepää,Hans,1,1.5598609041231992,-0.4482674499347124,10
John / Jaan / Jussi / Hans,Äksi,Hans,1,1.5598609041231992,-0.4482674499347124,10
John / Jaan / Jussi / Hans,Heinjoki,Juhan,0,0.20516641828117238,-0.45295299787193416,7
John / Jaan / Jussi / Hans,Kullamaa,Juhan,0,0.20516641828117238,-0.45295299787193416,7
John / Jaan / Jussi / Hans,Lapua,Juhan,0,0.20516641828117238,-0.45295299787193416,7
John / Jaan / Jussi / Hans,Pöytyä,Juhan,0,0.20516641828117238,-0.45295299787193416,7
John / Jaan / Jussi / Hans,Ruovesi,Juhan,0,0.20516641828117238,-0.45295299787193416,7
John / Jaan / Jussi / Hans,Sakkola,Juhan,0,0.20516641828117238,-0.45295299787193416,7
John / Jaan / Jussi / Hans,Lüganuse,Jaan/Jaani,1,1.5697963238946846,-0.45477647295169166,8
John / Jaan / Jussi / Hans,Urvaste,Jaan/Jaani,1,1.5697963238946846,-0.45477647295169166,8
John / Jaan / Jussi / Hans,Häädemeeste,Jussi,1,1.57973174366617,-0.46124896920285713,12
John / Jaan / Jussi / Hans,Tori,Ants,1,1.57973174366617,-0.46124896920285713,20
John / Jaan / Jussi / Hans,Pärnu,John/St John,2,2.802781917536016,-0.47951580704460267,26
John / Jaan / Jussi / Hans,Halliste,Juhan,1,1.6120218579234973,-0.48203821526342155,55
John / Jaan / Jussi / Hans,Muhu,Juhan,1,1.6120218579234973,-0.48203821526342155,55
John / Jaan / Jussi / Hans,Hämeenlinna,Juhan,0,0.23447590660705414,-0.48422712295683534,8
John / Jaan / Jussi / Hans,Kitee,Juhan,0,0.23447590660705414,-0.48422712295683534,8
John / Jaan / Jussi / Hans,Leppävirta,Juhan,0,0.23447590660705414,-0.48422712295683534,8
John / Jaan / Jussi / Hans,Lüganuse,Juhan,0,0.23447590660705414,-0.48422712295683534,8
John / Jaan / Jussi / Hans,Simuna,John/St John,1,1.6169895678092399,-0.48520382060814626,15
John / Jaan / Jussi / Hans,Jüri,Other,4,5.100844510680576,-0.48742178816516,17
John / Jaan / Jussi / Hans,Mynämäki,Juhan,0,0.2637853949329359,-0.5136004234158456,9
John / Jaan / Jussi / Hans,Rannu,Juhan,0,0.2637853949329359,-0.5136004234158456,9
John / Jaan / Jussi / Hans,Rõngu,Juhan,0,0.2637853949329359,-0.5136004234158456,9
John / Jaan / Jussi / Hans,Märjamaa,John/St John,2,2.910581222056632,-0.5337388659239161,27
John / Jaan / Jussi / Hans,Kihelkonna,Juhan,0,0.29309488325881766,-0.5413823817403164,10
John / Jaan / Jussi / Hans,Kiuruvesi,Juhan,0,0.29309488325881766,-0.5413823817403164,10
John / Jaan / Jussi / Hans,Tammela,Juhan,0,0.29309488325881766,-0.5413823817403164,10
John / Jaan / Jussi / Hans,Muhu,Jaan/Jaani,9,10.792349726775956,-0.5455879236861451,55
John / Jaan / Jussi / Hans,Jõelähtme,Hans,1,1.715846994535519,-0.5464883734410273,11
John / Jaan / Jussi / Hans,Torma,Hans,1,1.715846994535519,-0.5464883734410273,11
John / Jaan / Jussi / Hans,Kaarma,Jaan/Jaani,2,2.9433681073025335,-0.5498685743654436,15
John / Jaan / Jussi / Hans,Hanila,John/St John,1,1.724788872329856,-0.5518785901995468,16
John / Jaan / Jussi / Hans,Vigala,Ants,1,1.7377049180327868,-0.5596218510262037,22
John / Jaan / Jussi / Hans,Rõuge,Hans,2,2.9637357178340786,-0.559806862406854,19
John / Jaan / Jussi / Hans,Kolga-Jaani,Jaan/Jaani,12,14.12816691505216,-0.5661907614429081,72
John / Jaan / Jussi / Hans,Jõelähtme,Juhan,0,0.3224043715846995,-0.5678066322126746,11
John / Jaan / Jussi / Hans,Martna,Juhan,0,0.3224043715846995,-0.5678066322126746,11
John / Jaan / Jussi / Hans,Mustjala,Juhan,0,0.3224043715846995,-0.5678066322126746,11
John / Jaan / Jussi / Hans,Narvusi,Juhan,0,0.3224043715846995,-0.5678066322126746,11
John / Jaan / Jussi / Hans,Nurmes,Juhan,0,0.3224043715846995,-0.5678066322126746,11
John / Jaan / Jussi / Hans,Nõo,Juhan,0,0.3224043715846995,-0.5678066322126746,11
John / Jaan / Jussi / Hans,Torma,Juhan,0,0.3224043715846995,-0.5678066322126746,11
John / Jaan / Jussi / Hans,Viru-Nigula,Juhan,0,0.3224043715846995,-0.5678066322126746,11
John / Jaan / Jussi / Hans,Vuole,Juhan,0,0.3224043715846995,-0.5678066322126746,11
John / Jaan / Jussi / Hans,Pöide,Jaan/Jaani,1,1.76602086438152,-0.5764248347529075,9
John / Jaan / Jussi / Hans,Rannu,Jaan/Jaani,1,1.76602086438152,-0.5764248347529075,9
John / Jaan / Jussi / Hans,Kihelkonna,Other,2,3.0004967709885744,-0.5775892604351567,10
John / Jaan / Jussi / Hans,Tammela,Other,2,3.0004967709885744,-0.5775892604351567,10
John / Jaan / Jussi / Hans,Häädemeeste,Juhan,0,0.35171385991058124,-0.5930546854300884,12
John / Jaan / Jussi / Hans,Jõhvi,Juhan,0,0.35171385991058124,-0.5930546854300884,12
John / Jaan / Jussi / Hans,Kõpu,Juhan,0,0.35171385991058124,-0.5930546854300884,12
John / Jaan / Jussi / Hans,Palamuse,Juhan,0,0.35171385991058124,-0.5930546854300884,12
John / Jaan / Jussi / Hans,Vuokkiniemi,Juhan,0,0.35171385991058124,-0.5930546854300884,12
John / Jaan / Jussi / Hans,Kangasniemi,Other,1,1.8002980625931446,-0.5964575749808909,6
John / Jaan / Jussi / Hans,Pielavesi,Other,1,1.8002980625931446,-0.5964575749808909,6
John / Jaan / Jussi / Hans,Renko,Other,1,1.8002980625931446,-0.5964575749808909,6
John / Jaan / Jussi / Hans,Suistamo,Other,1,1.8002980625931446,-0.5964575749808909,6
John / Jaan / Jussi / Hans,Audru,Other,4,5.400894187779434,-0.6027989664560227,18
John / Jaan / Jussi / Hans,Hattula,Juhan,0,0.381023348236463,-0.617270887241949,13
John / Jaan / Jussi / Hans,Heinävesi,Juhan,0,0.381023348236463,-0.617270887241949,13
John / Jaan / Jussi / Hans,Ilomantsi,Juhan,0,0.381023348236463,-0.617270887241949,13
John / Jaan / Jussi / Hans,Järva-Jaani,Juhan,0,0.381023348236463,-0.617270887241949,13
John / Jaan / Jussi / Hans,Saarijärvi,Juhan,0,0.381023348236463,-0.617270887241949,13
John / Jaan / Jussi / Hans,Rapla,Jussi,1,1.8430203676105315,-0.6209734041717878,14
John / Jaan / Jussi / Hans,Hargla,Ants,0,0.3949329359165425,-0.6284368989139184,5
John / Jaan / Jussi / Hans,Hartola,Ants,0,0.3949329359165425,-0.6284368989139184,5
John / Jaan / Jussi / Hans,Hauho,Ants,0,0.3949329359165425,-0.6284368989139184,5
John / Jaan / Jussi / Hans,Hausjärvi,Ants,0,0.3949329359165425,-0.6284368989139184,5
John / Jaan / Jussi / Hans,Joroinen,Ants,0,0.3949329359165425,-0.6284368989139184,5
John / Jaan / Jussi / Hans,Kontiolahti,Ants,0,0.3949329359165425,-0.6284368989139184,5
John / Jaan / Jussi / Hans,Lempaala,Ants,0,0.3949329359165425,-0.6284368989139184,5
John / Jaan / Jussi / Hans,Liissilä,Ants,0,0.3949329359165425,-0.6284368989139184,5
John / Jaan / Jussi / Hans,Maaninka,Ants,0,0.3949329359165425,-0.6284368989139184,5
John / Jaan / Jussi / Hans,Muolaa,Ants,0,0.3949329359165425,-0.6284368989139184,5
John / Jaan / Jussi / Hans,Pudasjärvi,Ants,0,0.3949329359165425,-0.6284368989139184,5
John / Jaan / Jussi / Hans,Pyhäjärvi Ol.,Ants,0,0.3949329359165425,-0.6284368989139184,5
John / Jaan / Jussi / Hans,Savonlinna,Ants,0,0.3949329359165425,-0.6284368989139184,5
John / Jaan / Jussi / Hans,Somero,Ants,0,0.3949329359165425,-0.6284368989139184,5
John / Jaan / Jussi / Hans,Suonenjoki,Ants,0,0.3949329359165425,-0.6284368989139184,5
John / Jaan / Jussi / Hans,Tuulos,Ants,0,0.3949329359165425,-0.6284368989139184,5
John / Jaan / Jussi / Hans,Tuusniemi,Ants,0,0.3949329359165425,-0.6284368989139184,5
John / Jaan / Jussi / Hans,Varkaus,Ants,0,0.3949329359165425,-0.6284368989139184,5
John / Jaan / Jussi / Hans,Rapla,Juhan,0,0.41033283656234476,-0.640572272708041,14
John / Jaan / Jussi / Hans,Saarde,Juhan,0,0.41033283656234476,-0.640572272708041,14
John / Jaan / Jussi / Hans,Pärnu,Other,6,7.801291604570293,-0.644912461834304,26
John / Jaan / Jussi / Hans,Helme,Jaan/Jaani,6,7.848981619473423,-0.6599726493987729,40
John / Jaan / Jussi / Hans,Kaarma,Juhan,0,0.4396423248882265,-0.6630552954982161,15
John / Jaan / Jussi / Hans,Karja,Juhan,0,0.4396423248882265,-0.6630552954982161,15
John / Jaan / Jussi / Hans,Simuna,Juhan,0,0.4396423248882265,-0.6630552954982161,15
John / Jaan / Jussi / Hans,Kolga-Jaani,Hans,9,11.230998509687034,-0.6657176866731531,72
John / Jaan / Jussi / Hans,Audru,John/St John,1,1.940387481371088,-0.6750914489711793,18
John / Jaan / Jussi / Hans,Uskela,John/St John,1,1.940387481371088,-0.6750914489711793,18
John / Jaan / Jussi / Hans,Järva-Madise,Juhan,0,0.4689518132141083,-0.6848005645544608,16
John / Jaan / Jussi / Hans,Mihkli,Juhan,0,0.4689518132141083,-0.6848005645544608,16
John / Jaan / Jussi / Hans,Pilistvere,Juhan,0,0.4689518132141083,-0.6848005645544608,16
John / Jaan / Jussi / Hans,Otepää,Jaan/Jaani,1,1.9622454048683557,-0.6869247833881907,10
John / Jaan / Jussi / Hans,Kangasniemi,Ants,0,0.47391952309985097,-0.6884181310074938,6
John / Jaan / Jussi / Hans,Lihula,Ants,0,0.47391952309985097,-0.6884181310074938,6
John / Jaan / Jussi / Hans,Pielavesi,Ants,0,0.47391952309985097,-0.6884181310074938,6
John / Jaan / Jussi / Hans,Ranua,Ants,0,0.47391952309985097,-0.6884181310074938,6
John / Jaan / Jussi / Hans,Renko,Ants,0,0.47391952309985097,-0.6884181310074938,6
John / Jaan / Jussi / Hans,Suistamo,Ants,0,0.47391952309985097,-0.6884181310074938,6
John / Jaan / Jussi / Hans,Jüri,Juhan,0,0.49826130153999004,-0.7058762650351618,17
John / Jaan / Jussi / Hans,Setumaa,Juhan,0,0.49826130153999004,-0.7058762650351618,17
John / Jaan / Jussi / Hans,Suure-Jaani,Jaan/Jaani,5,6.867858917039245,-0.712743700428398,35
John / Jaan / Jussi / Hans,Jõelähtme,Other,2,3.300546448087432,-0.7158679891493657,11
John / Jaan / Jussi / Hans,Nõo,Other,2,3.300546448087432,-0.7158679891493657,11
John / Jaan / Jussi / Hans,Viljandi,John/St John,4,5.713363139592648,-0.7168090918714963,53
John / Jaan / Jussi / Hans,Laiuse,Juhan,0,0.5275707898658718,-0.726340684435253,18
John / Jaan / Jussi / Hans,Uskela,Juhan,0,0.5275707898658718,-0.726340684435253,18
John / Jaan / Jussi / Hans,Rõuge,John/St John,1,2.048186785891704,-0.7324093846518134,19
John / Jaan / Jussi / Hans,Hartola,John/St John,0,0.53899652260308,-0.7341638254525212,5
John / Jaan / Jussi / Hans,Hauho,John/St John,0,0.53899652260308,-0.7341638254525212,5
John / Jaan / Jussi / Hans,Hausjärvi,John/St John,0,0.53899652260308,-0.7341638254525212,5
John / Jaan / Jussi / Hans,Lempaala,John/St John,0,0.53899652260308,-0.7341638254525212,5
John / Jaan / Jussi / Hans,Liissilä,John/St John,0,0.53899652260308,-0.7341638254525212,5
John / Jaan / Jussi / Hans,Maaninka,John/St John,0,0.53899652260308,-0.7341638254525212,5
John / Jaan / Jussi / Hans,Muolaa,John/St John,0,0.53899652260308,-0.7341638254525212,5
John / Jaan / Jussi / Hans,Pyhäjärvi Ol.,John/St John,0,0.53899652260308,-0.7341638254525212,5
John / Jaan / Jussi / Hans,Pühalepa,John/St John,0,0.53899652260308,-0.7341638254525212,5
John / Jaan / Jussi / Hans,Savonlinna,John/St John,0,0.53899652260308,-0.7341638254525212,5
John / Jaan / Jussi / Hans,Tuulos,John/St John,0,0.53899652260308,-0.7341638254525212,5
John / Jaan / Jussi / Hans,Tuusniemi,John/St John,0,0.53899652260308,-0.7341638254525212,5
John / Jaan / Jussi / Hans,Varkaus,John/St John,0,0.53899652260308,-0.7341638254525212,5
John / Jaan / Jussi / Hans,Heinjoki,Ants,0,0.5529061102831595,-0.74357656652369,7
John / Jaan / Jussi / Hans,Lapua,Ants,0,0.5529061102831595,-0.74357656652369,7
John / Jaan / Jussi / Hans,Maarja-Magdaleena,Ants,0,0.5529061102831595,-0.74357656652369,7
John / Jaan / Jussi / Hans,Pöytyä,Ants,0,0.5529061102831595,-0.74357656652369,7
John / Jaan / Jussi / Hans,Ruovesi,Ants,0,0.5529061102831595,-0.74357656652369,7
John / Jaan / Jussi / Hans,Sakkola,Ants,0,0.5529061102831595,-0.74357656652369,7
John / Jaan / Jussi / Hans,Viljandi,Jaan/Jaani,8,10.399900645802285,-0.744181153803414,53
John / Jaan / Jussi / Hans,Harju-Jaani,Juhan,0,0.5568802781917536,-0.7462441143431241,19
John / Jaan / Jussi / Hans,Rõuge,Juhan,0,0.5568802781917536,-0.7462441143431241,19
John / Jaan / Jussi / Hans,Kullamaa,Other,1,2.100347739692002,-0.7592492188996083,7
John / Jaan / Jussi / Hans,Lapua,Other,1,2.100347739692002,-0.7592492188996083,7
John / Jaan / Jussi / Hans,Pöytyä,Other,1,2.100347739692002,-0.7592492188996083,7
John / Jaan / Jussi / Hans,Sakkola,Other,1,2.100347739692002,-0.7592492188996083,7
John / Jaan / Jussi / Hans,Vaivara,Other,1,2.100347739692002,-0.7592492188996083,7
John / Jaan / Jussi / Hans,Pilistvere,Jussi,1,2.106308991554893,-0.7622815375557048,16
John / Jaan / Jussi / Hans,Tori,Juhan,0,0.5861897665176353,-0.7656303066870037,20
John / Jaan / Jussi / Hans,Vigala,Hans,2,3.431693989071038,-0.7728512693995134,22
John / Jaan / Jussi / Hans,Paistu,Hans,11,13.882762046696472,-0.7736968982253112,89
John / Jaan / Jussi / Hans,Muurla,Juhan,0,0.6154992548435171,-0.7845376057548274,21
John / Jaan / Jussi / Hans,Jõelähtme,Jaan/Jaani,1,2.158469945355191,-0.7885182842494508,11
John / Jaan / Jussi / Hans,Karula,Jaan/Jaani,1,2.158469945355191,-0.7885182842494508,11
John / Jaan / Jussi / Hans,Mustjala,Jaan/Jaani,1,2.158469945355191,-0.7885182842494508,11
John / Jaan / Jussi / Hans,Hämeenlinna,Ants,0,0.6318926974664679,-0.7949167865043912,8
John / Jaan / Jussi / Hans,Kitee,Ants,0,0.6318926974664679,-0.7949167865043912,8
John / Jaan / Jussi / Hans,Leppävirta,Ants,0,0.6318926974664679,-0.7949167865043912,8
John / Jaan / Jussi / Hans,Vigala,Juhan,0,0.644808743169399,-0.8029998400805564,22
John / Jaan / Jussi / Hans,Väike-Maarja,Juhan,0,0.644808743169399,-0.8029998400805564,22
John / Jaan / Jussi / Hans,Kangasniemi,John/St John,0,0.646795827123696,-0.8042361762092625,6
John / Jaan / Jussi / Hans,Lihula,John/St John,0,0.646795827123696,-0.8042361762092625,6
John / Jaan / Jussi / Hans,Ranua,John/St John,0,0.646795827123696,-0.8042361762092625,6
John / Jaan / Jussi / Hans,Renko,John/St John,0,0.646795827123696,-0.8042361762092625,6
John / Jaan / Jussi / Hans,Hargla,Jussi,0,0.6582215598609041,-0.8113085478786133,5
John / Jaan / Jussi / Hans,Pühalepa,Jussi,0,0.6582215598609041,-0.8113085478786133,5
John / Jaan / Jussi / Hans,Tõstamaa,Jussi,0,0.6582215598609041,-0.8113085478786133,5
John / Jaan / Jussi / Hans,Laiuse,Jaan/Jaani,2,3.53204172876304,-0.8151878189962319,18
John / Jaan / Jussi / Hans,Jüri,Jussi,1,2.2379533035270742,-0.8275204840206676,17
John / Jaan / Jussi / Hans,Paistu,John/St John,7,9.594138102334824,-0.8375102092590786,89
John / Jaan / Jussi / Hans,Mynämäki,Ants,0,0.7108792846497765,-0.8431365753244112,9
John / Jaan / Jussi / Hans,Pöide,Ants,0,0.7108792846497765,-0.8431365753244112,9
John / Jaan / Jussi / Hans,Rõngu,Ants,0,0.7108792846497765,-0.8431365753244112,9
John / Jaan / Jussi / Hans,Palamuse,Other,2,3.6005961251862892,-0.843518391918143,12
John / Jaan / Jussi / Hans,Kadrina,Jaan/Jaani,3,4.9056135121708895,-0.8603757455689314,25
John / Jaan / Jussi / Hans,Heinjoki,John/St John,0,0.754595131644312,-0.8686743530485471,7
John / Jaan / Jussi / Hans,Kullamaa,John/St John,0,0.754595131644312,-0.8686743530485471,7
John / Jaan / Jussi / Hans,Lapua,John/St John,0,0.754595131644312,-0.8686743530485471,7
John / Jaan / Jussi / Hans,Maarja-Magdaleena,John/St John,0,0.754595131644312,-0.8686743530485471,7
John / Jaan / Jussi / Hans,Pöytyä,John/St John,0,0.754595131644312,-0.8686743530485471,7
John / Jaan / Jussi / Hans,Ruovesi,John/St John,0,0.754595131644312,-0.8686743530485471,7
John / Jaan / Jussi / Hans,Sakkola,John/St John,0,0.754595131644312,-0.8686743530485471,7
John / Jaan / Jussi / Hans,Vaivara,John/St John,0,0.754595131644312,-0.8686743530485471,7
John / Jaan / Jussi / Hans,Pärnu,Juhan,0,0.762046696472926,-0.8729528603956378,26
John / Jaan / Jussi / Hans,Räpina,Hans,1,2.339791356184799,-0.8758880586106002,15
John / Jaan / Jussi / Hans,Hargla,Hans,0,0.7799304520615996,-0.8831367119883532,5
John / Jaan / Jussi / Hans,Hartola,Hans,0,0.7799304520615996,-0.8831367119883532,5
John / Jaan / Jussi / Hans,Hauho,Hans,0,0.7799304520615996,-0.8831367119883532,5
John / Jaan / Jussi / Hans,Hausjärvi,Hans,0,0.7799304520615996,-0.8831367119883532,5
John / Jaan / Jussi / Hans,Joroinen,Hans,0,0.7799304520615996,-0.8831367119883532,5
John / Jaan / Jussi / Hans,Kontiolahti,Hans,0,0.7799304520615996,-0.8831367119883532,5
John / Jaan / Jussi / Hans,Lempaala,Hans,0,0.7799304520615996,-0.8831367119883532,5
John / Jaan / Jussi / Hans,Liissilä,Hans,0,0.7799304520615996,-0.8831367119883532,5
John / Jaan / Jussi / Hans,Maaninka,Hans,0,0.7799304520615996,-0.8831367119883532,5
John / Jaan / Jussi / Hans,Muolaa,Hans,0,0.7799304520615996,-0.8831367119883532,5
John / Jaan / Jussi / Hans,Pudasjärvi,Hans,0,0.7799304520615996,-0.8831367119883532,5
John / Jaan / Jussi / Hans,Pyhäjärvi Ol.,Hans,0,0.7799304520615996,-0.8831367119883532,5
John / Jaan / Jussi / Hans,Pühalepa,Hans,0,0.7799304520615996,-0.8831367119883532,5
John / Jaan / Jussi / Hans,Savonlinna,Hans,0,0.7799304520615996,-0.8831367119883532,5
John / Jaan / Jussi / Hans,Somero,Hans,0,0.7799304520615996,-0.8831367119883532,5
John / Jaan / Jussi / Hans,Suonenjoki,Hans,0,0.7799304520615996,-0.8831367119883532,5
John / Jaan / Jussi / Hans,Tuulos,Hans,0,0.7799304520615996,-0.8831367119883532,5
John / Jaan / Jussi / Hans,Tuusniemi,Hans,0,0.7799304520615996,-0.8831367119883532,5
John / Jaan / Jussi / Hans,Tõstamaa,Hans,0,0.7799304520615996,-0.8831367119883532,5
John / Jaan / Jussi / Hans,Varkaus,Hans,0,0.7799304520615996,-0.8831367119883532,5
John / Jaan / Jussi / Hans,Kihelkonna,Ants,0,0.789865871833085,-0.8887439855397531,10
John / Jaan / Jussi / Hans,Kiuruvesi,Ants,0,0.789865871833085,-0.8887439855397531,10
John / Jaan / Jussi / Hans,Kursi,Ants,0,0.789865871833085,-0.8887439855397531,10
John / Jaan / Jussi / Hans,Lihula,Jussi,0,0.789865871833085,-0.8887439855397531,6
John / Jaan / Jussi / Hans,Põlva,Jussi,0,0.789865871833085,-0.8887439855397531,6
John / Jaan / Jussi / Hans,Tammela,Ants,0,0.789865871833085,-0.8887439855397531,10
John / Jaan / Jussi / Hans,Varbla,Jussi,0,0.789865871833085,-0.8887439855397531,6
John / Jaan / Jussi / Hans,Märjamaa,Juhan,0,0.7913561847988078,-0.8895820281451328,27
John / Jaan / Jussi / Hans,Ambla,Ants,1,2.369597615499255,-0.8897247856026081,30
John / Jaan / Jussi / Hans,Helme,Hans,4,6.239443616492797,-0.8965348998694248,40
John / Jaan / Jussi / Hans,Lüganuse,Other,1,2.4003974167908595,-0.9038778119359191,8
John / Jaan / Jussi / Hans,Muurla,Other,4,6.301043219076006,-0.9166816685834165,21
John / Jaan / Jussi / Hans,Kitee,John/St John,0,0.862394436164928,-0.9286519456529061,8
John / Jaan / Jussi / Hans,Leppävirta,John/St John,0,0.862394436164928,-0.9286519456529061,8
John / Jaan / Jussi / Hans,Urvaste,John/St John,0,0.862394436164928,-0.9286519456529061,8
John / Jaan / Jussi / Hans,Tarvastu,Other,8,11.101838052657724,-0.9309399666156799,37
John / Jaan / Jussi / Hans,Karula,Ants,0,0.8688524590163934,-0.9321225557920982,11
John / Jaan / Jussi / Hans,Martna,Ants,0,0.8688524590163934,-0.9321225557920982,11
John / Jaan / Jussi / Hans,Narvusi,Ants,0,0.8688524590163934,-0.9321225557920982,11
John / Jaan / Jussi / Hans,Nurmes,Ants,0,0.8688524590163934,-0.9321225557920982,11
John / Jaan / Jussi / Hans,Torma,Ants,0,0.8688524590163934,-0.9321225557920982,11
John / Jaan / Jussi / Hans,Vuole,Ants,0,0.8688524590163934,-0.9321225557920982,11
John / Jaan / Jussi / Hans,Rõuge,Jussi,1,2.5012419274714355,-0.9492330155128185,19
John / Jaan / Jussi / Hans,Kuusalu,Juhan,0,0.9085941381023348,-0.9532020447430518,31
John / Jaan / Jussi / Hans,Kullamaa,Jussi,0,0.9215101838052657,-0.9599532195921142,7
John / Jaan / Jussi / Hans,Maarja-Magdaleena,Jussi,0,0.9215101838052657,-0.9599532195921142,7
John / Jaan / Jussi / Hans,Vaivara,Jussi,0,0.9215101838052657,-0.9599532195921142,7
John / Jaan / Jussi / Hans,Heinävesi,Other,2,3.9006458022851467,-0.9623497388212584,13
John / Jaan / Jussi / Hans,Kangasniemi,Hans,0,0.9359165424739195,-0.9674277970339283,6
John / Jaan / Jussi / Hans,Lihula,Hans,0,0.9359165424739195,-0.9674277970339283,6
John / Jaan / Jussi / Hans,Pielavesi,Hans,0,0.9359165424739195,-0.9674277970339283,6
John / Jaan / Jussi / Hans,Põlva,Hans,0,0.9359165424739195,-0.9674277970339283,6
John / Jaan / Jussi / Hans,Ranua,Hans,0,0.9359165424739195,-0.9674277970339283,6
John / Jaan / Jussi / Hans,Renko,Hans,0,0.9359165424739195,-0.9674277970339283,6
John / Jaan / Jussi / Hans,Suistamo,Hans,0,0.9359165424739195,-0.9674277970339283,6
John / Jaan / Jussi / Hans,Varbla,Hans,0,0.9359165424739195,-0.9674277970339283,6
John / Jaan / Jussi / Hans,Karksi,John/St John,4,6.467958271236959,-0.9704076412162925,60
John / Jaan / Jussi / Hans,Sangaste,Jaan/Jaani,1,2.5509190263288626,-0.9710481994660276,13
John / Jaan / Jussi / Hans,Türi,Jaan/Jaani,1,2.5509190263288626,-0.9710481994660276,13
John / Jaan / Jussi / Hans,Häädemeeste,Ants,0,0.9478390461997019,-0.973570257454336,12
John / Jaan / Jussi / Hans,Kõpu,Ants,0,0.9478390461997019,-0.973570257454336,12
John / Jaan / Jussi / Hans,Palamuse,Ants,0,0.9478390461997019,-0.973570257454336,12
John / Jaan / Jussi / Hans,Vuokkiniemi,Ants,0,0.9478390461997019,-0.973570257454336,12
John / Jaan / Jussi / Hans,Mynämäki,John/St John,0,0.970193740685544,-0.9849841321998766,9
John / Jaan / Jussi / Hans,Pöide,John/St John,0,0.970193740685544,-0.9849841321998766,9
John / Jaan / Jussi / Hans,Hartola,Jaan/Jaani,0,0.9811227024341779,-0.9905163817091457,5
John / Jaan / Jussi / Hans,Hauho,Jaan/Jaani,0,0.9811227024341779,-0.9905163817091457,5
John / Jaan / Jussi / Hans,Hausjärvi,Jaan/Jaani,0,0.9811227024341779,-0.9905163817091457,5
John / Jaan / Jussi / Hans,Joroinen,Jaan/Jaani,0,0.9811227024341779,-0.9905163817091457,5
John / Jaan / Jussi / Hans,Kontiolahti,Jaan/Jaani,0,0.9811227024341779,-0.9905163817091457,5
John / Jaan / Jussi / Hans,Lempaala,Jaan/Jaani,0,0.9811227024341779,-0.9905163817091457,5
John / Jaan / Jussi / Hans,Liissilä,Jaan/Jaani,0,0.9811227024341779,-0.9905163817091457,5
John / Jaan / Jussi / Hans,Maaninka,Jaan/Jaani,0,0.9811227024341779,-0.9905163817091457,5
John / Jaan / Jussi / Hans,Muolaa,Jaan/Jaani,0,0.9811227024341779,-0.9905163817091457,5
John / Jaan / Jussi / Hans,Pudasjärvi,Jaan/Jaani,0,0.9811227024341779,-0.9905163817091457,5
John / Jaan / Jussi / Hans,Pyhäjärvi Ol.,Jaan/Jaani,0,0.9811227024341779,-0.9905163817091457,5
John / Jaan / Jussi / Hans,Savonlinna,Jaan/Jaani,0,0.9811227024341779,-0.9905163817091457,5
John / Jaan / Jussi / Hans,Somero,Jaan/Jaani,0,0.9811227024341779,-0.9905163817091457,5
John / Jaan / Jussi / Hans,Suonenjoki,Jaan/Jaani,0,0.9811227024341779,-0.9905163817091457,5
John / Jaan / Jussi / Hans,Tuulos,Jaan/Jaani,0,0.9811227024341779,-0.9905163817091457,5
John / Jaan / Jussi / Hans,Tuusniemi,Jaan/Jaani,0,0.9811227024341779,-0.9905163817091457,5
John / Jaan / Jussi / Hans,Tõstamaa,Jaan/Jaani,0,0.9811227024341779,-0.9905163817091457,5
John / Jaan / Jussi / Hans,Varkaus,Jaan/Jaani,0,0.9811227024341779,-0.9905163817091457,5
John / Jaan / Jussi / Hans,Tarvastu,John/St John,2,3.9885742672627917,-0.99571024049702,37
John / Jaan / Jussi / Hans,Paistu,Juhan,1,2.6085444610034774,-0.9959417715544593,89
John / Jaan / Jussi / Hans,Hattula,Ants,0,1.0268256333830104,-1.0133240515170903,13
John / Jaan / Jussi / Hans,Heinävesi,Ants,0,1.0268256333830104,-1.0133240515170903,13
John / Jaan / Jussi / Hans,Ilomantsi,Ants,0,1.0268256333830104,-1.0133240515170903,13
John / Jaan / Jussi / Hans,Puhja,Ants,0,1.0268256333830104,-1.0133240515170903,13
John / Jaan / Jussi / Hans,Saarijärvi,Ants,0,1.0268256333830104,-1.0133240515170903,13
John / Jaan / Jussi / Hans,Türi,Ants,0,1.0268256333830104,-1.0133240515170903,13
John / Jaan / Jussi / Hans,Lüganuse,Jussi,0,1.0531544957774466,-1.0262331585840747,8
John / Jaan / Jussi / Hans,Urvaste,Jussi,0,1.0531544957774466,-1.0262331585840747,8
John / Jaan / Jussi / Hans,Risti,John/St John,1,2.6949826130153998,-1.0324933514795633,25
John / Jaan / Jussi / Hans,Karuse,John/St John,2,4.096373571783408,-1.0357832849839275,38
John / Jaan / Jussi / Hans,Kihelkonna,John/St John,0,1.07799304520616,-1.038264438958669,10
John / Jaan / Jussi / Hans,Kiuruvesi,John/St John,0,1.07799304520616,-1.038264438958669,10
John / Jaan / Jussi / Hans,Tammela,John/St John,0,1.07799304520616,-1.038264438958669,10
John / Jaan / Jussi / Hans,Äksi,John/St John,0,1.07799304520616,-1.038264438958669,10
John / Jaan / Jussi / Hans,Heinjoki,Hans,0,1.0919026328862393,-1.0449414495014728,7
John / Jaan / Jussi / Hans,Lapua,Hans,0,1.0919026328862393,-1.0449414495014728,7
John / Jaan / Jussi / Hans,Maarja-Magdaleena,Hans,0,1.0919026328862393,-1.0449414495014728,7
John / Jaan / Jussi / Hans,Pöytyä,Hans,0,1.0919026328862393,-1.0449414495014728,7
John / Jaan / Jussi / Hans,Ruovesi,Hans,0,1.0919026328862393,-1.0449414495014728,7
John / Jaan / Jussi / Hans,Sakkola,Hans,0,1.0919026328862393,-1.0449414495014728,7
John / Jaan / Jussi / Hans,Rapla,Ants,0,1.105812220566319,-1.0515760650406223,14
John / Jaan / Jussi / Hans,Saarde,Ants,0,1.105812220566319,-1.0515760650406223,14
John / Jaan / Jussi / Hans,Karuse,Juhan,0,1.1137605563835071,-1.0553485473451447,38
John / Jaan / Jussi / Hans,Suure-Jaani,Ants,1,2.764530551415797,-1.0612519110942706,35
John / Jaan / Jussi / Hans,Võnnu,Jussi,1,2.764530551415797,-1.0612519110942706,21
John / Jaan / Jussi / Hans,Saarde,Other,2,4.200695479384004,-1.0737405425890048,14
John / Jaan / Jussi / Hans,Helme,Juhan,0,1.1723795330352706,-1.0827647634806328,40
John / Jaan / Jussi / Hans,Kangasniemi,Jaan/Jaani,0,1.1773472429210134,-1.0850563316809931,6
John / Jaan / Jussi / Hans,Pielavesi,Jaan/Jaani,0,1.1773472429210134,-1.0850563316809931,6
John / Jaan / Jussi / Hans,Ranua,Jaan/Jaani,0,1.1773472429210134,-1.0850563316809931,6
John / Jaan / Jussi / Hans,Renko,Jaan/Jaani,0,1.1773472429210134,-1.0850563316809931,6
John / Jaan / Jussi / Hans,Suistamo,Jaan/Jaani,0,1.1773472429210134,-1.0850563316809931,6
John / Jaan / Jussi / Hans,Kaarma,Ants,0,1.1847988077496274,-1.0884846382699334,15
John / Jaan / Jussi / Hans,Karja,Ants,0,1.1847988077496274,-1.0884846382699334,15
John / Jaan / Jussi / Hans,Pöide,Jussi,0,1.1847988077496274,-1.0884846382699334,9
John / Jaan / Jussi / Hans,Rannu,Jussi,0,1.1847988077496274,-1.0884846382699334,9
John / Jaan / Jussi / Hans,Rõngu,Jussi,0,1.1847988077496274,-1.0884846382699334,9
John / Jaan / Jussi / Hans,Jõelähtme,John/St John,0,1.185792349726776,-1.0889409303202704,11
John / Jaan / Jussi / Hans,Mustjala,John/St John,0,1.185792349726776,-1.0889409303202704,11
John / Jaan / Jussi / Hans,Nurmes,John/St John,0,1.185792349726776,-1.0889409303202704,11
John / Jaan / Jussi / Hans,Viru-Nigula,John/St John,0,1.185792349726776,-1.0889409303202704,11
John / Jaan / Jussi / Hans,Vuole,John/St John,0,1.185792349726776,-1.0889409303202704,11
John / Jaan / Jussi / Hans,Hämeenlinna,Hans,0,1.2478887232985594,-1.1170893980781302,8
John / Jaan / Jussi / Hans,Kitee,Hans,0,1.2478887232985594,-1.1170893980781302,8
John / Jaan / Jussi / Hans,Leppävirta,Hans,0,1.2478887232985594,-1.1170893980781302,8
John / Jaan / Jussi / Hans,Urvaste,Hans,0,1.2478887232985594,-1.1170893980781302,8
John / Jaan / Jussi / Hans,Hanila,Ants,0,1.2637853949329358,-1.1241821004325483,16
John / Jaan / Jussi / Hans,Järva-Madise,Ants,0,1.2637853949329358,-1.1241821004325483,16
John / Jaan / Jussi / Hans,Paide,Ants,0,1.2637853949329358,-1.1241821004325483,16
John / Jaan / Jussi / Hans,Tartu-Maarja,Ants,0,1.2637853949329358,-1.1241821004325483,16
John / Jaan / Jussi / Hans,Karja,Jaan/Jaani,1,2.9433681073025335,-1.1327466366074856,15
John / Jaan / Jussi / Hans,Vuokkiniemi,John/St John,0,1.293591654247392,-1.1373617077462173,12
John / Jaan / Jussi / Hans,Kihelkonna,Jussi,0,1.3164431197218083,-1.1473635516791563,10
John / Jaan / Jussi / Hans,Otepää,Jussi,0,1.3164431197218083,-1.1473635516791563,10
John / Jaan / Jussi / Hans,Äksi,Jussi,0,1.3164431197218083,-1.1473635516791563,10
John / Jaan / Jussi / Hans,Kose,Juhan,0,1.3482364629905614,-1.1611358503597078,46
John / Jaan / Jussi / Hans,Heinjoki,Jaan/Jaani,0,1.373571783407849,-1.1719947881316917,7
John / Jaan / Jussi / Hans,Lapua,Jaan/Jaani,0,1.373571783407849,-1.1719947881316917,7
John / Jaan / Jussi / Hans,Pöytyä,Jaan/Jaani,0,1.373571783407849,-1.1719947881316917,7
John / Jaan / Jussi / Hans,Ruovesi,Jaan/Jaani,0,1.373571783407849,-1.1719947881316917,7
John / Jaan / Jussi / Hans,Sakkola,Jaan/Jaani,0,1.373571783407849,-1.1719947881316917,7
John / Jaan / Jussi / Hans,Vaivara,Jaan/Jaani,0,1.373571783407849,-1.1719947881316917,7
John / Jaan / Jussi / Hans,Hattula,John/St John,0,1.401390958768008,-1.1838035980550186,13
John / Jaan / Jussi / Hans,Heinävesi,John/St John,0,1.401390958768008,-1.1838035980550186,13
John / Jaan / Jussi / Hans,Järva-Jaani,John/St John,0,1.401390958768008,-1.1838035980550186,13
John / Jaan / Jussi / Hans,Puhja,John/St John,0,1.401390958768008,-1.1838035980550186,13
John / Jaan / Jussi / Hans,Saarijärvi,John/St John,0,1.401390958768008,-1.1838035980550186,13
John / Jaan / Jussi / Hans,Sangaste,John/St John,0,1.401390958768008,-1.1838035980550186,13
John / Jaan / Jussi / Hans,Türi,John/St John,0,1.401390958768008,-1.1838035980550186,13
John / Jaan / Jussi / Hans,Mynämäki,Hans,0,1.4038748137108792,-1.1848522328589668,9
John / Jaan / Jussi / Hans,Ambla,Jaan/Jaani,3,5.886736214605067,-1.1897886258065917,30
John / Jaan / Jussi / Hans,Audru,Ants,0,1.421758569299553,-1.192375179756587,18
John / Jaan / Jussi / Hans,Uskela,Ants,0,1.421758569299553,-1.192375179756587,18
John / Jaan / Jussi / Hans,Halliste,John/St John,3,5.9289617486338795,-1.2028857380750235,55
John / Jaan / Jussi / Hans,Karula,Jussi,0,1.4480874316939891,-1.20336504506903,11
John / Jaan / Jussi / Hans,Martna,Jussi,0,1.4480874316939891,-1.20336504506903,11
John / Jaan / Jussi / Hans,Narvusi,Jussi,0,1.4480874316939891,-1.20336504506903,11
John / Jaan / Jussi / Hans,Nõo,Jussi,0,1.4480874316939891,-1.20336504506903,11
John / Jaan / Jussi / Hans,Torma,Jussi,0,1.4480874316939891,-1.20336504506903,11
John / Jaan / Jussi / Hans,Viru-Nigula,Jussi,0,1.4480874316939891,-1.20336504506903,11
John / Jaan / Jussi / Hans,Helme,Ants,1,3.15946348733234,-1.2148962594783985,40
John / Jaan / Jussi / Hans,Hargla,Other,0,1.5002483854942872,-1.2248462701475182,5
John / Jaan / Jussi / Hans,Hartola,Other,0,1.5002483854942872,-1.2248462701475182,5
John / Jaan / Jussi / Hans,Hauho,Other,0,1.5002483854942872,-1.2248462701475182,5
John / Jaan / Jussi / Hans,Hausjärvi,Other,0,1.5002483854942872,-1.2248462701475182,5
John / Jaan / Jussi / Hans,Kontiolahti,Other,0,1.5002483854942872,-1.2248462701475182,5
John / Jaan / Jussi / Hans,Muolaa,Other,0,1.5002483854942872,-1.2248462701475182,5
John / Jaan / Jussi / Hans,Pudasjärvi,Other,0,1.5002483854942872,-1.2248462701475182,5
John / Jaan / Jussi / Hans,Savonlinna,Other,0,1.5002483854942872,-1.2248462701475182,5
John / Jaan / Jussi / Hans,Suonenjoki,Other,0,1.5002483854942872,-1.2248462701475182,5
John / Jaan / Jussi / Hans,Tuulos,Other,0,1.5002483854942872,-1.2248462701475182,5
John / Jaan / Jussi / Hans,Rapla,John/St John,0,1.509190263288624,-1.2284910513669296,14
John / Jaan / Jussi / Hans,Saarde,John/St John,0,1.509190263288624,-1.2284910513669296,14
John / Jaan / Jussi / Hans,Kihelkonna,Hans,0,1.5598609041231992,-1.2489439155235111,10
John / Jaan / Jussi / Hans,Kiuruvesi,Hans,0,1.5598609041231992,-1.2489439155235111,10
John / Jaan / Jussi / Hans,Tammela,Hans,0,1.5598609041231992,-1.2489439155235111,10
John / Jaan / Jussi / Hans,Hämeenlinna,Jaan/Jaani,0,1.5697963238946846,-1.2529151303638584,8
John / Jaan / Jussi / Hans,Kitee,Jaan/Jaani,0,1.5697963238946846,-1.2529151303638584,8
John / Jaan / Jussi / Hans,Leppävirta,Jaan/Jaani,0,1.5697963238946846,-1.2529151303638584,8
John / Jaan / Jussi / Hans,Jõhvi,Jussi,0,1.57973174366617,-1.2568737978278368,12
John / Jaan / Jussi / Hans,Kõpu,Jussi,0,1.57973174366617,-1.2568737978278368,12
John / Jaan / Jussi / Hans,Palamuse,Jussi,0,1.57973174366617,-1.2568737978278368,12
John / Jaan / Jussi / Hans,Martna,Other,1,3.300546448087432,-1.2663043001339618,11
John / Jaan / Jussi / Hans,Narvusi,Other,1,3.300546448087432,-1.2663043001339618,11
John / Jaan / Jussi / Hans,Karja,John/St John,0,1.6169895678092399,-1.2716090467628955,15
John / Jaan / Jussi / Hans,Räpina,John/St John,0,1.6169895678092399,-1.2716090467628955,15
John / Jaan / Jussi / Hans,Pilistvere,Other,2,4.800794833581719,-1.2782762603678945,16
John / Jaan / Jussi / Hans,Tartu-Maarja,Other,2,4.800794833581719,-1.2782762603678945,16
John / Jaan / Jussi / Hans,Setumaa,Jaan/Jaani,1,3.335817188276205,-1.2789033613939593,17
John / Jaan / Jussi / Hans,Kuusalu,John/St John,1,3.341778440139096,-1.2810231462762995,31
John / Jaan / Jussi / Hans,Muurla,Ants,0,1.6587183308494784,-1.28791239253665,21
John / Jaan / Jussi / Hans,Järva-Jaani,Jussi,0,1.7113760556383508,-1.3081957252790388,13
John / Jaan / Jussi / Hans,Puhja,Jussi,0,1.7113760556383508,-1.3081957252790388,13
John / Jaan / Jussi / Hans,Sangaste,Jussi,0,1.7113760556383508,-1.3081957252790388,13
John / Jaan / Jussi / Hans,Türi,Jussi,0,1.7113760556383508,-1.3081957252790388,13
John / Jaan / Jussi / Hans,Karula,Hans,0,1.715846994535519,-1.3099034294693328,11
John / Jaan / Jussi / Hans,Martna,Hans,0,1.715846994535519,-1.3099034294693328,11
John / Jaan / Jussi / Hans,Mustjala,Hans,0,1.715846994535519,-1.3099034294693328,11
John / Jaan / Jussi / Hans,Narvusi,Hans,0,1.715846994535519,-1.3099034294693328,11
John / Jaan / Jussi / Hans,Nurmes,Hans,0,1.715846994535519,-1.3099034294693328,11
John / Jaan / Jussi / Hans,Nõo,Hans,0,1.715846994535519,-1.3099034294693328,11
John / Jaan / Jussi / Hans,Vuole,Hans,0,1.715846994535519,-1.3099034294693328,11
John / Jaan / Jussi / Hans,Järva-Madise,John/St John,0,1.724788872329856,-1.313312176266502,16
John / Jaan / Jussi / Hans,Paide,John/St John,0,1.724788872329856,-1.313312176266502,16
John / Jaan / Jussi / Hans,Tartu-Maarja,John/St John,0,1.724788872329856,-1.313312176266502,16
John / Jaan / Jussi / Hans,Karksi,Juhan,0,1.758569299552906,-1.3261105909964321,60
John / Jaan / Jussi / Hans,Kose,John/St John,2,4.958768007948335,-1.3286910782799475,46
John / Jaan / Jussi / Hans,Mynämäki,Jaan/Jaani,0,1.76602086438152,-1.3289171773972674,9
John / Jaan / Jussi / Hans,Lihula,Other,0,1.8002980625931446,-1.3417518632717247,6
John / Jaan / Jussi / Hans,Ranua,Other,0,1.8002980625931446,-1.3417518632717247,6
John / Jaan / Jussi / Hans,Audru,Jaan/Jaani,1,3.53204172876304,-1.3472802572710099,18
John / Jaan / Jussi / Hans,Jüri,John/St John,0,1.832588176850472,-1.3537312055391468,17
John / Jaan / Jussi / Hans,Saarde,Jussi,0,1.8430203676105315,-1.3575788623908858,14
John / Jaan / Jussi / Hans,Häädemeeste,Hans,0,1.871833084947839,-1.3681495111821071,12
John / Jaan / Jussi / Hans,Jõhvi,Hans,0,1.871833084947839,-1.3681495111821071,12
John / Jaan / Jussi / Hans,Vuokkiniemi,Hans,0,1.871833084947839,-1.3681495111821071,12
John / Jaan / Jussi / Hans,Peetri,Juhan,0,1.8758072528564331,-1.3696011291089216,64
John / Jaan / Jussi / Hans,Vuokkiniemi,Other,1,3.6005961251862892,-1.3705210371481933,12
John / Jaan / Jussi / Hans,Vändra,Ants,0,1.8956780923994039,-1.3768362620149877,24
John / Jaan / Jussi / Hans,Kiuruvesi,Jaan/Jaani,0,1.9622454048683557,-1.4008017007657994,10
John / Jaan / Jussi / Hans,Kursi,Jaan/Jaani,0,1.9622454048683557,-1.4008017007657994,10
John / Jaan / Jussi / Hans,Tammela,Jaan/Jaani,0,1.9622454048683557,-1.4008017007657994,10
John / Jaan / Jussi / Hans,Äksi,Jaan/Jaani,0,1.9622454048683557,-1.4008017007657994,10
John / Jaan / Jussi / Hans,Kaarma,Jussi,0,1.9746646795827123,-1.4052276255406853,15
John / Jaan / Jussi / Hans,Karja,Jussi,0,1.9746646795827123,-1.4052276255406853,15
John / Jaan / Jussi / Hans,Räpina,Jussi,0,1.9746646795827123,-1.4052276255406853,15
John / Jaan / Jussi / Hans,Simuna,Jussi,0,1.9746646795827123,-1.4052276255406853,15
John / Jaan / Jussi / Hans,Koeru,Juhan,0,1.9930452061599602,-1.4117525300703235,68
John / Jaan / Jussi / Hans,Harju-Jaani,Jaan/Jaani,1,3.728266269249876,-1.4129711444774653,19
John / Jaan / Jussi / Hans,Hattula,Hans,0,2.027819175360159,-1.4240151598070012,13
John / Jaan / Jussi / Hans,Heinävesi,Hans,0,2.027819175360159,-1.4240151598070012,13
John / Jaan / Jussi / Hans,Ilomantsi,Hans,0,2.027819175360159,-1.4240151598070012,13
John / Jaan / Jussi / Hans,Saarijärvi,Hans,0,2.027819175360159,-1.4240151598070012,13
John / Jaan / Jussi / Hans,Sangaste,Hans,0,2.027819175360159,-1.4240151598070012,13
John / Jaan / Jussi / Hans,Karksi,Hans,5,9.359165424739196,-1.424901318929925,60
John / Jaan / Jussi / Hans,Haljala,Jaan/Jaani,4,8.045206159960259,-1.4261725433934216,41
John / Jaan / Jussi / Hans,Heinjoki,Other,0,2.100347739692002,-1.4492576512449407,7
John / Jaan / Jussi / Hans,Ruovesi,Other,0,2.100347739692002,-1.4492576512449407,7
John / Jaan / Jussi / Hans,Hanila,Jussi,0,2.106308991554893,-1.4513128510265776,16
John / Jaan / Jussi / Hans,Järva-Madise,Jussi,0,2.106308991554893,-1.4513128510265776,16
John / Jaan / Jussi / Hans,Mihkli,Jussi,0,2.106308991554893,-1.4513128510265776,16
John / Jaan / Jussi / Hans,Paide,Jussi,0,2.106308991554893,-1.4513128510265776,16
John / Jaan / Jussi / Hans,Tartu-Maarja,Jussi,0,2.106308991554893,-1.4513128510265776,16
John / Jaan / Jussi / Hans,Risti,Hans,1,3.899652260307998,-1.4683614614008045,25
John / Jaan / Jussi / Hans,Hattula,Other,1,3.9006458022851467,-1.46867750260777,13
John / Jaan / Jussi / Hans,Narvusi,Jaan/Jaani,0,2.158469945355191,-1.4691732182949673,11
John / Jaan / Jussi / Hans,Nurmes,Jaan/Jaani,0,2.158469945355191,-1.4691732182949673,11
John / Jaan / Jussi / Hans,Viru-Nigula,Jaan/Jaani,0,2.158469945355191,-1.4691732182949673,11
John / Jaan / Jussi / Hans,Vuole,Jaan/Jaani,0,2.158469945355191,-1.4691732182949673,11
John / Jaan / Jussi / Hans,Suure-Jaani,Hans,2,5.459513164431197,-1.480600967339206,35
John / Jaan / Jussi / Hans,Setumaa,Jussi,0,2.2379533035270742,-1.4959790451497221,17
John / Jaan / Jussi / Hans,Võnnu,John/St John,0,2.263785394932936,-1.504588114712108,21
John / Jaan / Jussi / Hans,Vuokkiniemi,Jaan/Jaani,0,2.354694485842027,-1.53450138020206,12
John / Jaan / Jussi / Hans,Audru,Jussi,0,2.369597615499255,-1.539349737876112,18
John / Jaan / Jussi / Hans,Laiuse,Jussi,0,2.369597615499255,-1.539349737876112,18
John / Jaan / Jussi / Hans,Vigala,John/St John,0,2.371584699453552,-1.5399950322821019,22
John / Jaan / Jussi / Hans,Väike-Maarja,John/St John,0,2.371584699453552,-1.5399950322821019,22
John / Jaan / Jussi / Hans,Hämeenlinna,Other,0,2.4003974167908595,-1.5493215988912241,8
John / Jaan / Jussi / Hans,Hanila,Hans,0,2.4957774465971188,-1.579802977145289,16
John / Jaan / Jussi / Hans,Harju-Jaani,Jussi,0,2.5012419274714355,-1.581531513271688,19
John / Jaan / Jussi / Hans,Hattula,Jaan/Jaani,0,2.5509190263288626,-1.5971596746502408,13
John / Jaan / Jussi / Hans,Heinävesi,Jaan/Jaani,0,2.5509190263288626,-1.5971596746502408,13
John / Jaan / Jussi / Hans,Ilomantsi,Jaan/Jaani,0,2.5509190263288626,-1.5971596746502408,13
John / Jaan / Jussi / Hans,Saarijärvi,Jaan/Jaani,0,2.5509190263288626,-1.5971596746502408,13
John / Jaan / Jussi / Hans,Vändra,John/St John,0,2.587183308494784,-1.608472352418525,24
John / Jaan / Jussi / Hans,Tori,Jussi,0,2.6328862394436165,-1.6226170957572266,20
John / Jaan / Jussi / Hans,Haljala,John/St John,1,4.419771485345255,-1.6266614665342978,41
John / Jaan / Jussi / Hans,Setumaa,Hans,0,2.6517635370094386,-1.6284236356088175,17
John / Jaan / Jussi / Hans,Kose,Jussi,2,6.055638350720318,-1.6480836684221543,46
John / Jaan / Jussi / Hans,Räpina,Other,1,4.5007451564828616,-1.650130475734097,15
John / Jaan / Jussi / Hans,Uskela,Hans,0,2.8077496274217584,-1.6756340971171955,18
John / Jaan / Jussi / Hans,Suure-Jaani,Jussi,1,4.607550919026329,-1.6806504572508811,35
John / Jaan / Jussi / Hans,Vigala,Jussi,0,2.8961748633879782,-1.7018151672223332,22
John / Jaan / Jussi / Hans,Väike-Maarja,Jussi,0,2.8961748633879782,-1.7018151672223332,22
John / Jaan / Jussi / Hans,Koeru,Hans,5,10.607054148037754,-1.7216202299659726,68
John / Jaan / Jussi / Hans,Kiuruvesi,Other,0,3.0004967709885744,-1.73219420706472,10
John / Jaan / Jussi / Hans,Karksi,Jussi,3,7.898658718330849,-1.7430125302461255,60
John / Jaan / Jussi / Hans,Kuusalu,Hans,1,4.835568802781918,-1.744239005076307,31
John / Jaan / Jussi / Hans,Paide,Jaan/Jaani,0,3.139592647789369,-1.7718895698630233,16
John / Jaan / Jussi / Hans,Vändra,Jussi,0,3.15946348733234,-1.7774879710795062,24
John / Jaan / Jussi / Hans,Peetri,Ants,1,5.055141579731743,-1.8035964005170777,64
John / Jaan / Jussi / Hans,Muurla,Hans,0,3.2757078986587183,-1.8098916814712194,21
John / Jaan / Jussi / Hans,Kadrina,Jussi,0,3.2911077993045206,-1.814141063783222,25
John / Jaan / Jussi / Hans,Risti,Jussi,0,3.2911077993045206,-1.814141063783222,25
John / Jaan / Jussi / Hans,Nurmes,Other,0,3.300546448087432,-1.8167406111185582,11
John / Jaan / Jussi / Hans,Pärnu,Jussi,0,3.4227521112767016,-1.8500681369281247,26
John / Jaan / Jussi / Hans,Põltsamaa,Other,6,12.602086438152012,-1.8597731739107302,42
John / Jaan / Jussi / Hans,Uskela,Jaan/Jaani,0,3.53204172876304,-1.8793726955457877,18
John / Jaan / Jussi / Hans,Viljandi,Jussi,2,6.9771485345255835,-1.8842634214263028,53
John / Jaan / Jussi / Hans,Märjamaa,Jussi,0,3.5543964232488823,-1.885310696741755,27
John / Jaan / Jussi / Hans,Haljala,Jussi,1,5.397416790859414,-1.8927996739913377,41
John / Jaan / Jussi / Hans,Karuse,Other,5,11.401887729756583,-1.8959185397403937,38
John / Jaan / Jussi / Hans,Põltsamaa,Jussi,1,5.529061102831594,-1.9261162053532275,42
John / Jaan / Jussi / Hans,Tarvastu,Jaan/Jaani,2,7.260307998012916,-1.9522419963326445,37
John / Jaan / Jussi / Hans,Saarijärvi,Other,0,3.9006458022851467,-1.9750052663942814,13
John / Jaan / Jussi / Hans,Viljandi,Other,8,15.902632886239443,-1.981697177215395,53
John / Jaan / Jussi / Hans,Ambla,Jussi,0,3.9493293591654246,-1.9872919662609783,30
John / Jaan / Jussi / Hans,Kuusalu,Jussi,0,4.080973671137605,-2.020141992815754,31
John / Jaan / Jussi / Hans,Muurla,Jaan/Jaani,0,4.120715350223547,-2.029954519250012,21
John / Jaan / Jussi / Hans,Rapla,Other,0,4.200695479384004,-2.049559825763572,14
John / Jaan / Jussi / Hans,Märjamaa,Hans,0,4.211624441132638,-2.0522242667731607,27
John / Jaan / Jussi / Hans,Helme,John/St John,0,4.31197218082464,-2.076528877917338,40
John / Jaan / Jussi / Hans,Muhu,Ants,0,4.344262295081967,-2.084289398111972,55
John / Jaan / Jussi / Hans,Kaarma,Other,0,4.5007451564828616,-2.121495971356736,15
John / Jaan / Jussi / Hans,Karja,Other,0,4.5007451564828616,-2.121495971356736,15
John / Jaan / Jussi / Hans,Põltsamaa,John/St John,0,4.527570789865872,-2.1278089176112296,42
John / Jaan / Jussi / Hans,Haljala,Hans,1,6.395429706905117,-2.1334927621304716,41
John / Jaan / Jussi / Hans,Tarvastu,Jussi,0,4.870839542970691,-2.2069978574911873,37
John / Jaan / Jussi / Hans,Karuse,Jussi,0,5.002483854942871,-2.236623315389266,38
John / Jaan / Jussi / Hans,Paistu,Ants,1,7.029806259314456,-2.274215840747912,89
John / Jaan / Jussi / Hans,Helme,Jussi,0,5.265772478887233,-2.2947271033583125,40
John / Jaan / Jussi / Hans,Kose,Jaan/Jaani,2,9.026328862394436,-2.338691281170836,46
John / Jaan / Jussi / Hans,Peetri,Jaan/Jaani,4,12.558370591157477,-2.4150406257595067,64
John / Jaan / Jussi / Hans,Võnnu,Other,0,6.301043219076006,-2.510187885214174,21
John / Jaan / Jussi / Hans,Muhu,Hans,1,8.579234972677595,-2.5876235201883087,55
John / Jaan / Jussi / Hans,Halliste,Jussi,0,7.240437158469946,-2.6908060425214497,55
John / Jaan / Jussi / Hans,Muhu,Jussi,0,7.240437158469946,-2.6908060425214497,55
John / Jaan / Jussi / Hans,Peetri,Jussi,0,8.425235966219573,-2.902625702053155,64
John / Jaan / Jussi / Hans,Koeru,Jussi,0,8.951813214108297,-2.9919580902994443,68
John / Jaan / Jussi / Hans,Paistu,Other,11,26.70442126179831,-3.0389975590560723,89
John / Jaan / Jussi / Hans,Kolga-Jaani,Jussi,0,9.47839046199702,-3.078699475752224,72
John / Jaan / Jussi / Hans,Koeru,Jaan/Jaani,2,13.34326875310482,-3.105325324762831,68
John / Jaan / Jussi / Hans,Peetri,Hans,0,9.983109786388475,-3.159605954290578,64
John / Jaan / Jussi / Hans,Paistu,Jussi,0,11.716343765524094,-3.4229145133240024,89
Martin / Mart / Märt,Tarvastu,Märt/Märti,168,36.72693498452012,21.661238409807876,188
Martin / Mart / Märt,Torma,Martin,186,64.90495356037151,15.030985516734248,201
Martin / Mart / Märt,Rõngu,Refrain,44,6.852941176470588,14.190115536693526,95
Martin / Mart / Märt,Nõo,Bear/Spirit,10,0.6538699690402476,11.558091366209489,16
Martin / Mart / Märt,Vigala,Mardi/Mard,23,3.3,10.844493086494651,33
Martin / Mart / Märt,Puhja,Other,20,2.613003095975232,10.756094635896172,20
Martin / Mart / Märt,Helme,Refrain,68,21.568730650154798,9.997657697320518,299
Martin / Mart / Märt,Paistu,Refrain,44,10.964705882352941,9.976533941580268,152
Martin / Mart / Märt,Võnnu,Other,23,3.9195046439628483,9.637714428177311,30
Martin / Mart / Märt,Pärnu-Jaagupi,Bear/Spirit,16,2.206811145510836,9.285004064798978,54
Martin / Mart / Märt,Tori,Bear/Spirit,19,3.065015479876161,9.101968114681805,75
Martin / Mart / Märt,Mihkli,Bear/Spirit,11,1.1851393188854489,9.015699666044268,29
Martin / Mart / Märt,Karksi,Mart/Marti,39,10.770278637770899,8.601874896320062,78
Martin / Mart / Märt,Tartu-Maarja,Bear/Spirit,7,0.5721362229102167,8.498004213746285,14
Martin / Mart / Märt,Halliste,Refrain,54,18.03405572755418,8.469246305355222,250
Martin / Mart / Märt,Tõstamaa,Mart/Marti,33,8.560990712074304,8.352598069852322,62
Martin / Mart / Märt,Häädemeeste,Mardi/Mard,19,3.6,8.116512661098842,36
Martin / Mart / Märt,Suure-Jaani,Mart/Marti,57,20.988235294117647,7.8606134787768,152
Martin / Mart / Märt,Helme,Märt/Märti,118,58.411455108359135,7.7967528515610125,299
Martin / Mart / Märt,Viljandi,Märt/Märti,40,12.50278637770898,7.776519801861182,64
Martin / Mart / Märt,Palamuse,Martin,58,22.603715170278637,7.445052560148065,70
Martin / Mart / Märt,Ridala,Mardi/Mard,11,1.6,7.431352501395692,16
Martin / Mart / Märt,Kambja,Other,10,1.5678018575851393,6.734342741332899,12
Martin / Mart / Märt,Karuse,Mart/Marti,23,6.351702786377709,6.605789593198259,46
Martin / Mart / Märt,Rõngu,Märt/Märti,45,18.558823529411764,6.137698537663563,95
Martin / Mart / Märt,Ambla,Martin,38,14.853869969040248,6.005630102278632,46
Martin / Mart / Märt,Kodavere,Märt/Märti,22,6.6421052631578945,5.959074426510012,34
Martin / Mart / Märt,Äksi,Other,20,5.74860681114551,5.943961936471914,44
Martin / Mart / Märt,Pärnu-Jaagupi,Mardi/Mard,19,5.4,5.852508167602318,54
Martin / Mart / Märt,Hanila,Mardi/Mard,6,0.8,5.813776741499454,8
Martin / Mart / Märt,Rapla,Mart/Marti,12,2.623529411764706,5.7889050595467815,19
Martin / Mart / Märt,Urvaste,Märt/Märti,38,15.628482972136222,5.658965196268658,80
Martin / Mart / Märt,Viru-Jaagupi,Martin,21,6.781114551083592,5.460281274628941,21
Martin / Mart / Märt,Järva-Madise,Mardi/Mard,10,2.1,5.451517918804599,21
Martin / Mart / Märt,Ridala,Bear/Spirit,5,0.6538699690402476,5.374734550114245,16
Martin / Mart / Märt,Türi,Mardi/Mard,9,1.8,5.366563145999495,18
Martin / Mart / Märt,Saarde,Mart/Marti,30,11.736842105263158,5.330896402579865,85
Martin / Mart / Märt,Laiuse,Mardi/Mard,10,2.2,5.258758927213288,22
Martin / Mart / Märt,Äksi,Märt/Märti,24,8.595665634674923,5.254158624481595,44
Martin / Mart / Märt,Pärnu,Mardi/Mard,19,6.1,5.223057329654009,61
Martin / Mart / Märt,Sangaste,Other,10,2.221052631578947,5.219650305723881,17
Martin / Mart / Märt,Märjamaa,Bear/Spirit,6,0.939938080495356,5.2192272739757515,23
Martin / Mart / Märt,Pilistvere,Martin,31,12.91640866873065,5.031689057019071,40
Martin / Mart / Märt,Halliste,Märt/Märti,83,48.8390092879257,4.888178252220874,250
Martin / Mart / Märt,Urvaste,Other,26,10.452012383900929,4.809215390088192,80
Martin / Mart / Märt,Põlva,Other,5,0.7839009287925697,4.761899419230897,6
Martin / Mart / Märt,Suure-Jaani,Bear/Spirit,17,6.211764705882353,4.328554714682901,152
Martin / Mart / Märt,Koeru,Mardi/Mard,6,1.3,4.122172690743037,13
Martin / Mart / Märt,Varbla,Mart/Marti,20,8.284829721362229,4.0701162346809765,60
Martin / Mart / Märt,Hageri,Martin,12,4.197832817337462,3.8080503572611444,13
Martin / Mart / Märt,Viru-Nigula,Mardi/Mard,11,3.7,3.795089287843265,37
Martin / Mart / Märt,Lüganuse,Mardi/Mard,5,1.1,3.7185040980578097,11
Martin / Mart / Märt,Vändra,Mart/Marti,27,13.531888544891642,3.661234075127111,98
Martin / Mart / Märt,Lüganuse,Mart/Marti,6,1.5188854489164088,3.6359971588062474,11
Martin / Mart / Märt,Väike-Maarja,Martin,34,18.405882352941177,3.634816455105428,57
Martin / Mart / Märt,Kursi,Other,4,0.7839009287925697,3.632443175721146,6
Martin / Mart / Märt,Räpina,Other,9,2.874303405572755,3.613176506269897,22
Martin / Mart / Märt,Martna,Mardi/Mard,4,0.8,3.577708763999664,8
Martin / Mart / Märt,Rakvere,Mardi/Mard,3,0.5,3.5355339059327373,5
Martin / Mart / Märt,Harju-Jaani,Martin,13,5.16656346749226,3.4462870228839333,16
Martin / Mart / Märt,Setumaa,Martin,10,3.5520123839009288,3.4212669265337237,11
Martin / Mart / Märt,Kuusalu,Other,10,3.658204334365325,3.3157231756119465,28
Martin / Mart / Märt,Haljala,Mardi/Mard,15,6.7,3.206569748537962,67
Martin / Mart / Märt,Rannu,Martin,7,2.2603715170278638,3.1524948637580925,7
Martin / Mart / Märt,Vigala,Bear/Spirit,5,1.3486068111455107,3.1442417258558404,33
Martin / Mart / Märt,Põltsamaa,Martin,17,8.072755417956657,3.14200257070139,25
Martin / Mart / Märt,Kõpu,Mardi/Mard,6,1.8,3.1304951684997055,18
Martin / Mart / Märt,Kuusalu,Mart/Marti,10,3.8662538699690403,3.119468561629783,28
Martin / Mart / Märt,Väike-Maarja,Mardi/Mard,13,5.7,3.057633530529377,57
Martin / Mart / Märt,Pöide,Bear/Spirit,2,0.3269349845201238,2.926052540432009,8
Martin / Mart / Märt,Türi,Mart/Marti,7,2.485448916408669,2.863598662011898,18
Martin / Mart / Märt,Vändra,Martin,47,31.645201238390094,2.7295446198179167,98
Martin / Mart / Märt,Viru-Nigula,Martin,21,11.947678018575852,2.618895912784022,37
Martin / Mart / Märt,Maarja-Magdaleena,Other,4,1.1758513931888546,2.6044218278194786,9
Martin / Mart / Märt,Kose,Mart/Marti,5,1.6569659442724458,2.5970721173156734,12
Martin / Mart / Märt,Kolga-Jaani,Märt/Märti,7,2.734984520123839,2.578951503861221,14
Martin / Mart / Märt,Karksi,Mardi/Mard,15,7.8,2.5780135465419587,78
Martin / Mart / Märt,Järva-Madise,Mart/Marti,7,2.89969040247678,2.4079132370861656,21
Martin / Mart / Märt,Vaivara,Martin,7,2.9061919504643963,2.4014045426498165,9
Martin / Mart / Märt,Järva-Jaani,Mart/Marti,3,0.8284829721362229,2.385730846446806,6
Martin / Mart / Märt,Saarde,Other,19,11.105263157894736,2.369044567464714,85
Martin / Mart / Märt,Simuna,Martin,8,3.5520123839009288,2.3600778764829315,11
Martin / Mart / Märt,Iisaku,Other,4,1.306501547987616,2.3564691904665223,10
Martin / Mart / Märt,Pärnu,Martin,30,19.69752321981424,2.3213243862538815,61
Martin / Mart / Märt,Vändra,Mardi/Mard,17,9.8,2.2999556339997835,98
Martin / Mart / Märt,Viljandi,Other,15,8.361609907120743,2.295714186805468,64
Martin / Mart / Märt,Rapla,Other,6,2.4823529411764707,2.232649235644264,19
Martin / Mart / Märt,Keila,Mart/Marti,4,1.3808049535603715,2.2289569084548746,10
Martin / Mart / Märt,Peetri,Mardi/Mard,3,0.9,2.2135943621178655,9
Martin / Mart / Märt,Räpina,Martin,13,7.1040247678018575,2.2120931810611166,22
Martin / Mart / Märt,Haljala,Martin,31,21.63498452012384,2.0134006532354918,67
Martin / Mart / Märt,Keila,Mardi/Mard,3,1.0,2.0,10
Martin / Mart / Märt,Audru,Mart/Marti,8,4.004334365325078,1.9967512790561681,29
Martin / Mart / Märt,Varbla,Martin,28,19.374613003095977,1.9595758183554537,60
Martin / Mart / Märt,Pöide,Other,3,1.0452012383900928,1.91206255883834,8
Martin / Mart / Märt,Jõhvi,Martin,13,7.74984520123839,1.8859301115477087,24
Martin / Mart / Märt,Mihkli,Mardi/Mard,6,2.9,1.820382680495581,29
Martin / Mart / Märt,Kaarma,Martin,6,2.9061919504643963,1.814810224207791,9
Martin / Mart / Märt,Tori,Martin,33,24.21826625386997,1.7844679032646569,75
Martin / Mart / Märt,Maarja-Magdaleena,Märt/Märti,4,1.758204334365325,1.6906797539565492,9
Martin / Mart / Märt,Kodavere,Other,8,4.442105263157894,1.6881019523555207,34
Martin / Mart / Märt,Kaarma,Other,3,1.1758513931888546,1.6822246666862934,9
Martin / Mart / Märt,Peetri,Other,3,1.1758513931888546,1.6822246666862934,9
Martin / Mart / Märt,Kadrina,Other,2,0.653250773993808,1.6662753442360523,5
Martin / Mart / Märt,Koeru,Mart/Marti,4,1.7950464396284829,1.6457414316269006,13
Martin / Mart / Märt,Kose,Mardi/Mard,3,1.2,1.6431676725154984,12
Martin / Mart / Märt,Kolga-Jaani,Other,4,1.8291021671826626,1.6051676662948995,14
Martin / Mart / Märt,Tartu-Maarja,Other,4,1.8291021671826626,1.6051676662948995,14
Martin / Mart / Märt,Kullamaa,Mart/Marti,2,0.6904024767801857,1.5761105449410444,5
Martin / Mart / Märt,Narvusi,Mart/Marti,2,0.6904024767801857,1.5761105449410444,5
Martin / Mart / Märt,Haljala,Mart/Marti,14,9.25139318885449,1.5612147349664796,67
Martin / Mart / Märt,Tõstamaa,Mardi/Mard,10,6.2,1.5261167249147478,62
Martin / Mart / Märt,Jõhvi,Mart/Marti,6,3.3139318885448916,1.475520446519282,24
Martin / Mart / Märt,Jõelähtme,Mart/Marti,3,1.3808049535603715,1.3779485379691483,10
Martin / Mart / Märt,Järva-Jaani,Other,2,0.7839009287925697,1.3735306887016423,6
Martin / Mart / Märt,Kanepi,Other,2,0.7839009287925697,1.3735306887016423,6
Martin / Mart / Märt,Pöide,Mardi/Mard,2,0.8,1.3416407864998738,8
Martin / Mart / Märt,Saarde,Mardi/Mard,12,8.5,1.2004900959975617,85
Martin / Mart / Märt,Audru,Other,6,3.7888544891640867,1.135960840182882,29
Martin / Mart / Märt,Laiuse,Refrain,3,1.5869969040247678,1.1216440933331053,22
Martin / Mart / Märt,Märjamaa,Mardi/Mard,4,2.3,1.1209468047728381,23
Martin / Mart / Märt,Märjamaa,Mart/Marti,5,3.1758513931888546,1.0235996521767523,23
Martin / Mart / Märt,Koeru,Other,3,1.6984520123839009,0.998696538384729,13
Martin / Mart / Märt,Iisaku,Martin,5,3.2291021671826625,0.985490888757031,10
Martin / Mart / Märt,Jõelähtme,Martin,5,3.2291021671826625,0.985490888757031,10
Martin / Mart / Märt,Hanila,Mart/Marti,2,1.1046439628482971,0.8518921269927044,8
Martin / Mart / Märt,Martna,Mart/Marti,2,1.1046439628482971,0.8518921269927044,8
Martin / Mart / Märt,Paistu,Martin,55,49.082352941176474,0.844668643664875,152
Martin / Mart / Märt,Varbla,Mardi/Mard,8,6.0,0.8164965809277261,60
Martin / Mart / Märt,Kanepi,Martin,3,1.9374613003095975,0.7633579599990253,6
Martin / Mart / Märt,Väike-Maarja,Mart/Marti,10,7.870588235294117,0.7590249521883267,57
Martin / Mart / Märt,Kose,Bear/Spirit,1,0.4904024767801858,0.7276976645019549,12
Martin / Mart / Märt,Kullamaa,Mardi/Mard,1,0.5,0.7071067811865475,5
Martin / Mart / Märt,Peetri,Mart/Marti,2,1.2427244582043344,0.6793076532036832,9
Martin / Mart / Märt,Laiuse,Other,4,2.874303405572755,0.6639800756493149,22
Martin / Mart / Märt,Audru,Martin,11,9.364396284829722,0.5344882919481602,29
Martin / Mart / Märt,Järva-Jaani,Mardi/Mard,1,0.6,0.5163977794943223,6
Martin / Mart / Märt,Kanepi,Mardi/Mard,1,0.6,0.5163977794943223,6
Martin / Mart / Märt,Kursi,Mardi/Mard,1,0.6,0.5163977794943223,6
Martin / Mart / Märt,Mihkli,Mart/Marti,5,4.004334365325078,0.497563312679733,29
Martin / Mart / Märt,Jõhvi,Other,4,3.1356037151702787,0.4881488903837812,24
Martin / Mart / Märt,Paistu,Other,22,19.858823529411765,0.4804804305106585,152
Martin / Mart / Märt,Võnnu,Märt/Märti,7,5.860681114551084,0.47062094387987463,30
Martin / Mart / Märt,Häädemeeste,Bear/Spirit,2,1.4712074303405573,0.4359617519872312,36
Martin / Mart / Märt,Narvusi,Other,1,0.653250773993808,0.4290180196653744,5
Martin / Mart / Märt,Kõpu,Other,3,2.351702786377709,0.42274933990153973,18
Martin / Mart / Märt,Simuna,Mart/Marti,2,1.5188854489164088,0.3903785812342758,11
Martin / Mart / Märt,Palamuse,Mardi/Mard,8,7.0,0.3779644730092272,70
Martin / Mart / Märt,Kadrina,Mart/Marti,1,0.6904024767801857,0.3726029657071027,5
Martin / Mart / Märt,Kose,Other,2,1.5678018575851393,0.3451733906190603,12
Martin / Mart / Märt,Nõo,Mardi/Mard,2,1.6,0.31622776601683783,16
Martin / Mart / Märt,Kadrina,Martin,2,1.6145510835913313,0.30334785886219556,5
Martin / Mart / Märt,Kullamaa,Martin,2,1.6145510835913313,0.30334785886219556,5
Martin / Mart / Märt,Narvusi,Martin,2,1.6145510835913313,0.30334785886219556,5
Martin / Mart / Märt,Rakvere,Martin,2,1.6145510835913313,0.30334785886219556,5
Martin / Mart / Märt,Põltsamaa,Mart/Marti,4,3.4520123839009287,0.2949406082184431,25
Martin / Mart / Märt,Saarde,Bear/Spirit,4,3.473684210526316,0.28239124736245247,85
Martin / Mart / Märt,Häädemeeste,Refrain,3,2.596904024767802,0.2501384832833684,36
Martin / Mart / Märt,Halliste,Bear/Spirit,11,10.21671826625387,0.24505427885920128,250
Martin / Mart / Märt,Tori,Mart/Marti,11,10.356037151702786,0.20010779788911293,75
Martin / Mart / Märt,Kursi,Mart/Marti,1,0.8284829721362229,0.1884366821972527,6
Martin / Mart / Märt,Ambla,Mardi/Mard,5,4.6,0.1865009616480629,46
Martin / Mart / Märt,Tartu-Maarja,Märt/Märti,3,2.734984520123839,0.16024843839323502,14
Martin / Mart / Märt,Järva-Madise,Other,3,2.7436532507739937,0.15476159706133674,21
Martin / Mart / Märt,Tori,Other,10,9.798761609907121,0.06428730770842088,75
Martin / Mart / Märt,Jõelähtme,Mardi/Mard,1,1.0,0.0,10
Martin / Mart / Märt,Märjamaa,Other,3,3.004953560371517,-0.0028575811868550775,23
Martin / Mart / Märt,Karuse,Other,6,6.009907120743034,-0.004041230070032656,46
Martin / Mart / Märt,Laiuse,Mart/Marti,3,3.0377708978328175,-0.021671042295064627,22
Martin / Mart / Märt,Karksi,Other,10,10.190712074303406,-0.059741472684217416,78
Martin / Mart / Märt,Nõo,Märt/Märti,3,3.125696594427245,-0.07109680777237537,16
Martin / Mart / Märt,Harju-Jaani,Mart/Marti,2,2.2092879256965943,-0.1408049796297086,16
Martin / Mart / Märt,Pärnu,Mart/Marti,8,8.422910216718266,-0.14571930502909308,61
Martin / Mart / Märt,Põlva,Märt/Märti,1,1.1721362229102168,-0.15899491160752327,6
Martin / Mart / Märt,Vaivara,Other,1,1.1758513931888546,-0.16216965558007723,9
Martin / Mart / Märt,Sangaste,Märt/Märti,3,3.3210526315789473,-0.17617259638890642,17
Martin / Mart / Märt,Sangaste,Refrain,1,1.2263157894736842,-0.20436837634650878,17
Martin / Mart / Märt,Vaivara,Mart/Marti,1,1.2427244582043344,-0.2177339329974194,9
Martin / Mart / Märt,Karuse,Martin,14,14.853869969040248,-0.22155008991311737,46
Martin / Mart / Märt,Pilistvere,Mart/Marti,5,5.523219814241486,-0.22263222076174566,40
Martin / Mart / Märt,Kambja,Märt/Märti,2,2.3442724458204336,-0.22485276034367088,12
Martin / Mart / Märt,Türi,Other,2,2.351702786377709,-0.22934252632671895,18
Martin / Mart / Märt,Vigala,Mart/Marti,4,4.556656346749226,-0.26077384283959404,33
Martin / Mart / Märt,Jõelähtme,Other,1,1.306501547987616,-0.2681499423634318,10
Martin / Mart / Märt,Keila,Other,1,1.306501547987616,-0.2681499423634318,10
Martin / Mart / Märt,Kõpu,Märt/Märti,3,3.51640866873065,-0.2753872650491529,18
Martin / Mart / Märt,Kõpu,Mart/Marti,2,2.485448916408669,-0.3079222810337853,18
Martin / Mart / Märt,Põltsamaa,Mardi/Mard,2,2.5,-0.31622776601683794,25
Martin / Mart / Märt,Iisaku,Mart/Marti,1,1.3808049535603715,-0.32406820300230443,10
Martin / Mart / Märt,Häädemeeste,Other,4,4.703405572755418,-0.32433931116015446,36
Martin / Mart / Märt,Kodavere,Bear/Spirit,1,1.3894736842105264,-0.3304098271957056,34
Martin / Mart / Märt,Kuusalu,Martin,8,9.041486068111455,-0.34636464568822983,28
Martin / Mart / Märt,Helme,Bear/Spirit,11,12.219195046439628,-0.3487802550081535,299
Martin / Mart / Märt,Martna,Martin,2,2.58328173374613,-0.362904613740611,8
Martin / Mart / Märt,Setumaa,Other,1,1.4371517027863776,-0.36465390399280245,11
Martin / Mart / Märt,Simuna,Other,1,1.4371517027863776,-0.36465390399280245,11
Martin / Mart / Märt,Mihkli,Other,3,3.7888544891640867,-0.4052685831400145,29
Martin / Mart / Märt,Kadrina,Bear/Spirit,0,0.2043343653250774,-0.4520335887133581,5
Martin / Mart / Märt,Kullamaa,Bear/Spirit,0,0.2043343653250774,-0.4520335887133581,5
Martin / Mart / Märt,Narvusi,Bear/Spirit,0,0.2043343653250774,-0.4520335887133581,5
Martin / Mart / Märt,Rakvere,Bear/Spirit,0,0.2043343653250774,-0.4520335887133581,5
Martin / Mart / Märt,Järva-Jaani,Bear/Spirit,0,0.2452012383900929,-0.4951779865766378,6
Martin / Mart / Märt,Kanepi,Bear/Spirit,0,0.2452012383900929,-0.4951779865766378,6
Martin / Mart / Märt,Kursi,Bear/Spirit,0,0.2452012383900929,-0.4951779865766378,6
Martin / Mart / Märt,Põlva,Bear/Spirit,0,0.2452012383900929,-0.4951779865766378,6
Martin / Mart / Märt,Rannu,Bear/Spirit,0,0.28606811145510835,-0.5348533550938129,7
Martin / Mart / Märt,Hageri,Other,1,1.6984520123839009,-0.5359323003320524,13
Martin / Mart / Märt,Hanila,Bear/Spirit,0,0.3269349845201238,-0.5717822876935974,8
Martin / Mart / Märt,Martna,Bear/Spirit,0,0.3269349845201238,-0.5717822876935974,8
Martin / Mart / Märt,Haljala,Other,7,8.753560371517027,-0.592691032955466,67
Martin / Mart / Märt,Halliste,Mart/Marti,31,34.52012383900929,-0.5991309704286505,250
Martin / Mart / Märt,Kadrina,Refrain,0,0.3606811145510836,-0.600567327242403,5
Martin / Mart / Märt,Kullamaa,Refrain,0,0.3606811145510836,-0.600567327242403,5
Martin / Mart / Märt,Narvusi,Refrain,0,0.3606811145510836,-0.600567327242403,5
Martin / Mart / Märt,Rakvere,Refrain,0,0.3606811145510836,-0.600567327242403,5
Martin / Mart / Märt,Kaarma,Bear/Spirit,0,0.36780185758513934,-0.6064666994857503,9
Martin / Mart / Märt,Maarja-Magdaleena,Bear/Spirit,0,0.36780185758513934,-0.6064666994857503,9
Martin / Mart / Märt,Peetri,Bear/Spirit,0,0.36780185758513934,-0.6064666994857503,9
Martin / Mart / Märt,Vaivara,Bear/Spirit,0,0.36780185758513934,-0.6064666994857503,9
Martin / Mart / Märt,Iisaku,Bear/Spirit,0,0.4086687306501548,-0.6392720318066127,10
Martin / Mart / Märt,Jõelähtme,Bear/Spirit,0,0.4086687306501548,-0.6392720318066127,10
Martin / Mart / Märt,Keila,Bear/Spirit,0,0.4086687306501548,-0.6392720318066127,10
Martin / Mart / Märt,Halliste,Other,29,32.6625386996904,-0.640851276395838,250
Martin / Mart / Märt,Rapla,Mardi/Mard,1,1.9,-0.6529286250990105,19
Martin / Mart / Märt,Torma,Refrain,12,14.49938080495356,-0.6563835706714614,201
Martin / Mart / Märt,Järva-Jaani,Refrain,0,0.4328173374613003,-0.6578885448625019,6
Martin / Mart / Märt,Kanepi,Refrain,0,0.4328173374613003,-0.6578885448625019,6
Martin / Mart / Märt,Kursi,Refrain,0,0.4328173374613003,-0.6578885448625019,6
Martin / Mart / Märt,Põlva,Refrain,0,0.4328173374613003,-0.6578885448625019,6
Martin / Mart / Märt,Lüganuse,Bear/Spirit,0,0.44953560371517026,-0.6704741633464859,11
Martin / Mart / Märt,Setumaa,Bear/Spirit,0,0.44953560371517026,-0.6704741633464859,11
Martin / Mart / Märt,Simuna,Bear/Spirit,0,0.44953560371517026,-0.6704741633464859,11
Martin / Mart / Märt,Keila,Martin,2,3.2291021671826625,-0.6839858091547925,10
Martin / Mart / Märt,Kambja,Bear/Spirit,0,0.4904024767801858,-0.7002874244052836,12
Martin / Mart / Märt,Põltsamaa,Other,2,3.26625386996904,-0.7006414344956152,25
Martin / Mart / Märt,Kadrina,Mardi/Mard,0,0.5,-0.7071067811865475,5
Martin / Mart / Märt,Narvusi,Mardi/Mard,0,0.5,-0.7071067811865475,5
Martin / Mart / Märt,Rannu,Refrain,0,0.5049535603715171,-0.7106008446177904,7
Martin / Mart / Märt,Kolga-Jaani,Martin,3,4.5207430340557275,-0.7152385678661872,14
Martin / Mart / Märt,Suure-Jaani,Martin,44,49.082352941176474,-0.7254410617559174,152
Martin / Mart / Märt,Hageri,Bear/Spirit,0,0.5312693498452012,-0.7288822606190943,13
Martin / Mart / Märt,Koeru,Bear/Spirit,0,0.5312693498452012,-0.7288822606190943,13
Martin / Mart / Märt,Urvaste,Refrain,4,5.7708978328173375,-0.7371770626237222,80
Martin / Mart / Märt,Karuse,Mardi/Mard,3,4.6,-0.7460038465922508,46
Martin / Mart / Märt,Kõpu,Martin,4,5.8123839009287925,-0.7517493307988453,18
Martin / Mart / Märt,Harju-Jaani,Other,1,2.0904024767801856,-0.754174551434461,16
Martin / Mart / Märt,Nõo,Other,1,2.0904024767801856,-0.754174551434461,16
Martin / Mart / Märt,Kolga-Jaani,Bear/Spirit,0,0.5721362229102167,-0.7563968686544232,14
Martin / Mart / Märt,Hanila,Refrain,0,0.5770897832817338,-0.7596642569462734,8
Martin / Mart / Märt,Martna,Refrain,0,0.5770897832817338,-0.7596642569462734,8
Martin / Mart / Märt,Pöide,Refrain,0,0.5770897832817338,-0.7596642569462734,8
Martin / Mart / Märt,Põlva,Mardi/Mard,0,0.6,-0.7745966692414833,6
Martin / Mart / Märt,Kaarma,Refrain,0,0.6492260061919505,-0.8057456212676246,9
Martin / Mart / Märt,Maarja-Magdaleena,Refrain,0,0.6492260061919505,-0.8057456212676246,9
Martin / Mart / Märt,Peetri,Refrain,0,0.6492260061919505,-0.8057456212676246,9
Martin / Mart / Märt,Vaivara,Refrain,0,0.6492260061919505,-0.8057456212676246,9
Martin / Mart / Märt,Kullamaa,Other,0,0.653250773993808,-0.8082393049053035,5
Martin / Mart / Märt,Rakvere,Other,0,0.653250773993808,-0.8082393049053035,5
Martin / Mart / Märt,Harju-Jaani,Bear/Spirit,0,0.6538699690402476,-0.8086222659810004,16
Martin / Mart / Märt,Rakvere,Mart/Marti,0,0.6904024767801857,-0.830904613526839,5
Martin / Mart / Märt,Sangaste,Bear/Spirit,0,0.6947368421052632,-0.8335087534664908,17
Martin / Mart / Märt,Rannu,Mardi/Mard,0,0.7,-0.8366600265340755,7
Martin / Mart / Märt,Iisaku,Refrain,0,0.7213622291021672,-0.8493304593043671,10
Martin / Mart / Märt,Jõelähtme,Refrain,0,0.7213622291021672,-0.8493304593043671,10
Martin / Mart / Märt,Keila,Refrain,0,0.7213622291021672,-0.8493304593043671,10
Martin / Mart / Märt,Kõpu,Bear/Spirit,0,0.7356037151702787,-0.8576734315403962,18
Martin / Mart / Märt,Türi,Bear/Spirit,0,0.7356037151702787,-0.8576734315403962,18
Martin / Mart / Märt,Paistu,Märt/Märti,25,29.694117647058825,-0.8614275507486258,152
Martin / Mart / Märt,Rapla,Bear/Spirit,0,0.7764705882352941,-0.8811756852270121,19
Martin / Mart / Märt,Märjamaa,Martin,5,7.426934984520124,-0.8905397945449436,23
Martin / Mart / Märt,Lüganuse,Refrain,0,0.7934984520123839,-0.8907853007388391,11
Martin / Mart / Märt,Setumaa,Refrain,0,0.7934984520123839,-0.8907853007388391,11
Martin / Mart / Märt,Simuna,Refrain,0,0.7934984520123839,-0.8907853007388391,11
Martin / Mart / Märt,Pärnu-Jaagupi,Mart/Marti,5,7.4563467492260065,-0.8995527295746107,54
Martin / Mart / Märt,Jõhvi,Mardi/Mard,1,2.4,-0.9036961141150639,24
Martin / Mart / Märt,Puhja,Bear/Spirit,0,0.8173374613003096,-0.9040671774267162,20
Martin / Mart / Märt,Kanepi,Mart/Marti,0,0.8284829721362229,-0.9102103999275238,6
Martin / Mart / Märt,Põlva,Mart/Marti,0,0.8284829721362229,-0.9102103999275238,6
Martin / Mart / Märt,Järva-Madise,Bear/Spirit,0,0.8582043343653251,-0.9263931856211621,21
Martin / Mart / Märt,Viru-Jaagupi,Bear/Spirit,0,0.8582043343653251,-0.9263931856211621,21
Martin / Mart / Märt,Kambja,Refrain,0,0.8656346749226006,-0.9303949026744507,12
Martin / Mart / Märt,Kose,Refrain,0,0.8656346749226006,-0.9303949026744507,12
Martin / Mart / Märt,Viru-Nigula,Mart/Marti,3,5.108978328173374,-0.9330503642112306,37
Martin / Mart / Märt,Pärnu,Bear/Spirit,1,2.4928792569659444,-0.9455272763065407,61
Martin / Mart / Märt,Laiuse,Bear/Spirit,0,0.8990712074303405,-0.9481936550253542,22
Martin / Mart / Märt,Räpina,Bear/Spirit,0,0.8990712074303405,-0.9481936550253542,22
Martin / Mart / Märt,Kaarma,Mardi/Mard,0,0.9,-0.9486832980505139,9
Martin / Mart / Märt,Maarja-Magdaleena,Mardi/Mard,0,0.9,-0.9486832980505139,9
Martin / Mart / Märt,Vaivara,Mardi/Mard,0,0.9,-0.9486832980505139,9
Martin / Mart / Märt,Rannu,Other,0,0.9145510835913313,-0.9563216423313504,7
Martin / Mart / Märt,Hageri,Refrain,0,0.9377708978328173,-0.9683857174870029,13
Martin / Mart / Märt,Koeru,Refrain,0,0.9377708978328173,-0.9683857174870029,13
Martin / Mart / Märt,Pilistvere,Other,3,5.226006191950464,-0.9737364068651894,40
Martin / Mart / Märt,Rannu,Mart/Marti,0,0.9665634674922601,-0.9831395971540665,7
Martin / Mart / Märt,Pöide,Martin,1,2.58328173374613,-0.9850818443043974,8
Martin / Mart / Märt,Kadrina,Märt/Märti,0,0.9767801857585139,-0.9883219039151737,5
Martin / Mart / Märt,Kullamaa,Märt/Märti,0,0.9767801857585139,-0.9883219039151737,5
Martin / Mart / Märt,Narvusi,Märt/Märti,0,0.9767801857585139,-0.9883219039151737,5
Martin / Mart / Märt,Rakvere,Märt/Märti,0,0.9767801857585139,-0.9883219039151737,5
Martin / Mart / Märt,Jõhvi,Bear/Spirit,0,0.9808049535603716,-0.9903559731532756,24
Martin / Mart / Märt,Iisaku,Mardi/Mard,0,1.0,-1.0,10
Martin / Mart / Märt,Kolga-Jaani,Refrain,0,1.0099071207430341,-1.0049413518922556,14
Martin / Mart / Märt,Tartu-Maarja,Refrain,0,1.0099071207430341,-1.0049413518922556,14
Martin / Mart / Märt,Põltsamaa,Bear/Spirit,0,1.021671826625387,-1.0107778324762504,25
Martin / Mart / Märt,Hanila,Other,0,1.0452012383900928,-1.022350839188824,8
Martin / Mart / Märt,Martna,Other,0,1.0452012383900928,-1.022350839188824,8
Martin / Mart / Märt,Setumaa,Mardi/Mard,0,1.1,-1.0488088481701516,11
Martin / Mart / Märt,Simuna,Mardi/Mard,0,1.1,-1.0488088481701516,11
Martin / Mart / Märt,Pöide,Mart/Marti,0,1.1046439628482971,-1.0510204388347058,8
Martin / Mart / Märt,Sangaste,Martin,3,5.489473684210527,-1.062532410032599,17
Martin / Mart / Märt,Häädemeeste,Martin,8,11.624767801857585,-1.0631340991206253,36
Martin / Mart / Märt,Kuusalu,Bear/Spirit,0,1.1442724458204334,-1.0697067101876259,28
Martin / Mart / Märt,Harju-Jaani,Refrain,0,1.1541795665634675,-1.0743274950234996,16
Martin / Mart / Märt,Nõo,Refrain,0,1.1541795665634675,-1.0743274950234996,16
Martin / Mart / Märt,Ridala,Refrain,0,1.1541795665634675,-1.0743274950234996,16
Martin / Mart / Märt,Järva-Jaani,Märt/Märti,0,1.1721362229102168,-1.082652401701588,6
Martin / Mart / Märt,Kanepi,Märt/Märti,0,1.1721362229102168,-1.082652401701588,6
Martin / Mart / Märt,Kursi,Märt/Märti,0,1.1721362229102168,-1.082652401701588,6
Martin / Mart / Märt,Audru,Bear/Spirit,0,1.1851393188854489,-1.0886410422565598,29
Martin / Mart / Märt,Kambja,Mardi/Mard,0,1.2,-1.0954451150103324,12
Martin / Mart / Märt,Võnnu,Bear/Spirit,0,1.2260061919504643,-1.1072516389468403,30
Martin / Mart / Märt,Kaarma,Mart/Marti,0,1.2427244582043344,-1.114775519198522,9
Martin / Mart / Märt,Maarja-Magdaleena,Mart/Marti,0,1.2427244582043344,-1.114775519198522,9
Martin / Mart / Märt,Audru,Mardi/Mard,1,2.9,-1.1157184170779366,29
Martin / Mart / Märt,Maarja-Magdaleena,Martin,1,2.9061919504643963,-1.1181613680023386,9
Martin / Mart / Märt,Peetri,Martin,1,2.9061919504643963,-1.1181613680023386,9
Martin / Mart / Märt,Audru,Märt/Märti,3,5.66532507739938,-1.1197930509381675,29
Martin / Mart / Märt,Tõstamaa,Martin,15,20.020433436532507,-1.122030017155375,62
Martin / Mart / Märt,Kõpu,Refrain,0,1.298452012383901,-1.13949638541941,18
Martin / Mart / Märt,Türi,Refrain,0,1.298452012383901,-1.13949638541941,18
Martin / Mart / Märt,Hageri,Mardi/Mard,0,1.3,-1.140175425099138,13
Martin / Mart / Märt,Rannu,Märt/Märti,0,1.3674922600619195,-1.169398246989416,7
Martin / Mart / Märt,Rapla,Refrain,0,1.3705882352941177,-1.1707212457686578,19
Martin / Mart / Märt,Kolga-Jaani,Mardi/Mard,0,1.4,-1.1832159566199232,14
Martin / Mart / Märt,Tartu-Maarja,Mardi/Mard,0,1.4,-1.1832159566199232,14
Martin / Mart / Märt,Lüganuse,Other,0,1.4371517027863776,-1.1988126220499924,11
Martin / Mart / Märt,Puhja,Refrain,0,1.4427244582043344,-1.201134654484806,20
Martin / Mart / Märt,Viru-Nigula,Bear/Spirit,0,1.5120743034055728,-1.2296643051685174,37
Martin / Mart / Märt,Järva-Madise,Refrain,0,1.514860681114551,-1.2307967667793702,21
Martin / Mart / Märt,Viru-Jaagupi,Refrain,0,1.514860681114551,-1.2307967667793702,21
Martin / Mart / Märt,Setumaa,Mart/Marti,0,1.5188854489164088,-1.2324307075517102,11
Martin / Mart / Märt,Hanila,Märt/Märti,0,1.5628482972136224,-1.2501393111224133,8
Martin / Mart / Märt,Martna,Märt/Märti,0,1.5628482972136224,-1.2501393111224133,8
Martin / Mart / Märt,Pöide,Märt/Märti,0,1.5628482972136224,-1.2501393111224133,8
Martin / Mart / Märt,Räpina,Refrain,0,1.5869969040247678,-1.2597606534674624,22
Martin / Mart / Märt,Harju-Jaani,Mardi/Mard,0,1.6,-1.2649110640673518,16
Martin / Mart / Märt,Pilistvere,Bear/Spirit,0,1.6346749226006192,-1.2785440636132255,40
Martin / Mart / Märt,Kambja,Mart/Marti,0,1.6569659442724458,-1.287231892190543,12
Martin / Mart / Märt,Märjamaa,Refrain,0,1.6591331269349845,-1.2880734167488221,23
Martin / Mart / Märt,Paistu,Bear/Spirit,3,6.211764705882353,-1.2886536936842223,152
Martin / Mart / Märt,Pärnu-Jaagupi,Martin,12,17.437151702786377,-1.302068035499503,54
Martin / Mart / Märt,Sangaste,Mardi/Mard,0,1.7,-1.3038404810405297,17
Martin / Mart / Märt,Jõhvi,Refrain,0,1.7312693498452012,-1.3157770897250038,24
Martin / Mart / Märt,Kaarma,Märt/Märti,0,1.758204334365325,-1.3259729764838064,9
Martin / Mart / Märt,Peetri,Märt/Märti,0,1.758204334365325,-1.3259729764838064,9
Martin / Mart / Märt,Vaivara,Märt/Märti,0,1.758204334365325,-1.3259729764838064,9
Martin / Mart / Märt,Ambla,Mart/Marti,3,6.351702786377709,-1.3299043801086834,46
Martin / Mart / Märt,Hageri,Mart/Marti,0,1.7950464396284829,-1.3397934317007538,13
Martin / Mart / Märt,Äksi,Bear/Spirit,0,1.798142414860681,-1.3409483266929718,44
Martin / Mart / Märt,Põltsamaa,Refrain,0,1.803405572755418,-1.3429093687793743,25
Martin / Mart / Märt,Ambla,Bear/Spirit,0,1.879876160990712,-1.3710857598964084,46
Martin / Mart / Märt,Karuse,Bear/Spirit,0,1.879876160990712,-1.3710857598964084,46
Martin / Mart / Märt,Varbla,Other,4,7.8390092879256965,-1.3711613827448437,60
Martin / Mart / Märt,Kolga-Jaani,Mart/Marti,0,1.9331269349845202,-1.3903693520013019,14
Martin / Mart / Märt,Tartu-Maarja,Mart/Marti,0,1.9331269349845202,-1.3903693520013019,14
Martin / Mart / Märt,Järva-Jaani,Martin,0,1.9374613003095975,-1.391927189298922,6
Martin / Mart / Märt,Kursi,Martin,0,1.9374613003095975,-1.391927189298922,6
Martin / Mart / Märt,Põlva,Martin,0,1.9374613003095975,-1.391927189298922,6
Martin / Mart / Märt,Iisaku,Märt/Märti,0,1.9535603715170278,-1.3976982405072376,10
Martin / Mart / Märt,Jõelähtme,Märt/Märti,0,1.9535603715170278,-1.3976982405072376,10
Martin / Mart / Märt,Keila,Märt/Märti,0,1.9535603715170278,-1.3976982405072376,10
Martin / Mart / Märt,Puhja,Mardi/Mard,0,2.0,-1.414213562373095,20
Martin / Mart / Märt,Kuusalu,Refrain,0,2.0198142414860683,-1.4212016892355808,28
Martin / Mart / Märt,Tõstamaa,Other,4,8.10030959752322,-1.4406744053748943,62
Martin / Mart / Märt,Ridala,Other,0,2.0904024767801856,-1.44582242228435,16
Martin / Mart / Märt,Audru,Refrain,0,2.0919504643962847,-1.4463576543843797,29
Martin / Mart / Märt,Mihkli,Refrain,0,2.0919504643962847,-1.4463576543843797,29
Martin / Mart / Märt,Viru-Jaagupi,Mardi/Mard,0,2.1,-1.449137674618944,21
Martin / Mart / Märt,Kose,Martin,1,3.874922600619195,-1.4604767274559851,12
Martin / Mart / Märt,Lüganuse,Märt/Märti,0,2.1489164086687307,-1.4659182817158434,11
Martin / Mart / Märt,Setumaa,Märt/Märti,0,2.1489164086687307,-1.4659182817158434,11
Martin / Mart / Märt,Simuna,Märt/Märti,0,2.1489164086687307,-1.4659182817158434,11
Martin / Mart / Märt,Võnnu,Refrain,0,2.1640866873065017,-1.4710835079309745,30
Martin / Mart / Märt,Räpina,Mardi/Mard,0,2.2,-1.4832396974191326,22
Martin / Mart / Märt,Nõo,Mart/Marti,0,2.2092879256965943,-1.4863673589313626,16
Martin / Mart / Märt,Ridala,Mart/Marti,0,2.2092879256965943,-1.4863673589313626,16
Martin / Mart / Märt,Pilistvere,Mardi/Mard,1,4.0,-1.5,40
Martin / Mart / Märt,Väike-Maarja,Bear/Spirit,0,2.3294117647058825,-1.5262410572075051,57
Martin / Mart / Märt,Kose,Märt/Märti,0,2.3442724458204336,-1.53110170982219,12
Martin / Mart / Märt,Sangaste,Mart/Marti,0,2.3473684210526318,-1.5321124048360915,17
Martin / Mart / Märt,Vigala,Refrain,0,2.3804953560371516,-1.5428853995151912,33
Martin / Mart / Märt,Varbla,Bear/Spirit,0,2.4520123839009287,-1.5658902847584593,60
Martin / Mart / Märt,Kodavere,Refrain,0,2.4526315789473685,-1.56608798569792,34
Martin / Mart / Märt,Tõstamaa,Bear/Spirit,0,2.5337461300309596,-1.5917745223589173,62
Martin / Mart / Märt,Hageri,Märt/Märti,0,2.539628482972136,-1.5936211855306568,13
Martin / Mart / Märt,Koeru,Märt/Märti,0,2.539628482972136,-1.5936211855306568,13
Martin / Mart / Märt,Karksi,Märt/Märti,9,15.237770897832817,-1.5979702883389502,78
Martin / Mart / Märt,Hanila,Martin,0,2.58328173374613,-1.6072590748681836,8
Martin / Mart / Märt,Viljandi,Bear/Spirit,0,2.6154798761609905,-1.6172445319620008,64
Martin / Mart / Märt,Vändra,Other,7,12.803715170278638,-1.6219523384761083,98
Martin / Mart / Märt,Viru-Nigula,Refrain,0,2.6690402476780184,-1.6337197579995226,37
Martin / Mart / Märt,Haljala,Bear/Spirit,0,2.738080495356037,-1.6547146265613408,67
Martin / Mart / Märt,Viru-Jaagupi,Other,0,2.7436532507739937,-1.6563976728956105,21
Martin / Mart / Märt,Puhja,Mart/Marti,0,2.761609907120743,-1.661809227053678,20
Martin / Mart / Märt,Kuusalu,Mardi/Mard,0,2.8,-1.673320053068151,28
Martin / Mart / Märt,Palamuse,Bear/Spirit,0,2.8606811145510838,-1.6913548162792702,70
Martin / Mart / Märt,Pilistvere,Refrain,0,2.8854489164086687,-1.6986609186087342,40
Martin / Mart / Märt,Viru-Jaagupi,Mart/Marti,0,2.89969040247678,-1.7028477332036416,21
Martin / Mart / Märt,Kodavere,Mart/Marti,1,4.6947368421052635,-1.7052100534568158,34
Martin / Mart / Märt,Tarvastu,Other,16,24.562229102167183,-1.7276388247145533,188
Martin / Mart / Märt,Võnnu,Mardi/Mard,0,3.0,-1.7320508075688774,30
Martin / Mart / Märt,Räpina,Mart/Marti,0,3.0377708978328175,-1.7429202213046981,22
Martin / Mart / Märt,Viru-Nigula,Other,1,4.83405572755418,-1.7438237757755504,37
Martin / Mart / Märt,Mihkli,Martin,4,9.364396284829722,-1.752996145104254,29
Martin / Mart / Märt,Pärnu,Other,3,7.969659442724458,-1.7603813015160255,61
Martin / Mart / Märt,Harju-Jaani,Märt/Märti,0,3.125696594427245,-1.7679639686450754,16
Martin / Mart / Märt,Ridala,Märt/Märti,0,3.125696594427245,-1.7679639686450754,16
Martin / Mart / Märt,Äksi,Refrain,0,3.1739938080495356,-1.7815706014776782,44
Martin / Mart / Märt,Karksi,Bear/Spirit,0,3.1876160990712075,-1.7853896210830866,78
Martin / Mart / Märt,Urvaste,Bear/Spirit,0,3.2693498452012384,-1.8081343548534323,80
Martin / Mart / Märt,Rõngu,Other,6,12.411764705882353,-1.819955669661116,95
Martin / Mart / Märt,Ambla,Refrain,0,3.318266253869969,-1.821610895298436,46
Martin / Mart / Märt,Karuse,Refrain,0,3.318266253869969,-1.821610895298436,46
Martin / Mart / Märt,Kodavere,Mardi/Mard,0,3.4,-1.8439088914585773,34
Martin / Mart / Märt,Türi,Märt/Märti,0,3.51640866873065,-1.87520896668362,18
Martin / Mart / Märt,Lüganuse,Martin,0,3.5520123839009288,-1.8846783237202387,11
Martin / Mart / Märt,Pärnu-Jaagupi,Other,2,7.0551083591331265,-1.903174565947082,54
Martin / Mart / Märt,Laiuse,Martin,2,7.1040247678018575,-1.9149636727039259,22
Martin / Mart / Märt,Rapla,Märt/Märti,0,3.711764705882353,-1.9265940687862486,19
Martin / Mart / Märt,Kambja,Martin,0,3.874922600619195,-1.9684823089423982,12
Martin / Mart / Märt,Rõngu,Bear/Spirit,0,3.8823529411764706,-1.970368732287556,95
Martin / Mart / Märt,Pärnu-Jaagupi,Refrain,0,3.8953560371517026,-1.973665634587506,54
Martin / Mart / Märt,Puhja,Märt/Märti,0,3.9071207430340555,-1.9766438078303474,20
Martin / Mart / Märt,Saarde,Martin,17,27.44736842105263,-1.9941441749692164,85
Martin / Mart / Märt,Vändra,Bear/Spirit,0,4.004953560371517,-2.0012380069275912,98
Martin / Mart / Märt,Tori,Mardi/Mard,2,7.5,-2.008316044185609,75
Martin / Mart / Märt,Järva-Madise,Märt/Märti,0,4.102476780185759,-2.025457178067648,21
Martin / Mart / Märt,Viru-Jaagupi,Märt/Märti,0,4.102476780185759,-2.025457178067648,21
Martin / Mart / Märt,Väike-Maarja,Refrain,0,4.1117647058823525,-2.0277486791716455,57
Martin / Mart / Märt,Võnnu,Mart/Marti,0,4.142414860681114,-2.035292328065213,30
Martin / Mart / Märt,Koeru,Martin,0,4.197832817337462,-2.048861346537989,13
Martin / Mart / Märt,Laiuse,Märt/Märti,0,4.297832817337461,-2.0731215153332094,22
Martin / Mart / Märt,Räpina,Märt/Märti,0,4.297832817337461,-2.0731215153332094,22
Martin / Mart / Märt,Vigala,Other,0,4.311455108359133,-2.0764043701454526,33
Martin / Mart / Märt,Varbla,Refrain,0,4.328173374613003,-2.0804262482993727,60
Martin / Mart / Märt,Äksi,Mardi/Mard,0,4.4,-2.0976176963403033,44
Martin / Mart / Märt,Pärnu,Refrain,0,4.400309597523219,-2.097691492456224,61
Martin / Mart / Märt,Suure-Jaani,Mardi/Mard,7,15.2,-2.103255621774566,152
Martin / Mart / Märt,Tõstamaa,Refrain,0,4.472445820433436,-2.114815788770605,62
Martin / Mart / Märt,Märjamaa,Märt/Märti,0,4.493188854489164,-2.1197143332272783,23
Martin / Mart / Märt,Tartu-Maarja,Martin,0,4.5207430340557275,-2.126203902276479,14
Martin / Mart / Märt,Viljandi,Mardi/Mard,1,6.4,-2.1345374206136563,64
Martin / Mart / Märt,Viljandi,Refrain,0,4.61671826625387,-2.148654990046999,64
Martin / Mart / Märt,Jõhvi,Märt/Märti,0,4.688544891640867,-2.165304803403176,24
Martin / Mart / Märt,Haljala,Refrain,0,4.83312693498452,-2.1984373848223466,67
Martin / Mart / Märt,Põltsamaa,Märt/Märti,0,4.88390092879257,-2.209954960806344,25
Martin / Mart / Märt,Suure-Jaani,Other,10,19.858823529411765,-2.212321982241384,152
Martin / Mart / Märt,Järva-Madise,Martin,1,6.781114551083592,-2.220041201061385,21
Martin / Mart / Märt,Häädemeeste,Mart/Marti,0,4.970897832817338,-2.229551038397044,36
Martin / Mart / Märt,Palamuse,Refrain,0,5.04953560371517,-2.2471171762316198,70
Martin / Mart / Märt,Nõo,Martin,0,5.16656346749226,-2.2730075819258193,16
Martin / Mart / Märt,Ridala,Martin,0,5.16656346749226,-2.2730075819258193,16
Martin / Mart / Märt,Viru-Nigula,Märt/Märti,1,7.228173374613003,-2.3165752553956485,37
Martin / Mart / Märt,Tori,Refrain,0,5.410216718266254,-2.325987256686127,75
Martin / Mart / Märt,Suure-Jaani,Märt/Märti,17,29.694117647058825,-2.329524629718714,152
Martin / Mart / Märt,Kuusalu,Märt/Märti,0,5.469969040247678,-2.338796493978832,28
Martin / Mart / Märt,Palamuse,Other,2,9.145510835913313,-2.362812707219959,70
Martin / Mart / Märt,Karksi,Refrain,0,5.626625386996904,-2.372050882042142,78
Martin / Mart / Märt,Mihkli,Märt/Märti,0,5.66532507739938,-2.380194336057327,29
Martin / Mart / Märt,Türi,Martin,0,5.8123839009287925,-2.410888612302276,18
Martin / Mart / Märt,Ambla,Other,0,6.009907120743034,-2.4515111912334877,46
Martin / Mart / Märt,Äksi,Mart/Marti,0,6.075541795665635,-2.4648614151034205,44
Martin / Mart / Märt,Saarde,Refrain,0,6.131578947368421,-2.476202525515314,85
Martin / Mart / Märt,Rapla,Martin,0,6.135294117647059,-2.4769525868790985,19
Martin / Mart / Märt,Vigala,Märt/Märti,0,6.446749226006192,-2.5390449436759077,33
Martin / Mart / Märt,Puhja,Martin,0,6.458204334365325,-2.541299733279277,20
Martin / Mart / Märt,Häädemeeste,Märt/Märti,0,7.0328173374613,-2.651945952967613,36
Martin / Mart / Märt,Vändra,Refrain,0,7.069349845201239,-2.658824899311957,98
Martin / Mart / Märt,Helme,Martin,70,96.55015479876161,-2.702032512030585,299
Martin / Mart / Märt,Kodavere,Martin,2,10.978947368421053,-2.7098488927143727,34
Martin / Mart / Märt,Urvaste,Martin,12,25.8328173374613,-2.721602878305803,80
Martin / Mart / Märt,Väike-Maarja,Other,0,7.447058823529412,-2.7289299777622387,57
Martin / Mart / Märt,Tarvastu,Bear/Spirit,0,7.682972136222911,-2.771817478879681,188
Martin / Mart / Märt,Viljandi,Martin,8,20.66625386996904,-2.786232208525561,64
Martin / Mart / Märt,Pilistvere,Märt/Märti,0,7.814241486068111,-2.795396481014475,40
Martin / Mart / Märt,Urvaste,Mardi/Mard,0,8.0,-2.82842712474619,80
Martin / Mart / Märt,Torma,Bear/Spirit,0,8.214241486068111,-2.866049805231603,201
Martin / Mart / Märt,Vigala,Martin,1,10.656037151702787,-2.958019720753243,33
Martin / Mart / Märt,Viljandi,Mart/Marti,0,8.837151702786377,-2.9727347178627253,64
Martin / Mart / Märt,Ambla,Märt/Märti,0,8.986377708978328,-2.9977287584066588,46
Martin / Mart / Märt,Karuse,Märt/Märti,0,8.986377708978328,-2.9977287584066588,46
Martin / Mart / Märt,Rõngu,Mardi/Mard,0,9.5,-3.0822070014844885,95
Martin / Mart / Märt,Palamuse,Mart/Marti,0,9.6656346749226,-3.108960384907244,70
Martin / Mart / Märt,Võnnu,Martin,0,9.687306501547988,-3.112443815002608,30
Martin / Mart / Märt,Palamuse,Märt/Märti,2,13.674922600619196,-3.1571235051173416,70
Martin / Mart / Märt,Pärnu-Jaagupi,Märt/Märti,0,10.549226006191951,-3.247957205104764,54
Martin / Mart / Märt,Helme,Mardi/Mard,12,29.9,-3.2735383779185616,299
Martin / Mart / Märt,Suure-Jaani,Refrain,0,10.964705882352941,-3.311299727048722,152
Martin / Mart / Märt,Urvaste,Mart/Marti,0,11.046439628482972,-3.323618454107356,80
Martin / Mart / Märt,Väike-Maarja,Märt/Märti,0,11.135294117647058,-3.336958812698631,57
Martin / Mart / Märt,Saarde,Märt/Märti,3,16.605263157894736,-3.3387512618226936,85
Martin / Mart / Märt,Varbla,Märt/Märti,0,11.721362229102168,-3.423647503628574,60
Martin / Mart / Märt,Pärnu,Märt/Märti,0,11.91671826625387,-3.4520600032812103,61
Martin / Mart / Märt,Tõstamaa,Märt/Märti,0,12.112074303405572,-3.480240552520123,62
Martin / Mart / Märt,Haljala,Märt/Märti,0,13.088854489164087,-3.6178521928298957,67
Martin / Mart / Märt,Rõngu,Mart/Marti,0,13.117647058823529,-3.62182924208521,95
Martin / Mart / Märt,Tarvastu,Refrain,0,13.561609907120744,-3.6826091167975927,188
Martin / Mart / Märt,Äksi,Martin,0,14.208049535603715,-3.7693566474404774,44
Martin / Mart / Märt,Tori,Märt/Märti,0,14.65170278637771,-3.827754274555475,75
Martin / Mart / Märt,Helme,Other,15,39.06439628482972,-3.8502099526944322,299
Martin / Mart / Märt,Paistu,Mardi/Mard,0,15.2,-3.898717737923586,152
Martin / Mart / Märt,Paistu,Mart/Marti,3,20.988235294117647,-3.9264547563050396,152
Martin / Mart / Märt,Karksi,Martin,5,25.186996904024767,-4.022383940032323,78
Martin / Mart / Märt,Halliste,Martin,42,80.72755417956657,-4.310316617993601,250
Martin / Mart / Märt,Tarvastu,Mardi/Mard,0,18.8,-4.33589667773576,188
Martin / Mart / Märt,Vändra,Märt/Märti,0,19.144891640866874,-4.375487588928447,98
Martin / Mart / Märt,Torma,Mardi/Mard,0,20.1,-4.483302354291979,201
Martin / Mart / Märt,Torma,Mart/Marti,2,27.75417956656347,-4.8885889583503666,201
Martin / Mart / Märt,Torma,Other,1,26.260681114551083,-4.9293773296445735,201
Martin / Mart / Märt,Halliste,Mardi/Mard,0,25.0,-5.0,250
Martin / Mart / Märt,Tarvastu,Mart/Marti,0,25.959133126934983,-5.095010611071873,188
Martin / Mart / Märt,Rõngu,Martin,0,30.676470588235293,-5.538634361305618,95
Martin / Mart / Märt,Helme,Mart/Marti,5,41.28606811145511,-5.647264758635634,299
Martin / Mart / Märt,Torma,Märt/Märti,0,39.26656346749226,-6.266303812255855,201
Martin / Mart / Märt,Tarvastu,Martin,4,60.707120743034054,-7.278095991254542,188
Mary / Maria / Maarja / Mari,Narvusi,Maija/Maie,136,24.75106182161397,22.361398287436142,315
Mary / Maria / Maarja / Mari,Pöide,Maija/Maie,20,2.1215195847097688,12.274592426631546,27
Mary / Maria / Maarja / Mari,Kuusalu,Berry,81,27.73336479471449,10.114722717394985,114
Mary / Maria / Maarja / Mari,Tervo,Maria/Maaria,5,0.2361963190184049,9.802058567626203,7
Mary / Maria / Maarja / Mari,Haljala,Berry,77,28.46319018404908,9.09765452102936,117
Mary / Maria / Maarja / Mari,Uskela,Maija/Maie,11,1.178621991505427,9.046595174637124,15
Mary / Maria / Maarja / Mari,Setumaa,Berry,147,71.2796130250118,8.968713648563812,293
Mary / Maria / Maarja / Mari,Soikkola,Other,53,16.56441717791411,8.952362121154646,117
Mary / Maria / Maarja / Mari,Huittinen,Maria/Maaria,4,0.20245398773006135,8.43995006016227,6
Mary / Maria / Maarja / Mari,Janakkala,Maija/Maie,7,0.6285983954695611,8.03615577230001,8
Mary / Maria / Maarja / Mari,Risti,Mari,30,7.787871637564889,7.959408274217394,41
Mary / Maria / Maarja / Mari,Mouhijärvi,Maija/Maie,8,0.8643227937706466,7.675332751104716,11
Mary / Maria / Maarja / Mari,Asikkala,Maija/Maie,7,0.7857479943369514,7.010471378965748,10
Mary / Maria / Maarja / Mari,Lappajärvi,Maria/Maaria,3,0.1687116564417178,6.893052023733483,5
Mary / Maria / Maarja / Mari,Suojärvi,Mary,56,23.153374233128833,6.826272432653766,74
Mary / Maria / Maarja / Mari,Ranua,Maija/Maie,6,0.6285983954695611,6.77487037999546,8
Mary / Maria / Maarja / Mari,Hollola,Maija/Maie,5,0.4714487966021708,6.595413317194776,6
Mary / Maria / Maarja / Mari,Palamuse,Mari,25,7.4079754601226995,6.463474721914416,39
Mary / Maria / Maarja / Mari,Rõuge,Mari,24,7.218027371401605,6.246456876816796,38
Mary / Maria / Maarja / Mari,Paltamo,Maria/Maaria,3,0.20245398773006135,6.217475327033917,6
Mary / Maria / Maarja / Mari,Hargla,Berry,23,6.811703633789524,6.202592854303873,28
Mary / Maria / Maarja / Mari,Saarijärvi,Maija/Maie,8,1.2571967909391222,6.013659759069017,16
Mary / Maria / Maarja / Mari,Mäntyharju,Maija/Maie,5,0.5500235960358659,6.0002182500831855,7
Mary / Maria / Maarja / Mari,Rantsila,Maija/Maie,5,0.5500235960358659,6.0002182500831855,7
Mary / Maria / Maarja / Mari,Narvusi,Other,84,44.59650778669184,5.900438496701622,315
Mary / Maria / Maarja / Mari,Muhos,Maija/Maie,4,0.3928739971684757,5.754858775217165,5
Mary / Maria / Maarja / Mari,Uusikaupunki,Maija/Maie,4,0.3928739971684757,5.754858775217165,5
Mary / Maria / Maarja / Mari,Viljandi,Maria/Maaria,11,2.4294478527607364,5.498636504472385,72
Mary / Maria / Maarja / Mari,Suistamo,Other,30,11.467673430863615,5.472582106496448,81
Mary / Maria / Maarja / Mari,Torma,Mari,14,3.6090136857008024,5.469687422963287,19
Mary / Maria / Maarja / Mari,Venjoki,Maria/Maaria,4,0.4386503067484663,5.377190231177705,13
Mary / Maria / Maarja / Mari,Viru-Nigula,Berry,24,8.514629542236904,5.3068733213359955,35
Mary / Maria / Maarja / Mari,Kuusamo,Maria/Maaria,3,0.26993865030674846,5.254602529327583,8
Mary / Maria / Maarja / Mari,Kurikka,Maija/Maie,4,0.4714487966021708,5.139006395650827,6
Mary / Maria / Maarja / Mari,Audru,Mari,12,3.2291175082586125,4.880916385718819,17
Mary / Maria / Maarja / Mari,Vastseliina,Other,18,6.087777253421425,4.827957394412117,43
Mary / Maria / Maarja / Mari,Paide,Mari,10,2.4693251533742333,4.792308375231306,13
Mary / Maria / Maarja / Mari,Räpina,Berry,34,15.326333176026427,4.769913184432403,63
Mary / Maria / Maarja / Mari,Hattula,Maija/Maie,5,0.7857479943369514,4.754215477989378,10
Mary / Maria / Maarja / Mari,Häädemeeste,Mari,11,3.039169419537518,4.566473336865957,16
Mary / Maria / Maarja / Mari,Impilahti,Maria/Maaria,4,0.5736196319018405,4.524010141483338,17
Mary / Maria / Maarja / Mari,Jokioinen,Maria/Maaria,2,0.1687116564417178,4.458452934094138,5
Mary / Maria / Maarja / Mari,Leppävirta,Maria/Maaria,2,0.1687116564417178,4.458452934094138,5
Mary / Maria / Maarja / Mari,Muurla,Maria/Maaria,2,0.1687116564417178,4.458452934094138,5
Mary / Maria / Maarja / Mari,Suomussalmi,Maria/Maaria,2,0.1687116564417178,4.458452934094138,5
Mary / Maria / Maarja / Mari,Tori,Mari,22,8.927560169891459,4.3751229144027155,47
Mary / Maria / Maarja / Mari,Porajärvi,Mary,16,5.631901840490798,4.3688945433739415,18
Mary / Maria / Maarja / Mari,Tyrö,Maria/Maaria,6,1.2484662576687116,4.2525106811211595,37
Mary / Maria / Maarja / Mari,Korpiselkä,Mary,19,7.50920245398773,4.193274240878658,24
Mary / Maria / Maarja / Mari,Luumäki,Other,6,1.2741859367626238,4.186588022494685,9
Mary / Maria / Maarja / Mari,Sääksmäki,Other,6,1.2741859367626238,4.186588022494685,9
Mary / Maria / Maarja / Mari,Hämeenlinna,Maija/Maie,3,0.3928739971684757,4.159444927544611,5
Mary / Maria / Maarja / Mari,Kõpu,Mari,5,0.9497404436054743,4.156046415773662,5
Mary / Maria / Maarja / Mari,Mihkli,Mari,9,2.4693251533742333,4.1559366724511,13
Mary / Maria / Maarja / Mari,Varbla,Mari,9,2.4693251533742333,4.1559366724511,13
Mary / Maria / Maarja / Mari,Suure-Jaani,Mari,17,6.458235016517225,4.148168672980716,34
Mary / Maria / Maarja / Mari,Sangaste,Berry,33,16.299433695139218,4.136613454915426,67
Mary / Maria / Maarja / Mari,Ilomantsi,Mary,23,10.012269938650308,4.104563497776317,32
Mary / Maria / Maarja / Mari,Kullamaa,Mari,8,2.0894289759320435,4.0889860959982345,11
Mary / Maria / Maarja / Mari,Pühalepa,Other,7,1.6989145823501652,4.067045491114479,12
Mary / Maria / Maarja / Mari,Paimio,Maria/Maaria,2,0.20245398773006135,3.9950005939055657,6
Mary / Maria / Maarja / Mari,Rovaniemi,Maija/Maie,4,0.7071731949032563,3.9156691833617083,9
Mary / Maria / Maarja / Mari,Repola,Maria/Maaria,4,0.7085889570552147,3.9100735974073166,21
Mary / Maria / Maarja / Mari,Vaivara,Berry,17,6.811703633789524,3.903675396658202,28
Mary / Maria / Maarja / Mari,Jõhvi,Mari,29,14.43605474280321,3.8331408488332537,76
Mary / Maria / Maarja / Mari,Karuse,Mari,13,4.748702218027371,3.786472372206192,25
Mary / Maria / Maarja / Mari,Tohmajärvi,Mary,11,3.754601226993865,3.7392145445267517,12
Mary / Maria / Maarja / Mari,Rannu,Berry,13,4.865502595563945,3.68779584468449,20
Mary / Maria / Maarja / Mari,Uukuniemi,Mary,9,2.815950920245399,3.6851942693158444,9
Mary / Maria / Maarja / Mari,Kalajoki,Maija/Maie,3,0.4714487966021708,3.682599474106879,6
Mary / Maria / Maarja / Mari,Pyhäjärvi Ul.,Maija/Maie,3,0.4714487966021708,3.682599474106879,6
Mary / Maria / Maarja / Mari,Lüganuse,Berry,16,6.568428504011326,3.6800466389627493,27
Mary / Maria / Maarja / Mari,Salmi,Mary,19,8.447852760736197,3.630510311366645,27
Mary / Maria / Maarja / Mari,Pudasjärvi,Maria/Maaria,2,0.2361963190184049,3.6292232301256067,7
Mary / Maria / Maarja / Mari,Ridala,Mari,5,1.139688532326569,3.6160069604066853,6
Mary / Maria / Maarja / Mari,Kolga-Jaani,Mari,27,13.866210476639925,3.527046278742426,73
Mary / Maria / Maarja / Mari,Kiuruvesi,Maria/Maaria,3,0.5061349693251533,3.505417685689301,15
Mary / Maria / Maarja / Mari,Tarvastu,Berry,24,11.920481359131665,3.498667992378892,49
Mary / Maria / Maarja / Mari,Juva,Mary,16,6.883435582822086,3.474790126124418,22
Mary / Maria / Maarja / Mari,Iisaku,Mari,7,2.0894289759320435,3.3971771186003137,11
Mary / Maria / Maarja / Mari,Nurmes,Maija/Maie,6,1.650070788107598,3.3863426591757384,21
Mary / Maria / Maarja / Mari,Laihia,Maija/Maie,3,0.5500235960358659,3.303476647256679,7
Mary / Maria / Maarja / Mari,Pudasjärvi,Maija/Maie,3,0.5500235960358659,3.303476647256679,7
Mary / Maria / Maarja / Mari,Kaprio,Other,14,5.946201038225578,3.3027902235000943,42
Mary / Maria / Maarja / Mari,Pilistvere,Mari,17,7.787871637564889,3.301038491886348,41
Mary / Maria / Maarja / Mari,Järva-Madise,Berry,8,2.6760264275601697,3.2545480811744234,11
Mary / Maria / Maarja / Mari,Iisalmi,Mary,8,2.815950920245399,3.089274957908619,9
Mary / Maria / Maarja / Mari,Kuhmo,Maria/Maaria,2,0.30368098159509205,3.0782134677946336,9
Mary / Maria / Maarja / Mari,Rovaniemi,Maria/Maaria,2,0.30368098159509205,3.0782134677946336,9
Mary / Maria / Maarja / Mari,Muhu,Berry,9,3.405851816894762,3.0312453651429987,14
Mary / Maria / Maarja / Mari,Koeru,Mari,11,4.558754129306276,3.0168018950238906,24
Mary / Maria / Maarja / Mari,Kaprio,Mary,24,13.141104294478527,2.995502807140693,42
Mary / Maria / Maarja / Mari,Märjamaa,Mari,6,1.8994808872109485,2.9752357000852685,10
Mary / Maria / Maarja / Mari,Tartu-Maarja,Berry,8,2.919301557338367,2.973609525536486,12
Mary / Maria / Maarja / Mari,Harju-Jaani,Mari,13,5.88839075035394,2.9306879267685084,31
Mary / Maria / Maarja / Mari,Kaarma,Berry,5,1.4596507786691835,2.930364345110241,6
Mary / Maria / Maarja / Mari,Martna,Berry,6,1.946201038225578,2.905817648780408,8
Mary / Maria / Maarja / Mari,Väike-Maarja,Berry,15,7.298253893345918,2.850885098159771,30
Mary / Maria / Maarja / Mari,Viljandi,Mary,36,22.52760736196319,2.8384888808429514,72
Mary / Maria / Maarja / Mari,Muolaa,Mari,5,1.519584709768759,2.823375296308662,8
Mary / Maria / Maarja / Mari,Kaavi,Mary,8,3.128834355828221,2.753858441643748,10
Mary / Maria / Maarja / Mari,Kankaanpää,Mary,5,1.5644171779141105,2.746781632160965,5
Mary / Maria / Maarja / Mari,Riipuskala,Mary,5,1.5644171779141105,2.746781632160965,5
Mary / Maria / Maarja / Mari,Rääpyvä,Mary,5,1.5644171779141105,2.746781632160965,5
Mary / Maria / Maarja / Mari,Pieksämäki,Other,4,1.1326097215667768,2.6943044349578327,8
Mary / Maria / Maarja / Mari,Paistu,Mari,21,11.77678150070788,2.687628195188956,62
Mary / Maria / Maarja / Mari,Saarde,Mary,12,5.631901840490798,2.6833801988296755,18
Mary / Maria / Maarja / Mari,Mouhijärvi,Maria/Maaria,2,0.37116564417177916,2.673579089592079,11
Mary / Maria / Maarja / Mari,Tyrö,Mari,14,7.02807928268051,2.6298689877161654,37
Mary / Maria / Maarja / Mari,Lempaala,Other,8,3.2562529495044834,2.6288297212120204,23
Mary / Maria / Maarja / Mari,Kadrina,Berry,29,18.002359603586598,2.5919988146384965,74
Mary / Maria / Maarja / Mari,Suistamo,Maria/Maaria,7,2.733128834355828,2.580949327126182,81
Mary / Maria / Maarja / Mari,Helme,Berry,26,15.812883435582823,2.5618030640503155,65
Mary / Maria / Maarja / Mari,Pärnu-Jaagupi,Mari,10,4.558754129306276,2.548445003269504,24
Mary / Maria / Maarja / Mari,Uhtua,Other,5,1.6989145823501652,2.532625586249958,12
Mary / Maria / Maarja / Mari,Karula,Berry,5,1.702925908447381,2.526567062740519,7
Mary / Maria / Maarja / Mari,Suistamo,Mary,38,25.34355828220859,2.5140726777773104,81
Mary / Maria / Maarja / Mari,Puhja,Berry,13,6.568428504011326,2.50949516494978,27
Mary / Maria / Maarja / Mari,Kuhmo,Mary,7,2.815950920245399,2.4933556465013944,9
Mary / Maria / Maarja / Mari,Marttila,Mary,7,2.815950920245399,2.4933556465013944,9
Mary / Maria / Maarja / Mari,Kitee,Mary,12,5.9447852760736195,2.4834845465176314,19
Mary / Maria / Maarja / Mari,Serepetta,Other,7,2.8315243039169418,2.477234540891034,20
Mary / Maria / Maarja / Mari,Impilahti,Mary,11,5.319018404907975,2.463245146496004,17
Mary / Maria / Maarja / Mari,Kiuruvesi,Mary,10,4.693251533742331,2.449579775436185,15
Mary / Maria / Maarja / Mari,Jõhvi,Berry,29,18.488909863142993,2.444511629758656,76
Mary / Maria / Maarja / Mari,Alatornio,Other,3,0.8494572911750826,2.3333360862025607,6
Mary / Maria / Maarja / Mari,Kuopio,Other,3,0.8494572911750826,2.3333360862025607,6
Mary / Maria / Maarja / Mari,Töysä,Other,3,0.8494572911750826,2.3333360862025607,6
Mary / Maria / Maarja / Mari,Humppila,Mary,5,1.8773006134969326,2.2790994005416305,6
Mary / Maria / Maarja / Mari,Pälkjärvi,Mary,5,1.8773006134969326,2.2790994005416305,6
Mary / Maria / Maarja / Mari,Tulemajärvi,Mary,5,1.8773006134969326,2.2790994005416305,6
Mary / Maria / Maarja / Mari,Maarja-Magdaleena,Mari,10,4.938650306748467,2.2775200354151464,26
Mary / Maria / Maarja / Mari,Viru-Jaagupi,Mari,6,2.4693251533742333,2.2468215641104816,13
Mary / Maria / Maarja / Mari,Alatornio,Maija/Maie,2,0.4714487966021708,2.2261925525629302,6
Mary / Maria / Maarja / Mari,Kontiolahti,Maija/Maie,2,0.4714487966021708,2.2261925525629302,6
Mary / Maria / Maarja / Mari,Liperi,Maija/Maie,2,0.4714487966021708,2.2261925525629302,6
Mary / Maria / Maarja / Mari,Kanepi,Berry,5,1.946201038225578,2.189004191531783,8
Mary / Maria / Maarja / Mari,Ambla,Berry,10,5.108777725342143,2.1640081663692117,21
Mary / Maria / Maarja / Mari,Halliste,Berry,25,16.299433695139218,2.155069414118944,67
Mary / Maria / Maarja / Mari,Nurmes,Mary,12,6.570552147239264,2.118140347992523,21
Mary / Maria / Maarja / Mari,Repola,Mary,12,6.570552147239264,2.118140347992523,21
Mary / Maria / Maarja / Mari,Markkova,Mari,3,0.9497404436054743,2.1038093391585986,5
Mary / Maria / Maarja / Mari,Tammela,Maria/Maaria,2,0.5061349693251533,2.0998012459172073,15
Mary / Maria / Maarja / Mari,Äksi,Mari,7,3.2291175082586125,2.0984618320780295,17
Mary / Maria / Maarja / Mari,Vigala,Mari,9,4.558754129306276,2.080088111515117,24
Mary / Maria / Maarja / Mari,Järva-Jaani,Mary,11,5.9447852760736195,2.0733447480552467,19
Mary / Maria / Maarja / Mari,Hauho,Maria/Maaria,1,0.1687116564417178,2.0238538444547927,5
Mary / Maria / Maarja / Mari,Koprina,Maria/Maaria,1,0.1687116564417178,2.0238538444547927,5
Mary / Maria / Maarja / Mari,Soanlahti,Maria/Maaria,1,0.1687116564417178,2.0238538444547927,5
Mary / Maria / Maarja / Mari,Kitee,Other,6,2.6899480887210947,2.018193742795259,19
Mary / Maria / Maarja / Mari,Kiihtelysvaara,Other,3,0.9910335063709297,2.018034211255969,7
Mary / Maria / Maarja / Mari,Kose,Mari,11,6.078338839075036,1.9962698959459686,32
Mary / Maria / Maarja / Mari,Peetri,Berry,11,6.0818782444549315,1.9942537407695298,25
Mary / Maria / Maarja / Mari,Saarijärvi,Maria/Maaria,2,0.5398773006134969,1.9872010994623583,16
Mary / Maria / Maarja / Mari,Kauhava,Maija/Maie,2,0.5500235960358659,1.955105845843426,7
Mary / Maria / Maarja / Mari,Loppi,Maija/Maie,2,0.5500235960358659,1.955105845843426,7
Mary / Maria / Maarja / Mari,Pielisjärvi,Maija/Maie,2,0.5500235960358659,1.955105845843426,7
Mary / Maria / Maarja / Mari,Somero,Maija/Maie,2,0.5500235960358659,1.955105845843426,7
Mary / Maria / Maarja / Mari,Laiuse,Mari,9,4.748702218027371,1.9508957285035022,25
Mary / Maria / Maarja / Mari,Peetri,Mari,9,4.748702218027371,1.9508957285035022,25
Mary / Maria / Maarja / Mari,Kesälahti,Mary,4,1.5644171779141105,1.9472719785141124,5
Mary / Maria / Maarja / Mari,Lappee,Mary,4,1.5644171779141105,1.9472719785141124,5
Mary / Maria / Maarja / Mari,Soanlahti,Mary,4,1.5644171779141105,1.9472719785141124,5
Mary / Maria / Maarja / Mari,Soikkola,Maija/Maie,15,9.193251533742332,1.9151308070773663,117
Mary / Maria / Maarja / Mari,Vuokkiniemi,Other,9,4.813591316658801,1.9081258495799673,34
Mary / Maria / Maarja / Mari,Jõelähtme,Berry,8,4.135677206229354,1.9002033504520208,17
Mary / Maria / Maarja / Mari,Loppi,Mary,5,2.1901840490797544,1.8986178855710507,7
Mary / Maria / Maarja / Mari,Kontokki,Mary,6,2.815950920245399,1.8974363350941696,9
Mary / Maria / Maarja / Mari,Urvaste,Mari,11,6.26828692779613,1.8899223784412922,33
Mary / Maria / Maarja / Mari,Maarja-Magdaleena,Berry,11,6.325153374233129,1.8587964590750612,26
Mary / Maria / Maarja / Mari,Lempaala,Mary,12,7.196319018404908,1.7906840026741295,23
Mary / Maria / Maarja / Mari,Vuokkiniemi,Mari,11,6.458235016517225,1.7871776931133676,34
Mary / Maria / Maarja / Mari,Töysä,Maria/Maaria,1,0.20245398773006135,1.7725258607772134,6
Mary / Maria / Maarja / Mari,Mustjala,Berry,4,1.702925908447381,1.7602612435252953,7
Mary / Maria / Maarja / Mari,Pielavesi,Other,3,1.1326097215667768,1.7546679804358365,8
Mary / Maria / Maarja / Mari,Reigi,Mari,4,1.7095327984898536,1.75180337427462,9
Mary / Maria / Maarja / Mari,Rapla,Mari,3,1.139688532326569,1.7425793933891387,6
Mary / Maria / Maarja / Mari,Vuokkiniemi,Maria/Maaria,3,1.147239263803681,1.7297858393165144,34
Mary / Maria / Maarja / Mari,Kuusamo,Maija/Maie,2,0.6285983954695611,1.729728810777263,8
Mary / Maria / Maarja / Mari,Põltsamaa,Mary,24,16.895705521472394,1.7283543587604506,54
Mary / Maria / Maarja / Mari,Karksi,Mary,53,41.92638036809816,1.7101961200501696,134
Mary / Maria / Maarja / Mari,Kursi,Mari,6,3.039169419537518,1.6983848310805032,16
Mary / Maria / Maarja / Mari,Türi,Mari,6,3.039169419537518,1.6983848310805032,16
Mary / Maria / Maarja / Mari,Puhja,Other,7,3.8225578102878717,1.6251768474835326,27
Mary / Maria / Maarja / Mari,Juuru,Berry,3,1.2163756488909863,1.6172216041057064,5
Mary / Maria / Maarja / Mari,Serepetta,Maria/Maaria,2,0.6748466257668712,1.6131085992702408,20
Mary / Maria / Maarja / Mari,Moloskovitsa,Mari,5,2.4693251533742333,1.6104498613302758,13
Mary / Maria / Maarja / Mari,Rõngu,Mari,5,2.4693251533742333,1.6104498613302758,13
Mary / Maria / Maarja / Mari,Vaivara,Mari,9,5.318546484190656,1.596330610381915,28
Mary / Maria / Maarja / Mari,Helme,Other,14,9.202453987730062,1.5814931724154637,65
Mary / Maria / Maarja / Mari,Kose,Mary,15,10.012269938650308,1.5762919809599174,32
Mary / Maria / Maarja / Mari,Põlva,Berry,7,3.892402076451156,1.575128446356973,16
Mary / Maria / Maarja / Mari,Mäntyharju,Maria/Maaria,1,0.2361963190184049,1.5716114509587409,7
Mary / Maria / Maarja / Mari,Somero,Maria/Maaria,1,0.2361963190184049,1.5716114509587409,7
Mary / Maria / Maarja / Mari,Liissilä,Mary,4,1.8773006134969326,1.5492502801324248,6
Mary / Maria / Maarja / Mari,Urvaste,Other,8,4.6720151014629545,1.539675602212626,33
Mary / Maria / Maarja / Mari,Marttila,Maija/Maie,2,0.7071731949032563,1.5373666396014904,9
Mary / Maria / Maarja / Mari,Koivisto,Other,2,0.7078810759792354,1.5357564073269898,5
Mary / Maria / Maarja / Mari,Koprina,Other,2,0.7078810759792354,1.5357564073269898,5
Mary / Maria / Maarja / Mari,Savonranta,Other,2,0.7078810759792354,1.5357564073269898,5
Mary / Maria / Maarja / Mari,Vuole,Maria/Maaria,2,0.7085889570552147,1.5341481682278473,21
Mary / Maria / Maarja / Mari,Tammela,Mary,8,4.693251533742331,1.5263855479307558,15
Mary / Maria / Maarja / Mari,Jüri,Mari,8,4.748702218027371,1.4920015675778298,25
Mary / Maria / Maarja / Mari,Põltsamaa,Mari,15,10.257196790939123,1.4808830461323217,54
Mary / Maria / Maarja / Mari,Hanila,Berry,4,1.946201038225578,1.4721907342831588,8
Mary / Maria / Maarja / Mari,Toksova,Mari,3,1.329636621047664,1.44858664157077,7
Mary / Maria / Maarja / Mari,Pärnu,Berry,6,3.405851816894762,1.4056652414536075,14
Mary / Maria / Maarja / Mari,Tõstamaa,Berry,6,3.405851816894762,1.4056652414536075,14
Mary / Maria / Maarja / Mari,Pieksämäki,Maria/Maaria,1,0.26993865030674846,1.4051633730111963,8
Mary / Maria / Maarja / Mari,Pielavesi,Maria/Maaria,1,0.26993865030674846,1.4051633730111963,8
Mary / Maria / Maarja / Mari,Metsäpirtti,Mary,6,3.441717791411043,1.37898906432915,11
Mary / Maria / Maarja / Mari,Kivennapa,Mary,8,5.006134969325154,1.3380764906444431,16
Mary / Maria / Maarja / Mari,Rapla,Berry,3,1.4596507786691835,1.274954575105282,6
Mary / Maria / Maarja / Mari,Kontokki,Maria/Maaria,1,0.30368098159509205,1.2635704469970739,9
Mary / Maria / Maarja / Mari,Luumäki,Maria/Maaria,1,0.30368098159509205,1.2635704469970739,9
Mary / Maria / Maarja / Mari,Harju-Jaani,Berry,11,7.541529023124115,1.2593731565398292,31
Mary / Maria / Maarja / Mari,Sortavala,Other,2,0.8494572911750826,1.2483373662852408,6
Mary / Maria / Maarja / Mari,Kolga-Jaani,Berry,23,17.7590844738084,1.2436462745195698,73
Mary / Maria / Maarja / Mari,Võnnu,Berry,6,3.649126946672959,1.230650385175777,15
Mary / Maria / Maarja / Mari,Reigi,Berry,4,2.1894761680037753,1.223584972806586,9
Mary / Maria / Maarja / Mari,Laihia,Mary,4,2.1901840490797544,1.2229089000948907,7
Mary / Maria / Maarja / Mari,Somero,Mary,4,2.1901840490797544,1.2229089000948907,7
Mary / Maria / Maarja / Mari,Toksova,Mary,4,2.1901840490797544,1.2229089000948907,7
Mary / Maria / Maarja / Mari,Metsäpirtti,Maija/Maie,2,0.8643227937706466,1.2215659710679871,11
Mary / Maria / Maarja / Mari,Vändra,Mari,3,1.519584709768759,1.2009394311213928,8
Mary / Maria / Maarja / Mari,Vuole,Other,5,2.973100519112789,1.1755129424395752,21
Mary / Maria / Maarja / Mari,Uhtua,Mary,6,3.754601226993865,1.1588082331048188,12
Mary / Maria / Maarja / Mari,Halliste,Maria/Maaria,4,2.2607361963190185,1.1567526815170568,67
Mary / Maria / Maarja / Mari,Metsäpirtti,Other,3,1.5573383671543182,1.1560403436927393,11
Mary / Maria / Maarja / Mari,Hauho,Mary,3,1.5644171779141105,1.1477623248672602,5
Mary / Maria / Maarja / Mari,Piippola,Mary,3,1.5644171779141105,1.1477623248672602,5
Mary / Maria / Maarja / Mari,Savonranta,Mary,3,1.5644171779141105,1.1477623248672602,5
Mary / Maria / Maarja / Mari,Salmi,Maria/Maaria,2,0.911042944785276,1.1408835766009022,27
Mary / Maria / Maarja / Mari,Hattula,Maria/Maaria,1,0.3374233128834356,1.1406400293343202,10
Mary / Maria / Maarja / Mari,Kivennapa,Mari,5,3.039169419537518,1.1247671299234125,16
Mary / Maria / Maarja / Mari,Salmi,Other,6,3.8225578102878717,1.113703545862026,27
Mary / Maria / Maarja / Mari,Serepetta,Mary,9,6.257668711656442,1.0962601692642422,20
Mary / Maria / Maarja / Mari,Suojärvi,Other,14,10.476639924492686,1.0885440793927332,74
Mary / Maria / Maarja / Mari,Setumaa,Mary,102,91.67484662576688,1.0783789840660856,293
Mary / Maria / Maarja / Mari,Simuna,Other,5,3.1146767343086363,1.068265831066307,22
Mary / Maria / Maarja / Mari,Võnnu,Mary,7,4.693251533742331,1.0647884341780411,15
Mary / Maria / Maarja / Mari,Tori,Berry,15,11.433931099575272,1.05461014443418,47
Mary / Maria / Maarja / Mari,Viru-Jaagupi,Berry,5,3.1625766871165646,1.0332102113562383,13
Mary / Maria / Maarja / Mari,Kauhava,Other,2,0.9910335063709297,1.0135205881290257,7
Mary / Maria / Maarja / Mari,Pielisjärvi,Other,2,0.9910335063709297,1.0135205881290257,7
Mary / Maria / Maarja / Mari,Vuole,Mari,6,3.988909863142992,1.0069419277838967,21
Mary / Maria / Maarja / Mari,Hauho,Maija/Maie,1,0.3928739971684757,0.9686172321995006,5
Mary / Maria / Maarja / Mari,Jokioinen,Maija/Maie,1,0.3928739971684757,0.9686172321995006,5
Mary / Maria / Maarja / Mari,Koivisto,Maija/Maie,1,0.3928739971684757,0.9686172321995006,5
Mary / Maria / Maarja / Mari,Leppävirta,Maija/Maie,1,0.3928739971684757,0.9686172321995006,5
Mary / Maria / Maarja / Mari,Piippola,Maija/Maie,1,0.3928739971684757,0.9686172321995006,5
Mary / Maria / Maarja / Mari,Moloskovitsa,Mary,6,4.067484662576687,0.9582084301488697,13
Mary / Maria / Maarja / Mari,Venjoki,Mary,6,4.067484662576687,0.9582084301488697,13
Mary / Maria / Maarja / Mari,Pielavesi,Mary,4,2.503067484662577,0.9461629602809837,8
Mary / Maria / Maarja / Mari,Uhtua,Maria/Maaria,1,0.4049079754601227,0.9352031571573592,12
Mary / Maria / Maarja / Mari,Äksi,Berry,6,4.135677206229354,0.9167434006180263,17
Mary / Maria / Maarja / Mari,Vigala,Other,5,3.3978291647003305,0.8691766526945021,24
Mary / Maria / Maarja / Mari,Rõngu,Other,3,1.8404907975460123,0.8546875438111943,13
Mary / Maria / Maarja / Mari,Moloskovitsa,Maria/Maaria,1,0.4386503067484663,0.8475674524595349,13
Mary / Maria / Maarja / Mari,Muhu,Mari,4,2.659273242095328,0.8221646412283248,14
Mary / Maria / Maarja / Mari,Tõstamaa,Mari,4,2.659273242095328,0.8221646412283248,14
Mary / Maria / Maarja / Mari,Kuopio,Mary,3,1.8773006134969326,0.8194011597232188,6
Mary / Maria / Maarja / Mari,Liperi,Mary,3,1.8773006134969326,0.8194011597232188,6
Mary / Maria / Maarja / Mari,Paimio,Mary,3,1.8773006134969326,0.8194011597232188,6
Mary / Maria / Maarja / Mari,Paltamo,Mary,3,1.8773006134969326,0.8194011597232188,6
Mary / Maria / Maarja / Mari,Vändra,Other,2,1.1326097215667768,0.8150315259138406,8
Mary / Maria / Maarja / Mari,Kontiolahti,Mari,2,1.139688532326569,0.8058656098803653,6
Mary / Maria / Maarja / Mari,Jüri,Berry,8,6.0818782444549315,0.7777809652504681,25
Mary / Maria / Maarja / Mari,Karksi,Berry,37,32.598867390278436,0.7708381470435995,134
Mary / Maria / Maarja / Mari,Humppila,Maija/Maie,1,0.4714487966021708,0.7697856310189819,6
Mary / Maria / Maarja / Mari,Paimio,Maija/Maie,1,0.4714487966021708,0.7697856310189819,6
Mary / Maria / Maarja / Mari,Sortavala,Maija/Maie,1,0.4714487966021708,0.7697856310189819,6
Mary / Maria / Maarja / Mari,Töysä,Maija/Maie,1,0.4714487966021708,0.7697856310189819,6
Mary / Maria / Maarja / Mari,Tammela,Maija/Maie,2,1.178621991505427,0.7565816448336696,15
Mary / Maria / Maarja / Mari,Urvaste,Berry,10,8.02807928268051,0.6959589486900316,33
Mary / Maria / Maarja / Mari,Uskela,Maria/Maaria,1,0.5061349693251533,0.6941848061451138,15
Mary / Maria / Maarja / Mari,Kivennapa,Maija/Maie,2,1.2571967909391222,0.6624790356085271,16
Mary / Maria / Maarja / Mari,Kursi,Maria/Maaria,1,0.5398773006134969,0.6262188338641885,16
Mary / Maria / Maarja / Mari,Türi,Maria/Maaria,1,0.5398773006134969,0.6262188338641885,16
Mary / Maria / Maarja / Mari,Rannu,Mari,5,3.798961774421897,0.6162037942408372,20
Mary / Maria / Maarja / Mari,Kiihtelysvaara,Maija/Maie,1,0.5500235960358659,0.6067350444301731,7
Mary / Maria / Maarja / Mari,Tervo,Maija/Maie,1,0.5500235960358659,0.6067350444301731,7
Mary / Maria / Maarja / Mari,Tammela,Other,3,2.1236432279377064,0.6013677975562929,15
Mary / Maria / Maarja / Mari,Ambla,Other,4,2.973100519112789,0.5955567317225882,21
Mary / Maria / Maarja / Mari,Repola,Other,4,2.973100519112789,0.5955567317225882,21
Mary / Maria / Maarja / Mari,Mustjala,Mari,2,1.329636621047664,0.5813581930643533,7
Mary / Maria / Maarja / Mari,Otepää,Berry,5,3.892402076451156,0.5614011334244214,16
Mary / Maria / Maarja / Mari,Vuole,Mary,8,6.570552147239264,0.5576572893584835,21
Mary / Maria / Maarja / Mari,Kauhava,Mary,3,2.1901840490797544,0.5471999146187309,7
Mary / Maria / Maarja / Mari,Kiihtelysvaara,Mary,3,2.1901840490797544,0.5471999146187309,7
Mary / Maria / Maarja / Mari,Pielisjärvi,Mary,3,2.1901840490797544,0.5471999146187309,7
Mary / Maria / Maarja / Mari,Pärnu-Jaagupi,Mary,9,7.50920245398773,0.5440286388326289,24
Mary / Maria / Maarja / Mari,Soikkola,Maria/Maaria,5,3.9478527607361964,0.5295366779483068,117
Mary / Maria / Maarja / Mari,Kadrina,Mari,16,14.05615856536102,0.5184746312364649,74
Mary / Maria / Maarja / Mari,Asikkala,Other,2,1.4157621519584709,0.4910147505847502,10
Mary / Maria / Maarja / Mari,Kaavi,Other,2,1.4157621519584709,0.4910147505847502,10
Mary / Maria / Maarja / Mari,Märjamaa,Other,2,1.4157621519584709,0.4910147505847502,10
Mary / Maria / Maarja / Mari,Saarijärvi,Other,3,2.2652194431335535,0.48820532886640394,16
Mary / Maria / Maarja / Mari,Türi,Other,3,2.2652194431335535,0.48820532886640394,16
Mary / Maria / Maarja / Mari,Mihkli,Berry,4,3.1625766871165646,0.47089547195367787,13
Mary / Maria / Maarja / Mari,Rõngu,Mary,5,4.067484662576687,0.46237359169088316,13
Mary / Maria / Maarja / Mari,Otepää,Mary,6,5.006134969325154,0.44419752353360603,16
Mary / Maria / Maarja / Mari,Rannu,Maria/Maaria,1,0.6748466257668712,0.39580905445056835,20
Mary / Maria / Maarja / Mari,Hämeenlinna,Mary,2,1.5644171779141105,0.348252671220408,5
Mary / Maria / Maarja / Mari,Jokioinen,Mary,2,1.5644171779141105,0.348252671220408,5
Mary / Maria / Maarja / Mari,Markkova,Mary,2,1.5644171779141105,0.348252671220408,5
Mary / Maria / Maarja / Mari,Muurla,Mary,2,1.5644171779141105,0.348252671220408,5
Mary / Maria / Maarja / Mari,Suomussalmi,Mary,2,1.5644171779141105,0.348252671220408,5
Mary / Maria / Maarja / Mari,Sääksmäki,Maija/Maie,1,0.7071731949032563,0.3482153677213816,9
Mary / Maria / Maarja / Mari,Juuru,Other,1,0.7078810759792354,0.34719985980109813,5
Mary / Maria / Maarja / Mari,Kesälahti,Other,1,0.7078810759792354,0.34719985980109813,5
Mary / Maria / Maarja / Mari,Lappajärvi,Other,1,0.7078810759792354,0.34719985980109813,5
Mary / Maria / Maarja / Mari,Lappee,Other,1,0.7078810759792354,0.34719985980109813,5
Mary / Maria / Maarja / Mari,Leppävirta,Other,1,0.7078810759792354,0.34719985980109813,5
Mary / Maria / Maarja / Mari,Muurla,Other,1,0.7078810759792354,0.34719985980109813,5
Mary / Maria / Maarja / Mari,Piippola,Other,1,0.7078810759792354,0.34719985980109813,5
Mary / Maria / Maarja / Mari,Suomussalmi,Other,1,0.7078810759792354,0.34719985980109813,5
Mary / Maria / Maarja / Mari,Nurmes,Maria/Maaria,1,0.7085889570552147,0.3461854536381128,21
Mary / Maria / Maarja / Mari,Serepetta,Maija/Maie,2,1.5714959886739028,0.3418206167264463,20
Mary / Maria / Maarja / Mari,Kodavere,Berry,4,3.405851816894762,0.3219451589940134,14
Mary / Maria / Maarja / Mari,Kadrina,Maria/Maaria,3,2.496932515337423,0.31836318844996486,74
Mary / Maria / Maarja / Mari,Suojärvi,Maria/Maaria,3,2.496932515337423,0.31836318844996486,74
Mary / Maria / Maarja / Mari,Kuusamo,Mary,3,2.503067484662577,0.31409508107688383,8
Mary / Maria / Maarja / Mari,Pieksämäki,Mary,3,2.503067484662577,0.31409508107688383,8
Mary / Maria / Maarja / Mari,Ilomantsi,Maija/Maie,3,2.5143935818782444,0.30624414079315276,32
Mary / Maria / Maarja / Mari,Juva,Maria/Maaria,1,0.7423312883435583,0.29906308090449274,22
Mary / Maria / Maarja / Mari,Kodavere,Mary,5,4.380368098159509,0.2960591348443338,14
Mary / Maria / Maarja / Mari,Jõelähtme,Mary,6,5.319018404907975,0.2952702065454173,17
Mary / Maria / Maarja / Mari,Saarde,Other,3,2.5483718735252476,0.2829108343487652,18
Mary / Maria / Maarja / Mari,Simuna,Berry,6,5.3520528551203395,0.28007824966284167,22
Mary / Maria / Maarja / Mari,Soikkola,Mary,38,36.607361963190186,0.2301728186706805,117
Mary / Maria / Maarja / Mari,Tarvastu,Mari,10,9.307456347333648,0.2270030274248042,49
Mary / Maria / Maarja / Mari,Karksi,Maria/Maaria,5,4.521472392638037,0.22504380208113514,134
Mary / Maria / Maarja / Mari,Ilomantsi,Other,5,4.530438886267107,0.2206083700446876,32
Mary / Maria / Maarja / Mari,Pärnu,Mari,3,2.659273242095328,0.2089415244515489,14
Mary / Maria / Maarja / Mari,Juva,Maija/Maie,2,1.7286455875412932,0.20638774549766023,22
Mary / Maria / Maarja / Mari,Järva-Jaani,Mari,4,3.6090136857008024,0.2058103880793461,19
Mary / Maria / Maarja / Mari,Kullamaa,Berry,3,2.6760264275601697,0.19804522959945423,11
Mary / Maria / Maarja / Mari,Lüganuse,Mary,9,8.447852760736197,0.18996856280406849,27
Mary / Maria / Maarja / Mari,Jüri,Maria/Maaria,1,0.843558282208589,0.1703315228110593,25
Mary / Maria / Maarja / Mari,Huittinen,Other,1,0.8494572911750826,0.16333864636792114,6
Mary / Maria / Maarja / Mari,Kaarma,Other,1,0.8494572911750826,0.16333864636792114,6
Mary / Maria / Maarja / Mari,Kalajoki,Other,1,0.8494572911750826,0.16333864636792114,6
Mary / Maria / Maarja / Mari,Liissilä,Other,1,0.8494572911750826,0.16333864636792114,6
Mary / Maria / Maarja / Mari,Liperi,Other,1,0.8494572911750826,0.16333864636792114,6
Mary / Maria / Maarja / Mari,Pyhäjärvi Ul.,Other,1,0.8494572911750826,0.16333864636792114,6
Mary / Maria / Maarja / Mari,Pälkjärvi,Other,1,0.8494572911750826,0.16333864636792114,6
Mary / Maria / Maarja / Mari,Ridala,Other,1,0.8494572911750826,0.16333864636792114,6
Mary / Maria / Maarja / Mari,Tulemajärvi,Other,1,0.8494572911750826,0.16333864636792114,6
Mary / Maria / Maarja / Mari,Lempaala,Maija/Maie,2,1.807220386974988,0.14340211133786732,23
Mary / Maria / Maarja / Mari,Põltsamaa,Maria/Maaria,2,1.822085889570552,0.13180320503215182,54
Mary / Maria / Maarja / Mari,Tyrö,Mary,12,11.576687116564417,0.12441402442569405,37
Mary / Maria / Maarja / Mari,Suure-Jaani,Mary,11,10.63803680981595,0.11097717436492263,34
Mary / Maria / Maarja / Mari,Kalajoki,Mary,2,1.8773006134969326,0.08955203931401295,6
Mary / Maria / Maarja / Mari,Kontiolahti,Mary,2,1.8773006134969326,0.08955203931401295,6
Mary / Maria / Maarja / Mari,Kurikka,Mary,2,1.8773006134969326,0.08955203931401295,6
Mary / Maria / Maarja / Mari,Pyhäjärvi Ul.,Mary,2,1.8773006134969326,0.08955203931401295,6
Mary / Maria / Maarja / Mari,Sortavala,Mary,2,1.8773006134969326,0.08955203931401295,6
Mary / Maria / Maarja / Mari,Kuusalu,Maria/Maaria,4,3.8466257668711656,0.07820102329899108,114
Mary / Maria / Maarja / Mari,Koeru,Berry,6,5.838603114676734,0.06679449520312616,24
Mary / Maria / Maarja / Mari,Vigala,Berry,6,5.838603114676734,0.06679449520312616,24
Mary / Maria / Maarja / Mari,Laiuse,Mary,8,7.822085889570552,0.06361347250604742,25
Mary / Maria / Maarja / Mari,Vaivara,Maria/Maaria,1,0.9447852760736196,0.056805233167183423,28
Mary / Maria / Maarja / Mari,Juuru,Mari,1,0.9497404436054743,0.05157226254353569,5
Mary / Maria / Maarja / Mari,Koivisto,Mari,1,0.9497404436054743,0.05157226254353569,5
Mary / Maria / Maarja / Mari,Koprina,Mari,1,0.9497404436054743,0.05157226254353569,5
Mary / Maria / Maarja / Mari,Pilistvere,Mary,13,12.828220858895705,0.04796088769411591,41
Mary / Maria / Maarja / Mari,Pühalepa,Berry,3,2.919301557338367,0.04723084050406283,12
Mary / Maria / Maarja / Mari,Simuna,Mary,7,6.883435582822086,0.044428675906032174,22
Mary / Maria / Maarja / Mari,Vändra,Berry,2,1.946201038225578,0.03856381978590995,8
Mary / Maria / Maarja / Mari,Kodavere,Other,2,1.9820670127418594,0.012737772061764288,14
Mary / Maria / Maarja / Mari,Pärnu,Other,2,1.9820670127418594,0.012737772061764288,14
Mary / Maria / Maarja / Mari,Karula,Other,1,0.9910335063709297,0.00900696500208208,7
Mary / Maria / Maarja / Mari,Mustjala,Other,1,0.9910335063709297,0.00900696500208208,7
Mary / Maria / Maarja / Mari,Mäntyharju,Other,1,0.9910335063709297,0.00900696500208208,7
Mary / Maria / Maarja / Mari,Põlva,Mary,5,5.006134969325154,-0.002741960021812567,16
Mary / Maria / Maarja / Mari,Väike-Maarja,Maria/Maaria,1,1.0122699386503067,-0.012195348666382014,30
Mary / Maria / Maarja / Mari,Paistu,Berry,15,15.08305804624823,-0.02138636673670134,62
Mary / Maria / Maarja / Mari,Otepää,Mari,3,3.039169419537518,-0.02246827239076862,16
Mary / Maria / Maarja / Mari,Põlva,Mari,3,3.039169419537518,-0.02246827239076862,16
Mary / Maria / Maarja / Mari,Karuse,Berry,6,6.0818782444549315,-0.033200885095572924,25
Mary / Maria / Maarja / Mari,Harju-Jaani,Maria/Maaria,1,1.0460122699386503,-0.044988889116412904,31
Mary / Maria / Maarja / Mari,Järva-Madise,Mari,2,2.0894289759320435,-0.06186776838929026,11
Mary / Maria / Maarja / Mari,Juva,Other,3,3.1146767343086363,-0.06497837220253143,22
Mary / Maria / Maarja / Mari,Audru,Berry,4,4.135677206229354,-0.06671654921596845,17
Mary / Maria / Maarja / Mari,Hattula,Mary,3,3.128834355828221,-0.07283504694523776,10
Mary / Maria / Maarja / Mari,Helme,Mary,20,20.337423312883434,-0.07482162238313791,65
Mary / Maria / Maarja / Mari,Ilomantsi,Maria/Maaria,1,1.0797546012269938,-0.07675262121489727,32
Mary / Maria / Maarja / Mari,Simuna,Mari,4,4.178857951864087,-0.08749423712989172,22
Mary / Maria / Maarja / Mari,Karksi,Mari,25,25.45304388862671,-0.08979877518995874,134
Mary / Maria / Maarja / Mari,Kodavere,Maija/Maie,1,1.1000471920717318,-0.09538920863305757,14
Mary / Maria / Maarja / Mari,Tyrö,Other,5,5.238319962246343,-0.10412725276729984,37
Mary / Maria / Maarja / Mari,Hanila,Other,1,1.1326097215667768,-0.12460492860815515,8
Mary / Maria / Maarja / Mari,Kanepi,Other,1,1.1326097215667768,-0.12460492860815515,8
Mary / Maria / Maarja / Mari,Muolaa,Other,1,1.1326097215667768,-0.12460492860815515,8
Mary / Maria / Maarja / Mari,Ranua,Other,1,1.1326097215667768,-0.12460492860815515,8
Mary / Maria / Maarja / Mari,Pudasjärvi,Mary,2,2.1901840490797544,-0.12850907085742905,7
Mary / Maria / Maarja / Mari,Rantsila,Mary,2,2.1901840490797544,-0.12850907085742905,7
Mary / Maria / Maarja / Mari,Liissilä,Mari,1,1.139688532326569,-0.13084817362840812,6
Mary / Maria / Maarja / Mari,Sortavala,Mari,1,1.139688532326569,-0.13084817362840812,6
Mary / Maria / Maarja / Mari,Vastseliina,Berry,10,10.460830580462483,-0.14248141078809634,43
Mary / Maria / Maarja / Mari,Palamuse,Berry,9,9.487730061349692,-0.1583428160121919,39
Mary / Maria / Maarja / Mari,Kiuruvesi,Maija/Maie,1,1.178621991505427,-0.16453096958893643,15
Mary / Maria / Maarja / Mari,Viru-Nigula,Maria/Maaria,1,1.1809815950920246,-0.166537809056296,35
Mary / Maria / Maarja / Mari,Kursi,Other,2,2.2652194431335535,-0.1762179799761843,16
Mary / Maria / Maarja / Mari,Otepää,Other,2,2.2652194431335535,-0.1762179799761843,16
Mary / Maria / Maarja / Mari,Tõstamaa,Mary,4,4.380368098159509,-0.18173927089454123,14
Mary / Maria / Maarja / Mari,Pühalepa,Mari,2,2.279377064653138,-0.1850472617570443,12
Mary / Maria / Maarja / Mari,Vuokkiniemi,Mary,10,10.63803680981595,-0.19562078193138893,34
Mary / Maria / Maarja / Mari,Halliste,Mary,20,20.96319018404908,-0.21036978389194935,67
Mary / Maria / Maarja / Mari,Iisaku,Mary,3,3.441717791411043,-0.23809883125107634,11
Mary / Maria / Maarja / Mari,Iisalmi,Other,1,1.2741859367626238,-0.24290070312256956,9
Mary / Maria / Maarja / Mari,Kontokki,Other,1,1.2741859367626238,-0.24290070312256956,9
Mary / Maria / Maarja / Mari,Rovaniemi,Other,1,1.2741859367626238,-0.24290070312256956,9
Mary / Maria / Maarja / Mari,Viru-Nigula,Mari,6,6.64818310523832,-0.25138897133727783,35
Mary / Maria / Maarja / Mari,Impilahti,Other,2,2.4067956583294006,-0.2622144973931192,17
Mary / Maria / Maarja / Mari,Paistu,Other,8,8.77772534214252,-0.2625035958638375,62
Mary / Maria / Maarja / Mari,Palamuse,Maria/Maaria,1,1.3159509202453987,-0.275422729911964,39
Mary / Maria / Maarja / Mari,Karula,Mari,1,1.329636621047664,-0.28587025544206324,7
Mary / Maria / Maarja / Mari,Jüri,Other,3,3.5394053798961775,-0.2867148058544893,25
Mary / Maria / Maarja / Mari,Karuse,Other,3,3.5394053798961775,-0.2867148058544893,25
Mary / Maria / Maarja / Mari,Laiuse,Other,3,3.5394053798961775,-0.2867148058544893,25
Mary / Maria / Maarja / Mari,Väike-Maarja,Mari,5,5.698442661632845,-0.29258541096481583,30
Mary / Maria / Maarja / Mari,Venjoki,Mari,2,2.4693251533742333,-0.2986652470103422,13
Mary / Maria / Maarja / Mari,Pilistvere,Berry,9,9.974280320906088,-0.30849145983497717,41
Mary / Maria / Maarja / Mari,Põltsamaa,Berry,12,13.136857008022652,-0.3136606996965506,54
Mary / Maria / Maarja / Mari,Paistu,Mary,18,19.39877300613497,-0.31758509515165173,62
Mary / Maria / Maarja / Mari,Hanila,Mary,2,2.503067484662577,-0.317972798127216,8
Mary / Maria / Maarja / Mari,Kanepi,Mary,2,2.503067484662577,-0.317972798127216,8
Mary / Maria / Maarja / Mari,Martna,Mary,2,2.503067484662577,-0.317972798127216,8
Mary / Maria / Maarja / Mari,Muolaa,Mary,2,2.503067484662577,-0.317972798127216,8
Mary / Maria / Maarja / Mari,Porajärvi,Other,2,2.5483718735252476,-0.34351346866589866,18
Mary / Maria / Maarja / Mari,Pärnu-Jaagupi,Berry,5,5.838603114676734,-0.3470579472981135,24
Mary / Maria / Maarja / Mari,Hattula,Other,1,1.4157621519584709,-0.3494216439944788,10
Mary / Maria / Maarja / Mari,Suure-Jaani,Other,4,4.813591316658801,-0.3708272984641937,34
Mary / Maria / Maarja / Mari,Räpina,Mary,18,19.711656441717793,-0.3855272125722878,63
Mary / Maria / Maarja / Mari,Kodavere,Mari,2,2.659273242095328,-0.4042815923252269,14
Mary / Maria / Maarja / Mari,Rõuge,Berry,8,9.244454931571497,-0.40929695936711546,38
Mary / Maria / Maarja / Mari,Hämeenlinna,Maria/Maaria,0,0.1687116564417178,-0.410745245184552,5
Mary / Maria / Maarja / Mari,Juuru,Maria/Maaria,0,0.1687116564417178,-0.410745245184552,5
Mary / Maria / Maarja / Mari,Kankaanpää,Maria/Maaria,0,0.1687116564417178,-0.410745245184552,5
Mary / Maria / Maarja / Mari,Kesälahti,Maria/Maaria,0,0.1687116564417178,-0.410745245184552,5
Mary / Maria / Maarja / Mari,Koivisto,Maria/Maaria,0,0.1687116564417178,-0.410745245184552,5
Mary / Maria / Maarja / Mari,Kõpu,Maria/Maaria,0,0.1687116564417178,-0.410745245184552,5
Mary / Maria / Maarja / Mari,Lappee,Maria/Maaria,0,0.1687116564417178,-0.410745245184552,5
Mary / Maria / Maarja / Mari,Markkova,Maria/Maaria,0,0.1687116564417178,-0.410745245184552,5
Mary / Maria / Maarja / Mari,Muhos,Maria/Maaria,0,0.1687116564417178,-0.410745245184552,5
Mary / Maria / Maarja / Mari,Piippola,Maria/Maaria,0,0.1687116564417178,-0.410745245184552,5
Mary / Maria / Maarja / Mari,Riipuskala,Maria/Maaria,0,0.1687116564417178,-0.410745245184552,5
Mary / Maria / Maarja / Mari,Rääpyvä,Maria/Maaria,0,0.1687116564417178,-0.410745245184552,5
Mary / Maria / Maarja / Mari,Savonranta,Maria/Maaria,0,0.1687116564417178,-0.410745245184552,5
Mary / Maria / Maarja / Mari,Uusikaupunki,Maria/Maaria,0,0.1687116564417178,-0.410745245184552,5
Mary / Maria / Maarja / Mari,Hanila,Mari,1,1.519584709768759,-0.4214964340658763,8
Mary / Maria / Maarja / Mari,Tarvastu,Maija/Maie,3,3.850165172251062,-0.43327499823879523,49
Mary / Maria / Maarja / Mari,Laiuse,Berry,5,6.0818782444549315,-0.4386918102685935,25
Mary / Maria / Maarja / Mari,Järva-Madise,Other,1,1.5573383671543182,-0.44660897805074434,11
Mary / Maria / Maarja / Mari,Mouhijärvi,Other,1,1.5573383671543182,-0.44660897805074434,11
Mary / Maria / Maarja / Mari,Kadrina,Mary,21,23.153374233128833,-0.4475199148041595,74
Mary / Maria / Maarja / Mari,Kursi,Mary,4,5.006134969325154,-0.44968144357723117,16
Mary / Maria / Maarja / Mari,Alatornio,Maria/Maaria,0,0.20245398773006135,-0.4499488723511388,6
Mary / Maria / Maarja / Mari,Hollola,Maria/Maaria,0,0.20245398773006135,-0.4499488723511388,6
Mary / Maria / Maarja / Mari,Humppila,Maria/Maaria,0,0.20245398773006135,-0.4499488723511388,6
Mary / Maria / Maarja / Mari,Kaarma,Maria/Maaria,0,0.20245398773006135,-0.4499488723511388,6
Mary / Maria / Maarja / Mari,Kalajoki,Maria/Maaria,0,0.20245398773006135,-0.4499488723511388,6
Mary / Maria / Maarja / Mari,Kontiolahti,Maria/Maaria,0,0.20245398773006135,-0.4499488723511388,6
Mary / Maria / Maarja / Mari,Kuopio,Maria/Maaria,0,0.20245398773006135,-0.4499488723511388,6
Mary / Maria / Maarja / Mari,Kurikka,Maria/Maaria,0,0.20245398773006135,-0.4499488723511388,6
Mary / Maria / Maarja / Mari,Liissilä,Maria/Maaria,0,0.20245398773006135,-0.4499488723511388,6
Mary / Maria / Maarja / Mari,Liperi,Maria/Maaria,0,0.20245398773006135,-0.4499488723511388,6
Mary / Maria / Maarja / Mari,Pyhäjärvi Ul.,Maria/Maaria,0,0.20245398773006135,-0.4499488723511388,6
Mary / Maria / Maarja / Mari,Pälkjärvi,Maria/Maaria,0,0.20245398773006135,-0.4499488723511388,6
Mary / Maria / Maarja / Mari,Rapla,Maria/Maaria,0,0.20245398773006135,-0.4499488723511388,6
Mary / Maria / Maarja / Mari,Ridala,Maria/Maaria,0,0.20245398773006135,-0.4499488723511388,6
Mary / Maria / Maarja / Mari,Sortavala,Maria/Maaria,0,0.20245398773006135,-0.4499488723511388,6
Mary / Maria / Maarja / Mari,Tulemajärvi,Maria/Maaria,0,0.20245398773006135,-0.4499488723511388,6
Mary / Maria / Maarja / Mari,Koivisto,Mary,1,1.5644171779141105,-0.4512569824264443,5
Mary / Maria / Maarja / Mari,Koprina,Mary,1,1.5644171779141105,-0.4512569824264443,5
Mary / Maria / Maarja / Mari,Lappajärvi,Mary,1,1.5644171779141105,-0.4512569824264443,5
Mary / Maria / Maarja / Mari,Leppävirta,Mary,1,1.5644171779141105,-0.4512569824264443,5
Mary / Maria / Maarja / Mari,Muhos,Mary,1,1.5644171779141105,-0.4512569824264443,5
Mary / Maria / Maarja / Mari,Uusikaupunki,Mary,1,1.5644171779141105,-0.4512569824264443,5
Mary / Maria / Maarja / Mari,Kursi,Berry,3,3.892402076451156,-0.45232617950813,16
Mary / Maria / Maarja / Mari,Türi,Berry,3,3.892402076451156,-0.45232617950813,16
Mary / Maria / Maarja / Mari,Halliste,Other,8,9.485606418121755,-0.48235992240097103,67
Mary / Maria / Maarja / Mari,Karula,Maria/Maaria,0,0.2361963190184049,-0.48600032820812467,7
Mary / Maria / Maarja / Mari,Kauhava,Maria/Maaria,0,0.2361963190184049,-0.48600032820812467,7
Mary / Maria / Maarja / Mari,Kiihtelysvaara,Maria/Maaria,0,0.2361963190184049,-0.48600032820812467,7
Mary / Maria / Maarja / Mari,Laihia,Maria/Maaria,0,0.2361963190184049,-0.48600032820812467,7
Mary / Maria / Maarja / Mari,Loppi,Maria/Maaria,0,0.2361963190184049,-0.48600032820812467,7
Mary / Maria / Maarja / Mari,Mustjala,Maria/Maaria,0,0.2361963190184049,-0.48600032820812467,7
Mary / Maria / Maarja / Mari,Pielisjärvi,Maria/Maaria,0,0.2361963190184049,-0.48600032820812467,7
Mary / Maria / Maarja / Mari,Rantsila,Maria/Maaria,0,0.2361963190184049,-0.48600032820812467,7
Mary / Maria / Maarja / Mari,Toksova,Maria/Maaria,0,0.2361963190184049,-0.48600032820812467,7
Mary / Maria / Maarja / Mari,Luumäki,Mary,2,2.815950920245399,-0.48624091053472956,9
Mary / Maria / Maarja / Mari,Rovaniemi,Mary,2,2.815950920245399,-0.48624091053472956,9
Mary / Maria / Maarja / Mari,Sääksmäki,Mary,2,2.815950920245399,-0.48624091053472956,9
Mary / Maria / Maarja / Mari,Võnnu,Mari,2,2.8492213308164227,-0.5031040353256334,15
Mary / Maria / Maarja / Mari,Tarvastu,Maria/Maaria,1,1.6533742331288344,-0.5081318537640844,49
Mary / Maria / Maarja / Mari,Hanila,Maria/Maaria,0,0.26993865030674846,-0.519556205146997,8
Mary / Maria / Maarja / Mari,Janakkala,Maria/Maaria,0,0.26993865030674846,-0.519556205146997,8
Mary / Maria / Maarja / Mari,Kanepi,Maria/Maaria,0,0.26993865030674846,-0.519556205146997,8
Mary / Maria / Maarja / Mari,Martna,Maria/Maaria,0,0.26993865030674846,-0.519556205146997,8
Mary / Maria / Maarja / Mari,Muolaa,Maria/Maaria,0,0.26993865030674846,-0.519556205146997,8
Mary / Maria / Maarja / Mari,Ranua,Maria/Maaria,0,0.26993865030674846,-0.519556205146997,8
Mary / Maria / Maarja / Mari,Vändra,Maria/Maaria,0,0.26993865030674846,-0.519556205146997,8
Mary / Maria / Maarja / Mari,Paide,Mary,3,4.067484662576687,-0.52929608522509,13
Mary / Maria / Maarja / Mari,Varbla,Mary,3,4.067484662576687,-0.52929608522509,13
Mary / Maria / Maarja / Mari,Tartu-Maarja,Other,1,1.6989145823501652,-0.5362142234790833,12
Mary / Maria / Maarja / Mari,Tohmajärvi,Other,1,1.6989145823501652,-0.5362142234790833,12
Mary / Maria / Maarja / Mari,Kontokki,Mari,1,1.7095327984898536,-0.5426674303537428,9
Mary / Maria / Maarja / Mari,Iisalmi,Maria/Maaria,0,0.30368098159509205,-0.551072573800486,9
Mary / Maria / Maarja / Mari,Marttila,Maria/Maaria,0,0.30368098159509205,-0.551072573800486,9
Mary / Maria / Maarja / Mari,Reigi,Maria/Maaria,0,0.30368098159509205,-0.551072573800486,9
Mary / Maria / Maarja / Mari,Sääksmäki,Maria/Maaria,0,0.30368098159509205,-0.551072573800486,9
Mary / Maria / Maarja / Mari,Uukuniemi,Maria/Maaria,0,0.30368098159509205,-0.551072573800486,9
Mary / Maria / Maarja / Mari,Nurmes,Other,2,2.973100519112789,-0.5643556897113862,21
Mary / Maria / Maarja / Mari,Asikkala,Maria/Maaria,0,0.3374233128834356,-0.5808814964202557,10
Mary / Maria / Maarja / Mari,Kaavi,Maria/Maaria,0,0.3374233128834356,-0.5808814964202557,10
Mary / Maria / Maarja / Mari,Märjamaa,Maria/Maaria,0,0.3374233128834356,-0.5808814964202557,10
Mary / Maria / Maarja / Mari,Väike-Maarja,Other,3,4.247286455875413,-0.6052160406626819,30
Mary / Maria / Maarja / Mari,Iisaku,Maria/Maaria,0,0.37116564417177916,-0.6092336531838825,11
Mary / Maria / Maarja / Mari,Järva-Madise,Maria/Maaria,0,0.37116564417177916,-0.6092336531838825,11
Mary / Maria / Maarja / Mari,Kullamaa,Maria/Maaria,0,0.37116564417177916,-0.6092336531838825,11
Mary / Maria / Maarja / Mari,Metsäpirtti,Maria/Maaria,0,0.37116564417177916,-0.6092336531838825,11
Mary / Maria / Maarja / Mari,Ambla,Mary,5,6.570552147239264,-0.6127050046170461,21
Mary / Maria / Maarja / Mari,Moloskovitsa,Other,1,1.8404907975460123,-0.6195354153552044,13
Mary / Maria / Maarja / Mari,Varbla,Other,1,1.8404907975460123,-0.6195354153552044,13
Mary / Maria / Maarja / Mari,Venjoki,Other,1,1.8404907975460123,-0.6195354153552044,13
Mary / Maria / Maarja / Mari,Viru-Jaagupi,Other,1,1.8404907975460123,-0.6195354153552044,13
Mary / Maria / Maarja / Mari,Juuru,Maija/Maie,0,0.3928739971684757,-0.6267966154730542,5
Mary / Maria / Maarja / Mari,Kankaanpää,Maija/Maie,0,0.3928739971684757,-0.6267966154730542,5
Mary / Maria / Maarja / Mari,Kesälahti,Maija/Maie,0,0.3928739971684757,-0.6267966154730542,5
Mary / Maria / Maarja / Mari,Koprina,Maija/Maie,0,0.3928739971684757,-0.6267966154730542,5
Mary / Maria / Maarja / Mari,Kõpu,Maija/Maie,0,0.3928739971684757,-0.6267966154730542,5
Mary / Maria / Maarja / Mari,Lappajärvi,Maija/Maie,0,0.3928739971684757,-0.6267966154730542,5
Mary / Maria / Maarja / Mari,Lappee,Maija/Maie,0,0.3928739971684757,-0.6267966154730542,5
Mary / Maria / Maarja / Mari,Markkova,Maija/Maie,0,0.3928739971684757,-0.6267966154730542,5
Mary / Maria / Maarja / Mari,Muurla,Maija/Maie,0,0.3928739971684757,-0.6267966154730542,5
Mary / Maria / Maarja / Mari,Riipuskala,Maija/Maie,0,0.3928739971684757,-0.6267966154730542,5
Mary / Maria / Maarja / Mari,Rääpyvä,Maija/Maie,0,0.3928739971684757,-0.6267966154730542,5
Mary / Maria / Maarja / Mari,Savonranta,Maija/Maie,0,0.3928739971684757,-0.6267966154730542,5
Mary / Maria / Maarja / Mari,Soanlahti,Maija/Maie,0,0.3928739971684757,-0.6267966154730542,5
Mary / Maria / Maarja / Mari,Suomussalmi,Maija/Maie,0,0.3928739971684757,-0.6267966154730542,5
Mary / Maria / Maarja / Mari,Haljala,Other,14,16.56441717791411,-0.6300871134269472,117
Mary / Maria / Maarja / Mari,Pühalepa,Maria/Maaria,0,0.4049079754601227,-0.6363237976534609,12
Mary / Maria / Maarja / Mari,Tartu-Maarja,Maria/Maaria,0,0.4049079754601227,-0.6363237976534609,12
Mary / Maria / Maarja / Mari,Tohmajärvi,Maria/Maaria,0,0.4049079754601227,-0.6363237976534609,12
Mary / Maria / Maarja / Mari,Alatornio,Mary,1,1.8773006134969326,-0.6402970810951929,6
Mary / Maria / Maarja / Mari,Hollola,Mary,1,1.8773006134969326,-0.6402970810951929,6
Mary / Maria / Maarja / Mari,Huittinen,Mary,1,1.8773006134969326,-0.6402970810951929,6
Mary / Maria / Maarja / Mari,Töysä,Mary,1,1.8773006134969326,-0.6402970810951929,6
Mary / Maria / Maarja / Mari,Vigala,Maija/Maie,1,1.8857951864086833,-0.6450391202779592,24
Mary / Maria / Maarja / Mari,Sangaste,Mary,18,20.96319018404908,-0.6471885708268255,67
Mary / Maria / Maarja / Mari,Pärnu,Mary,3,4.380368098159509,-0.6595376766334163,14
Mary / Maria / Maarja / Mari,Mihkli,Maria/Maaria,0,0.4386503067484663,-0.6623068071131886,13
Mary / Maria / Maarja / Mari,Paide,Maria/Maaria,0,0.4386503067484663,-0.6623068071131886,13
Mary / Maria / Maarja / Mari,Rõngu,Maria/Maaria,0,0.4386503067484663,-0.6623068071131886,13
Mary / Maria / Maarja / Mari,Varbla,Maria/Maaria,0,0.4386503067484663,-0.6623068071131886,13
Mary / Maria / Maarja / Mari,Viru-Jaagupi,Maria/Maaria,0,0.4386503067484663,-0.6623068071131886,13
Mary / Maria / Maarja / Mari,Jõelähtme,Mari,2,3.2291175082586125,-0.6839927215627593,17
Mary / Maria / Maarja / Mari,Huittinen,Maija/Maie,0,0.4714487966021708,-0.6866212905249668,6
Mary / Maria / Maarja / Mari,Kaarma,Maija/Maie,0,0.4714487966021708,-0.6866212905249668,6
Mary / Maria / Maarja / Mari,Kuopio,Maija/Maie,0,0.4714487966021708,-0.6866212905249668,6
Mary / Maria / Maarja / Mari,Liissilä,Maija/Maie,0,0.4714487966021708,-0.6866212905249668,6
Mary / Maria / Maarja / Mari,Paltamo,Maija/Maie,0,0.4714487966021708,-0.6866212905249668,6
Mary / Maria / Maarja / Mari,Pälkjärvi,Maija/Maie,0,0.4714487966021708,-0.6866212905249668,6
Mary / Maria / Maarja / Mari,Rapla,Maija/Maie,0,0.4714487966021708,-0.6866212905249668,6
Mary / Maria / Maarja / Mari,Ridala,Maija/Maie,0,0.4714487966021708,-0.6866212905249668,6
Mary / Maria / Maarja / Mari,Tulemajärvi,Maija/Maie,0,0.4714487966021708,-0.6866212905249668,6
Mary / Maria / Maarja / Mari,Kodavere,Maria/Maaria,0,0.4723926380368098,-0.6873082554697053,14
Mary / Maria / Maarja / Mari,Muhu,Maria/Maaria,0,0.4723926380368098,-0.6873082554697053,14
Mary / Maria / Maarja / Mari,Pärnu,Maria/Maaria,0,0.4723926380368098,-0.6873082554697053,14
Mary / Maria / Maarja / Mari,Tõstamaa,Maria/Maaria,0,0.4723926380368098,-0.6873082554697053,14
Mary / Maria / Maarja / Mari,Muhu,Other,1,1.9820670127418594,-0.6975606226455654,14
Mary / Maria / Maarja / Mari,Võnnu,Maria/Maaria,0,0.5061349693251533,-0.7114316336269798,15
Mary / Maria / Maarja / Mari,Korpiselkä,Mari,3,4.558754129306276,-0.7300532390112029,24
Mary / Maria / Maarja / Mari,Häädemeeste,Maria/Maaria,0,0.5398773006134969,-0.7347634317339812,16
Mary / Maria / Maarja / Mari,Kivennapa,Maria/Maaria,0,0.5398773006134969,-0.7347634317339812,16
Mary / Maria / Maarja / Mari,Otepää,Maria/Maaria,0,0.5398773006134969,-0.7347634317339812,16
Mary / Maria / Maarja / Mari,Põlva,Maria/Maaria,0,0.5398773006134969,-0.7347634317339812,16
Mary / Maria / Maarja / Mari,Tarvastu,Other,5,6.937234544596508,-0.7355107349285577,49
Mary / Maria / Maarja / Mari,Karula,Maija/Maie,0,0.5500235960358659,-0.7416357569830798,7
Mary / Maria / Maarja / Mari,Mustjala,Maija/Maie,0,0.5500235960358659,-0.7416357569830798,7
Mary / Maria / Maarja / Mari,Toksova,Maija/Maie,0,0.5500235960358659,-0.7416357569830798,7
Mary / Maria / Maarja / Mari,Järva-Jaani,Berry,3,4.622227465785748,-0.7545466463696299,19
Mary / Maria / Maarja / Mari,Torma,Berry,3,4.622227465785748,-0.7545466463696299,19
Mary / Maria / Maarja / Mari,Audru,Maria/Maaria,0,0.5736196319018405,-0.757376809720129,17
Mary / Maria / Maarja / Mari,Jõelähtme,Maria/Maaria,0,0.5736196319018405,-0.757376809720129,17
Mary / Maria / Maarja / Mari,Äksi,Maria/Maaria,0,0.5736196319018405,-0.757376809720129,17
Mary / Maria / Maarja / Mari,Koeru,Other,2,3.3978291647003305,-0.7583214271814773,24
Mary / Maria / Maarja / Mari,Korpiselkä,Other,2,3.3978291647003305,-0.7583214271814773,24
Mary / Maria / Maarja / Mari,Halliste,Mari,10,12.726521944313355,-0.7642828811120952,67
Mary / Maria / Maarja / Mari,Sangaste,Mari,10,12.726521944313355,-0.7642828811120952,67
Mary / Maria / Maarja / Mari,Saarde,Mari,2,3.4190655969797072,-0.76744763986442,18
Mary / Maria / Maarja / Mari,Kiuruvesi,Other,1,2.1236432279377064,-0.7710590877660384,15
Mary / Maria / Maarja / Mari,Uskela,Other,1,2.1236432279377064,-0.7710590877660384,15
Mary / Maria / Maarja / Mari,Porajärvi,Maria/Maaria,0,0.6073619631901841,-0.7793343077204955,18
Mary / Maria / Maarja / Mari,Saarde,Maria/Maaria,0,0.6073619631901841,-0.7793343077204955,18
Mary / Maria / Maarja / Mari,Hanila,Maija/Maie,0,0.6285983954695611,-0.7928419738318355,8
Mary / Maria / Maarja / Mari,Kanepi,Maija/Maie,0,0.6285983954695611,-0.7928419738318355,8
Mary / Maria / Maarja / Mari,Martna,Maija/Maie,0,0.6285983954695611,-0.7928419738318355,8
Mary / Maria / Maarja / Mari,Muolaa,Maija/Maie,0,0.6285983954695611,-0.7928419738318355,8
Mary / Maria / Maarja / Mari,Pieksämäki,Maija/Maie,0,0.6285983954695611,-0.7928419738318355,8
Mary / Maria / Maarja / Mari,Pielavesi,Maija/Maie,0,0.6285983954695611,-0.7928419738318355,8
Mary / Maria / Maarja / Mari,Vändra,Maija/Maie,0,0.6285983954695611,-0.7928419738318355,8
Mary / Maria / Maarja / Mari,Järva-Jaani,Maria/Maaria,0,0.6411042944785276,-0.8006898865843927,19
Mary / Maria / Maarja / Mari,Kitee,Maria/Maaria,0,0.6411042944785276,-0.8006898865843927,19
Mary / Maria / Maarja / Mari,Torma,Maria/Maaria,0,0.6411042944785276,-0.8006898865843927,19
Mary / Maria / Maarja / Mari,Tervo,Mary,1,2.1901840490797544,-0.804218056333589,7
Mary / Maria / Maarja / Mari,Häädemeeste,Other,1,2.2652194431335535,-0.8406412888187725,16
Mary / Maria / Maarja / Mari,Kivennapa,Other,1,2.2652194431335535,-0.8406412888187725,16
Mary / Maria / Maarja / Mari,Põlva,Other,1,2.2652194431335535,-0.8406412888187725,16
Mary / Maria / Maarja / Mari,Iisalmi,Maija/Maie,0,0.7071731949032563,-0.8409359041587273,9
Mary / Maria / Maarja / Mari,Kontokki,Maija/Maie,0,0.7071731949032563,-0.8409359041587273,9
Mary / Maria / Maarja / Mari,Kuhmo,Maija/Maie,0,0.7071731949032563,-0.8409359041587273,9
Mary / Maria / Maarja / Mari,Luumäki,Maija/Maie,0,0.7071731949032563,-0.8409359041587273,9
Mary / Maria / Maarja / Mari,Reigi,Maija/Maie,0,0.7071731949032563,-0.8409359041587273,9
Mary / Maria / Maarja / Mari,Uukuniemi,Maija/Maie,0,0.7071731949032563,-0.8409359041587273,9
Mary / Maria / Maarja / Mari,Hauho,Other,0,0.7078810759792354,-0.8413566877247933,5
Mary / Maria / Maarja / Mari,Hämeenlinna,Other,0,0.7078810759792354,-0.8413566877247933,5
Mary / Maria / Maarja / Mari,Jokioinen,Other,0,0.7078810759792354,-0.8413566877247933,5
Mary / Maria / Maarja / Mari,Kankaanpää,Other,0,0.7078810759792354,-0.8413566877247933,5
Mary / Maria / Maarja / Mari,Kõpu,Other,0,0.7078810759792354,-0.8413566877247933,5
Mary / Maria / Maarja / Mari,Markkova,Other,0,0.7078810759792354,-0.8413566877247933,5
Mary / Maria / Maarja / Mari,Muhos,Other,0,0.7078810759792354,-0.8413566877247933,5
Mary / Maria / Maarja / Mari,Riipuskala,Other,0,0.7078810759792354,-0.8413566877247933,5
Mary / Maria / Maarja / Mari,Rääpyvä,Other,0,0.7078810759792354,-0.8413566877247933,5
Mary / Maria / Maarja / Mari,Soanlahti,Other,0,0.7078810759792354,-0.8413566877247933,5
Mary / Maria / Maarja / Mari,Uusikaupunki,Other,0,0.7078810759792354,-0.8413566877247933,5
Mary / Maria / Maarja / Mari,Ambla,Maria/Maaria,0,0.7085889570552147,-0.8417772609516218,21
Mary / Maria / Maarja / Mari,Tartu-Maarja,Mari,1,2.279377064653138,-0.8474039301070055,12
Mary / Maria / Maarja / Mari,Simuna,Maria/Maaria,0,0.7423312883435583,-0.8615864949867531,22
Mary / Maria / Maarja / Mari,Lempaala,Maria/Maaria,0,0.7760736196319018,-0.8809504070218152,23
Mary / Maria / Maarja / Mari,Kaavi,Maija/Maie,0,0.7857479943369514,-0.8864242744515469,10
Mary / Maria / Maarja / Mari,Märjamaa,Maija/Maie,0,0.7857479943369514,-0.8864242744515469,10
Mary / Maria / Maarja / Mari,Haljala,Mari,18,22.2239263803681,-0.8959957410310264,117
Mary / Maria / Maarja / Mari,Häädemeeste,Mary,3,5.006134969325154,-0.8966209271326497,16
Mary / Maria / Maarja / Mari,Saarijärvi,Mary,3,5.006134969325154,-0.8966209271326497,16
Mary / Maria / Maarja / Mari,Türi,Mary,3,5.006134969325154,-0.8966209271326497,16
Mary / Maria / Maarja / Mari,Koeru,Maria/Maaria,0,0.8098159509202454,-0.8998977447022776,24
Mary / Maria / Maarja / Mari,Korpiselkä,Maria/Maaria,0,0.8098159509202454,-0.8998977447022776,24
Mary / Maria / Maarja / Mari,Pärnu-Jaagupi,Maria/Maaria,0,0.8098159509202454,-0.8998977447022776,24
Mary / Maria / Maarja / Mari,Vigala,Maria/Maaria,0,0.8098159509202454,-0.8998977447022776,24
Mary / Maria / Maarja / Mari,Tartu-Maarja,Mary,2,3.754601226993865,-0.9055168160327274,12
Mary / Maria / Maarja / Mari,Jõelähtme,Other,1,2.4067956583294006,-0.9067997873885018,17
Mary / Maria / Maarja / Mari,Äksi,Other,1,2.4067956583294006,-0.9067997873885018,17
Mary / Maria / Maarja / Mari,Koeru,Mary,5,7.50920245398773,-0.9156696019857828,24
Mary / Maria / Maarja / Mari,Karuse,Maria/Maaria,0,0.843558282208589,-0.9184542896674766,25
Mary / Maria / Maarja / Mari,Laiuse,Maria/Maaria,0,0.843558282208589,-0.9184542896674766,25
Mary / Maria / Maarja / Mari,Peetri,Maria/Maaria,0,0.843558282208589,-0.9184542896674766,25
Mary / Maria / Maarja / Mari,Märjamaa,Berry,1,2.4327512977819725,-0.918590509300065,10
Mary / Maria / Maarja / Mari,Hollola,Other,0,0.8494572911750826,-0.9216600735493985,6
Mary / Maria / Maarja / Mari,Humppila,Other,0,0.8494572911750826,-0.9216600735493985,6
Mary / Maria / Maarja / Mari,Kontiolahti,Other,0,0.8494572911750826,-0.9216600735493985,6
Mary / Maria / Maarja / Mari,Kurikka,Other,0,0.8494572911750826,-0.9216600735493985,6
Mary / Maria / Maarja / Mari,Paimio,Other,0,0.8494572911750826,-0.9216600735493985,6
Mary / Maria / Maarja / Mari,Paltamo,Other,0,0.8494572911750826,-0.9216600735493985,6
Mary / Maria / Maarja / Mari,Rapla,Other,0,0.8494572911750826,-0.9216600735493985,6
Mary / Maria / Maarja / Mari,Iisaku,Maija/Maie,0,0.8643227937706466,-0.9296896222775893,11
Mary / Maria / Maarja / Mari,Järva-Madise,Maija/Maie,0,0.8643227937706466,-0.9296896222775893,11
Mary / Maria / Maarja / Mari,Kullamaa,Maija/Maie,0,0.8643227937706466,-0.9296896222775893,11
Mary / Maria / Maarja / Mari,Lüganuse,Other,2,3.8225578102878717,-0.9321896606240017,27
Mary / Maria / Maarja / Mari,Pöide,Other,2,3.8225578102878717,-0.9321896606240017,27
Mary / Maria / Maarja / Mari,Kolga-Jaani,Maria/Maaria,1,2.46319018404908,-0.93229167544758,73
Mary / Maria / Maarja / Mari,Maarja-Magdaleena,Maria/Maaria,0,0.8773006134969326,-0.9366432690714926,26
Mary / Maria / Maarja / Mari,Puhja,Mari,3,5.128598395469561,-0.9399275609855279,27
Mary / Maria / Maarja / Mari,Vastseliina,Mary,10,13.45398773006135,-0.9416625022464498,43
Mary / Maria / Maarja / Mari,Janakkala,Mary,1,2.503067484662577,-0.9500406773313159,8
Mary / Maria / Maarja / Mari,Ranua,Mary,1,2.503067484662577,-0.9500406773313159,8
Mary / Maria / Maarja / Mari,Vändra,Mary,1,2.503067484662577,-0.9500406773313159,8
Mary / Maria / Maarja / Mari,Lüganuse,Maria/Maaria,0,0.911042944785276,-0.9544856964801913,27
Mary / Maria / Maarja / Mari,Puhja,Maria/Maaria,0,0.911042944785276,-0.9544856964801913,27
Mary / Maria / Maarja / Mari,Pöide,Maria/Maaria,0,0.911042944785276,-0.9544856964801913,27
Mary / Maria / Maarja / Mari,Pühalepa,Maija/Maie,0,0.9428975932043416,-0.9710291412745251,12
Mary / Maria / Maarja / Mari,Tartu-Maarja,Maija/Maie,0,0.9428975932043416,-0.9710291412745251,12
Mary / Maria / Maarja / Mari,Tohmajärvi,Maija/Maie,0,0.9428975932043416,-0.9710291412745251,12
Mary / Maria / Maarja / Mari,Uhtua,Maija/Maie,0,0.9428975932043416,-0.9710291412745251,12
Mary / Maria / Maarja / Mari,Hargla,Maria/Maaria,0,0.9447852760736196,-0.9720006564162493,28
Mary / Maria / Maarja / Mari,Hauho,Mari,0,0.9497404436054743,-0.9745462757639959,5
Mary / Maria / Maarja / Mari,Hämeenlinna,Mari,0,0.9497404436054743,-0.9745462757639959,5
Mary / Maria / Maarja / Mari,Jokioinen,Mari,0,0.9497404436054743,-0.9745462757639959,5
Mary / Maria / Maarja / Mari,Kankaanpää,Mari,0,0.9497404436054743,-0.9745462757639959,5
Mary / Maria / Maarja / Mari,Kesälahti,Mari,0,0.9497404436054743,-0.9745462757639959,5
Mary / Maria / Maarja / Mari,Lappajärvi,Mari,0,0.9497404436054743,-0.9745462757639959,5
Mary / Maria / Maarja / Mari,Lappee,Mari,0,0.9497404436054743,-0.9745462757639959,5
Mary / Maria / Maarja / Mari,Leppävirta,Mari,0,0.9497404436054743,-0.9745462757639959,5
Mary / Maria / Maarja / Mari,Muhos,Mari,0,0.9497404436054743,-0.9745462757639959,5
Mary / Maria / Maarja / Mari,Muurla,Mari,0,0.9497404436054743,-0.9745462757639959,5
Mary / Maria / Maarja / Mari,Piippola,Mari,0,0.9497404436054743,-0.9745462757639959,5
Mary / Maria / Maarja / Mari,Riipuskala,Mari,0,0.9497404436054743,-0.9745462757639959,5
Mary / Maria / Maarja / Mari,Rääpyvä,Mari,0,0.9497404436054743,-0.9745462757639959,5
Mary / Maria / Maarja / Mari,Savonranta,Mari,0,0.9497404436054743,-0.9745462757639959,5
Mary / Maria / Maarja / Mari,Soanlahti,Mari,0,0.9497404436054743,-0.9745462757639959,5
Mary / Maria / Maarja / Mari,Suomussalmi,Mari,0,0.9497404436054743,-0.9745462757639959,5
Mary / Maria / Maarja / Mari,Uusikaupunki,Mari,0,0.9497404436054743,-0.9745462757639959,5
Mary / Maria / Maarja / Mari,Jõhvi,Maria/Maaria,1,2.5644171779141103,-0.9769182826747373,76
Mary / Maria / Maarja / Mari,Hargla,Other,2,3.9641340254837187,-0.9864996931227793,28
Mary / Maria / Maarja / Mari,Laihia,Other,0,0.9910335063709297,-0.9955066581248614,7
Mary / Maria / Maarja / Mari,Loppi,Other,0,0.9910335063709297,-0.9955066581248614,7
Mary / Maria / Maarja / Mari,Pudasjärvi,Other,0,0.9910335063709297,-0.9955066581248614,7
Mary / Maria / Maarja / Mari,Rantsila,Other,0,0.9910335063709297,-0.9955066581248614,7
Mary / Maria / Maarja / Mari,Somero,Other,0,0.9910335063709297,-0.9955066581248614,7
Mary / Maria / Maarja / Mari,Tervo,Other,0,0.9910335063709297,-0.9955066581248614,7
Mary / Maria / Maarja / Mari,Toksova,Other,0,0.9910335063709297,-0.9955066581248614,7
Mary / Maria / Maarja / Mari,Ambla,Mari,2,3.988909863142992,-0.995836384992428,21
Mary / Maria / Maarja / Mari,Viljandi,Other,7,10.19348749410099,-1.0002390888391293,72
Mary / Maria / Maarja / Mari,Äksi,Mary,3,5.319018404907975,-1.0055147574249346,17
Mary / Maria / Maarja / Mari,Jüri,Mary,5,7.822085889570552,-1.0090412880269573,25
Mary / Maria / Maarja / Mari,Peetri,Mary,5,7.822085889570552,-1.0090412880269573,25
Mary / Maria / Maarja / Mari,Mihkli,Maija/Maie,0,1.021472392638037,-1.0106791739409875,13
Mary / Maria / Maarja / Mari,Moloskovitsa,Maija/Maie,0,1.021472392638037,-1.0106791739409875,13
Mary / Maria / Maarja / Mari,Paide,Maija/Maie,0,1.021472392638037,-1.0106791739409875,13
Mary / Maria / Maarja / Mari,Rõngu,Maija/Maie,0,1.021472392638037,-1.0106791739409875,13
Mary / Maria / Maarja / Mari,Varbla,Maija/Maie,0,1.021472392638037,-1.0106791739409875,13
Mary / Maria / Maarja / Mari,Venjoki,Maija/Maie,0,1.021472392638037,-1.0106791739409875,13
Mary / Maria / Maarja / Mari,Viru-Jaagupi,Maija/Maie,0,1.021472392638037,-1.0106791739409875,13
Mary / Maria / Maarja / Mari,Kolga-Jaani,Mary,18,22.84049079754601,-1.012830294413486,73
Mary / Maria / Maarja / Mari,Vuokkiniemi,Maija/Maie,1,2.6715431807456347,-1.022672319322365,34
Mary / Maria / Maarja / Mari,Iisaku,Berry,1,2.6760264275601697,-1.0245559110305336,11
Mary / Maria / Maarja / Mari,Järva-Jaani,Other,1,2.6899480887210947,-1.0303894771813262,19
Mary / Maria / Maarja / Mari,Kose,Maria/Maaria,0,1.0797546012269938,-1.039112410293994,32
Mary / Maria / Maarja / Mari,Muhu,Maija/Maie,0,1.1000471920717318,-1.0488313458663086,14
Mary / Maria / Maarja / Mari,Pärnu,Maija/Maie,0,1.1000471920717318,-1.0488313458663086,14
Mary / Maria / Maarja / Mari,Tõstamaa,Maija/Maie,0,1.1000471920717318,-1.0488313458663086,14
Mary / Maria / Maarja / Mari,Urvaste,Maria/Maaria,0,1.1134969325153374,-1.0552236409952809,33
Mary / Maria / Maarja / Mari,Janakkala,Other,0,1.1326097215667768,-1.064241383130151,8
Mary / Maria / Maarja / Mari,Kuusamo,Other,0,1.1326097215667768,-1.064241383130151,8
Mary / Maria / Maarja / Mari,Martna,Other,0,1.1326097215667768,-1.064241383130151,8
Mary / Maria / Maarja / Mari,Alatornio,Mari,0,1.139688532326569,-1.0675619571371815,6
Mary / Maria / Maarja / Mari,Hollola,Mari,0,1.139688532326569,-1.0675619571371815,6
Mary / Maria / Maarja / Mari,Huittinen,Mari,0,1.139688532326569,-1.0675619571371815,6
Mary / Maria / Maarja / Mari,Humppila,Mari,0,1.139688532326569,-1.0675619571371815,6
Mary / Maria / Maarja / Mari,Kaarma,Mari,0,1.139688532326569,-1.0675619571371815,6
Mary / Maria / Maarja / Mari,Kalajoki,Mari,0,1.139688532326569,-1.0675619571371815,6
Mary / Maria / Maarja / Mari,Kuopio,Mari,0,1.139688532326569,-1.0675619571371815,6
Mary / Maria / Maarja / Mari,Kurikka,Mari,0,1.139688532326569,-1.0675619571371815,6
Mary / Maria / Maarja / Mari,Liperi,Mari,0,1.139688532326569,-1.0675619571371815,6
Mary / Maria / Maarja / Mari,Paimio,Mari,0,1.139688532326569,-1.0675619571371815,6
Mary / Maria / Maarja / Mari,Paltamo,Mari,0,1.139688532326569,-1.0675619571371815,6
Mary / Maria / Maarja / Mari,Pyhäjärvi Ul.,Mari,0,1.139688532326569,-1.0675619571371815,6
Mary / Maria / Maarja / Mari,Pälkjärvi,Mari,0,1.139688532326569,-1.0675619571371815,6
Mary / Maria / Maarja / Mari,Tulemajärvi,Mari,0,1.139688532326569,-1.0675619571371815,6
Mary / Maria / Maarja / Mari,Töysä,Mari,0,1.139688532326569,-1.0675619571371815,6
Mary / Maria / Maarja / Mari,Suure-Jaani,Maria/Maaria,0,1.147239263803681,-1.0710925561330735,34
Mary / Maria / Maarja / Mari,Reigi,Mary,1,2.815950920245399,-1.0821602219419544,9
Mary / Maria / Maarja / Mari,Võnnu,Maija/Maie,0,1.178621991505427,-1.0856435840115426,15
Mary / Maria / Maarja / Mari,Hauho,Berry,0,1.2163756488909863,-1.1028942147327578,5
Mary / Maria / Maarja / Mari,Hämeenlinna,Berry,0,1.2163756488909863,-1.1028942147327578,5
Mary / Maria / Maarja / Mari,Jokioinen,Berry,0,1.2163756488909863,-1.1028942147327578,5
Mary / Maria / Maarja / Mari,Kankaanpää,Berry,0,1.2163756488909863,-1.1028942147327578,5
Mary / Maria / Maarja / Mari,Kesälahti,Berry,0,1.2163756488909863,-1.1028942147327578,5
Mary / Maria / Maarja / Mari,Koivisto,Berry,0,1.2163756488909863,-1.1028942147327578,5
Mary / Maria / Maarja / Mari,Koprina,Berry,0,1.2163756488909863,-1.1028942147327578,5
Mary / Maria / Maarja / Mari,Kõpu,Berry,0,1.2163756488909863,-1.1028942147327578,5
Mary / Maria / Maarja / Mari,Lappajärvi,Berry,0,1.2163756488909863,-1.1028942147327578,5
Mary / Maria / Maarja / Mari,Lappee,Berry,0,1.2163756488909863,-1.1028942147327578,5
Mary / Maria / Maarja / Mari,Leppävirta,Berry,0,1.2163756488909863,-1.1028942147327578,5
Mary / Maria / Maarja / Mari,Markkova,Berry,0,1.2163756488909863,-1.1028942147327578,5
Mary / Maria / Maarja / Mari,Muhos,Berry,0,1.2163756488909863,-1.1028942147327578,5
Mary / Maria / Maarja / Mari,Muurla,Berry,0,1.2163756488909863,-1.1028942147327578,5
Mary / Maria / Maarja / Mari,Piippola,Berry,0,1.2163756488909863,-1.1028942147327578,5
Mary / Maria / Maarja / Mari,Riipuskala,Berry,0,1.2163756488909863,-1.1028942147327578,5
Mary / Maria / Maarja / Mari,Rääpyvä,Berry,0,1.2163756488909863,-1.1028942147327578,5
Mary / Maria / Maarja / Mari,Savonranta,Berry,0,1.2163756488909863,-1.1028942147327578,5
Mary / Maria / Maarja / Mari,Soanlahti,Berry,0,1.2163756488909863,-1.1028942147327578,5
Mary / Maria / Maarja / Mari,Suomussalmi,Berry,0,1.2163756488909863,-1.1028942147327578,5
Mary / Maria / Maarja / Mari,Uusikaupunki,Berry,0,1.2163756488909863,-1.1028942147327578,5
Mary / Maria / Maarja / Mari,Väike-Maarja,Mary,6,9.386503067484663,-1.1053493498128641,30
Mary / Maria / Maarja / Mari,Vastseliina,Mari,5,8.167767815007078,-1.108413100700596,43
Mary / Maria / Maarja / Mari,Häädemeeste,Maija/Maie,0,1.2571967909391222,-1.1212478722116366,16
Mary / Maria / Maarja / Mari,Kursi,Maija/Maie,0,1.2571967909391222,-1.1212478722116366,16
Mary / Maria / Maarja / Mari,Otepää,Maija/Maie,0,1.2571967909391222,-1.1212478722116366,16
Mary / Maria / Maarja / Mari,Põlva,Maija/Maie,0,1.2571967909391222,-1.1212478722116366,16
Mary / Maria / Maarja / Mari,Türi,Maija/Maie,0,1.2571967909391222,-1.1212478722116366,16
Mary / Maria / Maarja / Mari,Kuhmo,Other,0,1.2741859367626238,-1.1287984482460205,9
Mary / Maria / Maarja / Mari,Marttila,Other,0,1.2741859367626238,-1.1287984482460205,9
Mary / Maria / Maarja / Mari,Reigi,Other,0,1.2741859367626238,-1.1287984482460205,9
Mary / Maria / Maarja / Mari,Uukuniemi,Other,0,1.2741859367626238,-1.1287984482460205,9
Mary / Maria / Maarja / Mari,Sangaste,Other,6,9.485606418121755,-1.1317377340703854,67
Mary / Maria / Maarja / Mari,Rõuge,Maria/Maaria,0,1.2822085889570551,-1.1323464968626233,38
Mary / Maria / Maarja / Mari,Karksi,Other,14,18.97121283624351,-1.1413393983882103,134
Mary / Maria / Maarja / Mari,Kauhava,Mari,0,1.329636621047664,-1.15309870394848,7
Mary / Maria / Maarja / Mari,Kiihtelysvaara,Mari,0,1.329636621047664,-1.15309870394848,7
Mary / Maria / Maarja / Mari,Laihia,Mari,0,1.329636621047664,-1.15309870394848,7
Mary / Maria / Maarja / Mari,Loppi,Mari,0,1.329636621047664,-1.15309870394848,7
Mary / Maria / Maarja / Mari,Mäntyharju,Mari,0,1.329636621047664,-1.15309870394848,7
Mary / Maria / Maarja / Mari,Pielisjärvi,Mari,0,1.329636621047664,-1.15309870394848,7
Mary / Maria / Maarja / Mari,Pudasjärvi,Mari,0,1.329636621047664,-1.15309870394848,7
Mary / Maria / Maarja / Mari,Rantsila,Mari,0,1.329636621047664,-1.15309870394848,7
Mary / Maria / Maarja / Mari,Somero,Mari,0,1.329636621047664,-1.15309870394848,7
Mary / Maria / Maarja / Mari,Tervo,Mari,0,1.329636621047664,-1.15309870394848,7
Mary / Maria / Maarja / Mari,Audru,Maija/Maie,0,1.3357715903728173,-1.1557558524069074,17
Mary / Maria / Maarja / Mari,Impilahti,Maija/Maie,0,1.3357715903728173,-1.1557558524069074,17
Mary / Maria / Maarja / Mari,Jõelähtme,Maija/Maie,0,1.3357715903728173,-1.1557558524069074,17
Mary / Maria / Maarja / Mari,Äksi,Maija/Maie,0,1.3357715903728173,-1.1557558524069074,17
Mary / Maria / Maarja / Mari,Pilistvere,Maria/Maaria,0,1.383435582822086,-1.1761953846287978,41
Mary / Maria / Maarja / Mari,Risti,Maria/Maaria,0,1.383435582822086,-1.1761953846287978,41
Mary / Maria / Maarja / Mari,Kose,Other,2,4.530438886267107,-1.1888463117383061,32
Mary / Maria / Maarja / Mari,Porajärvi,Maija/Maie,0,1.4143463898065125,-1.1892629607477534,18
Mary / Maria / Maarja / Mari,Saarde,Maija/Maie,0,1.4143463898065125,-1.1892629607477534,18
Mary / Maria / Maarja / Mari,Kaprio,Maria/Maaria,0,1.4171779141104295,-1.1904528189350596,42
Mary / Maria / Maarja / Mari,Asikkala,Mary,1,3.128834355828221,-1.2035124423808323,10
Mary / Maria / Maarja / Mari,Märjamaa,Mary,1,3.128834355828221,-1.2035124423808323,10
Mary / Maria / Maarja / Mari,Vastseliina,Maria/Maaria,0,1.450920245398773,-1.204541508375188,43
Mary / Maria / Maarja / Mari,Alatornio,Berry,0,1.4596507786691835,-1.208160079902156,6
Mary / Maria / Maarja / Mari,Hollola,Berry,0,1.4596507786691835,-1.208160079902156,6
Mary / Maria / Maarja / Mari,Huittinen,Berry,0,1.4596507786691835,-1.208160079902156,6
Mary / Maria / Maarja / Mari,Humppila,Berry,0,1.4596507786691835,-1.208160079902156,6
Mary / Maria / Maarja / Mari,Kalajoki,Berry,0,1.4596507786691835,-1.208160079902156,6
Mary / Maria / Maarja / Mari,Kontiolahti,Berry,0,1.4596507786691835,-1.208160079902156,6
Mary / Maria / Maarja / Mari,Kuopio,Berry,0,1.4596507786691835,-1.208160079902156,6
Mary / Maria / Maarja / Mari,Kurikka,Berry,0,1.4596507786691835,-1.208160079902156,6
Mary / Maria / Maarja / Mari,Liissilä,Berry,0,1.4596507786691835,-1.208160079902156,6
Mary / Maria / Maarja / Mari,Liperi,Berry,0,1.4596507786691835,-1.208160079902156,6
Mary / Maria / Maarja / Mari,Paimio,Berry,0,1.4596507786691835,-1.208160079902156,6
Mary / Maria / Maarja / Mari,Paltamo,Berry,0,1.4596507786691835,-1.208160079902156,6
Mary / Maria / Maarja / Mari,Pyhäjärvi Ul.,Berry,0,1.4596507786691835,-1.208160079902156,6
Mary / Maria / Maarja / Mari,Pälkjärvi,Berry,0,1.4596507786691835,-1.208160079902156,6
Mary / Maria / Maarja / Mari,Ridala,Berry,0,1.4596507786691835,-1.208160079902156,6
Mary / Maria / Maarja / Mari,Sortavala,Berry,0,1.4596507786691835,-1.208160079902156,6
Mary / Maria / Maarja / Mari,Tulemajärvi,Berry,0,1.4596507786691835,-1.208160079902156,6
Mary / Maria / Maarja / Mari,Töysä,Berry,0,1.4596507786691835,-1.208160079902156,6
Mary / Maria / Maarja / Mari,Järva-Jaani,Maija/Maie,0,1.4929211892402077,-1.2218515414076325,19
Mary / Maria / Maarja / Mari,Kitee,Maija/Maie,0,1.4929211892402077,-1.2218515414076325,19
Mary / Maria / Maarja / Mari,Torma,Maija/Maie,0,1.4929211892402077,-1.2218515414076325,19
Mary / Maria / Maarja / Mari,Janakkala,Mari,0,1.519584709768759,-1.2327143666595108,8
Mary / Maria / Maarja / Mari,Kanepi,Mari,0,1.519584709768759,-1.2327143666595108,8
Mary / Maria / Maarja / Mari,Kuusamo,Mari,0,1.519584709768759,-1.2327143666595108,8
Mary / Maria / Maarja / Mari,Martna,Mari,0,1.519584709768759,-1.2327143666595108,8
Mary / Maria / Maarja / Mari,Pieksämäki,Mari,0,1.519584709768759,-1.2327143666595108,8
Mary / Maria / Maarja / Mari,Pielavesi,Mari,0,1.519584709768759,-1.2327143666595108,8
Mary / Maria / Maarja / Mari,Ranua,Mari,0,1.519584709768759,-1.2327143666595108,8
Mary / Maria / Maarja / Mari,Uskela,Mary,2,4.693251533742331,-1.243197134585532,15
Mary / Maria / Maarja / Mari,Iisaku,Other,0,1.5573383671543182,-1.2479336389224862,11
Mary / Maria / Maarja / Mari,Kullamaa,Other,0,1.5573383671543182,-1.2479336389224862,11
Mary / Maria / Maarja / Mari,Juuru,Mary,0,1.5644171779141105,-1.2507666360732965,5
Mary / Maria / Maarja / Mari,Kõpu,Mary,0,1.5644171779141105,-1.2507666360732965,5
Mary / Maria / Maarja / Mari,Rannu,Maija/Maie,0,1.5714959886739028,-1.2535932309461084,20
Mary / Maria / Maarja / Mari,Risti,Berry,6,9.974280320906088,-1.2583971077744056,41
Mary / Maria / Maarja / Mari,Tori,Maria/Maaria,0,1.5858895705521472,-1.2593210752433819,47
Mary / Maria / Maarja / Mari,Viljandi,Mari,9,13.676262387918829,-1.2644893021976285,72
Mary / Maria / Maarja / Mari,Ambla,Maija/Maie,0,1.650070788107598,-1.2845508118044993,21
Mary / Maria / Maarja / Mari,Repola,Maija/Maie,0,1.650070788107598,-1.2845508118044993,21
Mary / Maria / Maarja / Mari,Vuole,Maija/Maie,0,1.650070788107598,-1.2845508118044993,21
Mary / Maria / Maarja / Mari,Kauhava,Berry,0,1.702925908447381,-1.3049620333355991,7
Mary / Maria / Maarja / Mari,Kiihtelysvaara,Berry,0,1.702925908447381,-1.3049620333355991,7
Mary / Maria / Maarja / Mari,Laihia,Berry,0,1.702925908447381,-1.3049620333355991,7
Mary / Maria / Maarja / Mari,Loppi,Berry,0,1.702925908447381,-1.3049620333355991,7
Mary / Maria / Maarja / Mari,Mäntyharju,Berry,0,1.702925908447381,-1.3049620333355991,7
Mary / Maria / Maarja / Mari,Pielisjärvi,Berry,0,1.702925908447381,-1.3049620333355991,7
Mary / Maria / Maarja / Mari,Pudasjärvi,Berry,0,1.702925908447381,-1.3049620333355991,7
Mary / Maria / Maarja / Mari,Rantsila,Berry,0,1.702925908447381,-1.3049620333355991,7
Mary / Maria / Maarja / Mari,Somero,Berry,0,1.702925908447381,-1.3049620333355991,7
Mary / Maria / Maarja / Mari,Tervo,Berry,0,1.702925908447381,-1.3049620333355991,7
Mary / Maria / Maarja / Mari,Toksova,Berry,0,1.702925908447381,-1.3049620333355991,7
Mary / Maria / Maarja / Mari,Iisalmi,Mari,0,1.7095327984898536,-1.3074910318965303,9
Mary / Maria / Maarja / Mari,Kuhmo,Mari,0,1.7095327984898536,-1.3074910318965303,9
Mary / Maria / Maarja / Mari,Luumäki,Mari,0,1.7095327984898536,-1.3074910318965303,9
Mary / Maria / Maarja / Mari,Marttila,Mari,0,1.7095327984898536,-1.3074910318965303,9
Mary / Maria / Maarja / Mari,Rovaniemi,Mari,0,1.7095327984898536,-1.3074910318965303,9
Mary / Maria / Maarja / Mari,Sääksmäki,Mari,0,1.7095327984898536,-1.3074910318965303,9
Mary / Maria / Maarja / Mari,Uukuniemi,Mari,0,1.7095327984898536,-1.3074910318965303,9
Mary / Maria / Maarja / Mari,Räpina,Other,5,8.919301557338366,-1.312330602496345,63
Mary / Maria / Maarja / Mari,Simuna,Maija/Maie,0,1.7286455875412932,-1.3147796726224865,22
Mary / Maria / Maarja / Mari,Kose,Berry,4,7.784804152902312,-1.356499274925429,32
Mary / Maria / Maarja / Mari,Mihkli,Other,0,1.8404907975460123,-1.3566468949384036,13
Mary / Maria / Maarja / Mari,Paide,Other,0,1.8404907975460123,-1.3566468949384036,13
Mary / Maria / Maarja / Mari,Kaarma,Mary,0,1.8773006134969326,-1.3701462015043988,6
Mary / Maria / Maarja / Mari,Rapla,Mary,0,1.8773006134969326,-1.3701462015043988,6
Mary / Maria / Maarja / Mari,Ridala,Mary,0,1.8773006134969326,-1.3701462015043988,6
Mary / Maria / Maarja / Mari,Koeru,Maija/Maie,0,1.8857951864086833,-1.3732425810499336,24
Mary / Maria / Maarja / Mari,Korpiselkä,Maija/Maie,0,1.8857951864086833,-1.3732425810499336,24
Mary / Maria / Maarja / Mari,Pärnu-Jaagupi,Maija/Maie,0,1.8857951864086833,-1.3732425810499336,24
Mary / Maria / Maarja / Mari,Kitee,Mari,1,3.6090136857008024,-1.3733527223858362,19
Mary / Maria / Maarja / Mari,Asikkala,Mari,0,1.8994808872109485,-1.3782165603456331,10
Mary / Maria / Maarja / Mari,Hattula,Mari,0,1.8994808872109485,-1.3782165603456331,10
Mary / Maria / Maarja / Mari,Kaavi,Mari,0,1.8994808872109485,-1.3782165603456331,10
Mary / Maria / Maarja / Mari,Pöide,Mari,2,5.128598395469561,-1.3814986732188352,27
Mary / Maria / Maarja / Mari,Janakkala,Berry,0,1.946201038225578,-1.395063094711339,8
Mary / Maria / Maarja / Mari,Kuusamo,Berry,0,1.946201038225578,-1.395063094711339,8
Mary / Maria / Maarja / Mari,Muolaa,Berry,0,1.946201038225578,-1.395063094711339,8
Mary / Maria / Maarja / Mari,Pieksämäki,Berry,0,1.946201038225578,-1.395063094711339,8
Mary / Maria / Maarja / Mari,Pielavesi,Berry,0,1.946201038225578,-1.395063094711339,8
Mary / Maria / Maarja / Mari,Ranua,Berry,0,1.946201038225578,-1.395063094711339,8
Mary / Maria / Maarja / Mari,Maarja-Magdaleena,Other,1,3.6809815950920246,-1.3973719124695083,26
Mary / Maria / Maarja / Mari,Jüri,Maija/Maie,0,1.9643699858423784,-1.4015598402645455,25
Mary / Maria / Maarja / Mari,Karuse,Maija/Maie,0,1.9643699858423784,-1.4015598402645455,25
Mary / Maria / Maarja / Mari,Laiuse,Maija/Maie,0,1.9643699858423784,-1.4015598402645455,25
Mary / Maria / Maarja / Mari,Peetri,Maija/Maie,0,1.9643699858423784,-1.4015598402645455,25
Mary / Maria / Maarja / Mari,Tõstamaa,Other,0,1.9820670127418594,-1.407859017352895,14
Mary / Maria / Maarja / Mari,Kaprio,Mari,4,7.977819726285984,-1.4083253215608864,42
Mary / Maria / Maarja / Mari,Maarja-Magdaleena,Maija/Maie,0,2.042944785276074,-1.429316194995381,26
Mary / Maria / Maarja / Mari,Hargla,Mari,2,5.318546484190656,-1.438968959390543,28
Mary / Maria / Maarja / Mari,Metsäpirtti,Mari,0,2.0894289759320435,-1.445485723185132,11
Mary / Maria / Maarja / Mari,Mouhijärvi,Mari,0,2.0894289759320435,-1.445485723185132,11
Mary / Maria / Maarja / Mari,Paistu,Maria/Maaria,0,2.0920245398773005,-1.446383261752327,62
Mary / Maria / Maarja / Mari,Maarja-Magdaleena,Mary,4,8.134969325153374,-1.449754055480665,26
Mary / Maria / Maarja / Mari,Lüganuse,Maija/Maie,0,2.1215195847097688,-1.4565437119117877,27
Mary / Maria / Maarja / Mari,Puhja,Maija/Maie,0,2.1215195847097688,-1.4565437119117877,27
Mary / Maria / Maarja / Mari,Salmi,Maija/Maie,0,2.1215195847097688,-1.4565437119117877,27
Mary / Maria / Maarja / Mari,Rõuge,Other,2,5.379896177442189,-1.4571907731563545,38
Mary / Maria / Maarja / Mari,Võnnu,Other,0,2.1236432279377064,-1.457272530427204,15
Mary / Maria / Maarja / Mari,Räpina,Maria/Maaria,0,2.125766871165644,-1.458000984624374,63
Mary / Maria / Maarja / Mari,Häädemeeste,Berry,1,3.892402076451156,-1.4660534924406814,16
Mary / Maria / Maarja / Mari,Iisalmi,Berry,0,2.1894761680037753,-1.4796878616802178,9
Mary / Maria / Maarja / Mari,Kontokki,Berry,0,2.1894761680037753,-1.4796878616802178,9
Mary / Maria / Maarja / Mari,Kuhmo,Berry,0,2.1894761680037753,-1.4796878616802178,9
Mary / Maria / Maarja / Mari,Luumäki,Berry,0,2.1894761680037753,-1.4796878616802178,9
Mary / Maria / Maarja / Mari,Marttila,Berry,0,2.1894761680037753,-1.4796878616802178,9
Mary / Maria / Maarja / Mari,Rovaniemi,Berry,0,2.1894761680037753,-1.4796878616802178,9
Mary / Maria / Maarja / Mari,Sääksmäki,Berry,0,2.1894761680037753,-1.4796878616802178,9
Mary / Maria / Maarja / Mari,Uukuniemi,Berry,0,2.1894761680037753,-1.4796878616802178,9
Mary / Maria / Maarja / Mari,Karula,Mary,0,2.1901840490797544,-1.479927041809749,7
Mary / Maria / Maarja / Mari,Mustjala,Mary,0,2.1901840490797544,-1.479927041809749,7
Mary / Maria / Maarja / Mari,Mäntyharju,Mary,0,2.1901840490797544,-1.479927041809749,7
Mary / Maria / Maarja / Mari,Helme,Maria/Maaria,0,2.1932515337423313,-1.4809630426659308,65
Mary / Maria / Maarja / Mari,Hargla,Maija/Maie,0,2.2000943841434637,-1.4832715139661596,28
Mary / Maria / Maarja / Mari,Vaivara,Maija/Maie,0,2.2000943841434637,-1.4832715139661596,28
Mary / Maria / Maarja / Mari,Tori,Mary,9,14.705521472392638,-1.4878362280015363,47
Mary / Maria / Maarja / Mari,Repola,Mari,1,3.988909863142992,-1.4965309631865091,21
Mary / Maria / Maarja / Mari,Sangaste,Maria/Maaria,0,2.2607361963190185,-1.5035744731535643,67
Mary / Maria / Maarja / Mari,Harju-Jaani,Mary,5,9.699386503067485,-1.5089297892920959,31
Mary / Maria / Maarja / Mari,Tohmajärvi,Mari,0,2.279377064653138,-1.5097605984569666,12
Mary / Maria / Maarja / Mari,Uhtua,Mari,0,2.279377064653138,-1.5097605984569666,12
Mary / Maria / Maarja / Mari,Viru-Jaagupi,Mary,1,4.067484662576687,-1.520965762141063,13
Mary / Maria / Maarja / Mari,Puhja,Mary,4,8.447852760736197,-1.5303023114772198,27
Mary / Maria / Maarja / Mari,Väike-Maarja,Maija/Maie,0,2.357243983010854,-1.535331880412458,30
Mary / Maria / Maarja / Mari,Audru,Other,0,2.4067956583294006,-1.5513850773838844,17
Mary / Maria / Maarja / Mari,Asikkala,Berry,0,2.4327512977819725,-1.5597279563378905,10
Mary / Maria / Maarja / Mari,Hattula,Berry,0,2.4327512977819725,-1.5597279563378905,10
Mary / Maria / Maarja / Mari,Kaavi,Berry,0,2.4327512977819725,-1.5597279563378905,10
Mary / Maria / Maarja / Mari,Harju-Jaani,Maija/Maie,0,2.4358187824445494,-1.560710986199735,31
Mary / Maria / Maarja / Mari,Pilistvere,Other,2,5.804624823029731,-1.5791550000195171,41
Mary / Maria / Maarja / Mari,Kose,Maija/Maie,0,2.5143935818782444,-1.585683947663671,32
Mary / Maria / Maarja / Mari,Urvaste,Maija/Maie,0,2.5929683813119397,-1.6102696610543028,33
Mary / Maria / Maarja / Mari,Lempaala,Mari,1,4.368806040585182,-1.6117386670078708,23
Mary / Maria / Maarja / Mari,Saarde,Berry,1,4.378952336007551,-1.6147190039012584,18
Mary / Maria / Maarja / Mari,Harju-Jaani,Other,1,4.38886267107126,-1.6176254614207985,31
Mary / Maria / Maarja / Mari,Torma,Mary,2,5.9447852760736195,-1.6179134381062177,19
Mary / Maria / Maarja / Mari,Suure-Jaani,Maija/Maie,0,2.6715431807456347,-1.6344856012659257,34
Mary / Maria / Maarja / Mari,Metsäpirtti,Berry,0,2.6760264275601697,-1.6358564813455274,11
Mary / Maria / Maarja / Mari,Mouhijärvi,Berry,0,2.6760264275601697,-1.6358564813455274,11
Mary / Maria / Maarja / Mari,Torma,Other,0,2.6899480887210947,-1.6401061211766434,19
Mary / Maria / Maarja / Mari,Vigala,Mary,3,7.50920245398773,-1.6455187223949888,24
Mary / Maria / Maarja / Mari,Viru-Nigula,Maija/Maie,0,2.75011798017933,-1.6583479671586812,35
Mary / Maria / Maarja / Mari,Rannu,Other,0,2.8315243039169418,-1.6827133754495867,20
Mary / Maria / Maarja / Mari,Kiuruvesi,Mari,0,2.8492213308164227,-1.6879636639502706,15
Mary / Maria / Maarja / Mari,Tammela,Mari,0,2.8492213308164227,-1.6879636639502706,15
Mary / Maria / Maarja / Mari,Uskela,Mari,0,2.8492213308164227,-1.6879636639502706,15
Mary / Maria / Maarja / Mari,Tyrö,Maija/Maie,0,2.90726757904672,-1.705071136066387,37
Mary / Maria / Maarja / Mari,Tohmajärvi,Berry,0,2.919301557338367,-1.708596370515391,12
Mary / Maria / Maarja / Mari,Uhtua,Berry,0,2.919301557338367,-1.708596370515391,12
Mary / Maria / Maarja / Mari,Karuse,Mary,3,7.822085889570552,-1.724144461715627,25
Mary / Maria / Maarja / Mari,Räpina,Mari,6,11.966729589428976,-1.7248392148326062,63
Mary / Maria / Maarja / Mari,Rõuge,Maija/Maie,0,2.9858423784804153,-1.7279590210651452,38
Mary / Maria / Maarja / Mari,Saarijärvi,Mari,0,3.039169419537518,-1.7433213758620405,16
Mary / Maria / Maarja / Mari,Palamuse,Maija/Maie,0,3.0644171779141103,-1.750547679417533,39
Mary / Maria / Maarja / Mari,Moloskovitsa,Berry,0,3.1625766871165646,-1.778363485656564,13
Mary / Maria / Maarja / Mari,Paide,Berry,0,3.1625766871165646,-1.778363485656564,13
Mary / Maria / Maarja / Mari,Rõngu,Berry,0,3.1625766871165646,-1.778363485656564,13
Mary / Maria / Maarja / Mari,Varbla,Berry,0,3.1625766871165646,-1.778363485656564,13
Mary / Maria / Maarja / Mari,Venjoki,Berry,0,3.1625766871165646,-1.778363485656564,13
Mary / Maria / Maarja / Mari,Pöide,Berry,2,6.568428504011326,-1.7825269064311071,27
Mary / Maria / Maarja / Mari,Pilistvere,Maija/Maie,0,3.2215667767815006,-1.7948723566820846,41
Mary / Maria / Maarja / Mari,Risti,Maija/Maie,0,3.2215667767815006,-1.7948723566820846,41
Mary / Maria / Maarja / Mari,Impilahti,Mari,0,3.2291175082586125,-1.7969745430190749,17
Mary / Maria / Maarja / Mari,Kaprio,Maija/Maie,0,3.300141576215196,-1.8166291796112919,42
Mary / Maria / Maarja / Mari,Vastseliina,Maija/Maie,0,3.378716375648891,-1.838128498133058,43
Mary / Maria / Maarja / Mari,Pärnu-Jaagupi,Other,0,3.3978291647003305,-1.843320147098797,24
Mary / Maria / Maarja / Mari,Porajärvi,Mari,0,3.4190655969797072,-1.849071549989266,18
Mary / Maria / Maarja / Mari,Järva-Madise,Mary,0,3.441717791411043,-1.8551867268313027,11
Mary / Maria / Maarja / Mari,Kullamaa,Mary,0,3.441717791411043,-1.8551867268313027,11
Mary / Maria / Maarja / Mari,Mouhijärvi,Mary,0,3.441717791411043,-1.8551867268313027,11
Mary / Maria / Maarja / Mari,Audru,Mary,1,5.319018404907975,-1.8727047334051692,17
Mary / Maria / Maarja / Mari,Peetri,Other,0,3.5394053798961775,-1.881330747076701,25
Mary / Maria / Maarja / Mari,Kiuruvesi,Berry,0,3.649126946672959,-1.910268815290916,15
Mary / Maria / Maarja / Mari,Tammela,Berry,0,3.649126946672959,-1.910268815290916,15
Mary / Maria / Maarja / Mari,Uskela,Berry,0,3.649126946672959,-1.910268815290916,15
Mary / Maria / Maarja / Mari,Tori,Maija/Maie,0,3.6930155733836716,-1.9217220333293967,47
Mary / Maria / Maarja / Mari,Palamuse,Other,1,5.521472392638037,-1.9242098388037485,39
Mary / Maria / Maarja / Mari,Pühalepa,Mary,0,3.754601226993865,-1.9376793406015005,12
Mary / Maria / Maarja / Mari,Serepetta,Mari,0,3.798961774421897,-1.9490925515279918,20
Mary / Maria / Maarja / Mari,Urvaste,Mary,4,10.325153374233128,-1.9684428259771811,33
Mary / Maria / Maarja / Mari,Kolga-Jaani,Other,4,10.335063709296838,-1.9705815291883044,73
Mary / Maria / Maarja / Mari,Kivennapa,Berry,0,3.892402076451156,-1.972917148906957,16
Mary / Maria / Maarja / Mari,Saarijärvi,Berry,0,3.892402076451156,-1.972917148906957,16
Mary / Maria / Maarja / Mari,Haljala,Maria/Maaria,0,3.9478527607361964,-1.9869204213395655,117
Mary / Maria / Maarja / Mari,Vaivara,Other,0,3.9641340254837187,-1.9910133162497228,28
Mary / Maria / Maarja / Mari,Risti,Other,1,5.804624823029731,-1.9942169505332057,41
Mary / Maria / Maarja / Mari,Kadrina,Maija/Maie,1,5.81453515809344,-1.9966266430401691,74
Mary / Maria / Maarja / Mari,Nurmes,Mari,0,3.988909863142992,-1.9972255413805904,21
Mary / Maria / Maarja / Mari,Kadrina,Other,4,10.476639924492686,-2.000961551779517,74
Mary / Maria / Maarja / Mari,Mihkli,Mary,0,4.067484662576687,-2.0168006005990495,13
Mary / Maria / Maarja / Mari,Impilahti,Berry,0,4.135677206229354,-2.033636448883958,17
Mary / Maria / Maarja / Mari,Viljandi,Berry,9,17.515809344030203,-2.0347489123881433,72
Mary / Maria / Maarja / Mari,Juva,Mari,0,4.178857951864087,-2.044225513945095,22
Mary / Maria / Maarja / Mari,Põltsamaa,Maija/Maie,0,4.2430391694195375,-2.0598638715749003,54
Mary / Maria / Maarja / Mari,Jõhvi,Other,4,10.759792354884379,-2.0607789543626525,76
Mary / Maria / Maarja / Mari,Helme,Mari,5,12.346625766871165,-2.0908061812057235,65
Mary / Maria / Maarja / Mari,Porajärvi,Berry,0,4.378952336007551,-2.092594642067008,18
Mary / Maria / Maarja / Mari,Muhu,Mary,0,4.380368098159509,-2.0929328938500413,14
Mary / Maria / Maarja / Mari,Viru-Nigula,Mary,4,10.950920245398773,-2.100472487601083,35
Mary / Maria / Maarja / Mari,Rannu,Mary,1,6.257668711656442,-2.101778445323167,20
Mary / Maria / Maarja / Mari,Suistamo,Maija/Maie,1,6.364558754129306,-2.1264239551828124,81
Mary / Maria / Maarja / Mari,Kitee,Berry,0,4.622227465785748,-2.149936619015953,19
Mary / Maria / Maarja / Mari,Suure-Jaani,Berry,2,8.271354412458708,-2.180585047394953,34
Mary / Maria / Maarja / Mari,Tori,Other,1,6.654082114204813,-2.1918863570331553,47
Mary / Maria / Maarja / Mari,Serepetta,Berry,0,4.865502595563945,-2.2057884294655157,20
Mary / Maria / Maarja / Mari,Paistu,Maija/Maie,0,4.871637564889099,-2.2071786436283536,62
Mary / Maria / Maarja / Mari,Jõhvi,Mary,13,23.779141104294478,-2.210477380056473,76
Mary / Maria / Maarja / Mari,Räpina,Maija/Maie,0,4.950212364322794,-2.2249072709492395,63
Mary / Maria / Maarja / Mari,Viru-Nigula,Other,0,4.955167531854649,-2.226020559620834,35
Mary / Maria / Maarja / Mari,Helme,Maija/Maie,0,5.107361963190184,-2.2599473363753817,65
Mary / Maria / Maarja / Mari,Nurmes,Berry,0,5.108777725342143,-2.2602605436856487,21
Mary / Maria / Maarja / Mari,Repola,Berry,0,5.108777725342143,-2.2602605436856487,21
Mary / Maria / Maarja / Mari,Vuole,Berry,0,5.108777725342143,-2.2602605436856487,21
Mary / Maria / Maarja / Mari,Lüganuse,Mari,0,5.128598395469561,-2.2646408976854504,27
Mary / Maria / Maarja / Mari,Salmi,Mari,0,5.128598395469561,-2.2646408976854504,27
Mary / Maria / Maarja / Mari,Kuusalu,Other,7,16.13968853232657,-2.275012677848929,114
Mary / Maria / Maarja / Mari,Rõuge,Mary,4,11.889570552147239,-2.2880751269154964,38
Mary / Maria / Maarja / Mari,Halliste,Maija/Maie,0,5.264511562057574,-2.2944523446909013,67
Mary / Maria / Maarja / Mari,Sangaste,Maija/Maie,0,5.264511562057574,-2.2944523446909013,67
Mary / Maria / Maarja / Mari,Juva,Berry,0,5.3520528551203395,-2.3134504220147747,22
Mary / Maria / Maarja / Mari,Lempaala,Berry,0,5.595327984898537,-2.36544456390306,23
Mary / Maria / Maarja / Mari,Viljandi,Maija/Maie,0,5.65738555922605,-2.378525921495507,72
Mary / Maria / Maarja / Mari,Tarvastu,Mary,6,15.331288343558283,-2.3831549675295065,49
Mary / Maria / Maarja / Mari,Kolga-Jaani,Maija/Maie,0,5.735960358659745,-2.3949865049013837,73
Mary / Maria / Maarja / Mari,Põltsamaa,Other,1,7.645115620575743,-2.4033139806757555,54
Mary / Maria / Maarja / Mari,Suojärvi,Maija/Maie,0,5.81453515809344,-2.4113347254359856,74
Mary / Maria / Maarja / Mari,Korpiselkä,Berry,0,5.838603114676734,-2.416320159804312,24
Mary / Maria / Maarja / Mari,Jõhvi,Maija/Maie,0,5.971684756960831,-2.443703082815265,76
Mary / Maria / Maarja / Mari,Risti,Mary,4,12.828220858895705,-2.4648470497083026,41
Mary / Maria / Maarja / Mari,Ilomantsi,Mari,0,6.078338839075036,-2.4654287333190217,32
Mary / Maria / Maarja / Mari,Pöide,Mary,1,8.447852760736197,-2.5624648360459927,27
Mary / Maria / Maarja / Mari,Salmi,Berry,0,6.568428504011326,-2.5628945557730867,27
Mary / Maria / Maarja / Mari,Hargla,Mary,1,8.760736196319018,-2.6219995908814178,28
Mary / Maria / Maarja / Mari,Vaivara,Mary,1,8.760736196319018,-2.6219995908814178,28
Mary / Maria / Maarja / Mari,Palamuse,Mary,3,12.202453987730062,-2.6343899766010415,39
Mary / Maria / Maarja / Mari,Suistamo,Mari,5,15.385795186408684,-2.6477670931182784,81
Mary / Maria / Maarja / Mari,Haljala,Maija/Maie,1,9.193251533742332,-2.702226299896274,117
Mary / Maria / Maarja / Mari,Kuusalu,Mari,9,21.654082114204815,-2.7193227664964525,114
Mary / Maria / Maarja / Mari,Ilomantsi,Berry,0,7.784804152902312,-2.790126189422678,32
Mary / Maria / Maarja / Mari,Vuokkiniemi,Berry,0,8.271354412458708,-2.8759962469479525,34
Mary / Maria / Maarja / Mari,Narvusi,Mary,69,98.55828220858896,-2.977368768832603,315
Mary / Maria / Maarja / Mari,Kuusalu,Maija/Maie,0,8.957527135441246,-2.9929128178818116,114
Mary / Maria / Maarja / Mari,Tyrö,Berry,0,9.001179801793299,-3.0001966271885077,37
Mary / Maria / Maarja / Mari,Setumaa,Other,22,41.4818310523832,-3.0248288991644663,293
Mary / Maria / Maarja / Mari,Setumaa,Maria/Maaria,0,9.886503067484663,-3.1442810096244043,293
Mary / Maria / Maarja / Mari,Kaprio,Berry,0,10.217555450684285,-3.1964911153770297,42
Mary / Maria / Maarja / Mari,Karksi,Maija/Maie,0,10.529023124115149,-3.24484562408062,134
Mary / Maria / Maarja / Mari,Narvusi,Maria/Maaria,0,10.628834355828221,-3.260189312881726,315
Mary / Maria / Maarja / Mari,Soikkola,Mari,6,22.2239263803681,-3.4414825521518506,117
Mary / Maria / Maarja / Mari,Suojärvi,Mari,1,14.05615856536102,-3.4824275668337084,74
Mary / Maria / Maarja / Mari,Kuusalu,Mary,13,35.668711656441715,-3.795623499778785,114
Mary / Maria / Maarja / Mari,Setumaa,Maija/Maie,3,23.022416234072676,-4.1729293764246025,293
Mary / Maria / Maarja / Mari,Suojärvi,Berry,0,18.002359603586598,-4.242918759956004,74
Mary / Maria / Maarja / Mari,Narvusi,Mari,26,59.83364794714488,-4.3739728713916115,315
Mary / Maria / Maarja / Mari,Suistamo,Berry,0,19.705285512033978,-4.439063585040653,81
Mary / Maria / Maarja / Mari,Haljala,Mary,7,36.607361963190186,-4.893453845395181,117
Mary / Maria / Maarja / Mari,Setumaa,Mari,19,55.654789995280794,-4.913369906052801,293
Mary / Maria / Maarja / Mari,Soikkola,Berry,0,28.46319018404908,-5.3350904569696915,117
Mary / Maria / Maarja / Mari,Narvusi,Berry,0,76.63166588013213,-8.753951443784239,315
Peter / Pietari / Peeter,Vuokkiniemi,Petteri/Pietari,10,0.5995106035889071,12.140932076740413,15
Peter / Pietari / Peeter,Vuole,Petersburg,10,0.6468189233278956,11.62968585982585,13
Peter / Pietari / Peeter,Räpina,Petteri/Pietari,11,0.8393148450244698,11.090740452546152,21
Peter / Pietari / Peeter,Soutjärvi,Petersburg,7,0.49755301794453505,9.21843371897088,10
Peter / Pietari / Peeter,Toksova,Petersburg,6,0.49755301794453505,7.800746847488405,10
Peter / Pietari / Peeter,Põltsamaa,Peeter,5,0.38499184339314846,7.437837892920176,8
Peter / Pietari / Peeter,Urvaste,Peeter,5,0.38499184339314846,7.437837892920176,8
Peter / Pietari / Peeter,Sonkajärvi,Pekka/Pekko,14,2.6101141924959217,7.050008098753924,16
Peter / Pietari / Peeter,Nurmes,Pekka/Pekko,18,4.567699836867863,6.2849468557598005,28
Peter / Pietari / Peeter,Kadrina,Peeter,6,0.7699836867862969,5.960219876390625,16
Peter / Pietari / Peeter,Heinävesi,Pekka/Pekko,10,2.2838499184339316,5.105836288420166,14
Peter / Pietari / Peeter,Virtasalmi,Pekka/Pekko,6,0.9787928221859706,5.075312091111834,6
Peter / Pietari / Peeter,Karksi,Peeter,7,1.299347471451876,5.001058301183968,27
Peter / Pietari / Peeter,Pilistvere,Peeter,4,0.5293637846655791,4.770149396388372,11
Peter / Pietari / Peeter,Viljandi,Peeter,3,0.3368678629690049,4.58841747062762,7
Peter / Pietari / Peeter,Pielavesi,Pekka/Pekko,10,2.6101141924959217,4.574124418125934,16
Peter / Pietari / Peeter,Kiuruvesi,Pekka/Pekko,6,1.1419249592169658,4.546167533750956,7
Peter / Pietari / Peeter,Maaninka,Pekka/Pekko,7,1.6313213703099512,4.203370239499484,10
Peter / Pietari / Peeter,Serepetta,Petteri/Pietari,2,0.199836867862969,4.026929773223667,5
Peter / Pietari / Peeter,Joroinen,Petersburg,3,0.44779771615008157,3.81394262829002,9
Peter / Pietari / Peeter,Lempaala,Petersburg,3,0.44779771615008157,3.81394262829002,9
Peter / Pietari / Peeter,Leppävirta,Pekka/Pekko,8,2.2838499184339316,3.782420793789484,14
Peter / Pietari / Peeter,Suojärvi,Petteri/Pietari,6,1.4787928221859707,3.717925999505027,37
Peter / Pietari / Peeter,Koivisto,Pekka/Pekko,5,1.1419249592169658,3.610371463170252,7
Peter / Pietari / Peeter,Kuopio,Pekka/Pekko,5,1.1419249592169658,3.610371463170252,7
Peter / Pietari / Peeter,Järva-Madise,Peeter,2,0.2406199021207178,3.5866904962207204,5
Peter / Pietari / Peeter,Pärnu,Peeter,2,0.2406199021207178,3.5866904962207204,5
Peter / Pietari / Peeter,Vaivara,Peeter,2,0.2406199021207178,3.5866904962207204,5
Peter / Pietari / Peeter,Porajärvi,Pekka/Pekko,8,2.4469820554649266,3.549880099683874,15
Peter / Pietari / Peeter,Kangaslampi,Pekka/Pekko,4,0.8156606851549756,3.5258560216144637,5
Peter / Pietari / Peeter,Kerimäki,Pekka/Pekko,4,0.8156606851549756,3.5258560216144637,5
Peter / Pietari / Peeter,Sotkamo,Pekka/Pekko,4,0.8156606851549756,3.5258560216144637,5
Peter / Pietari / Peeter,Halliste,Peeter,4,0.8181076672104405,3.5178737446307795,17
Peter / Pietari / Peeter,Nilsiä,Pekka/Pekko,6,1.6313213703099512,3.4204270742569483,10
Peter / Pietari / Peeter,Tuupovaara,Petersburg,2,0.29853181076672103,3.1140711158533065,6
Peter / Pietari / Peeter,Polvijärvi,Pekka/Pekko,4,0.9787928221859706,3.053761531104326,6
Peter / Pietari / Peeter,Rantsila,Pekka/Pekko,4,0.9787928221859706,3.053761531104326,6
Peter / Pietari / Peeter,Savonlinna,Pekka/Pekko,4,0.9787928221859706,3.053761531104326,6
Peter / Pietari / Peeter,Viitasaari,Pekka/Pekko,4,0.9787928221859706,3.053761531104326,6
Peter / Pietari / Peeter,Väike-Maarja,Peeter,2,0.3368678629690049,2.8654772504164527,7
Peter / Pietari / Peeter,Kaprio,Petersburg,2,0.34828711256117456,2.7987612670832744,7
Peter / Pietari / Peeter,Kivennapa,Petersburg,2,0.34828711256117456,2.7987612670832744,7
Peter / Pietari / Peeter,Vastseliina,Peter,13,6.2561174551386625,2.696233813520734,13
Peter / Pietari / Peeter,Tohmajärvi,Pekka/Pekko,4,1.1419249592169658,2.6745753925895484,7
Peter / Pietari / Peeter,Tyrö,Petersburg,2,0.39804241435562804,2.539138188879148,8
Peter / Pietari / Peeter,Ambla,Other,5,1.7422512234910277,2.4680968700236656,8
Peter / Pietari / Peeter,Peetri,Other,5,1.7422512234910277,2.4680968700236656,8
Peter / Pietari / Peeter,Lappee,Pekka/Pekko,3,0.8156606851549756,2.418607178761151,5
Peter / Pietari / Peeter,Uskela,Peter,10,4.8123980424143555,2.364753488075133,10
Peter / Pietari / Peeter,Moloskovitsa,Petersburg,2,0.44779771615008157,2.319569454022342,9
Peter / Pietari / Peeter,Rõngu,Peter,9,4.33115823817292,2.2434021381435736,9
Peter / Pietari / Peeter,Soikkola,Other,14,7.840130505709625,2.199935080684442,36
Peter / Pietari / Peeter,Korpiselkä,Peter,19,11.549755301794454,2.19222005011407,24
Peter / Pietari / Peeter,Joroinen,Pekka/Pekko,4,1.468189233278956,2.08948965325429,9
Peter / Pietari / Peeter,Kuusalu,Other,7,3.266721044045677,2.06554384028893,15
Peter / Pietari / Peeter,Risti,Peter,9,4.8123980424143555,1.9089063534241721,10
Peter / Pietari / Peeter,Salmi,Peter,16,10.106035889070148,1.8540313310186094,21
Peter / Pietari / Peeter,Noarootsi,Peter,6,2.8874388254486134,1.8317301754401778,6
Peter / Pietari / Peeter,Tulemajärvi,Peter,6,2.8874388254486134,1.8317301754401778,6
Peter / Pietari / Peeter,Vieljärvi,Peter,6,2.8874388254486134,1.8317301754401778,6
Peter / Pietari / Peeter,Kõpu,Other,3,1.0889070146818924,1.8314135398668794,5
Peter / Pietari / Peeter,Liperi,Other,3,1.0889070146818924,1.8314135398668794,5
Peter / Pietari / Peeter,Töysä,Petteri/Pietari,1,0.199836867862969,1.7899493011021377,5
Peter / Pietari / Peeter,Torma,Peter,8,4.33115823817292,1.7628970680240732,9
Peter / Pietari / Peeter,Kaavi,Pekka/Pekko,3,1.1419249592169658,1.7387793220088446,7
Peter / Pietari / Peeter,Suistamo,Peter,37,27.911908646003262,1.7201959325477827,58
Peter / Pietari / Peeter,Narvusi,Petteri/Pietari,4,1.7585644371941271,1.6902350955951402,44
Peter / Pietari / Peeter,Laihia,Peter,5,2.4061990212071778,1.6721332272524683,5
Peter / Pietari / Peeter,Muhu,Peter,5,2.4061990212071778,1.6721332272524683,5
Peter / Pietari / Peeter,Orimattila,Peter,5,2.4061990212071778,1.6721332272524683,5
Peter / Pietari / Peeter,Uukuniemi,Peter,5,2.4061990212071778,1.6721332272524683,5
Peter / Pietari / Peeter,Impilahti,Pekka/Pekko,4,1.7944535073409462,1.646455934334285,11
Peter / Pietari / Peeter,Põlva,Peter,7,3.8499184339314847,1.6054472295322695,8
Peter / Pietari / Peeter,Suojärvi,Petersburg,4,1.8409461663947797,1.5912665247090865,37
Peter / Pietari / Peeter,Vihanti,Petteri/Pietari,1,0.2398042414355628,1.5523763295819886,6
Peter / Pietari / Peeter,Harju-Madise,Peeter,1,0.2406199021207178,1.5480801353646225,5
Peter / Pietari / Peeter,Kangaslampi,Petersburg,1,0.24877650897226752,1.506136992481032,5
Peter / Pietari / Peeter,Koeru,Peeter,2,0.7218597063621534,1.504361208026603,15
Peter / Pietari / Peeter,Kuusalu,Peeter,2,0.7218597063621534,1.504361208026603,15
Peter / Pietari / Peeter,Tuusniemi,Other,3,1.3066884176182707,1.4813267252893514,6
Peter / Pietari / Peeter,Kitee,Pekka/Pekko,5,2.6101141924959217,1.479269817340948,16
Peter / Pietari / Peeter,Helme,Peter,13,8.66231647634584,1.4738077622393597,18
Peter / Pietari / Peeter,Uusikaupunki,Pekka/Pekko,4,1.9575856443719413,1.4597667545554234,12
Peter / Pietari / Peeter,Moloskovitsa,Other,4,1.9600326264274062,1.4571074249978258,9
Peter / Pietari / Peeter,Soanlahti,Peter,8,4.8123980424143555,1.4530592187732108,10
Peter / Pietari / Peeter,Suure-Jaani,Peter,8,4.8123980424143555,1.4530592187732108,10
Peter / Pietari / Peeter,Ilomantsi,Peter,33,25.98694942903752,1.3757176841749348,54
Peter / Pietari / Peeter,Kaavi,Petteri/Pietari,1,0.2797716150081566,1.3616591491014818,7
Peter / Pietari / Peeter,Kitee,Petersburg,2,0.7960848287112561,1.3493239020508319,16
Peter / Pietari / Peeter,Pielavesi,Petersburg,2,0.7960848287112561,1.3493239020508319,16
Peter / Pietari / Peeter,Kadrina,Other,6,3.4845024469820554,1.3475767589044265,16
Peter / Pietari / Peeter,Kolga-Jaani,Other,6,3.4845024469820554,1.3475767589044265,16
Peter / Pietari / Peeter,Haljala,Peeter,1,0.28874388254486133,1.3236391950614992,6
Peter / Pietari / Peeter,Järva-Jaani,Peeter,1,0.28874388254486133,1.3236391950614992,6
Peter / Pietari / Peeter,Jaakkima,Pekka/Pekko,2,0.8156606851549756,1.3113583359078382,5
Peter / Pietari / Peeter,Ristiina,Pekka/Pekko,2,0.8156606851549756,1.3113583359078382,5
Peter / Pietari / Peeter,Soikkola,Petteri/Pietari,3,1.438825448613377,1.3015096962488228,36
Peter / Pietari / Peeter,Liissilä,Petersburg,1,0.29853181076672103,1.2838452347237985,6
Peter / Pietari / Peeter,Repola,Peter,7,4.33115823817292,1.2823919979045726,9
Peter / Pietari / Peeter,Venjoki,Peter,5,2.8874388254486134,1.2432340551336636,6
Peter / Pietari / Peeter,Narvusi,Petersburg,4,2.1892332789559545,1.2238170054630608,44
Peter / Pietari / Peeter,Paistu,Peeter,2,0.866231647634584,1.218168336415582,18
Peter / Pietari / Peeter,Rääkkylä,Petteri/Pietari,1,0.3197389885807504,1.2030336691002932,8
Peter / Pietari / Peeter,Võnnu,Petteri/Pietari,1,0.3197389885807504,1.2030336691002932,8
Peter / Pietari / Peeter,Asikkala,Other,3,1.5244698205546492,1.1950571678203612,7
Peter / Pietari / Peeter,Kaprio,Other,3,1.5244698205546492,1.1950571678203612,7
Peter / Pietari / Peeter,Paistu,Peter,12,8.66231647634584,1.1340393687633434,18
Peter / Pietari / Peeter,Kesälahti,Peter,6,3.8499184339314847,1.095794639318245,8
Peter / Pietari / Peeter,Tyrö,Peter,6,3.8499184339314847,1.095794639318245,8
Peter / Pietari / Peeter,Jõhvi,Peter,13,9.624796084828711,1.0879382538318731,20
Peter / Pietari / Peeter,Lempaala,Petteri/Pietari,1,0.35970636215334423,1.0675915481246874,9
Peter / Pietari / Peeter,Moloskovitsa,Petteri/Pietari,1,0.35970636215334423,1.0675915481246874,9
Peter / Pietari / Peeter,Tarvastu,Petteri/Pietari,1,0.35970636215334423,1.0675915481246874,9
Peter / Pietari / Peeter,Impilahti,Other,4,2.395595432300163,1.0365903262536569,11
Peter / Pietari / Peeter,Koeru,Peter,10,7.218597063621534,1.0352315722843375,15
Peter / Pietari / Peeter,Tuusniemi,Pekka/Pekko,2,0.9787928221859706,1.0322109710968186,6
Peter / Pietari / Peeter,Pälkjärvi,Peter,4,2.4061990212071778,1.0274680270601644,5
Peter / Pietari / Peeter,Rauma,Peter,4,2.4061990212071778,1.0274680270601644,5
Peter / Pietari / Peeter,Puumala,Pekka/Pekko,4,2.4469820554649266,0.9927984297588273,15
Peter / Pietari / Peeter,Ambla,Peeter,1,0.38499184339314846,0.991185890997139,8
Peter / Pietari / Peeter,Peetri,Peeter,1,0.38499184339314846,0.991185890997139,8
Peter / Pietari / Peeter,Põlva,Peeter,1,0.38499184339314846,0.991185890997139,8
Peter / Pietari / Peeter,Võnnu,Peeter,1,0.38499184339314846,0.991185890997139,8
Peter / Pietari / Peeter,Porajärvi,Other,5,3.266721044045677,0.9589863798588544,15
Peter / Pietari / Peeter,Rautavaara,Other,3,1.7422512234910277,0.9528806643907093,8
Peter / Pietari / Peeter,Sangaste,Other,3,1.7422512234910277,0.9528806643907093,8
Peter / Pietari / Peeter,Suistamo,Other,16,12.631321370309951,0.9478403417688187,58
Peter / Pietari / Peeter,Harju-Madise,Other,2,1.0889070146818924,0.8731066683872404,5
Peter / Pietari / Peeter,Jaakkima,Other,2,1.0889070146818924,0.8731066683872404,5
Peter / Pietari / Peeter,Järva-Madise,Other,2,1.0889070146818924,0.8731066683872404,5
Peter / Pietari / Peeter,Puhja,Other,2,1.0889070146818924,0.8731066683872404,5
Peter / Pietari / Peeter,Uusikaupunki,Other,4,2.6133768352365414,0.8577434939443335,12
Peter / Pietari / Peeter,Setumaa,Petteri/Pietari,1,0.4396411092985318,0.8451175477975701,11
Peter / Pietari / Peeter,Karksi,Peter,16,12.99347471451876,0.8340694376881126,27
Peter / Pietari / Peeter,Nurmes,Petteri/Pietari,2,1.1190864600326265,0.8327247344448473,28
Peter / Pietari / Peeter,Repola,Petersburg,1,0.44779771615008157,0.8251962797546639,9
Peter / Pietari / Peeter,Kontiolahti,Pekka/Pekko,2,1.1419249592169658,0.8029832514281406,7
Peter / Pietari / Peeter,Saarijärvi,Pekka/Pekko,2,1.1419249592169658,0.8029832514281406,7
Peter / Pietari / Peeter,Kiihtelysvaara,Peter,6,4.33115823817292,0.801886927785072,9
Peter / Pietari / Peeter,Tarvastu,Peter,6,4.33115823817292,0.801886927785072,9
Peter / Pietari / Peeter,Jõhvi,Other,6,4.35562805872757,0.7879064652948417,20
Peter / Pietari / Peeter,Narvusi,Other,12,9.582381729200652,0.7809999306090085,44
Peter / Pietari / Peeter,Alatornio,Peter,4,2.8874388254486134,0.6547379348271495,6
Peter / Pietari / Peeter,Juva,Peter,4,2.8874388254486134,0.6547379348271495,6
Peter / Pietari / Peeter,Vihanti,Peter,4,2.8874388254486134,0.6547379348271495,6
Peter / Pietari / Peeter,Setumaa,Peeter,1,0.5293637846655791,0.6468569216724067,11
Peter / Pietari / Peeter,Narvusi,Peter,24,21.174551386623165,0.6140168710239609,44
Peter / Pietari / Peeter,Rautavaara,Pekka/Pekko,2,1.3050570962479608,0.6083231840460799,8
Peter / Pietari / Peeter,Rääkkylä,Pekka/Pekko,2,1.3050570962479608,0.6083231840460799,8
Peter / Pietari / Peeter,Eno,Other,2,1.3066884176182707,0.6065162410866806,6
Peter / Pietari / Peeter,Haljala,Other,2,1.3066884176182707,0.6065162410866806,6
Peter / Pietari / Peeter,Järva-Jaani,Other,2,1.3066884176182707,0.6065162410866806,6
Peter / Pietari / Peeter,Liissilä,Other,2,1.3066884176182707,0.6065162410866806,6
Peter / Pietari / Peeter,Sangaste,Peter,5,3.8499184339314847,0.5861420491042205,8
Peter / Pietari / Peeter,Võnnu,Peter,5,3.8499184339314847,0.5861420491042205,8
Peter / Pietari / Peeter,Nilsiä,Other,3,2.177814029363785,0.5571340045507058,10
Peter / Pietari / Peeter,Kolga-Jaani,Peter,9,7.699836867862969,0.46855123273071997,16
Peter / Pietari / Peeter,Soikkola,Peter,19,17.32463295269168,0.4025111802713926,36
Peter / Pietari / Peeter,Pilistvere,Other,3,2.395595432300163,0.39049996530450426,11
Peter / Pietari / Peeter,Setumaa,Other,3,2.395595432300163,0.39049996530450426,11
Peter / Pietari / Peeter,Hattula,Other,2,1.5244698205546492,0.38514003805377034,7
Peter / Pietari / Peeter,Kontiolahti,Other,2,1.5244698205546492,0.38514003805377034,7
Peter / Pietari / Peeter,Kuopio,Other,2,1.5244698205546492,0.38514003805377034,7
Peter / Pietari / Peeter,Väike-Maarja,Other,2,1.5244698205546492,0.38514003805377034,7
Peter / Pietari / Peeter,Kemi,Peter,3,2.4061990212071778,0.38280282686786066,5
Peter / Pietari / Peeter,Puhja,Peter,3,2.4061990212071778,0.38280282686786066,5
Peter / Pietari / Peeter,Töysä,Peter,3,2.4061990212071778,0.38280282686786066,5
Peter / Pietari / Peeter,Vaivara,Peter,3,2.4061990212071778,0.38280282686786066,5
Peter / Pietari / Peeter,Leppävirta,Petersburg,1,0.6965742251223491,0.36355386783515237,14
Peter / Pietari / Peeter,Vuokkiniemi,Pekka/Pekko,3,2.4469820554649266,0.3535280122775656,15
Peter / Pietari / Peeter,Hattula,Peter,4,3.368678629690049,0.3439701056256792,7
Peter / Pietari / Peeter,Saarijärvi,Peter,4,3.368678629690049,0.3439701056256792,7
Peter / Pietari / Peeter,Suojärvi,Other,9,8.057911908646004,0.3318793695519356,37
Peter / Pietari / Peeter,Setumaa,Peter,6,5.293637846655791,0.3070084355119804,11
Peter / Pietari / Peeter,Kuusalu,Petersburg,1,0.7463295269168027,0.29363282735299917,15
Peter / Pietari / Peeter,Puumala,Peter,8,7.218597063621534,0.2908363185479164,15
Peter / Pietari / Peeter,Halliste,Peter,9,8.181076672104405,0.2863109850847102,17
Peter / Pietari / Peeter,Kitee,Other,4,3.4845024469820554,0.27615710493761275,16
Peter / Pietari / Peeter,Pielavesi,Other,4,3.4845024469820554,0.27615710493761275,16
Peter / Pietari / Peeter,Kolga-Jaani,Peeter,1,0.7699836867862969,0.26213069325361144,16
Peter / Pietari / Peeter,Kemi,Pekka/Pekko,1,0.8156606851549756,0.20410949305452575,5
Peter / Pietari / Peeter,Liperi,Pekka/Pekko,1,0.8156606851549756,0.20410949305452575,5
Peter / Pietari / Peeter,Töysä,Pekka/Pekko,1,0.8156606851549756,0.20410949305452575,5
Peter / Pietari / Peeter,Salmi,Other,5,4.573409461663948,0.19947624104611078,21
Peter / Pietari / Peeter,Põltsamaa,Other,2,1.7422512234910277,0.19527256157423098,8
Peter / Pietari / Peeter,Halliste,Other,4,3.702283849918434,0.15472751050511302,17
Peter / Pietari / Peeter,Helme,Peeter,1,0.866231647634584,0.14372633609507582,18
Peter / Pietari / Peeter,Vuole,Other,3,2.83115823817292,0.10034547741032347,13
Peter / Pietari / Peeter,Rääkkylä,Peter,4,3.8499184339314847,0.07648945889019608,8
Peter / Pietari / Peeter,Ilomantsi,Other,12,11.760195758564437,0.06992775485469956,54
Peter / Pietari / Peeter,Eno,Peter,3,2.8874388254486134,0.06624181452063534,6
Peter / Pietari / Peeter,Haljala,Peter,3,2.8874388254486134,0.06624181452063534,6
Peter / Pietari / Peeter,Järva-Jaani,Peter,3,2.8874388254486134,0.06624181452063534,6
Peter / Pietari / Peeter,Liissilä,Peter,3,2.8874388254486134,0.06624181452063534,6
Peter / Pietari / Peeter,Tuupovaara,Peter,3,2.8874388254486134,0.06624181452063534,6
Peter / Pietari / Peeter,Suojärvi,Peter,18,17.805872756933116,0.046004980834284774,37
Peter / Pietari / Peeter,Helme,Other,4,3.9200652528548123,0.04037280808918702,18
Peter / Pietari / Peeter,Paistu,Other,4,3.9200652528548123,0.04037280808918702,18
Peter / Pietari / Peeter,Jõhvi,Peeter,1,0.9624796084828712,0.03824472944509804,20
Peter / Pietari / Peeter,Kiihtelysvaara,Other,2,1.9600326264274062,0.02854788637540724,9
Peter / Pietari / Peeter,Lempaala,Other,2,1.9600326264274062,0.02854788637540724,9
Peter / Pietari / Peeter,Tarvastu,Other,2,1.9600326264274062,0.02854788637540724,9
Peter / Pietari / Peeter,Alatornio,Pekka/Pekko,1,0.9787928221859706,0.021435691093064927,6
Peter / Pietari / Peeter,Eno,Pekka/Pekko,1,0.9787928221859706,0.021435691093064927,6
Peter / Pietari / Peeter,Juva,Pekka/Pekko,1,0.9787928221859706,0.021435691093064927,6
Peter / Pietari / Peeter,Vihanti,Pekka/Pekko,1,0.9787928221859706,0.021435691093064927,6
Peter / Pietari / Peeter,Räpina,Peter,10,10.106035889070148,-0.03335511666654042,21
Peter / Pietari / Peeter,Kemi,Other,1,1.0889070146818924,-0.08520020309239867,5
Peter / Pietari / Peeter,Lappee,Other,1,1.0889070146818924,-0.08520020309239867,5
Peter / Pietari / Peeter,Pälkjärvi,Other,1,1.0889070146818924,-0.08520020309239867,5
Peter / Pietari / Peeter,Pärnu,Other,1,1.0889070146818924,-0.08520020309239867,5
Peter / Pietari / Peeter,Rauma,Other,1,1.0889070146818924,-0.08520020309239867,5
Peter / Pietari / Peeter,Ristiina,Other,1,1.0889070146818924,-0.08520020309239867,5
Peter / Pietari / Peeter,Serepetta,Other,1,1.0889070146818924,-0.08520020309239867,5
Peter / Pietari / Peeter,Sotkamo,Other,1,1.0889070146818924,-0.08520020309239867,5
Peter / Pietari / Peeter,Soanlahti,Other,2,2.177814029363785,-0.12049128273021234,10
Peter / Pietari / Peeter,Soutjärvi,Other,2,2.177814029363785,-0.12049128273021234,10
Peter / Pietari / Peeter,Suure-Jaani,Other,2,2.177814029363785,-0.12049128273021234,10
Peter / Pietari / Peeter,Toksova,Other,2,2.177814029363785,-0.12049128273021234,10
Peter / Pietari / Peeter,Asikkala,Pekka/Pekko,1,1.1419249592169658,-0.13281281915256324,7
Peter / Pietari / Peeter,Hattula,Pekka/Pekko,1,1.1419249592169658,-0.13281281915256324,7
Peter / Pietari / Peeter,Kivennapa,Pekka/Pekko,1,1.1419249592169658,-0.13281281915256324,7
Peter / Pietari / Peeter,Koeru,Other,3,3.266721044045677,-0.14757108057122126,15
Peter / Pietari / Peeter,Puumala,Other,3,3.266721044045677,-0.14757108057122126,15
Peter / Pietari / Peeter,Korpiselkä,Petersburg,1,1.1941272430668841,-0.1776483522466651,24
Peter / Pietari / Peeter,Asikkala,Peter,3,3.368678629690049,-0.2008714311922572,7
Peter / Pietari / Peeter,Kivennapa,Peter,3,3.368678629690049,-0.2008714311922572,7
Peter / Pietari / Peeter,Kontiolahti,Peter,3,3.368678629690049,-0.2008714311922572,7
Peter / Pietari / Peeter,Viljandi,Peter,3,3.368678629690049,-0.2008714311922572,7
Peter / Pietari / Peeter,Väike-Maarja,Peter,3,3.368678629690049,-0.2008714311922572,7
Peter / Pietari / Peeter,Suistamo,Petteri/Pietari,2,2.3181076672104406,-0.20893314189104037,58
Peter / Pietari / Peeter,Harju-Madise,Peter,2,2.4061990212071778,-0.2618623733244431,5
Peter / Pietari / Peeter,Kõpu,Peter,2,2.4061990212071778,-0.2618623733244431,5
Peter / Pietari / Peeter,Pärnu,Peter,2,2.4061990212071778,-0.2618623733244431,5
Peter / Pietari / Peeter,Ristiina,Peter,2,2.4061990212071778,-0.2618623733244431,5
Peter / Pietari / Peeter,Serepetta,Peter,2,2.4061990212071778,-0.2618623733244431,5
Peter / Pietari / Peeter,Kesälahti,Pekka/Pekko,1,1.3050570962479608,-0.26703388595449984,8
Peter / Pietari / Peeter,Alatornio,Other,1,1.3066884176182707,-0.2682942431159903,6
Peter / Pietari / Peeter,Juva,Other,1,1.3066884176182707,-0.2682942431159903,6
Peter / Pietari / Peeter,Polvijärvi,Other,1,1.3066884176182707,-0.2682942431159903,6
Peter / Pietari / Peeter,Savonlinna,Other,1,1.3066884176182707,-0.2682942431159903,6
Peter / Pietari / Peeter,Tuupovaara,Other,1,1.3066884176182707,-0.2682942431159903,6
Peter / Pietari / Peeter,Venjoki,Other,1,1.3066884176182707,-0.2682942431159903,6
Peter / Pietari / Peeter,Kiihtelysvaara,Pekka/Pekko,1,1.468189233278956,-0.38639402737369927,9
Peter / Pietari / Peeter,Ilomantsi,Petersburg,2,2.686786296900489,-0.4189913517974566,54
Peter / Pietari / Peeter,Kaavi,Other,1,1.5244698205546492,-0.42477709171282035,7
Peter / Pietari / Peeter,Kiuruvesi,Other,1,1.5244698205546492,-0.42477709171282035,7
Peter / Pietari / Peeter,Kivennapa,Other,1,1.5244698205546492,-0.42477709171282035,7
Peter / Pietari / Peeter,Saarijärvi,Other,1,1.5244698205546492,-0.42477709171282035,7
Peter / Pietari / Peeter,Tohmajärvi,Other,1,1.5244698205546492,-0.42477709171282035,7
Peter / Pietari / Peeter,Viljandi,Other,1,1.5244698205546492,-0.42477709171282035,7
Peter / Pietari / Peeter,Rautavaara,Peter,3,3.8499184339314847,-0.43316313132382844,8
Peter / Pietari / Peeter,Nurmes,Other,5,6.097879282218597,-0.44459561854234536,28
Peter / Pietari / Peeter,Harju-Madise,Petteri/Pietari,0,0.199836867862969,-0.4470311710193921,5
Peter / Pietari / Peeter,Jaakkima,Petteri/Pietari,0,0.199836867862969,-0.4470311710193921,5
Peter / Pietari / Peeter,Järva-Madise,Petteri/Pietari,0,0.199836867862969,-0.4470311710193921,5
Peter / Pietari / Peeter,Kangaslampi,Petteri/Pietari,0,0.199836867862969,-0.4470311710193921,5
Peter / Pietari / Peeter,Kemi,Petteri/Pietari,0,0.199836867862969,-0.4470311710193921,5
Peter / Pietari / Peeter,Kerimäki,Petteri/Pietari,0,0.199836867862969,-0.4470311710193921,5
Peter / Pietari / Peeter,Kõpu,Petteri/Pietari,0,0.199836867862969,-0.4470311710193921,5
Peter / Pietari / Peeter,Laihia,Petteri/Pietari,0,0.199836867862969,-0.4470311710193921,5
Peter / Pietari / Peeter,Lappee,Petteri/Pietari,0,0.199836867862969,-0.4470311710193921,5
Peter / Pietari / Peeter,Liperi,Petteri/Pietari,0,0.199836867862969,-0.4470311710193921,5
Peter / Pietari / Peeter,Muhu,Petteri/Pietari,0,0.199836867862969,-0.4470311710193921,5
Peter / Pietari / Peeter,Orimattila,Petteri/Pietari,0,0.199836867862969,-0.4470311710193921,5
Peter / Pietari / Peeter,Puhja,Petteri/Pietari,0,0.199836867862969,-0.4470311710193921,5
Peter / Pietari / Peeter,Pälkjärvi,Petteri/Pietari,0,0.199836867862969,-0.4470311710193921,5
Peter / Pietari / Peeter,Pärnu,Petteri/Pietari,0,0.199836867862969,-0.4470311710193921,5
Peter / Pietari / Peeter,Rauma,Petteri/Pietari,0,0.199836867862969,-0.4470311710193921,5
Peter / Pietari / Peeter,Ristiina,Petteri/Pietari,0,0.199836867862969,-0.4470311710193921,5
Peter / Pietari / Peeter,Sotkamo,Petteri/Pietari,0,0.199836867862969,-0.4470311710193921,5
Peter / Pietari / Peeter,Uukuniemi,Petteri/Pietari,0,0.199836867862969,-0.4470311710193921,5
Peter / Pietari / Peeter,Vaivara,Petteri/Pietari,0,0.199836867862969,-0.4470311710193921,5
Peter / Pietari / Peeter,Alatornio,Petteri/Pietari,0,0.2398042414355628,-0.48969811255054146,6
Peter / Pietari / Peeter,Eno,Petteri/Pietari,0,0.2398042414355628,-0.48969811255054146,6
Peter / Pietari / Peeter,Haljala,Petteri/Pietari,0,0.2398042414355628,-0.48969811255054146,6
Peter / Pietari / Peeter,Juva,Petteri/Pietari,0,0.2398042414355628,-0.48969811255054146,6
Peter / Pietari / Peeter,Järva-Jaani,Petteri/Pietari,0,0.2398042414355628,-0.48969811255054146,6
Peter / Pietari / Peeter,Liissilä,Petteri/Pietari,0,0.2398042414355628,-0.48969811255054146,6
Peter / Pietari / Peeter,Noarootsi,Petteri/Pietari,0,0.2398042414355628,-0.48969811255054146,6
Peter / Pietari / Peeter,Polvijärvi,Petteri/Pietari,0,0.2398042414355628,-0.48969811255054146,6
Peter / Pietari / Peeter,Rantsila,Petteri/Pietari,0,0.2398042414355628,-0.48969811255054146,6
Peter / Pietari / Peeter,Savonlinna,Petteri/Pietari,0,0.2398042414355628,-0.48969811255054146,6
Peter / Pietari / Peeter,Tulemajärvi,Petteri/Pietari,0,0.2398042414355628,-0.48969811255054146,6
Peter / Pietari / Peeter,Tuupovaara,Petteri/Pietari,0,0.2398042414355628,-0.48969811255054146,6
Peter / Pietari / Peeter,Tuusniemi,Petteri/Pietari,0,0.2398042414355628,-0.48969811255054146,6
Peter / Pietari / Peeter,Venjoki,Petteri/Pietari,0,0.2398042414355628,-0.48969811255054146,6
Peter / Pietari / Peeter,Vieljärvi,Petteri/Pietari,0,0.2398042414355628,-0.48969811255054146,6
Peter / Pietari / Peeter,Viitasaari,Petteri/Pietari,0,0.2398042414355628,-0.48969811255054146,6
Peter / Pietari / Peeter,Virtasalmi,Petteri/Pietari,0,0.2398042414355628,-0.48969811255054146,6
Peter / Pietari / Peeter,Jaakkima,Peeter,0,0.2406199021207178,-0.49053022549147546,5
Peter / Pietari / Peeter,Kangaslampi,Peeter,0,0.2406199021207178,-0.49053022549147546,5
Peter / Pietari / Peeter,Kemi,Peeter,0,0.2406199021207178,-0.49053022549147546,5
Peter / Pietari / Peeter,Kerimäki,Peeter,0,0.2406199021207178,-0.49053022549147546,5
Peter / Pietari / Peeter,Kõpu,Peeter,0,0.2406199021207178,-0.49053022549147546,5
Peter / Pietari / Peeter,Laihia,Peeter,0,0.2406199021207178,-0.49053022549147546,5
Peter / Pietari / Peeter,Lappee,Peeter,0,0.2406199021207178,-0.49053022549147546,5
Peter / Pietari / Peeter,Liperi,Peeter,0,0.2406199021207178,-0.49053022549147546,5
Peter / Pietari / Peeter,Muhu,Peeter,0,0.2406199021207178,-0.49053022549147546,5
Peter / Pietari / Peeter,Orimattila,Peeter,0,0.2406199021207178,-0.49053022549147546,5
Peter / Pietari / Peeter,Puhja,Peeter,0,0.2406199021207178,-0.49053022549147546,5
Peter / Pietari / Peeter,Pälkjärvi,Peeter,0,0.2406199021207178,-0.49053022549147546,5
Peter / Pietari / Peeter,Rauma,Peeter,0,0.2406199021207178,-0.49053022549147546,5
Peter / Pietari / Peeter,Ristiina,Peeter,0,0.2406199021207178,-0.49053022549147546,5
Peter / Pietari / Peeter,Serepetta,Peeter,0,0.2406199021207178,-0.49053022549147546,5
Peter / Pietari / Peeter,Sotkamo,Peeter,0,0.2406199021207178,-0.49053022549147546,5
Peter / Pietari / Peeter,Töysä,Peeter,0,0.2406199021207178,-0.49053022549147546,5
Peter / Pietari / Peeter,Uukuniemi,Peeter,0,0.2406199021207178,-0.49053022549147546,5
Peter / Pietari / Peeter,Harju-Madise,Petersburg,0,0.24877650897226752,-0.49877500836776845,5
Peter / Pietari / Peeter,Jaakkima,Petersburg,0,0.24877650897226752,-0.49877500836776845,5
Peter / Pietari / Peeter,Järva-Madise,Petersburg,0,0.24877650897226752,-0.49877500836776845,5
Peter / Pietari / Peeter,Kemi,Petersburg,0,0.24877650897226752,-0.49877500836776845,5
Peter / Pietari / Peeter,Kerimäki,Petersburg,0,0.24877650897226752,-0.49877500836776845,5
Peter / Pietari / Peeter,Kõpu,Petersburg,0,0.24877650897226752,-0.49877500836776845,5
Peter / Pietari / Peeter,Laihia,Petersburg,0,0.24877650897226752,-0.49877500836776845,5
Peter / Pietari / Peeter,Lappee,Petersburg,0,0.24877650897226752,-0.49877500836776845,5
Peter / Pietari / Peeter,Liperi,Petersburg,0,0.24877650897226752,-0.49877500836776845,5
Peter / Pietari / Peeter,Muhu,Petersburg,0,0.24877650897226752,-0.49877500836776845,5
Peter / Pietari / Peeter,Orimattila,Petersburg,0,0.24877650897226752,-0.49877500836776845,5
Peter / Pietari / Peeter,Puhja,Petersburg,0,0.24877650897226752,-0.49877500836776845,5
Peter / Pietari / Peeter,Pälkjärvi,Petersburg,0,0.24877650897226752,-0.49877500836776845,5
Peter / Pietari / Peeter,Pärnu,Petersburg,0,0.24877650897226752,-0.49877500836776845,5
Peter / Pietari / Peeter,Rauma,Petersburg,0,0.24877650897226752,-0.49877500836776845,5
Peter / Pietari / Peeter,Ristiina,Petersburg,0,0.24877650897226752,-0.49877500836776845,5
Peter / Pietari / Peeter,Serepetta,Petersburg,0,0.24877650897226752,-0.49877500836776845,5
Peter / Pietari / Peeter,Sotkamo,Petersburg,0,0.24877650897226752,-0.49877500836776845,5
Peter / Pietari / Peeter,Töysä,Petersburg,0,0.24877650897226752,-0.49877500836776845,5
Peter / Pietari / Peeter,Uukuniemi,Petersburg,0,0.24877650897226752,-0.49877500836776845,5
Peter / Pietari / Peeter,Vaivara,Petersburg,0,0.24877650897226752,-0.49877500836776845,5
Peter / Pietari / Peeter,Suistamo,Petersburg,2,2.8858075040783033,-0.5214416001864846,58
Peter / Pietari / Peeter,Rantsila,Peter,2,2.8874388254486134,-0.5222543057858788,6
Peter / Pietari / Peeter,Viitasaari,Peter,2,2.8874388254486134,-0.5222543057858788,6
Peter / Pietari / Peeter,Asikkala,Petteri/Pietari,0,0.2797716150081566,-0.5289344146566345,7
Peter / Pietari / Peeter,Hattula,Petteri/Pietari,0,0.2797716150081566,-0.5289344146566345,7
Peter / Pietari / Peeter,Kaprio,Petteri/Pietari,0,0.2797716150081566,-0.5289344146566345,7
Peter / Pietari / Peeter,Kiuruvesi,Petteri/Pietari,0,0.2797716150081566,-0.5289344146566345,7
Peter / Pietari / Peeter,Kivennapa,Petteri/Pietari,0,0.2797716150081566,-0.5289344146566345,7
Peter / Pietari / Peeter,Koivisto,Petteri/Pietari,0,0.2797716150081566,-0.5289344146566345,7
Peter / Pietari / Peeter,Kontiolahti,Petteri/Pietari,0,0.2797716150081566,-0.5289344146566345,7
Peter / Pietari / Peeter,Kuopio,Petteri/Pietari,0,0.2797716150081566,-0.5289344146566345,7
Peter / Pietari / Peeter,Saarijärvi,Petteri/Pietari,0,0.2797716150081566,-0.5289344146566345,7
Peter / Pietari / Peeter,Tohmajärvi,Petteri/Pietari,0,0.2797716150081566,-0.5289344146566345,7
Peter / Pietari / Peeter,Viljandi,Petteri/Pietari,0,0.2797716150081566,-0.5289344146566345,7
Peter / Pietari / Peeter,Väike-Maarja,Petteri/Pietari,0,0.2797716150081566,-0.5289344146566345,7
Peter / Pietari / Peeter,Alatornio,Peeter,0,0.28874388254486133,-0.5373489392795536,6
Peter / Pietari / Peeter,Eno,Peeter,0,0.28874388254486133,-0.5373489392795536,6
Peter / Pietari / Peeter,Juva,Peeter,0,0.28874388254486133,-0.5373489392795536,6
Peter / Pietari / Peeter,Liissilä,Peeter,0,0.28874388254486133,-0.5373489392795536,6
Peter / Pietari / Peeter,Noarootsi,Peeter,0,0.28874388254486133,-0.5373489392795536,6
Peter / Pietari / Peeter,Polvijärvi,Peeter,0,0.28874388254486133,-0.5373489392795536,6
Peter / Pietari / Peeter,Rantsila,Peeter,0,0.28874388254486133,-0.5373489392795536,6
Peter / Pietari / Peeter,Savonlinna,Peeter,0,0.28874388254486133,-0.5373489392795536,6
Peter / Pietari / Peeter,Tulemajärvi,Peeter,0,0.28874388254486133,-0.5373489392795536,6
Peter / Pietari / Peeter,Tuupovaara,Peeter,0,0.28874388254486133,-0.5373489392795536,6
Peter / Pietari / Peeter,Tuusniemi,Peeter,0,0.28874388254486133,-0.5373489392795536,6
Peter / Pietari / Peeter,Venjoki,Peeter,0,0.28874388254486133,-0.5373489392795536,6
Peter / Pietari / Peeter,Vieljärvi,Peeter,0,0.28874388254486133,-0.5373489392795536,6
Peter / Pietari / Peeter,Vihanti,Peeter,0,0.28874388254486133,-0.5373489392795536,6
Peter / Pietari / Peeter,Viitasaari,Peeter,0,0.28874388254486133,-0.5373489392795536,6
Peter / Pietari / Peeter,Virtasalmi,Peeter,0,0.28874388254486133,-0.5373489392795536,6
Peter / Pietari / Peeter,Alatornio,Petersburg,0,0.29853181076672103,-0.5463806464057095,6
Peter / Pietari / Peeter,Eno,Petersburg,0,0.29853181076672103,-0.5463806464057095,6
Peter / Pietari / Peeter,Haljala,Petersburg,0,0.29853181076672103,-0.5463806464057095,6
Peter / Pietari / Peeter,Juva,Petersburg,0,0.29853181076672103,-0.5463806464057095,6
Peter / Pietari / Peeter,Järva-Jaani,Petersburg,0,0.29853181076672103,-0.5463806464057095,6
Peter / Pietari / Peeter,Noarootsi,Petersburg,0,0.29853181076672103,-0.5463806464057095,6
Peter / Pietari / Peeter,Polvijärvi,Petersburg,0,0.29853181076672103,-0.5463806464057095,6
Peter / Pietari / Peeter,Rantsila,Petersburg,0,0.29853181076672103,-0.5463806464057095,6
Peter / Pietari / Peeter,Savonlinna,Petersburg,0,0.29853181076672103,-0.5463806464057095,6
Peter / Pietari / Peeter,Tulemajärvi,Petersburg,0,0.29853181076672103,-0.5463806464057095,6
Peter / Pietari / Peeter,Tuusniemi,Petersburg,0,0.29853181076672103,-0.5463806464057095,6
Peter / Pietari / Peeter,Venjoki,Petersburg,0,0.29853181076672103,-0.5463806464057095,6
Peter / Pietari / Peeter,Vieljärvi,Petersburg,0,0.29853181076672103,-0.5463806464057095,6
Peter / Pietari / Peeter,Vihanti,Petersburg,0,0.29853181076672103,-0.5463806464057095,6
Peter / Pietari / Peeter,Viitasaari,Petersburg,0,0.29853181076672103,-0.5463806464057095,6
Peter / Pietari / Peeter,Virtasalmi,Petersburg,0,0.29853181076672103,-0.5463806464057095,6
Peter / Pietari / Peeter,Pilistvere,Peter,4,5.293637846655791,-0.5622579430969987,11
Peter / Pietari / Peeter,Kesälahti,Other,1,1.7422512234910277,-0.5623355412422473,8
Peter / Pietari / Peeter,Rääkkylä,Other,1,1.7422512234910277,-0.5623355412422473,8
Peter / Pietari / Peeter,Urvaste,Other,1,1.7422512234910277,-0.5623355412422473,8
Peter / Pietari / Peeter,Võnnu,Other,1,1.7422512234910277,-0.5623355412422473,8
Peter / Pietari / Peeter,Ambla,Petteri/Pietari,0,0.3197389885807504,-0.5654546742054136,8
Peter / Pietari / Peeter,Kesälahti,Petteri/Pietari,0,0.3197389885807504,-0.5654546742054136,8
Peter / Pietari / Peeter,Peetri,Petteri/Pietari,0,0.3197389885807504,-0.5654546742054136,8
Peter / Pietari / Peeter,Põltsamaa,Petteri/Pietari,0,0.3197389885807504,-0.5654546742054136,8
Peter / Pietari / Peeter,Põlva,Petteri/Pietari,0,0.3197389885807504,-0.5654546742054136,8
Peter / Pietari / Peeter,Rautavaara,Petteri/Pietari,0,0.3197389885807504,-0.5654546742054136,8
Peter / Pietari / Peeter,Sangaste,Petteri/Pietari,0,0.3197389885807504,-0.5654546742054136,8
Peter / Pietari / Peeter,Tyrö,Petteri/Pietari,0,0.3197389885807504,-0.5654546742054136,8
Peter / Pietari / Peeter,Urvaste,Petteri/Pietari,0,0.3197389885807504,-0.5654546742054136,8
Peter / Pietari / Peeter,Asikkala,Peeter,0,0.3368678629690049,-0.5804031900058828,7
Peter / Pietari / Peeter,Hattula,Peeter,0,0.3368678629690049,-0.5804031900058828,7
Peter / Pietari / Peeter,Kaavi,Peeter,0,0.3368678629690049,-0.5804031900058828,7
Peter / Pietari / Peeter,Kaprio,Peeter,0,0.3368678629690049,-0.5804031900058828,7
Peter / Pietari / Peeter,Kiuruvesi,Peeter,0,0.3368678629690049,-0.5804031900058828,7
Peter / Pietari / Peeter,Kivennapa,Peeter,0,0.3368678629690049,-0.5804031900058828,7
Peter / Pietari / Peeter,Koivisto,Peeter,0,0.3368678629690049,-0.5804031900058828,7
Peter / Pietari / Peeter,Kontiolahti,Peeter,0,0.3368678629690049,-0.5804031900058828,7
Peter / Pietari / Peeter,Kuopio,Peeter,0,0.3368678629690049,-0.5804031900058828,7
Peter / Pietari / Peeter,Saarijärvi,Peeter,0,0.3368678629690049,-0.5804031900058828,7
Peter / Pietari / Peeter,Tohmajärvi,Peeter,0,0.3368678629690049,-0.5804031900058828,7
Peter / Pietari / Peeter,Asikkala,Petersburg,0,0.34828711256117456,-0.5901585486639794,7
Peter / Pietari / Peeter,Hattula,Petersburg,0,0.34828711256117456,-0.5901585486639794,7
Peter / Pietari / Peeter,Kaavi,Petersburg,0,0.34828711256117456,-0.5901585486639794,7
Peter / Pietari / Peeter,Kiuruvesi,Petersburg,0,0.34828711256117456,-0.5901585486639794,7
Peter / Pietari / Peeter,Koivisto,Petersburg,0,0.34828711256117456,-0.5901585486639794,7
Peter / Pietari / Peeter,Kontiolahti,Petersburg,0,0.34828711256117456,-0.5901585486639794,7
Peter / Pietari / Peeter,Kuopio,Petersburg,0,0.34828711256117456,-0.5901585486639794,7
Peter / Pietari / Peeter,Saarijärvi,Petersburg,0,0.34828711256117456,-0.5901585486639794,7
Peter / Pietari / Peeter,Tohmajärvi,Petersburg,0,0.34828711256117456,-0.5901585486639794,7
Peter / Pietari / Peeter,Viljandi,Petersburg,0,0.34828711256117456,-0.5901585486639794,7
Peter / Pietari / Peeter,Väike-Maarja,Petersburg,0,0.34828711256117456,-0.5901585486639794,7
Peter / Pietari / Peeter,Joroinen,Petteri/Pietari,0,0.35970636215334423,-0.5997552518764169,9
Peter / Pietari / Peeter,Kiihtelysvaara,Petteri/Pietari,0,0.35970636215334423,-0.5997552518764169,9
Peter / Pietari / Peeter,Repola,Petteri/Pietari,0,0.35970636215334423,-0.5997552518764169,9
Peter / Pietari / Peeter,Rõngu,Petteri/Pietari,0,0.35970636215334423,-0.5997552518764169,9
Peter / Pietari / Peeter,Torma,Petteri/Pietari,0,0.35970636215334423,-0.5997552518764169,9
Peter / Pietari / Peeter,Heinävesi,Other,2,3.0489396411092984,-0.6007255240856706,14
Peter / Pietari / Peeter,Ilomantsi,Pekka/Pekko,7,8.809135399673735,-0.6095431133899742,54
Peter / Pietari / Peeter,Kesälahti,Peeter,0,0.38499184339314846,-0.6204771094836202,8
Peter / Pietari / Peeter,Rautavaara,Peeter,0,0.38499184339314846,-0.6204771094836202,8
Peter / Pietari / Peeter,Rääkkylä,Peeter,0,0.38499184339314846,-0.6204771094836202,8
Peter / Pietari / Peeter,Sangaste,Peeter,0,0.38499184339314846,-0.6204771094836202,8
Peter / Pietari / Peeter,Tyrö,Peeter,0,0.38499184339314846,-0.6204771094836202,8
Peter / Pietari / Peeter,Ambla,Petersburg,0,0.39804241435562804,-0.6309060265646763,8
Peter / Pietari / Peeter,Kesälahti,Petersburg,0,0.39804241435562804,-0.6309060265646763,8
Peter / Pietari / Peeter,Peetri,Petersburg,0,0.39804241435562804,-0.6309060265646763,8
Peter / Pietari / Peeter,Põltsamaa,Petersburg,0,0.39804241435562804,-0.6309060265646763,8
Peter / Pietari / Peeter,Põlva,Petersburg,0,0.39804241435562804,-0.6309060265646763,8
Peter / Pietari / Peeter,Rautavaara,Petersburg,0,0.39804241435562804,-0.6309060265646763,8
Peter / Pietari / Peeter,Rääkkylä,Petersburg,0,0.39804241435562804,-0.6309060265646763,8
Peter / Pietari / Peeter,Sangaste,Petersburg,0,0.39804241435562804,-0.6309060265646763,8
Peter / Pietari / Peeter,Urvaste,Petersburg,0,0.39804241435562804,-0.6309060265646763,8
Peter / Pietari / Peeter,Võnnu,Petersburg,0,0.39804241435562804,-0.6309060265646763,8
Peter / Pietari / Peeter,Maaninka,Petteri/Pietari,0,0.399673735725938,-0.6321975448591508,10
Peter / Pietari / Peeter,Nilsiä,Petteri/Pietari,0,0.399673735725938,-0.6321975448591508,10
Peter / Pietari / Peeter,Risti,Petteri/Pietari,0,0.399673735725938,-0.6321975448591508,10
Peter / Pietari / Peeter,Soanlahti,Petteri/Pietari,0,0.399673735725938,-0.6321975448591508,10
Peter / Pietari / Peeter,Soutjärvi,Petteri/Pietari,0,0.399673735725938,-0.6321975448591508,10
Peter / Pietari / Peeter,Suure-Jaani,Petteri/Pietari,0,0.399673735725938,-0.6321975448591508,10
Peter / Pietari / Peeter,Toksova,Petteri/Pietari,0,0.399673735725938,-0.6321975448591508,10
Peter / Pietari / Peeter,Uskela,Petteri/Pietari,0,0.399673735725938,-0.6321975448591508,10
Peter / Pietari / Peeter,Lempaala,Peter,3,4.33115823817292,-0.6396282825734297,9
Peter / Pietari / Peeter,Joroinen,Peeter,0,0.433115823817292,-0.6581153575303436,9
Peter / Pietari / Peeter,Kiihtelysvaara,Peeter,0,0.433115823817292,-0.6581153575303436,9
Peter / Pietari / Peeter,Lempaala,Peeter,0,0.433115823817292,-0.6581153575303436,9
Peter / Pietari / Peeter,Moloskovitsa,Peeter,0,0.433115823817292,-0.6581153575303436,9
Peter / Pietari / Peeter,Repola,Peeter,0,0.433115823817292,-0.6581153575303436,9
Peter / Pietari / Peeter,Rõngu,Peeter,0,0.433115823817292,-0.6581153575303436,9
Peter / Pietari / Peeter,Tarvastu,Peeter,0,0.433115823817292,-0.6581153575303436,9
Peter / Pietari / Peeter,Torma,Peeter,0,0.433115823817292,-0.6581153575303436,9
Peter / Pietari / Peeter,Impilahti,Petteri/Pietari,0,0.4396411092985318,-0.6630543788397237,11
Peter / Pietari / Peeter,Pilistvere,Petteri/Pietari,0,0.4396411092985318,-0.6630543788397237,11
Peter / Pietari / Peeter,Kiihtelysvaara,Petersburg,0,0.44779771615008157,-0.6691768945130141,9
Peter / Pietari / Peeter,Rõngu,Petersburg,0,0.44779771615008157,-0.6691768945130141,9
Peter / Pietari / Peeter,Tarvastu,Petersburg,0,0.44779771615008157,-0.6691768945130141,9
Peter / Pietari / Peeter,Torma,Petersburg,0,0.44779771615008157,-0.6691768945130141,9
Peter / Pietari / Peeter,Joroinen,Other,1,1.9600326264274062,-0.685731882935802,9
Peter / Pietari / Peeter,Repola,Other,1,1.9600326264274062,-0.685731882935802,9
Peter / Pietari / Peeter,Torma,Other,1,1.9600326264274062,-0.685731882935802,9
Peter / Pietari / Peeter,Uusikaupunki,Petteri/Pietari,0,0.4796084828711256,-0.6925377122374821,12
Peter / Pietari / Peeter,Maaninka,Peeter,0,0.4812398042414356,-0.6937144976439771,10
Peter / Pietari / Peeter,Nilsiä,Peeter,0,0.4812398042414356,-0.6937144976439771,10
Peter / Pietari / Peeter,Risti,Peeter,0,0.4812398042414356,-0.6937144976439771,10
Peter / Pietari / Peeter,Soanlahti,Peeter,0,0.4812398042414356,-0.6937144976439771,10
Peter / Pietari / Peeter,Soutjärvi,Peeter,0,0.4812398042414356,-0.6937144976439771,10
Peter / Pietari / Peeter,Suure-Jaani,Peeter,0,0.4812398042414356,-0.6937144976439771,10
Peter / Pietari / Peeter,Toksova,Peeter,0,0.4812398042414356,-0.6937144976439771,10
Peter / Pietari / Peeter,Uskela,Peeter,0,0.4812398042414356,-0.6937144976439771,10
Peter / Pietari / Peeter,Vuokkiniemi,Other,2,3.266721044045677,-0.7008498107862591,15
Peter / Pietari / Peeter,Maaninka,Petersburg,0,0.49755301794453505,-0.7053743814064521,10
Peter / Pietari / Peeter,Nilsiä,Petersburg,0,0.49755301794453505,-0.7053743814064521,10
Peter / Pietari / Peeter,Risti,Petersburg,0,0.49755301794453505,-0.7053743814064521,10
Peter / Pietari / Peeter,Soanlahti,Petersburg,0,0.49755301794453505,-0.7053743814064521,10
Peter / Pietari / Peeter,Suure-Jaani,Petersburg,0,0.49755301794453505,-0.7053743814064521,10
Peter / Pietari / Peeter,Uskela,Petersburg,0,0.49755301794453505,-0.7053743814064521,10
Peter / Pietari / Peeter,Vastseliina,Petteri/Pietari,0,0.5195758564437194,-0.7208161044564136,13
Peter / Pietari / Peeter,Vuole,Petteri/Pietari,0,0.5195758564437194,-0.7208161044564136,13
Peter / Pietari / Peeter,Impilahti,Peeter,0,0.5293637846655791,-0.7275739032329149,11
Peter / Pietari / Peeter,Uusikaupunki,Peter,4,5.774877650897227,-0.7385791222501354,12
Peter / Pietari / Peeter,Impilahti,Petersburg,0,0.5473083197389886,-0.7398028924916343,11
Peter / Pietari / Peeter,Pilistvere,Petersburg,0,0.5473083197389886,-0.7398028924916343,11
Peter / Pietari / Peeter,Setumaa,Petersburg,0,0.5473083197389886,-0.7398028924916343,11
Peter / Pietari / Peeter,Kaavi,Peter,2,3.368678629690049,-0.7457129680101936,7
Peter / Pietari / Peeter,Kaprio,Peter,2,3.368678629690049,-0.7457129680101936,7
Peter / Pietari / Peeter,Koivisto,Peter,2,3.368678629690049,-0.7457129680101936,7
Peter / Pietari / Peeter,Tohmajärvi,Peter,2,3.368678629690049,-0.7457129680101936,7
Peter / Pietari / Peeter,Heinävesi,Petteri/Pietari,0,0.5595432300163132,-0.7480262228132869,14
Peter / Pietari / Peeter,Leppävirta,Petteri/Pietari,0,0.5595432300163132,-0.7480262228132869,14
Peter / Pietari / Peeter,Uusikaupunki,Peeter,0,0.5774877650897227,-0.7599261576559413,12
Peter / Pietari / Peeter,Uusikaupunki,Petersburg,0,0.5970636215334421,-0.7726989203651329,12
Peter / Pietari / Peeter,Koeru,Petteri/Pietari,0,0.5995106035889071,-0.774280700772599,15
Peter / Pietari / Peeter,Kuusalu,Petteri/Pietari,0,0.5995106035889071,-0.774280700772599,15
Peter / Pietari / Peeter,Porajärvi,Petteri/Pietari,0,0.5995106035889071,-0.774280700772599,15
Peter / Pietari / Peeter,Puumala,Petteri/Pietari,0,0.5995106035889071,-0.774280700772599,15
Peter / Pietari / Peeter,Karksi,Other,4,5.880097879282219,-0.7753328445261524,27
Peter / Pietari / Peeter,Vastseliina,Peeter,0,0.6256117455138662,-0.7909562222486566,13
Peter / Pietari / Peeter,Vuole,Peeter,0,0.6256117455138662,-0.7909562222486566,13
Peter / Pietari / Peeter,Sonkajärvi,Other,2,3.4845024469820554,-0.7952625490292011,16
Peter / Pietari / Peeter,Maaninka,Other,1,2.177814029363785,-0.7981165700111305,10
Peter / Pietari / Peeter,Risti,Other,1,2.177814029363785,-0.7981165700111305,10
Peter / Pietari / Peeter,Kadrina,Petteri/Pietari,0,0.6394779771615008,-0.7996736691685558,16
Peter / Pietari / Peeter,Kitee,Petteri/Pietari,0,0.6394779771615008,-0.7996736691685558,16
Peter / Pietari / Peeter,Kolga-Jaani,Petteri/Pietari,0,0.6394779771615008,-0.7996736691685558,16
Peter / Pietari / Peeter,Pielavesi,Petteri/Pietari,0,0.6394779771615008,-0.7996736691685558,16
Peter / Pietari / Peeter,Sonkajärvi,Petteri/Pietari,0,0.6394779771615008,-0.7996736691685558,16
Peter / Pietari / Peeter,Vastseliina,Petersburg,0,0.6468189233278956,-0.804250535174143,13
Peter / Pietari / Peeter,Heinävesi,Peeter,0,0.6737357259380098,-0.8208140629509278,14
Peter / Pietari / Peeter,Leppävirta,Peeter,0,0.6737357259380098,-0.8208140629509278,14
Peter / Pietari / Peeter,Halliste,Petteri/Pietari,0,0.6794453507340946,-0.8242847510017971,17
Peter / Pietari / Peeter,Kuusalu,Peter,5,7.218597063621534,-0.8257565620567151,15
Peter / Pietari / Peeter,Heinävesi,Petersburg,0,0.6965742251223491,-0.834610223471022,14
Peter / Pietari / Peeter,Helme,Petteri/Pietari,0,0.7194127243066885,-0.8481820113081203,18
Peter / Pietari / Peeter,Paistu,Petteri/Pietari,0,0.7194127243066885,-0.8481820113081203,18
Peter / Pietari / Peeter,Porajärvi,Peeter,0,0.7218597063621534,-0.8496232731994535,15
Peter / Pietari / Peeter,Puumala,Peeter,0,0.7218597063621534,-0.8496232731994535,15
Peter / Pietari / Peeter,Vuokkiniemi,Peeter,0,0.7218597063621534,-0.8496232731994535,15
Peter / Pietari / Peeter,Koeru,Petersburg,0,0.7463295269168027,-0.863903656038567,15
Peter / Pietari / Peeter,Porajärvi,Petersburg,0,0.7463295269168027,-0.863903656038567,15
Peter / Pietari / Peeter,Puumala,Petersburg,0,0.7463295269168027,-0.863903656038567,15
Peter / Pietari / Peeter,Vuokkiniemi,Petersburg,0,0.7463295269168027,-0.863903656038567,15
Peter / Pietari / Peeter,Kitee,Peeter,0,0.7699836867862969,-0.8774871433737915,16
Peter / Pietari / Peeter,Pielavesi,Peeter,0,0.7699836867862969,-0.8774871433737915,16
Peter / Pietari / Peeter,Sonkajärvi,Peeter,0,0.7699836867862969,-0.8774871433737915,16
Peter / Pietari / Peeter,Kadrina,Petersburg,0,0.7960848287112561,-0.8922358593506854,16
Peter / Pietari / Peeter,Kolga-Jaani,Petersburg,0,0.7960848287112561,-0.8922358593506854,16
Peter / Pietari / Peeter,Sonkajärvi,Petersburg,0,0.7960848287112561,-0.8922358593506854,16
Peter / Pietari / Peeter,Jõhvi,Petteri/Pietari,0,0.799347471451876,-0.8940623420387842,20
Peter / Pietari / Peeter,Harju-Madise,Pekka/Pekko,0,0.8156606851549756,-0.9031393497987869,5
Peter / Pietari / Peeter,Järva-Madise,Pekka/Pekko,0,0.8156606851549756,-0.9031393497987869,5
Peter / Pietari / Peeter,Kõpu,Pekka/Pekko,0,0.8156606851549756,-0.9031393497987869,5
Peter / Pietari / Peeter,Laihia,Pekka/Pekko,0,0.8156606851549756,-0.9031393497987869,5
Peter / Pietari / Peeter,Muhu,Pekka/Pekko,0,0.8156606851549756,-0.9031393497987869,5
Peter / Pietari / Peeter,Orimattila,Pekka/Pekko,0,0.8156606851549756,-0.9031393497987869,5
Peter / Pietari / Peeter,Puhja,Pekka/Pekko,0,0.8156606851549756,-0.9031393497987869,5
Peter / Pietari / Peeter,Pälkjärvi,Pekka/Pekko,0,0.8156606851549756,-0.9031393497987869,5
Peter / Pietari / Peeter,Pärnu,Pekka/Pekko,0,0.8156606851549756,-0.9031393497987869,5
Peter / Pietari / Peeter,Rauma,Pekka/Pekko,0,0.8156606851549756,-0.9031393497987869,5
Peter / Pietari / Peeter,Serepetta,Pekka/Pekko,0,0.8156606851549756,-0.9031393497987869,5
Peter / Pietari / Peeter,Uukuniemi,Pekka/Pekko,0,0.8156606851549756,-0.9031393497987869,5
Peter / Pietari / Peeter,Vaivara,Pekka/Pekko,0,0.8156606851549756,-0.9031393497987869,5
Peter / Pietari / Peeter,Jaakkima,Peter,1,2.4061990212071778,-0.9065275735167468,5
Peter / Pietari / Peeter,Järva-Madise,Peter,1,2.4061990212071778,-0.9065275735167468,5
Peter / Pietari / Peeter,Kerimäki,Peter,1,2.4061990212071778,-0.9065275735167468,5
Peter / Pietari / Peeter,Lappee,Peter,1,2.4061990212071778,-0.9065275735167468,5
Peter / Pietari / Peeter,Liperi,Peter,1,2.4061990212071778,-0.9065275735167468,5
Peter / Pietari / Peeter,Salmi,Petteri/Pietari,0,0.8393148450244698,-0.9161412800569954,21
Peter / Pietari / Peeter,Halliste,Petersburg,0,0.8458401305057096,-0.9196956727666548,17
Peter / Pietari / Peeter,Ambla,Peter,2,3.8499184339314847,-0.9428157215378529,8
Peter / Pietari / Peeter,Peetri,Peter,2,3.8499184339314847,-0.9428157215378529,8
Peter / Pietari / Peeter,Urvaste,Peter,2,3.8499184339314847,-0.9428157215378529,8
Peter / Pietari / Peeter,Helme,Petersburg,0,0.8955954323001631,-0.9463590398470144,18
Peter / Pietari / Peeter,Paistu,Petersburg,0,0.8955954323001631,-0.9463590398470144,18
Peter / Pietari / Peeter,Kitee,Peter,5,7.699836867862969,-0.9729639776277815,16
Peter / Pietari / Peeter,Korpiselkä,Other,3,5.226753670473083,-0.973993728333316,24
Peter / Pietari / Peeter,Korpiselkä,Petteri/Pietari,0,0.9592169657422512,-0.9793962251010829,24
Peter / Pietari / Peeter,Haljala,Pekka/Pekko,0,0.9787928221859706,-0.9893395889106887,6
Peter / Pietari / Peeter,Järva-Jaani,Pekka/Pekko,0,0.9787928221859706,-0.9893395889106887,6
Peter / Pietari / Peeter,Liissilä,Pekka/Pekko,0,0.9787928221859706,-0.9893395889106887,6
Peter / Pietari / Peeter,Noarootsi,Pekka/Pekko,0,0.9787928221859706,-0.9893395889106887,6
Peter / Pietari / Peeter,Tulemajärvi,Pekka/Pekko,0,0.9787928221859706,-0.9893395889106887,6
Peter / Pietari / Peeter,Tuupovaara,Pekka/Pekko,0,0.9787928221859706,-0.9893395889106887,6
Peter / Pietari / Peeter,Venjoki,Pekka/Pekko,0,0.9787928221859706,-0.9893395889106887,6
Peter / Pietari / Peeter,Vieljärvi,Pekka/Pekko,0,0.9787928221859706,-0.9893395889106887,6
Peter / Pietari / Peeter,Impilahti,Peter,3,5.293637846655791,-0.9968911324014884,11
Peter / Pietari / Peeter,Jõhvi,Petersburg,0,0.9951060358890701,-0.9975500167355369,20
Peter / Pietari / Peeter,Räpina,Peeter,0,1.0106035889070146,-1.0052878139652417,21
Peter / Pietari / Peeter,Salmi,Peeter,0,1.0106035889070146,-1.0052878139652417,21
Peter / Pietari / Peeter,Räpina,Petersburg,0,1.0448613376835236,-1.022184590807122,21
Peter / Pietari / Peeter,Salmi,Petersburg,0,1.0448613376835236,-1.022184590807122,21
Peter / Pietari / Peeter,Karksi,Petteri/Pietari,0,1.0791190864600326,-1.0388065683562233,27
Peter / Pietari / Peeter,Kangaslampi,Other,0,1.0889070146818924,-1.0435070745720378,5
Peter / Pietari / Peeter,Kerimäki,Other,0,1.0889070146818924,-1.0435070745720378,5
Peter / Pietari / Peeter,Laihia,Other,0,1.0889070146818924,-1.0435070745720378,5
Peter / Pietari / Peeter,Muhu,Other,0,1.0889070146818924,-1.0435070745720378,5
Peter / Pietari / Peeter,Orimattila,Other,0,1.0889070146818924,-1.0435070745720378,5
Peter / Pietari / Peeter,Töysä,Other,0,1.0889070146818924,-1.0435070745720378,5
Peter / Pietari / Peeter,Uukuniemi,Other,0,1.0889070146818924,-1.0435070745720378,5
Peter / Pietari / Peeter,Vaivara,Other,0,1.0889070146818924,-1.0435070745720378,5
Peter / Pietari / Peeter,Leppävirta,Peter,4,6.737357259380098,-1.0545973929975097,14
Peter / Pietari / Peeter,Kaprio,Pekka/Pekko,0,1.1419249592169658,-1.068608889733267,7
Peter / Pietari / Peeter,Viljandi,Pekka/Pekko,0,1.1419249592169658,-1.068608889733267,7
Peter / Pietari / Peeter,Väike-Maarja,Pekka/Pekko,0,1.1419249592169658,-1.068608889733267,7
Peter / Pietari / Peeter,Korpiselkä,Peeter,0,1.1549755301794453,-1.0746978785591073,24
Peter / Pietari / Peeter,Polvijärvi,Peter,1,2.8874388254486134,-1.110750426092393,6
Peter / Pietari / Peeter,Savonlinna,Peter,1,2.8874388254486134,-1.110750426092393,6
Peter / Pietari / Peeter,Tuusniemi,Peter,1,2.8874388254486134,-1.110750426092393,6
Peter / Pietari / Peeter,Moloskovitsa,Peter,2,4.33115823817292,-1.1201333526929302,9
Peter / Pietari / Peeter,Ambla,Pekka/Pekko,0,1.3050570962479608,-1.1423909559550796,8
Peter / Pietari / Peeter,Peetri,Pekka/Pekko,0,1.3050570962479608,-1.1423909559550796,8
Peter / Pietari / Peeter,Põltsamaa,Pekka/Pekko,0,1.3050570962479608,-1.1423909559550796,8
Peter / Pietari / Peeter,Põlva,Pekka/Pekko,0,1.3050570962479608,-1.1423909559550796,8
Peter / Pietari / Peeter,Sangaste,Pekka/Pekko,0,1.3050570962479608,-1.1423909559550796,8
Peter / Pietari / Peeter,Tyrö,Pekka/Pekko,0,1.3050570962479608,-1.1423909559550796,8
Peter / Pietari / Peeter,Urvaste,Pekka/Pekko,0,1.3050570962479608,-1.1423909559550796,8
Peter / Pietari / Peeter,Võnnu,Pekka/Pekko,0,1.3050570962479608,-1.1423909559550796,8
Peter / Pietari / Peeter,Noarootsi,Other,0,1.3066884176182707,-1.1431047273186612,6
Peter / Pietari / Peeter,Rantsila,Other,0,1.3066884176182707,-1.1431047273186612,6
Peter / Pietari / Peeter,Tulemajärvi,Other,0,1.3066884176182707,-1.1431047273186612,6
Peter / Pietari / Peeter,Vieljärvi,Other,0,1.3066884176182707,-1.1431047273186612,6
Peter / Pietari / Peeter,Vihanti,Other,0,1.3066884176182707,-1.1431047273186612,6
Peter / Pietari / Peeter,Viitasaari,Other,0,1.3066884176182707,-1.1431047273186612,6
Peter / Pietari / Peeter,Virtasalmi,Other,0,1.3066884176182707,-1.1431047273186612,6
Peter / Pietari / Peeter,Karksi,Petersburg,0,1.3433931484502446,-1.1590483805476994,27
Peter / Pietari / Peeter,Nurmes,Peeter,0,1.3474714518760196,-1.1608063800117656,28
Peter / Pietari / Peeter,Leppävirta,Other,1,3.0489396411092984,-1.173423418742772,14
Peter / Pietari / Peeter,Nurmes,Petersburg,0,1.3931484502446982,-1.1803170973279589,28
Peter / Pietari / Peeter,Lempaala,Pekka/Pekko,0,1.468189233278956,-1.2116885875830292,9
Peter / Pietari / Peeter,Moloskovitsa,Pekka/Pekko,0,1.468189233278956,-1.2116885875830292,9
Peter / Pietari / Peeter,Repola,Pekka/Pekko,0,1.468189233278956,-1.2116885875830292,9
Peter / Pietari / Peeter,Rõngu,Pekka/Pekko,0,1.468189233278956,-1.2116885875830292,9
Peter / Pietari / Peeter,Tarvastu,Pekka/Pekko,0,1.468189233278956,-1.2116885875830292,9
Peter / Pietari / Peeter,Torma,Pekka/Pekko,0,1.468189233278956,-1.2116885875830292,9
Peter / Pietari / Peeter,Koivisto,Other,0,1.5244698205546492,-1.234694221479411,7
Peter / Pietari / Peeter,Risti,Pekka/Pekko,0,1.6313213703099512,-1.2772319171982631,10
Peter / Pietari / Peeter,Soanlahti,Pekka/Pekko,0,1.6313213703099512,-1.2772319171982631,10
Peter / Pietari / Peeter,Soutjärvi,Pekka/Pekko,0,1.6313213703099512,-1.2772319171982631,10
Peter / Pietari / Peeter,Suure-Jaani,Pekka/Pekko,0,1.6313213703099512,-1.2772319171982631,10
Peter / Pietari / Peeter,Toksova,Pekka/Pekko,0,1.6313213703099512,-1.2772319171982631,10
Peter / Pietari / Peeter,Uskela,Pekka/Pekko,0,1.6313213703099512,-1.2772319171982631,10
Peter / Pietari / Peeter,Maaninka,Peter,2,4.8123980424143555,-1.2820235891325564,10
Peter / Pietari / Peeter,Toksova,Peter,2,4.8123980424143555,-1.2820235891325564,10
Peter / Pietari / Peeter,Soikkola,Peeter,0,1.732463295269168,-1.3162307150606871,36
Peter / Pietari / Peeter,Põlva,Other,0,1.7422512234910277,-1.3199436440587256,8
Peter / Pietari / Peeter,Tyrö,Other,0,1.7422512234910277,-1.3199436440587256,8
Peter / Pietari / Peeter,Kadrina,Peter,4,7.699836867862969,-1.333342780217407,16
Peter / Pietari / Peeter,Suojärvi,Peeter,0,1.7805872756933117,-1.3343864791331301,37
Peter / Pietari / Peeter,Soikkola,Petersburg,0,1.7911908646003263,-1.3383537890260282,36
Peter / Pietari / Peeter,Pilistvere,Pekka/Pekko,0,1.7944535073409462,-1.339572135922865,11
Peter / Pietari / Peeter,Setumaa,Pekka/Pekko,0,1.7944535073409462,-1.339572135922865,11
Peter / Pietari / Peeter,Rõngu,Other,0,1.9600326264274062,-1.4000116522470112,9
Peter / Pietari / Peeter,Põltsamaa,Peter,1,3.8499184339314847,-1.4524683117518773,8
Peter / Pietari / Peeter,Narvusi,Peeter,0,2.1174551386623164,-1.4551478064658299,44
Peter / Pietari / Peeter,Vastseliina,Pekka/Pekko,0,2.1207177814029365,-1.4562684441417166,13
Peter / Pietari / Peeter,Vuole,Pekka/Pekko,0,2.1207177814029365,-1.4562684441417166,13
Peter / Pietari / Peeter,Ilomantsi,Petteri/Pietari,0,2.1582381729200653,-1.4690943376516243,54
Peter / Pietari / Peeter,Korpiselkä,Pekka/Pekko,1,3.9151712887438825,-1.4732915378195006,24
Peter / Pietari / Peeter,Uskela,Other,0,2.177814029363785,-1.4757418572920487,10
Peter / Pietari / Peeter,Kangaslampi,Peter,0,2.4061990212071778,-1.5511927737090507,5
Peter / Pietari / Peeter,Sotkamo,Peter,0,2.4061990212071778,-1.5511927737090507,5
Peter / Pietari / Peeter,Koeru,Pekka/Pekko,0,2.4469820554649266,-1.5642832401662194,15
Peter / Pietari / Peeter,Kuusalu,Pekka/Pekko,0,2.4469820554649266,-1.5642832401662194,15
Peter / Pietari / Peeter,Joroinen,Peter,1,4.33115823817292,-1.6006384228124308,9
Peter / Pietari / Peeter,Ilomantsi,Peeter,0,2.598694942903752,-1.6120468178386607,54
Peter / Pietari / Peeter,Kadrina,Pekka/Pekko,0,2.6101141924959217,-1.6155847834440387,16
Peter / Pietari / Peeter,Kolga-Jaani,Pekka/Pekko,0,2.6101141924959217,-1.6155847834440387,16
Peter / Pietari / Peeter,Halliste,Pekka/Pekko,0,2.7732463295269167,-1.6653066773201015,17
Peter / Pietari / Peeter,Suistamo,Peeter,0,2.7911908646003263,-1.670685746811867,58
Peter / Pietari / Peeter,Vastseliina,Other,0,2.83115823817292,-1.6826045994745527,13
Peter / Pietari / Peeter,Virtasalmi,Peter,0,2.8874388254486134,-1.699246546398907,6
Peter / Pietari / Peeter,Helme,Pekka/Pekko,0,2.936378466557912,-1.7135864339326197,18
Peter / Pietari / Peeter,Paistu,Pekka/Pekko,0,2.936378466557912,-1.7135864339326197,18
Peter / Pietari / Peeter,Nilsiä,Peter,1,4.8123980424143555,-1.7378707237835176,10
Peter / Pietari / Peeter,Soutjärvi,Peter,1,4.8123980424143555,-1.7378707237835176,10
Peter / Pietari / Peeter,Jõhvi,Pekka/Pekko,0,3.2626427406199023,-1.8062786995975737,20
Peter / Pietari / Peeter,Heinävesi,Peter,2,6.737357259380098,-1.8251196837096353,14
Peter / Pietari / Peeter,Kiuruvesi,Peter,0,3.368678629690049,-1.8353960416460664,7
Peter / Pietari / Peeter,Kuopio,Peter,0,3.368678629690049,-1.8353960416460664,7
Peter / Pietari / Peeter,Räpina,Pekka/Pekko,0,3.4257748776508974,-1.8508848904377866,21
Peter / Pietari / Peeter,Salmi,Pekka/Pekko,0,3.4257748776508974,-1.8508848904377866,21
Peter / Pietari / Peeter,Porajärvi,Peter,2,7.218597063621534,-1.9423494426613468,15
Peter / Pietari / Peeter,Karksi,Pekka/Pekko,0,4.404567699836868,-2.098706196645178,27
Peter / Pietari / Peeter,Räpina,Other,0,4.573409461663948,-2.1385531234140407,21
Peter / Pietari / Peeter,Soikkola,Pekka/Pekko,0,5.872756933115824,-2.4233771751660584,36
Peter / Pietari / Peeter,Suojärvi,Pekka/Pekko,0,6.035889070146819,-2.4568046463133406,37
Peter / Pietari / Peeter,Vuole,Peter,0,6.2561174551386625,-2.5012231917881027,13
Peter / Pietari / Peeter,Narvusi,Pekka/Pekko,0,7.177814029363785,-2.67914427184573,44
Peter / Pietari / Peeter,Vuokkiniemi,Peter,0,7.218597063621534,-2.686744696397768,15
Peter / Pietari / Peeter,Suistamo,Pekka/Pekko,1,9.461663947797716,-2.750882331720157,58
Peter / Pietari / Peeter,Pielavesi,Peter,0,7.699836867862969,-2.7748579905759083,16
Peter / Pietari / Peeter,Sonkajärvi,Peter,0,7.699836867862969,-2.7748579905759083,16
Peter / Pietari / Peeter,Nurmes,Peter,3,13.474714518760196,-2.8535297780652282,28
