person_cluster,area_name,english_variant,mentions,poems
Anna / Anne / Ann / Anni,Alahärmä,Anna,1,1
Anna / Anne / Ann / Anni,Alatornio,Ann,1,1
Anna / Anne / Ann / Anni,Alatornio,Anni/Annie,4,3
Anna / Anne / Ann / Anni,Ambla,Ann,8,7
Anna / Anne / Ann / Anni,Ambla,Anna,3,2
Anna / Anne / Ann / Anni,Ambla,Anne,11,10
Anna / Anne / Ann / Anni,Ambla,Anni/Annie,2,1
Anna / Anne / Ann / Anni,Anseküla,Anna,1,1
Anna / Anne / Ann / Anni,Asikkala,Anna,1,1
Anna / Anne / Ann / Anni,Audru,Ann,26,2
Anna / Anne / Ann / Anni,Audru,Anna,1,1
Anna / Anne / Ann / Anni,Audru,Anne,3,2
Anna / Anne / Ann / Anni,Emmaste,Ann,1,1
Anna / Anne / Ann / Anni,Evijärvi,Ann,1,1
Anna / Anne / Ann / Anni,Forssa,Anni/Annie,1,1
Anna / Anne / Ann / Anni,Halikko,Anna,1,1
Anna / Anne / Ann / Anni,Halikko,Anni/Annie,1,1
Anna / Anne / Ann / Anni,Haljala,Ann,10,9
Anna / Anne / Ann / Anni,Haljala,Anna,1,1
Anna / Anne / Ann / Anni,Haljala,Anne,34,25
Anna / Anne / Ann / Anni,Haljala,Anni/Annie,2,2
Anna / Anne / Ann / Anni,Haljala,Anu,1,1
Anna / Anne / Ann / Anni,Halliste,Ann,3,2
Anna / Anne / Ann / Anni,Halliste,Anna,1,1
Anna / Anne / Ann / Anni,Halliste,Anne,20,12
Anna / Anne / Ann / Anni,Hanila,Ann,1,1
Anna / Anne / Ann / Anni,Hargla,Anna,3,3
Anna / Anne / Ann / Anni,Hargla,Anne,4,2
Anna / Anne / Ann / Anni,Harju-Jaani,Ann,5,3
Anna / Anne / Ann / Anni,Harju-Jaani,Anna,16,5
Anna / Anne / Ann / Anni,Harju-Jaani,Anne,4,4
Anna / Anne / Ann / Anni,Harju-Jaani,Anu,1,1
Anna / Anne / Ann / Anni,Hattula,Anna,3,3
Anna / Anne / Ann / Anni,Hattula,Anni/Annie,3,3
Anna / Anne / Ann / Anni,Hausjärvi,Anna,1,1
Anna / Anne / Ann / Anni,Heinjoki,Anni/Annie,3,3
Anna / Anne / Ann / Anni,Heinävesi,Anna,4,4
Anna / Anne / Ann / Anni,Heinävesi,Anni/Annie,4,4
Anna / Anne / Ann / Anni,Helme,Ann,7,6
Anna / Anne / Ann / Anni,Helme,Anna,4,2
Anna / Anne / Ann / Anni,Helme,Anne,29,17
Anna / Anne / Ann / Anni,Helme,Anni/Annie,2,1
Anna / Anne / Ann / Anni,Helsinki,Anni/Annie,1,1
Anna / Anne / Ann / Anni,Hietamäki,Anni/Annie,5,3
Anna / Anne / Ann / Anni,Hollola,Anni/Annie,2,2
Anna / Anne / Ann / Anni,Hämeenlinna,Anni/Annie,8,8
Anna / Anne / Ann / Anni,Häädemeeste,Ann,1,1
Anna / Anne / Ann / Anni,Häädemeeste,Anna,1,1
Anna / Anne / Ann / Anni,Häädemeeste,Anne,10,7
Anna / Anne / Ann / Anni,Iisaku,Anne,4,4
Anna / Anne / Ann / Anni,Iitti,Anni/Annie,2,2
Anna / Anne / Ann / Anni,Ilomantsi,Ann,4,3
Anna / Anne / Ann / Anni,Ilomantsi,Anna,3,2
Anna / Anne / Ann / Anni,Ilomantsi,Anni/Annie,11,6
Anna / Anne / Ann / Anni,Impilahti,Ann,1,1
Anna / Anne / Ann / Anni,Impilahti,Anni/Annie,1,1
Anna / Anne / Ann / Anni,Impilahti,Anu,1,1
Anna / Anne / Ann / Anni,Isokyrö,Anni/Annie,1,1
Anna / Anne / Ann / Anni,Janakkala,Ann,1,1
Anna / Anne / Ann / Anni,Janakkala,Anna,1,1
Anna / Anne / Ann / Anni,Joensuu,Anni/Annie,1,1
Anna / Anne / Ann / Anni,Joroinen,Anna,2,2
Anna / Anne / Ann / Anni,Juuru,Ann,2,2
Anna / Anne / Ann / Anni,Juuru,Anna,1,1
Anna / Anne / Ann / Anni,Juva,Anna,2,2
Anna / Anne / Ann / Anni,Jällivaara,Anna,1,1
Anna / Anne / Ann / Anni,Jämaja,Anne,3,1
Anna / Anne / Ann / Anni,Järva-Jaani,Ann,2,1
Anna / Anne / Ann / Anni,Järva-Jaani,Anne,2,2
Anna / Anne / Ann / Anni,Järva-Jaani,Anu,4,1
Anna / Anne / Ann / Anni,Järva-Madise,Anne,5,5
Anna / Anne / Ann / Anni,Jõelähtme,Ann,5,4
Anna / Anne / Ann / Anni,Jõelähtme,Anna,3,1
Anna / Anne / Ann / Anni,Jõelähtme,Anne,2,2
Anna / Anne / Ann / Anni,Jõhvi,Ann,14,5
Anna / Anne / Ann / Anni,Jõhvi,Anna,1,1
Anna / Anne / Ann / Anni,Jõhvi,Anne,4,3
Anna / Anne / Ann / Anni,Jüri,Ann,1,1
Anna / Anne / Ann / Anni,Jüri,Anne,5,4
Anna / Anne / Ann / Anni,Kaarma,Ann,3,2
Anna / Anne / Ann / Anni,Kaarma,Anne,1,1
Anna / Anne / Ann / Anni,Kaavi,Anna,1,1
Anna / Anne / Ann / Anni,Kadrina,Ann,20,9
Anna / Anne / Ann / Anni,Kadrina,Anna,4,3
Anna / Anne / Ann / Anni,Kadrina,Anne,29,17
Anna / Anne / Ann / Anni,Kadrina,Anni/Annie,1,1
Anna / Anne / Ann / Anni,Kalajoki,Anna,1,1
Anna / Anne / Ann / Anni,Kambja,Anna,1,1
Anna / Anne / Ann / Anni,Kambja,Anne,2,2
Anna / Anne / Ann / Anni,Kanepi,Anna,3,3
Anna / Anne / Ann / Anni,Kanepi,Anne,7,5
Anna / Anne / Ann / Anni,Kangaslampi,Anna,2,2
Anna / Anne / Ann / Anni,Kangasniemi,Anna,1,1
Anna / Anne / Ann / Anni,Kaprio,Ann,3,2
Anna / Anne / Ann / Anni,Kaprio,Anni/Annie,7,3
Anna / Anne / Ann / Anni,Karja,Ann,6,1
Anna / Anne / Ann / Anni,Karja,Anne,4,2
Anna / Anne / Ann / Anni,Karksi,Anna,8,3
Anna / Anne / Ann / Anni,Karksi,Anne,37,21
Anna / Anne / Ann / Anni,Karstula,Anni/Annie,2,2
Anna / Anne / Ann / Anni,Karttula,Anna,1,1
Anna / Anne / Ann / Anni,Karula,Ann,1,1
Anna / Anne / Ann / Anni,Karula,Anne,3,2
Anna / Anne / Ann / Anni,Karuna,Anni/Annie,1,1
Anna / Anne / Ann / Anni,Karunki,Anni/Annie,3,2
Anna / Anne / Ann / Anni,Karuse,Ann,8,4
Anna / Anne / Ann / Anni,Karuse,Anna,2,1
Anna / Anne / Ann / Anni,Karuse,Anne,5,3
Anna / Anne / Ann / Anni,Kattila,Anu,4,2
Anna / Anne / Ann / Anni,Kauhajoki,Anni/Annie,2,2
Anna / Anne / Ann / Anni,Kaustinen,Anna,1,1
Anna / Anne / Ann / Anni,Kauvatsa,Anni/Annie,1,1
Anna / Anne / Ann / Anni,Keila,Ann,2,2
Anna / Anne / Ann / Anni,Kemijärvi,Anna,1,1
Anna / Anne / Ann / Anni,Kerimäki,Anna,3,2
Anna / Anne / Ann / Anni,Kestilä,Anna,1,1
Anna / Anne / Ann / Anni,Kiestinki,Ann,2,1
Anna / Anne / Ann / Anni,Kiestinki,Anni/Annie,2,1
Anna / Anne / Ann / Anni,Kihniö,Anni/Annie,1,1
Anna / Anne / Ann / Anni,Kihnu,Ann,1,1
Anna / Anne / Ann / Anni,Kiihtelysvaara,Anna,2,2
Anna / Anne / Ann / Anni,Kirvu,Anni/Annie,1,1
Anna / Anne / Ann / Anni,Kitee,Anna,1,1
Anna / Anne / Ann / Anni,Kittilä,Anni/Annie,1,1
Anna / Anne / Ann / Anni,Kiuruvesi,Anna,1,1
Anna / Anne / Ann / Anni,Kivennapa,Anna,1,1
Anna / Anne / Ann / Anni,Kivennapa,Anni/Annie,4,4
Anna / Anne / Ann / Anni,Kivijärvi,Anni/Annie,1,1
Anna / Anne / Ann / Anni,Kodavere,Ann,1,1
Anna / Anne / Ann / Anni,Kodavere,Anne,6,4
Anna / Anne / Ann / Anni,Kodavere,Anni/Annie,1,1
Anna / Anne / Ann / Anni,Koeru,Ann,8,3
Anna / Anne / Ann / Anni,Koeru,Anne,18,6
Anna / Anne / Ann / Anni,Koivisto,Ann,2,2
Anna / Anne / Ann / Anni,Koivisto,Anni/Annie,10,5
Anna / Anne / Ann / Anni,Kokemäki,Anna,2,1
Anna / Anne / Ann / Anni,Kokkola,Anni/Annie,1,1
Anna / Anne / Ann / Anni,Kolga-Jaani,Ann,14,9
Anna / Anne / Ann / Anni,Kolga-Jaani,Anne,30,13
Anna / Anne / Ann / Anni,Kolga-Jaani,Anu,1,1
Anna / Anne / Ann / Anni,Kontiolahti,Anni/Annie,6,5
Anna / Anne / Ann / Anni,Kontokki,Ann,11,3
Anna / Anne / Ann / Anni,Kontokki,Anni/Annie,9,4
Anna / Anne / Ann / Anni,Koprina,Anni/Annie,13,3
Anna / Anne / Ann / Anni,Korpilahti,Anni/Annie,1,1
Anna / Anne / Ann / Anni,Korpiselkä,Ann,1,1
Anna / Anne / Ann / Anni,Korpiselkä,Anni/Annie,7,5
Anna / Anne / Ann / Anni,Kose,Ann,8,5
Anna / Anne / Ann / Anni,Kose,Anna,5,2
Anna / Anne / Ann / Anni,Kose,Anne,13,9
Anna / Anne / Ann / Anni,Kose,Anni/Annie,1,1
Anna / Anne / Ann / Anni,Koskenpää,Anni/Annie,1,1
Anna / Anne / Ann / Anni,Kuhmo,Anni/Annie,2,1
Anna / Anne / Ann / Anni,Kullamaa,Ann,1,1
Anna / Anne / Ann / Anni,Kuolemajärvi,Anni/Annie,3,1
Anna / Anne / Ann / Anni,Kuopio,Anni/Annie,4,4
Anna / Anne / Ann / Anni,Kupanitsa,Anni/Annie,4,1
Anna / Anne / Ann / Anni,Kurikka,Anna,1,1
Anna / Anne / Ann / Anni,Kurkijoki,Anna,1,1
Anna / Anne / Ann / Anni,Kursi,Ann,1,1
Anna / Anne / Ann / Anni,Kursi,Anna,1,1
Anna / Anne / Ann / Anni,Kursi,Anne,4,3
Anna / Anne / Ann / Anni,Kuusalu,Ann,3,2
Anna / Anne / Ann / Anni,Kuusalu,Anna,2,1
Anna / Anne / Ann / Anni,Kuusalu,Anne,15,12
Anna / Anne / Ann / Anni,Kuusalu,Anni/Annie,3,1
Anna / Anne / Ann / Anni,Kuusamo,Anni/Annie,10,1
Anna / Anne / Ann / Anni,Kuusjoki,Anni/Annie,3,3
Anna / Anne / Ann / Anni,Käina,Ann,10,2
Anna / Anne / Ann / Anni,Käina,Anna,1,1
Anna / Anne / Ann / Anni,Kärla,Ann,3,3
Anna / Anne / Ann / Anni,Kõpu,Ann,1,1
Anna / Anne / Ann / Anni,Kõpu,Anne,7,4
Anna / Anne / Ann / Anni,Lahti,Anna,1,1
Anna / Anne / Ann / Anni,Laiuse,Ann,5,3
Anna / Anne / Ann / Anni,Laiuse,Anna,1,1
Anna / Anne / Ann / Anni,Laiuse,Anne,12,10
Anna / Anne / Ann / Anni,Lappee,Anni/Annie,1,1
Anna / Anne / Ann / Anni,Lavansaari,Ann,2,2
Anna / Anne / Ann / Anni,Lavansaari,Anna,1,1
Anna / Anne / Ann / Anni,Lavansaari,Anni/Annie,3,2
Anna / Anne / Ann / Anni,Lempaala,Ann,3,2
Anna / Anne / Ann / Anni,Lempaala,Anna,1,1
Anna / Anne / Ann / Anni,Lempaala,Anni/Annie,6,4
Anna / Anne / Ann / Anni,Leppävirta,Anni/Annie,2,2
Anna / Anne / Ann / Anni,Lihula,Anne,3,3
Anna / Anne / Ann / Anni,Liissilä,Anni/Annie,4,2
Anna / Anne / Ann / Anni,Liperi,Ann,1,1
Anna / Anne / Ann / Anni,Liperi,Anna,1,1
Anna / Anne / Ann / Anni,Liperi,Anni/Annie,2,1
Anna / Anne / Ann / Anni,Loppi,Anna,1,1
Anna / Anne / Ann / Anni,Loppi,Anni/Annie,1,1
Anna / Anne / Ann / Anni,Luopioinen,Anni/Annie,1,1
Anna / Anne / Ann / Anni,Luumäki,Anni/Annie,1,1
Anna / Anne / Ann / Anni,Lääne-Nigula,Anu,1,1
Anna / Anne / Ann / Anni,Lüganuse,Ann,1,1
Anna / Anne / Ann / Anni,Lüganuse,Anne,2,1
Anna / Anne / Ann / Anni,Lüganuse,Anu,2,1
Anna / Anne / Ann / Anni,Maaninka,Anna,1,1
Anna / Anne / Ann / Anni,Maarja-Magdaleena,Ann,9,7
Anna / Anne / Ann / Anni,Maarja-Magdaleena,Anna,6,1
Anna / Anne / Ann / Anni,Maarja-Magdaleena,Anne,13,7
Anna / Anne / Ann / Anni,Maksuatiha,Anni/Annie,2,2
Anna / Anne / Ann / Anni,Metsäpirtti,Anna,6,1
Anna / Anne / Ann / Anni,Metsäpirtti,Anni/Annie,1,1
Anna / Anne / Ann / Anni,Mihkli,Anne,4,3
Anna / Anne / Ann / Anni,Moloskovitsa,Anni/Annie,9,6
Anna / Anne / Ann / Anni,Muhos,Anna,1,1
Anna / Anne / Ann / Anni,Muhu,Ann,16,3
Anna / Anne / Ann / Anni,Muhu,Anna,1,1
Anna / Anne / Ann / Anni,Muhu,Anne,7,3
Anna / Anne / Ann / Anni,Muolaa,Anni/Annie,1,1
Anna / Anne / Ann / Anni,Mustjala,Ann,1,1
Anna / Anne / Ann / Anni,Mustjala,Anna,1,1
Anna / Anne / Ann / Anni,Mustjala,Anne,6,2
Anna / Anne / Ann / Anni,Mäntsälä,Ann,1,1
Anna / Anne / Ann / Anni,Mäntsälä,Anni/Annie,2,2
Anna / Anne / Ann / Anni,Mänttä,Anni/Annie,1,1
Anna / Anne / Ann / Anni,Mäntyharju,Anni/Annie,3,2
Anna / Anne / Ann / Anni,Märjamaa,Ann,1,1
Anna / Anne / Ann / Anni,Märjamaa,Anna,1,1
Anna / Anne / Ann / Anni,Märjamaa,Anne,4,4
Anna / Anne / Ann / Anni,Nakkila,Anna,1,1
Anna / Anne / Ann / Anni,Nakkila,Anni/Annie,1,1
Anna / Anne / Ann / Anni,Narvusi,Anne,1,1
Anna / Anne / Ann / Anni,Narvusi,Anni/Annie,32,17
Anna / Anne / Ann / Anni,Narvusi,Anu,4,3
Anna / Anne / Ann / Anni,Nilsiä,Anna,2,2
Anna / Anne / Ann / Anni,Noarootsi,Ann,1,1
Anna / Anne / Ann / Anni,Nurmes,Anni/Annie,1,1
Anna / Anne / Ann / Anni,Nurmijärvi,Anna,1,1
Anna / Anne / Ann / Anni,Nõo,Anne,6,4
Anna / Anne / Ann / Anni,Orimattila,Anni/Annie,1,1
Anna / Anne / Ann / Anni,Otepää,Ann,4,2
Anna / Anne / Ann / Anni,Otepää,Anna,1,1
Anna / Anne / Ann / Anni,Otepää,Anne,7,6
Anna / Anne / Ann / Anni,Oulanka,Anna,2,1
Anna / Anne / Ann / Anni,Oulu,Anna,1,1
Anna / Anne / Ann / Anni,Paatene,Anni/Annie,16,1
Anna / Anne / Ann / Anni,Paattinen,Anni/Annie,3,3
Anna / Anne / Ann / Anni,Paavola,Anna,1,1
Anna / Anne / Ann / Anni,Paide,Ann,4,2
Anna / Anne / Ann / Anni,Paide,Anne,8,5
Anna / Anne / Ann / Anni,Paistu,Ann,12,9
Anna / Anne / Ann / Anni,Paistu,Anna,3,3
Anna / Anne / Ann / Anni,Paistu,Anne,37,13
Anna / Anne / Ann / Anni,Pajala,Anna,1,1
Anna / Anne / Ann / Anni,Palamuse,Ann,4,3
Anna / Anne / Ann / Anni,Palamuse,Anna,1,1
Anna / Anne / Ann / Anni,Palamuse,Anne,6,5
Anna / Anne / Ann / Anni,Paltamo,Anna,1,1
Anna / Anne / Ann / Anni,Parikkala,Anni/Annie,1,1
Anna / Anne / Ann / Anni,Peetri,Ann,9,5
Anna / Anne / Ann / Anni,Peetri,Anne,5,4
Anna / Anne / Ann / Anni,Peetri,Anni/Annie,1,1
Anna / Anne / Ann / Anni,Perho,Anna,2,2
Anna / Anne / Ann / Anni,Perniö,Ann,1,1
Anna / Anne / Ann / Anni,Perniö,Anni/Annie,1,1
Anna / Anne / Ann / Anni,Petsamo,Anni/Annie,1,1
Anna / Anne / Ann / Anni,Pieksämäki,Anna,1,1
Anna / Anne / Ann / Anni,Pieksämäki,Anni/Annie,1,1
Anna / Anne / Ann / Anni,Pielisjärvi,Anni/Annie,2,1
Anna / Anne / Ann / Anni,Piikkiö,Anna,1,1
Anna / Anne / Ann / Anni,Pilistvere,Ann,11,5
Anna / Anne / Ann / Anni,Pilistvere,Anne,18,5
Anna / Anne / Ann / Anni,Pilistvere,Anni/Annie,1,1
Anna / Anne / Ann / Anni,Pirkkala,Anni/Annie,1,1
Anna / Anne / Ann / Anni,Porajärvi,Anni/Annie,4,1
Anna / Anne / Ann / Anni,Pudasjärvi,Anna,2,2
Anna / Anne / Ann / Anni,Pudasjärvi,Anni/Annie,1,1
Anna / Anne / Ann / Anni,Puhja,Ann,1,1
Anna / Anne / Ann / Anni,Puhja,Anne,13,7
Anna / Anne / Ann / Anni,Puhja,Anu,2,1
Anna / Anne / Ann / Anni,Pukkila,Anni/Annie,1,1
Anna / Anne / Ann / Anni,Puolanka,Anna,1,1
Anna / Anne / Ann / Anni,Puolanka,Anni/Annie,1,1
Anna / Anne / Ann / Anni,Pyhäjärvi Ul.,Anni/Annie,1,1
Anna / Anne / Ann / Anni,Pyhäjärvi Vpl.,Ann,1,1
Anna / Anne / Ann / Anni,Pyhäjärvi Vpl.,Anni/Annie,2,2
Anna / Anne / Ann / Anni,Pälkjärvi,Anna,1,1
Anna / Anne / Ann / Anni,Pälkäne,Ann,1,1
Anna / Anne / Ann / Anni,Pärnu,Ann,1,1
Anna / Anne / Ann / Anni,Pärnu,Anne,2,2
Anna / Anne / Ann / Anni,Pärnu-Jaagupi,Ann,2,2
Anna / Anne / Ann / Anni,Pärnu-Jaagupi,Anne,4,4
Anna / Anne / Ann / Anni,Põltsamaa,Ann,11,5
Anna / Anne / Ann / Anni,Põltsamaa,Anne,20,4
Anna / Anne / Ann / Anni,Põltsamaa,Anu,2,1
Anna / Anne / Ann / Anni,Põlva,Ann,2,2
Anna / Anne / Ann / Anni,Põlva,Anna,1,1
Anna / Anne / Ann / Anni,Põlva,Anne,3,3
Anna / Anne / Ann / Anni,Pöide,Ann,12,6
Anna / Anne / Ann / Anni,Pöide,Anna,1,1
Anna / Anne / Ann / Anni,Pöide,Anne,3,3
Anna / Anne / Ann / Anni,Pöide,Anu,3,2
Anna / Anne / Ann / Anni,Pühalepa,Ann,15,2
Anna / Anne / Ann / Anni,Pühalepa,Anna,1,1
Anna / Anne / Ann / Anni,Pühalepa,Anne,2,2
Anna / Anne / Ann / Anni,Pühalepa,Anu,1,1
Anna / Anne / Ann / Anni,Raahe,Anna,1,1
Anna / Anne / Ann / Anni,Rakvere,Anna,2,1
Anna / Anne / Ann / Anni,Rakvere,Anne,2,2
Anna / Anne / Ann / Anni,Rannu,Ann,2,2
Anna / Anne / Ann / Anni,Rannu,Anna,1,1
Anna / Anne / Ann / Anni,Rannu,Anne,2,2
Anna / Anne / Ann / Anni,Rannu,Anu,2,1
Anna / Anne / Ann / Anni,Ranua,Anna,2,2
Anna / Anne / Ann / Anni,Rapla,Ann,3,3
Anna / Anne / Ann / Anni,Rapla,Anna,1,1
Anna / Anne / Ann / Anni,Rapla,Anne,5,5
Anna / Anne / Ann / Anni,Reigi,Ann,1,1
Anna / Anne / Ann / Anni,Renko,Anna,1,1
Anna / Anne / Ann / Anni,Repola,Ann,1,1
Anna / Anne / Ann / Anni,Repola,Anni/Annie,5,4
Anna / Anne / Ann / Anni,Ridala,Ann,6,4
Anna / Anne / Ann / Anni,Ridala,Anne,2,2
Anna / Anne / Ann / Anni,Ridala,Anu,1,1
Anna / Anne / Ann / Anni,Risti,Anna,8,2
Anna / Anne / Ann / Anni,Risti,Anni/Annie,2,1
Anna / Anne / Ann / Anni,Ristijärvi,Anna,1,1
Anna / Anne / Ann / Anni,Ristijärvi,Anni/Annie,1,1
Anna / Anne / Ann / Anni,Rovaniemi,Anna,1,1
Anna / Anne / Ann / Anni,Rovaniemi,Anni/Annie,6,6
Anna / Anne / Ann / Anni,Rukajärvi,Anni/Annie,3,2
Anna / Anne / Ann / Anni,Räisälä,Anni/Annie,1,1
Anna / Anne / Ann / Anni,Räpina,Ann,4,3
Anna / Anne / Ann / Anni,Räpina,Anne,1,1
Anna / Anne / Ann / Anni,Rõngu,Ann,1,1
Anna / Anne / Ann / Anni,Rõngu,Anne,5,4
Anna / Anne / Ann / Anni,Rõuge,Ann,3,2
Anna / Anne / Ann / Anni,Rõuge,Anna,6,3
Anna / Anne / Ann / Anni,Rõuge,Anni/Annie,4,1
Anna / Anne / Ann / Anni,Saarde,Ann,2,2
Anna / Anne / Ann / Anni,Saarde,Anne,22,5
Anna / Anne / Ann / Anni,Saarijärvi,Anna,1,1
Anna / Anne / Ann / Anni,Saarijärvi,Anni/Annie,3,3
Anna / Anne / Ann / Anni,Sakkola,Ann,1,1
Anna / Anne / Ann / Anni,Sakkola,Anna,1,1
Anna / Anne / Ann / Anni,Sakkola,Anni/Annie,8,1
Anna / Anne / Ann / Anni,Salmi,Anni/Annie,5,3
Anna / Anne / Ann / Anni,Salo,Anna,1,1
Anna / Anne / Ann / Anni,Sangaste,Ann,4,4
Anna / Anne / Ann / Anni,Sangaste,Anna,5,5
Anna / Anne / Ann / Anni,Sangaste,Anne,9,8
Anna / Anne / Ann / Anni,Sangaste,Anu,2,2
Anna / Anne / Ann / Anni,Sauvo,Anni/Annie,2,2
Anna / Anne / Ann / Anni,Savitaipale,Anna,3,1
Anna / Anne / Ann / Anni,Savonranta,Anna,1,1
Anna / Anne / Ann / Anni,Seiskari,Ann,1,1
Anna / Anne / Ann / Anni,Seiskari,Anni/Annie,7,3
Anna / Anne / Ann / Anni,Serepetta,Anu,2,1
Anna / Anne / Ann / Anni,Setumaa,Ann,16,10
Anna / Anne / Ann / Anni,Setumaa,Anna,5,4
Anna / Anne / Ann / Anni,Setumaa,Anne,8,6
Anna / Anne / Ann / Anni,Siilinjärvi,Anni/Annie,1,1
Anna / Anne / Ann / Anni,Simo,Anni/Annie,2,1
Anna / Anne / Ann / Anni,Simuna,Anna,2,2
Anna / Anne / Ann / Anni,Simuna,Anne,7,4
Anna / Anne / Ann / Anni,Skuoritsa,Anni/Annie,8,2
Anna / Anne / Ann / Anni,Soanlahti,Ann,1,1
Anna / Anne / Ann / Anni,Soanlahti,Anni/Annie,1,1
Anna / Anne / Ann / Anni,Sodankylä,Anna,1,1
Anna / Anne / Ann / Anni,Soikkola,Ann,4,2
Anna / Anne / Ann / Anni,Soikkola,Anni/Annie,19,12
Anna / Anne / Ann / Anni,Somero,Anni/Annie,1,1
Anna / Anne / Ann / Anni,Sonkajärvi,Anna,3,3
Anna / Anne / Ann / Anni,Sortavala,Anni/Annie,1,1
Anna / Anne / Ann / Anni,Sotkamo,Anna,2,2
Anna / Anne / Ann / Anni,Spankkova,Anni/Annie,2,1
Anna / Anne / Ann / Anni,Suistamo,Ann,4,1
Anna / Anne / Ann / Anni,Suistamo,Anna,1,1
Anna / Anne / Ann / Anni,Suistamo,Anni/Annie,22,12
Anna / Anne / Ann / Anni,Suistamo,Anu,2,2
Anna / Anne / Ann / Anni,Suojärvi,Ann,1,1
Anna / Anne / Ann / Anni,Suojärvi,Anni/Annie,31,13
Anna / Anne / Ann / Anni,Suomussalmi,Anni/Annie,1,1
Anna / Anne / Ann / Anni,Suonenjoki,Anna,1,1
Anna / Anne / Ann / Anni,Suure-Jaani,Ann,14,7
Anna / Anne / Ann / Anni,Suure-Jaani,Anne,12,4
Anna / Anne / Ann / Anni,Suure-Jaani,Anni/Annie,1,1
Anna / Anne / Ann / Anni,Sysmä,Anna,1,1
Anna / Anne / Ann / Anni,Säkkijärvi,Anna,1,1
Anna / Anne / Ann / Anni,Sääksmäki,Ann,2,2
Anna / Anne / Ann / Anni,Sääminki,Anni/Annie,1,1
Anna / Anne / Ann / Anni,Säämäjärvi,Anu,1,1
Anna / Anne / Ann / Anni,Taivalkoski,Anna,1,1
Anna / Anne / Ann / Anni,Tampere,Anni/Annie,4,4
Anna / Anne / Ann / Anni,Tartu-Maarja,Anne,4,2
Anna / Anne / Ann / Anni,Tarvastu,Ann,27,10
Anna / Anne / Ann / Anni,Tarvastu,Anna,6,4
Anna / Anne / Ann / Anni,Tarvastu,Anne,26,14
Anna / Anne / Ann / Anni,Tarvastu,Anni/Annie,1,1
Anna / Anne / Ann / Anni,Terijoki,Anna,1,1
Anna / Anne / Ann / Anni,Terijoki,Anni/Annie,4,1
Anna / Anne / Ann / Anni,Tervo,Ann,1,1
Anna / Anne / Ann / Anni,Tervo,Anni/Annie,1,1
Anna / Anne / Ann / Anni,Tohmajärvi,Anni/Annie,1,1
Anna / Anne / Ann / Anni,Toksova,Anni/Annie,8,3
Anna / Anne / Ann / Anni,Tori,Ann,8,6
Anna / Anne / Ann / Anni,Tori,Anne,6,4
Anna / Anne / Ann / Anni,Tori,Anni/Annie,1,1
Anna / Anne / Ann / Anni,Torma,Ann,2,2
Anna / Anne / Ann / Anni,Torma,Anna,1,1
Anna / Anne / Ann / Anni,Torma,Anne,8,2
Anna / Anne / Ann / Anni,Tulemajärvi,Ann,5,3
Anna / Anne / Ann / Anni,Tulemajärvi,Anna,3,2
Anna / Anne / Ann / Anni,Tulemajärvi,Anni/Annie,25,14
Anna / Anne / Ann / Anni,Turku,Ann,1,1
Anna / Anne / Ann / Anni,Turku,Anni/Annie,1,1
Anna / Anne / Ann / Anni,Tuupovaara,Anni/Annie,1,1
Anna / Anne / Ann / Anni,Tuusula,Anna,1,1
Anna / Anne / Ann / Anni,Tuutari,Anni/Annie,1,1
Anna / Anne / Ann / Anni,Tyrväntö,Anni/Annie,1,1
Anna / Anne / Ann / Anni,Tyrvää,Anna,1,1
Anna / Anne / Ann / Anni,Tyrö,Anna,1,1
Anna / Anne / Ann / Anni,Tyrö,Anni/Annie,5,4
Anna / Anne / Ann / Anni,Tõstamaa,Ann,1,1
Anna / Anne / Ann / Anni,Tõstamaa,Anna,1,1
Anna / Anne / Ann / Anni,Tõstamaa,Anne,4,3
Anna / Anne / Ann / Anni,Tõstamaa,Anu,1,1
Anna / Anne / Ann / Anni,Töysä,Anna,2,2
Anna / Anne / Ann / Anni,Töysä,Anni/Annie,1,1
Anna / Anne / Ann / Anni,Türi,Ann,4,2
Anna / Anne / Ann / Anni,Türi,Anne,7,5
Anna / Anne / Ann / Anni,Uhtua,Anni/Annie,1,1
Anna / Anne / Ann / Anni,Urvaste,Ann,16,9
Anna / Anne / Ann / Anni,Urvaste,Anna,6,6
Anna / Anne / Ann / Anni,Urvaste,Anne,5,4
Anna / Anne / Ann / Anni,Urvaste,Anu,2,1
Anna / Anne / Ann / Anni,Uskela,Anna,3,3
Anna / Anne / Ann / Anni,Uskela,Anni/Annie,4,4
Anna / Anne / Ann / Anni,Uusikaupunki,Anni/Annie,1,1
Anna / Anne / Ann / Anni,Vaivara,Ann,2,2
Anna / Anne / Ann / Anni,Vaivara,Anne,10,6
Anna / Anne / Ann / Anni,Valkeala,Ann,1,1
Anna / Anne / Ann / Anni,Vanaja,Anna,1,1
Anna / Anne / Ann / Anni,Varbla,Ann,11,5
Anna / Anne / Ann / Anni,Varbla,Anne,1,1
Anna / Anne / Ann / Anni,Varpaisjärvi,Anna,1,1
Anna / Anne / Ann / Anni,Vastseliina,Anna,1,1
Anna / Anne / Ann / Anni,Vastseliina,Anne,3,2
Anna / Anne / Ann / Anni,Venjoki,Ann,2,1
Anna / Anne / Ann / Anni,Venjoki,Anni/Annie,1,1
Anna / Anne / Ann / Anni,Vesilahti,Anna,1,1
Anna / Anne / Ann / Anni,Vieljärvi,Anni/Annie,3,1
Anna / Anne / Ann / Anni,Vigala,Ann,30,8
Anna / Anne / Ann / Anni,Vigala,Anna,4,4
Anna / Anne / Ann / Anni,Vigala,Anne,10,9
Anna / Anne / Ann / Anni,Vigala,Anni/Annie,1,1
Anna / Anne / Ann / Anni,Viljandi,Ann,9,5
Anna / Anne / Ann / Anni,Viljandi,Anna,2,2
Anna / Anne / Ann / Anni,Viljandi,Anne,29,12
Anna / Anne / Ann / Anni,Virrat,Anna,1,1
Anna / Anne / Ann / Anni,Virrat,Anni/Annie,1,1
Anna / Anne / Ann / Anni,Virtasalmi,Anna,2,2
Anna / Anne / Ann / Anni,Viru-Jaagupi,Ann,12,4
Anna / Anne / Ann / Anni,Viru-Jaagupi,Anna,5,2
Anna / Anne / Ann / Anni,Viru-Jaagupi,Anne,4,3
Anna / Anne / Ann / Anni,Viru-Nigula,Ann,10,5
Anna / Anne / Ann / Anni,Viru-Nigula,Anne,10,5
Anna / Anne / Ann / Anni,Viru-Nigula,Anni/Annie,2,2
Anna / Anne / Ann / Anni,Viru-Nigula,Anu,2,1
Anna / Anne / Ann / Anni,Vuokkiniemi,Anna,1,1
Anna / Anne / Ann / Anni,Vuokkiniemi,Anni/Annie,10,5
Anna / Anne / Ann / Anni,Vuole,Ann,1,1
Anna / Anne / Ann / Anni,Vuole,Anni/Annie,20,9
Anna / Anne / Ann / Anni,Väike-Maarja,Ann,5,5
Anna / Anne / Ann / Anni,Väike-Maarja,Anna,1,1
Anna / Anne / Ann / Anni,Väike-Maarja,Anne,18,14
Anna / Anne / Ann / Anni,Vändra,Ann,4,2
Anna / Anne / Ann / Anni,Vändra,Anna,9,3
Anna / Anne / Ann / Anni,Vändra,Anne,14,7
Anna / Anne / Ann / Anni,Võnnu,Ann,13,6
Anna / Anne / Ann / Anni,Võnnu,Anna,6,3
Anna / Anne / Ann / Anni,Võnnu,Anne,6,3
Anna / Anne / Ann / Anni,Ylämaa,Anni/Annie,1,1
Anna / Anne / Ann / Anni,Äksi,Ann,3,1
Anna / Anne / Ann / Anni,Äksi,Anne,9,5
Catherine / Kadri / Katri,Alatornio,Kaisa/Kaie,1,1
Catherine / Kadri / Katri,Ambla,Catherine/Katherine,1,1
Catherine / Kadri / Katri,Ambla,Kadri,40,6
Catherine / Kadri / Katri,Ambla,Kaisa/Kaie,7,6
Catherine / Kadri / Katri,Asikkala,Kaisa/Kaie,2,2
Catherine / Kadri / Katri,Audru,Catherine/Katherine,3,1
Catherine / Kadri / Katri,Audru,Kadri,43,7
Catherine / Kadri / Katri,Audru,Kaisa/Kaie,4,2
Catherine / Kadri / Katri,Brandval,Kati,1,1
Catherine / Kadri / Katri,Emmaste,Kati,1,1
Catherine / Kadri / Katri,Eno,Kaisa/Kaie,1,1
Catherine / Kadri / Katri,Haljala,Kadri,22,8
Catherine / Kadri / Katri,Haljala,Kaisa/Kaie,20,13
Catherine / Kadri / Katri,Haljala,Katri/Katrina,15,3
Catherine / Kadri / Katri,Halliste,Kadri,40,18
Catherine / Kadri / Katri,Halliste,Kaisa/Kaie,4,3
Catherine / Kadri / Katri,Halsua,Kaisa/Kaie,1,1
Catherine / Kadri / Katri,Hanila,Kadri,10,1
Catherine / Kadri / Katri,Hanila,Kaisa/Kaie,1,1
Catherine / Kadri / Katri,Hargla,Katri/Katrina,1,1
Catherine / Kadri / Katri,Harju-Jaani,Kadri,15,2
Catherine / Kadri / Katri,Harju-Jaani,Kaisa/Kaie,1,1
Catherine / Kadri / Katri,Harju-Madise,Kadri,5,1
Catherine / Kadri / Katri,Hartola,Catherine/Katherine,2,2
Catherine / Kadri / Katri,Heinävesi,Kaisa/Kaie,1,1
Catherine / Kadri / Katri,Helme,Kadri,63,10
Catherine / Kadri / Katri,Helme,Kaisa/Kaie,6,6
Catherine / Kadri / Katri,Helsinki,Kaisa/Kaie,1,1
Catherine / Kadri / Katri,Hietamäki,Katri/Katrina,12,4
Catherine / Kadri / Katri,Hirvensalmi,Kaisa/Kaie,1,1
Catherine / Kadri / Katri,Hirvensalmi,Katri/Katrina,1,1
Catherine / Kadri / Katri,Hollola,Kaisa/Kaie,1,1
Catherine / Kadri / Katri,Hämeenlinna,Kaisa/Kaie,1,1
Catherine / Kadri / Katri,Häädemeeste,Kadri,22,4
Catherine / Kadri / Katri,Häädemeeste,Kaisa/Kaie,1,1
Catherine / Kadri / Katri,Iisaku,Kadri,1,1
Catherine / Kadri / Katri,Iisaku,Kaisa/Kaie,2,2
Catherine / Kadri / Katri,Ilomantsi,Kaisa/Kaie,12,6
Catherine / Kadri / Katri,Impilahti,Catherine/Katherine,1,1
Catherine / Kadri / Katri,Impilahti,Kadri,2,1
Catherine / Kadri / Katri,Impilahti,Kaisa/Kaie,2,2
Catherine / Kadri / Katri,Jaakkima,Catherine/Katherine,2,1
Catherine / Kadri / Katri,Joroinen,Kaisa/Kaie,1,1
Catherine / Kadri / Katri,Juuru,Kadri,23,3
Catherine / Kadri / Katri,Juva,Catherine/Katherine,1,1
Catherine / Kadri / Katri,Juva,Kaisa/Kaie,6,6
Catherine / Kadri / Katri,Jämaja,Kadri,1,1
Catherine / Kadri / Katri,Jämaja,Kaisa/Kaie,3,1
Catherine / Kadri / Katri,Jämsä,Kaisa/Kaie,1,1
Catherine / Kadri / Katri,Jäppilä,Kaisa/Kaie,1,1
Catherine / Kadri / Katri,Järva-Jaani,Kadri,13,4
Catherine / Kadri / Katri,Järva-Jaani,Kaisa/Kaie,1,1
Catherine / Kadri / Katri,Järva-Madise,Kadri,7,5
Catherine / Kadri / Katri,Järva-Madise,Kaisa/Kaie,1,1
Catherine / Kadri / Katri,Jääski,Kaisa/Kaie,2,1
Catherine / Kadri / Katri,Jõelähtme,Kaisa/Kaie,2,2
Catherine / Kadri / Katri,Jõhvi,Kadri,6,6
Catherine / Kadri / Katri,Jõhvi,Kaisa/Kaie,4,4
Catherine / Kadri / Katri,Jüri,Kadri,4,2
Catherine / Kadri / Katri,Jüri,Kaisa/Kaie,6,4
Catherine / Kadri / Katri,Kaavi,Kaisa/Kaie,1,1
Catherine / Kadri / Katri,Kadrina,Kadri,16,7
Catherine / Kadri / Katri,Kadrina,Kaisa/Kaie,19,10
Catherine / Kadri / Katri,Kajaani,Kaisa/Kaie,2,1
Catherine / Kadri / Katri,Kalajoki,Kaisa/Kaie,21,3
Catherine / Kadri / Katri,Kambja,Kadri,1,1
Catherine / Kadri / Katri,Kambja,Kaisa/Kaie,1,1
Catherine / Kadri / Katri,Kanepi,Kadri,8,2
Catherine / Kadri / Katri,Kanepi,Kaisa/Kaie,1,1
Catherine / Kadri / Katri,Kangasniemi,Kaisa/Kaie,2,1
Catherine / Kadri / Katri,Kangasniemi,Katri/Katrina,3,2
Catherine / Kadri / Katri,Kanneljärvi,Katri/Katrina,1,1
Catherine / Kadri / Katri,Kaprio,Katri/Katrina,6,4
Catherine / Kadri / Katri,Karksi,Kadri,41,5
Catherine / Kadri / Katri,Karksi,Kaisa/Kaie,17,8
Catherine / Kadri / Katri,Karula,Kadri,62,5
Catherine / Kadri / Katri,Karula,Katri/Katrina,13,2
Catherine / Kadri / Katri,Karuse,Kadri,30,6
Catherine / Kadri / Katri,Karuse,Kaisa/Kaie,4,3
Catherine / Kadri / Katri,Kauhava,Kaisa/Kaie,2,2
Catherine / Kadri / Katri,Kaukola,Kaisa/Kaie,2,2
Catherine / Kadri / Katri,Keila,Kadri,1,1
Catherine / Kadri / Katri,Keltto,Katri/Katrina,5,3
Catherine / Kadri / Katri,Kemijärvi,Kaisa/Kaie,3,3
Catherine / Kadri / Katri,Kerimäki,Kaisa/Kaie,1,1
Catherine / Kadri / Katri,Kihnu,Kaisa/Kaie,4,4
Catherine / Kadri / Katri,Kiihtelysvaara,Catherine/Katherine,1,1
Catherine / Kadri / Katri,Kitee,Kaisa/Kaie,1,1
Catherine / Kadri / Katri,Kiuruvesi,Kaisa/Kaie,2,1
Catherine / Kadri / Katri,Kivennapa,Catherine/Katherine,1,1
Catherine / Kadri / Katri,Kivennapa,Kaisa/Kaie,1,1
Catherine / Kadri / Katri,Kivijärvi,Catherine/Katherine,1,1
Catherine / Kadri / Katri,Kodavere,Kadri,11,3
Catherine / Kadri / Katri,Kodavere,Kaisa/Kaie,7,5
Catherine / Kadri / Katri,Koeru,Kadri,7,2
Catherine / Kadri / Katri,Koeru,Kaisa/Kaie,4,3
Catherine / Kadri / Katri,Koivisto,Katri/Katrina,5,1
Catherine / Kadri / Katri,Kokemäki,Kaisa/Kaie,1,1
Catherine / Kadri / Katri,Kokemäki,Katri/Katrina,1,1
Catherine / Kadri / Katri,Kolga-Jaani,Kaisa/Kaie,8,7
Catherine / Kadri / Katri,Kontiolahti,Catherine/Katherine,1,1
Catherine / Kadri / Katri,Kontiolahti,Kaisa/Kaie,1,1
Catherine / Kadri / Katri,Koprina,Kati,3,3
Catherine / Kadri / Katri,Koprina,Katri/Katrina,11,5
Catherine / Kadri / Katri,Korpiselkä,Katri/Katrina,1,1
Catherine / Kadri / Katri,Kose,Kadri,31,3
Catherine / Kadri / Katri,Kose,Kaisa/Kaie,9,6
Catherine / Kadri / Katri,Kuhmo,Kaisa/Kaie,1,1
Catherine / Kadri / Katri,Kuhmo,Katri/Katrina,2,1
Catherine / Kadri / Katri,Kullamaa,Kadri,13,3
Catherine / Kadri / Katri,Kuopio,Kaisa/Kaie,1,1
Catherine / Kadri / Katri,Kuorevesi,Kaisa/Kaie,1,1
Catherine / Kadri / Katri,Kupanitsa,Kati,14,1
Catherine / Kadri / Katri,Kupanitsa,Katri/Katrina,4,2
Catherine / Kadri / Katri,Kurikka,Kaisa/Kaie,1,1
Catherine / Kadri / Katri,Kursi,Kaisa/Kaie,2,2
Catherine / Kadri / Katri,Kuusalu,Kadri,15,4
Catherine / Kadri / Katri,Kuusalu,Kaisa/Kaie,8,6
Catherine / Kadri / Katri,Kuusalu,Katri/Katrina,1,1
Catherine / Kadri / Katri,Kymi,Kaisa/Kaie,1,1
Catherine / Kadri / Katri,Käina,Kadri,1,1
Catherine / Kadri / Katri,Kõpu,Kadri,16,4
Catherine / Kadri / Katri,Kõpu,Kaisa/Kaie,2,1
Catherine / Kadri / Katri,Laihia,Kaisa/Kaie,1,1
Catherine / Kadri / Katri,Laiuse,Kadri,9,3
Catherine / Kadri / Katri,Laiuse,Kaisa/Kaie,3,2
Catherine / Kadri / Katri,Laiuse,Katri/Katrina,10,1
Catherine / Kadri / Katri,Lappee,Kaisa/Kaie,2,2
Catherine / Kadri / Katri,Lavansaari,Kaisa/Kaie,1,1
Catherine / Kadri / Katri,Lavansaari,Katri/Katrina,1,1
Catherine / Kadri / Katri,Lemi,Catherine/Katherine,1,1
Catherine / Kadri / Katri,Lemi,Kaisa/Kaie,5,4
Catherine / Kadri / Katri,Lempaala,Catherine/Katherine,2,2
Catherine / Kadri / Katri,Lempaala,Kaisa/Kaie,2,2
Catherine / Kadri / Katri,Lempaala,Katri/Katrina,3,3
Catherine / Kadri / Katri,Liissilä,Katri/Katrina,1,1
Catherine / Kadri / Katri,Loppi,Kaisa/Kaie,2,2
Catherine / Kadri / Katri,Luumäki,Katri/Katrina,1,1
Catherine / Kadri / Katri,Lääne-Nigula,Kadri,2,1
Catherine / Kadri / Katri,Lüganuse,Kaisa/Kaie,3,2
Catherine / Kadri / Katri,Maaninka,Katri/Katrina,1,1
Catherine / Kadri / Katri,Maarja-Magdaleena,Kadri,3,3
Catherine / Kadri / Katri,Maarja-Magdaleena,Kaisa/Kaie,5,4
Catherine / Kadri / Katri,Markkova,Katri/Katrina,2,1
Catherine / Kadri / Katri,Metsäpirtti,Catherine/Katherine,2,1
Catherine / Kadri / Katri,Moloskovitsa,Catherine/Katherine,1,1
Catherine / Kadri / Katri,Moloskovitsa,Kati,3,2
Catherine / Kadri / Katri,Moloskovitsa,Katri/Katrina,7,5
Catherine / Kadri / Katri,Muhos,Kaisa/Kaie,1,1
Catherine / Kadri / Katri,Muhu,Kadri,18,8
Catherine / Kadri / Katri,Mustjala,Kadri,1,1
Catherine / Kadri / Katri,Mynämäki,Kaisa/Kaie,1,1
Catherine / Kadri / Katri,Mäntyharju,Katri/Katrina,1,1
Catherine / Kadri / Katri,Märjamaa,Kadri,17,4
Catherine / Kadri / Katri,Märjamaa,Kaisa/Kaie,2,2
Catherine / Kadri / Katri,Narvusi,Catherine/Katherine,1,1
Catherine / Kadri / Katri,Narvusi,Kadri,4,2
Catherine / Kadri / Katri,Narvusi,Kaisa/Kaie,16,1
Catherine / Kadri / Katri,Narvusi,Kati,36,21
Catherine / Kadri / Katri,Narvusi,Katri/Katrina,21,14
Catherine / Kadri / Katri,Nurmes,Catherine/Katherine,2,2
Catherine / Kadri / Katri,Nurmes,Kaisa/Kaie,1,1
Catherine / Kadri / Katri,Nõo,Kadri,6,1
Catherine / Kadri / Katri,Orimattila,Kaisa/Kaie,2,2
Catherine / Kadri / Katri,Otepää,Kaisa/Kaie,1,1
Catherine / Kadri / Katri,Oulu,Kaisa/Kaie,2,2
Catherine / Kadri / Katri,Oulunsalo,Kaisa/Kaie,1,1
Catherine / Kadri / Katri,Paide,Kaisa/Kaie,9,4
Catherine / Kadri / Katri,Paistu,Kadri,34,7
Catherine / Kadri / Katri,Paistu,Kaisa/Kaie,13,6
Catherine / Kadri / Katri,Paistu,Katri/Katrina,52,2
Catherine / Kadri / Katri,Palamuse,Kadri,10,6
Catherine / Kadri / Katri,Palamuse,Kaisa/Kaie,3,3
Catherine / Kadri / Katri,Parainen,Kaisa/Kaie,1,1
Catherine / Kadri / Katri,Parikkala,Kaisa/Kaie,2,2
Catherine / Kadri / Katri,Peetri,Kadri,26,5
Catherine / Kadri / Katri,Peetri,Kaisa/Kaie,3,3
Catherine / Kadri / Katri,Perho,Kaisa/Kaie,1,1
Catherine / Kadri / Katri,Perniö,Kaisa/Kaie,1,1
Catherine / Kadri / Katri,Pielavesi,Kaisa/Kaie,3,1
Catherine / Kadri / Katri,Pielisjärvi,Catherine/Katherine,1,1
Catherine / Kadri / Katri,Pilistvere,Kaisa/Kaie,4,2
Catherine / Kadri / Katri,Puhja,Kaisa/Kaie,2,1
Catherine / Kadri / Katri,Puolanka,Catherine/Katherine,1,1
Catherine / Kadri / Katri,Puolanka,Kaisa/Kaie,2,1
Catherine / Kadri / Katri,Pusula,Kaisa/Kaie,2,1
Catherine / Kadri / Katri,Puumala,Catherine/Katherine,1,1
Catherine / Kadri / Katri,Pyhäjärvi Vpl.,Katri/Katrina,9,1
Catherine / Kadri / Katri,Pärnu,Kadri,7,2
Catherine / Kadri / Katri,Pärnu,Kaisa/Kaie,2,2
Catherine / Kadri / Katri,Pärnu-Jaagupi,Kadri,38,5
Catherine / Kadri / Katri,Pärnu-Jaagupi,Kaisa/Kaie,1,1
Catherine / Kadri / Katri,Põltsamaa,Kadri,17,4
Catherine / Kadri / Katri,Põltsamaa,Kaisa/Kaie,9,3
Catherine / Kadri / Katri,Põlva,Kadri,21,3
Catherine / Kadri / Katri,Põlva,Kaisa/Kaie,2,2
Catherine / Kadri / Katri,Pöide,Kadri,3,1
Catherine / Kadri / Katri,Pöide,Kaisa/Kaie,2,2
Catherine / Kadri / Katri,Pöytyä,Kati,1,1
Catherine / Kadri / Katri,Pühalepa,Kaisa/Kaie,1,1
Catherine / Kadri / Katri,Rakvere,Kadri,17,3
Catherine / Kadri / Katri,Rannu,Kadri,1,1
Catherine / Kadri / Katri,Rannu,Kaisa/Kaie,1,1
Catherine / Kadri / Katri,Rapla,Kadri,5,1
Catherine / Kadri / Katri,Rapla,Kaisa/Kaie,2,2
Catherine / Kadri / Katri,Risti,Kadri,26,5
Catherine / Kadri / Katri,Risti,Kaisa/Kaie,6,2
Catherine / Kadri / Katri,Rovaniemi,Kaisa/Kaie,1,1
Catherine / Kadri / Katri,Rovaniemi,Kati,1,1
Catherine / Kadri / Katri,Ruotsinpyhtää,Kaisa/Kaie,1,1
Catherine / Kadri / Katri,Ruovesi,Kaisa/Kaie,1,1
Catherine / Kadri / Katri,Räpina,Kadri,75,5
Catherine / Kadri / Katri,Räpina,Kaisa/Kaie,3,3
Catherine / Kadri / Katri,Rääkkylä,Kaisa/Kaie,3,2
Catherine / Kadri / Katri,Rääpyvä,Kati,1,1
Catherine / Kadri / Katri,Rääpyvä,Katri/Katrina,4,1
Catherine / Kadri / Katri,Rõngu,Catherine/Katherine,1,1
Catherine / Kadri / Katri,Rõngu,Kadri,4,3
Catherine / Kadri / Katri,Rõuge,Kadri,7,1
Catherine / Kadri / Katri,Rõuge,Katri/Katrina,4,2
Catherine / Kadri / Katri,Saarde,Kadri,3,1
Catherine / Kadri / Katri,Saarde,Kaisa/Kaie,1,1
Catherine / Kadri / Katri,Saarijärvi,Kaisa/Kaie,1,1
Catherine / Kadri / Katri,Sakkola,Kaisa/Kaie,1,1
Catherine / Kadri / Katri,Salmi,Catherine/Katherine,1,1
Catherine / Kadri / Katri,Sangaste,Kadri,3,2
Catherine / Kadri / Katri,Sangaste,Kaisa/Kaie,5,3
Catherine / Kadri / Katri,Sangaste,Katri/Katrina,1,1
Catherine / Kadri / Katri,Sauvo,Kati,1,1
Catherine / Kadri / Katri,Savitaipale,Kaisa/Kaie,1,1
Catherine / Kadri / Katri,Savonlinna,Kaisa/Kaie,2,1
Catherine / Kadri / Katri,Savonranta,Kaisa/Kaie,1,1
Catherine / Kadri / Katri,Seiskari,Katri/Katrina,1,1
Catherine / Kadri / Katri,Serepetta,Kati,2,1
Catherine / Kadri / Katri,Serepetta,Katri/Katrina,9,6
Catherine / Kadri / Katri,Setumaa,Kadri,27,5
Catherine / Kadri / Katri,Setumaa,Kaisa/Kaie,3,2
Catherine / Kadri / Katri,Setumaa,Kati,2,2
Catherine / Kadri / Katri,Setumaa,Katri/Katrina,1,1
Catherine / Kadri / Katri,Simuna,Kadri,27,4
Catherine / Kadri / Katri,Simuna,Kaisa/Kaie,9,4
Catherine / Kadri / Katri,Skuoritsa,Kati,1,1
Catherine / Kadri / Katri,Soanlahti,Kaisa/Kaie,1,1
Catherine / Kadri / Katri,Soanlahti,Katri/Katrina,4,2
Catherine / Kadri / Katri,Sodankylä,Kaisa/Kaie,1,1
Catherine / Kadri / Katri,Soikkola,Catherine/Katherine,2,2
Catherine / Kadri / Katri,Soikkola,Kaisa/Kaie,13,4
Catherine / Kadri / Katri,Soikkola,Kati,4,3
Catherine / Kadri / Katri,Soikkola,Katri/Katrina,5,5
Catherine / Kadri / Katri,Soini,Kaisa/Kaie,3,3
Catherine / Kadri / Katri,Sonkajärvi,Catherine/Katherine,1,1
Catherine / Kadri / Katri,Sortavala,Kaisa/Kaie,3,2
Catherine / Kadri / Katri,Sortavala,Katri/Katrina,11,3
Catherine / Kadri / Katri,Soutjärvi,Catherine/Katherine,1,1
Catherine / Kadri / Katri,Suistamo,Kadri,2,1
Catherine / Kadri / Katri,Suistamo,Kaisa/Kaie,4,4
Catherine / Kadri / Katri,Suistamo,Katri/Katrina,4,3
Catherine / Kadri / Katri,Suojärvi,Katri/Katrina,3,2
Catherine / Kadri / Katri,Suomusjärvi,Kaisa/Kaie,1,1
Catherine / Kadri / Katri,Suomussalmi,Kaisa/Kaie,2,1
Catherine / Kadri / Katri,Suure-Jaani,Kadri,16,6
Catherine / Kadri / Katri,Suure-Jaani,Kaisa/Kaie,6,5
Catherine / Kadri / Katri,Sääksmäki,Kaisa/Kaie,1,1
Catherine / Kadri / Katri,Sääminki,Kaisa/Kaie,1,1
Catherine / Kadri / Katri,Tammela,Kaisa/Kaie,2,2
Catherine / Kadri / Katri,Tampere,Kaisa/Kaie,1,1
Catherine / Kadri / Katri,Tartu-Maarja,Kadri,3,1
Catherine / Kadri / Katri,Tartu-Maarja,Kaisa/Kaie,2,2
Catherine / Kadri / Katri,Tarvastu,Kadri,17,6
Catherine / Kadri / Katri,Tarvastu,Kaisa/Kaie,3,3
Catherine / Kadri / Katri,Tarvastu,Kati,1,1
Catherine / Kadri / Katri,Tarvastu,Katri/Katrina,3,2
Catherine / Kadri / Katri,Teisko,Kaisa/Kaie,1,1
Catherine / Kadri / Katri,Terijoki,Katri/Katrina,1,1
Catherine / Kadri / Katri,Tervo,Kaisa/Kaie,1,1
Catherine / Kadri / Katri,Tohmajärvi,Kaisa/Kaie,2,2
Catherine / Kadri / Katri,Tohmajärvi,Katri/Katrina,2,1
Catherine / Kadri / Katri,Toksova,Catherine/Katherine,1,1
Catherine / Kadri / Katri,Toksova,Kati,6,1
Catherine / Kadri / Katri,Toksova,Katri/Katrina,7,5
Catherine / Kadri / Katri,Tolmačču,Katri/Katrina,2,1
Catherine / Kadri / Katri,Tori,Kadri,26,5
Catherine / Kadri / Katri,Tori,Kaisa/Kaie,2,1
Catherine / Kadri / Katri,Torma,Kadri,4,4
Catherine / Kadri / Katri,Torma,Kaisa/Kaie,6,1
Catherine / Kadri / Katri,Turku,Kaisa/Kaie,2,2
Catherine / Kadri / Katri,Tuupovaara,Catherine/Katherine,2,1
Catherine / Kadri / Katri,Tuupovaara,Kaisa/Kaie,7,1
Catherine / Kadri / Katri,Tyrö,Kaisa/Kaie,10,3
Catherine / Kadri / Katri,Tyrö,Katri/Katrina,15,7
Catherine / Kadri / Katri,Tõstamaa,Catherine/Katherine,3,1
Catherine / Kadri / Katri,Tõstamaa,Kadri,19,7
Catherine / Kadri / Katri,Tõstamaa,Kaisa/Kaie,1,1
Catherine / Kadri / Katri,Türi,Kadri,19,3
Catherine / Kadri / Katri,Türi,Kaisa/Kaie,9,5
Catherine / Kadri / Katri,Uhtua,Kaisa/Kaie,3,1
Catherine / Kadri / Katri,Urvaste,Kadri,6,2
Catherine / Kadri / Katri,Urvaste,Katri/Katrina,2,1
Catherine / Kadri / Katri,Uskela,Kati,1,1
Catherine / Kadri / Katri,Uukuniemi,Catherine/Katherine,4,1
Catherine / Kadri / Katri,Uukuniemi,Katri/Katrina,1,1
Catherine / Kadri / Katri,Uusikirkko Tl.,Kaisa/Kaie,1,1
Catherine / Kadri / Katri,Uusikirkko Tl.,Kati,1,1
Catherine / Kadri / Katri,Vaasa,Kaisa/Kaie,1,1
Catherine / Kadri / Katri,Vaivara,Catherine/Katherine,1,1
Catherine / Kadri / Katri,Vaivara,Kadri,2,2
Catherine / Kadri / Katri,Vaivara,Kaisa/Kaie,2,2
Catherine / Kadri / Katri,Vaivara,Katri/Katrina,1,1
Catherine / Kadri / Katri,Valtimo,Catherine/Katherine,1,1
Catherine / Kadri / Katri,Valtimo,Kaisa/Kaie,1,1
Catherine / Kadri / Katri,Valtimo,Katri/Katrina,1,1
Catherine / Kadri / Katri,Varbla,Catherine/Katherine,3,1
Catherine / Kadri / Katri,Varbla,Kadri,3,2
Catherine / Kadri / Katri,Varbla,Kaisa/Kaie,1,1
Catherine / Kadri / Katri,Varbla,Katri/Katrina,4,1
Catherine / Kadri / Katri,Vastseliina,Kati,1,1
Catherine / Kadri / Katri,Vastseliina,Katri/Katrina,3,2
Catherine / Kadri / Katri,Venjoki,Kaisa/Kaie,12,1
Catherine / Kadri / Katri,Venjoki,Kati,1,1
Catherine / Kadri / Katri,Venjoki,Katri/Katrina,9,3
Catherine / Kadri / Katri,Veteli,Kaisa/Kaie,1,1
Catherine / Kadri / Katri,Vigala,Kadri,25,6
Catherine / Kadri / Katri,Vigala,Kaisa/Kaie,8,6
Catherine / Kadri / Katri,Vigala,Kati,1,1
Catherine / Kadri / Katri,Viipuri,Kaisa/Kaie,1,1
Catherine / Kadri / Katri,Viitasaari,Kaisa/Kaie,1,1
Catherine / Kadri / Katri,Viitasaari,Katri/Katrina,1,1
Catherine / Kadri / Katri,Viljakkala,Kaisa/Kaie,1,1
Catherine / Kadri / Katri,Viljandi,Kadri,23,7
Catherine / Kadri / Katri,Viljandi,Kaisa/Kaie,3,3
Catherine / Kadri / Katri,Viljandi,Katri/Katrina,48,1
Catherine / Kadri / Katri,Virrat,Kaisa/Kaie,3,1
Catherine / Kadri / Katri,Virtasalmi,Catherine/Katherine,1,1
Catherine / Kadri / Katri,Viru-Jaagupi,Kadri,6,2
Catherine / Kadri / Katri,Viru-Jaagupi,Kaisa/Kaie,1,1
Catherine / Kadri / Katri,Viru-Nigula,Kadri,5,4
Catherine / Kadri / Katri,Viru-Nigula,Kaisa/Kaie,2,2
Catherine / Kadri / Katri,Viru-Nigula,Katri/Katrina,1,1
Catherine / Kadri / Katri,Vuole,Catherine/Katherine,3,1
Catherine / Kadri / Katri,Vuole,Kati,16,3
Catherine / Kadri / Katri,Vuole,Katri/Katrina,1,1
Catherine / Kadri / Katri,Väike-Maarja,Kadri,7,2
Catherine / Kadri / Katri,Väike-Maarja,Kaisa/Kaie,13,10
Catherine / Kadri / Katri,Vändra,Kadri,14,8
Catherine / Kadri / Katri,Vändra,Kaisa/Kaie,4,3
Catherine / Kadri / Katri,Värtsilä,Kaisa/Kaie,1,1
Catherine / Kadri / Katri,Võnnu,Catherine/Katherine,1,1
Catherine / Kadri / Katri,Võnnu,Kadri,6,1
Catherine / Kadri / Katri,Võnnu,Kaisa/Kaie,1,1
Catherine / Kadri / Katri,Yläne,Kaisa/Kaie,1,1
Catherine / Kadri / Katri,Äksi,Catherine/Katherine,1,1
Catherine / Kadri / Katri,Äksi,Kadri,3,2
Catherine / Kadri / Katri,Äksi,Kaisa/Kaie,2,1
Ilmarinen,Brandval,Ilmarinen,1,1
Ilmarinen,Eno,Ilmarinen,2,2
Ilmarinen,Haapavesi,Ilmarinen,1,1
Ilmarinen,Heinävesi,Ilmarinen,1,1
Ilmarinen,Hietamäki,Ilmarinen,1,1
Ilmarinen,Hyrynsalmi,Ilmarinen,1,1
Ilmarinen,Iisalmi,Ilmari/Ilmar,1,1
Ilmarinen,Iisalmi,Ilmarinen,1,1
Ilmarinen,Ilomantsi,Ilmarinen,64,14
Ilmarinen,Impilahti,Ilmarinen,2,2
Ilmarinen,Joroinen,Ilmarinen,1,1
Ilmarinen,Juuka,Ilmari/Ilmar,2,1
Ilmarinen,Juuka,Ilmarinen,1,1
Ilmarinen,Juva,Ilmarinen,3,3
Ilmarinen,Kaavi,Ilmarinen,1,1
Ilmarinen,Kangaslampi,Ilmarinen,1,1
Ilmarinen,Kangasniemi,Ilmari/Ilmar,1,1
Ilmarinen,Kaprio,Ilmarinen,1,1
Ilmarinen,Keltto,Ilmarinen,1,1
Ilmarinen,Kerimäki,Ilmarinen,3,2
Ilmarinen,Kesälahti,Ilmarinen,4,3
Ilmarinen,Kiihtelysvaara,Ilmarinen,1,1
Ilmarinen,Kitee,Ilmari/Ilmar,2,1
Ilmarinen,Kitee,Ilmarinen,12,8
Ilmarinen,Koeru,Ilmari/Ilmar,1,1
Ilmarinen,Kontiolahti,Ilmarinen,2,2
Ilmarinen,Korpiselkä,Ilmarinen,7,2
Ilmarinen,Kuhmoinen,Ilmari/Ilmar,2,1
Ilmarinen,Kuhmoinen,Ilmarinen,2,1
Ilmarinen,Kuusamo,Ilmarinen,1,1
Ilmarinen,Kuusjärvi,Ilmarinen,1,1
Ilmarinen,Lapinlahti,Ilmarinen,3,1
Ilmarinen,Lempaala,Ilmari/Ilmar,1,1
Ilmarinen,Lempaala,Ilmarinen,6,6
Ilmarinen,Liissilä,Ilmari/Ilmar,3,3
Ilmarinen,Liissilä,Ilmarinen,2,2
Ilmarinen,Liperi,Ilmarinen,2,2
Ilmarinen,Metsäpirtti,Ilmarinen,1,1
Ilmarinen,Moloskovitsa,Ilmarinen,2,2
Ilmarinen,Muuruvesi,Ilmarinen,1,1
Ilmarinen,Narvusi,Ilmarinen,3,3
Ilmarinen,Nilsiä,Ilmarinen,4,3
Ilmarinen,Nurmes,Ilmarinen,2,2
Ilmarinen,Oulu,Ilmarinen,1,1
Ilmarinen,Paltamo,Ilmarinen,5,2
Ilmarinen,Pieksämäki,Ilmarinen,1,1
Ilmarinen,Pielavesi,Ilmari/Ilmar,1,1
Ilmarinen,Pielavesi,Ilmarinen,2,2
Ilmarinen,Pielisjärvi,Ilmarinen,3,3
Ilmarinen,Porajärvi,Ilmarinen,6,2
Ilmarinen,Rautavaara,Ilmari/Ilmar,1,1
Ilmarinen,Repola,Ilmarinen,1,1
Ilmarinen,Rovaniemi,Ilmarinen,1,1
Ilmarinen,Ruskeala,Ilmarinen,1,1
Ilmarinen,Saarijärvi,Ilmarinen,1,1
Ilmarinen,Salmi,Ilmarinen,1,1
Ilmarinen,Serepetta,Ilmarinen,1,1
Ilmarinen,Soikkola,Ilmarinen,7,4
Ilmarinen,Sortavala,Ilmari/Ilmar,4,1
Ilmarinen,Sortavala,Ilmarinen,1,1
Ilmarinen,Sotkamo,Ilmarinen,1,1
Ilmarinen,Suistamo,Ilmarinen,6,4
Ilmarinen,Sulkava,Ilmarinen,1,1
Ilmarinen,Suojärvi,Ilmari/Ilmar,2,2
Ilmarinen,Suojärvi,Ilmarinen,35,12
Ilmarinen,Suomussalmi,Ilmarinen,8,1
Ilmarinen,Suonenjoki,Ilmarinen,1,1
Ilmarinen,Säräisniemi,Ilmarinen,2,1
Ilmarinen,Säämäjärvi,Ilmarinen,1,1
Ilmarinen,Tohmajärvi,Ilmari/Ilmar,1,1
Ilmarinen,Tohmajärvi,Ilmarinen,2,1
Ilmarinen,Toksova,Ilmarinen,4,1
Ilmarinen,Tulemajärvi,Ilmarinen,6,3
Ilmarinen,Tyrvää,Ilmarinen,5,1
Ilmarinen,Tyrö,Ilmarinen,4,4
Ilmarinen,Uhtua,Ilmarinen,1,1
Ilmarinen,Uukuniemi,Ilmarinen,1,1
Ilmarinen,Varkaus,Ilmarinen,2,1
Ilmarinen,Venjoki,Ilmari/Ilmar,2,1
Ilmarinen,Venjoki,Ilmarinen,2,1
Ilmarinen,Vieljärvi,Ilmarinen,8,1
Ilmarinen,Vihanti,Ilmarinen,1,1
Ilmarinen,Vuokkiniemi,Ilmarinen,1,1
Ilmarinen,Östmark,Ilmari/Ilmar,1,1
Jesus / Christ,Alatornio,Jesus,1,1
Jesus / Christ,Alavus,Jesus,2,2
Jesus / Christ,Ambla,Christ,2,1
Jesus / Christ,Ambla,Jesus,11,4
Jesus / Christ,Asikkala,Jesus,5,3
Jesus / Christ,Brandval,Christ,1,1
Jesus / Christ,Brandval,Jesus,3,2
Jesus / Christ,Eno,Jesus,4,4
Jesus / Christ,Enontekiö,Jesus,1,1
Jesus / Christ,Eräjärvi,Jesus,1,1
Jesus / Christ,Evijärvi,Christ,1,1
Jesus / Christ,Fryksände,Jesus,2,1
Jesus / Christ,Grue Finnskog,Jesus,4,3
Jesus / Christ,Haapajärvi,Jesus,1,1
Jesus / Christ,Hailuoto,Jesus,3,2
Jesus / Christ,Haljala,Jesus,7,7
Jesus / Christ,Halliste,Jesus,2,2
Jesus / Christ,Hanila,Jesus,1,1
Jesus / Christ,Hargla,Jesus,1,1
Jesus / Christ,Harjavalta,Christ,1,1
Jesus / Christ,Harju-Jaani,Jesus,1,1
Jesus / Christ,Hartola,Christ,1,1
Jesus / Christ,Hartola,Jesus,4,4
Jesus / Christ,Hattula,Christ,1,1
Jesus / Christ,Hattula,Jesus,3,3
Jesus / Christ,Hauho,Jesus,7,4
Jesus / Christ,Haukipudas,Christ,1,1
Jesus / Christ,Haukipudas,Jesus,1,1
Jesus / Christ,Helme,Jesus,3,2
Jesus / Christ,Hietamäki,Jesus,2,2
Jesus / Christ,Hiitola,Jesus,1,1
Jesus / Christ,Hirvensalmi,Jesus,4,2
Jesus / Christ,Huittinen,Jesus,1,1
Jesus / Christ,Hämeenkyrö,Jesus,1,1
Jesus / Christ,Häädemeeste,Jesus,1,1
Jesus / Christ,Iisalmi,Jesus,5,4
Jesus / Christ,Iitti,Jesus,3,3
Jesus / Christ,Ilomantsi,Christ,13,5
Jesus / Christ,Ilomantsi,Jesus,46,35
Jesus / Christ,Impilahti,Christ,3,2
Jesus / Christ,Impilahti,Jesus,27,19
Jesus / Christ,Isojoki,Jesus,6,4
Jesus / Christ,Isokyrö,Jesus,5,4
Jesus / Christ,Jaakkima,Jesus,2,2
Jesus / Christ,Jaala,Christ,1,1
Jesus / Christ,Jaala,Jesus,1,1
Jesus / Christ,Jalasjärvi,Christ,1,1
Jesus / Christ,Jalasjärvi,Jesus,6,4
Jesus / Christ,Jokioinen,Jesus,6,5
Jesus / Christ,Joroinen,Jesus,6,4
Jesus / Christ,Joutsa,Jesus,2,2
Jesus / Christ,Joutseno,Jesus,2,2
Jesus / Christ,Junosuvanto,Jesus,1,1
Jesus / Christ,Jurva,Jesus,5,5
Jesus / Christ,Juuka,Christ,1,1
Jesus / Christ,Juuka,Jesus,5,5
Jesus / Christ,Juupajoki,Christ,1,1
Jesus / Christ,Juupajoki,Jesus,1,1
Jesus / Christ,Juuru,Jesus,2,1
Jesus / Christ,Juva,Christ,3,3
Jesus / Christ,Juva,Jesus,26,20
Jesus / Christ,Jällivaara,Christ,1,1
Jesus / Christ,Jällivaara,Jesus,7,6
Jesus / Christ,Jämsä,Jesus,3,3
Jesus / Christ,Jäppilä,Jesus,1,1
Jesus / Christ,Järva-Jaani,Jesus,2,1
Jesus / Christ,Jõelähtme,Jesus,3,2
Jesus / Christ,Jõhvi,Jesus,9,6
Jesus / Christ,Jüri,Jesus,1,1
Jesus / Christ,Kaarma,Jesus,3,1
Jesus / Christ,Kaavi,Jesus,3,3
Jesus / Christ,Kadrina,Jesus,18,7
Jesus / Christ,Kalajoki,Jesus,2,1
Jesus / Christ,Kalvola,Jesus,4,3
Jesus / Christ,Kanepi,Christ,1,1
Jesus / Christ,Kanepi,Jesus,1,1
Jesus / Christ,Kangasniemi,Jesus,6,4
Jesus / Christ,Kankaanpää,Christ,1,1
Jesus / Christ,Kankaanpää,Jesus,2,2
Jesus / Christ,Kanneljärvi,Jesus,3,2
Jesus / Christ,Kannus,Jesus,1,1
Jesus / Christ,Kaprio,Christ,2,2
Jesus / Christ,Kaprio,Jesus,23,14
Jesus / Christ,Karkku,Jesus,6,4
Jesus / Christ,Karksi,Jesus,3,2
Jesus / Christ,Karttula,Jesus,3,3
Jesus / Christ,Karula,Jesus,1,1
Jesus / Christ,Karunki,Jesus,1,1
Jesus / Christ,Kattila,Christ,1,1
Jesus / Christ,Kattila,Jesus,7,4
Jesus / Christ,Kauhava,Christ,1,1
Jesus / Christ,Kauhava,Jesus,6,5
Jesus / Christ,Kaustinen,Jesus,1,1
Jesus / Christ,Keitele,Jesus,1,1
Jesus / Christ,Keltto,Jesus,1,1
Jesus / Christ,Kemi,Christ,2,1
Jesus / Christ,Kemi,Jesus,4,3
Jesus / Christ,Kerimäki,Jesus,4,4
Jesus / Christ,Kestilä,Jesus,4,1
Jesus / Christ,Kesälahti,Jesus,13,7
Jesus / Christ,Kiestinki,Jesus,2,2
Jesus / Christ,Kiihtelysvaara,Jesus,9,6
Jesus / Christ,Kiikala,Christ,1,1
Jesus / Christ,Kiimaisjärvi,Jesus,1,1
Jesus / Christ,Kitee,Christ,2,1
Jesus / Christ,Kitee,Jesus,44,28
Jesus / Christ,Kittilä,Jesus,3,2
Jesus / Christ,Kiukainen,Jesus,2,1
Jesus / Christ,Kiuruvesi,Christ,1,1
Jesus / Christ,Kiuruvesi,Jesus,9,5
Jesus / Christ,Kivennapa,Christ,2,2
Jesus / Christ,Kivijärvi,Jesus,7,7
Jesus / Christ,Kodavere,Christ,3,2
Jesus / Christ,Kodavere,Jesus,5,4
Jesus / Christ,Koeru,Jesus,8,5
Jesus / Christ,Koivisto,Jesus,6,3
Jesus / Christ,Kolari,Jesus,3,3
Jesus / Christ,Kolga-Jaani,Jesus,4,2
Jesus / Christ,Kontiolahti,Jesus,4,3
Jesus / Christ,Kontokki,Jesus,3,3
Jesus / Christ,Koprina,Jesus,12,8
Jesus / Christ,Korpilahti,Jesus,13,12
Jesus / Christ,Korpilompolo,Jesus,2,2
Jesus / Christ,Korpiselkä,Christ,8,3
Jesus / Christ,Korpiselkä,Jesus,32,20
Jesus / Christ,Kortesjärvi,Christ,1,1
Jesus / Christ,Koski Hl.,Jesus,4,2
Jesus / Christ,Koski Tl.,Christ,2,2
Jesus / Christ,Koski Tl.,Jesus,2,2
Jesus / Christ,Kuhmo,Jesus,1,1
Jesus / Christ,Kuhmoinen,Christ,2,2
Jesus / Christ,Kuhmoinen,Jesus,6,5
Jesus / Christ,Kuolemajärvi,Jesus,1,1
Jesus / Christ,Kuopio,Jesus,4,4
Jesus / Christ,Kuorevesi,Christ,1,1
Jesus / Christ,Kuorevesi,Jesus,2,2
Jesus / Christ,Kupanitsa,Jesus,6,3
Jesus / Christ,Kurikka,Jesus,1,1
Jesus / Christ,Kuru,Christ,1,1
Jesus / Christ,Kuru,Jesus,1,1
Jesus / Christ,Kuusalu,Christ,6,6
Jesus / Christ,Kuusalu,Jesus,14,11
Jesus / Christ,Kuusamo,Jesus,4,4
Jesus / Christ,Kuusjärvi,Jesus,1,1
Jesus / Christ,Kylmäkoski,Jesus,1,1
Jesus / Christ,Kärkölä,Jesus,1,1
Jesus / Christ,Kõpu,Christ,1,1
Jesus / Christ,Kõpu,Jesus,1,1
Jesus / Christ,Laihia,Jesus,2,2
Jesus / Christ,Laiuse,Christ,4,3
Jesus / Christ,Laiuse,Jesus,2,2
Jesus / Christ,Lammi,Jesus,2,1
Jesus / Christ,Lapinlahti,Jesus,1,1
Jesus / Christ,Lappajärvi,Jesus,2,2
Jesus / Christ,Lappee,Jesus,1,1
Jesus / Christ,Lavansaari,Jesus,1,1
Jesus / Christ,Lehtimäki,Christ,1,1
Jesus / Christ,Lempaala,Jesus,85,48
Jesus / Christ,Leppävirta,Jesus,4,3
Jesus / Christ,Lieto,Christ,1,1
Jesus / Christ,Liissilä,Christ,5,3
Jesus / Christ,Liissilä,Jesus,36,17
Jesus / Christ,Liperi,Jesus,9,7
Jesus / Christ,Loppi,Jesus,6,5
Jesus / Christ,Luhanka,Jesus,2,1
Jesus / Christ,Luopioinen,Jesus,3,1
Jesus / Christ,Luumäki,Jesus,4,3
Jesus / Christ,Lüganuse,Jesus,6,3
Jesus / Christ,Maaninka,Jesus,3,3
Jesus / Christ,Maaria,Jesus,1,1
Jesus / Christ,Maarja-Magdaleena,Christ,2,1
Jesus / Christ,Maarja-Magdaleena,Jesus,3,1
Jesus / Christ,Markkova,Jesus,3,1
Jesus / Christ,Marttila,Jesus,12,8
Jesus / Christ,Metsäpirtti,Jesus,12,6
Jesus / Christ,Mietoinen,Christ,1,1
Jesus / Christ,Mietoinen,Jesus,1,1
Jesus / Christ,Moloskovitsa,Jesus,12,6
Jesus / Christ,Muhos,Jesus,1,1
Jesus / Christ,Muhu,Jesus,1,1
Jesus / Christ,Multia,Jesus,3,2
Jesus / Christ,Muonio,Jesus,1,1
Jesus / Christ,Muurla,Jesus,1,1
Jesus / Christ,Muuruvesi,Jesus,1,1
Jesus / Christ,Mäntyharju,Jesus,5,3
Jesus / Christ,Narvusi,Christ,11,7
Jesus / Christ,Narvusi,Jesus,88,45
Jesus / Christ,Nastola,Jesus,3,2
Jesus / Christ,Nekkula,Christ,2,2
Jesus / Christ,Nekkula,Jesus,1,1
Jesus / Christ,Nilsiä,Christ,1,1
Jesus / Christ,Nilsiä,Jesus,7,7
Jesus / Christ,Nord-Kapp,Jesus,3,3
Jesus / Christ,Norra Finnskoga,Jesus,3,2
Jesus / Christ,Nousiainen,Christ,1,1
Jesus / Christ,Nurmes,Jesus,8,6
Jesus / Christ,Nyskoga,Jesus,2,2
Jesus / Christ,Orsa,Jesus,2,2
Jesus / Christ,Oulu,Jesus,3,3
Jesus / Christ,Padasjoki,Jesus,1,1
Jesus / Christ,Paistu,Jesus,1,1
Jesus / Christ,Pajala,Jesus,5,5
Jesus / Christ,Palamuse,Jesus,6,3
Jesus / Christ,Paltamo,Jesus,3,3
Jesus / Christ,Parkano,Jesus,6,5
Jesus / Christ,Perniö,Christ,1,1
Jesus / Christ,Pieksämäki,Jesus,3,3
Jesus / Christ,Pielavesi,Jesus,9,6
Jesus / Christ,Pielisjärvi,Jesus,12,7
Jesus / Christ,Piippola,Jesus,4,2
Jesus / Christ,Pilistvere,Christ,2,2
Jesus / Christ,Pilistvere,Jesus,1,1
Jesus / Christ,Pirkkala,Jesus,2,2
Jesus / Christ,Pistojärvi,Jesus,3,3
Jesus / Christ,Polvijärvi,Jesus,1,1
Jesus / Christ,Pomarkku,Christ,1,1
Jesus / Christ,Porajärvi,Christ,4,3
Jesus / Christ,Porajärvi,Jesus,10,10
Jesus / Christ,Pori,Jesus,3,3
Jesus / Christ,Porsanki,Jesus,3,3
Jesus / Christ,Pudasjärvi,Jesus,1,1
Jesus / Christ,Puhja,Jesus,3,3
Jesus / Christ,Puolanka,Jesus,3,3
Jesus / Christ,Puumala,Christ,1,1
Jesus / Christ,Puumala,Jesus,2,2
Jesus / Christ,Pyhäjärvi Ol.,Jesus,2,2
Jesus / Christ,Pyhäjärvi Ul.,Christ,1,1
Jesus / Christ,Pyhäjärvi Ul.,Jesus,1,1
Jesus / Christ,Pyhäjärvi Vpl.,Christ,2,2
Jesus / Christ,Pyhäjärvi Vpl.,Jesus,1,1
Jesus / Christ,Pyhämaa,Christ,1,1
Jesus / Christ,Pälkjärvi,Jesus,3,1
Jesus / Christ,Pälkäne,Jesus,2,2
Jesus / Christ,Pärnu-Jaagupi,Jesus,10,1
Jesus / Christ,Põltsamaa,Jesus,5,3
Jesus / Christ,Põlva,Christ,1,1
Jesus / Christ,Pöide,Jesus,1,1
Jesus / Christ,Pühalepa,Jesus,1,1
Jesus / Christ,Rannu,Christ,2,2
Jesus / Christ,Rannu,Jesus,3,1
Jesus / Christ,Rantasalmi,Jesus,4,3
Jesus / Christ,Rantsila,Jesus,4,2
Jesus / Christ,Rautavaara,Jesus,10,5
Jesus / Christ,Rautjärvi,Jesus,2,2
Jesus / Christ,Rautu,Jesus,4,3
Jesus / Christ,Reisjärvi,Jesus,1,1
Jesus / Christ,Renko,Jesus,2,2
Jesus / Christ,Repola,Christ,3,2
Jesus / Christ,Repola,Jesus,9,2
Jesus / Christ,Riipuskala,Christ,2,2
Jesus / Christ,Riistavesi,Christ,1,1
Jesus / Christ,Risti,Jesus,4,1
Jesus / Christ,Ristiina,Christ,2,1
Jesus / Christ,Ristiina,Jesus,1,1
Jesus / Christ,Ropsu,Jesus,3,1
Jesus / Christ,Rovaniemi,Jesus,5,5
Jesus / Christ,Ruskeala,Jesus,2,2
Jesus / Christ,Räisälä,Jesus,2,1
Jesus / Christ,Räpina,Jesus,14,2
Jesus / Christ,Rääkkylä,Christ,1,1
Jesus / Christ,Rääkkylä,Jesus,7,6
Jesus / Christ,Rääpyvä,Jesus,3,3
Jesus / Christ,Rõngu,Christ,1,1
Jesus / Christ,Rõngu,Jesus,13,10
Jesus / Christ,Rõuge,Jesus,1,1
Jesus / Christ,Saarde,Christ,4,3
Jesus / Christ,Saarde,Jesus,6,5
Jesus / Christ,Saarijärvi,Jesus,1,1
Jesus / Christ,Sahalahti,Jesus,3,2
Jesus / Christ,Sakkola,Jesus,11,6
Jesus / Christ,Salmi,Christ,12,10
Jesus / Christ,Salmi,Jesus,32,10
Jesus / Christ,Sangaste,Christ,3,3
Jesus / Christ,Sangaste,Jesus,5,4
Jesus / Christ,Sauvo,Christ,1,1
Jesus / Christ,Sauvo,Jesus,3,1
Jesus / Christ,Savitaipale,Jesus,3,2
Jesus / Christ,Seiskari,Jesus,1,1
Jesus / Christ,Serepetta,Jesus,3,3
Jesus / Christ,Setumaa,Jesus,65,16
Jesus / Christ,Siikainen,Christ,1,1
Jesus / Christ,Simo,Jesus,1,1
Jesus / Christ,Simuna,Jesus,5,4
Jesus / Christ,Skuoritsa,Jesus,5,2
Jesus / Christ,Soanlahti,Jesus,13,9
Jesus / Christ,Sodankylä,Jesus,9,9
Jesus / Christ,Soikkola,Christ,5,3
Jesus / Christ,Soikkola,Jesus,22,15
Jesus / Christ,Somerniemi,Christ,1,1
Jesus / Christ,Somerniemi,Jesus,1,1
Jesus / Christ,Somero,Christ,2,2
Jesus / Christ,Somero,Jesus,5,5
Jesus / Christ,Sonkajärvi,Jesus,2,2
Jesus / Christ,Sortavala,Jesus,9,6
Jesus / Christ,Sotkamo,Jesus,4,4
Jesus / Christ,Soutjärvi,Christ,3,2
Jesus / Christ,Spankkova,Jesus,5,3
Jesus / Christ,Suistamo,Christ,11,8
Jesus / Christ,Suistamo,Jesus,172,61
Jesus / Christ,Suojärvi,Christ,4,2
Jesus / Christ,Suojärvi,Jesus,56,13
Jesus / Christ,Suomussalmi,Jesus,2,2
Jesus / Christ,Suonenjoki,Jesus,6,3
Jesus / Christ,Suoniemi,Jesus,2,2
Jesus / Christ,Suure-Jaani,Jesus,12,4
Jesus / Christ,Svärdsjö,Jesus,1,1
Jesus / Christ,Sysmä,Christ,1,1
Jesus / Christ,Sysmä,Jesus,5,4
Jesus / Christ,Sääksmäki,Christ,1,1
Jesus / Christ,Sääksmäki,Jesus,24,12
Jesus / Christ,Sääminki,Jesus,1,1
Jesus / Christ,Södra Finnskoga,Jesus,4,4
Jesus / Christ,Taipalsaari,Jesus,1,1
Jesus / Christ,Tammela,Christ,1,1
Jesus / Christ,Tammela,Jesus,13,11
Jesus / Christ,Tampere,Christ,1,1
Jesus / Christ,Tarvasjoki,Christ,1,1
Jesus / Christ,Tarvastu,Christ,3,3
Jesus / Christ,Tarvastu,Jesus,6,4
Jesus / Christ,Teisko,Christ,1,1
Jesus / Christ,Teisko,Jesus,1,1
Jesus / Christ,Terijoki,Jesus,1,1
Jesus / Christ,Tervo,Jesus,1,1
Jesus / Christ,Tervola,Jesus,1,1
Jesus / Christ,Tohmajärvi,Jesus,23,14
Jesus / Christ,Toksova,Jesus,2,2
Jesus / Christ,Tori,Christ,1,1
Jesus / Christ,Tori,Jesus,16,7
Jesus / Christ,Tottijärvi,Jesus,1,1
Jesus / Christ,Tulemajärvi,Christ,3,3
Jesus / Christ,Tulemajärvi,Jesus,5,5
Jesus / Christ,Tuulos,Jesus,3,2
Jesus / Christ,Tuupovaara,Jesus,1,1
Jesus / Christ,Tuutari,Jesus,4,2
Jesus / Christ,Tyrvää,Jesus,4,2
Jesus / Christ,Tyrö,Jesus,13,8
Jesus / Christ,Tytärsaari,Jesus,1,1
Jesus / Christ,Tõstamaa,Jesus,1,1
Jesus / Christ,Töysä,Jesus,2,2
Jesus / Christ,Türi,Christ,2,2
Jesus / Christ,Türi,Jesus,3,2
Jesus / Christ,Uhtua,Christ,1,1
Jesus / Christ,Uhtua,Jesus,3,3
Jesus / Christ,Urjala,Jesus,1,1
Jesus / Christ,Urvaste,Christ,3,3
Jesus / Christ,Urvaste,Jesus,30,7
Jesus / Christ,Uskela,Jesus,1,1
Jesus / Christ,Uukuniemi,Jesus,8,3
Jesus / Christ,Uusikaarlepyy,Jesus,1,1
Jesus / Christ,Uusikaupunki,Christ,2,2
Jesus / Christ,Valjala,Jesus,1,1
Jesus / Christ,Valkjärvi,Jesus,3,2
Jesus / Christ,Valtimo,Jesus,2,2
Jesus / Christ,Vanaja,Christ,1,1
Jesus / Christ,Vanaja,Jesus,1,1
Jesus / Christ,Varpaisjärvi,Jesus,7,6
Jesus / Christ,Vastseliina,Christ,2,2
Jesus / Christ,Vastseliina,Jesus,47,13
Jesus / Christ,Vehmaa,Jesus,1,1
Jesus / Christ,Venjoki,Jesus,5,2
Jesus / Christ,Vesilahti,Jesus,2,1
Jesus / Christ,Vigala,Christ,3,3
Jesus / Christ,Vigala,Jesus,4,4
Jesus / Christ,Vihanti,Jesus,1,1
Jesus / Christ,Viipuri,Jesus,1,1
Jesus / Christ,Viljakkala,Jesus,2,1
Jesus / Christ,Viljandi,Jesus,12,4
Jesus / Christ,Virrat,Jesus,2,2
Jesus / Christ,Virtasalmi,Jesus,2,2
Jesus / Christ,Viru-Nigula,Jesus,2,1
Jesus / Christ,Vitele,Christ,1,1
Jesus / Christ,Vittanki,Jesus,2,2
Jesus / Christ,Vuokkiniemi,Jesus,14,10
Jesus / Christ,Vuole,Christ,2,2
Jesus / Christ,Vuole,Jesus,22,15
Jesus / Christ,Vähäkyrö,Christ,3,1
Jesus / Christ,Vähäkyrö,Jesus,2,1
Jesus / Christ,Väike-Maarja,Jesus,7,6
Jesus / Christ,Vändra,Jesus,1,1
Jesus / Christ,Ylihärmä,Christ,1,1
Jesus / Christ,Yläne,Christ,1,1
Jesus / Christ,Yläne,Jesus,2,2
Jesus / Christ,Östmark,Christ,2,2
Jesus / Christ,Östmark,Jesus,8,8
John / Jaan / Jussi / Hans,Alajärvi,Jussi,1,1
John / Jaan / Jussi / Hans,Alavus,John/St John,1,1
John / Jaan / Jussi / Hans,Alavus,Jussi,4,3
John / Jaan / Jussi / Hans,Ambla,Ants,3,3
John / Jaan / Jussi / Hans,Ambla,Hans,13,7
John / Jaan / Jussi / Hans,Ambla,Jaan/Jaani,5,4
John / Jaan / Jussi / Hans,Ambla,John/St John,11,9
John / Jaan / Jussi / Hans,Ambla,Juhan,1,1
John / Jaan / Jussi / Hans,Anseküla,Hans,1,1
John / Jaan / Jussi / Hans,Anseküla,Jaan/Jaani,1,1
John / Jaan / Jussi / Hans,Anseküla,Juhan,2,2
John / Jaan / Jussi / Hans,Artjärvi,Jussi,1,1
John / Jaan / Jussi / Hans,Asikkala,Jussi,3,3
John / Jaan / Jussi / Hans,Askainen,Jussi,1,1
John / Jaan / Jussi / Hans,Audru,Hans,13,6
John / Jaan / Jussi / Hans,Audru,Jaan/Jaani,2,2
John / Jaan / Jussi / Hans,Audru,John/St John,9,6
John / Jaan / Jussi / Hans,Audru,Juhan,1,1
John / Jaan / Jussi / Hans,Emmaste,Ants,1,1
John / Jaan / Jussi / Hans,Eurajoki,Jussi,1,1
John / Jaan / Jussi / Hans,Evijärvi,Jussi,3,3
John / Jaan / Jussi / Hans,Forssa,Jussi,2,2
John / Jaan / Jussi / Hans,Hageri,Ants,1,1
John / Jaan / Jussi / Hans,Hageri,Jaan/Jaani,2,2
John / Jaan / Jussi / Hans,Halikko,Jussi,1,1
John / Jaan / Jussi / Hans,Haljala,Ants,19,9
John / Jaan / Jussi / Hans,Haljala,Hans,1,1
John / Jaan / Jussi / Hans,Haljala,Jaan/Jaani,5,4
John / Jaan / Jussi / Hans,Haljala,John/St John,12,7
John / Jaan / Jussi / Hans,Haljala,Juhan,5,4
John / Jaan / Jussi / Hans,Haljala,Jussi,1,1
John / Jaan / Jussi / Hans,Halliste,Ants,6,6
John / Jaan / Jussi / Hans,Halliste,Hans,16,11
John / Jaan / Jussi / Hans,Halliste,Jaan/Jaani,31,6
John / Jaan / Jussi / Hans,Halliste,John/St John,13,9
John / Jaan / Jussi / Hans,Halliste,Juhan,1,1
John / Jaan / Jussi / Hans,Hanila,Jaan/Jaani,14,5
John / Jaan / Jussi / Hans,Hanila,John/St John,2,2
John / Jaan / Jussi / Hans,Hanila,Juhan,1,1
John / Jaan / Jussi / Hans,Hargla,Jaan/Jaani,2,1
John / Jaan / Jussi / Hans,Hargla,John/St John,4,2
John / Jaan / Jussi / Hans,Harju-Jaani,Ants,2,2
John / Jaan / Jussi / Hans,Harju-Jaani,Hans,6,4
John / Jaan / Jussi / Hans,Harju-Jaani,Jaan/Jaani,1,1
John / Jaan / Jussi / Hans,Harju-Jaani,John/St John,9,9
John / Jaan / Jussi / Hans,Harju-Madise,Hans,1,1
John / Jaan / Jussi / Hans,Harlu,Jussi,1,1
John / Jaan / Jussi / Hans,Hartola,Jussi,5,4
John / Jaan / Jussi / Hans,Hattula,Jussi,14,12
John / Jaan / Jussi / Hans,Hauho,Jussi,5,4
John / Jaan / Jussi / Hans,Haukivuori,Jussi,1,1
John / Jaan / Jussi / Hans,Hausjärvi,Jussi,5,5
John / Jaan / Jussi / Hans,Heinjoki,Jussi,7,3
John / Jaan / Jussi / Hans,Heinävesi,Jussi,14,13
John / Jaan / Jussi / Hans,Helme,Ants,8,4
John / Jaan / Jussi / Hans,Helme,Hans,4,3
John / Jaan / Jussi / Hans,Helme,Jaan/Jaani,38,12
John / Jaan / Jussi / Hans,Helme,John/St John,2,2
John / Jaan / Jussi / Hans,Helsinki,Jussi,1,1
John / Jaan / Jussi / Hans,Hollola,Jussi,2,2
John / Jaan / Jussi / Hans,Humppila,Jussi,1,1
John / Jaan / Jussi / Hans,Hyvinkää,Hans,1,1
John / Jaan / Jussi / Hans,Hyvinkää,Jussi,1,1
John / Jaan / Jussi / Hans,Hämeenkyrö,Jussi,2,2
John / Jaan / Jussi / Hans,Hämeenlinna,John/St John,2,1
John / Jaan / Jussi / Hans,Hämeenlinna,Jussi,6,6
John / Jaan / Jussi / Hans,Häädemeeste,Hans,1,1
John / Jaan / Jussi / Hans,Häädemeeste,Jaan/Jaani,7,7
John / Jaan / Jussi / Hans,Häädemeeste,John/St John,26,4
John / Jaan / Jussi / Hans,Häädemeeste,Jussi,1,1
John / Jaan / Jussi / Hans,Iisaku,Ants,1,1
John / Jaan / Jussi / Hans,Iisaku,Hans,2,2
John / Jaan / Jussi / Hans,Iisaku,Jaan/Jaani,1,1
John / Jaan / Jussi / Hans,Iisaku,John/St John,1,1
John / Jaan / Jussi / Hans,Iisalmi,Jussi,4,4
John / Jaan / Jussi / Hans,Iitti,Jussi,2,1
John / Jaan / Jussi / Hans,Ilomantsi,John/St John,2,2
John / Jaan / Jussi / Hans,Ilomantsi,Jussi,5,5
John / Jaan / Jussi / Hans,Isojoki,Jussi,1,1
John / Jaan / Jussi / Hans,Jaani,Ants,1,1
John / Jaan / Jussi / Hans,Jaani,John/St John,2,1
John / Jaan / Jussi / Hans,Jalasjärvi,Jussi,2,2
John / Jaan / Jussi / Hans,Janakkala,Jussi,3,3
John / Jaan / Jussi / Hans,Johannes,Jussi,1,1
John / Jaan / Jussi / Hans,Jokioinen,Jussi,1,1
John / Jaan / Jussi / Hans,Joroinen,John/St John,1,1
John / Jaan / Jussi / Hans,Joroinen,Jussi,2,2
John / Jaan / Jussi / Hans,Joutseno,Jussi,1,1
John / Jaan / Jussi / Hans,Juuka,Jussi,1,1
John / Jaan / Jussi / Hans,Juuru,Ants,1,1
John / Jaan / Jussi / Hans,Juuru,Jaan/Jaani,1,1
John / Jaan / Jussi / Hans,Juuru,John/St John,3,3
John / Jaan / Jussi / Hans,Juva,Jussi,2,2
John / Jaan / Jussi / Hans,Jällivaara,Jussi,1,1
John / Jaan / Jussi / Hans,Jämsä,Jussi,3,2
John / Jaan / Jussi / Hans,Järva-Jaani,Ants,2,2
John / Jaan / Jussi / Hans,Järva-Jaani,Hans,5,2
John / Jaan / Jussi / Hans,Järva-Jaani,Jaan/Jaani,5,4
John / Jaan / Jussi / Hans,Järva-Jaani,Juhan,1,1
John / Jaan / Jussi / Hans,Järva-Madise,Hans,9,5
John / Jaan / Jussi / Hans,Järva-Madise,Jaan/Jaani,8,6
John / Jaan / Jussi / Hans,Järva-Madise,John/St John,1,1
John / Jaan / Jussi / Hans,Jõelähtme,Ants,7,4
John / Jaan / Jussi / Hans,Jõelähtme,Hans,1,1
John / Jaan / Jussi / Hans,Jõelähtme,Jaan/Jaani,3,1
John / Jaan / Jussi / Hans,Jõelähtme,John/St John,2,2
John / Jaan / Jussi / Hans,Jõelähtme,Jussi,1,1
John / Jaan / Jussi / Hans,Jõhvi,Ants,1,1
John / Jaan / Jussi / Hans,Jõhvi,Hans,2,2
John / Jaan / Jussi / Hans,Jõhvi,Jaan/Jaani,5,4
John / Jaan / Jussi / Hans,Jõhvi,John/St John,9,9
John / Jaan / Jussi / Hans,Jüri,Ants,1,1
John / Jaan / Jussi / Hans,Jüri,Hans,7,4
John / Jaan / Jussi / Hans,Jüri,Jaan/Jaani,9,6
John / Jaan / Jussi / Hans,Jüri,John/St John,1,1
John / Jaan / Jussi / Hans,Jüri,Jussi,1,1
John / Jaan / Jussi / Hans,Kaarma,Ants,1,1
John / Jaan / Jussi / Hans,Kaarma,Hans,11,1
John / Jaan / Jussi / Hans,Kaarma,Jaan/Jaani,2,1
John / Jaan / Jussi / Hans,Kaarma,John/St John,2,1
John / Jaan / Jussi / Hans,Kaavi,John/St John,1,1
John / Jaan / Jussi / Hans,Kaavi,Jussi,4,4
John / Jaan / Jussi / Hans,Kadrina,Ants,4,3
John / Jaan / Jussi / Hans,Kadrina,Hans,6,6
John / Jaan / Jussi / Hans,Kadrina,Jaan/Jaani,5,5
John / Jaan / Jussi / Hans,Kadrina,John/St John,6,6
John / Jaan / Jussi / Hans,Kadrina,Juhan,4,3
John / Jaan / Jussi / Hans,Kalajoki,Jussi,1,1
John / Jaan / Jussi / Hans,Kambja,Hans,1,1
John / Jaan / Jussi / Hans,Kambja,John/St John,2,2
John / Jaan / Jussi / Hans,Kanepi,Ants,1,1
John / Jaan / Jussi / Hans,Kanepi,Jaan/Jaani,1,1
John / Jaan / Jussi / Hans,Kanepi,John/St John,2,2
John / Jaan / Jussi / Hans,Kangasala,Jussi,1,1
John / Jaan / Jussi / Hans,Kangaslampi,Jussi,2,2
John / Jaan / Jussi / Hans,Kangasniemi,Jussi,6,3
John / Jaan / Jussi / Hans,Kankaanpää,John/St John,1,1
John / Jaan / Jussi / Hans,Kanneljärvi,Jussi,2,2
John / Jaan / Jussi / Hans,Kaprio,John/St John,1,1
John / Jaan / Jussi / Hans,Kaprio,Jussi,1,1
John / Jaan / Jussi / Hans,Karinainen,Jussi,1,1
John / Jaan / Jussi / Hans,Karja,Hans,14,2
John / Jaan / Jussi / Hans,Karja,Jaan/Jaani,1,1
John / Jaan / Jussi / Hans,Karksi,Ants,5,5
John / Jaan / Jussi / Hans,Karksi,Hans,8,6
John / Jaan / Jussi / Hans,Karksi,Jaan/Jaani,41,7
John / Jaan / Jussi / Hans,Karksi,John/St John,9,5
John / Jaan / Jussi / Hans,Karksi,Juhan,2,2
John / Jaan / Jussi / Hans,Karksi,Jussi,3,2
John / Jaan / Jussi / Hans,Karstula,Jussi,1,1
John / Jaan / Jussi / Hans,Karttula,Jussi,1,1
John / Jaan / Jussi / Hans,Karula,Jaan/Jaani,2,1
John / Jaan / Jussi / Hans,Karula,John/St John,3,2
John / Jaan / Jussi / Hans,Karula,Juhan,6,5
John / Jaan / Jussi / Hans,Karuna,Jussi,3,3
John / Jaan / Jussi / Hans,Karunki,Jussi,1,1
John / Jaan / Jussi / Hans,Karuse,Ants,8,2
John / Jaan / Jussi / Hans,Karuse,Hans,8,5
John / Jaan / Jussi / Hans,Karuse,Jaan/Jaani,29,11
John / Jaan / Jussi / Hans,Karuse,John/St John,5,3
John / Jaan / Jussi / Hans,Kauhajoki,Jussi,2,2
John / Jaan / Jussi / Hans,Kauhava,Jussi,2,2
John / Jaan / Jussi / Hans,Kaukola,Jussi,2,2
John / Jaan / Jussi / Hans,Kauvatsa,Jussi,1,1
John / Jaan / Jussi / Hans,Keila,John/St John,1,1
John / Jaan / Jussi / Hans,Kemi,Jussi,1,1
John / Jaan / Jussi / Hans,Kerimäki,Jussi,1,1
John / Jaan / Jussi / Hans,Kihelkonna,Ants,1,1
John / Jaan / Jussi / Hans,Kihelkonna,Jaan/Jaani,8,1
John / Jaan / Jussi / Hans,Kihniö,Jussi,2,2
John / Jaan / Jussi / Hans,Kiihtelysvaara,John/St John,1,1
John / Jaan / Jussi / Hans,Kiihtelysvaara,Jussi,1,1
John / Jaan / Jussi / Hans,Kiikka,Jussi,1,1
John / Jaan / Jussi / Hans,Kiikoinen,Jussi,1,1
John / Jaan / Jussi / Hans,Kinnula,Jussi,1,1
John / Jaan / Jussi / Hans,Kirvu,Jussi,1,1
John / Jaan / Jussi / Hans,Kitee,Jussi,7,3
John / Jaan / Jussi / Hans,Kiukainen,John/St John,2,1
John / Jaan / Jussi / Hans,Kiuruvesi,Jussi,10,7
John / Jaan / Jussi / Hans,Kivennapa,Jussi,2,2
John / Jaan / Jussi / Hans,Kivijärvi,John/St John,1,1
John / Jaan / Jussi / Hans,Kivijärvi,Jussi,1,1
John / Jaan / Jussi / Hans,Kodavere,Jaan/Jaani,2,2
John / Jaan / Jussi / Hans,Koeru,Ants,6,5
John / Jaan / Jussi / Hans,Koeru,Hans,5,3
John / Jaan / Jussi / Hans,Koeru,Jaan/Jaani,9,5
John / Jaan / Jussi / Hans,Koeru,John/St John,47,5
John / Jaan / Jussi / Hans,Kokemäki,Jussi,2,2
John / Jaan / Jussi / Hans,Kolga-Jaani,Ants,12,7
John / Jaan / Jussi / Hans,Kolga-Jaani,Hans,15,7
John / Jaan / Jussi / Hans,Kolga-Jaani,Jaan/Jaani,27,10
John / Jaan / Jussi / Hans,Kolga-Jaani,John/St John,22,12
John / Jaan / Jussi / Hans,Kolga-Jaani,Juhan,2,1
John / Jaan / Jussi / Hans,Kontiolahti,John/St John,1,1
John / Jaan / Jussi / Hans,Kontiolahti,Jussi,5,4
John / Jaan / Jussi / Hans,Kontokki,Jussi,1,1
John / Jaan / Jussi / Hans,Koprina,Jussi,1,1
John / Jaan / Jussi / Hans,Korpilahti,Jussi,2,1
John / Jaan / Jussi / Hans,Korpiselkä,Jussi,1,1
John / Jaan / Jussi / Hans,Kose,Ants,8,5
John / Jaan / Jussi / Hans,Kose,Hans,22,10
John / Jaan / Jussi / Hans,Kose,Jaan/Jaani,6,4
John / Jaan / Jussi / Hans,Kose,John/St John,11,8
John / Jaan / Jussi / Hans,Kose,Jussi,2,1
John / Jaan / Jussi / Hans,Koski Hl.,Jussi,4,4
John / Jaan / Jussi / Hans,Koski Tl.,Jussi,1,1
John / Jaan / Jussi / Hans,Kuhmo,Jussi,1,1
John / Jaan / Jussi / Hans,Kuhmoinen,Jussi,2,1
John / Jaan / Jussi / Hans,Kullamaa,Ants,2,2
John / Jaan / Jussi / Hans,Kullamaa,Hans,1,1
John / Jaan / Jussi / Hans,Kullamaa,Jaan/Jaani,4,4
John / Jaan / Jussi / Hans,Kullamaa,John/St John,3,3
John / Jaan / Jussi / Hans,Kuopio,Jussi,1,1
John / Jaan / Jussi / Hans,Kupanitsa,John/St John,1,1
John / Jaan / Jussi / Hans,Kurikka,Jussi,1,1
John / Jaan / Jussi / Hans,Kurkijoki,Jussi,1,1
John / Jaan / Jussi / Hans,Kursi,Hans,2,2
John / Jaan / Jussi / Hans,Kursi,Jaan/Jaani,1,1
John / Jaan / Jussi / Hans,Kursi,John/St John,3,3
John / Jaan / Jussi / Hans,Kursi,Juhan,1,1
John / Jaan / Jussi / Hans,Kursi,Jussi,1,1
John / Jaan / Jussi / Hans,Kuusalu,Ants,9,5
John / Jaan / Jussi / Hans,Kuusalu,Hans,3,2
John / Jaan / Jussi / Hans,Kuusalu,Jaan/Jaani,21,9
John / Jaan / Jussi / Hans,Kuusalu,John/St John,9,8
John / Jaan / Jussi / Hans,Kuusamo,Jussi,3,1
John / Jaan / Jussi / Hans,Kymi,Hans,1,1
John / Jaan / Jussi / Hans,Käina,Ants,1,1
John / Jaan / Jussi / Hans,Käina,John/St John,1,1
John / Jaan / Jussi / Hans,Käina,Juhan,1,1
John / Jaan / Jussi / Hans,Kärkölä,Jussi,2,2
John / Jaan / Jussi / Hans,Kärla,Ants,1,1
John / Jaan / Jussi / Hans,Kärsämäki,Jussi,3,2
John / Jaan / Jussi / Hans,Kõpu,Hans,7,4
John / Jaan / Jussi / Hans,Kõpu,Jaan/Jaani,3,1
John / Jaan / Jussi / Hans,Kõpu,John/St John,1,1
John / Jaan / Jussi / Hans,Lahti,Jussi,4,2
John / Jaan / Jussi / Hans,Laihia,Jussi,3,3
John / Jaan / Jussi / Hans,Laitila,Jussi,2,2
John / Jaan / Jussi / Hans,Laiuse,Ants,7,5
John / Jaan / Jussi / Hans,Laiuse,Hans,5,4
John / Jaan / Jussi / Hans,Laiuse,Jaan/Jaani,3,1
John / Jaan / Jussi / Hans,Laiuse,John/St John,6,4
John / Jaan / Jussi / Hans,Laiuse,Jussi,1,1
John / Jaan / Jussi / Hans,Lapinlahti,Jussi,1,1
John / Jaan / Jussi / Hans,Lappajärvi,Jussi,1,1
John / Jaan / Jussi / Hans,Lappee,Jussi,1,1
John / Jaan / Jussi / Hans,Lapua,Jussi,7,6
John / Jaan / Jussi / Hans,Lapväärtti,Jussi,1,1
John / Jaan / Jussi / Hans,Lavansaari,John/St John,1,1
John / Jaan / Jussi / Hans,Lehtimäki,Jussi,1,1
John / Jaan / Jussi / Hans,Lempaala,Jussi,3,2
John / Jaan / Jussi / Hans,Leppävirta,Jussi,8,7
John / Jaan / Jussi / Hans,Lihula,Jaan/Jaani,6,1
John / Jaan / Jussi / Hans,Liissilä,John/St John,1,1
John / Jaan / Jussi / Hans,Liissilä,Jussi,2,1
John / Jaan / Jussi / Hans,Liperi,Jussi,1,1
John / Jaan / Jussi / Hans,Loppi,Jussi,1,1
John / Jaan / Jussi / Hans,Lumivaara,Jussi,4,3
John / Jaan / Jussi / Hans,Luopioinen,Jussi,4,4
John / Jaan / Jussi / Hans,Luumäki,Jussi,1,1
John / Jaan / Jussi / Hans,Luvia,Jussi,1,1
John / Jaan / Jussi / Hans,Längelmäki,Jussi,1,1
John / Jaan / Jussi / Hans,Lääne-Nigula,Ants,4,2
John / Jaan / Jussi / Hans,Lüganuse,Ants,4,3
John / Jaan / Jussi / Hans,Lüganuse,Hans,1,1
John / Jaan / Jussi / Hans,Lüganuse,Jaan/Jaani,1,1
John / Jaan / Jussi / Hans,Lüganuse,John/St John,2,2
John / Jaan / Jussi / Hans,Maaninka,Jussi,3,2
John / Jaan / Jussi / Hans,Maarja-Magdaleena,Hans,1,1
John / Jaan / Jussi / Hans,Maarja-Magdaleena,Jaan/Jaani,2,2
John / Jaan / Jussi / Hans,Maarja-Magdaleena,John/St John,2,2
John / Jaan / Jussi / Hans,Maarja-Magdaleena,Juhan,1,1
John / Jaan / Jussi / Hans,Martna,Jaan/Jaani,5,3
John / Jaan / Jussi / Hans,Martna,John/St John,10,3
John / Jaan / Jussi / Hans,Marttila,Jussi,2,1
John / Jaan / Jussi / Hans,Masku,Jussi,2,1
John / Jaan / Jussi / Hans,Merikarvia,Jussi,1,1
John / Jaan / Jussi / Hans,Merimasku,Jussi,1,1
John / Jaan / Jussi / Hans,Messukylä,Jussi,1,1
John / Jaan / Jussi / Hans,Metsäpirtti,Jussi,1,1
John / Jaan / Jussi / Hans,Mietoinen,Jussi,1,1
John / Jaan / Jussi / Hans,Mihkli,Ants,1,1
John / Jaan / Jussi / Hans,Mihkli,Hans,5,3
John / Jaan / Jussi / Hans,Mihkli,Jaan/Jaani,8,3
John / Jaan / Jussi / Hans,Mihkli,John/St John,3,1
John / Jaan / Jussi / Hans,Moloskovitsa,Jussi,1,1
John / Jaan / Jussi / Hans,Mouhijärvi,Jussi,3,3
John / Jaan / Jussi / Hans,Muhos,Jussi,1,1
John / Jaan / Jussi / Hans,Muhu,Ants,2,2
John / Jaan / Jussi / Hans,Muhu,Hans,1,1
John / Jaan / Jussi / Hans,Muhu,Jaan/Jaani,17,9
John / Jaan / Jussi / Hans,Muhu,John/St John,17,4
John / Jaan / Jussi / Hans,Muhu,Juhan,2,2
John / Jaan / Jussi / Hans,Muolaa,Jussi,5,4
John / Jaan / Jussi / Hans,Mustjala,Ants,7,4
John / Jaan / Jussi / Hans,Mustjala,Jaan/Jaani,2,2
John / Jaan / Jussi / Hans,Mustjala,John/St John,1,1
John / Jaan / Jussi / Hans,Mustjala,Jussi,1,1
John / Jaan / Jussi / Hans,Muurla,John/St John,2,1
John / Jaan / Jussi / Hans,Muurla,Jussi,17,11
John / Jaan / Jussi / Hans,Muuruvesi,Jussi,3,1
John / Jaan / Jussi / Hans,Mynämäki,Jussi,8,5
John / Jaan / Jussi / Hans,Myrskylä,Jussi,1,1
John / Jaan / Jussi / Hans,Mäntsälä,Jussi,4,4
John / Jaan / Jussi / Hans,Mäntyharju,John/St John,1,1
John / Jaan / Jussi / Hans,Mäntyharju,Jussi,2,1
John / Jaan / Jussi / Hans,Märjamaa,Ants,9,5
John / Jaan / Jussi / Hans,Märjamaa,Jaan/Jaani,15,6
John / Jaan / Jussi / Hans,Märjamaa,John/St John,5,4
John / Jaan / Jussi / Hans,Märjamaa,Jussi,1,1
John / Jaan / Jussi / Hans,Nakkila,Jussi,2,2
John / Jaan / Jussi / Hans,Narvusi,Jaan/Jaani,1,1
John / Jaan / Jussi / Hans,Narvusi,John/St John,11,7
John / Jaan / Jussi / Hans,Nastola,Jussi,1,1
John / Jaan / Jussi / Hans,Nilsiä,Jussi,5,5
John / Jaan / Jussi / Hans,Nissi,John/St John,1,1
John / Jaan / Jussi / Hans,Noormarkku,Jussi,1,1
John / Jaan / Jussi / Hans,Nousiainen,Jussi,1,1
John / Jaan / Jussi / Hans,Nurmes,Jussi,11,10
John / Jaan / Jussi / Hans,Nurmijärvi,Hans,1,1
John / Jaan / Jussi / Hans,Nõo,Ants,2,1
John / Jaan / Jussi / Hans,Nõo,Jaan/Jaani,8,2
John / Jaan / Jussi / Hans,Nõo,John/St John,2,2
John / Jaan / Jussi / Hans,Orimattila,Jussi,2,2
John / Jaan / Jussi / Hans,Otepää,Ants,1,1
John / Jaan / Jussi / Hans,Otepää,Hans,3,2
John / Jaan / Jussi / Hans,Otepää,Jaan/Jaani,4,3
John / Jaan / Jussi / Hans,Otepää,John/St John,4,4
John / Jaan / Jussi / Hans,Otepää,Juhan,1,1
John / Jaan / Jussi / Hans,Oulu,Jussi,1,1
John / Jaan / Jussi / Hans,Paavola,Jussi,2,1
John / Jaan / Jussi / Hans,Paide,Hans,5,3
John / Jaan / Jussi / Hans,Paide,John/St John,1,1
John / Jaan / Jussi / Hans,Paide,Juhan,9,1
John / Jaan / Jussi / Hans,Paimio,John/St John,2,1
John / Jaan / Jussi / Hans,Paimio,Jussi,2,2
John / Jaan / Jussi / Hans,Paistu,Ants,2,2
John / Jaan / Jussi / Hans,Paistu,Hans,12,5
John / Jaan / Jussi / Hans,Paistu,Jaan/Jaani,60,6
John / Jaan / Jussi / Hans,Paistu,John/St John,17,7
John / Jaan / Jussi / Hans,Paistu,Juhan,1,1
John / Jaan / Jussi / Hans,Palamuse,Hans,7,3
John / Jaan / Jussi / Hans,Palamuse,Jaan/Jaani,3,2
John / Jaan / Jussi / Hans,Palamuse,John/St John,2,2
John / Jaan / Jussi / Hans,Paltamo,John/St John,1,1
John / Jaan / Jussi / Hans,Peetri,Ants,3,3
John / Jaan / Jussi / Hans,Peetri,Hans,1,1
John / Jaan / Jussi / Hans,Peetri,Jaan/Jaani,10,5
John / Jaan / Jussi / Hans,Peetri,John/St John,88,8
John / Jaan / Jussi / Hans,Peetri,Juhan,1,1
John / Jaan / Jussi / Hans,Perho,Jussi,1,1
John / Jaan / Jussi / Hans,Perniö,Jussi,1,1
John / Jaan / Jussi / Hans,Pertteli,Jussi,3,3
John / Jaan / Jussi / Hans,Pielavesi,John/St John,2,1
John / Jaan / Jussi / Hans,Pielavesi,Jussi,4,3
John / Jaan / Jussi / Hans,Pielisjärvi,Jussi,3,3
John / Jaan / Jussi / Hans,Pihtipudas,Jussi,2,1
John / Jaan / Jussi / Hans,Pilistvere,Ants,1,1
John / Jaan / Jussi / Hans,Pilistvere,Hans,10,8
John / Jaan / Jussi / Hans,Pilistvere,Jaan/Jaani,5,3
John / Jaan / Jussi / Hans,Pilistvere,John/St John,11,4
John / Jaan / Jussi / Hans,Pilistvere,Jussi,1,1
John / Jaan / Jussi / Hans,Pirkkala,Jussi,1,1
John / Jaan / Jussi / Hans,Pistojärvi,Jussi,1,1
John / Jaan / Jussi / Hans,Polvijärvi,Jussi,1,1
John / Jaan / Jussi / Hans,Pomarkku,Jussi,2,2
John / Jaan / Jussi / Hans,Pori,Jussi,2,2
John / Jaan / Jussi / Hans,Pudasjärvi,John/St John,2,1
John / Jaan / Jussi / Hans,Pudasjärvi,Jussi,3,2
John / Jaan / Jussi / Hans,Puhja,Ants,2,2
John / Jaan / Jussi / Hans,Puhja,Hans,3,1
John / Jaan / Jussi / Hans,Puhja,Jaan/Jaani,9,4
John / Jaan / Jussi / Hans,Puhja,John/St John,13,2
John / Jaan / Jussi / Hans,Puhja,Juhan,1,1
John / Jaan / Jussi / Hans,Pukkila,Jussi,1,1
John / Jaan / Jussi / Hans,Punkalaidun,Jussi,4,4
John / Jaan / Jussi / Hans,Pusula,Jussi,1,1
John / Jaan / Jussi / Hans,Pyhäjärvi Ol.,Jussi,4,3
John / Jaan / Jussi / Hans,Pyhäjärvi Ul.,Jussi,5,4
John / Jaan / Jussi / Hans,Pyhäselkä,Jussi,2,2
John / Jaan / Jussi / Hans,Pälkjärvi,Jussi,1,1
John / Jaan / Jussi / Hans,Pälkäne,Jussi,3,2
John / Jaan / Jussi / Hans,Pärnu,Ants,2,2
John / Jaan / Jussi / Hans,Pärnu,Hans,8,2
John / Jaan / Jussi / Hans,Pärnu,Jaan/Jaani,14,8
John / Jaan / Jussi / Hans,Pärnu,John/St John,4,4
John / Jaan / Jussi / Hans,Pärnu-Jaagupi,Hans,2,2
John / Jaan / Jussi / Hans,Pärnu-Jaagupi,Jaan/Jaani,2,2
John / Jaan / Jussi / Hans,Pärnu-Jaagupi,John/St John,3,3
John / Jaan / Jussi / Hans,Põltsamaa,Ants,8,2
John / Jaan / Jussi / Hans,Põltsamaa,Hans,25,5
John / Jaan / Jussi / Hans,Põltsamaa,Jaan/Jaani,11,5
John / Jaan / Jussi / Hans,Põltsamaa,Juhan,1,1
John / Jaan / Jussi / Hans,Põltsamaa,Jussi,1,1
John / Jaan / Jussi / Hans,Põlva,Ants,2,2
John / Jaan / Jussi / Hans,Põlva,Jaan/Jaani,3,2
John / Jaan / Jussi / Hans,Põlva,John/St John,1,1
John / Jaan / Jussi / Hans,Pöide,Hans,2,2
John / Jaan / Jussi / Hans,Pöide,Jaan/Jaani,3,3
John / Jaan / Jussi / Hans,Pöide,John/St John,3,3
John / Jaan / Jussi / Hans,Pöide,Juhan,3,1
John / Jaan / Jussi / Hans,Pöytyä,Jussi,7,4
John / Jaan / Jussi / Hans,Pühalepa,Ants,1,1
John / Jaan / Jussi / Hans,Pühalepa,Jaan/Jaani,3,2
John / Jaan / Jussi / Hans,Pühalepa,John/St John,4,2
John / Jaan / Jussi / Hans,Rakvere,Jaan/Jaani,2,1
John / Jaan / Jussi / Hans,Rakvere,John/St John,2,2
John / Jaan / Jussi / Hans,Rannu,Ants,1,1
John / Jaan / Jussi / Hans,Rannu,Hans,1,1
John / Jaan / Jussi / Hans,Rannu,Jaan/Jaani,5,3
John / Jaan / Jussi / Hans,Rannu,John/St John,2,2
John / Jaan / Jussi / Hans,Rannu,Juhan,1,1
John / Jaan / Jussi / Hans,Ranua,Jussi,6,6
John / Jaan / Jussi / Hans,Rapla,Hans,7,5
John / Jaan / Jussi / Hans,Rapla,Jaan/Jaani,7,2
John / Jaan / Jussi / Hans,Rapla,Jussi,1,1
John / Jaan / Jussi / Hans,Rauma,Jussi,1,1
John / Jaan / Jussi / Hans,Rautalampi,John/St John,1,1
John / Jaan / Jussi / Hans,Rautavaara,Jussi,1,1
John / Jaan / Jussi / Hans,Rautjärvi,Jussi,2,1
John / Jaan / Jussi / Hans,Rautu,Jussi,3,3
John / Jaan / Jussi / Hans,Reigi,Jaan/Jaani,1,1
John / Jaan / Jussi / Hans,Renko,Jussi,6,5
John / Jaan / Jussi / Hans,Ridala,Ants,2,1
John / Jaan / Jussi / Hans,Risti,Ants,3,2
John / Jaan / Jussi / Hans,Risti,Hans,2,2
John / Jaan / Jussi / Hans,Risti,Jaan/Jaani,11,4
John / Jaan / Jussi / Hans,Risti,John/St John,2,2
John / Jaan / Jussi / Hans,Risti,Juhan,5,2
John / Jaan / Jussi / Hans,Ruokolahti,Jussi,2,2
John / Jaan / Jussi / Hans,Ruotsin Ylitornio,John/St John,2,1
John / Jaan / Jussi / Hans,Ruovesi,Jussi,7,6
John / Jaan / Jussi / Hans,Rusko,Jussi,1,1
John / Jaan / Jussi / Hans,Räisälä,Jussi,2,2
John / Jaan / Jussi / Hans,Räpina,Ants,1,1
John / Jaan / Jussi / Hans,Räpina,Hans,1,1
John / Jaan / Jussi / Hans,Räpina,Jaan/Jaani,12,2
John / Jaan / Jussi / Hans,Räpina,John/St John,1,1
John / Jaan / Jussi / Hans,Räpina,Juhan,1,1
John / Jaan / Jussi / Hans,Rääkkylä,Jussi,4,3
John / Jaan / Jussi / Hans,Rääpyvä,John/St John,1,1
John / Jaan / Jussi / Hans,Rõngu,Hans,1,1
John / Jaan / Jussi / Hans,Rõngu,Jaan/Jaani,4,4
John / Jaan / Jussi / Hans,Rõngu,John/St John,3,3
John / Jaan / Jussi / Hans,Rõuge,Ants,6,4
John / Jaan / Jussi / Hans,Rõuge,Hans,4,1
John / Jaan / Jussi / Hans,Rõuge,Jaan/Jaani,8,4
John / Jaan / Jussi / Hans,Rõuge,John/St John,4,4
John / Jaan / Jussi / Hans,Rõuge,Jussi,1,1
John / Jaan / Jussi / Hans,Saarde,Hans,10,4
John / Jaan / Jussi / Hans,Saarde,Jaan/Jaani,3,1
John / Jaan / Jussi / Hans,Saarde,John/St John,2,1
John / Jaan / Jussi / Hans,Saarijärvi,Jussi,13,13
John / Jaan / Jussi / Hans,Sakkola,Jussi,7,4
John / Jaan / Jussi / Hans,Sangaste,Ants,6,6
John / Jaan / Jussi / Hans,Sangaste,Hans,1,1
John / Jaan / Jussi / Hans,Sangaste,Jaan/Jaani,6,3
John / Jaan / Jussi / Hans,Sangaste,John/St John,2,2
John / Jaan / Jussi / Hans,Sangaste,Juhan,2,1
John / Jaan / Jussi / Hans,Savonlinna,Jussi,5,5
John / Jaan / Jussi / Hans,Setumaa,Ants,2,1
John / Jaan / Jussi / Hans,Setumaa,Jaan/Jaani,5,3
John / Jaan / Jussi / Hans,Setumaa,John/St John,32,12
John / Jaan / Jussi / Hans,Siikajoki,Jussi,1,1
John / Jaan / Jussi / Hans,Siilinjärvi,Jussi,1,1
John / Jaan / Jussi / Hans,Simo,Jussi,1,1
John / Jaan / Jussi / Hans,Simuna,Ants,3,2
John / Jaan / Jussi / Hans,Simuna,Hans,4,3
John / Jaan / Jussi / Hans,Simuna,Jaan/Jaani,4,3
John / Jaan / Jussi / Hans,Simuna,John/St John,4,1
John / Jaan / Jussi / Hans,Simuna,Jussi,1,1
John / Jaan / Jussi / Hans,Soanlahti,Jussi,1,1
John / Jaan / Jussi / Hans,Soikkola,John/St John,4,3
John / Jaan / Jussi / Hans,Somerniemi,Jussi,1,1
John / Jaan / Jussi / Hans,Somero,John/St John,1,1
John / Jaan / Jussi / Hans,Somero,Jussi,4,3
John / Jaan / Jussi / Hans,Sonkajärvi,Jussi,4,4
John / Jaan / Jussi / Hans,Sortavala,Jussi,4,3
John / Jaan / Jussi / Hans,Sotkamo,Jussi,3,3
John / Jaan / Jussi / Hans,Soutjärvi,John/St John,1,1
John / Jaan / Jussi / Hans,Suistamo,John/St John,2,2
John / Jaan / Jussi / Hans,Suistamo,Jussi,4,3
John / Jaan / Jussi / Hans,Sulkava,Jussi,1,1
John / Jaan / Jussi / Hans,Suomusjärvi,Jussi,3,2
John / Jaan / Jussi / Hans,Suomussalmi,Jussi,1,1
John / Jaan / Jussi / Hans,Suonenjoki,John/St John,1,1
John / Jaan / Jussi / Hans,Suonenjoki,Jussi,4,3
John / Jaan / Jussi / Hans,Suure-Jaani,Ants,1,1
John / Jaan / Jussi / Hans,Suure-Jaani,Hans,4,4
John / Jaan / Jussi / Hans,Suure-Jaani,Jaan/Jaani,11,9
John / Jaan / Jussi / Hans,Suure-Jaani,John/St John,17,9
John / Jaan / Jussi / Hans,Suure-Jaani,Juhan,1,1
John / Jaan / Jussi / Hans,Suure-Jaani,Jussi,1,1
John / Jaan / Jussi / Hans,Sysmä,Jussi,4,4
John / Jaan / Jussi / Hans,Sääksmäki,Jussi,1,1
John / Jaan / Jussi / Hans,Taivassalo,Jussi,1,1
John / Jaan / Jussi / Hans,Tammela,Jussi,10,5
John / Jaan / Jussi / Hans,Tampere,Jussi,3,3
John / Jaan / Jussi / Hans,Tartu-Maarja,Hans,4,2
John / Jaan / Jussi / Hans,Tartu-Maarja,Jaan/Jaani,10,3
John / Jaan / Jussi / Hans,Tartu-Maarja,John/St John,2,1
John / Jaan / Jussi / Hans,Tartu-Maarja,Juhan,2,2
John / Jaan / Jussi / Hans,Tarvasjoki,John/St John,1,1
John / Jaan / Jussi / Hans,Tarvastu,Ants,15,7
John / Jaan / Jussi / Hans,Tarvastu,Hans,12,5
John / Jaan / Jussi / Hans,Tarvastu,Jaan/Jaani,4,3
John / Jaan / Jussi / Hans,Tarvastu,John/St John,7,5
John / Jaan / Jussi / Hans,Tarvastu,Juhan,4,2
John / Jaan / Jussi / Hans,Terijoki,Jussi,1,1
John / Jaan / Jussi / Hans,Tervo,Jussi,1,1
John / Jaan / Jussi / Hans,Tervola,John/St John,2,1
John / Jaan / Jussi / Hans,Teuva,Jussi,3,3
John / Jaan / Jussi / Hans,Tohmajärvi,Jussi,1,1
John / Jaan / Jussi / Hans,Tori,Ants,3,3
John / Jaan / Jussi / Hans,Tori,Hans,5,1
John / Jaan / Jussi / Hans,Tori,Jaan/Jaani,15,9
John / Jaan / Jussi / Hans,Tori,John/St John,5,4
John / Jaan / Jussi / Hans,Torma,Hans,1,1
John / Jaan / Jussi / Hans,Torma,Jaan/Jaani,6,4
John / Jaan / Jussi / Hans,Torma,John/St John,5,4
John / Jaan / Jussi / Hans,Torma,Jussi,1,1
John / Jaan / Jussi / Hans,Turku,John/St John,2,1
John / Jaan / Jussi / Hans,Turku,Jussi,1,1
John / Jaan / Jussi / Hans,Turtola,Jussi,4,4
John / Jaan / Jussi / Hans,Tuulos,Jussi,5,5
John / Jaan / Jussi / Hans,Tuupovaara,John/St John,1,1
John / Jaan / Jussi / Hans,Tuusniemi,Jussi,5,5
John / Jaan / Jussi / Hans,Tuusula,Jussi,3,2
John / Jaan / Jussi / Hans,Tyrväntö,Jussi,1,1
John / Jaan / Jussi / Hans,Tyrvää,Jussi,4,2
John / Jaan / Jussi / Hans,Tyrö,Jussi,1,1
John / Jaan / Jussi / Hans,Tytärsaari,Jussi,1,1
John / Jaan / Jussi / Hans,Tõstamaa,Ants,2,2
John / Jaan / Jussi / Hans,Tõstamaa,Jaan/Jaani,1,1
John / Jaan / Jussi / Hans,Tõstamaa,John/St John,3,2
John / Jaan / Jussi / Hans,Töysä,Jussi,4,3
John / Jaan / Jussi / Hans,Türi,Hans,7,4
John / Jaan / Jussi / Hans,Türi,Jaan/Jaani,3,3
John / Jaan / Jussi / Hans,Türi,John/St John,3,3
John / Jaan / Jussi / Hans,Türi,Juhan,2,1
John / Jaan / Jussi / Hans,Uhtua,Jussi,1,1
John / Jaan / Jussi / Hans,Ulvila,Jussi,1,1
John / Jaan / Jussi / Hans,Urjala,Jussi,4,4
John / Jaan / Jussi / Hans,Urvaste,Ants,4,2
John / Jaan / Jussi / Hans,Urvaste,Jaan/Jaani,3,3
John / Jaan / Jussi / Hans,Urvaste,John/St John,4,3
John / Jaan / Jussi / Hans,Urvaste,Juhan,4,2
John / Jaan / Jussi / Hans,Uskela,John/St John,1,1
John / Jaan / Jussi / Hans,Uskela,Jussi,17,14
John / Jaan / Jussi / Hans,Uusikaupunki,Jussi,2,2
John / Jaan / Jussi / Hans,Vaivara,Ants,3,2
John / Jaan / Jussi / Hans,Vaivara,Hans,2,1
John / Jaan / Jussi / Hans,Vaivara,John/St John,1,1
John / Jaan / Jussi / Hans,Vaivara,Juhan,1,1
John / Jaan / Jussi / Hans,Valjala,John/St John,1,1
John / Jaan / Jussi / Hans,Vanaja,Jussi,1,1
John / Jaan / Jussi / Hans,Varbla,Ants,2,1
John / Jaan / Jussi / Hans,Varbla,Jaan/Jaani,2,1
John / Jaan / Jussi / Hans,Varbla,John/St John,5,4
John / Jaan / Jussi / Hans,Varkaus,Jussi,5,3
John / Jaan / Jussi / Hans,Vastseliina,Ants,2,2
John / Jaan / Jussi / Hans,Vastseliina,John/St John,1,1
John / Jaan / Jussi / Hans,Vehkalahti,Jussi,1,1
John / Jaan / Jussi / Hans,Vehmaa,Jussi,1,1
John / Jaan / Jussi / Hans,Venjoki,Jussi,4,1
John / Jaan / Jussi / Hans,Vesanto,Jussi,1,1
John / Jaan / Jussi / Hans,Vesilahti,Jussi,2,2
John / Jaan / Jussi / Hans,Veteli,Jussi,1,1
John / Jaan / Jussi / Hans,Vigala,Ants,2,2
John / Jaan / Jussi / Hans,Vigala,Hans,5,4
John / Jaan / Jussi / Hans,Vigala,Jaan/Jaani,11,7
John / Jaan / Jussi / Hans,Vigala,John/St John,3,2
John / Jaan / Jussi / Hans,Vihti,Jussi,3,1
John / Jaan / Jussi / Hans,Viipuri,Jussi,1,1
John / Jaan / Jussi / Hans,Viljandi,Ants,12,6
John / Jaan / Jussi / Hans,Viljandi,Hans,23,14
John / Jaan / Jussi / Hans,Viljandi,Jaan/Jaani,13,9
John / Jaan / Jussi / Hans,Viljandi,John/St John,11,11
John / Jaan / Jussi / Hans,Viljandi,Juhan,2,2
John / Jaan / Jussi / Hans,Viljandi,Jussi,2,2
John / Jaan / Jussi / Hans,Virtasalmi,Jussi,2,2
John / Jaan / Jussi / Hans,Viru-Jaagupi,Ants,1,1
John / Jaan / Jussi / Hans,Viru-Jaagupi,Hans,1,1
John / Jaan / Jussi / Hans,Viru-Jaagupi,Jaan/Jaani,4,4
John / Jaan / Jussi / Hans,Viru-Jaagupi,John/St John,1,1
John / Jaan / Jussi / Hans,Viru-Nigula,Ants,2,2
John / Jaan / Jussi / Hans,Viru-Nigula,Hans,6,4
John / Jaan / Jussi / Hans,Viru-Nigula,Jaan/Jaani,5,5
John / Jaan / Jussi / Hans,Viru-Nigula,John/St John,1,1
John / Jaan / Jussi / Hans,Vuokkiniemi,Jussi,11,2
John / Jaan / Jussi / Hans,Vuole,Jussi,5,3
John / Jaan / Jussi / Hans,Väike-Maarja,Ants,6,1
John / Jaan / Jussi / Hans,Väike-Maarja,Hans,10,8
John / Jaan / Jussi / Hans,Väike-Maarja,Jaan/Jaani,6,6
John / Jaan / Jussi / Hans,Väike-Maarja,John/St John,1,1
John / Jaan / Jussi / Hans,Vändra,Ants,1,1
John / Jaan / Jussi / Hans,Vändra,Hans,17,10
John / Jaan / Jussi / Hans,Vändra,Jaan/Jaani,7,5
John / Jaan / Jussi / Hans,Vändra,Juhan,1,1
John / Jaan / Jussi / Hans,Võnnu,Ants,3,3
John / Jaan / Jussi / Hans,Võnnu,Hans,11,5
John / Jaan / Jussi / Hans,Võnnu,Jaan/Jaani,8,5
John / Jaan / Jussi / Hans,Võnnu,Juhan,1,1
John / Jaan / Jussi / Hans,Võnnu,Jussi,1,1
John / Jaan / Jussi / Hans,Ylihärmä,Jussi,1,1
John / Jaan / Jussi / Hans,Ylikiiminki,Jussi,1,1
John / Jaan / Jussi / Hans,Ylistaro,Jussi,2,2
John / Jaan / Jussi / Hans,Yläne,Jussi,4,2
John / Jaan / Jussi / Hans,Ypäjä,Jussi,1,1
John / Jaan / Jussi / Hans,Ähtäri,Jussi,1,1
John / Jaan / Jussi / Hans,Äksi,Ants,3,3
John / Jaan / Jussi / Hans,Äksi,Hans,1,1
John / Jaan / Jussi / Hans,Äksi,Jaan/Jaani,2,2
John / Jaan / Jussi / Hans,Äksi,John/St John,2,2
John / Jaan / Jussi / Hans,Äksi,Juhan,4,3
John / Jaan / Jussi / Hans,Östmark,John/St John,1,1
Lemminkäinen,Askainen,Lemminkäinen,2,1
Lemminkäinen,Haljala,Lemmingäinen/Lemming,2,2
Lemminkäinen,Hankasalmi,Lemmingäinen/Lemming,2,1
Lemminkäinen,Ilomantsi,Lemminkäinen,23,11
Lemminkäinen,Jyskyjärvi,Lemminkäinen,6,1
Lemminkäinen,Kesälahti,Lemminkäinen,1,1
Lemminkäinen,Kiimaisjärvi,Lemminkäinen,14,1
Lemminkäinen,Kodavere,Lemmingäinen/Lemming,1,1
Lemminkäinen,Kontokki,Lemminkäinen,8,3
Lemminkäinen,Korpiselkä,Lemminkäinen,3,2
Lemminkäinen,Kuusalu,Lemmingäinen/Lemming,13,3
Lemminkäinen,Lahti,Lemmingäinen/Lemming,1,1
Lemminkäinen,Lemu,Lemminkäinen,2,1
Lemminkäinen,Lokalahti,Lemminkäinen,2,1
Lemminkäinen,Muonio,Lemmingäinen/Lemming,2,2
Lemminkäinen,Mynämäki,Lemminkäinen,1,1
Lemminkäinen,Nilsiä,Lemminkäinen,3,1
Lemminkäinen,Pistojärvi,Lemminkäinen,1,1
Lemminkäinen,Porajärvi,Lemminkäinen,30,6
Lemminkäinen,Raisio,Lemminkäinen,1,1
Lemminkäinen,Repola,Lemmingäinen/Lemming,11,4
Lemminkäinen,Repola,Lemminkäinen,33,9
Lemminkäinen,Rukajärvi,Lemmingäinen/Lemming,2,1
Lemminkäinen,Saarijärvi,Lemminkäinen,18,1
Lemminkäinen,Salmi,Lemminkäinen,1,1
Lemminkäinen,Soanlahti,Lemminkäinen,10,3
Lemminkäinen,Somerniemi,Lemmingäinen/Lemming,3,2
Lemminkäinen,Suistamo,Lemmingäinen/Lemming,30,6
Lemminkäinen,Suistamo,Lemminkäinen,40,11
Lemminkäinen,Suojärvi,Lemmingäinen/Lemming,2,1
Lemminkäinen,Suojärvi,Lemminkäinen,8,2
Lemminkäinen,Taivassalo,Lemminkäinen,2,2
Lemminkäinen,Tulemajärvi,Lemminkäinen,1,1
Lemminkäinen,Uhtua,Lemminkäinen,1,1
Lemminkäinen,Uusikirkko Tl.,Lemminkäinen,4,2
Lemminkäinen,Vuokkiniemi,Lemminkäinen,5,3
Lemminkäinen,Vuole,Lemminkäinen,1,1
Martin / Mart / Märt,Ambla,Mardi/Mard,4,2
Martin / Mart / Märt,Ambla,Mart/Marti,3,2
Martin / Mart / Märt,Ambla,Martin,44,9
Martin / Mart / Märt,Anseküla,Mardi/Mard,1,1
Martin / Mart / Märt,Anseküla,Mart/Marti,3,2
Martin / Mart / Märt,Audru,Mart/Marti,8,2
Martin / Mart / Märt,Audru,Martin,11,1
Martin / Mart / Märt,Audru,Märt/Märti,6,1
Martin / Mart / Märt,Hageri,Mart/Marti,1,1
Martin / Mart / Märt,Hageri,Martin,15,2
Martin / Mart / Märt,Halikko,Martin,1,1
Martin / Mart / Märt,Haljala,Mardi/Mard,17,2
Martin / Mart / Märt,Haljala,Mart/Marti,22,6
Martin / Mart / Märt,Haljala,Martin,36,6
Martin / Mart / Märt,Halliste,Mardi/Mard,10,2
Martin / Mart / Märt,Halliste,Mart/Marti,31,2
Martin / Mart / Märt,Halliste,Martin,40,3
Martin / Mart / Märt,Halliste,Märt/Märti,104,12
Martin / Mart / Märt,Hanila,Mardi/Mard,5,3
Martin / Mart / Märt,Hanila,Mart/Marti,2,1
Martin / Mart / Märt,Hargla,Martin,3,1
Martin / Mart / Märt,Harju-Jaani,Mardi/Mard,1,1
Martin / Mart / Märt,Harju-Jaani,Mart/Marti,2,2
Martin / Mart / Märt,Harju-Jaani,Martin,13,2
Martin / Mart / Märt,Haukipudas,Martin,1,1
Martin / Mart / Märt,Helme,Mardi/Mard,8,1
Martin / Mart / Märt,Helme,Mart/Marti,5,2
Martin / Mart / Märt,Helme,Martin,70,1
Martin / Mart / Märt,Helme,Märt/Märti,133,6
Martin / Mart / Märt,Hietamäki,Martin,1,1
Martin / Mart / Märt,Hiitola,Martin,1,1
Martin / Mart / Märt,Häädemeeste,Mardi/Mard,16,4
Martin / Mart / Märt,Häädemeeste,Martin,8,3
Martin / Mart / Märt,Iisaku,Mardi/Mard,1,1
Martin / Mart / Märt,Iisaku,Mart/Marti,5,1
Martin / Mart / Märt,Iisaku,Martin,5,2
Martin / Mart / Märt,Iisalmi,Martin,2,1
Martin / Mart / Märt,Jaani,Mart/Marti,1,1
Martin / Mart / Märt,Juuru,Mardi/Mard,2,1
Martin / Mart / Märt,Juuru,Mart/Marti,2,1
Martin / Mart / Märt,Järva-Jaani,Mart/Marti,4,3
Martin / Mart / Märt,Järva-Jaani,Märt/Märti,1,1
Martin / Mart / Märt,Järva-Madise,Mardi/Mard,12,5
Martin / Mart / Märt,Järva-Madise,Mart/Marti,10,4
Martin / Mart / Märt,Järva-Madise,Martin,2,2
Martin / Mart / Märt,Jõelähtme,Mardi/Mard,1,1
Martin / Mart / Märt,Jõelähtme,Mart/Marti,4,1
Martin / Mart / Märt,Jõelähtme,Martin,7,3
Martin / Mart / Märt,Jõhvi,Mardi/Mard,1,1
Martin / Mart / Märt,Jõhvi,Mart/Marti,10,4
Martin / Mart / Märt,Jõhvi,Martin,17,3
Martin / Mart / Märt,Jüri,Mart/Marti,1,1
Martin / Mart / Märt,Jüri,Martin,1,1
Martin / Mart / Märt,Kaarma,Mart/Marti,2,1
Martin / Mart / Märt,Kaarma,Martin,6,1
Martin / Mart / Märt,Kadrina,Mart/Marti,3,2
Martin / Mart / Märt,Kadrina,Martin,2,1
Martin / Mart / Märt,Kadrina,Märt/Märti,3,1
Martin / Mart / Märt,Kambja,Märt/Märti,13,2
Martin / Mart / Märt,Kanepi,Mardi/Mard,1,1
Martin / Mart / Märt,Kanepi,Martin,4,1
Martin / Mart / Märt,Kanepi,Märt/Märti,2,2
Martin / Mart / Märt,Kaprio,Martin,1,1
Martin / Mart / Märt,Karksi,Mardi/Mard,17,3
Martin / Mart / Märt,Karksi,Mart/Marti,40,2
Martin / Mart / Märt,Karksi,Martin,4,2
Martin / Mart / Märt,Karksi,Märt/Märti,18,6
Martin / Mart / Märt,Karuse,Mardi/Mard,5,4
Martin / Mart / Märt,Karuse,Mart/Marti,30,2
Martin / Mart / Märt,Karuse,Martin,13,3
Martin / Mart / Märt,Kattila,Martin,1,1
Martin / Mart / Märt,Keila,Mardi/Mard,3,1
Martin / Mart / Märt,Keila,Mart/Marti,5,2
Martin / Mart / Märt,Keila,Martin,2,1
Martin / Mart / Märt,Keila,Märt/Märti,1,1
Martin / Mart / Märt,Kestilä,Martin,1,1
Martin / Mart / Märt,Kiestinki,Martin,1,1
Martin / Mart / Märt,Kirbla,Märt/Märti,1,1
Martin / Mart / Märt,Kiuruvesi,Martin,2,2
Martin / Mart / Märt,Kivijärvi,Martin,2,2
Martin / Mart / Märt,Kodavere,Mart/Marti,1,1
Martin / Mart / Märt,Kodavere,Martin,2,1
Martin / Mart / Märt,Kodavere,Märt/Märti,27,4
Martin / Mart / Märt,Koeru,Mardi/Mard,7,3
Martin / Mart / Märt,Koeru,Mart/Marti,4,2
Martin / Mart / Märt,Koivisto,Martin,1,1
Martin / Mart / Märt,Kolga-Jaani,Martin,4,1
Martin / Mart / Märt,Kolga-Jaani,Märt/Märti,11,4
Martin / Mart / Märt,Kontokki,Martin,1,1
Martin / Mart / Märt,Kose,Mardi/Mard,3,1
Martin / Mart / Märt,Kose,Mart/Marti,7,5
Martin / Mart / Märt,Kuhmo,Martin,1,1
Martin / Mart / Märt,Kullamaa,Mardi/Mard,1,1
Martin / Mart / Märt,Kullamaa,Mart/Marti,2,2
Martin / Mart / Märt,Kullamaa,Martin,2,1
Martin / Mart / Märt,Kursi,Mardi/Mard,3,2
Martin / Mart / Märt,Kursi,Mart/Marti,4,2
Martin / Mart / Märt,Kursi,Märt/Märti,1,1
Martin / Mart / Märt,Kuusalu,Mardi/Mard,1,1
Martin / Mart / Märt,Kuusalu,Mart/Marti,19,5
Martin / Mart / Märt,Kuusalu,Martin,11,7
Martin / Mart / Märt,Käina,Mart/Marti,2,2
Martin / Mart / Märt,Käina,Martin,1,1
Martin / Mart / Märt,Kärla,Mart/Marti,3,2
Martin / Mart / Märt,Kõpu,Mardi/Mard,4,1
Martin / Mart / Märt,Kõpu,Mart/Marti,2,2
Martin / Mart / Märt,Kõpu,Martin,3,1
Martin / Mart / Märt,Kõpu,Märt/Märti,5,3
Martin / Mart / Märt,Laiuse,Mardi/Mard,7,3
Martin / Mart / Märt,Laiuse,Mart/Marti,4,4
Martin / Mart / Märt,Laiuse,Martin,2,2
Martin / Mart / Märt,Laiuse,Märt/Märti,2,1
Martin / Mart / Märt,Lempaala,Martin,3,2
Martin / Mart / Märt,Liissilä,Martin,1,1
Martin / Mart / Märt,Loppi,Martin,1,1
Martin / Mart / Märt,Lääne-Nigula,Mardi/Mard,1,1
Martin / Mart / Märt,Lääne-Nigula,Mart/Marti,2,2
Martin / Mart / Märt,Lüganuse,Mardi/Mard,5,2
Martin / Mart / Märt,Lüganuse,Mart/Marti,6,4
Martin / Mart / Märt,Maaninka,Martin,1,1
Martin / Mart / Märt,Maarja-Magdaleena,Martin,1,1
Martin / Mart / Märt,Maarja-Magdaleena,Märt/Märti,9,2
Martin / Mart / Märt,Martna,Mardi/Mard,2,1
Martin / Mart / Märt,Martna,Mart/Marti,2,1
Martin / Mart / Märt,Martna,Martin,2,1
Martin / Mart / Märt,Metsäpirtti,Martin,1,1
Martin / Mart / Märt,Mihkli,Mardi/Mard,6,1
Martin / Mart / Märt,Mihkli,Mart/Marti,7,1
Martin / Mart / Märt,Mihkli,Martin,4,1
Martin / Mart / Märt,Miikkulainen,Martin,1,1
Martin / Mart / Märt,Muhos,Martin,1,1
Martin / Mart / Märt,Mustjala,Mardi/Mard,1,1
Martin / Mart / Märt,Mustjala,Mart/Marti,3,1
Martin / Mart / Märt,Mäntyharju,Martin,1,1
Martin / Mart / Märt,Märjamaa,Mardi/Mard,2,2
Martin / Mart / Märt,Märjamaa,Mart/Marti,5,3
Martin / Mart / Märt,Märjamaa,Martin,4,2
Martin / Mart / Märt,Narvusi,Mart/Marti,2,1
Martin / Mart / Märt,Narvusi,Martin,2,1
Martin / Mart / Märt,Nissi,Martin,2,1
Martin / Mart / Märt,Nurmes,Martin,2,2
Martin / Mart / Märt,Nõo,Mardi/Mard,3,1
Martin / Mart / Märt,Nõo,Märt/Märti,4,1
Martin / Mart / Märt,Orimattila,Martin,1,1
Martin / Mart / Märt,Paide,Mardi/Mard,3,1
Martin / Mart / Märt,Paide,Mart/Marti,1,1
Martin / Mart / Märt,Paistu,Mardi/Mard,2,1
Martin / Mart / Märt,Paistu,Mart/Marti,5,2
Martin / Mart / Märt,Paistu,Martin,55,1
Martin / Mart / Märt,Paistu,Märt/Märti,50,5
Martin / Mart / Märt,Palamuse,Mardi/Mard,7,2
Martin / Mart / Märt,Palamuse,Mart/Marti,1,1
Martin / Mart / Märt,Palamuse,Martin,60,4
Martin / Mart / Märt,Palamuse,Märt/Märti,1,1
Martin / Mart / Märt,Paltamo,Martin,1,1
Martin / Mart / Märt,Peetri,Mardi/Mard,5,2
Martin / Mart / Märt,Peetri,Mart/Marti,5,5
Martin / Mart / Märt,Peetri,Martin,2,2
Martin / Mart / Märt,Pielavesi,Martin,1,1
Martin / Mart / Märt,Pihtipudas,Martin,1,1
Martin / Mart / Märt,Piippola,Martin,1,1
Martin / Mart / Märt,Pilistvere,Mardi/Mard,1,1
Martin / Mart / Märt,Pilistvere,Mart/Marti,8,4
Martin / Mart / Märt,Pilistvere,Martin,26,4
Martin / Mart / Märt,Pudasjärvi,Martin,2,2
Martin / Mart / Märt,Puhja,Mardi/Mard,3,2
Martin / Mart / Märt,Puolanka,Martin,1,1
Martin / Mart / Märt,Pusula,Martin,1,1
Martin / Mart / Märt,Puumala,Mart/Marti,1,1
Martin / Mart / Märt,Pyhäjärvi Ol.,Martin,1,1
Martin / Mart / Märt,Pyhäjärvi Vpl.,Martin,2,1
Martin / Mart / Märt,Pärnu,Mardi/Mard,15,3
Martin / Mart / Märt,Pärnu,Mart/Marti,10,3
Martin / Mart / Märt,Pärnu,Martin,28,4
Martin / Mart / Märt,Pärnu-Jaagupi,Mardi/Mard,21,7
Martin / Mart / Märt,Pärnu-Jaagupi,Mart/Marti,6,4
Martin / Mart / Märt,Pärnu-Jaagupi,Martin,13,6
Martin / Mart / Märt,Põltsamaa,Mardi/Mard,2,1
Martin / Mart / Märt,Põltsamaa,Mart/Marti,6,3
Martin / Mart / Märt,Põltsamaa,Martin,17,6
Martin / Mart / Märt,Põlva,Märt/Märti,6,3
Martin / Mart / Märt,Pöide,Mardi/Mard,2,1
Martin / Mart / Märt,Pöide,Mart/Marti,1,1
Martin / Mart / Märt,Pöide,Martin,1,1
Martin / Mart / Märt,Pöide,Märt/Märti,2,2
Martin / Mart / Märt,Pühalepa,Mart/Marti,1,1
Martin / Mart / Märt,Rakvere,Mardi/Mard,1,1
Martin / Mart / Märt,Rakvere,Martin,1,1
Martin / Mart / Märt,Rannu,Martin,8,1
Martin / Mart / Märt,Rapla,Mardi/Mard,3,1
Martin / Mart / Märt,Rapla,Mart/Marti,18,1
Martin / Mart / Märt,Reigi,Mart/Marti,3,1
Martin / Mart / Märt,Ridala,Mardi/Mard,12,1
Martin / Mart / Märt,Risti,Mardi/Mard,2,1
Martin / Mart / Märt,Risti,Martin,1,1
Martin / Mart / Märt,Räpina,Martin,14,4
Martin / Mart / Märt,Räpina,Märt/Märti,9,1
Martin / Mart / Märt,Rõngu,Mardi/Mard,14,2
Martin / Mart / Märt,Rõngu,Märt/Märti,40,3
Martin / Mart / Märt,Saarde,Mardi/Mard,11,3
Martin / Mart / Märt,Saarde,Mart/Marti,38,5
Martin / Mart / Märt,Saarde,Martin,18,6
Martin / Mart / Märt,Saarde,Märt/Märti,3,1
Martin / Mart / Märt,Sangaste,Martin,3,2
Martin / Mart / Märt,Sangaste,Märt/Märti,15,3
Martin / Mart / Märt,Serepetta,Martin,1,1
Martin / Mart / Märt,Setumaa,Martin,13,2
Martin / Mart / Märt,Setumaa,Märt/Märti,1,1
Martin / Mart / Märt,Simuna,Mart/Marti,3,1
Martin / Mart / Märt,Simuna,Martin,9,1
Martin / Mart / Märt,Soikkola,Martin,1,1
Martin / Mart / Märt,Soutjärvi,Mardi/Mard,1,1
Martin / Mart / Märt,Suure-Jaani,Mardi/Mard,3,1
Martin / Mart / Märt,Suure-Jaani,Mart/Marti,60,4
Martin / Mart / Märt,Suure-Jaani,Martin,37,6
Martin / Mart / Märt,Suure-Jaani,Märt/Märti,23,5
Martin / Mart / Märt,Taivalkoski,Martin,1,1
Martin / Mart / Märt,Tartu-Maarja,Mardi/Mard,3,1
Martin / Mart / Märt,Tartu-Maarja,Märt/Märti,3,3
Martin / Mart / Märt,Tarvastu,Mardi/Mard,1,1
Martin / Mart / Märt,Tarvastu,Martin,5,1
Martin / Mart / Märt,Tarvastu,Märt/Märti,188,8
Martin / Mart / Märt,Tervo,Martin,2,2
Martin / Mart / Märt,Teuva,Martin,1,1
Martin / Mart / Märt,Toksova,Martin,1,1
Martin / Mart / Märt,Tori,Mardi/Mard,2,1
Martin / Mart / Märt,Tori,Mart/Marti,20,4
Martin / Mart / Märt,Tori,Martin,30,3
Martin / Mart / Märt,Tori,Märt/Märti,1,1
Martin / Mart / Märt,Torma,Mardi/Mard,1,1
Martin / Mart / Märt,Torma,Mart/Marti,3,1
Martin / Mart / Märt,Torma,Martin,184,4
Martin / Mart / Märt,Tytärsaari,Martin,2,1
Martin / Mart / Märt,Tõstamaa,Mardi/Mard,4,3
Martin / Mart / Märt,Tõstamaa,Mart/Marti,37,5
Martin / Mart / Märt,Tõstamaa,Martin,14,6
Martin / Mart / Märt,Türi,Mardi/Mard,3,1
Martin / Mart / Märt,Türi,Mart/Marti,9,6
Martin / Mart / Märt,Urvaste,Martin,13,4
Martin / Mart / Märt,Urvaste,Märt/Märti,68,7
Martin / Mart / Märt,Vaivara,Mart/Marti,2,2
Martin / Mart / Märt,Vaivara,Martin,8,2
Martin / Mart / Märt,Valtimo,Martin,1,1
Martin / Mart / Märt,Varbla,Mardi/Mard,8,2
Martin / Mart / Märt,Varbla,Mart/Marti,24,5
Martin / Mart / Märt,Varbla,Martin,29,3
Martin / Mart / Märt,Vieremä,Martin,2,2
Martin / Mart / Märt,Vigala,Mardi/Mard,20,4
Martin / Mart / Märt,Vigala,Mart/Marti,4,1
Martin / Mart / Märt,Vigala,Martin,1,1
Martin / Mart / Märt,Viitasaari,Martin,1,1
Martin / Mart / Märt,Viljandi,Mardi/Mard,2,1
Martin / Mart / Märt,Viljandi,Martin,8,2
Martin / Mart / Märt,Viljandi,Märt/Märti,56,5
Martin / Mart / Märt,Viru-Jaagupi,Mardi/Mard,3,1
Martin / Mart / Märt,Viru-Jaagupi,Martin,22,5
Martin / Mart / Märt,Viru-Nigula,Mardi/Mard,14,4
Martin / Mart / Märt,Viru-Nigula,Mart/Marti,4,2
Martin / Mart / Märt,Viru-Nigula,Martin,26,9
Martin / Mart / Märt,Viru-Nigula,Märt/Märti,1,1
Martin / Mart / Märt,Vuole,Martin,2,2
Martin / Mart / Märt,Väike-Maarja,Mardi/Mard,18,4
Martin / Mart / Märt,Väike-Maarja,Mart/Marti,10,4
Martin / Mart / Märt,Väike-Maarja,Martin,34,8
Martin / Mart / Märt,Vändra,Mardi/Mard,7,3
Martin / Mart / Märt,Vändra,Mart/Marti,33,5
Martin / Mart / Märt,Vändra,Martin,40,7
Martin / Mart / Märt,Võnnu,Märt/Märti,31,4
Martin / Mart / Märt,Äksi,Märt/Märti,40,4
Mary / Maria / Maarja / Mari,Alastaro,Maija/Maie,2,1
Mary / Maria / Maarja / Mari,Alatornio,Maija/Maie,4,4
Mary / Maria / Maarja / Mari,Alatornio,Mary,1,1
Mary / Maria / Maarja / Mari,Alavus,Maija/Maie,2,1
Mary / Maria / Maarja / Mari,Alavus,Mary,2,2
Mary / Maria / Maarja / Mari,Ambla,Maija/Maie,5,3
Mary / Maria / Maarja / Mari,Ambla,Mari,2,2
Mary / Maria / Maarja / Mari,Ambla,Mary,7,6
Mary / Maria / Maarja / Mari,Asikkala,Maija/Maie,8,8
Mary / Maria / Maarja / Mari,Asikkala,Mary,2,2
Mary / Maria / Maarja / Mari,Audru,Maija/Maie,3,1
Mary / Maria / Maarja / Mari,Audru,Mari,12,3
Mary / Maria / Maarja / Mari,Audru,Mary,1,1
Mary / Maria / Maarja / Mari,Brandval,Mary,2,1
Mary / Maria / Maarja / Mari,Elimäki,Maija/Maie,1,1
Mary / Maria / Maarja / Mari,Emmaste,Mary,1,1
Mary / Maria / Maarja / Mari,Eno,Mari,1,1
Mary / Maria / Maarja / Mari,Eno,Mary,1,1
Mary / Maria / Maarja / Mari,Enontekiö,Maija/Maie,1,1
Mary / Maria / Maarja / Mari,Eräjärvi,Maija/Maie,1,1
Mary / Maria / Maarja / Mari,Eräjärvi,Mary,1,1
Mary / Maria / Maarja / Mari,Eura,Maija/Maie,1,1
Mary / Maria / Maarja / Mari,Evijärvi,Maija/Maie,1,1
Mary / Maria / Maarja / Mari,Evijärvi,Mary,1,1
Mary / Maria / Maarja / Mari,Forssa,Mary,1,1
Mary / Maria / Maarja / Mari,Grue Finnskog,Maria/Maaria,1,1
Mary / Maria / Maarja / Mari,Hailuoto,Maija/Maie,1,1
Mary / Maria / Maarja / Mari,Hailuoto,Maria/Maaria,2,1
Mary / Maria / Maarja / Mari,Hailuoto,Mary,1,1
Mary / Maria / Maarja / Mari,Halikko,Maija/Maie,5,4
Mary / Maria / Maarja / Mari,Haljala,Maija/Maie,15,9
Mary / Maria / Maarja / Mari,Haljala,Mari,18,11
Mary / Maria / Maarja / Mari,Haljala,Mary,14,12
Mary / Maria / Maarja / Mari,Halliste,Maija/Maie,5,4
Mary / Maria / Maarja / Mari,Halliste,Mari,9,8
Mary / Maria / Maarja / Mari,Halliste,Maria/Maaria,5,2
Mary / Maria / Maarja / Mari,Halliste,Mary,26,22
Mary / Maria / Maarja / Mari,Halsua,Maija/Maie,1,1
Mary / Maria / Maarja / Mari,Hanila,Mari,1,1
Mary / Maria / Maarja / Mari,Hanila,Mary,3,3
Mary / Maria / Maarja / Mari,Hargla,Mari,2,1
Mary / Maria / Maarja / Mari,Hargla,Mary,1,1
Mary / Maria / Maarja / Mari,Harju-Jaani,Maija/Maie,1,1
Mary / Maria / Maarja / Mari,Harju-Jaani,Mari,13,7
Mary / Maria / Maarja / Mari,Harju-Jaani,Maria/Maaria,1,1
Mary / Maria / Maarja / Mari,Harju-Jaani,Mary,6,5
Mary / Maria / Maarja / Mari,Harju-Madise,Mari,3,1
Mary / Maria / Maarja / Mari,Harlu,Maria/Maaria,1,1
Mary / Maria / Maarja / Mari,Harlu,Mary,1,1
Mary / Maria / Maarja / Mari,Hartola,Maija/Maie,1,1
Mary / Maria / Maarja / Mari,Hattula,Maija/Maie,9,7
Mary / Maria / Maarja / Mari,Hattula,Maria/Maaria,1,1
Mary / Maria / Maarja / Mari,Hattula,Mary,3,2
Mary / Maria / Maarja / Mari,Hauho,Maija/Maie,1,1
Mary / Maria / Maarja / Mari,Hauho,Maria/Maaria,1,1
Mary / Maria / Maarja / Mari,Hauho,Mary,3,3
Mary / Maria / Maarja / Mari,Haukivuori,Mary,1,1
Mary / Maria / Maarja / Mari,Hausjärvi,Maija/Maie,5,5
Mary / Maria / Maarja / Mari,Hausjärvi,Mary,1,1
Mary / Maria / Maarja / Mari,Heinjoki,Mari,1,1
Mary / Maria / Maarja / Mari,Helme,Maija/Maie,12,5
Mary / Maria / Maarja / Mari,Helme,Mari,5,4
Mary / Maria / Maarja / Mari,Helme,Mary,32,20
Mary / Maria / Maarja / Mari,Hietamäki,Maija/Maie,2,2
Mary / Maria / Maarja / Mari,Hietamäki,Mari,1,1
Mary / Maria / Maarja / Mari,Hiitola,Mary,1,1
Mary / Maria / Maarja / Mari,Hirvensalmi,Mary,1,1
Mary / Maria / Maarja / Mari,Hollola,Maija/Maie,5,4
Mary / Maria / Maarja / Mari,Hollola,Mary,1,1
Mary / Maria / Maarja / Mari,Huittinen,Maria/Maaria,6,2
Mary / Maria / Maarja / Mari,Huittinen,Mary,2,2
Mary / Maria / Maarja / Mari,Humppila,Maija/Maie,2,2
Mary / Maria / Maarja / Mari,Humppila,Mary,5,3
Mary / Maria / Maarja / Mari,Hyvinkää,Maija/Maie,3,3
Mary / Maria / Maarja / Mari,Hyvinkää,Mary,1,1
Mary / Maria / Maarja / Mari,Hämeenkyrö,Maija/Maie,3,2
Mary / Maria / Maarja / Mari,Hämeenlinna,Maija/Maie,3,2
Mary / Maria / Maarja / Mari,Hämeenlinna,Mary,2,1
Mary / Maria / Maarja / Mari,Häädemeeste,Maija/Maie,1,1
Mary / Maria / Maarja / Mari,Häädemeeste,Mari,11,7
Mary / Maria / Maarja / Mari,Häädemeeste,Mary,5,3
Mary / Maria / Maarja / Mari,Iisaku,Maija/Maie,3,2
Mary / Maria / Maarja / Mari,Iisaku,Mari,5,4
Mary / Maria / Maarja / Mari,Iisaku,Mary,3,1
Mary / Maria / Maarja / Mari,Iisalmi,Maria/Maaria,1,1
Mary / Maria / Maarja / Mari,Iisalmi,Mary,8,7
Mary / Maria / Maarja / Mari,Iitti,Maija/Maie,1,1
Mary / Maria / Maarja / Mari,Ilmajoki,Mary,2,2
Mary / Maria / Maarja / Mari,Ilomantsi,Maija/Maie,3,3
Mary / Maria / Maarja / Mari,Ilomantsi,Maria/Maaria,1,1
Mary / Maria / Maarja / Mari,Ilomantsi,Mary,27,23
Mary / Maria / Maarja / Mari,Impilahti,Maria/Maaria,4,3
Mary / Maria / Maarja / Mari,Impilahti,Mary,12,11
Mary / Maria / Maarja / Mari,Inkere,Mari,1,1
Mary / Maria / Maarja / Mari,Isojoki,Mary,3,2
Mary / Maria / Maarja / Mari,Jaakkima,Maija/Maie,1,1
Mary / Maria / Maarja / Mari,Jaani,Maija/Maie,4,1
Mary / Maria / Maarja / Mari,Jaani,Mari,1,1
Mary / Maria / Maarja / Mari,Jaani,Mary,1,1
Mary / Maria / Maarja / Mari,Jalasjärvi,Maria/Maaria,1,1
Mary / Maria / Maarja / Mari,Jalasjärvi,Mary,1,1
Mary / Maria / Maarja / Mari,Janakkala,Maija/Maie,8,8
Mary / Maria / Maarja / Mari,Janakkala,Mary,1,1
Mary / Maria / Maarja / Mari,Joensuu,Mary,1,1
Mary / Maria / Maarja / Mari,Jokioinen,Maija/Maie,2,1
Mary / Maria / Maarja / Mari,Jokioinen,Maria/Maaria,2,1
Mary / Maria / Maarja / Mari,Jokioinen,Mary,2,2
Mary / Maria / Maarja / Mari,Joroinen,Mary,3,3
Mary / Maria / Maarja / Mari,Joutsa,Maria/Maaria,1,1
Mary / Maria / Maarja / Mari,Joutsa,Mary,2,2
Mary / Maria / Maarja / Mari,Jurva,Mary,1,1
Mary / Maria / Maarja / Mari,Juuka,Mary,4,4
Mary / Maria / Maarja / Mari,Juuru,Mari,1,1
Mary / Maria / Maarja / Mari,Juuru,Mary,1,1
Mary / Maria / Maarja / Mari,Juva,Maija/Maie,2,2
Mary / Maria / Maarja / Mari,Juva,Maria/Maaria,1,1
Mary / Maria / Maarja / Mari,Juva,Mary,19,18
Mary / Maria / Maarja / Mari,Jällivaara,Maria/Maaria,1,1
Mary / Maria / Maarja / Mari,Jällivaara,Mary,1,1
Mary / Maria / Maarja / Mari,Jämaja,Mari,1,1
Mary / Maria / Maarja / Mari,Jämijärvi,Mary,1,1
Mary / Maria / Maarja / Mari,Jämsä,Mary,1,1
Mary / Maria / Maarja / Mari,Jäppilä,Maija/Maie,1,1
Mary / Maria / Maarja / Mari,Järva-Jaani,Maija/Maie,1,1
Mary / Maria / Maarja / Mari,Järva-Jaani,Mari,4,3
Mary / Maria / Maarja / Mari,Järva-Jaani,Mary,12,7
Mary / Maria / Maarja / Mari,Järva-Madise,Maija/Maie,1,1
Mary / Maria / Maarja / Mari,Järva-Madise,Mari,1,1
Mary / Maria / Maarja / Mari,Järva-Madise,Mary,1,1
Mary / Maria / Maarja / Mari,Jääski,Maija/Maie,1,1
Mary / Maria / Maarja / Mari,Jõelähtme,Maija/Maie,3,1
Mary / Maria / Maarja / Mari,Jõelähtme,Mari,3,3
Mary / Maria / Maarja / Mari,Jõelähtme,Mary,6,2
Mary / Maria / Maarja / Mari,Jõhvi,Maija/Maie,6,3
Mary / Maria / Maarja / Mari,Jõhvi,Mari,28,14
Mary / Maria / Maarja / Mari,Jõhvi,Maria/Maaria,1,1
Mary / Maria / Maarja / Mari,Jõhvi,Mary,14,13
Mary / Maria / Maarja / Mari,Jüri,Mari,9,6
Mary / Maria / Maarja / Mari,Jüri,Maria/Maaria,1,1
Mary / Maria / Maarja / Mari,Jüri,Mary,6,6
Mary / Maria / Maarja / Mari,Kaarma,Mary,1,1
Mary / Maria / Maarja / Mari,Kaavi,Maija/Maie,1,1
Mary / Maria / Maarja / Mari,Kaavi,Mary,10,9
Mary / Maria / Maarja / Mari,Kadrina,Maija/Maie,10,4
Mary / Maria / Maarja / Mari,Kadrina,Mari,18,14
Mary / Maria / Maarja / Mari,Kadrina,Maria/Maaria,3,3
Mary / Maria / Maarja / Mari,Kadrina,Mary,24,14
Mary / Maria / Maarja / Mari,Kalajoki,Maija/Maie,3,2
Mary / Maria / Maarja / Mari,Kalajoki,Mary,2,1
Mary / Maria / Maarja / Mari,Kalvola,Maija/Maie,1,1
Mary / Maria / Maarja / Mari,Kalvola,Mary,2,2
Mary / Maria / Maarja / Mari,Kambja,Mary,2,2
Mary / Maria / Maarja / Mari,Kanepi,Maija/Maie,1,1
Mary / Maria / Maarja / Mari,Kanepi,Mari,1,1
Mary / Maria / Maarja / Mari,Kanepi,Mary,3,3
Mary / Maria / Maarja / Mari,Kangasniemi,Maija/Maie,4,3
Mary / Maria / Maarja / Mari,Kangasniemi,Maria/Maaria,1,1
Mary / Maria / Maarja / Mari,Kangasniemi,Mary,1,1
Mary / Maria / Maarja / Mari,Kankaanpää,Mary,5,4
Mary / Maria / Maarja / Mari,Kaprio,Maija/Maie,3,2
Mary / Maria / Maarja / Mari,Kaprio,Mari,4,1
Mary / Maria / Maarja / Mari,Kaprio,Mary,30,17
Mary / Maria / Maarja / Mari,Karinainen,Maija/Maie,1,1
Mary / Maria / Maarja / Mari,Karja,Mary,1,1
Mary / Maria / Maarja / Mari,Karkku,Maija/Maie,1,1
Mary / Maria / Maarja / Mari,Karksi,Maija/Maie,16,9
Mary / Maria / Maarja / Mari,Karksi,Mari,26,11
Mary / Maria / Maarja / Mari,Karksi,Maria/Maaria,5,2
Mary / Maria / Maarja / Mari,Karksi,Mary,68,47
Mary / Maria / Maarja / Mari,Karula,Maija/Maie,2,2
Mary / Maria / Maarja / Mari,Karula,Mari,4,1
Mary / Maria / Maarja / Mari,Karuna,Maija/Maie,3,2
Mary / Maria / Maarja / Mari,Karunki,Maija/Maie,1,1
Mary / Maria / Maarja / Mari,Karuse,Mari,12,5
Mary / Maria / Maarja / Mari,Karuse,Mary,6,5
Mary / Maria / Maarja / Mari,Karvia,Maija/Maie,2,2
Mary / Maria / Maarja / Mari,Kattila,Maria/Maaria,1,1
Mary / Maria / Maarja / Mari,Kattila,Mary,3,3
Mary / Maria / Maarja / Mari,Kauhajoki,Maija/Maie,1,1
Mary / Maria / Maarja / Mari,Kauhajoki,Mary,1,1
Mary / Maria / Maarja / Mari,Kauhava,Maija/Maie,4,4
Mary / Maria / Maarja / Mari,Kauhava,Mary,6,3
Mary / Maria / Maarja / Mari,Kaukola,Maija/Maie,1,1
Mary / Maria / Maarja / Mari,Kaustinen,Maija/Maie,1,1
Mary / Maria / Maarja / Mari,Kaustinen,Maria/Maaria,1,1
Mary / Maria / Maarja / Mari,Kauvatsa,Maija/Maie,3,3
Mary / Maria / Maarja / Mari,Keltto,Mary,2,2
Mary / Maria / Maarja / Mari,Kemi,Maija/Maie,1,1
Mary / Maria / Maarja / Mari,Kemi,Mary,1,1
Mary / Maria / Maarja / Mari,Kemijärvi,Maija/Maie,2,2
Mary / Maria / Maarja / Mari,Kemijärvi,Mary,2,2
Mary / Maria / Maarja / Mari,Kerimäki,Mary,2,1
Mary / Maria / Maarja / Mari,Kestilä,Mary,2,2
Mary / Maria / Maarja / Mari,Kesälahti,Mary,4,3
Mary / Maria / Maarja / Mari,Kiestinki,Mary,2,1
Mary / Maria / Maarja / Mari,Kihelkonna,Mari,1,1
Mary / Maria / Maarja / Mari,Kihelkonna,Mary,1,1
Mary / Maria / Maarja / Mari,Kihnu,Maija/Maie,2,2
Mary / Maria / Maarja / Mari,Kihnu,Mari,5,5
Mary / Maria / Maarja / Mari,Kiihtelysvaara,Maija/Maie,1,1
Mary / Maria / Maarja / Mari,Kiihtelysvaara,Mary,3,3
Mary / Maria / Maarja / Mari,Kiimaisjärvi,Mary,2,2
Mary / Maria / Maarja / Mari,Kitee,Mari,1,1
Mary / Maria / Maarja / Mari,Kitee,Mary,16,14
Mary / Maria / Maarja / Mari,Kittilä,Maija/Maie,1,1
Mary / Maria / Maarja / Mari,Kittilä,Mary,1,1
Mary / Maria / Maarja / Mari,Kiuruvesi,Maija/Maie,2,2
Mary / Maria / Maarja / Mari,Kiuruvesi,Maria/Maaria,3,2
Mary / Maria / Maarja / Mari,Kiuruvesi,Mary,10,5
Mary / Maria / Maarja / Mari,Kivennapa,Maija/Maie,3,3
Mary / Maria / Maarja / Mari,Kivennapa,Mari,5,2
Mary / Maria / Maarja / Mari,Kivennapa,Mary,9,4
Mary / Maria / Maarja / Mari,Kivijärvi,Mary,4,4
Mary / Maria / Maarja / Mari,Kodavere,Maija/Maie,19,4
Mary / Maria / Maarja / Mari,Kodavere,Mari,2,1
Mary / Maria / Maarja / Mari,Kodavere,Mary,7,6
Mary / Maria / Maarja / Mari,Koeru,Maija/Maie,1,1
Mary / Maria / Maarja / Mari,Koeru,Mari,12,5
Mary / Maria / Maarja / Mari,Koeru,Mary,7,6
Mary / Maria / Maarja / Mari,Koivisto,Maija/Maie,1,1
Mary / Maria / Maarja / Mari,Koivisto,Mari,1,1
Mary / Maria / Maarja / Mari,Koivisto,Mary,3,3
Mary / Maria / Maarja / Mari,Kokemäki,Maija/Maie,2,2
Mary / Maria / Maarja / Mari,Kokkola,Maria/Maaria,1,1
Mary / Maria / Maarja / Mari,Kokkola,Mary,1,1
Mary / Maria / Maarja / Mari,Kolga-Jaani,Maija/Maie,6,4
Mary / Maria / Maarja / Mari,Kolga-Jaani,Mari,25,22
Mary / Maria / Maarja / Mari,Kolga-Jaani,Maria/Maaria,1,1
Mary / Maria / Maarja / Mari,Kolga-Jaani,Mary,21,14
Mary / Maria / Maarja / Mari,Kontiolahti,Maija/Maie,2,2
Mary / Maria / Maarja / Mari,Kontiolahti,Mari,2,2
Mary / Maria / Maarja / Mari,Kontiolahti,Mary,2,1
Mary / Maria / Maarja / Mari,Kontokki,Mari,1,1
Mary / Maria / Maarja / Mari,Kontokki,Maria/Maaria,1,1
Mary / Maria / Maarja / Mari,Kontokki,Mary,6,6
Mary / Maria / Maarja / Mari,Koprina,Maija/Maie,1,1
Mary / Maria / Maarja / Mari,Koprina,Mari,1,1
Mary / Maria / Maarja / Mari,Koprina,Maria/Maaria,2,2
Mary / Maria / Maarja / Mari,Koprina,Mary,1,1
Mary / Maria / Maarja / Mari,Korpilahti,Maija/Maie,1,1
Mary / Maria / Maarja / Mari,Korpiselkä,Maija/Maie,1,1
Mary / Maria / Maarja / Mari,Korpiselkä,Mari,3,1
Mary / Maria / Maarja / Mari,Korpiselkä,Mary,19,19
Mary / Maria / Maarja / Mari,Kose,Maija/Maie,5,3
Mary / Maria / Maarja / Mari,Kose,Mari,10,5
Mary / Maria / Maarja / Mari,Kose,Mary,15,8
Mary / Maria / Maarja / Mari,Koskenpää,Maija/Maie,1,1
Mary / Maria / Maarja / Mari,Koski Hl.,Maija/Maie,2,2
Mary / Maria / Maarja / Mari,Kuhmo,Maria/Maaria,2,1
Mary / Maria / Maarja / Mari,Kuhmo,Mary,7,4
Mary / Maria / Maarja / Mari,Kuhmoinen,Mary,4,4
Mary / Maria / Maarja / Mari,Kullamaa,Mari,7,5
Mary / Maria / Maarja / Mari,Kuolemajärvi,Mary,1,1
Mary / Maria / Maarja / Mari,Kuopio,Mary,4,3
Mary / Maria / Maarja / Mari,Kuorevesi,Maija/Maie,1,1
Mary / Maria / Maarja / Mari,Kuorevesi,Mary,1,1
Mary / Maria / Maarja / Mari,Kuortane,Maija/Maie,1,1
Mary / Maria / Maarja / Mari,Kupanitsa,Mary,2,2
Mary / Maria / Maarja / Mari,Kurikka,Maija/Maie,5,4
Mary / Maria / Maarja / Mari,Kurikka,Mary,3,3
Mary / Maria / Maarja / Mari,Kursi,Mari,5,4
Mary / Maria / Maarja / Mari,Kursi,Maria/Maaria,1,1
Mary / Maria / Maarja / Mari,Kursi,Mary,6,4
Mary / Maria / Maarja / Mari,Kuujärvi,Mari,1,1
Mary / Maria / Maarja / Mari,Kuusalu,Maija/Maie,10,5
Mary / Maria / Maarja / Mari,Kuusalu,Mari,9,7
Mary / Maria / Maarja / Mari,Kuusalu,Maria/Maaria,4,3
Mary / Maria / Maarja / Mari,Kuusalu,Mary,19,11
Mary / Maria / Maarja / Mari,Kuusamo,Maija/Maie,2,2
Mary / Maria / Maarja / Mari,Kuusamo,Maria/Maaria,3,2
Mary / Maria / Maarja / Mari,Kuusamo,Mary,3,3
Mary / Maria / Maarja / Mari,Kuusjoki,Maija/Maie,2,2
Mary / Maria / Maarja / Mari,Kuusjärvi,Mary,1,1
Mary / Maria / Maarja / Mari,Kymi,Maija/Maie,1,1
Mary / Maria / Maarja / Mari,Käina,Mary,1,1
Mary / Maria / Maarja / Mari,Kärkölä,Maija/Maie,1,1
Mary / Maria / Maarja / Mari,Kärla,Mari,1,1
Mary / Maria / Maarja / Mari,Kärsämäki,Mary,2,1
Mary / Maria / Maarja / Mari,Kõpu,Mari,6,2
Mary / Maria / Maarja / Mari,Laihia,Maija/Maie,3,3
Mary / Maria / Maarja / Mari,Laihia,Mary,4,4
Mary / Maria / Maarja / Mari,Laitila,Maija/Maie,1,1
Mary / Maria / Maarja / Mari,Laitila,Mari,2,2
Mary / Maria / Maarja / Mari,Laiuse,Maija/Maie,1,1
Mary / Maria / Maarja / Mari,Laiuse,Mari,8,6
Mary / Maria / Maarja / Mari,Laiuse,Mary,12,7
Mary / Maria / Maarja / Mari,Lammi,Maija/Maie,3,3
Mary / Maria / Maarja / Mari,Lappajärvi,Maija/Maie,1,1
Mary / Maria / Maarja / Mari,Lappajärvi,Maria/Maaria,3,2
Mary / Maria / Maarja / Mari,Lappajärvi,Mary,1,1
Mary / Maria / Maarja / Mari,Lappee,Mary,4,2
Mary / Maria / Maarja / Mari,Lapua,Maija/Maie,1,1
Mary / Maria / Maarja / Mari,Lapväärtti,Maria/Maaria,2,1
Mary / Maria / Maarja / Mari,Lapväärtti,Mary,1,1
Mary / Maria / Maarja / Mari,Lavansaari,Mari,2,1
Mary / Maria / Maarja / Mari,Lemi,Maija/Maie,1,1
Mary / Maria / Maarja / Mari,Lemi,Mary,2,2
Mary / Maria / Maarja / Mari,Lempaala,Maija/Maie,2,2
Mary / Maria / Maarja / Mari,Lempaala,Mari,1,1
Mary / Maria / Maarja / Mari,Lempaala,Mary,17,14
Mary / Maria / Maarja / Mari,Leppävirta,Maija/Maie,1,1
Mary / Maria / Maarja / Mari,Leppävirta,Maria/Maaria,3,1
Mary / Maria / Maarja / Mari,Leppävirta,Mary,1,1
Mary / Maria / Maarja / Mari,Lieto,Maija/Maie,4,3
Mary / Maria / Maarja / Mari,Lihula,Mari,1,1
Mary / Maria / Maarja / Mari,Liissilä,Maija/Maie,1,1
Mary / Maria / Maarja / Mari,Liissilä,Mari,1,1
Mary / Maria / Maarja / Mari,Liissilä,Mary,6,6
Mary / Maria / Maarja / Mari,Liperi,Maija/Maie,2,2
Mary / Maria / Maarja / Mari,Liperi,Mary,4,4
Mary / Maria / Maarja / Mari,Lohtaja,Maija/Maie,2,1
Mary / Maria / Maarja / Mari,Loppi,Maija/Maie,2,2
Mary / Maria / Maarja / Mari,Loppi,Mary,5,3
Mary / Maria / Maarja / Mari,Luhanka,Maija/Maie,1,1
Mary / Maria / Maarja / Mari,Luhanka,Mary,2,2
Mary / Maria / Maarja / Mari,Lumivaara,Mary,1,1
Mary / Maria / Maarja / Mari,Luopioinen,Mary,1,1
Mary / Maria / Maarja / Mari,Luumäki,Maija/Maie,2,2
Mary / Maria / Maarja / Mari,Luumäki,Mari,1,1
Mary / Maria / Maarja / Mari,Luumäki,Maria/Maaria,1,1
Mary / Maria / Maarja / Mari,Luumäki,Mary,3,3
Mary / Maria / Maarja / Mari,Lääne-Nigula,Mari,1,1
Mary / Maria / Maarja / Mari,Lääne-Nigula,Mary,1,1
Mary / Maria / Maarja / Mari,Lüganuse,Mari,2,1
Mary / Maria / Maarja / Mari,Lüganuse,Mary,9,6
Mary / Maria / Maarja / Mari,Maaninka,Maija/Maie,1,1
Mary / Maria / Maarja / Mari,Maaninka,Mary,1,1
Mary / Maria / Maarja / Mari,Maarja-Magdaleena,Maija/Maie,1,1
Mary / Maria / Maarja / Mari,Maarja-Magdaleena,Mari,12,7
Mary / Maria / Maarja / Mari,Maarja-Magdaleena,Mary,4,2
Mary / Maria / Maarja / Mari,Markkova,Mari,3,1
Mary / Maria / Maarja / Mari,Markkova,Mary,2,1
Mary / Maria / Maarja / Mari,Martna,Mari,1,1
Mary / Maria / Maarja / Mari,Martna,Mary,2,1
Mary / Maria / Maarja / Mari,Marttila,Maija/Maie,2,2
Mary / Maria / Maarja / Mari,Marttila,Mary,7,5
Mary / Maria / Maarja / Mari,Masku,Mary,1,1
Mary / Maria / Maarja / Mari,Merikarvia,Maija/Maie,1,1
Mary / Maria / Maarja / Mari,Merikarvia,Maria/Maaria,1,1
Mary / Maria / Maarja / Mari,Metsäpirtti,Maija/Maie,3,3
Mary / Maria / Maarja / Mari,Metsäpirtti,Mary,7,6
Mary / Maria / Maarja / Mari,Mietoinen,Maija/Maie,1,1
Mary / Maria / Maarja / Mari,Mihkli,Mari,10,5
Mary / Maria / Maarja / Mari,Miikkulainen,Mari,1,1
Mary / Maria / Maarja / Mari,Miikkulainen,Mary,2,1
Mary / Maria / Maarja / Mari,Moloskovitsa,Mari,5,3
Mary / Maria / Maarja / Mari,Moloskovitsa,Maria/Maaria,1,1
Mary / Maria / Maarja / Mari,Moloskovitsa,Mary,7,6
Mary / Maria / Maarja / Mari,Mouhijärvi,Maija/Maie,9,6
Mary / Maria / Maarja / Mari,Mouhijärvi,Maria/Maaria,2,1
Mary / Maria / Maarja / Mari,Muhos,Maija/Maie,4,3
Mary / Maria / Maarja / Mari,Muhos,Mary,2,2
Mary / Maria / Maarja / Mari,Muhu,Maija/Maie,8,1
Mary / Maria / Maarja / Mari,Muhu,Mari,4,3
Mary / Maria / Maarja / Mari,Muhu,Mary,2,2
Mary / Maria / Maarja / Mari,Multia,Mary,1,1
Mary / Maria / Maarja / Mari,Muolaa,Mari,5,2
Mary / Maria / Maarja / Mari,Muolaa,Mary,2,2
Mary / Maria / Maarja / Mari,Mustjala,Mari,2,2
Mary / Maria / Maarja / Mari,Muurla,Maija/Maie,1,1
Mary / Maria / Maarja / Mari,Muurla,Maria/Maaria,2,1
Mary / Maria / Maarja / Mari,Muurla,Mary,2,1
Mary / Maria / Maarja / Mari,Muuruvesi,Mary,1,1
Mary / Maria / Maarja / Mari,Mynämäki,Maija/Maie,1,1
Mary / Maria / Maarja / Mari,Mäntsälä,Maija/Maie,2,2
Mary / Maria / Maarja / Mari,Mäntsälä,Maria/Maaria,2,1
Mary / Maria / Maarja / Mari,Mäntyharju,Maija/Maie,5,4
Mary / Maria / Maarja / Mari,Mäntyharju,Maria/Maaria,1,1
Mary / Maria / Maarja / Mari,Märjamaa,Mari,5,4
Mary / Maria / Maarja / Mari,Märjamaa,Mary,3,2
Mary / Maria / Maarja / Mari,Nakkila,Mary,1,1
Mary / Maria / Maarja / Mari,Narvusi,Maija/Maie,189,41
Mary / Maria / Maarja / Mari,Narvusi,Mari,27,15
Mary / Maria / Maarja / Mari,Narvusi,Maria/Maaria,3,3
Mary / Maria / Maarja / Mari,Narvusi,Mary,99,61
Mary / Maria / Maarja / Mari,Nilsiä,Maria/Maaria,1,1
Mary / Maria / Maarja / Mari,Nilsiä,Mary,2,2
Mary / Maria / Maarja / Mari,Nissi,Mari,2,1
Mary / Maria / Maarja / Mari,Nivala,Mary,3,2
Mary / Maria / Maarja / Mari,Norra Finnskoga,Mary,2,2
Mary / Maria / Maarja / Mari,Nousiainen,Maija/Maie,2,2
Mary / Maria / Maarja / Mari,Nousiainen,Maria/Maaria,1,1
Mary / Maria / Maarja / Mari,Nurmes,Maija/Maie,6,5
Mary / Maria / Maarja / Mari,Nurmes,Maria/Maaria,2,1
Mary / Maria / Maarja / Mari,Nurmes,Mary,13,10
Mary / Maria / Maarja / Mari,Nyskoga,Mary,1,1
Mary / Maria / Maarja / Mari,Nõo,Mari,1,1
Mary / Maria / Maarja / Mari,Nõo,Mary,1,1
Mary / Maria / Maarja / Mari,Oravainen,Mary,1,1
Mary / Maria / Maarja / Mari,Orimattila,Maija/Maie,1,1
Mary / Maria / Maarja / Mari,Orimattila,Mary,3,2
Mary / Maria / Maarja / Mari,Otepää,Maija/Maie,1,1
Mary / Maria / Maarja / Mari,Otepää,Mari,5,3
Mary / Maria / Maarja / Mari,Otepää,Mary,6,5
Mary / Maria / Maarja / Mari,Oulu,Maija/Maie,1,1
Mary / Maria / Maarja / Mari,Oulu,Maria/Maaria,2,1
Mary / Maria / Maarja / Mari,Oulu,Mary,1,1
Mary / Maria / Maarja / Mari,Paattinen,Maija/Maie,4,3
Mary / Maria / Maarja / Mari,Paavola,Maija/Maie,1,1
Mary / Maria / Maarja / Mari,Padasjoki,Maija/Maie,1,1
Mary / Maria / Maarja / Mari,Padasjoki,Maria/Maaria,1,1
Mary / Maria / Maarja / Mari,Paide,Maija/Maie,1,1
Mary / Maria / Maarja / Mari,Paide,Mari,10,2
Mary / Maria / Maarja / Mari,Paide,Mary,3,3
Mary / Maria / Maarja / Mari,Paimio,Maija/Maie,1,1
Mary / Maria / Maarja / Mari,Paimio,Maria/Maaria,2,1
Mary / Maria / Maarja / Mari,Paimio,Mary,5,2
Mary / Maria / Maarja / Mari,Paistu,Maija/Maie,7,3
Mary / Maria / Maarja / Mari,Paistu,Mari,22,12
Mary / Maria / Maarja / Mari,Paistu,Mary,27,19
Mary / Maria / Maarja / Mari,Palamuse,Mari,26,10
Mary / Maria / Maarja / Mari,Palamuse,Maria/Maaria,2,1
Mary / Maria / Maarja / Mari,Palamuse,Mary,6,3
Mary / Maria / Maarja / Mari,Paltamo,Maria/Maaria,3,1
Mary / Maria / Maarja / Mari,Paltamo,Mary,3,1
Mary / Maria / Maarja / Mari,Parkano,Mary,4,4
Mary / Maria / Maarja / Mari,Peetri,Maija/Maie,2,2
Mary / Maria / Maarja / Mari,Peetri,Mari,10,8
Mary / Maria / Maarja / Mari,Peetri,Mary,5,2
Mary / Maria / Maarja / Mari,Perho,Maria/Maaria,2,1
Mary / Maria / Maarja / Mari,Perniö,Mary,2,2
Mary / Maria / Maarja / Mari,Pertteli,Maija/Maie,2,2
Mary / Maria / Maarja / Mari,Pertteli,Mary,1,1
Mary / Maria / Maarja / Mari,Pieksämäki,Maria/Maaria,1,1
Mary / Maria / Maarja / Mari,Pieksämäki,Mary,7,6
Mary / Maria / Maarja / Mari,Pielavesi,Maria/Maaria,1,1
Mary / Maria / Maarja / Mari,Pielavesi,Mary,7,5
Mary / Maria / Maarja / Mari,Pielisjärvi,Maija/Maie,3,3
Mary / Maria / Maarja / Mari,Pielisjärvi,Mary,4,4
Mary / Maria / Maarja / Mari,Pihlajavesi,Maija/Maie,2,2
Mary / Maria / Maarja / Mari,Piikkiö,Maija/Maie,3,3
Mary / Maria / Maarja / Mari,Piippola,Maija/Maie,1,1
Mary / Maria / Maarja / Mari,Piippola,Mary,4,2
Mary / Maria / Maarja / Mari,Pilistvere,Maija/Maie,2,2
Mary / Maria / Maarja / Mari,Pilistvere,Mari,18,7
Mary / Maria / Maarja / Mari,Pilistvere,Mary,13,5
Mary / Maria / Maarja / Mari,Pistojärvi,Mary,1,1
Mary / Maria / Maarja / Mari,Polvijärvi,Maija/Maie,1,1
Mary / Maria / Maarja / Mari,Pomarkku,Maija/Maie,1,1
Mary / Maria / Maarja / Mari,Porajärvi,Maija/Maie,1,1
Mary / Maria / Maarja / Mari,Porajärvi,Maria/Maaria,1,1
Mary / Maria / Maarja / Mari,Porajärvi,Mary,17,12
Mary / Maria / Maarja / Mari,Pori,Mary,1,1
Mary / Maria / Maarja / Mari,Posio,Mary,1,1
Mary / Maria / Maarja / Mari,Pudasjärvi,Maija/Maie,3,2
Mary / Maria / Maarja / Mari,Pudasjärvi,Maria/Maaria,2,2
Mary / Maria / Maarja / Mari,Pudasjärvi,Mary,2,1
Mary / Maria / Maarja / Mari,Puhja,Mari,3,2
Mary / Maria / Maarja / Mari,Puhja,Mary,4,3
Mary / Maria / Maarja / Mari,Pukkila,Maija/Maie,1,1
Mary / Maria / Maarja / Mari,Punkalaidun,Maija/Maie,1,1
Mary / Maria / Maarja / Mari,Punkalaidun,Maria/Maaria,2,1
Mary / Maria / Maarja / Mari,Puolanka,Maija/Maie,1,1
Mary / Maria / Maarja / Mari,Puolanka,Maria/Maaria,2,1
Mary / Maria / Maarja / Mari,Puolanka,Mary,1,1
Mary / Maria / Maarja / Mari,Pusula,Maija/Maie,1,1
Mary / Maria / Maarja / Mari,Puumala,Mary,3,2
Mary / Maria / Maarja / Mari,Pyhäjärvi Ol.,Mary,1,1
Mary / Maria / Maarja / Mari,Pyhäjärvi Ul.,Maija/Maie,3,2
Mary / Maria / Maarja / Mari,Pyhäjärvi Ul.,Maria/Maaria,1,1
Mary / Maria / Maarja / Mari,Pyhäjärvi Ul.,Mary,2,1
Mary / Maria / Maarja / Mari,Pyhäjärvi Vpl.,Maija/Maie,3,3
Mary / Maria / Maarja / Mari,Pyhäjärvi Vpl.,Mary,1,1
Mary / Maria / Maarja / Mari,Pyhäselkä,Mary,1,1
Mary / Maria / Maarja / Mari,Pylkönmäki,Maija/Maie,2,2
Mary / Maria / Maarja / Mari,Pälkjärvi,Mary,6,5
Mary / Maria / Maarja / Mari,Pälkäne,Maija/Maie,2,2
Mary / Maria / Maarja / Mari,Pärnu,Maija/Maie,1,1
Mary / Maria / Maarja / Mari,Pärnu,Mari,3,3
Mary / Maria / Maarja / Mari,Pärnu,Mary,4,4
Mary / Maria / Maarja / Mari,Pärnu-Jaagupi,Mari,10,4
Mary / Maria / Maarja / Mari,Pärnu-Jaagupi,Mary,9,1
Mary / Maria / Maarja / Mari,Põltsamaa,Maija/Maie,1,1
Mary / Maria / Maarja / Mari,Põltsamaa,Mari,15,7
Mary / Maria / Maarja / Mari,Põltsamaa,Maria/Maaria,2,2
Mary / Maria / Maarja / Mari,Põltsamaa,Mary,25,9
Mary / Maria / Maarja / Mari,Põlva,Maija/Maie,4,4
Mary / Maria / Maarja / Mari,Põlva,Mari,3,3
Mary / Maria / Maarja / Mari,Põlva,Mary,6,5
Mary / Maria / Maarja / Mari,Pöide,Maija/Maie,24,2
Mary / Maria / Maarja / Mari,Pöide,Mari,2,1
Mary / Maria / Maarja / Mari,Pöide,Mary,2,2
Mary / Maria / Maarja / Mari,Pöytyä,Maija/Maie,7,4
Mary / Maria / Maarja / Mari,Pühalepa,Maija/Maie,1,1
Mary / Maria / Maarja / Mari,Pühalepa,Mari,2,2
Mary / Maria / Maarja / Mari,Pühalepa,Mary,1,1
Mary / Maria / Maarja / Mari,Raahe,Maija/Maie,2,1
Mary / Maria / Maarja / Mari,Rakvere,Mari,1,1
Mary / Maria / Maarja / Mari,Rakvere,Mary,2,1
Mary / Maria / Maarja / Mari,Rannu,Mari,5,5
Mary / Maria / Maarja / Mari,Rannu,Maria/Maaria,1,1
Mary / Maria / Maarja / Mari,Rannu,Mary,1,1
Mary / Maria / Maarja / Mari,Rantsila,Maija/Maie,5,4
Mary / Maria / Maarja / Mari,Rantsila,Mary,3,3
Mary / Maria / Maarja / Mari,Ranua,Maija/Maie,7,5
Mary / Maria / Maarja / Mari,Ranua,Mary,2,2
Mary / Maria / Maarja / Mari,Rapla,Mari,4,4
Mary / Maria / Maarja / Mari,Rauma,Maija/Maie,2,2
Mary / Maria / Maarja / Mari,Rautalampi,Maija/Maie,1,1
Mary / Maria / Maarja / Mari,Rautalampi,Mary,1,1
Mary / Maria / Maarja / Mari,Rautavaara,Mary,2,2
Mary / Maria / Maarja / Mari,Reigi,Maija/Maie,1,1
Mary / Maria / Maarja / Mari,Reigi,Mari,3,2
Mary / Maria / Maarja / Mari,Reigi,Mary,1,1
Mary / Maria / Maarja / Mari,Renko,Maria/Maaria,1,1
Mary / Maria / Maarja / Mari,Renko,Mary,2,1
Mary / Maria / Maarja / Mari,Repola,Maija/Maie,1,1
Mary / Maria / Maarja / Mari,Repola,Mari,1,1
Mary / Maria / Maarja / Mari,Repola,Maria/Maaria,4,1
Mary / Maria / Maarja / Mari,Repola,Mary,13,11
Mary / Maria / Maarja / Mari,Ridala,Mari,5,3
Mary / Maria / Maarja / Mari,Ridala,Mary,1,1
Mary / Maria / Maarja / Mari,Riipuskala,Mary,5,4
Mary / Maria / Maarja / Mari,Risti,Mari,32,9
Mary / Maria / Maarja / Mari,Risti,Mary,5,3
Mary / Maria / Maarja / Mari,Ristijärvi,Maija/Maie,1,1
Mary / Maria / Maarja / Mari,Ropsu,Mary,1,1
Mary / Maria / Maarja / Mari,Rovaniemi,Maija/Maie,4,4
Mary / Maria / Maarja / Mari,Rovaniemi,Maria/Maaria,2,1
Mary / Maria / Maarja / Mari,Rovaniemi,Mary,3,3
Mary / Maria / Maarja / Mari,Ruokolahti,Maija/Maie,1,1
Mary / Maria / Maarja / Mari,Ruotsin Ylitornio,Mary,2,1
Mary / Maria / Maarja / Mari,Ruotsinpyhtää,Maija/Maie,1,1
Mary / Maria / Maarja / Mari,Ruovesi,Maija/Maie,3,2
Mary / Maria / Maarja / Mari,Ruskeala,Mary,2,2
Mary / Maria / Maarja / Mari,Rymättylä,Maija/Maie,1,1
Mary / Maria / Maarja / Mari,Rymättylä,Mary,2,1
Mary / Maria / Maarja / Mari,Räisälä,Mari,3,2
Mary / Maria / Maarja / Mari,Räpina,Mari,6,4
Mary / Maria / Maarja / Mari,Räpina,Mary,21,10
Mary / Maria / Maarja / Mari,Rääkkylä,Mary,2,2
Mary / Maria / Maarja / Mari,Rääpyvä,Mary,5,4
Mary / Maria / Maarja / Mari,Rõngu,Maija/Maie,1,1
Mary / Maria / Maarja / Mari,Rõngu,Mari,6,4
Mary / Maria / Maarja / Mari,Rõngu,Mary,8,7
Mary / Maria / Maarja / Mari,Rõuge,Mari,28,11
Mary / Maria / Maarja / Mari,Rõuge,Mary,4,3
Mary / Maria / Maarja / Mari,Saarde,Maija/Maie,1,1
Mary / Maria / Maarja / Mari,Saarde,Mari,3,3
Mary / Maria / Maarja / Mari,Saarde,Mary,14,8
Mary / Maria / Maarja / Mari,Saari,Maija/Maie,1,1
Mary / Maria / Maarja / Mari,Saarijärvi,Maija/Maie,15,15
Mary / Maria / Maarja / Mari,Saarijärvi,Maria/Maaria,2,1
Mary / Maria / Maarja / Mari,Saarijärvi,Mary,3,3
Mary / Maria / Maarja / Mari,Sahalahti,Mary,3,2
Mary / Maria / Maarja / Mari,Sakkola,Mari,1,1
Mary / Maria / Maarja / Mari,Sakkola,Mary,1,1
Mary / Maria / Maarja / Mari,Salmi,Maria/Maaria,2,2
Mary / Maria / Maarja / Mari,Salmi,Mary,24,22
Mary / Maria / Maarja / Mari,Salo,Maija/Maie,1,1
Mary / Maria / Maarja / Mari,Salo,Mary,1,1
Mary / Maria / Maarja / Mari,Sangaste,Maija/Maie,4,3
Mary / Maria / Maarja / Mari,Sangaste,Mari,11,6
Mary / Maria / Maarja / Mari,Sangaste,Mary,24,15
Mary / Maria / Maarja / Mari,Sauvo,Maija/Maie,2,1
Mary / Maria / Maarja / Mari,Sauvo,Mary,1,1
Mary / Maria / Maarja / Mari,Savitaipale,Maija/Maie,1,1
Mary / Maria / Maarja / Mari,Savitaipale,Mary,2,2
Mary / Maria / Maarja / Mari,Savonlinna,Maija/Maie,1,1
Mary / Maria / Maarja / Mari,Savonranta,Mary,5,3
Mary / Maria / Maarja / Mari,Seiskari,Mari,2,1
Mary / Maria / Maarja / Mari,Serepetta,Maija/Maie,2,1
Mary / Maria / Maarja / Mari,Serepetta,Maria/Maaria,2,2
Mary / Maria / Maarja / Mari,Serepetta,Mary,12,5
Mary / Maria / Maarja / Mari,Setumaa,Maija/Maie,3,1
Mary / Maria / Maarja / Mari,Setumaa,Mari,19,8
Mary / Maria / Maarja / Mari,Setumaa,Mary,119,56
Mary / Maria / Maarja / Mari,Siikainen,Maria/Maaria,1,1
Mary / Maria / Maarja / Mari,Siilinjärvi,Maija/Maie,1,1
Mary / Maria / Maarja / Mari,Simo,Maija/Maie,2,1
Mary / Maria / Maarja / Mari,Simo,Mary,1,1
Mary / Maria / Maarja / Mari,Simuna,Maija/Maie,29,4
Mary / Maria / Maarja / Mari,Simuna,Mari,5,5
Mary / Maria / Maarja / Mari,Simuna,Mary,11,10
Mary / Maria / Maarja / Mari,Soanlahti,Maria/Maaria,1,1
Mary / Maria / Maarja / Mari,Soanlahti,Mary,4,4
Mary / Maria / Maarja / Mari,Sodankylä,Maria/Maaria,2,1
Mary / Maria / Maarja / Mari,Sodankylä,Mary,2,2
Mary / Maria / Maarja / Mari,Soikkola,Maija/Maie,36,15
Mary / Maria / Maarja / Mari,Soikkola,Mari,6,3
Mary / Maria / Maarja / Mari,Soikkola,Maria/Maaria,10,7
Mary / Maria / Maarja / Mari,Soikkola,Mary,52,32
Mary / Maria / Maarja / Mari,Soini,Mary,1,1
Mary / Maria / Maarja / Mari,Somerniemi,Maija/Maie,1,1
Mary / Maria / Maarja / Mari,Somerniemi,Mary,2,2
Mary / Maria / Maarja / Mari,Somero,Maija/Maie,3,2
Mary / Maria / Maarja / Mari,Somero,Maria/Maaria,1,1
Mary / Maria / Maarja / Mari,Somero,Mary,4,2
Mary / Maria / Maarja / Mari,Sonkajärvi,Maija/Maie,1,1
Mary / Maria / Maarja / Mari,Sortavala,Maija/Maie,2,2
Mary / Maria / Maarja / Mari,Sortavala,Mari,1,1
Mary / Maria / Maarja / Mari,Sortavala,Mary,3,3
Mary / Maria / Maarja / Mari,Sotkamo,Mary,1,1
Mary / Maria / Maarja / Mari,Soutjärvi,Maria/Maaria,1,1
Mary / Maria / Maarja / Mari,Soutjärvi,Mary,1,1
Mary / Maria / Maarja / Mari,Suistamo,Maija/Maie,4,3
Mary / Maria / Maarja / Mari,Suistamo,Mari,6,5
Mary / Maria / Maarja / Mari,Suistamo,Maria/Maaria,8,5
Mary / Maria / Maarja / Mari,Suistamo,Mary,58,52
Mary / Maria / Maarja / Mari,Sulkava,Maija/Maie,1,1
Mary / Maria / Maarja / Mari,Suojärvi,Mari,1,1
Mary / Maria / Maarja / Mari,Suojärvi,Maria/Maaria,3,2
Mary / Maria / Maarja / Mari,Suojärvi,Mary,60,44
Mary / Maria / Maarja / Mari,Suomusjärvi,Mary,1,1
Mary / Maria / Maarja / Mari,Suomussalmi,Maria/Maaria,2,1
Mary / Maria / Maarja / Mari,Suomussalmi,Mary,2,2
Mary / Maria / Maarja / Mari,Suonenjoki,Mary,2,1
Mary / Maria / Maarja / Mari,Suure-Jaani,Maija/Maie,2,1
Mary / Maria / Maarja / Mari,Suure-Jaani,Mari,18,9
Mary / Maria / Maarja / Mari,Suure-Jaani,Mary,20,6
Mary / Maria / Maarja / Mari,Säkkijärvi,Maija/Maie,1,1
Mary / Maria / Maarja / Mari,Sääksmäki,Maija/Maie,1,1
Mary / Maria / Maarja / Mari,Sääksmäki,Mary,8,4
Mary / Maria / Maarja / Mari,Säämäjärvi,Maria/Maaria,1,1
Mary / Maria / Maarja / Mari,Säämäjärvi,Mary,1,1
Mary / Maria / Maarja / Mari,Södra Finnskoga,Mary,2,2
Mary / Maria / Maarja / Mari,Taipalsaari,Mary,2,1
Mary / Maria / Maarja / Mari,Taivalkoski,Maija/Maie,1,1
Mary / Maria / Maarja / Mari,Tammela,Maija/Maie,3,3
Mary / Maria / Maarja / Mari,Tammela,Maria/Maaria,2,1
Mary / Maria / Maarja / Mari,Tammela,Mary,12,9
Mary / Maria / Maarja / Mari,Tartu-Maarja,Maija/Maie,3,1
Mary / Maria / Maarja / Mari,Tartu-Maarja,Mari,1,1
Mary / Maria / Maarja / Mari,Tartu-Maarja,Mary,3,3
Mary / Maria / Maarja / Mari,Tarvastu,Maija/Maie,6,3
Mary / Maria / Maarja / Mari,Tarvastu,Mari,10,6
Mary / Maria / Maarja / Mari,Tarvastu,Maria/Maaria,1,1
Mary / Maria / Maarja / Mari,Tarvastu,Mary,9,9
Mary / Maria / Maarja / Mari,Terijoki,Mari,2,1
Mary / Maria / Maarja / Mari,Terijoki,Mary,3,1
Mary / Maria / Maarja / Mari,Tervo,Maija/Maie,1,1
Mary / Maria / Maarja / Mari,Tervo,Maria/Maaria,5,3
Mary / Maria / Maarja / Mari,Tervo,Mary,1,1
Mary / Maria / Maarja / Mari,Tervola,Maija/Maie,1,1
Mary / Maria / Maarja / Mari,Tervola,Mary,3,2
Mary / Maria / Maarja / Mari,Teuva,Maija/Maie,3,2
Mary / Maria / Maarja / Mari,Teuva,Mary,1,1
Mary / Maria / Maarja / Mari,Tohmajärvi,Mary,12,8
Mary / Maria / Maarja / Mari,Toholampi,Maija/Maie,1,1
Mary / Maria / Maarja / Mari,Toksova,Mari,3,1
Mary / Maria / Maarja / Mari,Toksova,Mary,4,2
Mary / Maria / Maarja / Mari,Tolmačču,Mary,1,1
Mary / Maria / Maarja / Mari,Tori,Mari,24,12
Mary / Maria / Maarja / Mari,Tori,Mary,10,5
Mary / Maria / Maarja / Mari,Torma,Maija/Maie,1,1
Mary / Maria / Maarja / Mari,Torma,Mari,15,3
Mary / Maria / Maarja / Mari,Torma,Mary,2,2
Mary / Maria / Maarja / Mari,Tulemajärvi,Mary,6,5
Mary / Maria / Maarja / Mari,Turku,Mary,2,1
Mary / Maria / Maarja / Mari,Turtola,Maija/Maie,1,1
Mary / Maria / Maarja / Mari,Turtola,Mary,1,1
Mary / Maria / Maarja / Mari,Tuulos,Mary,2,1
Mary / Maria / Maarja / Mari,Tuupovaara,Mary,4,4
Mary / Maria / Maarja / Mari,Tuusniemi,Maija/Maie,2,1
Mary / Maria / Maarja / Mari,Tuutari,Mari,1,1
Mary / Maria / Maarja / Mari,Tyrväntö,Mary,2,1
Mary / Maria / Maarja / Mari,Tyrvää,Maija/Maie,1,1
Mary / Maria / Maarja / Mari,Tyrö,Mari,14,5
Mary / Maria / Maarja / Mari,Tyrö,Maria/Maaria,6,2
Mary / Maria / Maarja / Mari,Tyrö,Mary,12,6
Mary / Maria / Maarja / Mari,Tõstamaa,Maija/Maie,1,1
Mary / Maria / Maarja / Mari,Tõstamaa,Mari,7,6
Mary / Maria / Maarja / Mari,Tõstamaa,Mary,4,2
Mary / Maria / Maarja / Mari,Töysä,Maija/Maie,1,1
Mary / Maria / Maarja / Mari,Töysä,Maria/Maaria,2,2
Mary / Maria / Maarja / Mari,Töysä,Mary,5,4
Mary / Maria / Maarja / Mari,Türi,Maija/Maie,3,2
Mary / Maria / Maarja / Mari,Türi,Mari,6,4
Mary / Maria / Maarja / Mari,Türi,Maria/Maaria,1,1
Mary / Maria / Maarja / Mari,Türi,Mary,6,5
Mary / Maria / Maarja / Mari,Uhtua,Maija/Maie,1,1
Mary / Maria / Maarja / Mari,Uhtua,Maria/Maaria,1,1
Mary / Maria / Maarja / Mari,Uhtua,Mary,11,8
Mary / Maria / Maarja / Mari,Urjala,Mary,3,2
Mary / Maria / Maarja / Mari,Urvaste,Mari,15,12
Mary / Maria / Maarja / Mari,Urvaste,Mary,5,3
Mary / Maria / Maarja / Mari,Uskela,Maija/Maie,11,7
Mary / Maria / Maarja / Mari,Uskela,Maria/Maaria,1,1
Mary / Maria / Maarja / Mari,Uskela,Mary,7,7
Mary / Maria / Maarja / Mari,Uukuniemi,Maria/Maaria,1,1
Mary / Maria / Maarja / Mari,Uukuniemi,Mary,10,5
Mary / Maria / Maarja / Mari,Uusikaupunki,Maija/Maie,4,4
Mary / Maria / Maarja / Mari,Uusikaupunki,Mary,3,3
Mary / Maria / Maarja / Mari,Uusikirkko Tl.,Maija/Maie,2,2
Mary / Maria / Maarja / Mari,Vahto,Maija/Maie,3,2
Mary / Maria / Maarja / Mari,Vaivara,Maija/Maie,8,1
Mary / Maria / Maarja / Mari,Vaivara,Mari,11,7
Mary / Maria / Maarja / Mari,Vaivara,Maria/Maaria,1,1
Mary / Maria / Maarja / Mari,Vaivara,Mary,1,1
Mary / Maria / Maarja / Mari,Valkeasaari,Mary,2,2
Mary / Maria / Maarja / Mari,Vanaja,Maija/Maie,1,1
Mary / Maria / Maarja / Mari,Vanaja,Mary,3,2
Mary / Maria / Maarja / Mari,Varbla,Mari,10,7
Mary / Maria / Maarja / Mari,Varbla,Mary,3,3
Mary / Maria / Maarja / Mari,Varpaisjärvi,Maria/Maaria,1,1
Mary / Maria / Maarja / Mari,Varpaisjärvi,Mary,2,2
Mary / Maria / Maarja / Mari,Vastseliina,Maija/Maie,11,1
Mary / Maria / Maarja / Mari,Vastseliina,Mari,5,5
Mary / Maria / Maarja / Mari,Vastseliina,Mary,30,6
Mary / Maria / Maarja / Mari,Venjoki,Mari,2,2
Mary / Maria / Maarja / Mari,Venjoki,Maria/Maaria,4,4
Mary / Maria / Maarja / Mari,Venjoki,Mary,7,5
Mary / Maria / Maarja / Mari,Vesilahti,Maija/Maie,5,5
Mary / Maria / Maarja / Mari,Veteli,Maija/Maie,1,1
Mary / Maria / Maarja / Mari,Vieljärvi,Mary,1,1
Mary / Maria / Maarja / Mari,Vigala,Maija/Maie,4,4
Mary / Maria / Maarja / Mari,Vigala,Mari,10,5
Mary / Maria / Maarja / Mari,Vigala,Mary,6,5
Mary / Maria / Maarja / Mari,Vihanti,Maija/Maie,1,1
Mary / Maria / Maarja / Mari,Vihanti,Mary,2,1
Mary / Maria / Maarja / Mari,Viitasaari,Maija/Maie,1,1
Mary / Maria / Maarja / Mari,Viitasaari,Maria/Maaria,1,1
Mary / Maria / Maarja / Mari,Viljakkala,Maija/Maie,1,1
Mary / Maria / Maarja / Mari,Viljandi,Mari,10,7
Mary / Maria / Maarja / Mari,Viljandi,Maria/Maaria,12,1
Mary / Maria / Maarja / Mari,Viljandi,Mary,42,23
Mary / Maria / Maarja / Mari,Vimpeli,Maija/Maie,1,1
Mary / Maria / Maarja / Mari,Vimpeli,Maria/Maaria,2,1
Mary / Maria / Maarja / Mari,Virrat,Maija/Maie,3,2
Mary / Maria / Maarja / Mari,Virrat,Mary,1,1
Mary / Maria / Maarja / Mari,Virtasalmi,Mari,2,1
Mary / Maria / Maarja / Mari,Virtasalmi,Maria/Maaria,1,1
Mary / Maria / Maarja / Mari,Viru-Jaagupi,Maija/Maie,2,2
Mary / Maria / Maarja / Mari,Viru-Jaagupi,Mari,6,4
Mary / Maria / Maarja / Mari,Viru-Jaagupi,Mary,3,2
Mary / Maria / Maarja / Mari,Viru-Nigula,Maija/Maie,12,3
Mary / Maria / Maarja / Mari,Viru-Nigula,Mari,6,3
Mary / Maria / Maarja / Mari,Viru-Nigula,Maria/Maaria,1,1
Mary / Maria / Maarja / Mari,Viru-Nigula,Mary,4,3
Mary / Maria / Maarja / Mari,Vittanki,Mary,1,1
Mary / Maria / Maarja / Mari,Vuokkiniemi,Maija/Maie,2,2
Mary / Maria / Maarja / Mari,Vuokkiniemi,Mari,14,5
Mary / Maria / Maarja / Mari,Vuokkiniemi,Maria/Maaria,3,3
Mary / Maria / Maarja / Mari,Vuokkiniemi,Mary,15,13
Mary / Maria / Maarja / Mari,Vuole,Mari,6,4
Mary / Maria / Maarja / Mari,Vuole,Maria/Maaria,4,1
Mary / Maria / Maarja / Mari,Vuole,Mary,9,7
Mary / Maria / Maarja / Mari,Väike-Maarja,Maija/Maie,8,4
Mary / Maria / Maarja / Mari,Väike-Maarja,Mari,5,5
Mary / Maria / Maarja / Mari,Väike-Maarja,Maria/Maaria,1,1
Mary / Maria / Maarja / Mari,Väike-Maarja,Mary,7,6
Mary / Maria / Maarja / Mari,Vändra,Maija/Maie,3,3
Mary / Maria / Maarja / Mari,Vändra,Mari,3,2
Mary / Maria / Maarja / Mari,Vändra,Mary,1,1
Mary / Maria / Maarja / Mari,Võnnu,Mari,2,2
Mary / Maria / Maarja / Mari,Võnnu,Mary,7,4
Mary / Maria / Maarja / Mari,Ylikiiminki,Maija/Maie,1,1
Mary / Maria / Maarja / Mari,Ylikiiminki,Maria/Maaria,2,1
Mary / Maria / Maarja / Mari,Ylitornio,Maija/Maie,1,1
Mary / Maria / Maarja / Mari,Yläne,Maija/Maie,5,3
Mary / Maria / Maarja / Mari,Äksi,Mari,9,4
Mary / Maria / Maarja / Mari,Äksi,Mary,3,3
Mary / Maria / Maarja / Mari,Östmark,Mary,1,1
Peter / Pietari / Peeter,Alatornio,Pekka/Pekko,1,1
Peter / Pietari / Peeter,Alatornio,Peter,4,4
Peter / Pietari / Peeter,Alavus,Pekka/Pekko,2,1
Peter / Pietari / Peeter,Alavus,Peter,1,1
Peter / Pietari / Peeter,Ambla,Peeter,3,3
Peter / Pietari / Peeter,Ambla,Peter,4,4
Peter / Pietari / Peeter,Anjala,Peter,2,2
Peter / Pietari / Peeter,Anseküla,Peeter,2,1
Peter / Pietari / Peeter,Anseküla,Peter,1,1
Peter / Pietari / Peeter,Asikkala,Pekka/Pekko,3,3
Peter / Pietari / Peeter,Asikkala,Peter,3,3
Peter / Pietari / Peeter,Asikkala,Petteri/Pietari,1,1
Peter / Pietari / Peeter,Audru,Peeter,1,1
Peter / Pietari / Peeter,Elimäki,Pekka/Pekko,1,1
Peter / Pietari / Peeter,Emmaste,Peeter,1,1
Peter / Pietari / Peeter,Eno,Pekka/Pekko,1,1
Peter / Pietari / Peeter,Eno,Peter,5,5
Peter / Pietari / Peeter,Enonkoski,Peter,1,1
Peter / Pietari / Peeter,Eurajoki,Peter,1,1
Peter / Pietari / Peeter,Haapajärvi,Pekka/Pekko,1,1
Peter / Pietari / Peeter,Hageri,Peeter,1,1
Peter / Pietari / Peeter,Hageri,Peter,1,1
Peter / Pietari / Peeter,Haljala,Peeter,2,2
Peter / Pietari / Peeter,Haljala,Peter,4,4
Peter / Pietari / Peeter,Halliste,Peeter,6,4
Peter / Pietari / Peeter,Halliste,Peter,10,7
Peter / Pietari / Peeter,Hanila,Peter,3,1
Peter / Pietari / Peeter,Harjavalta,Peter,1,1
Peter / Pietari / Peeter,Harju-Jaani,Peeter,2,2
Peter / Pietari / Peeter,Harju-Madise,Peeter,3,1
Peter / Pietari / Peeter,Harju-Madise,Peter,2,2
Peter / Pietari / Peeter,Hartola,Peter,1,1
Peter / Pietari / Peeter,Hattula,Pekka/Pekko,2,2
Peter / Pietari / Peeter,Hattula,Peter,4,4
Peter / Pietari / Peeter,Hauho,Peter,1,1
Peter / Pietari / Peeter,Heinjoki,Pekka/Pekko,1,1
Peter / Pietari / Peeter,Heinjoki,Peter,2,2
Peter / Pietari / Peeter,Heinävesi,Pekka/Pekko,11,11
Peter / Pietari / Peeter,Heinävesi,Peter,7,7
Peter / Pietari / Peeter,Heinävesi,Petteri/Pietari,1,1
Peter / Pietari / Peeter,Helme,Peeter,2,2
Peter / Pietari / Peeter,Helme,Peter,14,8
Peter / Pietari / Peeter,Helsinki,Peter,5,5
Peter / Pietari / Peeter,Hietamäki,Pekka/Pekko,1,1
Peter / Pietari / Peeter,Hiitola,Peter,1,1
Peter / Pietari / Peeter,Hirvensalmi,Peter,1,1
Peter / Pietari / Peeter,Hollola,Peter,2,2
Peter / Pietari / Peeter,Honkajoki,Pekka/Pekko,1,1
Peter / Pietari / Peeter,Honkajoki,Peter,1,1
Peter / Pietari / Peeter,Hyvinkää,Peter,1,1
Peter / Pietari / Peeter,Hämeenlinna,Peter,2,2
Peter / Pietari / Peeter,Häädemeeste,Peeter,1,1
Peter / Pietari / Peeter,Iisaku,Peeter,2,2
Peter / Pietari / Peeter,Iisalmi,Pekka/Pekko,2,2
Peter / Pietari / Peeter,Iisalmi,Peter,1,1
Peter / Pietari / Peeter,Iisalmi,Petteri/Pietari,1,1
Peter / Pietari / Peeter,Ilmajoki,Peter,1,1
Peter / Pietari / Peeter,Ilomantsi,Pekka/Pekko,12,10
Peter / Pietari / Peeter,Ilomantsi,Peter,40,18
Peter / Pietari / Peeter,Impilahti,Pekka/Pekko,4,4
Peter / Pietari / Peeter,Impilahti,Peter,7,5
Peter / Pietari / Peeter,Isojoki,Peter,1,1
Peter / Pietari / Peeter,Jaakkima,Pekka/Pekko,3,3
Peter / Pietari / Peeter,Jaakkima,Peter,4,4
Peter / Pietari / Peeter,Jaani,Peter,1,1
Peter / Pietari / Peeter,Jalasjärvi,Peter,1,1
Peter / Pietari / Peeter,Janakkala,Peter,1,1
Peter / Pietari / Peeter,Joensuu,Pekka/Pekko,1,1
Peter / Pietari / Peeter,Johannes,Peter,2,2
Peter / Pietari / Peeter,Joroinen,Pekka/Pekko,5,5
Peter / Pietari / Peeter,Joroinen,Peter,2,2
Peter / Pietari / Peeter,Joutseno,Pekka/Pekko,1,1
Peter / Pietari / Peeter,Joutseno,Peter,1,1
Peter / Pietari / Peeter,Jurva,Peter,1,1
Peter / Pietari / Peeter,Juuka,Pekka/Pekko,2,2
Peter / Pietari / Peeter,Juuka,Peter,1,1
Peter / Pietari / Peeter,Juva,Pekka/Pekko,1,1
Peter / Pietari / Peeter,Juva,Peter,4,4
Peter / Pietari / Peeter,Jällivaara,Peter,1,1
Peter / Pietari / Peeter,Järva-Jaani,Peeter,2,2
Peter / Pietari / Peeter,Järva-Jaani,Peter,4,3
Peter / Pietari / Peeter,Järva-Madise,Peeter,3,3
Peter / Pietari / Peeter,Järva-Madise,Peter,2,2
Peter / Pietari / Peeter,Jõelähtme,Peter,3,3
Peter / Pietari / Peeter,Jõhvi,Peeter,2,2
Peter / Pietari / Peeter,Jõhvi,Peter,17,7
Peter / Pietari / Peeter,Jüri,Peter,1,1
Peter / Pietari / Peeter,Kaarina,Peter,1,1
Peter / Pietari / Peeter,Kaarma,Peeter,1,1
Peter / Pietari / Peeter,Kaavi,Pekka/Pekko,4,4
Peter / Pietari / Peeter,Kaavi,Peter,2,2
Peter / Pietari / Peeter,Kaavi,Petteri/Pietari,2,2
Peter / Pietari / Peeter,Kadrina,Peeter,10,8
Peter / Pietari / Peeter,Kadrina,Peter,5,4
Peter / Pietari / Peeter,Kalvola,Peter,1,1
Peter / Pietari / Peeter,Kambja,Peeter,3,1
Peter / Pietari / Peeter,Kangasala,Peter,2,2
Peter / Pietari / Peeter,Kangaslampi,Pekka/Pekko,4,4
Peter / Pietari / Peeter,Kangasniemi,Pekka/Pekko,3,3
Peter / Pietari / Peeter,Kankaanpää,Peter,2,2
Peter / Pietari / Peeter,Kaprio,Peter,3,3
Peter / Pietari / Peeter,Kaprio,Petteri/Pietari,1,1
Peter / Pietari / Peeter,Karja,Peter,2,2
Peter / Pietari / Peeter,Karksi,Peeter,8,6
Peter / Pietari / Peeter,Karksi,Peter,20,10
Peter / Pietari / Peeter,Karstula,Pekka/Pekko,1,1
Peter / Pietari / Peeter,Karttula,Pekka/Pekko,1,1
Peter / Pietari / Peeter,Karttula,Peter,3,3
Peter / Pietari / Peeter,Karula,Peter,2,1
Peter / Pietari / Peeter,Karula,Petteri/Pietari,1,1
Peter / Pietari / Peeter,Karuna,Pekka/Pekko,1,1
Peter / Pietari / Peeter,Karuna,Peter,2,2
Peter / Pietari / Peeter,Karunki,Pekka/Pekko,1,1
Peter / Pietari / Peeter,Karunki,Peter,1,1
Peter / Pietari / Peeter,Karuse,Peeter,1,1
Peter / Pietari / Peeter,Kattila,Peter,3,2
Peter / Pietari / Peeter,Kattila,Petteri/Pietari,1,1
Peter / Pietari / Peeter,Kauhajoki,Peter,2,2
Peter / Pietari / Peeter,Kauhava,Peter,3,3
Peter / Pietari / Peeter,Kaukola,Pekka/Pekko,2,2
Peter / Pietari / Peeter,Kaukola,Peter,1,1
Peter / Pietari / Peeter,Kaustinen,Peter,1,1
Peter / Pietari / Peeter,Keikyä,Peter,1,1
Peter / Pietari / Peeter,Keila,Peter,1,1
Peter / Pietari / Peeter,Kemi,Pekka/Pekko,1,1
Peter / Pietari / Peeter,Kemi,Peter,3,3
Peter / Pietari / Peeter,Kerimäki,Pekka/Pekko,4,3
Peter / Pietari / Peeter,Kerimäki,Peter,1,1
Peter / Pietari / Peeter,Kestilä,Pekka/Pekko,3,2
Peter / Pietari / Peeter,Kesälahti,Pekka/Pekko,1,1
Peter / Pietari / Peeter,Kesälahti,Peter,7,3
Peter / Pietari / Peeter,Kiihtelysvaara,Pekka/Pekko,1,1
Peter / Pietari / Peeter,Kiihtelysvaara,Peter,8,5
Peter / Pietari / Peeter,Kiikka,Peter,1,1
Peter / Pietari / Peeter,Kiikoinen,Peter,1,1
Peter / Pietari / Peeter,Kirvu,Pekka/Pekko,2,2
Peter / Pietari / Peeter,Kisko,Peter,1,1
Peter / Pietari / Peeter,Kitee,Pekka/Pekko,7,5
Peter / Pietari / Peeter,Kitee,Peter,7,5
Peter / Pietari / Peeter,Kiukainen,Peter,1,1
Peter / Pietari / Peeter,Kiuruvesi,Pekka/Pekko,7,6
Peter / Pietari / Peeter,Kiuruvesi,Peter,1,1
Peter / Pietari / Peeter,Kivennapa,Pekka/Pekko,1,1
Peter / Pietari / Peeter,Kivennapa,Peter,4,4
Peter / Pietari / Peeter,Kivennapa,Petteri/Pietari,1,1
Peter / Pietari / Peeter,Kodavere,Peter,1,1
Peter / Pietari / Peeter,Koeru,Peeter,3,2
Peter / Pietari / Peeter,Koeru,Peter,12,4
Peter / Pietari / Peeter,Koivisto,Pekka/Pekko,5,3
Peter / Pietari / Peeter,Koivisto,Peter,2,2
Peter / Pietari / Peeter,Kolga-Jaani,Peeter,3,2
Peter / Pietari / Peeter,Kolga-Jaani,Peter,11,3
Peter / Pietari / Peeter,Konnevesi,Pekka/Pekko,1,1
Peter / Pietari / Peeter,Kontiolahti,Pekka/Pekko,2,2
Peter / Pietari / Peeter,Kontiolahti,Peter,4,3
Peter / Pietari / Peeter,Kontokki,Peter,3,3
Peter / Pietari / Peeter,Koprina,Pekka/Pekko,1,1
Peter / Pietari / Peeter,Korpiselkä,Pekka/Pekko,2,2
Peter / Pietari / Peeter,Korpiselkä,Peter,25,5
Peter / Pietari / Peeter,Korpiselkä,Petteri/Pietari,1,1
Peter / Pietari / Peeter,Kose,Peeter,1,1
Peter / Pietari / Peeter,Kose,Peter,3,3
Peter / Pietari / Peeter,Kuhmo,Pekka/Pekko,2,2
Peter / Pietari / Peeter,Kuhmo,Peter,1,1
Peter / Pietari / Peeter,Kuhmoinen,Peter,4,4
Peter / Pietari / Peeter,Kullamaa,Peeter,2,1
Peter / Pietari / Peeter,Kuolemajärvi,Pekka/Pekko,1,1
Peter / Pietari / Peeter,Kuolemajärvi,Peter,2,2
Peter / Pietari / Peeter,Kuopio,Pekka/Pekko,5,5
Peter / Pietari / Peeter,Kuopio,Peter,2,2
Peter / Pietari / Peeter,Kupanitsa,Peter,1,1
Peter / Pietari / Peeter,Kurkijoki,Peter,1,1
Peter / Pietari / Peeter,Kursi,Peter,2,1
Peter / Pietari / Peeter,Kuusalu,Peeter,3,3
Peter / Pietari / Peeter,Kuusalu,Peter,12,9
Peter / Pietari / Peeter,Kuusjoki,Peter,2,2
Peter / Pietari / Peeter,Kuusjärvi,Peter,2,1
Peter / Pietari / Peeter,Kymi,Peter,2,2
Peter / Pietari / Peeter,Käina,Peeter,1,1
Peter / Pietari / Peeter,Käkisalmi,Peter,1,1
Peter / Pietari / Peeter,Kärla,Peeter,3,1
Peter / Pietari / Peeter,Kärla,Peter,1,1
Peter / Pietari / Peeter,Kõpu,Peeter,2,2
Peter / Pietari / Peeter,Kõpu,Peter,2,1
Peter / Pietari / Peeter,Lahti,Peter,3,3
Peter / Pietari / Peeter,Laihia,Peter,5,5
Peter / Pietari / Peeter,Laiuse,Peeter,2,2
Peter / Pietari / Peeter,Laiuse,Peter,2,2
Peter / Pietari / Peeter,Lapinjärvi,Peter,1,1
Peter / Pietari / Peeter,Lapinlahti,Pekka/Pekko,1,1
Peter / Pietari / Peeter,Lapinlahti,Petteri/Pietari,1,1
Peter / Pietari / Peeter,Lappajärvi,Peter,1,1
Peter / Pietari / Peeter,Lappee,Pekka/Pekko,3,1
Peter / Pietari / Peeter,Lappee,Peter,2,2
Peter / Pietari / Peeter,Lapua,Pekka/Pekko,1,1
Peter / Pietari / Peeter,Lapväärtti,Peter,1,1
Peter / Pietari / Peeter,Laukaa,Peter,1,1
Peter / Pietari / Peeter,Lavansaari,Pekka/Pekko,1,1
Peter / Pietari / Peeter,Lekvattnet,Peter,1,1
Peter / Pietari / Peeter,Lemi,Pekka/Pekko,2,2
Peter / Pietari / Peeter,Lemi,Peter,2,2
Peter / Pietari / Peeter,Lempaala,Peter,3,3
Peter / Pietari / Peeter,Lempaala,Petteri/Pietari,1,1
Peter / Pietari / Peeter,Leppävirta,Pekka/Pekko,8,8
Peter / Pietari / Peeter,Leppävirta,Peter,4,4
Peter / Pietari / Peeter,Lieto,Peter,1,1
Peter / Pietari / Peeter,Liissilä,Peter,5,5
Peter / Pietari / Peeter,Liminka,Pekka/Pekko,2,1
Peter / Pietari / Peeter,Liperi,Pekka/Pekko,1,1
Peter / Pietari / Peeter,Liperi,Peter,3,3
Peter / Pietari / Peeter,Loppi,Peter,2,2
Peter / Pietari / Peeter,Luhanka,Peter,1,1
Peter / Pietari / Peeter,Lumivaara,Pekka/Pekko,1,1
Peter / Pietari / Peeter,Lumivaara,Peter,1,1
Peter / Pietari / Peeter,Längelmäki,Peter,2,2
Peter / Pietari / Peeter,Lääne-Nigula,Peeter,2,1
Peter / Pietari / Peeter,Lüganuse,Peter,2,1
Peter / Pietari / Peeter,Maaninka,Pekka/Pekko,7,7
Peter / Pietari / Peeter,Maaninka,Peter,4,4
Peter / Pietari / Peeter,Maaria,Peter,2,2
Peter / Pietari / Peeter,Maarja-Magdaleena,Peeter,1,1
Peter / Pietari / Peeter,Maarja-Magdaleena,Peter,3,2
Peter / Pietari / Peeter,Markkova,Peter,1,1
Peter / Pietari / Peeter,Martna,Peter,1,1
Peter / Pietari / Peeter,Merijärvi,Peter,1,1
Peter / Pietari / Peeter,Merikarvia,Peter,1,1
Peter / Pietari / Peeter,Merimasku,Peter,2,2
Peter / Pietari / Peeter,Messukylä,Petteri/Pietari,1,1
Peter / Pietari / Peeter,Metsäpirtti,Pekka/Pekko,1,1
Peter / Pietari / Peeter,Metsäpirtti,Peter,2,2
Peter / Pietari / Peeter,Metsäpirtti,Petteri/Pietari,1,1
Peter / Pietari / Peeter,Miehikkälä,Peter,1,1
Peter / Pietari / Peeter,Mikkeli,Peter,1,1
Peter / Pietari / Peeter,Moloskovitsa,Pekka/Pekko,2,1
Peter / Pietari / Peeter,Moloskovitsa,Peter,5,5
Peter / Pietari / Peeter,Moloskovitsa,Petteri/Pietari,1,1
Peter / Pietari / Peeter,Muhos,Pekka/Pekko,1,1
Peter / Pietari / Peeter,Muhu,Peter,5,3
Peter / Pietari / Peeter,Muolaa,Pekka/Pekko,2,2
Peter / Pietari / Peeter,Muolaa,Peter,3,3
Peter / Pietari / Peeter,Muonio,Peter,1,1
Peter / Pietari / Peeter,Mustjala,Peeter,1,1
Peter / Pietari / Peeter,Muurla,Peter,2,2
Peter / Pietari / Peeter,Mäntsälä,Peter,1,1
Peter / Pietari / Peeter,Mänttä,Peter,1,1
Peter / Pietari / Peeter,Mäntyharju,Pekka/Pekko,2,1
Peter / Pietari / Peeter,Mäntyharju,Petteri/Pietari,1,1
Peter / Pietari / Peeter,Märjamaa,Peter,1,1
Peter / Pietari / Peeter,Narvusi,Pekka/Pekko,1,1
Peter / Pietari / Peeter,Narvusi,Peter,27,22
Peter / Pietari / Peeter,Narvusi,Petteri/Pietari,7,7
Peter / Pietari / Peeter,Nastola,Peter,2,2
Peter / Pietari / Peeter,Nekkula,Peter,1,1
Peter / Pietari / Peeter,Nilsiä,Pekka/Pekko,8,6
Peter / Pietari / Peeter,Nilsiä,Peter,2,2
Peter / Pietari / Peeter,Noarootsi,Peter,6,1
Peter / Pietari / Peeter,Noormarkku,Peter,1,1
Peter / Pietari / Peeter,Noormarkku,Petteri/Pietari,1,1
Peter / Pietari / Peeter,Nurmes,Pekka/Pekko,18,18
Peter / Pietari / Peeter,Nurmes,Peter,7,7
Peter / Pietari / Peeter,Nurmes,Petteri/Pietari,3,3
Peter / Pietari / Peeter,Nurmijärvi,Peter,1,1
Peter / Pietari / Peeter,Orimattila,Peter,5,4
Peter / Pietari / Peeter,Otepää,Peeter,2,1
Peter / Pietari / Peeter,Otepää,Peter,2,2
Peter / Pietari / Peeter,Oulanka,Peter,1,1
Peter / Pietari / Peeter,Oulunsalo,Peter,1,1
Peter / Pietari / Peeter,Paatene,Peter,1,1
Peter / Pietari / Peeter,Paavola,Pekka/Pekko,1,1
Peter / Pietari / Peeter,Paistu,Peeter,4,2
Peter / Pietari / Peeter,Paistu,Peter,12,9
Peter / Pietari / Peeter,Palamuse,Peeter,1,1
Peter / Pietari / Peeter,Palamuse,Peter,2,1
Peter / Pietari / Peeter,Paltamo,Pekka/Pekko,1,1
Peter / Pietari / Peeter,Parikkala,Pekka/Pekko,2,2
Peter / Pietari / Peeter,Parikkala,Peter,1,1
Peter / Pietari / Peeter,Parikkala,Petteri/Pietari,1,1
Peter / Pietari / Peeter,Parkano,Peter,3,3
Peter / Pietari / Peeter,Peetri,Peeter,3,3
Peter / Pietari / Peeter,Peetri,Peter,4,2
Peter / Pietari / Peeter,Perho,Pekka/Pekko,2,1
Peter / Pietari / Peeter,Perho,Peter,2,2
Peter / Pietari / Peeter,Perniö,Peter,3,3
Peter / Pietari / Peeter,Pertteli,Peter,1,1
Peter / Pietari / Peeter,Pieksämäki,Pekka/Pekko,3,3
Peter / Pietari / Peeter,Pielavesi,Pekka/Pekko,11,10
Peter / Pietari / Peeter,Pielavesi,Peter,2,2
Peter / Pietari / Peeter,Pielavesi,Petteri/Pietari,1,1
Peter / Pietari / Peeter,Pielisjärvi,Pekka/Pekko,2,1
Peter / Pietari / Peeter,Pielisjärvi,Peter,1,1
Peter / Pietari / Peeter,Pihtipudas,Pekka/Pekko,1,1
Peter / Pietari / Peeter,Pilistvere,Peeter,5,1
Peter / Pietari / Peeter,Pilistvere,Peter,6,2
Peter / Pietari / Peeter,Polvijärvi,Pekka/Pekko,4,4
Peter / Pietari / Peeter,Polvijärvi,Peter,1,1
Peter / Pietari / Peeter,Polvijärvi,Petteri/Pietari,1,1
Peter / Pietari / Peeter,Porajärvi,Pekka/Pekko,8,4
Peter / Pietari / Peeter,Porajärvi,Peter,6,4
Peter / Pietari / Peeter,Porajärvi,Petteri/Pietari,1,1
Peter / Pietari / Peeter,Pori,Pekka/Pekko,2,2
Peter / Pietari / Peeter,Pori,Peter,1,1
Peter / Pietari / Peeter,Pudasjärvi,Pekka/Pekko,1,1
Peter / Pietari / Peeter,Pudasjärvi,Peter,2,2
Peter / Pietari / Peeter,Puhja,Peeter,1,1
Peter / Pietari / Peeter,Puhja,Peter,4,4
Peter / Pietari / Peeter,Pulkkila,Pekka/Pekko,3,1
Peter / Pietari / Peeter,Puolanka,Peter,1,1
Peter / Pietari / Peeter,Puumala,Pekka/Pekko,4,3
Peter / Pietari / Peeter,Puumala,Peter,9,2
Peter / Pietari / Peeter,Pyhäjärvi Ol.,Pekka/Pekko,2,2
Peter / Pietari / Peeter,Pyhäjärvi Ul.,Peter,1,1
Peter / Pietari / Peeter,Pyhäjärvi Vpl.,Pekka/Pekko,3,3
Peter / Pietari / Peeter,Pyhäjärvi Vpl.,Peter,2,2
Peter / Pietari / Peeter,Pyhäranta,Peter,1,1
Peter / Pietari / Peeter,Pyhäselkä,Pekka/Pekko,2,2
Peter / Pietari / Peeter,Pyhäselkä,Peter,1,1
Peter / Pietari / Peeter,Pylkönmäki,Peter,1,1
Peter / Pietari / Peeter,Pälkjärvi,Peter,5,2
Peter / Pietari / Peeter,Pärnu,Peeter,2,1
Peter / Pietari / Peeter,Pärnu,Peter,2,2
Peter / Pietari / Peeter,Pärnu-Jaagupi,Peeter,2,2
Peter / Pietari / Peeter,Põltsamaa,Peeter,6,2
Peter / Pietari / Peeter,Põltsamaa,Peter,1,1
Peter / Pietari / Peeter,Põlva,Peeter,1,1
Peter / Pietari / Peeter,Põlva,Pekka/Pekko,1,1
Peter / Pietari / Peeter,Põlva,Peter,7,3
Peter / Pietari / Peeter,Pöide,Peeter,1,1
Peter / Pietari / Peeter,Pöide,Peter,4,3
Peter / Pietari / Peeter,Pöytyä,Pekka/Pekko,1,1
Peter / Pietari / Peeter,Pöytyä,Peter,2,2
Peter / Pietari / Peeter,Pühalepa,Peeter,3,1
Peter / Pietari / Peeter,Rannu,Peeter,1,1
Peter / Pietari / Peeter,Rannu,Peter,3,2
Peter / Pietari / Peeter,Rantsila,Pekka/Pekko,4,4
Peter / Pietari / Peeter,Rantsila,Peter,2,2
Peter / Pietari / Peeter,Ranua,Pekka/Pekko,2,1
Peter / Pietari / Peeter,Ranua,Peter,2,2
Peter / Pietari / Peeter,Rauma,Peter,5,5
Peter / Pietari / Peeter,Rautalampi,Pekka/Pekko,2,2
Peter / Pietari / Peeter,Rautavaara,Pekka/Pekko,2,2
Peter / Pietari / Peeter,Rautavaara,Peter,6,4
Peter / Pietari / Peeter,Rautu,Peter,1,1
Peter / Pietari / Peeter,Reigi,Peter,2,2
Peter / Pietari / Peeter,Renko,Peter,2,2
Peter / Pietari / Peeter,Repola,Peter,8,5
Peter / Pietari / Peeter,Risti,Peter,9,2
Peter / Pietari / Peeter,Ristiina,Pekka/Pekko,2,2
Peter / Pietari / Peeter,Ristiina,Peter,3,1
Peter / Pietari / Peeter,Ristijärvi,Pekka/Pekko,2,2
Peter / Pietari / Peeter,Ropsu,Peter,1,1
Peter / Pietari / Peeter,Rovaniemi,Peter,3,3
Peter / Pietari / Peeter,Ruokolahti,Pekka/Pekko,1,1
Peter / Pietari / Peeter,Ruokolahti,Peter,1,1
Peter / Pietari / Peeter,Ruovesi,Pekka/Pekko,1,1
Peter / Pietari / Peeter,Ruovesi,Peter,1,1
Peter / Pietari / Peeter,Räisälä,Pekka/Pekko,2,2
Peter / Pietari / Peeter,Räisälä,Peter,1,1
Peter / Pietari / Peeter,Räisälä,Petteri/Pietari,1,1
Peter / Pietari / Peeter,Räpina,Peter,10,3
Peter / Pietari / Peeter,Räpina,Petteri/Pietari,11,2
Peter / Pietari / Peeter,Rääkkylä,Pekka/Pekko,2,2
Peter / Pietari / Peeter,Rääkkylä,Peter,5,3
Peter / Pietari / Peeter,Rääkkylä,Petteri/Pietari,1,1
Peter / Pietari / Peeter,Rõngu,Peter,9,8
Peter / Pietari / Peeter,Rõuge,Peeter,1,1
Peter / Pietari / Peeter,Rõuge,Peter,1,1
Peter / Pietari / Peeter,Saari,Pekka/Pekko,2,2
Peter / Pietari / Peeter,Saari,Peter,1,1
Peter / Pietari / Peeter,Saarijärvi,Pekka/Pekko,2,2
Peter / Pietari / Peeter,Saarijärvi,Peter,5,5
Peter / Pietari / Peeter,Sakkola,Pekka/Pekko,3,2
Peter / Pietari / Peeter,Salmi,Peter,21,8
Peter / Pietari / Peeter,Salo,Pekka/Pekko,1,1
Peter / Pietari / Peeter,Sangaste,Peeter,3,1
Peter / Pietari / Peeter,Sangaste,Peter,6,4
Peter / Pietari / Peeter,Sauvo,Peter,1,1
Peter / Pietari / Peeter,Savitaipale,Pekka/Pekko,1,1
Peter / Pietari / Peeter,Savitaipale,Peter,2,1
Peter / Pietari / Peeter,Savonlinna,Pekka/Pekko,4,3
Peter / Pietari / Peeter,Savonlinna,Peter,2,2
Peter / Pietari / Peeter,Serepetta,Peter,3,3
Peter / Pietari / Peeter,Serepetta,Petteri/Pietari,2,2
Peter / Pietari / Peeter,Setumaa,Peeter,1,1
Peter / Pietari / Peeter,Setumaa,Peter,10,4
Peter / Pietari / Peeter,Setumaa,Petteri/Pietari,1,1
Peter / Pietari / Peeter,Siilinjärvi,Pekka/Pekko,1,1
Peter / Pietari / Peeter,Simo,Pekka/Pekko,4,3
Peter / Pietari / Peeter,Simo,Peter,1,1
Peter / Pietari / Peeter,Simuna,Peeter,2,1
Peter / Pietari / Peeter,Simuna,Peter,1,1
Peter / Pietari / Peeter,Sippola,Pekka/Pekko,1,1
Peter / Pietari / Peeter,Sippola,Peter,1,1
Peter / Pietari / Peeter,Skuoritsa,Pekka/Pekko,1,1
Peter / Pietari / Peeter,Skuoritsa,Peter,1,1
Peter / Pietari / Peeter,Soanlahti,Peter,10,8
Peter / Pietari / Peeter,Sodankylä,Peter,1,1
Peter / Pietari / Peeter,Soikkola,Peter,31,18
Peter / Pietari / Peeter,Soikkola,Petteri/Pietari,4,3
Peter / Pietari / Peeter,Somerniemi,Peter,1,1
Peter / Pietari / Peeter,Somero,Peter,2,2
Peter / Pietari / Peeter,Sonkajärvi,Pekka/Pekko,14,14
Peter / Pietari / Peeter,Sonkajärvi,Peter,2,2
Peter / Pietari / Peeter,Sortavala,Pekka/Pekko,2,2
Peter / Pietari / Peeter,Sortavala,Peter,4,4
Peter / Pietari / Peeter,Sotkamo,Pekka/Pekko,5,4
Peter / Pietari / Peeter,Soutjärvi,Peter,2,2
Peter / Pietari / Peeter,Spankkova,Peter,2,2
Peter / Pietari / Peeter,Suistamo,Pekka/Pekko,3,3
Peter / Pietari / Peeter,Suistamo,Peter,51,17
Peter / Pietari / Peeter,Suistamo,Petteri/Pietari,2,2
Peter / Pietari / Peeter,Sulkava,Peter,1,1
Peter / Pietari / Peeter,Suojärvi,Pekka/Pekko,1,1
Peter / Pietari / Peeter,Suojärvi,Peter,24,11
Peter / Pietari / Peeter,Suojärvi,Petteri/Pietari,6,1
Peter / Pietari / Peeter,Suomusjärvi,Peter,1,1
Peter / Pietari / Peeter,Suomussalmi,Pekka/Pekko,1,1
Peter / Pietari / Peeter,Suonenjoki,Pekka/Pekko,1,1
Peter / Pietari / Peeter,Suure-Jaani,Peter,9,7
Peter / Pietari / Peeter,Sysmä,Peter,1,1
Peter / Pietari / Peeter,Säfsnäs,Peter,1,1
Peter / Pietari / Peeter,Säkkijärvi,Peter,1,1
Peter / Pietari / Peeter,Säräisniemi,Pekka/Pekko,2,2
Peter / Pietari / Peeter,Säämäjärvi,Peter,2,1
Peter / Pietari / Peeter,Taipalsaari,Pekka/Pekko,2,1
Peter / Pietari / Peeter,Taipalsaari,Peter,1,1
Peter / Pietari / Peeter,Taivassalo,Peter,1,1
Peter / Pietari / Peeter,Tammela,Peter,1,1
Peter / Pietari / Peeter,Tampere,Peter,3,3
Peter / Pietari / Peeter,Tarvastu,Peeter,2,2
Peter / Pietari / Peeter,Tarvastu,Peter,7,5
Peter / Pietari / Peeter,Tarvastu,Petteri/Pietari,1,1
Peter / Pietari / Peeter,Terijoki,Pekka/Pekko,1,1
Peter / Pietari / Peeter,Terijoki,Peter,1,1
Peter / Pietari / Peeter,Tervo,Pekka/Pekko,1,1
Peter / Pietari / Peeter,Tervola,Pekka/Pekko,1,1
Peter / Pietari / Peeter,Tervola,Peter,2,1
Peter / Pietari / Peeter,Tohmajärvi,Pekka/Pekko,4,4
Peter / Pietari / Peeter,Tohmajärvi,Peter,3,2
Peter / Pietari / Peeter,Toksova,Peter,2,2
Peter / Pietari / Peeter,Tori,Peeter,1,1
Peter / Pietari / Peeter,Torma,Peter,9,3
Peter / Pietari / Peeter,Tulemajärvi,Pekka/Pekko,1,1
Peter / Pietari / Peeter,Tulemajärvi,Peter,6,2
Peter / Pietari / Peeter,Turku,Pekka/Pekko,1,1
Peter / Pietari / Peeter,Turku,Peter,2,2
Peter / Pietari / Peeter,Tuulos,Pekka/Pekko,1,1
Peter / Pietari / Peeter,Tuulos,Peter,2,2
Peter / Pietari / Peeter,Tuupovaara,Peter,4,1
Peter / Pietari / Peeter,Tuusniemi,Pekka/Pekko,2,2
Peter / Pietari / Peeter,Tuusniemi,Peter,2,2
Peter / Pietari / Peeter,Tuusniemi,Petteri/Pietari,2,2
Peter / Pietari / Peeter,Tuusula,Peter,3,3
Peter / Pietari / Peeter,Tuutari,Peter,1,1
Peter / Pietari / Peeter,Tyrvää,Peter,3,3
Peter / Pietari / Peeter,Tyrö,Peter,6,6
Peter / Pietari / Peeter,Tytärsaari,Peter,1,1
Peter / Pietari / Peeter,Tõstamaa,Peeter,1,1
Peter / Pietari / Peeter,Töysä,Pekka/Pekko,2,2
Peter / Pietari / Peeter,Töysä,Peter,3,3
Peter / Pietari / Peeter,Töysä,Petteri/Pietari,1,1
Peter / Pietari / Peeter,Türi,Peeter,1,1
Peter / Pietari / Peeter,Uhtua,Pekka/Pekko,2,2
Peter / Pietari / Peeter,Urjala,Peter,1,1
Peter / Pietari / Peeter,Urvaste,Peeter,6,1
Peter / Pietari / Peeter,Urvaste,Peter,2,2
Peter / Pietari / Peeter,Urvaste,Petteri/Pietari,1,1
Peter / Pietari / Peeter,Uskela,Peter,10,10
Peter / Pietari / Peeter,Uukuniemi,Peter,5,2
Peter / Pietari / Peeter,Uurainen,Pekka/Pekko,1,1
Peter / Pietari / Peeter,Uusikaupunki,Pekka/Pekko,7,4
Peter / Pietari / Peeter,Uusikaupunki,Peter,4,4
Peter / Pietari / Peeter,Uusikirkko Tl.,Peter,2,2
Peter / Pietari / Peeter,Vahto,Peter,1,1
Peter / Pietari / Peeter,Vahto,Petteri/Pietari,1,1
Peter / Pietari / Peeter,Vaivara,Peeter,2,2
Peter / Pietari / Peeter,Vaivara,Peter,4,2
Peter / Pietari / Peeter,Valkeasaari,Pekka/Pekko,2,2
Peter / Pietari / Peeter,Valkeasaari,Peter,2,2
Peter / Pietari / Peeter,Valtimo,Pekka/Pekko,2,2
Peter / Pietari / Peeter,Vanaja,Peter,1,1
Peter / Pietari / Peeter,Varbla,Peeter,1,1
Peter / Pietari / Peeter,Varkaus,Peter,3,2
Peter / Pietari / Peeter,Varpaisjärvi,Pekka/Pekko,2,2
Peter / Pietari / Peeter,Vastseliina,Peter,13,5
Peter / Pietari / Peeter,Vehkalahti,Peter,1,1
Peter / Pietari / Peeter,Vehmersalmi,Pekka/Pekko,1,1
Peter / Pietari / Peeter,Venjoki,Pekka/Pekko,1,1
Peter / Pietari / Peeter,Venjoki,Peter,6,6
Peter / Pietari / Peeter,Veteli,Pekka/Pekko,3,1
Peter / Pietari / Peeter,Veteli,Petteri/Pietari,1,1
Peter / Pietari / Peeter,Vieljärvi,Peter,6,2
Peter / Pietari / Peeter,Vigala,Peter,1,1
Peter / Pietari / Peeter,Vihanti,Pekka/Pekko,1,1
Peter / Pietari / Peeter,Vihanti,Peter,4,3
Peter / Pietari / Peeter,Vihanti,Petteri/Pietari,1,1
Peter / Pietari / Peeter,Viipuri,Pekka/Pekko,2,2
Peter / Pietari / Peeter,Viipuri,Peter,2,2
Peter / Pietari / Peeter,Viitasaari,Pekka/Pekko,5,4
Peter / Pietari / Peeter,Viitasaari,Peter,2,2
Peter / Pietari / Peeter,Viljakkala,Peter,1,1
Peter / Pietari / Peeter,Viljandi,Peeter,4,2
Peter / Pietari / Peeter,Viljandi,Peter,3,3
Peter / Pietari / Peeter,Virtasalmi,Pekka/Pekko,6,6
Peter / Pietari / Peeter,Viru-Nigula,Peeter,1,1
Peter / Pietari / Peeter,Viru-Nigula,Peter,4,2
Peter / Pietari / Peeter,Vuokkiniemi,Pekka/Pekko,4,2
Peter / Pietari / Peeter,Vuokkiniemi,Petteri/Pietari,10,3
Peter / Pietari / Peeter,Vuoksela,Pekka/Pekko,1,1
Peter / Pietari / Peeter,Vuoksela,Peter,1,1
Peter / Pietari / Peeter,Vuole,Pekka/Pekko,6,4
Peter / Pietari / Peeter,Vuole,Peter,1,1
Peter / Pietari / Peeter,Väike-Maarja,Peeter,3,1
Peter / Pietari / Peeter,Väike-Maarja,Peter,6,4
Peter / Pietari / Peeter,Võnnu,Peeter,1,1
Peter / Pietari / Peeter,Võnnu,Peter,6,3
Peter / Pietari / Peeter,Võnnu,Petteri/Pietari,2,2
Peter / Pietari / Peeter,Ylikiiminki,Peter,2,2
Peter / Pietari / Peeter,Ylitornio,Peter,1,1
Peter / Pietari / Peeter,Ylämaa,Pekka/Pekko,1,1
Peter / Pietari / Peeter,Ylämaa,Peter,2,2
Peter / Pietari / Peeter,Yläne,Peter,1,1
Peter / Pietari / Peeter,Ylöjärvi,Peter,1,1
Peter / Pietari / Peeter,Ähtäri,Peter,1,1
Peter / Pietari / Peeter,Äksi,Peter,1,1
Peter / Pietari / Peeter,Östmark,Peter,1,1
Väinämöinen,Aura,Väinö/Väinämö,1,1
Väinämöinen,Brandval,Väinämöinen,1,1
Väinämöinen,Eno,Väinämöinen,3,2
Väinämöinen,Grue Finnskog,Väinämöinen,2,2
Väinämöinen,Haapajärvi,Väinämöinen,10,2
Väinämöinen,Hankasalmi,Väinämöinen,1,1
Väinämöinen,Hietamäki,Väinämöinen,1,1
Väinämöinen,Huittinen,Väinämöinen,1,1
Väinämöinen,Iisalmi,Väinämöinen,5,5
Väinämöinen,Ilmajoki,Väinämöinen,1,1
Väinämöinen,Ilomantsi,Väinämöinen,156,60
Väinämöinen,Ilomantsi,Väinö/Väinämö,2,2
Väinämöinen,Impilahti,Väinämöinen,25,8
Väinämöinen,Jaakkima,Väinö/Väinämö,1,1
Väinämöinen,Joensuu,Väinö/Väinämö,1,1
Väinämöinen,Joroinen,Väinämöinen,19,8
Väinämöinen,Joutsa,Väinämöinen,2,1
Väinämöinen,Juuka,Väinämöinen,2,2
Väinämöinen,Juva,Väinämöinen,5,5
Väinämöinen,Jämsä,Väinö/Väinämö,1,1
Väinämöinen,Jäppilä,Väinämöinen,2,1
Väinämöinen,Kaavi,Väinämöinen,9,7
Väinämöinen,Kaavi,Väinö/Väinämö,1,1
Väinämöinen,Kangaslampi,Väinämöinen,1,1
Väinämöinen,Kangasniemi,Väinämöinen,1,1
Väinämöinen,Kaprio,Väinämöinen,23,10
Väinämöinen,Kaprio,Väinö/Väinämö,2,2
Väinämöinen,Karstula,Väinämöinen,3,1
Väinämöinen,Kauhava,Väinämöinen,1,1
Väinämöinen,Keitele,Väinämöinen,1,1
Väinämöinen,Keltto,Väinämöinen,1,1
Väinämöinen,Kerimäki,Väinämöinen,3,3
Väinämöinen,Kestilä,Väinämöinen,2,2
Väinämöinen,Kesälahti,Väinämöinen,25,7
Väinämöinen,Kesälahti,Väinö/Väinämö,2,2
Väinämöinen,Kiestinki,Väinämöinen,18,3
Väinämöinen,Kiimaisjärvi,Väinämöinen,14,5
Väinämöinen,Kiimaisjärvi,Väinö/Väinämö,1,1
Väinämöinen,Kinnula,Väinämöinen,3,1
Väinämöinen,Kitee,Väinämöinen,29,12
Väinämöinen,Kitee,Väinö/Väinämö,1,1
Väinämöinen,Kittilä,Väinämöinen,5,4
Väinämöinen,Kiuruvesi,Väinämöinen,4,2
Väinämöinen,Kivijärvi,Väinämöinen,2,2
Väinämöinen,Kontiolahti,Väinämöinen,5,4
Väinämöinen,Kontokki,Väinämöinen,9,8
Väinämöinen,Kontokki,Väinö/Väinämö,1,1
Väinämöinen,Korpilahti,Väinämöinen,1,1
Väinämöinen,Korpiselkä,Väinämöinen,40,23
Väinämöinen,Korpiselkä,Väinö/Väinämö,9,5
Väinämöinen,Kuhmo,Väinämöinen,1,1
Väinämöinen,Kuhmo,Väinö/Väinämö,1,1
Väinämöinen,Kuhmoinen,Väinämöinen,2,1
Väinämöinen,Kuopio,Väinämöinen,1,1
Väinämöinen,Kurkijoki,Väinämöinen,2,2
Väinämöinen,Kuusamo,Väinämöinen,2,1
Väinämöinen,Kuusjärvi,Väinämöinen,2,2
Väinämöinen,Kärsämäki,Väinämöinen,1,1
Väinämöinen,Köyliö,Väinämöinen,1,1
Väinämöinen,Lapinlahti,Väinämöinen,10,3
Väinämöinen,Lappee,Väinö/Väinämö,1,1
Väinämöinen,Lekvattnet,Väinämöinen,1,1
Väinämöinen,Lemi,Väinämöinen,2,2
Väinämöinen,Lempaala,Väinämöinen,12,11
Väinämöinen,Lempaala,Väinö/Väinämö,1,1
Väinämöinen,Leppävirta,Väinämöinen,1,1
Väinämöinen,Liperi,Väinämöinen,8,4
Väinämöinen,Maaninka,Väinämöinen,2,2
Väinämöinen,Metsäpirtti,Väinämöinen,2,2
Väinämöinen,Metsäpirtti,Väinö/Väinämö,2,1
Väinämöinen,Miehikkälä,Väinö/Väinämö,1,1
Väinämöinen,Muolaa,Väinö/Väinämö,2,1
Väinämöinen,Muonio,Väinämöinen,1,1
Väinämöinen,Muuruvesi,Väinämöinen,4,3
Väinämöinen,Mäntyharju,Väinämöinen,1,1
Väinämöinen,Narvusi,Väinämöinen,8,3
Väinämöinen,Nivala,Väinämöinen,1,1
Väinämöinen,Nurmes,Väinämöinen,8,8
Väinämöinen,Nurmes,Väinö/Väinämö,2,2
Väinämöinen,Paatene,Väinö/Väinämö,8,2
Väinämöinen,Padasjoki,Väinämöinen,3,1
Väinämöinen,Paltamo,Väinämöinen,10,7
Väinämöinen,Paltamo,Väinö/Väinämö,1,1
Väinämöinen,Parikkala,Väinämöinen,2,2
Väinämöinen,Pieksämäki,Väinämöinen,3,3
Väinämöinen,Pielavesi,Väinämöinen,16,6
Väinämöinen,Pielavesi,Väinö/Väinämö,1,1
Väinämöinen,Pielisjärvi,Väinämöinen,5,4
Väinämöinen,Pielisjärvi,Väinö/Väinämö,2,1
Väinämöinen,Piippola,Väinämöinen,2,2
Väinämöinen,Pistojärvi,Väinämöinen,7,5
Väinämöinen,Porajärvi,Väinämöinen,14,6
Väinämöinen,Pudasjärvi,Väinämöinen,1,1
Väinämöinen,Puolanka,Väinämöinen,1,1
Väinämöinen,Pyhäjärvi Ol.,Väinämöinen,2,1
Väinämöinen,Pyhäjärvi Vpl.,Väinämöinen,1,1
Väinämöinen,Pöide,Väinö/Väinämö,1,1
Väinämöinen,Rantasalmi,Väinämöinen,1,1
Väinämöinen,Rautalampi,Väinämöinen,1,1
Väinämöinen,Rautavaara,Väinö/Väinämö,1,1
Väinämöinen,Repola,Väinämöinen,29,13
Väinämöinen,Repola,Väinö/Väinämö,6,4
Väinämöinen,Ruskeala,Väinämöinen,1,1
Väinämöinen,Räisälä,Väinämöinen,1,1
Väinämöinen,Rääkkylä,Väinämöinen,14,7
Väinämöinen,Rääpyvä,Väinämöinen,1,1
Väinämöinen,Saarijärvi,Väinämöinen,7,5
Väinämöinen,Sakkola,Väinämöinen,2,2
Väinämöinen,Salmi,Väinämöinen,12,5
Väinämöinen,Savitaipale,Väinämöinen,1,1
Väinämöinen,Siilinjärvi,Väinämöinen,1,1
Väinämöinen,Soanlahti,Väinämöinen,6,3
Väinämöinen,Soanlahti,Väinö/Väinämö,2,2
Väinämöinen,Soikkola,Väinämöinen,22,11
Väinämöinen,Soikkola,Väinö/Väinämö,6,4
Väinämöinen,Sonkajärvi,Väinämöinen,1,1
Väinämöinen,Sortavala,Väinämöinen,4,4
Väinämöinen,Sotkamo,Väinämöinen,19,9
Väinämöinen,Suistamo,Väinämöinen,158,69
Väinämöinen,Suistamo,Väinö/Väinämö,47,20
Väinämöinen,Sulkava,Väinämöinen,1,1
Väinämöinen,Suojärvi,Väinämöinen,93,36
Väinämöinen,Suojärvi,Väinö/Väinämö,15,6
Väinämöinen,Suomussalmi,Väinämöinen,3,3
Väinämöinen,Suonenjoki,Väinämöinen,3,3
Väinämöinen,Säräisniemi,Väinämöinen,3,2
Väinämöinen,Sääminki,Väinämöinen,1,1
Väinämöinen,Sääminki,Väinö/Väinämö,1,1
Väinämöinen,Säämäjärvi,Väinämöinen,3,1
Väinämöinen,Taivalkoski,Väinämöinen,1,1
Väinämöinen,Tartu-Maarja,Väinö/Väinämö,1,1
Väinämöinen,Tohmajärvi,Väinämöinen,2,2
Väinämöinen,Tohmajärvi,Väinö/Väinämö,2,1
Väinämöinen,Toksova,Väinämöinen,2,1
Väinämöinen,Tolmačču,Väinö/Väinämö,2,1
Väinämöinen,Tulemajärvi,Väinämöinen,12,3
Väinämöinen,Tulemajärvi,Väinö/Väinämö,2,2
Väinämöinen,Turtola,Väinämöinen,2,2
Väinämöinen,Tuupovaara,Väinämöinen,12,3
Väinämöinen,Tuusniemi,Väinämöinen,1,1
Väinämöinen,Tyrvää,Väinämöinen,4,1
Väinämöinen,Tyrvää,Väinö/Väinämö,1,1
Väinämöinen,Tyrö,Väinämöinen,11,2
Väinämöinen,Uhtua,Väinämöinen,19,7
Väinämöinen,Uukuniemi,Väinämöinen,1,1
Väinämöinen,Valkeasaari,Väinämöinen,1,1
Väinämöinen,Valtimo,Väinämöinen,5,4
Väinämöinen,Varpaisjärvi,Väinämöinen,2,2
Väinämöinen,Venjoki,Väinämöinen,1,1
Väinämöinen,Vieljärvi,Väinämöinen,5,3
Väinämöinen,Vieljärvi,Väinö/Väinämö,2,1
Väinämöinen,Virolahti,Väinö/Väinämö,1,1
Väinämöinen,Vuokkiniemi,Väinämöinen,46,22
Väinämöinen,Vuokkiniemi,Väinö/Väinämö,4,3
Väinämöinen,Vuole,Väinämöinen,7,5
Väinämöinen,Vuole,Väinö/Väinämö,2,2
Väinämöinen,Yli-Ii,Väinö/Väinämö,1,1
Väinämöinen,Östmark,Väinämöinen,2,2
