feature_rank_by_size,semantic_name_group,area_name,macroRegion,langLabel,langCode,standard_lemma_map_category,mentions,poems,standard_lemma_types,top_standard_lemmas,top_english_variants
1,Mary / Maria / Maarja / Mari,Alastaro,Finland/Savo-Karelia,Finnish,su,Maija,2,1,1,Maija (2),Maija/Maie (2)
1,Mary / Maria / Maarja / Mari,Alatornio,Finland/Savo-Karelia,Finnish,su,Maija,3,3,1,Maija (3),Maija/Maie (3)
1,Mary / Maria / Maarja / Mari,Alatornio,Finland/Savo-Karelia,Finnish,su,Maria,1,1,1,Maria (1),Mary (1)
1,Mary / Maria / Maarja / Mari,Alatornio,Finland/Savo-Karelia,Finnish,su,Other,1,1,1,Lassinmaija (1),Maija/Maie (1)
1,Mary / Maria / Maarja / Mari,Alavus,Finland/Savo-Karelia,Finnish,su,Maija,3,2,1,Maija (3),Maija/Maie (2); Mary (1)
1,Mary / Maria / Maarja / Mari,Alavus,Finland/Savo-Karelia,Finnish,su,Maria,1,1,1,Maria (1),Mary (1)
1,Mary / Maria / Maarja / Mari,Ambla,Estonia core/west,North Estonian,viP,Maie,5,3,1,Maie (5),Maija/Maie (5)
1,Mary / Maria / Maarja / Mari,Ambla,Estonia core/west,North Estonian,viP,Maarja,3,3,1,Maarja (3),Mary (3)
1,Mary / Maria / Maarja / Mari,Ambla,Estonia core/west,North Estonian,viP,Mari,3,1,1,Mari (3),Mary (2); Mari (1)
1,Mary / Maria / Maarja / Mari,Ambla,Estonia core/west,North Estonian,viP,Maria,2,2,1,Maria (2),Mary (2)
1,Mary / Maria / Maarja / Mari,Ambla,Estonia core/west,North Estonian,viP,Other,1,1,1,Marike (1),Mari (1)
1,Mary / Maria / Maarja / Mari,Asikkala,Finland/Savo-Karelia,Finnish,su,Maija,8,8,1,Maija (8),Maija/Maie (8)
1,Mary / Maria / Maarja / Mari,Asikkala,Finland/Savo-Karelia,Finnish,su,Maaria,1,1,1,Maaria (1),Mary (1)
1,Mary / Maria / Maarja / Mari,Asikkala,Finland/Savo-Karelia,Finnish,su,Maria,1,1,1,Maria (1),Mary (1)
1,Mary / Maria / Maarja / Mari,Audru,Estonia core/west,North Estonian,viP,Mari,11,2,1,Mari (11),Mari (11)
1,Mary / Maria / Maarja / Mari,Audru,Estonia core/west,North Estonian,viP,Maie,3,1,1,Maie (3),Maija/Maie (3)
1,Mary / Maria / Maarja / Mari,Audru,Estonia core/west,North Estonian,viP,Maarja,1,1,1,Maarja (1),Mary (1)
1,Mary / Maria / Maarja / Mari,Audru,Estonia core/west,North Estonian,viP,Other,1,1,1,marikene (1),Mari (1)
1,Mary / Maria / Maarja / Mari,Brandval,Finland/Savo-Karelia,Finnish,su,Maria,2,1,1,Maria (2),Mary (2)
1,Mary / Maria / Maarja / Mari,Elimäki,Finland/Savo-Karelia,Finnish,su,Other,1,1,1,Anna-Maija (1),Maija/Maie (1)
1,Mary / Maria / Maarja / Mari,Emmaste,Estonia core/west,North Estonian,viP,Maarja,1,1,1,Maarja (1),Mary (1)
1,Mary / Maria / Maarja / Mari,Eno,Finland/Savo-Karelia,Finnish,su,Mari,2,2,1,Mari (2),Mary (1); Mari (1)
1,Mary / Maria / Maarja / Mari,Enontekiö,Finland/Savo-Karelia,Finnish,su,Maija,1,1,1,Maija (1),Maija/Maie (1)
1,Mary / Maria / Maarja / Mari,Eräjärvi,Finland/Savo-Karelia,Finnish,su,Maija,1,1,1,Maija (1),Maija/Maie (1)
1,Mary / Maria / Maarja / Mari,Eräjärvi,Finland/Savo-Karelia,Finnish,su,Maria,1,1,1,Maria (1),Mary (1)
1,Mary / Maria / Maarja / Mari,Eura,Finland/Savo-Karelia,Finnish,su,Other,1,1,1,varesmaija (1),Maija/Maie (1)
1,Mary / Maria / Maarja / Mari,Evijärvi,Finland/Savo-Karelia,Finnish,su,Maija,1,1,1,Maija (1),Maija/Maie (1)
1,Mary / Maria / Maarja / Mari,Evijärvi,Finland/Savo-Karelia,Finnish,su,Other,1,1,1,Juurikka-Maija (1),Mary (1)
1,Mary / Maria / Maarja / Mari,Forssa,Finland/Savo-Karelia,Finnish,su,Maaria,1,1,1,Maaria (1),Mary (1)
1,Mary / Maria / Maarja / Mari,Grue Finnskog,Finland/Savo-Karelia,Finnish,su,Maria,1,1,1,Maria (1),Maria/Maaria (1)
1,Mary / Maria / Maarja / Mari,Hailuoto,Finland/Savo-Karelia,Finnish,su,Maaria,2,1,1,Maaria (2),Maria/Maaria (2)
1,Mary / Maria / Maarja / Mari,Hailuoto,Finland/Savo-Karelia,Finnish,su,Maria,1,1,1,Maria (1),Mary (1)
1,Mary / Maria / Maarja / Mari,Hailuoto,Finland/Savo-Karelia,Finnish,su,Other,1,1,1,maijamaa (1),Maija/Maie (1)
1,Mary / Maria / Maarja / Mari,Halikko,Finland/Savo-Karelia,Finnish,su,Other,3,2,3,Helssa & Maija (1); kampela & Maija (1); Helsa & Maija (1),Maija/Maie (3)
1,Mary / Maria / Maarja / Mari,Halikko,Finland/Savo-Karelia,Finnish,su,Maija,2,2,1,Maija (2),Maija/Maie (2)
1,Mary / Maria / Maarja / Mari,Haljala,Estonia core/west,North Estonian,viP,Mari,21,14,1,Mari (21),Mari (17); Mary (4)
1,Mary / Maria / Maarja / Mari,Haljala,Estonia core/west,North Estonian,viP,Maie,13,8,1,Maie (13),Maija/Maie (13)
1,Mary / Maria / Maarja / Mari,Haljala,Estonia core/west,North Estonian,viP,Maarja,8,6,1,Maarja (8),Mary (8)
1,Mary / Maria / Maarja / Mari,Haljala,Estonia core/west,North Estonian,viP,Mai,2,1,1,Mai (2),Maija/Maie (2)
1,Mary / Maria / Maarja / Mari,Haljala,Estonia core/west,North Estonian,viP,Maria,2,2,1,Maria (2),Mary (2)
1,Mary / Maria / Maarja / Mari,Haljala,Estonia core/west,North Estonian,viP,Marikene,1,1,1,Marikene (1),Mari (1)
1,Mary / Maria / Maarja / Mari,Halliste,Estonia core/west,South Estonian,viE,Maarja,22,17,1,Maarja (22),Mary (18); Maria/Maaria (2); Mari (2)
1,Mary / Maria / Maarja / Mari,Halliste,Estonia core/west,South Estonian,viE,Mari,9,9,1,Mari (9),Mari (7); Mary (2)
1,Mary / Maria / Maarja / Mari,Halliste,Estonia core/west,South Estonian,viE,Other,8,6,6,Maari (3); mai (1); Marike (1); maiekene (1); maarjeit (1); Maali (1),Mary (3); Maria/Maaria (3); Maija/Maie (2)
1,Mary / Maria / Maarja / Mari,Halliste,Estonia core/west,South Estonian,viE,Maie,3,2,1,Maie (3),Maija/Maie (3)
1,Mary / Maria / Maarja / Mari,Halliste,Estonia core/west,South Estonian,viE,Maaria,2,1,1,Maaria (2),Mary (2)
1,Mary / Maria / Maarja / Mari,Halliste,Estonia core/west,South Estonian,viE,Maria,1,1,1,Maria (1),Mary (1)
1,Mary / Maria / Maarja / Mari,Halsua,Finland/Savo-Karelia,Finnish,su,Other,1,1,1,mustamaija (1),Maija/Maie (1)
1,Mary / Maria / Maarja / Mari,Hanila,Estonia core/west,North Estonian,viP,Mari,2,2,1,Mari (2),Mary (1); Mari (1)
1,Mary / Maria / Maarja / Mari,Hanila,Estonia core/west,North Estonian,viP,Maarja,1,1,1,Maarja (1),Mary (1)
1,Mary / Maria / Maarja / Mari,Hanila,Estonia core/west,North Estonian,viP,Maria,1,1,1,Maria (1),Mary (1)
1,Mary / Maria / Maarja / Mari,Hargla,South Estonia/Seto,South Estonian,viE,Mari,3,2,1,Mari (3),Mari (2); Mary (1)
1,Mary / Maria / Maarja / Mari,Harju-Jaani,Estonia core/west,North Estonian,viP,Mari,15,9,1,Mari (15),Mari (13); Mary (2)
1,Mary / Maria / Maarja / Mari,Harju-Jaani,Estonia core/west,North Estonian,viP,Maarja,2,1,1,Maarja (2),Mary (2)
1,Mary / Maria / Maarja / Mari,Harju-Jaani,Estonia core/west,North Estonian,viP,Maria,2,2,1,Maria (2),Mary (1); Maria/Maaria (1)
1,Mary / Maria / Maarja / Mari,Harju-Jaani,Estonia core/west,North Estonian,viP,Maaria,1,1,1,Maaria (1),Mary (1)
1,Mary / Maria / Maarja / Mari,Harju-Jaani,Estonia core/west,North Estonian,viP,Maie,1,1,1,Maie (1),Maija/Maie (1)
1,Mary / Maria / Maarja / Mari,Harju-Madise,Estonia core/west,North Estonian,viP,Mari,2,1,1,Mari (2),Mari (2)
1,Mary / Maria / Maarja / Mari,Harju-Madise,Estonia core/west,North Estonian,viP,Other,1,1,1,Marike (1),Mari (1)
1,Mary / Maria / Maarja / Mari,Harlu,East Karelia/Veps/Tver,Finnish,su,Maria,2,2,1,Maria (2),Mary (1); Maria/Maaria (1)
1,Mary / Maria / Maarja / Mari,Hartola,Finland/Savo-Karelia,Finnish,su,Other,1,1,1,mustamaija (1),Maija/Maie (1)
1,Mary / Maria / Maarja / Mari,Hattula,Finland/Savo-Karelia,Finnish,su,Maija,6,5,1,Maija (6),Maija/Maie (6)
1,Mary / Maria / Maarja / Mari,Hattula,Finland/Savo-Karelia,Finnish,su,Other,3,3,3,Helsanmaija (1); kuppari & Maija (1); Helsinki & Maija (1),Maija/Maie (3)
1,Mary / Maria / Maarja / Mari,Hattula,Finland/Savo-Karelia,Finnish,su,Mari,2,1,1,Mari (2),Mary (2)
1,Mary / Maria / Maarja / Mari,Hattula,Finland/Savo-Karelia,Finnish,su,Maaria,1,1,1,Maaria (1),Mary (1)
1,Mary / Maria / Maarja / Mari,Hattula,Finland/Savo-Karelia,Finnish,su,Maria,1,1,1,Maria (1),Maria/Maaria (1)
1,Mary / Maria / Maarja / Mari,Hauho,Finland/Savo-Karelia,Finnish,su,Maaria,3,3,1,Maaria (3),Mary (2); Maria/Maaria (1)
1,Mary / Maria / Maarja / Mari,Hauho,Finland/Savo-Karelia,Finnish,su,Maija,1,1,1,Maija (1),Maija/Maie (1)
1,Mary / Maria / Maarja / Mari,Hauho,Finland/Savo-Karelia,Finnish,su,Maria,1,1,1,Maria (1),Mary (1)
1,Mary / Maria / Maarja / Mari,Haukivuori,Finland/Savo-Karelia,Finnish,su,Maria,1,1,1,Maria (1),Mary (1)
1,Mary / Maria / Maarja / Mari,Hausjärvi,Finland/Savo-Karelia,Outside selected Finnic areas,ru,Maija,3,3,1,Maija (3),Maija/Maie (3)
1,Mary / Maria / Maarja / Mari,Hausjärvi,Finland/Savo-Karelia,Outside selected Finnic areas,ru,Other,2,2,2,ahkeramaija (1); Helssa-Maija (1),Maija/Maie (2)
1,Mary / Maria / Maarja / Mari,Hausjärvi,Finland/Savo-Karelia,Outside selected Finnic areas,ru,Mari,1,1,1,Mari (1),Mary (1)
1,Mary / Maria / Maarja / Mari,Heinjoki,Finland/Savo-Karelia,Finnish,su,Mari,1,1,1,Mari (1),Mari (1)
1,Mary / Maria / Maarja / Mari,Helme,Estonia core/west,South Estonian,viE,Maarja,30,18,1,Maarja (30),Mary (30)
1,Mary / Maria / Maarja / Mari,Helme,Estonia core/west,South Estonian,viE,Maie,10,3,1,Maie (10),Maija/Maie (10)
1,Mary / Maria / Maarja / Mari,Helme,Estonia core/west,South Estonian,viE,Mari,5,4,1,Mari (5),Mari (4); Mary (1)
1,Mary / Maria / Maarja / Mari,Helme,Estonia core/west,South Estonian,viE,Other,2,2,2,mari (1); maie+ke (1),Mary (1); Maija/Maie (1)
1,Mary / Maria / Maarja / Mari,Helme,Estonia core/west,South Estonian,viE,Mai,1,1,1,Mai (1),Maija/Maie (1)
1,Mary / Maria / Maarja / Mari,Hietamäki,Ingria,Finnish,su,Other,2,2,2,Maijukka (1); Mari & sisar (1),Maija/Maie (1); Mari (1)
1,Mary / Maria / Maarja / Mari,Hietamäki,Ingria,Finnish,su,Maija,1,1,1,Maija (1),Maija/Maie (1)
1,Mary / Maria / Maarja / Mari,Hiitola,Finland/Savo-Karelia,Finnish,su,Maaria,1,1,1,Maaria (1),Mary (1)
1,Mary / Maria / Maarja / Mari,Hirvensalmi,Finland/Savo-Karelia,Finnish,su,Maria,1,1,1,Maria (1),Mary (1)
1,Mary / Maria / Maarja / Mari,Hollola,Finland/Savo-Karelia,Finnish,su,Maija,5,4,1,Maija (5),Maija/Maie (5)
1,Mary / Maria / Maarja / Mari,Hollola,Finland/Savo-Karelia,Finnish,su,Maaria,1,1,1,Maaria (1),Mary (1)
1,Mary / Maria / Maarja / Mari,Huittinen,Finland/Savo-Karelia,Finnish,su,Maaria,5,3,1,Maaria (5),Maria/Maaria (4); Mary (1)
1,Mary / Maria / Maarja / Mari,Huittinen,Finland/Savo-Karelia,Finnish,su,Other,2,1,1,Mittu-Maaria (2),Maria/Maaria (2)
1,Mary / Maria / Maarja / Mari,Huittinen,Finland/Savo-Karelia,Finnish,su,Maria,1,1,1,Maria (1),Mary (1)
1,Mary / Maria / Maarja / Mari,Humppila,Finland/Savo-Karelia,Finnish,su,Maria,5,3,1,Maria (5),Mary (5)
1,Mary / Maria / Maarja / Mari,Humppila,Finland/Savo-Karelia,Finnish,su,Maija,1,1,1,Maija (1),Maija/Maie (1)
1,Mary / Maria / Maarja / Mari,Humppila,Finland/Savo-Karelia,Finnish,su,Other,1,1,1,akkuna & Maija (1),Maija/Maie (1)
1,Mary / Maria / Maarja / Mari,Hyvinkää,Finland/Savo-Karelia,Finnish,su,Maija,3,3,1,Maija (3),Maija/Maie (3)
1,Mary / Maria / Maarja / Mari,Hyvinkää,Finland/Savo-Karelia,Finnish,su,Maaria,1,1,1,Maaria (1),Mary (1)
1,Mary / Maria / Maarja / Mari,Hämeenkyrö,Finland/Savo-Karelia,Finnish,su,Maija,3,2,1,Maija (3),Maija/Maie (3)
1,Mary / Maria / Maarja / Mari,Hämeenlinna,Finland/Savo-Karelia,Finnish,su,Maija,3,2,1,Maija (3),Maija/Maie (3)
1,Mary / Maria / Maarja / Mari,Hämeenlinna,Finland/Savo-Karelia,Finnish,su,Maaria,2,1,1,Maaria (2),Mary (2)
1,Mary / Maria / Maarja / Mari,Häädemeeste,Estonia core/west,North Estonian,viP,Mari,12,7,1,Mari (12),Mari (10); Mary (2)
1,Mary / Maria / Maarja / Mari,Häädemeeste,Estonia core/west,North Estonian,viP,Other,3,2,2,marikene (2); mari (1),Mary (2); Mari (1)
1,Mary / Maria / Maarja / Mari,Häädemeeste,Estonia core/west,North Estonian,viP,Maarja,1,1,1,Maarja (1),Mary (1)
1,Mary / Maria / Maarja / Mari,Häädemeeste,Estonia core/west,North Estonian,viP,Maie,1,1,1,Maie (1),Maija/Maie (1)
1,Mary / Maria / Maarja / Mari,Iisaku,Estonia core/west,North Estonian,viP,Mari,6,5,1,Mari (6),Mari (5); Mary (1)
1,Mary / Maria / Maarja / Mari,Iisaku,Estonia core/west,North Estonian,viP,Maie,3,2,1,Maie (3),Maija/Maie (3)
1,Mary / Maria / Maarja / Mari,Iisaku,Estonia core/west,North Estonian,viP,Maria,2,1,1,Maria (2),Mary (2)
1,Mary / Maria / Maarja / Mari,Iisalmi,Finland/Savo-Karelia,Finnish,su,Maria,8,7,1,Maria (8),Mary (7); Maria/Maaria (1)
1,Mary / Maria / Maarja / Mari,Iisalmi,Finland/Savo-Karelia,Finnish,su,Maaria,1,1,1,Maaria (1),Mary (1)
1,Mary / Maria / Maarja / Mari,Iitti,Finland/Savo-Karelia,Finnish,su,Maija,1,1,1,Maija (1),Maija/Maie (1)
1,Mary / Maria / Maarja / Mari,Ilmajoki,Finland/Savo-Karelia,Finnish,su,Maria,2,2,1,Maria (2),Mary (2)
1,Mary / Maria / Maarja / Mari,Ilomantsi,Finland/Savo-Karelia,Finnish,su,Maria,16,14,1,Maria (16),Mary (15); Maria/Maaria (1)
1,Mary / Maria / Maarja / Mari,Ilomantsi,Finland/Savo-Karelia,Finnish,su,Maaria,10,9,1,Maaria (10),Mary (10)
1,Mary / Maria / Maarja / Mari,Ilomantsi,Finland/Savo-Karelia,Finnish,su,Maija,3,3,1,Maija (3),Maija/Maie (3)
1,Mary / Maria / Maarja / Mari,Ilomantsi,Finland/Savo-Karelia,Finnish,su,Other,2,1,1,Maarian (2),Mary (2)
1,Mary / Maria / Maarja / Mari,Impilahti,East Karelia/Veps/Tver,Livvi-Karelian,ka,Maria,13,11,1,Maria (13),Mary (9); Maria/Maaria (4)
1,Mary / Maria / Maarja / Mari,Impilahti,East Karelia/Veps/Tver,Livvi-Karelian,ka,Maaria,2,2,1,Maaria (2),Mary (2)
1,Mary / Maria / Maarja / Mari,Impilahti,East Karelia/Veps/Tver,Livvi-Karelian,ka,Other,1,1,1,maarianne (1),Mary (1)
1,Mary / Maria / Maarja / Mari,Inkere,Ingria,Finnish,su,Mari,1,1,1,Mari (1),Mari (1)
1,Mary / Maria / Maarja / Mari,Isojoki,Finland/Savo-Karelia,Finnish,su,Maria,3,2,1,Maria (3),Mary (3)
1,Mary / Maria / Maarja / Mari,Jaakkima,Finland/Savo-Karelia,Finnish,su,Other,1,1,1,akkelismaija (1),Maija/Maie (1)
1,Mary / Maria / Maarja / Mari,Jaani,Estonia core/west,North Estonian,viP,Maie,2,1,1,Maie (2),Maija/Maie (2)
1,Mary / Maria / Maarja / Mari,Jaani,Estonia core/west,North Estonian,viP,Mari,2,2,1,Mari (2),Mari (1); Mary (1)
1,Mary / Maria / Maarja / Mari,Jaani,Estonia core/west,North Estonian,viP,Other,2,1,1,maiekene (2),Maija/Maie (2)
1,Mary / Maria / Maarja / Mari,Jalasjärvi,Finland/Savo-Karelia,Finnish,su,Maria,2,2,1,Maria (2),Mary (1); Maria/Maaria (1)
1,Mary / Maria / Maarja / Mari,Janakkala,Finland/Savo-Karelia,Finnish,su,Maija,8,8,1,Maija (8),Maija/Maie (7); Mary (1)
1,Mary / Maria / Maarja / Mari,Janakkala,Finland/Savo-Karelia,Finnish,su,Other,1,1,1,Akeri-Maija (1),Maija/Maie (1)
1,Mary / Maria / Maarja / Mari,Joensuu,Finland/Savo-Karelia,Finnish,su,Other,1,1,1,Kasperinmar (1),Mary (1)
1,Mary / Maria / Maarja / Mari,Jokioinen,Finland/Savo-Karelia,Finnish,su,Maaria,4,3,1,Maaria (4),Mary (2); Maria/Maaria (2)
1,Mary / Maria / Maarja / Mari,Jokioinen,Finland/Savo-Karelia,Finnish,su,Maija,1,1,1,Maija (1),Maija/Maie (1)
1,Mary / Maria / Maarja / Mari,Jokioinen,Finland/Savo-Karelia,Finnish,su,Other,1,1,1,makkaramaija (1),Maija/Maie (1)
1,Mary / Maria / Maarja / Mari,Joroinen,Finland/Savo-Karelia,Finnish,su,Maria,2,2,1,Maria (2),Mary (2)
1,Mary / Maria / Maarja / Mari,Joroinen,Finland/Savo-Karelia,Finnish,su,Maaria,1,1,1,Maaria (1),Mary (1)
1,Mary / Maria / Maarja / Mari,Joutsa,Finland/Savo-Karelia,Finnish,su,Maria,3,2,1,Maria (3),Mary (2); Maria/Maaria (1)
1,Mary / Maria / Maarja / Mari,Jurva,Finland/Savo-Karelia,Finnish,su,Maria,1,1,1,Maria (1),Mary (1)
1,Mary / Maria / Maarja / Mari,Juuka,Finland/Savo-Karelia,Finnish,su,Maria,3,3,1,Maria (3),Mary (3)
1,Mary / Maria / Maarja / Mari,Juuka,Finland/Savo-Karelia,Finnish,su,Maaria,1,1,1,Maaria (1),Mary (1)
1,Mary / Maria / Maarja / Mari,Juuru,Estonia core/west,North Estonian,viP,Maarja,1,1,1,Maarja (1),Mary (1)
1,Mary / Maria / Maarja / Mari,Juuru,Estonia core/west,North Estonian,viP,Mari,1,1,1,Mari (1),Mari (1)
1,Mary / Maria / Maarja / Mari,Juva,Finland/Savo-Karelia,Finnish,su,Maria,17,16,1,Maria (17),Mary (16); Maria/Maaria (1)
1,Mary / Maria / Maarja / Mari,Juva,Finland/Savo-Karelia,Finnish,su,Maaria,2,2,1,Maaria (2),Mary (2)
1,Mary / Maria / Maarja / Mari,Juva,Finland/Savo-Karelia,Finnish,su,Maija,2,2,1,Maija (2),Maija/Maie (2)
1,Mary / Maria / Maarja / Mari,Juva,Finland/Savo-Karelia,Finnish,su,Other,1,1,1,Marian (1),Mary (1)
1,Mary / Maria / Maarja / Mari,Jällivaara,Finland/Savo-Karelia,Tornedalen Finnish,su,Maria,2,2,1,Maria (2),Mary (1); Maria/Maaria (1)
1,Mary / Maria / Maarja / Mari,Jämaja,Estonia core/west,North Estonian,viP,Mari,1,1,1,Mari (1),Mari (1)
1,Mary / Maria / Maarja / Mari,Jämijärvi,Finland/Savo-Karelia,Finnish,su,Maria,1,1,1,Maria (1),Mary (1)
1,Mary / Maria / Maarja / Mari,Jämsä,Finland/Savo-Karelia,Finnish,su,Maria,1,1,1,Maria (1),Mary (1)
1,Mary / Maria / Maarja / Mari,Jäppilä,Finland/Savo-Karelia,Finnish,su,Maija,1,1,1,Maija (1),Maija/Maie (1)
1,Mary / Maria / Maarja / Mari,Järva-Jaani,Estonia core/west,North Estonian,viP,Mari,8,5,1,Mari (8),Mary (4); Mari (4)
1,Mary / Maria / Maarja / Mari,Järva-Jaani,Estonia core/west,North Estonian,viP,Maria,4,2,1,Maria (4),Mary (4)
1,Mary / Maria / Maarja / Mari,Järva-Jaani,Estonia core/west,North Estonian,viP,Other,3,2,2,Marija (2); Maie/maa (1),Mary (2); Maija/Maie (1)
1,Mary / Maria / Maarja / Mari,Järva-Jaani,Estonia core/west,North Estonian,viP,Maarja,2,2,1,Maarja (2),Mary (2)
1,Mary / Maria / Maarja / Mari,Järva-Madise,Estonia core/west,North Estonian,viP,Maie,1,1,1,Maie (1),Maija/Maie (1)
1,Mary / Maria / Maarja / Mari,Järva-Madise,Estonia core/west,North Estonian,viP,Mari,1,1,1,Mari (1),Mari (1)
1,Mary / Maria / Maarja / Mari,Järva-Madise,Estonia core/west,North Estonian,viP,Other,1,1,1,Marie (1),Mary (1)
1,Mary / Maria / Maarja / Mari,Jääski,Finland/Savo-Karelia,Finnish,su,Maija,1,1,1,Maija (1),Maija/Maie (1)
1,Mary / Maria / Maarja / Mari,Jõelähtme,Estonia core/west,North Estonian,viP,Mari,8,4,1,Mari (8),Mary (6); Mari (2)
1,Mary / Maria / Maarja / Mari,Jõelähtme,Estonia core/west,North Estonian,viP,Other,3,1,1,mai (3),Maija/Maie (3)
1,Mary / Maria / Maarja / Mari,Jõelähtme,Estonia core/west,North Estonian,viP,Marikene,1,1,1,Marikene (1),Mari (1)
1,Mary / Maria / Maarja / Mari,Jõhvi,Estonia core/west,North Estonian,viP,Mari,30,17,1,Mari (30),Mari (25); Mary (5)
1,Mary / Maria / Maarja / Mari,Jõhvi,Estonia core/west,North Estonian,viP,Maarja,7,7,1,Maarja (7),Mary (7)
1,Mary / Maria / Maarja / Mari,Jõhvi,Estonia core/west,North Estonian,viP,Other,5,4,4,mai (2); Marike (1); Mari & -kene (1); Mari+kene (1),Mari (3); Maija/Maie (2)
1,Mary / Maria / Maarja / Mari,Jõhvi,Estonia core/west,North Estonian,viP,Maria,3,3,1,Maria (3),Mary (2); Maria/Maaria (1)
1,Mary / Maria / Maarja / Mari,Jõhvi,Estonia core/west,North Estonian,viP,Mai,2,1,1,Mai (2),Maija/Maie (2)
1,Mary / Maria / Maarja / Mari,Jõhvi,Estonia core/west,North Estonian,viP,Maie,2,2,1,Maie (2),Maija/Maie (2)
1,Mary / Maria / Maarja / Mari,Jüri,Estonia core/west,North Estonian,viP,Mari,8,6,1,Mari (8),Mari (8)
1,Mary / Maria / Maarja / Mari,Jüri,Estonia core/west,North Estonian,viP,Maarja,3,3,1,Maarja (3),Mary (3)
1,Mary / Maria / Maarja / Mari,Jüri,Estonia core/west,North Estonian,viP,Maria,3,3,1,Maria (3),Mary (3)
1,Mary / Maria / Maarja / Mari,Jüri,Estonia core/west,North Estonian,viP,Marikene,1,1,1,Marikene (1),Mari (1)
1,Mary / Maria / Maarja / Mari,Jüri,Estonia core/west,North Estonian,viP,Other,1,1,1,maria (1),Maria/Maaria (1)
1,Mary / Maria / Maarja / Mari,Kaarma,Estonia core/west,North Estonian,viP,Maarja,1,1,1,Maarja (1),Mary (1)
1,Mary / Maria / Maarja / Mari,Kaavi,Finland/Savo-Karelia,Finnish,su,Maaria,6,5,1,Maaria (6),Mary (6)
1,Mary / Maria / Maarja / Mari,Kaavi,Finland/Savo-Karelia,Finnish,su,Maria,3,3,1,Maria (3),Mary (3)
1,Mary / Maria / Maarja / Mari,Kaavi,Finland/Savo-Karelia,Finnish,su,Other,2,2,2,lammas-Maija (1); Marian (1),Maija/Maie (1); Mary (1)
1,Mary / Maria / Maarja / Mari,Kadrina,Estonia core/west,North Estonian,viP,Mari,22,18,1,Mari (22),Mari (13); Mary (9)
1,Mary / Maria / Maarja / Mari,Kadrina,Estonia core/west,North Estonian,viP,Other,11,6,6,maarjamägi (3); maria (2); Mari+kene (2); mari (2); Marija (1); marjuke (1),Mary (6); Mari (5)
1,Mary / Maria / Maarja / Mari,Kadrina,Estonia core/west,North Estonian,viP,Mai,9,3,1,Mai (9),Maija/Maie (9)
1,Mary / Maria / Maarja / Mari,Kadrina,Estonia core/west,North Estonian,viP,Maria,8,4,1,Maria (8),Mary (6); Maria/Maaria (2)
1,Mary / Maria / Maarja / Mari,Kadrina,Estonia core/west,North Estonian,viP,Maarja,4,4,1,Maarja (4),Mary (3); Maria/Maaria (1)
1,Mary / Maria / Maarja / Mari,Kadrina,Estonia core/west,North Estonian,viP,Maie,1,1,1,Maie (1),Maija/Maie (1)
1,Mary / Maria / Maarja / Mari,Kalajoki,Finland/Savo-Karelia,Finnish,su,Maija,3,2,1,Maija (3),Maija/Maie (3)
1,Mary / Maria / Maarja / Mari,Kalajoki,Finland/Savo-Karelia,Finnish,su,Maaria,2,1,1,Maaria (2),Mary (2)
1,Mary / Maria / Maarja / Mari,Kalvola,Finland/Savo-Karelia,Finnish,su,Maria,2,2,1,Maria (2),Mary (2)
1,Mary / Maria / Maarja / Mari,Kalvola,Finland/Savo-Karelia,Finnish,su,Maija,1,1,1,Maija (1),Maija/Maie (1)
1,Mary / Maria / Maarja / Mari,Kambja,Estonia core/west,South Estonian,viE,Maarja,1,1,1,Maarja (1),Mary (1)
1,Mary / Maria / Maarja / Mari,Kambja,Estonia core/west,South Estonian,viE,Other,1,1,1,maarja (1),Mary (1)
1,Mary / Maria / Maarja / Mari,Kanepi,South Estonia/Seto,South Estonian,viE,Maarja,2,2,1,Maarja (2),Mary (2)
1,Mary / Maria / Maarja / Mari,Kanepi,South Estonia/Seto,South Estonian,viE,Maie,1,1,1,Maie (1),Maija/Maie (1)
1,Mary / Maria / Maarja / Mari,Kanepi,South Estonia/Seto,South Estonian,viE,Mari,1,1,1,Mari (1),Mary (1)
1,Mary / Maria / Maarja / Mari,Kanepi,South Estonia/Seto,South Estonian,viE,Other,1,1,1,Marimägi (1),Mari (1)
1,Mary / Maria / Maarja / Mari,Kangasniemi,Finland/Savo-Karelia,Finnish,su,Maija,2,2,1,Maija (2),Maija/Maie (2)
1,Mary / Maria / Maarja / Mari,Kangasniemi,Finland/Savo-Karelia,Finnish,su,Maria,2,2,1,Maria (2),Maria/Maaria (1); Mary (1)
1,Mary / Maria / Maarja / Mari,Kangasniemi,Finland/Savo-Karelia,Finnish,su,Other,2,2,2,lanka & Maija (1); Hölttä-Maija (1),Maija/Maie (2)
1,Mary / Maria / Maarja / Mari,Kankaanpää,Finland/Savo-Karelia,Finnish,su,Maaria,4,3,1,Maaria (4),Mary (4)
1,Mary / Maria / Maarja / Mari,Kankaanpää,Finland/Savo-Karelia,Finnish,su,Maria,1,1,1,Maria (1),Mary (1)
1,Mary / Maria / Maarja / Mari,Kaprio,Ingria,Finnish,su,Maaria,23,10,1,Maaria (23),Mary (23)
1,Mary / Maria / Maarja / Mari,Kaprio,Ingria,Finnish,su,Mari,5,2,1,Mari (5),Mari (4); Mary (1)
1,Mary / Maria / Maarja / Mari,Kaprio,Ingria,Finnish,su,Maria,5,5,1,Maria (5),Mary (5)
1,Mary / Maria / Maarja / Mari,Kaprio,Ingria,Finnish,su,Other,2,1,1,(name) Maija (2),Maija/Maie (2)
1,Mary / Maria / Maarja / Mari,Kaprio,Ingria,Finnish,su,Maarja,1,1,1,Maarja (1),Mary (1)
1,Mary / Maria / Maarja / Mari,Kaprio,Ingria,Finnish,su,Maija,1,1,1,Maija (1),Maija/Maie (1)
1,Mary / Maria / Maarja / Mari,Karinainen,Finland/Savo-Karelia,Finnish,su,Maija,1,1,1,Maija (1),Maija/Maie (1)
1,Mary / Maria / Maarja / Mari,Karja,Estonia core/west,North Estonian,viP,Maarja,1,1,1,Maarja (1),Mary (1)
1,Mary / Maria / Maarja / Mari,Karkku,Finland/Savo-Karelia,Finnish,su,Other,1,1,1,mustamaija (1),Maija/Maie (1)
1,Mary / Maria / Maarja / Mari,Karksi,Estonia core/west,South Estonian,viE,Maarja,60,38,1,Maarja (60),Mary (53); Mari (5); Maria/Maaria (2)
1,Mary / Maria / Maarja / Mari,Karksi,Estonia core/west,South Estonian,viE,Other,22,13,7,Maari (14); maiekene (3); mai (1); marikene (1); Maie (proper noun) (1); maarjeit (1); Maali (1),Mary (9); Mari (5); Maija/Maie (5); Maria/Maaria (3)
1,Mary / Maria / Maarja / Mari,Karksi,Estonia core/west,South Estonian,viE,Mari,20,12,1,Mari (20),Mari (15); Mary (5)
1,Mary / Maria / Maarja / Mari,Karksi,Estonia core/west,South Estonian,viE,Maie,11,6,1,Maie (11),Maija/Maie (11)
1,Mary / Maria / Maarja / Mari,Karksi,Estonia core/west,South Estonian,viE,Maria,1,1,1,Maria (1),Mary (1)
1,Mary / Maria / Maarja / Mari,Karksi,Estonia core/west,South Estonian,viE,Marikene,1,1,1,Marikene (1),Mari (1)
1,Mary / Maria / Maarja / Mari,Karula,South Estonia/Seto,South Estonian,viE,Marikene,3,1,1,Marikene (3),Mari (3)
1,Mary / Maria / Maarja / Mari,Karula,South Estonia/Seto,South Estonian,viE,Maie,2,2,1,Maie (2),Maija/Maie (2)
1,Mary / Maria / Maarja / Mari,Karula,South Estonia/Seto,South Estonian,viE,Mari,1,1,1,Mari (1),Mari (1)
1,Mary / Maria / Maarja / Mari,Karuna,Finland/Savo-Karelia,Finnish,su,Maija,3,2,1,Maija (3),Maija/Maie (3)
1,Mary / Maria / Maarja / Mari,Karunki,Finland/Savo-Karelia,Finnish,su,Maija,1,1,1,Maija (1),Maija/Maie (1)
1,Mary / Maria / Maarja / Mari,Karuse,Estonia core/west,North Estonian,viP,Mari,12,5,1,Mari (12),Mari (11); Mary (1)
1,Mary / Maria / Maarja / Mari,Karuse,Estonia core/west,North Estonian,viP,Maria,5,4,1,Maria (5),Mary (5)
1,Mary / Maria / Maarja / Mari,Karuse,Estonia core/west,North Estonian,viP,Other,1,1,1,Marike (1),Mari (1)
1,Mary / Maria / Maarja / Mari,Karvia,Finland/Savo-Karelia,Finnish,su,Maija,1,1,1,Maija (1),Maija/Maie (1)
1,Mary / Maria / Maarja / Mari,Karvia,Finland/Savo-Karelia,Finnish,su,Other,1,1,1,mustamaija (1),Maija/Maie (1)
1,Mary / Maria / Maarja / Mari,Kattila,Ingria,Votic,su,Maria,3,3,1,Maria (3),Mary (2); Maria/Maaria (1)
1,Mary / Maria / Maarja / Mari,Kattila,Ingria,Votic,su,Maaria,1,1,1,Maaria (1),Mary (1)
1,Mary / Maria / Maarja / Mari,Kauhajoki,Finland/Savo-Karelia,Finnish,su,Maija,1,1,1,Maija (1),Maija/Maie (1)
1,Mary / Maria / Maarja / Mari,Kauhajoki,Finland/Savo-Karelia,Finnish,su,Maria,1,1,1,Maria (1),Mary (1)
1,Mary / Maria / Maarja / Mari,Kauhava,Finland/Savo-Karelia,Finnish,su,Other,4,3,3,mettumaari (2); Marja (1); mustamaija (1),Mary (3); Maija/Maie (1)
1,Mary / Maria / Maarja / Mari,Kauhava,Finland/Savo-Karelia,Finnish,su,Maija,3,3,1,Maija (3),Maija/Maie (3)
1,Mary / Maria / Maarja / Mari,Kauhava,Finland/Savo-Karelia,Finnish,su,Maria,3,2,1,Maria (3),Mary (3)
1,Mary / Maria / Maarja / Mari,Kaukola,Finland/Savo-Karelia,Finnish,su,Maija,1,1,1,Maija (1),Maija/Maie (1)
1,Mary / Maria / Maarja / Mari,Kaustinen,Finland/Savo-Karelia,Finnish,su,Maija,1,1,1,Maija (1),Maija/Maie (1)
1,Mary / Maria / Maarja / Mari,Kaustinen,Finland/Savo-Karelia,Finnish,su,Maria,1,1,1,Maria (1),Maria/Maaria (1)
1,Mary / Maria / Maarja / Mari,Kauvatsa,Finland/Savo-Karelia,Finnish,su,Maija,3,3,1,Maija (3),Maija/Maie (3)
1,Mary / Maria / Maarja / Mari,Keltto,Ingria,Finnish,su,Maria,2,2,1,Maria (2),Mary (2)
1,Mary / Maria / Maarja / Mari,Kemi,Finland/Savo-Karelia,Finnish,su,Maija,2,2,1,Maija (2),Maija/Maie (1); Mary (1)
1,Mary / Maria / Maarja / Mari,Kemijärvi,Finland/Savo-Karelia,Finnish,su,Maija,3,3,1,Maija (3),Mary (2); Maija/Maie (1)
1,Mary / Maria / Maarja / Mari,Kemijärvi,Finland/Savo-Karelia,Finnish,su,Other,1,1,1,Lassi & maija (1),Maija/Maie (1)
1,Mary / Maria / Maarja / Mari,Kerimäki,Finland/Savo-Karelia,Finnish,su,Maria,2,1,1,Maria (2),Mary (2)
1,Mary / Maria / Maarja / Mari,Kestilä,Finland/Savo-Karelia,Finnish,su,Maria,1,1,1,Maria (1),Mary (1)
1,Mary / Maria / Maarja / Mari,Kestilä,Finland/Savo-Karelia,Finnish,su,Other,1,1,1,Maikki (1),Mary (1)
1,Mary / Maria / Maarja / Mari,Kesälahti,Finland/Savo-Karelia,Finnish,su,Maaria,4,3,1,Maaria (4),Mary (4)
1,Mary / Maria / Maarja / Mari,Kiestinki,East Karelia/Veps/Tver,Karelian Proper,ka,Maria,2,1,1,Maria (2),Mary (2)
1,Mary / Maria / Maarja / Mari,Kihelkonna,Estonia core/west,North Estonian,viP,Mari,1,1,1,Mari (1),Mari (1)
1,Mary / Maria / Maarja / Mari,Kihelkonna,Estonia core/west,North Estonian,viP,Maria,1,1,1,Maria (1),Mary (1)
1,Mary / Maria / Maarja / Mari,Kihnu,Estonia core/west,North Estonian,viP,Mari,3,3,1,Mari (3),Mari (3)
1,Mary / Maria / Maarja / Mari,Kihnu,Estonia core/west,North Estonian,viP,Maie,2,2,1,Maie (2),Maija/Maie (2)
1,Mary / Maria / Maarja / Mari,Kihnu,Estonia core/west,North Estonian,viP,Other,2,2,2,marikene (1); mari & kene (1),Mari (2)
1,Mary / Maria / Maarja / Mari,Kiihtelysvaara,Finland/Savo-Karelia,Finnish,su,Maaria,2,2,1,Maaria (2),Mary (2)
1,Mary / Maria / Maarja / Mari,Kiihtelysvaara,Finland/Savo-Karelia,Finnish,su,Maria,1,1,1,Maria (1),Mary (1)
1,Mary / Maria / Maarja / Mari,Kiihtelysvaara,Finland/Savo-Karelia,Finnish,su,Other,1,1,1,maija (1),Maija/Maie (1)
1,Mary / Maria / Maarja / Mari,Kiimaisjärvi,East Karelia/Veps/Tver,Karelian Proper,ka,Maaria,1,1,1,Maaria (1),Mary (1)
1,Mary / Maria / Maarja / Mari,Kiimaisjärvi,East Karelia/Veps/Tver,Karelian Proper,ka,Maria,1,1,1,Maria (1),Mary (1)
1,Mary / Maria / Maarja / Mari,Kitee,Finland/Savo-Karelia,Finnish,su,Maria,9,8,1,Maria (9),Mary (9)
1,Mary / Maria / Maarja / Mari,Kitee,Finland/Savo-Karelia,Finnish,su,Maaria,5,4,1,Maaria (5),Mary (5)
1,Mary / Maria / Maarja / Mari,Kitee,Finland/Savo-Karelia,Finnish,su,Other,3,3,3,Maarian (1); Maari (1); Marian (1),Mary (2); Mari (1)
1,Mary / Maria / Maarja / Mari,Kittilä,Finland/Savo-Karelia,Finnish,su,Maija,1,1,1,Maija (1),Maija/Maie (1)
1,Mary / Maria / Maarja / Mari,Kittilä,Finland/Savo-Karelia,Finnish,su,Maria,1,1,1,Maria (1),Mary (1)
1,Mary / Maria / Maarja / Mari,Kiuruvesi,Finland/Savo-Karelia,Finnish,su,Maria,13,7,1,Maria (13),Mary (10); Maria/Maaria (3)
1,Mary / Maria / Maarja / Mari,Kiuruvesi,Finland/Savo-Karelia,Finnish,su,Maija,2,2,1,Maija (2),Maija/Maie (2)
1,Mary / Maria / Maarja / Mari,Kivennapa,Finland/Savo-Karelia,Finnish,su,Mari,13,5,1,Mari (13),Mary (8); Mari (5)
1,Mary / Maria / Maarja / Mari,Kivennapa,Finland/Savo-Karelia,Finnish,su,Maija,2,2,1,Maija (2),Maija/Maie (2)
1,Mary / Maria / Maarja / Mari,Kivennapa,Finland/Savo-Karelia,Finnish,su,Maaria,1,1,1,Maaria (1),Mary (1)
1,Mary / Maria / Maarja / Mari,Kivennapa,Finland/Savo-Karelia,Finnish,su,Other,1,1,1,mustamaija (1),Maija/Maie (1)
1,Mary / Maria / Maarja / Mari,Kivijärvi,Finland/Savo-Karelia,Finnish,su,Maria,3,3,1,Maria (3),Mary (3)
1,Mary / Maria / Maarja / Mari,Kivijärvi,Finland/Savo-Karelia,Finnish,su,Maaria,1,1,1,Maaria (1),Mary (1)
1,Mary / Maria / Maarja / Mari,Kodavere,Estonia core/west,North Estonian,viP,Mai,11,1,1,Mai (11),Maija/Maie (11)
1,Mary / Maria / Maarja / Mari,Kodavere,Estonia core/west,North Estonian,viP,Other,8,3,3,mai (5); Marija (2); maarjahein (1),Maija/Maie (5); Mary (3)
1,Mary / Maria / Maarja / Mari,Kodavere,Estonia core/west,North Estonian,viP,Maarja,3,3,1,Maarja (3),Mary (3)
1,Mary / Maria / Maarja / Mari,Kodavere,Estonia core/west,North Estonian,viP,Mari,3,2,1,Mari (3),Mari (2); Maija/Maie (1)
1,Mary / Maria / Maarja / Mari,Kodavere,Estonia core/west,North Estonian,viP,Maie,2,1,1,Maie (2),Maija/Maie (2)
1,Mary / Maria / Maarja / Mari,Kodavere,Estonia core/west,North Estonian,viP,Maria,1,1,1,Maria (1),Mary (1)
1,Mary / Maria / Maarja / Mari,Koeru,Estonia core/west,North Estonian,viP,Mari,13,6,1,Mari (13),Mari (11); Mary (2)
1,Mary / Maria / Maarja / Mari,Koeru,Estonia core/west,North Estonian,viP,Maaria,2,2,1,Maaria (2),Mary (2)
1,Mary / Maria / Maarja / Mari,Koeru,Estonia core/west,North Estonian,viP,Maarja,2,2,1,Maarja (2),Mary (2)
1,Mary / Maria / Maarja / Mari,Koeru,Estonia core/west,North Estonian,viP,Maie,1,1,1,Maie (1),Maija/Maie (1)
1,Mary / Maria / Maarja / Mari,Koeru,Estonia core/west,North Estonian,viP,Marikene,1,1,1,Marikene (1),Mari (1)
1,Mary / Maria / Maarja / Mari,Koeru,Estonia core/west,North Estonian,viP,Other,1,1,1,Marie (1),Mary (1)
1,Mary / Maria / Maarja / Mari,Koivisto,Finland/Savo-Karelia,Finnish,su,Maaria,1,1,1,Maaria (1),Mary (1)
1,Mary / Maria / Maarja / Mari,Koivisto,Finland/Savo-Karelia,Finnish,su,Maija,1,1,1,Maija (1),Maija/Maie (1)
1,Mary / Maria / Maarja / Mari,Koivisto,Finland/Savo-Karelia,Finnish,su,Mari,1,1,1,Mari (1),Mari (1)
1,Mary / Maria / Maarja / Mari,Koivisto,Finland/Savo-Karelia,Finnish,su,Maria,1,1,1,Maria (1),Mary (1)
1,Mary / Maria / Maarja / Mari,Koivisto,Finland/Savo-Karelia,Finnish,su,Other,1,1,1,meri (1),Mary (1)
1,Mary / Maria / Maarja / Mari,Kokemäki,Finland/Savo-Karelia,Finnish,su,Maija,1,1,1,Maija (1),Maija/Maie (1)
1,Mary / Maria / Maarja / Mari,Kokemäki,Finland/Savo-Karelia,Finnish,su,Other,1,1,1,Maijamaa (1),Maija/Maie (1)
1,Mary / Maria / Maarja / Mari,Kokkola,Finland/Savo-Karelia,Outside selected Finnic areas,ru,Maaria,2,2,1,Maaria (2),Maria/Maaria (1); Mary (1)
1,Mary / Maria / Maarja / Mari,Kolga-Jaani,Estonia core/west,North Estonian,viP,Mari,31,26,1,Mari (31),Mari (22); Mary (9)
1,Mary / Maria / Maarja / Mari,Kolga-Jaani,Estonia core/west,North Estonian,viP,Maarja,9,7,1,Maarja (9),Mary (8); Maria/Maaria (1)
1,Mary / Maria / Maarja / Mari,Kolga-Jaani,Estonia core/west,North Estonian,viP,Other,7,5,4,Maiel (2); Maari (2); Marija (2); mari (1),Mari (3); Maija/Maie (2); Mary (2)
1,Mary / Maria / Maarja / Mari,Kolga-Jaani,Estonia core/west,North Estonian,viP,Maie,3,2,1,Maie (3),Maija/Maie (3)
1,Mary / Maria / Maarja / Mari,Kolga-Jaani,Estonia core/west,North Estonian,viP,Maria,2,2,1,Maria (2),Mary (2)
1,Mary / Maria / Maarja / Mari,Kolga-Jaani,Estonia core/west,North Estonian,viP,Mai,1,1,1,Mai (1),Maija/Maie (1)
1,Mary / Maria / Maarja / Mari,Kontiolahti,Finland/Savo-Karelia,Finnish,su,Maija,2,2,1,Maija (2),Maija/Maie (2)
1,Mary / Maria / Maarja / Mari,Kontiolahti,Finland/Savo-Karelia,Finnish,su,Mari,2,2,1,Mari (2),Mari (2)
1,Mary / Maria / Maarja / Mari,Kontiolahti,Finland/Savo-Karelia,Finnish,su,Maria,2,1,1,Maria (2),Mary (2)
1,Mary / Maria / Maarja / Mari,Kontokki,East Karelia/Veps/Tver,Karelian Proper,ka,Maria,6,6,1,Maria (6),Mary (5); Maria/Maaria (1)
1,Mary / Maria / Maarja / Mari,Kontokki,East Karelia/Veps/Tver,Karelian Proper,ka,Maaria,1,1,1,Maaria (1),Mary (1)
1,Mary / Maria / Maarja / Mari,Kontokki,East Karelia/Veps/Tver,Karelian Proper,ka,Mari,1,1,1,Mari (1),Mari (1)
1,Mary / Maria / Maarja / Mari,Koprina,Ingria,Finnish,su,Maria,2,2,1,Maria (2),Maria/Maaria (2)
1,Mary / Maria / Maarja / Mari,Koprina,Ingria,Finnish,su,Maaria,1,1,1,Maaria (1),Mary (1)
1,Mary / Maria / Maarja / Mari,Koprina,Ingria,Finnish,su,Mari,1,1,1,Mari (1),Mari (1)
1,Mary / Maria / Maarja / Mari,Koprina,Ingria,Finnish,su,Other,1,1,1,(unclear) (1),Maija/Maie (1)
1,Mary / Maria / Maarja / Mari,Korpilahti,Finland/Savo-Karelia,Finnish,su,Maija,1,1,1,Maija (1),Maija/Maie (1)
1,Mary / Maria / Maarja / Mari,Korpiselkä,East Karelia/Veps/Tver,Karelian Proper,ka,Maria,10,10,1,Maria (10),Mary (10)
1,Mary / Maria / Maarja / Mari,Korpiselkä,East Karelia/Veps/Tver,Karelian Proper,ka,Maaria,9,9,1,Maaria (9),Mary (9)
1,Mary / Maria / Maarja / Mari,Korpiselkä,East Karelia/Veps/Tver,Karelian Proper,ka,Mari,3,1,1,Mari (3),Mari (3)
1,Mary / Maria / Maarja / Mari,Korpiselkä,East Karelia/Veps/Tver,Karelian Proper,ka,Other,1,1,1,maija (1),Maija/Maie (1)
1,Mary / Maria / Maarja / Mari,Kose,Estonia core/west,North Estonian,viP,Mari,21,10,1,Mari (21),Mary (12); Mari (9)
1,Mary / Maria / Maarja / Mari,Kose,Estonia core/west,North Estonian,viP,Maie,5,3,1,Maie (5),Maija/Maie (5)
1,Mary / Maria / Maarja / Mari,Kose,Estonia core/west,North Estonian,viP,Maarja,2,2,1,Maarja (2),Mary (2)
1,Mary / Maria / Maarja / Mari,Kose,Estonia core/west,North Estonian,viP,Maria,1,1,1,Maria (1),Mary (1)
1,Mary / Maria / Maarja / Mari,Kose,Estonia core/west,North Estonian,viP,Other,1,1,1,Marike (1),Mari (1)
1,Mary / Maria / Maarja / Mari,Koskenpää,Finland/Savo-Karelia,Finnish,su,Other,1,1,1,ranta&Maija (1),Maija/Maie (1)
1,Mary / Maria / Maarja / Mari,Koski Hl.,Finland/Savo-Karelia,Finnish,su,Maija,2,2,1,Maija (2),Maija/Maie (2)
1,Mary / Maria / Maarja / Mari,Kuhmo,Finland/Savo-Karelia,Finnish,su,Maaria,6,3,1,Maaria (6),Mary (6)
1,Mary / Maria / Maarja / Mari,Kuhmo,Finland/Savo-Karelia,Finnish,su,Maria,3,2,1,Maria (3),Maria/Maaria (2); Mary (1)
1,Mary / Maria / Maarja / Mari,Kuhmoinen,Finland/Savo-Karelia,Finnish,su,Maria,2,2,1,Maria (2),Mary (2)
1,Mary / Maria / Maarja / Mari,Kuhmoinen,Finland/Savo-Karelia,Finnish,su,Maaria,1,1,1,Maaria (1),Mary (1)
1,Mary / Maria / Maarja / Mari,Kuhmoinen,Finland/Savo-Karelia,Finnish,su,Other,1,1,1,Marja (1),Mary (1)
1,Mary / Maria / Maarja / Mari,Kullamaa,Estonia core/west,North Estonian,viP,Mari,7,5,1,Mari (7),Mari (7)
1,Mary / Maria / Maarja / Mari,Kuolemajärvi,Finland/Savo-Karelia,Finnish,su,Maria,1,1,1,Maria (1),Mary (1)
1,Mary / Maria / Maarja / Mari,Kuopio,Finland/Savo-Karelia,Finnish,su,Maria,4,3,1,Maria (4),Mary (4)
1,Mary / Maria / Maarja / Mari,Kuorevesi,Finland/Savo-Karelia,Finnish,su,Maija,1,1,1,Maija (1),Maija/Maie (1)
1,Mary / Maria / Maarja / Mari,Kuorevesi,Finland/Savo-Karelia,Finnish,su,Maria,1,1,1,Maria (1),Mary (1)
1,Mary / Maria / Maarja / Mari,Kuortane,Finland/Savo-Karelia,Finnish,su,Maija,1,1,1,Maija (1),Maija/Maie (1)
1,Mary / Maria / Maarja / Mari,Kupanitsa,Ingria,Finnish,su,Mari,1,1,1,Mari (1),Mary (1)
1,Mary / Maria / Maarja / Mari,Kupanitsa,Ingria,Finnish,su,Maria,1,1,1,Maria (1),Mary (1)
1,Mary / Maria / Maarja / Mari,Kurikka,Finland/Savo-Karelia,Finnish,su,Maija,5,4,1,Maija (5),Maija/Maie (4); Mary (1)
1,Mary / Maria / Maarja / Mari,Kurikka,Finland/Savo-Karelia,Finnish,su,Other,2,2,2,neitien Maria (1); Torkkomaijan (1),Mary (1); Maija/Maie (1)
1,Mary / Maria / Maarja / Mari,Kurikka,Finland/Savo-Karelia,Finnish,su,Maria,1,1,1,Maria (1),Mary (1)
1,Mary / Maria / Maarja / Mari,Kursi,Estonia core/west,North Estonian,viP,Mari,7,6,1,Mari (7),Mari (4); Mary (3)
1,Mary / Maria / Maarja / Mari,Kursi,Estonia core/west,North Estonian,viP,Maarja,2,1,1,Maarja (2),Mary (2)
1,Mary / Maria / Maarja / Mari,Kursi,Estonia core/west,North Estonian,viP,Other,2,2,2,mari (1); marjukene (1),Mary (1); Mari (1)
1,Mary / Maria / Maarja / Mari,Kursi,Estonia core/west,North Estonian,viP,Maria,1,1,1,Maria (1),Maria/Maaria (1)
1,Mary / Maria / Maarja / Mari,Kuujärvi,East Karelia/Veps/Tver,Ludian,ly,Mari,1,1,1,Mari (1),Mari (1)
1,Mary / Maria / Maarja / Mari,Kuusalu,Estonia core/west,North Estonian,viP,Mari,14,10,1,Mari (14),Mari (8); Mary (5); Maria/Maaria (1)
1,Mary / Maria / Maarja / Mari,Kuusalu,Estonia core/west,North Estonian,viP,Maria,10,6,1,Maria (10),Mary (7); Maria/Maaria (3)
1,Mary / Maria / Maarja / Mari,Kuusalu,Estonia core/west,North Estonian,viP,Mai,5,1,1,Mai (5),Maija/Maie (5)
1,Mary / Maria / Maarja / Mari,Kuusalu,Estonia core/west,North Estonian,viP,Maie,5,5,1,Maie (5),Maija/Maie (5)
1,Mary / Maria / Maarja / Mari,Kuusalu,Estonia core/west,North Estonian,viP,Maarja,4,3,1,Maarja (4),Mary (4)
1,Mary / Maria / Maarja / Mari,Kuusalu,Estonia core/west,North Estonian,viP,Maaria,3,1,1,Maaria (3),Mary (3)
1,Mary / Maria / Maarja / Mari,Kuusalu,Estonia core/west,North Estonian,viP,Other,1,1,1,mari (1),Mari (1)
1,Mary / Maria / Maarja / Mari,Kuusamo,Finland/Savo-Karelia,Finnish,su,Maaria,4,3,1,Maaria (4),Maria/Maaria (3); Mary (1)
1,Mary / Maria / Maarja / Mari,Kuusamo,Finland/Savo-Karelia,Finnish,su,Maija,2,2,1,Maija (2),Maija/Maie (2)
1,Mary / Maria / Maarja / Mari,Kuusamo,Finland/Savo-Karelia,Finnish,su,Maria,2,2,1,Maria (2),Mary (2)
1,Mary / Maria / Maarja / Mari,Kuusjoki,Finland/Savo-Karelia,Finnish,su,Maija,2,2,1,Maija (2),Maija/Maie (2)
1,Mary / Maria / Maarja / Mari,Kuusjärvi,Finland/Savo-Karelia,Finnish,su,Maria,1,1,1,Maria (1),Mary (1)
1,Mary / Maria / Maarja / Mari,Kymi,Finland/Savo-Karelia,Finnish,su,Maija,1,1,1,Maija (1),Maija/Maie (1)
1,Mary / Maria / Maarja / Mari,Käina,Estonia core/west,North Estonian,viP,Maarja,1,1,1,Maarja (1),Mary (1)
1,Mary / Maria / Maarja / Mari,Kärkölä,Finland/Savo-Karelia,Finnish,su,Other,1,1,1,musta&Maija (1),Maija/Maie (1)
1,Mary / Maria / Maarja / Mari,Kärla,Estonia core/west,North Estonian,viP,Mari,1,1,1,Mari (1),Mari (1)
1,Mary / Maria / Maarja / Mari,Kärsämäki,Finland/Savo-Karelia,Finnish,su,Other,2,1,1,Maarija (2),Mary (2)
1,Mary / Maria / Maarja / Mari,Kõpu,Estonia core/west,North Estonian,viP,Mari,5,1,1,Mari (5),Mari (5)
1,Mary / Maria / Maarja / Mari,Kõpu,Estonia core/west,North Estonian,viP,Other,1,1,1,Marimägi (1),Mari (1)
1,Mary / Maria / Maarja / Mari,Laihia,Finland/Savo-Karelia,Finnish,su,Maria,4,4,1,Maria (4),Mary (4)
1,Mary / Maria / Maarja / Mari,Laihia,Finland/Savo-Karelia,Finnish,su,Maija,3,3,1,Maija (3),Maija/Maie (3)
1,Mary / Maria / Maarja / Mari,Laitila,Finland/Savo-Karelia,Finnish,su,Mari,2,2,1,Mari (2),Mari (2)
1,Mary / Maria / Maarja / Mari,Laitila,Finland/Savo-Karelia,Finnish,su,Maija,1,1,1,Maija (1),Maija/Maie (1)
1,Mary / Maria / Maarja / Mari,Laiuse,Estonia core/west,North Estonian,viP,Mari,10,7,1,Mari (10),Mari (7); Mary (3)
1,Mary / Maria / Maarja / Mari,Laiuse,Estonia core/west,North Estonian,viP,Maarja,4,1,1,Maarja (4),Mary (4)
1,Mary / Maria / Maarja / Mari,Laiuse,Estonia core/west,North Estonian,viP,Maria,4,3,1,Maria (4),Mary (4)
1,Mary / Maria / Maarja / Mari,Laiuse,Estonia core/west,North Estonian,viP,Other,3,2,3,maarjapuu (1); mari (1); mai (1),Mary (1); Mari (1); Maija/Maie (1)
1,Mary / Maria / Maarja / Mari,Lammi,Finland/Savo-Karelia,Finnish,su,Maija,2,2,1,Maija (2),Maija/Maie (2)
1,Mary / Maria / Maarja / Mari,Lammi,Finland/Savo-Karelia,Finnish,su,Other,1,1,1,maija (1),Maija/Maie (1)
1,Mary / Maria / Maarja / Mari,Lappajärvi,Finland/Savo-Karelia,Finnish,su,Maria,4,3,1,Maria (4),Maria/Maaria (3); Mary (1)
1,Mary / Maria / Maarja / Mari,Lappajärvi,Finland/Savo-Karelia,Finnish,su,Maija,1,1,1,Maija (1),Maija/Maie (1)
1,Mary / Maria / Maarja / Mari,Lappee,Finland/Savo-Karelia,Finnish,su,Maria,3,2,1,Maria (3),Mary (3)
1,Mary / Maria / Maarja / Mari,Lappee,Finland/Savo-Karelia,Finnish,su,Mari,1,1,1,Mari (1),Mary (1)
1,Mary / Maria / Maarja / Mari,Lapua,Finland/Savo-Karelia,Finnish,su,Maija,1,1,1,Maija (1),Maija/Maie (1)
1,Mary / Maria / Maarja / Mari,Lapväärtti,Finland/Savo-Karelia,Outside selected Finnic areas,ru,Maria,2,1,1,Maria (2),Maria/Maaria (2)
1,Mary / Maria / Maarja / Mari,Lapväärtti,Finland/Savo-Karelia,Outside selected Finnic areas,ru,Other,1,1,1,marianpäivä (1),Mary (1)
1,Mary / Maria / Maarja / Mari,Lavansaari,Finland/Savo-Karelia,Finnish,su,Mari,2,1,1,Mari (2),Mari (2)
1,Mary / Maria / Maarja / Mari,Lemi,Finland/Savo-Karelia,Finnish,su,Maija,1,1,1,Maija (1),Maija/Maie (1)
1,Mary / Maria / Maarja / Mari,Lemi,Finland/Savo-Karelia,Finnish,su,Maria,1,1,1,Maria (1),Mary (1)
1,Mary / Maria / Maarja / Mari,Lemi,Finland/Savo-Karelia,Finnish,su,Other,1,1,1,neitsytmarja (1),Mary (1)
1,Mary / Maria / Maarja / Mari,Lempaala,Finland/Savo-Karelia,Finnish,su,Maaria,8,7,1,Maaria (8),Mary (8)
1,Mary / Maria / Maarja / Mari,Lempaala,Finland/Savo-Karelia,Finnish,su,Maria,5,5,1,Maria (5),Mary (5)
1,Mary / Maria / Maarja / Mari,Lempaala,Finland/Savo-Karelia,Finnish,su,Other,4,3,3,Maaria & -ine (2); maarian (1); Marian aine (1),Mary (4)
1,Mary / Maria / Maarja / Mari,Lempaala,Finland/Savo-Karelia,Finnish,su,Maija,2,2,1,Maija (2),Maija/Maie (2)
1,Mary / Maria / Maarja / Mari,Lempaala,Finland/Savo-Karelia,Finnish,su,Mari,1,1,1,Mari (1),Mari (1)
1,Mary / Maria / Maarja / Mari,Leppävirta,Finland/Savo-Karelia,Finnish,su,Maria,3,1,1,Maria (3),Maria/Maaria (3)
1,Mary / Maria / Maarja / Mari,Leppävirta,Finland/Savo-Karelia,Finnish,su,Maaria,1,1,1,Maaria (1),Mary (1)
1,Mary / Maria / Maarja / Mari,Leppävirta,Finland/Savo-Karelia,Finnish,su,Maija,1,1,1,Maija (1),Maija/Maie (1)
1,Mary / Maria / Maarja / Mari,Lieto,Finland/Savo-Karelia,Finnish,su,Maija,3,2,1,Maija (3),Maija/Maie (3)
1,Mary / Maria / Maarja / Mari,Lieto,Finland/Savo-Karelia,Finnish,su,Other,1,1,1,mustamaija (1),Maija/Maie (1)
1,Mary / Maria / Maarja / Mari,Lihula,Estonia core/west,North Estonian,viP,Mari,1,1,1,Mari (1),Mari (1)
1,Mary / Maria / Maarja / Mari,Liissilä,Ingria,Finnish,su,Maria,3,3,1,Maria (3),Mary (3)
1,Mary / Maria / Maarja / Mari,Liissilä,Ingria,Finnish,su,Other,3,3,3,maito/maija (1); Neitsyt Maria (1); Neitsyt-Maria (1),Mary (2); Maija/Maie (1)
1,Mary / Maria / Maarja / Mari,Liissilä,Ingria,Finnish,su,Mari,2,2,1,Mari (2),Mary (1); Mari (1)
1,Mary / Maria / Maarja / Mari,Liperi,Finland/Savo-Karelia,Finnish,su,Maaria,2,2,1,Maaria (2),Mary (2)
1,Mary / Maria / Maarja / Mari,Liperi,Finland/Savo-Karelia,Finnish,su,Maija,2,2,1,Maija (2),Maija/Maie (2)
1,Mary / Maria / Maarja / Mari,Liperi,Finland/Savo-Karelia,Finnish,su,Maria,2,2,1,Maria (2),Mary (2)
1,Mary / Maria / Maarja / Mari,Lohtaja,Finland/Savo-Karelia,Finnish,su,Maija,2,1,1,Maija (2),Maija/Maie (2)
1,Mary / Maria / Maarja / Mari,Loppi,Finland/Savo-Karelia,Finnish,su,Maaria,4,3,1,Maaria (4),Mary (4)
1,Mary / Maria / Maarja / Mari,Loppi,Finland/Savo-Karelia,Finnish,su,Maija,2,2,1,Maija (2),Maija/Maie (2)
1,Mary / Maria / Maarja / Mari,Loppi,Finland/Savo-Karelia,Finnish,su,Maria,1,1,1,Maria (1),Mary (1)
1,Mary / Maria / Maarja / Mari,Luhanka,Finland/Savo-Karelia,Finnish,su,Maaria,1,1,1,Maaria (1),Mary (1)
1,Mary / Maria / Maarja / Mari,Luhanka,Finland/Savo-Karelia,Finnish,su,Maija,1,1,1,Maija (1),Maija/Maie (1)
1,Mary / Maria / Maarja / Mari,Luhanka,Finland/Savo-Karelia,Finnish,su,Maria,1,1,1,Maria (1),Mary (1)
1,Mary / Maria / Maarja / Mari,Lumivaara,Finland/Savo-Karelia,Finnish,su,Maaria,1,1,1,Maaria (1),Mary (1)
1,Mary / Maria / Maarja / Mari,Luopioinen,Finland/Savo-Karelia,Finnish,su,Maaria,1,1,1,Maaria (1),Mary (1)
1,Mary / Maria / Maarja / Mari,Luumäki,Finland/Savo-Karelia,Finnish,su,Maria,3,3,1,Maria (3),Mary (2); Maria/Maaria (1)
1,Mary / Maria / Maarja / Mari,Luumäki,Finland/Savo-Karelia,Finnish,su,Other,2,2,2,maija (1); Maari (1),Maija/Maie (1); Mari (1)
1,Mary / Maria / Maarja / Mari,Luumäki,Finland/Savo-Karelia,Finnish,su,Maaria,1,1,1,Maaria (1),Mary (1)
1,Mary / Maria / Maarja / Mari,Luumäki,Finland/Savo-Karelia,Finnish,su,Maija,1,1,1,Maija (1),Maija/Maie (1)
1,Mary / Maria / Maarja / Mari,Lääne-Nigula,Estonia core/west,North Estonian,viP,Maarja,1,1,1,Maarja (1),Mary (1)
1,Mary / Maria / Maarja / Mari,Lääne-Nigula,Estonia core/west,North Estonian,viP,Mari,1,1,1,Mari (1),Mari (1)
1,Mary / Maria / Maarja / Mari,Lüganuse,Estonia core/west,North Estonian,viP,Mari,4,2,1,Mari (4),Mary (4)
1,Mary / Maria / Maarja / Mari,Lüganuse,Estonia core/west,North Estonian,viP,Maarja,3,3,1,Maarja (3),Mary (3)
1,Mary / Maria / Maarja / Mari,Lüganuse,Estonia core/west,North Estonian,viP,Maria,2,1,1,Maria (2),Mary (2)
1,Mary / Maria / Maarja / Mari,Lüganuse,Estonia core/west,North Estonian,viP,Other,2,1,1,marikene (2),Mari (2)
1,Mary / Maria / Maarja / Mari,Maaninka,Finland/Savo-Karelia,Finnish,su,Maija,2,2,1,Maija (2),Mary (1); Maija/Maie (1)
1,Mary / Maria / Maarja / Mari,Maarja-Magdaleena,Estonia core/west,North Estonian,viP,Mari,12,5,1,Mari (12),Mari (9); Mary (3)
1,Mary / Maria / Maarja / Mari,Maarja-Magdaleena,Estonia core/west,North Estonian,viP,Other,3,3,1,Marike (3),Mari (3)
1,Mary / Maria / Maarja / Mari,Maarja-Magdaleena,Estonia core/west,North Estonian,viP,Maaria,1,1,1,Maaria (1),Mary (1)
1,Mary / Maria / Maarja / Mari,Maarja-Magdaleena,Estonia core/west,North Estonian,viP,Maie,1,1,1,Maie (1),Maija/Maie (1)
1,Mary / Maria / Maarja / Mari,Markkova,Ingria,Finnish,suI,Mari,3,1,1,Mari (3),Mari (3)
1,Mary / Maria / Maarja / Mari,Markkova,Ingria,Finnish,suI,Maaria,1,1,1,Maaria (1),Mary (1)
1,Mary / Maria / Maarja / Mari,Markkova,Ingria,Finnish,suI,Maria,1,1,1,Maria (1),Mary (1)
1,Mary / Maria / Maarja / Mari,Martna,Estonia core/west,North Estonian,viP,Mari,2,1,1,Mari (2),Mary (2)
1,Mary / Maria / Maarja / Mari,Martna,Estonia core/west,North Estonian,viP,Other,1,1,1,Jurist-Mari (1),Mari (1)
1,Mary / Maria / Maarja / Mari,Marttila,Finland/Savo-Karelia,Finnish,su,Maria,5,4,1,Maria (5),Mary (5)
1,Mary / Maria / Maarja / Mari,Marttila,Finland/Savo-Karelia,Finnish,su,Maarja,2,1,1,Maarja (2),Mary (2)
1,Mary / Maria / Maarja / Mari,Marttila,Finland/Savo-Karelia,Finnish,su,Maija,2,2,1,Maija (2),Maija/Maie (2)
1,Mary / Maria / Maarja / Mari,Masku,Finland/Savo-Karelia,Finnish,su,Maria,1,1,1,Maria (1),Mary (1)
1,Mary / Maria / Maarja / Mari,Merikarvia,Finland/Savo-Karelia,Outside selected Finnic areas,ru,Maija,1,1,1,Maija (1),Maija/Maie (1)
1,Mary / Maria / Maarja / Mari,Merikarvia,Finland/Savo-Karelia,Outside selected Finnic areas,ru,Maria,1,1,1,Maria (1),Maria/Maaria (1)
1,Mary / Maria / Maarja / Mari,Metsäpirtti,Finland/Savo-Karelia,Finnish,su,Maria,6,5,1,Maria (6),Mary (6)
1,Mary / Maria / Maarja / Mari,Metsäpirtti,Finland/Savo-Karelia,Finnish,su,Maija,2,2,1,Maija (2),Maija/Maie (2)
1,Mary / Maria / Maarja / Mari,Metsäpirtti,Finland/Savo-Karelia,Finnish,su,Maaria,1,1,1,Maaria (1),Mary (1)
1,Mary / Maria / Maarja / Mari,Metsäpirtti,Finland/Savo-Karelia,Finnish,su,Other,1,1,1,mustamaija (1),Maija/Maie (1)
1,Mary / Maria / Maarja / Mari,Mietoinen,Finland/Savo-Karelia,Finnish,su,Maija,1,1,1,Maija (1),Maija/Maie (1)
1,Mary / Maria / Maarja / Mari,Mihkli,Estonia core/west,North Estonian,viP,Mari,9,4,1,Mari (9),Mari (9)
1,Mary / Maria / Maarja / Mari,Mihkli,Estonia core/west,North Estonian,viP,Other,1,1,1,Marike (1),Mari (1)
1,Mary / Maria / Maarja / Mari,Miikkulainen,Ingria,Finnish,su,Mari,2,2,1,Mari (2),Mari (1); Mary (1)
1,Mary / Maria / Maarja / Mari,Miikkulainen,Ingria,Finnish,su,Maaria,1,1,1,Maaria (1),Mary (1)
1,Mary / Maria / Maarja / Mari,Moloskovitsa,Ingria,Finnish,su,Mari,6,4,1,Mari (6),Mari (5); Mary (1)
1,Mary / Maria / Maarja / Mari,Moloskovitsa,Ingria,Finnish,su,Maaria,4,4,1,Maaria (4),Mary (4)
1,Mary / Maria / Maarja / Mari,Moloskovitsa,Ingria,Finnish,su,Maria,2,2,1,Maria (2),Maria/Maaria (1); Mary (1)
1,Mary / Maria / Maarja / Mari,Moloskovitsa,Ingria,Finnish,su,Other,1,1,1,Marian (1),Mary (1)
1,Mary / Maria / Maarja / Mari,Mouhijärvi,Finland/Savo-Karelia,Finnish,su,Maija,9,6,1,Maija (9),Maija/Maie (9)
1,Mary / Maria / Maarja / Mari,Mouhijärvi,Finland/Savo-Karelia,Finnish,su,Maaria,2,1,1,Maaria (2),Maria/Maaria (2)
1,Mary / Maria / Maarja / Mari,Muhos,Finland/Savo-Karelia,Finnish,su,Maija,4,3,1,Maija (4),Maija/Maie (4)
1,Mary / Maria / Maarja / Mari,Muhos,Finland/Savo-Karelia,Finnish,su,Maria,1,1,1,Maria (1),Mary (1)
1,Mary / Maria / Maarja / Mari,Muhos,Finland/Savo-Karelia,Finnish,su,Other,1,1,1,Maarija (1),Mary (1)
1,Mary / Maria / Maarja / Mari,Muhu,Estonia core/west,North Estonian,viP,Other,5,2,2,maiekene (4); maarjuke (1),Maija/Maie (4); Mary (1)
1,Mary / Maria / Maarja / Mari,Muhu,Estonia core/west,North Estonian,viP,Mai,4,1,1,Mai (4),Maija/Maie (4)
1,Mary / Maria / Maarja / Mari,Muhu,Estonia core/west,North Estonian,viP,Mari,4,3,1,Mari (4),Mari (4)
1,Mary / Maria / Maarja / Mari,Muhu,Estonia core/west,North Estonian,viP,Maarja,1,1,1,Maarja (1),Mary (1)
1,Mary / Maria / Maarja / Mari,Multia,Finland/Savo-Karelia,Finnish,su,Maria,1,1,1,Maria (1),Mary (1)
1,Mary / Maria / Maarja / Mari,Muolaa,Finland/Savo-Karelia,Finnish,su,Mari,7,4,1,Mari (7),Mari (5); Mary (2)
1,Mary / Maria / Maarja / Mari,Mustjala,Estonia core/west,North Estonian,viP,Mari,2,2,1,Mari (2),Mari (2)
1,Mary / Maria / Maarja / Mari,Muurla,Finland/Savo-Karelia,Finnish,su,Maarja,2,1,1,Maarja (2),Mary (2)
1,Mary / Maria / Maarja / Mari,Muurla,Finland/Savo-Karelia,Finnish,su,Maria,2,1,1,Maria (2),Maria/Maaria (2)
1,Mary / Maria / Maarja / Mari,Muurla,Finland/Savo-Karelia,Finnish,su,Maija,1,1,1,Maija (1),Maija/Maie (1)
1,Mary / Maria / Maarja / Mari,Muuruvesi,Finland/Savo-Karelia,Finnish,su,Maria,1,1,1,Maria (1),Mary (1)
1,Mary / Maria / Maarja / Mari,Mynämäki,Finland/Savo-Karelia,Finnish,su,Maija,1,1,1,Maija (1),Maija/Maie (1)
1,Mary / Maria / Maarja / Mari,Mäntsälä,Finland/Savo-Karelia,Finnish,su,Other,3,2,2,maaria (2); maija (1),Maria/Maaria (2); Maija/Maie (1)
1,Mary / Maria / Maarja / Mari,Mäntsälä,Finland/Savo-Karelia,Finnish,su,Maija,1,1,1,Maija (1),Maija/Maie (1)
1,Mary / Maria / Maarja / Mari,Mäntyharju,Finland/Savo-Karelia,Finnish,su,Maija,3,3,1,Maija (3),Maija/Maie (3)
1,Mary / Maria / Maarja / Mari,Mäntyharju,Finland/Savo-Karelia,Finnish,su,Other,2,1,1,maija (2),Maija/Maie (2)
1,Mary / Maria / Maarja / Mari,Mäntyharju,Finland/Savo-Karelia,Finnish,su,Maria,1,1,1,Maria (1),Maria/Maaria (1)
1,Mary / Maria / Maarja / Mari,Märjamaa,Estonia core/west,North Estonian,viP,Mari,5,4,1,Mari (5),Mari (5)
1,Mary / Maria / Maarja / Mari,Märjamaa,Estonia core/west,North Estonian,viP,Maarja,3,2,1,Maarja (3),Mary (3)
1,Mary / Maria / Maarja / Mari,Nakkila,Finland/Savo-Karelia,Finnish,su,Maaria,1,1,1,Maaria (1),Mary (1)
1,Mary / Maria / Maarja / Mari,Narvusi,Ingria,Ingrian,in,Maija,154,32,1,Maija (154),Maija/Maie (154)
1,Mary / Maria / Maarja / Mari,Narvusi,Ingria,Ingrian,in,Other,48,22,22,Maije (15); maija (6); Maijan (3); Maari (3); maariainen (2); Marja (2); maa/Maija (2); Maarjatta (1),Maija/Maie (34); Mary (9); Mari (4); Maria/Maaria (1)
1,Mary / Maria / Maarja / Mari,Narvusi,Ingria,Ingrian,in,Maaria,45,28,1,Maaria (45),Mary (43); Maria/Maaria (2)
1,Mary / Maria / Maarja / Mari,Narvusi,Ingria,Ingrian,in,Maria,36,21,1,Maria (36),Mary (36)
1,Mary / Maria / Maarja / Mari,Narvusi,Ingria,Ingrian,in,Mari,32,19,1,Mari (32),Mari (23); Mary (9)
1,Mary / Maria / Maarja / Mari,Narvusi,Ingria,Ingrian,in,Maarja,2,2,1,Maarja (2),Mary (2)
1,Mary / Maria / Maarja / Mari,Nilsiä,Finland/Savo-Karelia,Finnish,su,Other,3,3,2,Marian (2); marja (berry) or Maria (name) (1),Mary (2); Maria/Maaria (1)
1,Mary / Maria / Maarja / Mari,Nissi,Estonia core/west,North Estonian,viP,Mari,2,1,1,Mari (2),Mari (2)
1,Mary / Maria / Maarja / Mari,Nivala,Finland/Savo-Karelia,Finnish,su,Other,3,2,2,maaria (2); Marja (1),Mary (3)
1,Mary / Maria / Maarja / Mari,Norra Finnskoga,Finland/Savo-Karelia,Finnish,su,Maria,2,2,1,Maria (2),Mary (2)
1,Mary / Maria / Maarja / Mari,Nousiainen,Finland/Savo-Karelia,Finnish,su,Maija,2,2,1,Maija (2),Maija/Maie (2)
1,Mary / Maria / Maarja / Mari,Nousiainen,Finland/Savo-Karelia,Finnish,su,Maria,1,1,1,Maria (1),Maria/Maaria (1)
1,Mary / Maria / Maarja / Mari,Nurmes,Finland/Savo-Karelia,Finnish,su,Maaria,7,5,1,Maaria (7),Mary (7)
1,Mary / Maria / Maarja / Mari,Nurmes,Finland/Savo-Karelia,Finnish,su,Maija,6,5,1,Maija (6),Maija/Maie (5); Mary (1)
1,Mary / Maria / Maarja / Mari,Nurmes,Finland/Savo-Karelia,Finnish,su,Maria,5,4,1,Maria (5),Mary (3); Maria/Maaria (2)
1,Mary / Maria / Maarja / Mari,Nurmes,Finland/Savo-Karelia,Finnish,su,Other,3,2,2,maaria (2); maija (1),Mary (2); Maija/Maie (1)
1,Mary / Maria / Maarja / Mari,Nyskoga,Finland/Savo-Karelia,Finnish,su,Other,1,1,1,Maria+n (1),Mary (1)
1,Mary / Maria / Maarja / Mari,Nõo,Estonia core/west,South Estonian,viE,Mari,2,2,1,Mari (2),Mari (1); Mary (1)
1,Mary / Maria / Maarja / Mari,Oravainen,Finland/Savo-Karelia,Finnish,su,Maria,1,1,1,Maria (1),Mary (1)
1,Mary / Maria / Maarja / Mari,Orimattila,Finland/Savo-Karelia,Finnish,su,Maaria,2,1,1,Maaria (2),Mary (2)
1,Mary / Maria / Maarja / Mari,Orimattila,Finland/Savo-Karelia,Finnish,su,Maija,1,1,1,Maija (1),Maija/Maie (1)
1,Mary / Maria / Maarja / Mari,Orimattila,Finland/Savo-Karelia,Finnish,su,Maria,1,1,1,Maria (1),Mary (1)
1,Mary / Maria / Maarja / Mari,Otepää,Estonia core/west,South Estonian,viE,Mari,5,3,1,Mari (5),Mari (3); Mary (2)
1,Mary / Maria / Maarja / Mari,Otepää,Estonia core/west,South Estonian,viE,Maarja,4,4,1,Maarja (4),Mary (4)
1,Mary / Maria / Maarja / Mari,Otepää,Estonia core/west,South Estonian,viE,Marikene,2,2,1,Marikene (2),Mari (2)
1,Mary / Maria / Maarja / Mari,Otepää,Estonia core/west,South Estonian,viE,Mai,1,1,1,Mai (1),Maija/Maie (1)
1,Mary / Maria / Maarja / Mari,Oulu,Finland/Savo-Karelia,Finnish,su,Maria,2,1,1,Maria (2),Maria/Maaria (2)
1,Mary / Maria / Maarja / Mari,Oulu,Finland/Savo-Karelia,Finnish,su,Maaria,1,1,1,Maaria (1),Mary (1)
1,Mary / Maria / Maarja / Mari,Oulu,Finland/Savo-Karelia,Finnish,su,Maija,1,1,1,Maija (1),Maija/Maie (1)
1,Mary / Maria / Maarja / Mari,Paattinen,Finland/Savo-Karelia,Finnish,su,Maija,4,3,1,Maija (4),Maija/Maie (4)
1,Mary / Maria / Maarja / Mari,Paavola,Finland/Savo-Karelia,Finnish,su,Maija,1,1,1,Maija (1),Maija/Maie (1)
1,Mary / Maria / Maarja / Mari,Padasjoki,Finland/Savo-Karelia,Finnish,su,Maaria,1,1,1,Maaria (1),Maria/Maaria (1)
1,Mary / Maria / Maarja / Mari,Padasjoki,Finland/Savo-Karelia,Finnish,su,Other,1,1,1,akerias & Maija (1),Maija/Maie (1)
1,Mary / Maria / Maarja / Mari,Paide,Estonia core/west,North Estonian,viP,Mari,11,3,1,Mari (11),Mari (10); Mary (1)
1,Mary / Maria / Maarja / Mari,Paide,Estonia core/west,North Estonian,viP,Maarja,1,1,1,Maarja (1),Mary (1)
1,Mary / Maria / Maarja / Mari,Paide,Estonia core/west,North Estonian,viP,Maie,1,1,1,Maie (1),Maija/Maie (1)
1,Mary / Maria / Maarja / Mari,Paide,Estonia core/west,North Estonian,viP,Maria,1,1,1,Maria (1),Mary (1)
1,Mary / Maria / Maarja / Mari,Paimio,Finland/Savo-Karelia,Finnish,su,Other,4,2,2,marianpäivä (2); maaria (2),Mary (2); Maria/Maaria (2)
1,Mary / Maria / Maarja / Mari,Paimio,Finland/Savo-Karelia,Finnish,su,Maria,3,1,1,Maria (3),Mary (3)
1,Mary / Maria / Maarja / Mari,Paimio,Finland/Savo-Karelia,Finnish,su,Maija,1,1,1,Maija (1),Maija/Maie (1)
1,Mary / Maria / Maarja / Mari,Paistu,Estonia core/west,South Estonian,viE,Mari,24,15,1,Mari (24),Mari (15); Mary (9)
1,Mary / Maria / Maarja / Mari,Paistu,Estonia core/west,South Estonian,viE,Maarja,17,13,1,Maarja (17),Mary (16); Mari (1)
1,Mary / Maria / Maarja / Mari,Paistu,Estonia core/west,South Estonian,viE,Other,8,5,6,Marijale (3); Maritse (1); mari (1); maarjapäev (1); taevaema (1); Mari+kene (1),Mari (6); Mary (2)
1,Mary / Maria / Maarja / Mari,Paistu,Estonia core/west,South Estonian,viE,Maie,5,1,1,Maie (5),Maija/Maie (5)
1,Mary / Maria / Maarja / Mari,Paistu,Estonia core/west,South Estonian,viE,Mai,1,1,1,Mai (1),Maija/Maie (1)
1,Mary / Maria / Maarja / Mari,Palamuse,Estonia core/west,North Estonian,viP,Mari,25,8,1,Mari (25),Mari (22); Mary (3)
1,Mary / Maria / Maarja / Mari,Palamuse,Estonia core/west,North Estonian,viP,Other,7,5,4,maarjapuu (3); mari (2); marikene (1); Marike (1),Mari (4); Mary (3)
1,Mary / Maria / Maarja / Mari,Palamuse,Estonia core/west,North Estonian,viP,Maarja,2,1,1,Maarja (2),Maria/Maaria (2)
1,Mary / Maria / Maarja / Mari,Paltamo,Finland/Savo-Karelia,Finnish,su,Maria,6,2,1,Maria (6),Mary (3); Maria/Maaria (3)
1,Mary / Maria / Maarja / Mari,Parkano,Finland/Savo-Karelia,Finnish,su,Maria,3,3,1,Maria (3),Mary (3)
1,Mary / Maria / Maarja / Mari,Parkano,Finland/Savo-Karelia,Finnish,su,Maaria,1,1,1,Maaria (1),Mary (1)
1,Mary / Maria / Maarja / Mari,Peetri,Estonia core/west,North Estonian,viP,Mari,12,8,1,Mari (12),Mari (8); Mary (4)
1,Mary / Maria / Maarja / Mari,Peetri,Estonia core/west,North Estonian,viP,Other,2,1,2,maie (1); mari (1),Maija/Maie (1); Mari (1)
1,Mary / Maria / Maarja / Mari,Peetri,Estonia core/west,North Estonian,viP,Maaria,1,1,1,Maaria (1),Mary (1)
1,Mary / Maria / Maarja / Mari,Peetri,Estonia core/west,North Estonian,viP,Mai,1,1,1,Mai (1),Maija/Maie (1)
1,Mary / Maria / Maarja / Mari,Peetri,Estonia core/west,North Estonian,viP,Marikene,1,1,1,Marikene (1),Mari (1)
1,Mary / Maria / Maarja / Mari,Perho,Finland/Savo-Karelia,Finnish,su,Other,2,1,1,marja (2),Maria/Maaria (2)
1,Mary / Maria / Maarja / Mari,Perniö,Finland/Savo-Karelia,Finnish,su,Maaria,1,1,1,Maaria (1),Mary (1)
1,Mary / Maria / Maarja / Mari,Perniö,Finland/Savo-Karelia,Finnish,su,Maria,1,1,1,Maria (1),Mary (1)
1,Mary / Maria / Maarja / Mari,Pertteli,Finland/Savo-Karelia,Finnish,su,Maija,2,2,1,Maija (2),Maija/Maie (2)
1,Mary / Maria / Maarja / Mari,Pertteli,Finland/Savo-Karelia,Finnish,su,Other,1,1,1,maarjanpäivä (1),Mary (1)
1,Mary / Maria / Maarja / Mari,Pieksämäki,Finland/Savo-Karelia,Finnish,su,Maria,3,3,1,Maria (3),Mary (2); Maria/Maaria (1)
1,Mary / Maria / Maarja / Mari,Pieksämäki,Finland/Savo-Karelia,Finnish,su,Other,3,2,2,Marja (2); Marianen (1),Mary (3)
1,Mary / Maria / Maarja / Mari,Pieksämäki,Finland/Savo-Karelia,Finnish,su,Maaria,2,2,1,Maaria (2),Mary (2)
1,Mary / Maria / Maarja / Mari,Pielavesi,Finland/Savo-Karelia,Finnish,su,Maria,5,4,1,Maria (5),Mary (4); Maria/Maaria (1)
1,Mary / Maria / Maarja / Mari,Pielavesi,Finland/Savo-Karelia,Finnish,su,Maaria,3,2,1,Maaria (3),Mary (3)
1,Mary / Maria / Maarja / Mari,Pielisjärvi,Finland/Savo-Karelia,Finnish,su,Maaria,3,3,1,Maaria (3),Mary (3)
1,Mary / Maria / Maarja / Mari,Pielisjärvi,Finland/Savo-Karelia,Finnish,su,Maija,2,2,1,Maija (2),Maija/Maie (2)
1,Mary / Maria / Maarja / Mari,Pielisjärvi,Finland/Savo-Karelia,Finnish,su,Maria,1,1,1,Maria (1),Mary (1)
1,Mary / Maria / Maarja / Mari,Pielisjärvi,Finland/Savo-Karelia,Finnish,su,Other,1,1,1,kala & Maija (1),Maija/Maie (1)
1,Mary / Maria / Maarja / Mari,Pihlajavesi,Finland/Savo-Karelia,Finnish,su,Maija,1,1,1,Maija (1),Maija/Maie (1)
1,Mary / Maria / Maarja / Mari,Pihlajavesi,Finland/Savo-Karelia,Finnish,su,Other,1,1,1,Mustamaija (1),Maija/Maie (1)
1,Mary / Maria / Maarja / Mari,Piikkiö,Finland/Savo-Karelia,Finnish,su,Maija,2,2,1,Maija (2),Maija/Maie (2)
1,Mary / Maria / Maarja / Mari,Piikkiö,Finland/Savo-Karelia,Finnish,su,Other,1,1,1,varis & Maija/maja (1),Maija/Maie (1)
1,Mary / Maria / Maarja / Mari,Piippola,Finland/Savo-Karelia,Finnish,su,Maria,3,1,1,Maria (3),Mary (3)
1,Mary / Maria / Maarja / Mari,Piippola,Finland/Savo-Karelia,Finnish,su,Maaria,1,1,1,Maaria (1),Mary (1)
1,Mary / Maria / Maarja / Mari,Piippola,Finland/Savo-Karelia,Finnish,su,Maija,1,1,1,Maija (1),Maija/Maie (1)
1,Mary / Maria / Maarja / Mari,Pilistvere,Estonia core/west,North Estonian,viP,Mari,27,9,1,Mari (27),Mari (17); Mary (10)
1,Mary / Maria / Maarja / Mari,Pilistvere,Estonia core/west,North Estonian,viP,Maarja,2,2,1,Maarja (2),Mary (2)
1,Mary / Maria / Maarja / Mari,Pilistvere,Estonia core/west,North Estonian,viP,Maie,1,1,1,Maie (1),Maija/Maie (1)
1,Mary / Maria / Maarja / Mari,Pilistvere,Estonia core/west,North Estonian,viP,Maria,1,1,1,Maria (1),Mary (1)
1,Mary / Maria / Maarja / Mari,Pilistvere,Estonia core/west,North Estonian,viP,Other,1,1,1,Marike (1),Mari (1)
1,Mary / Maria / Maarja / Mari,Pistojärvi,East Karelia/Veps/Tver,Karelian Proper,ka,Maria,1,1,1,Maria (1),Mary (1)
1,Mary / Maria / Maarja / Mari,Polvijärvi,Finland/Savo-Karelia,Finnish,su,Maija,1,1,1,Maija (1),Maija/Maie (1)
1,Mary / Maria / Maarja / Mari,Pomarkku,Finland/Savo-Karelia,Finnish,su,Maija,1,1,1,Maija (1),Maija/Maie (1)
1,Mary / Maria / Maarja / Mari,Porajärvi,East Karelia/Veps/Tver,Karelian Proper,kaV,Maaria,10,7,1,Maaria (10),Mary (10)
1,Mary / Maria / Maarja / Mari,Porajärvi,East Karelia/Veps/Tver,Karelian Proper,kaV,Maria,7,5,1,Maria (7),Mary (7)
1,Mary / Maria / Maarja / Mari,Porajärvi,East Karelia/Veps/Tver,Karelian Proper,kaV,Maija,1,1,1,Maija (1),Maija/Maie (1)
1,Mary / Maria / Maarja / Mari,Porajärvi,East Karelia/Veps/Tver,Karelian Proper,kaV,Other,1,1,1,Moaria (1),Maria/Maaria (1)
1,Mary / Maria / Maarja / Mari,Pori,Finland/Savo-Karelia,Finnish,su,Maaria,1,1,1,Maaria (1),Mary (1)
1,Mary / Maria / Maarja / Mari,Posio,Finland/Savo-Karelia,Finnish,su,Maria,1,1,1,Maria (1),Mary (1)
1,Mary / Maria / Maarja / Mari,Pudasjärvi,Finland/Savo-Karelia,Finnish,su,Maaria,3,2,1,Maaria (3),Mary (2); Maria/Maaria (1)
1,Mary / Maria / Maarja / Mari,Pudasjärvi,Finland/Savo-Karelia,Finnish,su,Maija,3,2,1,Maija (3),Maija/Maie (3)
1,Mary / Maria / Maarja / Mari,Pudasjärvi,Finland/Savo-Karelia,Finnish,su,Other,1,1,1,Maariana (1),Maria/Maaria (1)
1,Mary / Maria / Maarja / Mari,Puhja,Estonia core/west,South Estonian,viE,Mari,4,3,1,Mari (4),Mari (3); Mary (1)
1,Mary / Maria / Maarja / Mari,Puhja,Estonia core/west,South Estonian,viE,Maarja,3,2,1,Maarja (3),Mary (3)
1,Mary / Maria / Maarja / Mari,Pukkila,Finland/Savo-Karelia,Finnish,su,Other,1,1,1,musta-Maija (1),Maija/Maie (1)
1,Mary / Maria / Maarja / Mari,Punkalaidun,Finland/Savo-Karelia,Finnish,su,Maaria,2,1,1,Maaria (2),Maria/Maaria (2)
1,Mary / Maria / Maarja / Mari,Punkalaidun,Finland/Savo-Karelia,Finnish,su,Maija,1,1,1,Maija (1),Maija/Maie (1)
1,Mary / Maria / Maarja / Mari,Puolanka,Finland/Savo-Karelia,Finnish,su,Maaria,2,1,1,Maaria (2),Maria/Maaria (2)
1,Mary / Maria / Maarja / Mari,Puolanka,Finland/Savo-Karelia,Finnish,su,Maria,1,1,1,Maria (1),Mary (1)
1,Mary / Maria / Maarja / Mari,Puolanka,Finland/Savo-Karelia,Finnish,su,Other,1,1,1,hertta & Maija (1),Maija/Maie (1)
1,Mary / Maria / Maarja / Mari,Pusula,Finland/Savo-Karelia,Finnish,su,Maija,1,1,1,Maija (1),Maija/Maie (1)
1,Mary / Maria / Maarja / Mari,Puumala,Finland/Savo-Karelia,Finnish,su,Maria,3,2,1,Maria (3),Mary (3)
1,Mary / Maria / Maarja / Mari,Pyhäjärvi Ol.,Finland/Savo-Karelia,Finnish,su,Maaria,1,1,1,Maaria (1),Mary (1)
1,Mary / Maria / Maarja / Mari,Pyhäjärvi Ul.,Finland/Savo-Karelia,Finnish,su,Maaria,3,2,1,Maaria (3),Mary (2); Maria/Maaria (1)
1,Mary / Maria / Maarja / Mari,Pyhäjärvi Ul.,Finland/Savo-Karelia,Finnish,su,Maija,3,2,1,Maija (3),Maija/Maie (3)
1,Mary / Maria / Maarja / Mari,Pyhäjärvi Vpl.,Finland/Savo-Karelia,Finnish,su,Maija,2,2,1,Maija (2),Maija/Maie (2)
1,Mary / Maria / Maarja / Mari,Pyhäjärvi Vpl.,Finland/Savo-Karelia,Finnish,su,Maria,1,1,1,Maria (1),Mary (1)
1,Mary / Maria / Maarja / Mari,Pyhäjärvi Vpl.,Finland/Savo-Karelia,Finnish,su,Other,1,1,1,musta & Maija (1),Maija/Maie (1)
1,Mary / Maria / Maarja / Mari,Pyhäselkä,Finland/Savo-Karelia,Finnish,su,Maria,1,1,1,Maria (1),Mary (1)
1,Mary / Maria / Maarja / Mari,Pylkönmäki,Finland/Savo-Karelia,Finnish,su,Maija,2,2,1,Maija (2),Maija/Maie (2)
1,Mary / Maria / Maarja / Mari,Pälkjärvi,Finland/Savo-Karelia,Finnish,su,Maria,3,2,1,Maria (3),Mary (3)
1,Mary / Maria / Maarja / Mari,Pälkjärvi,Finland/Savo-Karelia,Finnish,su,Maaria,2,2,1,Maaria (2),Mary (2)
1,Mary / Maria / Maarja / Mari,Pälkjärvi,Finland/Savo-Karelia,Finnish,su,Other,1,1,1,Mariainen/muori (1),Mary (1)
1,Mary / Maria / Maarja / Mari,Pälkäne,Finland/Savo-Karelia,Finnish,su,Maija,2,2,1,Maija (2),Maija/Maie (2)
1,Mary / Maria / Maarja / Mari,Pärnu,Estonia core/west,North Estonian,viP,Mari,5,5,1,Mari (5),Mari (3); Mary (2)
1,Mary / Maria / Maarja / Mari,Pärnu,Estonia core/west,North Estonian,viP,Maarja,2,2,1,Maarja (2),Mary (2)
1,Mary / Maria / Maarja / Mari,Pärnu,Estonia core/west,North Estonian,viP,Maie,1,1,1,Maie (1),Maija/Maie (1)
1,Mary / Maria / Maarja / Mari,Pärnu-Jaagupi,Estonia core/west,North Estonian,viP,Maarja,9,1,1,Maarja (9),Mary (9)
1,Mary / Maria / Maarja / Mari,Pärnu-Jaagupi,Estonia core/west,North Estonian,viP,Mari,9,3,1,Mari (9),Mari (9)
1,Mary / Maria / Maarja / Mari,Pärnu-Jaagupi,Estonia core/west,North Estonian,viP,Other,1,1,1,marikene (1),Mari (1)
1,Mary / Maria / Maarja / Mari,Põltsamaa,Estonia core/west,North Estonian,viP,Mari,29,11,1,Mari (29),Mary (16); Mari (13)
1,Mary / Maria / Maarja / Mari,Põltsamaa,Estonia core/west,North Estonian,viP,Maria,9,6,1,Maria (9),Mary (7); Maria/Maaria (2)
1,Mary / Maria / Maarja / Mari,Põltsamaa,Estonia core/west,North Estonian,viP,Marikene,3,3,1,Marikene (3),Mari (2); Mary (1)
1,Mary / Maria / Maarja / Mari,Põltsamaa,Estonia core/west,North Estonian,viP,Maarja,1,1,1,Maarja (1),Mary (1)
1,Mary / Maria / Maarja / Mari,Põltsamaa,Estonia core/west,North Estonian,viP,Maie,1,1,1,Maie (1),Maija/Maie (1)
1,Mary / Maria / Maarja / Mari,Põlva,South Estonia/Seto,South Estonian,viE,Mari,6,6,1,Mari (6),Mari (3); Mary (3)
1,Mary / Maria / Maarja / Mari,Põlva,South Estonia/Seto,South Estonian,viE,Maie,4,4,1,Maie (4),Maija/Maie (4)
1,Mary / Maria / Maarja / Mari,Põlva,South Estonia/Seto,South Estonian,viE,Maarja,3,2,1,Maarja (3),Mary (3)
1,Mary / Maria / Maarja / Mari,Pöide,Estonia core/west,North Estonian,viP,Mari,23,3,1,Mari (23),Maija/Maie (20); Mari (2); Mary (1)
1,Mary / Maria / Maarja / Mari,Pöide,Estonia core/west,North Estonian,viP,Other,3,2,2,maiekene (2); maria (1),Maija/Maie (2); Mary (1)
1,Mary / Maria / Maarja / Mari,Pöide,Estonia core/west,North Estonian,viP,Maie,2,1,1,Maie (2),Maija/Maie (2)
1,Mary / Maria / Maarja / Mari,Pöytyä,Finland/Savo-Karelia,Finnish,su,Maija,4,3,1,Maija (4),Maija/Maie (4)
1,Mary / Maria / Maarja / Mari,Pöytyä,Finland/Savo-Karelia,Finnish,su,Other,3,3,3,maito & Maija (1); makkara & Maija (1); makkara&Maija (1),Maija/Maie (3)
1,Mary / Maria / Maarja / Mari,Pühalepa,Estonia core/west,North Estonian,viP,Mari,2,2,1,Mari (2),Mari (2)
1,Mary / Maria / Maarja / Mari,Pühalepa,Estonia core/west,North Estonian,viP,Other,2,2,2,mai (1); Marja (1),Maija/Maie (1); Mary (1)
1,Mary / Maria / Maarja / Mari,Raahe,Finland/Savo-Karelia,Finnish,su,Maija,2,1,1,Maija (2),Maija/Maie (2)
1,Mary / Maria / Maarja / Mari,Rakvere,Estonia core/west,North Estonian,viP,Mari,2,1,1,Mari (2),Mary (2)
1,Mary / Maria / Maarja / Mari,Rakvere,Estonia core/west,North Estonian,viP,Other,1,1,1,maritütar (1),Mari (1)
1,Mary / Maria / Maarja / Mari,Rannu,Estonia core/west,South Estonian,viE,Mari,6,6,1,Mari (6),Mari (5); Maria/Maaria (1)
1,Mary / Maria / Maarja / Mari,Rannu,Estonia core/west,South Estonian,viE,Maarja,1,1,1,Maarja (1),Mary (1)
1,Mary / Maria / Maarja / Mari,Rantsila,Finland/Savo-Karelia,Finnish,su,Maija,5,4,1,Maija (5),Maija/Maie (5)
1,Mary / Maria / Maarja / Mari,Rantsila,Finland/Savo-Karelia,Finnish,su,Maaria,2,2,1,Maaria (2),Mary (2)
1,Mary / Maria / Maarja / Mari,Rantsila,Finland/Savo-Karelia,Finnish,su,Other,1,1,1,Maarianainen (1),Mary (1)
1,Mary / Maria / Maarja / Mari,Ranua,Finland/Savo-Karelia,Finnish,su,Maija,7,5,1,Maija (7),Maija/Maie (7)
1,Mary / Maria / Maarja / Mari,Ranua,Finland/Savo-Karelia,Finnish,su,Maria,1,1,1,Maria (1),Mary (1)
1,Mary / Maria / Maarja / Mari,Ranua,Finland/Savo-Karelia,Finnish,su,Other,1,1,1,Neitsyt Maria (1),Mary (1)
1,Mary / Maria / Maarja / Mari,Rapla,Estonia core/west,North Estonian,viP,Mari,3,3,1,Mari (3),Mari (3)
1,Mary / Maria / Maarja / Mari,Rapla,Estonia core/west,North Estonian,viP,Other,1,1,1,Matsu & Mari (1),Mari (1)
1,Mary / Maria / Maarja / Mari,Rauma,Finland/Savo-Karelia,Finnish,su,Maija,2,2,1,Maija (2),Maija/Maie (2)
1,Mary / Maria / Maarja / Mari,Rautalampi,Finland/Savo-Karelia,Finnish,su,Maaria,1,1,1,Maaria (1),Mary (1)
1,Mary / Maria / Maarja / Mari,Rautalampi,Finland/Savo-Karelia,Finnish,su,Maija,1,1,1,Maija (1),Maija/Maie (1)
1,Mary / Maria / Maarja / Mari,Rautavaara,Finland/Savo-Karelia,Finnish,su,Maaria,2,2,1,Maaria (2),Mary (2)
1,Mary / Maria / Maarja / Mari,Reigi,Estonia core/west,North Estonian,viP,Mari,4,3,1,Mari (4),Mari (3); Mary (1)
1,Mary / Maria / Maarja / Mari,Reigi,Estonia core/west,North Estonian,viP,Other,1,1,1,mai (1),Maija/Maie (1)
1,Mary / Maria / Maarja / Mari,Renko,Finland/Savo-Karelia,Finnish,su,Maria,3,2,1,Maria (3),Mary (2); Maria/Maaria (1)
1,Mary / Maria / Maarja / Mari,Repola,East Karelia/Veps/Tver,Karelian Proper,kaV,Maria,9,6,1,Maria (9),Mary (5); Maria/Maaria (4)
1,Mary / Maria / Maarja / Mari,Repola,East Karelia/Veps/Tver,Karelian Proper,kaV,Maaria,8,6,1,Maaria (8),Mary (8)
1,Mary / Maria / Maarja / Mari,Repola,East Karelia/Veps/Tver,Karelian Proper,kaV,Maija,1,1,1,Maija (1),Maija/Maie (1)
1,Mary / Maria / Maarja / Mari,Repola,East Karelia/Veps/Tver,Karelian Proper,kaV,Mari,1,1,1,Mari (1),Mari (1)
1,Mary / Maria / Maarja / Mari,Ridala,Estonia core/west,North Estonian,viP,Mari,4,2,1,Mari (4),Mari (4)
1,Mary / Maria / Maarja / Mari,Ridala,Estonia core/west,North Estonian,viP,Maarja,1,1,1,Maarja (1),Mary (1)
1,Mary / Maria / Maarja / Mari,Riipuskala,East Karelia/Veps/Tver,Karelian Proper,ka,Maaria,4,3,1,Maaria (4),Mary (4)
1,Mary / Maria / Maarja / Mari,Riipuskala,East Karelia/Veps/Tver,Karelian Proper,ka,Maria,1,1,1,Maria (1),Mary (1)
1,Mary / Maria / Maarja / Mari,Risti,Estonia core/west,North Estonian,viP,Mari,29,9,1,Mari (29),Mari (28); Mary (1)
1,Mary / Maria / Maarja / Mari,Risti,Estonia core/west,North Estonian,viP,Maarja,4,2,1,Maarja (4),Mary (4)
1,Mary / Maria / Maarja / Mari,Risti,Estonia core/west,North Estonian,viP,Other,4,4,2,Marike (3); Mari+kene (1),Mari (4)
1,Mary / Maria / Maarja / Mari,Ristijärvi,Finland/Savo-Karelia,Finnish,su,Maija,1,1,1,Maija (1),Maija/Maie (1)
1,Mary / Maria / Maarja / Mari,Ropsu,Ingria,Finnish,su,Maria,1,1,1,Maria (1),Mary (1)
1,Mary / Maria / Maarja / Mari,Rovaniemi,Finland/Savo-Karelia,Finnish,su,Maija,4,4,1,Maija (4),Maija/Maie (4)
1,Mary / Maria / Maarja / Mari,Rovaniemi,Finland/Savo-Karelia,Finnish,su,Maria,3,3,1,Maria (3),Mary (2); Maria/Maaria (1)
1,Mary / Maria / Maarja / Mari,Rovaniemi,Finland/Savo-Karelia,Finnish,su,Maaria,1,1,1,Maaria (1),Maria/Maaria (1)
1,Mary / Maria / Maarja / Mari,Rovaniemi,Finland/Savo-Karelia,Finnish,su,Other,1,1,1,Marja (1),Mary (1)
1,Mary / Maria / Maarja / Mari,Ruokolahti,Finland/Savo-Karelia,Finnish,su,Maija,1,1,1,Maija (1),Maija/Maie (1)
1,Mary / Maria / Maarja / Mari,Ruotsin Ylitornio,Finland/Savo-Karelia,Tornedalen Finnish,su,Maria,2,1,1,Maria (2),Mary (2)
1,Mary / Maria / Maarja / Mari,Ruotsinpyhtää,Finland/Savo-Karelia,Outside selected Finnic areas,ru,Maija,1,1,1,Maija (1),Maija/Maie (1)
1,Mary / Maria / Maarja / Mari,Ruovesi,Finland/Savo-Karelia,Finnish,su,Maija,2,1,1,Maija (2),Maija/Maie (2)
1,Mary / Maria / Maarja / Mari,Ruovesi,Finland/Savo-Karelia,Finnish,su,Other,1,1,1,rämppä & maija (1),Maija/Maie (1)
1,Mary / Maria / Maarja / Mari,Ruskeala,East Karelia/Veps/Tver,Finnish,su,Maaria,1,1,1,Maaria (1),Mary (1)
1,Mary / Maria / Maarja / Mari,Ruskeala,East Karelia/Veps/Tver,Finnish,su,Maria,1,1,1,Maria (1),Mary (1)
1,Mary / Maria / Maarja / Mari,Rymättylä,Finland/Savo-Karelia,Finnish,su,Maaria,2,1,1,Maaria (2),Mary (2)
1,Mary / Maria / Maarja / Mari,Rymättylä,Finland/Savo-Karelia,Finnish,su,Other,1,1,1,harakka & Maija (1),Maija/Maie (1)
1,Mary / Maria / Maarja / Mari,Räisälä,Finland/Savo-Karelia,Finnish,su,Other,2,1,1,Marilla (2),Mari (2)
1,Mary / Maria / Maarja / Mari,Räisälä,Finland/Savo-Karelia,Finnish,su,Mari,1,1,1,Mari (1),Mari (1)
1,Mary / Maria / Maarja / Mari,Räpina,South Estonia/Seto,South Estonian,viE,Maarja,16,8,1,Maarja (16),Mary (16)
1,Mary / Maria / Maarja / Mari,Räpina,South Estonia/Seto,South Estonian,viE,Mari,11,6,1,Mari (11),Mari (6); Mary (5)
1,Mary / Maria / Maarja / Mari,Rääkkylä,Finland/Savo-Karelia,Finnish,su,Maaria,1,1,1,Maaria (1),Mary (1)
1,Mary / Maria / Maarja / Mari,Rääkkylä,Finland/Savo-Karelia,Finnish,su,Other,1,1,1,Muari (1),Mary (1)
1,Mary / Maria / Maarja / Mari,Rääpyvä,Ingria,Finnish,su,Maaria,2,2,1,Maaria (2),Mary (2)
1,Mary / Maria / Maarja / Mari,Rääpyvä,Ingria,Finnish,su,Other,2,1,2,Marinen (1); Marianen (1),Mary (2)
1,Mary / Maria / Maarja / Mari,Rääpyvä,Ingria,Finnish,su,Maria,1,1,1,Maria (1),Mary (1)
1,Mary / Maria / Maarja / Mari,Rõngu,Estonia core/west,South Estonian,viE,Mari,7,5,1,Mari (7),Mari (4); Mary (3)
1,Mary / Maria / Maarja / Mari,Rõngu,Estonia core/west,South Estonian,viE,Maarja,4,3,1,Maarja (4),Mary (4)
1,Mary / Maria / Maarja / Mari,Rõngu,Estonia core/west,South Estonian,viE,Other,2,2,1,Marike (2),Mari (2)
1,Mary / Maria / Maarja / Mari,Rõngu,Estonia core/west,South Estonian,viE,Mai,1,1,1,Mai (1),Maija/Maie (1)
1,Mary / Maria / Maarja / Mari,Rõngu,Estonia core/west,South Estonian,viE,Maria,1,1,1,Maria (1),Mary (1)
1,Mary / Maria / Maarja / Mari,Rõuge,South Estonia/Seto,South Estonian,viE,Mari,25,11,1,Mari (25),Mari (22); Mary (3)
1,Mary / Maria / Maarja / Mari,Rõuge,South Estonia/Seto,South Estonian,viE,Other,3,1,1,marikene (3),Mari (3)
1,Mary / Maria / Maarja / Mari,Rõuge,South Estonia/Seto,South Estonian,viE,Maarja,1,1,1,Maarja (1),Mary (1)
1,Mary / Maria / Maarja / Mari,Rõuge,South Estonia/Seto,South Estonian,viE,Marikene,1,1,1,Marikene (1),Mari (1)
1,Mary / Maria / Maarja / Mari,Saarde,Estonia core/west,North Estonian,viP,Maarja,10,5,1,Maarja (10),Mary (10)
1,Mary / Maria / Maarja / Mari,Saarde,Estonia core/west,North Estonian,viP,Mari,4,4,1,Mari (4),Mari (2); Mary (2)
1,Mary / Maria / Maarja / Mari,Saarde,Estonia core/west,North Estonian,viP,Other,2,2,2,Marike (1); maarja&hais (1),Mari (1); Mary (1)
1,Mary / Maria / Maarja / Mari,Saarde,Estonia core/west,North Estonian,viP,Maie,1,1,1,Maie (1),Maija/Maie (1)
1,Mary / Maria / Maarja / Mari,Saarde,Estonia core/west,North Estonian,viP,Maria,1,1,1,Maria (1),Mary (1)
1,Mary / Maria / Maarja / Mari,Saari,Finland/Savo-Karelia,Finnish,su,Maija,1,1,1,Maija (1),Maija/Maie (1)
1,Mary / Maria / Maarja / Mari,Saarijärvi,Finland/Savo-Karelia,Finnish,su,Maija,9,9,1,Maija (9),Maija/Maie (9)
1,Mary / Maria / Maarja / Mari,Saarijärvi,Finland/Savo-Karelia,Finnish,su,Other,6,6,6,maja/maija (1); länsi & Maija (1); musta-Maija (1); varis & Maija (1); varis-maija (1); helsinki & maija (1),Maija/Maie (6)
1,Mary / Maria / Maarja / Mari,Saarijärvi,Finland/Savo-Karelia,Finnish,su,Maria,4,3,1,Maria (4),Mary (2); Maria/Maaria (2)
1,Mary / Maria / Maarja / Mari,Saarijärvi,Finland/Savo-Karelia,Finnish,su,Maaria,1,1,1,Maaria (1),Mary (1)
1,Mary / Maria / Maarja / Mari,Sahalahti,Finland/Savo-Karelia,Finnish,su,Maria,3,2,1,Maria (3),Mary (3)
1,Mary / Maria / Maarja / Mari,Sakkola,Finland/Savo-Karelia,Finnish,su,Mari,1,1,1,Mari (1),Mari (1)
1,Mary / Maria / Maarja / Mari,Sakkola,Finland/Savo-Karelia,Finnish,su,Other,1,1,1,maariankukka (hypothetical) (1),Mary (1)
1,Mary / Maria / Maarja / Mari,Salmi,East Karelia/Veps/Tver,Livvi-Karelian,ka,Maria,14,14,1,Maria (14),Mary (12); Maria/Maaria (2)
1,Mary / Maria / Maarja / Mari,Salmi,East Karelia/Veps/Tver,Livvi-Karelian,ka,Maaria,11,9,1,Maaria (11),Mary (11)
1,Mary / Maria / Maarja / Mari,Salmi,East Karelia/Veps/Tver,Livvi-Karelian,ka,Maija,1,1,1,Maija (1),Mary (1)
1,Mary / Maria / Maarja / Mari,Salo,Finland/Savo-Karelia,Finnish,su,Maija,1,1,1,Maija (1),Maija/Maie (1)
1,Mary / Maria / Maarja / Mari,Salo,Finland/Savo-Karelia,Finnish,su,Maria,1,1,1,Maria (1),Mary (1)
1,Mary / Maria / Maarja / Mari,Sangaste,Estonia core/west,South Estonian,viE,Mari,15,8,1,Mari (15),Mari (10); Mary (5)
1,Mary / Maria / Maarja / Mari,Sangaste,Estonia core/west,South Estonian,viE,Maarja,12,9,1,Maarja (12),Mary (12)
1,Mary / Maria / Maarja / Mari,Sangaste,Estonia core/west,South Estonian,viE,Maria,5,2,1,Maria (5),Mary (5)
1,Mary / Maria / Maarja / Mari,Sangaste,Estonia core/west,South Estonian,viE,Other,4,3,3,Maieken (2); maarjapäev (1); Maarjamaa (1),Mary (2); Maija/Maie (2)
1,Mary / Maria / Maarja / Mari,Sangaste,Estonia core/west,South Estonian,viE,Maie,2,2,1,Maie (2),Maija/Maie (2)
1,Mary / Maria / Maarja / Mari,Sangaste,Estonia core/west,South Estonian,viE,Marikene,1,1,1,Marikene (1),Mari (1)
1,Mary / Maria / Maarja / Mari,Sauvo,Finland/Savo-Karelia,Finnish,su,Other,3,2,3,neitsyt & Maaria (1); Jämsä & Maija (1); kampela & Maija (1),Maija/Maie (2); Mary (1)
1,Mary / Maria / Maarja / Mari,Savitaipale,Finland/Savo-Karelia,Finnish,su,Maria,2,2,1,Maria (2),Mary (2)
1,Mary / Maria / Maarja / Mari,Savitaipale,Finland/Savo-Karelia,Finnish,su,Maija,1,1,1,Maija (1),Maija/Maie (1)
1,Mary / Maria / Maarja / Mari,Savonlinna,Finland/Savo-Karelia,Finnish,su,Maija,1,1,1,Maija (1),Maija/Maie (1)
1,Mary / Maria / Maarja / Mari,Savonranta,Finland/Savo-Karelia,Finnish,su,Maaria,5,3,1,Maaria (5),Mary (5)
1,Mary / Maria / Maarja / Mari,Seiskari,Finland/Savo-Karelia,Finnish,su,Mari,2,1,1,Mari (2),Mari (2)
1,Mary / Maria / Maarja / Mari,Serepetta,Ingria,Finnish,su,Mari,5,3,1,Mari (5),Mary (5)
1,Mary / Maria / Maarja / Mari,Serepetta,Ingria,Finnish,su,Other,5,1,2,Marja (3); marja (2),Mary (5)
1,Mary / Maria / Maarja / Mari,Serepetta,Ingria,Finnish,su,Maaria,3,2,1,Maaria (3),Mary (2); Maria/Maaria (1)
1,Mary / Maria / Maarja / Mari,Serepetta,Ingria,Finnish,su,Maija,2,1,1,Maija (2),Maija/Maie (2)
1,Mary / Maria / Maarja / Mari,Serepetta,Ingria,Finnish,su,Maria,1,1,1,Maria (1),Maria/Maaria (1)
1,Mary / Maria / Maarja / Mari,Setumaa,South Estonia/Seto,South Estonian,viE,Maarja,75,34,1,Maarja (75),Mary (75)
1,Mary / Maria / Maarja / Mari,Setumaa,South Estonia/Seto,South Estonian,viE,Mari,41,23,1,Mari (41),Mary (23); Mari (15); Maija/Maie (3)
1,Mary / Maria / Maarja / Mari,Setumaa,South Estonia/Seto,South Estonian,viE,Maria,14,5,1,Maria (14),Mary (14)
1,Mary / Maria / Maarja / Mari,Setumaa,South Estonia/Seto,South Estonian,viE,Other,9,7,5,Maarjale (5); Maarjat (1); manitsema (1); Mari/mariama (1); Mariale (1),Mary (7); Mari (2)
1,Mary / Maria / Maarja / Mari,Siikainen,Finland/Savo-Karelia,Finnish,su,Maria,1,1,1,Maria (1),Maria/Maaria (1)
1,Mary / Maria / Maarja / Mari,Siilinjärvi,Finland/Savo-Karelia,Finnish,su,Maija,1,1,1,Maija (1),Maija/Maie (1)
1,Mary / Maria / Maarja / Mari,Simo,Finland/Savo-Karelia,Finnish,su,Maija,2,1,1,Maija (2),Maija/Maie (2)
1,Mary / Maria / Maarja / Mari,Simo,Finland/Savo-Karelia,Finnish,su,Maria,1,1,1,Maria (1),Mary (1)
1,Mary / Maria / Maarja / Mari,Simuna,Estonia core/west,North Estonian,viP,Maie,25,2,1,Maie (25),Maija/Maie (25)
1,Mary / Maria / Maarja / Mari,Simuna,Estonia core/west,North Estonian,viP,Maarja,8,8,1,Maarja (8),Mary (8)
1,Mary / Maria / Maarja / Mari,Simuna,Estonia core/west,North Estonian,viP,Other,4,2,3,maiekene (2); Maie-l (1); maie (1),Maija/Maie (4)
1,Mary / Maria / Maarja / Mari,Simuna,Estonia core/west,North Estonian,viP,Mari,3,3,1,Mari (3),Mari (3)
1,Mary / Maria / Maarja / Mari,Simuna,Estonia core/west,North Estonian,viP,Maria,3,2,1,Maria (3),Mary (3)
1,Mary / Maria / Maarja / Mari,Simuna,Estonia core/west,North Estonian,viP,Marikene,2,2,1,Marikene (2),Mari (2)
1,Mary / Maria / Maarja / Mari,Soanlahti,East Karelia/Veps/Tver,Finnish,su,Maria,5,5,1,Maria (5),Mary (4); Maria/Maaria (1)
1,Mary / Maria / Maarja / Mari,Sodankylä,Finland/Savo-Karelia,Finnish,su,Maria,2,2,1,Maria (2),Mary (2)
1,Mary / Maria / Maarja / Mari,Sodankylä,Finland/Savo-Karelia,Finnish,su,Other,2,1,1,maaria (2),Maria/Maaria (2)
1,Mary / Maria / Maarja / Mari,Soikkola,Ingria,Ingrian,in,Maaria,35,23,1,Maaria (35),Mary (26); Maria/Maaria (9)
1,Mary / Maria / Maarja / Mari,Soikkola,Ingria,Ingrian,in,Maija,26,11,1,Maija (26),Maija/Maie (26)
1,Mary / Maria / Maarja / Mari,Soikkola,Ingria,Ingrian,in,Maria,19,10,1,Maria (19),Mary (18); Maria/Maaria (1)
1,Mary / Maria / Maarja / Mari,Soikkola,Ingria,Ingrian,in,Other,13,7,5,Maije (5); maija (3); Marian (2); (proper noun) (2); Marja (1),Maija/Maie (10); Mary (3)
1,Mary / Maria / Maarja / Mari,Soikkola,Ingria,Ingrian,in,Mari,10,4,1,Mari (10),Mari (6); Mary (4)
1,Mary / Maria / Maarja / Mari,Soikkola,Ingria,Ingrian,in,Maarja,1,1,1,Maarja (1),Mary (1)
1,Mary / Maria / Maarja / Mari,Soini,Finland/Savo-Karelia,Finnish,su,Maria,1,1,1,Maria (1),Mary (1)
1,Mary / Maria / Maarja / Mari,Somerniemi,Finland/Savo-Karelia,Finnish,su,Maaria,1,1,1,Maaria (1),Mary (1)
1,Mary / Maria / Maarja / Mari,Somerniemi,Finland/Savo-Karelia,Finnish,su,Maija,1,1,1,Maija (1),Maija/Maie (1)
1,Mary / Maria / Maarja / Mari,Somerniemi,Finland/Savo-Karelia,Finnish,su,Maria,1,1,1,Maria (1),Mary (1)
1,Mary / Maria / Maarja / Mari,Somero,Finland/Savo-Karelia,Finnish,su,Maria,3,2,1,Maria (3),Mary (2); Maria/Maaria (1)
1,Mary / Maria / Maarja / Mari,Somero,Finland/Savo-Karelia,Finnish,su,Maaria,2,1,1,Maaria (2),Mary (2)
1,Mary / Maria / Maarja / Mari,Somero,Finland/Savo-Karelia,Finnish,su,Maija,2,1,1,Maija (2),Maija/Maie (2)
1,Mary / Maria / Maarja / Mari,Somero,Finland/Savo-Karelia,Finnish,su,Other,1,1,1,Elsa-Maija (1),Maija/Maie (1)
1,Mary / Maria / Maarja / Mari,Sonkajärvi,Finland/Savo-Karelia,Finnish,su,Maija,1,1,1,Maija (1),Maija/Maie (1)
1,Mary / Maria / Maarja / Mari,Sortavala,East Karelia/Veps/Tver,Finnish,su,Maija,2,2,1,Maija (2),Maija/Maie (2)
1,Mary / Maria / Maarja / Mari,Sortavala,East Karelia/Veps/Tver,Finnish,su,Maaria,1,1,1,Maaria (1),Mary (1)
1,Mary / Maria / Maarja / Mari,Sortavala,East Karelia/Veps/Tver,Finnish,su,Mari,1,1,1,Mari (1),Mari (1)
1,Mary / Maria / Maarja / Mari,Sortavala,East Karelia/Veps/Tver,Finnish,su,Maria,1,1,1,Maria (1),Mary (1)
1,Mary / Maria / Maarja / Mari,Sortavala,East Karelia/Veps/Tver,Finnish,su,Other,1,1,1,Marja (1),Mary (1)
1,Mary / Maria / Maarja / Mari,Sotkamo,Finland/Savo-Karelia,Finnish,su,Maaria,1,1,1,Maaria (1),Mary (1)
1,Mary / Maria / Maarja / Mari,Soutjärvi,East Karelia/Veps/Tver,Veps,ve,Maria,2,2,1,Maria (2),Mary (1); Maria/Maaria (1)
1,Mary / Maria / Maarja / Mari,Suistamo,East Karelia/Veps/Tver,Livvi-Karelian,ka,Maria,49,41,1,Maria (49),Mary (43); Maria/Maaria (6)
1,Mary / Maria / Maarja / Mari,Suistamo,East Karelia/Veps/Tver,Livvi-Karelian,ka,Maaria,12,12,1,Maaria (12),Mary (11); Maria/Maaria (1)
1,Mary / Maria / Maarja / Mari,Suistamo,East Karelia/Veps/Tver,Livvi-Karelian,ka,Other,7,7,7,mustapäämari (1); Maria & emo (1); Marian (1); mahti + Maija (1); Mari (poss.) (1); Maria (loan) (1); Maaria/maa (1),Mary (4); Mari (1); Maija/Maie (1); Maria/Maaria (1)
1,Mary / Maria / Maarja / Mari,Suistamo,East Karelia/Veps/Tver,Livvi-Karelian,ka,Mari,5,4,1,Mari (5),Mari (5)
1,Mary / Maria / Maarja / Mari,Suistamo,East Karelia/Veps/Tver,Livvi-Karelian,ka,Maija,3,3,1,Maija (3),Maija/Maie (3)
1,Mary / Maria / Maarja / Mari,Sulkava,Finland/Savo-Karelia,Finnish,su,Maija,1,1,1,Maija (1),Maija/Maie (1)
1,Mary / Maria / Maarja / Mari,Suojärvi,East Karelia/Veps/Tver,Finnish,su,Maria,33,24,1,Maria (33),Mary (32); Maria/Maaria (1)
1,Mary / Maria / Maarja / Mari,Suojärvi,East Karelia/Veps/Tver,Finnish,su,Maaria,24,19,1,Maaria (24),Mary (22); Maria/Maaria (2)
1,Mary / Maria / Maarja / Mari,Suojärvi,East Karelia/Veps/Tver,Finnish,su,Other,5,3,2,Marian (4); Marialta (1),Mary (5)
1,Mary / Maria / Maarja / Mari,Suojärvi,East Karelia/Veps/Tver,Finnish,su,Mari,2,2,1,Mari (2),Mary (1); Mari (1)
1,Mary / Maria / Maarja / Mari,Suomusjärvi,Finland/Savo-Karelia,Finnish,su,Maarja,1,1,1,Maarja (1),Mary (1)
1,Mary / Maria / Maarja / Mari,Suomussalmi,Finland/Savo-Karelia,Finnish,su,Other,2,1,1,maaria (2),Maria/Maaria (2)
1,Mary / Maria / Maarja / Mari,Suomussalmi,Finland/Savo-Karelia,Finnish,su,Maaria,1,1,1,Maaria (1),Mary (1)
1,Mary / Maria / Maarja / Mari,Suomussalmi,Finland/Savo-Karelia,Finnish,su,Maria,1,1,1,Maria (1),Mary (1)
1,Mary / Maria / Maarja / Mari,Suonenjoki,Finland/Savo-Karelia,Finnish,su,Maaria,2,1,1,Maaria (2),Mary (2)
1,Mary / Maria / Maarja / Mari,Suure-Jaani,Estonia core/west,North Estonian,viP,Mari,27,12,1,Mari (27),Mari (17); Mary (10)
1,Mary / Maria / Maarja / Mari,Suure-Jaani,Estonia core/west,North Estonian,viP,Marikene,6,2,1,Marikene (6),Mary (5); Mari (1)
1,Mary / Maria / Maarja / Mari,Suure-Jaani,Estonia core/west,North Estonian,viP,Maarja,2,1,1,Maarja (2),Mary (2)
1,Mary / Maria / Maarja / Mari,Suure-Jaani,Estonia core/west,North Estonian,viP,Maie,2,1,1,Maie (2),Maija/Maie (2)
1,Mary / Maria / Maarja / Mari,Suure-Jaani,Estonia core/west,North Estonian,viP,Maria,2,2,1,Maria (2),Mary (2)
1,Mary / Maria / Maarja / Mari,Suure-Jaani,Estonia core/west,North Estonian,viP,Other,1,1,1,Marike (1),Mary (1)
1,Mary / Maria / Maarja / Mari,Säkkijärvi,Finland/Savo-Karelia,Finnish,su,Maija,1,1,1,Maija (1),Maija/Maie (1)
1,Mary / Maria / Maarja / Mari,Sääksmäki,Finland/Savo-Karelia,Finnish,su,Maria,6,3,1,Maria (6),Mary (6)
1,Mary / Maria / Maarja / Mari,Sääksmäki,Finland/Savo-Karelia,Finnish,su,Maaria,2,1,1,Maaria (2),Mary (2)
1,Mary / Maria / Maarja / Mari,Sääksmäki,Finland/Savo-Karelia,Finnish,su,Maija,1,1,1,Maija (1),Maija/Maie (1)
1,Mary / Maria / Maarja / Mari,Säämäjärvi,East Karelia/Veps/Tver,Livvi-Karelian,ka,Maaria,2,2,1,Maaria (2),Mary (1); Maria/Maaria (1)
1,Mary / Maria / Maarja / Mari,Södra Finnskoga,Finland/Savo-Karelia,Finnish,su,Maaria,1,1,1,Maaria (1),Mary (1)
1,Mary / Maria / Maarja / Mari,Södra Finnskoga,Finland/Savo-Karelia,Finnish,su,Maria,1,1,1,Maria (1),Mary (1)
1,Mary / Maria / Maarja / Mari,Taipalsaari,Finland/Savo-Karelia,Finnish,su,Maaria,2,1,1,Maaria (2),Mary (2)
1,Mary / Maria / Maarja / Mari,Taivalkoski,Finland/Savo-Karelia,Finnish,su,Other,1,1,1,Heikin-Maija (1),Maija/Maie (1)
1,Mary / Maria / Maarja / Mari,Tammela,Finland/Savo-Karelia,Finnish,su,Maria,7,4,1,Maria (7),Mary (5); Maria/Maaria (2)
1,Mary / Maria / Maarja / Mari,Tammela,Finland/Savo-Karelia,Finnish,su,Maaria,4,3,1,Maaria (4),Mary (4)
1,Mary / Maria / Maarja / Mari,Tammela,Finland/Savo-Karelia,Finnish,su,Maija,4,4,1,Maija (4),Maija/Maie (2); Mary (2)
1,Mary / Maria / Maarja / Mari,Tammela,Finland/Savo-Karelia,Finnish,su,Other,2,2,2,Maarianpoika (1); Jämsä & Maija (1),Mary (1); Maija/Maie (1)
1,Mary / Maria / Maarja / Mari,Tartu-Maarja,Estonia core/west,South Estonian,viE,Maie,3,1,1,Maie (3),Maija/Maie (3)
1,Mary / Maria / Maarja / Mari,Tartu-Maarja,Estonia core/west,South Estonian,viE,Mari,3,3,1,Mari (3),Mary (2); Mari (1)
1,Mary / Maria / Maarja / Mari,Tartu-Maarja,Estonia core/west,South Estonian,viE,Maarja,1,1,1,Maarja (1),Mary (1)
1,Mary / Maria / Maarja / Mari,Tarvastu,Estonia core/west,South Estonian,viE,Mari,11,7,1,Mari (11),Mari (9); Maija/Maie (1); Mary (1)
1,Mary / Maria / Maarja / Mari,Tarvastu,Estonia core/west,South Estonian,viE,Maarja,7,7,1,Maarja (7),Mary (6); Maria/Maaria (1)
1,Mary / Maria / Maarja / Mari,Tarvastu,Estonia core/west,South Estonian,viE,Maie,5,2,1,Maie (5),Maija/Maie (5)
1,Mary / Maria / Maarja / Mari,Tarvastu,Estonia core/west,South Estonian,viE,Other,2,2,2,mari (1); maarjalehm (1),Mari (1); Mary (1)
1,Mary / Maria / Maarja / Mari,Tarvastu,Estonia core/west,South Estonian,viE,Maaria,1,1,1,Maaria (1),Mary (1)
1,Mary / Maria / Maarja / Mari,Terijoki,Finland/Savo-Karelia,Finnish,su,Mari,4,2,1,Mari (4),Mary (3); Mari (1)
1,Mary / Maria / Maarja / Mari,Terijoki,Finland/Savo-Karelia,Finnish,su,Other,1,1,1,Annamari (1),Mari (1)
1,Mary / Maria / Maarja / Mari,Tervo,Finland/Savo-Karelia,Finnish,su,Maria,6,4,1,Maria (6),Maria/Maaria (5); Mary (1)
1,Mary / Maria / Maarja / Mari,Tervo,Finland/Savo-Karelia,Finnish,su,Maija,1,1,1,Maija (1),Maija/Maie (1)
1,Mary / Maria / Maarja / Mari,Tervola,Finland/Savo-Karelia,Finnish,su,Maria,3,2,1,Maria (3),Mary (3)
1,Mary / Maria / Maarja / Mari,Tervola,Finland/Savo-Karelia,Finnish,su,Maija,1,1,1,Maija (1),Maija/Maie (1)
1,Mary / Maria / Maarja / Mari,Teuva,Finland/Savo-Karelia,Finnish,su,Maija,3,2,1,Maija (3),Maija/Maie (3)
1,Mary / Maria / Maarja / Mari,Teuva,Finland/Savo-Karelia,Finnish,su,Maria,1,1,1,Maria (1),Mary (1)
1,Mary / Maria / Maarja / Mari,Tohmajärvi,Finland/Savo-Karelia,Finnish,su,Maria,11,7,1,Maria (11),Mary (11)
1,Mary / Maria / Maarja / Mari,Tohmajärvi,Finland/Savo-Karelia,Finnish,su,Maaria,1,1,1,Maaria (1),Mary (1)
1,Mary / Maria / Maarja / Mari,Toholampi,Finland/Savo-Karelia,Finnish,su,Maija,1,1,1,Maija (1),Maija/Maie (1)
1,Mary / Maria / Maarja / Mari,Toksova,Ingria,Finnish,su,Mari,6,2,1,Mari (6),Mari (3); Mary (3)
1,Mary / Maria / Maarja / Mari,Toksova,Ingria,Finnish,su,Maaria,1,1,1,Maaria (1),Mary (1)
1,Mary / Maria / Maarja / Mari,Tolmačču,East Karelia/Veps/Tver,Karelian Proper,ka,Maria,1,1,1,Maria (1),Mary (1)
1,Mary / Maria / Maarja / Mari,Tori,Estonia core/west,North Estonian,viP,Mari,29,14,1,Mari (29),Mari (22); Mary (7)
1,Mary / Maria / Maarja / Mari,Tori,Estonia core/west,North Estonian,viP,Maarja,2,2,1,Maarja (2),Mary (2)
1,Mary / Maria / Maarja / Mari,Tori,Estonia core/west,North Estonian,viP,Other,2,2,1,Marike (2),Mari (2)
1,Mary / Maria / Maarja / Mari,Tori,Estonia core/west,North Estonian,viP,Maria,1,1,1,Maria (1),Mary (1)
1,Mary / Maria / Maarja / Mari,Torma,Estonia core/west,North Estonian,viP,Mari,14,3,1,Mari (14),Mari (14)
1,Mary / Maria / Maarja / Mari,Torma,Estonia core/west,North Estonian,viP,Maarja,1,1,1,Maarja (1),Mary (1)
1,Mary / Maria / Maarja / Mari,Torma,Estonia core/west,North Estonian,viP,Maie,1,1,1,Maie (1),Maija/Maie (1)
1,Mary / Maria / Maarja / Mari,Torma,Estonia core/west,North Estonian,viP,Maria,1,1,1,Maria (1),Mary (1)
1,Mary / Maria / Maarja / Mari,Torma,Estonia core/west,North Estonian,viP,Marikene,1,1,1,Marikene (1),Mari (1)
1,Mary / Maria / Maarja / Mari,Tulemajärvi,East Karelia/Veps/Tver,Livvi-Karelian,ka,Maaria,4,3,1,Maaria (4),Mary (4)
1,Mary / Maria / Maarja / Mari,Tulemajärvi,East Karelia/Veps/Tver,Livvi-Karelian,ka,Maria,1,1,1,Maria (1),Mary (1)
1,Mary / Maria / Maarja / Mari,Tulemajärvi,East Karelia/Veps/Tver,Livvi-Karelian,ka,Other,1,1,1,Moari (archaic) (1),Mary (1)
1,Mary / Maria / Maarja / Mari,Turku,Finland/Savo-Karelia,Finnish,su,Maaria,2,1,1,Maaria (2),Mary (2)
1,Mary / Maria / Maarja / Mari,Turtola,Finland/Savo-Karelia,Finnish,su,Maija,1,1,1,Maija (1),Maija/Maie (1)
1,Mary / Maria / Maarja / Mari,Turtola,Finland/Savo-Karelia,Finnish,su,Maria,1,1,1,Maria (1),Mary (1)
1,Mary / Maria / Maarja / Mari,Tuulos,Finland/Savo-Karelia,Finnish,su,Maaria,2,1,1,Maaria (2),Mary (2)
1,Mary / Maria / Maarja / Mari,Tuupovaara,Finland/Savo-Karelia,Finnish,su,Maria,3,3,1,Maria (3),Mary (3)
1,Mary / Maria / Maarja / Mari,Tuupovaara,Finland/Savo-Karelia,Finnish,su,Maaria,1,1,1,Maaria (1),Mary (1)
1,Mary / Maria / Maarja / Mari,Tuusniemi,Finland/Savo-Karelia,Finnish,su,Maija,2,1,1,Maija (2),Maija/Maie (2)
1,Mary / Maria / Maarja / Mari,Tuutari,Ingria,Finnish,su,Mari,1,1,1,Mari (1),Mari (1)
1,Mary / Maria / Maarja / Mari,Tyrväntö,Finland/Savo-Karelia,Finnish,su,Maria,2,1,1,Maria (2),Mary (2)
1,Mary / Maria / Maarja / Mari,Tyrvää,Finland/Savo-Karelia,Finnish,su,Maija,1,1,1,Maija (1),Maija/Maie (1)
1,Mary / Maria / Maarja / Mari,Tyrö,Ingria,Finnish,su,Mari,19,7,1,Mari (19),Mari (14); Mary (5)
1,Mary / Maria / Maarja / Mari,Tyrö,Ingria,Finnish,su,Maria,11,4,1,Maria (11),Maria/Maaria (6); Mary (5)
1,Mary / Maria / Maarja / Mari,Tyrö,Ingria,Finnish,su,Maaria,2,2,1,Maaria (2),Mary (2)
1,Mary / Maria / Maarja / Mari,Tõstamaa,Estonia core/west,North Estonian,viP,Mari,5,5,1,Mari (5),Mari (4); Mary (1)
1,Mary / Maria / Maarja / Mari,Tõstamaa,Estonia core/west,North Estonian,viP,Maaria,3,1,1,Maaria (3),Mary (3)
1,Mary / Maria / Maarja / Mari,Tõstamaa,Estonia core/west,North Estonian,viP,Other,2,2,2,marikene (1); mari & kene (1),Mari (2)
1,Mary / Maria / Maarja / Mari,Tõstamaa,Estonia core/west,North Estonian,viP,Maie,1,1,1,Maie (1),Maija/Maie (1)
1,Mary / Maria / Maarja / Mari,Tõstamaa,Estonia core/west,North Estonian,viP,Marikene,1,1,1,Marikene (1),Mari (1)
1,Mary / Maria / Maarja / Mari,Töysä,Finland/Savo-Karelia,Finnish,su,Maria,4,3,1,Maria (4),Mary (3); Maria/Maaria (1)
1,Mary / Maria / Maarja / Mari,Töysä,Finland/Savo-Karelia,Finnish,su,Other,2,2,2,Neitsyt Maria (1); Neitsyt-Maria (1),Mary (2)
1,Mary / Maria / Maarja / Mari,Töysä,Finland/Savo-Karelia,Finnish,su,Maaria,1,1,1,Maaria (1),Maria/Maaria (1)
1,Mary / Maria / Maarja / Mari,Töysä,Finland/Savo-Karelia,Finnish,su,Maija,1,1,1,Maija (1),Maija/Maie (1)
1,Mary / Maria / Maarja / Mari,Türi,Estonia core/west,North Estonian,viP,Maarja,6,5,1,Maarja (6),Mary (6)
1,Mary / Maria / Maarja / Mari,Türi,Estonia core/west,North Estonian,viP,Mari,6,4,1,Mari (6),Mari (6)
1,Mary / Maria / Maarja / Mari,Türi,Estonia core/west,North Estonian,viP,Maie,3,2,1,Maie (3),Maija/Maie (3)
1,Mary / Maria / Maarja / Mari,Türi,Estonia core/west,North Estonian,viP,Maria,1,1,1,Maria (1),Maria/Maaria (1)
1,Mary / Maria / Maarja / Mari,Uhtua,East Karelia/Veps/Tver,Karelian Proper,ka,Maria,8,7,1,Maria (8),Mary (7); Maria/Maaria (1)
1,Mary / Maria / Maarja / Mari,Uhtua,East Karelia/Veps/Tver,Karelian Proper,ka,Other,3,2,2,Marian (2); Marjatta (1),Mary (3)
1,Mary / Maria / Maarja / Mari,Uhtua,East Karelia/Veps/Tver,Karelian Proper,ka,Maaria,1,1,1,Maaria (1),Mary (1)
1,Mary / Maria / Maarja / Mari,Uhtua,East Karelia/Veps/Tver,Karelian Proper,ka,Maija,1,1,1,Maija (1),Maija/Maie (1)
1,Mary / Maria / Maarja / Mari,Urjala,Finland/Savo-Karelia,Finnish,su,Maria,3,2,1,Maria (3),Mary (3)
1,Mary / Maria / Maarja / Mari,Urvaste,South Estonia/Seto,South Estonian,viE,Mari,12,9,1,Mari (12),Mari (9); Mary (3)
1,Mary / Maria / Maarja / Mari,Urvaste,South Estonia/Seto,South Estonian,viE,Other,7,5,6,Maari & ema (2); maarjakene (1); maritütreke (1); mari (1); Marile (1); Marike (1),Mari (6); Mary (1)
1,Mary / Maria / Maarja / Mari,Urvaste,South Estonia/Seto,South Estonian,viE,Maarja,1,1,1,Maarja (1),Mary (1)
1,Mary / Maria / Maarja / Mari,Uskela,Finland/Savo-Karelia,Finnish,su,Maija,11,7,1,Maija (11),Maija/Maie (11)
1,Mary / Maria / Maarja / Mari,Uskela,Finland/Savo-Karelia,Finnish,su,Other,4,4,2,neitsytmaaria (3); neitsyt-Maarja (1),Mary (4)
1,Mary / Maria / Maarja / Mari,Uskela,Finland/Savo-Karelia,Finnish,su,Maria,3,3,1,Maria (3),Mary (2); Maria/Maaria (1)
1,Mary / Maria / Maarja / Mari,Uskela,Finland/Savo-Karelia,Finnish,su,Maaria,1,1,1,Maaria (1),Mary (1)
1,Mary / Maria / Maarja / Mari,Uukuniemi,East Karelia/Veps/Tver,Finnish,su,Maaria,5,3,1,Maaria (5),Mary (5)
1,Mary / Maria / Maarja / Mari,Uukuniemi,East Karelia/Veps/Tver,Finnish,su,Maria,4,2,1,Maria (4),Mary (4)
1,Mary / Maria / Maarja / Mari,Uukuniemi,East Karelia/Veps/Tver,Finnish,su,Other,2,2,2,mariapiika (1); Maariinen (1),Maria/Maaria (1); Mary (1)
1,Mary / Maria / Maarja / Mari,Uusikaupunki,Finland/Savo-Karelia,Finnish,su,Maija,4,4,1,Maija (4),Maija/Maie (4)
1,Mary / Maria / Maarja / Mari,Uusikaupunki,Finland/Savo-Karelia,Finnish,su,Other,2,2,1,Neitsyt Maria (2),Mary (2)
1,Mary / Maria / Maarja / Mari,Uusikaupunki,Finland/Savo-Karelia,Finnish,su,Maria,1,1,1,Maria (1),Mary (1)
1,Mary / Maria / Maarja / Mari,Uusikirkko Tl.,Finland/Savo-Karelia,Finnish,su,Maija,2,2,1,Maija (2),Maija/Maie (2)
1,Mary / Maria / Maarja / Mari,Vahto,Finland/Savo-Karelia,Finnish,su,Maija,2,2,1,Maija (2),Maija/Maie (2)
1,Mary / Maria / Maarja / Mari,Vahto,Finland/Savo-Karelia,Finnish,su,Other,1,1,1,makkara & Maija (1),Maija/Maie (1)
1,Mary / Maria / Maarja / Mari,Vaivara,Estonia core/west,North Estonian,viP,Mari,9,5,1,Mari (9),Mari (9)
1,Mary / Maria / Maarja / Mari,Vaivara,Estonia core/west,North Estonian,viP,Maie,8,1,1,Maie (8),Maija/Maie (8)
1,Mary / Maria / Maarja / Mari,Vaivara,Estonia core/west,North Estonian,viP,Maria,2,2,1,Maria (2),Mary (1); Maria/Maaria (1)
1,Mary / Maria / Maarja / Mari,Vaivara,Estonia core/west,North Estonian,viP,Other,2,2,2,maritütar (1); Marike (1),Mari (2)
1,Mary / Maria / Maarja / Mari,Valkeasaari,Ingria,Finnish,su,Mari,1,1,1,Mari (1),Mary (1)
1,Mary / Maria / Maarja / Mari,Valkeasaari,Ingria,Finnish,su,Maria,1,1,1,Maria (1),Mary (1)
1,Mary / Maria / Maarja / Mari,Vanaja,Finland/Savo-Karelia,Finnish,su,Maaria,3,2,1,Maaria (3),Mary (3)
1,Mary / Maria / Maarja / Mari,Vanaja,Finland/Savo-Karelia,Finnish,su,Maija,1,1,1,Maija (1),Maija/Maie (1)
1,Mary / Maria / Maarja / Mari,Varbla,Estonia core/west,North Estonian,viP,Mari,10,7,1,Mari (10),Mari (9); Mary (1)
1,Mary / Maria / Maarja / Mari,Varbla,Estonia core/west,North Estonian,viP,Maarja,1,1,1,Maarja (1),Mary (1)
1,Mary / Maria / Maarja / Mari,Varbla,Estonia core/west,North Estonian,viP,Maria,1,1,1,Maria (1),Mary (1)
1,Mary / Maria / Maarja / Mari,Varbla,Estonia core/west,North Estonian,viP,Marikene,1,1,1,Marikene (1),Mari (1)
1,Mary / Maria / Maarja / Mari,Varpaisjärvi,Finland/Savo-Karelia,Finnish,su,Maria,2,2,1,Maria (2),Maria/Maaria (1); Mary (1)
1,Mary / Maria / Maarja / Mari,Varpaisjärvi,Finland/Savo-Karelia,Finnish,su,Maaria,1,1,1,Maaria (1),Mary (1)
1,Mary / Maria / Maarja / Mari,Vastseliina,South Estonia/Seto,South Estonian,viE,Maarja,24,5,1,Maarja (24),Mary (24)
1,Mary / Maria / Maarja / Mari,Vastseliina,South Estonia/Seto,South Estonian,viE,Mai,11,1,1,Mai (11),Maija/Maie (11)
1,Mary / Maria / Maarja / Mari,Vastseliina,South Estonia/Seto,South Estonian,viE,Mari,5,5,1,Mari (5),Mari (5)
1,Mary / Maria / Maarja / Mari,Vastseliina,South Estonia/Seto,South Estonian,viE,Other,5,2,2,mari (4); Maarja lehm (1),Mary (5)
1,Mary / Maria / Maarja / Mari,Vastseliina,South Estonia/Seto,South Estonian,viE,Marikene,1,1,1,Marikene (1),Mary (1)
1,Mary / Maria / Maarja / Mari,Venjoki,Ingria,Finnish,su,Maria,7,6,1,Maria (7),Maria/Maaria (4); Mary (3)
1,Mary / Maria / Maarja / Mari,Venjoki,Ingria,Finnish,su,Mari,3,3,1,Mari (3),Mari (2); Mary (1)
1,Mary / Maria / Maarja / Mari,Venjoki,Ingria,Finnish,su,Other,3,2,3,Marja (1); Marjatta (1); marjainen (1),Mary (3)
1,Mary / Maria / Maarja / Mari,Vesilahti,Finland/Savo-Karelia,Finnish,su,Maija,3,3,1,Maija (3),Maija/Maie (3)
1,Mary / Maria / Maarja / Mari,Vesilahti,Finland/Savo-Karelia,Finnish,su,Other,1,1,1,musta & Maija (1),Maija/Maie (1)
1,Mary / Maria / Maarja / Mari,Veteli,Finland/Savo-Karelia,Finnish,su,Maija,1,1,1,Maija (1),Maija/Maie (1)
1,Mary / Maria / Maarja / Mari,Vieljärvi,East Karelia/Veps/Tver,Livvi-Karelian,kaA,Maria,1,1,1,Maria (1),Mary (1)
1,Mary / Maria / Maarja / Mari,Vigala,Estonia core/west,North Estonian,viP,Mari,9,5,1,Mari (9),Mari (7); Mary (2)
1,Mary / Maria / Maarja / Mari,Vigala,Estonia core/west,North Estonian,viP,Maarja,4,3,1,Maarja (4),Mary (4)
1,Mary / Maria / Maarja / Mari,Vigala,Estonia core/west,North Estonian,viP,Mai,3,3,1,Mai (3),Maija/Maie (3)
1,Mary / Maria / Maarja / Mari,Vigala,Estonia core/west,North Estonian,viP,Other,2,2,2,Marike (1); marikene (1),Mari (2)
1,Mary / Maria / Maarja / Mari,Vigala,Estonia core/west,North Estonian,viP,Maie,1,1,1,Maie (1),Maija/Maie (1)
1,Mary / Maria / Maarja / Mari,Vigala,Estonia core/west,North Estonian,viP,Marikene,1,1,1,Marikene (1),Mari (1)
1,Mary / Maria / Maarja / Mari,Vihanti,Finland/Savo-Karelia,Finnish,su,Maria,2,1,1,Maria (2),Mary (2)
1,Mary / Maria / Maarja / Mari,Vihanti,Finland/Savo-Karelia,Finnish,su,Maija,1,1,1,Maija (1),Maija/Maie (1)
1,Mary / Maria / Maarja / Mari,Viitasaari,Finland/Savo-Karelia,Finnish,su,Maija,1,1,1,Maija (1),Maija/Maie (1)
1,Mary / Maria / Maarja / Mari,Viitasaari,Finland/Savo-Karelia,Finnish,su,Maria,1,1,1,Maria (1),Maria/Maaria (1)
1,Mary / Maria / Maarja / Mari,Viljakkala,Finland/Savo-Karelia,Finnish,su,Maija,1,1,1,Maija (1),Maija/Maie (1)
1,Mary / Maria / Maarja / Mari,Viljandi,Estonia core/west,North Estonian,viP,Mari,34,16,1,Mari (34),Mary (25); Mari (9)
1,Mary / Maria / Maarja / Mari,Viljandi,Estonia core/west,North Estonian,viP,Maarja,22,9,1,Maarja (22),Maria/Maaria (12); Mary (10)
1,Mary / Maria / Maarja / Mari,Viljandi,Estonia core/west,North Estonian,viP,Maaria,3,2,1,Maaria (3),Mary (3)
1,Mary / Maria / Maarja / Mari,Viljandi,Estonia core/west,North Estonian,viP,Other,3,3,3,maarjavars (1); Mats-Mari (1); maarja (1),Mary (2); Mari (1)
1,Mary / Maria / Maarja / Mari,Viljandi,Estonia core/west,North Estonian,viP,Maria,2,2,1,Maria (2),Mary (2)
1,Mary / Maria / Maarja / Mari,Vimpeli,Finland/Savo-Karelia,Finnish,su,Other,2,1,2,Maariaan (1); Mariasta (1),Maria/Maaria (2)
1,Mary / Maria / Maarja / Mari,Vimpeli,Finland/Savo-Karelia,Finnish,su,Maija,1,1,1,Maija (1),Maija/Maie (1)
1,Mary / Maria / Maarja / Mari,Virrat,Finland/Savo-Karelia,Finnish,su,Other,2,1,1,länsimaija (2),Maija/Maie (2)
1,Mary / Maria / Maarja / Mari,Virrat,Finland/Savo-Karelia,Finnish,su,Maija,1,1,1,Maija (1),Maija/Maie (1)
1,Mary / Maria / Maarja / Mari,Virrat,Finland/Savo-Karelia,Finnish,su,Maria,1,1,1,Maria (1),Mary (1)
1,Mary / Maria / Maarja / Mari,Virtasalmi,Finland/Savo-Karelia,Finnish,su,Mari,1,1,1,Mari (1),Mari (1)
1,Mary / Maria / Maarja / Mari,Virtasalmi,Finland/Savo-Karelia,Finnish,su,Maria,1,1,1,Maria (1),Maria/Maaria (1)
1,Mary / Maria / Maarja / Mari,Virtasalmi,Finland/Savo-Karelia,Finnish,su,Other,1,1,1,Mati/Mari (1),Mari (1)
1,Mary / Maria / Maarja / Mari,Viru-Jaagupi,Estonia core/west,North Estonian,viP,Mari,7,5,1,Mari (7),Mari (6); Mary (1)
1,Mary / Maria / Maarja / Mari,Viru-Jaagupi,Estonia core/west,North Estonian,viP,Other,3,2,2,maarjamaa (2); mai+ke (1),Mary (2); Maija/Maie (1)
1,Mary / Maria / Maarja / Mari,Viru-Jaagupi,Estonia core/west,North Estonian,viP,Maie,1,1,1,Maie (1),Maija/Maie (1)
1,Mary / Maria / Maarja / Mari,Viru-Nigula,Estonia core/west,North Estonian,viP,Maie,11,2,1,Maie (11),Maija/Maie (11)
1,Mary / Maria / Maarja / Mari,Viru-Nigula,Estonia core/west,North Estonian,viP,Mari,8,4,1,Mari (8),Mari (6); Mary (2)
1,Mary / Maria / Maarja / Mari,Viru-Nigula,Estonia core/west,North Estonian,viP,Maria,3,3,1,Maria (3),Mary (2); Maria/Maaria (1)
1,Mary / Maria / Maarja / Mari,Viru-Nigula,Estonia core/west,North Estonian,viP,Other,1,1,1,maiekene (1),Maija/Maie (1)
1,Mary / Maria / Maarja / Mari,Vittanki,Finland/Savo-Karelia,Tornedalen Finnish,su,Maria,1,1,1,Maria (1),Mary (1)
1,Mary / Maria / Maarja / Mari,Vuokkiniemi,East Karelia/Veps/Tver,Karelian Proper,ka,Mari,13,6,1,Mari (13),Mari (11); Mary (2)
1,Mary / Maria / Maarja / Mari,Vuokkiniemi,East Karelia/Veps/Tver,Karelian Proper,ka,Maria,12,11,1,Maria (12),Mary (9); Maria/Maaria (3)
1,Mary / Maria / Maarja / Mari,Vuokkiniemi,East Karelia/Veps/Tver,Karelian Proper,ka,Other,6,4,5,Mari&ni (2); Marian (1); maija (1); Mari&nensa (1); Marja (1),Mari (3); Mary (2); Maija/Maie (1)
1,Mary / Maria / Maarja / Mari,Vuokkiniemi,East Karelia/Veps/Tver,Karelian Proper,ka,Maaria,2,2,1,Maaria (2),Mary (2)
1,Mary / Maria / Maarja / Mari,Vuokkiniemi,East Karelia/Veps/Tver,Karelian Proper,ka,Maija,1,1,1,Maija (1),Maija/Maie (1)
1,Mary / Maria / Maarja / Mari,Vuole,Ingria,Finnish,su,Maria,8,5,1,Maria (8),Mary (4); Maria/Maaria (4)
1,Mary / Maria / Maarja / Mari,Vuole,Ingria,Finnish,su,Mari,6,2,1,Mari (6),Mari (4); Mary (2)
1,Mary / Maria / Maarja / Mari,Vuole,Ingria,Finnish,su,Maaria,3,2,1,Maaria (3),Mary (3)
1,Mary / Maria / Maarja / Mari,Vuole,Ingria,Finnish,su,Other,2,2,2,Marin (1); (proper) (1),Mari (2)
1,Mary / Maria / Maarja / Mari,Väike-Maarja,Estonia core/west,North Estonian,viP,Mari,7,6,1,Mari (7),Mari (4); Mary (3)
1,Mary / Maria / Maarja / Mari,Väike-Maarja,Estonia core/west,North Estonian,viP,Maie,6,2,1,Maie (6),Maija/Maie (6)
1,Mary / Maria / Maarja / Mari,Väike-Maarja,Estonia core/west,North Estonian,viP,Maarja,5,5,1,Maarja (5),Mary (4); Maria/Maaria (1)
1,Mary / Maria / Maarja / Mari,Väike-Maarja,Estonia core/west,North Estonian,viP,Other,2,2,2,mai+ke (1); maiekene (1),Maija/Maie (2)
1,Mary / Maria / Maarja / Mari,Väike-Maarja,Estonia core/west,North Estonian,viP,Marikene,1,1,1,Marikene (1),Mari (1)
1,Mary / Maria / Maarja / Mari,Vändra,Estonia core/west,North Estonian,viP,Maie,2,2,1,Maie (2),Maija/Maie (2)
1,Mary / Maria / Maarja / Mari,Vändra,Estonia core/west,North Estonian,viP,Mari,2,1,1,Mari (2),Mari (2)
1,Mary / Maria / Maarja / Mari,Vändra,Estonia core/west,North Estonian,viP,Other,2,2,2,mai (1); mari (1),Maija/Maie (1); Mari (1)
1,Mary / Maria / Maarja / Mari,Vändra,Estonia core/west,North Estonian,viP,Maaria,1,1,1,Maaria (1),Mary (1)
1,Mary / Maria / Maarja / Mari,Võnnu,Estonia core/west,South Estonian,viE,Mari,6,4,1,Mari (6),Mary (4); Mari (2)
1,Mary / Maria / Maarja / Mari,Võnnu,Estonia core/west,South Estonian,viE,Maarja,3,2,1,Maarja (3),Mary (3)
1,Mary / Maria / Maarja / Mari,Ylikiiminki,Finland/Savo-Karelia,Finnish,su,Maria,2,1,1,Maria (2),Maria/Maaria (2)
1,Mary / Maria / Maarja / Mari,Ylikiiminki,Finland/Savo-Karelia,Finnish,su,Other,1,1,1,Maija (prop.) (1),Maija/Maie (1)
1,Mary / Maria / Maarja / Mari,Ylitornio,Finland/Savo-Karelia,Finnish,su,Other,1,1,1,makaranmaija (1),Maija/Maie (1)
1,Mary / Maria / Maarja / Mari,Yläne,Finland/Savo-Karelia,Finnish,su,Maija,4,3,1,Maija (4),Maija/Maie (4)
1,Mary / Maria / Maarja / Mari,Yläne,Finland/Savo-Karelia,Finnish,su,Other,1,1,1,makkara-Maija (1),Maija/Maie (1)
1,Mary / Maria / Maarja / Mari,Äksi,Estonia core/west,North Estonian,viP,Mari,7,5,1,Mari (7),Mari (6); Mary (1)
1,Mary / Maria / Maarja / Mari,Äksi,Estonia core/west,North Estonian,viP,Maarja,2,2,1,Maarja (2),Mary (2)
1,Mary / Maria / Maarja / Mari,Äksi,Estonia core/west,North Estonian,viP,Marikene,2,1,1,Marikene (2),Mari (2)
1,Mary / Maria / Maarja / Mari,Äksi,Estonia core/west,North Estonian,viP,Other,1,1,1,Marike (1),Mari (1)
1,Mary / Maria / Maarja / Mari,Östmark,Finland/Savo-Karelia,Finnish,su,Maria,1,1,1,Maria (1),Mary (1)
2,Martin / Mart / Märt,Ambla,Estonia core/west,North Estonian,viP,mart,17,2,1,mart (17),Martin (17)
2,Martin / Mart / Märt,Ambla,Estonia core/west,North Estonian,viP,Other,9,8,7,mardisand (3); mardipäev (1); mardisant (1); mardisandid (1); Sandi-Mardi (1); Mardisand (1); Mardisandid (1),Martin (8); Mardi/Mard (1)
2,Martin / Mart / Märt,Ambla,Estonia core/west,North Estonian,viP,Mart,8,3,1,Mart (8),Martin (7); Mart/Marti (1)
2,Martin / Mart / Märt,Ambla,Estonia core/west,North Estonian,viP,Märt,8,4,1,Märt (8),Mardi/Mard (3); Martin (3); Mart/Marti (2)
2,Martin / Mart / Märt,Ambla,Estonia core/west,North Estonian,viP,mard,8,2,1,mard (8),Martin (8)
2,Martin / Mart / Märt,Ambla,Estonia core/west,North Estonian,viP,Mard,1,1,1,Mard (1),Martin (1)
2,Martin / Mart / Märt,Anseküla,Estonia core/west,North Estonian,viP,Mart,3,2,1,Mart (3),Mart/Marti (3)
2,Martin / Mart / Märt,Anseküla,Estonia core/west,North Estonian,viP,Other,1,1,1,Mardi (1),Mardi/Mard (1)
2,Martin / Mart / Märt,Audru,Estonia core/west,North Estonian,viP,Mart,14,2,1,Mart (14),Martin (8); Mart/Marti (6)
2,Martin / Mart / Märt,Audru,Estonia core/west,North Estonian,viP,märt,6,1,1,märt (6),Märt/Märti (6)
2,Martin / Mart / Märt,Audru,Estonia core/west,North Estonian,viP,Other,3,1,2,Mardi (2); Mardipäev (1),Martin (3)
2,Martin / Mart / Märt,Audru,Estonia core/west,North Estonian,viP,mart,2,1,1,mart (2),Mart/Marti (2)
2,Martin / Mart / Märt,Hageri,Estonia core/west,North Estonian,viP,mart,11,2,1,mart (11),Martin (11)
2,Martin / Mart / Märt,Hageri,Estonia core/west,North Estonian,viP,Other,4,1,2,mardike (2); mardisand (2),Martin (4)
2,Martin / Mart / Märt,Hageri,Estonia core/west,North Estonian,viP,Mart,1,1,1,Mart (1),Mart/Marti (1)
2,Martin / Mart / Märt,Halikko,Finland/Savo-Karelia,Finnish,su,Other,1,1,1,Martti (1),Martin (1)
2,Martin / Mart / Märt,Haljala,Estonia core/west,North Estonian,viP,Mart,39,9,1,Mart (39),Martin (20); Mart/Marti (19)
2,Martin / Mart / Märt,Haljala,Estonia core/west,North Estonian,viP,Mard,15,1,1,Mard (15),Mardi/Mard (8); Martin (7)
2,Martin / Mart / Märt,Haljala,Estonia core/west,North Estonian,viP,Other,15,6,7,mardisand (4); Marti (4); mardike (2); mardikene (2); sandimardi (1); mardisandike (1); mardipäev (1),Martin (9); Mardi/Mard (5); Mart/Marti (1)
2,Martin / Mart / Märt,Haljala,Estonia core/west,North Estonian,viP,mard,6,1,1,mard (6),Mardi/Mard (4); Mart/Marti (2)
2,Martin / Mart / Märt,Halliste,Estonia core/west,South Estonian,viE,Other,60,3,5,märti (51); Märten (6); Märtenil (1); Märteni (1); Märdi (1),Märt/Märti (59); Mardi/Mard (1)
2,Martin / Mart / Märt,Halliste,Estonia core/west,South Estonian,viE,Märt,45,10,1,Märt (45),Martin (34); Märt/Märti (11)
2,Martin / Mart / Märt,Halliste,Estonia core/west,South Estonian,viE,Mard,31,1,1,Mard (31),Mart/Marti (30); Martin (1)
2,Martin / Mart / Märt,Halliste,Estonia core/west,South Estonian,viE,märt,25,2,1,märt (25),Märt/Märti (16); Mardi/Mard (9)
2,Martin / Mart / Märt,Halliste,Estonia core/west,South Estonian,viE,Märti,18,1,1,Märti (18),Märt/Märti (18)
2,Martin / Mart / Märt,Halliste,Estonia core/west,South Estonian,viE,Mart,6,2,1,Mart (6),Martin (5); Mart/Marti (1)
2,Martin / Mart / Märt,Hanila,Estonia core/west,North Estonian,viP,mart,4,1,1,mart (4),Mardi/Mard (2); Mart/Marti (2)
2,Martin / Mart / Märt,Hanila,Estonia core/west,North Estonian,viP,Other,2,1,1,mardid (2),Mardi/Mard (2)
2,Martin / Mart / Märt,Hanila,Estonia core/west,North Estonian,viP,Mart,1,1,1,Mart (1),Mardi/Mard (1)
2,Martin / Mart / Märt,Hargla,South Estonia/Seto,South Estonian,viE,Mard,2,1,1,Mard (2),Martin (2)
2,Martin / Mart / Märt,Hargla,South Estonia/Seto,South Estonian,viE,Other,1,1,1,Mardisant (1),Martin (1)
2,Martin / Mart / Märt,Harju-Jaani,Estonia core/west,North Estonian,viP,mart,13,2,1,mart (13),Martin (13)
2,Martin / Mart / Märt,Harju-Jaani,Estonia core/west,North Estonian,viP,Mart,2,2,1,Mart (2),Mart/Marti (2)
2,Martin / Mart / Märt,Harju-Jaani,Estonia core/west,North Estonian,viP,Other,1,1,1,(proper name) (1),Mardi/Mard (1)
2,Martin / Mart / Märt,Haukipudas,Finland/Savo-Karelia,Finnish,su,Other,1,1,1,Martti (1),Martin (1)
2,Martin / Mart / Märt,Helme,Estonia core/west,South Estonian,viE,Märt,182,7,1,Märt (182),Märt/Märti (112); Martin (70)
2,Martin / Mart / Märt,Helme,Estonia core/west,South Estonian,viE,Märti,20,1,1,Märti (20),Märt/Märti (20)
2,Martin / Mart / Märt,Helme,Estonia core/west,South Estonian,viE,mart,12,1,1,mart (12),Mardi/Mard (8); Mart/Marti (4)
2,Martin / Mart / Märt,Helme,Estonia core/west,South Estonian,viE,Mart,1,1,1,Mart (1),Mart/Marti (1)
2,Martin / Mart / Märt,Helme,Estonia core/west,South Estonian,viE,Other,1,1,1,Märti (proper noun) (1),Märt/Märti (1)
2,Martin / Mart / Märt,Hietamäki,Ingria,Finnish,su,Other,1,1,1,Martti (1),Martin (1)
2,Martin / Mart / Märt,Hiitola,Finland/Savo-Karelia,Finnish,su,Other,1,1,1,Martti (1),Martin (1)
2,Martin / Mart / Märt,Häädemeeste,Estonia core/west,North Estonian,viP,Mard,11,1,1,Mard (11),Mardi/Mard (8); Martin (3)
2,Martin / Mart / Märt,Häädemeeste,Estonia core/west,North Estonian,viP,mart,7,2,1,mart (7),Martin (4); Mardi/Mard (3)
2,Martin / Mart / Märt,Häädemeeste,Estonia core/west,North Estonian,viP,mard,4,3,1,mard (4),Mardi/Mard (3); Martin (1)
2,Martin / Mart / Märt,Häädemeeste,Estonia core/west,North Estonian,viP,Other,2,1,1,Mardil (2),Mardi/Mard (2)
2,Martin / Mart / Märt,Iisaku,Estonia core/west,North Estonian,viP,Mart,5,1,1,Mart (5),Mart/Marti (5)
2,Martin / Mart / Märt,Iisaku,Estonia core/west,North Estonian,viP,Märt,3,2,1,Märt (3),Martin (3)
2,Martin / Mart / Märt,Iisaku,Estonia core/west,North Estonian,viP,Other,3,1,2,Mardi (2); Mardisandid (1),Martin (2); Mardi/Mard (1)
2,Martin / Mart / Märt,Iisalmi,Finland/Savo-Karelia,Finnish,su,Other,2,1,1,Martti (2),Martin (2)
2,Martin / Mart / Märt,Jaani,Estonia core/west,North Estonian,viP,Mart,1,1,1,Mart (1),Mart/Marti (1)
2,Martin / Mart / Märt,Juuru,Estonia core/west,North Estonian,viP,Mart,2,1,1,Mart (2),Mart/Marti (2)
2,Martin / Mart / Märt,Juuru,Estonia core/west,North Estonian,viP,Other,2,1,1,Mardi (2),Mardi/Mard (2)
2,Martin / Mart / Märt,Järva-Jaani,Estonia core/west,North Estonian,viP,Märt,3,2,1,Märt (3),Mart/Marti (2); Märt/Märti (1)
2,Martin / Mart / Märt,Järva-Jaani,Estonia core/west,North Estonian,viP,Mart,2,2,1,Mart (2),Mart/Marti (2)
2,Martin / Mart / Märt,Järva-Madise,Estonia core/west,North Estonian,viP,Mart,13,3,1,Mart (13),Mart/Marti (9); Mardi/Mard (4)
2,Martin / Mart / Märt,Järva-Madise,Estonia core/west,North Estonian,viP,mard,4,1,1,mard (4),Mardi/Mard (4)
2,Martin / Mart / Märt,Järva-Madise,Estonia core/west,North Estonian,viP,Other,3,3,3,mardisand (1); Mardile (1); mardilaps (1),Mardi/Mard (2); Martin (1)
2,Martin / Mart / Märt,Järva-Madise,Estonia core/west,North Estonian,viP,Märt,2,1,1,Märt (2),Mardi/Mard (1); Mart/Marti (1)
2,Martin / Mart / Märt,Järva-Madise,Estonia core/west,North Estonian,viP,Mard,1,1,1,Mard (1),Mardi/Mard (1)
2,Martin / Mart / Märt,Järva-Madise,Estonia core/west,North Estonian,viP,mart,1,1,1,mart (1),Martin (1)
2,Martin / Mart / Märt,Jõelähtme,Estonia core/west,North Estonian,viP,Other,5,3,3,Marti (3); mardmees (1); mardisandid (1),Mart/Marti (3); Martin (2)
2,Martin / Mart / Märt,Jõelähtme,Estonia core/west,North Estonian,viP,mart,3,1,1,mart (3),Martin (3)
2,Martin / Mart / Märt,Jõelähtme,Estonia core/west,North Estonian,viP,Mart,2,2,1,Mart (2),Mart/Marti (1); Martin (1)
2,Martin / Mart / Märt,Jõelähtme,Estonia core/west,North Estonian,viP,Mard,1,1,1,Mard (1),Mardi/Mard (1)
2,Martin / Mart / Märt,Jõelähtme,Estonia core/west,North Estonian,viP,mard,1,1,1,mard (1),Martin (1)
2,Martin / Mart / Märt,Jõhvi,Estonia core/west,North Estonian,viP,Mart,21,7,1,Mart (21),Martin (11); Mart/Marti (10)
2,Martin / Mart / Märt,Jõhvi,Estonia core/west,North Estonian,viP,Other,6,2,2,mardikene (4); Mardi (2),Martin (6)
2,Martin / Mart / Märt,Jõhvi,Estonia core/west,North Estonian,viP,mart,1,1,1,mart (1),Mardi/Mard (1)
2,Martin / Mart / Märt,Jüri,Estonia core/west,North Estonian,viP,Mart,1,1,1,Mart (1),Mart/Marti (1)
2,Martin / Mart / Märt,Jüri,Estonia core/west,North Estonian,viP,Other,1,1,1,mardiõhtu (1),Martin (1)
2,Martin / Mart / Märt,Kaarma,Estonia core/west,North Estonian,viP,Mart,6,2,1,Mart (6),Martin (4); Mart/Marti (2)
2,Martin / Mart / Märt,Kaarma,Estonia core/west,North Estonian,viP,Märt,2,1,1,Märt (2),Martin (2)
2,Martin / Mart / Märt,Kadrina,Estonia core/west,North Estonian,viP,Mart,3,2,1,Mart (3),Mart/Marti (3)
2,Martin / Mart / Märt,Kadrina,Estonia core/west,North Estonian,viP,Other,3,1,3,vana-Märt (1); Järva-Märt (1); kõrsi-Märt (1),Märt/Märti (3)
2,Martin / Mart / Märt,Kadrina,Estonia core/west,North Estonian,viP,märt,2,1,1,märt (2),Martin (2)
2,Martin / Mart / Märt,Kambja,Estonia core/west,South Estonian,viE,Märt,12,2,1,Märt (12),Märt/Märti (12)
2,Martin / Mart / Märt,Kambja,Estonia core/west,South Estonian,viE,Other,1,1,1,Märtike (1),Märt/Märti (1)
2,Martin / Mart / Märt,Kanepi,South Estonia/Seto,South Estonian,viE,Märt,5,3,1,Märt (5),Martin (3); Märt/Märti (2)
2,Martin / Mart / Märt,Kanepi,South Estonia/Seto,South Estonian,viE,Mard,1,1,1,Mard (1),Mardi/Mard (1)
2,Martin / Mart / Märt,Kanepi,South Estonia/Seto,South Estonian,viE,Other,1,1,1,mardisandid (1),Martin (1)
2,Martin / Mart / Märt,Kaprio,Ingria,Finnish,su,Other,1,1,1,Martti (1),Martin (1)
2,Martin / Mart / Märt,Karksi,Estonia core/west,South Estonian,viE,marti,36,1,1,marti (36),Mart/Marti (36)
2,Martin / Mart / Märt,Karksi,Estonia core/west,South Estonian,viE,Märt,18,7,1,Märt (18),Märt/Märti (12); Mardi/Mard (4); Martin (2)
2,Martin / Mart / Märt,Karksi,Estonia core/west,South Estonian,viE,mard,7,1,1,mard (7),Mardi/Mard (5); Martin (2)
2,Martin / Mart / Märt,Karksi,Estonia core/west,South Estonian,viE,mart,7,1,1,mart (7),Mardi/Mard (4); Mart/Marti (3)
2,Martin / Mart / Märt,Karksi,Estonia core/west,South Estonian,viE,Other,5,3,2,mardisand (4); märdi+sänd (1),Mardi/Mard (4); Märt/Märti (1)
2,Martin / Mart / Märt,Karksi,Estonia core/west,South Estonian,viE,märt,4,1,1,märt (4),Märt/Märti (4)
2,Martin / Mart / Märt,Karksi,Estonia core/west,South Estonian,viE,Mart,1,1,1,Mart (1),Mart/Marti (1)
2,Martin / Mart / Märt,Karksi,Estonia core/west,South Estonian,viE,Märti,1,1,1,Märti (1),Märt/Märti (1)
2,Martin / Mart / Märt,Karuse,Estonia core/west,North Estonian,viP,mart,26,5,1,mart (26),Mart/Marti (18); Martin (6); Mardi/Mard (2)
2,Martin / Mart / Märt,Karuse,Estonia core/west,North Estonian,viP,mard,11,1,1,mard (11),Mart/Marti (11)
2,Martin / Mart / Märt,Karuse,Estonia core/west,North Estonian,viP,Mart,4,1,1,Mart (4),Martin (4)
2,Martin / Mart / Märt,Karuse,Estonia core/west,North Estonian,viP,Other,4,3,4,sandimart (1); Pajumardi (1); Sepamardi (1); Mardi (1),Mardi/Mard (3); Mart/Marti (1)
2,Martin / Mart / Märt,Karuse,Estonia core/west,North Estonian,viP,Mard,3,2,1,Mard (3),Martin (3)
2,Martin / Mart / Märt,Kattila,Ingria,Votic,su,Other,1,1,1,Martti (1),Martin (1)
2,Martin / Mart / Märt,Keila,Estonia core/west,North Estonian,viP,mart,7,1,1,mart (7),Mart/Marti (4); Mardi/Mard (3)
2,Martin / Mart / Märt,Keila,Estonia core/west,North Estonian,viP,Mart,2,1,1,Mart (2),Martin (2)
2,Martin / Mart / Märt,Keila,Estonia core/west,North Estonian,viP,Märt,1,1,1,Märt (1),Märt/Märti (1)
2,Martin / Mart / Märt,Keila,Estonia core/west,North Estonian,viP,Other,1,1,1,Martike (1),Mart/Marti (1)
2,Martin / Mart / Märt,Kestilä,Finland/Savo-Karelia,Finnish,su,Other,1,1,1,Martti (1),Martin (1)
2,Martin / Mart / Märt,Kiestinki,East Karelia/Veps/Tver,Karelian Proper,ka,Other,1,1,1,Martti (1),Martin (1)
2,Martin / Mart / Märt,Kirbla,Estonia core/west,North Estonian,viP,Märti,1,1,1,Märti (1),Märt/Märti (1)
2,Martin / Mart / Märt,Kiuruvesi,Finland/Savo-Karelia,Finnish,su,Other,2,2,1,Martti (2),Martin (2)
2,Martin / Mart / Märt,Kivijärvi,Finland/Savo-Karelia,Finnish,su,Other,2,2,1,Martti (2),Martin (2)
2,Martin / Mart / Märt,Kodavere,Estonia core/west,North Estonian,viP,Märt,13,4,1,Märt (13),Märt/Märti (11); Martin (2)
2,Martin / Mart / Märt,Kodavere,Estonia core/west,North Estonian,viP,märt,10,1,1,märt (10),Märt/Märti (10)
2,Martin / Mart / Märt,Kodavere,Estonia core/west,North Estonian,viP,Märti,5,1,1,Märti (5),Märt/Märti (5)
2,Martin / Mart / Märt,Kodavere,Estonia core/west,North Estonian,viP,Mart,1,1,1,Mart (1),Mart/Marti (1)
2,Martin / Mart / Märt,Kodavere,Estonia core/west,North Estonian,viP,Other,1,1,1,Märt/mäger (1),Märt/Märti (1)
2,Martin / Mart / Märt,Koeru,Estonia core/west,North Estonian,viP,Mart,4,2,1,Mart (4),Mart/Marti (4)
2,Martin / Mart / Märt,Koeru,Estonia core/west,North Estonian,viP,mard,4,1,1,mard (4),Mardi/Mard (4)
2,Martin / Mart / Märt,Koeru,Estonia core/west,North Estonian,viP,Other,2,1,1,mardisant (2),Mardi/Mard (2)
2,Martin / Mart / Märt,Koeru,Estonia core/west,North Estonian,viP,Märt,1,1,1,Märt (1),Mardi/Mard (1)
2,Martin / Mart / Märt,Koivisto,Finland/Savo-Karelia,Finnish,su,Other,1,1,1,Martti (1),Martin (1)
2,Martin / Mart / Märt,Kolga-Jaani,Estonia core/west,North Estonian,viP,Märt,11,4,1,Märt (11),Märt/Märti (11)
2,Martin / Mart / Märt,Kolga-Jaani,Estonia core/west,North Estonian,viP,mart,3,1,1,mart (3),Martin (3)
2,Martin / Mart / Märt,Kolga-Jaani,Estonia core/west,North Estonian,viP,Other,1,1,1,mardisand (1),Martin (1)
2,Martin / Mart / Märt,Kontokki,East Karelia/Veps/Tver,Karelian Proper,ka,Other,1,1,1,Martin (1),Martin (1)
2,Martin / Mart / Märt,Kose,Estonia core/west,North Estonian,viP,Mart,7,5,1,Mart (7),Mart/Marti (7)
2,Martin / Mart / Märt,Kose,Estonia core/west,North Estonian,viP,mard,3,1,1,mard (3),Mardi/Mard (3)
2,Martin / Mart / Märt,Kuhmo,Finland/Savo-Karelia,Finnish,su,Other,1,1,1,Martti (1),Martin (1)
2,Martin / Mart / Märt,Kullamaa,Estonia core/west,North Estonian,viP,Mart,4,3,1,Mart (4),Martin (2); Mart/Marti (2)
2,Martin / Mart / Märt,Kullamaa,Estonia core/west,North Estonian,viP,Other,1,1,1,Mardi (1),Mardi/Mard (1)
2,Martin / Mart / Märt,Kursi,Estonia core/west,North Estonian,viP,Mart,4,2,1,Mart (4),Mart/Marti (4)
2,Martin / Mart / Märt,Kursi,Estonia core/west,North Estonian,viP,Other,3,2,2,Mardi (2); Mardike (1),Mardi/Mard (3)
2,Martin / Mart / Märt,Kursi,Estonia core/west,North Estonian,viP,Märt,1,1,1,Märt (1),Märt/Märti (1)
2,Martin / Mart / Märt,Kuusalu,Estonia core/west,North Estonian,viP,Mart,26,9,1,Mart (26),Mart/Marti (19); Martin (7)
2,Martin / Mart / Märt,Kuusalu,Estonia core/west,North Estonian,viP,Other,4,4,3,mardike (2); mardikene (1); mardisandid (1),Martin (3); Mardi/Mard (1)
2,Martin / Mart / Märt,Kuusalu,Estonia core/west,North Estonian,viP,mard,1,1,1,mard (1),Martin (1)
2,Martin / Mart / Märt,Käina,Estonia core/west,North Estonian,viP,Mart,3,3,1,Mart (3),Mart/Marti (2); Martin (1)
2,Martin / Mart / Märt,Kärla,Estonia core/west,North Estonian,viP,Mart,3,2,1,Mart (3),Mart/Marti (3)
2,Martin / Mart / Märt,Kõpu,Estonia core/west,North Estonian,viP,mard,6,2,1,mard (6),Mardi/Mard (4); Martin (2)
2,Martin / Mart / Märt,Kõpu,Estonia core/west,North Estonian,viP,Märt,5,3,1,Märt (5),Märt/Märti (5)
2,Martin / Mart / Märt,Kõpu,Estonia core/west,North Estonian,viP,Mart,1,1,1,Mart (1),Mart/Marti (1)
2,Martin / Mart / Märt,Kõpu,Estonia core/west,North Estonian,viP,Other,1,1,1,mardisandid (1),Martin (1)
2,Martin / Mart / Märt,Kõpu,Estonia core/west,North Estonian,viP,mart,1,1,1,mart (1),Mart/Marti (1)
2,Martin / Mart / Märt,Laiuse,Estonia core/west,North Estonian,viP,Mart,6,5,1,Mart (6),Mart/Marti (4); Martin (1); Mardi/Mard (1)
2,Martin / Mart / Märt,Laiuse,Estonia core/west,North Estonian,viP,Mard,5,1,1,Mard (5),Mardi/Mard (5)
2,Martin / Mart / Märt,Laiuse,Estonia core/west,North Estonian,viP,mart,3,2,1,mart (3),Märt/Märti (2); Martin (1)
2,Martin / Mart / Märt,Laiuse,Estonia core/west,North Estonian,viP,Other,1,1,1,mardikene (1),Mardi/Mard (1)
2,Martin / Mart / Märt,Lempaala,Finland/Savo-Karelia,Finnish,su,Other,3,2,2,Martti (2); tasa & martti (1),Martin (3)
2,Martin / Mart / Märt,Liissilä,Ingria,Finnish,su,Other,1,1,1,marttiaika (1),Martin (1)
2,Martin / Mart / Märt,Loppi,Finland/Savo-Karelia,Finnish,su,Other,1,1,1,Martti (1),Martin (1)
2,Martin / Mart / Märt,Lääne-Nigula,Estonia core/west,North Estonian,viP,Mart,2,2,1,Mart (2),Mardi/Mard (1); Mart/Marti (1)
2,Martin / Mart / Märt,Lääne-Nigula,Estonia core/west,North Estonian,viP,Other,1,1,1,Marti (proper name) (1),Mart/Marti (1)
2,Martin / Mart / Märt,Lüganuse,Estonia core/west,North Estonian,viP,Mard,4,1,1,Mard (4),Mardi/Mard (2); Mart/Marti (2)
2,Martin / Mart / Märt,Lüganuse,Estonia core/west,North Estonian,viP,Märt,4,1,1,Märt (4),Mardi/Mard (2); Mart/Marti (2)
2,Martin / Mart / Märt,Lüganuse,Estonia core/west,North Estonian,viP,Mart,2,2,1,Mart (2),Mart/Marti (2)
2,Martin / Mart / Märt,Lüganuse,Estonia core/west,North Estonian,viP,Other,1,1,1,Mardisant (1),Mardi/Mard (1)
2,Martin / Mart / Märt,Maaninka,Finland/Savo-Karelia,Finnish,su,Other,1,1,1,martinkello (1),Martin (1)
2,Martin / Mart / Märt,Maarja-Magdaleena,Estonia core/west,North Estonian,viP,Märt,7,3,1,Märt (7),Märt/Märti (6); Martin (1)
2,Martin / Mart / Märt,Maarja-Magdaleena,Estonia core/west,North Estonian,viP,Other,3,1,2,Märtile (2); sandid (1),Märt/Märti (3)
2,Martin / Mart / Märt,Martna,Estonia core/west,North Estonian,viP,Mart,2,1,1,Mart (2),Martin (2)
2,Martin / Mart / Märt,Martna,Estonia core/west,North Estonian,viP,mard,2,1,1,mard (2),Mardi/Mard (2)
2,Martin / Mart / Märt,Martna,Estonia core/west,North Estonian,viP,mart,2,1,1,mart (2),Mart/Marti (2)
2,Martin / Mart / Märt,Metsäpirtti,Finland/Savo-Karelia,Finnish,su,Other,1,1,1,Martti (1),Martin (1)
2,Martin / Mart / Märt,Mihkli,Estonia core/west,North Estonian,viP,mard,7,1,1,mard (7),Mart/Marti (7)
2,Martin / Mart / Märt,Mihkli,Estonia core/west,North Estonian,viP,mart,6,1,1,mart (6),Mardi/Mard (6)
2,Martin / Mart / Märt,Mihkli,Estonia core/west,North Estonian,viP,Other,4,1,2,Mard (proper noun) (2); Mart (proper noun) (2),Martin (4)
2,Martin / Mart / Märt,Miikkulainen,Ingria,Finnish,su,Other,1,1,1,Tasa-Martin (1),Martin (1)
2,Martin / Mart / Märt,Muhos,Finland/Savo-Karelia,Finnish,su,Other,1,1,1,Martti (1),Martin (1)
2,Martin / Mart / Märt,Mustjala,Estonia core/west,North Estonian,viP,Mart,4,2,1,Mart (4),Mart/Marti (3); Mardi/Mard (1)
2,Martin / Mart / Märt,Mäntyharju,Finland/Savo-Karelia,Finnish,su,Other,1,1,1,Martti (1),Martin (1)
2,Martin / Mart / Märt,Märjamaa,Estonia core/west,North Estonian,viP,mart,5,2,1,mart (5),Mart/Marti (3); Martin (2)
2,Martin / Mart / Märt,Märjamaa,Estonia core/west,North Estonian,viP,Mard,3,2,1,Mard (3),Martin (2); Mardi/Mard (1)
2,Martin / Mart / Märt,Märjamaa,Estonia core/west,North Estonian,viP,Mart,2,2,1,Mart (2),Mart/Marti (2)
2,Martin / Mart / Märt,Märjamaa,Estonia core/west,North Estonian,viP,mard,1,1,1,mard (1),Mardi/Mard (1)
2,Martin / Mart / Märt,Narvusi,Ingria,Ingrian,in,Other,4,2,1,Martti (4),Mart/Marti (2); Martin (2)
2,Martin / Mart / Märt,Nissi,Estonia core/west,North Estonian,viP,Mart,2,1,1,Mart (2),Martin (2)
2,Martin / Mart / Märt,Nurmes,Finland/Savo-Karelia,Finnish,su,Other,2,2,1,Martti (2),Martin (2)
2,Martin / Mart / Märt,Nõo,Estonia core/west,South Estonian,viE,märt,4,1,1,märt (4),Märt/Märti (4)
2,Martin / Mart / Märt,Nõo,Estonia core/west,South Estonian,viE,Märt,2,1,1,Märt (2),Mardi/Mard (2)
2,Martin / Mart / Märt,Nõo,Estonia core/west,South Estonian,viE,Other,1,1,1,Mardisandid (1),Mardi/Mard (1)
2,Martin / Mart / Märt,Orimattila,Finland/Savo-Karelia,Finnish,su,Other,1,1,1,Martti (1),Martin (1)
2,Martin / Mart / Märt,Paide,Estonia core/west,North Estonian,viP,Other,3,1,2,Mardi (2); mardisand (1),Mardi/Mard (3)
2,Martin / Mart / Märt,Paide,Estonia core/west,North Estonian,viP,Mart,1,1,1,Mart (1),Mart/Marti (1)
2,Martin / Mart / Märt,Paistu,Estonia core/west,South Estonian,viE,Märt,89,5,1,Märt (89),Martin (55); Märt/Märti (34)
2,Martin / Mart / Märt,Paistu,Estonia core/west,South Estonian,viE,märt,11,1,1,märt (11),Märt/Märti (11)
2,Martin / Mart / Märt,Paistu,Estonia core/west,South Estonian,viE,Other,7,3,3,märdisand (4); Märdi (2); mardisand (1),Märt/Märti (5); Mardi/Mard (2)
2,Martin / Mart / Märt,Paistu,Estonia core/west,South Estonian,viE,Mart,5,2,1,Mart (5),Mart/Marti (5)
2,Martin / Mart / Märt,Palamuse,Estonia core/west,North Estonian,viP,Märt,37,2,1,Märt (37),Martin (36); Märt/Märti (1)
2,Martin / Mart / Märt,Palamuse,Estonia core/west,North Estonian,viP,mart,15,1,1,mart (15),Martin (15)
2,Martin / Mart / Märt,Palamuse,Estonia core/west,North Estonian,viP,Mard,11,2,1,Mard (11),Martin (6); Mardi/Mard (5)
2,Martin / Mart / Märt,Palamuse,Estonia core/west,North Estonian,viP,Other,4,2,2,mardisant (2); märd (2),Martin (2); Mardi/Mard (2)
2,Martin / Mart / Märt,Palamuse,Estonia core/west,North Estonian,viP,Mart,2,2,1,Mart (2),Mart/Marti (1); Martin (1)
2,Martin / Mart / Märt,Paltamo,Finland/Savo-Karelia,Finnish,su,Other,1,1,1,Martin (1),Martin (1)
2,Martin / Mart / Märt,Peetri,Estonia core/west,North Estonian,viP,Mart,5,5,1,Mart (5),Mart/Marti (5)
2,Martin / Mart / Märt,Peetri,Estonia core/west,North Estonian,viP,Märt,3,1,1,Märt (3),Mardi/Mard (3)
2,Martin / Mart / Märt,Peetri,Estonia core/west,North Estonian,viP,Other,3,2,2,mardisandid (2); Mardi (1),Mardi/Mard (2); Martin (1)
2,Martin / Mart / Märt,Peetri,Estonia core/west,North Estonian,viP,mart,1,1,1,mart (1),Martin (1)
2,Martin / Mart / Märt,Pielavesi,Finland/Savo-Karelia,Finnish,su,Other,1,1,1,Martti (1),Martin (1)
2,Martin / Mart / Märt,Pihtipudas,Finland/Savo-Karelia,Finnish,su,Other,1,1,1,Martti (1),Martin (1)
2,Martin / Mart / Märt,Piippola,Finland/Savo-Karelia,Finnish,su,Other,1,1,1,Martti (1),Martin (1)
2,Martin / Mart / Märt,Pilistvere,Estonia core/west,North Estonian,viP,Mart,19,5,1,Mart (19),Martin (15); Mart/Marti (4)
2,Martin / Mart / Märt,Pilistvere,Estonia core/west,North Estonian,viP,mart,9,3,1,mart (9),Mart/Marti (4); Martin (4); Mardi/Mard (1)
2,Martin / Mart / Märt,Pilistvere,Estonia core/west,North Estonian,viP,Mard,6,1,1,Mard (6),Martin (6)
2,Martin / Mart / Märt,Pilistvere,Estonia core/west,North Estonian,viP,Other,1,1,1,Mardisand (1),Martin (1)
2,Martin / Mart / Märt,Pudasjärvi,Finland/Savo-Karelia,Finnish,su,Other,2,2,1,Martti (2),Martin (2)
2,Martin / Mart / Märt,Puhja,Estonia core/west,South Estonian,viE,Other,3,2,2,Talli-Märt (2); Märdikene (1),Mardi/Mard (3)
2,Martin / Mart / Märt,Puolanka,Finland/Savo-Karelia,Finnish,su,Other,1,1,1,Martti (1),Martin (1)
2,Martin / Mart / Märt,Pusula,Finland/Savo-Karelia,Finnish,su,Other,1,1,1,räpäsky (1),Martin (1)
2,Martin / Mart / Märt,Puumala,Finland/Savo-Karelia,Finnish,su,Other,1,1,1,Martti (1),Mart/Marti (1)
2,Martin / Mart / Märt,Pyhäjärvi Ol.,Finland/Savo-Karelia,Finnish,su,Other,1,1,1,Martin (1),Martin (1)
2,Martin / Mart / Märt,Pyhäjärvi Vpl.,Finland/Savo-Karelia,Finnish,su,Other,2,1,1,Martti (2),Martin (2)
2,Martin / Mart / Märt,Pärnu,Estonia core/west,North Estonian,viP,mard,33,7,1,mard (33),Martin (15); Mardi/Mard (14); Mart/Marti (4)
2,Martin / Mart / Märt,Pärnu,Estonia core/west,North Estonian,viP,Other,9,2,2,Mardis (7); mardisand (2),Martin (8); Mardi/Mard (1)
2,Martin / Mart / Märt,Pärnu,Estonia core/west,North Estonian,viP,mart,8,2,1,mart (8),Martin (5); Mart/Marti (3)
2,Martin / Mart / Märt,Pärnu,Estonia core/west,North Estonian,viP,Mart,3,1,1,Mart (3),Mart/Marti (3)
2,Martin / Mart / Märt,Pärnu-Jaagupi,Estonia core/west,North Estonian,viP,mard,13,6,1,mard (13),Mardi/Mard (11); Martin (2)
2,Martin / Mart / Märt,Pärnu-Jaagupi,Estonia core/west,North Estonian,viP,Mard,8,1,1,Mard (8),Mardi/Mard (7); Mart/Marti (1)
2,Martin / Mart / Märt,Pärnu-Jaagupi,Estonia core/west,North Estonian,viP,Mart,8,4,1,Mart (8),Martin (7); Mart/Marti (1)
2,Martin / Mart / Märt,Pärnu-Jaagupi,Estonia core/west,North Estonian,viP,Other,5,4,3,Mardi (3); mardisand (1); märtipäev (1),Mardi/Mard (3); Martin (2)
2,Martin / Mart / Märt,Pärnu-Jaagupi,Estonia core/west,North Estonian,viP,mart,5,3,1,mart (5),Mart/Marti (4); Martin (1)
2,Martin / Mart / Märt,Pärnu-Jaagupi,Estonia core/west,North Estonian,viP,Märt,1,1,1,Märt (1),Martin (1)
2,Martin / Mart / Märt,Põltsamaa,Estonia core/west,North Estonian,viP,Mart,18,7,1,Mart (18),Martin (12); Mart/Marti (6)
2,Martin / Mart / Märt,Põltsamaa,Estonia core/west,North Estonian,viP,Other,5,3,3,Mardi (3); mardisandid (1); mardikas (1),Martin (5)
2,Martin / Mart / Märt,Põltsamaa,Estonia core/west,North Estonian,viP,Märt,2,1,1,Märt (2),Mardi/Mard (2)
2,Martin / Mart / Märt,Põlva,South Estonia/Seto,South Estonian,viE,Märt,6,3,1,Märt (6),Märt/Märti (6)
2,Martin / Mart / Märt,Pöide,Estonia core/west,North Estonian,viP,Mart,2,2,1,Mart (2),Mart/Marti (1); Märt/Märti (1)
2,Martin / Mart / Märt,Pöide,Estonia core/west,North Estonian,viP,Märt,2,2,1,Märt (2),Martin (1); Märt/Märti (1)
2,Martin / Mart / Märt,Pöide,Estonia core/west,North Estonian,viP,mard,2,1,1,mard (2),Mardi/Mard (2)
2,Martin / Mart / Märt,Pühalepa,Estonia core/west,North Estonian,viP,Mart,1,1,1,Mart (1),Mart/Marti (1)
2,Martin / Mart / Märt,Rakvere,Estonia core/west,North Estonian,viP,Mard,1,1,1,Mard (1),Mardi/Mard (1)
2,Martin / Mart / Märt,Rakvere,Estonia core/west,North Estonian,viP,Other,1,1,1,Mardisand (1),Martin (1)
2,Martin / Mart / Märt,Rannu,Estonia core/west,South Estonian,viE,Märt,7,1,1,Märt (7),Martin (7)
2,Martin / Mart / Märt,Rannu,Estonia core/west,South Estonian,viE,Other,1,1,1,mardikas (1),Martin (1)
2,Martin / Mart / Märt,Rapla,Estonia core/west,North Estonian,viP,Mart,18,1,1,Mart (18),Mart/Marti (18)
2,Martin / Mart / Märt,Rapla,Estonia core/west,North Estonian,viP,Other,3,1,1,Mardi (3),Mardi/Mard (3)
2,Martin / Mart / Märt,Reigi,Estonia core/west,North Estonian,viP,Mart,3,1,1,Mart (3),Mart/Marti (3)
2,Martin / Mart / Märt,Ridala,Estonia core/west,North Estonian,viP,mard,11,1,1,mard (11),Mardi/Mard (11)
2,Martin / Mart / Märt,Ridala,Estonia core/west,North Estonian,viP,Other,1,1,1,mardiema (1),Mardi/Mard (1)
2,Martin / Mart / Märt,Risti,Estonia core/west,North Estonian,viP,Other,3,2,2,mardikas (2); mardimees (1),Mardi/Mard (2); Martin (1)
2,Martin / Mart / Märt,Räpina,South Estonia/Seto,South Estonian,viE,Märt,13,2,1,Märt (13),Märt/Märti (9); Martin (4)
2,Martin / Mart / Märt,Räpina,South Estonia/Seto,South Estonian,viE,Other,6,2,2,pääsuke (5); märdi (1),Martin (6)
2,Martin / Mart / Märt,Räpina,South Estonia/Seto,South Estonian,viE,märt,4,2,1,märt (4),Martin (4)
2,Martin / Mart / Märt,Rõngu,Estonia core/west,South Estonian,viE,Märt,37,1,1,Märt (37),Märt/Märti (37)
2,Martin / Mart / Märt,Rõngu,Estonia core/west,South Estonian,viE,märt,10,1,1,märt (10),Mardi/Mard (9); Märt/Märti (1)
2,Martin / Mart / Märt,Rõngu,Estonia core/west,South Estonian,viE,Other,7,2,3,märd (4); märgid (2); märdike (1),Mardi/Mard (5); Märt/Märti (2)
2,Martin / Mart / Märt,Saarde,Estonia core/west,North Estonian,viP,Mart,34,5,1,Mart (34),Mart/Marti (31); Martin (3)
2,Martin / Mart / Märt,Saarde,Estonia core/west,North Estonian,viP,mard,22,5,1,mard (22),Martin (10); Mart/Marti (7); Mardi/Mard (5)
2,Martin / Mart / Märt,Saarde,Estonia core/west,North Estonian,viP,Märt,6,3,1,Märt (6),Märt/Märti (3); Martin (2); Mardi/Mard (1)
2,Martin / Mart / Märt,Saarde,Estonia core/west,North Estonian,viP,Other,6,3,4,mardisandid (2); mardisant & mardisandid (2); martisand (1); mardikene (1),Martin (3); Mardi/Mard (3)
2,Martin / Mart / Märt,Saarde,Estonia core/west,North Estonian,viP,mart,2,1,1,mart (2),Mardi/Mard (2)
2,Martin / Mart / Märt,Sangaste,Estonia core/west,South Estonian,viE,Märt,16,4,1,Märt (16),Märt/Märti (13); Martin (3)
2,Martin / Mart / Märt,Sangaste,Estonia core/west,South Estonian,viE,Märti,1,1,1,Märti (1),Märt/Märti (1)
2,Martin / Mart / Märt,Sangaste,Estonia core/west,South Estonian,viE,Other,1,1,1,sant (1),Märt/Märti (1)
2,Martin / Mart / Märt,Serepetta,Ingria,Finnish,su,Other,1,1,1,Martti (1),Martin (1)
2,Martin / Mart / Märt,Setumaa,South Estonia/Seto,South Estonian,viE,Märt,10,2,1,Märt (10),Martin (9); Märt/Märti (1)
2,Martin / Mart / Märt,Setumaa,South Estonia/Seto,South Estonian,viE,Other,4,2,2,Märtisand (3); Mardu (1),Martin (4)
2,Martin / Mart / Märt,Simuna,Estonia core/west,North Estonian,viP,Mart,11,2,1,Mart (11),Martin (8); Mart/Marti (3)
2,Martin / Mart / Märt,Simuna,Estonia core/west,North Estonian,viP,Other,1,1,1,Mardisant (1),Martin (1)
2,Martin / Mart / Märt,Soikkola,Ingria,Ingrian,in,Other,1,1,1,Taanun Martti (1),Martin (1)
2,Martin / Mart / Märt,Soutjärvi,East Karelia/Veps/Tver,Veps,ve,Other,1,1,1,Martta (1),Mardi/Mard (1)
2,Martin / Mart / Märt,Suure-Jaani,Estonia core/west,North Estonian,viP,mart,65,5,1,mart (65),Mart/Marti (55); Martin (10)
2,Martin / Mart / Märt,Suure-Jaani,Estonia core/west,North Estonian,viP,Märt,26,7,1,Märt (26),Märt/Märti (23); Martin (3)
2,Martin / Mart / Märt,Suure-Jaani,Estonia core/west,North Estonian,viP,Mart,22,5,1,Mart (22),Martin (18); Mart/Marti (4)
2,Martin / Mart / Märt,Suure-Jaani,Estonia core/west,North Estonian,viP,mard,6,1,1,mard (6),Martin (6)
2,Martin / Mart / Märt,Suure-Jaani,Estonia core/west,North Estonian,viP,Other,4,2,2,Mardi (prop.name) (3); mardi (1),Mardi/Mard (3); Mart/Marti (1)
2,Martin / Mart / Märt,Taivalkoski,Finland/Savo-Karelia,Finnish,su,Other,1,1,1,martinkello (1),Martin (1)
2,Martin / Mart / Märt,Tartu-Maarja,Estonia core/west,South Estonian,viE,Märt,3,3,1,Märt (3),Märt/Märti (3)
2,Martin / Mart / Märt,Tartu-Maarja,Estonia core/west,South Estonian,viE,Other,3,1,1,märd (3),Mardi/Mard (3)
2,Martin / Mart / Märt,Tarvastu,Estonia core/west,South Estonian,viE,Märti,92,1,1,Märti (92),Märt/Märti (92)
2,Martin / Mart / Märt,Tarvastu,Estonia core/west,South Estonian,viE,Märt,89,8,1,Märt (89),Märt/Märti (85); Martin (4)
2,Martin / Mart / Märt,Tarvastu,Estonia core/west,South Estonian,viE,Other,8,5,5,sandi (3); märtisant (2); maja (1); märdike (1); Märtisand (1),Märt/Märti (6); Martin (1); Mardi/Mard (1)
2,Martin / Mart / Märt,Tarvastu,Estonia core/west,South Estonian,viE,märt,5,1,1,märt (5),Märt/Märti (5)
2,Martin / Mart / Märt,Tervo,Finland/Savo-Karelia,Finnish,su,Other,2,2,1,Martti (2),Martin (2)
2,Martin / Mart / Märt,Teuva,Finland/Savo-Karelia,Finnish,su,Other,1,1,1,Martti (1),Martin (1)
2,Martin / Mart / Märt,Toksova,Ingria,Finnish,su,Other,1,1,1,Martti (1),Martin (1)
2,Martin / Mart / Märt,Tori,Estonia core/west,North Estonian,viP,Mart,34,5,1,Mart (34),Mart/Marti (17); Martin (17)
2,Martin / Mart / Märt,Tori,Estonia core/west,North Estonian,viP,Mard,12,1,1,Mard (12),Martin (12)
2,Martin / Mart / Märt,Tori,Estonia core/west,North Estonian,viP,mart,3,1,1,mart (3),Mart/Marti (3)
2,Martin / Mart / Märt,Tori,Estonia core/west,North Estonian,viP,Märt,2,2,1,Märt (2),Märt/Märti (1); Martin (1)
2,Martin / Mart / Märt,Tori,Estonia core/west,North Estonian,viP,mard,2,1,1,mard (2),Mardi/Mard (2)
2,Martin / Mart / Märt,Torma,Estonia core/west,North Estonian,viP,märt,89,1,1,märt (89),Martin (89)
2,Martin / Mart / Märt,Torma,Estonia core/west,North Estonian,viP,mard,80,1,1,mard (80),Martin (80)
2,Martin / Mart / Märt,Torma,Estonia core/west,North Estonian,viP,Mart,18,3,1,Mart (18),Martin (15); Mart/Marti (3)
2,Martin / Mart / Märt,Torma,Estonia core/west,North Estonian,viP,Other,1,1,1,mardikene (1),Mardi/Mard (1)
2,Martin / Mart / Märt,Tytärsaari,Finland/Savo-Karelia,Finnish,su,Other,2,1,1,Martti (2),Martin (2)
2,Martin / Mart / Märt,Tõstamaa,Estonia core/west,North Estonian,viP,marti,19,1,1,marti (19),Mart/Marti (19)
2,Martin / Mart / Märt,Tõstamaa,Estonia core/west,North Estonian,viP,mart,16,2,1,mart (16),Mart/Marti (16)
2,Martin / Mart / Märt,Tõstamaa,Estonia core/west,North Estonian,viP,mard,8,4,1,mard (8),Martin (5); Mardi/Mard (2); Mart/Marti (1)
2,Martin / Mart / Märt,Tõstamaa,Estonia core/west,North Estonian,viP,Mard,4,2,1,Mard (4),Martin (2); Mardi/Mard (2)
2,Martin / Mart / Märt,Tõstamaa,Estonia core/west,North Estonian,viP,Märt,4,2,1,Märt (4),Martin (4)
2,Martin / Mart / Märt,Tõstamaa,Estonia core/west,North Estonian,viP,Mart,3,3,1,Mart (3),Martin (2); Mart/Marti (1)
2,Martin / Mart / Märt,Tõstamaa,Estonia core/west,North Estonian,viP,Other,1,1,1,Mardus (1),Martin (1)
2,Martin / Mart / Märt,Türi,Estonia core/west,North Estonian,viP,Mart,6,4,1,Mart (6),Mart/Marti (6)
2,Martin / Mart / Märt,Türi,Estonia core/west,North Estonian,viP,Mard,4,2,1,Mard (4),Mardi/Mard (2); Mart/Marti (2)
2,Martin / Mart / Märt,Türi,Estonia core/west,North Estonian,viP,Other,1,1,1,magu_kene (1),Mardi/Mard (1)
2,Martin / Mart / Märt,Türi,Estonia core/west,North Estonian,viP,mart,1,1,1,mart (1),Mart/Marti (1)
2,Martin / Mart / Märt,Urvaste,South Estonia/Seto,South Estonian,viE,Märt,65,6,1,Märt (65),Märt/Märti (61); Martin (4)
2,Martin / Mart / Märt,Urvaste,South Estonia/Seto,South Estonian,viE,Other,9,4,4,Märtisant (4); märtsant (2); märtisand (2); märts (1),Märt/Märti (5); Martin (4)
2,Martin / Mart / Märt,Urvaste,South Estonia/Seto,South Estonian,viE,märt,7,3,1,märt (7),Martin (5); Märt/Märti (2)
2,Martin / Mart / Märt,Vaivara,Estonia core/west,North Estonian,viP,Märt,6,1,1,Märt (6),Martin (6)
2,Martin / Mart / Märt,Vaivara,Estonia core/west,North Estonian,viP,Mart,3,3,1,Mart (3),Mart/Marti (2); Martin (1)
2,Martin / Mart / Märt,Vaivara,Estonia core/west,North Estonian,viP,Other,1,1,1,mardike (1),Martin (1)
2,Martin / Mart / Märt,Valtimo,Finland/Savo-Karelia,Finnish,su,Other,1,1,1,Martti (1),Martin (1)
2,Martin / Mart / Märt,Varbla,Estonia core/west,North Estonian,viP,Mart,28,4,1,Mart (28),Mart/Marti (15); Martin (9); Mardi/Mard (4)
2,Martin / Mart / Märt,Varbla,Estonia core/west,North Estonian,viP,mart,24,2,1,mart (24),Martin (16); Mart/Marti (8)
2,Martin / Mart / Märt,Varbla,Estonia core/west,North Estonian,viP,Other,6,4,4,mardi (2); Juhanimartin (2); sand&mart (1); Mardi (1),Martin (4); Mart/Marti (1); Mardi/Mard (1)
2,Martin / Mart / Märt,Varbla,Estonia core/west,North Estonian,viP,Mard,3,1,1,Mard (3),Mardi/Mard (3)
2,Martin / Mart / Märt,Vieremä,Finland/Savo-Karelia,Finnish,su,Other,2,2,1,Martti (2),Martin (2)
2,Martin / Mart / Märt,Vigala,Estonia core/west,North Estonian,viP,Other,12,3,5,mardikas (6); mardid (3); Mardi (1); sandimard (1); mardikene (1),Mardi/Mard (8); Mart/Marti (4)
2,Martin / Mart / Märt,Vigala,Estonia core/west,North Estonian,viP,mard,7,1,1,mard (7),Mardi/Mard (7)
2,Martin / Mart / Märt,Vigala,Estonia core/west,North Estonian,viP,mart,5,1,1,mart (5),Mardi/Mard (5)
2,Martin / Mart / Märt,Vigala,Estonia core/west,North Estonian,viP,Märt,1,1,1,Märt (1),Martin (1)
2,Martin / Mart / Märt,Viitasaari,Finland/Savo-Karelia,Finnish,su,Other,1,1,1,Martin (1),Martin (1)
2,Martin / Mart / Märt,Viljandi,Estonia core/west,North Estonian,viP,Märt,55,5,1,Märt (55),Märt/Märti (55)
2,Martin / Mart / Märt,Viljandi,Estonia core/west,North Estonian,viP,mart,7,1,1,mart (7),Martin (7)
2,Martin / Mart / Märt,Viljandi,Estonia core/west,North Estonian,viP,Other,2,2,2,mardisandid (1); mardisand (1),Mardi/Mard (1); Märt/Märti (1)
2,Martin / Mart / Märt,Viljandi,Estonia core/west,North Estonian,viP,Mart,1,1,1,Mart (1),Martin (1)
2,Martin / Mart / Märt,Viljandi,Estonia core/west,North Estonian,viP,mard,1,1,1,mard (1),Mardi/Mard (1)
2,Martin / Mart / Märt,Viru-Jaagupi,Estonia core/west,North Estonian,viP,Other,10,4,5,Mardi (5); mardisant (2); mardipääh (1); mardipäev (1); mardike (1),Martin (7); Mardi/Mard (3)
2,Martin / Mart / Märt,Viru-Jaagupi,Estonia core/west,North Estonian,viP,Mart,8,2,1,Mart (8),Martin (8)
2,Martin / Mart / Märt,Viru-Jaagupi,Estonia core/west,North Estonian,viP,mart,6,1,1,mart (6),Martin (6)
2,Martin / Mart / Märt,Viru-Jaagupi,Estonia core/west,North Estonian,viP,Märt,1,1,1,Märt (1),Martin (1)
2,Martin / Mart / Märt,Viru-Nigula,Estonia core/west,North Estonian,viP,Märt,17,5,1,Märt (17),Martin (12); Mardi/Mard (3); Märt/Märti (1); Mart/Marti (1)
2,Martin / Mart / Märt,Viru-Nigula,Estonia core/west,North Estonian,viP,Mart,8,4,1,Mart (8),Martin (5); Mart/Marti (3)
2,Martin / Mart / Märt,Viru-Nigula,Estonia core/west,North Estonian,viP,Other,8,7,5,mardisandid (3); mardike (2); mardisand (1); mardipäev (1); mardisant (1),Martin (5); Mardi/Mard (3)
2,Martin / Mart / Märt,Viru-Nigula,Estonia core/west,North Estonian,viP,Mard,6,2,1,Mard (6),Mardi/Mard (5); Martin (1)
2,Martin / Mart / Märt,Viru-Nigula,Estonia core/west,North Estonian,viP,mart,6,1,1,mart (6),Mardi/Mard (3); Martin (3)
2,Martin / Mart / Märt,Vuole,Ingria,Finnish,su,Other,2,2,2,Martti (1); tasamartti (1),Martin (2)
2,Martin / Mart / Märt,Väike-Maarja,Estonia core/west,North Estonian,viP,Mard,20,2,1,Mard (20),Martin (12); Mardi/Mard (8)
2,Martin / Mart / Märt,Väike-Maarja,Estonia core/west,North Estonian,viP,Mart,14,3,1,Mart (14),Mart/Marti (8); Martin (6)
2,Martin / Mart / Märt,Väike-Maarja,Estonia core/west,North Estonian,viP,Other,14,6,7,mardisand (4); Mardus (3); Marti (2); Mardi (2); sandimardi (1); mard+sand (1); mart & sand (1),Mardi/Mard (8); Martin (4); Mart/Marti (2)
2,Martin / Mart / Märt,Väike-Maarja,Estonia core/west,North Estonian,viP,Märt,6,2,1,Märt (6),Martin (6)
2,Martin / Mart / Märt,Väike-Maarja,Estonia core/west,North Estonian,viP,mart,6,2,1,mart (6),Martin (6)
2,Martin / Mart / Märt,Väike-Maarja,Estonia core/west,North Estonian,viP,mard,2,1,1,mard (2),Mardi/Mard (2)
2,Martin / Mart / Märt,Vändra,Estonia core/west,North Estonian,viP,mart,43,7,1,mart (43),Mart/Marti (26); Martin (13); Mardi/Mard (4)
2,Martin / Mart / Märt,Vändra,Estonia core/west,North Estonian,viP,Mart,21,4,1,Mart (21),Martin (19); Mart/Marti (2)
2,Martin / Mart / Märt,Vändra,Estonia core/west,North Estonian,viP,Mard,10,3,1,Mard (10),Martin (6); Mart/Marti (3); Mardi/Mard (1)
2,Martin / Mart / Märt,Vändra,Estonia core/west,North Estonian,viP,Other,3,2,2,mardi (2); mardisand (1),Mart/Marti (2); Mardi/Mard (1)
2,Martin / Mart / Märt,Vändra,Estonia core/west,North Estonian,viP,mard,3,2,1,mard (3),Martin (2); Mardi/Mard (1)
2,Martin / Mart / Märt,Võnnu,Estonia core/west,South Estonian,viE,Märt,30,4,1,Märt (30),Märt/Märti (30)
2,Martin / Mart / Märt,Võnnu,Estonia core/west,South Estonian,viE,Other,1,1,1,Märtisand (1),Märt/Märti (1)
2,Martin / Mart / Märt,Äksi,Estonia core/west,North Estonian,viP,Märt,25,3,1,Märt (25),Märt/Märti (25)
2,Martin / Mart / Märt,Äksi,Estonia core/west,North Estonian,viP,märt,14,1,1,märt (14),Märt/Märti (14)
2,Martin / Mart / Märt,Äksi,Estonia core/west,North Estonian,viP,Other,1,1,1,märdisandid (1),Märt/Märti (1)
3,John / Jaan / Jussi / Hans,Alajärvi,Finland/Savo-Karelia,Finnish,su,Jussi,1,1,1,Jussi (1),Jussi (1)
3,John / Jaan / Jussi / Hans,Alavus,Finland/Savo-Karelia,Finnish,su,Jussi,3,2,1,Jussi (3),Jussi (3)
3,John / Jaan / Jussi / Hans,Alavus,Finland/Savo-Karelia,Finnish,su,Other,2,2,2,Johannes (1); Jussipussi (1),John/St John (1); Jussi (1)
3,John / Jaan / Jussi / Hans,Ambla,Estonia core/west,North Estonian,viP,Hans,13,7,1,Hans (13),Hans (13)
3,John / Jaan / Jussi / Hans,Ambla,Estonia core/west,North Estonian,viP,Jaan,11,8,1,Jaan (11),John/St John (7); Jaan/Jaani (4)
3,John / Jaan / Jussi / Hans,Ambla,Estonia core/west,North Estonian,viP,Other,5,5,5,Harju-Jaani (1); ants (1); Jaanõhtu (1); juhan (1); jaanikann (1),John/St John (3); Jaan/Jaani (1); Ants (1)
3,John / Jaan / Jussi / Hans,Ambla,Estonia core/west,North Estonian,viP,Ants,2,2,1,Ants (2),Ants (2)
3,John / Jaan / Jussi / Hans,Ambla,Estonia core/west,North Estonian,viP,Juhan,1,1,1,Juhan (1),Juhan (1)
3,John / Jaan / Jussi / Hans,Ambla,Estonia core/west,North Estonian,viP,jaan,1,1,1,jaan (1),John/St John (1)
3,John / Jaan / Jussi / Hans,Anseküla,Estonia core/west,North Estonian,viP,Juhan,2,2,1,Juhan (2),Juhan (2)
3,John / Jaan / Jussi / Hans,Anseküla,Estonia core/west,North Estonian,viP,Hans,1,1,1,Hans (1),Hans (1)
3,John / Jaan / Jussi / Hans,Anseküla,Estonia core/west,North Estonian,viP,Jaan,1,1,1,Jaan (1),Jaan/Jaani (1)
3,John / Jaan / Jussi / Hans,Artjärvi,Finland/Savo-Karelia,Finnish,su,Other,1,1,1,kukkojussi (1),Jussi (1)
3,John / Jaan / Jussi / Hans,Asikkala,Finland/Savo-Karelia,Finnish,su,Other,2,2,2,kukkojussi (1); Jussi (name) (1),Jussi (2)
3,John / Jaan / Jussi / Hans,Asikkala,Finland/Savo-Karelia,Finnish,su,Jussi,1,1,1,Jussi (1),Jussi (1)
3,John / Jaan / Jussi / Hans,Askainen,Finland/Savo-Karelia,Finnish,su,Jussi,1,1,1,Jussi (1),Jussi (1)
3,John / Jaan / Jussi / Hans,Audru,Estonia core/west,North Estonian,viP,Hans,11,6,1,Hans (11),Hans (11)
3,John / Jaan / Jussi / Hans,Audru,Estonia core/west,North Estonian,viP,Other,7,3,3,Jaanike (3); Hansukene (2); jaani (2),John/St John (5); Hans (2)
3,John / Jaan / Jussi / Hans,Audru,Estonia core/west,North Estonian,viP,Jaan,5,5,1,Jaan (5),John/St John (3); Jaan/Jaani (2)
3,John / Jaan / Jussi / Hans,Audru,Estonia core/west,North Estonian,viP,Juhan,1,1,1,Juhan (1),Juhan (1)
3,John / Jaan / Jussi / Hans,Audru,Estonia core/west,North Estonian,viP,jaan,1,1,1,jaan (1),John/St John (1)
3,John / Jaan / Jussi / Hans,Emmaste,Estonia core/west,North Estonian,viP,Ants,1,1,1,Ants (1),Ants (1)
3,John / Jaan / Jussi / Hans,Eurajoki,Finland/Savo-Karelia,Finnish,su,Jussi,1,1,1,Jussi (1),Jussi (1)
3,John / Jaan / Jussi / Hans,Evijärvi,Finland/Savo-Karelia,Finnish,su,Jussi,3,3,1,Jussi (3),Jussi (3)
3,John / Jaan / Jussi / Hans,Forssa,Finland/Savo-Karelia,Finnish,su,Jussi,2,2,1,Jussi (2),Jussi (2)
3,John / Jaan / Jussi / Hans,Hageri,Estonia core/west,North Estonian,viP,Jaan,2,2,1,Jaan (2),Jaan/Jaani (2)
3,John / Jaan / Jussi / Hans,Hageri,Estonia core/west,North Estonian,viP,Ants,1,1,1,Ants (1),Ants (1)
3,John / Jaan / Jussi / Hans,Halikko,Finland/Savo-Karelia,Finnish,su,Jussi,1,1,1,Jussi (1),Jussi (1)
3,John / Jaan / Jussi / Hans,Haljala,Estonia core/west,North Estonian,viP,Ants,18,8,1,Ants (18),Ants (18)
3,John / Jaan / Jussi / Hans,Haljala,Estonia core/west,North Estonian,viP,Jaan,11,7,1,Jaan (11),John/St John (6); Jaan/Jaani (5)
3,John / Jaan / Jussi / Hans,Haljala,Estonia core/west,North Estonian,viP,Juhan,5,4,1,Juhan (5),Juhan (4); John/St John (1)
3,John / Jaan / Jussi / Hans,Haljala,Estonia core/west,North Estonian,viP,Other,5,5,4,jaanilill (2); Juss (1); Juhan-Leena (1); Kalmu-Ants (1),John/St John (2); Jussi (1); Juhan (1); Ants (1)
3,John / Jaan / Jussi / Hans,Haljala,Estonia core/west,North Estonian,viP,jaan,3,1,1,jaan (3),John/St John (3)
3,John / Jaan / Jussi / Hans,Haljala,Estonia core/west,North Estonian,viP,Hans,1,1,1,Hans (1),Hans (1)
3,John / Jaan / Jussi / Hans,Halliste,Estonia core/west,South Estonian,viE,Jaan,35,12,1,Jaan (35),Jaan/Jaani (28); John/St John (7)
3,John / Jaan / Jussi / Hans,Halliste,Estonia core/west,South Estonian,viE,Hans,14,10,1,Hans (14),Hans (14)
3,John / Jaan / Jussi / Hans,Halliste,Estonia core/west,South Estonian,viE,Other,7,6,7,jaani&hein (1); Hans+ke (1); Hans+gi (1); jaanuke (1); Jaanuke (1); jaaninädal (1); Jaanike (1),John/St John (3); Hans (2); Jaan/Jaani (2)
3,John / Jaan / Jussi / Hans,Halliste,Estonia core/west,South Estonian,viE,Ants,6,6,1,Ants (6),Ants (6)
3,John / Jaan / Jussi / Hans,Halliste,Estonia core/west,South Estonian,viE,jaanike,3,3,1,jaanike (3),John/St John (2); Jaan/Jaani (1)
3,John / Jaan / Jussi / Hans,Halliste,Estonia core/west,South Estonian,viE,Jaani,1,1,1,Jaani (1),John/St John (1)
3,John / Jaan / Jussi / Hans,Halliste,Estonia core/west,South Estonian,viE,Juhan,1,1,1,Juhan (1),Juhan (1)
3,John / Jaan / Jussi / Hans,Hanila,Estonia core/west,North Estonian,viP,Jaan,15,6,1,Jaan (15),Jaan/Jaani (14); John/St John (1)
3,John / Jaan / Jussi / Hans,Hanila,Estonia core/west,North Estonian,viP,Juhan,1,1,1,Juhan (1),Juhan (1)
3,John / Jaan / Jussi / Hans,Hanila,Estonia core/west,North Estonian,viP,Other,1,1,1,jaaniõis (1),John/St John (1)
3,John / Jaan / Jussi / Hans,Hargla,South Estonia/Seto,South Estonian,viE,Jaan,5,3,1,Jaan (5),John/St John (4); Jaan/Jaani (1)
3,John / Jaan / Jussi / Hans,Hargla,South Estonia/Seto,South Estonian,viE,Other,1,1,1,Jaanike (1),Jaan/Jaani (1)
3,John / Jaan / Jussi / Hans,Harju-Jaani,Estonia core/west,North Estonian,viP,Jaan,7,7,1,Jaan (7),John/St John (6); Jaan/Jaani (1)
3,John / Jaan / Jussi / Hans,Harju-Jaani,Estonia core/west,North Estonian,viP,Hans,4,3,1,Hans (4),Hans (4)
3,John / Jaan / Jussi / Hans,Harju-Jaani,Estonia core/west,North Estonian,viP,Other,4,3,3,jaanikene (2); Hansu+le (1); Hansu (1),John/St John (2); Hans (2)
3,John / Jaan / Jussi / Hans,Harju-Jaani,Estonia core/west,North Estonian,viP,Ants,2,2,1,Ants (2),Ants (2)
3,John / Jaan / Jussi / Hans,Harju-Jaani,Estonia core/west,North Estonian,viP,jaanike,1,1,1,jaanike (1),John/St John (1)
3,John / Jaan / Jussi / Hans,Harju-Madise,Estonia core/west,North Estonian,viP,Hans,1,1,1,Hans (1),Hans (1)
3,John / Jaan / Jussi / Hans,Harlu,East Karelia/Veps/Tver,Finnish,su,Jussi,1,1,1,Jussi (1),Jussi (1)
3,John / Jaan / Jussi / Hans,Hartola,Finland/Savo-Karelia,Finnish,su,Jussi,5,4,1,Jussi (5),Jussi (5)
3,John / Jaan / Jussi / Hans,Hattula,Finland/Savo-Karelia,Finnish,su,Jussi,13,11,1,Jussi (13),Jussi (13)
3,John / Jaan / Jussi / Hans,Hattula,Finland/Savo-Karelia,Finnish,su,Other,1,1,1,pihka-Jussi (1),Jussi (1)
3,John / Jaan / Jussi / Hans,Hauho,Finland/Savo-Karelia,Finnish,su,Jussi,5,4,1,Jussi (5),Jussi (5)
3,John / Jaan / Jussi / Hans,Haukivuori,Finland/Savo-Karelia,Finnish,su,Jussi,1,1,1,Jussi (1),Jussi (1)
3,John / Jaan / Jussi / Hans,Hausjärvi,Finland/Savo-Karelia,Outside selected Finnic areas,ru,Jussi,5,5,1,Jussi (5),Jussi (5)
3,John / Jaan / Jussi / Hans,Heinjoki,Finland/Savo-Karelia,Finnish,su,Jussi,7,3,1,Jussi (7),Jussi (7)
3,John / Jaan / Jussi / Hans,Heinävesi,Finland/Savo-Karelia,Finnish,su,Jussi,13,12,1,Jussi (13),Jussi (13)
3,John / Jaan / Jussi / Hans,Heinävesi,Finland/Savo-Karelia,Finnish,su,Other,1,1,1,jussinjäkki (1),Jussi (1)
3,John / Jaan / Jussi / Hans,Helme,Estonia core/west,South Estonian,viE,Jaan,34,8,1,Jaan (34),Jaan/Jaani (32); John/St John (2)
3,John / Jaan / Jussi / Hans,Helme,Estonia core/west,South Estonian,viE,Other,7,6,6,Antsuke (2); Kaara-Jaanikene (1); jaanikann (1); Aru-Jaan (1); Papi-Jaan (1); jaanikiri (1),Jaan/Jaani (5); Ants (2)
3,John / Jaan / Jussi / Hans,Helme,Estonia core/west,South Estonian,viE,Ants,6,4,1,Ants (6),Ants (6)
3,John / Jaan / Jussi / Hans,Helme,Estonia core/west,South Estonian,viE,Hans,4,3,1,Hans (4),Hans (4)
3,John / Jaan / Jussi / Hans,Helme,Estonia core/west,South Estonian,viE,Jaani,1,1,1,Jaani (1),Jaan/Jaani (1)
3,John / Jaan / Jussi / Hans,Helsinki,Finland/Savo-Karelia,Finnish,su,Jussi,1,1,1,Jussi (1),Jussi (1)
3,John / Jaan / Jussi / Hans,Hollola,Finland/Savo-Karelia,Finnish,su,Other,2,2,2,terva-jussi (1); terva-Jussi (1),Jussi (2)
3,John / Jaan / Jussi / Hans,Humppila,Finland/Savo-Karelia,Finnish,su,Jussi,1,1,1,Jussi (1),Jussi (1)
3,John / Jaan / Jussi / Hans,Hyvinkää,Finland/Savo-Karelia,Finnish,su,Jussi,1,1,1,Jussi (1),Jussi (1)
3,John / Jaan / Jussi / Hans,Hyvinkää,Finland/Savo-Karelia,Finnish,su,Other,1,1,1,hanssi (1),Hans (1)
3,John / Jaan / Jussi / Hans,Hämeenkyrö,Finland/Savo-Karelia,Finnish,su,Jussi,2,2,1,Jussi (2),Jussi (2)
3,John / Jaan / Jussi / Hans,Hämeenlinna,Finland/Savo-Karelia,Finnish,su,Jussi,6,6,1,Jussi (6),Jussi (6)
3,John / Jaan / Jussi / Hans,Hämeenlinna,Finland/Savo-Karelia,Finnish,su,Other,2,1,1,Juhani (2),John/St John (2)
3,John / Jaan / Jussi / Hans,Häädemeeste,Estonia core/west,North Estonian,viP,Jaani,23,1,1,Jaani (23),John/St John (23)
3,John / Jaan / Jussi / Hans,Häädemeeste,Estonia core/west,North Estonian,viP,Jaan,9,9,1,Jaan (9),Jaan/Jaani (6); John/St John (3)
3,John / Jaan / Jussi / Hans,Häädemeeste,Estonia core/west,North Estonian,viP,Hans,1,1,1,Hans (1),Hans (1)
3,John / Jaan / Jussi / Hans,Häädemeeste,Estonia core/west,North Estonian,viP,Other,1,1,1,Juss (1),Jussi (1)
3,John / Jaan / Jussi / Hans,Häädemeeste,Estonia core/west,North Estonian,viP,jaan,1,1,1,jaan (1),Jaan/Jaani (1)
3,John / Jaan / Jussi / Hans,Iisaku,Estonia core/west,North Estonian,viP,Hans,2,2,1,Hans (2),Hans (2)
3,John / Jaan / Jussi / Hans,Iisaku,Estonia core/west,North Estonian,viP,Jaan,1,1,1,Jaan (1),Jaan/Jaani (1)
3,John / Jaan / Jussi / Hans,Iisaku,Estonia core/west,North Estonian,viP,Other,1,1,1,Antsu (1),Ants (1)
3,John / Jaan / Jussi / Hans,Iisaku,Estonia core/west,North Estonian,viP,jaanike,1,1,1,jaanike (1),John/St John (1)
3,John / Jaan / Jussi / Hans,Iisalmi,Finland/Savo-Karelia,Finnish,su,Jussi,4,4,1,Jussi (4),Jussi (4)
3,John / Jaan / Jussi / Hans,Iitti,Finland/Savo-Karelia,Finnish,su,Jussi,2,1,1,Jussi (2),Jussi (2)
3,John / Jaan / Jussi / Hans,Ilomantsi,Finland/Savo-Karelia,Finnish,su,Jussi,5,5,1,Jussi (5),Jussi (5)
3,John / Jaan / Jussi / Hans,Ilomantsi,Finland/Savo-Karelia,Finnish,su,Other,2,2,1,Johannes (2),John/St John (2)
3,John / Jaan / Jussi / Hans,Isojoki,Finland/Savo-Karelia,Finnish,su,Jussi,1,1,1,Jussi (1),Jussi (1)
3,John / Jaan / Jussi / Hans,Jaani,Estonia core/west,North Estonian,viP,Ants,1,1,1,Ants (1),Ants (1)
3,John / Jaan / Jussi / Hans,Jaani,Estonia core/west,North Estonian,viP,Jaan,1,1,1,Jaan (1),John/St John (1)
3,John / Jaan / Jussi / Hans,Jaani,Estonia core/west,North Estonian,viP,jaanike,1,1,1,jaanike (1),John/St John (1)
3,John / Jaan / Jussi / Hans,Jalasjärvi,Finland/Savo-Karelia,Finnish,su,Jussi,2,2,1,Jussi (2),Jussi (2)
3,John / Jaan / Jussi / Hans,Janakkala,Finland/Savo-Karelia,Finnish,su,Jussi,3,3,1,Jussi (3),Jussi (3)
3,John / Jaan / Jussi / Hans,Johannes,Finland/Savo-Karelia,Finnish,su,Other,1,1,1,savi & Jussi (1),Jussi (1)
3,John / Jaan / Jussi / Hans,Jokioinen,Finland/Savo-Karelia,Finnish,su,Jussi,1,1,1,Jussi (1),Jussi (1)
3,John / Jaan / Jussi / Hans,Joroinen,Finland/Savo-Karelia,Finnish,su,Jussi,3,3,1,Jussi (3),Jussi (2); John/St John (1)
3,John / Jaan / Jussi / Hans,Joutseno,Finland/Savo-Karelia,Finnish,su,Jussi,1,1,1,Jussi (1),Jussi (1)
3,John / Jaan / Jussi / Hans,Juuka,Finland/Savo-Karelia,Finnish,su,Jussi,1,1,1,Jussi (1),Jussi (1)
3,John / Jaan / Jussi / Hans,Juuru,Estonia core/west,North Estonian,viP,Jaan,2,2,1,Jaan (2),Jaan/Jaani (1); John/St John (1)
3,John / Jaan / Jussi / Hans,Juuru,Estonia core/west,North Estonian,viP,Ants,1,1,1,Ants (1),Ants (1)
3,John / Jaan / Jussi / Hans,Juuru,Estonia core/west,North Estonian,viP,Other,1,1,1,jaanikann (1),John/St John (1)
3,John / Jaan / Jussi / Hans,Juuru,Estonia core/west,North Estonian,viP,jaanike,1,1,1,jaanike (1),John/St John (1)
3,John / Jaan / Jussi / Hans,Juva,Finland/Savo-Karelia,Finnish,su,Jussi,2,2,1,Jussi (2),Jussi (2)
3,John / Jaan / Jussi / Hans,Jällivaara,Finland/Savo-Karelia,Tornedalen Finnish,su,Jussi,1,1,1,Jussi (1),Jussi (1)
3,John / Jaan / Jussi / Hans,Jämsä,Finland/Savo-Karelia,Finnish,su,Jussi,3,2,1,Jussi (3),Jussi (3)
3,John / Jaan / Jussi / Hans,Järva-Jaani,Estonia core/west,North Estonian,viP,Hans,5,2,1,Hans (5),Hans (5)
3,John / Jaan / Jussi / Hans,Järva-Jaani,Estonia core/west,North Estonian,viP,Jaan,5,4,1,Jaan (5),Jaan/Jaani (5)
3,John / Jaan / Jussi / Hans,Järva-Jaani,Estonia core/west,North Estonian,viP,Ants,2,2,1,Ants (2),Ants (2)
3,John / Jaan / Jussi / Hans,Järva-Jaani,Estonia core/west,North Estonian,viP,Juhan,1,1,1,Juhan (1),Juhan (1)
3,John / Jaan / Jussi / Hans,Järva-Madise,Estonia core/west,North Estonian,viP,Hans,8,4,1,Hans (8),Hans (8)
3,John / Jaan / Jussi / Hans,Järva-Madise,Estonia core/west,North Estonian,viP,Jaan,8,6,1,Jaan (8),Jaan/Jaani (7); John/St John (1)
3,John / Jaan / Jussi / Hans,Järva-Madise,Estonia core/west,North Estonian,viP,Jaani,1,1,1,Jaani (1),Jaan/Jaani (1)
3,John / Jaan / Jussi / Hans,Järva-Madise,Estonia core/west,North Estonian,viP,Other,1,1,1,hansuke (1),Hans (1)
3,John / Jaan / Jussi / Hans,Jõelähtme,Estonia core/west,North Estonian,viP,Ants,6,4,1,Ants (6),Ants (6)
3,John / Jaan / Jussi / Hans,Jõelähtme,Estonia core/west,North Estonian,viP,Other,5,4,5,Jaanike (1); Jaanikene (1); jaanirohi (1); Juss (1); Antsu (1),Jaan/Jaani (2); John/St John (1); Jussi (1); Ants (1)
3,John / Jaan / Jussi / Hans,Jõelähtme,Estonia core/west,North Estonian,viP,Jaan,2,2,1,Jaan (2),John/St John (1); Jaan/Jaani (1)
3,John / Jaan / Jussi / Hans,Jõelähtme,Estonia core/west,North Estonian,viP,Hans,1,1,1,Hans (1),Hans (1)
3,John / Jaan / Jussi / Hans,Jõhvi,Estonia core/west,North Estonian,viP,Jaan,5,4,1,Jaan (5),Jaan/Jaani (3); John/St John (2)
3,John / Jaan / Jussi / Hans,Jõhvi,Estonia core/west,North Estonian,viP,Other,5,5,5,kanajaani (1); jaanikuu (1); jaaniõhtu (1); jaanikene (1); Hansu (1),John/St John (3); Jaan/Jaani (1); Hans (1)
3,John / Jaan / Jussi / Hans,Jõhvi,Estonia core/west,North Estonian,viP,jaanike,4,4,1,jaanike (4),John/St John (4)
3,John / Jaan / Jussi / Hans,Jõhvi,Estonia core/west,North Estonian,viP,Ants,1,1,1,Ants (1),Ants (1)
3,John / Jaan / Jussi / Hans,Jõhvi,Estonia core/west,North Estonian,viP,Hans,1,1,1,Hans (1),Hans (1)
3,John / Jaan / Jussi / Hans,Jõhvi,Estonia core/west,North Estonian,viP,jaan,1,1,1,jaan (1),Jaan/Jaani (1)
3,John / Jaan / Jussi / Hans,Jüri,Estonia core/west,North Estonian,viP,Hans,7,4,1,Hans (7),Hans (7)
3,John / Jaan / Jussi / Hans,Jüri,Estonia core/west,North Estonian,viP,Jaan,7,4,1,Jaan (7),Jaan/Jaani (7)
3,John / Jaan / Jussi / Hans,Jüri,Estonia core/west,North Estonian,viP,Other,3,3,3,Juss (1); jaaniõhtu (1); Harju-Jaan (1),Jussi (1); John/St John (1); Jaan/Jaani (1)
3,John / Jaan / Jussi / Hans,Jüri,Estonia core/west,North Estonian,viP,Ants,1,1,1,Ants (1),Ants (1)
3,John / Jaan / Jussi / Hans,Jüri,Estonia core/west,North Estonian,viP,jaan,1,1,1,jaan (1),Jaan/Jaani (1)
3,John / Jaan / Jussi / Hans,Kaarma,Estonia core/west,North Estonian,viP,Hans,11,1,1,Hans (11),Hans (11)
3,John / Jaan / Jussi / Hans,Kaarma,Estonia core/west,North Estonian,viP,Jaan,4,2,1,Jaan (4),Jaan/Jaani (2); John/St John (2)
3,John / Jaan / Jussi / Hans,Kaarma,Estonia core/west,North Estonian,viP,Ants,1,1,1,Ants (1),Ants (1)
3,John / Jaan / Jussi / Hans,Kaavi,Finland/Savo-Karelia,Finnish,su,Jussi,3,3,1,Jussi (3),Jussi (3)
3,John / Jaan / Jussi / Hans,Kaavi,Finland/Savo-Karelia,Finnish,su,Other,2,2,2,kupari-Jussi (1); Johannes (1),Jussi (1); John/St John (1)
3,John / Jaan / Jussi / Hans,Kadrina,Estonia core/west,North Estonian,viP,Jaan,8,8,1,Jaan (8),John/St John (4); Jaan/Jaani (4)
3,John / Jaan / Jussi / Hans,Kadrina,Estonia core/west,North Estonian,viP,Hans,5,5,1,Hans (5),Hans (5)
3,John / Jaan / Jussi / Hans,Kadrina,Estonia core/west,North Estonian,viP,Ants,4,3,1,Ants (4),Ants (4)
3,John / Jaan / Jussi / Hans,Kadrina,Estonia core/west,North Estonian,viP,Other,4,4,4,jaaniõhtu (1); Juhanike (1); juhanikene (1); välja-Hans (1),John/St John (2); Juhan (1); Hans (1)
3,John / Jaan / Jussi / Hans,Kadrina,Estonia core/west,North Estonian,viP,Juhan,3,3,1,Juhan (3),Juhan (3)
3,John / Jaan / Jussi / Hans,Kadrina,Estonia core/west,North Estonian,viP,jaan,1,1,1,jaan (1),Jaan/Jaani (1)
3,John / Jaan / Jussi / Hans,Kalajoki,Finland/Savo-Karelia,Finnish,su,Jussi,1,1,1,Jussi (1),Jussi (1)
3,John / Jaan / Jussi / Hans,Kambja,Estonia core/west,South Estonian,viE,Jaan,2,2,1,Jaan (2),John/St John (2)
3,John / Jaan / Jussi / Hans,Kambja,Estonia core/west,South Estonian,viE,Other,1,1,1,Pudruhansu (1),Hans (1)
3,John / Jaan / Jussi / Hans,Kanepi,South Estonia/Seto,South Estonian,viE,Ants,1,1,1,Ants (1),Ants (1)
3,John / Jaan / Jussi / Hans,Kanepi,South Estonia/Seto,South Estonian,viE,Jaan,1,1,1,Jaan (1),Jaan/Jaani (1)
3,John / Jaan / Jussi / Hans,Kanepi,South Estonia/Seto,South Estonian,viE,Other,1,1,1,jaanikene (1),John/St John (1)
3,John / Jaan / Jussi / Hans,Kanepi,South Estonia/Seto,South Estonian,viE,jaanike,1,1,1,jaanike (1),John/St John (1)
3,John / Jaan / Jussi / Hans,Kangasala,Finland/Savo-Karelia,Finnish,su,Jussi,1,1,1,Jussi (1),Jussi (1)
3,John / Jaan / Jussi / Hans,Kangaslampi,Finland/Savo-Karelia,Finnish,su,Jussi,2,2,1,Jussi (2),Jussi (2)
3,John / Jaan / Jussi / Hans,Kangasniemi,Finland/Savo-Karelia,Finnish,su,Jussi,6,3,1,Jussi (6),Jussi (6)
3,John / Jaan / Jussi / Hans,Kankaanpää,Finland/Savo-Karelia,Finnish,su,Other,1,1,1,Johannes (1),John/St John (1)
3,John / Jaan / Jussi / Hans,Kanneljärvi,Finland/Savo-Karelia,Finnish,su,Jussi,2,2,1,Jussi (2),Jussi (2)
3,John / Jaan / Jussi / Hans,Kaprio,Ingria,Finnish,su,Other,2,2,2,Jussiheinä (1); Juhana (1),Jussi (1); John/St John (1)
3,John / Jaan / Jussi / Hans,Karinainen,Finland/Savo-Karelia,Finnish,su,Jussi,1,1,1,Jussi (1),Jussi (1)
3,John / Jaan / Jussi / Hans,Karja,Estonia core/west,North Estonian,viP,Hans,14,2,1,Hans (14),Hans (14)
3,John / Jaan / Jussi / Hans,Karja,Estonia core/west,North Estonian,viP,Jaan,1,1,1,Jaan (1),Jaan/Jaani (1)
3,John / Jaan / Jussi / Hans,Karksi,Estonia core/west,South Estonian,viE,Jaan,40,11,1,Jaan (40),Jaan/Jaani (34); John/St John (6)
3,John / Jaan / Jussi / Hans,Karksi,Estonia core/west,South Estonian,viE,Hans,8,6,1,Hans (8),Hans (8)
3,John / Jaan / Jussi / Hans,Karksi,Estonia core/west,South Estonian,viE,Other,7,5,4,Jaanike (3); Jaanikene (2); Jaanikaja (1); vaabijaan (1),Jaan/Jaani (5); John/St John (2)
3,John / Jaan / Jussi / Hans,Karksi,Estonia core/west,South Estonian,viE,Ants,5,5,1,Ants (5),Ants (5)
3,John / Jaan / Jussi / Hans,Karksi,Estonia core/west,South Estonian,viE,Jussi,3,2,1,Jussi (3),Jussi (3)
3,John / Jaan / Jussi / Hans,Karksi,Estonia core/west,South Estonian,viE,Juhan,2,2,1,Juhan (2),Juhan (2)
3,John / Jaan / Jussi / Hans,Karksi,Estonia core/west,South Estonian,viE,jaanike,2,2,1,jaanike (2),Jaan/Jaani (1); John/St John (1)
3,John / Jaan / Jussi / Hans,Karksi,Estonia core/west,South Estonian,viE,jaan,1,1,1,jaan (1),Jaan/Jaani (1)
3,John / Jaan / Jussi / Hans,Karstula,Finland/Savo-Karelia,Finnish,su,Jussi,1,1,1,Jussi (1),Jussi (1)
3,John / Jaan / Jussi / Hans,Karttula,Finland/Savo-Karelia,Finnish,su,Jussi,1,1,1,Jussi (1),Jussi (1)
3,John / Jaan / Jussi / Hans,Karula,South Estonia/Seto,South Estonian,viE,Juhan,6,5,1,Juhan (6),Juhan (6)
3,John / Jaan / Jussi / Hans,Karula,South Estonia/Seto,South Estonian,viE,Jaan,3,2,1,Jaan (3),John/St John (2); Jaan/Jaani (1)
3,John / Jaan / Jussi / Hans,Karula,South Estonia/Seto,South Estonian,viE,Other,1,1,1,jaanikene (1),Jaan/Jaani (1)
3,John / Jaan / Jussi / Hans,Karula,South Estonia/Seto,South Estonian,viE,jaanike,1,1,1,jaanike (1),John/St John (1)
3,John / Jaan / Jussi / Hans,Karuna,Finland/Savo-Karelia,Finnish,su,Jussi,3,3,1,Jussi (3),Jussi (3)
3,John / Jaan / Jussi / Hans,Karunki,Finland/Savo-Karelia,Finnish,su,Jussi,1,1,1,Jussi (1),Jussi (1)
3,John / Jaan / Jussi / Hans,Karuse,Estonia core/west,North Estonian,viP,Jaan,24,10,1,Jaan (24),Jaan/Jaani (21); John/St John (3)
3,John / Jaan / Jussi / Hans,Karuse,Estonia core/west,North Estonian,viP,Other,11,7,8,Toa-Jaan (3); hans (2); Jaanike (1); Järva-Jaani (1); ants (1); Tallijaan (1); Järvajaani (1); jaanililleke (1),Jaan/Jaani (6); John/St John (2); Hans (2); Ants (1)
3,John / Jaan / Jussi / Hans,Karuse,Estonia core/west,North Estonian,viP,Ants,7,2,1,Ants (7),Ants (7)
3,John / Jaan / Jussi / Hans,Karuse,Estonia core/west,North Estonian,viP,Hans,6,4,1,Hans (6),Hans (6)
3,John / Jaan / Jussi / Hans,Karuse,Estonia core/west,North Estonian,viP,jaanike,2,1,1,jaanike (2),Jaan/Jaani (2)
3,John / Jaan / Jussi / Hans,Kauhajoki,Finland/Savo-Karelia,Finnish,su,Jussi,2,2,1,Jussi (2),Jussi (2)
3,John / Jaan / Jussi / Hans,Kauhava,Finland/Savo-Karelia,Finnish,su,Jussi,1,1,1,Jussi (1),Jussi (1)
3,John / Jaan / Jussi / Hans,Kauhava,Finland/Savo-Karelia,Finnish,su,Other,1,1,1,Juhana (1),Jussi (1)
3,John / Jaan / Jussi / Hans,Kaukola,Finland/Savo-Karelia,Finnish,su,Jussi,2,2,1,Jussi (2),Jussi (2)
3,John / Jaan / Jussi / Hans,Kauvatsa,Finland/Savo-Karelia,Finnish,su,Jussi,1,1,1,Jussi (1),Jussi (1)
3,John / Jaan / Jussi / Hans,Keila,Estonia core/west,North Estonian,viP,Other,1,1,1,Jaanike (1),John/St John (1)
3,John / Jaan / Jussi / Hans,Kemi,Finland/Savo-Karelia,Finnish,su,Jussi,1,1,1,Jussi (1),Jussi (1)
3,John / Jaan / Jussi / Hans,Kerimäki,Finland/Savo-Karelia,Finnish,su,Jussi,1,1,1,Jussi (1),Jussi (1)
3,John / Jaan / Jussi / Hans,Kihelkonna,Estonia core/west,North Estonian,viP,Jaan,8,1,1,Jaan (8),Jaan/Jaani (8)
3,John / Jaan / Jussi / Hans,Kihelkonna,Estonia core/west,North Estonian,viP,Ants,1,1,1,Ants (1),Ants (1)
3,John / Jaan / Jussi / Hans,Kihniö,Finland/Savo-Karelia,Finnish,su,Jussi,2,2,1,Jussi (2),Jussi (2)
3,John / Jaan / Jussi / Hans,Kiihtelysvaara,Finland/Savo-Karelia,Finnish,su,Jussi,1,1,1,Jussi (1),Jussi (1)
3,John / Jaan / Jussi / Hans,Kiihtelysvaara,Finland/Savo-Karelia,Finnish,su,Other,1,1,1,Juhana (1),John/St John (1)
3,John / Jaan / Jussi / Hans,Kiikka,Finland/Savo-Karelia,Finnish,su,Jussi,1,1,1,Jussi (1),Jussi (1)
3,John / Jaan / Jussi / Hans,Kiikoinen,Finland/Savo-Karelia,Finnish,su,Jussi,1,1,1,Jussi (1),Jussi (1)
3,John / Jaan / Jussi / Hans,Kinnula,Finland/Savo-Karelia,Finnish,su,Jussi,1,1,1,Jussi (1),Jussi (1)
3,John / Jaan / Jussi / Hans,Kirvu,Finland/Savo-Karelia,Finnish,su,Jussi,1,1,1,Jussi (1),Jussi (1)
3,John / Jaan / Jussi / Hans,Kitee,Finland/Savo-Karelia,Finnish,su,Jussi,7,3,1,Jussi (7),Jussi (7)
3,John / Jaan / Jussi / Hans,Kiukainen,Finland/Savo-Karelia,Finnish,su,Jussi,2,1,1,Jussi (2),John/St John (2)
3,John / Jaan / Jussi / Hans,Kiuruvesi,Finland/Savo-Karelia,Finnish,su,Jussi,10,7,1,Jussi (10),Jussi (10)
3,John / Jaan / Jussi / Hans,Kivennapa,Finland/Savo-Karelia,Finnish,su,Jussi,2,2,1,Jussi (2),Jussi (2)
3,John / Jaan / Jussi / Hans,Kivijärvi,Finland/Savo-Karelia,Finnish,su,Jussi,1,1,1,Jussi (1),Jussi (1)
3,John / Jaan / Jussi / Hans,Kivijärvi,Finland/Savo-Karelia,Finnish,su,Other,1,1,1,Johannes (1),John/St John (1)
3,John / Jaan / Jussi / Hans,Kodavere,Estonia core/west,North Estonian,viP,Jaan,2,2,1,Jaan (2),Jaan/Jaani (2)
3,John / Jaan / Jussi / Hans,Koeru,Estonia core/west,North Estonian,viP,jaan,42,1,1,jaan (42),John/St John (42)
3,John / Jaan / Jussi / Hans,Koeru,Estonia core/west,North Estonian,viP,Ants,6,5,1,Ants (6),Ants (6)
3,John / Jaan / Jussi / Hans,Koeru,Estonia core/west,North Estonian,viP,Jaan,6,5,1,Jaan (6),Jaan/Jaani (5); John/St John (1)
3,John / Jaan / Jussi / Hans,Koeru,Estonia core/west,North Estonian,viP,Hans,5,3,1,Hans (5),Hans (5)
3,John / Jaan / Jussi / Hans,Koeru,Estonia core/west,North Estonian,viP,jaanike,5,2,1,jaanike (5),Jaan/Jaani (4); John/St John (1)
3,John / Jaan / Jussi / Hans,Koeru,Estonia core/west,North Estonian,viP,Other,3,3,3,jaanikaim (1); jaanituli (1); Jaanikene (1),John/St John (3)
3,John / Jaan / Jussi / Hans,Kokemäki,Finland/Savo-Karelia,Finnish,su,Jussi,2,2,1,Jussi (2),Jussi (2)
3,John / Jaan / Jussi / Hans,Kolga-Jaani,Estonia core/west,North Estonian,viP,Jaan,26,14,1,Jaan (26),Jaan/Jaani (16); John/St John (10)
3,John / Jaan / Jussi / Hans,Kolga-Jaani,Estonia core/west,North Estonian,viP,Other,18,10,11,jaanikene (4); jaanikutuli (3); jaanik (2); Jaanike (2); Hants (1); jaanik & tuli (1); hantsuke (1); Kolga-Jaani (1),John/St John (10); Jaan/Jaani (6); Hans (2)
3,John / Jaan / Jussi / Hans,Kolga-Jaani,Estonia core/west,North Estonian,viP,Hans,13,5,1,Hans (13),Hans (13)
3,John / Jaan / Jussi / Hans,Kolga-Jaani,Estonia core/west,North Estonian,viP,Ants,12,7,1,Ants (12),Ants (12)
3,John / Jaan / Jussi / Hans,Kolga-Jaani,Estonia core/west,North Estonian,viP,jaan,6,2,1,jaan (6),Jaan/Jaani (5); John/St John (1)
3,John / Jaan / Jussi / Hans,Kolga-Jaani,Estonia core/west,North Estonian,viP,Juhan,2,1,1,Juhan (2),Juhan (2)
3,John / Jaan / Jussi / Hans,Kolga-Jaani,Estonia core/west,North Estonian,viP,jaanike,1,1,1,jaanike (1),John/St John (1)
3,John / Jaan / Jussi / Hans,Kontiolahti,Finland/Savo-Karelia,Finnish,su,Jussi,4,3,1,Jussi (4),Jussi (4)
3,John / Jaan / Jussi / Hans,Kontiolahti,Finland/Savo-Karelia,Finnish,su,Other,2,2,2,Jussi sanoo (1); Johannes (1),Jussi (1); John/St John (1)
3,John / Jaan / Jussi / Hans,Kontokki,East Karelia/Veps/Tver,Karelian Proper,ka,Jussi,1,1,1,Jussi (1),Jussi (1)
3,John / Jaan / Jussi / Hans,Koprina,Ingria,Finnish,su,Jussi,1,1,1,Jussi (1),Jussi (1)
3,John / Jaan / Jussi / Hans,Korpilahti,Finland/Savo-Karelia,Finnish,su,Jussi,2,1,1,Jussi (2),Jussi (2)
3,John / Jaan / Jussi / Hans,Korpiselkä,East Karelia/Veps/Tver,Karelian Proper,ka,Jussi,1,1,1,Jussi (1),Jussi (1)
3,John / Jaan / Jussi / Hans,Kose,Estonia core/west,North Estonian,viP,Hans,18,9,1,Hans (18),Hans (18)
3,John / Jaan / Jussi / Hans,Kose,Estonia core/west,North Estonian,viP,Other,16,10,8,jaanikann (4); Hansupoeg (3); Joan (2); Juss (2); jaanipäev (2); Jaanike (1); hans (1); Jaanikene (1),John/St John (10); Hans (4); Jussi (2)
3,John / Jaan / Jussi / Hans,Kose,Estonia core/west,North Estonian,viP,Ants,8,5,1,Ants (8),Ants (8)
3,John / Jaan / Jussi / Hans,Kose,Estonia core/west,North Estonian,viP,Jaan,7,5,1,Jaan (7),Jaan/Jaani (6); John/St John (1)
3,John / Jaan / Jussi / Hans,Koski Hl.,Finland/Savo-Karelia,Finnish,su,Jussi,4,4,1,Jussi (4),Jussi (4)
3,John / Jaan / Jussi / Hans,Koski Tl.,Finland/Savo-Karelia,Finnish,su,Jussi,1,1,1,Jussi (1),Jussi (1)
3,John / Jaan / Jussi / Hans,Kuhmo,Finland/Savo-Karelia,Finnish,su,Jussi,1,1,1,Jussi (1),Jussi (1)
3,John / Jaan / Jussi / Hans,Kuhmoinen,Finland/Savo-Karelia,Finnish,su,Jussi,2,1,1,Jussi (2),Jussi (2)
3,John / Jaan / Jussi / Hans,Kullamaa,Estonia core/west,North Estonian,viP,Jaan,3,3,1,Jaan (3),Jaan/Jaani (3)
3,John / Jaan / Jussi / Hans,Kullamaa,Estonia core/west,North Estonian,viP,Other,3,3,2,Jaanike (2); Harju-Jaani (1),John/St John (2); Jaan/Jaani (1)
3,John / Jaan / Jussi / Hans,Kullamaa,Estonia core/west,North Estonian,viP,Ants,2,2,1,Ants (2),Ants (2)
3,John / Jaan / Jussi / Hans,Kullamaa,Estonia core/west,North Estonian,viP,Hans,1,1,1,Hans (1),Hans (1)
3,John / Jaan / Jussi / Hans,Kullamaa,Estonia core/west,North Estonian,viP,jaanike,1,1,1,jaanike (1),John/St John (1)
3,John / Jaan / Jussi / Hans,Kuopio,Finland/Savo-Karelia,Finnish,su,Jussi,1,1,1,Jussi (1),Jussi (1)
3,John / Jaan / Jussi / Hans,Kupanitsa,Ingria,Finnish,su,Other,1,1,1,Johannes (1),John/St John (1)
3,John / Jaan / Jussi / Hans,Kurikka,Finland/Savo-Karelia,Finnish,su,Jussi,1,1,1,Jussi (1),Jussi (1)
3,John / Jaan / Jussi / Hans,Kurkijoki,Finland/Savo-Karelia,Finnish,su,Jussi,1,1,1,Jussi (1),Jussi (1)
3,John / Jaan / Jussi / Hans,Kursi,Estonia core/west,North Estonian,viP,Other,3,3,3,Juss (1); Jaanipäev (1); Hansuke (1),Jussi (1); John/St John (1); Hans (1)
3,John / Jaan / Jussi / Hans,Kursi,Estonia core/west,North Estonian,viP,Jaan,2,2,1,Jaan (2),Jaan/Jaani (1); John/St John (1)
3,John / Jaan / Jussi / Hans,Kursi,Estonia core/west,North Estonian,viP,Hans,1,1,1,Hans (1),Hans (1)
3,John / Jaan / Jussi / Hans,Kursi,Estonia core/west,North Estonian,viP,Juhan,1,1,1,Juhan (1),Juhan (1)
3,John / Jaan / Jussi / Hans,Kursi,Estonia core/west,North Estonian,viP,jaan,1,1,1,jaan (1),John/St John (1)
3,John / Jaan / Jussi / Hans,Kuusalu,Estonia core/west,North Estonian,viP,Jaan,16,10,1,Jaan (16),Jaan/Jaani (14); John/St John (2)
3,John / Jaan / Jussi / Hans,Kuusalu,Estonia core/west,North Estonian,viP,Ants,9,5,1,Ants (9),Ants (9)
3,John / Jaan / Jussi / Hans,Kuusalu,Estonia core/west,North Estonian,viP,Other,8,7,5,jaanilill (3); jaanikene (2); Tua-Jaani (1); jaanipäev (1); Jaanideni (1),John/St John (6); Jaan/Jaani (2)
3,John / Jaan / Jussi / Hans,Kuusalu,Estonia core/west,North Estonian,viP,Jaani,4,1,1,Jaani (4),Jaan/Jaani (4)
3,John / Jaan / Jussi / Hans,Kuusalu,Estonia core/west,North Estonian,viP,Hans,3,2,1,Hans (3),Hans (3)
3,John / Jaan / Jussi / Hans,Kuusalu,Estonia core/west,North Estonian,viP,jaan,1,1,1,jaan (1),Jaan/Jaani (1)
3,John / Jaan / Jussi / Hans,Kuusalu,Estonia core/west,North Estonian,viP,jaanike,1,1,1,jaanike (1),John/St John (1)
3,John / Jaan / Jussi / Hans,Kuusamo,Finland/Savo-Karelia,Finnish,su,Jussi,3,1,1,Jussi (3),Jussi (3)
3,John / Jaan / Jussi / Hans,Kymi,Finland/Savo-Karelia,Finnish,su,Hans,1,1,1,Hans (1),Hans (1)
3,John / Jaan / Jussi / Hans,Käina,Estonia core/west,North Estonian,viP,Ants,1,1,1,Ants (1),Ants (1)
3,John / Jaan / Jussi / Hans,Käina,Estonia core/west,North Estonian,viP,Juhan,1,1,1,Juhan (1),Juhan (1)
3,John / Jaan / Jussi / Hans,Käina,Estonia core/west,North Estonian,viP,Other,1,1,1,hannes (1),John/St John (1)
3,John / Jaan / Jussi / Hans,Kärkölä,Finland/Savo-Karelia,Finnish,su,Jussi,2,2,1,Jussi (2),Jussi (2)
3,John / Jaan / Jussi / Hans,Kärla,Estonia core/west,North Estonian,viP,Ants,1,1,1,Ants (1),Ants (1)
3,John / Jaan / Jussi / Hans,Kärsämäki,Finland/Savo-Karelia,Finnish,su,Jussi,3,2,1,Jussi (3),Jussi (3)
3,John / Jaan / Jussi / Hans,Kõpu,Estonia core/west,North Estonian,viP,Hans,7,4,1,Hans (7),Hans (7)
3,John / Jaan / Jussi / Hans,Kõpu,Estonia core/west,North Estonian,viP,Jaan,3,1,1,Jaan (3),Jaan/Jaani (3)
3,John / Jaan / Jussi / Hans,Kõpu,Estonia core/west,North Estonian,viP,jaanike,1,1,1,jaanike (1),John/St John (1)
3,John / Jaan / Jussi / Hans,Lahti,Finland/Savo-Karelia,Finnish,su,Jussi,4,2,1,Jussi (4),Jussi (4)
3,John / Jaan / Jussi / Hans,Laihia,Finland/Savo-Karelia,Finnish,su,Jussi,3,3,1,Jussi (3),Jussi (3)
3,John / Jaan / Jussi / Hans,Laitila,Finland/Savo-Karelia,Finnish,su,Jussi,2,2,1,Jussi (2),Jussi (2)
3,John / Jaan / Jussi / Hans,Laiuse,Estonia core/west,North Estonian,viP,Ants,6,4,1,Ants (6),Ants (6)
3,John / Jaan / Jussi / Hans,Laiuse,Estonia core/west,North Estonian,viP,Jaan,6,5,1,Jaan (6),John/St John (4); Jaan/Jaani (2)
3,John / Jaan / Jussi / Hans,Laiuse,Estonia core/west,North Estonian,viP,Hans,5,4,1,Hans (5),Hans (5)
3,John / Jaan / Jussi / Hans,Laiuse,Estonia core/west,North Estonian,viP,Other,5,4,3,Jaanike (3); Antsulegi (1); tuhkajuss (1),John/St John (2); Ants (1); Jussi (1); Jaan/Jaani (1)
3,John / Jaan / Jussi / Hans,Lapinlahti,Finland/Savo-Karelia,Finnish,su,Jussi,1,1,1,Jussi (1),Jussi (1)
3,John / Jaan / Jussi / Hans,Lappajärvi,Finland/Savo-Karelia,Finnish,su,Jussi,1,1,1,Jussi (1),Jussi (1)
3,John / Jaan / Jussi / Hans,Lappee,Finland/Savo-Karelia,Finnish,su,Jussi,1,1,1,Jussi (1),Jussi (1)
3,John / Jaan / Jussi / Hans,Lapua,Finland/Savo-Karelia,Finnish,su,Jussi,7,6,1,Jussi (7),Jussi (7)
3,John / Jaan / Jussi / Hans,Lapväärtti,Finland/Savo-Karelia,Outside selected Finnic areas,ru,Jussi,1,1,1,Jussi (1),Jussi (1)
3,John / Jaan / Jussi / Hans,Lavansaari,Finland/Savo-Karelia,Finnish,su,Other,1,1,1,jaani (dial.) (1),John/St John (1)
3,John / Jaan / Jussi / Hans,Lehtimäki,Finland/Savo-Karelia,Finnish,su,Jussi,1,1,1,Jussi (1),Jussi (1)
3,John / Jaan / Jussi / Hans,Lempaala,Finland/Savo-Karelia,Finnish,su,Jussi,3,2,1,Jussi (3),Jussi (3)
3,John / Jaan / Jussi / Hans,Leppävirta,Finland/Savo-Karelia,Finnish,su,Jussi,7,6,1,Jussi (7),Jussi (7)
3,John / Jaan / Jussi / Hans,Leppävirta,Finland/Savo-Karelia,Finnish,su,Other,1,1,1,juottaa-Jussi (1),Jussi (1)
3,John / Jaan / Jussi / Hans,Lihula,Estonia core/west,North Estonian,viP,Jaan,6,1,1,Jaan (6),Jaan/Jaani (6)
3,John / Jaan / Jussi / Hans,Liissilä,Ingria,Finnish,su,Jussi,2,1,1,Jussi (2),Jussi (2)
3,John / Jaan / Jussi / Hans,Liissilä,Ingria,Finnish,su,Other,1,1,1,Juhana (1),John/St John (1)
3,John / Jaan / Jussi / Hans,Liperi,Finland/Savo-Karelia,Finnish,su,Jussi,1,1,1,Jussi (1),Jussi (1)
3,John / Jaan / Jussi / Hans,Loppi,Finland/Savo-Karelia,Finnish,su,Jussi,1,1,1,Jussi (1),Jussi (1)
3,John / Jaan / Jussi / Hans,Lumivaara,Finland/Savo-Karelia,Finnish,su,Other,3,2,2,talo+jussi (2); Sipro-Jussi (1),Jussi (3)
3,John / Jaan / Jussi / Hans,Lumivaara,Finland/Savo-Karelia,Finnish,su,Jussi,1,1,1,Jussi (1),Jussi (1)
3,John / Jaan / Jussi / Hans,Luopioinen,Finland/Savo-Karelia,Finnish,su,Jussi,4,4,1,Jussi (4),Jussi (4)
3,John / Jaan / Jussi / Hans,Luumäki,Finland/Savo-Karelia,Finnish,su,Other,1,1,1,suutari-Jussi (1),Jussi (1)
3,John / Jaan / Jussi / Hans,Luvia,Finland/Savo-Karelia,Finnish,su,Jussi,1,1,1,Jussi (1),Jussi (1)
3,John / Jaan / Jussi / Hans,Längelmäki,Finland/Savo-Karelia,Finnish,su,Jussi,1,1,1,Jussi (1),Jussi (1)
3,John / Jaan / Jussi / Hans,Lääne-Nigula,Estonia core/west,North Estonian,viP,Ants,4,2,1,Ants (4),Ants (4)
3,John / Jaan / Jussi / Hans,Lüganuse,Estonia core/west,North Estonian,viP,Ants,4,3,1,Ants (4),Ants (4)
3,John / Jaan / Jussi / Hans,Lüganuse,Estonia core/west,North Estonian,viP,Jaan,3,3,1,Jaan (3),John/St John (2); Jaan/Jaani (1)
3,John / Jaan / Jussi / Hans,Lüganuse,Estonia core/west,North Estonian,viP,Hans,1,1,1,Hans (1),Hans (1)
3,John / Jaan / Jussi / Hans,Maaninka,Finland/Savo-Karelia,Finnish,su,Jussi,3,2,1,Jussi (3),Jussi (3)
3,John / Jaan / Jussi / Hans,Maarja-Magdaleena,Estonia core/west,North Estonian,viP,Jaan,4,4,1,Jaan (4),John/St John (2); Jaan/Jaani (2)
3,John / Jaan / Jussi / Hans,Maarja-Magdaleena,Estonia core/west,North Estonian,viP,Hans,1,1,1,Hans (1),Hans (1)
3,John / Jaan / Jussi / Hans,Maarja-Magdaleena,Estonia core/west,North Estonian,viP,Juhan,1,1,1,Juhan (1),Juhan (1)
3,John / Jaan / Jussi / Hans,Martna,Estonia core/west,North Estonian,viP,Jaan,10,2,1,Jaan (10),John/St John (8); Jaan/Jaani (2)
3,John / Jaan / Jussi / Hans,Martna,Estonia core/west,North Estonian,viP,Other,2,2,2,jaanikann (1); Jaanikene (1),John/St John (2)
3,John / Jaan / Jussi / Hans,Martna,Estonia core/west,North Estonian,viP,jaanike,2,1,1,jaanike (2),Jaan/Jaani (2)
3,John / Jaan / Jussi / Hans,Martna,Estonia core/west,North Estonian,viP,jaan,1,1,1,jaan (1),Jaan/Jaani (1)
3,John / Jaan / Jussi / Hans,Marttila,Finland/Savo-Karelia,Finnish,su,Jussi,2,1,1,Jussi (2),Jussi (2)
3,John / Jaan / Jussi / Hans,Masku,Finland/Savo-Karelia,Finnish,su,Jussi,2,1,1,Jussi (2),Jussi (2)
3,John / Jaan / Jussi / Hans,Merikarvia,Finland/Savo-Karelia,Outside selected Finnic areas,ru,Jussi,1,1,1,Jussi (1),Jussi (1)
3,John / Jaan / Jussi / Hans,Merimasku,Finland/Savo-Karelia,Finnish,su,Jussi,1,1,1,Jussi (1),Jussi (1)
3,John / Jaan / Jussi / Hans,Messukylä,Finland/Savo-Karelia,Finnish,su,Jussi,1,1,1,Jussi (1),Jussi (1)
3,John / Jaan / Jussi / Hans,Metsäpirtti,Finland/Savo-Karelia,Finnish,su,Jussi,1,1,1,Jussi (1),Jussi (1)
3,John / Jaan / Jussi / Hans,Mietoinen,Finland/Savo-Karelia,Finnish,su,Jussi,1,1,1,Jussi (1),Jussi (1)
3,John / Jaan / Jussi / Hans,Mihkli,Estonia core/west,North Estonian,viP,Jaan,11,4,1,Jaan (11),Jaan/Jaani (8); John/St John (3)
3,John / Jaan / Jussi / Hans,Mihkli,Estonia core/west,North Estonian,viP,Other,3,2,3,hans (1); hansuke (1); hans (from Hans) + -ke (1),Hans (3)
3,John / Jaan / Jussi / Hans,Mihkli,Estonia core/west,North Estonian,viP,Hans,2,2,1,Hans (2),Hans (2)
3,John / Jaan / Jussi / Hans,Mihkli,Estonia core/west,North Estonian,viP,Ants,1,1,1,Ants (1),Ants (1)
3,John / Jaan / Jussi / Hans,Moloskovitsa,Ingria,Finnish,su,Jussi,1,1,1,Jussi (1),Jussi (1)
3,John / Jaan / Jussi / Hans,Mouhijärvi,Finland/Savo-Karelia,Finnish,su,Jussi,3,3,1,Jussi (3),Jussi (3)
3,John / Jaan / Jussi / Hans,Muhos,Finland/Savo-Karelia,Finnish,su,Jussi,1,1,1,Jussi (1),Jussi (1)
3,John / Jaan / Jussi / Hans,Muhu,Estonia core/west,North Estonian,viP,Jaan,30,13,1,Jaan (30),Jaan/Jaani (15); John/St John (15)
3,John / Jaan / Jussi / Hans,Muhu,Estonia core/west,North Estonian,viP,Other,5,5,5,hans (1); Jaanilt (1); Antsuke (1); jaanikene (1); juhanikene (1),Hans (1); Jaan/Jaani (1); Ants (1); John/St John (1); Juhan (1)
3,John / Jaan / Jussi / Hans,Muhu,Estonia core/west,North Estonian,viP,jaanike,2,2,1,jaanike (2),John/St John (1); Jaan/Jaani (1)
3,John / Jaan / Jussi / Hans,Muhu,Estonia core/west,North Estonian,viP,Ants,1,1,1,Ants (1),Ants (1)
3,John / Jaan / Jussi / Hans,Muhu,Estonia core/west,North Estonian,viP,Juhan,1,1,1,Juhan (1),Juhan (1)
3,John / Jaan / Jussi / Hans,Muolaa,Finland/Savo-Karelia,Finnish,su,Jussi,5,4,1,Jussi (5),Jussi (5)
3,John / Jaan / Jussi / Hans,Mustjala,Estonia core/west,North Estonian,viP,Ants,7,4,1,Ants (7),Ants (7)
3,John / Jaan / Jussi / Hans,Mustjala,Estonia core/west,North Estonian,viP,Jaan,3,3,1,Jaan (3),Jaan/Jaani (2); John/St John (1)
3,John / Jaan / Jussi / Hans,Mustjala,Estonia core/west,North Estonian,viP,Jussi,1,1,1,Jussi (1),Jussi (1)
3,John / Jaan / Jussi / Hans,Muurla,Finland/Savo-Karelia,Finnish,su,Jussi,17,11,1,Jussi (17),Jussi (17)
3,John / Jaan / Jussi / Hans,Muurla,Finland/Savo-Karelia,Finnish,su,Other,2,1,1,Juhani (2),John/St John (2)
3,John / Jaan / Jussi / Hans,Muuruvesi,Finland/Savo-Karelia,Finnish,su,Jussi,3,1,1,Jussi (3),Jussi (3)
3,John / Jaan / Jussi / Hans,Mynämäki,Finland/Savo-Karelia,Finnish,su,Jussi,8,5,1,Jussi (8),Jussi (8)
3,John / Jaan / Jussi / Hans,Myrskylä,Finland/Savo-Karelia,Finnish,su,Jussi,1,1,1,Jussi (1),Jussi (1)
3,John / Jaan / Jussi / Hans,Mäntsälä,Finland/Savo-Karelia,Finnish,su,Jussi,4,4,1,Jussi (4),Jussi (4)
3,John / Jaan / Jussi / Hans,Mäntyharju,Finland/Savo-Karelia,Finnish,su,Jussi,2,1,1,Jussi (2),Jussi (2)
3,John / Jaan / Jussi / Hans,Mäntyharju,Finland/Savo-Karelia,Finnish,su,Other,1,1,1,Johannes (1),John/St John (1)
3,John / Jaan / Jussi / Hans,Märjamaa,Estonia core/west,North Estonian,viP,Jaan,17,7,1,Jaan (17),Jaan/Jaani (14); John/St John (3)
3,John / Jaan / Jussi / Hans,Märjamaa,Estonia core/west,North Estonian,viP,Ants,9,5,1,Ants (9),Ants (9)
3,John / Jaan / Jussi / Hans,Märjamaa,Estonia core/west,North Estonian,viP,Other,4,4,4,Juss (1); jaanilill (1); jaanikann (1); tuba_jaan (1),John/St John (2); Jussi (1); Jaan/Jaani (1)
3,John / Jaan / Jussi / Hans,Nakkila,Finland/Savo-Karelia,Finnish,su,Jussi,2,2,1,Jussi (2),Jussi (2)
3,John / Jaan / Jussi / Hans,Narvusi,Ingria,Ingrian,in,Other,12,8,5,Iivana (8); Juhani (1); Juhana (1); Jaakko (1); Jaakko & Jaani (1),John/St John (11); Jaan/Jaani (1)
3,John / Jaan / Jussi / Hans,Nastola,Finland/Savo-Karelia,Finnish,su,Jussi,1,1,1,Jussi (1),Jussi (1)
3,John / Jaan / Jussi / Hans,Nilsiä,Finland/Savo-Karelia,Finnish,su,Jussi,4,4,1,Jussi (4),Jussi (4)
3,John / Jaan / Jussi / Hans,Nilsiä,Finland/Savo-Karelia,Finnish,su,Other,1,1,1,Jussiseta (1),Jussi (1)
3,John / Jaan / Jussi / Hans,Nissi,Estonia core/west,North Estonian,viP,jaanike,1,1,1,jaanike (1),John/St John (1)
3,John / Jaan / Jussi / Hans,Noormarkku,Finland/Savo-Karelia,Finnish,su,Jussi,1,1,1,Jussi (1),Jussi (1)
3,John / Jaan / Jussi / Hans,Nousiainen,Finland/Savo-Karelia,Finnish,su,Jussi,1,1,1,Jussi (1),Jussi (1)
3,John / Jaan / Jussi / Hans,Nurmes,Finland/Savo-Karelia,Finnish,su,Jussi,11,10,1,Jussi (11),Jussi (11)
3,John / Jaan / Jussi / Hans,Nurmijärvi,Finland/Savo-Karelia,Finnish,su,Hans,1,1,1,Hans (1),Hans (1)
3,John / Jaan / Jussi / Hans,Nõo,Estonia core/west,South Estonian,viE,Jaan,9,3,1,Jaan (9),Jaan/Jaani (8); John/St John (1)
3,John / Jaan / Jussi / Hans,Nõo,Estonia core/west,South Estonian,viE,Ants,2,1,1,Ants (2),Ants (2)
3,John / Jaan / Jussi / Hans,Nõo,Estonia core/west,South Estonian,viE,Other,1,1,1,Jaanikene (1),John/St John (1)
3,John / Jaan / Jussi / Hans,Orimattila,Finland/Savo-Karelia,Finnish,su,Jussi,2,2,1,Jussi (2),Jussi (2)
3,John / Jaan / Jussi / Hans,Otepää,Estonia core/west,South Estonian,viE,Jaan,4,3,1,Jaan (4),Jaan/Jaani (3); John/St John (1)
3,John / Jaan / Jussi / Hans,Otepää,Estonia core/west,South Estonian,viE,Hans,3,2,1,Hans (3),Hans (3)
3,John / Jaan / Jussi / Hans,Otepää,Estonia core/west,South Estonian,viE,Other,2,2,2,Jaanikene (1); Kontjaan (1),John/St John (1); Jaan/Jaani (1)
3,John / Jaan / Jussi / Hans,Otepää,Estonia core/west,South Estonian,viE,Ants,1,1,1,Ants (1),Ants (1)
3,John / Jaan / Jussi / Hans,Otepää,Estonia core/west,South Estonian,viE,Juhan,1,1,1,Juhan (1),Juhan (1)
3,John / Jaan / Jussi / Hans,Otepää,Estonia core/west,South Estonian,viE,jaan,1,1,1,jaan (1),John/St John (1)
3,John / Jaan / Jussi / Hans,Otepää,Estonia core/west,South Estonian,viE,jaanike,1,1,1,jaanike (1),John/St John (1)
3,John / Jaan / Jussi / Hans,Oulu,Finland/Savo-Karelia,Finnish,su,Other,1,1,1,kuiva & Jussi (1),Jussi (1)
3,John / Jaan / Jussi / Hans,Paavola,Finland/Savo-Karelia,Finnish,su,Jussi,2,1,1,Jussi (2),Jussi (2)
3,John / Jaan / Jussi / Hans,Paide,Estonia core/west,North Estonian,viP,Juhan,9,1,1,Juhan (9),Juhan (9)
3,John / Jaan / Jussi / Hans,Paide,Estonia core/west,North Estonian,viP,Hans,5,3,1,Hans (5),Hans (5)
3,John / Jaan / Jussi / Hans,Paide,Estonia core/west,North Estonian,viP,Other,1,1,1,jaanikene (1),John/St John (1)
3,John / Jaan / Jussi / Hans,Paimio,Finland/Savo-Karelia,Finnish,su,Jussi,2,2,1,Jussi (2),Jussi (2)
3,John / Jaan / Jussi / Hans,Paimio,Finland/Savo-Karelia,Finnish,su,Other,2,1,2,johanneksenpäivä (1); johanneksen (1),John/St John (2)
3,John / Jaan / Jussi / Hans,Paistu,Estonia core/west,South Estonian,viE,jaan,54,2,1,jaan (54),Jaan/Jaani (53); John/St John (1)
3,John / Jaan / Jussi / Hans,Paistu,Estonia core/west,South Estonian,viE,Jaan,15,6,1,Jaan (15),John/St John (10); Jaan/Jaani (5)
3,John / Jaan / Jussi / Hans,Paistu,Estonia core/west,South Estonian,viE,Hans,11,5,1,Hans (11),Hans (11)
3,John / Jaan / Jussi / Hans,Paistu,Estonia core/west,South Estonian,viE,Other,6,6,6,Hansuke (1); Johannese (1); Jaanukene (1); Jaanike (1); Jaanuke (1); jaaninädal (1),John/St John (3); Jaan/Jaani (2); Hans (1)
3,John / Jaan / Jussi / Hans,Paistu,Estonia core/west,South Estonian,viE,Ants,2,2,1,Ants (2),Ants (2)
3,John / Jaan / Jussi / Hans,Paistu,Estonia core/west,South Estonian,viE,jaanike,2,2,1,jaanike (2),John/St John (2)
3,John / Jaan / Jussi / Hans,Paistu,Estonia core/west,South Estonian,viE,Jaani,1,1,1,Jaani (1),John/St John (1)
3,John / Jaan / Jussi / Hans,Paistu,Estonia core/west,South Estonian,viE,Juhan,1,1,1,Juhan (1),Juhan (1)
3,John / Jaan / Jussi / Hans,Palamuse,Estonia core/west,North Estonian,viP,Hans,7,3,1,Hans (7),Hans (7)
3,John / Jaan / Jussi / Hans,Palamuse,Estonia core/west,North Estonian,viP,Jaan,4,3,1,Jaan (4),Jaan/Jaani (3); John/St John (1)
3,John / Jaan / Jussi / Hans,Palamuse,Estonia core/west,North Estonian,viP,Other,1,1,1,jaanilill (1),John/St John (1)
3,John / Jaan / Jussi / Hans,Paltamo,Finland/Savo-Karelia,Finnish,su,Other,1,1,1,Johannes (1),John/St John (1)
3,John / Jaan / Jussi / Hans,Peetri,Estonia core/west,North Estonian,viP,Jaan,53,8,1,Jaan (53),John/St John (49); Jaan/Jaani (4)
3,John / Jaan / Jussi / Hans,Peetri,Estonia core/west,North Estonian,viP,jaanike,38,2,1,jaanike (38),John/St John (34); Jaan/Jaani (4)
3,John / Jaan / Jussi / Hans,Peetri,Estonia core/west,North Estonian,viP,Other,7,5,5,jaanituli (2); jaanikene (2); Jaanipäev (1); Jaan & kann (1); jaanikuu (1),John/St John (5); Jaan/Jaani (2)
3,John / Jaan / Jussi / Hans,Peetri,Estonia core/west,North Estonian,viP,Ants,3,3,1,Ants (3),Ants (3)
3,John / Jaan / Jussi / Hans,Peetri,Estonia core/west,North Estonian,viP,Hans,1,1,1,Hans (1),Hans (1)
3,John / Jaan / Jussi / Hans,Peetri,Estonia core/west,North Estonian,viP,Juhan,1,1,1,Juhan (1),Juhan (1)
3,John / Jaan / Jussi / Hans,Perho,Finland/Savo-Karelia,Finnish,su,Jussi,1,1,1,Jussi (1),Jussi (1)
3,John / Jaan / Jussi / Hans,Perniö,Finland/Savo-Karelia,Finnish,su,Jussi,1,1,1,Jussi (1),Jussi (1)
3,John / Jaan / Jussi / Hans,Pertteli,Finland/Savo-Karelia,Finnish,su,Jussi,3,3,1,Jussi (3),Jussi (3)
3,John / Jaan / Jussi / Hans,Pielavesi,Finland/Savo-Karelia,Finnish,su,Jussi,4,3,1,Jussi (4),Jussi (4)
3,John / Jaan / Jussi / Hans,Pielavesi,Finland/Savo-Karelia,Finnish,su,Other,2,1,1,Juhannes (2),John/St John (2)
3,John / Jaan / Jussi / Hans,Pielisjärvi,Finland/Savo-Karelia,Finnish,su,Jussi,3,3,1,Jussi (3),Jussi (3)
3,John / Jaan / Jussi / Hans,Pihtipudas,Finland/Savo-Karelia,Finnish,su,Jussi,2,1,1,Jussi (2),Jussi (2)
3,John / Jaan / Jussi / Hans,Pilistvere,Estonia core/west,North Estonian,viP,Other,12,7,4,Jaanike (6); hansuke (4); Juss (1); jaanikann (1),John/St John (6); Hans (4); Jussi (1); Jaan/Jaani (1)
3,John / Jaan / Jussi / Hans,Pilistvere,Estonia core/west,North Estonian,viP,Jaan,7,5,1,Jaan (7),John/St John (4); Jaan/Jaani (3)
3,John / Jaan / Jussi / Hans,Pilistvere,Estonia core/west,North Estonian,viP,Hans,6,5,1,Hans (6),Hans (6)
3,John / Jaan / Jussi / Hans,Pilistvere,Estonia core/west,North Estonian,viP,Ants,1,1,1,Ants (1),Ants (1)
3,John / Jaan / Jussi / Hans,Pilistvere,Estonia core/west,North Estonian,viP,Jaani,1,1,1,Jaani (1),Jaan/Jaani (1)
3,John / Jaan / Jussi / Hans,Pilistvere,Estonia core/west,North Estonian,viP,jaan,1,1,1,jaan (1),John/St John (1)
3,John / Jaan / Jussi / Hans,Pirkkala,Finland/Savo-Karelia,Finnish,su,Jussi,1,1,1,Jussi (1),Jussi (1)
3,John / Jaan / Jussi / Hans,Pistojärvi,East Karelia/Veps/Tver,Karelian Proper,ka,Other,1,1,1,korpijussi (1),Jussi (1)
3,John / Jaan / Jussi / Hans,Polvijärvi,Finland/Savo-Karelia,Finnish,su,Jussi,1,1,1,Jussi (1),Jussi (1)
3,John / Jaan / Jussi / Hans,Pomarkku,Finland/Savo-Karelia,Finnish,su,Jussi,2,2,1,Jussi (2),Jussi (2)
3,John / Jaan / Jussi / Hans,Pori,Finland/Savo-Karelia,Finnish,su,Jussi,2,2,1,Jussi (2),Jussi (2)
3,John / Jaan / Jussi / Hans,Pudasjärvi,Finland/Savo-Karelia,Finnish,su,Jussi,5,3,1,Jussi (5),Jussi (3); John/St John (2)
3,John / Jaan / Jussi / Hans,Puhja,Estonia core/west,South Estonian,viE,Other,14,3,4,kooli-Jaani (11); viinajaani (1); kõrtsijaani (1); antsuke (1),John/St John (11); Jaan/Jaani (2); Ants (1)
3,John / Jaan / Jussi / Hans,Puhja,Estonia core/west,South Estonian,viE,Jaan,8,5,1,Jaan (8),Jaan/Jaani (6); John/St John (2)
3,John / Jaan / Jussi / Hans,Puhja,Estonia core/west,South Estonian,viE,Hans,3,1,1,Hans (3),Hans (3)
3,John / Jaan / Jussi / Hans,Puhja,Estonia core/west,South Estonian,viE,Ants,1,1,1,Ants (1),Ants (1)
3,John / Jaan / Jussi / Hans,Puhja,Estonia core/west,South Estonian,viE,Jaani,1,1,1,Jaani (1),Jaan/Jaani (1)
3,John / Jaan / Jussi / Hans,Puhja,Estonia core/west,South Estonian,viE,Juhan,1,1,1,Juhan (1),Juhan (1)
3,John / Jaan / Jussi / Hans,Pukkila,Finland/Savo-Karelia,Finnish,su,Other,1,1,1,Kukko-Jussi (1),Jussi (1)
3,John / Jaan / Jussi / Hans,Punkalaidun,Finland/Savo-Karelia,Finnish,su,Jussi,4,4,1,Jussi (4),Jussi (4)
3,John / Jaan / Jussi / Hans,Pusula,Finland/Savo-Karelia,Finnish,su,Jussi,1,1,1,Jussi (1),Jussi (1)
3,John / Jaan / Jussi / Hans,Pyhäjärvi Ol.,Finland/Savo-Karelia,Finnish,su,Jussi,4,3,1,Jussi (4),Jussi (4)
3,John / Jaan / Jussi / Hans,Pyhäjärvi Ul.,Finland/Savo-Karelia,Finnish,su,Jussi,4,3,1,Jussi (4),Jussi (4)
3,John / Jaan / Jussi / Hans,Pyhäjärvi Ul.,Finland/Savo-Karelia,Finnish,su,Other,1,1,1,kukkojussi (1),Jussi (1)
3,John / Jaan / Jussi / Hans,Pyhäselkä,Finland/Savo-Karelia,Finnish,su,Jussi,2,2,1,Jussi (2),Jussi (2)
3,John / Jaan / Jussi / Hans,Pälkjärvi,Finland/Savo-Karelia,Finnish,su,Jussi,1,1,1,Jussi (1),Jussi (1)
3,John / Jaan / Jussi / Hans,Pälkäne,Finland/Savo-Karelia,Finnish,su,Jussi,2,2,1,Jussi (2),Jussi (2)
3,John / Jaan / Jussi / Hans,Pälkäne,Finland/Savo-Karelia,Finnish,su,Other,1,1,1,jauho/Jussi (1),Jussi (1)
3,John / Jaan / Jussi / Hans,Pärnu,Estonia core/west,North Estonian,viP,Jaan,16,10,1,Jaan (16),Jaan/Jaani (13); John/St John (3)
3,John / Jaan / Jussi / Hans,Pärnu,Estonia core/west,North Estonian,viP,Hans,7,1,1,Hans (7),Hans (7)
3,John / Jaan / Jussi / Hans,Pärnu,Estonia core/west,North Estonian,viP,Ants,2,2,1,Ants (2),Ants (2)
3,John / Jaan / Jussi / Hans,Pärnu,Estonia core/west,North Estonian,viP,Other,2,2,2,hansuke (1); jaanililled (1),Hans (1); John/St John (1)
3,John / Jaan / Jussi / Hans,Pärnu,Estonia core/west,North Estonian,viP,jaan,1,1,1,jaan (1),Jaan/Jaani (1)
3,John / Jaan / Jussi / Hans,Pärnu-Jaagupi,Estonia core/west,North Estonian,viP,Hans,2,2,1,Hans (2),Hans (2)
3,John / Jaan / Jussi / Hans,Pärnu-Jaagupi,Estonia core/west,North Estonian,viP,Jaan,2,2,1,Jaan (2),Jaan/Jaani (2)
3,John / Jaan / Jussi / Hans,Pärnu-Jaagupi,Estonia core/west,North Estonian,viP,Other,2,2,2,jaanilill (1); jaanitädi (1),John/St John (2)
3,John / Jaan / Jussi / Hans,Pärnu-Jaagupi,Estonia core/west,North Estonian,viP,jaanike,1,1,1,jaanike (1),John/St John (1)
3,John / Jaan / Jussi / Hans,Põltsamaa,Estonia core/west,North Estonian,viP,Hans,21,4,1,Hans (21),Hans (21)
3,John / Jaan / Jussi / Hans,Põltsamaa,Estonia core/west,North Estonian,viP,Jaan,9,5,1,Jaan (9),Jaan/Jaani (9)
3,John / Jaan / Jussi / Hans,Põltsamaa,Estonia core/west,North Estonian,viP,Other,7,5,5,hants (2); Antsu (2); Juss (modern Estonian equivalent) (1); Hansuke (1); hans (1),Hans (4); Ants (2); Jussi (1)
3,John / Jaan / Jussi / Hans,Põltsamaa,Estonia core/west,North Estonian,viP,Ants,6,2,1,Ants (6),Ants (6)
3,John / Jaan / Jussi / Hans,Põltsamaa,Estonia core/west,North Estonian,viP,jaan,2,1,1,jaan (2),Jaan/Jaani (2)
3,John / Jaan / Jussi / Hans,Põltsamaa,Estonia core/west,North Estonian,viP,Juhan,1,1,1,Juhan (1),Juhan (1)
3,John / Jaan / Jussi / Hans,Põlva,South Estonia/Seto,South Estonian,viE,Jaan,4,3,1,Jaan (4),Jaan/Jaani (3); John/St John (1)
3,John / Jaan / Jussi / Hans,Põlva,South Estonia/Seto,South Estonian,viE,Ants,2,2,1,Ants (2),Ants (2)
3,John / Jaan / Jussi / Hans,Pöide,Estonia core/west,North Estonian,viP,Jaan,4,4,1,Jaan (4),Jaan/Jaani (3); John/St John (1)
3,John / Jaan / Jussi / Hans,Pöide,Estonia core/west,North Estonian,viP,Juhan,3,1,1,Juhan (3),Juhan (3)
3,John / Jaan / Jussi / Hans,Pöide,Estonia core/west,North Estonian,viP,Hans,2,2,1,Hans (2),Hans (2)
3,John / Jaan / Jussi / Hans,Pöide,Estonia core/west,North Estonian,viP,Other,2,2,2,jaanilill (St. John's herb) (1); jaanituli (1),John/St John (2)
3,John / Jaan / Jussi / Hans,Pöytyä,Finland/Savo-Karelia,Finnish,su,Jussi,7,4,1,Jussi (7),Jussi (7)
3,John / Jaan / Jussi / Hans,Pühalepa,Estonia core/west,North Estonian,viP,Jaan,4,2,1,Jaan (4),Jaan/Jaani (3); John/St John (1)
3,John / Jaan / Jussi / Hans,Pühalepa,Estonia core/west,North Estonian,viP,Other,3,1,1,jaanilill (3),John/St John (3)
3,John / Jaan / Jussi / Hans,Pühalepa,Estonia core/west,North Estonian,viP,Ants,1,1,1,Ants (1),Ants (1)
3,John / Jaan / Jussi / Hans,Rakvere,Estonia core/west,North Estonian,viP,Jaan,3,2,1,Jaan (3),Jaan/Jaani (2); John/St John (1)
3,John / Jaan / Jussi / Hans,Rakvere,Estonia core/west,North Estonian,viP,Other,1,1,1,Jaan & kann (1),John/St John (1)
3,John / Jaan / Jussi / Hans,Rannu,Estonia core/west,South Estonian,viE,Jaan,5,3,1,Jaan (5),Jaan/Jaani (4); John/St John (1)
3,John / Jaan / Jussi / Hans,Rannu,Estonia core/west,South Estonian,viE,Other,2,2,2,jaanikene (1); Jaanike (1),Jaan/Jaani (1); John/St John (1)
3,John / Jaan / Jussi / Hans,Rannu,Estonia core/west,South Estonian,viE,Ants,1,1,1,Ants (1),Ants (1)
3,John / Jaan / Jussi / Hans,Rannu,Estonia core/west,South Estonian,viE,Hans,1,1,1,Hans (1),Hans (1)
3,John / Jaan / Jussi / Hans,Rannu,Estonia core/west,South Estonian,viE,Juhan,1,1,1,Juhan (1),Juhan (1)
3,John / Jaan / Jussi / Hans,Ranua,Finland/Savo-Karelia,Finnish,su,Jussi,6,6,1,Jussi (6),Jussi (6)
3,John / Jaan / Jussi / Hans,Rapla,Estonia core/west,North Estonian,viP,Jaan,7,2,1,Jaan (7),Jaan/Jaani (7)
3,John / Jaan / Jussi / Hans,Rapla,Estonia core/west,North Estonian,viP,Hans,5,3,1,Hans (5),Hans (5)
3,John / Jaan / Jussi / Hans,Rapla,Estonia core/west,North Estonian,viP,Other,3,3,3,Juss (1); hans (1); hansuke (1),Hans (2); Jussi (1)
3,John / Jaan / Jussi / Hans,Rauma,Finland/Savo-Karelia,Finnish,su,Jussi,1,1,1,Jussi (1),Jussi (1)
3,John / Jaan / Jussi / Hans,Rautalampi,Finland/Savo-Karelia,Finnish,su,Other,1,1,1,Johannes (1),John/St John (1)
3,John / Jaan / Jussi / Hans,Rautavaara,Finland/Savo-Karelia,Finnish,su,Jussi,1,1,1,Jussi (1),Jussi (1)
3,John / Jaan / Jussi / Hans,Rautjärvi,Finland/Savo-Karelia,Finnish,su,Jussi,2,1,1,Jussi (2),Jussi (2)
3,John / Jaan / Jussi / Hans,Rautu,Finland/Savo-Karelia,Finnish,su,Jussi,3,3,1,Jussi (3),Jussi (3)
3,John / Jaan / Jussi / Hans,Reigi,Estonia core/west,North Estonian,viP,Jaan,1,1,1,Jaan (1),Jaan/Jaani (1)
3,John / Jaan / Jussi / Hans,Renko,Finland/Savo-Karelia,Finnish,su,Jussi,5,4,1,Jussi (5),Jussi (5)
3,John / Jaan / Jussi / Hans,Renko,Finland/Savo-Karelia,Finnish,su,Other,1,1,1,Lopo-Jussi (1),Jussi (1)
3,John / Jaan / Jussi / Hans,Ridala,Estonia core/west,North Estonian,viP,Ants,1,1,1,Ants (1),Ants (1)
3,John / Jaan / Jussi / Hans,Risti,Estonia core/west,North Estonian,viP,Jaan,10,3,1,Jaan (10),Jaan/Jaani (10)
3,John / Jaan / Jussi / Hans,Risti,Estonia core/west,North Estonian,viP,Juhan,4,2,1,Juhan (4),Juhan (4)
3,John / Jaan / Jussi / Hans,Risti,Estonia core/west,North Estonian,viP,Ants,3,2,1,Ants (3),Ants (3)
3,John / Jaan / Jussi / Hans,Risti,Estonia core/west,North Estonian,viP,Other,3,3,3,hansuke (1); Jaanike (1); toa+ääre+Juhan (1),Hans (1); John/St John (1); Juhan (1)
3,John / Jaan / Jussi / Hans,Risti,Estonia core/west,North Estonian,viP,jaanike,2,2,1,jaanike (2),Jaan/Jaani (1); John/St John (1)
3,John / Jaan / Jussi / Hans,Risti,Estonia core/west,North Estonian,viP,Hans,1,1,1,Hans (1),Hans (1)
3,John / Jaan / Jussi / Hans,Ruokolahti,Finland/Savo-Karelia,Finnish,su,Jussi,2,2,1,Jussi (2),Jussi (2)
3,John / Jaan / Jussi / Hans,Ruotsin Ylitornio,Finland/Savo-Karelia,Tornedalen Finnish,su,Other,2,1,1,juhannes (2),John/St John (2)
3,John / Jaan / Jussi / Hans,Ruovesi,Finland/Savo-Karelia,Finnish,su,Jussi,7,6,1,Jussi (7),Jussi (7)
3,John / Jaan / Jussi / Hans,Rusko,Finland/Savo-Karelia,Finnish,su,Jussi,1,1,1,Jussi (1),Jussi (1)
3,John / Jaan / Jussi / Hans,Räisälä,Finland/Savo-Karelia,Finnish,su,Jussi,2,2,1,Jussi (2),Jussi (2)
3,John / Jaan / Jussi / Hans,Räpina,South Estonia/Seto,South Estonian,viE,Jaan,12,2,1,Jaan (12),Jaan/Jaani (12)
3,John / Jaan / Jussi / Hans,Räpina,South Estonia/Seto,South Estonian,viE,Ants,1,1,1,Ants (1),Ants (1)
3,John / Jaan / Jussi / Hans,Räpina,South Estonia/Seto,South Estonian,viE,Hans,1,1,1,Hans (1),Hans (1)
3,John / Jaan / Jussi / Hans,Räpina,South Estonia/Seto,South Estonian,viE,Juhan,1,1,1,Juhan (1),Juhan (1)
3,John / Jaan / Jussi / Hans,Räpina,South Estonia/Seto,South Estonian,viE,Other,1,1,1,Jaak (1),John/St John (1)
3,John / Jaan / Jussi / Hans,Rääkkylä,Finland/Savo-Karelia,Finnish,su,Jussi,3,3,1,Jussi (3),Jussi (3)
3,John / Jaan / Jussi / Hans,Rääkkylä,Finland/Savo-Karelia,Finnish,su,Other,1,1,1,Tupakka-Jussi (1),Jussi (1)
3,John / Jaan / Jussi / Hans,Rääpyvä,Ingria,Finnish,su,Jussi,1,1,1,Jussi (1),John/St John (1)
3,John / Jaan / Jussi / Hans,Rõngu,Estonia core/west,South Estonian,viE,Jaan,6,6,1,Jaan (6),Jaan/Jaani (4); John/St John (2)
3,John / Jaan / Jussi / Hans,Rõngu,Estonia core/west,South Estonian,viE,Other,1,1,1,Hants (1),Hans (1)
3,John / Jaan / Jussi / Hans,Rõngu,Estonia core/west,South Estonian,viE,jaan,1,1,1,jaan (1),John/St John (1)
3,John / Jaan / Jussi / Hans,Rõuge,South Estonia/Seto,South Estonian,viE,Jaan,7,4,1,Jaan (7),Jaan/Jaani (6); John/St John (1)
3,John / Jaan / Jussi / Hans,Rõuge,South Estonia/Seto,South Estonian,viE,Other,6,4,5,jaanikene (2); Jaanile (1); Jaanil (1); Antsule (1); Juss (1),John/St John (2); Jaan/Jaani (2); Ants (1); Jussi (1)
3,John / Jaan / Jussi / Hans,Rõuge,South Estonia/Seto,South Estonian,viE,Ants,5,3,1,Ants (5),Ants (5)
3,John / Jaan / Jussi / Hans,Rõuge,South Estonia/Seto,South Estonian,viE,Hans,4,1,1,Hans (4),Hans (4)
3,John / Jaan / Jussi / Hans,Rõuge,South Estonia/Seto,South Estonian,viE,jaanike,1,1,1,jaanike (1),John/St John (1)
3,John / Jaan / Jussi / Hans,Saarde,Estonia core/west,North Estonian,viP,Hans,10,4,1,Hans (10),Hans (10)
3,John / Jaan / Jussi / Hans,Saarde,Estonia core/west,North Estonian,viP,Jaan,3,1,1,Jaan (3),Jaan/Jaani (3)
3,John / Jaan / Jussi / Hans,Saarde,Estonia core/west,North Estonian,viP,Other,2,1,2,jaaniõhtu (1); jaanituli (1),John/St John (2)
3,John / Jaan / Jussi / Hans,Saarijärvi,Finland/Savo-Karelia,Finnish,su,Jussi,13,13,1,Jussi (13),Jussi (13)
3,John / Jaan / Jussi / Hans,Sakkola,Finland/Savo-Karelia,Finnish,su,Jussi,7,4,1,Jussi (7),Jussi (7)
3,John / Jaan / Jussi / Hans,Sangaste,Estonia core/west,South Estonian,viE,Jaan,6,4,1,Jaan (6),Jaan/Jaani (5); John/St John (1)
3,John / Jaan / Jussi / Hans,Sangaste,Estonia core/west,South Estonian,viE,Other,6,5,4,Juhanile (2); jaanikene (2); ala-ants (1); hansuke (1),Juhan (2); Jaan/Jaani (1); John/St John (1); Ants (1); Hans (1)
3,John / Jaan / Jussi / Hans,Sangaste,Estonia core/west,South Estonian,viE,Ants,5,5,1,Ants (5),Ants (5)
3,John / Jaan / Jussi / Hans,Savonlinna,Finland/Savo-Karelia,Finnish,su,Jussi,5,5,1,Jussi (5),Jussi (5)
3,John / Jaan / Jussi / Hans,Setumaa,South Estonia/Seto,South Estonian,viE,Other,20,8,9,jaanuke (4); jaanituli (4); Jaanituli (3); Jaanikene (2); jaanikivi (2); jaani (2); jaanil (1); jaanikene (1),John/St John (17); Jaan/Jaani (3)
3,John / Jaan / Jussi / Hans,Setumaa,South Estonia/Seto,South Estonian,viE,Jaan,10,7,1,Jaan (10),John/St John (8); Jaan/Jaani (2)
3,John / Jaan / Jussi / Hans,Setumaa,South Estonia/Seto,South Estonian,viE,jaanike,5,3,1,jaanike (5),John/St John (5)
3,John / Jaan / Jussi / Hans,Setumaa,South Estonia/Seto,South Estonian,viE,Ants,2,1,1,Ants (2),Ants (2)
3,John / Jaan / Jussi / Hans,Setumaa,South Estonia/Seto,South Estonian,viE,Juhan,1,1,1,Juhan (1),John/St John (1)
3,John / Jaan / Jussi / Hans,Setumaa,South Estonia/Seto,South Estonian,viE,jaan,1,1,1,jaan (1),John/St John (1)
3,John / Jaan / Jussi / Hans,Siikajoki,Finland/Savo-Karelia,Finnish,su,Jussi,1,1,1,Jussi (1),Jussi (1)
3,John / Jaan / Jussi / Hans,Siilinjärvi,Finland/Savo-Karelia,Finnish,su,Jussi,1,1,1,Jussi (1),Jussi (1)
3,John / Jaan / Jussi / Hans,Simo,Finland/Savo-Karelia,Finnish,su,Jussi,1,1,1,Jussi (1),Jussi (1)
3,John / Jaan / Jussi / Hans,Simuna,Estonia core/west,North Estonian,viP,Jaan,7,4,1,Jaan (7),Jaan/Jaani (4); John/St John (3)
3,John / Jaan / Jussi / Hans,Simuna,Estonia core/west,North Estonian,viP,Hans,4,3,1,Hans (4),Hans (4)
3,John / Jaan / Jussi / Hans,Simuna,Estonia core/west,North Estonian,viP,Ants,3,2,1,Ants (3),Ants (3)
3,John / Jaan / Jussi / Hans,Simuna,Estonia core/west,North Estonian,viP,Other,2,2,2,Juss (1); jaanilill (1),Jussi (1); John/St John (1)
3,John / Jaan / Jussi / Hans,Soanlahti,East Karelia/Veps/Tver,Finnish,su,Jussi,1,1,1,Jussi (1),Jussi (1)
3,John / Jaan / Jussi / Hans,Soikkola,Ingria,Ingrian,in,Other,3,3,2,Iivana (2); Juhana (1),John/St John (3)
3,John / Jaan / Jussi / Hans,Soikkola,Ingria,Ingrian,in,Jaani,1,1,1,Jaani (1),John/St John (1)
3,John / Jaan / Jussi / Hans,Somerniemi,Finland/Savo-Karelia,Finnish,su,Jussi,1,1,1,Jussi (1),Jussi (1)
3,John / Jaan / Jussi / Hans,Somero,Finland/Savo-Karelia,Finnish,su,Jussi,3,3,1,Jussi (3),Jussi (3)
3,John / Jaan / Jussi / Hans,Somero,Finland/Savo-Karelia,Finnish,su,Other,2,2,2,Johannes (1); Julliskoukku (1),John/St John (1); Jussi (1)
3,John / Jaan / Jussi / Hans,Sonkajärvi,Finland/Savo-Karelia,Finnish,su,Jussi,4,4,1,Jussi (4),Jussi (4)
3,John / Jaan / Jussi / Hans,Sortavala,East Karelia/Veps/Tver,Finnish,su,Jussi,3,2,1,Jussi (3),Jussi (3)
3,John / Jaan / Jussi / Hans,Sortavala,East Karelia/Veps/Tver,Finnish,su,Other,1,1,1,Jussinjäkki (1),Jussi (1)
3,John / Jaan / Jussi / Hans,Sotkamo,Finland/Savo-Karelia,Finnish,su,Jussi,3,3,1,Jussi (3),Jussi (3)
3,John / Jaan / Jussi / Hans,Soutjärvi,East Karelia/Veps/Tver,Veps,ve,Other,1,1,1,vanha/Iivana (1),John/St John (1)
3,John / Jaan / Jussi / Hans,Suistamo,East Karelia/Veps/Tver,Livvi-Karelian,ka,Jussi,4,3,1,Jussi (4),Jussi (4)
3,John / Jaan / Jussi / Hans,Suistamo,East Karelia/Veps/Tver,Livvi-Karelian,ka,Other,2,2,2,Iivana (1); Johannes (1),John/St John (2)
3,John / Jaan / Jussi / Hans,Sulkava,Finland/Savo-Karelia,Finnish,su,Jussi,1,1,1,Jussi (1),Jussi (1)
3,John / Jaan / Jussi / Hans,Suomusjärvi,Finland/Savo-Karelia,Finnish,su,Jussi,3,2,1,Jussi (3),Jussi (3)
3,John / Jaan / Jussi / Hans,Suomussalmi,Finland/Savo-Karelia,Finnish,su,Jussi,1,1,1,Jussi (1),Jussi (1)
3,John / Jaan / Jussi / Hans,Suonenjoki,Finland/Savo-Karelia,Finnish,su,Other,3,2,2,Jukka (2); Juhannes (Juhani) (1),Jussi (2); John/St John (1)
3,John / Jaan / Jussi / Hans,Suonenjoki,Finland/Savo-Karelia,Finnish,su,Jussi,2,2,1,Jussi (2),Jussi (2)
3,John / Jaan / Jussi / Hans,Suure-Jaani,Estonia core/west,North Estonian,viP,Jaan,22,14,1,Jaan (22),John/St John (14); Jaan/Jaani (8)
3,John / Jaan / Jussi / Hans,Suure-Jaani,Estonia core/west,North Estonian,viP,Hans,4,4,1,Hans (4),Hans (4)
3,John / Jaan / Jussi / Hans,Suure-Jaani,Estonia core/west,North Estonian,viP,Other,4,4,4,Jaan+i (1); Juss (1); Kolga-Jaani (1); Suure-Jaani (1),Jaan/Jaani (3); Jussi (1)
3,John / Jaan / Jussi / Hans,Suure-Jaani,Estonia core/west,North Estonian,viP,Juhan,2,2,1,Juhan (2),John/St John (1); Juhan (1)
3,John / Jaan / Jussi / Hans,Suure-Jaani,Estonia core/west,North Estonian,viP,jaan,2,1,1,jaan (2),John/St John (2)
3,John / Jaan / Jussi / Hans,Suure-Jaani,Estonia core/west,North Estonian,viP,Ants,1,1,1,Ants (1),Ants (1)
3,John / Jaan / Jussi / Hans,Sysmä,Finland/Savo-Karelia,Finnish,su,Jussi,4,4,1,Jussi (4),Jussi (4)
3,John / Jaan / Jussi / Hans,Sääksmäki,Finland/Savo-Karelia,Finnish,su,Jussi,1,1,1,Jussi (1),Jussi (1)
3,John / Jaan / Jussi / Hans,Taivassalo,Finland/Savo-Karelia,Finnish,su,Jussi,1,1,1,Jussi (1),Jussi (1)
3,John / Jaan / Jussi / Hans,Tammela,Finland/Savo-Karelia,Finnish,su,Jussi,10,5,1,Jussi (10),Jussi (10)
3,John / Jaan / Jussi / Hans,Tampere,Finland/Savo-Karelia,Finnish,su,Jussi,3,3,1,Jussi (3),Jussi (3)
3,John / Jaan / Jussi / Hans,Tartu-Maarja,Estonia core/west,South Estonian,viE,Jaan,10,3,1,Jaan (10),Jaan/Jaani (10)
3,John / Jaan / Jussi / Hans,Tartu-Maarja,Estonia core/west,South Estonian,viE,Hans,4,2,1,Hans (4),Hans (4)
3,John / Jaan / Jussi / Hans,Tartu-Maarja,Estonia core/west,South Estonian,viE,Other,3,2,2,jaanituli (2); Juhanile (1),John/St John (2); Juhan (1)
3,John / Jaan / Jussi / Hans,Tartu-Maarja,Estonia core/west,South Estonian,viE,Juhan,1,1,1,Juhan (1),Juhan (1)
3,John / Jaan / Jussi / Hans,Tarvasjoki,Finland/Savo-Karelia,Finnish,su,Other,1,1,1,Johannes (1),John/St John (1)
3,John / Jaan / Jussi / Hans,Tarvastu,Estonia core/west,South Estonian,viE,Ants,15,7,1,Ants (15),Ants (15)
3,John / Jaan / Jussi / Hans,Tarvastu,Estonia core/west,South Estonian,viE,Hans,12,5,1,Hans (12),Hans (12)
3,John / Jaan / Jussi / Hans,Tarvastu,Estonia core/west,South Estonian,viE,Jaan,7,6,1,Jaan (7),Jaan/Jaani (4); John/St John (3)
3,John / Jaan / Jussi / Hans,Tarvastu,Estonia core/west,South Estonian,viE,Juhan,4,2,1,Juhan (4),Juhan (4)
3,John / Jaan / Jussi / Hans,Tarvastu,Estonia core/west,South Estonian,viE,Other,3,2,1,Jaanike (3),John/St John (3)
3,John / Jaan / Jussi / Hans,Tarvastu,Estonia core/west,South Estonian,viE,jaanike,1,1,1,jaanike (1),John/St John (1)
3,John / Jaan / Jussi / Hans,Terijoki,Finland/Savo-Karelia,Finnish,su,Jussi,1,1,1,Jussi (1),Jussi (1)
3,John / Jaan / Jussi / Hans,Tervo,Finland/Savo-Karelia,Finnish,su,Jussi,1,1,1,Jussi (1),Jussi (1)
3,John / Jaan / Jussi / Hans,Tervola,Finland/Savo-Karelia,Finnish,su,Other,2,1,1,juhannes (2),John/St John (2)
3,John / Jaan / Jussi / Hans,Teuva,Finland/Savo-Karelia,Finnish,su,Jussi,3,3,1,Jussi (3),Jussi (3)
3,John / Jaan / Jussi / Hans,Tohmajärvi,Finland/Savo-Karelia,Finnish,su,Jussi,1,1,1,Jussi (1),Jussi (1)
3,John / Jaan / Jussi / Hans,Tori,Estonia core/west,North Estonian,viP,Jaan,11,9,1,Jaan (11),Jaan/Jaani (9); John/St John (2)
3,John / Jaan / Jussi / Hans,Tori,Estonia core/west,North Estonian,viP,Other,9,5,4,Tua-Jaan (6); ants (1); jaanilill (1); Jaanike (1),Jaan/Jaani (6); John/St John (2); Ants (1)
3,John / Jaan / Jussi / Hans,Tori,Estonia core/west,North Estonian,viP,Hans,5,1,1,Hans (5),Hans (5)
3,John / Jaan / Jussi / Hans,Tori,Estonia core/west,North Estonian,viP,Ants,2,2,1,Ants (2),Ants (2)
3,John / Jaan / Jussi / Hans,Tori,Estonia core/west,North Estonian,viP,jaanike,1,1,1,jaanike (1),John/St John (1)
3,John / Jaan / Jussi / Hans,Torma,Estonia core/west,North Estonian,viP,Jaan,8,5,1,Jaan (8),Jaan/Jaani (5); John/St John (3)
3,John / Jaan / Jussi / Hans,Torma,Estonia core/west,North Estonian,viP,Other,3,3,3,Juhanjussi (1); jaanilill (1); Kolgajaani (1),Jussi (1); John/St John (1); Jaan/Jaani (1)
3,John / Jaan / Jussi / Hans,Torma,Estonia core/west,North Estonian,viP,Hans,2,1,1,Hans (2),John/St John (1); Hans (1)
3,John / Jaan / Jussi / Hans,Turku,Finland/Savo-Karelia,Finnish,su,Other,2,1,1,Juhani (2),John/St John (2)
3,John / Jaan / Jussi / Hans,Turku,Finland/Savo-Karelia,Finnish,su,Jussi,1,1,1,Jussi (1),Jussi (1)
3,John / Jaan / Jussi / Hans,Turtola,Finland/Savo-Karelia,Finnish,su,Jussi,4,4,1,Jussi (4),Jussi (4)
3,John / Jaan / Jussi / Hans,Tuulos,Finland/Savo-Karelia,Finnish,su,Jussi,5,5,1,Jussi (5),Jussi (5)
3,John / Jaan / Jussi / Hans,Tuupovaara,Finland/Savo-Karelia,Finnish,su,Other,1,1,1,Juhana (1),John/St John (1)
3,John / Jaan / Jussi / Hans,Tuusniemi,Finland/Savo-Karelia,Finnish,su,Jussi,5,5,1,Jussi (5),Jussi (5)
3,John / Jaan / Jussi / Hans,Tuusula,Finland/Savo-Karelia,Finnish,su,Jussi,3,2,1,Jussi (3),Jussi (3)
3,John / Jaan / Jussi / Hans,Tyrväntö,Finland/Savo-Karelia,Finnish,su,Jussi,1,1,1,Jussi (1),Jussi (1)
3,John / Jaan / Jussi / Hans,Tyrvää,Finland/Savo-Karelia,Finnish,su,Jussi,2,2,1,Jussi (2),Jussi (2)
3,John / Jaan / Jussi / Hans,Tyrvää,Finland/Savo-Karelia,Finnish,su,Other,2,2,2,Jussi & mylläri (1); Jussipussi (1),Jussi (2)
3,John / Jaan / Jussi / Hans,Tyrö,Ingria,Finnish,su,Jussi,1,1,1,Jussi (1),Jussi (1)
3,John / Jaan / Jussi / Hans,Tytärsaari,Finland/Savo-Karelia,Finnish,su,Jussi,1,1,1,Jussi (1),Jussi (1)
3,John / Jaan / Jussi / Hans,Tõstamaa,Estonia core/west,North Estonian,viP,Jaan,3,3,1,Jaan (3),John/St John (2); Jaan/Jaani (1)
3,John / Jaan / Jussi / Hans,Tõstamaa,Estonia core/west,North Estonian,viP,Ants,2,2,1,Ants (2),Ants (2)
3,John / Jaan / Jussi / Hans,Tõstamaa,Estonia core/west,North Estonian,viP,Other,1,1,1,Jaanike (1),John/St John (1)
3,John / Jaan / Jussi / Hans,Töysä,Finland/Savo-Karelia,Finnish,su,Jussi,3,2,1,Jussi (3),Jussi (3)
3,John / Jaan / Jussi / Hans,Töysä,Finland/Savo-Karelia,Finnish,su,Other,1,1,1,unijussi (1),Jussi (1)
3,John / Jaan / Jussi / Hans,Türi,Estonia core/west,North Estonian,viP,Hans,7,4,1,Hans (7),Hans (7)
3,John / Jaan / Jussi / Hans,Türi,Estonia core/west,North Estonian,viP,Jaan,3,3,1,Jaan (3),Jaan/Jaani (2); John/St John (1)
3,John / Jaan / Jussi / Hans,Türi,Estonia core/west,North Estonian,viP,Juhan,2,1,1,Juhan (2),Juhan (2)
3,John / Jaan / Jussi / Hans,Türi,Estonia core/west,North Estonian,viP,Other,2,2,2,jaanikann (1); jaanikuu (1),John/St John (2)
3,John / Jaan / Jussi / Hans,Türi,Estonia core/west,North Estonian,viP,jaan,1,1,1,jaan (1),Jaan/Jaani (1)
3,John / Jaan / Jussi / Hans,Uhtua,East Karelia/Veps/Tver,Karelian Proper,ka,Jussi,1,1,1,Jussi (1),Jussi (1)
3,John / Jaan / Jussi / Hans,Ulvila,Finland/Savo-Karelia,Finnish,su,Jussi,1,1,1,Jussi (1),Jussi (1)
3,John / Jaan / Jussi / Hans,Urjala,Finland/Savo-Karelia,Finnish,su,Jussi,4,4,1,Jussi (4),Jussi (4)
3,John / Jaan / Jussi / Hans,Urvaste,South Estonia/Seto,South Estonian,viE,Other,7,4,4,Juhanpoeg (3); Antsmõisa (2); kukk-Ants (1); Johannes (1),Ants (3); Juhan (3); John/St John (1)
3,John / Jaan / Jussi / Hans,Urvaste,South Estonia/Seto,South Estonian,viE,Jaan,5,4,1,Jaan (5),Jaan/Jaani (3); John/St John (2)
3,John / Jaan / Jussi / Hans,Urvaste,South Estonia/Seto,South Estonian,viE,Ants,1,1,1,Ants (1),Ants (1)
3,John / Jaan / Jussi / Hans,Urvaste,South Estonia/Seto,South Estonian,viE,Juhan,1,1,1,Juhan (1),Juhan (1)
3,John / Jaan / Jussi / Hans,Urvaste,South Estonia/Seto,South Estonian,viE,jaanike,1,1,1,jaanike (1),John/St John (1)
3,John / Jaan / Jussi / Hans,Uskela,Finland/Savo-Karelia,Finnish,su,Jussi,17,14,1,Jussi (17),Jussi (17)
3,John / Jaan / Jussi / Hans,Uskela,Finland/Savo-Karelia,Finnish,su,Other,1,1,1,Juha (1),John/St John (1)
3,John / Jaan / Jussi / Hans,Uusikaupunki,Finland/Savo-Karelia,Finnish,su,Jussi,2,2,1,Jussi (2),Jussi (2)
3,John / Jaan / Jussi / Hans,Vaivara,Estonia core/west,North Estonian,viP,Ants,3,2,1,Ants (3),Ants (3)
3,John / Jaan / Jussi / Hans,Vaivara,Estonia core/west,North Estonian,viP,Hans,2,1,1,Hans (2),Hans (2)
3,John / Jaan / Jussi / Hans,Vaivara,Estonia core/west,North Estonian,viP,Jaan,1,1,1,Jaan (1),John/St John (1)
3,John / Jaan / Jussi / Hans,Vaivara,Estonia core/west,North Estonian,viP,Juhan,1,1,1,Juhan (1),Juhan (1)
3,John / Jaan / Jussi / Hans,Valjala,Estonia core/west,North Estonian,viP,Jaan,1,1,1,Jaan (1),John/St John (1)
3,John / Jaan / Jussi / Hans,Vanaja,Finland/Savo-Karelia,Finnish,su,Jussi,1,1,1,Jussi (1),Jussi (1)
3,John / Jaan / Jussi / Hans,Varbla,Estonia core/west,North Estonian,viP,Jaan,5,3,1,Jaan (5),John/St John (3); Jaan/Jaani (2)
3,John / Jaan / Jussi / Hans,Varbla,Estonia core/west,North Estonian,viP,Other,3,3,3,jaanikuu (1); antsuke (1); jaanirohi (1),John/St John (2); Ants (1)
3,John / Jaan / Jussi / Hans,Varbla,Estonia core/west,North Estonian,viP,Ants,1,1,1,Ants (1),Ants (1)
3,John / Jaan / Jussi / Hans,Varkaus,Finland/Savo-Karelia,Finnish,su,Jussi,5,3,1,Jussi (5),Jussi (5)
3,John / Jaan / Jussi / Hans,Vastseliina,South Estonia/Seto,South Estonian,viE,Ants,2,2,1,Ants (2),Ants (2)
3,John / Jaan / Jussi / Hans,Vastseliina,South Estonia/Seto,South Estonian,viE,Other,1,1,1,Johannes (1),John/St John (1)
3,John / Jaan / Jussi / Hans,Vehkalahti,Finland/Savo-Karelia,Finnish,su,Jussi,1,1,1,Jussi (1),Jussi (1)
3,John / Jaan / Jussi / Hans,Vehmaa,Finland/Savo-Karelia,Finnish,su,Jussi,1,1,1,Jussi (1),Jussi (1)
3,John / Jaan / Jussi / Hans,Venjoki,Ingria,Finnish,su,Jussi,4,1,1,Jussi (4),Jussi (4)
3,John / Jaan / Jussi / Hans,Vesanto,Finland/Savo-Karelia,Finnish,su,Jussi,1,1,1,Jussi (1),Jussi (1)
3,John / Jaan / Jussi / Hans,Vesilahti,Finland/Savo-Karelia,Finnish,su,Jussi,2,2,1,Jussi (2),Jussi (2)
3,John / Jaan / Jussi / Hans,Veteli,Finland/Savo-Karelia,Finnish,su,Jussi,1,1,1,Jussi (1),Jussi (1)
3,John / Jaan / Jussi / Hans,Vigala,Estonia core/west,North Estonian,viP,Jaan,13,8,1,Jaan (13),Jaan/Jaani (11); John/St John (2)
3,John / Jaan / Jussi / Hans,Vigala,Estonia core/west,North Estonian,viP,Hans,4,3,1,Hans (4),Hans (4)
3,John / Jaan / Jussi / Hans,Vigala,Estonia core/west,North Estonian,viP,Ants,2,2,1,Ants (2),Ants (2)
3,John / Jaan / Jussi / Hans,Vigala,Estonia core/west,North Estonian,viP,Other,2,2,2,Hants (1); Karjajaani (1),Hans (1); John/St John (1)
3,John / Jaan / Jussi / Hans,Vihti,Finland/Savo-Karelia,Finnish,su,Other,2,1,2,Jussin kukko (1); Jussin (1),Jussi (2)
3,John / Jaan / Jussi / Hans,Vihti,Finland/Savo-Karelia,Finnish,su,Jussi,1,1,1,Jussi (1),Jussi (1)
3,John / Jaan / Jussi / Hans,Viipuri,Finland/Savo-Karelia,Finnish,su,Jussi,1,1,1,Jussi (1),Jussi (1)
3,John / Jaan / Jussi / Hans,Viljandi,Estonia core/west,North Estonian,viP,Hans,18,11,1,Hans (18),Hans (18)
3,John / Jaan / Jussi / Hans,Viljandi,Estonia core/west,North Estonian,viP,Jaan,15,11,1,Jaan (15),Jaan/Jaani (10); John/St John (5)
3,John / Jaan / Jussi / Hans,Viljandi,Estonia core/west,North Estonian,viP,Ants,11,5,1,Ants (11),Ants (11)
3,John / Jaan / Jussi / Hans,Viljandi,Estonia core/west,North Estonian,viP,Other,11,11,9,Jaanikene (2); jaanikene (2); Hansu+kene (1); hantsukene (1); hants (1); jaanililled (1); hansu+ke (1); hans (1),Hans (5); John/St John (3); Jaan/Jaani (2); Ants (1)
3,John / Jaan / Jussi / Hans,Viljandi,Estonia core/west,North Estonian,viP,jaanike,3,3,1,jaanike (3),John/St John (3)
3,John / Jaan / Jussi / Hans,Viljandi,Estonia core/west,North Estonian,viP,Juhan,2,2,1,Juhan (2),Juhan (2)
3,John / Jaan / Jussi / Hans,Viljandi,Estonia core/west,North Estonian,viP,Jussi,2,2,1,Jussi (2),Jussi (2)
3,John / Jaan / Jussi / Hans,Viljandi,Estonia core/west,North Estonian,viP,Jaani,1,1,1,Jaani (1),Jaan/Jaani (1)
3,John / Jaan / Jussi / Hans,Virtasalmi,Finland/Savo-Karelia,Finnish,su,Jussi,2,2,1,Jussi (2),Jussi (2)
3,John / Jaan / Jussi / Hans,Viru-Jaagupi,Estonia core/west,North Estonian,viP,Jaan,2,2,1,Jaan (2),Jaan/Jaani (1); John/St John (1)
3,John / Jaan / Jussi / Hans,Viru-Jaagupi,Estonia core/west,North Estonian,viP,Other,2,2,2,Aru-Jaani (1); Talli-Jaan (1),Jaan/Jaani (2)
3,John / Jaan / Jussi / Hans,Viru-Jaagupi,Estonia core/west,North Estonian,viP,Ants,1,1,1,Ants (1),Ants (1)
3,John / Jaan / Jussi / Hans,Viru-Jaagupi,Estonia core/west,North Estonian,viP,Hans,1,1,1,Hans (1),Hans (1)
3,John / Jaan / Jussi / Hans,Viru-Jaagupi,Estonia core/west,North Estonian,viP,Jaani,1,1,1,Jaani (1),Jaan/Jaani (1)
3,John / Jaan / Jussi / Hans,Viru-Nigula,Estonia core/west,North Estonian,viP,Hans,6,4,1,Hans (6),Hans (6)
3,John / Jaan / Jussi / Hans,Viru-Nigula,Estonia core/west,North Estonian,viP,Jaan,4,4,1,Jaan (4),Jaan/Jaani (3); John/St John (1)
3,John / Jaan / Jussi / Hans,Viru-Nigula,Estonia core/west,North Estonian,viP,Other,3,3,3,jaanõhtu (1); Antsu_südamed (1); Talli-Jaan (1),Jaan/Jaani (2); Ants (1)
3,John / Jaan / Jussi / Hans,Viru-Nigula,Estonia core/west,North Estonian,viP,Ants,1,1,1,Ants (1),Ants (1)
3,John / Jaan / Jussi / Hans,Vuokkiniemi,East Karelia/Veps/Tver,Karelian Proper,ka,Jussi,11,2,1,Jussi (11),Jussi (11)
3,John / Jaan / Jussi / Hans,Vuole,Ingria,Finnish,su,Jussi,4,2,1,Jussi (4),Jussi (4)
3,John / Jaan / Jussi / Hans,Vuole,Ingria,Finnish,su,Other,1,1,1,(proper) (1),Jussi (1)
3,John / Jaan / Jussi / Hans,Väike-Maarja,Estonia core/west,North Estonian,viP,Hans,9,7,1,Hans (9),Hans (9)
3,John / Jaan / Jussi / Hans,Väike-Maarja,Estonia core/west,North Estonian,viP,Jaan,7,7,1,Jaan (7),Jaan/Jaani (6); John/St John (1)
3,John / Jaan / Jussi / Hans,Väike-Maarja,Estonia core/west,North Estonian,viP,Ants,6,1,1,Ants (6),Ants (6)
3,John / Jaan / Jussi / Hans,Väike-Maarja,Estonia core/west,North Estonian,viP,Other,1,1,1,hansuke (1),Hans (1)
3,John / Jaan / Jussi / Hans,Vändra,Estonia core/west,North Estonian,viP,Hans,13,7,1,Hans (13),Hans (13)
3,John / Jaan / Jussi / Hans,Vändra,Estonia core/west,North Estonian,viP,Jaan,7,5,1,Jaan (7),Jaan/Jaani (7)
3,John / Jaan / Jussi / Hans,Vändra,Estonia core/west,North Estonian,viP,Other,4,3,2,hansuke (3); hannsuke (1),Hans (4)
3,John / Jaan / Jussi / Hans,Vändra,Estonia core/west,North Estonian,viP,Ants,1,1,1,Ants (1),Ants (1)
3,John / Jaan / Jussi / Hans,Vändra,Estonia core/west,North Estonian,viP,Juhan,1,1,1,Juhan (1),Juhan (1)
3,John / Jaan / Jussi / Hans,Võnnu,Estonia core/west,South Estonian,viE,Hans,11,5,1,Hans (11),Hans (11)
3,John / Jaan / Jussi / Hans,Võnnu,Estonia core/west,South Estonian,viE,Jaan,5,3,1,Jaan (5),Jaan/Jaani (5)
3,John / Jaan / Jussi / Hans,Võnnu,Estonia core/west,South Estonian,viE,Ants,3,3,1,Ants (3),Ants (3)
3,John / Jaan / Jussi / Hans,Võnnu,Estonia core/west,South Estonian,viE,Other,3,2,2,jaanikene (2); Moori-Jaan (1),Jaan/Jaani (3)
3,John / Jaan / Jussi / Hans,Võnnu,Estonia core/west,South Estonian,viE,Juhan,1,1,1,Juhan (1),Juhan (1)
3,John / Jaan / Jussi / Hans,Võnnu,Estonia core/west,South Estonian,viE,Jussi,1,1,1,Jussi (1),Jussi (1)
3,John / Jaan / Jussi / Hans,Ylihärmä,Finland/Savo-Karelia,Finnish,su,Jussi,1,1,1,Jussi (1),Jussi (1)
3,John / Jaan / Jussi / Hans,Ylikiiminki,Finland/Savo-Karelia,Finnish,su,Jussi,1,1,1,Jussi (1),Jussi (1)
3,John / Jaan / Jussi / Hans,Ylistaro,Finland/Savo-Karelia,Finnish,su,Jussi,2,2,1,Jussi (2),Jussi (2)
3,John / Jaan / Jussi / Hans,Yläne,Finland/Savo-Karelia,Finnish,su,Jussi,4,2,1,Jussi (4),Jussi (4)
3,John / Jaan / Jussi / Hans,Ypäjä,Finland/Savo-Karelia,Finnish,su,Jussi,1,1,1,Jussi (1),Jussi (1)
3,John / Jaan / Jussi / Hans,Ähtäri,Finland/Savo-Karelia,Finnish,su,Other,1,1,1,kota-Jussi (1),Jussi (1)
3,John / Jaan / Jussi / Hans,Äksi,Estonia core/west,North Estonian,viP,Juhan,4,3,1,Juhan (4),Juhan (4)
3,John / Jaan / Jussi / Hans,Äksi,Estonia core/west,North Estonian,viP,Jaan,3,3,1,Jaan (3),Jaan/Jaani (2); John/St John (1)
3,John / Jaan / Jussi / Hans,Äksi,Estonia core/west,North Estonian,viP,Ants,2,2,1,Ants (2),Ants (2)
3,John / Jaan / Jussi / Hans,Äksi,Estonia core/west,North Estonian,viP,Hans,1,1,1,Hans (1),Hans (1)
3,John / Jaan / Jussi / Hans,Äksi,Estonia core/west,North Estonian,viP,Other,1,1,1,Antsuke (1),Ants (1)
3,John / Jaan / Jussi / Hans,Äksi,Estonia core/west,North Estonian,viP,jaanike,1,1,1,jaanike (1),John/St John (1)
3,John / Jaan / Jussi / Hans,Östmark,Finland/Savo-Karelia,Finnish,su,Other,1,1,1,Juho (1),John/St John (1)
4,Catherine / Kadri / Katri,Alatornio,Finland/Savo-Karelia,Finnish,su,Kaisa,1,1,1,Kaisa (1),Kaisa/Kaie (1)
4,Catherine / Kadri / Katri,Ambla,Estonia core/west,North Estonian,viP,Kadri,32,6,1,Kadri (32),Kadri (32)
4,Catherine / Kadri / Katri,Ambla,Estonia core/west,North Estonian,viP,Other,10,5,9,Kadrile (2); Kadri sõnad (1); kadrisandid (1); kudriskadris (1); kadrike (1); Kadril (1); Kai (1); Kadrike (1),Kadri (8); Catherine/Katherine (1); Kaisa/Kaie (1)
4,Catherine / Kadri / Katri,Ambla,Estonia core/west,North Estonian,viP,Kaie,6,5,1,Kaie (6),Kaisa/Kaie (6)
4,Catherine / Kadri / Katri,Asikkala,Finland/Savo-Karelia,Finnish,su,Kaisa,2,2,1,Kaisa (2),Kaisa/Kaie (2)
4,Catherine / Kadri / Katri,Audru,Estonia core/west,North Estonian,viP,Kadri,34,7,1,Kadri (34),Kadri (31); Catherine/Katherine (3)
4,Catherine / Kadri / Katri,Audru,Estonia core/west,North Estonian,viP,Other,8,2,2,kadrike (7); kadrisandid (1),Kadri (8)
4,Catherine / Kadri / Katri,Audru,Estonia core/west,North Estonian,viP,Kaie,4,2,1,Kaie (4),Kaisa/Kaie (4)
4,Catherine / Kadri / Katri,Audru,Estonia core/west,North Estonian,viP,kadri,4,1,1,kadri (4),Kadri (4)
4,Catherine / Kadri / Katri,Brandval,Finland/Savo-Karelia,Finnish,su,Kati,1,1,1,Kati (1),Kati (1)
4,Catherine / Kadri / Katri,Emmaste,Estonia core/west,North Estonian,viP,Kati,1,1,1,Kati (1),Kati (1)
4,Catherine / Kadri / Katri,Eno,Finland/Savo-Karelia,Finnish,su,Kaisa,1,1,1,Kaisa (1),Kaisa/Kaie (1)
4,Catherine / Kadri / Katri,Haljala,Estonia core/west,North Estonian,viP,Kadri,19,6,1,Kadri (19),Kadri (19)
4,Catherine / Kadri / Katri,Haljala,Estonia core/west,North Estonian,viP,Kaie,15,9,1,Kaie (15),Kaisa/Kaie (15)
4,Catherine / Kadri / Katri,Haljala,Estonia core/west,North Estonian,viP,Katri,15,3,1,Katri (15),Katri/Katrina (15)
4,Catherine / Kadri / Katri,Haljala,Estonia core/west,North Estonian,viP,Other,8,7,4,Kai (4); Kadrina (2); kadrisandid (1); kaja/kai (1),Kaisa/Kaie (5); Kadri (3)
4,Catherine / Kadri / Katri,Halliste,Estonia core/west,South Estonian,viE,Kadri,35,15,1,Kadri (35),Kadri (35)
4,Catherine / Kadri / Katri,Halliste,Estonia core/west,South Estonian,viE,kadri,4,2,1,kadri (4),Kadri (4)
4,Catherine / Kadri / Katri,Halliste,Estonia core/west,South Estonian,viE,Other,3,3,3,kai (1); Kadrikari (1); kaiekene (1),Kaisa/Kaie (2); Kadri (1)
4,Catherine / Kadri / Katri,Halliste,Estonia core/west,South Estonian,viE,Kaie,2,1,1,Kaie (2),Kaisa/Kaie (2)
4,Catherine / Kadri / Katri,Halsua,Finland/Savo-Karelia,Finnish,su,Kaisa,1,1,1,Kaisa (1),Kaisa/Kaie (1)
4,Catherine / Kadri / Katri,Hanila,Estonia core/west,North Estonian,viP,Kadri,10,1,1,Kadri (10),Kadri (10)
4,Catherine / Kadri / Katri,Hanila,Estonia core/west,North Estonian,viP,Kaie,1,1,1,Kaie (1),Kaisa/Kaie (1)
4,Catherine / Kadri / Katri,Hargla,South Estonia/Seto,South Estonian,viE,Katri,1,1,1,Katri (1),Katri/Katrina (1)
4,Catherine / Kadri / Katri,Harju-Jaani,Estonia core/west,North Estonian,viP,Kadri,13,2,1,Kadri (13),Kadri (13)
4,Catherine / Kadri / Katri,Harju-Jaani,Estonia core/west,North Estonian,viP,Other,2,1,1,kadrike (2),Kadri (2)
4,Catherine / Kadri / Katri,Harju-Jaani,Estonia core/west,North Estonian,viP,Kaie,1,1,1,Kaie (1),Kaisa/Kaie (1)
4,Catherine / Kadri / Katri,Harju-Madise,Estonia core/west,North Estonian,viP,Kadri,5,1,1,Kadri (5),Kadri (5)
4,Catherine / Kadri / Katri,Hartola,Finland/Savo-Karelia,Finnish,su,Other,2,2,1,Katariina (2),Catherine/Katherine (2)
4,Catherine / Kadri / Katri,Heinävesi,Finland/Savo-Karelia,Finnish,su,Kaisa,1,1,1,Kaisa (1),Kaisa/Kaie (1)
4,Catherine / Kadri / Katri,Helme,Estonia core/west,South Estonian,viE,Kadri,61,10,1,Kadri (61),Kadri (61)
4,Catherine / Kadri / Katri,Helme,Estonia core/west,South Estonian,viE,Other,5,4,4,Kai (2); Kadrisaadik (1); Kadril (1); kaie+ke (1),Kaisa/Kaie (3); Kadri (2)
4,Catherine / Kadri / Katri,Helme,Estonia core/west,South Estonian,viE,Kaie,3,3,1,Kaie (3),Kaisa/Kaie (3)
4,Catherine / Kadri / Katri,Helsinki,Finland/Savo-Karelia,Finnish,su,Kaisa,1,1,1,Kaisa (1),Kaisa/Kaie (1)
4,Catherine / Kadri / Katri,Hietamäki,Ingria,Finnish,su,Katri,10,3,1,Katri (10),Katri/Katrina (10)
4,Catherine / Kadri / Katri,Hietamäki,Ingria,Finnish,su,Other,2,2,2,Katriina (1); Katri & sisar (1),Katri/Katrina (2)
4,Catherine / Kadri / Katri,Hirvensalmi,Finland/Savo-Karelia,Finnish,su,Kaisa,1,1,1,Kaisa (1),Kaisa/Kaie (1)
4,Catherine / Kadri / Katri,Hirvensalmi,Finland/Savo-Karelia,Finnish,su,Katri,1,1,1,Katri (1),Katri/Katrina (1)
4,Catherine / Kadri / Katri,Hollola,Finland/Savo-Karelia,Finnish,su,Kaisa,1,1,1,Kaisa (1),Kaisa/Kaie (1)
4,Catherine / Kadri / Katri,Hämeenlinna,Finland/Savo-Karelia,Finnish,su,Kaisa,1,1,1,Kaisa (1),Kaisa/Kaie (1)
4,Catherine / Kadri / Katri,Häädemeeste,Estonia core/west,North Estonian,viP,kadri,13,1,1,kadri (13),Kadri (13)
4,Catherine / Kadri / Katri,Häädemeeste,Estonia core/west,North Estonian,viP,Kadri,8,3,1,Kadri (8),Kadri (8)
4,Catherine / Kadri / Katri,Häädemeeste,Estonia core/west,North Estonian,viP,Kaie,1,1,1,Kaie (1),Kaisa/Kaie (1)
4,Catherine / Kadri / Katri,Häädemeeste,Estonia core/west,North Estonian,viP,Other,1,1,1,kadrilaps (1),Kadri (1)
4,Catherine / Kadri / Katri,Iisaku,Estonia core/west,North Estonian,viP,Kaie,2,2,1,Kaie (2),Kaisa/Kaie (2)
4,Catherine / Kadri / Katri,Iisaku,Estonia core/west,North Estonian,viP,Other,1,1,1,Kadrina (1),Kadri (1)
4,Catherine / Kadri / Katri,Ilomantsi,Finland/Savo-Karelia,Finnish,su,Kaisa,12,6,1,Kaisa (12),Kaisa/Kaie (12)
4,Catherine / Kadri / Katri,Impilahti,East Karelia/Veps/Tver,Livvi-Karelian,ka,Other,3,2,2,Kadrina (2); Katariina (1),Kadri (2); Catherine/Katherine (1)
4,Catherine / Kadri / Katri,Impilahti,East Karelia/Veps/Tver,Livvi-Karelian,ka,Kaisa,2,2,1,Kaisa (2),Kaisa/Kaie (2)
4,Catherine / Kadri / Katri,Jaakkima,Finland/Savo-Karelia,Finnish,su,Katri,2,1,1,Katri (2),Catherine/Katherine (2)
4,Catherine / Kadri / Katri,Joroinen,Finland/Savo-Karelia,Finnish,su,Kaisa,1,1,1,Kaisa (1),Kaisa/Kaie (1)
4,Catherine / Kadri / Katri,Juuru,Estonia core/west,North Estonian,viP,kadri,13,1,1,kadri (13),Kadri (13)
4,Catherine / Kadri / Katri,Juuru,Estonia core/west,North Estonian,viP,Kadri,6,2,1,Kadri (6),Kadri (6)
4,Catherine / Kadri / Katri,Juuru,Estonia core/west,North Estonian,viP,Other,4,1,2,kadrike (3); kadril (1),Kadri (4)
4,Catherine / Kadri / Katri,Juva,Finland/Savo-Karelia,Finnish,su,Kaisa,6,6,1,Kaisa (6),Kaisa/Kaie (6)
4,Catherine / Kadri / Katri,Juva,Finland/Savo-Karelia,Finnish,su,Other,1,1,1,Katariina (1),Catherine/Katherine (1)
4,Catherine / Kadri / Katri,Jämaja,Estonia core/west,North Estonian,viP,Kaie,3,1,1,Kaie (3),Kaisa/Kaie (3)
4,Catherine / Kadri / Katri,Jämaja,Estonia core/west,North Estonian,viP,Kadri,1,1,1,Kadri (1),Kadri (1)
4,Catherine / Kadri / Katri,Jämsä,Finland/Savo-Karelia,Finnish,su,Kaisa,1,1,1,Kaisa (1),Kaisa/Kaie (1)
4,Catherine / Kadri / Katri,Jäppilä,Finland/Savo-Karelia,Finnish,su,Kaisa,1,1,1,Kaisa (1),Kaisa/Kaie (1)
4,Catherine / Kadri / Katri,Järva-Jaani,Estonia core/west,North Estonian,viP,Kadri,6,2,1,Kadri (6),Kadri (6)
4,Catherine / Kadri / Katri,Järva-Jaani,Estonia core/west,North Estonian,viP,kadri,4,1,1,kadri (4),Kadri (4)
4,Catherine / Kadri / Katri,Järva-Jaani,Estonia core/west,North Estonian,viP,Other,3,3,3,Kadrina (1); kadrikene (1); Kadrike (1),Kadri (3)
4,Catherine / Kadri / Katri,Järva-Jaani,Estonia core/west,North Estonian,viP,Kaie,1,1,1,Kaie (1),Kaisa/Kaie (1)
4,Catherine / Kadri / Katri,Järva-Madise,Estonia core/west,North Estonian,viP,Kadri,5,3,1,Kadri (5),Kadri (5)
4,Catherine / Kadri / Katri,Järva-Madise,Estonia core/west,North Estonian,viP,Other,2,2,2,kaiekene (1); Kadrina (1),Kaisa/Kaie (1); Kadri (1)
4,Catherine / Kadri / Katri,Järva-Madise,Estonia core/west,North Estonian,viP,kadri,1,1,1,kadri (1),Kadri (1)
4,Catherine / Kadri / Katri,Jääski,Finland/Savo-Karelia,Finnish,su,Kaisa,2,1,1,Kaisa (2),Kaisa/Kaie (2)
4,Catherine / Kadri / Katri,Jõelähtme,Estonia core/west,North Estonian,viP,Kaie,2,2,1,Kaie (2),Kaisa/Kaie (2)
4,Catherine / Kadri / Katri,Jõhvi,Estonia core/west,North Estonian,viP,Kadri,5,5,1,Kadri (5),Kadri (5)
4,Catherine / Kadri / Katri,Jõhvi,Estonia core/west,North Estonian,viP,Kaie,4,4,1,Kaie (4),Kaisa/Kaie (4)
4,Catherine / Kadri / Katri,Jõhvi,Estonia core/west,North Estonian,viP,Other,1,1,1,kadrike (1),Kadri (1)
4,Catherine / Kadri / Katri,Jüri,Estonia core/west,North Estonian,viP,Kaie,5,3,1,Kaie (5),Kaisa/Kaie (5)
4,Catherine / Kadri / Katri,Jüri,Estonia core/west,North Estonian,viP,Kadri,4,2,1,Kadri (4),Kadri (4)
4,Catherine / Kadri / Katri,Jüri,Estonia core/west,North Estonian,viP,Other,1,1,1,Kai (1),Kaisa/Kaie (1)
4,Catherine / Kadri / Katri,Kaavi,Finland/Savo-Karelia,Finnish,su,Other,1,1,1,kappa-Kaisa (1),Kaisa/Kaie (1)
4,Catherine / Kadri / Katri,Kadrina,Estonia core/west,North Estonian,viP,Other,15,9,5,Kai (9); Kadrina (3); Kadrisant (1); kadrisandid (1); kadrike (1),Kaisa/Kaie (9); Kadri (6)
4,Catherine / Kadri / Katri,Kadrina,Estonia core/west,North Estonian,viP,Kadri,10,4,1,Kadri (10),Kadri (10)
4,Catherine / Kadri / Katri,Kadrina,Estonia core/west,North Estonian,viP,Kaie,10,7,1,Kaie (10),Kaisa/Kaie (10)
4,Catherine / Kadri / Katri,Kajaani,Finland/Savo-Karelia,Finnish,su,Kaisa,1,1,1,Kaisa (1),Kaisa/Kaie (1)
4,Catherine / Kadri / Katri,Kajaani,Finland/Savo-Karelia,Finnish,su,Other,1,1,1,Kaisa+pa (1),Kaisa/Kaie (1)
4,Catherine / Kadri / Katri,Kalajoki,Finland/Savo-Karelia,Finnish,su,Other,20,2,1,kaisa (20),Kaisa/Kaie (20)
4,Catherine / Kadri / Katri,Kalajoki,Finland/Savo-Karelia,Finnish,su,Kaisa,1,1,1,Kaisa (1),Kaisa/Kaie (1)
4,Catherine / Kadri / Katri,Kambja,Estonia core/west,South Estonian,viE,Kadri,1,1,1,Kadri (1),Kadri (1)
4,Catherine / Kadri / Katri,Kambja,Estonia core/west,South Estonian,viE,Other,1,1,1,Kai (1),Kaisa/Kaie (1)
4,Catherine / Kadri / Katri,Kanepi,South Estonia/Seto,South Estonian,viE,Other,3,1,1,kadrisand (3),Kadri (3)
4,Catherine / Kadri / Katri,Kanepi,South Estonia/Seto,South Estonian,viE,kadri,3,1,1,kadri (3),Kadri (3)
4,Catherine / Kadri / Katri,Kanepi,South Estonia/Seto,South Estonian,viE,Kadri,2,1,1,Kadri (2),Kadri (2)
4,Catherine / Kadri / Katri,Kanepi,South Estonia/Seto,South Estonian,viE,Kaie,1,1,1,Kaie (1),Kaisa/Kaie (1)
4,Catherine / Kadri / Katri,Kangasniemi,Finland/Savo-Karelia,Finnish,su,Katri,2,1,1,Katri (2),Katri/Katrina (2)
4,Catherine / Kadri / Katri,Kangasniemi,Finland/Savo-Karelia,Finnish,su,Other,2,2,2,Kuppula-Kaisa (1); Katrina (1),Kaisa/Kaie (1); Katri/Katrina (1)
4,Catherine / Kadri / Katri,Kangasniemi,Finland/Savo-Karelia,Finnish,su,Kaisa,1,1,1,Kaisa (1),Kaisa/Kaie (1)
4,Catherine / Kadri / Katri,Kanneljärvi,Finland/Savo-Karelia,Finnish,su,Katri,1,1,1,Katri (1),Katri/Katrina (1)
4,Catherine / Kadri / Katri,Kaprio,Ingria,Finnish,su,Other,5,3,2,Katrina (4); katrina (1),Katri/Katrina (5)
4,Catherine / Kadri / Katri,Kaprio,Ingria,Finnish,su,Katri,1,1,1,Katri (1),Katri/Katrina (1)
4,Catherine / Kadri / Katri,Karksi,Estonia core/west,South Estonian,viE,Kadri,40,5,1,Kadri (40),Kadri (40)
4,Catherine / Kadri / Katri,Karksi,Estonia core/west,South Estonian,viE,Other,13,6,4,varduga Kaie (6); kai (3); kaiekene (3); Kadri&kene (1),Kaisa/Kaie (12); Kadri (1)
4,Catherine / Kadri / Katri,Karksi,Estonia core/west,South Estonian,viE,Kaie,5,3,1,Kaie (5),Kaisa/Kaie (5)
4,Catherine / Kadri / Katri,Karula,South Estonia/Seto,South Estonian,viE,kadrina,44,1,1,kadrina (44),Kadri (44)
4,Catherine / Kadri / Katri,Karula,South Estonia/Seto,South Estonian,viE,Kadri,18,5,1,Kadri (18),Kadri (18)
4,Catherine / Kadri / Katri,Karula,South Estonia/Seto,South Estonian,viE,Katri,13,2,1,Katri (13),Katri/Katrina (13)
4,Catherine / Kadri / Katri,Karuse,Estonia core/west,North Estonian,viP,Kadri,30,6,1,Kadri (30),Kadri (30)
4,Catherine / Kadri / Katri,Karuse,Estonia core/west,North Estonian,viP,Kaie,4,3,1,Kaie (4),Kaisa/Kaie (4)
4,Catherine / Kadri / Katri,Kauhava,Finland/Savo-Karelia,Finnish,su,Other,2,2,2,Kaisa-kin (1); Kaisa-Liisa (1),Kaisa/Kaie (2)
4,Catherine / Kadri / Katri,Kaukola,Finland/Savo-Karelia,Finnish,su,Kaisa,2,2,1,Kaisa (2),Kaisa/Kaie (2)
4,Catherine / Kadri / Katri,Keila,Estonia core/west,North Estonian,viP,Kadri,1,1,1,Kadri (1),Kadri (1)
4,Catherine / Kadri / Katri,Keltto,Ingria,Finnish,su,Other,3,3,2,Katrina (2); Katariina (1),Katri/Katrina (3)
4,Catherine / Kadri / Katri,Keltto,Ingria,Finnish,su,Katri,2,1,1,Katri (2),Katri/Katrina (2)
4,Catherine / Kadri / Katri,Kemijärvi,Finland/Savo-Karelia,Finnish,su,Kaisa,2,2,1,Kaisa (2),Kaisa/Kaie (2)
4,Catherine / Kadri / Katri,Kemijärvi,Finland/Savo-Karelia,Finnish,su,Other,1,1,1,Laurin Kaisa (1),Kaisa/Kaie (1)
4,Catherine / Kadri / Katri,Kerimäki,Finland/Savo-Karelia,Finnish,su,Kaisa,1,1,1,Kaisa (1),Kaisa/Kaie (1)
4,Catherine / Kadri / Katri,Kihnu,Estonia core/west,North Estonian,viP,Kaie,3,3,1,Kaie (3),Kaisa/Kaie (3)
4,Catherine / Kadri / Katri,Kihnu,Estonia core/west,North Estonian,viP,Other,1,1,1,Kai (1),Kaisa/Kaie (1)
4,Catherine / Kadri / Katri,Kiihtelysvaara,Finland/Savo-Karelia,Finnish,su,Other,1,1,1,Katriina (1),Catherine/Katherine (1)
4,Catherine / Kadri / Katri,Kitee,Finland/Savo-Karelia,Finnish,su,Kaisa,1,1,1,Kaisa (1),Kaisa/Kaie (1)
4,Catherine / Kadri / Katri,Kiuruvesi,Finland/Savo-Karelia,Finnish,su,Kaisa,1,1,1,Kaisa (1),Kaisa/Kaie (1)
4,Catherine / Kadri / Katri,Kiuruvesi,Finland/Savo-Karelia,Finnish,su,Other,1,1,1,Kaisan (1),Kaisa/Kaie (1)
4,Catherine / Kadri / Katri,Kivennapa,Finland/Savo-Karelia,Finnish,su,Kaisa,1,1,1,Kaisa (1),Kaisa/Kaie (1)
4,Catherine / Kadri / Katri,Kivennapa,Finland/Savo-Karelia,Finnish,su,Other,1,1,1,Katriina (1),Catherine/Katherine (1)
4,Catherine / Kadri / Katri,Kivijärvi,Finland/Savo-Karelia,Finnish,su,Other,1,1,1,Katriina (1),Catherine/Katherine (1)
4,Catherine / Kadri / Katri,Kodavere,Estonia core/west,North Estonian,viP,Other,9,5,5,Kadrike (3); Kai (3); Kadrisand (1); Kadril (1); kaie (1),Kadri (5); Kaisa/Kaie (4)
4,Catherine / Kadri / Katri,Kodavere,Estonia core/west,North Estonian,viP,Kadri,6,3,1,Kadri (6),Kadri (6)
4,Catherine / Kadri / Katri,Kodavere,Estonia core/west,North Estonian,viP,Kaie,3,2,1,Kaie (3),Kaisa/Kaie (3)
4,Catherine / Kadri / Katri,Koeru,Estonia core/west,North Estonian,viP,Kadri,6,2,1,Kadri (6),Kadri (6)
4,Catherine / Kadri / Katri,Koeru,Estonia core/west,North Estonian,viP,Kaie,4,3,1,Kaie (4),Kaisa/Kaie (4)
4,Catherine / Kadri / Katri,Koeru,Estonia core/west,North Estonian,viP,Other,1,1,1,kadrisant (1),Kadri (1)
4,Catherine / Kadri / Katri,Koivisto,Finland/Savo-Karelia,Finnish,su,Katri,5,1,1,Katri (5),Katri/Katrina (5)
4,Catherine / Kadri / Katri,Kokemäki,Finland/Savo-Karelia,Finnish,su,Kaisa,1,1,1,Kaisa (1),Kaisa/Kaie (1)
4,Catherine / Kadri / Katri,Kokemäki,Finland/Savo-Karelia,Finnish,su,Katri,1,1,1,Katri (1),Katri/Katrina (1)
4,Catherine / Kadri / Katri,Kolga-Jaani,Estonia core/west,North Estonian,viP,Kaie,6,5,1,Kaie (6),Kaisa/Kaie (6)
4,Catherine / Kadri / Katri,Kolga-Jaani,Estonia core/west,North Estonian,viP,Other,2,2,2,Kaie+kene (1); Kai (1),Kaisa/Kaie (2)
4,Catherine / Kadri / Katri,Kontiolahti,Finland/Savo-Karelia,Finnish,su,Kaisa,1,1,1,Kaisa (1),Kaisa/Kaie (1)
4,Catherine / Kadri / Katri,Kontiolahti,Finland/Savo-Karelia,Finnish,su,Other,1,1,1,Katariina (1),Catherine/Katherine (1)
4,Catherine / Kadri / Katri,Koprina,Ingria,Finnish,su,Katri,10,4,1,Katri (10),Katri/Katrina (10)
4,Catherine / Kadri / Katri,Koprina,Ingria,Finnish,su,Kati,3,3,1,Kati (3),Kati (3)
4,Catherine / Kadri / Katri,Koprina,Ingria,Finnish,su,Other,1,1,1,Katriina (1),Katri/Katrina (1)
4,Catherine / Kadri / Katri,Korpiselkä,East Karelia/Veps/Tver,Karelian Proper,ka,Other,1,1,1,Katrina (1),Katri/Katrina (1)
4,Catherine / Kadri / Katri,Kose,Estonia core/west,North Estonian,viP,Kadri,14,2,1,Kadri (14),Kadri (14)
4,Catherine / Kadri / Katri,Kose,Estonia core/west,North Estonian,viP,kadri,13,1,1,kadri (13),Kadri (13)
4,Catherine / Kadri / Katri,Kose,Estonia core/west,North Estonian,viP,Kaie,9,6,1,Kaie (9),Kaisa/Kaie (9)
4,Catherine / Kadri / Katri,Kose,Estonia core/west,North Estonian,viP,Other,4,1,2,kadrike (3); kadril (1),Kadri (4)
4,Catherine / Kadri / Katri,Kuhmo,Finland/Savo-Karelia,Finnish,su,Katri,2,1,1,Katri (2),Katri/Katrina (2)
4,Catherine / Kadri / Katri,Kuhmo,Finland/Savo-Karelia,Finnish,su,Kaisa,1,1,1,Kaisa (1),Kaisa/Kaie (1)
4,Catherine / Kadri / Katri,Kullamaa,Estonia core/west,North Estonian,viP,Kadri,8,2,1,Kadri (8),Kadri (8)
4,Catherine / Kadri / Katri,Kullamaa,Estonia core/west,North Estonian,viP,kadri,5,1,1,kadri (5),Kadri (5)
4,Catherine / Kadri / Katri,Kuopio,Finland/Savo-Karelia,Finnish,su,Kaisa,1,1,1,Kaisa (1),Kaisa/Kaie (1)
4,Catherine / Kadri / Katri,Kuorevesi,Finland/Savo-Karelia,Finnish,su,Kaisa,1,1,1,Kaisa (1),Kaisa/Kaie (1)
4,Catherine / Kadri / Katri,Kupanitsa,Ingria,Finnish,su,Kati,14,1,1,Kati (14),Kati (14)
4,Catherine / Kadri / Katri,Kupanitsa,Ingria,Finnish,su,Other,3,1,1,Katrina (3),Katri/Katrina (3)
4,Catherine / Kadri / Katri,Kupanitsa,Ingria,Finnish,su,Katri,1,1,1,Katri (1),Katri/Katrina (1)
4,Catherine / Kadri / Katri,Kurikka,Finland/Savo-Karelia,Finnish,su,Kaisa,1,1,1,Kaisa (1),Kaisa/Kaie (1)
4,Catherine / Kadri / Katri,Kursi,Estonia core/west,North Estonian,viP,Kaie,2,2,1,Kaie (2),Kaisa/Kaie (2)
4,Catherine / Kadri / Katri,Kuusalu,Estonia core/west,North Estonian,viP,Kadri,11,4,1,Kadri (11),Kadri (11)
4,Catherine / Kadri / Katri,Kuusalu,Estonia core/west,North Estonian,viP,Other,9,6,5,Kai (4); Kadril (2); kadrikene (1); kadrike (1); Katrina (1),Kadri (4); Kaisa/Kaie (4); Katri/Katrina (1)
4,Catherine / Kadri / Katri,Kuusalu,Estonia core/west,North Estonian,viP,Kaie,4,3,1,Kaie (4),Kaisa/Kaie (4)
4,Catherine / Kadri / Katri,Kymi,Finland/Savo-Karelia,Finnish,su,Kaisa,1,1,1,Kaisa (1),Kaisa/Kaie (1)
4,Catherine / Kadri / Katri,Käina,Estonia core/west,North Estonian,viP,Kadri,1,1,1,Kadri (1),Kadri (1)
4,Catherine / Kadri / Katri,Kõpu,Estonia core/west,North Estonian,viP,Kadri,15,4,1,Kadri (15),Kadri (15)
4,Catherine / Kadri / Katri,Kõpu,Estonia core/west,North Estonian,viP,Kaie,2,1,1,Kaie (2),Kaisa/Kaie (2)
4,Catherine / Kadri / Katri,Kõpu,Estonia core/west,North Estonian,viP,Other,1,1,1,kadrisandid (1),Kadri (1)
4,Catherine / Kadri / Katri,Laihia,Finland/Savo-Karelia,Finnish,su,Kaisa,1,1,1,Kaisa (1),Kaisa/Kaie (1)
4,Catherine / Kadri / Katri,Laiuse,Estonia core/west,North Estonian,viP,Kadri,17,2,1,Kadri (17),Katri/Katrina (10); Kadri (7)
4,Catherine / Kadri / Katri,Laiuse,Estonia core/west,North Estonian,viP,Kaie,3,2,1,Kaie (3),Kaisa/Kaie (3)
4,Catherine / Kadri / Katri,Laiuse,Estonia core/west,North Estonian,viP,Other,2,2,2,Kadrisandid (1); kõrtsikadri (1),Kadri (2)
4,Catherine / Kadri / Katri,Lappee,Finland/Savo-Karelia,Finnish,su,Kaisa,2,2,1,Kaisa (2),Kaisa/Kaie (2)
4,Catherine / Kadri / Katri,Lavansaari,Finland/Savo-Karelia,Finnish,su,Kaisa,1,1,1,Kaisa (1),Kaisa/Kaie (1)
4,Catherine / Kadri / Katri,Lavansaari,Finland/Savo-Karelia,Finnish,su,Katri,1,1,1,Katri (1),Katri/Katrina (1)
4,Catherine / Kadri / Katri,Lemi,Finland/Savo-Karelia,Finnish,su,Kaisa,5,4,1,Kaisa (5),Kaisa/Kaie (5)
4,Catherine / Kadri / Katri,Lemi,Finland/Savo-Karelia,Finnish,su,Other,1,1,1,Katariina (1),Catherine/Katherine (1)
4,Catherine / Kadri / Katri,Lempaala,Finland/Savo-Karelia,Finnish,su,Other,5,5,4,Katrina (2); Katariina (1); Katrinen (1); Katriina (1),Katri/Katrina (3); Catherine/Katherine (2)
4,Catherine / Kadri / Katri,Lempaala,Finland/Savo-Karelia,Finnish,su,Kaisa,2,2,1,Kaisa (2),Kaisa/Kaie (2)
4,Catherine / Kadri / Katri,Liissilä,Ingria,Finnish,su,Katri,1,1,1,Katri (1),Katri/Katrina (1)
4,Catherine / Kadri / Katri,Loppi,Finland/Savo-Karelia,Finnish,su,Kaisa,2,2,1,Kaisa (2),Kaisa/Kaie (2)
4,Catherine / Kadri / Katri,Luumäki,Finland/Savo-Karelia,Finnish,su,Katri,1,1,1,Katri (1),Katri/Katrina (1)
4,Catherine / Kadri / Katri,Lääne-Nigula,Estonia core/west,North Estonian,viP,Kadri,1,1,1,Kadri (1),Kadri (1)
4,Catherine / Kadri / Katri,Lääne-Nigula,Estonia core/west,North Estonian,viP,Other,1,1,1,kadrike (1),Kadri (1)
4,Catherine / Kadri / Katri,Lüganuse,Estonia core/west,North Estonian,viP,Kaie,3,2,1,Kaie (3),Kaisa/Kaie (3)
4,Catherine / Kadri / Katri,Maaninka,Finland/Savo-Karelia,Finnish,su,Katri,1,1,1,Katri (1),Katri/Katrina (1)
4,Catherine / Kadri / Katri,Maarja-Magdaleena,Estonia core/west,North Estonian,viP,Kaie,5,4,1,Kaie (5),Kaisa/Kaie (5)
4,Catherine / Kadri / Katri,Maarja-Magdaleena,Estonia core/west,North Estonian,viP,Kadri,3,3,1,Kadri (3),Kadri (3)
4,Catherine / Kadri / Katri,Markkova,Ingria,Finnish,suI,Katri,1,1,1,Katri (1),Katri/Katrina (1)
4,Catherine / Kadri / Katri,Markkova,Ingria,Finnish,suI,Other,1,1,1,Katriina (1),Katri/Katrina (1)
4,Catherine / Kadri / Katri,Metsäpirtti,Finland/Savo-Karelia,Finnish,su,Other,2,1,1,Kaarina (2),Catherine/Katherine (2)
4,Catherine / Kadri / Katri,Moloskovitsa,Ingria,Finnish,su,Katri,6,4,1,Katri (6),Katri/Katrina (4); Catherine/Katherine (1); Kati (1)
4,Catherine / Kadri / Katri,Moloskovitsa,Ingria,Finnish,su,Other,3,3,3,Katariina (1); [refrain] (1); Katriina (1),Katri/Katrina (3)
4,Catherine / Kadri / Katri,Moloskovitsa,Ingria,Finnish,su,Kati,2,1,1,Kati (2),Kati (2)
4,Catherine / Kadri / Katri,Muhos,Finland/Savo-Karelia,Finnish,su,Kaisa,1,1,1,Kaisa (1),Kaisa/Kaie (1)
4,Catherine / Kadri / Katri,Muhu,Estonia core/west,North Estonian,viP,Kadri,18,8,1,Kadri (18),Kadri (18)
4,Catherine / Kadri / Katri,Mustjala,Estonia core/west,North Estonian,viP,Other,1,1,1,Kadri_päev (1),Kadri (1)
4,Catherine / Kadri / Katri,Mynämäki,Finland/Savo-Karelia,Finnish,su,Kaisa,1,1,1,Kaisa (1),Kaisa/Kaie (1)
4,Catherine / Kadri / Katri,Mäntyharju,Finland/Savo-Karelia,Finnish,su,Other,1,1,1,Katriina (1),Katri/Katrina (1)
4,Catherine / Kadri / Katri,Märjamaa,Estonia core/west,North Estonian,viP,Kadri,11,2,1,Kadri (11),Kadri (11)
4,Catherine / Kadri / Katri,Märjamaa,Estonia core/west,North Estonian,viP,kadri,6,2,1,kadri (6),Kadri (6)
4,Catherine / Kadri / Katri,Märjamaa,Estonia core/west,North Estonian,viP,Kaie,2,2,1,Kaie (2),Kaisa/Kaie (2)
4,Catherine / Kadri / Katri,Narvusi,Ingria,Ingrian,in,Kati,34,21,1,Kati (34),Kati (34)
4,Catherine / Kadri / Katri,Narvusi,Ingria,Ingrian,in,Katri,18,10,1,Katri (18),Katri/Katrina (16); Kadri (2)
4,Catherine / Kadri / Katri,Narvusi,Ingria,Ingrian,in,Kaisa,16,1,1,Kaisa (16),Kaisa/Kaie (16)
4,Catherine / Kadri / Katri,Narvusi,Ingria,Ingrian,in,Other,10,9,7,Kadrina (2); Katriina (2); Katariina (2); katinkukka (1); katri (1); (proper noun) (1); katikukka (1),Katri/Katrina (5); Kadri (2); Kati (2); Catherine/Katherine (1)
4,Catherine / Kadri / Katri,Nurmes,Finland/Savo-Karelia,Finnish,su,Other,2,2,1,Katriina (2),Catherine/Katherine (2)
4,Catherine / Kadri / Katri,Nurmes,Finland/Savo-Karelia,Finnish,su,Kaisa,1,1,1,Kaisa (1),Kaisa/Kaie (1)
4,Catherine / Kadri / Katri,Nõo,Estonia core/west,South Estonian,viE,kadri,5,1,1,kadri (5),Kadri (5)
4,Catherine / Kadri / Katri,Nõo,Estonia core/west,South Estonian,viE,Other,1,1,1,kadrisand (1),Kadri (1)
4,Catherine / Kadri / Katri,Orimattila,Finland/Savo-Karelia,Finnish,su,Kaisa,2,2,1,Kaisa (2),Kaisa/Kaie (2)
4,Catherine / Kadri / Katri,Otepää,Estonia core/west,South Estonian,viE,Kaie,1,1,1,Kaie (1),Kaisa/Kaie (1)
4,Catherine / Kadri / Katri,Oulu,Finland/Savo-Karelia,Finnish,su,Kaisa,1,1,1,Kaisa (1),Kaisa/Kaie (1)
4,Catherine / Kadri / Katri,Oulu,Finland/Savo-Karelia,Finnish,su,Other,1,1,1,Kaisa-Liisa (1),Kaisa/Kaie (1)
4,Catherine / Kadri / Katri,Oulunsalo,Finland/Savo-Karelia,Finnish,su,Other,1,1,1,Kaisastiina (1),Kaisa/Kaie (1)
4,Catherine / Kadri / Katri,Paide,Estonia core/west,North Estonian,viP,Kaie,8,3,1,Kaie (8),Kaisa/Kaie (8)
4,Catherine / Kadri / Katri,Paide,Estonia core/west,North Estonian,viP,Other,1,1,1,Kaia (1),Kaisa/Kaie (1)
4,Catherine / Kadri / Katri,Paistu,Estonia core/west,South Estonian,viE,Katri,52,2,1,Katri (52),Katri/Katrina (52)
4,Catherine / Kadri / Katri,Paistu,Estonia core/west,South Estonian,viE,Kadri,21,6,1,Kadri (21),Kadri (21)
4,Catherine / Kadri / Katri,Paistu,Estonia core/west,South Estonian,viE,kadri,11,1,1,kadri (11),Kadri (11)
4,Catherine / Kadri / Katri,Paistu,Estonia core/west,South Estonian,viE,Kaie,10,3,1,Kaie (10),Kaisa/Kaie (10)
4,Catherine / Kadri / Katri,Paistu,Estonia core/west,South Estonian,viE,Other,4,3,3,Kai (2); kadrike (1); Kadril (1),Kaisa/Kaie (2); Kadri (2)
4,Catherine / Kadri / Katri,Palamuse,Estonia core/west,North Estonian,viP,Kadri,9,6,1,Kadri (9),Kadri (9)
4,Catherine / Kadri / Katri,Palamuse,Estonia core/west,North Estonian,viP,Kaie,3,3,1,Kaie (3),Kaisa/Kaie (3)
4,Catherine / Kadri / Katri,Palamuse,Estonia core/west,North Estonian,viP,Other,1,1,1,Kadrisant (1),Kadri (1)
4,Catherine / Kadri / Katri,Parainen,Finland/Savo-Karelia,Outside selected Finnic areas,ru,Kaisa,1,1,1,Kaisa (1),Kaisa/Kaie (1)
4,Catherine / Kadri / Katri,Parikkala,Finland/Savo-Karelia,Finnish,su,Kaisa,1,1,1,Kaisa (1),Kaisa/Kaie (1)
4,Catherine / Kadri / Katri,Parikkala,Finland/Savo-Karelia,Finnish,su,Other,1,1,1,Karppi-Kaisa (1),Kaisa/Kaie (1)
4,Catherine / Kadri / Katri,Peetri,Estonia core/west,North Estonian,viP,Kadri,19,4,1,Kadri (19),Kadri (19)
4,Catherine / Kadri / Katri,Peetri,Estonia core/west,North Estonian,viP,Other,4,3,3,kadrikene (2); Kai (1); kadrisandid (1),Kadri (3); Kaisa/Kaie (1)
4,Catherine / Kadri / Katri,Peetri,Estonia core/west,North Estonian,viP,kadri,4,1,1,kadri (4),Kadri (4)
4,Catherine / Kadri / Katri,Peetri,Estonia core/west,North Estonian,viP,Kaie,2,2,1,Kaie (2),Kaisa/Kaie (2)
4,Catherine / Kadri / Katri,Perho,Finland/Savo-Karelia,Finnish,su,Kaisa,1,1,1,Kaisa (1),Kaisa/Kaie (1)
4,Catherine / Kadri / Katri,Perniö,Finland/Savo-Karelia,Finnish,su,Kaisa,1,1,1,Kaisa (1),Kaisa/Kaie (1)
4,Catherine / Kadri / Katri,Pielavesi,Finland/Savo-Karelia,Finnish,su,Kaisa,3,1,1,Kaisa (3),Kaisa/Kaie (3)
4,Catherine / Kadri / Katri,Pielisjärvi,Finland/Savo-Karelia,Finnish,su,Other,1,1,1,Katariina (1),Catherine/Katherine (1)
4,Catherine / Kadri / Katri,Pilistvere,Estonia core/west,North Estonian,viP,Kaie,3,2,1,Kaie (3),Kaisa/Kaie (3)
4,Catherine / Kadri / Katri,Pilistvere,Estonia core/west,North Estonian,viP,Other,1,1,1,Kaiel (1),Kaisa/Kaie (1)
4,Catherine / Kadri / Katri,Puhja,Estonia core/west,South Estonian,viE,Kaie,2,1,1,Kaie (2),Kaisa/Kaie (2)
4,Catherine / Kadri / Katri,Puolanka,Finland/Savo-Karelia,Finnish,su,Other,2,2,2,Katariina (1); Kaisa+pa (1),Catherine/Katherine (1); Kaisa/Kaie (1)
4,Catherine / Kadri / Katri,Puolanka,Finland/Savo-Karelia,Finnish,su,Kaisa,1,1,1,Kaisa (1),Kaisa/Kaie (1)
4,Catherine / Kadri / Katri,Pusula,Finland/Savo-Karelia,Finnish,su,Kaisa,2,1,1,Kaisa (2),Kaisa/Kaie (2)
4,Catherine / Kadri / Katri,Puumala,Finland/Savo-Karelia,Finnish,su,Other,1,1,1,Katriina (1),Catherine/Katherine (1)
4,Catherine / Kadri / Katri,Pyhäjärvi Vpl.,Finland/Savo-Karelia,Finnish,su,Katri,9,1,1,Katri (9),Katri/Katrina (9)
4,Catherine / Kadri / Katri,Pärnu,Estonia core/west,North Estonian,viP,Kadri,7,2,1,Kadri (7),Kadri (7)
4,Catherine / Kadri / Katri,Pärnu,Estonia core/west,North Estonian,viP,Kaie,2,2,1,Kaie (2),Kaisa/Kaie (2)
4,Catherine / Kadri / Katri,Pärnu-Jaagupi,Estonia core/west,North Estonian,viP,kadri,22,2,1,kadri (22),Kadri (22)
4,Catherine / Kadri / Katri,Pärnu-Jaagupi,Estonia core/west,North Estonian,viP,Kadri,16,3,1,Kadri (16),Kadri (16)
4,Catherine / Kadri / Katri,Pärnu-Jaagupi,Estonia core/west,North Estonian,viP,Other,1,1,1,Kaiekene (1),Kaisa/Kaie (1)
4,Catherine / Kadri / Katri,Põltsamaa,Estonia core/west,North Estonian,viP,Kadri,14,3,1,Kadri (14),Kadri (14)
4,Catherine / Kadri / Katri,Põltsamaa,Estonia core/west,North Estonian,viP,Kaie,8,3,1,Kaie (8),Kaisa/Kaie (8)
4,Catherine / Kadri / Katri,Põltsamaa,Estonia core/west,North Estonian,viP,Other,4,4,4,kadrikene (1); Kaiuke (1); kadrikeisa (1); kadrike (1),Kadri (3); Kaisa/Kaie (1)
4,Catherine / Kadri / Katri,Põlva,South Estonia/Seto,South Estonian,viE,Kadri,21,3,1,Kadri (21),Kadri (21)
4,Catherine / Kadri / Katri,Põlva,South Estonia/Seto,South Estonian,viE,Kaie,2,2,1,Kaie (2),Kaisa/Kaie (2)
4,Catherine / Kadri / Katri,Pöide,Estonia core/west,North Estonian,viP,kadri,3,1,1,kadri (3),Kadri (3)
4,Catherine / Kadri / Katri,Pöide,Estonia core/west,North Estonian,viP,Kaie,2,2,1,Kaie (2),Kaisa/Kaie (2)
4,Catherine / Kadri / Katri,Pöytyä,Finland/Savo-Karelia,Finnish,su,Kati,1,1,1,Kati (1),Kati (1)
4,Catherine / Kadri / Katri,Pühalepa,Estonia core/west,North Estonian,viP,Kaie,1,1,1,Kaie (1),Kaisa/Kaie (1)
4,Catherine / Kadri / Katri,Rakvere,Estonia core/west,North Estonian,viP,Other,7,3,3,kadr (5); Kadrisant (1); kadrisandid (1),Kadri (7)
4,Catherine / Kadri / Katri,Rakvere,Estonia core/west,North Estonian,viP,Kadri,5,2,1,Kadri (5),Kadri (5)
4,Catherine / Kadri / Katri,Rakvere,Estonia core/west,North Estonian,viP,kadri,5,1,1,kadri (5),Kadri (5)
4,Catherine / Kadri / Katri,Rannu,Estonia core/west,South Estonian,viE,Kadri,1,1,1,Kadri (1),Kadri (1)
4,Catherine / Kadri / Katri,Rannu,Estonia core/west,South Estonian,viE,Kaie,1,1,1,Kaie (1),Kaisa/Kaie (1)
4,Catherine / Kadri / Katri,Rapla,Estonia core/west,North Estonian,viP,Kadri,5,1,1,Kadri (5),Kadri (5)
4,Catherine / Kadri / Katri,Rapla,Estonia core/west,North Estonian,viP,Kaie,2,2,1,Kaie (2),Kaisa/Kaie (2)
4,Catherine / Kadri / Katri,Risti,Estonia core/west,North Estonian,viP,kadri,17,4,1,kadri (17),Kadri (17)
4,Catherine / Kadri / Katri,Risti,Estonia core/west,North Estonian,viP,Other,13,5,5,kadr (5); kaie (5); kadriõnn (1); Kadri sukk (1); Kai (1),Kadri (7); Kaisa/Kaie (6)
4,Catherine / Kadri / Katri,Risti,Estonia core/west,North Estonian,viP,Kadri,2,2,1,Kadri (2),Kadri (2)
4,Catherine / Kadri / Katri,Rovaniemi,Finland/Savo-Karelia,Finnish,su,Kaisa,1,1,1,Kaisa (1),Kaisa/Kaie (1)
4,Catherine / Kadri / Katri,Rovaniemi,Finland/Savo-Karelia,Finnish,su,Kati,1,1,1,Kati (1),Kati (1)
4,Catherine / Kadri / Katri,Ruotsinpyhtää,Finland/Savo-Karelia,Outside selected Finnic areas,ru,Kaisa,1,1,1,Kaisa (1),Kaisa/Kaie (1)
4,Catherine / Kadri / Katri,Ruovesi,Finland/Savo-Karelia,Finnish,su,Kaisa,1,1,1,Kaisa (1),Kaisa/Kaie (1)
4,Catherine / Kadri / Katri,Räpina,South Estonia/Seto,South Estonian,viE,kadrik,47,1,1,kadrik (47),Kadri (47)
4,Catherine / Kadri / Katri,Räpina,South Estonia/Seto,South Estonian,viE,Kadri,27,5,1,Kadri (27),Kadri (27)
4,Catherine / Kadri / Katri,Räpina,South Estonia/Seto,South Estonian,viE,Kaie,3,3,1,Kaie (3),Kaisa/Kaie (3)
4,Catherine / Kadri / Katri,Räpina,South Estonia/Seto,South Estonian,viE,Other,1,1,1,kadrisaadik (1),Kadri (1)
4,Catherine / Kadri / Katri,Rääkkylä,Finland/Savo-Karelia,Finnish,su,Kaisa,3,2,1,Kaisa (3),Kaisa/Kaie (3)
4,Catherine / Kadri / Katri,Rääpyvä,Ingria,Finnish,su,Katri,4,1,1,Katri (4),Katri/Katrina (3); Kati (1)
4,Catherine / Kadri / Katri,Rääpyvä,Ingria,Finnish,su,Other,1,1,1,Katariina (1),Katri/Katrina (1)
4,Catherine / Kadri / Katri,Rõngu,Estonia core/west,South Estonian,viE,Kadri,4,3,1,Kadri (4),Kadri (3); Catherine/Katherine (1)
4,Catherine / Kadri / Katri,Rõngu,Estonia core/west,South Estonian,viE,kadri,1,1,1,kadri (1),Kadri (1)
4,Catherine / Kadri / Katri,Rõuge,South Estonia/Seto,South Estonian,viE,Kadri,5,1,1,Kadri (5),Kadri (5)
4,Catherine / Kadri / Katri,Rõuge,South Estonia/Seto,South Estonian,viE,Other,4,3,3,Kadril (2); Katri & sand (1); katrisäänd (1),Katri/Katrina (2); Kadri (2)
4,Catherine / Kadri / Katri,Rõuge,South Estonia/Seto,South Estonian,viE,Katri,2,2,1,Katri (2),Katri/Katrina (2)
4,Catherine / Kadri / Katri,Saarde,Estonia core/west,North Estonian,viP,Kadri,2,1,1,Kadri (2),Kadri (2)
4,Catherine / Kadri / Katri,Saarde,Estonia core/west,North Estonian,viP,Kaie,1,1,1,Kaie (1),Kaisa/Kaie (1)
4,Catherine / Kadri / Katri,Saarde,Estonia core/west,North Estonian,viP,Other,1,1,1,"Kadunud tekstist', 'kõrge', 'kõrge', 'kõrge', 'kõrge', 'kõrge', 'kõrge', 'kõrge', 'kõrge', 'kõrge', 'kõrge', 'kõrge', 'kõrge', 'kõrge', 'kõrge', 'kõrge', 'kõrge', 'kõrge', 'kõrge', 'kõrge', 'kõrge', 'kõrge', 'kõrge', 'kõrge', 'kõrge', 'kõrge', 'kõrge', 'kõrge', 'kõrge', 'kõrge', 'kõrge', 'kõrge', 'kõrge', 'kõrge', 'kõrge', 'kõrge', 'kõrge', 'kõrge', 'kõrge', 'kõrge', 'kõrge', 'kõrge', 'kõrge', 'kõrge', 'kõrge', 'kõrge', 'kõrge', 'kõrge', 'kõrge', 'kõrge', 'kõrge', 'kõrge', 'kõrge', 'kõrge', 'kõrge', 'kõrge', 'kõrge', 'kõrge', 'kõrge', 'kõrge', 'kõrge', 'kõrge', 'kõrge', 'kõrge', 'kõrge', 'kõrge', 'kõrge', 'kõrge', 'kõrge', 'kõrge', 'kõrge', 'kõrge', 'kõrge', 'kõrge', 'kõrge', 'kõrge', 'kõrge', 'kõrge', 'kõrge', 'kõrge', 'kõrge', 'kõrge', 'kõrge', 'kõrge', 'kõrge', 'kõrge', 'kõrge', 'kõrge', 'kõrge', 'kõrge', 'kõrge', 'kõrge', 'kõrge', 'kõrge', 'kõrge', 'kõrge', 'kõrge', 'kõrge', 'kõrge', 'kõrge', 'kõrge', 'kõrge', 'kõrge', 'kõrge', 'kõrge', 'kõrge', 'kõrge', 'kõrge', 'kõrge', 'kõrge', 'kõrge', 'kõrge', 'kõrge', 'kõrge', 'kõrge', 'kõrge', 'kõrge', 'kõrge', 'kõrge', 'kõrge', 'kõrge', 'kõrge', 'kõrge', 'kõrge', 'kõrge', 'kõrge', 'kõrge', 'kõrge', 'kõrge', 'kõrge', 'kõrge', 'kõrge', 'kõrge', 'kõrge', 'kõrge', 'kõrge', 'kõrge', 'kõrge', 'kõrge', 'kõrge', 'kõrge', 'kõrge', 'kõrge', 'kõrge', 'kõrge', 'kõrge', 'kõrge', 'kõrge', 'kõrge', 'kõrge', 'kõrge', 'kõrge', 'kõrge', 'kõrge', 'kõrge', 'kõrge', 'kõrge', 'kõrge', 'kõrge', 'kõrge', 'kõrge', 'kõrge', 'kõrge', 'kõrge', 'kõrge', 'kõrge', 'kõrge', 'kõrge', 'kõrge', 'kõrge', 'kõrge', 'kõrge', 'kõrge', 'kõrge', 'kõrge', 'kõrge', 'kõrge', 'kõrge', 'kõrge', 'kõrge', 'kõrge', 'kõrge', 'kõrge', 'kõrge', 'kõrge', 'kõrge', 'kõrge', 'kõrge', 'kõrge', 'kõrge', 'kõrge', 'kõrge', 'kõrge', 'kõrge', 'kõrge', 'kõrge', 'kõrge', 'kõrge', 'kõrge', 'kõrge', 'kõrge', 'kõrge', 'kõrge', 'kõrge', 'kõrge', 'kõrge', 'kõrge', 'kõrge', 'kõrge', 'kõrge', 'kõrge', 'kõrge', 'kõrge', 'kõrge', 'kõrge', 'kõrge', 'kõrge', 'kõrge', 'kõrge', 'kõrge', 'kõrge', 'kõrge', 'kõrge', 'kõrge', 'kõrge', 'kõrge', 'kõrge', 'kõrge', 'kõrge', 'kõrge', 'kõrge', 'kõrge', 'kõrge', 'kõrge', 'kõrge', 'kõrge', 'kõrge', 'kõrge', 'kõrge', 'kõrge', 'kõrge', 'kõrge', 'kõrge', 'kõrge', 'kõrge', 'kõrge', 'kõrge', 'kõrge', 'kõrge', 'kõrge', 'kõrge', 'kõrge', 'kõrge', 'kõrge', 'kõrge', 'kõrge', 'kõrge', 'kõrge', 'kõrge', 'kõrge', 'kõrge', 'kõrge', 'kõrge', 'kõrge', 'kõrge', 'kõrge', 'kõrge', 'kõrge', 'kõrge', 'kõrge', 'kõrge', 'kõrge', 'kõrge', 'kõrge', 'kõrge', 'kõrge', 'kõrge', 'kõrge', 'kõrge', 'kõrge', 'kõrge', 'kõrge', 'kõrge', 'kõrge', 'kõrge', 'kõrge', 'kõrge', 'kõrge', 'kõrge', 'kõrge', 'kõrge', 'kõrge', 'kõrge', 'kõrge', 'kõrge', 'kõrge', 'kõrge', 'kõrge', 'kõrge', 'kõrge', 'kõrge', 'kõrge', 'kõrge', 'kõrge', 'kõrge', 'kõrge', 'kõrge', 'kõrge', 'kõrge', 'kõrge', 'kõrge', 'kõrge', 'kõrge', 'kõrge', 'kõrge', 'kõrge', 'kõrge', 'kõrge', 'kõrge', 'kõrge', 'kõrge', 'kõrge', 'kõrge', 'kõrge', 'kõrge', 'kõrge', 'kõrge', 'kõrge', 'kõrge', 'kõrge', 'kõrge', 'kõrge', 'kõrge', 'kõrge', 'kõrge', 'kõrge', 'kõrge', 'kõrge', 'kõrge', 'kõrge', 'kõrge', 'kõrge', 'kõrge', 'kõrge', 'kõrge', 'kõrge', 'kõrge', 'kõrge', 'kõrge', 'kõrge', 'kõrge', 'kõrge', 'kõrge', 'kõrge', 'kõrge', 'kõrge', 'kõrge', 'kõrge', 'kõrge', 'kõrge', 'kõrge', 'kõrge', 'kõrge', 'kõrge', 'kõrge', 'kõrge', 'kõrge', 'kõrge', 'kõrge', 'kõrge', 'kõrge', 'kõrge', 'kõrge', 'kõrge', 'kõrge', 'kõrge', 'kõrge', 'kõrge', 'kõrge', 'kõrge', 'kõrge', 'kõrge', 'kõrge', 'kõrge', 'kõrge', 'kõrge', 'kõrge', 'kõrge', 'kõrge', 'kõrge', 'kõrge', 'kõrge', 'kõrge', 'kõrge', 'kõrge', 'kõrge', 'kõrge', 'kõrge', 'kõrge', 'kõrge', 'kõrge', 'kõrge', 'kõrge', 'kõrge', 'kõrge', 'kõrge', 'kõrge', 'kõrge', 'kõrge', 'kõrge', 'kõrge', 'kõrge', 'kõrge', 'kõrge', 'kõrge', 'kõrge', 'kõrge', 'kõrge', 'kõrge', 'kõrge', 'kõrge', 'kõrge', 'kõrge', 'kõrge', 'kõrge', 'kõrge', 'kõrge', 'kõrge', 'kõrge', 'kõrge', 'kõrge', 'kõrge', 'kõrge', 'kõrge', 'kõrge', 'kõrge', 'kõrge', 'kõrge', 'kõrge', 'kõrge', 'kõrge', 'kõrge', 'kõrge', 'kõrge', 'kõrge', 'kõrge', 'kõrge', 'kõrge', 'kõrge', 'kõrge', 'kõrge', 'kõrge', 'kõrge', 'kõrge', 'kõrge', 'kõrge', 'kõrge', 'kõrge', 'kõrge', 'kõrge', 'kõrge', 'kõrge', 'kõrge', 'kõrge', 'kõrge', 'kõrge', 'kõrge', 'kõrge', 'kõrge', 'kõrge', 'kõrge', 'kõrge', 'kõrge', 'kõrge', 'kõrge', 'kõrge', 'kõrge', 'kõrge', 'kõrge', 'kõrge', 'kõrge', 'kõrge', 'kõrge', 'kõrge', 'kõrge', 'kõrge', 'kõrge', 'kõrge', 'kõrge', 'kõrge', 'kõrge', 'kõrge', 'kõrge', 'kõrge', 'kõrge', 'kõrge', 'kõrge', 'kõrge', 'kõrge', 'kõrge', 'kõrge', 'kõrge', 'kõrge', 'kõrge', 'kõrge', 'kõrge', 'kõrge', 'kõrge', 'kõrge', 'kõrge', 'kõrge', 'kõrge', 'kõrge', 'kõrge', 'kõrge', 'kõrge', 'kõrge', 'kõrge', 'kõrge', 'kõrge', 'kõrge', 'kõrge', 'kõrge', 'kõrge', 'kõrge', 'kõrge', 'kõrge', 'kõrge', 'kõrge', 'kõrge', 'kõrge', 'kõrge', 'kõrge', 'kõrge', 'kõrge', 'kõrge', 'kõrge', 'kõrge', 'kõrge', 'kõrge', 'kõrge', 'kõrge', 'kõrge', 'kõrge', 'kõrge', 'kõrge', 'kõrge', 'kõrge', 'kõrge', 'kõrge', 'kõrge', 'kõrge', 'kõrge', 'kõrge', 'kõrge', 'kõrge', 'kõrge', 'kõrge', 'kõrge', 'kõrge', 'kõrge', 'kõrge', 'kõrge', 'kõrge', 'kõrge', 'kõrge', 'kõrge', 'kõrge', 'kõrge', 'kõrge', 'kõrge', 'kõrge', 'kõrge', 'kõrge', 'kõrge', 'kõrge', 'kõrge', 'kõrge', 'kõrge', 'kõrge', 'kõrge', 'kõrge', 'kõrge', 'kõrge', 'kõrge', 'kõrge', 'kõrge', 'kõrge', 'kõrge', 'kõrge', 'kõrge', 'kõrge', 'kõrge', 'kõrge', 'kõrge', 'kõrge', 'kõrge', 'kõrge', 'kõrge', 'kõrge', 'kõrge', 'kõrge', 'kõrge', 'kõrge', 'kõrge', 'kõrge', 'kõrge', 'kõrge', 'kõrge', 'kõrge', 'kõrge', 'kõrge', 'kõrge', 'kõrge', 'kõrge', 'kõrge', 'kõrge', 'kõrge', 'kõrge', 'kõrge', 'kõrge', 'kõrge', 'kõrge', 'kõrge', 'kõrge', 'kõrge', 'kõrge', 'kõrge', 'kõrge', 'kõrge', 'kõrge', 'kõrge', 'kõrge', 'kõrge', 'kõrge', 'kõrge', 'kõrge', 'kõrge', 'kõrge', 'kõrge', 'kõrge', 'kõrge', 'kõrge', 'kõrge', 'kõrge', 'kõrge', 'kõrge', 'kõrge', 'kõrge', 'kõrge', 'kõrge', 'kõrge', 'kõrge', 'kõrge', 'kõrge', 'kõrge', 'kõrge', 'kõrge', 'kõrge', 'kõrge', 'kõrge', 'kõrge', 'kõrge', 'kõrge', 'kõrge', 'kõrge', 'kõrge', 'kõrge', 'kõrge', 'kõrge', 'kõrge', 'kõrge', 'kõrge', 'kõrge', 'kõrge', 'kõrge', 'kõrge', 'kõrge', 'kõrge', 'kõrge', 'kõrge', 'kõrge', 'kõrge', 'kõrge', 'kõrge', 'kõrge', 'kõrge', 'kõrge', 'kõrge', 'kõrge', 'kõrge', 'kõrge', 'kõrge', 'kõrge', 'kõrge', 'kõrge', 'kõrge', 'kõrge', 'kõrge', 'kõrge', 'kõrge', 'kõrge', 'kõrge', 'kõrge', 'kõrge', 'kõrge', 'kõrge', 'kõrge', 'kõrge', 'kõrge', 'kõrge', 'kõrge', 'kõrge', 'kõrge', 'kõrge', 'kõrge', 'kõrge', 'kõrge', 'kõrge', 'kõrge', 'kõrge', 'kõrge', 'kõrge', 'kõrge', 'kõrge', 'kõrge', 'kõrge', 'kõrge', 'kõrge', 'kõrge', 'kõrge', 'kõrge', 'kõrge', 'kõrge', 'kõrge', 'kõrge', 'kõrge', 'kõrge', 'kõrge', 'kõrge', 'kõrge', 'kõrge', 'kõrge', 'kõrge', 'kõrge', 'kõrge', 'kõrge', 'kõrge', 'kõrge', 'kõrge', 'kõrge', 'kõrge', 'kõrge', 'kõrge', 'kõrge', 'kõrge', 'kõrge', 'kõrge', 'kõrge', 'kõrge', 'kõrge', 'kõrge', 'kõrge', 'kõrge', 'kõrge', 'kõrge', 'kõrge', 'kõrge', 'kõrge', 'kõrge', 'kõrge', 'kõrge', 'kõrge', 'kõrge', 'kõrge', 'kõrge', 'kõrge', 'kõrge', 'kõrge', 'kõrge', 'kõrge', 'kõrge', 'kõrge', 'kõrge', 'kõrge', 'kõrge', 'kõrge', 'kõrge', 'kõrge', 'kõrge', 'kõrge', 'kõrge', 'kõrge', 'kõrge', 'kõrge', 'kõrge', 'kõrge', 'kõrge', 'kõrge', 'kõrge', 'kõrge', 'kõrge', 'kõrge', 'kõrge', 'kõrge', 'kõrge', 'kõrge', 'kõrge', 'kõrge', 'kõrge', 'kõrge', 'kõrge', 'kõrge', 'kõrge', 'kõrge', 'kõrge', 'kõrge', 'kõrge', 'kõrge', 'kõrge', 'kõrge', 'kõrge', 'kõrge', 'kõrge', 'kõrge', 'kõrge', 'kõrge', 'kõrge', 'kõrge', 'kõrge', 'kõrge', 'kõrge', 'kõrge', 'kõrge', 'kõrge', 'kõrge', 'kõrge', 'kõrge', 'kõrge', 'kõrge', 'kõrge', 'kõrge', 'kõrge', 'kõrge', 'kõrge', 'kõrge', 'kõrge', 'kõrge', 'kõrge', 'kõrge', 'kõrge', 'kõrge', 'kõrge', 'kõrge', 'kõrge', 'kõrge', 'kõrge', 'kõrge', 'kõrge', 'kõrge', 'kõrge', 'kõrge', 'kõrge', 'kõrge', 'kõrge', 'kõrge', 'kõrge', 'kõrge', 'kõrge', 'kõrge', 'kõrge', 'kõrge', 'kõrge', 'kõrge', 'kõrge', 'kõrge', 'kõrge', 'kõrge', 'kõrge', 'kõrge', 'kõrge', 'kõrge', 'kõrge', 'kõrge', 'kõrge', 'kõrge', 'kõrge', 'kõrge', 'kõrge', 'kõrge', 'kõrge', 'kõrge', 'kõrge', 'kõrge', 'kõrge', 'kõrge', 'kõrge', 'kõrge', 'kõrge', 'kõrge', 'kõrge', 'kõrge', 'kõrge', 'kõrge', 'kõrge', 'kõrge', 'kõrge', 'kõrge', 'kõrge', 'kõrge', 'kõrge', 'kõrge', 'kõrge', 'kõrge', 'kõrge', 'kõrge', 'kõrge', 'kõrge', 'kõrge', 'kõrge', 'kõrge', 'kõrge', 'kõrge', 'kõrge', 'kõrge', 'kõrge', 'kõrge', 'kõrge', 'kõrge', 'kõrge', 'kõrge', 'kõrge', 'kõrge', 'kõrge', 'kõrge', 'kõrge', 'kõrge', 'kõrge', 'kõrge', 'kõrge', 'kõrge', 'kõrge', 'kõrge', 'kõrge', 'kõrge', 'kõrge', 'kõrge', 'kõrge', 'kõrge', 'kõrge', 'kõrge', 'kõrge', 'kõrge', 'kõrge', 'kõrge', 'kõrge', 'kõrge', 'kõrge', 'kõrge', 'kõrge', 'kõrge', 'kõrge', 'kõrge', 'kõrge', 'kõrge', 'kõrge', 'kõrge', 'kõrge', 'kõrge', 'kõrge', 'kõrge', 'kõrge', 'kõrge', 'kõrge', 'kõrge', 'kõrge', 'kõrge', 'kõrge', 'kõrge', 'kõrge', 'kõrge', 'kõrge', 'kõrge', 'kõrge', 'kõrge', 'kõrge', 'kõrge', 'kõrge', 'kõrge', 'kõrge', 'kõrge', 'kõrge', 'kõrge', 'kõrge', 'kõrge', 'kõrge', 'kõrge', 'kõrge', 'kõrge', 'kõrge', 'kõrge', 'kõrge', 'kõrge', 'kõrge', 'kõrge', 'kõrge', 'kõrge', 'kõrge', 'kõrge', 'kõrge', 'kõrge', 'kõrge', 'kõrge', 'kõrge', 'kõrge', 'kõrge', 'kõrge', 'kõrge', 'kõrge', 'kõrge', 'kõrge', 'kõrge', 'kõrge', 'kõrge', 'kõrge', 'kõrge', 'kõrge', 'kõrge', 'kõrge', 'kõrge', 'kõrge', 'kõrge', 'kõrge', 'kõrge', 'kõrge', 'kõrge', 'kõrge', 'kõrge', 'kõrge', 'kõrge', 'kõrge', 'kõrge', 'kõrge', 'kõrge', 'kõrge', 'kõrge', 'kõrge', 'kõrge', 'kõrge', 'kõrge', 'kõrge', 'kõrge', 'kõrge', 'kõrge', 'kõrge', 'kõrge', 'kõrge', 'kõrge', 'kõrge', 'kõrge', 'kõrge', 'kõrge', 'kõrge', 'kõrge', 'kõrge', 'kõrge', 'kõrge', 'kõrge', 'kõrge', 'kõrge', 'kõrge', 'kõrge', 'kõrge', 'kõrge', 'kõrge', 'kõrge', 'kõrge', 'kõrge', 'kõrge', 'kõrge', 'kõrge', 'kõrge', 'kõrge', 'kõrge', 'kõrge', 'kõrge', 'kõrge', 'kõrge', 'kõrge', 'kõrge', 'kõrge', 'kõrge', 'kõrge', 'kõrge', 'kõrge', 'kõrge', 'kõrge', 'kõrge', 'kõrge', 'kõrge', 'kõrge', 'kõrge', 'kõrge', 'kõrge', 'kõrge', 'kõrge', 'kõrge', 'kõrge', 'kõrge', 'kõrge', 'kõrge', 'kõrge', 'kõrge', 'kõrge', 'kõrge', 'kõrge', 'kõrge', 'kõrge', 'kõrge', 'kõrge', 'kõrge', 'kõrge', 'kõrge', 'kõrge', 'kõrge', 'kõrge', 'kõrge', 'kõrge', 'kõrge', 'kõrge', 'kõrge', 'kõrge', 'kõrge', 'kõrge', 'kõrge', 'kõrge', 'kõrge', 'kõrge', 'kõrge', 'kõrge', 'kõrge', 'kõrge', 'kõrge', 'kõrge', 'kõrge', 'kõrge', 'kõrge', 'kõrge', 'kõrge', 'kõrge', 'kõrge', 'kõrge', 'kõrge', 'kõrge', 'kõrge', 'kõrge', 'kõrge', 'kõrge', 'kõrge', 'kõrge', 'kõrge', 'kõrge', 'kõrge', 'kõrge', 'kõrge', 'kõrge', 'kõrge', 'kõrge', 'kõrge', 'kõrge', 'kõrge', 'kõrge', 'kõrge', 'kõrge', 'kõrge', 'kõrge', 'kõrge', 'kõrge', 'kõrge', 'kõrge', 'kõrge', 'kõrge', 'kõrge', 'kõrge', 'kõrge', 'kõrge', 'kõrge', 'kõrge', 'kõrge', 'kõrge', 'kõrge', 'kõrge', 'kõrge', 'kõrge', 'kõrge', 'kõrge', 'kõrge', 'kõrge', 'kõrge', 'kõrge', 'kõrge', 'kõrge', 'kõrge', 'kõrge', 'kõrge', 'kõrge', 'kõrge', 'kõrge', 'kõrge', 'kõrge', 'kõrge', 'kõrge', 'kõrge', 'kõrge', 'kõrge', 'kõrge', 'kõrge', 'kõrge', 'kõrge', 'kõrge', 'kõrge', 'kõrge', 'kõrge', 'kõrge', 'kõrge', 'kõrge', 'kõrge', 'kõrge', 'kõrge', 'kõrge', 'kõrge', 'kõrge', 'kõrge', 'kõrge', 'kõrge', 'kõrge', 'kõrge', 'kõrge', 'kõrge', 'kõrge', 'kõrge', 'kõrge', 'kõrge', 'kõrge', 'kõrge', 'kõrge', 'kõrge', 'kõrge', 'kõrge', 'kõrge', 'kõrge', 'kõrge', 'kõrge', 'kõrge', 'kõrge', 'kõrge', 'kõrge', 'kõrge', 'kõrge', 'kõrge', 'kõrge', 'kõrge', 'kõrge', 'kõrge', 'kõrge', 'kõrge', 'kõrge', 'kõrge', 'kõrge', 'kõrge', 'kõrge', 'kõrge', 'kõrge', 'kõrge', 'kõrge', 'kõrge', 'kõrge', 'kõrge', 'kõrge', 'kõrge', 'kõrge', 'kõrge', 'kõrge', 'kõrge', 'kõrge', 'kõrge', 'kõrge', 'kõrge', 'kõrge', 'kõrge', 'kõrge', 'kõrge', 'kõrge', 'kõrge', 'kõrge', 'kõrge', 'kõrge', 'kõrge', 'kõrge', 'kõrge', 'kõrge', 'kõrge', 'kõrge', 'kõrge', 'kõrge', 'kõrge', 'kõrge', 'kõrge', 'kõrge', 'kõrge', 'kõrge', 'kõrge', 'kõrge', 'kõrge', 'kõrge', 'kõrge', 'kõrge', 'kõrge', 'kõrge', 'kõrge', 'kõrge', 'kõrge', 'kõrge', 'kõrge', 'kõrge', 'kõrge', 'kõrge', 'kõrge', 'kõrge', 'kõrge', 'kõrge', 'kõrge', 'kõrge', 'kõrge', 'kõrge', 'kõrge', 'kõrge', 'kõrge', 'kõrge', 'kõrge', 'kõrge', 'kõrge', 'kõrge', 'kõrge', 'kõrge', 'kõrge', 'kõrge', 'kõrge', 'kõrge', 'kõrge', 'kõrge', 'kõrge', 'kõrge', 'kõrge', 'kõrge', 'kõrge', 'kõrge', 'kõrge', 'kõrge', 'kõrge', 'kõrge', 'kõrge', 'kõrge', 'kõrge', 'kõrge', 'kõrge', 'kõrge', 'kõrge', 'kõrge', 'kõrge', 'kõrge', 'kõrge', 'kõrge', 'kõrge', 'kõrge', 'kõrge', 'kõrge', 'kõrge', 'kõrge', 'kõrge', 'kõrge', 'kõrge', 'kõrge', 'kõrge', 'kõrge', 'kõrge', 'kõrge', 'kõrge', 'kõrge', 'kõrge', 'kõrge', 'kõrge', 'kõrge', 'kõrge', 'kõrge', 'kõrge', 'kõrge', 'kõrge', 'kõrge', 'kõrge', 'kõrge', 'kõrge', 'kõrge', 'kõrge', 'kõrge', 'kõrge', 'kõrge', 'kõrge', 'kõrge', 'kõrge', 'kõrge', 'kõrge', 'kõrge', 'kõrge', 'kõrge', 'kõrge', 'kõrge', 'kõrge', 'kõrge', 'kõrge', 'kõrge', 'kõrge', 'kõrge', 'kõrge', 'kõrge', 'kõrge', 'kõrge', 'kõrge', 'kõrge', 'kõrge', 'kõrge', 'kõrge', 'kõrge', 'kõrge', 'kõrge', 'kõrge', 'kõrge', 'kõrge', 'kõrge', 'kõrge', 'kõrge', 'kõrge', 'kõrge', 'kõrge', 'kõrge', 'kõrge', 'kõrge', 'kõrge', 'kõrge', 'kõrge', 'kõrge', 'kõrge', 'kõrge', 'kõrge', 'kõrge', 'kõrge', 'kõrge', 'kõrge', 'kõrge', 'kõrge', 'kõrge', 'kõrge', 'kõrge', 'kõrge', 'kõrge', 'kõrge', 'kõrge', 'kõrge', 'kõrge', 'kõrge', 'kõrge', 'kõrge', 'kõrge', 'kõrge', 'kõrge', 'kõrge', 'kõrge', 'kõrge', 'kõrge', 'kõrge', 'kõrge', 'kõrge', 'kõrge', 'kõrge', 'kõrge', 'kõrge', 'kõrge', 'kõrge', 'kõrge', 'kõrge', 'kõrge', 'kõrge', 'kõrge', 'kõrge', 'kõrge', 'kõrge', 'kõrge', 'kõrge', 'kõrge', 'kõrge', 'kõrge', 'kõrge', 'kõrge', 'kõrge', 'kõrge', 'kõrge', 'kõrge', 'kõrge', 'kõrge', 'kõrge', 'kõrge', 'kõrge', 'kõrge', 'kõrge', 'kõrge', 'kõrge', 'kõrge', 'kõrge', 'kõrge', 'kõrge', 'kõrge', 'kõrge', 'kõrge', 'kõrge', 'kõrge', 'kõrge', 'kõrge', 'kõrge', 'kõrge', 'kõrge', 'kõrge', 'kõrge', 'kõrge', 'kõrge', 'kõrge', 'kõrge', 'kõrge', 'kõrge', 'kõrge', 'kõrge', 'kõrge', 'kõrge', 'kõrge', 'kõrge', 'kõrge', 'kõrge', 'kõrge', 'kõrge', 'kõrge', 'kõrge', 'kõrge', 'kõrge', 'kõrge', 'kõrge', 'kõrge', 'kõrge', 'kõrge', 'kõrge', 'kõrge', 'kõrge', 'kõrge', 'kõrge', 'kõrge', 'kõrge', 'kõrge', 'kõrge', 'kõrge', 'kõrge', 'kõrge', 'kõrge', 'kõrge', 'kõrge', 'kõrge', 'kõrge', 'kõrge', 'kõrge', 'kõrge', 'kõrge', 'kõrge', 'kõrge', 'kõrge', 'kõrge', 'kõrge', 'kõrge', 'kõrge', 'kõrge', 'kõrge', 'kõrge', 'kõrge', 'kõrge', 'kõrge', 'kõrge', 'kõrge', 'kõrge', 'kõrge', 'kõrge', 'kõrge', 'kõrge', 'kõrge', 'kõrge', 'kõrge', 'kõrge', 'kõrge', 'kõrge', 'kõrge', 'kõrge', 'kõrge', 'kõrge', 'kõrge', 'kõrge', 'kõrge', 'kõrge', 'kõrge', 'kõrge', 'kõrge', 'kõrge', 'kõrge', 'kõrge', 'kõrge', 'kõrge', 'kõrge', 'kõrge', 'kõrge', 'kõrge', 'kõrge', 'kõrge', 'kõrge', 'kõrge', 'kõrge', 'kõrge', 'kõrge', 'kõrge', 'kõrge', 'kõrge', 'kõrge', 'kõrge', 'kõrge', 'kõrge', 'kõrge', 'kõrge', 'kõrge', 'kõrge', 'kõrge', 'kõrge', 'kõrge', 'kõrge', 'kõrge', 'kõrge', 'kõrge', 'kõrge', 'kõrge', 'kõrge', 'kõrge', 'kõrge', 'kõrge', 'kõrge', 'kõrge', 'kõrge', 'kõrge', 'kõrge', 'kõrge', 'kõrge', 'kõrge', 'kõrge', 'kõrge', 'kõrge', 'kõrge', 'kõrge', 'kõrge', 'kõrge', 'kõrge', 'kõrge', 'kõrge', 'kõrge', 'kõrge', 'kõrge', 'kõrge', 'kõrge', 'kõrge', 'kõrge', 'kõrge', 'kõrge', 'kõrge', 'kõrge', 'kõrge', 'kõrge', 'kõrge', 'kõrge', 'kõrge', 'kõrge', 'kõrge', 'kõrge', 'kõrge', 'kõrge', 'kõrge', 'kõrge', 'kõrge', 'kõrge', 'kõrge', 'kõrge', 'kõrge', 'kõrge', 'kõrge', 'kõrge', 'kõrge', 'kõrge', 'kõrge', 'kõrge', 'kõrge', 'kõrge', 'kõrge', 'kõrge', 'kõrge', 'kõrge', 'kõrge', 'kõrge', 'kõrge', 'kõrge', 'kõrge', 'kõrge', 'kõrge', 'kõrge', 'kõrge', 'kõrge', 'kõrge', 'kõrge', 'kõrge', 'kõrge', 'kõrge', 'kõrge', 'kõrge', 'kõrge', 'kõrge', 'kõrge', 'kõrge', 'kõrge', 'kõrge', 'kõrge', 'kõrge', 'kõrge', 'kõrge', 'kõrge', 'kõrge', 'kõrge', 'kõrge', 'kõrge', 'kõrge', 'kõrge', 'kõrge', 'kõrge', 'kõrge', 'kõrge', 'kõrge', 'kõrge', 'kõrge', 'kõrge', 'kõrge', 'kõrge', 'kõrge', 'kõrge', 'kõrge', 'kõrge', 'kõrge', 'kõrge', 'kõrge', 'kõrge', 'kõrge', 'kõrge', 'kõrge', 'kõrge', 'kõrge', 'kõrge', 'kõrge', 'kõrge', 'kõrge', 'kõrge', 'kõrge', 'kõrge', 'kõrge', 'kõrge', 'kõrge', 'kõrge', 'kõrge', 'kõrge', 'kõrge', 'kõrge', 'kõrge', 'kõrge', 'kõrge', 'kõrge', 'kõrge', 'kõrge', 'kõrge', 'kõrge', 'kõrge', 'kõrge', 'kõrge', 'kõrge', 'kõrge', 'kõrge', 'kõrge', 'kõrge', 'kõrge', 'kõrge', 'kõrge', 'kõrge', 'kõrge', 'kõrge', 'kõrge', 'kõrge', 'kõrge', 'kõrge', 'kõrge', 'kõrge', 'kõrge', 'kõrge', 'kõrge', 'kõrge', 'kõrge', 'kõrge', 'kõrge', 'kõrge', 'kõrge', 'kõrge', 'kõrge', 'kõrge', 'kõrge', 'kõrge', 'kõrge', 'kõrge', 'kõrge', 'kõrge', 'kõrge', 'kõrge', 'kõrge', 'kõrge', 'kõrge', 'kõrge', 'kõrge', 'kõrge', 'kõrge', 'kõrge', 'kõrge', 'kõrge', 'kõrge', 'kõrge', 'kõrge', 'kõrge', 'kõrge', 'kõrge', 'kõrge', 'kõrge', 'kõrge', 'kõrge', 'kõrge', 'kõrge', 'kõrge', 'kõrge', 'kõrge', 'kõrge', 'kõrge', 'kõrge', 'kõrge', 'kõrge', 'kõrge', 'kõrge', 'kõrge', 'kõrge', 'kõrge', 'kõrge', 'kõrge', 'kõrge', 'kõrge', 'kõrge', 'kõrge', 'kõrge', 'kõrge', 'kõrge', 'kõrge', 'kõrge', 'kõrge', 'kõrge', 'kõrge', 'kõrge', 'kõrge', 'kõrge', 'kõrge', 'kõrge', 'kõrge', 'kõrge', 'kõrge', 'kõrge', 'kõrge', 'kõrge', 'kõrge', 'kõrge', 'kõrge', 'kõrge', 'kõrge', 'kõrge', 'kõrge', 'kõrge', 'kõrge', 'kõrge', 'kõrge', 'kõrge', 'kõrge', 'kõrge', 'kõrge', 'kõrge', 'kõrge', 'kõrge', 'kõrge', 'kõrge', 'kõrge', 'kõrge', 'kõrge', 'kõrge', 'kõrge', 'kõrge', 'kõrge', 'kõrge', 'kõrge', 'kõrge', 'kõrge', 'kõrge', 'kõrge', 'kõrge', 'kõrge', 'kõrge', 'kõrge', 'kõrge', 'kõrge', 'kõrge', 'kõrge', 'kõrge', 'kõrge', 'kõrge', 'kõrge', 'kõrge', 'kõrge', 'kõrge', 'kõrge', 'kõrge', 'kõrge', 'kõrge', 'kõrge', 'kõrge', 'kõrge', 'kõrge', 'kõrge', 'kõrge', 'kõrge', 'kõrge', 'kõrge', 'kõrge', 'kõrge', 'kõrge', 'kõrge', 'kõrge', 'kõrge', 'kõrge', 'kõrge', 'kõrge', 'kõrge', 'kõrge', 'kõrge', 'kõrge', 'kõrge', 'kõrge', 'kõrge', 'kõrge', 'kõrge', 'kõrge', 'kõrge', 'kõrge', 'kõrge', 'kõrge', 'kõrge', 'kõrge', 'kõrge', 'kõrge', 'kõrge', 'kõrge', 'kõrge', 'kõrge', 'kõrge', 'kõrge', 'kõrge', 'kõrge', 'kõrge', 'kõrge', 'kõrge', 'kõrge', 'kõrge', 'kõrge', 'kõrge', 'kõrge', 'kõrge', 'kõrge', 'kõrge', 'kõrge', 'kõrge', 'kõrge', 'kõrge', 'kõrge', 'kõrge', 'kõrge', 'kõrge', 'kõrge', 'kõrge', 'kõrge', 'kõrge', 'kõrge', 'kõrge', 'kõrge', 'kõrge', 'kõrge', 'kõrge', 'kõrge', 'kõrge', 'kõrge', 'kõrge', 'kõrge', 'kõrge', 'kõrge', 'kõrge', 'kõrge', 'kõrge', 'kõrge', 'kõrge', 'kõrge', 'kõrge', 'kõrge', 'kõrge', 'kõrge', 'kõrge', 'kõrge', 'kõrge', 'kõrge', 'kõrge', 'kõrge', 'kõrge', 'kõrge', 'kõrge', 'kõrge', 'kõrge', 'kõrge', 'kõrge', 'kõrge', 'kõrge', 'kõrge', 'kõrge', 'kõrge', 'kõrge', 'kõrge', 'kõrge', 'kõrge', 'kõrge', 'kõrge', 'kõrge', 'kõrge', 'kõrge', 'kõrge', 'kõrge', 'kõrge', 'kõrge', 'kõrge', 'kõrge', 'kõrge', 'kõrge', 'kõrge', 'kõrge', 'kõrge', 'kõrge', 'kõrge', 'kõrge', 'kõrge', 'kõrge', 'kõrge', 'kõrge', 'kõrge', 'kõrge', 'kõrge', 'kõrge', 'kõrge', 'kõrge', 'kõrge', 'kõrge', 'kõrge', 'kõrge', 'kõrge', 'kõrge', 'kõrge', 'kõrge', 'kõrge', 'kõrge', 'kõrge', 'kõrge', 'kõrge', 'kõrge', 'kõrge', 'kõrge', 'kõrge', 'kõrge', 'kõrge', 'kõrge', 'kõrge', 'kõrge', 'kõrge', 'kõrge', 'kõrge', 'kõrge', 'kõrge', 'kõrge', 'kõrge', 'kõrge', 'kõrge', 'kõrge', 'kõrge', 'kõrge', 'kõrge', 'kõrge', 'kõrge', 'kõrge', 'kõrge', 'kõrge', 'kõrge', 'kõrge', 'kõrge', 'kõrge', 'kõrge', 'kõrge', 'kõrge', 'kõrge', 'kõrge', 'kõrge', 'kõrge', 'kõrge', 'kõrge', 'kõrge', 'kõrge', 'kõrge', 'kõrge', 'kõrge', 'kõrge', 'kõrge', 'kõrge', 'kõrge', 'kõrge', 'kõrge', 'kõrge', 'kõrge', 'kõrge', 'kõrge', 'kõrge', 'kõrge', 'kõrge', 'kõrge', 'kõrge', 'kõrge', 'kõrge', 'kõrge', 'kõrge', 'kõrge', 'kõrge', 'kõrge', 'kõrge', 'kõrge', 'kõrge', 'kõrge', 'kõrge', 'kõrge', 'kõrge', 'kõrge', 'kõrge', 'kõrge', 'kõrge', 'kõrge', 'kõrge', 'kõrge', 'kõrge', 'kõrge', 'kõrge', 'kõrge', 'kõrge', 'kõrge', 'kõrge', 'kõrge', 'kõrge', 'kõrge', 'kõrge', 'kõrge', 'kõrge', 'kõrge', 'kõrge', 'kõrge', 'kõrge', 'kõrge', 'kõrge', 'kõrge', 'kõrge', 'kõrge', 'kõrge', 'kõrge', 'kõrge', 'kõrge', 'kõrge', 'kõrge', 'kõrge', 'kõrge', 'kõrge', 'kõrge', 'kõrge', 'kõrge', 'kõrge', 'kõrge', 'kõrge', 'kõrge', 'kõrge', 'kõrge', 'kõrge', 'kõrge', 'kõrge', 'kõrge', 'kõrge', 'kõrge', 'kõrge', 'kõrge', 'kõrge', 'kõrge', 'kõrge', 'kõrge', 'kõrge', 'kõrge', 'kõrge', 'kõrge', 'kõrge', 'kõrge', 'kõrge', 'kõrge', 'kõrge', 'kõrge', 'kõrge', 'kõrge', 'kõrge', 'kõrge', 'kõrge', 'kõrge', 'kõrge', ' (1)",Kadri (1)
4,Catherine / Kadri / Katri,Saarijärvi,Finland/Savo-Karelia,Finnish,su,Kaisa,1,1,1,Kaisa (1),Kaisa/Kaie (1)
4,Catherine / Kadri / Katri,Sakkola,Finland/Savo-Karelia,Finnish,su,Kaisa,1,1,1,Kaisa (1),Kaisa/Kaie (1)
4,Catherine / Kadri / Katri,Salmi,East Karelia/Veps/Tver,Livvi-Karelian,ka,Other,1,1,1,Katariina (1),Catherine/Katherine (1)
4,Catherine / Kadri / Katri,Sangaste,Estonia core/west,South Estonian,viE,Kadri,3,2,1,Kadri (3),Kadri (3)
4,Catherine / Kadri / Katri,Sangaste,Estonia core/west,South Estonian,viE,Kaie,3,2,1,Kaie (3),Kaisa/Kaie (3)
4,Catherine / Kadri / Katri,Sangaste,Estonia core/west,South Estonian,viE,Other,2,1,1,Kaieken (2),Kaisa/Kaie (2)
4,Catherine / Kadri / Katri,Sangaste,Estonia core/west,South Estonian,viE,Katri,1,1,1,Katri (1),Katri/Katrina (1)
4,Catherine / Kadri / Katri,Sauvo,Finland/Savo-Karelia,Finnish,su,Kati,1,1,1,Kati (1),Kati (1)
4,Catherine / Kadri / Katri,Savitaipale,Finland/Savo-Karelia,Finnish,su,Kaisa,1,1,1,Kaisa (1),Kaisa/Kaie (1)
4,Catherine / Kadri / Katri,Savonlinna,Finland/Savo-Karelia,Finnish,su,Kaisa,2,1,1,Kaisa (2),Kaisa/Kaie (2)
4,Catherine / Kadri / Katri,Savonranta,Finland/Savo-Karelia,Finnish,su,Kaisa,1,1,1,Kaisa (1),Kaisa/Kaie (1)
4,Catherine / Kadri / Katri,Seiskari,Finland/Savo-Karelia,Finnish,su,Katri,1,1,1,Katri (1),Katri/Katrina (1)
4,Catherine / Kadri / Katri,Serepetta,Ingria,Finnish,su,Other,7,6,2,Katrina (6); Katrna (1),Katri/Katrina (7)
4,Catherine / Kadri / Katri,Serepetta,Ingria,Finnish,su,Kati,2,1,1,Kati (2),Kati (2)
4,Catherine / Kadri / Katri,Serepetta,Ingria,Finnish,su,Katri,2,2,1,Katri (2),Katri/Katrina (2)
4,Catherine / Kadri / Katri,Setumaa,South Estonia/Seto,South Estonian,viE,Kadri,17,5,1,Kadri (17),Kadri (17)
4,Catherine / Kadri / Katri,Setumaa,South Estonia/Seto,South Estonian,viE,kadri,8,1,1,kadri (8),Kadri (8)
4,Catherine / Kadri / Katri,Setumaa,South Estonia/Seto,South Estonian,viE,Other,4,3,3,Katariina (2); kadriköis (1); siidi-Kadri (1),Kadri (2); Kaisa/Kaie (2)
4,Catherine / Kadri / Katri,Setumaa,South Estonia/Seto,South Estonian,viE,Kati,2,2,1,Kati (2),Kati (2)
4,Catherine / Kadri / Katri,Setumaa,South Estonia/Seto,South Estonian,viE,Kaie,1,1,1,Kaie (1),Kaisa/Kaie (1)
4,Catherine / Kadri / Katri,Setumaa,South Estonia/Seto,South Estonian,viE,Katri,1,1,1,Katri (1),Katri/Katrina (1)
4,Catherine / Kadri / Katri,Simuna,Estonia core/west,North Estonian,viP,Kadri,23,3,1,Kadri (23),Kadri (23)
4,Catherine / Kadri / Katri,Simuna,Estonia core/west,North Estonian,viP,Other,8,5,7,kadrike (2); Kadrina (1); Kaie-l (1); kaebama (1); kaiekene (1); kaie (1); kadrinad (1),Kadri (4); Kaisa/Kaie (4)
4,Catherine / Kadri / Katri,Simuna,Estonia core/west,North Estonian,viP,Kaie,5,3,1,Kaie (5),Kaisa/Kaie (5)
4,Catherine / Kadri / Katri,Skuoritsa,Ingria,Finnish,su,Kati,1,1,1,Kati (1),Kati (1)
4,Catherine / Kadri / Katri,Soanlahti,East Karelia/Veps/Tver,Finnish,su,Katri,4,2,1,Katri (4),Katri/Katrina (4)
4,Catherine / Kadri / Katri,Soanlahti,East Karelia/Veps/Tver,Finnish,su,Kaisa,1,1,1,Kaisa (1),Kaisa/Kaie (1)
4,Catherine / Kadri / Katri,Sodankylä,Finland/Savo-Karelia,Finnish,su,Kaisa,1,1,1,Kaisa (1),Kaisa/Kaie (1)
4,Catherine / Kadri / Katri,Soikkola,Ingria,Ingrian,in,Kaisa,13,4,1,Kaisa (13),Kaisa/Kaie (13)
4,Catherine / Kadri / Katri,Soikkola,Ingria,Ingrian,in,Other,5,5,3,Katriina (2); Katariina (2); Katrina (1),Katri/Katrina (4); Catherine/Katherine (1)
4,Catherine / Kadri / Katri,Soikkola,Ingria,Ingrian,in,Kati,4,3,1,Kati (4),Kati (4)
4,Catherine / Kadri / Katri,Soikkola,Ingria,Ingrian,in,Katri,2,2,1,Katri (2),Katri/Katrina (1); Catherine/Katherine (1)
4,Catherine / Kadri / Katri,Soini,Finland/Savo-Karelia,Finnish,su,Kaisa,3,3,1,Kaisa (3),Kaisa/Kaie (3)
4,Catherine / Kadri / Katri,Sonkajärvi,Finland/Savo-Karelia,Finnish,su,Other,1,1,1,Katariina (1),Catherine/Katherine (1)
4,Catherine / Kadri / Katri,Sortavala,East Karelia/Veps/Tver,Finnish,su,Other,7,2,4,Katrina (3); katrina (2); katriina (1); katri (1),Katri/Katrina (7)
4,Catherine / Kadri / Katri,Sortavala,East Karelia/Veps/Tver,Finnish,su,Katri,4,2,1,Katri (4),Katri/Katrina (4)
4,Catherine / Kadri / Katri,Sortavala,East Karelia/Veps/Tver,Finnish,su,Kaisa,3,2,1,Kaisa (3),Kaisa/Kaie (3)
4,Catherine / Kadri / Katri,Soutjärvi,East Karelia/Veps/Tver,Veps,ve,Other,1,1,1,Kateriina (1),Catherine/Katherine (1)
4,Catherine / Kadri / Katri,Suistamo,East Karelia/Veps/Tver,Livvi-Karelian,ka,Other,5,3,2,Katrina (3); Katariina (2),Katri/Katrina (3); Kadri (2)
4,Catherine / Kadri / Katri,Suistamo,East Karelia/Veps/Tver,Livvi-Karelian,ka,Kaisa,4,4,1,Kaisa (4),Kaisa/Kaie (4)
4,Catherine / Kadri / Katri,Suistamo,East Karelia/Veps/Tver,Livvi-Karelian,ka,Katri,1,1,1,Katri (1),Katri/Katrina (1)
4,Catherine / Kadri / Katri,Suojärvi,East Karelia/Veps/Tver,Finnish,su,Katri,3,2,1,Katri (3),Katri/Katrina (3)
4,Catherine / Kadri / Katri,Suomusjärvi,Finland/Savo-Karelia,Finnish,su,Kaisa,1,1,1,Kaisa (1),Kaisa/Kaie (1)
4,Catherine / Kadri / Katri,Suomussalmi,Finland/Savo-Karelia,Finnish,su,Other,2,1,1,kaisa (2),Kaisa/Kaie (2)
4,Catherine / Kadri / Katri,Suure-Jaani,Estonia core/west,North Estonian,viP,Kadri,16,6,1,Kadri (16),Kadri (16)
4,Catherine / Kadri / Katri,Suure-Jaani,Estonia core/west,North Estonian,viP,Kaie,5,4,1,Kaie (5),Kaisa/Kaie (5)
4,Catherine / Kadri / Katri,Suure-Jaani,Estonia core/west,North Estonian,viP,Other,1,1,1,kai (1),Kaisa/Kaie (1)
4,Catherine / Kadri / Katri,Sääksmäki,Finland/Savo-Karelia,Finnish,su,Kaisa,1,1,1,Kaisa (1),Kaisa/Kaie (1)
4,Catherine / Kadri / Katri,Sääminki,Finland/Savo-Karelia,Finnish,su,Kaisa,1,1,1,Kaisa (1),Kaisa/Kaie (1)
4,Catherine / Kadri / Katri,Tammela,Finland/Savo-Karelia,Finnish,su,Kaisa,2,2,1,Kaisa (2),Kaisa/Kaie (2)
4,Catherine / Kadri / Katri,Tampere,Finland/Savo-Karelia,Finnish,su,Kaisa,1,1,1,Kaisa (1),Kaisa/Kaie (1)
4,Catherine / Kadri / Katri,Tartu-Maarja,Estonia core/west,South Estonian,viE,Kadri,3,1,1,Kadri (3),Kadri (3)
4,Catherine / Kadri / Katri,Tartu-Maarja,Estonia core/west,South Estonian,viE,Kaie,2,2,1,Kaie (2),Kaisa/Kaie (2)
4,Catherine / Kadri / Katri,Tarvastu,Estonia core/west,South Estonian,viE,Kadri,15,4,1,Kadri (15),Kadri (15)
4,Catherine / Kadri / Katri,Tarvastu,Estonia core/west,South Estonian,viE,Other,4,4,4,Kai (1); Katariina (1); Kadrikarja (1); kadriõhtu (1),Kaisa/Kaie (2); Kadri (2)
4,Catherine / Kadri / Katri,Tarvastu,Estonia core/west,South Estonian,viE,Katri,3,2,1,Katri (3),Katri/Katrina (3)
4,Catherine / Kadri / Katri,Tarvastu,Estonia core/west,South Estonian,viE,Kaie,1,1,1,Kaie (1),Kaisa/Kaie (1)
4,Catherine / Kadri / Katri,Tarvastu,Estonia core/west,South Estonian,viE,Kati,1,1,1,Kati (1),Kati (1)
4,Catherine / Kadri / Katri,Teisko,Finland/Savo-Karelia,Finnish,su,Kaisa,1,1,1,Kaisa (1),Kaisa/Kaie (1)
4,Catherine / Kadri / Katri,Terijoki,Finland/Savo-Karelia,Finnish,su,Katri,1,1,1,Katri (1),Katri/Katrina (1)
4,Catherine / Kadri / Katri,Tervo,Finland/Savo-Karelia,Finnish,su,Kaisa,1,1,1,Kaisa (1),Kaisa/Kaie (1)
4,Catherine / Kadri / Katri,Tohmajärvi,Finland/Savo-Karelia,Finnish,su,Kaisa,2,2,1,Kaisa (2),Kaisa/Kaie (2)
4,Catherine / Kadri / Katri,Tohmajärvi,Finland/Savo-Karelia,Finnish,su,Katri,2,1,1,Katri (2),Katri/Katrina (2)
4,Catherine / Kadri / Katri,Toksova,Ingria,Finnish,su,Kati,6,1,1,Kati (6),Kati (6)
4,Catherine / Kadri / Katri,Toksova,Ingria,Finnish,su,Other,6,6,4,Katariina (2); katrinainen (2); Katriina (1); Katrina (1),Katri/Katrina (5); Catherine/Katherine (1)
4,Catherine / Kadri / Katri,Toksova,Ingria,Finnish,su,Katri,2,1,1,Katri (2),Katri/Katrina (2)
4,Catherine / Kadri / Katri,Tolmačču,East Karelia/Veps/Tver,Karelian Proper,ka,Other,2,1,1,Katti (2),Katri/Katrina (2)
4,Catherine / Kadri / Katri,Tori,Estonia core/west,North Estonian,viP,Kadri,22,5,1,Kadri (22),Kadri (22)
4,Catherine / Kadri / Katri,Tori,Estonia core/west,North Estonian,viP,Other,4,1,1,Kadri & Udri (4),Kadri (4)
4,Catherine / Kadri / Katri,Tori,Estonia core/west,North Estonian,viP,Kaie,2,1,1,Kaie (2),Kaisa/Kaie (2)
4,Catherine / Kadri / Katri,Torma,Estonia core/west,North Estonian,viP,Kadri,4,4,1,Kadri (4),Kadri (4)
4,Catherine / Kadri / Katri,Torma,Estonia core/west,North Estonian,viP,Kaie,4,1,1,Kaie (4),Kaisa/Kaie (4)
4,Catherine / Kadri / Katri,Torma,Estonia core/west,North Estonian,viP,Other,2,1,2,Kaiuke (1); Kai (1),Kaisa/Kaie (2)
4,Catherine / Kadri / Katri,Turku,Finland/Savo-Karelia,Finnish,su,Kaisa,2,2,1,Kaisa (2),Kaisa/Kaie (2)
4,Catherine / Kadri / Katri,Tuupovaara,Finland/Savo-Karelia,Finnish,su,Kaisa,7,1,1,Kaisa (7),Kaisa/Kaie (7)
4,Catherine / Kadri / Katri,Tuupovaara,Finland/Savo-Karelia,Finnish,su,Katri,2,1,1,Katri (2),Catherine/Katherine (2)
4,Catherine / Kadri / Katri,Tyrö,Ingria,Finnish,su,Kaisa,9,3,1,Kaisa (9),Kaisa/Kaie (9)
4,Catherine / Kadri / Katri,Tyrö,Ingria,Finnish,su,Katri,8,4,1,Katri (8),Katri/Katrina (8)
4,Catherine / Kadri / Katri,Tyrö,Ingria,Finnish,su,Other,8,5,3,Katrina (4); Katariina (3); Kaisojen (1),Katri/Katrina (7); Kaisa/Kaie (1)
4,Catherine / Kadri / Katri,Tõstamaa,Estonia core/west,North Estonian,viP,Kadri,20,7,1,Kadri (20),Kadri (17); Catherine/Katherine (3)
4,Catherine / Kadri / Katri,Tõstamaa,Estonia core/west,North Estonian,viP,Other,2,2,2,Kadrik (1); saadik (1),Kadri (2)
4,Catherine / Kadri / Katri,Tõstamaa,Estonia core/west,North Estonian,viP,Kaie,1,1,1,Kaie (1),Kaisa/Kaie (1)
4,Catherine / Kadri / Katri,Türi,Estonia core/west,North Estonian,viP,Kadri,18,2,1,Kadri (18),Kadri (18)
4,Catherine / Kadri / Katri,Türi,Estonia core/west,North Estonian,viP,Kaie,7,3,1,Kaie (7),Kaisa/Kaie (7)
4,Catherine / Kadri / Katri,Türi,Estonia core/west,North Estonian,viP,Other,2,2,2,Kaia (1); Kai (1),Kaisa/Kaie (2)
4,Catherine / Kadri / Katri,Türi,Estonia core/west,North Estonian,viP,kadri,1,1,1,kadri (1),Kadri (1)
4,Catherine / Kadri / Katri,Uhtua,East Karelia/Veps/Tver,Karelian Proper,ka,Kaisa,3,1,1,Kaisa (3),Kaisa/Kaie (3)
4,Catherine / Kadri / Katri,Urvaste,South Estonia/Seto,South Estonian,viE,Other,4,2,2,kadrile (2); katri (2),Kadri (2); Katri/Katrina (2)
4,Catherine / Kadri / Katri,Urvaste,South Estonia/Seto,South Estonian,viE,kadri,3,1,1,kadri (3),Kadri (3)
4,Catherine / Kadri / Katri,Urvaste,South Estonia/Seto,South Estonian,viE,Kadri,1,1,1,Kadri (1),Kadri (1)
4,Catherine / Kadri / Katri,Uskela,Finland/Savo-Karelia,Finnish,su,Other,1,1,1,kati/kaati (1),Kati (1)
4,Catherine / Kadri / Katri,Uukuniemi,East Karelia/Veps/Tver,Finnish,su,Katri,5,2,1,Katri (5),Catherine/Katherine (4); Katri/Katrina (1)
4,Catherine / Kadri / Katri,Uusikirkko Tl.,Finland/Savo-Karelia,Finnish,su,Kaisa,1,1,1,Kaisa (1),Kaisa/Kaie (1)
4,Catherine / Kadri / Katri,Uusikirkko Tl.,Finland/Savo-Karelia,Finnish,su,Other,1,1,1,Katina (1),Kati (1)
4,Catherine / Kadri / Katri,Vaasa,Finland/Savo-Karelia,Outside selected Finnic areas,ru,Kaisa,1,1,1,Kaisa (1),Kaisa/Kaie (1)
4,Catherine / Kadri / Katri,Vaivara,Estonia core/west,North Estonian,viP,Other,3,3,3,Katariina (1); kadripäev (1); Kai (1),Katri/Katrina (1); Catherine/Katherine (1); Kaisa/Kaie (1)
4,Catherine / Kadri / Katri,Vaivara,Estonia core/west,North Estonian,viP,Kadri,2,2,1,Kadri (2),Kadri (2)
4,Catherine / Kadri / Katri,Vaivara,Estonia core/west,North Estonian,viP,Kaie,1,1,1,Kaie (1),Kaisa/Kaie (1)
4,Catherine / Kadri / Katri,Valtimo,Finland/Savo-Karelia,Finnish,su,Other,2,2,2,kaisa (1); Katriina (1),Kaisa/Kaie (1); Catherine/Katherine (1)
4,Catherine / Kadri / Katri,Valtimo,Finland/Savo-Karelia,Finnish,su,Katri,1,1,1,Katri (1),Katri/Katrina (1)
4,Catherine / Kadri / Katri,Varbla,Estonia core/west,North Estonian,viP,Kadri,10,3,1,Kadri (10),Katri/Katrina (4); Kadri (3); Catherine/Katherine (3)
4,Catherine / Kadri / Katri,Varbla,Estonia core/west,North Estonian,viP,Other,1,1,1,kaie (1),Kaisa/Kaie (1)
4,Catherine / Kadri / Katri,Vastseliina,South Estonia/Seto,South Estonian,viE,Katri,3,2,1,Katri (3),Katri/Katrina (3)
4,Catherine / Kadri / Katri,Vastseliina,South Estonia/Seto,South Estonian,viE,Kati,1,1,1,Kati (1),Kati (1)
4,Catherine / Kadri / Katri,Venjoki,Ingria,Finnish,su,Kaisa,12,1,1,Kaisa (12),Kaisa/Kaie (12)
4,Catherine / Kadri / Katri,Venjoki,Ingria,Finnish,su,Katri,7,1,1,Katri (7),Katri/Katrina (7)
4,Catherine / Kadri / Katri,Venjoki,Ingria,Finnish,su,Other,2,2,1,Katriina (2),Katri/Katrina (2)
4,Catherine / Kadri / Katri,Venjoki,Ingria,Finnish,su,Kati,1,1,1,Kati (1),Kati (1)
4,Catherine / Kadri / Katri,Veteli,Finland/Savo-Karelia,Finnish,su,Kaisa,1,1,1,Kaisa (1),Kaisa/Kaie (1)
4,Catherine / Kadri / Katri,Vigala,Estonia core/west,North Estonian,viP,Kadri,15,4,1,Kadri (15),Kadri (15)
4,Catherine / Kadri / Katri,Vigala,Estonia core/west,North Estonian,viP,kadri,7,2,1,kadri (7),Kadri (7)
4,Catherine / Kadri / Katri,Vigala,Estonia core/west,North Estonian,viP,Kaie,6,4,1,Kaie (6),Kaisa/Kaie (6)
4,Catherine / Kadri / Katri,Vigala,Estonia core/west,North Estonian,viP,Other,6,4,3,kadripäev (3); Kai (2); Tuku-Kati (1),Kadri (3); Kaisa/Kaie (2); Kati (1)
4,Catherine / Kadri / Katri,Viipuri,Finland/Savo-Karelia,Finnish,su,Kaisa,1,1,1,Kaisa (1),Kaisa/Kaie (1)
4,Catherine / Kadri / Katri,Viitasaari,Finland/Savo-Karelia,Finnish,su,Kaisa,1,1,1,Kaisa (1),Kaisa/Kaie (1)
4,Catherine / Kadri / Katri,Viitasaari,Finland/Savo-Karelia,Finnish,su,Katri,1,1,1,Katri (1),Katri/Katrina (1)
4,Catherine / Kadri / Katri,Viljakkala,Finland/Savo-Karelia,Finnish,su,Kaisa,1,1,1,Kaisa (1),Kaisa/Kaie (1)
4,Catherine / Kadri / Katri,Viljandi,Estonia core/west,North Estonian,viP,Katri,48,1,1,Katri (48),Katri/Katrina (48)
4,Catherine / Kadri / Katri,Viljandi,Estonia core/west,North Estonian,viP,Kadri,17,6,1,Kadri (17),Kadri (17)
4,Catherine / Kadri / Katri,Viljandi,Estonia core/west,North Estonian,viP,Other,8,5,6,Kai (2); Kadrisandid (2); Kadrina (1); Kadrivarbad (1); kadrike (1); Kadril (1),Kadri (6); Kaisa/Kaie (2)
4,Catherine / Kadri / Katri,Viljandi,Estonia core/west,North Estonian,viP,Kaie,1,1,1,Kaie (1),Kaisa/Kaie (1)
4,Catherine / Kadri / Katri,Virrat,Finland/Savo-Karelia,Finnish,su,Kaisa,3,1,1,Kaisa (3),Kaisa/Kaie (3)
4,Catherine / Kadri / Katri,Virtasalmi,Finland/Savo-Karelia,Finnish,su,Other,1,1,1,Katriina (1),Catherine/Katherine (1)
4,Catherine / Kadri / Katri,Viru-Jaagupi,Estonia core/west,North Estonian,viP,Kadri,4,1,1,Kadri (4),Kadri (4)
4,Catherine / Kadri / Katri,Viru-Jaagupi,Estonia core/west,North Estonian,viP,Other,3,3,3,Kai (1); kadripäev (1); kadrike (1),Kadri (2); Kaisa/Kaie (1)
4,Catherine / Kadri / Katri,Viru-Nigula,Estonia core/west,North Estonian,viP,Kadri,4,3,1,Kadri (4),Kadri (4)
4,Catherine / Kadri / Katri,Viru-Nigula,Estonia core/west,North Estonian,viP,Kaie,2,2,1,Kaie (2),Kaisa/Kaie (2)
4,Catherine / Kadri / Katri,Viru-Nigula,Estonia core/west,North Estonian,viP,Katri,1,1,1,Katri (1),Katri/Katrina (1)
4,Catherine / Kadri / Katri,Viru-Nigula,Estonia core/west,North Estonian,viP,Other,1,1,1,kadripäev (1),Kadri (1)
4,Catherine / Kadri / Katri,Vuole,Ingria,Finnish,su,Kati,16,3,1,Kati (16),Kati (16)
4,Catherine / Kadri / Katri,Vuole,Ingria,Finnish,su,Katri,3,1,1,Katri (3),Catherine/Katherine (3)
4,Catherine / Kadri / Katri,Vuole,Ingria,Finnish,su,Other,1,1,1,Katrina (1),Katri/Katrina (1)
4,Catherine / Kadri / Katri,Väike-Maarja,Estonia core/west,North Estonian,viP,Kaie,10,7,1,Kaie (10),Kaisa/Kaie (10)
4,Catherine / Kadri / Katri,Väike-Maarja,Estonia core/west,North Estonian,viP,Kadri,7,2,1,Kadri (7),Kadri (7)
4,Catherine / Kadri / Katri,Väike-Maarja,Estonia core/west,North Estonian,viP,Other,3,3,2,kaiekene (2); Kai (1),Kaisa/Kaie (3)
4,Catherine / Kadri / Katri,Vändra,Estonia core/west,North Estonian,viP,Kadri,6,5,1,Kadri (6),Kadri (6)
4,Catherine / Kadri / Katri,Vändra,Estonia core/west,North Estonian,viP,kadri,5,3,1,kadri (5),Kadri (5)
4,Catherine / Kadri / Katri,Vändra,Estonia core/west,North Estonian,viP,Other,4,2,2,kadr (3); kai (1),Kadri (3); Kaisa/Kaie (1)
4,Catherine / Kadri / Katri,Vändra,Estonia core/west,North Estonian,viP,Kaie,3,2,1,Kaie (3),Kaisa/Kaie (3)
4,Catherine / Kadri / Katri,Värtsilä,Finland/Savo-Karelia,Finnish,su,Kaisa,1,1,1,Kaisa (1),Kaisa/Kaie (1)
4,Catherine / Kadri / Katri,Võnnu,Estonia core/west,South Estonian,viE,Kadri,4,1,1,Kadri (4),Kadri (4)
4,Catherine / Kadri / Katri,Võnnu,Estonia core/west,South Estonian,viE,Other,3,2,2,kadrisant (2); Katariina (1),Kadri (2); Catherine/Katherine (1)
4,Catherine / Kadri / Katri,Võnnu,Estonia core/west,South Estonian,viE,Kaie,1,1,1,Kaie (1),Kaisa/Kaie (1)
4,Catherine / Kadri / Katri,Yläne,Finland/Savo-Karelia,Finnish,su,Kaisa,1,1,1,Kaisa (1),Kaisa/Kaie (1)
4,Catherine / Kadri / Katri,Äksi,Estonia core/west,North Estonian,viP,Kadri,4,3,1,Kadri (4),Kadri (3); Catherine/Katherine (1)
4,Catherine / Kadri / Katri,Äksi,Estonia core/west,North Estonian,viP,Kaie,2,1,1,Kaie (2),Kaisa/Kaie (2)
5,Jesus / Christ,Alatornio,Finland/Savo-Karelia,Finnish,su,Jeesus,1,1,1,Jeesus (1),Jesus (1)
5,Jesus / Christ,Alavus,Finland/Savo-Karelia,Finnish,su,Jeesus,2,2,1,Jeesus (2),Jesus (2)
5,Jesus / Christ,Ambla,Estonia core/west,North Estonian,viP,Jeesus,9,2,1,Jeesus (9),Jesus (9)
5,Jesus / Christ,Ambla,Estonia core/west,North Estonian,viP,Kristus,2,1,1,Kristus (2),Christ (2)
5,Jesus / Christ,Ambla,Estonia core/west,North Estonian,viP,Jeesuke,1,1,1,Jeesuke (1),Jesus (1)
5,Jesus / Christ,Ambla,Estonia core/west,North Estonian,viP,Other,1,1,1,Jeesuse (1),Jesus (1)
5,Jesus / Christ,Asikkala,Finland/Savo-Karelia,Finnish,su,Jeesus,5,3,1,Jeesus (5),Jesus (5)
5,Jesus / Christ,Brandval,Finland/Savo-Karelia,Finnish,su,Jesus,2,1,1,Jesus (2),Jesus (2)
5,Jesus / Christ,Brandval,Finland/Savo-Karelia,Finnish,su,Jeesus,1,1,1,Jeesus (1),Jesus (1)
5,Jesus / Christ,Brandval,Finland/Savo-Karelia,Finnish,su,Kristus,1,1,1,Kristus (1),Christ (1)
5,Jesus / Christ,Eno,Finland/Savo-Karelia,Finnish,su,Jeesus,3,3,1,Jeesus (3),Jesus (3)
5,Jesus / Christ,Eno,Finland/Savo-Karelia,Finnish,su,Jesus,1,1,1,Jesus (1),Jesus (1)
5,Jesus / Christ,Enontekiö,Finland/Savo-Karelia,Finnish,su,Jeesus,1,1,1,Jeesus (1),Jesus (1)
5,Jesus / Christ,Eräjärvi,Finland/Savo-Karelia,Finnish,su,Jesus,1,1,1,Jesus (1),Jesus (1)
5,Jesus / Christ,Evijärvi,Finland/Savo-Karelia,Finnish,su,Kristus,1,1,1,Kristus (1),Christ (1)
5,Jesus / Christ,Fryksände,Finland/Savo-Karelia,Finnish,su,Jeesus,2,1,1,Jeesus (2),Jesus (2)
5,Jesus / Christ,Grue Finnskog,Finland/Savo-Karelia,Finnish,su,Jeesus,4,3,1,Jeesus (4),Jesus (4)
5,Jesus / Christ,Haapajärvi,Finland/Savo-Karelia,Finnish,su,Jeesus,1,1,1,Jeesus (1),Jesus (1)
5,Jesus / Christ,Hailuoto,Finland/Savo-Karelia,Finnish,su,Jeesus,3,2,1,Jeesus (3),Jesus (3)
5,Jesus / Christ,Haljala,Estonia core/west,North Estonian,viP,Jeesus,5,5,1,Jeesus (5),Jesus (5)
5,Jesus / Christ,Haljala,Estonia core/west,North Estonian,viP,Jesus,1,1,1,Jesus (1),Jesus (1)
5,Jesus / Christ,Haljala,Estonia core/west,North Estonian,viP,Other,1,1,1,Jeesuse (1),Jesus (1)
5,Jesus / Christ,Halliste,Estonia core/west,South Estonian,viE,Jeesus,2,2,1,Jeesus (2),Jesus (2)
5,Jesus / Christ,Hanila,Estonia core/west,North Estonian,viP,Jeesus,1,1,1,Jeesus (1),Jesus (1)
5,Jesus / Christ,Hargla,South Estonia/Seto,South Estonian,viE,Jeesus,1,1,1,Jeesus (1),Jesus (1)
5,Jesus / Christ,Harjavalta,Finland/Savo-Karelia,Finnish,su,Kristus,1,1,1,Kristus (1),Christ (1)
5,Jesus / Christ,Harju-Jaani,Estonia core/west,North Estonian,viP,Jeesus,1,1,1,Jeesus (1),Jesus (1)
5,Jesus / Christ,Hartola,Finland/Savo-Karelia,Finnish,su,Jeesus,2,2,1,Jeesus (2),Jesus (2)
5,Jesus / Christ,Hartola,Finland/Savo-Karelia,Finnish,su,Jesus,2,2,1,Jesus (2),Jesus (2)
5,Jesus / Christ,Hartola,Finland/Savo-Karelia,Finnish,su,Kristus,1,1,1,Kristus (1),Christ (1)
5,Jesus / Christ,Hattula,Finland/Savo-Karelia,Finnish,su,Jeesus,3,3,1,Jeesus (3),Jesus (3)
5,Jesus / Christ,Hattula,Finland/Savo-Karelia,Finnish,su,Kristus,1,1,1,Kristus (1),Christ (1)
5,Jesus / Christ,Hauho,Finland/Savo-Karelia,Finnish,su,Jeesus,5,3,1,Jeesus (5),Jesus (5)
5,Jesus / Christ,Hauho,Finland/Savo-Karelia,Finnish,su,Jesus,2,1,1,Jesus (2),Jesus (2)
5,Jesus / Christ,Haukipudas,Finland/Savo-Karelia,Finnish,su,Jesus,1,1,1,Jesus (1),Jesus (1)
5,Jesus / Christ,Haukipudas,Finland/Savo-Karelia,Finnish,su,Kristus,1,1,1,Kristus (1),Christ (1)
5,Jesus / Christ,Helme,Estonia core/west,South Estonian,viE,Jeesus,3,2,1,Jeesus (3),Jesus (3)
5,Jesus / Christ,Hietamäki,Ingria,Finnish,su,Jeesus,2,2,1,Jeesus (2),Jesus (2)
5,Jesus / Christ,Hiitola,Finland/Savo-Karelia,Finnish,su,Jeesus,1,1,1,Jeesus (1),Jesus (1)
5,Jesus / Christ,Hirvensalmi,Finland/Savo-Karelia,Finnish,su,Jeesus,4,2,1,Jeesus (4),Jesus (4)
5,Jesus / Christ,Huittinen,Finland/Savo-Karelia,Finnish,su,Jeesus,1,1,1,Jeesus (1),Jesus (1)
5,Jesus / Christ,Hämeenkyrö,Finland/Savo-Karelia,Finnish,su,Jeesus,1,1,1,Jeesus (1),Jesus (1)
5,Jesus / Christ,Häädemeeste,Estonia core/west,North Estonian,viP,Jeesus,1,1,1,Jeesus (1),Jesus (1)
5,Jesus / Christ,Iisalmi,Finland/Savo-Karelia,Finnish,su,Jeesus,3,3,1,Jeesus (3),Jesus (3)
5,Jesus / Christ,Iisalmi,Finland/Savo-Karelia,Finnish,su,Jesus,2,1,1,Jesus (2),Jesus (2)
5,Jesus / Christ,Iitti,Finland/Savo-Karelia,Finnish,su,Jeesus,3,3,1,Jeesus (3),Jesus (3)
5,Jesus / Christ,Ilomantsi,Finland/Savo-Karelia,Finnish,su,Jeesus,33,25,1,Jeesus (33),Jesus (33)
5,Jesus / Christ,Ilomantsi,Finland/Savo-Karelia,Finnish,su,Kristus,13,5,1,Kristus (13),Christ (13)
5,Jesus / Christ,Ilomantsi,Finland/Savo-Karelia,Finnish,su,Jesus,10,8,1,Jesus (10),Jesus (10)
5,Jesus / Christ,Ilomantsi,Finland/Savo-Karelia,Finnish,su,Jeesuksen,2,1,1,Jeesuksen (2),Jesus (2)
5,Jesus / Christ,Ilomantsi,Finland/Savo-Karelia,Finnish,su,Other,1,1,1,Jumala (1),Jesus (1)
5,Jesus / Christ,Impilahti,East Karelia/Veps/Tver,Livvi-Karelian,ka,Jeesus,20,15,1,Jeesus (20),Jesus (20)
5,Jesus / Christ,Impilahti,East Karelia/Veps/Tver,Livvi-Karelian,ka,Jesus,7,4,1,Jesus (7),Jesus (7)
5,Jesus / Christ,Impilahti,East Karelia/Veps/Tver,Livvi-Karelian,ka,Kristus,3,2,1,Kristus (3),Christ (3)
5,Jesus / Christ,Isojoki,Finland/Savo-Karelia,Finnish,su,Jeesus,3,2,1,Jeesus (3),Jesus (3)
5,Jesus / Christ,Isojoki,Finland/Savo-Karelia,Finnish,su,Jesus,3,2,1,Jesus (3),Jesus (3)
5,Jesus / Christ,Isokyrö,Finland/Savo-Karelia,Finnish,su,Jesus,3,2,1,Jesus (3),Jesus (3)
5,Jesus / Christ,Isokyrö,Finland/Savo-Karelia,Finnish,su,Jeesus,2,2,1,Jeesus (2),Jesus (2)
5,Jesus / Christ,Jaakkima,Finland/Savo-Karelia,Finnish,su,Jeesus,2,2,1,Jeesus (2),Jesus (2)
5,Jesus / Christ,Jaala,Finland/Savo-Karelia,Finnish,su,Jeesus,1,1,1,Jeesus (1),Jesus (1)
5,Jesus / Christ,Jaala,Finland/Savo-Karelia,Finnish,su,Kristus,1,1,1,Kristus (1),Christ (1)
5,Jesus / Christ,Jalasjärvi,Finland/Savo-Karelia,Finnish,su,Jeesus,6,4,1,Jeesus (6),Jesus (6)
5,Jesus / Christ,Jalasjärvi,Finland/Savo-Karelia,Finnish,su,Kristus,1,1,1,Kristus (1),Christ (1)
5,Jesus / Christ,Jokioinen,Finland/Savo-Karelia,Finnish,su,Jeesus,5,4,1,Jeesus (5),Jesus (5)
5,Jesus / Christ,Jokioinen,Finland/Savo-Karelia,Finnish,su,Jeesuksen,1,1,1,Jeesuksen (1),Jesus (1)
5,Jesus / Christ,Joroinen,Finland/Savo-Karelia,Finnish,su,Jeesus,5,3,1,Jeesus (5),Jesus (5)
5,Jesus / Christ,Joroinen,Finland/Savo-Karelia,Finnish,su,Jesus,1,1,1,Jesus (1),Jesus (1)
5,Jesus / Christ,Joutsa,Finland/Savo-Karelia,Finnish,su,Jeesus,1,1,1,Jeesus (1),Jesus (1)
5,Jesus / Christ,Joutsa,Finland/Savo-Karelia,Finnish,su,Jesus,1,1,1,Jesus (1),Jesus (1)
5,Jesus / Christ,Joutseno,Finland/Savo-Karelia,Finnish,su,Jeesus,2,2,1,Jeesus (2),Jesus (2)
5,Jesus / Christ,Junosuvanto,Finland/Savo-Karelia,Tornedalen Finnish,su,Jeesus,1,1,1,Jeesus (1),Jesus (1)
5,Jesus / Christ,Jurva,Finland/Savo-Karelia,Finnish,su,Jeesus,5,5,1,Jeesus (5),Jesus (5)
5,Jesus / Christ,Juuka,Finland/Savo-Karelia,Finnish,su,Jeesus,5,5,1,Jeesus (5),Jesus (5)
5,Jesus / Christ,Juuka,Finland/Savo-Karelia,Finnish,su,Other,1,1,1,Ristus (1),Christ (1)
5,Jesus / Christ,Juupajoki,Finland/Savo-Karelia,Finnish,su,Jeesus,1,1,1,Jeesus (1),Jesus (1)
5,Jesus / Christ,Juupajoki,Finland/Savo-Karelia,Finnish,su,Kristus,1,1,1,Kristus (1),Christ (1)
5,Jesus / Christ,Juuru,Estonia core/west,North Estonian,viP,Jeesus,2,1,1,Jeesus (2),Jesus (2)
5,Jesus / Christ,Juva,Finland/Savo-Karelia,Finnish,su,Jeesus,17,13,1,Jeesus (17),Jesus (17)
5,Jesus / Christ,Juva,Finland/Savo-Karelia,Finnish,su,Jesus,9,7,1,Jesus (9),Jesus (9)
5,Jesus / Christ,Juva,Finland/Savo-Karelia,Finnish,su,Kristus,3,3,1,Kristus (3),Christ (3)
5,Jesus / Christ,Jällivaara,Finland/Savo-Karelia,Tornedalen Finnish,su,Jeesus,7,6,1,Jeesus (7),Jesus (7)
5,Jesus / Christ,Jällivaara,Finland/Savo-Karelia,Tornedalen Finnish,su,Kristus,1,1,1,Kristus (1),Christ (1)
5,Jesus / Christ,Jämsä,Finland/Savo-Karelia,Finnish,su,Jeesus,2,2,1,Jeesus (2),Jesus (2)
5,Jesus / Christ,Jämsä,Finland/Savo-Karelia,Finnish,su,Jesus,1,1,1,Jesus (1),Jesus (1)
5,Jesus / Christ,Jäppilä,Finland/Savo-Karelia,Finnish,su,Jeesus,1,1,1,Jeesus (1),Jesus (1)
5,Jesus / Christ,Järva-Jaani,Estonia core/west,North Estonian,viP,Jeesus,2,1,1,Jeesus (2),Jesus (2)
5,Jesus / Christ,Jõelähtme,Estonia core/west,North Estonian,viP,Jeesus,3,2,1,Jeesus (3),Jesus (3)
5,Jesus / Christ,Jõhvi,Estonia core/west,North Estonian,viP,Jeesus,9,6,1,Jeesus (9),Jesus (9)
5,Jesus / Christ,Jüri,Estonia core/west,North Estonian,viP,Jeesus,1,1,1,Jeesus (1),Jesus (1)
5,Jesus / Christ,Kaarma,Estonia core/west,North Estonian,viP,Jeesus,3,1,1,Jeesus (3),Jesus (3)
5,Jesus / Christ,Kaavi,Finland/Savo-Karelia,Finnish,su,Jeesus,3,3,1,Jeesus (3),Jesus (3)
5,Jesus / Christ,Kadrina,Estonia core/west,North Estonian,viP,Jeesus,14,5,1,Jeesus (14),Jesus (14)
5,Jesus / Christ,Kadrina,Estonia core/west,North Estonian,viP,Jeesukene,2,1,1,Jeesukene (2),Jesus (2)
5,Jesus / Christ,Kadrina,Estonia core/west,North Estonian,viP,Other,2,2,2,Jeesu_kene (1); jeesus (1),Jesus (2)
5,Jesus / Christ,Kalajoki,Finland/Savo-Karelia,Finnish,su,Jeesus,2,1,1,Jeesus (2),Jesus (2)
5,Jesus / Christ,Kalvola,Finland/Savo-Karelia,Finnish,su,Jeesus,3,2,1,Jeesus (3),Jesus (3)
5,Jesus / Christ,Kalvola,Finland/Savo-Karelia,Finnish,su,Jesus,1,1,1,Jesus (1),Jesus (1)
5,Jesus / Christ,Kanepi,South Estonia/Seto,South Estonian,viE,Jeesus,1,1,1,Jeesus (1),Jesus (1)
5,Jesus / Christ,Kanepi,South Estonia/Seto,South Estonian,viE,Kristus,1,1,1,Kristus (1),Christ (1)
5,Jesus / Christ,Kangasniemi,Finland/Savo-Karelia,Finnish,su,Jeesus,6,4,1,Jeesus (6),Jesus (6)
5,Jesus / Christ,Kankaanpää,Finland/Savo-Karelia,Finnish,su,Jeesus,1,1,1,Jeesus (1),Jesus (1)
5,Jesus / Christ,Kankaanpää,Finland/Savo-Karelia,Finnish,su,Jesus,1,1,1,Jesus (1),Jesus (1)
5,Jesus / Christ,Kankaanpää,Finland/Savo-Karelia,Finnish,su,Kristus,1,1,1,Kristus (1),Christ (1)
5,Jesus / Christ,Kanneljärvi,Finland/Savo-Karelia,Finnish,su,Jeesus,3,2,1,Jeesus (3),Jesus (3)
5,Jesus / Christ,Kannus,Finland/Savo-Karelia,Finnish,su,Jeesus,1,1,1,Jeesus (1),Jesus (1)
5,Jesus / Christ,Kaprio,Ingria,Finnish,su,Jeesus,11,9,1,Jeesus (11),Jesus (11)
5,Jesus / Christ,Kaprio,Ingria,Finnish,su,(proper noun),6,1,1,(proper noun) (6),Jesus (6)
5,Jesus / Christ,Kaprio,Ingria,Finnish,su,Kiesus,3,2,1,Kiesus (3),Jesus (3)
5,Jesus / Christ,Kaprio,Ingria,Finnish,su,Jesus,2,2,1,Jesus (2),Jesus (2)
5,Jesus / Christ,Kaprio,Ingria,Finnish,su,Kristus,2,2,1,Kristus (2),Christ (2)
5,Jesus / Christ,Kaprio,Ingria,Finnish,su,Other,1,1,1,Kiesus (proper noun) (1),Jesus (1)
5,Jesus / Christ,Karkku,Finland/Savo-Karelia,Finnish,su,Jeesus,6,4,1,Jeesus (6),Jesus (6)
5,Jesus / Christ,Karksi,Estonia core/west,South Estonian,viE,Jeesus,3,2,1,Jeesus (3),Jesus (3)
5,Jesus / Christ,Karttula,Finland/Savo-Karelia,Finnish,su,Jeesus,3,3,1,Jeesus (3),Jesus (3)
5,Jesus / Christ,Karula,South Estonia/Seto,South Estonian,viE,Other,1,1,1,Jeesu (1),Jesus (1)
5,Jesus / Christ,Karunki,Finland/Savo-Karelia,Finnish,su,Jeesus,1,1,1,Jeesus (1),Jesus (1)
5,Jesus / Christ,Kattila,Ingria,Votic,su,Jeesus,7,4,1,Jeesus (7),Jesus (7)
5,Jesus / Christ,Kattila,Ingria,Votic,su,Kristus,1,1,1,Kristus (1),Christ (1)
5,Jesus / Christ,Kauhava,Finland/Savo-Karelia,Finnish,su,Jeesus,5,5,1,Jeesus (5),Jesus (5)
5,Jesus / Christ,Kauhava,Finland/Savo-Karelia,Finnish,su,Jesus,1,1,1,Jesus (1),Jesus (1)
5,Jesus / Christ,Kauhava,Finland/Savo-Karelia,Finnish,su,Kristus,1,1,1,Kristus (1),Christ (1)
5,Jesus / Christ,Kaustinen,Finland/Savo-Karelia,Finnish,su,Jeesus,1,1,1,Jeesus (1),Jesus (1)
5,Jesus / Christ,Keitele,Finland/Savo-Karelia,Finnish,su,Jeesus,1,1,1,Jeesus (1),Jesus (1)
5,Jesus / Christ,Keltto,Ingria,Finnish,su,Jeesus,1,1,1,Jeesus (1),Jesus (1)
5,Jesus / Christ,Kemi,Finland/Savo-Karelia,Finnish,su,Jeesus,4,3,1,Jeesus (4),Jesus (4)
5,Jesus / Christ,Kemi,Finland/Savo-Karelia,Finnish,su,Kristus,2,1,1,Kristus (2),Christ (2)
5,Jesus / Christ,Kerimäki,Finland/Savo-Karelia,Finnish,su,Jeesus,3,3,1,Jeesus (3),Jesus (3)
5,Jesus / Christ,Kerimäki,Finland/Savo-Karelia,Finnish,su,Jesus,1,1,1,Jesus (1),Jesus (1)
5,Jesus / Christ,Kestilä,Finland/Savo-Karelia,Finnish,su,Jeesus,4,1,1,Jeesus (4),Jesus (4)
5,Jesus / Christ,Kesälahti,Finland/Savo-Karelia,Finnish,su,Jeesus,12,6,1,Jeesus (12),Jesus (12)
5,Jesus / Christ,Kesälahti,Finland/Savo-Karelia,Finnish,su,Jesus,1,1,1,Jesus (1),Jesus (1)
5,Jesus / Christ,Kiestinki,East Karelia/Veps/Tver,Karelian Proper,ka,Jeesus,2,2,1,Jeesus (2),Jesus (2)
5,Jesus / Christ,Kiihtelysvaara,Finland/Savo-Karelia,Finnish,su,Jeesus,5,5,1,Jeesus (5),Jesus (5)
5,Jesus / Christ,Kiihtelysvaara,Finland/Savo-Karelia,Finnish,su,Jesus,4,1,1,Jesus (4),Jesus (4)
5,Jesus / Christ,Kiikala,Finland/Savo-Karelia,Finnish,su,Kristus,1,1,1,Kristus (1),Christ (1)
5,Jesus / Christ,Kiimaisjärvi,East Karelia/Veps/Tver,Karelian Proper,ka,Jeesus,1,1,1,Jeesus (1),Jesus (1)
5,Jesus / Christ,Kitee,Finland/Savo-Karelia,Finnish,su,Jeesus,37,25,1,Jeesus (37),Jesus (37)
5,Jesus / Christ,Kitee,Finland/Savo-Karelia,Finnish,su,Jesus,6,4,1,Jesus (6),Jesus (6)
5,Jesus / Christ,Kitee,Finland/Savo-Karelia,Finnish,su,Kristus,2,1,1,Kristus (2),Christ (2)
5,Jesus / Christ,Kitee,Finland/Savo-Karelia,Finnish,su,Jeesuksen,1,1,1,Jeesuksen (1),Jesus (1)
5,Jesus / Christ,Kittilä,Finland/Savo-Karelia,Finnish,su,Jeesus,3,2,1,Jeesus (3),Jesus (3)
5,Jesus / Christ,Kiukainen,Finland/Savo-Karelia,Finnish,su,Jeesus,2,1,1,Jeesus (2),Jesus (2)
5,Jesus / Christ,Kiuruvesi,Finland/Savo-Karelia,Finnish,su,Jeesus,6,2,1,Jeesus (6),Jesus (6)
5,Jesus / Christ,Kiuruvesi,Finland/Savo-Karelia,Finnish,su,Jeesuksen,2,2,1,Jeesuksen (2),Jesus (2)
5,Jesus / Christ,Kiuruvesi,Finland/Savo-Karelia,Finnish,su,Jesus,1,1,1,Jesus (1),Jesus (1)
5,Jesus / Christ,Kiuruvesi,Finland/Savo-Karelia,Finnish,su,Kristus,1,1,1,Kristus (1),Christ (1)
5,Jesus / Christ,Kivennapa,Finland/Savo-Karelia,Finnish,su,Kristus,2,2,1,Kristus (2),Christ (2)
5,Jesus / Christ,Kivijärvi,Finland/Savo-Karelia,Finnish,su,Jeesus,3,3,1,Jeesus (3),Jesus (3)
5,Jesus / Christ,Kivijärvi,Finland/Savo-Karelia,Finnish,su,Jesus,3,3,1,Jesus (3),Jesus (3)
5,Jesus / Christ,Kivijärvi,Finland/Savo-Karelia,Finnish,su,Jeesuksen,1,1,1,Jeesuksen (1),Jesus (1)
5,Jesus / Christ,Kodavere,Estonia core/west,North Estonian,viP,Jeesus,5,4,1,Jeesus (5),Jesus (5)
5,Jesus / Christ,Kodavere,Estonia core/west,North Estonian,viP,Kristus,3,2,1,Kristus (3),Christ (3)
5,Jesus / Christ,Koeru,Estonia core/west,North Estonian,viP,Jeesus,8,5,1,Jeesus (8),Jesus (8)
5,Jesus / Christ,Koivisto,Finland/Savo-Karelia,Finnish,su,Jeesus,6,3,1,Jeesus (6),Jesus (6)
5,Jesus / Christ,Kolari,Finland/Savo-Karelia,Finnish,su,Jeesus,3,3,1,Jeesus (3),Jesus (3)
5,Jesus / Christ,Kolga-Jaani,Estonia core/west,North Estonian,viP,Jeesus,4,2,1,Jeesus (4),Jesus (4)
5,Jesus / Christ,Kontiolahti,Finland/Savo-Karelia,Finnish,su,Jeesus,3,2,1,Jeesus (3),Jesus (3)
5,Jesus / Christ,Kontiolahti,Finland/Savo-Karelia,Finnish,su,Other,1,1,1,jesus (1),Jesus (1)
5,Jesus / Christ,Kontokki,East Karelia/Veps/Tver,Karelian Proper,ka,Jeesus,3,3,1,Jeesus (3),Jesus (3)
5,Jesus / Christ,Koprina,Ingria,Finnish,su,Jeesus,10,7,1,Jeesus (10),Jesus (10)
5,Jesus / Christ,Koprina,Ingria,Finnish,su,Jeesuksen,1,1,1,Jeesuksen (1),Jesus (1)
5,Jesus / Christ,Koprina,Ingria,Finnish,su,Jesus,1,1,1,Jesus (1),Jesus (1)
5,Jesus / Christ,Korpilahti,Finland/Savo-Karelia,Finnish,su,Jeesus,9,8,1,Jeesus (9),Jesus (9)
5,Jesus / Christ,Korpilahti,Finland/Savo-Karelia,Finnish,su,Jesus,4,4,1,Jesus (4),Jesus (4)
5,Jesus / Christ,Korpilompolo,Finland/Savo-Karelia,Tornedalen Finnish,su,Jeesus,2,2,1,Jeesus (2),Jesus (2)
5,Jesus / Christ,Korpiselkä,East Karelia/Veps/Tver,Karelian Proper,ka,Jeesus,31,19,1,Jeesus (31),Jesus (31)
5,Jesus / Christ,Korpiselkä,East Karelia/Veps/Tver,Karelian Proper,ka,Kristus,8,3,1,Kristus (8),Christ (8)
5,Jesus / Christ,Korpiselkä,East Karelia/Veps/Tver,Karelian Proper,ka,Jesus,1,1,1,Jesus (1),Jesus (1)
5,Jesus / Christ,Kortesjärvi,Finland/Savo-Karelia,Finnish,su,Kristus,1,1,1,Kristus (1),Christ (1)
5,Jesus / Christ,Koski Hl.,Finland/Savo-Karelia,Finnish,su,Jesus,4,2,1,Jesus (4),Jesus (4)
5,Jesus / Christ,Koski Tl.,Finland/Savo-Karelia,Finnish,su,Kristus,2,2,1,Kristus (2),Christ (2)
5,Jesus / Christ,Koski Tl.,Finland/Savo-Karelia,Finnish,su,Jeesus,1,1,1,Jeesus (1),Jesus (1)
5,Jesus / Christ,Koski Tl.,Finland/Savo-Karelia,Finnish,su,Kiesus,1,1,1,Kiesus (1),Jesus (1)
5,Jesus / Christ,Kuhmo,Finland/Savo-Karelia,Finnish,su,Jeesus,1,1,1,Jeesus (1),Jesus (1)
5,Jesus / Christ,Kuhmoinen,Finland/Savo-Karelia,Finnish,su,Jeesus,3,3,1,Jeesus (3),Jesus (3)
5,Jesus / Christ,Kuhmoinen,Finland/Savo-Karelia,Finnish,su,Jesus,3,2,1,Jesus (3),Jesus (3)
5,Jesus / Christ,Kuhmoinen,Finland/Savo-Karelia,Finnish,su,Kristus,2,2,1,Kristus (2),Christ (2)
5,Jesus / Christ,Kuolemajärvi,Finland/Savo-Karelia,Finnish,su,Jeesus,1,1,1,Jeesus (1),Jesus (1)
5,Jesus / Christ,Kuopio,Finland/Savo-Karelia,Finnish,su,Jeesus,4,4,1,Jeesus (4),Jesus (4)
5,Jesus / Christ,Kuorevesi,Finland/Savo-Karelia,Finnish,su,Jeesuksen,1,1,1,Jeesuksen (1),Jesus (1)
5,Jesus / Christ,Kuorevesi,Finland/Savo-Karelia,Finnish,su,Jesus,1,1,1,Jesus (1),Jesus (1)
5,Jesus / Christ,Kuorevesi,Finland/Savo-Karelia,Finnish,su,Kristus,1,1,1,Kristus (1),Christ (1)
5,Jesus / Christ,Kupanitsa,Ingria,Finnish,su,Jeesus,5,2,1,Jeesus (5),Jesus (5)
5,Jesus / Christ,Kupanitsa,Ingria,Finnish,su,Jesus,1,1,1,Jesus (1),Jesus (1)
5,Jesus / Christ,Kurikka,Finland/Savo-Karelia,Finnish,su,Jeesus,1,1,1,Jeesus (1),Jesus (1)
5,Jesus / Christ,Kuru,Finland/Savo-Karelia,Finnish,su,Jeesus,1,1,1,Jeesus (1),Jesus (1)
5,Jesus / Christ,Kuru,Finland/Savo-Karelia,Finnish,su,Kristus,1,1,1,Kristus (1),Christ (1)
5,Jesus / Christ,Kuusalu,Estonia core/west,North Estonian,viP,Jeesus,11,8,1,Jeesus (11),Jesus (11)
5,Jesus / Christ,Kuusalu,Estonia core/west,North Estonian,viP,Kristus,6,6,1,Kristus (6),Christ (6)
5,Jesus / Christ,Kuusalu,Estonia core/west,North Estonian,viP,Jeesukene,1,1,1,Jeesukene (1),Jesus (1)
5,Jesus / Christ,Kuusalu,Estonia core/west,North Estonian,viP,Jesus,1,1,1,Jesus (1),Jesus (1)
5,Jesus / Christ,Kuusalu,Estonia core/west,North Estonian,viP,Other,1,1,1,Iesus (1),Jesus (1)
5,Jesus / Christ,Kuusamo,Finland/Savo-Karelia,Finnish,su,Jeesus,4,4,1,Jeesus (4),Jesus (4)
5,Jesus / Christ,Kuusjärvi,Finland/Savo-Karelia,Finnish,su,Jeesus,1,1,1,Jeesus (1),Jesus (1)
5,Jesus / Christ,Kylmäkoski,Finland/Savo-Karelia,Finnish,su,Jeesus,1,1,1,Jeesus (1),Jesus (1)
5,Jesus / Christ,Kärkölä,Finland/Savo-Karelia,Finnish,su,Jeesus,1,1,1,Jeesus (1),Jesus (1)
5,Jesus / Christ,Kõpu,Estonia core/west,North Estonian,viP,Jeesus,1,1,1,Jeesus (1),Jesus (1)
5,Jesus / Christ,Kõpu,Estonia core/west,North Estonian,viP,Kristus,1,1,1,Kristus (1),Christ (1)
5,Jesus / Christ,Laihia,Finland/Savo-Karelia,Finnish,su,Jeesus,2,2,1,Jeesus (2),Jesus (2)
5,Jesus / Christ,Laiuse,Estonia core/west,North Estonian,viP,Kristus,4,3,1,Kristus (4),Christ (4)
5,Jesus / Christ,Laiuse,Estonia core/west,North Estonian,viP,Jeesus,2,2,1,Jeesus (2),Jesus (2)
5,Jesus / Christ,Lammi,Finland/Savo-Karelia,Finnish,su,Jeesus,2,1,1,Jeesus (2),Jesus (2)
5,Jesus / Christ,Lapinlahti,Finland/Savo-Karelia,Finnish,su,Kiesus,1,1,1,Kiesus (1),Jesus (1)
5,Jesus / Christ,Lappajärvi,Finland/Savo-Karelia,Finnish,su,Jeesus,1,1,1,Jeesus (1),Jesus (1)
5,Jesus / Christ,Lappajärvi,Finland/Savo-Karelia,Finnish,su,Kiesus,1,1,1,Kiesus (1),Jesus (1)
5,Jesus / Christ,Lappee,Finland/Savo-Karelia,Finnish,su,Jeesus,1,1,1,Jeesus (1),Jesus (1)
5,Jesus / Christ,Lavansaari,Finland/Savo-Karelia,Finnish,su,Jeesus,1,1,1,Jeesus (1),Jesus (1)
5,Jesus / Christ,Lehtimäki,Finland/Savo-Karelia,Finnish,su,Kristus,1,1,1,Kristus (1),Christ (1)
5,Jesus / Christ,Lempaala,Finland/Savo-Karelia,Finnish,su,Jeesus,76,44,1,Jeesus (76),Jesus (76)
5,Jesus / Christ,Lempaala,Finland/Savo-Karelia,Finnish,su,Jesus,9,4,1,Jesus (9),Jesus (9)
5,Jesus / Christ,Leppävirta,Finland/Savo-Karelia,Finnish,su,Jeesus,3,2,1,Jeesus (3),Jesus (3)
5,Jesus / Christ,Leppävirta,Finland/Savo-Karelia,Finnish,su,Jesus,1,1,1,Jesus (1),Jesus (1)
5,Jesus / Christ,Lieto,Finland/Savo-Karelia,Finnish,su,Kristus,1,1,1,Kristus (1),Christ (1)
5,Jesus / Christ,Liissilä,Ingria,Finnish,su,Jeesus,36,17,1,Jeesus (36),Jesus (36)
5,Jesus / Christ,Liissilä,Ingria,Finnish,su,Kristus,5,3,1,Kristus (5),Christ (5)
5,Jesus / Christ,Liperi,Finland/Savo-Karelia,Finnish,su,Jeesus,8,6,1,Jeesus (8),Jesus (8)
5,Jesus / Christ,Liperi,Finland/Savo-Karelia,Finnish,su,Jesus,1,1,1,Jesus (1),Jesus (1)
5,Jesus / Christ,Loppi,Finland/Savo-Karelia,Finnish,su,Jeesus,5,5,1,Jeesus (5),Jesus (5)
5,Jesus / Christ,Loppi,Finland/Savo-Karelia,Finnish,su,Jesus,1,1,1,Jesus (1),Jesus (1)
5,Jesus / Christ,Luhanka,Finland/Savo-Karelia,Finnish,su,Jeesus,2,1,1,Jeesus (2),Jesus (2)
5,Jesus / Christ,Luopioinen,Finland/Savo-Karelia,Finnish,su,Jeesus,3,1,1,Jeesus (3),Jesus (3)
5,Jesus / Christ,Luumäki,Finland/Savo-Karelia,Finnish,su,Jeesus,3,2,1,Jeesus (3),Jesus (3)
5,Jesus / Christ,Luumäki,Finland/Savo-Karelia,Finnish,su,Jesus,1,1,1,Jesus (1),Jesus (1)
5,Jesus / Christ,Lüganuse,Estonia core/west,North Estonian,viP,Jeesus,6,3,1,Jeesus (6),Jesus (6)
5,Jesus / Christ,Maaninka,Finland/Savo-Karelia,Finnish,su,Jeesus,3,3,1,Jeesus (3),Jesus (3)
5,Jesus / Christ,Maaria,Finland/Savo-Karelia,Finnish,su,Jeesus,1,1,1,Jeesus (1),Jesus (1)
5,Jesus / Christ,Maarja-Magdaleena,Estonia core/west,North Estonian,viP,Jeesus,3,1,1,Jeesus (3),Jesus (3)
5,Jesus / Christ,Maarja-Magdaleena,Estonia core/west,North Estonian,viP,Kristus,2,1,1,Kristus (2),Christ (2)
5,Jesus / Christ,Markkova,Ingria,Finnish,suI,Jesus,3,1,1,Jesus (3),Jesus (3)
5,Jesus / Christ,Marttila,Finland/Savo-Karelia,Finnish,su,Jeesus,9,6,1,Jeesus (9),Jesus (9)
5,Jesus / Christ,Marttila,Finland/Savo-Karelia,Finnish,su,Jesus,3,3,1,Jesus (3),Jesus (3)
5,Jesus / Christ,Metsäpirtti,Finland/Savo-Karelia,Finnish,su,Jeesus,12,6,1,Jeesus (12),Jesus (12)
5,Jesus / Christ,Mietoinen,Finland/Savo-Karelia,Finnish,su,Jeesus,1,1,1,Jeesus (1),Jesus (1)
5,Jesus / Christ,Mietoinen,Finland/Savo-Karelia,Finnish,su,Kristus,1,1,1,Kristus (1),Christ (1)
5,Jesus / Christ,Moloskovitsa,Ingria,Finnish,su,Jeesus,12,6,1,Jeesus (12),Jesus (12)
5,Jesus / Christ,Muhos,Finland/Savo-Karelia,Finnish,su,Jeesus,1,1,1,Jeesus (1),Jesus (1)
5,Jesus / Christ,Muhu,Estonia core/west,North Estonian,viP,Jeesus,1,1,1,Jeesus (1),Jesus (1)
5,Jesus / Christ,Multia,Finland/Savo-Karelia,Finnish,su,Jesus,2,1,1,Jesus (2),Jesus (2)
5,Jesus / Christ,Multia,Finland/Savo-Karelia,Finnish,su,Jeesus,1,1,1,Jeesus (1),Jesus (1)
5,Jesus / Christ,Muonio,Finland/Savo-Karelia,Finnish,su,Jeesus,1,1,1,Jeesus (1),Jesus (1)
5,Jesus / Christ,Muurla,Finland/Savo-Karelia,Finnish,su,Jeesus,1,1,1,Jeesus (1),Jesus (1)
5,Jesus / Christ,Muuruvesi,Finland/Savo-Karelia,Finnish,su,Jeesus,1,1,1,Jeesus (1),Jesus (1)
5,Jesus / Christ,Mäntyharju,Finland/Savo-Karelia,Finnish,su,Jeesus,5,3,1,Jeesus (5),Jesus (5)
5,Jesus / Christ,Narvusi,Ingria,Ingrian,in,Jeesus,67,37,1,Jeesus (67),Jesus (67)
5,Jesus / Christ,Narvusi,Ingria,Ingrian,in,Jesus,18,6,1,Jesus (18),Jesus (18)
5,Jesus / Christ,Narvusi,Ingria,Ingrian,in,Kristus,9,5,1,Kristus (9),Christ (9)
5,Jesus / Christ,Narvusi,Ingria,Ingrian,in,Other,3,2,3,Isus (1); Hristos (1); Antti & Kristus (1),Christ (2); Jesus (1)
5,Jesus / Christ,Narvusi,Ingria,Ingrian,in,Jeesuksen,2,2,1,Jeesuksen (2),Jesus (2)
5,Jesus / Christ,Nastola,Finland/Savo-Karelia,Finnish,su,Jesus,2,1,1,Jesus (2),Jesus (2)
5,Jesus / Christ,Nastola,Finland/Savo-Karelia,Finnish,su,Jeesus,1,1,1,Jeesus (1),Jesus (1)
5,Jesus / Christ,Nekkula,East Karelia/Veps/Tver,Karelian Proper,ka,Jeesus,1,1,1,Jeesus (1),Jesus (1)
5,Jesus / Christ,Nekkula,East Karelia/Veps/Tver,Karelian Proper,ka,Kristus,1,1,1,Kristus (1),Christ (1)
5,Jesus / Christ,Nekkula,East Karelia/Veps/Tver,Karelian Proper,ka,Other,1,1,1,Kristos (1),Christ (1)
5,Jesus / Christ,Nilsiä,Finland/Savo-Karelia,Finnish,su,Jeesus,7,7,1,Jeesus (7),Jesus (7)
5,Jesus / Christ,Nilsiä,Finland/Savo-Karelia,Finnish,su,Kristus,1,1,1,Kristus (1),Christ (1)
5,Jesus / Christ,Nord-Kapp,Finland/Savo-Karelia,Kven Finnish,su,Jeesus,3,3,1,Jeesus (3),Jesus (3)
5,Jesus / Christ,Norra Finnskoga,Finland/Savo-Karelia,Finnish,su,Jeesus,3,2,1,Jeesus (3),Jesus (3)
5,Jesus / Christ,Nousiainen,Finland/Savo-Karelia,Finnish,su,Kristus,1,1,1,Kristus (1),Christ (1)
5,Jesus / Christ,Nurmes,Finland/Savo-Karelia,Finnish,su,Jeesus,7,5,1,Jeesus (7),Jesus (7)
5,Jesus / Christ,Nurmes,Finland/Savo-Karelia,Finnish,su,Jeesuksen,1,1,1,Jeesuksen (1),Jesus (1)
5,Jesus / Christ,Nyskoga,Finland/Savo-Karelia,Finnish,su,Jeesus,2,2,1,Jeesus (2),Jesus (2)
5,Jesus / Christ,Orsa,Finland/Savo-Karelia,Finnish,su,Jeesus,1,1,1,Jeesus (1),Jesus (1)
5,Jesus / Christ,Orsa,Finland/Savo-Karelia,Finnish,su,Other,1,1,1,Kiesus-ni (1),Jesus (1)
5,Jesus / Christ,Oulu,Finland/Savo-Karelia,Finnish,su,Jeesus,3,3,1,Jeesus (3),Jesus (3)
5,Jesus / Christ,Padasjoki,Finland/Savo-Karelia,Finnish,su,Jeesus,1,1,1,Jeesus (1),Jesus (1)
5,Jesus / Christ,Paistu,Estonia core/west,South Estonian,viE,Jeesus,1,1,1,Jeesus (1),Jesus (1)
5,Jesus / Christ,Pajala,Finland/Savo-Karelia,Tornedalen Finnish,su,Jeesus,3,3,1,Jeesus (3),Jesus (3)
5,Jesus / Christ,Pajala,Finland/Savo-Karelia,Tornedalen Finnish,su,Jesus,2,2,1,Jesus (2),Jesus (2)
5,Jesus / Christ,Palamuse,Estonia core/west,North Estonian,viP,Jeesus,6,3,1,Jeesus (6),Jesus (6)
5,Jesus / Christ,Paltamo,Finland/Savo-Karelia,Finnish,su,Jesus,2,2,1,Jesus (2),Jesus (2)
5,Jesus / Christ,Parkano,Finland/Savo-Karelia,Finnish,su,Jesus,4,3,1,Jesus (4),Jesus (4)
5,Jesus / Christ,Parkano,Finland/Savo-Karelia,Finnish,su,Jeesus,2,2,1,Jeesus (2),Jesus (2)
5,Jesus / Christ,Perniö,Finland/Savo-Karelia,Finnish,su,Kristus,1,1,1,Kristus (1),Christ (1)
5,Jesus / Christ,Pieksämäki,Finland/Savo-Karelia,Finnish,su,Jeesus,3,3,1,Jeesus (3),Jesus (3)
5,Jesus / Christ,Pielavesi,Finland/Savo-Karelia,Finnish,su,Jeesus,9,6,1,Jeesus (9),Jesus (9)
5,Jesus / Christ,Pielisjärvi,Finland/Savo-Karelia,Finnish,su,Jeesus,10,5,1,Jeesus (10),Jesus (10)
5,Jesus / Christ,Pielisjärvi,Finland/Savo-Karelia,Finnish,su,Jeesuksen,1,1,1,Jeesuksen (1),Jesus (1)
5,Jesus / Christ,Pielisjärvi,Finland/Savo-Karelia,Finnish,su,Jesus,1,1,1,Jesus (1),Jesus (1)
5,Jesus / Christ,Piippola,Finland/Savo-Karelia,Finnish,su,Jesus,3,1,1,Jesus (3),Jesus (3)
5,Jesus / Christ,Piippola,Finland/Savo-Karelia,Finnish,su,Jeesus,1,1,1,Jeesus (1),Jesus (1)
5,Jesus / Christ,Pilistvere,Estonia core/west,North Estonian,viP,Kristus,2,2,1,Kristus (2),Christ (2)
5,Jesus / Christ,Pilistvere,Estonia core/west,North Estonian,viP,Jeesus,1,1,1,Jeesus (1),Jesus (1)
5,Jesus / Christ,Pirkkala,Finland/Savo-Karelia,Finnish,su,Jesus,2,2,1,Jesus (2),Jesus (2)
5,Jesus / Christ,Pistojärvi,East Karelia/Veps/Tver,Karelian Proper,ka,Jeesus,3,3,1,Jeesus (3),Jesus (3)
5,Jesus / Christ,Polvijärvi,Finland/Savo-Karelia,Finnish,su,Jeesus,1,1,1,Jeesus (1),Jesus (1)
5,Jesus / Christ,Pomarkku,Finland/Savo-Karelia,Finnish,su,Kristus,1,1,1,Kristus (1),Christ (1)
5,Jesus / Christ,Porajärvi,East Karelia/Veps/Tver,Karelian Proper,kaV,Jeesus,8,8,1,Jeesus (8),Jesus (8)
5,Jesus / Christ,Porajärvi,East Karelia/Veps/Tver,Karelian Proper,kaV,Other,3,2,2,Kristian (2); Hristos (Russian) (1),Christ (3)
5,Jesus / Christ,Porajärvi,East Karelia/Veps/Tver,Karelian Proper,kaV,Jesus,2,2,1,Jesus (2),Jesus (2)
5,Jesus / Christ,Porajärvi,East Karelia/Veps/Tver,Karelian Proper,kaV,Kristus,1,1,1,Kristus (1),Christ (1)
5,Jesus / Christ,Pori,Finland/Savo-Karelia,Finnish,su,Jeesus,3,3,1,Jeesus (3),Jesus (3)
5,Jesus / Christ,Porsanki,Finland/Savo-Karelia,Kven Finnish,su,Jeesus,3,3,1,Jeesus (3),Jesus (3)
5,Jesus / Christ,Pudasjärvi,Finland/Savo-Karelia,Finnish,su,Jeesus,1,1,1,Jeesus (1),Jesus (1)
5,Jesus / Christ,Puhja,Estonia core/west,South Estonian,viE,Jeesus,2,2,1,Jeesus (2),Jesus (2)
5,Jesus / Christ,Puhja,Estonia core/west,South Estonian,viE,Jesus,1,1,1,Jesus (1),Jesus (1)
5,Jesus / Christ,Puolanka,Finland/Savo-Karelia,Finnish,su,Jeesus,3,3,1,Jeesus (3),Jesus (3)
5,Jesus / Christ,Puumala,Finland/Savo-Karelia,Finnish,su,Jeesus,2,2,1,Jeesus (2),Jesus (2)
5,Jesus / Christ,Puumala,Finland/Savo-Karelia,Finnish,su,Kristus,1,1,1,Kristus (1),Christ (1)
5,Jesus / Christ,Pyhäjärvi Ol.,Finland/Savo-Karelia,Finnish,su,Jesus,2,2,1,Jesus (2),Jesus (2)
5,Jesus / Christ,Pyhäjärvi Ul.,Finland/Savo-Karelia,Finnish,su,Jeesus,1,1,1,Jeesus (1),Jesus (1)
5,Jesus / Christ,Pyhäjärvi Ul.,Finland/Savo-Karelia,Finnish,su,Kristus,1,1,1,Kristus (1),Christ (1)
5,Jesus / Christ,Pyhäjärvi Vpl.,Finland/Savo-Karelia,Finnish,su,Kristus,2,2,1,Kristus (2),Christ (2)
5,Jesus / Christ,Pyhäjärvi Vpl.,Finland/Savo-Karelia,Finnish,su,Jeesus,1,1,1,Jeesus (1),Jesus (1)
5,Jesus / Christ,Pyhämaa,Finland/Savo-Karelia,Finnish,su,Kristus,1,1,1,Kristus (1),Christ (1)
5,Jesus / Christ,Pälkjärvi,Finland/Savo-Karelia,Finnish,su,Jesus,3,1,1,Jesus (3),Jesus (3)
5,Jesus / Christ,Pälkäne,Finland/Savo-Karelia,Finnish,su,Jeesus,2,2,1,Jeesus (2),Jesus (2)
5,Jesus / Christ,Pärnu-Jaagupi,Estonia core/west,North Estonian,viP,Jeesus,7,1,1,Jeesus (7),Jesus (7)
5,Jesus / Christ,Pärnu-Jaagupi,Estonia core/west,North Estonian,viP,Jeesuke,3,1,1,Jeesuke (3),Jesus (3)
5,Jesus / Christ,Põltsamaa,Estonia core/west,North Estonian,viP,Jeesus,5,3,1,Jeesus (5),Jesus (5)
5,Jesus / Christ,Põlva,South Estonia/Seto,South Estonian,viE,Kristus,1,1,1,Kristus (1),Christ (1)
5,Jesus / Christ,Pöide,Estonia core/west,North Estonian,viP,Jeesus,1,1,1,Jeesus (1),Jesus (1)
5,Jesus / Christ,Pühalepa,Estonia core/west,North Estonian,viP,Other,1,1,1,Jeesusesse (1),Jesus (1)
5,Jesus / Christ,Rannu,Estonia core/west,South Estonian,viE,Jeesus,3,1,1,Jeesus (3),Jesus (3)
5,Jesus / Christ,Rannu,Estonia core/west,South Estonian,viE,Kristus,2,2,1,Kristus (2),Christ (2)
5,Jesus / Christ,Rantasalmi,Finland/Savo-Karelia,Finnish,su,Jeesus,4,3,1,Jeesus (4),Jesus (4)
5,Jesus / Christ,Rantsila,Finland/Savo-Karelia,Finnish,su,Jeesus,4,2,1,Jeesus (4),Jesus (4)
5,Jesus / Christ,Rautavaara,Finland/Savo-Karelia,Finnish,su,Jeesus,10,5,1,Jeesus (10),Jesus (10)
5,Jesus / Christ,Rautjärvi,Finland/Savo-Karelia,Finnish,su,Jeesus,2,2,1,Jeesus (2),Jesus (2)
5,Jesus / Christ,Rautu,Finland/Savo-Karelia,Finnish,su,Jeesus,4,3,1,Jeesus (4),Jesus (4)
5,Jesus / Christ,Reisjärvi,Finland/Savo-Karelia,Finnish,su,Jeesus,1,1,1,Jeesus (1),Jesus (1)
5,Jesus / Christ,Renko,Finland/Savo-Karelia,Finnish,su,Jeesus,1,1,1,Jeesus (1),Jesus (1)
5,Jesus / Christ,Renko,Finland/Savo-Karelia,Finnish,su,Jesus,1,1,1,Jesus (1),Jesus (1)
5,Jesus / Christ,Repola,East Karelia/Veps/Tver,Karelian Proper,kaV,Jeesus,9,2,1,Jeesus (9),Jesus (9)
5,Jesus / Christ,Repola,East Karelia/Veps/Tver,Karelian Proper,kaV,Kristus,3,2,1,Kristus (3),Christ (3)
5,Jesus / Christ,Riipuskala,East Karelia/Veps/Tver,Karelian Proper,ka,Kristus,2,2,1,Kristus (2),Christ (2)
5,Jesus / Christ,Riistavesi,Finland/Savo-Karelia,Finnish,su,Kristus,1,1,1,Kristus (1),Christ (1)
5,Jesus / Christ,Risti,Estonia core/west,North Estonian,viP,Jeesuke,2,1,1,Jeesuke (2),Jesus (2)
5,Jesus / Christ,Risti,Estonia core/west,North Estonian,viP,Jeesus,2,1,1,Jeesus (2),Jesus (2)
5,Jesus / Christ,Ristiina,Finland/Savo-Karelia,Finnish,su,Kristus,2,1,1,Kristus (2),Christ (2)
5,Jesus / Christ,Ristiina,Finland/Savo-Karelia,Finnish,su,Jeesus,1,1,1,Jeesus (1),Jesus (1)
5,Jesus / Christ,Ropsu,Ingria,Finnish,su,Jeesus,3,1,1,Jeesus (3),Jesus (3)
5,Jesus / Christ,Rovaniemi,Finland/Savo-Karelia,Finnish,su,Jeesus,5,5,1,Jeesus (5),Jesus (5)
5,Jesus / Christ,Ruskeala,East Karelia/Veps/Tver,Finnish,su,Jeesus,1,1,1,Jeesus (1),Jesus (1)
5,Jesus / Christ,Ruskeala,East Karelia/Veps/Tver,Finnish,su,Jesus,1,1,1,Jesus (1),Jesus (1)
5,Jesus / Christ,Räisälä,Finland/Savo-Karelia,Finnish,su,Jeesus,2,1,1,Jeesus (2),Jesus (2)
5,Jesus / Christ,Räpina,South Estonia/Seto,South Estonian,viE,Jeesus,14,2,1,Jeesus (14),Jesus (14)
5,Jesus / Christ,Rääkkylä,Finland/Savo-Karelia,Finnish,su,Jeesus,5,5,1,Jeesus (5),Jesus (5)
5,Jesus / Christ,Rääkkylä,Finland/Savo-Karelia,Finnish,su,Jesus,2,1,1,Jesus (2),Jesus (2)
5,Jesus / Christ,Rääkkylä,Finland/Savo-Karelia,Finnish,su,Kristus,1,1,1,Kristus (1),Christ (1)
5,Jesus / Christ,Rääpyvä,Ingria,Finnish,su,Jesus,2,2,1,Jesus (2),Jesus (2)
5,Jesus / Christ,Rääpyvä,Ingria,Finnish,su,Jeesus,1,1,1,Jeesus (1),Jesus (1)
5,Jesus / Christ,Rõngu,Estonia core/west,South Estonian,viE,Jeesus,13,10,1,Jeesus (13),Jesus (13)
5,Jesus / Christ,Rõngu,Estonia core/west,South Estonian,viE,Kristus,1,1,1,Kristus (1),Christ (1)
5,Jesus / Christ,Rõuge,South Estonia/Seto,South Estonian,viE,Jeesus,1,1,1,Jeesus (1),Jesus (1)
5,Jesus / Christ,Saarde,Estonia core/west,North Estonian,viP,Jeesus,6,5,1,Jeesus (6),Jesus (6)
5,Jesus / Christ,Saarde,Estonia core/west,North Estonian,viP,Kristus,4,3,1,Kristus (4),Christ (4)
5,Jesus / Christ,Saarijärvi,Finland/Savo-Karelia,Finnish,su,Jeesus,1,1,1,Jeesus (1),Jesus (1)
5,Jesus / Christ,Sahalahti,Finland/Savo-Karelia,Finnish,su,Jesus,2,1,1,Jesus (2),Jesus (2)
5,Jesus / Christ,Sahalahti,Finland/Savo-Karelia,Finnish,su,Jeesus,1,1,1,Jeesus (1),Jesus (1)
5,Jesus / Christ,Sakkola,Finland/Savo-Karelia,Finnish,su,Jeesus,7,3,1,Jeesus (7),Jesus (7)
5,Jesus / Christ,Sakkola,Finland/Savo-Karelia,Finnish,su,Jesus,4,3,1,Jesus (4),Jesus (4)
5,Jesus / Christ,Salmi,East Karelia/Veps/Tver,Livvi-Karelian,ka,Jeesus,32,10,1,Jeesus (32),Jesus (32)
5,Jesus / Christ,Salmi,East Karelia/Veps/Tver,Livvi-Karelian,ka,Kristus,8,8,1,Kristus (8),Christ (8)
5,Jesus / Christ,Salmi,East Karelia/Veps/Tver,Livvi-Karelian,ka,Other,4,2,2,hristos (3); Kristus (loanword) (1),Christ (4)
5,Jesus / Christ,Sangaste,Estonia core/west,South Estonian,viE,Jeesus,4,4,1,Jeesus (4),Jesus (4)
5,Jesus / Christ,Sangaste,Estonia core/west,South Estonian,viE,Kristus,3,3,1,Kristus (3),Christ (3)
5,Jesus / Christ,Sangaste,Estonia core/west,South Estonian,viE,Other,1,1,1,Jeesusesse (1),Jesus (1)
5,Jesus / Christ,Sauvo,Finland/Savo-Karelia,Finnish,su,Jeesus,3,1,1,Jeesus (3),Jesus (3)
5,Jesus / Christ,Sauvo,Finland/Savo-Karelia,Finnish,su,Kristus,1,1,1,Kristus (1),Christ (1)
5,Jesus / Christ,Savitaipale,Finland/Savo-Karelia,Finnish,su,Jeesus,2,1,1,Jeesus (2),Jesus (2)
5,Jesus / Christ,Savitaipale,Finland/Savo-Karelia,Finnish,su,Jeesuksen,1,1,1,Jeesuksen (1),Jesus (1)
5,Jesus / Christ,Seiskari,Finland/Savo-Karelia,Finnish,su,Jeesus,1,1,1,Jeesus (1),Jesus (1)
5,Jesus / Christ,Serepetta,Ingria,Finnish,su,Jeesus,1,1,1,Jeesus (1),Jesus (1)
5,Jesus / Christ,Serepetta,Ingria,Finnish,su,Jesus,1,1,1,Jesus (1),Jesus (1)
5,Jesus / Christ,Serepetta,Ingria,Finnish,su,Kiesus,1,1,1,Kiesus (1),Jesus (1)
5,Jesus / Christ,Setumaa,South Estonia/Seto,South Estonian,viE,Jeesus,64,15,1,Jeesus (64),Jesus (64)
5,Jesus / Christ,Setumaa,South Estonia/Seto,South Estonian,viE,Jesus,1,1,1,Jesus (1),Jesus (1)
5,Jesus / Christ,Siikainen,Finland/Savo-Karelia,Finnish,su,Kristus,1,1,1,Kristus (1),Christ (1)
5,Jesus / Christ,Simo,Finland/Savo-Karelia,Finnish,su,Jeesus,1,1,1,Jeesus (1),Jesus (1)
5,Jesus / Christ,Simuna,Estonia core/west,North Estonian,viP,Jeesus,5,4,1,Jeesus (5),Jesus (5)
5,Jesus / Christ,Skuoritsa,Ingria,Finnish,su,Jeesus,5,2,1,Jeesus (5),Jesus (5)
5,Jesus / Christ,Soanlahti,East Karelia/Veps/Tver,Finnish,su,Jesus,7,4,1,Jesus (7),Jesus (7)
5,Jesus / Christ,Soanlahti,East Karelia/Veps/Tver,Finnish,su,Jeesus,5,4,1,Jeesus (5),Jesus (5)
5,Jesus / Christ,Soanlahti,East Karelia/Veps/Tver,Finnish,su,Kiesus,1,1,1,Kiesus (1),Jesus (1)
5,Jesus / Christ,Sodankylä,Finland/Savo-Karelia,Finnish,su,Jeesus,9,9,1,Jeesus (9),Jesus (9)
5,Jesus / Christ,Soikkola,Ingria,Ingrian,in,Jeesus,14,9,1,Jeesus (14),Jesus (14)
5,Jesus / Christ,Soikkola,Ingria,Ingrian,in,Jesus,5,3,1,Jesus (5),Jesus (5)
5,Jesus / Christ,Soikkola,Ingria,Ingrian,in,Kristus,5,3,1,Kristus (5),Christ (5)
5,Jesus / Christ,Soikkola,Ingria,Ingrian,in,Kiesus,2,2,1,Kiesus (2),Jesus (2)
5,Jesus / Christ,Soikkola,Ingria,Ingrian,in,Other,1,1,1,Kiesuksen (1),Jesus (1)
5,Jesus / Christ,Somerniemi,Finland/Savo-Karelia,Finnish,su,Jeesus,1,1,1,Jeesus (1),Jesus (1)
5,Jesus / Christ,Somerniemi,Finland/Savo-Karelia,Finnish,su,Kristus,1,1,1,Kristus (1),Christ (1)
5,Jesus / Christ,Somero,Finland/Savo-Karelia,Finnish,su,Jeesus,4,4,1,Jeesus (4),Jesus (4)
5,Jesus / Christ,Somero,Finland/Savo-Karelia,Finnish,su,Kristus,2,2,1,Kristus (2),Christ (2)
5,Jesus / Christ,Somero,Finland/Savo-Karelia,Finnish,su,Jesus,1,1,1,Jesus (1),Jesus (1)
5,Jesus / Christ,Sonkajärvi,Finland/Savo-Karelia,Finnish,su,Jeesus,2,2,1,Jeesus (2),Jesus (2)
5,Jesus / Christ,Sortavala,East Karelia/Veps/Tver,Finnish,su,Jeesus,8,5,1,Jeesus (8),Jesus (8)
5,Jesus / Christ,Sortavala,East Karelia/Veps/Tver,Finnish,su,(proper noun),1,1,1,(proper noun) (1),Jesus (1)
5,Jesus / Christ,Sotkamo,Finland/Savo-Karelia,Finnish,su,Jeesus,4,4,1,Jeesus (4),Jesus (4)
5,Jesus / Christ,Soutjärvi,East Karelia/Veps/Tver,Veps,ve,Kristus,3,2,1,Kristus (3),Christ (3)
5,Jesus / Christ,Spankkova,Ingria,Finnish,su,Jeesus,5,3,1,Jeesus (5),Jesus (5)
5,Jesus / Christ,Suistamo,East Karelia/Veps/Tver,Livvi-Karelian,ka,Jeesus,162,58,1,Jeesus (162),Jesus (162)
5,Jesus / Christ,Suistamo,East Karelia/Veps/Tver,Livvi-Karelian,ka,Jesus,9,5,1,Jesus (9),Jesus (9)
5,Jesus / Christ,Suistamo,East Karelia/Veps/Tver,Livvi-Karelian,ka,Kristus,7,5,1,Kristus (7),Christ (7)
5,Jesus / Christ,Suistamo,East Karelia/Veps/Tver,Livvi-Karelian,ka,Other,4,3,4,Kristo (1); kristuksen (1); Raamattu & Kristus (1); Kristus & raati (1),Christ (4)
5,Jesus / Christ,Suojärvi,East Karelia/Veps/Tver,Finnish,su,Jesus,31,5,1,Jesus (31),Jesus (31)
5,Jesus / Christ,Suojärvi,East Karelia/Veps/Tver,Finnish,su,Jeesus,22,8,1,Jeesus (22),Jesus (22)
5,Jesus / Christ,Suojärvi,East Karelia/Veps/Tver,Finnish,su,Kristus,4,2,1,Kristus (4),Christ (4)
5,Jesus / Christ,Suojärvi,East Karelia/Veps/Tver,Finnish,su,Jeesuksen,2,2,1,Jeesuksen (2),Jesus (2)
5,Jesus / Christ,Suojärvi,East Karelia/Veps/Tver,Finnish,su,Other,1,1,1,Jeesukselta (1),Jesus (1)
5,Jesus / Christ,Suomussalmi,Finland/Savo-Karelia,Finnish,su,Jeesus,2,2,1,Jeesus (2),Jesus (2)
5,Jesus / Christ,Suonenjoki,Finland/Savo-Karelia,Finnish,su,Jeesus,6,3,1,Jeesus (6),Jesus (6)
5,Jesus / Christ,Suoniemi,Finland/Savo-Karelia,Finnish,su,Jeesus,2,2,1,Jeesus (2),Jesus (2)
5,Jesus / Christ,Suure-Jaani,Estonia core/west,North Estonian,viP,Jeesukene,6,1,1,Jeesukene (6),Jesus (6)
5,Jesus / Christ,Suure-Jaani,Estonia core/west,North Estonian,viP,Jeesus,6,4,1,Jeesus (6),Jesus (6)
5,Jesus / Christ,Svärdsjö,Finland/Savo-Karelia,Finnish,su,Kiesus,1,1,1,Kiesus (1),Jesus (1)
5,Jesus / Christ,Sysmä,Finland/Savo-Karelia,Finnish,su,Jesus,4,3,1,Jesus (4),Jesus (4)
5,Jesus / Christ,Sysmä,Finland/Savo-Karelia,Finnish,su,Jeesus,1,1,1,Jeesus (1),Jesus (1)
5,Jesus / Christ,Sysmä,Finland/Savo-Karelia,Finnish,su,Kristus,1,1,1,Kristus (1),Christ (1)
5,Jesus / Christ,Sääksmäki,Finland/Savo-Karelia,Finnish,su,Jeesus,18,11,1,Jeesus (18),Jesus (18)
5,Jesus / Christ,Sääksmäki,Finland/Savo-Karelia,Finnish,su,Jesus,6,1,1,Jesus (6),Jesus (6)
5,Jesus / Christ,Sääksmäki,Finland/Savo-Karelia,Finnish,su,Kristus,1,1,1,Kristus (1),Christ (1)
5,Jesus / Christ,Sääminki,Finland/Savo-Karelia,Finnish,su,Jeesus,1,1,1,Jeesus (1),Jesus (1)
5,Jesus / Christ,Södra Finnskoga,Finland/Savo-Karelia,Finnish,su,Jeesus,4,4,1,Jeesus (4),Jesus (4)
5,Jesus / Christ,Taipalsaari,Finland/Savo-Karelia,Finnish,su,Jeesus,1,1,1,Jeesus (1),Jesus (1)
5,Jesus / Christ,Tammela,Finland/Savo-Karelia,Finnish,su,Jeesus,8,7,1,Jeesus (8),Jesus (8)
5,Jesus / Christ,Tammela,Finland/Savo-Karelia,Finnish,su,Jesus,5,4,1,Jesus (5),Jesus (5)
5,Jesus / Christ,Tammela,Finland/Savo-Karelia,Finnish,su,Kristus,1,1,1,Kristus (1),Christ (1)
5,Jesus / Christ,Tampere,Finland/Savo-Karelia,Finnish,su,Kristus,1,1,1,Kristus (1),Christ (1)
5,Jesus / Christ,Tarvasjoki,Finland/Savo-Karelia,Finnish,su,Kristus,1,1,1,Kristus (1),Christ (1)
5,Jesus / Christ,Tarvastu,Estonia core/west,South Estonian,viE,Jeesus,3,3,1,Jeesus (3),Jesus (3)
5,Jesus / Christ,Tarvastu,Estonia core/west,South Estonian,viE,Kristus,3,3,1,Kristus (3),Christ (3)
5,Jesus / Christ,Tarvastu,Estonia core/west,South Estonian,viE,Other,3,1,2,Eesuke (2); Eesus (1),Jesus (3)
5,Jesus / Christ,Teisko,Finland/Savo-Karelia,Finnish,su,Jeesus,1,1,1,Jeesus (1),Jesus (1)
5,Jesus / Christ,Teisko,Finland/Savo-Karelia,Finnish,su,Kristus,1,1,1,Kristus (1),Christ (1)
5,Jesus / Christ,Terijoki,Finland/Savo-Karelia,Finnish,su,Jeesus,1,1,1,Jeesus (1),Jesus (1)
5,Jesus / Christ,Tervo,Finland/Savo-Karelia,Finnish,su,Jeesus,1,1,1,Jeesus (1),Jesus (1)
5,Jesus / Christ,Tervola,Finland/Savo-Karelia,Finnish,su,Jeesus,1,1,1,Jeesus (1),Jesus (1)
5,Jesus / Christ,Tohmajärvi,Finland/Savo-Karelia,Finnish,su,Jeesus,18,12,1,Jeesus (18),Jesus (18)
5,Jesus / Christ,Tohmajärvi,Finland/Savo-Karelia,Finnish,su,Jesus,5,2,1,Jesus (5),Jesus (5)
5,Jesus / Christ,Toksova,Ingria,Finnish,su,Jeesus,1,1,1,Jeesus (1),Jesus (1)
5,Jesus / Christ,Toksova,Ingria,Finnish,su,Jesus,1,1,1,Jesus (1),Jesus (1)
5,Jesus / Christ,Tori,Estonia core/west,North Estonian,viP,Jeesus,16,7,1,Jeesus (16),Jesus (16)
5,Jesus / Christ,Tori,Estonia core/west,North Estonian,viP,Kristus,1,1,1,Kristus (1),Christ (1)
5,Jesus / Christ,Tottijärvi,Finland/Savo-Karelia,Finnish,su,Jeesus,1,1,1,Jeesus (1),Jesus (1)
5,Jesus / Christ,Tulemajärvi,East Karelia/Veps/Tver,Livvi-Karelian,ka,Jeesus,4,4,1,Jeesus (4),Jesus (4)
5,Jesus / Christ,Tulemajärvi,East Karelia/Veps/Tver,Livvi-Karelian,ka,Kristus,3,3,1,Kristus (3),Christ (3)
5,Jesus / Christ,Tulemajärvi,East Karelia/Veps/Tver,Livvi-Karelian,ka,Jesus,1,1,1,Jesus (1),Jesus (1)
5,Jesus / Christ,Tuulos,Finland/Savo-Karelia,Finnish,su,Jeesus,3,2,1,Jeesus (3),Jesus (3)
5,Jesus / Christ,Tuupovaara,Finland/Savo-Karelia,Finnish,su,Jesus,1,1,1,Jesus (1),Jesus (1)
5,Jesus / Christ,Tuutari,Ingria,Finnish,su,Jesus,3,2,1,Jesus (3),Jesus (3)
5,Jesus / Christ,Tuutari,Ingria,Finnish,su,Jeesus,1,1,1,Jeesus (1),Jesus (1)
5,Jesus / Christ,Tyrvää,Finland/Savo-Karelia,Finnish,su,Jeesus,4,2,1,Jeesus (4),Jesus (4)
5,Jesus / Christ,Tyrö,Ingria,Finnish,su,Jeesus,12,7,1,Jeesus (12),Jesus (12)
5,Jesus / Christ,Tyrö,Ingria,Finnish,su,Jesus,1,1,1,Jesus (1),Jesus (1)
5,Jesus / Christ,Tytärsaari,Finland/Savo-Karelia,Finnish,su,Jeesus,1,1,1,Jeesus (1),Jesus (1)
5,Jesus / Christ,Tõstamaa,Estonia core/west,North Estonian,viP,Jeesus,1,1,1,Jeesus (1),Jesus (1)
5,Jesus / Christ,Töysä,Finland/Savo-Karelia,Finnish,su,Jeesus,2,2,1,Jeesus (2),Jesus (2)
5,Jesus / Christ,Türi,Estonia core/west,North Estonian,viP,Jeesus,2,2,1,Jeesus (2),Jesus (2)
5,Jesus / Christ,Türi,Estonia core/west,North Estonian,viP,Kristus,2,2,1,Kristus (2),Christ (2)
5,Jesus / Christ,Türi,Estonia core/west,North Estonian,viP,Other,1,1,1,Jeesusikene (1),Jesus (1)
5,Jesus / Christ,Uhtua,East Karelia/Veps/Tver,Karelian Proper,ka,Jeesus,3,3,1,Jeesus (3),Jesus (3)
5,Jesus / Christ,Uhtua,East Karelia/Veps/Tver,Karelian Proper,ka,Kristus,1,1,1,Kristus (1),Christ (1)
5,Jesus / Christ,Urjala,Finland/Savo-Karelia,Finnish,su,Jeesus,1,1,1,Jeesus (1),Jesus (1)
5,Jesus / Christ,Urvaste,South Estonia/Seto,South Estonian,viE,Jeesus,29,7,1,Jeesus (29),Jesus (29)
5,Jesus / Christ,Urvaste,South Estonia/Seto,South Estonian,viE,Kristus,3,3,1,Kristus (3),Christ (3)
5,Jesus / Christ,Urvaste,South Estonia/Seto,South Estonian,viE,Other,1,1,1,Jeesuse (1),Jesus (1)
5,Jesus / Christ,Uskela,Finland/Savo-Karelia,Finnish,su,Jeesus,1,1,1,Jeesus (1),Jesus (1)
5,Jesus / Christ,Uukuniemi,East Karelia/Veps/Tver,Finnish,su,Jesus,5,2,1,Jesus (5),Jesus (5)
5,Jesus / Christ,Uukuniemi,East Karelia/Veps/Tver,Finnish,su,Jeesus,3,2,1,Jeesus (3),Jesus (3)
5,Jesus / Christ,Uusikaarlepyy,Finland/Savo-Karelia,Outside selected Finnic areas,ru,Jeesus,1,1,1,Jeesus (1),Jesus (1)
5,Jesus / Christ,Uusikaupunki,Finland/Savo-Karelia,Finnish,su,Kristus,1,1,1,Kristus (1),Christ (1)
5,Jesus / Christ,Uusikaupunki,Finland/Savo-Karelia,Finnish,su,Other,1,1,1,kristittyjen maa (1),Christ (1)
5,Jesus / Christ,Valjala,Estonia core/west,North Estonian,viP,Jeesus,1,1,1,Jeesus (1),Jesus (1)
5,Jesus / Christ,Valkjärvi,Finland/Savo-Karelia,Finnish,su,Jeesus,3,2,1,Jeesus (3),Jesus (3)
5,Jesus / Christ,Valtimo,Finland/Savo-Karelia,Finnish,su,Jeesus,2,2,1,Jeesus (2),Jesus (2)
5,Jesus / Christ,Vanaja,Finland/Savo-Karelia,Finnish,su,Jeesus,1,1,1,Jeesus (1),Jesus (1)
5,Jesus / Christ,Vanaja,Finland/Savo-Karelia,Finnish,su,Kristus,1,1,1,Kristus (1),Christ (1)
5,Jesus / Christ,Varpaisjärvi,Finland/Savo-Karelia,Finnish,su,Jeesus,7,6,1,Jeesus (7),Jesus (7)
5,Jesus / Christ,Vastseliina,South Estonia/Seto,South Estonian,viE,Jeesus,46,13,1,Jeesus (46),Jesus (46)
5,Jesus / Christ,Vastseliina,South Estonia/Seto,South Estonian,viE,Kristus,2,2,1,Kristus (2),Christ (2)
5,Jesus / Christ,Vastseliina,South Estonia/Seto,South Estonian,viE,Other,1,1,1,Jeesuse (1),Jesus (1)
5,Jesus / Christ,Vehmaa,Finland/Savo-Karelia,Finnish,su,Jeesus,1,1,1,Jeesus (1),Jesus (1)
5,Jesus / Christ,Venjoki,Ingria,Finnish,su,Jeesus,5,2,1,Jeesus (5),Jesus (5)
5,Jesus / Christ,Vesilahti,Finland/Savo-Karelia,Finnish,su,Jeesus,2,1,1,Jeesus (2),Jesus (2)
5,Jesus / Christ,Vigala,Estonia core/west,North Estonian,viP,Jeesus,4,4,1,Jeesus (4),Jesus (4)
5,Jesus / Christ,Vigala,Estonia core/west,North Estonian,viP,Kristus,3,3,1,Kristus (3),Christ (3)
5,Jesus / Christ,Vihanti,Finland/Savo-Karelia,Finnish,su,Jeesus,1,1,1,Jeesus (1),Jesus (1)
5,Jesus / Christ,Viipuri,Finland/Savo-Karelia,Finnish,su,Jeesus,1,1,1,Jeesus (1),Jesus (1)
5,Jesus / Christ,Viljakkala,Finland/Savo-Karelia,Finnish,su,Jeesus,2,1,1,Jeesus (2),Jesus (2)
5,Jesus / Christ,Viljandi,Estonia core/west,North Estonian,viP,Jeesus,12,4,1,Jeesus (12),Jesus (12)
5,Jesus / Christ,Virrat,Finland/Savo-Karelia,Finnish,su,Jeesus,2,2,1,Jeesus (2),Jesus (2)
5,Jesus / Christ,Virtasalmi,Finland/Savo-Karelia,Finnish,su,Jeesus,2,2,1,Jeesus (2),Jesus (2)
5,Jesus / Christ,Viru-Nigula,Estonia core/west,North Estonian,viP,Jeesus,2,1,1,Jeesus (2),Jesus (2)
5,Jesus / Christ,Vitele,East Karelia/Veps/Tver,Livvi-Karelian,ka,Kristus,1,1,1,Kristus (1),Christ (1)
5,Jesus / Christ,Vittanki,Finland/Savo-Karelia,Tornedalen Finnish,su,Jeesus,2,2,1,Jeesus (2),Jesus (2)
5,Jesus / Christ,Vuokkiniemi,East Karelia/Veps/Tver,Karelian Proper,ka,Jeesus,13,9,1,Jeesus (13),Jesus (13)
5,Jesus / Christ,Vuokkiniemi,East Karelia/Veps/Tver,Karelian Proper,ka,Other,1,1,1,Jeesus & vija (1),Jesus (1)
5,Jesus / Christ,Vuole,Ingria,Finnish,su,Jeesus,16,10,1,Jeesus (16),Jesus (16)
5,Jesus / Christ,Vuole,Ingria,Finnish,su,Jesus,5,4,1,Jesus (5),Jesus (5)
5,Jesus / Christ,Vuole,Ingria,Finnish,su,Kristus,2,2,1,Kristus (2),Christ (2)
5,Jesus / Christ,Vuole,Ingria,Finnish,su,Other,1,1,1,Jeesu (1),Jesus (1)
5,Jesus / Christ,Vähäkyrö,Finland/Savo-Karelia,Finnish,su,Kristus,3,1,1,Kristus (3),Christ (3)
5,Jesus / Christ,Vähäkyrö,Finland/Savo-Karelia,Finnish,su,Jeesus,2,1,1,Jeesus (2),Jesus (2)
5,Jesus / Christ,Väike-Maarja,Estonia core/west,North Estonian,viP,Jeesus,6,5,1,Jeesus (6),Jesus (6)
5,Jesus / Christ,Väike-Maarja,Estonia core/west,North Estonian,viP,Jeesukene,1,1,1,Jeesukene (1),Jesus (1)
5,Jesus / Christ,Vändra,Estonia core/west,North Estonian,viP,Jeesus,1,1,1,Jeesus (1),Jesus (1)
5,Jesus / Christ,Ylihärmä,Finland/Savo-Karelia,Finnish,su,Kristus,1,1,1,Kristus (1),Christ (1)
5,Jesus / Christ,Yläne,Finland/Savo-Karelia,Finnish,su,Jeesus,2,2,1,Jeesus (2),Jesus (2)
5,Jesus / Christ,Yläne,Finland/Savo-Karelia,Finnish,su,Kristus,1,1,1,Kristus (1),Christ (1)
5,Jesus / Christ,Östmark,Finland/Savo-Karelia,Finnish,su,Jeesus,8,8,1,Jeesus (8),Jesus (8)
5,Jesus / Christ,Östmark,Finland/Savo-Karelia,Finnish,su,Kristus,2,2,1,Kristus (2),Christ (2)
6,Anna / Anne / Ann / Anni,Alahärmä,Finland/Savo-Karelia,Finnish,su,Anna,1,1,1,Anna (1),Anna (1)
6,Anna / Anne / Ann / Anni,Alatornio,Finland/Savo-Karelia,Finnish,su,Anni,4,3,1,Anni (4),Anni/Annie (3); Ann (1)
6,Anna / Anne / Ann / Anni,Alatornio,Finland/Savo-Karelia,Finnish,su,Other,1,1,1,Annikka (hypocoristic) (1),Anni/Annie (1)
6,Anna / Anne / Ann / Anni,Ambla,Estonia core/west,North Estonian,viP,Anne,13,11,1,Anne (13),Anne (11); Anna (2)
6,Anna / Anne / Ann / Anni,Ambla,Estonia core/west,North Estonian,viP,Ann,6,6,1,Ann (6),Ann (6)
6,Anna / Anne / Ann / Anni,Ambla,Estonia core/west,North Estonian,viP,Other,3,2,2,annivakk (2); andma (1),Anni/Annie (2); Anna (1)
6,Anna / Anne / Ann / Anni,Ambla,Estonia core/west,North Estonian,viP,Anna,1,1,1,Anna (1),Ann (1)
6,Anna / Anne / Ann / Anni,Ambla,Estonia core/west,North Estonian,viP,anne,1,1,1,anne (1),Ann (1)
6,Anna / Anne / Ann / Anni,Anseküla,Estonia core/west,North Estonian,viP,Anna,1,1,1,Anna (1),Anna (1)
6,Anna / Anne / Ann / Anni,Asikkala,Finland/Savo-Karelia,Finnish,su,Anna,1,1,1,Anna (1),Anna (1)
6,Anna / Anne / Ann / Anni,Audru,Estonia core/west,North Estonian,viP,Anna,16,1,1,Anna (16),Ann (16)
6,Anna / Anne / Ann / Anni,Audru,Estonia core/west,North Estonian,viP,Ann,7,1,1,Ann (7),Ann (7)
6,Anna / Anne / Ann / Anni,Audru,Estonia core/west,North Estonian,viP,Anne,3,2,1,Anne (3),Anne (3)
6,Anna / Anne / Ann / Anni,Audru,Estonia core/west,North Estonian,viP,Other,3,1,1,Annekene (3),Ann (3)
6,Anna / Anne / Ann / Anni,Audru,Estonia core/west,North Estonian,viP,anne,1,1,1,anne (1),Anna (1)
6,Anna / Anne / Ann / Anni,Emmaste,Estonia core/west,North Estonian,viP,Ann,1,1,1,Ann (1),Ann (1)
6,Anna / Anne / Ann / Anni,Evijärvi,Finland/Savo-Karelia,Finnish,su,Anna,1,1,1,Anna (1),Ann (1)
6,Anna / Anne / Ann / Anni,Forssa,Finland/Savo-Karelia,Finnish,su,Anni,1,1,1,Anni (1),Anni/Annie (1)
6,Anna / Anne / Ann / Anni,Halikko,Finland/Savo-Karelia,Finnish,su,Anna,1,1,1,Anna (1),Anna (1)
6,Anna / Anne / Ann / Anni,Halikko,Finland/Savo-Karelia,Finnish,su,Anni,1,1,1,Anni (1),Anni/Annie (1)
6,Anna / Anne / Ann / Anni,Haljala,Estonia core/west,North Estonian,viP,Anne,26,19,1,Anne (26),Anne (24); Anni/Annie (1); Ann (1)
6,Anna / Anne / Ann / Anni,Haljala,Estonia core/west,North Estonian,viP,Ann,9,8,1,Ann (9),Ann (8); Anne (1)
6,Anna / Anne / Ann / Anni,Haljala,Estonia core/west,North Estonian,viP,Anna,5,5,1,Anna (5),Anne (3); Ann (1); Anna (1)
6,Anna / Anne / Ann / Anni,Haljala,Estonia core/west,North Estonian,viP,Other,5,4,4,Annekene (2); Änni (1); Annukene (1); Anneke (1),Anne (4); Anni/Annie (1)
6,Anna / Anne / Ann / Anni,Haljala,Estonia core/west,North Estonian,viP,Anu,1,1,1,Anu (1),Anu (1)
6,Anna / Anne / Ann / Anni,Haljala,Estonia core/west,North Estonian,viP,anne,1,1,1,anne (1),Anne (1)
6,Anna / Anne / Ann / Anni,Haljala,Estonia core/west,North Estonian,viP,anneke,1,1,1,anneke (1),Anne (1)
6,Anna / Anne / Ann / Anni,Halliste,Estonia core/west,South Estonian,viE,Anne,20,12,1,Anne (20),Anne (20)
6,Anna / Anne / Ann / Anni,Halliste,Estonia core/west,South Estonian,viE,Ann,2,1,1,Ann (2),Ann (2)
6,Anna / Anne / Ann / Anni,Halliste,Estonia core/west,South Estonian,viE,anne,1,1,1,anne (1),Ann (1)
6,Anna / Anne / Ann / Anni,Halliste,Estonia core/west,South Estonian,viE,anneke,1,1,1,anneke (1),Anna (1)
6,Anna / Anne / Ann / Anni,Hanila,Estonia core/west,North Estonian,viP,Ann,1,1,1,Ann (1),Ann (1)
6,Anna / Anne / Ann / Anni,Hargla,South Estonia/Seto,South Estonian,viE,Anne,4,2,1,Anne (4),Anne (4)
6,Anna / Anne / Ann / Anni,Hargla,South Estonia/Seto,South Estonian,viE,Anna,2,2,1,Anna (2),Anna (2)
6,Anna / Anne / Ann / Anni,Hargla,South Estonia/Seto,South Estonian,viE,Other,1,1,1,Annukene (1),Anna (1)
6,Anna / Anne / Ann / Anni,Harju-Jaani,Estonia core/west,North Estonian,viP,Anna,17,5,1,Anna (17),Anna (13); Ann (3); Anne (1)
6,Anna / Anne / Ann / Anni,Harju-Jaani,Estonia core/west,North Estonian,viP,Anne,4,4,1,Anne (4),Anne (3); Anna (1)
6,Anna / Anne / Ann / Anni,Harju-Jaani,Estonia core/west,North Estonian,viP,Ann,2,2,1,Ann (2),Ann (2)
6,Anna / Anne / Ann / Anni,Harju-Jaani,Estonia core/west,North Estonian,viP,Other,2,2,2,Anneke (1); andma/Anna (1),Anna (2)
6,Anna / Anne / Ann / Anni,Harju-Jaani,Estonia core/west,North Estonian,viP,Anu,1,1,1,Anu (1),Anu (1)
6,Anna / Anne / Ann / Anni,Hattula,Finland/Savo-Karelia,Finnish,su,Anna,3,3,1,Anna (3),Anna (3)
6,Anna / Anne / Ann / Anni,Hattula,Finland/Savo-Karelia,Finnish,su,Anni,2,2,1,Anni (2),Anni/Annie (2)
6,Anna / Anne / Ann / Anni,Hattula,Finland/Savo-Karelia,Finnish,su,Other,1,1,1,Annikki (1),Anni/Annie (1)
6,Anna / Anne / Ann / Anni,Hausjärvi,Finland/Savo-Karelia,Outside selected Finnic areas,ru,Other,1,1,1,Laati-Anna (1),Anna (1)
6,Anna / Anne / Ann / Anni,Heinjoki,Finland/Savo-Karelia,Finnish,su,Anni,3,3,1,Anni (3),Anni/Annie (3)
6,Anna / Anne / Ann / Anni,Heinävesi,Finland/Savo-Karelia,Finnish,su,Anna,4,4,1,Anna (4),Anna (4)
6,Anna / Anne / Ann / Anni,Heinävesi,Finland/Savo-Karelia,Finnish,su,Anni,4,4,1,Anni (4),Anni/Annie (4)
6,Anna / Anne / Ann / Anni,Helme,Estonia core/west,South Estonian,viE,Anne,28,16,1,Anne (28),Anne (27); Anni/Annie (1)
6,Anna / Anne / Ann / Anni,Helme,Estonia core/west,South Estonian,viE,Anna,6,3,1,Anna (6),Anna (4); Ann (2)
6,Anna / Anne / Ann / Anni,Helme,Estonia core/west,South Estonian,viE,Other,4,3,3,Annike (2); annekene (1); annukene (1),Ann (3); Anne (1)
6,Anna / Anne / Ann / Anni,Helme,Estonia core/west,South Estonian,viE,Ann,2,2,1,Ann (2),Ann (2)
6,Anna / Anne / Ann / Anni,Helme,Estonia core/west,South Estonian,viE,anne,2,2,1,anne (2),Anni/Annie (1); Anne (1)
6,Anna / Anne / Ann / Anni,Helsinki,Finland/Savo-Karelia,Finnish,su,Anna,1,1,1,Anna (1),Anni/Annie (1)
6,Anna / Anne / Ann / Anni,Hietamäki,Ingria,Finnish,su,Anni,5,3,1,Anni (5),Anni/Annie (5)
6,Anna / Anne / Ann / Anni,Hollola,Finland/Savo-Karelia,Finnish,su,Anni,2,2,1,Anni (2),Anni/Annie (2)
6,Anna / Anne / Ann / Anni,Hämeenlinna,Finland/Savo-Karelia,Finnish,su,Anni,6,6,1,Anni (6),Anni/Annie (6)
6,Anna / Anne / Ann / Anni,Hämeenlinna,Finland/Savo-Karelia,Finnish,su,Anna,1,1,1,Anna (1),Anni/Annie (1)
6,Anna / Anne / Ann / Anni,Hämeenlinna,Finland/Savo-Karelia,Finnish,su,Other,1,1,1,hanhi (goose?) (1),Anni/Annie (1)
6,Anna / Anne / Ann / Anni,Häädemeeste,Estonia core/west,North Estonian,viP,Anne,7,5,1,Anne (7),Anne (7)
6,Anna / Anne / Ann / Anni,Häädemeeste,Estonia core/west,North Estonian,viP,Other,3,2,2,Annuke (2); anneteke (1),Anne (3)
6,Anna / Anne / Ann / Anni,Häädemeeste,Estonia core/west,North Estonian,viP,Ann,2,2,1,Ann (2),Ann (1); Anna (1)
6,Anna / Anne / Ann / Anni,Iisaku,Estonia core/west,North Estonian,viP,Anne,4,4,1,Anne (4),Anne (4)
6,Anna / Anne / Ann / Anni,Iitti,Finland/Savo-Karelia,Finnish,su,Anni,2,2,1,Anni (2),Anni/Annie (2)
6,Anna / Anne / Ann / Anni,Ilomantsi,Finland/Savo-Karelia,Finnish,su,Anni,12,7,1,Anni (12),Anni/Annie (11); Ann (1)
6,Anna / Anne / Ann / Anni,Ilomantsi,Finland/Savo-Karelia,Finnish,su,Anna,5,3,1,Anna (5),Anna (3); Ann (2)
6,Anna / Anne / Ann / Anni,Ilomantsi,Finland/Savo-Karelia,Finnish,su,Other,1,1,1,Annin (1),Ann (1)
6,Anna / Anne / Ann / Anni,Impilahti,East Karelia/Veps/Tver,Livvi-Karelian,ka,Anni,2,2,1,Anni (2),Anni/Annie (1); Ann (1)
6,Anna / Anne / Ann / Anni,Impilahti,East Karelia/Veps/Tver,Livvi-Karelian,ka,Anu,1,1,1,Anu (1),Anu (1)
6,Anna / Anne / Ann / Anni,Isokyrö,Finland/Savo-Karelia,Finnish,su,Other,1,1,1,Ännä (proper noun) (1),Anni/Annie (1)
6,Anna / Anne / Ann / Anni,Janakkala,Finland/Savo-Karelia,Finnish,su,Anna,1,1,1,Anna (1),Anna (1)
6,Anna / Anne / Ann / Anni,Janakkala,Finland/Savo-Karelia,Finnish,su,anni,1,1,1,anni (1),Ann (1)
6,Anna / Anne / Ann / Anni,Joensuu,Finland/Savo-Karelia,Finnish,su,Anni,1,1,1,Anni (1),Anni/Annie (1)
6,Anna / Anne / Ann / Anni,Joroinen,Finland/Savo-Karelia,Finnish,su,Anna,1,1,1,Anna (1),Anna (1)
6,Anna / Anne / Ann / Anni,Joroinen,Finland/Savo-Karelia,Finnish,su,Other,1,1,1,antaa (1),Anna (1)
6,Anna / Anne / Ann / Anni,Juuru,Estonia core/west,North Estonian,viP,Ann,2,2,1,Ann (2),Ann (2)
6,Anna / Anne / Ann / Anni,Juuru,Estonia core/west,North Estonian,viP,Anna,1,1,1,Anna (1),Anna (1)
6,Anna / Anne / Ann / Anni,Juva,Finland/Savo-Karelia,Finnish,su,Anna,2,2,1,Anna (2),Anna (2)
6,Anna / Anne / Ann / Anni,Jällivaara,Finland/Savo-Karelia,Tornedalen Finnish,su,Anna,1,1,1,Anna (1),Anna (1)
6,Anna / Anne / Ann / Anni,Jämaja,Estonia core/west,North Estonian,viP,Anne,3,1,1,Anne (3),Anne (3)
6,Anna / Anne / Ann / Anni,Järva-Jaani,Estonia core/west,North Estonian,viP,Anu,4,1,1,Anu (4),Anu (4)
6,Anna / Anne / Ann / Anni,Järva-Jaani,Estonia core/west,North Estonian,viP,Ann,2,1,1,Ann (2),Ann (2)
6,Anna / Anne / Ann / Anni,Järva-Jaani,Estonia core/west,North Estonian,viP,Anne,2,2,1,Anne (2),Anne (2)
6,Anna / Anne / Ann / Anni,Järva-Madise,Estonia core/west,North Estonian,viP,Anne,3,3,1,Anne (3),Anne (3)
6,Anna / Anne / Ann / Anni,Järva-Madise,Estonia core/west,North Estonian,viP,Other,2,2,1,annekene (2),Anne (2)
6,Anna / Anne / Ann / Anni,Jõelähtme,Estonia core/west,North Estonian,viP,Ann,3,2,1,Ann (3),Ann (3)
6,Anna / Anne / Ann / Anni,Jõelähtme,Estonia core/west,North Estonian,viP,Anna,3,1,1,Anna (3),Anna (3)
6,Anna / Anne / Ann / Anni,Jõelähtme,Estonia core/west,North Estonian,viP,Anne,2,2,1,Anne (2),Anne (2)
6,Anna / Anne / Ann / Anni,Jõelähtme,Estonia core/west,North Estonian,viP,Other,1,1,1,Annukene (1),Ann (1)
6,Anna / Anne / Ann / Anni,Jõelähtme,Estonia core/west,North Estonian,viP,anne,1,1,1,anne (1),Ann (1)
6,Anna / Anne / Ann / Anni,Jõhvi,Estonia core/west,North Estonian,viP,Ann,9,4,1,Ann (9),Ann (9)
6,Anna / Anne / Ann / Anni,Jõhvi,Estonia core/west,North Estonian,viP,Anna,4,3,1,Anna (4),Ann (3); Anne (1)
6,Anna / Anne / Ann / Anni,Jõhvi,Estonia core/west,North Estonian,viP,Anne,4,3,1,Anne (4),Anne (3); Ann (1)
6,Anna / Anne / Ann / Anni,Jõhvi,Estonia core/west,North Estonian,viP,Other,2,2,2,vellianna (1); Anneke (1),Anna (1); Ann (1)
6,Anna / Anne / Ann / Anni,Jüri,Estonia core/west,North Estonian,viP,Anne,4,3,1,Anne (4),Anne (4)
6,Anna / Anne / Ann / Anni,Jüri,Estonia core/west,North Estonian,viP,Ann,1,1,1,Ann (1),Ann (1)
6,Anna / Anne / Ann / Anni,Jüri,Estonia core/west,North Estonian,viP,anne,1,1,1,anne (1),Anne (1)
6,Anna / Anne / Ann / Anni,Kaarma,Estonia core/west,North Estonian,viP,Ann,3,2,1,Ann (3),Ann (3)
6,Anna / Anne / Ann / Anni,Kaarma,Estonia core/west,North Estonian,viP,Anne,1,1,1,Anne (1),Anne (1)
6,Anna / Anne / Ann / Anni,Kaavi,Finland/Savo-Karelia,Finnish,su,Anna,1,1,1,Anna (1),Anna (1)
6,Anna / Anne / Ann / Anni,Kadrina,Estonia core/west,North Estonian,viP,Anne,28,16,1,Anne (28),Anne (27); Ann (1)
6,Anna / Anne / Ann / Anni,Kadrina,Estonia core/west,North Estonian,viP,Ann,19,8,1,Ann (19),Ann (19)
6,Anna / Anne / Ann / Anni,Kadrina,Estonia core/west,North Estonian,viP,Anna,4,4,1,Anna (4),Anna (3); Anne (1)
6,Anna / Anne / Ann / Anni,Kadrina,Estonia core/west,North Estonian,viP,Anni,1,1,1,Anni (1),Anni/Annie (1)
6,Anna / Anne / Ann / Anni,Kadrina,Estonia core/west,North Estonian,viP,Other,1,1,1,Annakene (1),Anna (1)
6,Anna / Anne / Ann / Anni,Kadrina,Estonia core/west,North Estonian,viP,anne,1,1,1,anne (1),Anne (1)
6,Anna / Anne / Ann / Anni,Kalajoki,Finland/Savo-Karelia,Finnish,su,Anna,1,1,1,Anna (1),Anna (1)
6,Anna / Anne / Ann / Anni,Kambja,Estonia core/west,South Estonian,viE,Anne,3,3,1,Anne (3),Anne (2); Anna (1)
6,Anna / Anne / Ann / Anni,Kanepi,South Estonia/Seto,South Estonian,viE,Anne,5,4,1,Anne (5),Anne (5)
6,Anna / Anne / Ann / Anni,Kanepi,South Estonia/Seto,South Estonian,viE,Anna,2,2,1,Anna (2),Anne (1); Anna (1)
6,Anna / Anne / Ann / Anni,Kanepi,South Estonia/Seto,South Estonian,viE,Other,2,2,2,Annakene (1); Anneke (1),Anna (2)
6,Anna / Anne / Ann / Anni,Kanepi,South Estonia/Seto,South Estonian,viE,anneke,1,1,1,anneke (1),Anne (1)
6,Anna / Anne / Ann / Anni,Kangaslampi,Finland/Savo-Karelia,Finnish,su,Anna,2,2,1,Anna (2),Anna (2)
6,Anna / Anne / Ann / Anni,Kangasniemi,Finland/Savo-Karelia,Finnish,su,Anna,1,1,1,Anna (1),Anna (1)
6,Anna / Anne / Ann / Anni,Kaprio,Ingria,Finnish,su,Anni,10,4,1,Anni (10),Anni/Annie (7); Ann (3)
6,Anna / Anne / Ann / Anni,Karja,Estonia core/west,North Estonian,viP,Ann,6,1,1,Ann (6),Ann (6)
6,Anna / Anne / Ann / Anni,Karja,Estonia core/west,North Estonian,viP,Anne,4,2,1,Anne (4),Anne (4)
6,Anna / Anne / Ann / Anni,Karksi,Estonia core/west,South Estonian,viE,Anne,38,23,1,Anne (38),Anne (36); Anna (2)
6,Anna / Anne / Ann / Anni,Karksi,Estonia core/west,South Estonian,viE,Anna,3,1,1,Anna (3),Anna (3)
6,Anna / Anne / Ann / Anni,Karksi,Estonia core/west,South Estonian,viE,anneke,2,1,1,anneke (2),Anna (2)
6,Anna / Anne / Ann / Anni,Karksi,Estonia core/west,South Estonian,viE,Other,1,1,1,Annekene (1),Anne (1)
6,Anna / Anne / Ann / Anni,Karksi,Estonia core/west,South Estonian,viE,anne,1,1,1,anne (1),Anna (1)
6,Anna / Anne / Ann / Anni,Karstula,Finland/Savo-Karelia,Finnish,su,Other,2,2,2,Anikka (1); antaa/Anni (1),Anni/Annie (2)
6,Anna / Anne / Ann / Anni,Karttula,Finland/Savo-Karelia,Finnish,su,Anna,1,1,1,Anna (1),Anna (1)
6,Anna / Anne / Ann / Anni,Karula,South Estonia/Seto,South Estonian,viE,Anne,2,1,1,Anne (2),Anne (2)
6,Anna / Anne / Ann / Anni,Karula,South Estonia/Seto,South Estonian,viE,Ann,1,1,1,Ann (1),Ann (1)
6,Anna / Anne / Ann / Anni,Karula,South Estonia/Seto,South Estonian,viE,Other,1,1,1,anneken (1),Anne (1)
6,Anna / Anne / Ann / Anni,Karuna,Finland/Savo-Karelia,Finnish,su,Anni,1,1,1,Anni (1),Anni/Annie (1)
6,Anna / Anne / Ann / Anni,Karunki,Finland/Savo-Karelia,Finnish,su,Anni,3,2,1,Anni (3),Anni/Annie (3)
6,Anna / Anne / Ann / Anni,Karuse,Estonia core/west,North Estonian,viP,Ann,7,3,1,Ann (7),Ann (7)
6,Anna / Anne / Ann / Anni,Karuse,Estonia core/west,North Estonian,viP,Anne,5,3,1,Anne (5),Anne (5)
6,Anna / Anne / Ann / Anni,Karuse,Estonia core/west,North Estonian,viP,Anna,3,2,1,Anna (3),Anna (2); Ann (1)
6,Anna / Anne / Ann / Anni,Kattila,Ingria,Votic,su,Anu,2,1,1,Anu (2),Anu (2)
6,Anna / Anne / Ann / Anni,Kattila,Ingria,Votic,su,Other,2,2,2,anu (1); anoa (1),Anu (2)
6,Anna / Anne / Ann / Anni,Kauhajoki,Finland/Savo-Karelia,Finnish,su,Anni,2,2,1,Anni (2),Anni/Annie (2)
6,Anna / Anne / Ann / Anni,Kaustinen,Finland/Savo-Karelia,Finnish,su,Anna,1,1,1,Anna (1),Anna (1)
6,Anna / Anne / Ann / Anni,Kauvatsa,Finland/Savo-Karelia,Finnish,su,Anni,1,1,1,Anni (1),Anni/Annie (1)
6,Anna / Anne / Ann / Anni,Keila,Estonia core/west,North Estonian,viP,Other,2,2,2,Anna/and (1); Annuke (1),Ann (2)
6,Anna / Anne / Ann / Anni,Kemijärvi,Finland/Savo-Karelia,Finnish,su,Other,1,1,1,Annastiina (1),Anna (1)
6,Anna / Anne / Ann / Anni,Kerimäki,Finland/Savo-Karelia,Finnish,su,Anna,3,2,1,Anna (3),Anna (3)
6,Anna / Anne / Ann / Anni,Kestilä,Finland/Savo-Karelia,Finnish,su,Anna,1,1,1,Anna (1),Anna (1)
6,Anna / Anne / Ann / Anni,Kiestinki,East Karelia/Veps/Tver,Karelian Proper,ka,Anni,2,1,1,Anni (2),Anni/Annie (2)
6,Anna / Anne / Ann / Anni,Kiestinki,East Karelia/Veps/Tver,Karelian Proper,ka,Other,2,1,1,Annan (2),Ann (2)
6,Anna / Anne / Ann / Anni,Kihniö,Finland/Savo-Karelia,Finnish,su,Anni,1,1,1,Anni (1),Anni/Annie (1)
6,Anna / Anne / Ann / Anni,Kihnu,Estonia core/west,North Estonian,viP,Other,1,1,1,anne & kene (1),Ann (1)
6,Anna / Anne / Ann / Anni,Kiihtelysvaara,Finland/Savo-Karelia,Finnish,su,Anna,1,1,1,Anna (1),Anna (1)
6,Anna / Anne / Ann / Anni,Kiihtelysvaara,Finland/Savo-Karelia,Finnish,su,Other,1,1,1,Anna-Riitta (1),Anna (1)
6,Anna / Anne / Ann / Anni,Kirvu,Finland/Savo-Karelia,Finnish,su,Anni,1,1,1,Anni (1),Anni/Annie (1)
6,Anna / Anne / Ann / Anni,Kitee,Finland/Savo-Karelia,Finnish,su,Anna,1,1,1,Anna (1),Anna (1)
6,Anna / Anne / Ann / Anni,Kittilä,Finland/Savo-Karelia,Finnish,su,Anna,1,1,1,Anna (1),Anni/Annie (1)
6,Anna / Anne / Ann / Anni,Kiuruvesi,Finland/Savo-Karelia,Finnish,su,Anna,1,1,1,Anna (1),Anna (1)
6,Anna / Anne / Ann / Anni,Kivennapa,Finland/Savo-Karelia,Finnish,su,Anni,4,4,1,Anni (4),Anni/Annie (4)
6,Anna / Anne / Ann / Anni,Kivennapa,Finland/Savo-Karelia,Finnish,su,Anna,1,1,1,Anna (1),Anna (1)
6,Anna / Anne / Ann / Anni,Kivijärvi,Finland/Savo-Karelia,Finnish,su,Other,1,1,1,kyyräanni (1),Anni/Annie (1)
6,Anna / Anne / Ann / Anni,Kodavere,Estonia core/west,North Estonian,viP,Anne,6,4,1,Anne (6),Anne (6)
6,Anna / Anne / Ann / Anni,Kodavere,Estonia core/west,North Estonian,viP,Ann,1,1,1,Ann (1),Ann (1)
6,Anna / Anne / Ann / Anni,Kodavere,Estonia core/west,North Estonian,viP,anne,1,1,1,anne (1),Anni/Annie (1)
6,Anna / Anne / Ann / Anni,Koeru,Estonia core/west,North Estonian,viP,Anne,16,4,1,Anne (16),Anne (16)
6,Anna / Anne / Ann / Anni,Koeru,Estonia core/west,North Estonian,viP,Ann,8,3,1,Ann (8),Ann (8)
6,Anna / Anne / Ann / Anni,Koeru,Estonia core/west,North Estonian,viP,Anna,1,1,1,Anna (1),Anne (1)
6,Anna / Anne / Ann / Anni,Koeru,Estonia core/west,North Estonian,viP,Other,1,1,1,Annekene (1),Anne (1)
6,Anna / Anne / Ann / Anni,Koivisto,Finland/Savo-Karelia,Finnish,su,Anni,11,6,1,Anni (11),Anni/Annie (10); Ann (1)
6,Anna / Anne / Ann / Anni,Koivisto,Finland/Savo-Karelia,Finnish,su,Anna,1,1,1,Anna (1),Ann (1)
6,Anna / Anne / Ann / Anni,Kokemäki,Finland/Savo-Karelia,Finnish,su,Other,2,1,1,Anna/hänen (2),Anna (2)
6,Anna / Anne / Ann / Anni,Kokkola,Finland/Savo-Karelia,Outside selected Finnic areas,ru,Anni,1,1,1,Anni (1),Anni/Annie (1)
6,Anna / Anne / Ann / Anni,Kolga-Jaani,Estonia core/west,North Estonian,viP,Anne,28,12,1,Anne (28),Anne (26); Ann (2)
6,Anna / Anne / Ann / Anni,Kolga-Jaani,Estonia core/west,North Estonian,viP,Ann,11,7,1,Ann (11),Ann (11)
6,Anna / Anne / Ann / Anni,Kolga-Jaani,Estonia core/west,North Estonian,viP,anneke,2,1,1,anneke (2),Anne (2)
6,Anna / Anne / Ann / Anni,Kolga-Jaani,Estonia core/west,North Estonian,viP,Anna,1,1,1,Anna (1),Anne (1)
6,Anna / Anne / Ann / Anni,Kolga-Jaani,Estonia core/west,North Estonian,viP,Anu,1,1,1,Anu (1),Anu (1)
6,Anna / Anne / Ann / Anni,Kolga-Jaani,Estonia core/west,North Estonian,viP,Other,1,1,1,Anne+kene (1),Anne (1)
6,Anna / Anne / Ann / Anni,Kolga-Jaani,Estonia core/west,North Estonian,viP,anne,1,1,1,anne (1),Ann (1)
6,Anna / Anne / Ann / Anni,Kontiolahti,Finland/Savo-Karelia,Finnish,su,Anni,5,4,1,Anni (5),Anni/Annie (5)
6,Anna / Anne / Ann / Anni,Kontiolahti,Finland/Savo-Karelia,Finnish,su,Anna,1,1,1,Anna (1),Anni/Annie (1)
6,Anna / Anne / Ann / Anni,Kontokki,East Karelia/Veps/Tver,Karelian Proper,ka,Anni,20,7,1,Anni (20),Ann (11); Anni/Annie (9)
6,Anna / Anne / Ann / Anni,Koprina,Ingria,Finnish,su,Anni,13,3,1,Anni (13),Anni/Annie (13)
6,Anna / Anne / Ann / Anni,Korpilahti,Finland/Savo-Karelia,Finnish,su,Anni,1,1,1,Anni (1),Anni/Annie (1)
6,Anna / Anne / Ann / Anni,Korpiselkä,East Karelia/Veps/Tver,Karelian Proper,ka,Anni,7,5,1,Anni (7),Anni/Annie (7)
6,Anna / Anne / Ann / Anni,Korpiselkä,East Karelia/Veps/Tver,Karelian Proper,ka,Ann,1,1,1,Ann (1),Ann (1)
6,Anna / Anne / Ann / Anni,Kose,Estonia core/west,North Estonian,viP,Anne,12,8,1,Anne (12),Anne (12)
6,Anna / Anne / Ann / Anni,Kose,Estonia core/west,North Estonian,viP,Ann,8,5,1,Ann (8),Ann (8)
6,Anna / Anne / Ann / Anni,Kose,Estonia core/west,North Estonian,viP,Anna,4,1,1,Anna (4),Anna (4)
6,Anna / Anne / Ann / Anni,Kose,Estonia core/west,North Estonian,viP,Other,2,2,2,Annike (1); Anna/andma (1),Anni/Annie (1); Anna (1)
6,Anna / Anne / Ann / Anni,Kose,Estonia core/west,North Estonian,viP,anne,1,1,1,anne (1),Anne (1)
6,Anna / Anne / Ann / Anni,Koskenpää,Finland/Savo-Karelia,Finnish,su,Anni,1,1,1,Anni (1),Anni/Annie (1)
6,Anna / Anne / Ann / Anni,Kuhmo,Finland/Savo-Karelia,Finnish,su,Anni,2,1,1,Anni (2),Anni/Annie (2)
6,Anna / Anne / Ann / Anni,Kullamaa,Estonia core/west,North Estonian,viP,Ann,1,1,1,Ann (1),Ann (1)
6,Anna / Anne / Ann / Anni,Kuolemajärvi,Finland/Savo-Karelia,Finnish,su,Anni,3,1,1,Anni (3),Anni/Annie (3)
6,Anna / Anne / Ann / Anni,Kuopio,Finland/Savo-Karelia,Finnish,su,Anni,3,3,1,Anni (3),Anni/Annie (3)
6,Anna / Anne / Ann / Anni,Kuopio,Finland/Savo-Karelia,Finnish,su,Other,1,1,1,antaa/Anni (1),Anni/Annie (1)
6,Anna / Anne / Ann / Anni,Kupanitsa,Ingria,Finnish,su,Anni,4,1,1,Anni (4),Anni/Annie (4)
6,Anna / Anne / Ann / Anni,Kurikka,Finland/Savo-Karelia,Finnish,su,Anna,1,1,1,Anna (1),Anna (1)
6,Anna / Anne / Ann / Anni,Kurkijoki,Finland/Savo-Karelia,Finnish,su,Anni,1,1,1,Anni (1),Anna (1)
6,Anna / Anne / Ann / Anni,Kursi,Estonia core/west,North Estonian,viP,Anne,4,3,1,Anne (4),Anne (4)
6,Anna / Anne / Ann / Anni,Kursi,Estonia core/west,North Estonian,viP,Ann,1,1,1,Ann (1),Ann (1)
6,Anna / Anne / Ann / Anni,Kursi,Estonia core/west,North Estonian,viP,Anna,1,1,1,Anna (1),Anna (1)
6,Anna / Anne / Ann / Anni,Kuusalu,Estonia core/west,North Estonian,viP,Anne,12,10,1,Anne (12),Anne (12)
6,Anna / Anne / Ann / Anni,Kuusalu,Estonia core/west,North Estonian,viP,Anna,4,2,1,Anna (4),Anne (2); Anna (2)
6,Anna / Anne / Ann / Anni,Kuusalu,Estonia core/west,North Estonian,viP,Ann,3,2,1,Ann (3),Ann (3)
6,Anna / Anne / Ann / Anni,Kuusalu,Estonia core/west,North Estonian,viP,Anni,3,1,1,Anni (3),Anni/Annie (3)
6,Anna / Anne / Ann / Anni,Kuusalu,Estonia core/west,North Estonian,viP,Other,1,1,1,Anne_sidu (1),Anne (1)
6,Anna / Anne / Ann / Anni,Kuusamo,Finland/Savo-Karelia,Finnish,su,Anni,9,1,1,Anni (9),Anni/Annie (9)
6,Anna / Anne / Ann / Anni,Kuusamo,Finland/Savo-Karelia,Finnish,su,Other,1,1,1,Anninen (1),Anni/Annie (1)
6,Anna / Anne / Ann / Anni,Kuusjoki,Finland/Savo-Karelia,Finnish,su,Anni,3,3,1,Anni (3),Anni/Annie (3)
6,Anna / Anne / Ann / Anni,Käina,Estonia core/west,North Estonian,viP,Ann,10,2,1,Ann (10),Ann (10)
6,Anna / Anne / Ann / Anni,Käina,Estonia core/west,North Estonian,viP,Anna,1,1,1,Anna (1),Anna (1)
6,Anna / Anne / Ann / Anni,Kärla,Estonia core/west,North Estonian,viP,Ann,3,3,1,Ann (3),Ann (3)
6,Anna / Anne / Ann / Anni,Kõpu,Estonia core/west,North Estonian,viP,Anne,7,4,1,Anne (7),Anne (7)
6,Anna / Anne / Ann / Anni,Kõpu,Estonia core/west,North Estonian,viP,Ann,1,1,1,Ann (1),Ann (1)
6,Anna / Anne / Ann / Anni,Lahti,Finland/Savo-Karelia,Finnish,su,Anna,1,1,1,Anna (1),Anna (1)
6,Anna / Anne / Ann / Anni,Laiuse,Estonia core/west,North Estonian,viP,Anne,11,9,1,Anne (11),Anne (11)
6,Anna / Anne / Ann / Anni,Laiuse,Estonia core/west,North Estonian,viP,Anna,3,2,1,Anna (3),Ann (2); Anna (1)
6,Anna / Anne / Ann / Anni,Laiuse,Estonia core/west,North Estonian,viP,Ann,2,2,1,Ann (2),Ann (2)
6,Anna / Anne / Ann / Anni,Laiuse,Estonia core/west,North Estonian,viP,Other,1,1,1,Annike (1),Ann (1)
6,Anna / Anne / Ann / Anni,Laiuse,Estonia core/west,North Estonian,viP,anne,1,1,1,anne (1),Anne (1)
6,Anna / Anne / Ann / Anni,Lappee,Finland/Savo-Karelia,Finnish,su,Other,1,1,1,Annille (1),Anni/Annie (1)
6,Anna / Anne / Ann / Anni,Lavansaari,Finland/Savo-Karelia,Finnish,su,Anni,5,4,1,Anni (5),Anni/Annie (3); Ann (2)
6,Anna / Anne / Ann / Anni,Lavansaari,Finland/Savo-Karelia,Finnish,su,Anna,1,1,1,Anna (1),Anna (1)
6,Anna / Anne / Ann / Anni,Lempaala,Finland/Savo-Karelia,Finnish,su,Anni,6,4,1,Anni (6),Anni/Annie (5); Ann (1)
6,Anna / Anne / Ann / Anni,Lempaala,Finland/Savo-Karelia,Finnish,su,Anna,2,1,1,Anna (2),Ann (2)
6,Anna / Anne / Ann / Anni,Lempaala,Finland/Savo-Karelia,Finnish,su,Other,2,2,2,antaa (1); Annille (1),Anna (1); Anni/Annie (1)
6,Anna / Anne / Ann / Anni,Leppävirta,Finland/Savo-Karelia,Finnish,su,Other,2,2,1,Anni-kin (2),Anni/Annie (2)
6,Anna / Anne / Ann / Anni,Lihula,Estonia core/west,North Estonian,viP,Anne,3,3,1,Anne (3),Anne (3)
6,Anna / Anne / Ann / Anni,Liissilä,Ingria,Finnish,su,Anni,4,2,1,Anni (4),Anni/Annie (4)
6,Anna / Anne / Ann / Anni,Liperi,Finland/Savo-Karelia,Finnish,su,Anni,3,2,1,Anni (3),Anni/Annie (2); Ann (1)
6,Anna / Anne / Ann / Anni,Liperi,Finland/Savo-Karelia,Finnish,su,Anna,1,1,1,Anna (1),Anna (1)
6,Anna / Anne / Ann / Anni,Loppi,Finland/Savo-Karelia,Finnish,su,Anna,1,1,1,Anna (1),Anna (1)
6,Anna / Anne / Ann / Anni,Loppi,Finland/Savo-Karelia,Finnish,su,Anni,1,1,1,Anni (1),Anni/Annie (1)
6,Anna / Anne / Ann / Anni,Luopioinen,Finland/Savo-Karelia,Finnish,su,Anni,1,1,1,Anni (1),Anni/Annie (1)
6,Anna / Anne / Ann / Anni,Luumäki,Finland/Savo-Karelia,Finnish,su,Other,1,1,1,hane (1),Anni/Annie (1)
6,Anna / Anne / Ann / Anni,Lääne-Nigula,Estonia core/west,North Estonian,viP,Anu,1,1,1,Anu (1),Anu (1)
6,Anna / Anne / Ann / Anni,Lüganuse,Estonia core/west,North Estonian,viP,Anne,2,1,1,Anne (2),Anne (2)
6,Anna / Anne / Ann / Anni,Lüganuse,Estonia core/west,North Estonian,viP,Anni,1,1,1,Anni (1),Ann (1)
6,Anna / Anne / Ann / Anni,Lüganuse,Estonia core/west,North Estonian,viP,Anu,1,1,1,Anu (1),Anu (1)
6,Anna / Anne / Ann / Anni,Lüganuse,Estonia core/west,North Estonian,viP,Other,1,1,1,Anuke (1),Anu (1)
6,Anna / Anne / Ann / Anni,Maaninka,Finland/Savo-Karelia,Finnish,su,Anna,1,1,1,Anna (1),Anna (1)
6,Anna / Anne / Ann / Anni,Maarja-Magdaleena,Estonia core/west,North Estonian,viP,Anne,10,4,1,Anne (10),Anne (10)
6,Anna / Anne / Ann / Anni,Maarja-Magdaleena,Estonia core/west,North Estonian,viP,Anna,9,3,1,Anna (9),Anna (6); Ann (2); Anne (1)
6,Anna / Anne / Ann / Anni,Maarja-Magdaleena,Estonia core/west,North Estonian,viP,Ann,6,5,1,Ann (6),Ann (6)
6,Anna / Anne / Ann / Anni,Maarja-Magdaleena,Estonia core/west,North Estonian,viP,anne,3,3,1,anne (3),Anne (2); Ann (1)
6,Anna / Anne / Ann / Anni,Maksuatiha,East Karelia/Veps/Tver,Karelian Proper,ka,Anni,2,2,1,Anni (2),Anni/Annie (2)
6,Anna / Anne / Ann / Anni,Metsäpirtti,Finland/Savo-Karelia,Finnish,su,Other,6,1,1,antaa (6),Anna (6)
6,Anna / Anne / Ann / Anni,Metsäpirtti,Finland/Savo-Karelia,Finnish,su,Anni,1,1,1,Anni (1),Anni/Annie (1)
6,Anna / Anne / Ann / Anni,Mihkli,Estonia core/west,North Estonian,viP,Anne,2,1,1,Anne (2),Anne (2)
6,Anna / Anne / Ann / Anni,Mihkli,Estonia core/west,North Estonian,viP,Other,2,2,1,Anneke (2),Anne (2)
6,Anna / Anne / Ann / Anni,Moloskovitsa,Ingria,Finnish,su,Anni,9,6,1,Anni (9),Anni/Annie (9)
6,Anna / Anne / Ann / Anni,Muhos,Finland/Savo-Karelia,Finnish,su,Anna,1,1,1,Anna (1),Anna (1)
6,Anna / Anne / Ann / Anni,Muhu,Estonia core/west,North Estonian,viP,Ann,16,3,1,Ann (16),Ann (16)
6,Anna / Anne / Ann / Anni,Muhu,Estonia core/west,North Estonian,viP,Anne,6,2,1,Anne (6),Anne (6)
6,Anna / Anne / Ann / Anni,Muhu,Estonia core/west,North Estonian,viP,anne,2,2,1,anne (2),Anne (1); Anna (1)
6,Anna / Anne / Ann / Anni,Muolaa,Finland/Savo-Karelia,Finnish,su,Anni,1,1,1,Anni (1),Anni/Annie (1)
6,Anna / Anne / Ann / Anni,Mustjala,Estonia core/west,North Estonian,viP,Anne,5,2,1,Anne (5),Anne (5)
6,Anna / Anne / Ann / Anni,Mustjala,Estonia core/west,North Estonian,viP,Ann,1,1,1,Ann (1),Ann (1)
6,Anna / Anne / Ann / Anni,Mustjala,Estonia core/west,North Estonian,viP,Anna,1,1,1,Anna (1),Anna (1)
6,Anna / Anne / Ann / Anni,Mustjala,Estonia core/west,North Estonian,viP,Other,1,1,1,Anneke (1),Anne (1)
6,Anna / Anne / Ann / Anni,Mäntsälä,Finland/Savo-Karelia,Finnish,su,Anna,1,1,1,Anna (1),Ann (1)
6,Anna / Anne / Ann / Anni,Mäntsälä,Finland/Savo-Karelia,Finnish,su,Anni,1,1,1,Anni (1),Anni/Annie (1)
6,Anna / Anne / Ann / Anni,Mäntsälä,Finland/Savo-Karelia,Finnish,su,Other,1,1,1,Anike (proper noun) (1),Anni/Annie (1)
6,Anna / Anne / Ann / Anni,Mänttä,Finland/Savo-Karelia,Finnish,su,Anna,1,1,1,Anna (1),Anni/Annie (1)
6,Anna / Anne / Ann / Anni,Mäntyharju,Finland/Savo-Karelia,Finnish,su,Anni,3,2,1,Anni (3),Anni/Annie (3)
6,Anna / Anne / Ann / Anni,Märjamaa,Estonia core/west,North Estonian,viP,Anne,4,4,1,Anne (4),Anne (4)
6,Anna / Anne / Ann / Anni,Märjamaa,Estonia core/west,North Estonian,viP,Ann,1,1,1,Ann (1),Ann (1)
6,Anna / Anne / Ann / Anni,Märjamaa,Estonia core/west,North Estonian,viP,Other,1,1,1,Annakene (1),Anna (1)
6,Anna / Anne / Ann / Anni,Nakkila,Finland/Savo-Karelia,Finnish,su,Anna,1,1,1,Anna (1),Anna (1)
6,Anna / Anne / Ann / Anni,Nakkila,Finland/Savo-Karelia,Finnish,su,Anni,1,1,1,Anni (1),Anni/Annie (1)
6,Anna / Anne / Ann / Anni,Narvusi,Ingria,Ingrian,in,Anni,28,15,1,Anni (28),Anni/Annie (28)
6,Anna / Anne / Ann / Anni,Narvusi,Ingria,Ingrian,in,Anna,3,2,1,Anna (3),Anni/Annie (2); Anne (1)
6,Anna / Anne / Ann / Anni,Narvusi,Ingria,Ingrian,in,Anu,3,2,1,Anu (3),Anu (3)
6,Anna / Anne / Ann / Anni,Narvusi,Ingria,Ingrian,in,Other,3,3,3,Annin (1); anu (proper noun) (1); Annikki (1),Anni/Annie (2); Anu (1)
6,Anna / Anne / Ann / Anni,Nilsiä,Finland/Savo-Karelia,Finnish,su,Anna,2,2,1,Anna (2),Anna (2)
6,Anna / Anne / Ann / Anni,Noarootsi,Estonia core/west,North Estonian,viP,Ann,1,1,1,Ann (1),Ann (1)
6,Anna / Anne / Ann / Anni,Nurmes,Finland/Savo-Karelia,Finnish,su,Anna,1,1,1,Anna (1),Anni/Annie (1)
6,Anna / Anne / Ann / Anni,Nurmijärvi,Finland/Savo-Karelia,Finnish,su,Anna,1,1,1,Anna (1),Anna (1)
6,Anna / Anne / Ann / Anni,Nõo,Estonia core/west,South Estonian,viE,Anne,6,4,1,Anne (6),Anne (6)
6,Anna / Anne / Ann / Anni,Orimattila,Finland/Savo-Karelia,Finnish,su,Anni,1,1,1,Anni (1),Anni/Annie (1)
6,Anna / Anne / Ann / Anni,Otepää,Estonia core/west,South Estonian,viE,Anne,5,4,1,Anne (5),Anne (5)
6,Anna / Anne / Ann / Anni,Otepää,Estonia core/west,South Estonian,viE,Other,4,4,4,Annuke (1); anne (name) (1); anne+kene (1); Annukene (1),Anne (2); Anna (1); Ann (1)
6,Anna / Anne / Ann / Anni,Otepää,Estonia core/west,South Estonian,viE,Ann,3,2,1,Ann (3),Ann (3)
6,Anna / Anne / Ann / Anni,Oulanka,East Karelia/Veps/Tver,Karelian Proper,ka,Anna,2,1,1,Anna (2),Anna (2)
6,Anna / Anne / Ann / Anni,Oulu,Finland/Savo-Karelia,Finnish,su,Anna,1,1,1,Anna (1),Anna (1)
6,Anna / Anne / Ann / Anni,Paatene,East Karelia/Veps/Tver,Karelian Proper,kaV,anni,16,1,1,anni (16),Anni/Annie (16)
6,Anna / Anne / Ann / Anni,Paattinen,Finland/Savo-Karelia,Finnish,su,Anni,2,2,1,Anni (2),Anni/Annie (2)
6,Anna / Anne / Ann / Anni,Paattinen,Finland/Savo-Karelia,Finnish,su,Anna,1,1,1,Anna (1),Anni/Annie (1)
6,Anna / Anne / Ann / Anni,Paavola,Finland/Savo-Karelia,Finnish,su,Anna,1,1,1,Anna (1),Anna (1)
6,Anna / Anne / Ann / Anni,Paide,Estonia core/west,North Estonian,viP,Anne,8,3,1,Anne (8),Anne (6); Ann (2)
6,Anna / Anne / Ann / Anni,Paide,Estonia core/west,North Estonian,viP,Ann,2,2,1,Ann (2),Ann (2)
6,Anna / Anne / Ann / Anni,Paide,Estonia core/west,North Estonian,viP,Anna,1,1,1,Anna (1),Anne (1)
6,Anna / Anne / Ann / Anni,Paide,Estonia core/west,North Estonian,viP,anne,1,1,1,anne (1),Anne (1)
6,Anna / Anne / Ann / Anni,Paistu,Estonia core/west,South Estonian,viE,Anne,33,11,1,Anne (33),Anne (32); Anna (1)
6,Anna / Anne / Ann / Anni,Paistu,Estonia core/west,South Estonian,viE,Ann,7,5,1,Ann (7),Ann (7)
6,Anna / Anne / Ann / Anni,Paistu,Estonia core/west,South Estonian,viE,Anna,5,4,1,Anna (5),Anne (2); Ann (2); Anna (1)
6,Anna / Anne / Ann / Anni,Paistu,Estonia core/west,South Estonian,viE,Other,4,4,4,Anna/and (1); Annakene (1); annake (1); Anne+kene (1),Ann (2); Anna (1); Anne (1)
6,Anna / Anne / Ann / Anni,Paistu,Estonia core/west,South Estonian,viE,anneke,3,3,1,anneke (3),Anne (2); Ann (1)
6,Anna / Anne / Ann / Anni,Pajala,Finland/Savo-Karelia,Tornedalen Finnish,su,Anna,1,1,1,Anna (1),Anna (1)
6,Anna / Anne / Ann / Anni,Palamuse,Estonia core/west,North Estonian,viP,Anne,7,6,1,Anne (7),Anne (6); Ann (1)
6,Anna / Anne / Ann / Anni,Palamuse,Estonia core/west,North Estonian,viP,Ann,3,3,1,Ann (3),Ann (3)
6,Anna / Anne / Ann / Anni,Palamuse,Estonia core/west,North Estonian,viP,Other,1,1,1,Annake (1),Anna (1)
6,Anna / Anne / Ann / Anni,Paltamo,Finland/Savo-Karelia,Finnish,su,Anna,1,1,1,Anna (1),Anna (1)
6,Anna / Anne / Ann / Anni,Parikkala,Finland/Savo-Karelia,Finnish,su,Anni,1,1,1,Anni (1),Anni/Annie (1)
6,Anna / Anne / Ann / Anni,Peetri,Estonia core/west,North Estonian,viP,Ann,6,3,1,Ann (6),Ann (6)
6,Anna / Anne / Ann / Anni,Peetri,Estonia core/west,North Estonian,viP,Other,4,3,3,ann (2); Annekene (1); annekene (1),Ann (2); Anne (2)
6,Anna / Anne / Ann / Anni,Peetri,Estonia core/west,North Estonian,viP,Anne,3,2,1,Anne (3),Anne (3)
6,Anna / Anne / Ann / Anni,Peetri,Estonia core/west,North Estonian,viP,Anna,1,1,1,Anna (1),Ann (1)
6,Anna / Anne / Ann / Anni,Peetri,Estonia core/west,North Estonian,viP,Anni,1,1,1,Anni (1),Anni/Annie (1)
6,Anna / Anne / Ann / Anni,Perho,Finland/Savo-Karelia,Finnish,su,Anna,2,2,1,Anna (2),Anna (2)
6,Anna / Anne / Ann / Anni,Perniö,Finland/Savo-Karelia,Finnish,su,Anna,1,1,1,Anna (1),Ann (1)
6,Anna / Anne / Ann / Anni,Perniö,Finland/Savo-Karelia,Finnish,su,Anni,1,1,1,Anni (1),Anni/Annie (1)
6,Anna / Anne / Ann / Anni,Petsamo,East Karelia/Veps/Tver,Finnish,su,Anna,1,1,1,Anna (1),Anni/Annie (1)
6,Anna / Anne / Ann / Anni,Pieksämäki,Finland/Savo-Karelia,Finnish,su,Anna,1,1,1,Anna (1),Anna (1)
6,Anna / Anne / Ann / Anni,Pieksämäki,Finland/Savo-Karelia,Finnish,su,Anni,1,1,1,Anni (1),Anni/Annie (1)
6,Anna / Anne / Ann / Anni,Pielisjärvi,Finland/Savo-Karelia,Finnish,su,Anni,2,1,1,Anni (2),Anni/Annie (2)
6,Anna / Anne / Ann / Anni,Piikkiö,Finland/Savo-Karelia,Finnish,su,Other,1,1,1,Anna & piika (1),Anna (1)
6,Anna / Anne / Ann / Anni,Pilistvere,Estonia core/west,North Estonian,viP,Anne,13,5,1,Anne (13),Anne (13)
6,Anna / Anne / Ann / Anni,Pilistvere,Estonia core/west,North Estonian,viP,Ann,7,3,1,Ann (7),Ann (7)
6,Anna / Anne / Ann / Anni,Pilistvere,Estonia core/west,North Estonian,viP,Other,7,4,4,Annike (4); Ann/and (1); Annel (1); Annekene (1),Anne (5); Ann (1); Anni/Annie (1)
6,Anna / Anne / Ann / Anni,Pilistvere,Estonia core/west,North Estonian,viP,anne,2,1,1,anne (2),Ann (2)
6,Anna / Anne / Ann / Anni,Pilistvere,Estonia core/west,North Estonian,viP,Anna,1,1,1,Anna (1),Ann (1)
6,Anna / Anne / Ann / Anni,Pirkkala,Finland/Savo-Karelia,Finnish,su,Anni,1,1,1,Anni (1),Anni/Annie (1)
6,Anna / Anne / Ann / Anni,Porajärvi,East Karelia/Veps/Tver,Karelian Proper,kaV,Anni,4,1,1,Anni (4),Anni/Annie (4)
6,Anna / Anne / Ann / Anni,Pudasjärvi,Finland/Savo-Karelia,Finnish,su,Anna,2,2,1,Anna (2),Anna (2)
6,Anna / Anne / Ann / Anni,Pudasjärvi,Finland/Savo-Karelia,Finnish,su,Anni,1,1,1,Anni (1),Anni/Annie (1)
6,Anna / Anne / Ann / Anni,Puhja,Estonia core/west,South Estonian,viE,Anne,5,3,1,Anne (5),Anne (5)
6,Anna / Anne / Ann / Anni,Puhja,Estonia core/west,South Estonian,viE,Anna,3,1,1,Anna (3),Anne (3)
6,Anna / Anne / Ann / Anni,Puhja,Estonia core/west,South Estonian,viE,Other,3,2,2,annukene (2); Annukene (1),Anne (3)
6,Anna / Anne / Ann / Anni,Puhja,Estonia core/west,South Estonian,viE,Ann,2,2,1,Ann (2),Anne (1); Ann (1)
6,Anna / Anne / Ann / Anni,Puhja,Estonia core/west,South Estonian,viE,Anu,2,1,1,Anu (2),Anu (2)
6,Anna / Anne / Ann / Anni,Puhja,Estonia core/west,South Estonian,viE,anneke,1,1,1,anneke (1),Anne (1)
6,Anna / Anne / Ann / Anni,Pukkila,Finland/Savo-Karelia,Finnish,su,Anni,1,1,1,Anni (1),Anni/Annie (1)
6,Anna / Anne / Ann / Anni,Puolanka,Finland/Savo-Karelia,Finnish,su,Anna,1,1,1,Anna (1),Anna (1)
6,Anna / Anne / Ann / Anni,Puolanka,Finland/Savo-Karelia,Finnish,su,Anni,1,1,1,Anni (1),Anni/Annie (1)
6,Anna / Anne / Ann / Anni,Pyhäjärvi Ul.,Finland/Savo-Karelia,Finnish,su,Anni,1,1,1,Anni (1),Anni/Annie (1)
6,Anna / Anne / Ann / Anni,Pyhäjärvi Vpl.,Finland/Savo-Karelia,Finnish,su,Anni,3,3,1,Anni (3),Anni/Annie (2); Ann (1)
6,Anna / Anne / Ann / Anni,Pälkjärvi,Finland/Savo-Karelia,Finnish,su,Other,1,1,1,Annikki (1),Anna (1)
6,Anna / Anne / Ann / Anni,Pälkäne,Finland/Savo-Karelia,Finnish,su,Anni,1,1,1,Anni (1),Ann (1)
6,Anna / Anne / Ann / Anni,Pärnu,Estonia core/west,North Estonian,viP,Anne,2,2,1,Anne (2),Anne (2)
6,Anna / Anne / Ann / Anni,Pärnu,Estonia core/west,North Estonian,viP,Ann,1,1,1,Ann (1),Ann (1)
6,Anna / Anne / Ann / Anni,Pärnu-Jaagupi,Estonia core/west,North Estonian,viP,Ann,2,2,1,Ann (2),Ann (2)
6,Anna / Anne / Ann / Anni,Pärnu-Jaagupi,Estonia core/west,North Estonian,viP,Anne,2,2,1,Anne (2),Anne (2)
6,Anna / Anne / Ann / Anni,Pärnu-Jaagupi,Estonia core/west,North Estonian,viP,Other,1,1,1,Annekene (1),Anne (1)
6,Anna / Anne / Ann / Anni,Pärnu-Jaagupi,Estonia core/west,North Estonian,viP,anne,1,1,1,anne (1),Anne (1)
6,Anna / Anne / Ann / Anni,Põltsamaa,Estonia core/west,North Estonian,viP,Anne,15,4,1,Anne (15),Anne (13); Ann (2)
6,Anna / Anne / Ann / Anni,Põltsamaa,Estonia core/west,North Estonian,viP,Ann,12,3,1,Ann (12),Ann (8); Anne (4)
6,Anna / Anne / Ann / Anni,Põltsamaa,Estonia core/west,North Estonian,viP,Anu,2,1,1,Anu (2),Anu (2)
6,Anna / Anne / Ann / Anni,Põltsamaa,Estonia core/west,North Estonian,viP,Other,2,2,2,Annuke (1); anneteke (1),Anne (2)
6,Anna / Anne / Ann / Anni,Põltsamaa,Estonia core/west,North Estonian,viP,Anna,1,1,1,Anna (1),Anne (1)
6,Anna / Anne / Ann / Anni,Põltsamaa,Estonia core/west,North Estonian,viP,anne,1,1,1,anne (1),Ann (1)
6,Anna / Anne / Ann / Anni,Põlva,South Estonia/Seto,South Estonian,viE,Anne,3,3,1,Anne (3),Anne (3)
6,Anna / Anne / Ann / Anni,Põlva,South Estonia/Seto,South Estonian,viE,Ann,2,2,1,Ann (2),Ann (2)
6,Anna / Anne / Ann / Anni,Põlva,South Estonia/Seto,South Estonian,viE,Anna,1,1,1,Anna (1),Anna (1)
6,Anna / Anne / Ann / Anni,Pöide,Estonia core/west,North Estonian,viP,Ann,12,6,1,Ann (12),Ann (12)
6,Anna / Anne / Ann / Anni,Pöide,Estonia core/west,North Estonian,viP,Anne,3,3,1,Anne (3),Anne (3)
6,Anna / Anne / Ann / Anni,Pöide,Estonia core/west,North Estonian,viP,Anu,3,2,1,Anu (3),Anu (3)
6,Anna / Anne / Ann / Anni,Pöide,Estonia core/west,North Estonian,viP,Anna,1,1,1,Anna (1),Anna (1)
6,Anna / Anne / Ann / Anni,Pühalepa,Estonia core/west,North Estonian,viP,Ann,12,2,1,Ann (12),Ann (12)
6,Anna / Anne / Ann / Anni,Pühalepa,Estonia core/west,North Estonian,viP,Anne,3,3,1,Anne (3),Anne (2); Ann (1)
6,Anna / Anne / Ann / Anni,Pühalepa,Estonia core/west,North Estonian,viP,Other,3,3,3,Ann&kene (1); Annake (1); Annile (1),Ann (2); Anna (1)
6,Anna / Anne / Ann / Anni,Pühalepa,Estonia core/west,North Estonian,viP,Anu,1,1,1,Anu (1),Anu (1)
6,Anna / Anne / Ann / Anni,Raahe,Finland/Savo-Karelia,Finnish,su,Anna,1,1,1,Anna (1),Anna (1)
6,Anna / Anne / Ann / Anni,Rakvere,Estonia core/west,North Estonian,viP,Other,3,2,2,anna+kene (2); annetütar (1),Anna (2); Anne (1)
6,Anna / Anne / Ann / Anni,Rakvere,Estonia core/west,North Estonian,viP,Anne,1,1,1,Anne (1),Anne (1)
6,Anna / Anne / Ann / Anni,Rannu,Estonia core/west,South Estonian,viE,Anne,2,2,1,Anne (2),Anne (2)
6,Anna / Anne / Ann / Anni,Rannu,Estonia core/west,South Estonian,viE,Anu,2,1,1,Anu (2),Anu (2)
6,Anna / Anne / Ann / Anni,Rannu,Estonia core/west,South Estonian,viE,Other,2,2,2,Anneke (1); Annukene (1),Ann (1); Anna (1)
6,Anna / Anne / Ann / Anni,Rannu,Estonia core/west,South Estonian,viE,Ann,1,1,1,Ann (1),Ann (1)
6,Anna / Anne / Ann / Anni,Ranua,Finland/Savo-Karelia,Finnish,su,Anna,1,1,1,Anna (1),Anna (1)
6,Anna / Anne / Ann / Anni,Ranua,Finland/Savo-Karelia,Finnish,su,Other,1,1,1,Kallen Anna (1),Anna (1)
6,Anna / Anne / Ann / Anni,Rapla,Estonia core/west,North Estonian,viP,Anne,5,5,1,Anne (5),Anne (4); Ann (1)
6,Anna / Anne / Ann / Anni,Rapla,Estonia core/west,North Estonian,viP,Ann,2,2,1,Ann (2),Ann (2)
6,Anna / Anne / Ann / Anni,Rapla,Estonia core/west,North Estonian,viP,anne,2,2,1,anne (2),Anne (1); Anna (1)
6,Anna / Anne / Ann / Anni,Reigi,Estonia core/west,North Estonian,viP,Ann,1,1,1,Ann (1),Ann (1)
6,Anna / Anne / Ann / Anni,Renko,Finland/Savo-Karelia,Finnish,su,Anna,1,1,1,Anna (1),Anna (1)
6,Anna / Anne / Ann / Anni,Repola,East Karelia/Veps/Tver,Karelian Proper,kaV,Anni,5,4,1,Anni (5),Anni/Annie (5)
6,Anna / Anne / Ann / Anni,Repola,East Karelia/Veps/Tver,Karelian Proper,kaV,Anna,1,1,1,Anna (1),Ann (1)
6,Anna / Anne / Ann / Anni,Ridala,Estonia core/west,North Estonian,viP,Ann,5,3,1,Ann (5),Ann (5)
6,Anna / Anne / Ann / Anni,Ridala,Estonia core/west,North Estonian,viP,Other,1,1,1,And/Anne (1),Anne (1)
6,Anna / Anne / Ann / Anni,Risti,Estonia core/west,North Estonian,viP,Anna,6,2,1,Anna (6),Anna (6)
6,Anna / Anne / Ann / Anni,Risti,Estonia core/west,North Estonian,viP,Anni,2,1,1,Anni (2),Anni/Annie (2)
6,Anna / Anne / Ann / Anni,Risti,Estonia core/west,North Estonian,viP,Other,2,1,1,Annake (2),Anna (2)
6,Anna / Anne / Ann / Anni,Ristijärvi,Finland/Savo-Karelia,Finnish,su,Anna,1,1,1,Anna (1),Anna (1)
6,Anna / Anne / Ann / Anni,Ristijärvi,Finland/Savo-Karelia,Finnish,su,Anni,1,1,1,Anni (1),Anni/Annie (1)
6,Anna / Anne / Ann / Anni,Rovaniemi,Finland/Savo-Karelia,Finnish,su,Anni,6,6,1,Anni (6),Anni/Annie (6)
6,Anna / Anne / Ann / Anni,Rovaniemi,Finland/Savo-Karelia,Finnish,su,Anna,1,1,1,Anna (1),Anna (1)
6,Anna / Anne / Ann / Anni,Rukajärvi,East Karelia/Veps/Tver,Karelian Proper,ka,Anni,3,2,1,Anni (3),Anni/Annie (3)
6,Anna / Anne / Ann / Anni,Räisälä,Finland/Savo-Karelia,Finnish,su,Anni,1,1,1,Anni (1),Anni/Annie (1)
6,Anna / Anne / Ann / Anni,Räpina,South Estonia/Seto,South Estonian,viE,Anna,2,1,1,Anna (2),Ann (2)
6,Anna / Anne / Ann / Anni,Räpina,South Estonia/Seto,South Estonian,viE,Ann,1,1,1,Ann (1),Ann (1)
6,Anna / Anne / Ann / Anni,Räpina,South Estonia/Seto,South Estonian,viE,Anne,1,1,1,Anne (1),Anne (1)
6,Anna / Anne / Ann / Anni,Räpina,South Estonia/Seto,South Estonian,viE,Other,1,1,1,Muki-Ann (1),Ann (1)
6,Anna / Anne / Ann / Anni,Rõngu,Estonia core/west,South Estonian,viE,Anne,5,4,1,Anne (5),Anne (5)
6,Anna / Anne / Ann / Anni,Rõngu,Estonia core/west,South Estonian,viE,Ann,1,1,1,Ann (1),Ann (1)
6,Anna / Anne / Ann / Anni,Rõuge,South Estonia/Seto,South Estonian,viE,Other,7,4,4,andma (4); annetütreke (1); Annuke (1); Annukene (1),Anna (6); Ann (1)
6,Anna / Anne / Ann / Anni,Rõuge,South Estonia/Seto,South Estonian,viE,Anni,4,1,1,Anni (4),Anni/Annie (4)
6,Anna / Anne / Ann / Anni,Rõuge,South Estonia/Seto,South Estonian,viE,Ann,2,2,1,Ann (2),Ann (2)
6,Anna / Anne / Ann / Anni,Saarde,Estonia core/west,North Estonian,viP,Anne,20,4,1,Anne (20),Anne (20)
6,Anna / Anne / Ann / Anni,Saarde,Estonia core/west,North Estonian,viP,Other,3,3,3,annekene (1); Anneke (1); Annukene (1),Anne (2); Ann (1)
6,Anna / Anne / Ann / Anni,Saarde,Estonia core/west,North Estonian,viP,Ann,1,1,1,Ann (1),Ann (1)
6,Anna / Anne / Ann / Anni,Saarijärvi,Finland/Savo-Karelia,Finnish,su,Anni,3,3,1,Anni (3),Anni/Annie (3)
6,Anna / Anne / Ann / Anni,Saarijärvi,Finland/Savo-Karelia,Finnish,su,Anna,1,1,1,Anna (1),Anna (1)
6,Anna / Anne / Ann / Anni,Sakkola,Finland/Savo-Karelia,Finnish,su,Anni,8,1,1,Anni (8),Anni/Annie (8)
6,Anna / Anne / Ann / Anni,Sakkola,Finland/Savo-Karelia,Finnish,su,Other,2,2,2,antaa (1); Annille (1),Anna (1); Ann (1)
6,Anna / Anne / Ann / Anni,Salmi,East Karelia/Veps/Tver,Livvi-Karelian,ka,Anni,5,3,1,Anni (5),Anni/Annie (5)
6,Anna / Anne / Ann / Anni,Salo,Finland/Savo-Karelia,Finnish,su,Anna,1,1,1,Anna (1),Anna (1)
6,Anna / Anne / Ann / Anni,Sangaste,Estonia core/west,South Estonian,viE,Other,7,7,7,annakene (1); Annekene (1); anne (name) (1); Annsüda (1); annekesekene (1); anne-kõne (1); Annekõne (1),Anne (4); Anna (3)
6,Anna / Anne / Ann / Anni,Sangaste,Estonia core/west,South Estonian,viE,Ann,4,4,1,Ann (4),Ann (4)
6,Anna / Anne / Ann / Anni,Sangaste,Estonia core/west,South Estonian,viE,Anne,4,3,1,Anne (4),Anne (4)
6,Anna / Anne / Ann / Anni,Sangaste,Estonia core/west,South Estonian,viE,Anna,3,3,1,Anna (3),Anna (2); Anne (1)
6,Anna / Anne / Ann / Anni,Sangaste,Estonia core/west,South Estonian,viE,Anu,2,2,1,Anu (2),Anu (2)
6,Anna / Anne / Ann / Anni,Sauvo,Finland/Savo-Karelia,Finnish,su,Other,2,2,2,Annikki (1); Anni & Eeva (1),Anni/Annie (2)
6,Anna / Anne / Ann / Anni,Savitaipale,Finland/Savo-Karelia,Finnish,su,Other,3,1,1,antaa (3),Anna (3)
6,Anna / Anne / Ann / Anni,Savonranta,Finland/Savo-Karelia,Finnish,su,Anna,1,1,1,Anna (1),Anna (1)
6,Anna / Anne / Ann / Anni,Seiskari,Finland/Savo-Karelia,Finnish,su,Anni,8,4,1,Anni (8),Anni/Annie (7); Ann (1)
6,Anna / Anne / Ann / Anni,Serepetta,Ingria,Finnish,su,Anu,2,1,1,Anu (2),Anu (2)
6,Anna / Anne / Ann / Anni,Setumaa,South Estonia/Seto,South Estonian,viE,Ann,15,9,1,Ann (15),Ann (13); Anne (2)
6,Anna / Anne / Ann / Anni,Setumaa,South Estonia/Seto,South Estonian,viE,Anna,8,5,1,Anna (8),Anna (4); Ann (2); Anne (2)
6,Anna / Anne / Ann / Anni,Setumaa,South Estonia/Seto,South Estonian,viE,Anne,4,4,1,Anne (4),Anne (4)
6,Anna / Anne / Ann / Anni,Setumaa,South Estonia/Seto,South Estonian,viE,Other,2,2,2,Annukene (1); Anna/andma (1),Ann (1); Anna (1)
6,Anna / Anne / Ann / Anni,Siilinjärvi,Finland/Savo-Karelia,Finnish,su,Anni,1,1,1,Anni (1),Anni/Annie (1)
6,Anna / Anne / Ann / Anni,Simo,Finland/Savo-Karelia,Finnish,su,Anni,2,1,1,Anni (2),Anni/Annie (2)
6,Anna / Anne / Ann / Anni,Simuna,Estonia core/west,North Estonian,viP,Anne,3,2,1,Anne (3),Anne (3)
6,Anna / Anne / Ann / Anni,Simuna,Estonia core/west,North Estonian,viP,Other,3,3,3,Anne-l (1); annekene (1); Annuke (1),Anne (2); Anna (1)
6,Anna / Anne / Ann / Anni,Simuna,Estonia core/west,North Estonian,viP,anne,2,2,1,anne (2),Anne (1); Anna (1)
6,Anna / Anne / Ann / Anni,Simuna,Estonia core/west,North Estonian,viP,anneke,1,1,1,anneke (1),Anne (1)
6,Anna / Anne / Ann / Anni,Skuoritsa,Ingria,Finnish,su,Anni,8,2,1,Anni (8),Anni/Annie (8)
6,Anna / Anne / Ann / Anni,Soanlahti,East Karelia/Veps/Tver,Finnish,su,Anni,2,2,1,Anni (2),Anni/Annie (1); Ann (1)
6,Anna / Anne / Ann / Anni,Sodankylä,Finland/Savo-Karelia,Finnish,su,Other,1,1,1,Annapää (1),Anna (1)
6,Anna / Anne / Ann / Anni,Soikkola,Ingria,Ingrian,in,Anni,21,13,1,Anni (21),Anni/Annie (17); Ann (4)
6,Anna / Anne / Ann / Anni,Soikkola,Ingria,Ingrian,in,anni,2,1,1,anni (2),Anni/Annie (2)
6,Anna / Anne / Ann / Anni,Somero,Finland/Savo-Karelia,Finnish,su,Other,1,1,1,Anni-Kaija (1),Anni/Annie (1)
6,Anna / Anne / Ann / Anni,Sonkajärvi,Finland/Savo-Karelia,Finnish,su,Anna,3,3,1,Anna (3),Anna (3)
6,Anna / Anne / Ann / Anni,Sortavala,East Karelia/Veps/Tver,Finnish,su,Anni,1,1,1,Anni (1),Anni/Annie (1)
6,Anna / Anne / Ann / Anni,Sotkamo,Finland/Savo-Karelia,Finnish,su,Anna,1,1,1,Anna (1),Anna (1)
6,Anna / Anne / Ann / Anni,Sotkamo,Finland/Savo-Karelia,Finnish,su,Other,1,1,1,Anna (name) (1),Anna (1)
6,Anna / Anne / Ann / Anni,Spankkova,Ingria,Finnish,su,Anni,2,1,1,Anni (2),Anni/Annie (2)
6,Anna / Anne / Ann / Anni,Suistamo,East Karelia/Veps/Tver,Livvi-Karelian,ka,Anni,20,11,1,Anni (20),Anni/Annie (20)
6,Anna / Anne / Ann / Anni,Suistamo,East Karelia/Veps/Tver,Livvi-Karelian,ka,Other,5,2,2,Annin (4); Annukainen (1),Ann (4); Anna (1)
6,Anna / Anne / Ann / Anni,Suistamo,East Karelia/Veps/Tver,Livvi-Karelian,ka,Anna,2,1,1,Anna (2),Anni/Annie (2)
6,Anna / Anne / Ann / Anni,Suistamo,East Karelia/Veps/Tver,Livvi-Karelian,ka,Anu,2,2,1,Anu (2),Anu (2)
6,Anna / Anne / Ann / Anni,Suojärvi,East Karelia/Veps/Tver,Finnish,su,Anni,25,11,1,Anni (25),Anni/Annie (25)
6,Anna / Anne / Ann / Anni,Suojärvi,East Karelia/Veps/Tver,Finnish,su,Other,5,3,4,Anni-ainutkertainen (2); Anni+neito (1); Anni+neitsyt (1); Annineito (1),Anni/Annie (5)
6,Anna / Anne / Ann / Anni,Suojärvi,East Karelia/Veps/Tver,Finnish,su,Anna,2,2,1,Anna (2),Ann (1); Anni/Annie (1)
6,Anna / Anne / Ann / Anni,Suomussalmi,Finland/Savo-Karelia,Finnish,su,Anni,1,1,1,Anni (1),Anni/Annie (1)
6,Anna / Anne / Ann / Anni,Suonenjoki,Finland/Savo-Karelia,Finnish,su,Anna,1,1,1,Anna (1),Anna (1)
6,Anna / Anne / Ann / Anni,Suure-Jaani,Estonia core/west,North Estonian,viP,Anne,11,3,1,Anne (11),Anne (10); Anni/Annie (1)
6,Anna / Anne / Ann / Anni,Suure-Jaani,Estonia core/west,North Estonian,viP,Ann,8,4,1,Ann (8),Ann (8)
6,Anna / Anne / Ann / Anni,Suure-Jaani,Estonia core/west,North Estonian,viP,Anna,4,2,1,Anna (4),Ann (3); Anne (1)
6,Anna / Anne / Ann / Anni,Suure-Jaani,Estonia core/west,North Estonian,viP,Other,2,1,1,ann (2),Ann (2)
6,Anna / Anne / Ann / Anni,Suure-Jaani,Estonia core/west,North Estonian,viP,anne,2,2,1,anne (2),Ann (1); Anne (1)
6,Anna / Anne / Ann / Anni,Sysmä,Finland/Savo-Karelia,Finnish,su,Anna,1,1,1,Anna (1),Anna (1)
6,Anna / Anne / Ann / Anni,Säkkijärvi,Finland/Savo-Karelia,Finnish,su,Anna,1,1,1,Anna (1),Anna (1)
6,Anna / Anne / Ann / Anni,Sääksmäki,Finland/Savo-Karelia,Finnish,su,Anni,1,1,1,Anni (1),Ann (1)
6,Anna / Anne / Ann / Anni,Sääksmäki,Finland/Savo-Karelia,Finnish,su,Other,1,1,1,Annikainen (1),Ann (1)
6,Anna / Anne / Ann / Anni,Sääminki,Finland/Savo-Karelia,Finnish,su,Anni,1,1,1,Anni (1),Anni/Annie (1)
6,Anna / Anne / Ann / Anni,Säämäjärvi,East Karelia/Veps/Tver,Livvi-Karelian,ka,Anu,1,1,1,Anu (1),Anu (1)
6,Anna / Anne / Ann / Anni,Taivalkoski,Finland/Savo-Karelia,Finnish,su,Anna,1,1,1,Anna (1),Anna (1)
6,Anna / Anne / Ann / Anni,Tampere,Finland/Savo-Karelia,Finnish,su,Anni,4,4,1,Anni (4),Anni/Annie (4)
6,Anna / Anne / Ann / Anni,Tartu-Maarja,Estonia core/west,South Estonian,viE,Anne,4,2,1,Anne (4),Anne (4)
6,Anna / Anne / Ann / Anni,Tarvastu,Estonia core/west,South Estonian,viE,Ann,23,6,1,Ann (23),Ann (21); Anne (2)
6,Anna / Anne / Ann / Anni,Tarvastu,Estonia core/west,South Estonian,viE,Anne,18,12,1,Anne (18),Anne (16); Anna (1); Ann (1)
6,Anna / Anne / Ann / Anni,Tarvastu,Estonia core/west,South Estonian,viE,Other,8,8,8,Annekene (1); Annake (1); annuke (1); Ann&kene (1); Annuke (1); Annukene (1); Anneke(ne) (1); annake (1),Anne (3); Ann (3); Anna (1); Anni/Annie (1)
6,Anna / Anne / Ann / Anni,Tarvastu,Estonia core/west,South Estonian,viE,Anna,6,2,1,Anna (6),Anne (3); Ann (2); Anna (1)
6,Anna / Anne / Ann / Anni,Tarvastu,Estonia core/west,South Estonian,viE,anne,3,2,1,anne (3),Anna (2); Anne (1)
6,Anna / Anne / Ann / Anni,Tarvastu,Estonia core/west,South Estonian,viE,anneke,2,2,1,anneke (2),Anne (1); Anna (1)
6,Anna / Anne / Ann / Anni,Terijoki,Finland/Savo-Karelia,Finnish,su,Anni,4,1,1,Anni (4),Anni/Annie (4)
6,Anna / Anne / Ann / Anni,Terijoki,Finland/Savo-Karelia,Finnish,su,Other,1,1,1,Ristiina (1),Anna (1)
6,Anna / Anne / Ann / Anni,Tervo,Finland/Savo-Karelia,Finnish,su,Anni,2,2,1,Anni (2),Ann (1); Anni/Annie (1)
6,Anna / Anne / Ann / Anni,Tohmajärvi,Finland/Savo-Karelia,Finnish,su,Anni,1,1,1,Anni (1),Anni/Annie (1)
6,Anna / Anne / Ann / Anni,Toksova,Ingria,Finnish,su,Anni,8,3,1,Anni (8),Anni/Annie (8)
6,Anna / Anne / Ann / Anni,Tori,Estonia core/west,North Estonian,viP,Ann,6,4,1,Ann (6),Ann (6)
6,Anna / Anne / Ann / Anni,Tori,Estonia core/west,North Estonian,viP,Anne,6,4,1,Anne (6),Anne (6)
6,Anna / Anne / Ann / Anni,Tori,Estonia core/west,North Estonian,viP,Anna,1,1,1,Anna (1),Ann (1)
6,Anna / Anne / Ann / Anni,Tori,Estonia core/west,North Estonian,viP,Anni,1,1,1,Anni (1),Anni/Annie (1)
6,Anna / Anne / Ann / Anni,Tori,Estonia core/west,North Estonian,viP,Other,1,1,1,Tua-Ann (1),Ann (1)
6,Anna / Anne / Ann / Anni,Torma,Estonia core/west,North Estonian,viP,Anne,6,2,1,Anne (6),Anne (6)
6,Anna / Anne / Ann / Anni,Torma,Estonia core/west,North Estonian,viP,Ann,2,2,1,Ann (2),Anne (1); Ann (1)
6,Anna / Anne / Ann / Anni,Torma,Estonia core/west,North Estonian,viP,anne,2,2,1,anne (2),Anna (1); Ann (1)
6,Anna / Anne / Ann / Anni,Torma,Estonia core/west,North Estonian,viP,Other,1,1,1,Annuke (1),Anne (1)
6,Anna / Anne / Ann / Anni,Tulemajärvi,East Karelia/Veps/Tver,Livvi-Karelian,ka,Anni,19,14,1,Anni (19),Anni/Annie (17); Ann (2)
6,Anna / Anne / Ann / Anni,Tulemajärvi,East Karelia/Veps/Tver,Livvi-Karelian,ka,Other,9,2,2,Annolle (7); anta- (2),Anni/Annie (7); Anna (2)
6,Anna / Anne / Ann / Anni,Tulemajärvi,East Karelia/Veps/Tver,Livvi-Karelian,ka,Anna,5,4,1,Anna (5),Ann (3); Anna (1); Anni/Annie (1)
6,Anna / Anne / Ann / Anni,Turku,Finland/Savo-Karelia,Finnish,su,Anna,2,2,1,Anna (2),Ann (1); Anni/Annie (1)
6,Anna / Anne / Ann / Anni,Tuupovaara,Finland/Savo-Karelia,Finnish,su,Anni,1,1,1,Anni (1),Anni/Annie (1)
6,Anna / Anne / Ann / Anni,Tuusula,Finland/Savo-Karelia,Finnish,su,Other,1,1,1,annu (1),Anna (1)
6,Anna / Anne / Ann / Anni,Tuutari,Ingria,Finnish,su,Anni,1,1,1,Anni (1),Anni/Annie (1)
6,Anna / Anne / Ann / Anni,Tyrväntö,Finland/Savo-Karelia,Finnish,su,Anni,1,1,1,Anni (1),Anni/Annie (1)
6,Anna / Anne / Ann / Anni,Tyrvää,Finland/Savo-Karelia,Finnish,su,Anna,1,1,1,Anna (1),Anna (1)
6,Anna / Anne / Ann / Anni,Tyrö,Ingria,Finnish,su,Anni,5,4,1,Anni (5),Anni/Annie (5)
6,Anna / Anne / Ann / Anni,Tyrö,Ingria,Finnish,su,Anna,1,1,1,Anna (1),Anna (1)
6,Anna / Anne / Ann / Anni,Tõstamaa,Estonia core/west,North Estonian,viP,Anne,2,1,1,Anne (2),Anne (2)
6,Anna / Anne / Ann / Anni,Tõstamaa,Estonia core/west,North Estonian,viP,Other,2,2,2,Anne (name) (1); anne & kene (1),Anne (1); Ann (1)
6,Anna / Anne / Ann / Anni,Tõstamaa,Estonia core/west,North Estonian,viP,anne,2,2,1,anne (2),Anna (1); Anne (1)
6,Anna / Anne / Ann / Anni,Tõstamaa,Estonia core/west,North Estonian,viP,Anu,1,1,1,Anu (1),Anu (1)
6,Anna / Anne / Ann / Anni,Töysä,Finland/Savo-Karelia,Finnish,su,Anna,2,2,1,Anna (2),Anna (2)
6,Anna / Anne / Ann / Anni,Töysä,Finland/Savo-Karelia,Finnish,su,Anni,1,1,1,Anni (1),Anni/Annie (1)
6,Anna / Anne / Ann / Anni,Türi,Estonia core/west,North Estonian,viP,Anne,7,3,1,Anne (7),Anne (5); Ann (2)
6,Anna / Anne / Ann / Anni,Türi,Estonia core/west,North Estonian,viP,Ann,2,2,1,Ann (2),Ann (2)
6,Anna / Anne / Ann / Anni,Türi,Estonia core/west,North Estonian,viP,Anna,1,1,1,Anna (1),Anne (1)
6,Anna / Anne / Ann / Anni,Türi,Estonia core/west,North Estonian,viP,anne,1,1,1,anne (1),Anne (1)
6,Anna / Anne / Ann / Anni,Uhtua,East Karelia/Veps/Tver,Karelian Proper,ka,Anna,1,1,1,Anna (1),Anni/Annie (1)
6,Anna / Anne / Ann / Anni,Urvaste,South Estonia/Seto,South Estonian,viE,Ann,11,6,1,Ann (11),Ann (11)
6,Anna / Anne / Ann / Anni,Urvaste,South Estonia/Seto,South Estonian,viE,Other,7,6,5,Annukene (2); anu (2); annukene (1); annakene (1); Annike (1),Anna (3); Ann (2); Anu (2)
6,Anna / Anne / Ann / Anni,Urvaste,South Estonia/Seto,South Estonian,viE,Anna,6,5,1,Anna (6),Ann (3); Anna (3)
6,Anna / Anne / Ann / Anni,Urvaste,South Estonia/Seto,South Estonian,viE,Anne,5,4,1,Anne (5),Anne (5)
6,Anna / Anne / Ann / Anni,Uskela,Finland/Savo-Karelia,Finnish,su,Other,5,5,5,Anna / antaa (1); Anni (diminutive) (1); anninmaja (1); Anna (gen) (1); Anna (name) (1),Anni/Annie (3); Anna (2)
6,Anna / Anne / Ann / Anni,Uskela,Finland/Savo-Karelia,Finnish,su,Anna,1,1,1,Anna (1),Anna (1)
6,Anna / Anne / Ann / Anni,Uskela,Finland/Savo-Karelia,Finnish,su,Anni,1,1,1,Anni (1),Anni/Annie (1)
6,Anna / Anne / Ann / Anni,Uusikaupunki,Finland/Savo-Karelia,Finnish,su,Anni,1,1,1,Anni (1),Anni/Annie (1)
6,Anna / Anne / Ann / Anni,Vaivara,Estonia core/west,North Estonian,viP,Anne,5,4,1,Anne (5),Anne (5)
6,Anna / Anne / Ann / Anni,Vaivara,Estonia core/west,North Estonian,viP,Other,2,2,2,annetütar (1); annukene (1),Anne (1); Ann (1)
6,Anna / Anne / Ann / Anni,Vaivara,Estonia core/west,North Estonian,viP,anne,2,1,1,anne (2),Anne (2)
6,Anna / Anne / Ann / Anni,Vaivara,Estonia core/west,North Estonian,viP,anneke,2,1,1,anneke (2),Anne (2)
6,Anna / Anne / Ann / Anni,Vaivara,Estonia core/west,North Estonian,viP,Ann,1,1,1,Ann (1),Ann (1)
6,Anna / Anne / Ann / Anni,Valkeala,Finland/Savo-Karelia,Finnish,su,Anni,1,1,1,Anni (1),Ann (1)
6,Anna / Anne / Ann / Anni,Vanaja,Finland/Savo-Karelia,Finnish,su,Anna,1,1,1,Anna (1),Anna (1)
6,Anna / Anne / Ann / Anni,Varbla,Estonia core/west,North Estonian,viP,Ann,11,5,1,Ann (11),Ann (11)
6,Anna / Anne / Ann / Anni,Varbla,Estonia core/west,North Estonian,viP,anne,1,1,1,anne (1),Anne (1)
6,Anna / Anne / Ann / Anni,Varpaisjärvi,Finland/Savo-Karelia,Finnish,su,Anna,1,1,1,Anna (1),Anna (1)
6,Anna / Anne / Ann / Anni,Vastseliina,South Estonia/Seto,South Estonian,viE,Anna,2,1,1,Anna (2),Anne (2)
6,Anna / Anne / Ann / Anni,Vastseliina,South Estonia/Seto,South Estonian,viE,Anne,1,1,1,Anne (1),Anne (1)
6,Anna / Anne / Ann / Anni,Vastseliina,South Estonia/Seto,South Estonian,viE,Other,1,1,1,Annukene (1),Anna (1)
6,Anna / Anne / Ann / Anni,Venjoki,Ingria,Finnish,su,Anna,2,1,1,Anna (2),Ann (2)
6,Anna / Anne / Ann / Anni,Venjoki,Ingria,Finnish,su,Anni,1,1,1,Anni (1),Anni/Annie (1)
6,Anna / Anne / Ann / Anni,Vesilahti,Finland/Savo-Karelia,Finnish,su,Anna,1,1,1,Anna (1),Anna (1)
6,Anna / Anne / Ann / Anni,Vieljärvi,East Karelia/Veps/Tver,Livvi-Karelian,kaA,Anni,3,1,1,Anni (3),Anni/Annie (3)
6,Anna / Anne / Ann / Anni,Vigala,Estonia core/west,North Estonian,viP,Ann,24,8,1,Ann (24),Ann (23); Anne (1)
6,Anna / Anne / Ann / Anni,Vigala,Estonia core/west,North Estonian,viP,Other,9,5,4,Anneke (6); Anne & -ke (1); Annake (1); annekene (1),Ann (5); Anne (3); Anna (1)
6,Anna / Anne / Ann / Anni,Vigala,Estonia core/west,North Estonian,viP,Anne,6,6,1,Anne (6),Anne (5); Anni/Annie (1)
6,Anna / Anne / Ann / Anni,Vigala,Estonia core/west,North Estonian,viP,Anna,3,2,1,Anna (3),Ann (2); Anna (1)
6,Anna / Anne / Ann / Anni,Vigala,Estonia core/west,North Estonian,viP,anneke,3,3,1,anneke (3),Anna (2); Anne (1)
6,Anna / Anne / Ann / Anni,Viljandi,Estonia core/west,North Estonian,viP,Anne,26,11,1,Anne (26),Anne (26)
6,Anna / Anne / Ann / Anni,Viljandi,Estonia core/west,North Estonian,viP,Ann,9,5,1,Ann (9),Ann (9)
6,Anna / Anne / Ann / Anni,Viljandi,Estonia core/west,North Estonian,viP,Other,3,3,2,Annuke (2); Annel (1),Anna (2); Anne (1)
6,Anna / Anne / Ann / Anni,Viljandi,Estonia core/west,North Estonian,viP,Anna,1,1,1,Anna (1),Anne (1)
6,Anna / Anne / Ann / Anni,Viljandi,Estonia core/west,North Estonian,viP,anneke,1,1,1,anneke (1),Anne (1)
6,Anna / Anne / Ann / Anni,Virrat,Finland/Savo-Karelia,Finnish,su,Anna,1,1,1,Anna (1),Anna (1)
6,Anna / Anne / Ann / Anni,Virrat,Finland/Savo-Karelia,Finnish,su,Anni,1,1,1,Anni (1),Anni/Annie (1)
6,Anna / Anne / Ann / Anni,Virtasalmi,Finland/Savo-Karelia,Finnish,su,Anna,2,2,1,Anna (2),Anna (2)
6,Anna / Anne / Ann / Anni,Viru-Jaagupi,Estonia core/west,North Estonian,viP,Ann,6,1,1,Ann (6),Ann (6)
6,Anna / Anne / Ann / Anni,Viru-Jaagupi,Estonia core/west,North Estonian,viP,Anna,5,3,1,Anna (5),Anna (3); Anne (1); Ann (1)
6,Anna / Anne / Ann / Anni,Viru-Jaagupi,Estonia core/west,North Estonian,viP,Other,5,4,4,Annekene (2); aani (1); andma/Anna (1); Annake (1),Anne (2); Anna (2); Ann (1)
6,Anna / Anne / Ann / Anni,Viru-Jaagupi,Estonia core/west,North Estonian,viP,anneke,3,1,1,anneke (3),Ann (3)
6,Anna / Anne / Ann / Anni,Viru-Jaagupi,Estonia core/west,North Estonian,viP,Anne,1,1,1,Anne (1),Anne (1)
6,Anna / Anne / Ann / Anni,Viru-Jaagupi,Estonia core/west,North Estonian,viP,anne,1,1,1,anne (1),Ann (1)
6,Anna / Anne / Ann / Anni,Viru-Nigula,Estonia core/west,North Estonian,viP,Ann,10,5,1,Ann (10),Ann (10)
6,Anna / Anne / Ann / Anni,Viru-Nigula,Estonia core/west,North Estonian,viP,Anne,10,5,1,Anne (10),Anne (10)
6,Anna / Anne / Ann / Anni,Viru-Nigula,Estonia core/west,North Estonian,viP,Anni,2,2,1,Anni (2),Anni/Annie (2)
6,Anna / Anne / Ann / Anni,Viru-Nigula,Estonia core/west,North Estonian,viP,Anu,2,1,1,Anu (2),Anu (2)
6,Anna / Anne / Ann / Anni,Vuokkiniemi,East Karelia/Veps/Tver,Karelian Proper,ka,Anni,10,5,1,Anni (10),Anni/Annie (10)
6,Anna / Anne / Ann / Anni,Vuokkiniemi,East Karelia/Veps/Tver,Karelian Proper,ka,Other,1,1,1,annanpäivä (1),Anna (1)
6,Anna / Anne / Ann / Anni,Vuole,Ingria,Finnish,su,Anni,20,9,1,Anni (20),Anni/Annie (20)
6,Anna / Anne / Ann / Anni,Vuole,Ingria,Finnish,su,Anna,1,1,1,Anna (1),Ann (1)
6,Anna / Anne / Ann / Anni,Väike-Maarja,Estonia core/west,North Estonian,viP,Anne,16,12,1,Anne (16),Anne (16)
6,Anna / Anne / Ann / Anni,Väike-Maarja,Estonia core/west,North Estonian,viP,Ann,4,4,1,Ann (4),Ann (4)
6,Anna / Anne / Ann / Anni,Väike-Maarja,Estonia core/west,North Estonian,viP,Other,2,2,2,annekene (1); Annekene (1),Anne (1); Anna (1)
6,Anna / Anne / Ann / Anni,Väike-Maarja,Estonia core/west,North Estonian,viP,Anna,1,1,1,Anna (1),Anne (1)
6,Anna / Anne / Ann / Anni,Väike-Maarja,Estonia core/west,North Estonian,viP,anne,1,1,1,anne (1),Ann (1)
6,Anna / Anne / Ann / Anni,Vändra,Estonia core/west,North Estonian,viP,Anne,9,6,1,Anne (9),Anne (9)
6,Anna / Anne / Ann / Anni,Vändra,Estonia core/west,North Estonian,viP,Other,7,1,3,Annekene (3); Annat (2); Annekese (2),Anna (7)
6,Anna / Anne / Ann / Anni,Vändra,Estonia core/west,North Estonian,viP,anne,5,1,1,anne (5),Anne (5)
6,Anna / Anne / Ann / Anni,Vändra,Estonia core/west,North Estonian,viP,Ann,4,2,1,Ann (4),Ann (4)
6,Anna / Anne / Ann / Anni,Vändra,Estonia core/west,North Estonian,viP,Anna,1,1,1,Anna (1),Anna (1)
6,Anna / Anne / Ann / Anni,Vändra,Estonia core/west,North Estonian,viP,anneke,1,1,1,anneke (1),Anna (1)
6,Anna / Anne / Ann / Anni,Võnnu,Estonia core/west,South Estonian,viE,Ann,12,5,1,Ann (12),Ann (12)
6,Anna / Anne / Ann / Anni,Võnnu,Estonia core/west,South Estonian,viE,Anne,6,3,1,Anne (6),Anne (6)
6,Anna / Anne / Ann / Anni,Võnnu,Estonia core/west,South Estonian,viE,Anna,5,2,1,Anna (5),Anna (5)
6,Anna / Anne / Ann / Anni,Võnnu,Estonia core/west,South Estonian,viE,Other,2,2,2,Annuke (1); Annukene (1),Anna (1); Ann (1)
6,Anna / Anne / Ann / Anni,Ylämaa,Finland/Savo-Karelia,Finnish,su,Anni,1,1,1,Anni (1),Anni/Annie (1)
6,Anna / Anne / Ann / Anni,Äksi,Estonia core/west,North Estonian,viP,Anne,9,5,1,Anne (9),Anne (9)
6,Anna / Anne / Ann / Anni,Äksi,Estonia core/west,North Estonian,viP,Ann,3,1,1,Ann (3),Ann (3)
7,Peter / Pietari / Peeter,Alatornio,Finland/Savo-Karelia,Finnish,su,Pekka,2,2,1,Pekka (2),Peter (1); Pekka/Pekko (1)
7,Peter / Pietari / Peeter,Alatornio,Finland/Savo-Karelia,Finnish,su,Pietari,2,2,1,Pietari (2),Peter (2)
7,Peter / Pietari / Peeter,Alatornio,Finland/Savo-Karelia,Finnish,su,Petteri,1,1,1,Petteri (1),Peter (1)
7,Peter / Pietari / Peeter,Alavus,Finland/Savo-Karelia,Finnish,su,Pekka,2,1,1,Pekka (2),Pekka/Pekko (2)
7,Peter / Pietari / Peeter,Alavus,Finland/Savo-Karelia,Finnish,su,Other,1,1,1,piki-Pietari (1),Peter (1)
7,Peter / Pietari / Peeter,Ambla,Estonia core/west,North Estonian,viP,Peeter,6,6,1,Peeter (6),Peeter (3); Peter (3)
7,Peter / Pietari / Peeter,Ambla,Estonia core/west,North Estonian,viP,Other,1,1,1,piiter (1),Peter (1)
7,Peter / Pietari / Peeter,Anjala,Finland/Savo-Karelia,Finnish,su,Pietari,2,2,1,Pietari (2),Peter (2)
7,Peter / Pietari / Peeter,Anseküla,Estonia core/west,North Estonian,viP,Peeter,3,2,1,Peeter (3),Peeter (2); Peter (1)
7,Peter / Pietari / Peeter,Asikkala,Finland/Savo-Karelia,Finnish,su,Pietari,4,4,1,Pietari (4),Peter (3); Petteri/Pietari (1)
7,Peter / Pietari / Peeter,Asikkala,Finland/Savo-Karelia,Finnish,su,Pekka,3,3,1,Pekka (3),Pekka/Pekko (3)
7,Peter / Pietari / Peeter,Audru,Estonia core/west,North Estonian,viP,Peeter,1,1,1,Peeter (1),Peeter (1)
7,Peter / Pietari / Peeter,Elimäki,Finland/Savo-Karelia,Finnish,su,Other,1,1,1,Pekko (archaic/dialectal) (1),Pekka/Pekko (1)
7,Peter / Pietari / Peeter,Emmaste,Estonia core/west,North Estonian,viP,Peeter,1,1,1,Peeter (1),Peeter (1)
7,Peter / Pietari / Peeter,Eno,Finland/Savo-Karelia,Finnish,su,Pietari,4,4,1,Pietari (4),Peter (4)
7,Peter / Pietari / Peeter,Eno,Finland/Savo-Karelia,Finnish,su,Pekka,1,1,1,Pekka (1),Pekka/Pekko (1)
7,Peter / Pietari / Peeter,Eno,Finland/Savo-Karelia,Finnish,su,Petri,1,1,1,Petri (1),Peter (1)
7,Peter / Pietari / Peeter,Enonkoski,Finland/Savo-Karelia,Finnish,su,Pietari,1,1,1,Pietari (1),Peter (1)
7,Peter / Pietari / Peeter,Eurajoki,Finland/Savo-Karelia,Finnish,su,Other,1,1,1,pikipöksypietari (1),Peter (1)
7,Peter / Pietari / Peeter,Haapajärvi,Finland/Savo-Karelia,Finnish,su,Pekka,1,1,1,Pekka (1),Pekka/Pekko (1)
7,Peter / Pietari / Peeter,Hageri,Estonia core/west,North Estonian,viP,Peeter,1,1,1,Peeter (1),Peeter (1)
7,Peter / Pietari / Peeter,Hageri,Estonia core/west,North Estonian,viP,Peetrus,1,1,1,Peetrus (1),Peter (1)
7,Peter / Pietari / Peeter,Haljala,Estonia core/west,North Estonian,viP,Peeter,5,5,1,Peeter (5),Peter (4); Peeter (1)
7,Peter / Pietari / Peeter,Haljala,Estonia core/west,North Estonian,viP,Other,1,1,1,Liiva-Peeter (1),Peeter (1)
7,Peter / Pietari / Peeter,Halliste,Estonia core/west,South Estonian,viE,Peeter,15,9,1,Peeter (15),Peter (9); Peeter (6)
7,Peter / Pietari / Peeter,Halliste,Estonia core/west,South Estonian,viE,Peetrus,1,1,1,Peetrus (1),Peter (1)
7,Peter / Pietari / Peeter,Hanila,Estonia core/west,North Estonian,viP,Peeter,3,1,1,Peeter (3),Peter (3)
7,Peter / Pietari / Peeter,Harjavalta,Finland/Savo-Karelia,Finnish,su,Pietari,1,1,1,Pietari (1),Peter (1)
7,Peter / Pietari / Peeter,Harju-Jaani,Estonia core/west,North Estonian,viP,Peeter,2,2,1,Peeter (2),Peeter (2)
7,Peter / Pietari / Peeter,Harju-Madise,Estonia core/west,North Estonian,viP,Peeter,4,2,1,Peeter (4),Peeter (3); Peter (1)
7,Peter / Pietari / Peeter,Harju-Madise,Estonia core/west,North Estonian,viP,Peetrus,1,1,1,Peetrus (1),Peter (1)
7,Peter / Pietari / Peeter,Hartola,Finland/Savo-Karelia,Finnish,su,Pekka,1,1,1,Pekka (1),Peter (1)
7,Peter / Pietari / Peeter,Hattula,Finland/Savo-Karelia,Finnish,su,Pietari,4,4,1,Pietari (4),Peter (4)
7,Peter / Pietari / Peeter,Hattula,Finland/Savo-Karelia,Finnish,su,Pekka,2,2,1,Pekka (2),Pekka/Pekko (2)
7,Peter / Pietari / Peeter,Hauho,Finland/Savo-Karelia,Finnish,su,Pietari,1,1,1,Pietari (1),Peter (1)
7,Peter / Pietari / Peeter,Heinjoki,Finland/Savo-Karelia,Finnish,su,Pietari,2,2,1,Pietari (2),Peter (2)
7,Peter / Pietari / Peeter,Heinjoki,Finland/Savo-Karelia,Finnish,su,Pekko,1,1,1,Pekko (1),Pekka/Pekko (1)
7,Peter / Pietari / Peeter,Heinävesi,Finland/Savo-Karelia,Finnish,su,Pekka,11,11,1,Pekka (11),Pekka/Pekko (10); Peter (1)
7,Peter / Pietari / Peeter,Heinävesi,Finland/Savo-Karelia,Finnish,su,Other,6,6,4,Pietarinpoika (3); pietarinkukka (1); pietarinpoika (1); pellonpekka (1),Peter (5); Pekka/Pekko (1)
7,Peter / Pietari / Peeter,Heinävesi,Finland/Savo-Karelia,Finnish,su,Pietari,2,2,1,Pietari (2),Peter (1); Petteri/Pietari (1)
7,Peter / Pietari / Peeter,Helme,Estonia core/west,South Estonian,viE,Peeter,14,9,1,Peeter (14),Peter (12); Peeter (2)
7,Peter / Pietari / Peeter,Helme,Estonia core/west,South Estonian,viE,Peetrus,2,1,1,Peetrus (2),Peter (2)
7,Peter / Pietari / Peeter,Helsinki,Finland/Savo-Karelia,Finnish,su,Pietari,4,4,1,Pietari (4),Peter (4)
7,Peter / Pietari / Peeter,Helsinki,Finland/Savo-Karelia,Finnish,su,Other,1,1,1,pikipöksypietari (1),Peter (1)
7,Peter / Pietari / Peeter,Hietamäki,Ingria,Finnish,su,Other,1,1,1,Pekka-retku (1),Pekka/Pekko (1)
7,Peter / Pietari / Peeter,Hiitola,Finland/Savo-Karelia,Finnish,su,Pietari,1,1,1,Pietari (1),Peter (1)
7,Peter / Pietari / Peeter,Hirvensalmi,Finland/Savo-Karelia,Finnish,su,Pietari,1,1,1,Pietari (1),Peter (1)
7,Peter / Pietari / Peeter,Hollola,Finland/Savo-Karelia,Finnish,su,Pietari,2,2,1,Pietari (2),Peter (2)
7,Peter / Pietari / Peeter,Honkajoki,Finland/Savo-Karelia,Finnish,su,Other,2,1,2,petteri (1); pekaran+soo (1),Peter (1); Pekka/Pekko (1)
7,Peter / Pietari / Peeter,Hyvinkää,Finland/Savo-Karelia,Finnish,su,Other,1,1,1,pietari (1),Peter (1)
7,Peter / Pietari / Peeter,Hämeenlinna,Finland/Savo-Karelia,Finnish,su,Other,1,1,1,pikipöksypietari (1),Peter (1)
7,Peter / Pietari / Peeter,Hämeenlinna,Finland/Savo-Karelia,Finnish,su,Pietari,1,1,1,Pietari (1),Peter (1)
7,Peter / Pietari / Peeter,Häädemeeste,Estonia core/west,North Estonian,viP,Peeter,1,1,1,Peeter (1),Peeter (1)
7,Peter / Pietari / Peeter,Iisaku,Estonia core/west,North Estonian,viP,Other,1,1,1,Peetri (1),Peeter (1)
7,Peter / Pietari / Peeter,Iisaku,Estonia core/west,North Estonian,viP,Peeter,1,1,1,Peeter (1),Peeter (1)
7,Peter / Pietari / Peeter,Iisalmi,Finland/Savo-Karelia,Finnish,su,Pekka,2,2,1,Pekka (2),Pekka/Pekko (2)
7,Peter / Pietari / Peeter,Iisalmi,Finland/Savo-Karelia,Finnish,su,Pietari,2,2,1,Pietari (2),Peter (1); Petteri/Pietari (1)
7,Peter / Pietari / Peeter,Ilmajoki,Finland/Savo-Karelia,Finnish,su,Pietari,1,1,1,Pietari (1),Peter (1)
7,Peter / Pietari / Peeter,Ilomantsi,Finland/Savo-Karelia,Finnish,su,Pietari,35,13,1,Pietari (35),Peter (35)
7,Peter / Pietari / Peeter,Ilomantsi,Finland/Savo-Karelia,Finnish,su,Pekka,13,11,1,Pekka (13),Pekka/Pekko (10); Peter (3)
7,Peter / Pietari / Peeter,Ilomantsi,Finland/Savo-Karelia,Finnish,su,Other,3,3,3,Pekka/pekko (1); pietarinpoika (1); Pekka-poika (1),Pekka/Pekko (2); Peter (1)
7,Peter / Pietari / Peeter,Ilomantsi,Finland/Savo-Karelia,Finnish,su,Petteri,1,1,1,Petteri (1),Peter (1)
7,Peter / Pietari / Peeter,Impilahti,East Karelia/Veps/Tver,Livvi-Karelian,ka,Pekka,4,4,1,Pekka (4),Pekka/Pekko (4)
7,Peter / Pietari / Peeter,Impilahti,East Karelia/Veps/Tver,Livvi-Karelian,ka,Pietari,4,4,1,Pietari (4),Peter (4)
7,Peter / Pietari / Peeter,Impilahti,East Karelia/Veps/Tver,Livvi-Karelian,ka,Petri,3,1,1,Petri (3),Peter (3)
7,Peter / Pietari / Peeter,Isojoki,Finland/Savo-Karelia,Finnish,su,Pietari,1,1,1,Pietari (1),Peter (1)
7,Peter / Pietari / Peeter,Jaakkima,Finland/Savo-Karelia,Finnish,su,Pietari,3,3,1,Pietari (3),Peter (3)
7,Peter / Pietari / Peeter,Jaakkima,Finland/Savo-Karelia,Finnish,su,Pekka,2,2,1,Pekka (2),Pekka/Pekko (2)
7,Peter / Pietari / Peeter,Jaakkima,Finland/Savo-Karelia,Finnish,su,Other,1,1,1,Pietarinpoika (1),Peter (1)
7,Peter / Pietari / Peeter,Jaakkima,Finland/Savo-Karelia,Finnish,su,Pekko,1,1,1,Pekko (1),Pekka/Pekko (1)
7,Peter / Pietari / Peeter,Jaani,Estonia core/west,North Estonian,viP,Peeter,1,1,1,Peeter (1),Peter (1)
7,Peter / Pietari / Peeter,Jalasjärvi,Finland/Savo-Karelia,Finnish,su,Pietari,1,1,1,Pietari (1),Peter (1)
7,Peter / Pietari / Peeter,Janakkala,Finland/Savo-Karelia,Finnish,su,Pietari,1,1,1,Pietari (1),Peter (1)
7,Peter / Pietari / Peeter,Joensuu,Finland/Savo-Karelia,Finnish,su,Pekka,1,1,1,Pekka (1),Pekka/Pekko (1)
7,Peter / Pietari / Peeter,Johannes,Finland/Savo-Karelia,Finnish,su,Pietari,2,2,1,Pietari (2),Peter (2)
7,Peter / Pietari / Peeter,Joroinen,Finland/Savo-Karelia,Finnish,su,Pekka,4,4,1,Pekka (4),Pekka/Pekko (4)
7,Peter / Pietari / Peeter,Joroinen,Finland/Savo-Karelia,Finnish,su,Pietari,2,2,1,Pietari (2),Peter (2)
7,Peter / Pietari / Peeter,Joroinen,Finland/Savo-Karelia,Finnish,su,Other,1,1,1,Sonkula-Pekka (1),Pekka/Pekko (1)
7,Peter / Pietari / Peeter,Joutseno,Finland/Savo-Karelia,Finnish,su,Other,1,1,1,pekko (1),Pekka/Pekko (1)
7,Peter / Pietari / Peeter,Joutseno,Finland/Savo-Karelia,Finnish,su,Pietari,1,1,1,Pietari (1),Peter (1)
7,Peter / Pietari / Peeter,Jurva,Finland/Savo-Karelia,Finnish,su,Pietari,1,1,1,Pietari (1),Peter (1)
7,Peter / Pietari / Peeter,Juuka,Finland/Savo-Karelia,Finnish,su,Pekka,2,2,1,Pekka (2),Pekka/Pekko (2)
7,Peter / Pietari / Peeter,Juuka,Finland/Savo-Karelia,Finnish,su,Pietari,1,1,1,Pietari (1),Peter (1)
7,Peter / Pietari / Peeter,Juva,Finland/Savo-Karelia,Finnish,su,Pietari,3,3,1,Pietari (3),Peter (3)
7,Peter / Pietari / Peeter,Juva,Finland/Savo-Karelia,Finnish,su,Pekka,1,1,1,Pekka (1),Pekka/Pekko (1)
7,Peter / Pietari / Peeter,Juva,Finland/Savo-Karelia,Finnish,su,Petteri,1,1,1,Petteri (1),Peter (1)
7,Peter / Pietari / Peeter,Jällivaara,Finland/Savo-Karelia,Tornedalen Finnish,su,Petteri,1,1,1,Petteri (1),Peter (1)
7,Peter / Pietari / Peeter,Järva-Jaani,Estonia core/west,North Estonian,viP,Peeter,6,5,1,Peeter (6),Peter (4); Peeter (2)
7,Peter / Pietari / Peeter,Järva-Madise,Estonia core/west,North Estonian,viP,Peeter,5,5,1,Peeter (5),Peeter (3); Peter (2)
7,Peter / Pietari / Peeter,Jõelähtme,Estonia core/west,North Estonian,viP,Peeter,3,3,1,Peeter (3),Peter (3)
7,Peter / Pietari / Peeter,Jõhvi,Estonia core/west,North Estonian,viP,Peeter,19,9,1,Peeter (19),Peter (17); Peeter (2)
7,Peter / Pietari / Peeter,Jüri,Estonia core/west,North Estonian,viP,Peeter,1,1,1,Peeter (1),Peter (1)
7,Peter / Pietari / Peeter,Kaarina,Finland/Savo-Karelia,Finnish,su,Pietari,1,1,1,Pietari (1),Peter (1)
7,Peter / Pietari / Peeter,Kaarma,Estonia core/west,North Estonian,viP,Peeter,1,1,1,Peeter (1),Peeter (1)
7,Peter / Pietari / Peeter,Kaavi,Finland/Savo-Karelia,Finnish,su,Pietari,4,4,1,Pietari (4),Petteri/Pietari (2); Peter (2)
7,Peter / Pietari / Peeter,Kaavi,Finland/Savo-Karelia,Finnish,su,Pekka,3,3,1,Pekka (3),Pekka/Pekko (3)
7,Peter / Pietari / Peeter,Kaavi,Finland/Savo-Karelia,Finnish,su,Other,1,1,1,pekko (1),Pekka/Pekko (1)
7,Peter / Pietari / Peeter,Kadrina,Estonia core/west,North Estonian,viP,Peeter,15,12,1,Peeter (15),Peeter (10); Peter (5)
7,Peter / Pietari / Peeter,Kalvola,Finland/Savo-Karelia,Finnish,su,Pietari,1,1,1,Pietari (1),Peter (1)
7,Peter / Pietari / Peeter,Kambja,Estonia core/west,South Estonian,viE,Peeter,3,1,1,Peeter (3),Peeter (3)
7,Peter / Pietari / Peeter,Kangasala,Finland/Savo-Karelia,Finnish,su,Pietari,2,2,1,Pietari (2),Peter (2)
7,Peter / Pietari / Peeter,Kangaslampi,Finland/Savo-Karelia,Finnish,su,Pekka,4,4,1,Pekka (4),Pekka/Pekko (4)
7,Peter / Pietari / Peeter,Kangasniemi,Finland/Savo-Karelia,Finnish,su,Pekka,3,3,1,Pekka (3),Pekka/Pekko (3)
7,Peter / Pietari / Peeter,Kankaanpää,Finland/Savo-Karelia,Finnish,su,Other,1,1,1,Pyhä Pietari (1),Peter (1)
7,Peter / Pietari / Peeter,Kankaanpää,Finland/Savo-Karelia,Finnish,su,Pietari,1,1,1,Pietari (1),Peter (1)
7,Peter / Pietari / Peeter,Kaprio,Ingria,Finnish,su,Petteri,2,2,1,Petteri (2),Petteri/Pietari (1); Peter (1)
7,Peter / Pietari / Peeter,Kaprio,Ingria,Finnish,su,Other,1,1,1,Pietarista (1),Peter (1)
7,Peter / Pietari / Peeter,Kaprio,Ingria,Finnish,su,Pietari,1,1,1,Pietari (1),Peter (1)
7,Peter / Pietari / Peeter,Karja,Estonia core/west,North Estonian,viP,Peeter,2,2,1,Peeter (2),Peter (2)
7,Peter / Pietari / Peeter,Karksi,Estonia core/west,South Estonian,viE,Peeter,26,14,1,Peeter (26),Peter (18); Peeter (8)
7,Peter / Pietari / Peeter,Karksi,Estonia core/west,South Estonian,viE,Other,2,1,2,Piiteririie (1); Piiter (1),Peter (2)
7,Peter / Pietari / Peeter,Karstula,Finland/Savo-Karelia,Finnish,su,Pekka,1,1,1,Pekka (1),Pekka/Pekko (1)
7,Peter / Pietari / Peeter,Karttula,Finland/Savo-Karelia,Finnish,su,Pietari,3,3,1,Pietari (3),Peter (3)
7,Peter / Pietari / Peeter,Karttula,Finland/Savo-Karelia,Finnish,su,Pekka,1,1,1,Pekka (1),Pekka/Pekko (1)
7,Peter / Pietari / Peeter,Karula,South Estonia/Seto,South Estonian,viE,Peeter,2,1,1,Peeter (2),Peter (2)
7,Peter / Pietari / Peeter,Karula,South Estonia/Seto,South Estonian,viE,Other,1,1,1,Piitre (1),Petteri/Pietari (1)
7,Peter / Pietari / Peeter,Karuna,Finland/Savo-Karelia,Finnish,su,Pietari,2,2,1,Pietari (2),Peter (2)
7,Peter / Pietari / Peeter,Karuna,Finland/Savo-Karelia,Finnish,su,Pekka,1,1,1,Pekka (1),Pekka/Pekko (1)
7,Peter / Pietari / Peeter,Karunki,Finland/Savo-Karelia,Finnish,su,Pekka,1,1,1,Pekka (1),Pekka/Pekko (1)
7,Peter / Pietari / Peeter,Karunki,Finland/Savo-Karelia,Finnish,su,Pietari,1,1,1,Pietari (1),Peter (1)
7,Peter / Pietari / Peeter,Karuse,Estonia core/west,North Estonian,viP,Peeter,1,1,1,Peeter (1),Peeter (1)
7,Peter / Pietari / Peeter,Kattila,Ingria,Votic,su,Other,2,1,1,Pietarin (2),Peter (2)
7,Peter / Pietari / Peeter,Kattila,Ingria,Votic,su,Petteri,1,1,1,Petteri (1),Petteri/Pietari (1)
7,Peter / Pietari / Peeter,Kattila,Ingria,Votic,su,Pietari,1,1,1,Pietari (1),Peter (1)
7,Peter / Pietari / Peeter,Kauhajoki,Finland/Savo-Karelia,Finnish,su,Other,2,2,2,pieni poika & Pietari (1); pikipoika & Pietari (1),Peter (2)
7,Peter / Pietari / Peeter,Kauhava,Finland/Savo-Karelia,Finnish,su,Other,2,2,2,pikipietari (1); Pikipietari (1),Peter (2)
7,Peter / Pietari / Peeter,Kauhava,Finland/Savo-Karelia,Finnish,su,Pietari,1,1,1,Pietari (1),Peter (1)
7,Peter / Pietari / Peeter,Kaukola,Finland/Savo-Karelia,Finnish,su,Pekka,1,1,1,Pekka (1),Pekka/Pekko (1)
7,Peter / Pietari / Peeter,Kaukola,Finland/Savo-Karelia,Finnish,su,Pekko,1,1,1,Pekko (1),Pekka/Pekko (1)
7,Peter / Pietari / Peeter,Kaukola,Finland/Savo-Karelia,Finnish,su,Pietari,1,1,1,Pietari (1),Peter (1)
7,Peter / Pietari / Peeter,Kaustinen,Finland/Savo-Karelia,Finnish,su,Other,1,1,1,Petter (1),Peter (1)
7,Peter / Pietari / Peeter,Keikyä,Finland/Savo-Karelia,Finnish,su,Pietari,1,1,1,Pietari (1),Peter (1)
7,Peter / Pietari / Peeter,Keila,Estonia core/west,North Estonian,viP,Peeter,1,1,1,Peeter (1),Peter (1)
7,Peter / Pietari / Peeter,Kemi,Finland/Savo-Karelia,Finnish,su,Petteri,2,2,1,Petteri (2),Peter (2)
7,Peter / Pietari / Peeter,Kemi,Finland/Savo-Karelia,Finnish,su,Pekka,1,1,1,Pekka (1),Pekka/Pekko (1)
7,Peter / Pietari / Peeter,Kemi,Finland/Savo-Karelia,Finnish,su,Pietari,1,1,1,Pietari (1),Peter (1)
7,Peter / Pietari / Peeter,Kerimäki,Finland/Savo-Karelia,Finnish,su,Pekka,4,3,1,Pekka (4),Pekka/Pekko (4)
7,Peter / Pietari / Peeter,Kerimäki,Finland/Savo-Karelia,Finnish,su,Pietari,1,1,1,Pietari (1),Peter (1)
7,Peter / Pietari / Peeter,Kestilä,Finland/Savo-Karelia,Finnish,su,Pekka,3,2,1,Pekka (3),Pekka/Pekko (3)
7,Peter / Pietari / Peeter,Kesälahti,Finland/Savo-Karelia,Finnish,su,Pietari,7,3,1,Pietari (7),Peter (7)
7,Peter / Pietari / Peeter,Kesälahti,Finland/Savo-Karelia,Finnish,su,Pekka,1,1,1,Pekka (1),Pekka/Pekko (1)
7,Peter / Pietari / Peeter,Kiihtelysvaara,Finland/Savo-Karelia,Finnish,su,Pietari,8,5,1,Pietari (8),Peter (8)
7,Peter / Pietari / Peeter,Kiihtelysvaara,Finland/Savo-Karelia,Finnish,su,Pekka,1,1,1,Pekka (1),Pekka/Pekko (1)
7,Peter / Pietari / Peeter,Kiikka,Finland/Savo-Karelia,Finnish,su,Petteri,1,1,1,Petteri (1),Peter (1)
7,Peter / Pietari / Peeter,Kiikoinen,Finland/Savo-Karelia,Finnish,su,Pietari,1,1,1,Pietari (1),Peter (1)
7,Peter / Pietari / Peeter,Kirvu,Finland/Savo-Karelia,Finnish,su,Pekka,1,1,1,Pekka (1),Pekka/Pekko (1)
7,Peter / Pietari / Peeter,Kirvu,Finland/Savo-Karelia,Finnish,su,Pekko,1,1,1,Pekko (1),Pekka/Pekko (1)
7,Peter / Pietari / Peeter,Kisko,Finland/Savo-Karelia,Finnish,su,Pietari,1,1,1,Pietari (1),Peter (1)
7,Peter / Pietari / Peeter,Kitee,Finland/Savo-Karelia,Finnish,su,Pekka,7,5,1,Pekka (7),Pekka/Pekko (7)
7,Peter / Pietari / Peeter,Kitee,Finland/Savo-Karelia,Finnish,su,Pietari,7,5,1,Pietari (7),Peter (7)
7,Peter / Pietari / Peeter,Kiukainen,Finland/Savo-Karelia,Finnish,su,Pietari,1,1,1,Pietari (1),Peter (1)
7,Peter / Pietari / Peeter,Kiuruvesi,Finland/Savo-Karelia,Finnish,su,Pekka,6,6,1,Pekka (6),Pekka/Pekko (6)
7,Peter / Pietari / Peeter,Kiuruvesi,Finland/Savo-Karelia,Finnish,su,Other,1,1,1,Ystävä-Pekka (1),Pekka/Pekko (1)
7,Peter / Pietari / Peeter,Kiuruvesi,Finland/Savo-Karelia,Finnish,su,Pietari,1,1,1,Pietari (1),Peter (1)
7,Peter / Pietari / Peeter,Kivennapa,Finland/Savo-Karelia,Finnish,su,Pietari,4,4,1,Pietari (4),Peter (4)
7,Peter / Pietari / Peeter,Kivennapa,Finland/Savo-Karelia,Finnish,su,Other,1,1,1,pietarinpoika (1),Petteri/Pietari (1)
7,Peter / Pietari / Peeter,Kivennapa,Finland/Savo-Karelia,Finnish,su,Pekka,1,1,1,Pekka (1),Pekka/Pekko (1)
7,Peter / Pietari / Peeter,Kodavere,Estonia core/west,North Estonian,viP,Peeter,1,1,1,Peeter (1),Peter (1)
7,Peter / Pietari / Peeter,Koeru,Estonia core/west,North Estonian,viP,Peeter,13,5,1,Peeter (13),Peter (10); Peeter (3)
7,Peter / Pietari / Peeter,Koeru,Estonia core/west,North Estonian,viP,Other,2,1,1,peeter (2),Peter (2)
7,Peter / Pietari / Peeter,Koivisto,Finland/Savo-Karelia,Finnish,su,Pekka,5,3,1,Pekka (5),Pekka/Pekko (5)
7,Peter / Pietari / Peeter,Koivisto,Finland/Savo-Karelia,Finnish,su,Petteri,1,1,1,Petteri (1),Peter (1)
7,Peter / Pietari / Peeter,Koivisto,Finland/Savo-Karelia,Finnish,su,Pietari,1,1,1,Pietari (1),Peter (1)
7,Peter / Pietari / Peeter,Kolga-Jaani,Estonia core/west,North Estonian,viP,Peeter,13,4,1,Peeter (13),Peter (10); Peeter (3)
7,Peter / Pietari / Peeter,Kolga-Jaani,Estonia core/west,North Estonian,viP,Other,1,1,1,peetrikene (1),Peter (1)
7,Peter / Pietari / Peeter,Konnevesi,Finland/Savo-Karelia,Finnish,su,Pekka,1,1,1,Pekka (1),Pekka/Pekko (1)
7,Peter / Pietari / Peeter,Kontiolahti,Finland/Savo-Karelia,Finnish,su,Pietari,4,3,1,Pietari (4),Peter (4)
7,Peter / Pietari / Peeter,Kontiolahti,Finland/Savo-Karelia,Finnish,su,Pekka,2,2,1,Pekka (2),Pekka/Pekko (2)
7,Peter / Pietari / Peeter,Kontokki,East Karelia/Veps/Tver,Karelian Proper,ka,Other,2,2,2,petralaukka (1); Petteri & luu (1),Peter (2)
7,Peter / Pietari / Peeter,Kontokki,East Karelia/Veps/Tver,Karelian Proper,ka,Petri,1,1,1,Petri (1),Peter (1)
7,Peter / Pietari / Peeter,Koprina,Ingria,Finnish,su,Pekka,1,1,1,Pekka (1),Pekka/Pekko (1)
7,Peter / Pietari / Peeter,Korpiselkä,East Karelia/Veps/Tver,Karelian Proper,ka,Pietari,19,4,1,Pietari (19),Peter (19)
7,Peter / Pietari / Peeter,Korpiselkä,East Karelia/Veps/Tver,Karelian Proper,ka,Other,7,3,2,Pedri (6); pekon (1),Peter (5); Pekka/Pekko (1); Petteri/Pietari (1)
7,Peter / Pietari / Peeter,Korpiselkä,East Karelia/Veps/Tver,Karelian Proper,ka,Pekka,2,2,1,Pekka (2),Pekka/Pekko (1); Peter (1)
7,Peter / Pietari / Peeter,Kose,Estonia core/west,North Estonian,viP,Peeter,4,4,1,Peeter (4),Peter (3); Peeter (1)
7,Peter / Pietari / Peeter,Kuhmo,Finland/Savo-Karelia,Finnish,su,Pekka,2,2,1,Pekka (2),Pekka/Pekko (2)
7,Peter / Pietari / Peeter,Kuhmo,Finland/Savo-Karelia,Finnish,su,Pietari,1,1,1,Pietari (1),Peter (1)
7,Peter / Pietari / Peeter,Kuhmoinen,Finland/Savo-Karelia,Finnish,su,Pietari,4,4,1,Pietari (4),Peter (4)
7,Peter / Pietari / Peeter,Kullamaa,Estonia core/west,North Estonian,viP,Peeter,2,1,1,Peeter (2),Peeter (2)
7,Peter / Pietari / Peeter,Kuolemajärvi,Finland/Savo-Karelia,Finnish,su,Other,1,1,1,Pietarinpoika (1),Peter (1)
7,Peter / Pietari / Peeter,Kuolemajärvi,Finland/Savo-Karelia,Finnish,su,Pekka,1,1,1,Pekka (1),Pekka/Pekko (1)
7,Peter / Pietari / Peeter,Kuolemajärvi,Finland/Savo-Karelia,Finnish,su,Pietari,1,1,1,Pietari (1),Peter (1)
7,Peter / Pietari / Peeter,Kuopio,Finland/Savo-Karelia,Finnish,su,Pekka,5,5,1,Pekka (5),Pekka/Pekko (5)
7,Peter / Pietari / Peeter,Kuopio,Finland/Savo-Karelia,Finnish,su,Pietari,2,2,1,Pietari (2),Peter (2)
7,Peter / Pietari / Peeter,Kupanitsa,Ingria,Finnish,su,Pietari,1,1,1,Pietari (1),Peter (1)
7,Peter / Pietari / Peeter,Kurkijoki,Finland/Savo-Karelia,Finnish,su,Petteri,1,1,1,Petteri (1),Peter (1)
7,Peter / Pietari / Peeter,Kursi,Estonia core/west,North Estonian,viP,Peeter,2,1,1,Peeter (2),Peter (2)
7,Peter / Pietari / Peeter,Kuusalu,Estonia core/west,North Estonian,viP,Peeter,10,8,1,Peeter (10),Peter (8); Peeter (2)
7,Peter / Pietari / Peeter,Kuusalu,Estonia core/west,North Estonian,viP,Other,5,4,4,petraluu (2); Petraluu (compound) (1); Peetripurk (1); peetri (1),Peter (4); Peeter (1)
7,Peter / Pietari / Peeter,Kuusjoki,Finland/Savo-Karelia,Finnish,su,Pietari,2,2,1,Pietari (2),Peter (2)
7,Peter / Pietari / Peeter,Kuusjärvi,Finland/Savo-Karelia,Finnish,su,Pietari,2,1,1,Pietari (2),Peter (2)
7,Peter / Pietari / Peeter,Kymi,Finland/Savo-Karelia,Finnish,su,Pietari,2,2,1,Pietari (2),Peter (2)
7,Peter / Pietari / Peeter,Käina,Estonia core/west,North Estonian,viP,Peeter,1,1,1,Peeter (1),Peeter (1)
7,Peter / Pietari / Peeter,Käkisalmi,Finland/Savo-Karelia,Finnish,su,Pietari,1,1,1,Pietari (1),Peter (1)
7,Peter / Pietari / Peeter,Kärla,Estonia core/west,North Estonian,viP,Peeter,4,2,1,Peeter (4),Peeter (3); Peter (1)
7,Peter / Pietari / Peeter,Kõpu,Estonia core/west,North Estonian,viP,Peeter,2,2,1,Peeter (2),Peeter (2)
7,Peter / Pietari / Peeter,Kõpu,Estonia core/west,North Estonian,viP,Peetrus,2,1,1,Peetrus (2),Peter (2)
7,Peter / Pietari / Peeter,Lahti,Finland/Savo-Karelia,Finnish,su,Other,2,2,2,piki&pöksy&Pietari (1); pikipöksypietari (1),Peter (2)
7,Peter / Pietari / Peeter,Lahti,Finland/Savo-Karelia,Finnish,su,Pietari,1,1,1,Pietari (1),Peter (1)
7,Peter / Pietari / Peeter,Laihia,Finland/Savo-Karelia,Finnish,su,Pietari,4,4,1,Pietari (4),Peter (4)
7,Peter / Pietari / Peeter,Laihia,Finland/Savo-Karelia,Finnish,su,Petteri,1,1,1,Petteri (1),Peter (1)
7,Peter / Pietari / Peeter,Laiuse,Estonia core/west,North Estonian,viP,Peeter,3,3,1,Peeter (3),Peeter (2); Peter (1)
7,Peter / Pietari / Peeter,Laiuse,Estonia core/west,North Estonian,viP,Peetrus,1,1,1,Peetrus (1),Peter (1)
7,Peter / Pietari / Peeter,Lapinjärvi,Finland/Savo-Karelia,Outside selected Finnic areas,ru,Other,1,1,1,pikipietari (1),Peter (1)
7,Peter / Pietari / Peeter,Lapinlahti,Finland/Savo-Karelia,Finnish,su,Other,1,1,1,pikku-Pekka (1),Pekka/Pekko (1)
7,Peter / Pietari / Peeter,Lapinlahti,Finland/Savo-Karelia,Finnish,su,Pietari,1,1,1,Pietari (1),Petteri/Pietari (1)
7,Peter / Pietari / Peeter,Lappajärvi,Finland/Savo-Karelia,Finnish,su,Pietari,1,1,1,Pietari (1),Peter (1)
7,Peter / Pietari / Peeter,Lappee,Finland/Savo-Karelia,Finnish,su,Pekka,3,1,1,Pekka (3),Pekka/Pekko (3)
7,Peter / Pietari / Peeter,Lappee,Finland/Savo-Karelia,Finnish,su,Pietari,2,2,1,Pietari (2),Peter (2)
7,Peter / Pietari / Peeter,Lapua,Finland/Savo-Karelia,Finnish,su,Pekka,1,1,1,Pekka (1),Pekka/Pekko (1)
7,Peter / Pietari / Peeter,Lapväärtti,Finland/Savo-Karelia,Outside selected Finnic areas,ru,Pietari,1,1,1,Pietari (1),Peter (1)
7,Peter / Pietari / Peeter,Laukaa,Finland/Savo-Karelia,Finnish,su,Pietari,1,1,1,Pietari (1),Peter (1)
7,Peter / Pietari / Peeter,Lavansaari,Finland/Savo-Karelia,Finnish,su,Pekka,1,1,1,Pekka (1),Pekka/Pekko (1)
7,Peter / Pietari / Peeter,Lekvattnet,Finland/Savo-Karelia,Finnish,su,Pietari,1,1,1,Pietari (1),Peter (1)
7,Peter / Pietari / Peeter,Lemi,Finland/Savo-Karelia,Finnish,su,Other,1,1,1,Pekko-Pietar (1),Peter (1)
7,Peter / Pietari / Peeter,Lemi,Finland/Savo-Karelia,Finnish,su,Pekka,1,1,1,Pekka (1),Pekka/Pekko (1)
7,Peter / Pietari / Peeter,Lemi,Finland/Savo-Karelia,Finnish,su,Pekko,1,1,1,Pekko (1),Pekka/Pekko (1)
7,Peter / Pietari / Peeter,Lemi,Finland/Savo-Karelia,Finnish,su,Pietari,1,1,1,Pietari (1),Peter (1)
7,Peter / Pietari / Peeter,Lempaala,Finland/Savo-Karelia,Finnish,su,Pietari,3,3,1,Pietari (3),Peter (2); Petteri/Pietari (1)
7,Peter / Pietari / Peeter,Lempaala,Finland/Savo-Karelia,Finnish,su,Other,1,1,1,Pietarista (1),Peter (1)
7,Peter / Pietari / Peeter,Leppävirta,Finland/Savo-Karelia,Finnish,su,Pekka,8,8,1,Pekka (8),Pekka/Pekko (8)
7,Peter / Pietari / Peeter,Leppävirta,Finland/Savo-Karelia,Finnish,su,Pietari,4,4,1,Pietari (4),Peter (4)
7,Peter / Pietari / Peeter,Lieto,Finland/Savo-Karelia,Finnish,su,Pietari,1,1,1,Pietari (1),Peter (1)
7,Peter / Pietari / Peeter,Liissilä,Ingria,Finnish,su,Pietari,5,5,1,Pietari (5),Peter (5)
7,Peter / Pietari / Peeter,Liminka,Finland/Savo-Karelia,Finnish,su,Pekka,2,1,1,Pekka (2),Pekka/Pekko (2)
7,Peter / Pietari / Peeter,Liperi,Finland/Savo-Karelia,Finnish,su,Other,1,1,1,Pietarin (1),Peter (1)
7,Peter / Pietari / Peeter,Liperi,Finland/Savo-Karelia,Finnish,su,Pekka,1,1,1,Pekka (1),Pekka/Pekko (1)
7,Peter / Pietari / Peeter,Liperi,Finland/Savo-Karelia,Finnish,su,Petteri,1,1,1,Petteri (1),Peter (1)
7,Peter / Pietari / Peeter,Liperi,Finland/Savo-Karelia,Finnish,su,Pietari,1,1,1,Pietari (1),Peter (1)
7,Peter / Pietari / Peeter,Loppi,Finland/Savo-Karelia,Finnish,su,Pietari,2,2,1,Pietari (2),Peter (2)
7,Peter / Pietari / Peeter,Luhanka,Finland/Savo-Karelia,Finnish,su,Pietari,1,1,1,Pietari (1),Peter (1)
7,Peter / Pietari / Peeter,Lumivaara,Finland/Savo-Karelia,Finnish,su,Pekka,1,1,1,Pekka (1),Pekka/Pekko (1)
7,Peter / Pietari / Peeter,Lumivaara,Finland/Savo-Karelia,Finnish,su,Pietari,1,1,1,Pietari (1),Peter (1)
7,Peter / Pietari / Peeter,Längelmäki,Finland/Savo-Karelia,Finnish,su,Pietari,2,2,1,Pietari (2),Peter (2)
7,Peter / Pietari / Peeter,Lääne-Nigula,Estonia core/west,North Estonian,viP,Peeter,2,1,1,Peeter (2),Peeter (2)
7,Peter / Pietari / Peeter,Lüganuse,Estonia core/west,North Estonian,viP,Peeter,2,1,1,Peeter (2),Peter (2)
7,Peter / Pietari / Peeter,Maaninka,Finland/Savo-Karelia,Finnish,su,Pekka,7,7,1,Pekka (7),Pekka/Pekko (7)
7,Peter / Pietari / Peeter,Maaninka,Finland/Savo-Karelia,Finnish,su,Pietari,2,2,1,Pietari (2),Peter (2)
7,Peter / Pietari / Peeter,Maaninka,Finland/Savo-Karelia,Finnish,su,Other,1,1,1,pietarinpoika (1),Peter (1)
7,Peter / Pietari / Peeter,Maaninka,Finland/Savo-Karelia,Finnish,su,Petteri,1,1,1,Petteri (1),Peter (1)
7,Peter / Pietari / Peeter,Maaria,Finland/Savo-Karelia,Finnish,su,Petteri,1,1,1,Petteri (1),Peter (1)
7,Peter / Pietari / Peeter,Maaria,Finland/Savo-Karelia,Finnish,su,Pietari,1,1,1,Pietari (1),Peter (1)
7,Peter / Pietari / Peeter,Maarja-Magdaleena,Estonia core/west,North Estonian,viP,Peeter,4,3,1,Peeter (4),Peter (3); Peeter (1)
7,Peter / Pietari / Peeter,Markkova,Ingria,Finnish,suI,Pietari,1,1,1,Pietari (1),Peter (1)
7,Peter / Pietari / Peeter,Martna,Estonia core/west,North Estonian,viP,Peeter,1,1,1,Peeter (1),Peter (1)
7,Peter / Pietari / Peeter,Merijärvi,Finland/Savo-Karelia,Finnish,su,Pietari,1,1,1,Pietari (1),Peter (1)
7,Peter / Pietari / Peeter,Merikarvia,Finland/Savo-Karelia,Outside selected Finnic areas,ru,Pietari,1,1,1,Pietari (1),Peter (1)
7,Peter / Pietari / Peeter,Merimasku,Finland/Savo-Karelia,Finnish,su,Pietari,2,2,1,Pietari (2),Peter (2)
7,Peter / Pietari / Peeter,Messukylä,Finland/Savo-Karelia,Finnish,su,Pietari,1,1,1,Pietari (1),Petteri/Pietari (1)
7,Peter / Pietari / Peeter,Metsäpirtti,Finland/Savo-Karelia,Finnish,su,Other,2,2,2,pikipöksypietari (1); Pietarinpoika (1),Peter (1); Petteri/Pietari (1)
7,Peter / Pietari / Peeter,Metsäpirtti,Finland/Savo-Karelia,Finnish,su,Pekka,1,1,1,Pekka (1),Pekka/Pekko (1)
7,Peter / Pietari / Peeter,Metsäpirtti,Finland/Savo-Karelia,Finnish,su,Pietari,1,1,1,Pietari (1),Peter (1)
7,Peter / Pietari / Peeter,Miehikkälä,Finland/Savo-Karelia,Finnish,su,Pietari,1,1,1,Pietari (1),Peter (1)
7,Peter / Pietari / Peeter,Mikkeli,Finland/Savo-Karelia,Finnish,su,Pietari,1,1,1,Pietari (1),Peter (1)
7,Peter / Pietari / Peeter,Moloskovitsa,Ingria,Finnish,su,Pietari,6,6,1,Pietari (6),Peter (5); Petteri/Pietari (1)
7,Peter / Pietari / Peeter,Moloskovitsa,Ingria,Finnish,su,Pekko,2,1,1,Pekko (2),Pekka/Pekko (2)
7,Peter / Pietari / Peeter,Muhos,Finland/Savo-Karelia,Finnish,su,Pekka,1,1,1,Pekka (1),Pekka/Pekko (1)
7,Peter / Pietari / Peeter,Muhu,Estonia core/west,North Estonian,viP,Peeter,5,3,1,Peeter (5),Peter (5)
7,Peter / Pietari / Peeter,Muolaa,Finland/Savo-Karelia,Finnish,su,Pekka,2,2,1,Pekka (2),Pekka/Pekko (1); Peter (1)
7,Peter / Pietari / Peeter,Muolaa,Finland/Savo-Karelia,Finnish,su,Other,1,1,1,pitkäpietari (1),Peter (1)
7,Peter / Pietari / Peeter,Muolaa,Finland/Savo-Karelia,Finnish,su,Pekko,1,1,1,Pekko (1),Pekka/Pekko (1)
7,Peter / Pietari / Peeter,Muolaa,Finland/Savo-Karelia,Finnish,su,Pietari,1,1,1,Pietari (1),Peter (1)
7,Peter / Pietari / Peeter,Muonio,Finland/Savo-Karelia,Finnish,su,Petteri,1,1,1,Petteri (1),Peter (1)
7,Peter / Pietari / Peeter,Mustjala,Estonia core/west,North Estonian,viP,Peeter,1,1,1,Peeter (1),Peeter (1)
7,Peter / Pietari / Peeter,Muurla,Finland/Savo-Karelia,Finnish,su,Petteri,1,1,1,Petteri (1),Peter (1)
7,Peter / Pietari / Peeter,Muurla,Finland/Savo-Karelia,Finnish,su,Pietari,1,1,1,Pietari (1),Peter (1)
7,Peter / Pietari / Peeter,Mäntsälä,Finland/Savo-Karelia,Finnish,su,Pietari,1,1,1,Pietari (1),Peter (1)
7,Peter / Pietari / Peeter,Mänttä,Finland/Savo-Karelia,Finnish,su,Other,1,1,1,pikipoksypietari (1),Peter (1)
7,Peter / Pietari / Peeter,Mäntyharju,Finland/Savo-Karelia,Finnish,su,Pekka,2,1,1,Pekka (2),Pekka/Pekko (2)
7,Peter / Pietari / Peeter,Mäntyharju,Finland/Savo-Karelia,Finnish,su,Pietari,1,1,1,Pietari (1),Petteri/Pietari (1)
7,Peter / Pietari / Peeter,Märjamaa,Estonia core/west,North Estonian,viP,Peeter,1,1,1,Peeter (1),Peter (1)
7,Peter / Pietari / Peeter,Narvusi,Ingria,Ingrian,in,Pietari,20,15,1,Pietari (20),Peter (19); Petteri/Pietari (1)
7,Peter / Pietari / Peeter,Narvusi,Ingria,Ingrian,in,Petteri,13,13,1,Petteri (13),Peter (7); Petteri/Pietari (6)
7,Peter / Pietari / Peeter,Narvusi,Ingria,Ingrian,in,Other,1,1,1,Peetri (1),Peter (1)
7,Peter / Pietari / Peeter,Narvusi,Ingria,Ingrian,in,Pekko,1,1,1,Pekko (1),Pekka/Pekko (1)
7,Peter / Pietari / Peeter,Nastola,Finland/Savo-Karelia,Finnish,su,Pietari,2,2,1,Pietari (2),Peter (2)
7,Peter / Pietari / Peeter,Nekkula,East Karelia/Veps/Tver,Karelian Proper,ka,Pietari,1,1,1,Pietari (1),Peter (1)
7,Peter / Pietari / Peeter,Nilsiä,Finland/Savo-Karelia,Finnish,su,Pekka,8,6,1,Pekka (8),Pekka/Pekko (8)
7,Peter / Pietari / Peeter,Nilsiä,Finland/Savo-Karelia,Finnish,su,Pietari,2,2,1,Pietari (2),Peter (2)
7,Peter / Pietari / Peeter,Noarootsi,Estonia core/west,North Estonian,viP,Peetrus,6,1,1,Peetrus (6),Peter (6)
7,Peter / Pietari / Peeter,Noormarkku,Finland/Savo-Karelia,Finnish,su,Pietari,2,2,1,Pietari (2),Peter (1); Petteri/Pietari (1)
7,Peter / Pietari / Peeter,Nurmes,Finland/Savo-Karelia,Finnish,su,Pekka,19,19,1,Pekka (19),Pekka/Pekko (18); Peter (1)
7,Peter / Pietari / Peeter,Nurmes,Finland/Savo-Karelia,Finnish,su,Pietari,9,9,1,Pietari (9),Peter (6); Petteri/Pietari (3)
7,Peter / Pietari / Peeter,Nurmijärvi,Finland/Savo-Karelia,Finnish,su,Other,1,1,1,pitkäpietari (1),Peter (1)
7,Peter / Pietari / Peeter,Orimattila,Finland/Savo-Karelia,Finnish,su,Pietari,3,3,1,Pietari (3),Peter (3)
7,Peter / Pietari / Peeter,Orimattila,Finland/Savo-Karelia,Finnish,su,Other,2,1,1,Perttu (2),Peter (2)
7,Peter / Pietari / Peeter,Otepää,Estonia core/west,South Estonian,viE,Other,3,2,3,piitrekene (1); peetrike (1); peedil (1),Peeter (2); Peter (1)
7,Peter / Pietari / Peeter,Otepää,Estonia core/west,South Estonian,viE,Peeter,1,1,1,Peeter (1),Peter (1)
7,Peter / Pietari / Peeter,Oulanka,East Karelia/Veps/Tver,Karelian Proper,ka,Other,1,1,1,pietarinmolainen (1),Peter (1)
7,Peter / Pietari / Peeter,Oulunsalo,Finland/Savo-Karelia,Finnish,su,Pietari,1,1,1,Pietari (1),Peter (1)
7,Peter / Pietari / Peeter,Paatene,East Karelia/Veps/Tver,Karelian Proper,kaV,Pietari,1,1,1,Pietari (1),Peter (1)
7,Peter / Pietari / Peeter,Paavola,Finland/Savo-Karelia,Finnish,su,Pekka,1,1,1,Pekka (1),Pekka/Pekko (1)
7,Peter / Pietari / Peeter,Paistu,Estonia core/west,South Estonian,viE,Peeter,13,9,1,Peeter (13),Peter (9); Peeter (4)
7,Peter / Pietari / Peeter,Paistu,Estonia core/west,South Estonian,viE,Peetrus,3,2,1,Peetrus (3),Peter (3)
7,Peter / Pietari / Peeter,Palamuse,Estonia core/west,North Estonian,viP,Peeter,3,2,1,Peeter (3),Peter (2); Peeter (1)
7,Peter / Pietari / Peeter,Paltamo,Finland/Savo-Karelia,Finnish,su,Pekka,1,1,1,Pekka (1),Pekka/Pekko (1)
7,Peter / Pietari / Peeter,Parikkala,Finland/Savo-Karelia,Finnish,su,Pietari,2,2,1,Pietari (2),Peter (1); Petteri/Pietari (1)
7,Peter / Pietari / Peeter,Parikkala,Finland/Savo-Karelia,Finnish,su,Other,1,1,1,(retained) (1),Pekka/Pekko (1)
7,Peter / Pietari / Peeter,Parikkala,Finland/Savo-Karelia,Finnish,su,Pekko,1,1,1,Pekko (1),Pekka/Pekko (1)
7,Peter / Pietari / Peeter,Parkano,Finland/Savo-Karelia,Finnish,su,Pietari,3,3,1,Pietari (3),Peter (3)
7,Peter / Pietari / Peeter,Peetri,Estonia core/west,North Estonian,viP,Peeter,5,4,1,Peeter (5),Peeter (3); Peter (2)
7,Peter / Pietari / Peeter,Peetri,Estonia core/west,North Estonian,viP,Other,2,1,1,peeter (2),Peter (2)
7,Peter / Pietari / Peeter,Perho,Finland/Savo-Karelia,Finnish,su,Pekka,2,1,1,Pekka (2),Pekka/Pekko (2)
7,Peter / Pietari / Peeter,Perho,Finland/Savo-Karelia,Finnish,su,Pietari,2,2,1,Pietari (2),Peter (2)
7,Peter / Pietari / Peeter,Perniö,Finland/Savo-Karelia,Finnish,su,Pietari,3,3,1,Pietari (3),Peter (3)
7,Peter / Pietari / Peeter,Pertteli,Finland/Savo-Karelia,Finnish,su,Pietari,1,1,1,Pietari (1),Peter (1)
7,Peter / Pietari / Peeter,Pieksämäki,Finland/Savo-Karelia,Finnish,su,Pekka,3,3,1,Pekka (3),Pekka/Pekko (3)
7,Peter / Pietari / Peeter,Pielavesi,Finland/Savo-Karelia,Finnish,su,Pekka,11,10,1,Pekka (11),Pekka/Pekko (11)
7,Peter / Pietari / Peeter,Pielavesi,Finland/Savo-Karelia,Finnish,su,Pietari,3,3,1,Pietari (3),Peter (2); Petteri/Pietari (1)
7,Peter / Pietari / Peeter,Pielisjärvi,Finland/Savo-Karelia,Finnish,su,Pekka,2,1,1,Pekka (2),Pekka/Pekko (2)
7,Peter / Pietari / Peeter,Pielisjärvi,Finland/Savo-Karelia,Finnish,su,Pietari,1,1,1,Pietari (1),Peter (1)
7,Peter / Pietari / Peeter,Pihtipudas,Finland/Savo-Karelia,Finnish,su,Pekka,1,1,1,Pekka (1),Pekka/Pekko (1)
7,Peter / Pietari / Peeter,Pilistvere,Estonia core/west,North Estonian,viP,Peeter,11,3,1,Peeter (11),Peter (6); Peeter (5)
7,Peter / Pietari / Peeter,Polvijärvi,Finland/Savo-Karelia,Finnish,su,Pekka,4,4,1,Pekka (4),Pekka/Pekko (4)
7,Peter / Pietari / Peeter,Polvijärvi,Finland/Savo-Karelia,Finnish,su,Pietari,2,2,1,Pietari (2),Petteri/Pietari (1); Peter (1)
7,Peter / Pietari / Peeter,Porajärvi,East Karelia/Veps/Tver,Karelian Proper,kaV,Pekka,8,4,1,Pekka (8),Pekka/Pekko (8)
7,Peter / Pietari / Peeter,Porajärvi,East Karelia/Veps/Tver,Karelian Proper,kaV,Pietari,7,5,1,Pietari (7),Peter (6); Petteri/Pietari (1)
7,Peter / Pietari / Peeter,Pori,Finland/Savo-Karelia,Finnish,su,Pekka,2,2,1,Pekka (2),Pekka/Pekko (2)
7,Peter / Pietari / Peeter,Pori,Finland/Savo-Karelia,Finnish,su,Pietari,1,1,1,Pietari (1),Peter (1)
7,Peter / Pietari / Peeter,Pudasjärvi,Finland/Savo-Karelia,Finnish,su,Other,1,1,1,pitkäpietari (1),Peter (1)
7,Peter / Pietari / Peeter,Pudasjärvi,Finland/Savo-Karelia,Finnish,su,Pekka,1,1,1,Pekka (1),Pekka/Pekko (1)
7,Peter / Pietari / Peeter,Pudasjärvi,Finland/Savo-Karelia,Finnish,su,Pietari,1,1,1,Pietari (1),Peter (1)
7,Peter / Pietari / Peeter,Puhja,Estonia core/west,South Estonian,viE,Peeter,4,4,1,Peeter (4),Peter (4)
7,Peter / Pietari / Peeter,Puhja,Estonia core/west,South Estonian,viE,Other,1,1,1,Peetrikene (1),Peeter (1)
7,Peter / Pietari / Peeter,Pulkkila,Finland/Savo-Karelia,Finnish,su,Other,3,1,1,pätöpekka (3),Pekka/Pekko (3)
7,Peter / Pietari / Peeter,Puolanka,Finland/Savo-Karelia,Finnish,su,Pekka,1,1,1,Pekka (1),Peter (1)
7,Peter / Pietari / Peeter,Puumala,Finland/Savo-Karelia,Finnish,su,Pietari,9,2,1,Pietari (9),Peter (9)
7,Peter / Pietari / Peeter,Puumala,Finland/Savo-Karelia,Finnish,su,Pekka,4,3,1,Pekka (4),Pekka/Pekko (4)
7,Peter / Pietari / Peeter,Pyhäjärvi Ol.,Finland/Savo-Karelia,Finnish,su,Pekka,2,2,1,Pekka (2),Pekka/Pekko (2)
7,Peter / Pietari / Peeter,Pyhäjärvi Ul.,Finland/Savo-Karelia,Finnish,su,Pietari,1,1,1,Pietari (1),Peter (1)
7,Peter / Pietari / Peeter,Pyhäjärvi Vpl.,Finland/Savo-Karelia,Finnish,su,Pekka,2,2,1,Pekka (2),Pekka/Pekko (2)
7,Peter / Pietari / Peeter,Pyhäjärvi Vpl.,Finland/Savo-Karelia,Finnish,su,Pietari,2,2,1,Pietari (2),Peter (2)
7,Peter / Pietari / Peeter,Pyhäjärvi Vpl.,Finland/Savo-Karelia,Finnish,su,Pekko,1,1,1,Pekko (1),Pekka/Pekko (1)
7,Peter / Pietari / Peeter,Pyhäranta,Finland/Savo-Karelia,Finnish,su,Pietari,1,1,1,Pietari (1),Peter (1)
7,Peter / Pietari / Peeter,Pyhäselkä,Finland/Savo-Karelia,Finnish,su,Pekka,2,2,1,Pekka (2),Pekka/Pekko (2)
7,Peter / Pietari / Peeter,Pyhäselkä,Finland/Savo-Karelia,Finnish,su,Pietari,1,1,1,Pietari (1),Peter (1)
7,Peter / Pietari / Peeter,Pylkönmäki,Finland/Savo-Karelia,Finnish,su,Pietari,1,1,1,Pietari (1),Peter (1)
7,Peter / Pietari / Peeter,Pälkjärvi,Finland/Savo-Karelia,Finnish,su,Pietari,5,2,1,Pietari (5),Peter (5)
7,Peter / Pietari / Peeter,Pärnu,Estonia core/west,North Estonian,viP,Peeter,4,3,1,Peeter (4),Peeter (2); Peter (2)
7,Peter / Pietari / Peeter,Pärnu-Jaagupi,Estonia core/west,North Estonian,viP,Other,1,1,1,peeter (1),Peeter (1)
7,Peter / Pietari / Peeter,Pärnu-Jaagupi,Estonia core/west,North Estonian,viP,Peeter,1,1,1,Peeter (1),Peeter (1)
7,Peter / Pietari / Peeter,Põltsamaa,Estonia core/west,North Estonian,viP,Peeter,7,3,1,Peeter (7),Peeter (6); Peter (1)
7,Peter / Pietari / Peeter,Põlva,South Estonia/Seto,South Estonian,viE,Peeter,7,3,1,Peeter (7),Peter (6); Peeter (1)
7,Peter / Pietari / Peeter,Põlva,South Estonia/Seto,South Estonian,viE,Other,2,2,2,Pekko (proper noun) (1); Peetriga (1),Pekka/Pekko (1); Peter (1)
7,Peter / Pietari / Peeter,Pöide,Estonia core/west,North Estonian,viP,Peeter,4,3,1,Peeter (4),Peter (3); Peeter (1)
7,Peter / Pietari / Peeter,Pöide,Estonia core/west,North Estonian,viP,Other,1,1,1,Peetri sõel (1),Peter (1)
7,Peter / Pietari / Peeter,Pöytyä,Finland/Savo-Karelia,Finnish,su,Pietari,2,2,1,Pietari (2),Peter (2)
7,Peter / Pietari / Peeter,Pöytyä,Finland/Savo-Karelia,Finnish,su,Pekka,1,1,1,Pekka (1),Pekka/Pekko (1)
7,Peter / Pietari / Peeter,Pühalepa,Estonia core/west,North Estonian,viP,Peeter,3,1,1,Peeter (3),Peeter (3)
7,Peter / Pietari / Peeter,Rannu,Estonia core/west,South Estonian,viE,Peeter,3,2,1,Peeter (3),Peter (2); Peeter (1)
7,Peter / Pietari / Peeter,Rannu,Estonia core/west,South Estonian,viE,Peetrus,1,1,1,Peetrus (1),Peter (1)
7,Peter / Pietari / Peeter,Rantsila,Finland/Savo-Karelia,Finnish,su,Pekka,4,4,1,Pekka (4),Pekka/Pekko (4)
7,Peter / Pietari / Peeter,Rantsila,Finland/Savo-Karelia,Finnish,su,Pietari,2,2,1,Pietari (2),Peter (2)
7,Peter / Pietari / Peeter,Ranua,Finland/Savo-Karelia,Finnish,su,Pekka,2,1,1,Pekka (2),Pekka/Pekko (2)
7,Peter / Pietari / Peeter,Ranua,Finland/Savo-Karelia,Finnish,su,Pietari,2,2,1,Pietari (2),Peter (2)
7,Peter / Pietari / Peeter,Rauma,Finland/Savo-Karelia,Finnish,su,Pietari,5,5,1,Pietari (5),Peter (5)
7,Peter / Pietari / Peeter,Rautalampi,Finland/Savo-Karelia,Finnish,su,Pekka,2,2,1,Pekka (2),Pekka/Pekko (2)
7,Peter / Pietari / Peeter,Rautavaara,Finland/Savo-Karelia,Finnish,su,Pietari,6,4,1,Pietari (6),Peter (6)
7,Peter / Pietari / Peeter,Rautavaara,Finland/Savo-Karelia,Finnish,su,Pekka,2,2,1,Pekka (2),Pekka/Pekko (2)
7,Peter / Pietari / Peeter,Rautu,Finland/Savo-Karelia,Finnish,su,Pietari,1,1,1,Pietari (1),Peter (1)
7,Peter / Pietari / Peeter,Reigi,Estonia core/west,North Estonian,viP,Peeter,1,1,1,Peeter (1),Peter (1)
7,Peter / Pietari / Peeter,Reigi,Estonia core/west,North Estonian,viP,Peetrus,1,1,1,Peetrus (1),Peter (1)
7,Peter / Pietari / Peeter,Renko,Finland/Savo-Karelia,Finnish,su,Pietari,2,2,1,Pietari (2),Peter (2)
7,Peter / Pietari / Peeter,Repola,East Karelia/Veps/Tver,Karelian Proper,kaV,Pietari,5,2,1,Pietari (5),Peter (5)
7,Peter / Pietari / Peeter,Repola,East Karelia/Veps/Tver,Karelian Proper,kaV,Petri,2,2,1,Petri (2),Peter (2)
7,Peter / Pietari / Peeter,Risti,Estonia core/west,North Estonian,viP,Peetrus,6,1,1,Peetrus (6),Peter (6)
7,Peter / Pietari / Peeter,Risti,Estonia core/west,North Estonian,viP,Peeter,3,1,1,Peeter (3),Peter (3)
7,Peter / Pietari / Peeter,Ristiina,Finland/Savo-Karelia,Finnish,su,Pietari,3,1,1,Pietari (3),Peter (3)
7,Peter / Pietari / Peeter,Ristiina,Finland/Savo-Karelia,Finnish,su,Pekka,2,2,1,Pekka (2),Pekka/Pekko (2)
7,Peter / Pietari / Peeter,Ristijärvi,Finland/Savo-Karelia,Finnish,su,Pekka,2,2,1,Pekka (2),Pekka/Pekko (2)
7,Peter / Pietari / Peeter,Ropsu,Ingria,Finnish,su,Other,1,1,1,pitkä & Pietari (1),Peter (1)
7,Peter / Pietari / Peeter,Rovaniemi,Finland/Savo-Karelia,Finnish,su,Petteri,2,2,1,Petteri (2),Peter (2)
7,Peter / Pietari / Peeter,Rovaniemi,Finland/Savo-Karelia,Finnish,su,Pietari,1,1,1,Pietari (1),Peter (1)
7,Peter / Pietari / Peeter,Ruokolahti,Finland/Savo-Karelia,Finnish,su,Pekko,1,1,1,Pekko (1),Pekka/Pekko (1)
7,Peter / Pietari / Peeter,Ruokolahti,Finland/Savo-Karelia,Finnish,su,Pietari,1,1,1,Pietari (1),Peter (1)
7,Peter / Pietari / Peeter,Ruovesi,Finland/Savo-Karelia,Finnish,su,Pekka,1,1,1,Pekka (1),Pekka/Pekko (1)
7,Peter / Pietari / Peeter,Ruovesi,Finland/Savo-Karelia,Finnish,su,Pietari,1,1,1,Pietari (1),Peter (1)
7,Peter / Pietari / Peeter,Räisälä,Finland/Savo-Karelia,Finnish,su,Pietari,2,2,1,Pietari (2),Peter (1); Petteri/Pietari (1)
7,Peter / Pietari / Peeter,Räisälä,Finland/Savo-Karelia,Finnish,su,Other,1,1,1,Kosose-Pekko (1),Pekka/Pekko (1)
7,Peter / Pietari / Peeter,Räisälä,Finland/Savo-Karelia,Finnish,su,Pekko,1,1,1,Pekko (1),Pekka/Pekko (1)
7,Peter / Pietari / Peeter,Räpina,South Estonia/Seto,South Estonian,viE,Peeter,16,4,1,Peeter (16),Petteri/Pietari (11); Peter (5)
7,Peter / Pietari / Peeter,Räpina,South Estonia/Seto,South Estonian,viE,Other,5,1,1,Piiter (5),Peter (5)
7,Peter / Pietari / Peeter,Rääkkylä,Finland/Savo-Karelia,Finnish,su,Pietari,6,4,1,Pietari (6),Peter (5); Petteri/Pietari (1)
7,Peter / Pietari / Peeter,Rääkkylä,Finland/Savo-Karelia,Finnish,su,Pekka,2,2,1,Pekka (2),Pekka/Pekko (2)
7,Peter / Pietari / Peeter,Rõngu,Estonia core/west,South Estonian,viE,Peeter,7,6,1,Peeter (7),Peter (7)
7,Peter / Pietari / Peeter,Rõngu,Estonia core/west,South Estonian,viE,Peetrus,2,2,1,Peetrus (2),Peter (2)
7,Peter / Pietari / Peeter,Rõuge,South Estonia/Seto,South Estonian,viE,Peeter,2,2,1,Peeter (2),Peeter (1); Peter (1)
7,Peter / Pietari / Peeter,Saari,Finland/Savo-Karelia,Finnish,su,Pekka,3,3,1,Pekka (3),Pekka/Pekko (2); Peter (1)
7,Peter / Pietari / Peeter,Saarijärvi,Finland/Savo-Karelia,Finnish,su,Pietari,5,5,1,Pietari (5),Peter (5)
7,Peter / Pietari / Peeter,Saarijärvi,Finland/Savo-Karelia,Finnish,su,Pekka,2,2,1,Pekka (2),Pekka/Pekko (2)
7,Peter / Pietari / Peeter,Sakkola,Finland/Savo-Karelia,Finnish,su,Pekko,3,2,1,Pekko (3),Pekka/Pekko (3)
7,Peter / Pietari / Peeter,Salmi,East Karelia/Veps/Tver,Livvi-Karelian,ka,Pietari,19,6,1,Pietari (19),Peter (19)
7,Peter / Pietari / Peeter,Salmi,East Karelia/Veps/Tver,Livvi-Karelian,ka,Other,1,1,1,Pietarin päivä (1),Peter (1)
7,Peter / Pietari / Peeter,Salmi,East Karelia/Veps/Tver,Livvi-Karelian,ka,Petteri,1,1,1,Petteri (1),Peter (1)
7,Peter / Pietari / Peeter,Salo,Finland/Savo-Karelia,Finnish,su,Pekka,1,1,1,Pekka (1),Pekka/Pekko (1)
7,Peter / Pietari / Peeter,Sangaste,Estonia core/west,South Estonian,viE,Peeter,8,4,1,Peeter (8),Peter (5); Peeter (3)
7,Peter / Pietari / Peeter,Sangaste,Estonia core/west,South Estonian,viE,Other,1,1,1,piitrekene (1),Peter (1)
7,Peter / Pietari / Peeter,Sauvo,Finland/Savo-Karelia,Finnish,su,Pietari,1,1,1,Pietari (1),Peter (1)
7,Peter / Pietari / Peeter,Savitaipale,Finland/Savo-Karelia,Finnish,su,Pietari,2,1,1,Pietari (2),Peter (2)
7,Peter / Pietari / Peeter,Savitaipale,Finland/Savo-Karelia,Finnish,su,Other,1,1,1,puoti & Pekka (1),Pekka/Pekko (1)
7,Peter / Pietari / Peeter,Savonlinna,Finland/Savo-Karelia,Finnish,su,Pekka,3,2,1,Pekka (3),Pekka/Pekko (3)
7,Peter / Pietari / Peeter,Savonlinna,Finland/Savo-Karelia,Finnish,su,Pietari,2,2,1,Pietari (2),Peter (2)
7,Peter / Pietari / Peeter,Savonlinna,Finland/Savo-Karelia,Finnish,su,Other,1,1,1,pekka (1),Pekka/Pekko (1)
7,Peter / Pietari / Peeter,Serepetta,Ingria,Finnish,su,Petteri,3,3,1,Petteri (3),Petteri/Pietari (2); Peter (1)
7,Peter / Pietari / Peeter,Serepetta,Ingria,Finnish,su,Pietari,2,2,1,Pietari (2),Peter (2)
7,Peter / Pietari / Peeter,Setumaa,South Estonia/Seto,South Estonian,viE,Peeter,10,5,1,Peeter (10),Peter (9); Petteri/Pietari (1)
7,Peter / Pietari / Peeter,Setumaa,South Estonia/Seto,South Estonian,viE,Other,2,2,2,*Petteri (1); Peetrikõne (1),Peeter (1); Peter (1)
7,Peter / Pietari / Peeter,Siilinjärvi,Finland/Savo-Karelia,Finnish,su,Pekka,1,1,1,Pekka (1),Pekka/Pekko (1)
7,Peter / Pietari / Peeter,Simo,Finland/Savo-Karelia,Finnish,su,Pekka,4,3,1,Pekka (4),Pekka/Pekko (3); Peter (1)
7,Peter / Pietari / Peeter,Simo,Finland/Savo-Karelia,Finnish,su,Other,1,1,1,Pekka & poika (1),Pekka/Pekko (1)
7,Peter / Pietari / Peeter,Simuna,Estonia core/west,North Estonian,viP,Peeter,3,2,1,Peeter (3),Peeter (2); Peter (1)
7,Peter / Pietari / Peeter,Sippola,Finland/Savo-Karelia,Finnish,su,Pekka,1,1,1,Pekka (1),Pekka/Pekko (1)
7,Peter / Pietari / Peeter,Sippola,Finland/Savo-Karelia,Finnish,su,Pietari,1,1,1,Pietari (1),Peter (1)
7,Peter / Pietari / Peeter,Skuoritsa,Ingria,Finnish,su,Pekko,1,1,1,Pekko (1),Pekka/Pekko (1)
7,Peter / Pietari / Peeter,Skuoritsa,Ingria,Finnish,su,Petri,1,1,1,Petri (1),Peter (1)
7,Peter / Pietari / Peeter,Soanlahti,East Karelia/Veps/Tver,Finnish,su,Pietari,8,6,1,Pietari (8),Peter (8)
7,Peter / Pietari / Peeter,Soanlahti,East Karelia/Veps/Tver,Finnish,su,Petri,2,2,1,Petri (2),Peter (2)
7,Peter / Pietari / Peeter,Sodankylä,Finland/Savo-Karelia,Finnish,su,Petteri,1,1,1,Petteri (1),Peter (1)
7,Peter / Pietari / Peeter,Soikkola,Ingria,Ingrian,in,Pietari,18,12,1,Pietari (18),Peter (18)
7,Peter / Pietari / Peeter,Soikkola,Ingria,Ingrian,in,Petteri,11,6,1,Petteri (11),Peter (7); Petteri/Pietari (4)
7,Peter / Pietari / Peeter,Soikkola,Ingria,Ingrian,in,Other,6,5,4,Pietarin (3); Petro (1); Petterille (1); Pietarinpoika (1),Peter (6)
7,Peter / Pietari / Peeter,Somerniemi,Finland/Savo-Karelia,Finnish,su,Pietari,1,1,1,Pietari (1),Peter (1)
7,Peter / Pietari / Peeter,Somero,Finland/Savo-Karelia,Finnish,su,Pietari,2,2,1,Pietari (2),Peter (2)
7,Peter / Pietari / Peeter,Sonkajärvi,Finland/Savo-Karelia,Finnish,su,Pekka,14,14,1,Pekka (14),Pekka/Pekko (14)
7,Peter / Pietari / Peeter,Sonkajärvi,Finland/Savo-Karelia,Finnish,su,Pietari,2,2,1,Pietari (2),Peter (2)
7,Peter / Pietari / Peeter,Sortavala,East Karelia/Veps/Tver,Finnish,su,Pekka,2,2,1,Pekka (2),Pekka/Pekko (1); Peter (1)
7,Peter / Pietari / Peeter,Sortavala,East Karelia/Veps/Tver,Finnish,su,Pietari,2,2,1,Pietari (2),Peter (2)
7,Peter / Pietari / Peeter,Sortavala,East Karelia/Veps/Tver,Finnish,su,Other,1,1,1,Pietarinkukka (1),Peter (1)
7,Peter / Pietari / Peeter,Sortavala,East Karelia/Veps/Tver,Finnish,su,Pekko,1,1,1,Pekko (1),Pekka/Pekko (1)
7,Peter / Pietari / Peeter,Sotkamo,Finland/Savo-Karelia,Finnish,su,Pekka,5,4,1,Pekka (5),Pekka/Pekko (5)
7,Peter / Pietari / Peeter,Soutjärvi,East Karelia/Veps/Tver,Veps,ve,Pietari,2,2,1,Pietari (2),Peter (2)
7,Peter / Pietari / Peeter,Spankkova,Ingria,Finnish,su,Other,1,1,1,Pitkä-Pietari (1),Peter (1)
7,Peter / Pietari / Peeter,Spankkova,Ingria,Finnish,su,Pietari,1,1,1,Pietari (1),Peter (1)
7,Peter / Pietari / Peeter,Suistamo,East Karelia/Veps/Tver,Livvi-Karelian,ka,Pietari,51,17,1,Pietari (51),Peter (49); Petteri/Pietari (2)
7,Peter / Pietari / Peeter,Suistamo,East Karelia/Veps/Tver,Livvi-Karelian,ka,Pekka,3,3,1,Pekka (3),Peter (2); Pekka/Pekko (1)
7,Peter / Pietari / Peeter,Suistamo,East Karelia/Veps/Tver,Livvi-Karelian,ka,Pekko,2,2,1,Pekko (2),Pekka/Pekko (2)
7,Peter / Pietari / Peeter,Sulkava,Finland/Savo-Karelia,Finnish,su,Pietari,1,1,1,Pietari (1),Peter (1)
7,Peter / Pietari / Peeter,Suojärvi,East Karelia/Veps/Tver,Finnish,su,Pietari,21,9,1,Pietari (21),Peter (15); Petteri/Pietari (6)
7,Peter / Pietari / Peeter,Suojärvi,East Karelia/Veps/Tver,Finnish,su,Petri,9,3,1,Petri (9),Peter (9)
7,Peter / Pietari / Peeter,Suojärvi,East Karelia/Veps/Tver,Finnish,su,Pekka,1,1,1,Pekka (1),Pekka/Pekko (1)
7,Peter / Pietari / Peeter,Suomusjärvi,Finland/Savo-Karelia,Finnish,su,Pietari,1,1,1,Pietari (1),Peter (1)
7,Peter / Pietari / Peeter,Suomussalmi,Finland/Savo-Karelia,Finnish,su,Pekka,1,1,1,Pekka (1),Pekka/Pekko (1)
7,Peter / Pietari / Peeter,Suonenjoki,Finland/Savo-Karelia,Finnish,su,Pekka,1,1,1,Pekka (1),Pekka/Pekko (1)
7,Peter / Pietari / Peeter,Suure-Jaani,Estonia core/west,North Estonian,viP,Peeter,9,7,1,Peeter (9),Peter (9)
7,Peter / Pietari / Peeter,Sysmä,Finland/Savo-Karelia,Finnish,su,Pietari,1,1,1,Pietari (1),Peter (1)
7,Peter / Pietari / Peeter,Säfsnäs,Finland/Savo-Karelia,Finnish,su,Pietari,1,1,1,Pietari (1),Peter (1)
7,Peter / Pietari / Peeter,Säkkijärvi,Finland/Savo-Karelia,Finnish,su,Pietari,1,1,1,Pietari (1),Peter (1)
7,Peter / Pietari / Peeter,Säräisniemi,Finland/Savo-Karelia,Finnish,su,Pekka,2,2,1,Pekka (2),Pekka/Pekko (2)
7,Peter / Pietari / Peeter,Säämäjärvi,East Karelia/Veps/Tver,Livvi-Karelian,ka,Pietari,2,1,1,Pietari (2),Peter (2)
7,Peter / Pietari / Peeter,Taipalsaari,Finland/Savo-Karelia,Finnish,su,Pekka,2,1,1,Pekka (2),Pekka/Pekko (2)
7,Peter / Pietari / Peeter,Taipalsaari,Finland/Savo-Karelia,Finnish,su,Pietari,1,1,1,Pietari (1),Peter (1)
7,Peter / Pietari / Peeter,Taivassalo,Finland/Savo-Karelia,Finnish,su,Pietari,1,1,1,Pietari (1),Peter (1)
7,Peter / Pietari / Peeter,Tammela,Finland/Savo-Karelia,Finnish,su,Pietari,1,1,1,Pietari (1),Peter (1)
7,Peter / Pietari / Peeter,Tampere,Finland/Savo-Karelia,Finnish,su,Pietari,3,3,1,Pietari (3),Peter (3)
7,Peter / Pietari / Peeter,Tarvastu,Estonia core/west,South Estonian,viE,Peeter,9,7,1,Peeter (9),Peter (6); Peeter (2); Petteri/Pietari (1)
7,Peter / Pietari / Peeter,Tarvastu,Estonia core/west,South Estonian,viE,Other,1,1,1,peetri_kene (1),Peter (1)
7,Peter / Pietari / Peeter,Terijoki,Finland/Savo-Karelia,Finnish,su,Other,1,1,1,pietarinpoika (1),Peter (1)
7,Peter / Pietari / Peeter,Terijoki,Finland/Savo-Karelia,Finnish,su,Pekko,1,1,1,Pekko (1),Pekka/Pekko (1)
7,Peter / Pietari / Peeter,Tervo,Finland/Savo-Karelia,Finnish,su,Pekka,1,1,1,Pekka (1),Pekka/Pekko (1)
7,Peter / Pietari / Peeter,Tervola,Finland/Savo-Karelia,Finnish,su,Other,2,1,2,Perttu (1); Perttuli (1),Peter (2)
7,Peter / Pietari / Peeter,Tervola,Finland/Savo-Karelia,Finnish,su,Pekka,1,1,1,Pekka (1),Pekka/Pekko (1)
7,Peter / Pietari / Peeter,Tohmajärvi,Finland/Savo-Karelia,Finnish,su,Pekka,4,4,1,Pekka (4),Pekka/Pekko (4)
7,Peter / Pietari / Peeter,Tohmajärvi,Finland/Savo-Karelia,Finnish,su,Pietari,3,2,1,Pietari (3),Peter (3)
7,Peter / Pietari / Peeter,Toksova,Ingria,Finnish,su,Pietari,2,2,1,Pietari (2),Peter (2)
7,Peter / Pietari / Peeter,Tori,Estonia core/west,North Estonian,viP,Peeter,1,1,1,Peeter (1),Peeter (1)
7,Peter / Pietari / Peeter,Torma,Estonia core/west,North Estonian,viP,Peeter,9,3,1,Peeter (9),Peter (9)
7,Peter / Pietari / Peeter,Tulemajärvi,East Karelia/Veps/Tver,Livvi-Karelian,ka,Petri,5,1,1,Petri (5),Peter (5)
7,Peter / Pietari / Peeter,Tulemajärvi,East Karelia/Veps/Tver,Livvi-Karelian,ka,Pekko,1,1,1,Pekko (1),Pekka/Pekko (1)
7,Peter / Pietari / Peeter,Tulemajärvi,East Karelia/Veps/Tver,Livvi-Karelian,ka,Petteri,1,1,1,Petteri (1),Peter (1)
7,Peter / Pietari / Peeter,Turku,Finland/Savo-Karelia,Finnish,su,Other,1,1,1,pietarinprutki (1),Peter (1)
7,Peter / Pietari / Peeter,Turku,Finland/Savo-Karelia,Finnish,su,Pekka,1,1,1,Pekka (1),Pekka/Pekko (1)
7,Peter / Pietari / Peeter,Turku,Finland/Savo-Karelia,Finnish,su,Pietari,1,1,1,Pietari (1),Peter (1)
7,Peter / Pietari / Peeter,Tuulos,Finland/Savo-Karelia,Finnish,su,Pietari,2,2,1,Pietari (2),Peter (2)
7,Peter / Pietari / Peeter,Tuulos,Finland/Savo-Karelia,Finnish,su,Pekka,1,1,1,Pekka (1),Pekka/Pekko (1)
7,Peter / Pietari / Peeter,Tuupovaara,Finland/Savo-Karelia,Finnish,su,Pietari,4,1,1,Pietari (4),Peter (4)
7,Peter / Pietari / Peeter,Tuusniemi,Finland/Savo-Karelia,Finnish,su,Pietari,4,4,1,Pietari (4),Petteri/Pietari (2); Peter (2)
7,Peter / Pietari / Peeter,Tuusniemi,Finland/Savo-Karelia,Finnish,su,Pekka,2,2,1,Pekka (2),Pekka/Pekko (2)
7,Peter / Pietari / Peeter,Tuusula,Finland/Savo-Karelia,Finnish,su,Other,2,2,2,pikipietari (1); pikku pietari (1),Peter (2)
7,Peter / Pietari / Peeter,Tuusula,Finland/Savo-Karelia,Finnish,su,Pietari,1,1,1,Pietari (1),Peter (1)
7,Peter / Pietari / Peeter,Tuutari,Ingria,Finnish,su,Pietari,1,1,1,Pietari (1),Peter (1)
7,Peter / Pietari / Peeter,Tyrvää,Finland/Savo-Karelia,Finnish,su,Pietari,2,2,1,Pietari (2),Peter (2)
7,Peter / Pietari / Peeter,Tyrvää,Finland/Savo-Karelia,Finnish,su,Petteri,1,1,1,Petteri (1),Peter (1)
7,Peter / Pietari / Peeter,Tyrö,Ingria,Finnish,su,Petteri,3,3,1,Petteri (3),Peter (3)
7,Peter / Pietari / Peeter,Tyrö,Ingria,Finnish,su,Pietari,3,3,1,Pietari (3),Peter (3)
7,Peter / Pietari / Peeter,Tytärsaari,Finland/Savo-Karelia,Finnish,su,Pietari,1,1,1,Pietari (1),Peter (1)
7,Peter / Pietari / Peeter,Tõstamaa,Estonia core/west,North Estonian,viP,Peeter,1,1,1,Peeter (1),Peeter (1)
7,Peter / Pietari / Peeter,Töysä,Finland/Savo-Karelia,Finnish,su,Pietari,4,4,1,Pietari (4),Peter (3); Petteri/Pietari (1)
7,Peter / Pietari / Peeter,Töysä,Finland/Savo-Karelia,Finnish,su,Other,1,1,1,patapekka (1),Pekka/Pekko (1)
7,Peter / Pietari / Peeter,Töysä,Finland/Savo-Karelia,Finnish,su,Pekka,1,1,1,Pekka (1),Pekka/Pekko (1)
7,Peter / Pietari / Peeter,Türi,Estonia core/west,North Estonian,viP,Peeter,1,1,1,Peeter (1),Peeter (1)
7,Peter / Pietari / Peeter,Uhtua,East Karelia/Veps/Tver,Karelian Proper,ka,Pekka,2,2,1,Pekka (2),Pekka/Pekko (2)
7,Peter / Pietari / Peeter,Urjala,Finland/Savo-Karelia,Finnish,su,Pietari,1,1,1,Pietari (1),Peter (1)
7,Peter / Pietari / Peeter,Urvaste,South Estonia/Seto,South Estonian,viE,Peeter,8,3,1,Peeter (8),Peeter (6); Peter (2)
7,Peter / Pietari / Peeter,Urvaste,South Estonia/Seto,South Estonian,viE,Other,1,1,1,Piitre (1),Petteri/Pietari (1)
7,Peter / Pietari / Peeter,Uskela,Finland/Savo-Karelia,Finnish,su,Pietari,10,10,1,Pietari (10),Peter (10)
7,Peter / Pietari / Peeter,Uukuniemi,East Karelia/Veps/Tver,Finnish,su,Pietari,4,1,1,Pietari (4),Peter (4)
7,Peter / Pietari / Peeter,Uukuniemi,East Karelia/Veps/Tver,Finnish,su,Other,1,1,1,Petrus (1),Peter (1)
7,Peter / Pietari / Peeter,Uurainen,Finland/Savo-Karelia,Finnish,su,Pekka,1,1,1,Pekka (1),Pekka/Pekko (1)
7,Peter / Pietari / Peeter,Uusikaupunki,Finland/Savo-Karelia,Finnish,su,Pekka,7,4,1,Pekka (7),Pekka/Pekko (7)
7,Peter / Pietari / Peeter,Uusikaupunki,Finland/Savo-Karelia,Finnish,su,Pietari,4,4,1,Pietari (4),Peter (4)
7,Peter / Pietari / Peeter,Uusikirkko Tl.,Finland/Savo-Karelia,Finnish,su,Pietari,2,2,1,Pietari (2),Peter (2)
7,Peter / Pietari / Peeter,Vahto,Finland/Savo-Karelia,Finnish,su,Pietari,2,2,1,Pietari (2),Peter (1); Petteri/Pietari (1)
7,Peter / Pietari / Peeter,Vaivara,Estonia core/west,North Estonian,viP,Peeter,5,4,1,Peeter (5),Peter (3); Peeter (2)
7,Peter / Pietari / Peeter,Vaivara,Estonia core/west,North Estonian,viP,Other,1,1,1,Peetri (1),Peter (1)
7,Peter / Pietari / Peeter,Valkeasaari,Ingria,Finnish,su,Pietari,2,2,1,Pietari (2),Peter (2)
7,Peter / Pietari / Peeter,Valkeasaari,Ingria,Finnish,su,Other,1,1,1,paimen&Pekka (1),Pekka/Pekko (1)
7,Peter / Pietari / Peeter,Valkeasaari,Ingria,Finnish,su,Pekka,1,1,1,Pekka (1),Pekka/Pekko (1)
7,Peter / Pietari / Peeter,Valtimo,Finland/Savo-Karelia,Finnish,su,Pekka,2,2,1,Pekka (2),Pekka/Pekko (2)
7,Peter / Pietari / Peeter,Vanaja,Finland/Savo-Karelia,Finnish,su,Other,1,1,1,pikisuu-Pietari (1),Peter (1)
7,Peter / Pietari / Peeter,Varbla,Estonia core/west,North Estonian,viP,Peeter,1,1,1,Peeter (1),Peeter (1)
7,Peter / Pietari / Peeter,Varkaus,Finland/Savo-Karelia,Finnish,su,Pietari,3,2,1,Pietari (3),Peter (3)
7,Peter / Pietari / Peeter,Varpaisjärvi,Finland/Savo-Karelia,Finnish,su,Pekka,2,2,1,Pekka (2),Pekka/Pekko (2)
7,Peter / Pietari / Peeter,Vastseliina,South Estonia/Seto,South Estonian,viE,Petra,7,1,1,Petra (7),Peter (7)
7,Peter / Pietari / Peeter,Vastseliina,South Estonia/Seto,South Estonian,viE,Peeter,4,3,1,Peeter (4),Peter (4)
7,Peter / Pietari / Peeter,Vastseliina,South Estonia/Seto,South Estonian,viE,Peetrus,2,1,1,Peetrus (2),Peter (2)
7,Peter / Pietari / Peeter,Vehkalahti,Finland/Savo-Karelia,Finnish,su,Other,1,1,1,pitkäpietari (1),Peter (1)
7,Peter / Pietari / Peeter,Vehmersalmi,Finland/Savo-Karelia,Finnish,su,Pekka,1,1,1,Pekka (1),Pekka/Pekko (1)
7,Peter / Pietari / Peeter,Venjoki,Ingria,Finnish,su,Pietari,5,5,1,Pietari (5),Peter (5)
7,Peter / Pietari / Peeter,Venjoki,Ingria,Finnish,su,Other,2,2,2,Petro (1); Pekko (proper noun) (1),Peter (1); Pekka/Pekko (1)
7,Peter / Pietari / Peeter,Veteli,Finland/Savo-Karelia,Finnish,su,Pekka,3,1,1,Pekka (3),Pekka/Pekko (3)
7,Peter / Pietari / Peeter,Veteli,Finland/Savo-Karelia,Finnish,su,Pietari,1,1,1,Pietari (1),Petteri/Pietari (1)
7,Peter / Pietari / Peeter,Vieljärvi,East Karelia/Veps/Tver,Livvi-Karelian,kaA,Petri,6,2,1,Petri (6),Peter (6)
7,Peter / Pietari / Peeter,Vigala,Estonia core/west,North Estonian,viP,Peeter,1,1,1,Peeter (1),Peter (1)
7,Peter / Pietari / Peeter,Vihanti,Finland/Savo-Karelia,Finnish,su,Pietari,5,4,1,Pietari (5),Peter (4); Petteri/Pietari (1)
7,Peter / Pietari / Peeter,Vihanti,Finland/Savo-Karelia,Finnish,su,Pekka,1,1,1,Pekka (1),Pekka/Pekko (1)
7,Peter / Pietari / Peeter,Viipuri,Finland/Savo-Karelia,Finnish,su,Other,1,1,1,piki & pöksy & Pietari (1),Peter (1)
7,Peter / Pietari / Peeter,Viipuri,Finland/Savo-Karelia,Finnish,su,Pekka,1,1,1,Pekka (1),Pekka/Pekko (1)
7,Peter / Pietari / Peeter,Viipuri,Finland/Savo-Karelia,Finnish,su,Pekko,1,1,1,Pekko (1),Pekka/Pekko (1)
7,Peter / Pietari / Peeter,Viipuri,Finland/Savo-Karelia,Finnish,su,Pietari,1,1,1,Pietari (1),Peter (1)
7,Peter / Pietari / Peeter,Viitasaari,Finland/Savo-Karelia,Finnish,su,Pekka,4,4,1,Pekka (4),Pekka/Pekko (4)
7,Peter / Pietari / Peeter,Viitasaari,Finland/Savo-Karelia,Finnish,su,Pietari,2,2,1,Pietari (2),Peter (2)
7,Peter / Pietari / Peeter,Viitasaari,Finland/Savo-Karelia,Finnish,su,Other,1,1,1,Juurikka-Pekka (1),Pekka/Pekko (1)
7,Peter / Pietari / Peeter,Viljakkala,Finland/Savo-Karelia,Finnish,su,Pietari,1,1,1,Pietari (1),Peter (1)
7,Peter / Pietari / Peeter,Viljandi,Estonia core/west,North Estonian,viP,Peeter,7,5,1,Peeter (7),Peeter (4); Peter (3)
7,Peter / Pietari / Peeter,Virtasalmi,Finland/Savo-Karelia,Finnish,su,Pekka,6,6,1,Pekka (6),Pekka/Pekko (6)
7,Peter / Pietari / Peeter,Viru-Nigula,Estonia core/west,North Estonian,viP,Peeter,3,2,1,Peeter (3),Peter (2); Peeter (1)
7,Peter / Pietari / Peeter,Viru-Nigula,Estonia core/west,North Estonian,viP,Other,2,2,2,Peetri (1); Pieter (1),Peter (2)
7,Peter / Pietari / Peeter,Vuokkiniemi,East Karelia/Veps/Tver,Karelian Proper,ka,Petteri,10,3,1,Petteri (10),Petteri/Pietari (10)
7,Peter / Pietari / Peeter,Vuokkiniemi,East Karelia/Veps/Tver,Karelian Proper,ka,Pekka,4,2,1,Pekka (4),Pekka/Pekko (4)
7,Peter / Pietari / Peeter,Vuoksela,Finland/Savo-Karelia,Finnish,su,Pekka,1,1,1,Pekka (1),Pekka/Pekko (1)
7,Peter / Pietari / Peeter,Vuoksela,Finland/Savo-Karelia,Finnish,su,Pietari,1,1,1,Pietari (1),Peter (1)
7,Peter / Pietari / Peeter,Vuole,Ingria,Finnish,su,Pekko,3,2,1,Pekko (3),Pekka/Pekko (3)
7,Peter / Pietari / Peeter,Vuole,Ingria,Finnish,su,Pekka,2,2,1,Pekka (2),Pekka/Pekko (2)
7,Peter / Pietari / Peeter,Vuole,Ingria,Finnish,su,Other,1,1,1,Pekkanen (1),Pekka/Pekko (1)
7,Peter / Pietari / Peeter,Vuole,Ingria,Finnish,su,Pietari,1,1,1,Pietari (1),Peter (1)
7,Peter / Pietari / Peeter,Väike-Maarja,Estonia core/west,North Estonian,viP,Peeter,7,3,1,Peeter (7),Peter (4); Peeter (3)
7,Peter / Pietari / Peeter,Väike-Maarja,Estonia core/west,North Estonian,viP,Other,2,2,2,liiva&Peeter (1); Peetri (1),Peter (2)
7,Peter / Pietari / Peeter,Võnnu,Estonia core/west,South Estonian,viE,Peeter,8,5,1,Peeter (8),Peter (6); Petteri/Pietari (1); Peeter (1)
7,Peter / Pietari / Peeter,Võnnu,Estonia core/west,South Estonian,viE,Other,1,1,1,Piitre (1),Petteri/Pietari (1)
7,Peter / Pietari / Peeter,Ylikiiminki,Finland/Savo-Karelia,Finnish,su,Other,1,1,1,Petter (1),Peter (1)
7,Peter / Pietari / Peeter,Ylikiiminki,Finland/Savo-Karelia,Finnish,su,Pietari,1,1,1,Pietari (1),Peter (1)
7,Peter / Pietari / Peeter,Ylitornio,Finland/Savo-Karelia,Finnish,su,Pietari,1,1,1,Pietari (1),Peter (1)
7,Peter / Pietari / Peeter,Ylämaa,Finland/Savo-Karelia,Finnish,su,Other,1,1,1,pitkäpietari (1),Peter (1)
7,Peter / Pietari / Peeter,Ylämaa,Finland/Savo-Karelia,Finnish,su,Pekka,1,1,1,Pekka (1),Pekka/Pekko (1)
7,Peter / Pietari / Peeter,Ylämaa,Finland/Savo-Karelia,Finnish,su,Pietari,1,1,1,Pietari (1),Peter (1)
7,Peter / Pietari / Peeter,Yläne,Finland/Savo-Karelia,Finnish,su,Pietari,1,1,1,Pietari (1),Peter (1)
7,Peter / Pietari / Peeter,Ylöjärvi,Finland/Savo-Karelia,Finnish,su,Pietari,1,1,1,Pietari (1),Peter (1)
7,Peter / Pietari / Peeter,Ähtäri,Finland/Savo-Karelia,Finnish,su,Pietari,1,1,1,Pietari (1),Peter (1)
7,Peter / Pietari / Peeter,Äksi,Estonia core/west,North Estonian,viP,Peeter,1,1,1,Peeter (1),Peter (1)
7,Peter / Pietari / Peeter,Östmark,Finland/Savo-Karelia,Finnish,su,Pekka,1,1,1,Pekka (1),Peter (1)
8,Väinämöinen,Aura,Finland/Savo-Karelia,Finnish,su,Other,1,1,1,Vainonpirttö (1),Väinö/Väinämö (1)
8,Väinämöinen,Brandval,Finland/Savo-Karelia,Finnish,su,Väinämöinen,1,1,1,Väinämöinen (1),Väinämöinen (1)
8,Väinämöinen,Eno,Finland/Savo-Karelia,Finnish,su,Väinämöinen,3,2,1,Väinämöinen (3),Väinämöinen (3)
8,Väinämöinen,Grue Finnskog,Finland/Savo-Karelia,Finnish,su,Väinämöinen,2,2,1,Väinämöinen (2),Väinämöinen (2)
8,Väinämöinen,Haapajärvi,Finland/Savo-Karelia,Finnish,su,Väinämöinen,10,2,1,Väinämöinen (10),Väinämöinen (10)
8,Väinämöinen,Hankasalmi,Finland/Savo-Karelia,Finnish,su,Väinämöinen,1,1,1,Väinämöinen (1),Väinämöinen (1)
8,Väinämöinen,Hietamäki,Ingria,Finnish,su,Väinämöinen,1,1,1,Väinämöinen (1),Väinämöinen (1)
8,Väinämöinen,Huittinen,Finland/Savo-Karelia,Finnish,su,Väinämöinen,1,1,1,Väinämöinen (1),Väinämöinen (1)
8,Väinämöinen,Iisalmi,Finland/Savo-Karelia,Finnish,su,Väinämöinen,5,5,1,Väinämöinen (5),Väinämöinen (5)
8,Väinämöinen,Ilmajoki,Finland/Savo-Karelia,Finnish,su,Väinämöinen,1,1,1,Väinämöinen (1),Väinämöinen (1)
8,Väinämöinen,Ilomantsi,Finland/Savo-Karelia,Finnish,su,Väinämöinen,156,60,1,Väinämöinen (156),Väinämöinen (156)
8,Väinämöinen,Ilomantsi,Finland/Savo-Karelia,Finnish,su,Väinö,2,2,1,Väinö (2),Väinö/Väinämö (2)
8,Väinämöinen,Impilahti,East Karelia/Veps/Tver,Livvi-Karelian,ka,Väinämöinen,25,8,1,Väinämöinen (25),Väinämöinen (25)
8,Väinämöinen,Jaakkima,Finland/Savo-Karelia,Finnish,su,Väinö,1,1,1,Väinö (1),Väinö/Väinämö (1)
8,Väinämöinen,Joensuu,Finland/Savo-Karelia,Finnish,su,Väinö,1,1,1,Väinö (1),Väinö/Väinämö (1)
8,Väinämöinen,Joroinen,Finland/Savo-Karelia,Finnish,su,Väinämöinen,19,8,1,Väinämöinen (19),Väinämöinen (19)
8,Väinämöinen,Joutsa,Finland/Savo-Karelia,Finnish,su,Väinämöinen,2,1,1,Väinämöinen (2),Väinämöinen (2)
8,Väinämöinen,Juuka,Finland/Savo-Karelia,Finnish,su,Väinämöinen,2,2,1,Väinämöinen (2),Väinämöinen (2)
8,Väinämöinen,Juva,Finland/Savo-Karelia,Finnish,su,Väinämöinen,5,5,1,Väinämöinen (5),Väinämöinen (5)
8,Väinämöinen,Jämsä,Finland/Savo-Karelia,Finnish,su,Väinö,1,1,1,Väinö (1),Väinö/Väinämö (1)
8,Väinämöinen,Jäppilä,Finland/Savo-Karelia,Finnish,su,Väinämöinen,2,1,1,Väinämöinen (2),Väinämöinen (2)
8,Väinämöinen,Kaavi,Finland/Savo-Karelia,Finnish,su,Väinämöinen,9,7,1,Väinämöinen (9),Väinämöinen (9)
8,Väinämöinen,Kaavi,Finland/Savo-Karelia,Finnish,su,Other,1,1,1,Väinö/väinä (1),Väinö/Väinämö (1)
8,Väinämöinen,Kangaslampi,Finland/Savo-Karelia,Finnish,su,Väinämöinen,1,1,1,Väinämöinen (1),Väinämöinen (1)
8,Väinämöinen,Kangasniemi,Finland/Savo-Karelia,Finnish,su,Väinämöinen,1,1,1,Väinämöinen (1),Väinämöinen (1)
8,Väinämöinen,Kaprio,Ingria,Finnish,su,Väinämöinen,22,9,1,Väinämöinen (22),Väinämöinen (22)
8,Väinämöinen,Kaprio,Ingria,Finnish,su,Väinö,2,2,1,Väinö (2),Väinö/Väinämö (2)
8,Väinämöinen,Kaprio,Ingria,Finnish,su,Other,1,1,1,Väinö & viikate (1),Väinämöinen (1)
8,Väinämöinen,Karstula,Finland/Savo-Karelia,Finnish,su,Väinämöinen,3,1,1,Väinämöinen (3),Väinämöinen (3)
8,Väinämöinen,Kauhava,Finland/Savo-Karelia,Finnish,su,Väinämöinen,1,1,1,Väinämöinen (1),Väinämöinen (1)
8,Väinämöinen,Keitele,Finland/Savo-Karelia,Finnish,su,Väinämöinen,1,1,1,Väinämöinen (1),Väinämöinen (1)
8,Väinämöinen,Keltto,Ingria,Finnish,su,Väinämöinen,1,1,1,Väinämöinen (1),Väinämöinen (1)
8,Väinämöinen,Kerimäki,Finland/Savo-Karelia,Finnish,su,Väinämöinen,3,3,1,Väinämöinen (3),Väinämöinen (3)
8,Väinämöinen,Kestilä,Finland/Savo-Karelia,Finnish,su,Väinämöinen,2,2,1,Väinämöinen (2),Väinämöinen (2)
8,Väinämöinen,Kesälahti,Finland/Savo-Karelia,Finnish,su,Väinämöinen,25,7,1,Väinämöinen (25),Väinämöinen (25)
8,Väinämöinen,Kesälahti,Finland/Savo-Karelia,Finnish,su,Väinämö,1,1,1,Väinämö (1),Väinö/Väinämö (1)
8,Väinämöinen,Kesälahti,Finland/Savo-Karelia,Finnish,su,Väinö,1,1,1,Väinö (1),Väinö/Väinämö (1)
8,Väinämöinen,Kiestinki,East Karelia/Veps/Tver,Karelian Proper,ka,Väinämöinen,15,3,1,Väinämöinen (15),Väinämöinen (15)
8,Väinämöinen,Kiestinki,East Karelia/Veps/Tver,Karelian Proper,ka,Väinämöisen,3,1,1,Väinämöisen (3),Väinämöinen (3)
8,Väinämöinen,Kiimaisjärvi,East Karelia/Veps/Tver,Karelian Proper,ka,Väinämöinen,14,5,1,Väinämöinen (14),Väinämöinen (14)
8,Väinämöinen,Kiimaisjärvi,East Karelia/Veps/Tver,Karelian Proper,ka,Väinämö,1,1,1,Väinämö (1),Väinö/Väinämö (1)
8,Väinämöinen,Kinnula,Finland/Savo-Karelia,Finnish,su,Väinämöinen,3,1,1,Väinämöinen (3),Väinämöinen (3)
8,Väinämöinen,Kitee,Finland/Savo-Karelia,Finnish,su,Väinämöinen,29,12,1,Väinämöinen (29),Väinämöinen (29)
8,Väinämöinen,Kitee,Finland/Savo-Karelia,Finnish,su,Väinö,1,1,1,Väinö (1),Väinö/Väinämö (1)
8,Väinämöinen,Kittilä,Finland/Savo-Karelia,Finnish,su,Väinämöinen,5,4,1,Väinämöinen (5),Väinämöinen (5)
8,Väinämöinen,Kiuruvesi,Finland/Savo-Karelia,Finnish,su,Väinämöinen,4,2,1,Väinämöinen (4),Väinämöinen (4)
8,Väinämöinen,Kivijärvi,Finland/Savo-Karelia,Finnish,su,Väinämöinen,2,2,1,Väinämöinen (2),Väinämöinen (2)
8,Väinämöinen,Kontiolahti,Finland/Savo-Karelia,Finnish,su,Väinämöinen,5,4,1,Väinämöinen (5),Väinämöinen (5)
8,Väinämöinen,Kontokki,East Karelia/Veps/Tver,Karelian Proper,ka,Väinämöinen,9,8,1,Väinämöinen (9),Väinämöinen (9)
8,Väinämöinen,Kontokki,East Karelia/Veps/Tver,Karelian Proper,ka,Väinö,1,1,1,Väinö (1),Väinö/Väinämö (1)
8,Väinämöinen,Korpilahti,Finland/Savo-Karelia,Finnish,su,Väinämöinen,1,1,1,Väinämöinen (1),Väinämöinen (1)
8,Väinämöinen,Korpiselkä,East Karelia/Veps/Tver,Karelian Proper,ka,Väinämöinen,39,22,1,Väinämöinen (39),Väinämöinen (39)
8,Väinämöinen,Korpiselkä,East Karelia/Veps/Tver,Karelian Proper,ka,Väinö,8,4,1,Väinö (8),Väinö/Väinämö (8)
8,Väinämöinen,Korpiselkä,East Karelia/Veps/Tver,Karelian Proper,ka,väinämöinen,1,1,1,väinämöinen (1),Väinämöinen (1)
8,Väinämöinen,Korpiselkä,East Karelia/Veps/Tver,Karelian Proper,ka,väinö,1,1,1,väinö (1),Väinö/Väinämö (1)
8,Väinämöinen,Kuhmo,Finland/Savo-Karelia,Finnish,su,väinämöinen,1,1,1,väinämöinen (1),Väinämöinen (1)
8,Väinämöinen,Kuhmo,Finland/Savo-Karelia,Finnish,su,väinö,1,1,1,väinö (1),Väinö/Väinämö (1)
8,Väinämöinen,Kuhmoinen,Finland/Savo-Karelia,Finnish,su,Väinämöinen,2,1,1,Väinämöinen (2),Väinämöinen (2)
8,Väinämöinen,Kuopio,Finland/Savo-Karelia,Finnish,su,Väinämöinen,1,1,1,Väinämöinen (1),Väinämöinen (1)
8,Väinämöinen,Kurkijoki,Finland/Savo-Karelia,Finnish,su,Väinämöinen,2,2,1,Väinämöinen (2),Väinämöinen (2)
8,Väinämöinen,Kuusamo,Finland/Savo-Karelia,Finnish,su,Väinämöinen,2,1,1,Väinämöinen (2),Väinämöinen (2)
8,Väinämöinen,Kuusjärvi,Finland/Savo-Karelia,Finnish,su,Väinämöinen,2,2,1,Väinämöinen (2),Väinämöinen (2)
8,Väinämöinen,Kärsämäki,Finland/Savo-Karelia,Finnish,su,Väinämöinen,1,1,1,Väinämöinen (1),Väinämöinen (1)
8,Väinämöinen,Köyliö,Finland/Savo-Karelia,Finnish,su,Väinämöinen,1,1,1,Väinämöinen (1),Väinämöinen (1)
8,Väinämöinen,Lapinlahti,Finland/Savo-Karelia,Finnish,su,Väinämöinen,10,3,1,Väinämöinen (10),Väinämöinen (10)
8,Väinämöinen,Lappee,Finland/Savo-Karelia,Finnish,su,Other,1,1,1,Väinönmeri (1),Väinö/Väinämö (1)
8,Väinämöinen,Lekvattnet,Finland/Savo-Karelia,Finnish,su,Väinämöinen,1,1,1,Väinämöinen (1),Väinämöinen (1)
8,Väinämöinen,Lemi,Finland/Savo-Karelia,Finnish,su,Väinämöinen,2,2,1,Väinämöinen (2),Väinämöinen (2)
8,Väinämöinen,Lempaala,Finland/Savo-Karelia,Finnish,su,Väinämöinen,12,11,1,Väinämöinen (12),Väinämöinen (12)
8,Väinämöinen,Lempaala,Finland/Savo-Karelia,Finnish,su,Väinö,1,1,1,Väinö (1),Väinö/Väinämö (1)
8,Väinämöinen,Leppävirta,Finland/Savo-Karelia,Finnish,su,Väinämöinen,1,1,1,Väinämöinen (1),Väinämöinen (1)
8,Väinämöinen,Liperi,Finland/Savo-Karelia,Finnish,su,Väinämöinen,8,4,1,Väinämöinen (8),Väinämöinen (8)
8,Väinämöinen,Maaninka,Finland/Savo-Karelia,Finnish,su,Väinämöinen,2,2,1,Väinämöinen (2),Väinämöinen (2)
8,Väinämöinen,Metsäpirtti,Finland/Savo-Karelia,Finnish,su,Väinämöinen,2,2,1,Väinämöinen (2),Väinämöinen (2)
8,Väinämöinen,Metsäpirtti,Finland/Savo-Karelia,Finnish,su,Väinö,2,1,1,Väinö (2),Väinö/Väinämö (2)
8,Väinämöinen,Miehikkälä,Finland/Savo-Karelia,Finnish,su,Väinö,1,1,1,Väinö (1),Väinö/Väinämö (1)
8,Väinämöinen,Muolaa,Finland/Savo-Karelia,Finnish,su,Other,2,1,1,Väinämöisen seinä (2),Väinö/Väinämö (2)
8,Väinämöinen,Muonio,Finland/Savo-Karelia,Finnish,su,Väinämöinen,1,1,1,Väinämöinen (1),Väinämöinen (1)
8,Väinämöinen,Muuruvesi,Finland/Savo-Karelia,Finnish,su,Väinämöinen,4,3,1,Väinämöinen (4),Väinämöinen (4)
8,Väinämöinen,Mäntyharju,Finland/Savo-Karelia,Finnish,su,Väinämöinen,1,1,1,Väinämöinen (1),Väinämöinen (1)
8,Väinämöinen,Narvusi,Ingria,Ingrian,in,Väinämöinen,8,3,1,Väinämöinen (8),Väinämöinen (8)
8,Väinämöinen,Nivala,Finland/Savo-Karelia,Finnish,su,Väinämöinen,1,1,1,Väinämöinen (1),Väinämöinen (1)
8,Väinämöinen,Nurmes,Finland/Savo-Karelia,Finnish,su,Väinämöinen,9,9,1,Väinämöinen (9),Väinämöinen (8); Väinö/Väinämö (1)
8,Väinämöinen,Nurmes,Finland/Savo-Karelia,Finnish,su,Väinö,1,1,1,Väinö (1),Väinö/Väinämö (1)
8,Väinämöinen,Paatene,East Karelia/Veps/Tver,Karelian Proper,kaV,väinö,6,1,1,väinö (6),Väinö/Väinämö (6)
8,Väinämöinen,Paatene,East Karelia/Veps/Tver,Karelian Proper,kaV,Väinö,2,1,1,Väinö (2),Väinö/Väinämö (2)
8,Väinämöinen,Padasjoki,Finland/Savo-Karelia,Finnish,su,Väinämöinen,3,1,1,Väinämöinen (3),Väinämöinen (3)
8,Väinämöinen,Paltamo,Finland/Savo-Karelia,Finnish,su,Väinämöinen,9,6,1,Väinämöinen (9),Väinämöinen (9)
8,Väinämöinen,Paltamo,Finland/Savo-Karelia,Finnish,su,Väinö,1,1,1,Väinö (1),Väinö/Väinämö (1)
8,Väinämöinen,Parikkala,Finland/Savo-Karelia,Finnish,su,Väinämöinen,2,2,1,Väinämöinen (2),Väinämöinen (2)
8,Väinämöinen,Pieksämäki,Finland/Savo-Karelia,Finnish,su,Väinämöinen,3,3,1,Väinämöinen (3),Väinämöinen (3)
8,Väinämöinen,Pielavesi,Finland/Savo-Karelia,Finnish,su,Väinämöinen,16,6,1,Väinämöinen (16),Väinämöinen (16)
8,Väinämöinen,Pielavesi,Finland/Savo-Karelia,Finnish,su,Väinö,1,1,1,Väinö (1),Väinö/Väinämö (1)
8,Väinämöinen,Pielisjärvi,Finland/Savo-Karelia,Finnish,su,Väinämöinen,5,4,1,Väinämöinen (5),Väinämöinen (5)
8,Väinämöinen,Pielisjärvi,Finland/Savo-Karelia,Finnish,su,Väinö,2,1,1,Väinö (2),Väinö/Väinämö (2)
8,Väinämöinen,Piippola,Finland/Savo-Karelia,Finnish,su,Väinämöinen,2,2,1,Väinämöinen (2),Väinämöinen (2)
8,Väinämöinen,Pistojärvi,East Karelia/Veps/Tver,Karelian Proper,ka,Väinämöinen,7,5,1,Väinämöinen (7),Väinämöinen (7)
8,Väinämöinen,Porajärvi,East Karelia/Veps/Tver,Karelian Proper,kaV,Väinämöinen,13,5,1,Väinämöinen (13),Väinämöinen (13)
8,Väinämöinen,Porajärvi,East Karelia/Veps/Tver,Karelian Proper,kaV,väinämöinen,1,1,1,väinämöinen (1),Väinämöinen (1)
8,Väinämöinen,Pudasjärvi,Finland/Savo-Karelia,Finnish,su,Väinämöinen,1,1,1,Väinämöinen (1),Väinämöinen (1)
8,Väinämöinen,Puolanka,Finland/Savo-Karelia,Finnish,su,Väinämöinen,1,1,1,Väinämöinen (1),Väinämöinen (1)
8,Väinämöinen,Pyhäjärvi Ol.,Finland/Savo-Karelia,Finnish,su,Väinämöinen,2,1,1,Väinämöinen (2),Väinämöinen (2)
8,Väinämöinen,Pyhäjärvi Vpl.,Finland/Savo-Karelia,Finnish,su,Väinämöinen,1,1,1,Väinämöinen (1),Väinämöinen (1)
8,Väinämöinen,Pöide,Estonia core/west,North Estonian,viP,Other,1,1,1,Vaino (1),Väinö/Väinämö (1)
8,Väinämöinen,Rantasalmi,Finland/Savo-Karelia,Finnish,su,Väinämöinen,1,1,1,Väinämöinen (1),Väinämöinen (1)
8,Väinämöinen,Rautalampi,Finland/Savo-Karelia,Finnish,su,Väinämöinen,1,1,1,Väinämöinen (1),Väinämöinen (1)
8,Väinämöinen,Rautavaara,Finland/Savo-Karelia,Finnish,su,Other,1,1,1,väinäättäri (1),Väinö/Väinämö (1)
8,Väinämöinen,Repola,East Karelia/Veps/Tver,Karelian Proper,kaV,Väinämöinen,29,13,1,Väinämöinen (29),Väinämöinen (29)
8,Väinämöinen,Repola,East Karelia/Veps/Tver,Karelian Proper,kaV,Väinö,5,3,1,Väinö (5),Väinö/Väinämö (5)
8,Väinämöinen,Repola,East Karelia/Veps/Tver,Karelian Proper,kaV,Other,1,1,1,Väinön (1),Väinö/Väinämö (1)
8,Väinämöinen,Ruskeala,East Karelia/Veps/Tver,Finnish,su,Väinämöinen,1,1,1,Väinämöinen (1),Väinämöinen (1)
8,Väinämöinen,Räisälä,Finland/Savo-Karelia,Finnish,su,Väinämöinen,1,1,1,Väinämöinen (1),Väinämöinen (1)
8,Väinämöinen,Rääkkylä,Finland/Savo-Karelia,Finnish,su,Väinämöinen,14,7,1,Väinämöinen (14),Väinämöinen (14)
8,Väinämöinen,Rääpyvä,Ingria,Finnish,su,Väinämöinen,1,1,1,Väinämöinen (1),Väinämöinen (1)
8,Väinämöinen,Saarijärvi,Finland/Savo-Karelia,Finnish,su,Väinämöinen,7,5,1,Väinämöinen (7),Väinämöinen (7)
8,Väinämöinen,Sakkola,Finland/Savo-Karelia,Finnish,su,Other,1,1,1,väin & verran (1),Väinämöinen (1)
8,Väinämöinen,Sakkola,Finland/Savo-Karelia,Finnish,su,Väinämöinen,1,1,1,Väinämöinen (1),Väinämöinen (1)
8,Väinämöinen,Salmi,East Karelia/Veps/Tver,Livvi-Karelian,ka,Väinämöinen,11,4,1,Väinämöinen (11),Väinämöinen (11)
8,Väinämöinen,Salmi,East Karelia/Veps/Tver,Livvi-Karelian,ka,Other,1,1,1,(proper noun) (1),Väinämöinen (1)
8,Väinämöinen,Savitaipale,Finland/Savo-Karelia,Finnish,su,Väinämöinen,1,1,1,Väinämöinen (1),Väinämöinen (1)
8,Väinämöinen,Siilinjärvi,Finland/Savo-Karelia,Finnish,su,Väinämöinen,1,1,1,Väinämöinen (1),Väinämöinen (1)
8,Väinämöinen,Soanlahti,East Karelia/Veps/Tver,Finnish,su,Väinämöinen,6,3,1,Väinämöinen (6),Väinämöinen (6)
8,Väinämöinen,Soanlahti,East Karelia/Veps/Tver,Finnish,su,Väinö,2,2,1,Väinö (2),Väinö/Väinämö (2)
8,Väinämöinen,Soikkola,Ingria,Ingrian,in,Väinämöinen,21,10,1,Väinämöinen (21),Väinämöinen (21)
8,Väinämöinen,Soikkola,Ingria,Ingrian,in,Väinö,5,3,1,Väinö (5),Väinö/Väinämö (5)
8,Väinämöinen,Soikkola,Ingria,Ingrian,in,Other,2,2,2,Väinöjärvi (1); Väinö & mies (1),Väinämöinen (1); Väinö/Väinämö (1)
8,Väinämöinen,Sonkajärvi,Finland/Savo-Karelia,Finnish,su,Väinämöinen,1,1,1,Väinämöinen (1),Väinämöinen (1)
8,Väinämöinen,Sortavala,East Karelia/Veps/Tver,Finnish,su,Väinämöinen,4,4,1,Väinämöinen (4),Väinämöinen (4)
8,Väinämöinen,Sotkamo,Finland/Savo-Karelia,Finnish,su,Väinämöinen,19,9,1,Väinämöinen (19),Väinämöinen (19)
8,Väinämöinen,Suistamo,East Karelia/Veps/Tver,Livvi-Karelian,ka,Väinämöinen,158,67,1,Väinämöinen (158),Väinämöinen (154); Väinö/Väinämö (4)
8,Väinämöinen,Suistamo,East Karelia/Veps/Tver,Livvi-Karelian,ka,Väinö,41,18,1,Väinö (41),Väinö/Väinämö (40); Väinämöinen (1)
8,Väinämöinen,Suistamo,East Karelia/Veps/Tver,Livvi-Karelian,ka,Other,3,2,2,Väinön (2); Väinölä (1),Väinö/Väinämö (3)
8,Väinämöinen,Suistamo,East Karelia/Veps/Tver,Livvi-Karelian,ka,väinämöinen,2,2,1,väinämöinen (2),Väinämöinen (2)
8,Väinämöinen,Suistamo,East Karelia/Veps/Tver,Livvi-Karelian,ka,Väinämöisen,1,1,1,Väinämöisen (1),Väinämöinen (1)
8,Väinämöinen,Sulkava,Finland/Savo-Karelia,Finnish,su,Väinämöinen,1,1,1,Väinämöinen (1),Väinämöinen (1)
8,Väinämöinen,Suojärvi,East Karelia/Veps/Tver,Finnish,su,Väinämöinen,75,35,1,Väinämöinen (75),Väinämöinen (74); Väinö/Väinämö (1)
8,Väinämöinen,Suojärvi,East Karelia/Veps/Tver,Finnish,su,Väinö,10,5,1,Väinö (10),Väinö/Väinämö (10)
8,Väinämöinen,Suojärvi,East Karelia/Veps/Tver,Finnish,su,(as above),7,1,1,(as above) (7),Väinämöinen (7)
8,Väinämöinen,Suojärvi,East Karelia/Veps/Tver,Finnish,su,Other,5,3,4,Väinö & poika (2); Väinämöinen+llä (1); Väinämöisellä (1); Väinämöistä (1),Väinämöinen (3); Väinö/Väinämö (2)
8,Väinämöinen,Suojärvi,East Karelia/Veps/Tver,Finnish,su,väinä & möö,5,1,1,väinä & möö (5),Väinämöinen (5)
8,Väinämöinen,Suojärvi,East Karelia/Veps/Tver,Finnish,su,Väinämöisen,4,1,1,Väinämöisen (4),Väinämöinen (4)
8,Väinämöinen,Suojärvi,East Karelia/Veps/Tver,Finnish,su,Väinämö,2,1,1,Väinämö (2),Väinö/Väinämö (2)
8,Väinämöinen,Suomussalmi,Finland/Savo-Karelia,Finnish,su,Väinämöinen,3,3,1,Väinämöinen (3),Väinämöinen (3)
8,Väinämöinen,Suonenjoki,Finland/Savo-Karelia,Finnish,su,Väinämöinen,3,3,1,Väinämöinen (3),Väinämöinen (3)
8,Väinämöinen,Säräisniemi,Finland/Savo-Karelia,Finnish,su,Väinämöinen,3,2,1,Väinämöinen (3),Väinämöinen (3)
8,Väinämöinen,Sääminki,Finland/Savo-Karelia,Finnish,su,Väinämöinen,1,1,1,Väinämöinen (1),Väinämöinen (1)
8,Väinämöinen,Sääminki,Finland/Savo-Karelia,Finnish,su,Väinö,1,1,1,Väinö (1),Väinö/Väinämö (1)
8,Väinämöinen,Säämäjärvi,East Karelia/Veps/Tver,Livvi-Karelian,ka,Väinämöinen,2,1,1,Väinämöinen (2),Väinämöinen (2)
8,Väinämöinen,Säämäjärvi,East Karelia/Veps/Tver,Livvi-Karelian,ka,Väinämöisen,1,1,1,Väinämöisen (1),Väinämöinen (1)
8,Väinämöinen,Taivalkoski,Finland/Savo-Karelia,Finnish,su,Väinämöinen,1,1,1,Väinämöinen (1),Väinämöinen (1)
8,Väinämöinen,Tartu-Maarja,Estonia core/west,South Estonian,viE,Väinö,1,1,1,Väinö (1),Väinö/Väinämö (1)
8,Väinämöinen,Tohmajärvi,Finland/Savo-Karelia,Finnish,su,Väinämöinen,2,2,1,Väinämöinen (2),Väinämöinen (2)
8,Väinämöinen,Tohmajärvi,Finland/Savo-Karelia,Finnish,su,Väinö,2,1,1,Väinö (2),Väinö/Väinämö (2)
8,Väinämöinen,Toksova,Ingria,Finnish,su,Väinämöinen,2,1,1,Väinämöinen (2),Väinämöinen (2)
8,Väinämöinen,Tolmačču,East Karelia/Veps/Tver,Karelian Proper,ka,Väinö,2,1,1,Väinö (2),Väinö/Väinämö (2)
8,Väinämöinen,Tulemajärvi,East Karelia/Veps/Tver,Livvi-Karelian,ka,Väinämöinen,13,3,1,Väinämöinen (13),Väinämöinen (12); Väinö/Väinämö (1)
8,Väinämöinen,Tulemajärvi,East Karelia/Veps/Tver,Livvi-Karelian,ka,Väinö,1,1,1,Väinö (1),Väinö/Väinämö (1)
8,Väinämöinen,Turtola,Finland/Savo-Karelia,Finnish,su,Väinämöinen,2,2,1,Väinämöinen (2),Väinämöinen (2)
8,Väinämöinen,Tuupovaara,Finland/Savo-Karelia,Finnish,su,Väinämöinen,12,3,1,Väinämöinen (12),Väinämöinen (12)
8,Väinämöinen,Tuusniemi,Finland/Savo-Karelia,Finnish,su,Väinämöinen,1,1,1,Väinämöinen (1),Väinämöinen (1)
8,Väinämöinen,Tyrvää,Finland/Savo-Karelia,Finnish,su,Väinämöinen,4,1,1,Väinämöinen (4),Väinämöinen (4)
8,Väinämöinen,Tyrvää,Finland/Savo-Karelia,Finnish,su,Väinö,1,1,1,Väinö (1),Väinö/Väinämö (1)
8,Väinämöinen,Tyrö,Ingria,Finnish,su,Väinämöinen,11,2,1,Väinämöinen (11),Väinämöinen (11)
8,Väinämöinen,Uhtua,East Karelia/Veps/Tver,Karelian Proper,ka,Väinämöinen,19,7,1,Väinämöinen (19),Väinämöinen (19)
8,Väinämöinen,Uukuniemi,East Karelia/Veps/Tver,Finnish,su,Väinämöinen,1,1,1,Väinämöinen (1),Väinämöinen (1)
8,Väinämöinen,Valkeasaari,Ingria,Finnish,su,Väinämöinen,1,1,1,Väinämöinen (1),Väinämöinen (1)
8,Väinämöinen,Valtimo,Finland/Savo-Karelia,Finnish,su,Väinämöinen,5,4,1,Väinämöinen (5),Väinämöinen (5)
8,Väinämöinen,Varpaisjärvi,Finland/Savo-Karelia,Finnish,su,Väinämöinen,2,2,1,Väinämöinen (2),Väinämöinen (2)
8,Väinämöinen,Venjoki,Ingria,Finnish,su,Väinämöinen,1,1,1,Väinämöinen (1),Väinämöinen (1)
8,Väinämöinen,Vieljärvi,East Karelia/Veps/Tver,Livvi-Karelian,kaA,Väinämöinen,5,3,1,Väinämöinen (5),Väinämöinen (5)
8,Väinämöinen,Vieljärvi,East Karelia/Veps/Tver,Livvi-Karelian,kaA,Väinö,2,1,1,Väinö (2),Väinö/Väinämö (2)
8,Väinämöinen,Virolahti,Finland/Savo-Karelia,Finnish,su,Väinö,1,1,1,Väinö (1),Väinö/Väinämö (1)
8,Väinämöinen,Vuokkiniemi,East Karelia/Veps/Tver,Karelian Proper,ka,Väinämöinen,43,21,1,Väinämöinen (43),Väinämöinen (43)
8,Väinämöinen,Vuokkiniemi,East Karelia/Veps/Tver,Karelian Proper,ka,Väinö,4,3,1,Väinö (4),Väinö/Väinämö (4)
8,Väinämöinen,Vuokkiniemi,East Karelia/Veps/Tver,Karelian Proper,ka,Other,3,1,1,Wäinämöinen (3),Väinämöinen (3)
8,Väinämöinen,Vuole,Ingria,Finnish,su,Väinämöinen,7,5,1,Väinämöinen (7),Väinämöinen (7)
8,Väinämöinen,Vuole,Ingria,Finnish,su,Väinö,2,2,1,Väinö (2),Väinö/Väinämö (2)
8,Väinämöinen,Yli-Ii,Finland/Savo-Karelia,Finnish,su,Other,1,1,1,Väinön poika (1),Väinö/Väinämö (1)
8,Väinämöinen,Östmark,Finland/Savo-Karelia,Finnish,su,Väinämöinen,2,2,1,Väinämöinen (2),Väinämöinen (2)
9,Ilmarinen,Brandval,Finland/Savo-Karelia,Finnish,su,Ilmarinen,1,1,1,Ilmarinen (1),Ilmarinen (1)
9,Ilmarinen,Eno,Finland/Savo-Karelia,Finnish,su,Ilmarinen,2,2,1,Ilmarinen (2),Ilmarinen (2)
9,Ilmarinen,Haapavesi,Finland/Savo-Karelia,Finnish,su,Ilmarinen,1,1,1,Ilmarinen (1),Ilmarinen (1)
9,Ilmarinen,Heinävesi,Finland/Savo-Karelia,Finnish,su,Ilmarinen,1,1,1,Ilmarinen (1),Ilmarinen (1)
9,Ilmarinen,Hietamäki,Ingria,Finnish,su,Ilmarinen,1,1,1,Ilmarinen (1),Ilmarinen (1)
9,Ilmarinen,Hyrynsalmi,Finland/Savo-Karelia,Finnish,su,Ilmarinen,1,1,1,Ilmarinen (1),Ilmarinen (1)
9,Ilmarinen,Iisalmi,Finland/Savo-Karelia,Finnish,su,Ilmari,1,1,1,Ilmari (1),Ilmari/Ilmar (1)
9,Ilmarinen,Iisalmi,Finland/Savo-Karelia,Finnish,su,Ilmarinen,1,1,1,Ilmarinen (1),Ilmarinen (1)
9,Ilmarinen,Ilomantsi,Finland/Savo-Karelia,Finnish,su,Ilmarinen,64,14,1,Ilmarinen (64),Ilmarinen (64)
9,Ilmarinen,Impilahti,East Karelia/Veps/Tver,Livvi-Karelian,ka,Ilmari,1,1,1,Ilmari (1),Ilmarinen (1)
9,Ilmarinen,Impilahti,East Karelia/Veps/Tver,Livvi-Karelian,ka,Ilmarinen,1,1,1,Ilmarinen (1),Ilmarinen (1)
9,Ilmarinen,Joroinen,Finland/Savo-Karelia,Finnish,su,Ilmarinen,1,1,1,Ilmarinen (1),Ilmarinen (1)
9,Ilmarinen,Juuka,Finland/Savo-Karelia,Finnish,su,Ilmari,2,1,1,Ilmari (2),Ilmari/Ilmar (2)
9,Ilmarinen,Juuka,Finland/Savo-Karelia,Finnish,su,Ilmarinen,1,1,1,Ilmarinen (1),Ilmarinen (1)
9,Ilmarinen,Juva,Finland/Savo-Karelia,Finnish,su,Ilmarinen,3,3,1,Ilmarinen (3),Ilmarinen (3)
9,Ilmarinen,Kaavi,Finland/Savo-Karelia,Finnish,su,Ilmarinen,1,1,1,Ilmarinen (1),Ilmarinen (1)
9,Ilmarinen,Kangaslampi,Finland/Savo-Karelia,Finnish,su,Ilmarinen,1,1,1,Ilmarinen (1),Ilmarinen (1)
9,Ilmarinen,Kangasniemi,Finland/Savo-Karelia,Finnish,su,Ilmar,1,1,1,Ilmar (1),Ilmari/Ilmar (1)
9,Ilmarinen,Kaprio,Ingria,Finnish,su,Ilmarinen,1,1,1,Ilmarinen (1),Ilmarinen (1)
9,Ilmarinen,Keltto,Ingria,Finnish,su,Ilmarinen,1,1,1,Ilmarinen (1),Ilmarinen (1)
9,Ilmarinen,Kerimäki,Finland/Savo-Karelia,Finnish,su,Ilmarinen,3,2,1,Ilmarinen (3),Ilmarinen (3)
9,Ilmarinen,Kesälahti,Finland/Savo-Karelia,Finnish,su,Ilmarinen,4,3,1,Ilmarinen (4),Ilmarinen (4)
9,Ilmarinen,Kiihtelysvaara,Finland/Savo-Karelia,Finnish,su,Ilmarinen,1,1,1,Ilmarinen (1),Ilmarinen (1)
9,Ilmarinen,Kitee,Finland/Savo-Karelia,Finnish,su,Ilmarinen,12,8,1,Ilmarinen (12),Ilmarinen (12)
9,Ilmarinen,Kitee,Finland/Savo-Karelia,Finnish,su,Ilmari,2,1,1,Ilmari (2),Ilmari/Ilmar (2)
9,Ilmarinen,Koeru,Estonia core/west,North Estonian,viP,Ilmar,1,1,1,Ilmar (1),Ilmari/Ilmar (1)
9,Ilmarinen,Kontiolahti,Finland/Savo-Karelia,Finnish,su,Ilmarinen,2,2,1,Ilmarinen (2),Ilmarinen (2)
9,Ilmarinen,Korpiselkä,East Karelia/Veps/Tver,Karelian Proper,ka,Ilmarinen,7,2,1,Ilmarinen (7),Ilmarinen (7)
9,Ilmarinen,Kuhmoinen,Finland/Savo-Karelia,Finnish,su,Ilmari,2,1,1,Ilmari (2),Ilmari/Ilmar (2)
9,Ilmarinen,Kuhmoinen,Finland/Savo-Karelia,Finnish,su,Ilmarinen,2,1,1,Ilmarinen (2),Ilmarinen (2)
9,Ilmarinen,Kuusamo,Finland/Savo-Karelia,Finnish,su,Ilmari,1,1,1,Ilmari (1),Ilmarinen (1)
9,Ilmarinen,Kuusjärvi,Finland/Savo-Karelia,Finnish,su,Ilmari,1,1,1,Ilmari (1),Ilmarinen (1)
9,Ilmarinen,Lapinlahti,Finland/Savo-Karelia,Finnish,su,Ilmarinen,3,1,1,Ilmarinen (3),Ilmarinen (3)
9,Ilmarinen,Lempaala,Finland/Savo-Karelia,Finnish,su,Ilmarinen,6,6,1,Ilmarinen (6),Ilmarinen (6)
9,Ilmarinen,Lempaala,Finland/Savo-Karelia,Finnish,su,Ilmari,1,1,1,Ilmari (1),Ilmari/Ilmar (1)
9,Ilmarinen,Liissilä,Ingria,Finnish,su,Ilmari & isä,3,3,1,Ilmari & isä (3),Ilmari/Ilmar (3)
9,Ilmarinen,Liissilä,Ingria,Finnish,su,Ilmarinen,1,1,1,Ilmarinen (1),Ilmarinen (1)
9,Ilmarinen,Liissilä,Ingria,Finnish,su,Ilmarinta,1,1,1,Ilmarinta (1),Ilmarinen (1)
9,Ilmarinen,Liperi,Finland/Savo-Karelia,Finnish,su,Ilmarinen,1,1,1,Ilmarinen (1),Ilmarinen (1)
9,Ilmarinen,Liperi,Finland/Savo-Karelia,Finnish,su,Other,1,1,1,(prop.name) (1),Ilmarinen (1)
9,Ilmarinen,Metsäpirtti,Finland/Savo-Karelia,Finnish,su,Ilmarinen,1,1,1,Ilmarinen (1),Ilmarinen (1)
9,Ilmarinen,Moloskovitsa,Ingria,Finnish,su,Ilmarinen,2,2,1,Ilmarinen (2),Ilmarinen (2)
9,Ilmarinen,Muuruvesi,Finland/Savo-Karelia,Finnish,su,Ilmarinen,1,1,1,Ilmarinen (1),Ilmarinen (1)
9,Ilmarinen,Narvusi,Ingria,Ingrian,in,Ilmarinen,3,3,1,Ilmarinen (3),Ilmarinen (3)
9,Ilmarinen,Nilsiä,Finland/Savo-Karelia,Finnish,su,Ilmari,2,2,1,Ilmari (2),Ilmarinen (2)
9,Ilmarinen,Nilsiä,Finland/Savo-Karelia,Finnish,su,Ilmarinen,2,2,1,Ilmarinen (2),Ilmarinen (2)
9,Ilmarinen,Nurmes,Finland/Savo-Karelia,Finnish,su,Ilmarinen,2,2,1,Ilmarinen (2),Ilmarinen (2)
9,Ilmarinen,Oulu,Finland/Savo-Karelia,Finnish,su,Ilmarinen,1,1,1,Ilmarinen (1),Ilmarinen (1)
9,Ilmarinen,Paltamo,Finland/Savo-Karelia,Finnish,su,Ilmarinen,5,2,1,Ilmarinen (5),Ilmarinen (5)
9,Ilmarinen,Pieksämäki,Finland/Savo-Karelia,Finnish,su,Ilmarinen,1,1,1,Ilmarinen (1),Ilmarinen (1)
9,Ilmarinen,Pielavesi,Finland/Savo-Karelia,Finnish,su,Ilmarinen,2,2,1,Ilmarinen (2),Ilmari/Ilmar (1); Ilmarinen (1)
9,Ilmarinen,Pielavesi,Finland/Savo-Karelia,Finnish,su,Ilmari,1,1,1,Ilmari (1),Ilmarinen (1)
9,Ilmarinen,Pielisjärvi,Finland/Savo-Karelia,Finnish,su,Ilmarinen,3,3,1,Ilmarinen (3),Ilmarinen (3)
9,Ilmarinen,Porajärvi,East Karelia/Veps/Tver,Karelian Proper,kaV,Ilmarinen,6,2,1,Ilmarinen (6),Ilmarinen (6)
9,Ilmarinen,Rautavaara,Finland/Savo-Karelia,Finnish,su,Ilmari,1,1,1,Ilmari (1),Ilmari/Ilmar (1)
9,Ilmarinen,Repola,East Karelia/Veps/Tver,Karelian Proper,kaV,Ilmarinen,1,1,1,Ilmarinen (1),Ilmarinen (1)
9,Ilmarinen,Rovaniemi,Finland/Savo-Karelia,Finnish,su,Ilmarinen,1,1,1,Ilmarinen (1),Ilmarinen (1)
9,Ilmarinen,Ruskeala,East Karelia/Veps/Tver,Finnish,su,Ilmarinen,1,1,1,Ilmarinen (1),Ilmarinen (1)
9,Ilmarinen,Saarijärvi,Finland/Savo-Karelia,Finnish,su,Ilmarinen,1,1,1,Ilmarinen (1),Ilmarinen (1)
9,Ilmarinen,Salmi,East Karelia/Veps/Tver,Livvi-Karelian,ka,Ilmarinen,1,1,1,Ilmarinen (1),Ilmarinen (1)
9,Ilmarinen,Serepetta,Ingria,Finnish,su,Ilmarinen,1,1,1,Ilmarinen (1),Ilmarinen (1)
9,Ilmarinen,Soikkola,Ingria,Ingrian,in,Ilmarinen,7,4,1,Ilmarinen (7),Ilmarinen (7)
9,Ilmarinen,Sortavala,East Karelia/Veps/Tver,Finnish,su,Ilmari,4,1,1,Ilmari (4),Ilmari/Ilmar (4)
9,Ilmarinen,Sortavala,East Karelia/Veps/Tver,Finnish,su,Ilmarinen,1,1,1,Ilmarinen (1),Ilmarinen (1)
9,Ilmarinen,Sotkamo,Finland/Savo-Karelia,Finnish,su,Ilmarinen,1,1,1,Ilmarinen (1),Ilmarinen (1)
9,Ilmarinen,Suistamo,East Karelia/Veps/Tver,Livvi-Karelian,ka,Ilmarinen,6,4,1,Ilmarinen (6),Ilmarinen (6)
9,Ilmarinen,Sulkava,Finland/Savo-Karelia,Finnish,su,Ilmarinen,1,1,1,Ilmarinen (1),Ilmarinen (1)
9,Ilmarinen,Suojärvi,East Karelia/Veps/Tver,Finnish,su,Ilmarinen,34,13,1,Ilmarinen (34),Ilmarinen (32); Ilmari/Ilmar (2)
9,Ilmarinen,Suojärvi,East Karelia/Veps/Tver,Finnish,su,(as above),3,1,1,(as above) (3),Ilmarinen (3)
9,Ilmarinen,Suomussalmi,Finland/Savo-Karelia,Finnish,su,Ilmarinen,8,1,1,Ilmarinen (8),Ilmarinen (8)
9,Ilmarinen,Suonenjoki,Finland/Savo-Karelia,Finnish,su,Ilmarinen,1,1,1,Ilmarinen (1),Ilmarinen (1)
9,Ilmarinen,Säräisniemi,Finland/Savo-Karelia,Finnish,su,Ilmarinen,2,1,1,Ilmarinen (2),Ilmarinen (2)
9,Ilmarinen,Säämäjärvi,East Karelia/Veps/Tver,Livvi-Karelian,ka,Ilmarinen,1,1,1,Ilmarinen (1),Ilmarinen (1)
9,Ilmarinen,Tohmajärvi,Finland/Savo-Karelia,Finnish,su,Ilmarinen,2,1,1,Ilmarinen (2),Ilmarinen (2)
9,Ilmarinen,Tohmajärvi,Finland/Savo-Karelia,Finnish,su,Ilmar,1,1,1,Ilmar (1),Ilmari/Ilmar (1)
9,Ilmarinen,Toksova,Ingria,Finnish,su,Ilmarinen,4,1,1,Ilmarinen (4),Ilmarinen (4)
9,Ilmarinen,Tulemajärvi,East Karelia/Veps/Tver,Livvi-Karelian,ka,Ilmarinen,5,2,1,Ilmarinen (5),Ilmarinen (5)
9,Ilmarinen,Tulemajärvi,East Karelia/Veps/Tver,Livvi-Karelian,ka,Ilja,1,1,1,Ilja (1),Ilmarinen (1)
9,Ilmarinen,Tyrvää,Finland/Savo-Karelia,Finnish,su,Ilmarinen,5,1,1,Ilmarinen (5),Ilmarinen (5)
9,Ilmarinen,Tyrö,Ingria,Finnish,su,Ilmarinen,3,3,1,Ilmarinen (3),Ilmarinen (3)
9,Ilmarinen,Tyrö,Ingria,Finnish,su,Ilmarinen & itkeä,1,1,1,Ilmarinen & itkeä (1),Ilmarinen (1)
9,Ilmarinen,Uhtua,East Karelia/Veps/Tver,Karelian Proper,ka,Ilmarinen,1,1,1,Ilmarinen (1),Ilmarinen (1)
9,Ilmarinen,Uukuniemi,East Karelia/Veps/Tver,Finnish,su,Ilmarinen,1,1,1,Ilmarinen (1),Ilmarinen (1)
9,Ilmarinen,Varkaus,Finland/Savo-Karelia,Finnish,su,Ilmarinen,2,1,1,Ilmarinen (2),Ilmarinen (2)
9,Ilmarinen,Venjoki,Ingria,Finnish,su,Ilmari,2,1,1,Ilmari (2),Ilmari/Ilmar (2)
9,Ilmarinen,Venjoki,Ingria,Finnish,su,Ilmarinen,2,1,1,Ilmarinen (2),Ilmarinen (2)
9,Ilmarinen,Vieljärvi,East Karelia/Veps/Tver,Livvi-Karelian,kaA,Ilmarinen,8,1,1,Ilmarinen (8),Ilmarinen (8)
9,Ilmarinen,Vihanti,Finland/Savo-Karelia,Finnish,su,Ilmarinen,1,1,1,Ilmarinen (1),Ilmarinen (1)
9,Ilmarinen,Vuokkiniemi,East Karelia/Veps/Tver,Karelian Proper,ka,Ilmarinen,1,1,1,Ilmarinen (1),Ilmarinen (1)
9,Ilmarinen,Östmark,Finland/Savo-Karelia,Finnish,su,Ilmarinen,1,1,1,Ilmarinen (1),Ilmari/Ilmar (1)
10,Lemminkäinen,Askainen,Finland/Savo-Karelia,Finnish,su,Lemminkäinen,2,1,1,Lemminkäinen (2),Lemminkäinen (2)
10,Lemminkäinen,Haljala,Estonia core/west,North Estonian,viP,Lemming,2,2,1,Lemming (2),Lemmingäinen/Lemming (2)
10,Lemminkäinen,Hankasalmi,Finland/Savo-Karelia,Finnish,su,sopuli,2,1,1,sopuli (2),Lemmingäinen/Lemming (2)
10,Lemminkäinen,Ilomantsi,Finland/Savo-Karelia,Finnish,su,Lemminkäinen,23,11,1,Lemminkäinen (23),Lemminkäinen (23)
10,Lemminkäinen,Jyskyjärvi,East Karelia/Veps/Tver,Karelian Proper,ka,Lemminkäinen,6,1,1,Lemminkäinen (6),Lemminkäinen (6)
10,Lemminkäinen,Kesälahti,Finland/Savo-Karelia,Finnish,su,Lemminkäinen,1,1,1,Lemminkäinen (1),Lemminkäinen (1)
10,Lemminkäinen,Kiimaisjärvi,East Karelia/Veps/Tver,Karelian Proper,ka,Lemminkäinen,14,1,1,Lemminkäinen (14),Lemminkäinen (14)
10,Lemminkäinen,Kodavere,Estonia core/west,North Estonian,viP,Lemming,1,1,1,Lemming (1),Lemmingäinen/Lemming (1)
10,Lemminkäinen,Kontokki,East Karelia/Veps/Tver,Karelian Proper,ka,Lemminkäinen,8,3,1,Lemminkäinen (8),Lemminkäinen (8)
10,Lemminkäinen,Korpiselkä,East Karelia/Veps/Tver,Karelian Proper,ka,Lemminkäinen,3,2,1,Lemminkäinen (3),Lemminkäinen (3)
10,Lemminkäinen,Kuusalu,Estonia core/west,North Estonian,viP,Lemming,9,2,1,Lemming (9),Lemmingäinen/Lemming (9)
10,Lemminkäinen,Kuusalu,Estonia core/west,North Estonian,viP,Lemminkäinen,4,1,1,Lemminkäinen (4),Lemmingäinen/Lemming (4)
10,Lemminkäinen,Lahti,Finland/Savo-Karelia,Finnish,su,sopuli,1,1,1,sopuli (1),Lemmingäinen/Lemming (1)
10,Lemminkäinen,Lemu,Finland/Savo-Karelia,Finnish,su,Lemminkäinen,2,1,1,Lemminkäinen (2),Lemminkäinen (2)
10,Lemminkäinen,Lokalahti,Finland/Savo-Karelia,Finnish,su,Lemminkäinen,2,1,1,Lemminkäinen (2),Lemminkäinen (2)
10,Lemminkäinen,Muonio,Finland/Savo-Karelia,Finnish,su,sopuli,2,2,1,sopuli (2),Lemmingäinen/Lemming (2)
10,Lemminkäinen,Mynämäki,Finland/Savo-Karelia,Finnish,su,Lemminkäinen,1,1,1,Lemminkäinen (1),Lemminkäinen (1)
10,Lemminkäinen,Nilsiä,Finland/Savo-Karelia,Finnish,su,lemminkäinen,3,1,1,lemminkäinen (3),Lemminkäinen (3)
10,Lemminkäinen,Pistojärvi,East Karelia/Veps/Tver,Karelian Proper,ka,Lemminkäinen,1,1,1,Lemminkäinen (1),Lemminkäinen (1)
10,Lemminkäinen,Porajärvi,East Karelia/Veps/Tver,Karelian Proper,kaV,Lemminkäinen,30,6,1,Lemminkäinen (30),Lemminkäinen (30)
10,Lemminkäinen,Raisio,Finland/Savo-Karelia,Finnish,su,Lemminkäinen,1,1,1,Lemminkäinen (1),Lemminkäinen (1)
10,Lemminkäinen,Repola,East Karelia/Veps/Tver,Karelian Proper,kaV,Lemminkäinen,28,8,1,Lemminkäinen (28),Lemminkäinen (28)
10,Lemminkäinen,Repola,East Karelia/Veps/Tver,Karelian Proper,kaV,Lemmingäinen,11,4,1,Lemmingäinen (11),Lemmingäinen/Lemming (11)
10,Lemminkäinen,Repola,East Karelia/Veps/Tver,Karelian Proper,kaV,Other,4,2,2,lemminkäistä (2); Lemminkäisen (2),Lemminkäinen (4)
10,Lemminkäinen,Repola,East Karelia/Veps/Tver,Karelian Proper,kaV,lemminkäinen,1,1,1,lemminkäinen (1),Lemminkäinen (1)
10,Lemminkäinen,Rukajärvi,East Karelia/Veps/Tver,Karelian Proper,ka,Other,2,1,1,(proper name) (2),Lemmingäinen/Lemming (2)
10,Lemminkäinen,Saarijärvi,Finland/Savo-Karelia,Finnish,su,Lemminkäinen,18,1,1,Lemminkäinen (18),Lemminkäinen (18)
10,Lemminkäinen,Salmi,East Karelia/Veps/Tver,Livvi-Karelian,ka,Lemminkäinen,1,1,1,Lemminkäinen (1),Lemminkäinen (1)
10,Lemminkäinen,Soanlahti,East Karelia/Veps/Tver,Finnish,su,Lemminkäinen,6,3,1,Lemminkäinen (6),Lemminkäinen (6)
10,Lemminkäinen,Soanlahti,East Karelia/Veps/Tver,Finnish,su,Lemminkäistä,4,1,1,Lemminkäistä (4),Lemminkäinen (4)
10,Lemminkäinen,Somerniemi,Finland/Savo-Karelia,Finnish,su,sopuli,3,2,1,sopuli (3),Lemmingäinen/Lemming (3)
10,Lemminkäinen,Suistamo,East Karelia/Veps/Tver,Livvi-Karelian,ka,Lemminkäinen,46,13,1,Lemminkäinen (46),Lemminkäinen (40); Lemmingäinen/Lemming (6)
10,Lemminkäinen,Suistamo,East Karelia/Veps/Tver,Livvi-Karelian,ka,Lemmingäinen,16,4,1,Lemmingäinen (16),Lemmingäinen/Lemming (16)
10,Lemminkäinen,Suistamo,East Karelia/Veps/Tver,Livvi-Karelian,ka,Other,5,2,3,lemmingäinen (2); lemmingäisen (2); (proper noun) (1),Lemmingäinen/Lemming (5)
10,Lemminkäinen,Suistamo,East Karelia/Veps/Tver,Livvi-Karelian,ka,lemmingäistä,3,1,1,lemmingäistä (3),Lemmingäinen/Lemming (3)
10,Lemminkäinen,Suojärvi,East Karelia/Veps/Tver,Finnish,su,Lemminkäinen,7,2,1,Lemminkäinen (7),Lemminkäinen (5); Lemmingäinen/Lemming (2)
10,Lemminkäinen,Suojärvi,East Karelia/Veps/Tver,Finnish,su,lempi & -inen,3,1,1,lempi & -inen (3),Lemminkäinen (3)
10,Lemminkäinen,Taivassalo,Finland/Savo-Karelia,Finnish,su,Lemminkäinen,1,1,1,Lemminkäinen (1),Lemminkäinen (1)
10,Lemminkäinen,Taivassalo,Finland/Savo-Karelia,Finnish,su,lemminkäinen,1,1,1,lemminkäinen (1),Lemminkäinen (1)
10,Lemminkäinen,Tulemajärvi,East Karelia/Veps/Tver,Livvi-Karelian,ka,Lemminkäinen,1,1,1,Lemminkäinen (1),Lemminkäinen (1)
10,Lemminkäinen,Uhtua,East Karelia/Veps/Tver,Karelian Proper,ka,Lemminkäinen,1,1,1,Lemminkäinen (1),Lemminkäinen (1)
10,Lemminkäinen,Uusikirkko Tl.,Finland/Savo-Karelia,Finnish,su,Lemminkäinen,2,1,1,Lemminkäinen (2),Lemminkäinen (2)
10,Lemminkäinen,Uusikirkko Tl.,Finland/Savo-Karelia,Finnish,su,Other,2,1,1,Lämminkäinen (2),Lemminkäinen (2)
10,Lemminkäinen,Vuokkiniemi,East Karelia/Veps/Tver,Karelian Proper,ka,Lemminkäinen,5,3,1,Lemminkäinen (5),Lemminkäinen (5)
10,Lemminkäinen,Vuole,Ingria,Finnish,su,Lemminkäinen,1,1,1,Lemminkäinen (1),Lemminkäinen (1)
