feature_rank_by_size,semantic_name_group,area_name,macroRegion,langLabel,langCode,area_mentions,dominant_standard_lemma_category,dominant_mentions,dominant_share,variant_category_count,entropy,variant_distribution
1,Mary / Maria / Maarja / Mari,Narvusi,Ingria,Ingrian,in,317,Maija,154,0.48580441640378547,6,1.4242,Maija (154); Other (48); Maaria (45); Maria (36); Mari (32); Maarja (2)
1,Mary / Maria / Maarja / Mari,Setumaa,South Estonia/Seto,South Estonian,viE,139,Maarja,75,0.539568345323741,4,1.1015,Maarja (75); Mari (41); Maria (14); Other (9)
1,Mary / Maria / Maarja / Mari,Karksi,Estonia core/west,South Estonian,viE,115,Maarja,60,0.5217391304347826,6,1.2671,Maarja (60); Other (22); Mari (20); Maie (11); Maria (1); Marikene (1)
1,Mary / Maria / Maarja / Mari,Soikkola,Ingria,Ingrian,in,104,Maaria,35,0.33653846153846156,6,1.5534,Maaria (35); Maija (26); Maria (19); Other (13); Mari (10); Maarja (1)
1,Mary / Maria / Maarja / Mari,Suistamo,East Karelia/Veps/Tver,Livvi-Karelian,ka,76,Maria,49,0.6447368421052632,5,1.1007,Maria (49); Maaria (12); Other (7); Mari (5); Maija (3)
1,Mary / Maria / Maarja / Mari,Suojärvi,East Karelia/Veps/Tver,Finnish,su,64,Maria,33,0.515625,4,1.0168,Maria (33); Maaria (24); Other (5); Mari (2)
1,Mary / Maria / Maarja / Mari,Viljandi,Estonia core/west,North Estonian,viP,64,Mari,34,0.53125,5,1.0983,Mari (34); Maarja (22); Maaria (3); Other (3); Maria (2)
1,Mary / Maria / Maarja / Mari,Kadrina,Estonia core/west,North Estonian,viP,55,Mari,22,0.4,6,1.5285,Mari (22); Other (11); Mai (9); Maria (8); Maarja (4); Maie (1)
1,Mary / Maria / Maarja / Mari,Paistu,Estonia core/west,South Estonian,viE,55,Mari,24,0.43636363636363634,5,1.296,Mari (24); Maarja (17); Other (8); Maie (5); Mai (1)
1,Mary / Maria / Maarja / Mari,Kolga-Jaani,Estonia core/west,North Estonian,viP,53,Mari,31,0.5849056603773585,6,1.2433,Mari (31); Maarja (9); Other (7); Maie (3); Maria (2); Mai (1)
1,Mary / Maria / Maarja / Mari,Jõhvi,Estonia core/west,North Estonian,viP,49,Mari,30,0.6122448979591837,6,1.2434,Mari (30); Maarja (7); Other (5); Maria (3); Mai (2); Maie (2)
1,Mary / Maria / Maarja / Mari,Helme,Estonia core/west,South Estonian,viE,48,Maarja,30,0.625,5,1.0692,Maarja (30); Maie (10); Mari (5); Other (2); Mai (1)
1,Mary / Maria / Maarja / Mari,Haljala,Estonia core/west,North Estonian,viP,47,Mari,21,0.44680851063829785,6,1.3674,Mari (21); Maie (13); Maarja (8); Mai (2); Maria (2); Marikene (1)
1,Mary / Maria / Maarja / Mari,Vastseliina,South Estonia/Seto,South Estonian,viE,46,Maarja,24,0.5217391304347826,5,1.2472,Maarja (24); Mai (11); Mari (5); Other (5); Marikene (1)
1,Mary / Maria / Maarja / Mari,Halliste,Estonia core/west,South Estonian,viE,45,Maarja,22,0.4888888888888889,6,1.3823,Maarja (22); Mari (9); Other (8); Maie (3); Maaria (2); Maria (1)
1,Mary / Maria / Maarja / Mari,Simuna,Estonia core/west,North Estonian,viP,45,Maie,25,0.5555555555555556,6,1.3482,Maie (25); Maarja (8); Other (4); Mari (3); Maria (3); Marikene (2)
1,Mary / Maria / Maarja / Mari,Põltsamaa,Estonia core/west,North Estonian,viP,43,Mari,29,0.6744186046511628,5,0.9537,Mari (29); Maria (9); Marikene (3); Maarja (1); Maie (1)
1,Mary / Maria / Maarja / Mari,Kuusalu,Estonia core/west,North Estonian,viP,42,Mari,14,0.3333333333333333,7,1.716,Mari (14); Maria (10); Mai (5); Maie (5); Maarja (4); Maaria (3); Other (1)
1,Mary / Maria / Maarja / Mari,Suure-Jaani,Estonia core/west,North Estonian,viP,40,Mari,27,0.675,6,1.0915,Mari (27); Marikene (6); Maarja (2); Maie (2); Maria (2); Other (1)
1,Mary / Maria / Maarja / Mari,Sangaste,Estonia core/west,South Estonian,viE,39,Mari,15,0.38461538461538464,6,1.4733,Mari (15); Maarja (12); Maria (5); Other (4); Maie (2); Marikene (1)
1,Mary / Maria / Maarja / Mari,Kaprio,Ingria,Finnish,su,37,Maaria,23,0.6216216216216216,6,1.1894,Maaria (23); Mari (5); Maria (5); Other (2); Maarja (1); Maija (1)
1,Mary / Maria / Maarja / Mari,Risti,Estonia core/west,North Estonian,viP,37,Mari,29,0.7837837837837838,3,0.6719,Mari (29); Maarja (4); Other (4)
1,Mary / Maria / Maarja / Mari,Palamuse,Estonia core/west,North Estonian,viP,34,Mari,25,0.7352941176470589,3,0.7181,Mari (25); Other (7); Maarja (2)
1,Mary / Maria / Maarja / Mari,Tori,Estonia core/west,North Estonian,viP,34,Mari,29,0.8529411764705882,4,0.5727,Mari (29); Maarja (2); Other (2); Maria (1)
1,Mary / Maria / Maarja / Mari,Vuokkiniemi,East Karelia/Veps/Tver,Karelian Proper,ka,34,Mari,13,0.38235294117647056,5,1.3117,Mari (13); Maria (12); Other (6); Maaria (2); Maija (1)
1,Mary / Maria / Maarja / Mari,Pilistvere,Estonia core/west,North Estonian,viP,32,Mari,27,0.84375,5,0.6416,Mari (27); Maarja (2); Maie (1); Maria (1); Other (1)
1,Mary / Maria / Maarja / Mari,Tyrö,Ingria,Finnish,su,32,Mari,19,0.59375,3,0.8499,Mari (19); Maria (11); Maaria (2)
1,Mary / Maria / Maarja / Mari,Ilomantsi,Finland/Savo-Karelia,Finnish,su,31,Maria,16,0.5161290322580645,4,1.1092,Maria (16); Maaria (10); Maija (3); Other (2)
1,Mary / Maria / Maarja / Mari,Kose,Estonia core/west,North Estonian,viP,30,Mari,21,0.7,5,0.9556,Mari (21); Maie (5); Maarja (2); Maria (1); Other (1)
1,Mary / Maria / Maarja / Mari,Rõuge,South Estonia/Seto,South Estonian,viE,30,Mari,25,0.8333333333333334,4,0.6089,Mari (25); Other (3); Maarja (1); Marikene (1)
1,Mary / Maria / Maarja / Mari,Kodavere,Estonia core/west,North Estonian,viP,28,Mai,11,0.39285714285714285,6,1.5111,Mai (11); Other (8); Maarja (3); Mari (3); Maie (2); Maria (1)
1,Mary / Maria / Maarja / Mari,Pöide,Estonia core/west,North Estonian,viP,28,Mari,23,0.8214285714285714,3,0.5894,Mari (23); Other (3); Maie (2)
1,Mary / Maria / Maarja / Mari,Räpina,South Estonia/Seto,South Estonian,viE,27,Maarja,16,0.5925925925925926,2,0.6759,Maarja (16); Mari (11)
1,Mary / Maria / Maarja / Mari,Salmi,East Karelia/Veps/Tver,Livvi-Karelian,ka,26,Maria,14,0.5384615384615384,3,0.8226,Maria (14); Maaria (11); Maija (1)
1,Mary / Maria / Maarja / Mari,Tarvastu,Estonia core/west,South Estonian,viE,26,Mari,11,0.4230769230769231,5,1.3569,Mari (11); Maarja (7); Maie (5); Other (2); Maaria (1)
1,Mary / Maria / Maarja / Mari,Korpiselkä,East Karelia/Veps/Tver,Karelian Proper,ka,23,Maria,10,0.43478260869565216,4,1.1313,Maria (10); Maaria (9); Mari (3); Other (1)
1,Mary / Maria / Maarja / Mari,Viru-Nigula,Estonia core/west,North Estonian,viP,23,Maie,11,0.4782608695652174,4,1.1221,Maie (11); Mari (8); Maria (3); Other (1)
1,Mary / Maria / Maarja / Mari,Juva,Finland/Savo-Karelia,Finnish,su,22,Maria,17,0.7727272727272727,4,0.7757,Maria (17); Maaria (2); Maija (2); Other (1)
1,Mary / Maria / Maarja / Mari,Harju-Jaani,Estonia core/west,North Estonian,viP,21,Mari,15,0.7142857142857143,5,0.9782,Mari (15); Maarja (2); Maria (2); Maaria (1); Maie (1)
1,Mary / Maria / Maarja / Mari,Laiuse,Estonia core/west,North Estonian,viP,21,Mari,10,0.47619047619047616,4,1.263,Mari (10); Maarja (4); Maria (4); Other (3)
1,Mary / Maria / Maarja / Mari,Nurmes,Finland/Savo-Karelia,Finnish,su,21,Maaria,7,0.3333333333333333,4,1.3438,Maaria (7); Maija (6); Maria (5); Other (3)
1,Mary / Maria / Maarja / Mari,Vaivara,Estonia core/west,North Estonian,viP,21,Mari,9,0.42857142857142855,4,1.1787,Mari (9); Maie (8); Maria (2); Other (2)
1,Mary / Maria / Maarja / Mari,Väike-Maarja,Estonia core/west,North Estonian,viP,21,Mari,7,0.3333333333333333,5,1.4347,Mari (7); Maie (6); Maarja (5); Other (2); Marikene (1)
1,Mary / Maria / Maarja / Mari,Koeru,Estonia core/west,North Estonian,viP,20,Mari,13,0.65,6,1.1899,Mari (13); Maaria (2); Maarja (2); Maie (1); Marikene (1); Other (1)
1,Mary / Maria / Maarja / Mari,Lempaala,Finland/Savo-Karelia,Finnish,su,20,Maaria,8,0.4,5,1.415,Maaria (8); Maria (5); Other (4); Maija (2); Mari (1)
1,Mary / Maria / Maarja / Mari,Saarijärvi,Finland/Savo-Karelia,Finnish,su,20,Maija,9,0.45,4,1.1922,Maija (9); Other (6); Maria (4); Maaria (1)
1,Mary / Maria / Maarja / Mari,Urvaste,South Estonia/Seto,South Estonian,viE,20,Mari,12,0.6,3,0.8237,Mari (12); Other (7); Maarja (1)
1,Mary / Maria / Maarja / Mari,Vigala,Estonia core/west,North Estonian,viP,20,Mari,9,0.45,6,1.4956,Mari (9); Maarja (4); Mai (3); Other (2); Maie (1); Marikene (1)
1,Mary / Maria / Maarja / Mari,Porajärvi,East Karelia/Veps/Tver,Karelian Proper,kaV,19,Maaria,10,0.5263157894736842,4,1.0156,Maaria (10); Maria (7); Maija (1); Other (1)
1,Mary / Maria / Maarja / Mari,Pärnu-Jaagupi,Estonia core/west,North Estonian,viP,19,Maarja,9,0.47368421052631576,3,0.8629,Maarja (9); Mari (9); Other (1)
1,Mary / Maria / Maarja / Mari,Repola,East Karelia/Veps/Tver,Karelian Proper,kaV,19,Maria,9,0.47368421052631576,4,1.0281,Maria (9); Maaria (8); Maija (1); Mari (1)
1,Mary / Maria / Maarja / Mari,Uskela,Finland/Savo-Karelia,Finnish,su,19,Maija,11,0.5789473684210527,4,1.0909,Maija (11); Other (4); Maria (3); Maaria (1)
1,Mary / Maria / Maarja / Mari,Vuole,Ingria,Finnish,su,19,Maria,8,0.42105263157894735,4,1.2566,Maria (8); Mari (6); Maaria (3); Other (2)
1,Mary / Maria / Maarja / Mari,Karuse,Estonia core/west,North Estonian,viP,18,Mari,12,0.6666666666666666,3,0.7867,Mari (12); Maria (5); Other (1)
1,Mary / Maria / Maarja / Mari,Saarde,Estonia core/west,North Estonian,viP,18,Maarja,10,0.5555555555555556,5,1.2261,Maarja (10); Mari (4); Other (2); Maie (1); Maria (1)
1,Mary / Maria / Maarja / Mari,Torma,Estonia core/west,North Estonian,viP,18,Mari,14,0.7777777777777778,5,0.8378,Mari (14); Maarja (1); Maie (1); Maria (1); Marikene (1)
1,Mary / Maria / Maarja / Mari,Häädemeeste,Estonia core/west,North Estonian,viP,17,Mari,12,0.7058823529411765,4,0.8853,Mari (12); Other (3); Maarja (1); Maie (1)
1,Mary / Maria / Maarja / Mari,Järva-Jaani,Estonia core/west,North Estonian,viP,17,Mari,8,0.47058823529411764,4,1.253,Mari (8); Maria (4); Other (3); Maarja (2)
1,Mary / Maria / Maarja / Mari,Kitee,Finland/Savo-Karelia,Finnish,su,17,Maria,9,0.5294117647058824,3,1.0027,Maria (9); Maaria (5); Other (3)
1,Mary / Maria / Maarja / Mari,Kivennapa,Finland/Savo-Karelia,Finnish,su,17,Mari,13,0.7647058823529411,4,0.7902,Mari (13); Maija (2); Maaria (1); Other (1)
1,Mary / Maria / Maarja / Mari,Maarja-Magdaleena,Estonia core/west,North Estonian,viP,17,Mari,12,0.7058823529411765,4,0.8853,Mari (12); Other (3); Maaria (1); Maie (1)
1,Mary / Maria / Maarja / Mari,Peetri,Estonia core/west,North Estonian,viP,17,Mari,12,0.7058823529411765,5,0.9976,Mari (12); Other (2); Maaria (1); Mai (1); Marikene (1)
1,Mary / Maria / Maarja / Mari,Tammela,Finland/Savo-Karelia,Finnish,su,17,Maria,7,0.4117647058823529,4,1.298,Maria (7); Maaria (4); Maija (4); Other (2)
1,Mary / Maria / Maarja / Mari,Audru,Estonia core/west,North Estonian,viP,16,Mari,11,0.6875,4,0.918,Mari (11); Maie (3); Maarja (1); Other (1)
1,Mary / Maria / Maarja / Mari,Impilahti,East Karelia/Veps/Tver,Livvi-Karelian,ka,16,Maria,13,0.8125,3,0.6019,Maria (13); Maaria (2); Other (1)
1,Mary / Maria / Maarja / Mari,Jüri,Estonia core/west,North Estonian,viP,16,Mari,8,0.5,5,1.3209,Mari (8); Maarja (3); Maria (3); Marikene (1); Other (1)
1,Mary / Maria / Maarja / Mari,Serepetta,Ingria,Finnish,su,16,Mari,5,0.3125,5,1.4741,Mari (5); Other (5); Maaria (3); Maija (2); Maria (1)
1,Mary / Maria / Maarja / Mari,Türi,Estonia core/west,North Estonian,viP,16,Maarja,6,0.375,4,1.2228,Maarja (6); Mari (6); Maie (3); Maria (1)
1,Mary / Maria / Maarja / Mari,Kiuruvesi,Finland/Savo-Karelia,Finnish,su,15,Maria,13,0.8666666666666667,2,0.3927,Maria (13); Maija (2)
1,Mary / Maria / Maarja / Mari,Rõngu,Estonia core/west,South Estonian,viE,15,Mari,7,0.4666666666666667,5,1.3379,Mari (7); Maarja (4); Other (2); Mai (1); Maria (1)
1,Mary / Maria / Maarja / Mari,Ambla,Estonia core/west,North Estonian,viP,14,Maie,5,0.35714285714285715,5,1.4944,Maie (5); Maarja (3); Mari (3); Maria (2); Other (1)
1,Mary / Maria / Maarja / Mari,Muhu,Estonia core/west,North Estonian,viP,14,Other,5,0.35714285714285715,4,1.2721,Other (5); Mai (4); Mari (4); Maarja (1)
1,Mary / Maria / Maarja / Mari,Paide,Estonia core/west,North Estonian,viP,14,Mari,11,0.7857142857142857,4,0.755,Mari (11); Maarja (1); Maie (1); Maria (1)
1,Mary / Maria / Maarja / Mari,Hattula,Finland/Savo-Karelia,Finnish,su,13,Maija,6,0.46153846153846156,5,1.3778,Maija (6); Other (3); Mari (2); Maaria (1); Maria (1)
1,Mary / Maria / Maarja / Mari,Moloskovitsa,Ingria,Finnish,su,13,Mari,6,0.46153846153846156,4,1.2048,Mari (6); Maaria (4); Maria (2); Other (1)
1,Mary / Maria / Maarja / Mari,Põlva,South Estonia/Seto,South Estonian,viE,13,Mari,6,0.46153846153846156,3,1.0579,Mari (6); Maie (4); Maarja (3)
1,Mary / Maria / Maarja / Mari,Uhtua,East Karelia/Veps/Tver,Karelian Proper,ka,13,Maria,8,0.6153846153846154,4,1.0318,Maria (8); Other (3); Maaria (1); Maija (1)
1,Mary / Maria / Maarja / Mari,Varbla,Estonia core/west,North Estonian,viP,13,Mari,10,0.7692307692307693,4,0.7937,Mari (10); Maarja (1); Maria (1); Marikene (1)
1,Mary / Maria / Maarja / Mari,Venjoki,Ingria,Finnish,su,13,Maria,7,0.5384615384615384,3,1.0101,Maria (7); Mari (3); Other (3)
1,Mary / Maria / Maarja / Mari,Jõelähtme,Estonia core/west,North Estonian,viP,12,Mari,8,0.6666666666666666,3,0.824,Mari (8); Other (3); Marikene (1)
1,Mary / Maria / Maarja / Mari,Kursi,Estonia core/west,North Estonian,viP,12,Mari,7,0.5833333333333334,4,1.1187,Mari (7); Maarja (2); Other (2); Maria (1)
1,Mary / Maria / Maarja / Mari,Otepää,Estonia core/west,South Estonian,viE,12,Mari,5,0.4166666666666667,4,1.2367,Mari (5); Maarja (4); Marikene (2); Mai (1)
1,Mary / Maria / Maarja / Mari,Tohmajärvi,Finland/Savo-Karelia,Finnish,su,12,Maria,11,0.9166666666666666,2,0.2868,Maria (11); Maaria (1)
1,Mary / Maria / Maarja / Mari,Tõstamaa,Estonia core/west,North Estonian,viP,12,Mari,5,0.4166666666666667,5,1.4241,Mari (5); Maaria (3); Other (2); Maie (1); Marikene (1)
1,Mary / Maria / Maarja / Mari,Äksi,Estonia core/west,North Estonian,viP,12,Mari,7,0.5833333333333334,4,1.1187,Mari (7); Maarja (2); Marikene (2); Other (1)
1,Mary / Maria / Maarja / Mari,Iisaku,Estonia core/west,North Estonian,viP,11,Mari,6,0.5454545454545454,3,0.9949,Mari (6); Maie (3); Maria (2)
1,Mary / Maria / Maarja / Mari,Kaavi,Finland/Savo-Karelia,Finnish,su,11,Maaria,6,0.5454545454545454,3,0.9949,Maaria (6); Maria (3); Other (2)
1,Mary / Maria / Maarja / Mari,Lüganuse,Estonia core/west,North Estonian,viP,11,Mari,4,0.36363636363636365,4,1.3421,Mari (4); Maarja (3); Maria (2); Other (2)
1,Mary / Maria / Maarja / Mari,Mouhijärvi,Finland/Savo-Karelia,Finnish,su,11,Maija,9,0.8181818181818182,2,0.4741,Maija (9); Maaria (2)
1,Mary / Maria / Maarja / Mari,Uukuniemi,East Karelia/Veps/Tver,Finnish,su,11,Maaria,5,0.45454545454545453,3,1.0362,Maaria (5); Maria (4); Other (2)
1,Mary / Maria / Maarja / Mari,Viru-Jaagupi,Estonia core/west,North Estonian,viP,11,Mari,7,0.6363636363636364,3,0.86,Mari (7); Other (3); Maie (1)
1,Mary / Maria / Maarja / Mari,Asikkala,Finland/Savo-Karelia,Finnish,su,10,Maija,8,0.8,3,0.639,Maija (8); Maaria (1); Maria (1)
1,Mary / Maria / Maarja / Mari,Kauhava,Finland/Savo-Karelia,Finnish,su,10,Other,4,0.4,3,1.0889,Other (4); Maija (3); Maria (3)
1,Mary / Maria / Maarja / Mari,Metsäpirtti,Finland/Savo-Karelia,Finnish,su,10,Maria,6,0.6,4,1.0889,Maria (6); Maija (2); Maaria (1); Other (1)
1,Mary / Maria / Maarja / Mari,Mihkli,Estonia core/west,North Estonian,viP,10,Mari,9,0.9,2,0.3251,Mari (9); Other (1)
1,Mary / Maria / Maarja / Mari,Iisalmi,Finland/Savo-Karelia,Finnish,su,9,Maria,8,0.8888888888888888,2,0.3488,Maria (8); Maaria (1)
1,Mary / Maria / Maarja / Mari,Janakkala,Finland/Savo-Karelia,Finnish,su,9,Maija,8,0.8888888888888888,2,0.3488,Maija (8); Other (1)
1,Mary / Maria / Maarja / Mari,Kuhmo,Finland/Savo-Karelia,Finnish,su,9,Maaria,6,0.6666666666666666,2,0.6365,Maaria (6); Maria (3)
1,Mary / Maria / Maarja / Mari,Marttila,Finland/Savo-Karelia,Finnish,su,9,Maria,5,0.5555555555555556,3,0.995,Maria (5); Maarja (2); Maija (2)
1,Mary / Maria / Maarja / Mari,Ranua,Finland/Savo-Karelia,Finnish,su,9,Maija,7,0.7777777777777778,3,0.6837,Maija (7); Maria (1); Other (1)
1,Mary / Maria / Maarja / Mari,Rovaniemi,Finland/Savo-Karelia,Finnish,su,9,Maija,4,0.4444444444444444,4,1.2149,Maija (4); Maria (3); Maaria (1); Other (1)
1,Mary / Maria / Maarja / Mari,Sääksmäki,Finland/Savo-Karelia,Finnish,su,9,Maria,6,0.6666666666666666,3,0.8487,Maria (6); Maaria (2); Maija (1)
1,Mary / Maria / Maarja / Mari,Võnnu,Estonia core/west,South Estonian,viE,9,Mari,6,0.6666666666666666,2,0.6365,Mari (6); Maarja (3)
1,Mary / Maria / Maarja / Mari,Huittinen,Finland/Savo-Karelia,Finnish,su,8,Maaria,5,0.625,3,0.9003,Maaria (5); Other (2); Maria (1)
1,Mary / Maria / Maarja / Mari,Kontokki,East Karelia/Veps/Tver,Karelian Proper,ka,8,Maria,6,0.75,3,0.7356,Maria (6); Maaria (1); Mari (1)
1,Mary / Maria / Maarja / Mari,Kurikka,Finland/Savo-Karelia,Finnish,su,8,Maija,5,0.625,3,0.9003,Maija (5); Other (2); Maria (1)
1,Mary / Maria / Maarja / Mari,Kuusamo,Finland/Savo-Karelia,Finnish,su,8,Maaria,4,0.5,3,1.0397,Maaria (4); Maija (2); Maria (2)
1,Mary / Maria / Maarja / Mari,Liissilä,Ingria,Finnish,su,8,Maria,3,0.375,3,1.0822,Maria (3); Other (3); Mari (2)
1,Mary / Maria / Maarja / Mari,Märjamaa,Estonia core/west,North Estonian,viP,8,Mari,5,0.625,2,0.6616,Mari (5); Maarja (3)
1,Mary / Maria / Maarja / Mari,Paimio,Finland/Savo-Karelia,Finnish,su,8,Other,4,0.5,3,0.9743,Other (4); Maria (3); Maija (1)
1,Mary / Maria / Maarja / Mari,Pieksämäki,Finland/Savo-Karelia,Finnish,su,8,Maria,3,0.375,3,1.0822,Maria (3); Other (3); Maaria (2)
1,Mary / Maria / Maarja / Mari,Pielavesi,Finland/Savo-Karelia,Finnish,su,8,Maria,5,0.625,2,0.6616,Maria (5); Maaria (3)
1,Mary / Maria / Maarja / Mari,Pärnu,Estonia core/west,North Estonian,viP,8,Mari,5,0.625,3,0.9003,Mari (5); Maarja (2); Maie (1)
1,Mary / Maria / Maarja / Mari,Rantsila,Finland/Savo-Karelia,Finnish,su,8,Maija,5,0.625,3,0.9003,Maija (5); Maaria (2); Other (1)
1,Mary / Maria / Maarja / Mari,Somero,Finland/Savo-Karelia,Finnish,su,8,Maria,3,0.375,4,1.3209,Maria (3); Maaria (2); Maija (2); Other (1)
1,Mary / Maria / Maarja / Mari,Töysä,Finland/Savo-Karelia,Finnish,su,8,Maria,4,0.5,4,1.213,Maria (4); Other (2); Maaria (1); Maija (1)
1,Mary / Maria / Maarja / Mari,Humppila,Finland/Savo-Karelia,Finnish,su,7,Maria,5,0.7142857142857143,3,0.7963,Maria (5); Maija (1); Other (1)
1,Mary / Maria / Maarja / Mari,Kihnu,Estonia core/west,North Estonian,viP,7,Mari,3,0.42857142857142855,3,1.079,Mari (3); Maie (2); Other (2)
1,Mary / Maria / Maarja / Mari,Kullamaa,Estonia core/west,North Estonian,viP,7,Mari,7,1.0,1,-0.0,Mari (7)
1,Mary / Maria / Maarja / Mari,Laihia,Finland/Savo-Karelia,Finnish,su,7,Maria,4,0.5714285714285714,2,0.6829,Maria (4); Maija (3)
1,Mary / Maria / Maarja / Mari,Loppi,Finland/Savo-Karelia,Finnish,su,7,Maaria,4,0.5714285714285714,3,0.9557,Maaria (4); Maija (2); Maria (1)
1,Mary / Maria / Maarja / Mari,Luumäki,Finland/Savo-Karelia,Finnish,su,7,Maria,3,0.42857142857142855,4,1.277,Maria (3); Other (2); Maaria (1); Maija (1)
1,Mary / Maria / Maarja / Mari,Muolaa,Finland/Savo-Karelia,Finnish,su,7,Mari,7,1.0,1,-0.0,Mari (7)
1,Mary / Maria / Maarja / Mari,Pielisjärvi,Finland/Savo-Karelia,Finnish,su,7,Maaria,3,0.42857142857142855,4,1.277,Maaria (3); Maija (2); Maria (1); Other (1)
1,Mary / Maria / Maarja / Mari,Pudasjärvi,Finland/Savo-Karelia,Finnish,su,7,Maaria,3,0.42857142857142855,3,1.0042,Maaria (3); Maija (3); Other (1)
1,Mary / Maria / Maarja / Mari,Puhja,Estonia core/west,South Estonian,viE,7,Mari,4,0.5714285714285714,2,0.6829,Mari (4); Maarja (3)
1,Mary / Maria / Maarja / Mari,Pöytyä,Finland/Savo-Karelia,Finnish,su,7,Maija,4,0.5714285714285714,2,0.6829,Maija (4); Other (3)
1,Mary / Maria / Maarja / Mari,Rannu,Estonia core/west,South Estonian,viE,7,Mari,6,0.8571428571428571,2,0.4101,Mari (6); Maarja (1)
1,Mary / Maria / Maarja / Mari,Tartu-Maarja,Estonia core/west,South Estonian,viE,7,Maie,3,0.42857142857142855,3,1.0042,Maie (3); Mari (3); Maarja (1)
1,Mary / Maria / Maarja / Mari,Tervo,Finland/Savo-Karelia,Finnish,su,7,Maria,6,0.8571428571428571,2,0.4101,Maria (6); Maija (1)
1,Mary / Maria / Maarja / Mari,Toksova,Ingria,Finnish,su,7,Mari,6,0.8571428571428571,2,0.4101,Mari (6); Maaria (1)
1,Mary / Maria / Maarja / Mari,Uusikaupunki,Finland/Savo-Karelia,Finnish,su,7,Maija,4,0.5714285714285714,3,0.9557,Maija (4); Other (2); Maria (1)
1,Mary / Maria / Maarja / Mari,Vändra,Estonia core/west,North Estonian,viP,7,Maie,2,0.2857142857142857,4,1.3518,Maie (2); Mari (2); Other (2); Maaria (1)
1,Mary / Maria / Maarja / Mari,Hausjärvi,Finland/Savo-Karelia,Outside selected Finnic areas,ru,6,Maija,3,0.5,3,1.0114,Maija (3); Other (2); Mari (1)
1,Mary / Maria / Maarja / Mari,Hollola,Finland/Savo-Karelia,Finnish,su,6,Maija,5,0.8333333333333334,2,0.4506,Maija (5); Maaria (1)
1,Mary / Maria / Maarja / Mari,Jaani,Estonia core/west,North Estonian,viP,6,Maie,2,0.3333333333333333,3,1.0986,Maie (2); Mari (2); Other (2)
1,Mary / Maria / Maarja / Mari,Jokioinen,Finland/Savo-Karelia,Finnish,su,6,Maaria,4,0.6666666666666666,3,0.8676,Maaria (4); Maija (1); Other (1)
1,Mary / Maria / Maarja / Mari,Kangasniemi,Finland/Savo-Karelia,Finnish,su,6,Maija,2,0.3333333333333333,3,1.0986,Maija (2); Maria (2); Other (2)
1,Mary / Maria / Maarja / Mari,Karula,South Estonia/Seto,South Estonian,viE,6,Marikene,3,0.5,3,1.0114,Marikene (3); Maie (2); Mari (1)
1,Mary / Maria / Maarja / Mari,Kontiolahti,Finland/Savo-Karelia,Finnish,su,6,Maija,2,0.3333333333333333,3,1.0986,Maija (2); Mari (2); Maria (2)
1,Mary / Maria / Maarja / Mari,Kõpu,Estonia core/west,North Estonian,viP,6,Mari,5,0.8333333333333334,2,0.4506,Mari (5); Other (1)
1,Mary / Maria / Maarja / Mari,Liperi,Finland/Savo-Karelia,Finnish,su,6,Maaria,2,0.3333333333333333,3,1.0986,Maaria (2); Maija (2); Maria (2)
1,Mary / Maria / Maarja / Mari,Muhos,Finland/Savo-Karelia,Finnish,su,6,Maija,4,0.6666666666666666,3,0.8676,Maija (4); Maria (1); Other (1)
1,Mary / Maria / Maarja / Mari,Mäntyharju,Finland/Savo-Karelia,Finnish,su,6,Maija,3,0.5,3,1.0114,Maija (3); Other (2); Maria (1)
1,Mary / Maria / Maarja / Mari,Paltamo,Finland/Savo-Karelia,Finnish,su,6,Maria,6,1.0,1,-0.0,Maria (6)
1,Mary / Maria / Maarja / Mari,Pyhäjärvi Ul.,Finland/Savo-Karelia,Finnish,su,6,Maaria,3,0.5,2,0.6931,Maaria (3); Maija (3)
1,Mary / Maria / Maarja / Mari,Pälkjärvi,Finland/Savo-Karelia,Finnish,su,6,Maria,3,0.5,3,1.0114,Maria (3); Maaria (2); Other (1)
1,Mary / Maria / Maarja / Mari,Sortavala,East Karelia/Veps/Tver,Finnish,su,6,Maija,2,0.3333333333333333,5,1.5607,Maija (2); Maaria (1); Mari (1); Maria (1); Other (1)
1,Mary / Maria / Maarja / Mari,Tulemajärvi,East Karelia/Veps/Tver,Livvi-Karelian,ka,6,Maaria,4,0.6666666666666666,3,0.8676,Maaria (4); Maria (1); Other (1)
1,Mary / Maria / Maarja / Mari,Alatornio,Finland/Savo-Karelia,Finnish,su,5,Maija,3,0.6,3,0.9503,Maija (3); Maria (1); Other (1)
1,Mary / Maria / Maarja / Mari,Halikko,Finland/Savo-Karelia,Finnish,su,5,Other,3,0.6,2,0.673,Other (3); Maija (2)
1,Mary / Maria / Maarja / Mari,Hauho,Finland/Savo-Karelia,Finnish,su,5,Maaria,3,0.6,3,0.9503,Maaria (3); Maija (1); Maria (1)
1,Mary / Maria / Maarja / Mari,Hämeenlinna,Finland/Savo-Karelia,Finnish,su,5,Maija,3,0.6,2,0.673,Maija (3); Maaria (2)
1,Mary / Maria / Maarja / Mari,Kalajoki,Finland/Savo-Karelia,Finnish,su,5,Maija,3,0.6,2,0.673,Maija (3); Maaria (2)
1,Mary / Maria / Maarja / Mari,Kanepi,South Estonia/Seto,South Estonian,viE,5,Maarja,2,0.4,4,1.3322,Maarja (2); Maie (1); Mari (1); Other (1)
1,Mary / Maria / Maarja / Mari,Kankaanpää,Finland/Savo-Karelia,Finnish,su,5,Maaria,4,0.8,2,0.5004,Maaria (4); Maria (1)
1,Mary / Maria / Maarja / Mari,Koivisto,Finland/Savo-Karelia,Finnish,su,5,Maaria,1,0.2,5,1.6094,Maaria (1); Maija (1); Mari (1); Maria (1); Other (1)
1,Mary / Maria / Maarja / Mari,Koprina,Ingria,Finnish,su,5,Maria,2,0.4,4,1.3322,Maria (2); Maaria (1); Mari (1); Other (1)
1,Mary / Maria / Maarja / Mari,Lappajärvi,Finland/Savo-Karelia,Finnish,su,5,Maria,4,0.8,2,0.5004,Maria (4); Maija (1)
1,Mary / Maria / Maarja / Mari,Leppävirta,Finland/Savo-Karelia,Finnish,su,5,Maria,3,0.6,3,0.9503,Maria (3); Maaria (1); Maija (1)
1,Mary / Maria / Maarja / Mari,Markkova,Ingria,Finnish,suI,5,Mari,3,0.6,3,0.9503,Mari (3); Maaria (1); Maria (1)
1,Mary / Maria / Maarja / Mari,Muurla,Finland/Savo-Karelia,Finnish,su,5,Maarja,2,0.4,3,1.0549,Maarja (2); Maria (2); Maija (1)
1,Mary / Maria / Maarja / Mari,Piippola,Finland/Savo-Karelia,Finnish,su,5,Maria,3,0.6,3,0.9503,Maria (3); Maaria (1); Maija (1)
1,Mary / Maria / Maarja / Mari,Reigi,Estonia core/west,North Estonian,viP,5,Mari,4,0.8,2,0.5004,Mari (4); Other (1)
1,Mary / Maria / Maarja / Mari,Ridala,Estonia core/west,North Estonian,viP,5,Mari,4,0.8,2,0.5004,Mari (4); Maarja (1)
1,Mary / Maria / Maarja / Mari,Riipuskala,East Karelia/Veps/Tver,Karelian Proper,ka,5,Maaria,4,0.8,2,0.5004,Maaria (4); Maria (1)
1,Mary / Maria / Maarja / Mari,Rääpyvä,Ingria,Finnish,su,5,Maaria,2,0.4,3,1.0549,Maaria (2); Other (2); Maria (1)
1,Mary / Maria / Maarja / Mari,Savonranta,Finland/Savo-Karelia,Finnish,su,5,Maaria,5,1.0,1,-0.0,Maaria (5)
1,Mary / Maria / Maarja / Mari,Soanlahti,East Karelia/Veps/Tver,Finnish,su,5,Maria,5,1.0,1,-0.0,Maria (5)
1,Mary / Maria / Maarja / Mari,Terijoki,Finland/Savo-Karelia,Finnish,su,5,Mari,4,0.8,2,0.5004,Mari (4); Other (1)
1,Mary / Maria / Maarja / Mari,Yläne,Finland/Savo-Karelia,Finnish,su,5,Maija,4,0.8,2,0.5004,Maija (4); Other (1)
1,Mary / Maria / Maarja / Mari,Alavus,Finland/Savo-Karelia,Finnish,su,4,Maija,3,0.75,2,0.5623,Maija (3); Maria (1)
1,Mary / Maria / Maarja / Mari,Hailuoto,Finland/Savo-Karelia,Finnish,su,4,Maaria,2,0.5,3,1.0397,Maaria (2); Maria (1); Other (1)
1,Mary / Maria / Maarja / Mari,Hanila,Estonia core/west,North Estonian,viP,4,Mari,2,0.5,3,1.0397,Mari (2); Maarja (1); Maria (1)
1,Mary / Maria / Maarja / Mari,Hyvinkää,Finland/Savo-Karelia,Finnish,su,4,Maija,3,0.75,2,0.5623,Maija (3); Maaria (1)
1,Mary / Maria / Maarja / Mari,Juuka,Finland/Savo-Karelia,Finnish,su,4,Maria,3,0.75,2,0.5623,Maria (3); Maaria (1)
1,Mary / Maria / Maarja / Mari,Kattila,Ingria,Votic,su,4,Maria,3,0.75,2,0.5623,Maria (3); Maaria (1)
1,Mary / Maria / Maarja / Mari,Kemijärvi,Finland/Savo-Karelia,Finnish,su,4,Maija,3,0.75,2,0.5623,Maija (3); Other (1)
1,Mary / Maria / Maarja / Mari,Kesälahti,Finland/Savo-Karelia,Finnish,su,4,Maaria,4,1.0,1,-0.0,Maaria (4)
1,Mary / Maria / Maarja / Mari,Kiihtelysvaara,Finland/Savo-Karelia,Finnish,su,4,Maaria,2,0.5,3,1.0397,Maaria (2); Maria (1); Other (1)
1,Mary / Maria / Maarja / Mari,Kivijärvi,Finland/Savo-Karelia,Finnish,su,4,Maria,3,0.75,2,0.5623,Maria (3); Maaria (1)
1,Mary / Maria / Maarja / Mari,Kuhmoinen,Finland/Savo-Karelia,Finnish,su,4,Maria,2,0.5,3,1.0397,Maria (2); Maaria (1); Other (1)
1,Mary / Maria / Maarja / Mari,Kuopio,Finland/Savo-Karelia,Finnish,su,4,Maria,4,1.0,1,-0.0,Maria (4)
1,Mary / Maria / Maarja / Mari,Lappee,Finland/Savo-Karelia,Finnish,su,4,Maria,3,0.75,2,0.5623,Maria (3); Mari (1)
1,Mary / Maria / Maarja / Mari,Lieto,Finland/Savo-Karelia,Finnish,su,4,Maija,3,0.75,2,0.5623,Maija (3); Other (1)
1,Mary / Maria / Maarja / Mari,Mäntsälä,Finland/Savo-Karelia,Finnish,su,4,Other,3,0.75,2,0.5623,Other (3); Maija (1)
1,Mary / Maria / Maarja / Mari,Orimattila,Finland/Savo-Karelia,Finnish,su,4,Maaria,2,0.5,3,1.0397,Maaria (2); Maija (1); Maria (1)
1,Mary / Maria / Maarja / Mari,Oulu,Finland/Savo-Karelia,Finnish,su,4,Maria,2,0.5,3,1.0397,Maria (2); Maaria (1); Maija (1)
1,Mary / Maria / Maarja / Mari,Paattinen,Finland/Savo-Karelia,Finnish,su,4,Maija,4,1.0,1,-0.0,Maija (4)
1,Mary / Maria / Maarja / Mari,Parkano,Finland/Savo-Karelia,Finnish,su,4,Maria,3,0.75,2,0.5623,Maria (3); Maaria (1)
1,Mary / Maria / Maarja / Mari,Puolanka,Finland/Savo-Karelia,Finnish,su,4,Maaria,2,0.5,3,1.0397,Maaria (2); Maria (1); Other (1)
1,Mary / Maria / Maarja / Mari,Pyhäjärvi Vpl.,Finland/Savo-Karelia,Finnish,su,4,Maija,2,0.5,3,1.0397,Maija (2); Maria (1); Other (1)
1,Mary / Maria / Maarja / Mari,Pühalepa,Estonia core/west,North Estonian,viP,4,Mari,2,0.5,2,0.6931,Mari (2); Other (2)
1,Mary / Maria / Maarja / Mari,Rapla,Estonia core/west,North Estonian,viP,4,Mari,3,0.75,2,0.5623,Mari (3); Other (1)
1,Mary / Maria / Maarja / Mari,Sodankylä,Finland/Savo-Karelia,Finnish,su,4,Maria,2,0.5,2,0.6931,Maria (2); Other (2)
1,Mary / Maria / Maarja / Mari,Suomussalmi,Finland/Savo-Karelia,Finnish,su,4,Other,2,0.5,3,1.0397,Other (2); Maaria (1); Maria (1)
1,Mary / Maria / Maarja / Mari,Tervola,Finland/Savo-Karelia,Finnish,su,4,Maria,3,0.75,2,0.5623,Maria (3); Maija (1)
1,Mary / Maria / Maarja / Mari,Teuva,Finland/Savo-Karelia,Finnish,su,4,Maija,3,0.75,2,0.5623,Maija (3); Maria (1)
1,Mary / Maria / Maarja / Mari,Tuupovaara,Finland/Savo-Karelia,Finnish,su,4,Maria,3,0.75,2,0.5623,Maria (3); Maaria (1)
1,Mary / Maria / Maarja / Mari,Vanaja,Finland/Savo-Karelia,Finnish,su,4,Maaria,3,0.75,2,0.5623,Maaria (3); Maija (1)
1,Mary / Maria / Maarja / Mari,Vesilahti,Finland/Savo-Karelia,Finnish,su,4,Maija,3,0.75,2,0.5623,Maija (3); Other (1)
1,Mary / Maria / Maarja / Mari,Virrat,Finland/Savo-Karelia,Finnish,su,4,Other,2,0.5,3,1.0397,Other (2); Maija (1); Maria (1)
1,Mary / Maria / Maarja / Mari,Hargla,South Estonia/Seto,South Estonian,viE,3,Mari,3,1.0,1,-0.0,Mari (3)
1,Mary / Maria / Maarja / Mari,Harju-Madise,Estonia core/west,North Estonian,viP,3,Mari,2,0.6666666666666666,2,0.6365,Mari (2); Other (1)
1,Mary / Maria / Maarja / Mari,Hietamäki,Ingria,Finnish,su,3,Other,2,0.6666666666666666,2,0.6365,Other (2); Maija (1)
1,Mary / Maria / Maarja / Mari,Hämeenkyrö,Finland/Savo-Karelia,Finnish,su,3,Maija,3,1.0,1,-0.0,Maija (3)
1,Mary / Maria / Maarja / Mari,Isojoki,Finland/Savo-Karelia,Finnish,su,3,Maria,3,1.0,1,-0.0,Maria (3)
1,Mary / Maria / Maarja / Mari,Joroinen,Finland/Savo-Karelia,Finnish,su,3,Maria,2,0.6666666666666666,2,0.6365,Maria (2); Maaria (1)
1,Mary / Maria / Maarja / Mari,Joutsa,Finland/Savo-Karelia,Finnish,su,3,Maria,3,1.0,1,-0.0,Maria (3)
1,Mary / Maria / Maarja / Mari,Järva-Madise,Estonia core/west,North Estonian,viP,3,Maie,1,0.3333333333333333,3,1.0986,Maie (1); Mari (1); Other (1)
1,Mary / Maria / Maarja / Mari,Kalvola,Finland/Savo-Karelia,Finnish,su,3,Maria,2,0.6666666666666666,2,0.6365,Maria (2); Maija (1)
1,Mary / Maria / Maarja / Mari,Karuna,Finland/Savo-Karelia,Finnish,su,3,Maija,3,1.0,1,-0.0,Maija (3)
1,Mary / Maria / Maarja / Mari,Kauvatsa,Finland/Savo-Karelia,Finnish,su,3,Maija,3,1.0,1,-0.0,Maija (3)
1,Mary / Maria / Maarja / Mari,Laitila,Finland/Savo-Karelia,Finnish,su,3,Mari,2,0.6666666666666666,2,0.6365,Mari (2); Maija (1)
1,Mary / Maria / Maarja / Mari,Lammi,Finland/Savo-Karelia,Finnish,su,3,Maija,2,0.6666666666666666,2,0.6365,Maija (2); Other (1)
1,Mary / Maria / Maarja / Mari,Lapväärtti,Finland/Savo-Karelia,Outside selected Finnic areas,ru,3,Maria,2,0.6666666666666666,2,0.6365,Maria (2); Other (1)
1,Mary / Maria / Maarja / Mari,Lemi,Finland/Savo-Karelia,Finnish,su,3,Maija,1,0.3333333333333333,3,1.0986,Maija (1); Maria (1); Other (1)
1,Mary / Maria / Maarja / Mari,Luhanka,Finland/Savo-Karelia,Finnish,su,3,Maaria,1,0.3333333333333333,3,1.0986,Maaria (1); Maija (1); Maria (1)
1,Mary / Maria / Maarja / Mari,Martna,Estonia core/west,North Estonian,viP,3,Mari,2,0.6666666666666666,2,0.6365,Mari (2); Other (1)
1,Mary / Maria / Maarja / Mari,Miikkulainen,Ingria,Finnish,su,3,Mari,2,0.6666666666666666,2,0.6365,Mari (2); Maaria (1)
1,Mary / Maria / Maarja / Mari,Nilsiä,Finland/Savo-Karelia,Finnish,su,3,Other,3,1.0,1,-0.0,Other (3)
1,Mary / Maria / Maarja / Mari,Nivala,Finland/Savo-Karelia,Finnish,su,3,Other,3,1.0,1,-0.0,Other (3)
1,Mary / Maria / Maarja / Mari,Nousiainen,Finland/Savo-Karelia,Finnish,su,3,Maija,2,0.6666666666666666,2,0.6365,Maija (2); Maria (1)
1,Mary / Maria / Maarja / Mari,Pertteli,Finland/Savo-Karelia,Finnish,su,3,Maija,2,0.6666666666666666,2,0.6365,Maija (2); Other (1)
1,Mary / Maria / Maarja / Mari,Piikkiö,Finland/Savo-Karelia,Finnish,su,3,Maija,2,0.6666666666666666,2,0.6365,Maija (2); Other (1)
1,Mary / Maria / Maarja / Mari,Punkalaidun,Finland/Savo-Karelia,Finnish,su,3,Maaria,2,0.6666666666666666,2,0.6365,Maaria (2); Maija (1)
1,Mary / Maria / Maarja / Mari,Puumala,Finland/Savo-Karelia,Finnish,su,3,Maria,3,1.0,1,-0.0,Maria (3)
1,Mary / Maria / Maarja / Mari,Rakvere,Estonia core/west,North Estonian,viP,3,Mari,2,0.6666666666666666,2,0.6365,Mari (2); Other (1)
1,Mary / Maria / Maarja / Mari,Renko,Finland/Savo-Karelia,Finnish,su,3,Maria,3,1.0,1,-0.0,Maria (3)
1,Mary / Maria / Maarja / Mari,Ruovesi,Finland/Savo-Karelia,Finnish,su,3,Maija,2,0.6666666666666666,2,0.6365,Maija (2); Other (1)
1,Mary / Maria / Maarja / Mari,Rymättylä,Finland/Savo-Karelia,Finnish,su,3,Maaria,2,0.6666666666666666,2,0.6365,Maaria (2); Other (1)
1,Mary / Maria / Maarja / Mari,Räisälä,Finland/Savo-Karelia,Finnish,su,3,Other,2,0.6666666666666666,2,0.6365,Other (2); Mari (1)
1,Mary / Maria / Maarja / Mari,Sahalahti,Finland/Savo-Karelia,Finnish,su,3,Maria,3,1.0,1,-0.0,Maria (3)
1,Mary / Maria / Maarja / Mari,Sauvo,Finland/Savo-Karelia,Finnish,su,3,Other,3,1.0,1,-0.0,Other (3)
1,Mary / Maria / Maarja / Mari,Savitaipale,Finland/Savo-Karelia,Finnish,su,3,Maria,2,0.6666666666666666,2,0.6365,Maria (2); Maija (1)
1,Mary / Maria / Maarja / Mari,Simo,Finland/Savo-Karelia,Finnish,su,3,Maija,2,0.6666666666666666,2,0.6365,Maija (2); Maria (1)
1,Mary / Maria / Maarja / Mari,Somerniemi,Finland/Savo-Karelia,Finnish,su,3,Maaria,1,0.3333333333333333,3,1.0986,Maaria (1); Maija (1); Maria (1)
1,Mary / Maria / Maarja / Mari,Urjala,Finland/Savo-Karelia,Finnish,su,3,Maria,3,1.0,1,-0.0,Maria (3)
1,Mary / Maria / Maarja / Mari,Vahto,Finland/Savo-Karelia,Finnish,su,3,Maija,2,0.6666666666666666,2,0.6365,Maija (2); Other (1)
1,Mary / Maria / Maarja / Mari,Varpaisjärvi,Finland/Savo-Karelia,Finnish,su,3,Maria,2,0.6666666666666666,2,0.6365,Maria (2); Maaria (1)
1,Mary / Maria / Maarja / Mari,Vihanti,Finland/Savo-Karelia,Finnish,su,3,Maria,2,0.6666666666666666,2,0.6365,Maria (2); Maija (1)
1,Mary / Maria / Maarja / Mari,Vimpeli,Finland/Savo-Karelia,Finnish,su,3,Other,2,0.6666666666666666,2,0.6365,Other (2); Maija (1)
1,Mary / Maria / Maarja / Mari,Virtasalmi,Finland/Savo-Karelia,Finnish,su,3,Mari,1,0.3333333333333333,3,1.0986,Mari (1); Maria (1); Other (1)
1,Mary / Maria / Maarja / Mari,Ylikiiminki,Finland/Savo-Karelia,Finnish,su,3,Maria,2,0.6666666666666666,2,0.6365,Maria (2); Other (1)
1,Mary / Maria / Maarja / Mari,Alastaro,Finland/Savo-Karelia,Finnish,su,2,Maija,2,1.0,1,-0.0,Maija (2)
1,Mary / Maria / Maarja / Mari,Brandval,Finland/Savo-Karelia,Finnish,su,2,Maria,2,1.0,1,-0.0,Maria (2)
1,Mary / Maria / Maarja / Mari,Eno,Finland/Savo-Karelia,Finnish,su,2,Mari,2,1.0,1,-0.0,Mari (2)
1,Mary / Maria / Maarja / Mari,Eräjärvi,Finland/Savo-Karelia,Finnish,su,2,Maija,1,0.5,2,0.6931,Maija (1); Maria (1)
1,Mary / Maria / Maarja / Mari,Evijärvi,Finland/Savo-Karelia,Finnish,su,2,Maija,1,0.5,2,0.6931,Maija (1); Other (1)
1,Mary / Maria / Maarja / Mari,Harlu,East Karelia/Veps/Tver,Finnish,su,2,Maria,2,1.0,1,-0.0,Maria (2)
1,Mary / Maria / Maarja / Mari,Ilmajoki,Finland/Savo-Karelia,Finnish,su,2,Maria,2,1.0,1,-0.0,Maria (2)
1,Mary / Maria / Maarja / Mari,Jalasjärvi,Finland/Savo-Karelia,Finnish,su,2,Maria,2,1.0,1,-0.0,Maria (2)
1,Mary / Maria / Maarja / Mari,Juuru,Estonia core/west,North Estonian,viP,2,Maarja,1,0.5,2,0.6931,Maarja (1); Mari (1)
1,Mary / Maria / Maarja / Mari,Jällivaara,Finland/Savo-Karelia,Tornedalen Finnish,su,2,Maria,2,1.0,1,-0.0,Maria (2)
1,Mary / Maria / Maarja / Mari,Kambja,Estonia core/west,South Estonian,viE,2,Maarja,1,0.5,2,0.6931,Maarja (1); Other (1)
1,Mary / Maria / Maarja / Mari,Karvia,Finland/Savo-Karelia,Finnish,su,2,Maija,1,0.5,2,0.6931,Maija (1); Other (1)
1,Mary / Maria / Maarja / Mari,Kauhajoki,Finland/Savo-Karelia,Finnish,su,2,Maija,1,0.5,2,0.6931,Maija (1); Maria (1)
1,Mary / Maria / Maarja / Mari,Kaustinen,Finland/Savo-Karelia,Finnish,su,2,Maija,1,0.5,2,0.6931,Maija (1); Maria (1)
1,Mary / Maria / Maarja / Mari,Keltto,Ingria,Finnish,su,2,Maria,2,1.0,1,-0.0,Maria (2)
1,Mary / Maria / Maarja / Mari,Kemi,Finland/Savo-Karelia,Finnish,su,2,Maija,2,1.0,1,-0.0,Maija (2)
1,Mary / Maria / Maarja / Mari,Kerimäki,Finland/Savo-Karelia,Finnish,su,2,Maria,2,1.0,1,-0.0,Maria (2)
1,Mary / Maria / Maarja / Mari,Kestilä,Finland/Savo-Karelia,Finnish,su,2,Maria,1,0.5,2,0.6931,Maria (1); Other (1)
1,Mary / Maria / Maarja / Mari,Kiestinki,East Karelia/Veps/Tver,Karelian Proper,ka,2,Maria,2,1.0,1,-0.0,Maria (2)
1,Mary / Maria / Maarja / Mari,Kihelkonna,Estonia core/west,North Estonian,viP,2,Mari,1,0.5,2,0.6931,Mari (1); Maria (1)
1,Mary / Maria / Maarja / Mari,Kiimaisjärvi,East Karelia/Veps/Tver,Karelian Proper,ka,2,Maaria,1,0.5,2,0.6931,Maaria (1); Maria (1)
1,Mary / Maria / Maarja / Mari,Kittilä,Finland/Savo-Karelia,Finnish,su,2,Maija,1,0.5,2,0.6931,Maija (1); Maria (1)
1,Mary / Maria / Maarja / Mari,Kokemäki,Finland/Savo-Karelia,Finnish,su,2,Maija,1,0.5,2,0.6931,Maija (1); Other (1)
1,Mary / Maria / Maarja / Mari,Kokkola,Finland/Savo-Karelia,Outside selected Finnic areas,ru,2,Maaria,2,1.0,1,-0.0,Maaria (2)
1,Mary / Maria / Maarja / Mari,Koski Hl.,Finland/Savo-Karelia,Finnish,su,2,Maija,2,1.0,1,-0.0,Maija (2)
1,Mary / Maria / Maarja / Mari,Kuorevesi,Finland/Savo-Karelia,Finnish,su,2,Maija,1,0.5,2,0.6931,Maija (1); Maria (1)
1,Mary / Maria / Maarja / Mari,Kupanitsa,Ingria,Finnish,su,2,Mari,1,0.5,2,0.6931,Mari (1); Maria (1)
1,Mary / Maria / Maarja / Mari,Kuusjoki,Finland/Savo-Karelia,Finnish,su,2,Maija,2,1.0,1,-0.0,Maija (2)
1,Mary / Maria / Maarja / Mari,Kärsämäki,Finland/Savo-Karelia,Finnish,su,2,Other,2,1.0,1,-0.0,Other (2)
1,Mary / Maria / Maarja / Mari,Lavansaari,Finland/Savo-Karelia,Finnish,su,2,Mari,2,1.0,1,-0.0,Mari (2)
1,Mary / Maria / Maarja / Mari,Lohtaja,Finland/Savo-Karelia,Finnish,su,2,Maija,2,1.0,1,-0.0,Maija (2)
1,Mary / Maria / Maarja / Mari,Lääne-Nigula,Estonia core/west,North Estonian,viP,2,Maarja,1,0.5,2,0.6931,Maarja (1); Mari (1)
1,Mary / Maria / Maarja / Mari,Maaninka,Finland/Savo-Karelia,Finnish,su,2,Maija,2,1.0,1,-0.0,Maija (2)
1,Mary / Maria / Maarja / Mari,Merikarvia,Finland/Savo-Karelia,Outside selected Finnic areas,ru,2,Maija,1,0.5,2,0.6931,Maija (1); Maria (1)
1,Mary / Maria / Maarja / Mari,Mustjala,Estonia core/west,North Estonian,viP,2,Mari,2,1.0,1,-0.0,Mari (2)
1,Mary / Maria / Maarja / Mari,Nissi,Estonia core/west,North Estonian,viP,2,Mari,2,1.0,1,-0.0,Mari (2)
1,Mary / Maria / Maarja / Mari,Norra Finnskoga,Finland/Savo-Karelia,Finnish,su,2,Maria,2,1.0,1,-0.0,Maria (2)
1,Mary / Maria / Maarja / Mari,Nõo,Estonia core/west,South Estonian,viE,2,Mari,2,1.0,1,-0.0,Mari (2)
1,Mary / Maria / Maarja / Mari,Padasjoki,Finland/Savo-Karelia,Finnish,su,2,Maaria,1,0.5,2,0.6931,Maaria (1); Other (1)
1,Mary / Maria / Maarja / Mari,Perho,Finland/Savo-Karelia,Finnish,su,2,Other,2,1.0,1,-0.0,Other (2)
1,Mary / Maria / Maarja / Mari,Perniö,Finland/Savo-Karelia,Finnish,su,2,Maaria,1,0.5,2,0.6931,Maaria (1); Maria (1)
1,Mary / Maria / Maarja / Mari,Pihlajavesi,Finland/Savo-Karelia,Finnish,su,2,Maija,1,0.5,2,0.6931,Maija (1); Other (1)
1,Mary / Maria / Maarja / Mari,Pylkönmäki,Finland/Savo-Karelia,Finnish,su,2,Maija,2,1.0,1,-0.0,Maija (2)
1,Mary / Maria / Maarja / Mari,Pälkäne,Finland/Savo-Karelia,Finnish,su,2,Maija,2,1.0,1,-0.0,Maija (2)
1,Mary / Maria / Maarja / Mari,Raahe,Finland/Savo-Karelia,Finnish,su,2,Maija,2,1.0,1,-0.0,Maija (2)
1,Mary / Maria / Maarja / Mari,Rauma,Finland/Savo-Karelia,Finnish,su,2,Maija,2,1.0,1,-0.0,Maija (2)
1,Mary / Maria / Maarja / Mari,Rautalampi,Finland/Savo-Karelia,Finnish,su,2,Maaria,1,0.5,2,0.6931,Maaria (1); Maija (1)
1,Mary / Maria / Maarja / Mari,Rautavaara,Finland/Savo-Karelia,Finnish,su,2,Maaria,2,1.0,1,-0.0,Maaria (2)
1,Mary / Maria / Maarja / Mari,Ruotsin Ylitornio,Finland/Savo-Karelia,Tornedalen Finnish,su,2,Maria,2,1.0,1,-0.0,Maria (2)
1,Mary / Maria / Maarja / Mari,Ruskeala,East Karelia/Veps/Tver,Finnish,su,2,Maaria,1,0.5,2,0.6931,Maaria (1); Maria (1)
1,Mary / Maria / Maarja / Mari,Rääkkylä,Finland/Savo-Karelia,Finnish,su,2,Maaria,1,0.5,2,0.6931,Maaria (1); Other (1)
1,Mary / Maria / Maarja / Mari,Sakkola,Finland/Savo-Karelia,Finnish,su,2,Mari,1,0.5,2,0.6931,Mari (1); Other (1)
1,Mary / Maria / Maarja / Mari,Salo,Finland/Savo-Karelia,Finnish,su,2,Maija,1,0.5,2,0.6931,Maija (1); Maria (1)
1,Mary / Maria / Maarja / Mari,Seiskari,Finland/Savo-Karelia,Finnish,su,2,Mari,2,1.0,1,-0.0,Mari (2)
1,Mary / Maria / Maarja / Mari,Soutjärvi,East Karelia/Veps/Tver,Veps,ve,2,Maria,2,1.0,1,-0.0,Maria (2)
1,Mary / Maria / Maarja / Mari,Suonenjoki,Finland/Savo-Karelia,Finnish,su,2,Maaria,2,1.0,1,-0.0,Maaria (2)
1,Mary / Maria / Maarja / Mari,Säämäjärvi,East Karelia/Veps/Tver,Livvi-Karelian,ka,2,Maaria,2,1.0,1,-0.0,Maaria (2)
1,Mary / Maria / Maarja / Mari,Södra Finnskoga,Finland/Savo-Karelia,Finnish,su,2,Maaria,1,0.5,2,0.6931,Maaria (1); Maria (1)
1,Mary / Maria / Maarja / Mari,Taipalsaari,Finland/Savo-Karelia,Finnish,su,2,Maaria,2,1.0,1,-0.0,Maaria (2)
1,Mary / Maria / Maarja / Mari,Turku,Finland/Savo-Karelia,Finnish,su,2,Maaria,2,1.0,1,-0.0,Maaria (2)
1,Mary / Maria / Maarja / Mari,Turtola,Finland/Savo-Karelia,Finnish,su,2,Maija,1,0.5,2,0.6931,Maija (1); Maria (1)
1,Mary / Maria / Maarja / Mari,Tuulos,Finland/Savo-Karelia,Finnish,su,2,Maaria,2,1.0,1,-0.0,Maaria (2)
1,Mary / Maria / Maarja / Mari,Tuusniemi,Finland/Savo-Karelia,Finnish,su,2,Maija,2,1.0,1,-0.0,Maija (2)
1,Mary / Maria / Maarja / Mari,Tyrväntö,Finland/Savo-Karelia,Finnish,su,2,Maria,2,1.0,1,-0.0,Maria (2)
1,Mary / Maria / Maarja / Mari,Uusikirkko Tl.,Finland/Savo-Karelia,Finnish,su,2,Maija,2,1.0,1,-0.0,Maija (2)
1,Mary / Maria / Maarja / Mari,Valkeasaari,Ingria,Finnish,su,2,Mari,1,0.5,2,0.6931,Mari (1); Maria (1)
1,Mary / Maria / Maarja / Mari,Viitasaari,Finland/Savo-Karelia,Finnish,su,2,Maija,1,0.5,2,0.6931,Maija (1); Maria (1)
1,Mary / Maria / Maarja / Mari,Elimäki,Finland/Savo-Karelia,Finnish,su,1,Other,1,1.0,1,-0.0,Other (1)
1,Mary / Maria / Maarja / Mari,Emmaste,Estonia core/west,North Estonian,viP,1,Maarja,1,1.0,1,-0.0,Maarja (1)
1,Mary / Maria / Maarja / Mari,Enontekiö,Finland/Savo-Karelia,Finnish,su,1,Maija,1,1.0,1,-0.0,Maija (1)
1,Mary / Maria / Maarja / Mari,Eura,Finland/Savo-Karelia,Finnish,su,1,Other,1,1.0,1,-0.0,Other (1)
1,Mary / Maria / Maarja / Mari,Forssa,Finland/Savo-Karelia,Finnish,su,1,Maaria,1,1.0,1,-0.0,Maaria (1)
1,Mary / Maria / Maarja / Mari,Grue Finnskog,Finland/Savo-Karelia,Finnish,su,1,Maria,1,1.0,1,-0.0,Maria (1)
1,Mary / Maria / Maarja / Mari,Halsua,Finland/Savo-Karelia,Finnish,su,1,Other,1,1.0,1,-0.0,Other (1)
1,Mary / Maria / Maarja / Mari,Hartola,Finland/Savo-Karelia,Finnish,su,1,Other,1,1.0,1,-0.0,Other (1)
1,Mary / Maria / Maarja / Mari,Haukivuori,Finland/Savo-Karelia,Finnish,su,1,Maria,1,1.0,1,-0.0,Maria (1)
1,Mary / Maria / Maarja / Mari,Heinjoki,Finland/Savo-Karelia,Finnish,su,1,Mari,1,1.0,1,-0.0,Mari (1)
1,Mary / Maria / Maarja / Mari,Hiitola,Finland/Savo-Karelia,Finnish,su,1,Maaria,1,1.0,1,-0.0,Maaria (1)
1,Mary / Maria / Maarja / Mari,Hirvensalmi,Finland/Savo-Karelia,Finnish,su,1,Maria,1,1.0,1,-0.0,Maria (1)
1,Mary / Maria / Maarja / Mari,Iitti,Finland/Savo-Karelia,Finnish,su,1,Maija,1,1.0,1,-0.0,Maija (1)
1,Mary / Maria / Maarja / Mari,Inkere,Ingria,Finnish,su,1,Mari,1,1.0,1,-0.0,Mari (1)
1,Mary / Maria / Maarja / Mari,Jaakkima,Finland/Savo-Karelia,Finnish,su,1,Other,1,1.0,1,-0.0,Other (1)
1,Mary / Maria / Maarja / Mari,Joensuu,Finland/Savo-Karelia,Finnish,su,1,Other,1,1.0,1,-0.0,Other (1)
1,Mary / Maria / Maarja / Mari,Jurva,Finland/Savo-Karelia,Finnish,su,1,Maria,1,1.0,1,-0.0,Maria (1)
1,Mary / Maria / Maarja / Mari,Jämaja,Estonia core/west,North Estonian,viP,1,Mari,1,1.0,1,-0.0,Mari (1)
1,Mary / Maria / Maarja / Mari,Jämijärvi,Finland/Savo-Karelia,Finnish,su,1,Maria,1,1.0,1,-0.0,Maria (1)
1,Mary / Maria / Maarja / Mari,Jämsä,Finland/Savo-Karelia,Finnish,su,1,Maria,1,1.0,1,-0.0,Maria (1)
1,Mary / Maria / Maarja / Mari,Jäppilä,Finland/Savo-Karelia,Finnish,su,1,Maija,1,1.0,1,-0.0,Maija (1)
1,Mary / Maria / Maarja / Mari,Jääski,Finland/Savo-Karelia,Finnish,su,1,Maija,1,1.0,1,-0.0,Maija (1)
1,Mary / Maria / Maarja / Mari,Kaarma,Estonia core/west,North Estonian,viP,1,Maarja,1,1.0,1,-0.0,Maarja (1)
1,Mary / Maria / Maarja / Mari,Karinainen,Finland/Savo-Karelia,Finnish,su,1,Maija,1,1.0,1,-0.0,Maija (1)
1,Mary / Maria / Maarja / Mari,Karja,Estonia core/west,North Estonian,viP,1,Maarja,1,1.0,1,-0.0,Maarja (1)
1,Mary / Maria / Maarja / Mari,Karkku,Finland/Savo-Karelia,Finnish,su,1,Other,1,1.0,1,-0.0,Other (1)
1,Mary / Maria / Maarja / Mari,Karunki,Finland/Savo-Karelia,Finnish,su,1,Maija,1,1.0,1,-0.0,Maija (1)
1,Mary / Maria / Maarja / Mari,Kaukola,Finland/Savo-Karelia,Finnish,su,1,Maija,1,1.0,1,-0.0,Maija (1)
1,Mary / Maria / Maarja / Mari,Korpilahti,Finland/Savo-Karelia,Finnish,su,1,Maija,1,1.0,1,-0.0,Maija (1)
1,Mary / Maria / Maarja / Mari,Koskenpää,Finland/Savo-Karelia,Finnish,su,1,Other,1,1.0,1,-0.0,Other (1)
1,Mary / Maria / Maarja / Mari,Kuolemajärvi,Finland/Savo-Karelia,Finnish,su,1,Maria,1,1.0,1,-0.0,Maria (1)
1,Mary / Maria / Maarja / Mari,Kuortane,Finland/Savo-Karelia,Finnish,su,1,Maija,1,1.0,1,-0.0,Maija (1)
1,Mary / Maria / Maarja / Mari,Kuujärvi,East Karelia/Veps/Tver,Ludian,ly,1,Mari,1,1.0,1,-0.0,Mari (1)
1,Mary / Maria / Maarja / Mari,Kuusjärvi,Finland/Savo-Karelia,Finnish,su,1,Maria,1,1.0,1,-0.0,Maria (1)
1,Mary / Maria / Maarja / Mari,Kymi,Finland/Savo-Karelia,Finnish,su,1,Maija,1,1.0,1,-0.0,Maija (1)
1,Mary / Maria / Maarja / Mari,Käina,Estonia core/west,North Estonian,viP,1,Maarja,1,1.0,1,-0.0,Maarja (1)
1,Mary / Maria / Maarja / Mari,Kärkölä,Finland/Savo-Karelia,Finnish,su,1,Other,1,1.0,1,-0.0,Other (1)
1,Mary / Maria / Maarja / Mari,Kärla,Estonia core/west,North Estonian,viP,1,Mari,1,1.0,1,-0.0,Mari (1)
1,Mary / Maria / Maarja / Mari,Lapua,Finland/Savo-Karelia,Finnish,su,1,Maija,1,1.0,1,-0.0,Maija (1)
1,Mary / Maria / Maarja / Mari,Lihula,Estonia core/west,North Estonian,viP,1,Mari,1,1.0,1,-0.0,Mari (1)
1,Mary / Maria / Maarja / Mari,Lumivaara,Finland/Savo-Karelia,Finnish,su,1,Maaria,1,1.0,1,-0.0,Maaria (1)
1,Mary / Maria / Maarja / Mari,Luopioinen,Finland/Savo-Karelia,Finnish,su,1,Maaria,1,1.0,1,-0.0,Maaria (1)
1,Mary / Maria / Maarja / Mari,Masku,Finland/Savo-Karelia,Finnish,su,1,Maria,1,1.0,1,-0.0,Maria (1)
1,Mary / Maria / Maarja / Mari,Mietoinen,Finland/Savo-Karelia,Finnish,su,1,Maija,1,1.0,1,-0.0,Maija (1)
1,Mary / Maria / Maarja / Mari,Multia,Finland/Savo-Karelia,Finnish,su,1,Maria,1,1.0,1,-0.0,Maria (1)
1,Mary / Maria / Maarja / Mari,Muuruvesi,Finland/Savo-Karelia,Finnish,su,1,Maria,1,1.0,1,-0.0,Maria (1)
1,Mary / Maria / Maarja / Mari,Mynämäki,Finland/Savo-Karelia,Finnish,su,1,Maija,1,1.0,1,-0.0,Maija (1)
1,Mary / Maria / Maarja / Mari,Nakkila,Finland/Savo-Karelia,Finnish,su,1,Maaria,1,1.0,1,-0.0,Maaria (1)
1,Mary / Maria / Maarja / Mari,Nyskoga,Finland/Savo-Karelia,Finnish,su,1,Other,1,1.0,1,-0.0,Other (1)
1,Mary / Maria / Maarja / Mari,Oravainen,Finland/Savo-Karelia,Finnish,su,1,Maria,1,1.0,1,-0.0,Maria (1)
1,Mary / Maria / Maarja / Mari,Paavola,Finland/Savo-Karelia,Finnish,su,1,Maija,1,1.0,1,-0.0,Maija (1)
1,Mary / Maria / Maarja / Mari,Pistojärvi,East Karelia/Veps/Tver,Karelian Proper,ka,1,Maria,1,1.0,1,-0.0,Maria (1)
1,Mary / Maria / Maarja / Mari,Polvijärvi,Finland/Savo-Karelia,Finnish,su,1,Maija,1,1.0,1,-0.0,Maija (1)
1,Mary / Maria / Maarja / Mari,Pomarkku,Finland/Savo-Karelia,Finnish,su,1,Maija,1,1.0,1,-0.0,Maija (1)
1,Mary / Maria / Maarja / Mari,Pori,Finland/Savo-Karelia,Finnish,su,1,Maaria,1,1.0,1,-0.0,Maaria (1)
1,Mary / Maria / Maarja / Mari,Posio,Finland/Savo-Karelia,Finnish,su,1,Maria,1,1.0,1,-0.0,Maria (1)
1,Mary / Maria / Maarja / Mari,Pukkila,Finland/Savo-Karelia,Finnish,su,1,Other,1,1.0,1,-0.0,Other (1)
1,Mary / Maria / Maarja / Mari,Pusula,Finland/Savo-Karelia,Finnish,su,1,Maija,1,1.0,1,-0.0,Maija (1)
1,Mary / Maria / Maarja / Mari,Pyhäjärvi Ol.,Finland/Savo-Karelia,Finnish,su,1,Maaria,1,1.0,1,-0.0,Maaria (1)
1,Mary / Maria / Maarja / Mari,Pyhäselkä,Finland/Savo-Karelia,Finnish,su,1,Maria,1,1.0,1,-0.0,Maria (1)
1,Mary / Maria / Maarja / Mari,Ristijärvi,Finland/Savo-Karelia,Finnish,su,1,Maija,1,1.0,1,-0.0,Maija (1)
1,Mary / Maria / Maarja / Mari,Ropsu,Ingria,Finnish,su,1,Maria,1,1.0,1,-0.0,Maria (1)
1,Mary / Maria / Maarja / Mari,Ruokolahti,Finland/Savo-Karelia,Finnish,su,1,Maija,1,1.0,1,-0.0,Maija (1)
1,Mary / Maria / Maarja / Mari,Ruotsinpyhtää,Finland/Savo-Karelia,Outside selected Finnic areas,ru,1,Maija,1,1.0,1,-0.0,Maija (1)
1,Mary / Maria / Maarja / Mari,Saari,Finland/Savo-Karelia,Finnish,su,1,Maija,1,1.0,1,-0.0,Maija (1)
1,Mary / Maria / Maarja / Mari,Savonlinna,Finland/Savo-Karelia,Finnish,su,1,Maija,1,1.0,1,-0.0,Maija (1)
1,Mary / Maria / Maarja / Mari,Siikainen,Finland/Savo-Karelia,Finnish,su,1,Maria,1,1.0,1,-0.0,Maria (1)
1,Mary / Maria / Maarja / Mari,Siilinjärvi,Finland/Savo-Karelia,Finnish,su,1,Maija,1,1.0,1,-0.0,Maija (1)
1,Mary / Maria / Maarja / Mari,Soini,Finland/Savo-Karelia,Finnish,su,1,Maria,1,1.0,1,-0.0,Maria (1)
1,Mary / Maria / Maarja / Mari,Sonkajärvi,Finland/Savo-Karelia,Finnish,su,1,Maija,1,1.0,1,-0.0,Maija (1)
1,Mary / Maria / Maarja / Mari,Sotkamo,Finland/Savo-Karelia,Finnish,su,1,Maaria,1,1.0,1,-0.0,Maaria (1)
1,Mary / Maria / Maarja / Mari,Sulkava,Finland/Savo-Karelia,Finnish,su,1,Maija,1,1.0,1,-0.0,Maija (1)
1,Mary / Maria / Maarja / Mari,Suomusjärvi,Finland/Savo-Karelia,Finnish,su,1,Maarja,1,1.0,1,-0.0,Maarja (1)
1,Mary / Maria / Maarja / Mari,Säkkijärvi,Finland/Savo-Karelia,Finnish,su,1,Maija,1,1.0,1,-0.0,Maija (1)
1,Mary / Maria / Maarja / Mari,Taivalkoski,Finland/Savo-Karelia,Finnish,su,1,Other,1,1.0,1,-0.0,Other (1)
1,Mary / Maria / Maarja / Mari,Toholampi,Finland/Savo-Karelia,Finnish,su,1,Maija,1,1.0,1,-0.0,Maija (1)
1,Mary / Maria / Maarja / Mari,Tolmačču,East Karelia/Veps/Tver,Karelian Proper,ka,1,Maria,1,1.0,1,-0.0,Maria (1)
1,Mary / Maria / Maarja / Mari,Tuutari,Ingria,Finnish,su,1,Mari,1,1.0,1,-0.0,Mari (1)
1,Mary / Maria / Maarja / Mari,Tyrvää,Finland/Savo-Karelia,Finnish,su,1,Maija,1,1.0,1,-0.0,Maija (1)
1,Mary / Maria / Maarja / Mari,Veteli,Finland/Savo-Karelia,Finnish,su,1,Maija,1,1.0,1,-0.0,Maija (1)
1,Mary / Maria / Maarja / Mari,Vieljärvi,East Karelia/Veps/Tver,Livvi-Karelian,kaA,1,Maria,1,1.0,1,-0.0,Maria (1)
1,Mary / Maria / Maarja / Mari,Viljakkala,Finland/Savo-Karelia,Finnish,su,1,Maija,1,1.0,1,-0.0,Maija (1)
1,Mary / Maria / Maarja / Mari,Vittanki,Finland/Savo-Karelia,Tornedalen Finnish,su,1,Maria,1,1.0,1,-0.0,Maria (1)
1,Mary / Maria / Maarja / Mari,Ylitornio,Finland/Savo-Karelia,Finnish,su,1,Other,1,1.0,1,-0.0,Other (1)
1,Mary / Maria / Maarja / Mari,Östmark,Finland/Savo-Karelia,Finnish,su,1,Maria,1,1.0,1,-0.0,Maria (1)
2,Martin / Mart / Märt,Helme,Estonia core/west,South Estonian,viE,216,Märt,182,0.8425925925925926,5,0.575,Märt (182); Märti (20); mart (12); Mart (1); Other (1)
2,Martin / Mart / Märt,Tarvastu,Estonia core/west,South Estonian,viE,194,Märti,92,0.4742268041237113,4,0.9371,Märti (92); Märt (89); Other (8); märt (5)
2,Martin / Mart / Märt,Torma,Estonia core/west,North Estonian,viP,188,märt,89,0.4734042553191489,4,0.9701,märt (89); mard (80); Mart (18); Other (1)
2,Martin / Mart / Märt,Halliste,Estonia core/west,South Estonian,viE,185,Other,60,0.32432432432432434,6,1.6168,Other (60); Märt (45); Mard (31); märt (25); Märti (18); Mart (6)
2,Martin / Mart / Märt,Suure-Jaani,Estonia core/west,North Estonian,viP,123,mart,65,0.5284552845528455,5,1.2321,mart (65); Märt (26); Mart (22); mard (6); Other (4)
2,Martin / Mart / Märt,Paistu,Estonia core/west,South Estonian,viE,112,Märt,89,0.7946428571428571,4,0.7227,Märt (89); märt (11); Other (7); Mart (5)
2,Martin / Mart / Märt,Urvaste,South Estonia/Seto,South Estonian,viE,81,Märt,65,0.8024691358024691,3,0.6323,Märt (65); Other (9); märt (7)
2,Martin / Mart / Märt,Vändra,Estonia core/west,North Estonian,viP,80,mart,43,0.5375,5,1.191,mart (43); Mart (21); Mard (10); Other (3); mard (3)
2,Martin / Mart / Märt,Karksi,Estonia core/west,South Estonian,viE,79,marti,36,0.45569620253164556,8,1.561,marti (36); Märt (18); mard (7); mart (7); Other (5); märt (4); Mart (1); Märti (1)
2,Martin / Mart / Märt,Haljala,Estonia core/west,North Estonian,viP,75,Mart,39,0.52,4,1.1859,Mart (39); Mard (15); Other (15); mard (6)
2,Martin / Mart / Märt,Saarde,Estonia core/west,North Estonian,viP,70,Mart,34,0.4857142857142857,5,1.2373,Mart (34); mard (22); Märt (6); Other (6); mart (2)
2,Martin / Mart / Märt,Palamuse,Estonia core/west,North Estonian,viP,69,Märt,37,0.5362318840579711,5,1.2264,Märt (37); mart (15); Mard (11); Other (4); Mart (2)
2,Martin / Mart / Märt,Viljandi,Estonia core/west,North Estonian,viP,66,Märt,55,0.8333333333333334,5,0.6228,Märt (55); mart (7); Other (2); Mart (1); mard (1)
2,Martin / Mart / Märt,Väike-Maarja,Estonia core/west,North Estonian,viP,62,Mard,20,0.3225806451612903,6,1.5998,Mard (20); Mart (14); Other (14); Märt (6); mart (6); mard (2)
2,Martin / Mart / Märt,Varbla,Estonia core/west,North Estonian,viP,61,Mart,28,0.45901639344262296,4,1.1007,Mart (28); mart (24); Other (6); Mard (3)
2,Martin / Mart / Märt,Tõstamaa,Estonia core/west,North Estonian,viP,55,marti,19,0.34545454545454546,7,1.6196,marti (19); mart (16); mard (8); Mard (4); Märt (4); Mart (3); Other (1)
2,Martin / Mart / Märt,Rõngu,Estonia core/west,South Estonian,viE,54,Märt,37,0.6851851851851852,3,0.8362,Märt (37); märt (10); Other (7)
2,Martin / Mart / Märt,Pärnu,Estonia core/west,North Estonian,viP,53,mard,33,0.6226415094339622,4,1.044,mard (33); Other (9); mart (8); Mart (3)
2,Martin / Mart / Märt,Tori,Estonia core/west,North Estonian,viP,53,Mart,34,0.6415094339622641,5,1.031,Mart (34); Mard (12); mart (3); Märt (2); mard (2)
2,Martin / Mart / Märt,Ambla,Estonia core/west,North Estonian,viP,51,mart,17,0.3333333333333333,6,1.6211,mart (17); Other (9); Mart (8); Märt (8); mard (8); Mard (1)
2,Martin / Mart / Märt,Karuse,Estonia core/west,North Estonian,viP,48,mart,26,0.5416666666666666,5,1.2572,mart (26); mard (11); Mart (4); Other (4); Mard (3)
2,Martin / Mart / Märt,Viru-Nigula,Estonia core/west,North Estonian,viP,45,Märt,17,0.37777777777777777,5,1.5192,Märt (17); Mart (8); Other (8); Mard (6); mart (6)
2,Martin / Mart / Märt,Pärnu-Jaagupi,Estonia core/west,North Estonian,viP,40,mard,13,0.325,6,1.6211,mard (13); Mard (8); Mart (8); Other (5); mart (5); Märt (1)
2,Martin / Mart / Märt,Äksi,Estonia core/west,North Estonian,viP,40,Märt,25,0.625,3,0.7534,Märt (25); märt (14); Other (1)
2,Martin / Mart / Märt,Pilistvere,Estonia core/west,North Estonian,viP,35,Mart,19,0.5428571428571428,4,1.0848,Mart (19); mart (9); Mard (6); Other (1)
2,Martin / Mart / Märt,Kuusalu,Estonia core/west,North Estonian,viP,31,Mart,26,0.8387096774193549,3,0.5225,Mart (26); Other (4); mard (1)
2,Martin / Mart / Märt,Võnnu,Estonia core/west,South Estonian,viE,31,Märt,30,0.967741935483871,2,0.1425,Märt (30); Other (1)
2,Martin / Mart / Märt,Kodavere,Estonia core/west,North Estonian,viP,30,Märt,13,0.43333333333333335,5,1.254,Märt (13); märt (10); Märti (5); Mart (1); Other (1)
2,Martin / Mart / Märt,Jõhvi,Estonia core/west,North Estonian,viP,28,Mart,21,0.75,3,0.6649,Mart (21); Other (6); mart (1)
2,Martin / Mart / Märt,Audru,Estonia core/west,North Estonian,viP,25,Mart,14,0.56,4,1.1237,Mart (14); märt (6); Other (3); mart (2)
2,Martin / Mart / Märt,Põltsamaa,Estonia core/west,North Estonian,viP,25,Mart,18,0.72,3,0.7605,Mart (18); Other (5); Märt (2)
2,Martin / Mart / Märt,Vigala,Estonia core/west,North Estonian,viP,25,Other,12,0.48,4,1.1594,Other (12); mard (7); mart (5); Märt (1)
2,Martin / Mart / Märt,Viru-Jaagupi,Estonia core/west,North Estonian,viP,25,Other,10,0.4,4,1.2024,Other (10); Mart (8); mart (6); Märt (1)
2,Martin / Mart / Märt,Häädemeeste,Estonia core/west,North Estonian,viP,24,Mard,11,0.4583333333333333,4,1.2227,Mard (11); mart (7); mard (4); Other (2)
2,Martin / Mart / Märt,Järva-Madise,Estonia core/west,North Estonian,viP,24,Mart,13,0.5416666666666666,6,1.3626,Mart (13); mard (4); Other (3); Märt (2); Mard (1); mart (1)
2,Martin / Mart / Märt,Räpina,South Estonia/Seto,South Estonian,viE,23,Märt,13,0.5652173913043478,3,0.9772,Märt (13); Other (6); märt (4)
2,Martin / Mart / Märt,Rapla,Estonia core/west,North Estonian,viP,21,Mart,18,0.8571428571428571,2,0.4101,Mart (18); Other (3)
2,Martin / Mart / Märt,Sangaste,Estonia core/west,South Estonian,viE,18,Märt,16,0.8888888888888888,3,0.4258,Märt (16); Märti (1); Other (1)
2,Martin / Mart / Märt,Mihkli,Estonia core/west,North Estonian,viP,17,mard,7,0.4117647058823529,3,1.0734,mard (7); mart (6); Other (4)
2,Martin / Mart / Märt,Hageri,Estonia core/west,North Estonian,viP,16,mart,11,0.6875,3,0.7775,mart (11); Other (4); Mart (1)
2,Martin / Mart / Märt,Harju-Jaani,Estonia core/west,North Estonian,viP,16,mart,13,0.8125,3,0.6019,mart (13); Mart (2); Other (1)
2,Martin / Mart / Märt,Kolga-Jaani,Estonia core/west,North Estonian,viP,15,Märt,11,0.7333333333333333,3,0.7299,Märt (11); mart (3); Other (1)
2,Martin / Mart / Märt,Laiuse,Estonia core/west,North Estonian,viP,15,Mart,6,0.4,4,1.2351,Mart (6); Mard (5); mart (3); Other (1)
2,Martin / Mart / Märt,Kõpu,Estonia core/west,North Estonian,viP,14,mard,6,0.42857142857142855,5,1.2964,mard (6); Märt (5); Mart (1); Other (1); mart (1)
2,Martin / Mart / Märt,Setumaa,South Estonia/Seto,South Estonian,viE,14,Märt,10,0.7142857142857143,2,0.5983,Märt (10); Other (4)
2,Martin / Mart / Märt,Kambja,Estonia core/west,South Estonian,viE,13,Märt,12,0.9230769230769231,2,0.2712,Märt (12); Other (1)
2,Martin / Mart / Märt,Jõelähtme,Estonia core/west,North Estonian,viP,12,Other,5,0.4166666666666667,5,1.4241,Other (5); mart (3); Mart (2); Mard (1); mard (1)
2,Martin / Mart / Märt,Peetri,Estonia core/west,North Estonian,viP,12,Mart,5,0.4166666666666667,4,1.265,Mart (5); Märt (3); Other (3); mart (1)
2,Martin / Mart / Märt,Ridala,Estonia core/west,North Estonian,viP,12,mard,11,0.9166666666666666,2,0.2868,mard (11); Other (1)
2,Martin / Mart / Märt,Simuna,Estonia core/west,North Estonian,viP,12,Mart,11,0.9166666666666666,2,0.2868,Mart (11); Other (1)
2,Martin / Mart / Märt,Türi,Estonia core/west,North Estonian,viP,12,Mart,6,0.5,4,1.1269,Mart (6); Mard (4); Other (1); mart (1)
2,Martin / Mart / Märt,Iisaku,Estonia core/west,North Estonian,viP,11,Mart,5,0.45454545454545453,3,1.0671,Mart (5); Märt (3); Other (3)
2,Martin / Mart / Märt,Keila,Estonia core/west,North Estonian,viP,11,mart,7,0.6363636363636364,4,1.0336,mart (7); Mart (2); Märt (1); Other (1)
2,Martin / Mart / Märt,Koeru,Estonia core/west,North Estonian,viP,11,Mart,4,0.36363636363636365,4,1.2637,Mart (4); mard (4); Other (2); Märt (1)
2,Martin / Mart / Märt,Lüganuse,Estonia core/west,North Estonian,viP,11,Mard,4,0.36363636363636365,4,1.2637,Mard (4); Märt (4); Mart (2); Other (1)
2,Martin / Mart / Märt,Märjamaa,Estonia core/west,North Estonian,viP,11,mart,5,0.45454545454545453,4,1.2407,mart (5); Mard (3); Mart (2); mard (1)
2,Martin / Mart / Märt,Kose,Estonia core/west,North Estonian,viP,10,Mart,7,0.7,2,0.6109,Mart (7); mard (3)
2,Martin / Mart / Märt,Maarja-Magdaleena,Estonia core/west,North Estonian,viP,10,Märt,7,0.7,2,0.6109,Märt (7); Other (3)
2,Martin / Mart / Märt,Vaivara,Estonia core/west,North Estonian,viP,10,Märt,6,0.6,3,0.8979,Märt (6); Mart (3); Other (1)
2,Martin / Mart / Märt,Kaarma,Estonia core/west,North Estonian,viP,8,Mart,6,0.75,2,0.5623,Mart (6); Märt (2)
2,Martin / Mart / Märt,Kadrina,Estonia core/west,North Estonian,viP,8,Mart,3,0.375,3,1.0822,Mart (3); Other (3); märt (2)
2,Martin / Mart / Märt,Kursi,Estonia core/west,North Estonian,viP,8,Mart,4,0.5,3,0.9743,Mart (4); Other (3); Märt (1)
2,Martin / Mart / Märt,Rannu,Estonia core/west,South Estonian,viE,8,Märt,7,0.875,2,0.3768,Märt (7); Other (1)
2,Martin / Mart / Märt,Hanila,Estonia core/west,North Estonian,viP,7,mart,4,0.5714285714285714,3,0.9557,mart (4); Other (2); Mart (1)
2,Martin / Mart / Märt,Kanepi,South Estonia/Seto,South Estonian,viE,7,Märt,5,0.7142857142857143,3,0.7963,Märt (5); Mard (1); Other (1)
2,Martin / Mart / Märt,Nõo,Estonia core/west,South Estonian,viE,7,märt,4,0.5714285714285714,3,0.9557,märt (4); Märt (2); Other (1)
2,Martin / Mart / Märt,Martna,Estonia core/west,North Estonian,viP,6,Mart,2,0.3333333333333333,3,1.0986,Mart (2); mard (2); mart (2)
2,Martin / Mart / Märt,Põlva,South Estonia/Seto,South Estonian,viE,6,Märt,6,1.0,1,-0.0,Märt (6)
2,Martin / Mart / Märt,Pöide,Estonia core/west,North Estonian,viP,6,Mart,2,0.3333333333333333,3,1.0986,Mart (2); Märt (2); mard (2)
2,Martin / Mart / Märt,Tartu-Maarja,Estonia core/west,South Estonian,viE,6,Märt,3,0.5,2,0.6931,Märt (3); Other (3)
2,Martin / Mart / Märt,Järva-Jaani,Estonia core/west,North Estonian,viP,5,Märt,3,0.6,2,0.673,Märt (3); Mart (2)
2,Martin / Mart / Märt,Kullamaa,Estonia core/west,North Estonian,viP,5,Mart,4,0.8,2,0.5004,Mart (4); Other (1)
2,Martin / Mart / Märt,Anseküla,Estonia core/west,North Estonian,viP,4,Mart,3,0.75,2,0.5623,Mart (3); Other (1)
2,Martin / Mart / Märt,Juuru,Estonia core/west,North Estonian,viP,4,Mart,2,0.5,2,0.6931,Mart (2); Other (2)
2,Martin / Mart / Märt,Mustjala,Estonia core/west,North Estonian,viP,4,Mart,4,1.0,1,-0.0,Mart (4)
2,Martin / Mart / Märt,Narvusi,Ingria,Ingrian,in,4,Other,4,1.0,1,-0.0,Other (4)
2,Martin / Mart / Märt,Paide,Estonia core/west,North Estonian,viP,4,Other,3,0.75,2,0.5623,Other (3); Mart (1)
2,Martin / Mart / Märt,Hargla,South Estonia/Seto,South Estonian,viE,3,Mard,2,0.6666666666666666,2,0.6365,Mard (2); Other (1)
2,Martin / Mart / Märt,Käina,Estonia core/west,North Estonian,viP,3,Mart,3,1.0,1,-0.0,Mart (3)
2,Martin / Mart / Märt,Kärla,Estonia core/west,North Estonian,viP,3,Mart,3,1.0,1,-0.0,Mart (3)
2,Martin / Mart / Märt,Lempaala,Finland/Savo-Karelia,Finnish,su,3,Other,3,1.0,1,-0.0,Other (3)
2,Martin / Mart / Märt,Lääne-Nigula,Estonia core/west,North Estonian,viP,3,Mart,2,0.6666666666666666,2,0.6365,Mart (2); Other (1)
2,Martin / Mart / Märt,Puhja,Estonia core/west,South Estonian,viE,3,Other,3,1.0,1,-0.0,Other (3)
2,Martin / Mart / Märt,Reigi,Estonia core/west,North Estonian,viP,3,Mart,3,1.0,1,-0.0,Mart (3)
2,Martin / Mart / Märt,Risti,Estonia core/west,North Estonian,viP,3,Other,3,1.0,1,-0.0,Other (3)
2,Martin / Mart / Märt,Iisalmi,Finland/Savo-Karelia,Finnish,su,2,Other,2,1.0,1,-0.0,Other (2)
2,Martin / Mart / Märt,Jüri,Estonia core/west,North Estonian,viP,2,Mart,1,0.5,2,0.6931,Mart (1); Other (1)
2,Martin / Mart / Märt,Kiuruvesi,Finland/Savo-Karelia,Finnish,su,2,Other,2,1.0,1,-0.0,Other (2)
2,Martin / Mart / Märt,Kivijärvi,Finland/Savo-Karelia,Finnish,su,2,Other,2,1.0,1,-0.0,Other (2)
2,Martin / Mart / Märt,Nissi,Estonia core/west,North Estonian,viP,2,Mart,2,1.0,1,-0.0,Mart (2)
2,Martin / Mart / Märt,Nurmes,Finland/Savo-Karelia,Finnish,su,2,Other,2,1.0,1,-0.0,Other (2)
2,Martin / Mart / Märt,Pudasjärvi,Finland/Savo-Karelia,Finnish,su,2,Other,2,1.0,1,-0.0,Other (2)
2,Martin / Mart / Märt,Pyhäjärvi Vpl.,Finland/Savo-Karelia,Finnish,su,2,Other,2,1.0,1,-0.0,Other (2)
2,Martin / Mart / Märt,Rakvere,Estonia core/west,North Estonian,viP,2,Mard,1,0.5,2,0.6931,Mard (1); Other (1)
2,Martin / Mart / Märt,Tervo,Finland/Savo-Karelia,Finnish,su,2,Other,2,1.0,1,-0.0,Other (2)
2,Martin / Mart / Märt,Tytärsaari,Finland/Savo-Karelia,Finnish,su,2,Other,2,1.0,1,-0.0,Other (2)
2,Martin / Mart / Märt,Vieremä,Finland/Savo-Karelia,Finnish,su,2,Other,2,1.0,1,-0.0,Other (2)
2,Martin / Mart / Märt,Vuole,Ingria,Finnish,su,2,Other,2,1.0,1,-0.0,Other (2)
2,Martin / Mart / Märt,Halikko,Finland/Savo-Karelia,Finnish,su,1,Other,1,1.0,1,-0.0,Other (1)
2,Martin / Mart / Märt,Haukipudas,Finland/Savo-Karelia,Finnish,su,1,Other,1,1.0,1,-0.0,Other (1)
2,Martin / Mart / Märt,Hietamäki,Ingria,Finnish,su,1,Other,1,1.0,1,-0.0,Other (1)
2,Martin / Mart / Märt,Hiitola,Finland/Savo-Karelia,Finnish,su,1,Other,1,1.0,1,-0.0,Other (1)
2,Martin / Mart / Märt,Jaani,Estonia core/west,North Estonian,viP,1,Mart,1,1.0,1,-0.0,Mart (1)
2,Martin / Mart / Märt,Kaprio,Ingria,Finnish,su,1,Other,1,1.0,1,-0.0,Other (1)
2,Martin / Mart / Märt,Kattila,Ingria,Votic,su,1,Other,1,1.0,1,-0.0,Other (1)
2,Martin / Mart / Märt,Kestilä,Finland/Savo-Karelia,Finnish,su,1,Other,1,1.0,1,-0.0,Other (1)
2,Martin / Mart / Märt,Kiestinki,East Karelia/Veps/Tver,Karelian Proper,ka,1,Other,1,1.0,1,-0.0,Other (1)
2,Martin / Mart / Märt,Kirbla,Estonia core/west,North Estonian,viP,1,Märti,1,1.0,1,-0.0,Märti (1)
2,Martin / Mart / Märt,Koivisto,Finland/Savo-Karelia,Finnish,su,1,Other,1,1.0,1,-0.0,Other (1)
2,Martin / Mart / Märt,Kontokki,East Karelia/Veps/Tver,Karelian Proper,ka,1,Other,1,1.0,1,-0.0,Other (1)
2,Martin / Mart / Märt,Kuhmo,Finland/Savo-Karelia,Finnish,su,1,Other,1,1.0,1,-0.0,Other (1)
2,Martin / Mart / Märt,Liissilä,Ingria,Finnish,su,1,Other,1,1.0,1,-0.0,Other (1)
2,Martin / Mart / Märt,Loppi,Finland/Savo-Karelia,Finnish,su,1,Other,1,1.0,1,-0.0,Other (1)
2,Martin / Mart / Märt,Maaninka,Finland/Savo-Karelia,Finnish,su,1,Other,1,1.0,1,-0.0,Other (1)
2,Martin / Mart / Märt,Metsäpirtti,Finland/Savo-Karelia,Finnish,su,1,Other,1,1.0,1,-0.0,Other (1)
2,Martin / Mart / Märt,Miikkulainen,Ingria,Finnish,su,1,Other,1,1.0,1,-0.0,Other (1)
2,Martin / Mart / Märt,Muhos,Finland/Savo-Karelia,Finnish,su,1,Other,1,1.0,1,-0.0,Other (1)
2,Martin / Mart / Märt,Mäntyharju,Finland/Savo-Karelia,Finnish,su,1,Other,1,1.0,1,-0.0,Other (1)
2,Martin / Mart / Märt,Orimattila,Finland/Savo-Karelia,Finnish,su,1,Other,1,1.0,1,-0.0,Other (1)
2,Martin / Mart / Märt,Paltamo,Finland/Savo-Karelia,Finnish,su,1,Other,1,1.0,1,-0.0,Other (1)
2,Martin / Mart / Märt,Pielavesi,Finland/Savo-Karelia,Finnish,su,1,Other,1,1.0,1,-0.0,Other (1)
2,Martin / Mart / Märt,Pihtipudas,Finland/Savo-Karelia,Finnish,su,1,Other,1,1.0,1,-0.0,Other (1)
2,Martin / Mart / Märt,Piippola,Finland/Savo-Karelia,Finnish,su,1,Other,1,1.0,1,-0.0,Other (1)
2,Martin / Mart / Märt,Puolanka,Finland/Savo-Karelia,Finnish,su,1,Other,1,1.0,1,-0.0,Other (1)
2,Martin / Mart / Märt,Pusula,Finland/Savo-Karelia,Finnish,su,1,Other,1,1.0,1,-0.0,Other (1)
2,Martin / Mart / Märt,Puumala,Finland/Savo-Karelia,Finnish,su,1,Other,1,1.0,1,-0.0,Other (1)
2,Martin / Mart / Märt,Pyhäjärvi Ol.,Finland/Savo-Karelia,Finnish,su,1,Other,1,1.0,1,-0.0,Other (1)
2,Martin / Mart / Märt,Pühalepa,Estonia core/west,North Estonian,viP,1,Mart,1,1.0,1,-0.0,Mart (1)
2,Martin / Mart / Märt,Serepetta,Ingria,Finnish,su,1,Other,1,1.0,1,-0.0,Other (1)
2,Martin / Mart / Märt,Soikkola,Ingria,Ingrian,in,1,Other,1,1.0,1,-0.0,Other (1)
2,Martin / Mart / Märt,Soutjärvi,East Karelia/Veps/Tver,Veps,ve,1,Other,1,1.0,1,-0.0,Other (1)
2,Martin / Mart / Märt,Taivalkoski,Finland/Savo-Karelia,Finnish,su,1,Other,1,1.0,1,-0.0,Other (1)
2,Martin / Mart / Märt,Teuva,Finland/Savo-Karelia,Finnish,su,1,Other,1,1.0,1,-0.0,Other (1)
2,Martin / Mart / Märt,Toksova,Ingria,Finnish,su,1,Other,1,1.0,1,-0.0,Other (1)
2,Martin / Mart / Märt,Valtimo,Finland/Savo-Karelia,Finnish,su,1,Other,1,1.0,1,-0.0,Other (1)
2,Martin / Mart / Märt,Viitasaari,Finland/Savo-Karelia,Finnish,su,1,Other,1,1.0,1,-0.0,Other (1)
3,John / Jaan / Jussi / Hans,Peetri,Estonia core/west,North Estonian,viP,103,Jaan,53,0.5145631067961165,6,1.0855,Jaan (53); jaanike (38); Other (7); Ants (3); Hans (1); Juhan (1)
3,John / Jaan / Jussi / Hans,Paistu,Estonia core/west,South Estonian,viE,92,jaan,54,0.5869565217391305,8,1.3052,jaan (54); Jaan (15); Hans (11); Other (6); Ants (2); jaanike (2); Jaani (1); Juhan (1)
3,John / Jaan / Jussi / Hans,Kolga-Jaani,Estonia core/west,North Estonian,viP,78,Jaan,26,0.3333333333333333,7,1.6383,Jaan (26); Other (18); Hans (13); Ants (12); jaan (6); Juhan (2); jaanike (1)
3,John / Jaan / Jussi / Hans,Karksi,Estonia core/west,South Estonian,viE,68,Jaan,40,0.5882352941176471,8,1.397,Jaan (40); Hans (8); Other (7); Ants (5); Jussi (3); Juhan (2); jaanike (2); jaan (1)
3,John / Jaan / Jussi / Hans,Halliste,Estonia core/west,South Estonian,viE,67,Jaan,35,0.5223880597014925,7,1.383,Jaan (35); Hans (14); Other (7); Ants (6); jaanike (3); Jaani (1); Juhan (1)
3,John / Jaan / Jussi / Hans,Koeru,Estonia core/west,North Estonian,viP,67,jaan,42,0.6268656716417911,6,1.2514,jaan (42); Ants (6); Jaan (6); Hans (5); jaanike (5); Other (3)
3,John / Jaan / Jussi / Hans,Viljandi,Estonia core/west,North Estonian,viP,63,Hans,18,0.2857142857142857,8,1.7389,Hans (18); Jaan (15); Ants (11); Other (11); jaanike (3); Juhan (2); Jussi (2); Jaani (1)
3,John / Jaan / Jussi / Hans,Helme,Estonia core/west,South Estonian,viE,52,Jaan,34,0.6538461538461539,5,1.0702,Jaan (34); Other (7); Ants (6); Hans (4); Jaani (1)
3,John / Jaan / Jussi / Hans,Karuse,Estonia core/west,North Estonian,viP,50,Jaan,24,0.48,5,1.3439,Jaan (24); Other (11); Ants (7); Hans (6); jaanike (2)
3,John / Jaan / Jussi / Hans,Kose,Estonia core/west,North Estonian,viP,49,Hans,18,0.3673469387755102,4,1.3072,Hans (18); Other (16); Ants (8); Jaan (7)
3,John / Jaan / Jussi / Hans,Põltsamaa,Estonia core/west,North Estonian,viP,46,Hans,21,0.45652173913043476,6,1.4489,Hans (21); Jaan (9); Other (7); Ants (6); jaan (2); Juhan (1)
3,John / Jaan / Jussi / Hans,Haljala,Estonia core/west,North Estonian,viP,43,Ants,18,0.4186046511627907,6,1.4869,Ants (18); Jaan (11); Juhan (5); Other (5); jaan (3); Hans (1)
3,John / Jaan / Jussi / Hans,Kuusalu,Estonia core/west,North Estonian,viP,42,Jaan,16,0.38095238095238093,7,1.604,Jaan (16); Ants (9); Other (8); Jaani (4); Hans (3); jaan (1); jaanike (1)
3,John / Jaan / Jussi / Hans,Tarvastu,Estonia core/west,South Estonian,viE,42,Ants,15,0.35714285714285715,6,1.5257,Ants (15); Hans (12); Jaan (7); Juhan (4); Other (3); jaanike (1)
3,John / Jaan / Jussi / Hans,Muhu,Estonia core/west,North Estonian,viP,39,Jaan,30,0.7692307692307693,5,0.8054,Jaan (30); Other (5); jaanike (2); Ants (1); Juhan (1)
3,John / Jaan / Jussi / Hans,Setumaa,South Estonia/Seto,South Estonian,viE,39,Other,20,0.5128205128205128,6,1.295,Other (20); Jaan (10); jaanike (5); Ants (2); Juhan (1); jaan (1)
3,John / Jaan / Jussi / Hans,Häädemeeste,Estonia core/west,North Estonian,viP,35,Jaani,23,0.6571428571428571,5,0.9299,Jaani (23); Jaan (9); Hans (1); Other (1); jaan (1)
3,John / Jaan / Jussi / Hans,Suure-Jaani,Estonia core/west,North Estonian,viP,35,Jaan,22,0.6285714285714286,6,1.2163,Jaan (22); Hans (4); Other (4); Juhan (2); jaan (2); Ants (1)
3,John / Jaan / Jussi / Hans,Ambla,Estonia core/west,North Estonian,viP,33,Hans,13,0.3939393939393939,6,1.4009,Hans (13); Jaan (11); Other (5); Ants (2); Juhan (1); jaan (1)
3,John / Jaan / Jussi / Hans,Märjamaa,Estonia core/west,North Estonian,viP,30,Jaan,17,0.5666666666666667,3,0.9517,Jaan (17); Ants (9); Other (4)
3,John / Jaan / Jussi / Hans,Pilistvere,Estonia core/west,North Estonian,viP,28,Other,12,0.42857142857142855,6,1.3968,Other (12); Jaan (7); Hans (6); Ants (1); Jaani (1); jaan (1)
3,John / Jaan / Jussi / Hans,Puhja,Estonia core/west,South Estonian,viE,28,Other,14,0.5,6,1.3008,Other (14); Jaan (8); Hans (3); Ants (1); Jaani (1); Juhan (1)
3,John / Jaan / Jussi / Hans,Pärnu,Estonia core/west,North Estonian,viP,28,Jaan,16,0.5714285714285714,5,1.1624,Jaan (16); Hans (7); Ants (2); Other (2); jaan (1)
3,John / Jaan / Jussi / Hans,Tori,Estonia core/west,North Estonian,viP,28,Jaan,11,0.39285714285714285,5,1.347,Jaan (11); Other (9); Hans (5); Ants (2); jaanike (1)
3,John / Jaan / Jussi / Hans,Vändra,Estonia core/west,North Estonian,viP,26,Hans,13,0.5,5,1.2384,Hans (13); Jaan (7); Other (4); Ants (1); Juhan (1)
3,John / Jaan / Jussi / Hans,Audru,Estonia core/west,North Estonian,viP,25,Hans,11,0.44,5,1.2971,Hans (11); Other (7); Jaan (5); Juhan (1); jaan (1)
3,John / Jaan / Jussi / Hans,Kadrina,Estonia core/west,North Estonian,viP,25,Jaan,8,0.32,6,1.6561,Jaan (8); Hans (5); Ants (4); Other (4); Juhan (3); jaan (1)
3,John / Jaan / Jussi / Hans,Võnnu,Estonia core/west,South Estonian,viE,24,Hans,11,0.4583333333333333,6,1.4691,Hans (11); Jaan (5); Ants (3); Other (3); Juhan (1); Jussi (1)
3,John / Jaan / Jussi / Hans,Risti,Estonia core/west,North Estonian,viP,23,Jaan,10,0.43478260869565216,6,1.5464,Jaan (10); Juhan (4); Ants (3); Other (3); jaanike (2); Hans (1)
3,John / Jaan / Jussi / Hans,Rõuge,South Estonia/Seto,South Estonian,viE,23,Jaan,7,0.30434782608695654,5,1.4849,Jaan (7); Other (6); Ants (5); Hans (4); jaanike (1)
3,John / Jaan / Jussi / Hans,Väike-Maarja,Estonia core/west,North Estonian,viP,23,Hans,9,0.391304347826087,4,1.2161,Hans (9); Jaan (7); Ants (6); Other (1)
3,John / Jaan / Jussi / Hans,Laiuse,Estonia core/west,North Estonian,viP,22,Ants,6,0.2727272727272727,4,1.3822,Ants (6); Jaan (6); Hans (5); Other (5)
3,John / Jaan / Jussi / Hans,Vigala,Estonia core/west,North Estonian,viP,21,Jaan,13,0.6190476190476191,4,1.0606,Jaan (13); Hans (4); Ants (2); Other (2)
3,John / Jaan / Jussi / Hans,Jüri,Estonia core/west,North Estonian,viP,19,Hans,7,0.3684210526315789,5,1.3371,Hans (7); Jaan (7); Other (3); Ants (1); jaan (1)
3,John / Jaan / Jussi / Hans,Muurla,Finland/Savo-Karelia,Finnish,su,19,Jussi,17,0.8947368421052632,2,0.3365,Jussi (17); Other (2)
3,John / Jaan / Jussi / Hans,Harju-Jaani,Estonia core/west,North Estonian,viP,18,Jaan,7,0.3888888888888889,5,1.4405,Jaan (7); Hans (4); Other (4); Ants (2); jaanike (1)
3,John / Jaan / Jussi / Hans,Järva-Madise,Estonia core/west,North Estonian,viP,18,Hans,8,0.4444444444444444,4,1.042,Hans (8); Jaan (8); Jaani (1); Other (1)
3,John / Jaan / Jussi / Hans,Tartu-Maarja,Estonia core/west,South Estonian,viE,18,Jaan,10,0.5555555555555556,4,1.12,Jaan (10); Hans (4); Other (3); Juhan (1)
3,John / Jaan / Jussi / Hans,Uskela,Finland/Savo-Karelia,Finnish,su,18,Jussi,17,0.9444444444444444,2,0.2146,Jussi (17); Other (1)
3,John / Jaan / Jussi / Hans,Hanila,Estonia core/west,North Estonian,viP,17,Jaan,15,0.8823529411764706,3,0.4438,Jaan (15); Juhan (1); Other (1)
3,John / Jaan / Jussi / Hans,Jõhvi,Estonia core/west,North Estonian,viP,17,Jaan,5,0.29411764705882354,6,1.5603,Jaan (5); Other (5); jaanike (4); Ants (1); Hans (1); jaan (1)
3,John / Jaan / Jussi / Hans,Mihkli,Estonia core/west,North Estonian,viP,17,Jaan,11,0.6470588235294118,4,1.0062,Jaan (11); Other (3); Hans (2); Ants (1)
3,John / Jaan / Jussi / Hans,Sangaste,Estonia core/west,South Estonian,viE,17,Jaan,6,0.35294117647058826,3,1.0951,Jaan (6); Other (6); Ants (5)
3,John / Jaan / Jussi / Hans,Kaarma,Estonia core/west,North Estonian,viP,16,Hans,11,0.6875,3,0.7775,Hans (11); Jaan (4); Ants (1)
3,John / Jaan / Jussi / Hans,Räpina,South Estonia/Seto,South Estonian,viE,16,Jaan,12,0.75,5,0.9089,Jaan (12); Ants (1); Hans (1); Juhan (1); Other (1)
3,John / Jaan / Jussi / Hans,Simuna,Estonia core/west,North Estonian,viP,16,Jaan,7,0.4375,4,1.282,Jaan (7); Hans (4); Ants (3); Other (2)
3,John / Jaan / Jussi / Hans,Karja,Estonia core/west,North Estonian,viP,15,Hans,14,0.9333333333333333,2,0.2449,Hans (14); Jaan (1)
3,John / Jaan / Jussi / Hans,Martna,Estonia core/west,North Estonian,viP,15,Jaan,10,0.6666666666666666,4,0.9882,Jaan (10); Other (2); jaanike (2); jaan (1)
3,John / Jaan / Jussi / Hans,Paide,Estonia core/west,North Estonian,viP,15,Juhan,9,0.6,3,0.8532,Juhan (9); Hans (5); Other (1)
3,John / Jaan / Jussi / Hans,Rapla,Estonia core/west,North Estonian,viP,15,Jaan,7,0.4666666666666667,3,1.0438,Jaan (7); Hans (5); Other (3)
3,John / Jaan / Jussi / Hans,Saarde,Estonia core/west,North Estonian,viP,15,Hans,10,0.6666666666666666,3,0.8609,Hans (10); Jaan (3); Other (2)
3,John / Jaan / Jussi / Hans,Türi,Estonia core/west,North Estonian,viP,15,Hans,7,0.4666666666666667,5,1.3954,Hans (7); Jaan (3); Juhan (2); Other (2); jaan (1)
3,John / Jaan / Jussi / Hans,Urvaste,South Estonia/Seto,South Estonian,viE,15,Other,7,0.4666666666666667,5,1.2635,Other (7); Jaan (5); Ants (1); Juhan (1); jaanike (1)
3,John / Jaan / Jussi / Hans,Hattula,Finland/Savo-Karelia,Finnish,su,14,Jussi,13,0.9285714285714286,2,0.2573,Jussi (13); Other (1)
3,John / Jaan / Jussi / Hans,Heinävesi,Finland/Savo-Karelia,Finnish,su,14,Jussi,13,0.9285714285714286,2,0.2573,Jussi (13); Other (1)
3,John / Jaan / Jussi / Hans,Jõelähtme,Estonia core/west,North Estonian,viP,14,Ants,6,0.42857142857142855,4,1.1973,Ants (6); Other (5); Jaan (2); Hans (1)
3,John / Jaan / Jussi / Hans,Viru-Nigula,Estonia core/west,North Estonian,viP,14,Hans,6,0.42857142857142855,4,1.2397,Hans (6); Jaan (4); Other (3); Ants (1)
3,John / Jaan / Jussi / Hans,Järva-Jaani,Estonia core/west,North Estonian,viP,13,Hans,5,0.38461538461538464,4,1.2203,Hans (5); Jaan (5); Ants (2); Juhan (1)
3,John / Jaan / Jussi / Hans,Otepää,Estonia core/west,South Estonian,viE,13,Jaan,4,0.3076923076923077,7,1.7782,Jaan (4); Hans (3); Other (2); Ants (1); Juhan (1); jaan (1); jaanike (1)
3,John / Jaan / Jussi / Hans,Saarijärvi,Finland/Savo-Karelia,Finnish,su,13,Jussi,13,1.0,1,-0.0,Jussi (13)
3,John / Jaan / Jussi / Hans,Torma,Estonia core/west,North Estonian,viP,13,Jaan,8,0.6153846153846154,3,0.9251,Jaan (8); Other (3); Hans (2)
3,John / Jaan / Jussi / Hans,Narvusi,Ingria,Ingrian,in,12,Other,12,1.0,1,-0.0,Other (12)
3,John / Jaan / Jussi / Hans,Nõo,Estonia core/west,South Estonian,viE,12,Jaan,9,0.75,3,0.7215,Jaan (9); Ants (2); Other (1)
3,John / Jaan / Jussi / Hans,Palamuse,Estonia core/west,North Estonian,viP,12,Hans,7,0.5833333333333334,3,0.8877,Hans (7); Jaan (4); Other (1)
3,John / Jaan / Jussi / Hans,Äksi,Estonia core/west,North Estonian,viP,12,Juhan,4,0.3333333333333333,6,1.6326,Juhan (4); Jaan (3); Ants (2); Hans (1); Other (1); jaanike (1)
3,John / Jaan / Jussi / Hans,Karula,South Estonia/Seto,South Estonian,viE,11,Juhan,6,0.5454545454545454,4,1.121,Juhan (6); Jaan (3); Other (1); jaanike (1)
3,John / Jaan / Jussi / Hans,Kõpu,Estonia core/west,North Estonian,viP,11,Hans,7,0.6363636363636364,3,0.86,Hans (7); Jaan (3); jaanike (1)
3,John / Jaan / Jussi / Hans,Mustjala,Estonia core/west,North Estonian,viP,11,Ants,7,0.6363636363636364,3,0.86,Ants (7); Jaan (3); Jussi (1)
3,John / Jaan / Jussi / Hans,Nurmes,Finland/Savo-Karelia,Finnish,su,11,Jussi,11,1.0,1,-0.0,Jussi (11)
3,John / Jaan / Jussi / Hans,Pöide,Estonia core/west,North Estonian,viP,11,Jaan,4,0.36363636363636365,4,1.3421,Jaan (4); Juhan (3); Hans (2); Other (2)
3,John / Jaan / Jussi / Hans,Vuokkiniemi,East Karelia/Veps/Tver,Karelian Proper,ka,11,Jussi,11,1.0,1,-0.0,Jussi (11)
3,John / Jaan / Jussi / Hans,Kiuruvesi,Finland/Savo-Karelia,Finnish,su,10,Jussi,10,1.0,1,-0.0,Jussi (10)
3,John / Jaan / Jussi / Hans,Kullamaa,Estonia core/west,North Estonian,viP,10,Jaan,3,0.3,5,1.5048,Jaan (3); Other (3); Ants (2); Hans (1); jaanike (1)
3,John / Jaan / Jussi / Hans,Rannu,Estonia core/west,South Estonian,viE,10,Jaan,5,0.5,5,1.3592,Jaan (5); Other (2); Ants (1); Hans (1); Juhan (1)
3,John / Jaan / Jussi / Hans,Tammela,Finland/Savo-Karelia,Finnish,su,10,Jussi,10,1.0,1,-0.0,Jussi (10)
3,John / Jaan / Jussi / Hans,Kihelkonna,Estonia core/west,North Estonian,viP,9,Jaan,8,0.8888888888888888,2,0.3488,Jaan (8); Ants (1)
3,John / Jaan / Jussi / Hans,Varbla,Estonia core/west,North Estonian,viP,9,Jaan,5,0.5555555555555556,3,0.9369,Jaan (5); Other (3); Ants (1)
3,John / Jaan / Jussi / Hans,Hämeenlinna,Finland/Savo-Karelia,Finnish,su,8,Jussi,6,0.75,2,0.5623,Jussi (6); Other (2)
3,John / Jaan / Jussi / Hans,Kursi,Estonia core/west,North Estonian,viP,8,Other,3,0.375,5,1.4942,Other (3); Jaan (2); Hans (1); Juhan (1); jaan (1)
3,John / Jaan / Jussi / Hans,Leppävirta,Finland/Savo-Karelia,Finnish,su,8,Jussi,7,0.875,2,0.3768,Jussi (7); Other (1)
3,John / Jaan / Jussi / Hans,Lüganuse,Estonia core/west,North Estonian,viP,8,Ants,4,0.5,3,0.9743,Ants (4); Jaan (3); Hans (1)
3,John / Jaan / Jussi / Hans,Mynämäki,Finland/Savo-Karelia,Finnish,su,8,Jussi,8,1.0,1,-0.0,Jussi (8)
3,John / Jaan / Jussi / Hans,Pühalepa,Estonia core/west,North Estonian,viP,8,Jaan,4,0.5,3,0.9743,Jaan (4); Other (3); Ants (1)
3,John / Jaan / Jussi / Hans,Rõngu,Estonia core/west,South Estonian,viE,8,Jaan,6,0.75,3,0.7356,Jaan (6); Other (1); jaan (1)
3,John / Jaan / Jussi / Hans,Heinjoki,Finland/Savo-Karelia,Finnish,su,7,Jussi,7,1.0,1,-0.0,Jussi (7)
3,John / Jaan / Jussi / Hans,Ilomantsi,Finland/Savo-Karelia,Finnish,su,7,Jussi,5,0.7142857142857143,2,0.5983,Jussi (5); Other (2)
3,John / Jaan / Jussi / Hans,Kitee,Finland/Savo-Karelia,Finnish,su,7,Jussi,7,1.0,1,-0.0,Jussi (7)
3,John / Jaan / Jussi / Hans,Lapua,Finland/Savo-Karelia,Finnish,su,7,Jussi,7,1.0,1,-0.0,Jussi (7)
3,John / Jaan / Jussi / Hans,Pärnu-Jaagupi,Estonia core/west,North Estonian,viP,7,Hans,2,0.2857142857142857,4,1.3518,Hans (2); Jaan (2); Other (2); jaanike (1)
3,John / Jaan / Jussi / Hans,Pöytyä,Finland/Savo-Karelia,Finnish,su,7,Jussi,7,1.0,1,-0.0,Jussi (7)
3,John / Jaan / Jussi / Hans,Ruovesi,Finland/Savo-Karelia,Finnish,su,7,Jussi,7,1.0,1,-0.0,Jussi (7)
3,John / Jaan / Jussi / Hans,Sakkola,Finland/Savo-Karelia,Finnish,su,7,Jussi,7,1.0,1,-0.0,Jussi (7)
3,John / Jaan / Jussi / Hans,Vaivara,Estonia core/west,North Estonian,viP,7,Ants,3,0.42857142857142855,4,1.277,Ants (3); Hans (2); Jaan (1); Juhan (1)
3,John / Jaan / Jussi / Hans,Viru-Jaagupi,Estonia core/west,North Estonian,viP,7,Jaan,2,0.2857142857142857,5,1.5498,Jaan (2); Other (2); Ants (1); Hans (1); Jaani (1)
3,John / Jaan / Jussi / Hans,Hargla,South Estonia/Seto,South Estonian,viE,6,Jaan,5,0.8333333333333334,2,0.4506,Jaan (5); Other (1)
3,John / Jaan / Jussi / Hans,Kangasniemi,Finland/Savo-Karelia,Finnish,su,6,Jussi,6,1.0,1,-0.0,Jussi (6)
3,John / Jaan / Jussi / Hans,Kontiolahti,Finland/Savo-Karelia,Finnish,su,6,Jussi,4,0.6666666666666666,2,0.6365,Jussi (4); Other (2)
3,John / Jaan / Jussi / Hans,Lihula,Estonia core/west,North Estonian,viP,6,Jaan,6,1.0,1,-0.0,Jaan (6)
3,John / Jaan / Jussi / Hans,Maarja-Magdaleena,Estonia core/west,North Estonian,viP,6,Jaan,4,0.6666666666666666,3,0.8676,Jaan (4); Hans (1); Juhan (1)
3,John / Jaan / Jussi / Hans,Pielavesi,Finland/Savo-Karelia,Finnish,su,6,Jussi,4,0.6666666666666666,2,0.6365,Jussi (4); Other (2)
3,John / Jaan / Jussi / Hans,Põlva,South Estonia/Seto,South Estonian,viE,6,Jaan,4,0.6666666666666666,2,0.6365,Jaan (4); Ants (2)
3,John / Jaan / Jussi / Hans,Ranua,Finland/Savo-Karelia,Finnish,su,6,Jussi,6,1.0,1,-0.0,Jussi (6)
3,John / Jaan / Jussi / Hans,Renko,Finland/Savo-Karelia,Finnish,su,6,Jussi,5,0.8333333333333334,2,0.4506,Jussi (5); Other (1)
3,John / Jaan / Jussi / Hans,Suistamo,East Karelia/Veps/Tver,Livvi-Karelian,ka,6,Jussi,4,0.6666666666666666,2,0.6365,Jussi (4); Other (2)
3,John / Jaan / Jussi / Hans,Tõstamaa,Estonia core/west,North Estonian,viP,6,Jaan,3,0.5,3,1.0114,Jaan (3); Ants (2); Other (1)
3,John / Jaan / Jussi / Hans,Alavus,Finland/Savo-Karelia,Finnish,su,5,Jussi,3,0.6,2,0.673,Jussi (3); Other (2)
3,John / Jaan / Jussi / Hans,Hartola,Finland/Savo-Karelia,Finnish,su,5,Jussi,5,1.0,1,-0.0,Jussi (5)
3,John / Jaan / Jussi / Hans,Hauho,Finland/Savo-Karelia,Finnish,su,5,Jussi,5,1.0,1,-0.0,Jussi (5)
3,John / Jaan / Jussi / Hans,Hausjärvi,Finland/Savo-Karelia,Outside selected Finnic areas,ru,5,Jussi,5,1.0,1,-0.0,Jussi (5)
3,John / Jaan / Jussi / Hans,Iisaku,Estonia core/west,North Estonian,viP,5,Hans,2,0.4,4,1.3322,Hans (2); Jaan (1); Other (1); jaanike (1)
3,John / Jaan / Jussi / Hans,Juuru,Estonia core/west,North Estonian,viP,5,Jaan,2,0.4,4,1.3322,Jaan (2); Ants (1); Other (1); jaanike (1)
3,John / Jaan / Jussi / Hans,Kaavi,Finland/Savo-Karelia,Finnish,su,5,Jussi,3,0.6,2,0.673,Jussi (3); Other (2)
3,John / Jaan / Jussi / Hans,Muolaa,Finland/Savo-Karelia,Finnish,su,5,Jussi,5,1.0,1,-0.0,Jussi (5)
3,John / Jaan / Jussi / Hans,Nilsiä,Finland/Savo-Karelia,Finnish,su,5,Jussi,4,0.8,2,0.5004,Jussi (4); Other (1)
3,John / Jaan / Jussi / Hans,Pudasjärvi,Finland/Savo-Karelia,Finnish,su,5,Jussi,5,1.0,1,-0.0,Jussi (5)
3,John / Jaan / Jussi / Hans,Pyhäjärvi Ul.,Finland/Savo-Karelia,Finnish,su,5,Jussi,4,0.8,2,0.5004,Jussi (4); Other (1)
3,John / Jaan / Jussi / Hans,Savonlinna,Finland/Savo-Karelia,Finnish,su,5,Jussi,5,1.0,1,-0.0,Jussi (5)
3,John / Jaan / Jussi / Hans,Somero,Finland/Savo-Karelia,Finnish,su,5,Jussi,3,0.6,2,0.673,Jussi (3); Other (2)
3,John / Jaan / Jussi / Hans,Suonenjoki,Finland/Savo-Karelia,Finnish,su,5,Other,3,0.6,2,0.673,Other (3); Jussi (2)
3,John / Jaan / Jussi / Hans,Tuulos,Finland/Savo-Karelia,Finnish,su,5,Jussi,5,1.0,1,-0.0,Jussi (5)
3,John / Jaan / Jussi / Hans,Tuusniemi,Finland/Savo-Karelia,Finnish,su,5,Jussi,5,1.0,1,-0.0,Jussi (5)
3,John / Jaan / Jussi / Hans,Varkaus,Finland/Savo-Karelia,Finnish,su,5,Jussi,5,1.0,1,-0.0,Jussi (5)
3,John / Jaan / Jussi / Hans,Vuole,Ingria,Finnish,su,5,Jussi,4,0.8,2,0.5004,Jussi (4); Other (1)
3,John / Jaan / Jussi / Hans,Anseküla,Estonia core/west,North Estonian,viP,4,Juhan,2,0.5,3,1.0397,Juhan (2); Hans (1); Jaan (1)
3,John / Jaan / Jussi / Hans,Iisalmi,Finland/Savo-Karelia,Finnish,su,4,Jussi,4,1.0,1,-0.0,Jussi (4)
3,John / Jaan / Jussi / Hans,Kanepi,South Estonia/Seto,South Estonian,viE,4,Ants,1,0.25,4,1.3863,Ants (1); Jaan (1); Other (1); jaanike (1)
3,John / Jaan / Jussi / Hans,Koski Hl.,Finland/Savo-Karelia,Finnish,su,4,Jussi,4,1.0,1,-0.0,Jussi (4)
3,John / Jaan / Jussi / Hans,Lahti,Finland/Savo-Karelia,Finnish,su,4,Jussi,4,1.0,1,-0.0,Jussi (4)
3,John / Jaan / Jussi / Hans,Lumivaara,Finland/Savo-Karelia,Finnish,su,4,Other,3,0.75,2,0.5623,Other (3); Jussi (1)
3,John / Jaan / Jussi / Hans,Luopioinen,Finland/Savo-Karelia,Finnish,su,4,Jussi,4,1.0,1,-0.0,Jussi (4)
3,John / Jaan / Jussi / Hans,Lääne-Nigula,Estonia core/west,North Estonian,viP,4,Ants,4,1.0,1,-0.0,Ants (4)
3,John / Jaan / Jussi / Hans,Mäntsälä,Finland/Savo-Karelia,Finnish,su,4,Jussi,4,1.0,1,-0.0,Jussi (4)
3,John / Jaan / Jussi / Hans,Paimio,Finland/Savo-Karelia,Finnish,su,4,Jussi,2,0.5,2,0.6931,Jussi (2); Other (2)
3,John / Jaan / Jussi / Hans,Punkalaidun,Finland/Savo-Karelia,Finnish,su,4,Jussi,4,1.0,1,-0.0,Jussi (4)
3,John / Jaan / Jussi / Hans,Pyhäjärvi Ol.,Finland/Savo-Karelia,Finnish,su,4,Jussi,4,1.0,1,-0.0,Jussi (4)
3,John / Jaan / Jussi / Hans,Rakvere,Estonia core/west,North Estonian,viP,4,Jaan,3,0.75,2,0.5623,Jaan (3); Other (1)
3,John / Jaan / Jussi / Hans,Rääkkylä,Finland/Savo-Karelia,Finnish,su,4,Jussi,3,0.75,2,0.5623,Jussi (3); Other (1)
3,John / Jaan / Jussi / Hans,Soikkola,Ingria,Ingrian,in,4,Other,3,0.75,2,0.5623,Other (3); Jaani (1)
3,John / Jaan / Jussi / Hans,Sonkajärvi,Finland/Savo-Karelia,Finnish,su,4,Jussi,4,1.0,1,-0.0,Jussi (4)
3,John / Jaan / Jussi / Hans,Sortavala,East Karelia/Veps/Tver,Finnish,su,4,Jussi,3,0.75,2,0.5623,Jussi (3); Other (1)
3,John / Jaan / Jussi / Hans,Sysmä,Finland/Savo-Karelia,Finnish,su,4,Jussi,4,1.0,1,-0.0,Jussi (4)
3,John / Jaan / Jussi / Hans,Turtola,Finland/Savo-Karelia,Finnish,su,4,Jussi,4,1.0,1,-0.0,Jussi (4)
3,John / Jaan / Jussi / Hans,Tyrvää,Finland/Savo-Karelia,Finnish,su,4,Jussi,2,0.5,2,0.6931,Jussi (2); Other (2)
3,John / Jaan / Jussi / Hans,Töysä,Finland/Savo-Karelia,Finnish,su,4,Jussi,3,0.75,2,0.5623,Jussi (3); Other (1)
3,John / Jaan / Jussi / Hans,Urjala,Finland/Savo-Karelia,Finnish,su,4,Jussi,4,1.0,1,-0.0,Jussi (4)
3,John / Jaan / Jussi / Hans,Venjoki,Ingria,Finnish,su,4,Jussi,4,1.0,1,-0.0,Jussi (4)
3,John / Jaan / Jussi / Hans,Yläne,Finland/Savo-Karelia,Finnish,su,4,Jussi,4,1.0,1,-0.0,Jussi (4)
3,John / Jaan / Jussi / Hans,Asikkala,Finland/Savo-Karelia,Finnish,su,3,Other,2,0.6666666666666666,2,0.6365,Other (2); Jussi (1)
3,John / Jaan / Jussi / Hans,Evijärvi,Finland/Savo-Karelia,Finnish,su,3,Jussi,3,1.0,1,-0.0,Jussi (3)
3,John / Jaan / Jussi / Hans,Hageri,Estonia core/west,North Estonian,viP,3,Jaan,2,0.6666666666666666,2,0.6365,Jaan (2); Ants (1)
3,John / Jaan / Jussi / Hans,Jaani,Estonia core/west,North Estonian,viP,3,Ants,1,0.3333333333333333,3,1.0986,Ants (1); Jaan (1); jaanike (1)
3,John / Jaan / Jussi / Hans,Janakkala,Finland/Savo-Karelia,Finnish,su,3,Jussi,3,1.0,1,-0.0,Jussi (3)
3,John / Jaan / Jussi / Hans,Joroinen,Finland/Savo-Karelia,Finnish,su,3,Jussi,3,1.0,1,-0.0,Jussi (3)
3,John / Jaan / Jussi / Hans,Jämsä,Finland/Savo-Karelia,Finnish,su,3,Jussi,3,1.0,1,-0.0,Jussi (3)
3,John / Jaan / Jussi / Hans,Kambja,Estonia core/west,South Estonian,viE,3,Jaan,2,0.6666666666666666,2,0.6365,Jaan (2); Other (1)
3,John / Jaan / Jussi / Hans,Karuna,Finland/Savo-Karelia,Finnish,su,3,Jussi,3,1.0,1,-0.0,Jussi (3)
3,John / Jaan / Jussi / Hans,Kuusamo,Finland/Savo-Karelia,Finnish,su,3,Jussi,3,1.0,1,-0.0,Jussi (3)
3,John / Jaan / Jussi / Hans,Käina,Estonia core/west,North Estonian,viP,3,Ants,1,0.3333333333333333,3,1.0986,Ants (1); Juhan (1); Other (1)
3,John / Jaan / Jussi / Hans,Kärsämäki,Finland/Savo-Karelia,Finnish,su,3,Jussi,3,1.0,1,-0.0,Jussi (3)
3,John / Jaan / Jussi / Hans,Laihia,Finland/Savo-Karelia,Finnish,su,3,Jussi,3,1.0,1,-0.0,Jussi (3)
3,John / Jaan / Jussi / Hans,Lempaala,Finland/Savo-Karelia,Finnish,su,3,Jussi,3,1.0,1,-0.0,Jussi (3)
3,John / Jaan / Jussi / Hans,Liissilä,Ingria,Finnish,su,3,Jussi,2,0.6666666666666666,2,0.6365,Jussi (2); Other (1)
3,John / Jaan / Jussi / Hans,Maaninka,Finland/Savo-Karelia,Finnish,su,3,Jussi,3,1.0,1,-0.0,Jussi (3)
3,John / Jaan / Jussi / Hans,Mouhijärvi,Finland/Savo-Karelia,Finnish,su,3,Jussi,3,1.0,1,-0.0,Jussi (3)
3,John / Jaan / Jussi / Hans,Muuruvesi,Finland/Savo-Karelia,Finnish,su,3,Jussi,3,1.0,1,-0.0,Jussi (3)
3,John / Jaan / Jussi / Hans,Mäntyharju,Finland/Savo-Karelia,Finnish,su,3,Jussi,2,0.6666666666666666,2,0.6365,Jussi (2); Other (1)
3,John / Jaan / Jussi / Hans,Pertteli,Finland/Savo-Karelia,Finnish,su,3,Jussi,3,1.0,1,-0.0,Jussi (3)
3,John / Jaan / Jussi / Hans,Pielisjärvi,Finland/Savo-Karelia,Finnish,su,3,Jussi,3,1.0,1,-0.0,Jussi (3)
3,John / Jaan / Jussi / Hans,Pälkäne,Finland/Savo-Karelia,Finnish,su,3,Jussi,2,0.6666666666666666,2,0.6365,Jussi (2); Other (1)
3,John / Jaan / Jussi / Hans,Rautu,Finland/Savo-Karelia,Finnish,su,3,Jussi,3,1.0,1,-0.0,Jussi (3)
3,John / Jaan / Jussi / Hans,Sotkamo,Finland/Savo-Karelia,Finnish,su,3,Jussi,3,1.0,1,-0.0,Jussi (3)
3,John / Jaan / Jussi / Hans,Suomusjärvi,Finland/Savo-Karelia,Finnish,su,3,Jussi,3,1.0,1,-0.0,Jussi (3)
3,John / Jaan / Jussi / Hans,Tampere,Finland/Savo-Karelia,Finnish,su,3,Jussi,3,1.0,1,-0.0,Jussi (3)
3,John / Jaan / Jussi / Hans,Teuva,Finland/Savo-Karelia,Finnish,su,3,Jussi,3,1.0,1,-0.0,Jussi (3)
3,John / Jaan / Jussi / Hans,Turku,Finland/Savo-Karelia,Finnish,su,3,Other,2,0.6666666666666666,2,0.6365,Other (2); Jussi (1)
3,John / Jaan / Jussi / Hans,Tuusula,Finland/Savo-Karelia,Finnish,su,3,Jussi,3,1.0,1,-0.0,Jussi (3)
3,John / Jaan / Jussi / Hans,Vastseliina,South Estonia/Seto,South Estonian,viE,3,Ants,2,0.6666666666666666,2,0.6365,Ants (2); Other (1)
3,John / Jaan / Jussi / Hans,Vihti,Finland/Savo-Karelia,Finnish,su,3,Other,2,0.6666666666666666,2,0.6365,Other (2); Jussi (1)
3,John / Jaan / Jussi / Hans,Forssa,Finland/Savo-Karelia,Finnish,su,2,Jussi,2,1.0,1,-0.0,Jussi (2)
3,John / Jaan / Jussi / Hans,Hollola,Finland/Savo-Karelia,Finnish,su,2,Other,2,1.0,1,-0.0,Other (2)
3,John / Jaan / Jussi / Hans,Hyvinkää,Finland/Savo-Karelia,Finnish,su,2,Jussi,1,0.5,2,0.6931,Jussi (1); Other (1)
3,John / Jaan / Jussi / Hans,Hämeenkyrö,Finland/Savo-Karelia,Finnish,su,2,Jussi,2,1.0,1,-0.0,Jussi (2)
3,John / Jaan / Jussi / Hans,Iitti,Finland/Savo-Karelia,Finnish,su,2,Jussi,2,1.0,1,-0.0,Jussi (2)
3,John / Jaan / Jussi / Hans,Jalasjärvi,Finland/Savo-Karelia,Finnish,su,2,Jussi,2,1.0,1,-0.0,Jussi (2)
3,John / Jaan / Jussi / Hans,Juva,Finland/Savo-Karelia,Finnish,su,2,Jussi,2,1.0,1,-0.0,Jussi (2)
3,John / Jaan / Jussi / Hans,Kangaslampi,Finland/Savo-Karelia,Finnish,su,2,Jussi,2,1.0,1,-0.0,Jussi (2)
3,John / Jaan / Jussi / Hans,Kanneljärvi,Finland/Savo-Karelia,Finnish,su,2,Jussi,2,1.0,1,-0.0,Jussi (2)
3,John / Jaan / Jussi / Hans,Kaprio,Ingria,Finnish,su,2,Other,2,1.0,1,-0.0,Other (2)
3,John / Jaan / Jussi / Hans,Kauhajoki,Finland/Savo-Karelia,Finnish,su,2,Jussi,2,1.0,1,-0.0,Jussi (2)
3,John / Jaan / Jussi / Hans,Kauhava,Finland/Savo-Karelia,Finnish,su,2,Jussi,1,0.5,2,0.6931,Jussi (1); Other (1)
3,John / Jaan / Jussi / Hans,Kaukola,Finland/Savo-Karelia,Finnish,su,2,Jussi,2,1.0,1,-0.0,Jussi (2)
3,John / Jaan / Jussi / Hans,Kihniö,Finland/Savo-Karelia,Finnish,su,2,Jussi,2,1.0,1,-0.0,Jussi (2)
3,John / Jaan / Jussi / Hans,Kiihtelysvaara,Finland/Savo-Karelia,Finnish,su,2,Jussi,1,0.5,2,0.6931,Jussi (1); Other (1)
3,John / Jaan / Jussi / Hans,Kiukainen,Finland/Savo-Karelia,Finnish,su,2,Jussi,2,1.0,1,-0.0,Jussi (2)
3,John / Jaan / Jussi / Hans,Kivennapa,Finland/Savo-Karelia,Finnish,su,2,Jussi,2,1.0,1,-0.0,Jussi (2)
3,John / Jaan / Jussi / Hans,Kivijärvi,Finland/Savo-Karelia,Finnish,su,2,Jussi,1,0.5,2,0.6931,Jussi (1); Other (1)
3,John / Jaan / Jussi / Hans,Kodavere,Estonia core/west,North Estonian,viP,2,Jaan,2,1.0,1,-0.0,Jaan (2)
3,John / Jaan / Jussi / Hans,Kokemäki,Finland/Savo-Karelia,Finnish,su,2,Jussi,2,1.0,1,-0.0,Jussi (2)
3,John / Jaan / Jussi / Hans,Korpilahti,Finland/Savo-Karelia,Finnish,su,2,Jussi,2,1.0,1,-0.0,Jussi (2)
3,John / Jaan / Jussi / Hans,Kuhmoinen,Finland/Savo-Karelia,Finnish,su,2,Jussi,2,1.0,1,-0.0,Jussi (2)
3,John / Jaan / Jussi / Hans,Kärkölä,Finland/Savo-Karelia,Finnish,su,2,Jussi,2,1.0,1,-0.0,Jussi (2)
3,John / Jaan / Jussi / Hans,Laitila,Finland/Savo-Karelia,Finnish,su,2,Jussi,2,1.0,1,-0.0,Jussi (2)
3,John / Jaan / Jussi / Hans,Marttila,Finland/Savo-Karelia,Finnish,su,2,Jussi,2,1.0,1,-0.0,Jussi (2)
3,John / Jaan / Jussi / Hans,Masku,Finland/Savo-Karelia,Finnish,su,2,Jussi,2,1.0,1,-0.0,Jussi (2)
3,John / Jaan / Jussi / Hans,Nakkila,Finland/Savo-Karelia,Finnish,su,2,Jussi,2,1.0,1,-0.0,Jussi (2)
3,John / Jaan / Jussi / Hans,Orimattila,Finland/Savo-Karelia,Finnish,su,2,Jussi,2,1.0,1,-0.0,Jussi (2)
3,John / Jaan / Jussi / Hans,Paavola,Finland/Savo-Karelia,Finnish,su,2,Jussi,2,1.0,1,-0.0,Jussi (2)
3,John / Jaan / Jussi / Hans,Pihtipudas,Finland/Savo-Karelia,Finnish,su,2,Jussi,2,1.0,1,-0.0,Jussi (2)
3,John / Jaan / Jussi / Hans,Pomarkku,Finland/Savo-Karelia,Finnish,su,2,Jussi,2,1.0,1,-0.0,Jussi (2)
3,John / Jaan / Jussi / Hans,Pori,Finland/Savo-Karelia,Finnish,su,2,Jussi,2,1.0,1,-0.0,Jussi (2)
3,John / Jaan / Jussi / Hans,Pyhäselkä,Finland/Savo-Karelia,Finnish,su,2,Jussi,2,1.0,1,-0.0,Jussi (2)
3,John / Jaan / Jussi / Hans,Rautjärvi,Finland/Savo-Karelia,Finnish,su,2,Jussi,2,1.0,1,-0.0,Jussi (2)
3,John / Jaan / Jussi / Hans,Ruokolahti,Finland/Savo-Karelia,Finnish,su,2,Jussi,2,1.0,1,-0.0,Jussi (2)
3,John / Jaan / Jussi / Hans,Ruotsin Ylitornio,Finland/Savo-Karelia,Tornedalen Finnish,su,2,Other,2,1.0,1,-0.0,Other (2)
3,John / Jaan / Jussi / Hans,Räisälä,Finland/Savo-Karelia,Finnish,su,2,Jussi,2,1.0,1,-0.0,Jussi (2)
3,John / Jaan / Jussi / Hans,Tervola,Finland/Savo-Karelia,Finnish,su,2,Other,2,1.0,1,-0.0,Other (2)
3,John / Jaan / Jussi / Hans,Uusikaupunki,Finland/Savo-Karelia,Finnish,su,2,Jussi,2,1.0,1,-0.0,Jussi (2)
3,John / Jaan / Jussi / Hans,Vesilahti,Finland/Savo-Karelia,Finnish,su,2,Jussi,2,1.0,1,-0.0,Jussi (2)
3,John / Jaan / Jussi / Hans,Virtasalmi,Finland/Savo-Karelia,Finnish,su,2,Jussi,2,1.0,1,-0.0,Jussi (2)
3,John / Jaan / Jussi / Hans,Ylistaro,Finland/Savo-Karelia,Finnish,su,2,Jussi,2,1.0,1,-0.0,Jussi (2)
3,John / Jaan / Jussi / Hans,Alajärvi,Finland/Savo-Karelia,Finnish,su,1,Jussi,1,1.0,1,-0.0,Jussi (1)
3,John / Jaan / Jussi / Hans,Artjärvi,Finland/Savo-Karelia,Finnish,su,1,Other,1,1.0,1,-0.0,Other (1)
3,John / Jaan / Jussi / Hans,Askainen,Finland/Savo-Karelia,Finnish,su,1,Jussi,1,1.0,1,-0.0,Jussi (1)
3,John / Jaan / Jussi / Hans,Emmaste,Estonia core/west,North Estonian,viP,1,Ants,1,1.0,1,-0.0,Ants (1)
3,John / Jaan / Jussi / Hans,Eurajoki,Finland/Savo-Karelia,Finnish,su,1,Jussi,1,1.0,1,-0.0,Jussi (1)
3,John / Jaan / Jussi / Hans,Halikko,Finland/Savo-Karelia,Finnish,su,1,Jussi,1,1.0,1,-0.0,Jussi (1)
3,John / Jaan / Jussi / Hans,Harju-Madise,Estonia core/west,North Estonian,viP,1,Hans,1,1.0,1,-0.0,Hans (1)
3,John / Jaan / Jussi / Hans,Harlu,East Karelia/Veps/Tver,Finnish,su,1,Jussi,1,1.0,1,-0.0,Jussi (1)
3,John / Jaan / Jussi / Hans,Haukivuori,Finland/Savo-Karelia,Finnish,su,1,Jussi,1,1.0,1,-0.0,Jussi (1)
3,John / Jaan / Jussi / Hans,Helsinki,Finland/Savo-Karelia,Finnish,su,1,Jussi,1,1.0,1,-0.0,Jussi (1)
3,John / Jaan / Jussi / Hans,Humppila,Finland/Savo-Karelia,Finnish,su,1,Jussi,1,1.0,1,-0.0,Jussi (1)
3,John / Jaan / Jussi / Hans,Isojoki,Finland/Savo-Karelia,Finnish,su,1,Jussi,1,1.0,1,-0.0,Jussi (1)
3,John / Jaan / Jussi / Hans,Johannes,Finland/Savo-Karelia,Finnish,su,1,Other,1,1.0,1,-0.0,Other (1)
3,John / Jaan / Jussi / Hans,Jokioinen,Finland/Savo-Karelia,Finnish,su,1,Jussi,1,1.0,1,-0.0,Jussi (1)
3,John / Jaan / Jussi / Hans,Joutseno,Finland/Savo-Karelia,Finnish,su,1,Jussi,1,1.0,1,-0.0,Jussi (1)
3,John / Jaan / Jussi / Hans,Juuka,Finland/Savo-Karelia,Finnish,su,1,Jussi,1,1.0,1,-0.0,Jussi (1)
3,John / Jaan / Jussi / Hans,Jällivaara,Finland/Savo-Karelia,Tornedalen Finnish,su,1,Jussi,1,1.0,1,-0.0,Jussi (1)
3,John / Jaan / Jussi / Hans,Kalajoki,Finland/Savo-Karelia,Finnish,su,1,Jussi,1,1.0,1,-0.0,Jussi (1)
3,John / Jaan / Jussi / Hans,Kangasala,Finland/Savo-Karelia,Finnish,su,1,Jussi,1,1.0,1,-0.0,Jussi (1)
3,John / Jaan / Jussi / Hans,Kankaanpää,Finland/Savo-Karelia,Finnish,su,1,Other,1,1.0,1,-0.0,Other (1)
3,John / Jaan / Jussi / Hans,Karinainen,Finland/Savo-Karelia,Finnish,su,1,Jussi,1,1.0,1,-0.0,Jussi (1)
3,John / Jaan / Jussi / Hans,Karstula,Finland/Savo-Karelia,Finnish,su,1,Jussi,1,1.0,1,-0.0,Jussi (1)
3,John / Jaan / Jussi / Hans,Karttula,Finland/Savo-Karelia,Finnish,su,1,Jussi,1,1.0,1,-0.0,Jussi (1)
3,John / Jaan / Jussi / Hans,Karunki,Finland/Savo-Karelia,Finnish,su,1,Jussi,1,1.0,1,-0.0,Jussi (1)
3,John / Jaan / Jussi / Hans,Kauvatsa,Finland/Savo-Karelia,Finnish,su,1,Jussi,1,1.0,1,-0.0,Jussi (1)
3,John / Jaan / Jussi / Hans,Keila,Estonia core/west,North Estonian,viP,1,Other,1,1.0,1,-0.0,Other (1)
3,John / Jaan / Jussi / Hans,Kemi,Finland/Savo-Karelia,Finnish,su,1,Jussi,1,1.0,1,-0.0,Jussi (1)
3,John / Jaan / Jussi / Hans,Kerimäki,Finland/Savo-Karelia,Finnish,su,1,Jussi,1,1.0,1,-0.0,Jussi (1)
3,John / Jaan / Jussi / Hans,Kiikka,Finland/Savo-Karelia,Finnish,su,1,Jussi,1,1.0,1,-0.0,Jussi (1)
3,John / Jaan / Jussi / Hans,Kiikoinen,Finland/Savo-Karelia,Finnish,su,1,Jussi,1,1.0,1,-0.0,Jussi (1)
3,John / Jaan / Jussi / Hans,Kinnula,Finland/Savo-Karelia,Finnish,su,1,Jussi,1,1.0,1,-0.0,Jussi (1)
3,John / Jaan / Jussi / Hans,Kirvu,Finland/Savo-Karelia,Finnish,su,1,Jussi,1,1.0,1,-0.0,Jussi (1)
3,John / Jaan / Jussi / Hans,Kontokki,East Karelia/Veps/Tver,Karelian Proper,ka,1,Jussi,1,1.0,1,-0.0,Jussi (1)
3,John / Jaan / Jussi / Hans,Koprina,Ingria,Finnish,su,1,Jussi,1,1.0,1,-0.0,Jussi (1)
3,John / Jaan / Jussi / Hans,Korpiselkä,East Karelia/Veps/Tver,Karelian Proper,ka,1,Jussi,1,1.0,1,-0.0,Jussi (1)
3,John / Jaan / Jussi / Hans,Koski Tl.,Finland/Savo-Karelia,Finnish,su,1,Jussi,1,1.0,1,-0.0,Jussi (1)
3,John / Jaan / Jussi / Hans,Kuhmo,Finland/Savo-Karelia,Finnish,su,1,Jussi,1,1.0,1,-0.0,Jussi (1)
3,John / Jaan / Jussi / Hans,Kuopio,Finland/Savo-Karelia,Finnish,su,1,Jussi,1,1.0,1,-0.0,Jussi (1)
3,John / Jaan / Jussi / Hans,Kupanitsa,Ingria,Finnish,su,1,Other,1,1.0,1,-0.0,Other (1)
3,John / Jaan / Jussi / Hans,Kurikka,Finland/Savo-Karelia,Finnish,su,1,Jussi,1,1.0,1,-0.0,Jussi (1)
3,John / Jaan / Jussi / Hans,Kurkijoki,Finland/Savo-Karelia,Finnish,su,1,Jussi,1,1.0,1,-0.0,Jussi (1)
3,John / Jaan / Jussi / Hans,Kymi,Finland/Savo-Karelia,Finnish,su,1,Hans,1,1.0,1,-0.0,Hans (1)
3,John / Jaan / Jussi / Hans,Kärla,Estonia core/west,North Estonian,viP,1,Ants,1,1.0,1,-0.0,Ants (1)
3,John / Jaan / Jussi / Hans,Lapinlahti,Finland/Savo-Karelia,Finnish,su,1,Jussi,1,1.0,1,-0.0,Jussi (1)
3,John / Jaan / Jussi / Hans,Lappajärvi,Finland/Savo-Karelia,Finnish,su,1,Jussi,1,1.0,1,-0.0,Jussi (1)
3,John / Jaan / Jussi / Hans,Lappee,Finland/Savo-Karelia,Finnish,su,1,Jussi,1,1.0,1,-0.0,Jussi (1)
3,John / Jaan / Jussi / Hans,Lapväärtti,Finland/Savo-Karelia,Outside selected Finnic areas,ru,1,Jussi,1,1.0,1,-0.0,Jussi (1)
3,John / Jaan / Jussi / Hans,Lavansaari,Finland/Savo-Karelia,Finnish,su,1,Other,1,1.0,1,-0.0,Other (1)
3,John / Jaan / Jussi / Hans,Lehtimäki,Finland/Savo-Karelia,Finnish,su,1,Jussi,1,1.0,1,-0.0,Jussi (1)
3,John / Jaan / Jussi / Hans,Liperi,Finland/Savo-Karelia,Finnish,su,1,Jussi,1,1.0,1,-0.0,Jussi (1)
3,John / Jaan / Jussi / Hans,Loppi,Finland/Savo-Karelia,Finnish,su,1,Jussi,1,1.0,1,-0.0,Jussi (1)
3,John / Jaan / Jussi / Hans,Luumäki,Finland/Savo-Karelia,Finnish,su,1,Other,1,1.0,1,-0.0,Other (1)
3,John / Jaan / Jussi / Hans,Luvia,Finland/Savo-Karelia,Finnish,su,1,Jussi,1,1.0,1,-0.0,Jussi (1)
3,John / Jaan / Jussi / Hans,Längelmäki,Finland/Savo-Karelia,Finnish,su,1,Jussi,1,1.0,1,-0.0,Jussi (1)
3,John / Jaan / Jussi / Hans,Merikarvia,Finland/Savo-Karelia,Outside selected Finnic areas,ru,1,Jussi,1,1.0,1,-0.0,Jussi (1)
3,John / Jaan / Jussi / Hans,Merimasku,Finland/Savo-Karelia,Finnish,su,1,Jussi,1,1.0,1,-0.0,Jussi (1)
3,John / Jaan / Jussi / Hans,Messukylä,Finland/Savo-Karelia,Finnish,su,1,Jussi,1,1.0,1,-0.0,Jussi (1)
3,John / Jaan / Jussi / Hans,Metsäpirtti,Finland/Savo-Karelia,Finnish,su,1,Jussi,1,1.0,1,-0.0,Jussi (1)
3,John / Jaan / Jussi / Hans,Mietoinen,Finland/Savo-Karelia,Finnish,su,1,Jussi,1,1.0,1,-0.0,Jussi (1)
3,John / Jaan / Jussi / Hans,Moloskovitsa,Ingria,Finnish,su,1,Jussi,1,1.0,1,-0.0,Jussi (1)
3,John / Jaan / Jussi / Hans,Muhos,Finland/Savo-Karelia,Finnish,su,1,Jussi,1,1.0,1,-0.0,Jussi (1)
3,John / Jaan / Jussi / Hans,Myrskylä,Finland/Savo-Karelia,Finnish,su,1,Jussi,1,1.0,1,-0.0,Jussi (1)
3,John / Jaan / Jussi / Hans,Nastola,Finland/Savo-Karelia,Finnish,su,1,Jussi,1,1.0,1,-0.0,Jussi (1)
3,John / Jaan / Jussi / Hans,Nissi,Estonia core/west,North Estonian,viP,1,jaanike,1,1.0,1,-0.0,jaanike (1)
3,John / Jaan / Jussi / Hans,Noormarkku,Finland/Savo-Karelia,Finnish,su,1,Jussi,1,1.0,1,-0.0,Jussi (1)
3,John / Jaan / Jussi / Hans,Nousiainen,Finland/Savo-Karelia,Finnish,su,1,Jussi,1,1.0,1,-0.0,Jussi (1)
3,John / Jaan / Jussi / Hans,Nurmijärvi,Finland/Savo-Karelia,Finnish,su,1,Hans,1,1.0,1,-0.0,Hans (1)
3,John / Jaan / Jussi / Hans,Oulu,Finland/Savo-Karelia,Finnish,su,1,Other,1,1.0,1,-0.0,Other (1)
3,John / Jaan / Jussi / Hans,Paltamo,Finland/Savo-Karelia,Finnish,su,1,Other,1,1.0,1,-0.0,Other (1)
3,John / Jaan / Jussi / Hans,Perho,Finland/Savo-Karelia,Finnish,su,1,Jussi,1,1.0,1,-0.0,Jussi (1)
3,John / Jaan / Jussi / Hans,Perniö,Finland/Savo-Karelia,Finnish,su,1,Jussi,1,1.0,1,-0.0,Jussi (1)
3,John / Jaan / Jussi / Hans,Pirkkala,Finland/Savo-Karelia,Finnish,su,1,Jussi,1,1.0,1,-0.0,Jussi (1)
3,John / Jaan / Jussi / Hans,Pistojärvi,East Karelia/Veps/Tver,Karelian Proper,ka,1,Other,1,1.0,1,-0.0,Other (1)
3,John / Jaan / Jussi / Hans,Polvijärvi,Finland/Savo-Karelia,Finnish,su,1,Jussi,1,1.0,1,-0.0,Jussi (1)
3,John / Jaan / Jussi / Hans,Pukkila,Finland/Savo-Karelia,Finnish,su,1,Other,1,1.0,1,-0.0,Other (1)
3,John / Jaan / Jussi / Hans,Pusula,Finland/Savo-Karelia,Finnish,su,1,Jussi,1,1.0,1,-0.0,Jussi (1)
3,John / Jaan / Jussi / Hans,Pälkjärvi,Finland/Savo-Karelia,Finnish,su,1,Jussi,1,1.0,1,-0.0,Jussi (1)
3,John / Jaan / Jussi / Hans,Rauma,Finland/Savo-Karelia,Finnish,su,1,Jussi,1,1.0,1,-0.0,Jussi (1)
3,John / Jaan / Jussi / Hans,Rautalampi,Finland/Savo-Karelia,Finnish,su,1,Other,1,1.0,1,-0.0,Other (1)
3,John / Jaan / Jussi / Hans,Rautavaara,Finland/Savo-Karelia,Finnish,su,1,Jussi,1,1.0,1,-0.0,Jussi (1)
3,John / Jaan / Jussi / Hans,Reigi,Estonia core/west,North Estonian,viP,1,Jaan,1,1.0,1,-0.0,Jaan (1)
3,John / Jaan / Jussi / Hans,Ridala,Estonia core/west,North Estonian,viP,1,Ants,1,1.0,1,-0.0,Ants (1)
3,John / Jaan / Jussi / Hans,Rusko,Finland/Savo-Karelia,Finnish,su,1,Jussi,1,1.0,1,-0.0,Jussi (1)
3,John / Jaan / Jussi / Hans,Rääpyvä,Ingria,Finnish,su,1,Jussi,1,1.0,1,-0.0,Jussi (1)
3,John / Jaan / Jussi / Hans,Siikajoki,Finland/Savo-Karelia,Finnish,su,1,Jussi,1,1.0,1,-0.0,Jussi (1)
3,John / Jaan / Jussi / Hans,Siilinjärvi,Finland/Savo-Karelia,Finnish,su,1,Jussi,1,1.0,1,-0.0,Jussi (1)
3,John / Jaan / Jussi / Hans,Simo,Finland/Savo-Karelia,Finnish,su,1,Jussi,1,1.0,1,-0.0,Jussi (1)
3,John / Jaan / Jussi / Hans,Soanlahti,East Karelia/Veps/Tver,Finnish,su,1,Jussi,1,1.0,1,-0.0,Jussi (1)
3,John / Jaan / Jussi / Hans,Somerniemi,Finland/Savo-Karelia,Finnish,su,1,Jussi,1,1.0,1,-0.0,Jussi (1)
3,John / Jaan / Jussi / Hans,Soutjärvi,East Karelia/Veps/Tver,Veps,ve,1,Other,1,1.0,1,-0.0,Other (1)
3,John / Jaan / Jussi / Hans,Sulkava,Finland/Savo-Karelia,Finnish,su,1,Jussi,1,1.0,1,-0.0,Jussi (1)
3,John / Jaan / Jussi / Hans,Suomussalmi,Finland/Savo-Karelia,Finnish,su,1,Jussi,1,1.0,1,-0.0,Jussi (1)
3,John / Jaan / Jussi / Hans,Sääksmäki,Finland/Savo-Karelia,Finnish,su,1,Jussi,1,1.0,1,-0.0,Jussi (1)
3,John / Jaan / Jussi / Hans,Taivassalo,Finland/Savo-Karelia,Finnish,su,1,Jussi,1,1.0,1,-0.0,Jussi (1)
3,John / Jaan / Jussi / Hans,Tarvasjoki,Finland/Savo-Karelia,Finnish,su,1,Other,1,1.0,1,-0.0,Other (1)
3,John / Jaan / Jussi / Hans,Terijoki,Finland/Savo-Karelia,Finnish,su,1,Jussi,1,1.0,1,-0.0,Jussi (1)
3,John / Jaan / Jussi / Hans,Tervo,Finland/Savo-Karelia,Finnish,su,1,Jussi,1,1.0,1,-0.0,Jussi (1)
3,John / Jaan / Jussi / Hans,Tohmajärvi,Finland/Savo-Karelia,Finnish,su,1,Jussi,1,1.0,1,-0.0,Jussi (1)
3,John / Jaan / Jussi / Hans,Tuupovaara,Finland/Savo-Karelia,Finnish,su,1,Other,1,1.0,1,-0.0,Other (1)
3,John / Jaan / Jussi / Hans,Tyrväntö,Finland/Savo-Karelia,Finnish,su,1,Jussi,1,1.0,1,-0.0,Jussi (1)
3,John / Jaan / Jussi / Hans,Tyrö,Ingria,Finnish,su,1,Jussi,1,1.0,1,-0.0,Jussi (1)
3,John / Jaan / Jussi / Hans,Tytärsaari,Finland/Savo-Karelia,Finnish,su,1,Jussi,1,1.0,1,-0.0,Jussi (1)
3,John / Jaan / Jussi / Hans,Uhtua,East Karelia/Veps/Tver,Karelian Proper,ka,1,Jussi,1,1.0,1,-0.0,Jussi (1)
3,John / Jaan / Jussi / Hans,Ulvila,Finland/Savo-Karelia,Finnish,su,1,Jussi,1,1.0,1,-0.0,Jussi (1)
3,John / Jaan / Jussi / Hans,Valjala,Estonia core/west,North Estonian,viP,1,Jaan,1,1.0,1,-0.0,Jaan (1)
3,John / Jaan / Jussi / Hans,Vanaja,Finland/Savo-Karelia,Finnish,su,1,Jussi,1,1.0,1,-0.0,Jussi (1)
3,John / Jaan / Jussi / Hans,Vehkalahti,Finland/Savo-Karelia,Finnish,su,1,Jussi,1,1.0,1,-0.0,Jussi (1)
3,John / Jaan / Jussi / Hans,Vehmaa,Finland/Savo-Karelia,Finnish,su,1,Jussi,1,1.0,1,-0.0,Jussi (1)
3,John / Jaan / Jussi / Hans,Vesanto,Finland/Savo-Karelia,Finnish,su,1,Jussi,1,1.0,1,-0.0,Jussi (1)
3,John / Jaan / Jussi / Hans,Veteli,Finland/Savo-Karelia,Finnish,su,1,Jussi,1,1.0,1,-0.0,Jussi (1)
3,John / Jaan / Jussi / Hans,Viipuri,Finland/Savo-Karelia,Finnish,su,1,Jussi,1,1.0,1,-0.0,Jussi (1)
3,John / Jaan / Jussi / Hans,Ylihärmä,Finland/Savo-Karelia,Finnish,su,1,Jussi,1,1.0,1,-0.0,Jussi (1)
3,John / Jaan / Jussi / Hans,Ylikiiminki,Finland/Savo-Karelia,Finnish,su,1,Jussi,1,1.0,1,-0.0,Jussi (1)
3,John / Jaan / Jussi / Hans,Ypäjä,Finland/Savo-Karelia,Finnish,su,1,Jussi,1,1.0,1,-0.0,Jussi (1)
3,John / Jaan / Jussi / Hans,Ähtäri,Finland/Savo-Karelia,Finnish,su,1,Other,1,1.0,1,-0.0,Other (1)
3,John / Jaan / Jussi / Hans,Östmark,Finland/Savo-Karelia,Finnish,su,1,Other,1,1.0,1,-0.0,Other (1)
4,Catherine / Kadri / Katri,Paistu,Estonia core/west,South Estonian,viE,98,Katri,52,0.5306122448979592,5,1.2753,Katri (52); Kadri (21); kadri (11); Kaie (10); Other (4)
4,Catherine / Kadri / Katri,Narvusi,Ingria,Ingrian,in,78,Kati,34,0.4358974358974359,4,1.2886,Kati (34); Katri (18); Kaisa (16); Other (10)
4,Catherine / Kadri / Katri,Räpina,South Estonia/Seto,South Estonian,viE,78,kadrik,47,0.6025641025641025,4,0.8536,kadrik (47); Kadri (27); Kaie (3); Other (1)
4,Catherine / Kadri / Katri,Karula,South Estonia/Seto,South Estonian,viE,75,kadrina,44,0.5866666666666667,3,0.9591,kadrina (44); Kadri (18); Katri (13)
4,Catherine / Kadri / Katri,Viljandi,Estonia core/west,North Estonian,viP,74,Katri,48,0.6486486486486487,4,0.9173,Katri (48); Kadri (17); Other (8); Kaie (1)
4,Catherine / Kadri / Katri,Helme,Estonia core/west,South Estonian,viE,69,Kadri,61,0.8840579710144928,3,0.4355,Kadri (61); Other (5); Kaie (3)
4,Catherine / Kadri / Katri,Karksi,Estonia core/west,South Estonian,viE,58,Kadri,40,0.6896551724137931,3,0.8027,Kadri (40); Other (13); Kaie (5)
4,Catherine / Kadri / Katri,Haljala,Estonia core/west,North Estonian,viP,57,Kadri,19,0.3333333333333333,4,1.3444,Kadri (19); Kaie (15); Katri (15); Other (8)
4,Catherine / Kadri / Katri,Audru,Estonia core/west,North Estonian,viP,50,Kadri,34,0.68,4,0.9596,Kadri (34); Other (8); Kaie (4); kadri (4)
4,Catherine / Kadri / Katri,Ambla,Estonia core/west,North Estonian,viP,48,Kadri,32,0.6666666666666666,3,0.857,Kadri (32); Other (10); Kaie (6)
4,Catherine / Kadri / Katri,Halliste,Estonia core/west,South Estonian,viE,44,Kadri,35,0.7954545454545454,4,0.7236,Kadri (35); kadri (4); Other (3); Kaie (2)
4,Catherine / Kadri / Katri,Kose,Estonia core/west,North Estonian,viP,40,Kadri,14,0.35,4,1.2986,Kadri (14); kadri (13); Kaie (9); Other (4)
4,Catherine / Kadri / Katri,Pärnu-Jaagupi,Estonia core/west,North Estonian,viP,39,kadri,22,0.5641025641025641,3,0.7824,kadri (22); Kadri (16); Other (1)
4,Catherine / Kadri / Katri,Simuna,Estonia core/west,North Estonian,viP,36,Kadri,23,0.6388888888888888,3,0.8947,Kadri (23); Other (8); Kaie (5)
4,Catherine / Kadri / Katri,Kadrina,Estonia core/west,North Estonian,viP,35,Other,15,0.42857142857142855,3,1.079,Other (15); Kadri (10); Kaie (10)
4,Catherine / Kadri / Katri,Karuse,Estonia core/west,North Estonian,viP,34,Kadri,30,0.8823529411764706,2,0.3622,Kadri (30); Kaie (4)
4,Catherine / Kadri / Katri,Vigala,Estonia core/west,North Estonian,viP,34,Kadri,15,0.4411764705882353,4,1.2986,Kadri (15); kadri (7); Kaie (6); Other (6)
4,Catherine / Kadri / Katri,Setumaa,South Estonia/Seto,South Estonian,viE,33,Kadri,17,0.5151515151515151,6,1.3228,Kadri (17); kadri (8); Other (4); Kati (2); Kaie (1); Katri (1)
4,Catherine / Kadri / Katri,Risti,Estonia core/west,North Estonian,viP,32,kadri,17,0.53125,3,0.8753,kadri (17); Other (13); Kadri (2)
4,Catherine / Kadri / Katri,Peetri,Estonia core/west,North Estonian,viP,29,Kadri,19,0.6551724137931034,4,1.008,Kadri (19); Other (4); kadri (4); Kaie (2)
4,Catherine / Kadri / Katri,Tori,Estonia core/west,North Estonian,viP,28,Kadri,22,0.7857142857142857,3,0.656,Kadri (22); Other (4); Kaie (2)
4,Catherine / Kadri / Katri,Türi,Estonia core/west,North Estonian,viP,28,Kadri,18,0.6428571428571429,4,0.9381,Kadri (18); Kaie (7); Other (2); kadri (1)
4,Catherine / Kadri / Katri,Põltsamaa,Estonia core/west,North Estonian,viP,26,Kadri,14,0.5384615384615384,3,0.984,Kadri (14); Kaie (8); Other (4)
4,Catherine / Kadri / Katri,Tyrö,Ingria,Finnish,su,25,Kaisa,9,0.36,3,1.097,Kaisa (9); Katri (8); Other (8)
4,Catherine / Kadri / Katri,Kuusalu,Estonia core/west,North Estonian,viP,24,Kadri,11,0.4583333333333333,3,1.024,Kadri (11); Other (9); Kaie (4)
4,Catherine / Kadri / Katri,Soikkola,Ingria,Ingrian,in,24,Kaisa,13,0.5416666666666666,4,1.1646,Kaisa (13); Other (5); Kati (4); Katri (2)
4,Catherine / Kadri / Katri,Tarvastu,Estonia core/west,South Estonian,viE,24,Kadri,15,0.625,5,1.1171,Kadri (15); Other (4); Katri (3); Kaie (1); Kati (1)
4,Catherine / Kadri / Katri,Häädemeeste,Estonia core/west,North Estonian,viP,23,kadri,13,0.5652173913043478,4,0.9625,kadri (13); Kadri (8); Kaie (1); Other (1)
4,Catherine / Kadri / Katri,Juuru,Estonia core/west,North Estonian,viP,23,kadri,13,0.5652173913043478,3,0.9772,kadri (13); Kadri (6); Other (4)
4,Catherine / Kadri / Katri,Põlva,South Estonia/Seto,South Estonian,viE,23,Kadri,21,0.9130434782608695,2,0.2954,Kadri (21); Kaie (2)
4,Catherine / Kadri / Katri,Tõstamaa,Estonia core/west,North Estonian,viP,23,Kadri,20,0.8695652173913043,3,0.4702,Kadri (20); Other (2); Kaie (1)
4,Catherine / Kadri / Katri,Laiuse,Estonia core/west,North Estonian,viP,22,Kadri,17,0.7727272727272727,3,0.6889,Kadri (17); Kaie (3); Other (2)
4,Catherine / Kadri / Katri,Suure-Jaani,Estonia core/west,North Estonian,viP,22,Kadri,16,0.7272727272727273,3,0.7088,Kadri (16); Kaie (5); Other (1)
4,Catherine / Kadri / Katri,Venjoki,Ingria,Finnish,su,22,Kaisa,12,0.5454545454545454,4,1.0535,Kaisa (12); Katri (7); Other (2); Kati (1)
4,Catherine / Kadri / Katri,Kalajoki,Finland/Savo-Karelia,Finnish,su,21,Other,20,0.9523809523809523,2,0.1914,Other (20); Kaisa (1)
4,Catherine / Kadri / Katri,Vuole,Ingria,Finnish,su,20,Kati,16,0.8,3,0.6129,Kati (16); Katri (3); Other (1)
4,Catherine / Kadri / Katri,Väike-Maarja,Estonia core/west,North Estonian,viP,20,Kaie,10,0.5,3,0.9986,Kaie (10); Kadri (7); Other (3)
4,Catherine / Kadri / Katri,Märjamaa,Estonia core/west,North Estonian,viP,19,Kadri,11,0.5789473684210527,3,0.9174,Kadri (11); kadri (6); Kaie (2)
4,Catherine / Kadri / Katri,Kodavere,Estonia core/west,North Estonian,viP,18,Other,9,0.5,3,1.0114,Other (9); Kadri (6); Kaie (3)
4,Catherine / Kadri / Katri,Kupanitsa,Ingria,Finnish,su,18,Kati,14,0.7777777777777778,3,0.6547,Kati (14); Other (3); Katri (1)
4,Catherine / Kadri / Katri,Kõpu,Estonia core/west,North Estonian,viP,18,Kadri,15,0.8333333333333334,3,0.5566,Kadri (15); Kaie (2); Other (1)
4,Catherine / Kadri / Katri,Muhu,Estonia core/west,North Estonian,viP,18,Kadri,18,1.0,1,-0.0,Kadri (18)
4,Catherine / Kadri / Katri,Vändra,Estonia core/west,North Estonian,viP,18,Kadri,6,0.3333333333333333,4,1.3549,Kadri (6); kadri (5); Other (4); Kaie (3)
4,Catherine / Kadri / Katri,Rakvere,Estonia core/west,North Estonian,viP,17,Other,7,0.4117647058823529,3,1.0852,Other (7); Kadri (5); kadri (5)
4,Catherine / Kadri / Katri,Harju-Jaani,Estonia core/west,North Estonian,viP,16,Kadri,13,0.8125,3,0.6019,Kadri (13); Other (2); Kaie (1)
4,Catherine / Kadri / Katri,Järva-Jaani,Estonia core/west,North Estonian,viP,14,Kadri,6,0.42857142857142855,4,1.2397,Kadri (6); kadri (4); Other (3); Kaie (1)
4,Catherine / Kadri / Katri,Koprina,Ingria,Finnish,su,14,Katri,10,0.7142857142857143,3,0.7589,Katri (10); Kati (3); Other (1)
4,Catherine / Kadri / Katri,Sortavala,East Karelia/Veps/Tver,Finnish,su,14,Other,7,0.5,3,1.0346,Other (7); Katri (4); Kaisa (3)
4,Catherine / Kadri / Katri,Toksova,Ingria,Finnish,su,14,Kati,6,0.42857142857142855,3,1.0042,Kati (6); Other (6); Katri (2)
4,Catherine / Kadri / Katri,Kullamaa,Estonia core/west,North Estonian,viP,13,Kadri,8,0.6153846153846154,2,0.6663,Kadri (8); kadri (5)
4,Catherine / Kadri / Katri,Palamuse,Estonia core/west,North Estonian,viP,13,Kadri,9,0.6923076923076923,3,0.7903,Kadri (9); Kaie (3); Other (1)
4,Catherine / Kadri / Katri,Hietamäki,Ingria,Finnish,su,12,Katri,10,0.8333333333333334,2,0.4506,Katri (10); Other (2)
4,Catherine / Kadri / Katri,Ilomantsi,Finland/Savo-Karelia,Finnish,su,12,Kaisa,12,1.0,1,-0.0,Kaisa (12)
4,Catherine / Kadri / Katri,Hanila,Estonia core/west,North Estonian,viP,11,Kadri,10,0.9090909090909091,2,0.3046,Kadri (10); Kaie (1)
4,Catherine / Kadri / Katri,Koeru,Estonia core/west,North Estonian,viP,11,Kadri,6,0.5454545454545454,3,0.9165,Kadri (6); Kaie (4); Other (1)
4,Catherine / Kadri / Katri,Moloskovitsa,Ingria,Finnish,su,11,Katri,6,0.5454545454545454,3,0.9949,Katri (6); Other (3); Kati (2)
4,Catherine / Kadri / Katri,Rõuge,South Estonia/Seto,South Estonian,viE,11,Kadri,5,0.45454545454545453,3,1.0362,Kadri (5); Other (4); Katri (2)
4,Catherine / Kadri / Katri,Serepetta,Ingria,Finnish,su,11,Other,7,0.6363636363636364,3,0.9075,Other (7); Kati (2); Katri (2)
4,Catherine / Kadri / Katri,Varbla,Estonia core/west,North Estonian,viP,11,Kadri,10,0.9090909090909091,2,0.3046,Kadri (10); Other (1)
4,Catherine / Kadri / Katri,Jõhvi,Estonia core/west,North Estonian,viP,10,Kadri,5,0.5,3,0.9433,Kadri (5); Kaie (4); Other (1)
4,Catherine / Kadri / Katri,Jüri,Estonia core/west,North Estonian,viP,10,Kaie,5,0.5,3,0.9433,Kaie (5); Kadri (4); Other (1)
4,Catherine / Kadri / Katri,Suistamo,East Karelia/Veps/Tver,Livvi-Karelian,ka,10,Other,5,0.5,3,0.9433,Other (5); Kaisa (4); Katri (1)
4,Catherine / Kadri / Katri,Torma,Estonia core/west,North Estonian,viP,10,Kadri,4,0.4,3,1.0549,Kadri (4); Kaie (4); Other (2)
4,Catherine / Kadri / Katri,Kanepi,South Estonia/Seto,South Estonian,viE,9,Other,3,0.3333333333333333,4,1.3108,Other (3); kadri (3); Kadri (2); Kaie (1)
4,Catherine / Kadri / Katri,Paide,Estonia core/west,North Estonian,viP,9,Kaie,8,0.8888888888888888,2,0.3488,Kaie (8); Other (1)
4,Catherine / Kadri / Katri,Pyhäjärvi Vpl.,Finland/Savo-Karelia,Finnish,su,9,Katri,9,1.0,1,-0.0,Katri (9)
4,Catherine / Kadri / Katri,Pärnu,Estonia core/west,North Estonian,viP,9,Kadri,7,0.7777777777777778,2,0.5297,Kadri (7); Kaie (2)
4,Catherine / Kadri / Katri,Sangaste,Estonia core/west,South Estonian,viE,9,Kadri,3,0.3333333333333333,4,1.3108,Kadri (3); Kaie (3); Other (2); Katri (1)
4,Catherine / Kadri / Katri,Tuupovaara,Finland/Savo-Karelia,Finnish,su,9,Kaisa,7,0.7777777777777778,2,0.5297,Kaisa (7); Katri (2)
4,Catherine / Kadri / Katri,Järva-Madise,Estonia core/west,North Estonian,viP,8,Kadri,5,0.625,3,0.9003,Kadri (5); Other (2); kadri (1)
4,Catherine / Kadri / Katri,Kolga-Jaani,Estonia core/west,North Estonian,viP,8,Kaie,6,0.75,2,0.5623,Kaie (6); Other (2)
4,Catherine / Kadri / Katri,Maarja-Magdaleena,Estonia core/west,North Estonian,viP,8,Kaie,5,0.625,2,0.6616,Kaie (5); Kadri (3)
4,Catherine / Kadri / Katri,Urvaste,South Estonia/Seto,South Estonian,viE,8,Other,4,0.5,3,0.9743,Other (4); kadri (3); Kadri (1)
4,Catherine / Kadri / Katri,Viru-Nigula,Estonia core/west,North Estonian,viP,8,Kadri,4,0.5,4,1.213,Kadri (4); Kaie (2); Katri (1); Other (1)
4,Catherine / Kadri / Katri,Võnnu,Estonia core/west,South Estonian,viE,8,Kadri,4,0.5,3,0.9743,Kadri (4); Other (3); Kaie (1)
4,Catherine / Kadri / Katri,Juva,Finland/Savo-Karelia,Finnish,su,7,Kaisa,6,0.8571428571428571,2,0.4101,Kaisa (6); Other (1)
4,Catherine / Kadri / Katri,Lempaala,Finland/Savo-Karelia,Finnish,su,7,Other,5,0.7142857142857143,2,0.5983,Other (5); Kaisa (2)
4,Catherine / Kadri / Katri,Rapla,Estonia core/west,North Estonian,viP,7,Kadri,5,0.7142857142857143,2,0.5983,Kadri (5); Kaie (2)
4,Catherine / Kadri / Katri,Viru-Jaagupi,Estonia core/west,North Estonian,viP,7,Kadri,4,0.5714285714285714,2,0.6829,Kadri (4); Other (3)
4,Catherine / Kadri / Katri,Kaprio,Ingria,Finnish,su,6,Other,5,0.8333333333333334,2,0.4506,Other (5); Katri (1)
4,Catherine / Kadri / Katri,Lemi,Finland/Savo-Karelia,Finnish,su,6,Kaisa,5,0.8333333333333334,2,0.4506,Kaisa (5); Other (1)
4,Catherine / Kadri / Katri,Nõo,Estonia core/west,South Estonian,viE,6,kadri,5,0.8333333333333334,2,0.4506,kadri (5); Other (1)
4,Catherine / Kadri / Katri,Vaivara,Estonia core/west,North Estonian,viP,6,Other,3,0.5,3,1.0114,Other (3); Kadri (2); Kaie (1)
4,Catherine / Kadri / Katri,Äksi,Estonia core/west,North Estonian,viP,6,Kadri,4,0.6666666666666666,2,0.6365,Kadri (4); Kaie (2)
4,Catherine / Kadri / Katri,Harju-Madise,Estonia core/west,North Estonian,viP,5,Kadri,5,1.0,1,-0.0,Kadri (5)
4,Catherine / Kadri / Katri,Impilahti,East Karelia/Veps/Tver,Livvi-Karelian,ka,5,Other,3,0.6,2,0.673,Other (3); Kaisa (2)
4,Catherine / Kadri / Katri,Kangasniemi,Finland/Savo-Karelia,Finnish,su,5,Katri,2,0.4,3,1.0549,Katri (2); Other (2); Kaisa (1)
4,Catherine / Kadri / Katri,Keltto,Ingria,Finnish,su,5,Other,3,0.6,2,0.673,Other (3); Katri (2)
4,Catherine / Kadri / Katri,Koivisto,Finland/Savo-Karelia,Finnish,su,5,Katri,5,1.0,1,-0.0,Katri (5)
4,Catherine / Kadri / Katri,Pöide,Estonia core/west,North Estonian,viP,5,kadri,3,0.6,2,0.673,kadri (3); Kaie (2)
4,Catherine / Kadri / Katri,Rääpyvä,Ingria,Finnish,su,5,Katri,4,0.8,2,0.5004,Katri (4); Other (1)
4,Catherine / Kadri / Katri,Rõngu,Estonia core/west,South Estonian,viE,5,Kadri,4,0.8,2,0.5004,Kadri (4); kadri (1)
4,Catherine / Kadri / Katri,Soanlahti,East Karelia/Veps/Tver,Finnish,su,5,Katri,4,0.8,2,0.5004,Katri (4); Kaisa (1)
4,Catherine / Kadri / Katri,Tartu-Maarja,Estonia core/west,South Estonian,viE,5,Kadri,3,0.6,2,0.673,Kadri (3); Kaie (2)
4,Catherine / Kadri / Katri,Uukuniemi,East Karelia/Veps/Tver,Finnish,su,5,Katri,5,1.0,1,-0.0,Katri (5)
4,Catherine / Kadri / Katri,Jämaja,Estonia core/west,North Estonian,viP,4,Kaie,3,0.75,2,0.5623,Kaie (3); Kadri (1)
4,Catherine / Kadri / Katri,Kihnu,Estonia core/west,North Estonian,viP,4,Kaie,3,0.75,2,0.5623,Kaie (3); Other (1)
4,Catherine / Kadri / Katri,Pilistvere,Estonia core/west,North Estonian,viP,4,Kaie,3,0.75,2,0.5623,Kaie (3); Other (1)
4,Catherine / Kadri / Katri,Saarde,Estonia core/west,North Estonian,viP,4,Kadri,2,0.5,3,1.0397,Kadri (2); Kaie (1); Other (1)
4,Catherine / Kadri / Katri,Tohmajärvi,Finland/Savo-Karelia,Finnish,su,4,Kaisa,2,0.5,2,0.6931,Kaisa (2); Katri (2)
4,Catherine / Kadri / Katri,Vastseliina,South Estonia/Seto,South Estonian,viE,4,Katri,3,0.75,2,0.5623,Katri (3); Kati (1)
4,Catherine / Kadri / Katri,Iisaku,Estonia core/west,North Estonian,viP,3,Kaie,2,0.6666666666666666,2,0.6365,Kaie (2); Other (1)
4,Catherine / Kadri / Katri,Kemijärvi,Finland/Savo-Karelia,Finnish,su,3,Kaisa,2,0.6666666666666666,2,0.6365,Kaisa (2); Other (1)
4,Catherine / Kadri / Katri,Kuhmo,Finland/Savo-Karelia,Finnish,su,3,Katri,2,0.6666666666666666,2,0.6365,Katri (2); Kaisa (1)
4,Catherine / Kadri / Katri,Lüganuse,Estonia core/west,North Estonian,viP,3,Kaie,3,1.0,1,-0.0,Kaie (3)
4,Catherine / Kadri / Katri,Nurmes,Finland/Savo-Karelia,Finnish,su,3,Other,2,0.6666666666666666,2,0.6365,Other (2); Kaisa (1)
4,Catherine / Kadri / Katri,Pielavesi,Finland/Savo-Karelia,Finnish,su,3,Kaisa,3,1.0,1,-0.0,Kaisa (3)
4,Catherine / Kadri / Katri,Puolanka,Finland/Savo-Karelia,Finnish,su,3,Other,2,0.6666666666666666,2,0.6365,Other (2); Kaisa (1)
4,Catherine / Kadri / Katri,Rääkkylä,Finland/Savo-Karelia,Finnish,su,3,Kaisa,3,1.0,1,-0.0,Kaisa (3)
4,Catherine / Kadri / Katri,Soini,Finland/Savo-Karelia,Finnish,su,3,Kaisa,3,1.0,1,-0.0,Kaisa (3)
4,Catherine / Kadri / Katri,Suojärvi,East Karelia/Veps/Tver,Finnish,su,3,Katri,3,1.0,1,-0.0,Katri (3)
4,Catherine / Kadri / Katri,Uhtua,East Karelia/Veps/Tver,Karelian Proper,ka,3,Kaisa,3,1.0,1,-0.0,Kaisa (3)
4,Catherine / Kadri / Katri,Valtimo,Finland/Savo-Karelia,Finnish,su,3,Other,2,0.6666666666666666,2,0.6365,Other (2); Katri (1)
4,Catherine / Kadri / Katri,Virrat,Finland/Savo-Karelia,Finnish,su,3,Kaisa,3,1.0,1,-0.0,Kaisa (3)
4,Catherine / Kadri / Katri,Asikkala,Finland/Savo-Karelia,Finnish,su,2,Kaisa,2,1.0,1,-0.0,Kaisa (2)
4,Catherine / Kadri / Katri,Hartola,Finland/Savo-Karelia,Finnish,su,2,Other,2,1.0,1,-0.0,Other (2)
4,Catherine / Kadri / Katri,Hirvensalmi,Finland/Savo-Karelia,Finnish,su,2,Kaisa,1,0.5,2,0.6931,Kaisa (1); Katri (1)
4,Catherine / Kadri / Katri,Jaakkima,Finland/Savo-Karelia,Finnish,su,2,Katri,2,1.0,1,-0.0,Katri (2)
4,Catherine / Kadri / Katri,Jääski,Finland/Savo-Karelia,Finnish,su,2,Kaisa,2,1.0,1,-0.0,Kaisa (2)
4,Catherine / Kadri / Katri,Jõelähtme,Estonia core/west,North Estonian,viP,2,Kaie,2,1.0,1,-0.0,Kaie (2)
4,Catherine / Kadri / Katri,Kajaani,Finland/Savo-Karelia,Finnish,su,2,Kaisa,1,0.5,2,0.6931,Kaisa (1); Other (1)
4,Catherine / Kadri / Katri,Kambja,Estonia core/west,South Estonian,viE,2,Kadri,1,0.5,2,0.6931,Kadri (1); Other (1)
4,Catherine / Kadri / Katri,Kauhava,Finland/Savo-Karelia,Finnish,su,2,Other,2,1.0,1,-0.0,Other (2)
4,Catherine / Kadri / Katri,Kaukola,Finland/Savo-Karelia,Finnish,su,2,Kaisa,2,1.0,1,-0.0,Kaisa (2)
4,Catherine / Kadri / Katri,Kiuruvesi,Finland/Savo-Karelia,Finnish,su,2,Kaisa,1,0.5,2,0.6931,Kaisa (1); Other (1)
4,Catherine / Kadri / Katri,Kivennapa,Finland/Savo-Karelia,Finnish,su,2,Kaisa,1,0.5,2,0.6931,Kaisa (1); Other (1)
4,Catherine / Kadri / Katri,Kokemäki,Finland/Savo-Karelia,Finnish,su,2,Kaisa,1,0.5,2,0.6931,Kaisa (1); Katri (1)
4,Catherine / Kadri / Katri,Kontiolahti,Finland/Savo-Karelia,Finnish,su,2,Kaisa,1,0.5,2,0.6931,Kaisa (1); Other (1)
4,Catherine / Kadri / Katri,Kursi,Estonia core/west,North Estonian,viP,2,Kaie,2,1.0,1,-0.0,Kaie (2)
4,Catherine / Kadri / Katri,Lappee,Finland/Savo-Karelia,Finnish,su,2,Kaisa,2,1.0,1,-0.0,Kaisa (2)
4,Catherine / Kadri / Katri,Lavansaari,Finland/Savo-Karelia,Finnish,su,2,Kaisa,1,0.5,2,0.6931,Kaisa (1); Katri (1)
4,Catherine / Kadri / Katri,Loppi,Finland/Savo-Karelia,Finnish,su,2,Kaisa,2,1.0,1,-0.0,Kaisa (2)
4,Catherine / Kadri / Katri,Lääne-Nigula,Estonia core/west,North Estonian,viP,2,Kadri,1,0.5,2,0.6931,Kadri (1); Other (1)
4,Catherine / Kadri / Katri,Markkova,Ingria,Finnish,suI,2,Katri,1,0.5,2,0.6931,Katri (1); Other (1)
4,Catherine / Kadri / Katri,Metsäpirtti,Finland/Savo-Karelia,Finnish,su,2,Other,2,1.0,1,-0.0,Other (2)
4,Catherine / Kadri / Katri,Orimattila,Finland/Savo-Karelia,Finnish,su,2,Kaisa,2,1.0,1,-0.0,Kaisa (2)
4,Catherine / Kadri / Katri,Oulu,Finland/Savo-Karelia,Finnish,su,2,Kaisa,1,0.5,2,0.6931,Kaisa (1); Other (1)
4,Catherine / Kadri / Katri,Parikkala,Finland/Savo-Karelia,Finnish,su,2,Kaisa,1,0.5,2,0.6931,Kaisa (1); Other (1)
4,Catherine / Kadri / Katri,Puhja,Estonia core/west,South Estonian,viE,2,Kaie,2,1.0,1,-0.0,Kaie (2)
4,Catherine / Kadri / Katri,Pusula,Finland/Savo-Karelia,Finnish,su,2,Kaisa,2,1.0,1,-0.0,Kaisa (2)
4,Catherine / Kadri / Katri,Rannu,Estonia core/west,South Estonian,viE,2,Kadri,1,0.5,2,0.6931,Kadri (1); Kaie (1)
4,Catherine / Kadri / Katri,Rovaniemi,Finland/Savo-Karelia,Finnish,su,2,Kaisa,1,0.5,2,0.6931,Kaisa (1); Kati (1)
4,Catherine / Kadri / Katri,Savonlinna,Finland/Savo-Karelia,Finnish,su,2,Kaisa,2,1.0,1,-0.0,Kaisa (2)
4,Catherine / Kadri / Katri,Suomussalmi,Finland/Savo-Karelia,Finnish,su,2,Other,2,1.0,1,-0.0,Other (2)
4,Catherine / Kadri / Katri,Tammela,Finland/Savo-Karelia,Finnish,su,2,Kaisa,2,1.0,1,-0.0,Kaisa (2)
4,Catherine / Kadri / Katri,Tolmačču,East Karelia/Veps/Tver,Karelian Proper,ka,2,Other,2,1.0,1,-0.0,Other (2)
4,Catherine / Kadri / Katri,Turku,Finland/Savo-Karelia,Finnish,su,2,Kaisa,2,1.0,1,-0.0,Kaisa (2)
4,Catherine / Kadri / Katri,Uusikirkko Tl.,Finland/Savo-Karelia,Finnish,su,2,Kaisa,1,0.5,2,0.6931,Kaisa (1); Other (1)
4,Catherine / Kadri / Katri,Viitasaari,Finland/Savo-Karelia,Finnish,su,2,Kaisa,1,0.5,2,0.6931,Kaisa (1); Katri (1)
4,Catherine / Kadri / Katri,Alatornio,Finland/Savo-Karelia,Finnish,su,1,Kaisa,1,1.0,1,-0.0,Kaisa (1)
4,Catherine / Kadri / Katri,Brandval,Finland/Savo-Karelia,Finnish,su,1,Kati,1,1.0,1,-0.0,Kati (1)
4,Catherine / Kadri / Katri,Emmaste,Estonia core/west,North Estonian,viP,1,Kati,1,1.0,1,-0.0,Kati (1)
4,Catherine / Kadri / Katri,Eno,Finland/Savo-Karelia,Finnish,su,1,Kaisa,1,1.0,1,-0.0,Kaisa (1)
4,Catherine / Kadri / Katri,Halsua,Finland/Savo-Karelia,Finnish,su,1,Kaisa,1,1.0,1,-0.0,Kaisa (1)
4,Catherine / Kadri / Katri,Hargla,South Estonia/Seto,South Estonian,viE,1,Katri,1,1.0,1,-0.0,Katri (1)
4,Catherine / Kadri / Katri,Heinävesi,Finland/Savo-Karelia,Finnish,su,1,Kaisa,1,1.0,1,-0.0,Kaisa (1)
4,Catherine / Kadri / Katri,Helsinki,Finland/Savo-Karelia,Finnish,su,1,Kaisa,1,1.0,1,-0.0,Kaisa (1)
4,Catherine / Kadri / Katri,Hollola,Finland/Savo-Karelia,Finnish,su,1,Kaisa,1,1.0,1,-0.0,Kaisa (1)
4,Catherine / Kadri / Katri,Hämeenlinna,Finland/Savo-Karelia,Finnish,su,1,Kaisa,1,1.0,1,-0.0,Kaisa (1)
4,Catherine / Kadri / Katri,Joroinen,Finland/Savo-Karelia,Finnish,su,1,Kaisa,1,1.0,1,-0.0,Kaisa (1)
4,Catherine / Kadri / Katri,Jämsä,Finland/Savo-Karelia,Finnish,su,1,Kaisa,1,1.0,1,-0.0,Kaisa (1)
4,Catherine / Kadri / Katri,Jäppilä,Finland/Savo-Karelia,Finnish,su,1,Kaisa,1,1.0,1,-0.0,Kaisa (1)
4,Catherine / Kadri / Katri,Kaavi,Finland/Savo-Karelia,Finnish,su,1,Other,1,1.0,1,-0.0,Other (1)
4,Catherine / Kadri / Katri,Kanneljärvi,Finland/Savo-Karelia,Finnish,su,1,Katri,1,1.0,1,-0.0,Katri (1)
4,Catherine / Kadri / Katri,Keila,Estonia core/west,North Estonian,viP,1,Kadri,1,1.0,1,-0.0,Kadri (1)
4,Catherine / Kadri / Katri,Kerimäki,Finland/Savo-Karelia,Finnish,su,1,Kaisa,1,1.0,1,-0.0,Kaisa (1)
4,Catherine / Kadri / Katri,Kiihtelysvaara,Finland/Savo-Karelia,Finnish,su,1,Other,1,1.0,1,-0.0,Other (1)
4,Catherine / Kadri / Katri,Kitee,Finland/Savo-Karelia,Finnish,su,1,Kaisa,1,1.0,1,-0.0,Kaisa (1)
4,Catherine / Kadri / Katri,Kivijärvi,Finland/Savo-Karelia,Finnish,su,1,Other,1,1.0,1,-0.0,Other (1)
4,Catherine / Kadri / Katri,Korpiselkä,East Karelia/Veps/Tver,Karelian Proper,ka,1,Other,1,1.0,1,-0.0,Other (1)
4,Catherine / Kadri / Katri,Kuopio,Finland/Savo-Karelia,Finnish,su,1,Kaisa,1,1.0,1,-0.0,Kaisa (1)
4,Catherine / Kadri / Katri,Kuorevesi,Finland/Savo-Karelia,Finnish,su,1,Kaisa,1,1.0,1,-0.0,Kaisa (1)
4,Catherine / Kadri / Katri,Kurikka,Finland/Savo-Karelia,Finnish,su,1,Kaisa,1,1.0,1,-0.0,Kaisa (1)
4,Catherine / Kadri / Katri,Kymi,Finland/Savo-Karelia,Finnish,su,1,Kaisa,1,1.0,1,-0.0,Kaisa (1)
4,Catherine / Kadri / Katri,Käina,Estonia core/west,North Estonian,viP,1,Kadri,1,1.0,1,-0.0,Kadri (1)
4,Catherine / Kadri / Katri,Laihia,Finland/Savo-Karelia,Finnish,su,1,Kaisa,1,1.0,1,-0.0,Kaisa (1)
4,Catherine / Kadri / Katri,Liissilä,Ingria,Finnish,su,1,Katri,1,1.0,1,-0.0,Katri (1)
4,Catherine / Kadri / Katri,Luumäki,Finland/Savo-Karelia,Finnish,su,1,Katri,1,1.0,1,-0.0,Katri (1)
4,Catherine / Kadri / Katri,Maaninka,Finland/Savo-Karelia,Finnish,su,1,Katri,1,1.0,1,-0.0,Katri (1)
4,Catherine / Kadri / Katri,Muhos,Finland/Savo-Karelia,Finnish,su,1,Kaisa,1,1.0,1,-0.0,Kaisa (1)
4,Catherine / Kadri / Katri,Mustjala,Estonia core/west,North Estonian,viP,1,Other,1,1.0,1,-0.0,Other (1)
4,Catherine / Kadri / Katri,Mynämäki,Finland/Savo-Karelia,Finnish,su,1,Kaisa,1,1.0,1,-0.0,Kaisa (1)
4,Catherine / Kadri / Katri,Mäntyharju,Finland/Savo-Karelia,Finnish,su,1,Other,1,1.0,1,-0.0,Other (1)
4,Catherine / Kadri / Katri,Otepää,Estonia core/west,South Estonian,viE,1,Kaie,1,1.0,1,-0.0,Kaie (1)
4,Catherine / Kadri / Katri,Oulunsalo,Finland/Savo-Karelia,Finnish,su,1,Other,1,1.0,1,-0.0,Other (1)
4,Catherine / Kadri / Katri,Parainen,Finland/Savo-Karelia,Outside selected Finnic areas,ru,1,Kaisa,1,1.0,1,-0.0,Kaisa (1)
4,Catherine / Kadri / Katri,Perho,Finland/Savo-Karelia,Finnish,su,1,Kaisa,1,1.0,1,-0.0,Kaisa (1)
4,Catherine / Kadri / Katri,Perniö,Finland/Savo-Karelia,Finnish,su,1,Kaisa,1,1.0,1,-0.0,Kaisa (1)
4,Catherine / Kadri / Katri,Pielisjärvi,Finland/Savo-Karelia,Finnish,su,1,Other,1,1.0,1,-0.0,Other (1)
4,Catherine / Kadri / Katri,Puumala,Finland/Savo-Karelia,Finnish,su,1,Other,1,1.0,1,-0.0,Other (1)
4,Catherine / Kadri / Katri,Pöytyä,Finland/Savo-Karelia,Finnish,su,1,Kati,1,1.0,1,-0.0,Kati (1)
4,Catherine / Kadri / Katri,Pühalepa,Estonia core/west,North Estonian,viP,1,Kaie,1,1.0,1,-0.0,Kaie (1)
4,Catherine / Kadri / Katri,Ruotsinpyhtää,Finland/Savo-Karelia,Outside selected Finnic areas,ru,1,Kaisa,1,1.0,1,-0.0,Kaisa (1)
4,Catherine / Kadri / Katri,Ruovesi,Finland/Savo-Karelia,Finnish,su,1,Kaisa,1,1.0,1,-0.0,Kaisa (1)
4,Catherine / Kadri / Katri,Saarijärvi,Finland/Savo-Karelia,Finnish,su,1,Kaisa,1,1.0,1,-0.0,Kaisa (1)
4,Catherine / Kadri / Katri,Sakkola,Finland/Savo-Karelia,Finnish,su,1,Kaisa,1,1.0,1,-0.0,Kaisa (1)
4,Catherine / Kadri / Katri,Salmi,East Karelia/Veps/Tver,Livvi-Karelian,ka,1,Other,1,1.0,1,-0.0,Other (1)
4,Catherine / Kadri / Katri,Sauvo,Finland/Savo-Karelia,Finnish,su,1,Kati,1,1.0,1,-0.0,Kati (1)
4,Catherine / Kadri / Katri,Savitaipale,Finland/Savo-Karelia,Finnish,su,1,Kaisa,1,1.0,1,-0.0,Kaisa (1)
4,Catherine / Kadri / Katri,Savonranta,Finland/Savo-Karelia,Finnish,su,1,Kaisa,1,1.0,1,-0.0,Kaisa (1)
4,Catherine / Kadri / Katri,Seiskari,Finland/Savo-Karelia,Finnish,su,1,Katri,1,1.0,1,-0.0,Katri (1)
4,Catherine / Kadri / Katri,Skuoritsa,Ingria,Finnish,su,1,Kati,1,1.0,1,-0.0,Kati (1)
4,Catherine / Kadri / Katri,Sodankylä,Finland/Savo-Karelia,Finnish,su,1,Kaisa,1,1.0,1,-0.0,Kaisa (1)
4,Catherine / Kadri / Katri,Sonkajärvi,Finland/Savo-Karelia,Finnish,su,1,Other,1,1.0,1,-0.0,Other (1)
4,Catherine / Kadri / Katri,Soutjärvi,East Karelia/Veps/Tver,Veps,ve,1,Other,1,1.0,1,-0.0,Other (1)
4,Catherine / Kadri / Katri,Suomusjärvi,Finland/Savo-Karelia,Finnish,su,1,Kaisa,1,1.0,1,-0.0,Kaisa (1)
4,Catherine / Kadri / Katri,Sääksmäki,Finland/Savo-Karelia,Finnish,su,1,Kaisa,1,1.0,1,-0.0,Kaisa (1)
4,Catherine / Kadri / Katri,Sääminki,Finland/Savo-Karelia,Finnish,su,1,Kaisa,1,1.0,1,-0.0,Kaisa (1)
4,Catherine / Kadri / Katri,Tampere,Finland/Savo-Karelia,Finnish,su,1,Kaisa,1,1.0,1,-0.0,Kaisa (1)
4,Catherine / Kadri / Katri,Teisko,Finland/Savo-Karelia,Finnish,su,1,Kaisa,1,1.0,1,-0.0,Kaisa (1)
4,Catherine / Kadri / Katri,Terijoki,Finland/Savo-Karelia,Finnish,su,1,Katri,1,1.0,1,-0.0,Katri (1)
4,Catherine / Kadri / Katri,Tervo,Finland/Savo-Karelia,Finnish,su,1,Kaisa,1,1.0,1,-0.0,Kaisa (1)
4,Catherine / Kadri / Katri,Uskela,Finland/Savo-Karelia,Finnish,su,1,Other,1,1.0,1,-0.0,Other (1)
4,Catherine / Kadri / Katri,Vaasa,Finland/Savo-Karelia,Outside selected Finnic areas,ru,1,Kaisa,1,1.0,1,-0.0,Kaisa (1)
4,Catherine / Kadri / Katri,Veteli,Finland/Savo-Karelia,Finnish,su,1,Kaisa,1,1.0,1,-0.0,Kaisa (1)
4,Catherine / Kadri / Katri,Viipuri,Finland/Savo-Karelia,Finnish,su,1,Kaisa,1,1.0,1,-0.0,Kaisa (1)
4,Catherine / Kadri / Katri,Viljakkala,Finland/Savo-Karelia,Finnish,su,1,Kaisa,1,1.0,1,-0.0,Kaisa (1)
4,Catherine / Kadri / Katri,Virtasalmi,Finland/Savo-Karelia,Finnish,su,1,Other,1,1.0,1,-0.0,Other (1)
4,Catherine / Kadri / Katri,Värtsilä,Finland/Savo-Karelia,Finnish,su,1,Kaisa,1,1.0,1,-0.0,Kaisa (1)
4,Catherine / Kadri / Katri,Yläne,Finland/Savo-Karelia,Finnish,su,1,Kaisa,1,1.0,1,-0.0,Kaisa (1)
5,Jesus / Christ,Suistamo,East Karelia/Veps/Tver,Livvi-Karelian,ka,182,Jeesus,162,0.8901098901098901,4,0.4615,Jeesus (162); Jesus (9); Kristus (7); Other (4)
5,Jesus / Christ,Narvusi,Ingria,Ingrian,in,99,Jeesus,67,0.6767676767676768,5,0.977,Jeesus (67); Jesus (18); Kristus (9); Other (3); Jeesuksen (2)
5,Jesus / Christ,Lempaala,Finland/Savo-Karelia,Finnish,su,85,Jeesus,76,0.8941176470588236,2,0.3378,Jeesus (76); Jesus (9)
5,Jesus / Christ,Setumaa,South Estonia/Seto,South Estonian,viE,65,Jeesus,64,0.9846153846153847,2,0.0795,Jeesus (64); Jesus (1)
5,Jesus / Christ,Suojärvi,East Karelia/Veps/Tver,Finnish,su,60,Jesus,31,0.5166666666666667,5,1.0712,Jesus (31); Jeesus (22); Kristus (4); Jeesuksen (2); Other (1)
5,Jesus / Christ,Ilomantsi,Finland/Savo-Karelia,Finnish,su,59,Jeesus,33,0.559322033898305,5,1.1429,Jeesus (33); Kristus (13); Jesus (10); Jeesuksen (2); Other (1)
5,Jesus / Christ,Vastseliina,South Estonia/Seto,South Estonian,viE,49,Jeesus,46,0.9387755102040817,3,0.2693,Jeesus (46); Kristus (2); Other (1)
5,Jesus / Christ,Kitee,Finland/Savo-Karelia,Finnish,su,46,Jeesus,37,0.8043478260869565,4,0.6604,Jeesus (37); Jesus (6); Kristus (2); Jeesuksen (1)
5,Jesus / Christ,Salmi,East Karelia/Veps/Tver,Livvi-Karelian,ka,44,Jeesus,32,0.7272727272727273,3,0.7595,Jeesus (32); Kristus (8); Other (4)
5,Jesus / Christ,Liissilä,Ingria,Finnish,su,41,Jeesus,36,0.8780487804878049,2,0.3708,Jeesus (36); Kristus (5)
5,Jesus / Christ,Korpiselkä,East Karelia/Veps/Tver,Karelian Proper,ka,40,Jeesus,31,0.775,3,0.6117,Jeesus (31); Kristus (8); Jesus (1)
5,Jesus / Christ,Urvaste,South Estonia/Seto,South Estonian,viE,33,Jeesus,29,0.8787878787878788,3,0.4375,Jeesus (29); Kristus (3); Other (1)
5,Jesus / Christ,Impilahti,East Karelia/Veps/Tver,Livvi-Karelian,ka,30,Jeesus,20,0.6666666666666666,3,0.8401,Jeesus (20); Jesus (7); Kristus (3)
5,Jesus / Christ,Juva,Finland/Savo-Karelia,Finnish,su,29,Jeesus,17,0.5862068965517241,3,0.9109,Jeesus (17); Jesus (9); Kristus (3)
5,Jesus / Christ,Soikkola,Ingria,Ingrian,in,27,Jeesus,14,0.5185185185185185,5,1.28,Jeesus (14); Jesus (5); Kristus (5); Kiesus (2); Other (1)
5,Jesus / Christ,Kaprio,Ingria,Finnish,su,25,Jeesus,11,0.44,6,1.491,Jeesus (11); (proper noun) (6); Kiesus (3); Jesus (2); Kristus (2); Other (1)
5,Jesus / Christ,Sääksmäki,Finland/Savo-Karelia,Finnish,su,25,Jeesus,18,0.72,3,0.7078,Jeesus (18); Jesus (6); Kristus (1)
5,Jesus / Christ,Vuole,Ingria,Finnish,su,24,Jeesus,16,0.6666666666666666,4,0.9366,Jeesus (16); Jesus (5); Kristus (2); Other (1)
5,Jesus / Christ,Tohmajärvi,Finland/Savo-Karelia,Finnish,su,23,Jeesus,18,0.782608695652174,2,0.5236,Jeesus (18); Jesus (5)
5,Jesus / Christ,Kuusalu,Estonia core/west,North Estonian,viP,20,Jeesus,11,0.55,5,1.1394,Jeesus (11); Kristus (6); Jeesukene (1); Jesus (1); Other (1)
5,Jesus / Christ,Kadrina,Estonia core/west,North Estonian,viP,18,Jeesus,14,0.7777777777777778,3,0.6837,Jeesus (14); Jeesukene (2); Other (2)
5,Jesus / Christ,Tori,Estonia core/west,North Estonian,viP,17,Jeesus,16,0.9411764705882353,2,0.2237,Jeesus (16); Kristus (1)
5,Jesus / Christ,Porajärvi,East Karelia/Veps/Tver,Karelian Proper,kaV,14,Jeesus,8,0.5714285714285714,4,1.1164,Jeesus (8); Other (3); Jesus (2); Kristus (1)
5,Jesus / Christ,Räpina,South Estonia/Seto,South Estonian,viE,14,Jeesus,14,1.0,1,-0.0,Jeesus (14)
5,Jesus / Christ,Rõngu,Estonia core/west,South Estonian,viE,14,Jeesus,13,0.9285714285714286,2,0.2573,Jeesus (13); Kristus (1)
5,Jesus / Christ,Tammela,Finland/Savo-Karelia,Finnish,su,14,Jeesus,8,0.5714285714285714,3,0.876,Jeesus (8); Jesus (5); Kristus (1)
5,Jesus / Christ,Vuokkiniemi,East Karelia/Veps/Tver,Karelian Proper,ka,14,Jeesus,13,0.9285714285714286,2,0.2573,Jeesus (13); Other (1)
5,Jesus / Christ,Ambla,Estonia core/west,North Estonian,viP,13,Jeesus,9,0.6923076923076923,4,0.9372,Jeesus (9); Kristus (2); Jeesuke (1); Other (1)
5,Jesus / Christ,Kesälahti,Finland/Savo-Karelia,Finnish,su,13,Jeesus,12,0.9230769230769231,2,0.2712,Jeesus (12); Jesus (1)
5,Jesus / Christ,Korpilahti,Finland/Savo-Karelia,Finnish,su,13,Jeesus,9,0.6923076923076923,2,0.6172,Jeesus (9); Jesus (4)
5,Jesus / Christ,Soanlahti,East Karelia/Veps/Tver,Finnish,su,13,Jesus,7,0.5384615384615384,3,0.8981,Jesus (7); Jeesus (5); Kiesus (1)
5,Jesus / Christ,Tyrö,Ingria,Finnish,su,13,Jeesus,12,0.9230769230769231,2,0.2712,Jeesus (12); Jesus (1)
5,Jesus / Christ,Koprina,Ingria,Finnish,su,12,Jeesus,10,0.8333333333333334,3,0.5661,Jeesus (10); Jeesuksen (1); Jesus (1)
5,Jesus / Christ,Marttila,Finland/Savo-Karelia,Finnish,su,12,Jeesus,9,0.75,2,0.5623,Jeesus (9); Jesus (3)
5,Jesus / Christ,Metsäpirtti,Finland/Savo-Karelia,Finnish,su,12,Jeesus,12,1.0,1,-0.0,Jeesus (12)
5,Jesus / Christ,Moloskovitsa,Ingria,Finnish,su,12,Jeesus,12,1.0,1,-0.0,Jeesus (12)
5,Jesus / Christ,Pielisjärvi,Finland/Savo-Karelia,Finnish,su,12,Jeesus,10,0.8333333333333334,3,0.5661,Jeesus (10); Jeesuksen (1); Jesus (1)
5,Jesus / Christ,Repola,East Karelia/Veps/Tver,Karelian Proper,kaV,12,Jeesus,9,0.75,2,0.5623,Jeesus (9); Kristus (3)
5,Jesus / Christ,Suure-Jaani,Estonia core/west,North Estonian,viP,12,Jeesukene,6,0.5,2,0.6931,Jeesukene (6); Jeesus (6)
5,Jesus / Christ,Viljandi,Estonia core/west,North Estonian,viP,12,Jeesus,12,1.0,1,-0.0,Jeesus (12)
5,Jesus / Christ,Sakkola,Finland/Savo-Karelia,Finnish,su,11,Jeesus,7,0.6363636363636364,2,0.6555,Jeesus (7); Jesus (4)
5,Jesus / Christ,Kiuruvesi,Finland/Savo-Karelia,Finnish,su,10,Jeesus,6,0.6,4,1.0889,Jeesus (6); Jeesuksen (2); Jesus (1); Kristus (1)
5,Jesus / Christ,Pärnu-Jaagupi,Estonia core/west,North Estonian,viP,10,Jeesus,7,0.7,2,0.6109,Jeesus (7); Jeesuke (3)
5,Jesus / Christ,Rautavaara,Finland/Savo-Karelia,Finnish,su,10,Jeesus,10,1.0,1,-0.0,Jeesus (10)
5,Jesus / Christ,Saarde,Estonia core/west,North Estonian,viP,10,Jeesus,6,0.6,2,0.673,Jeesus (6); Kristus (4)
5,Jesus / Christ,Östmark,Finland/Savo-Karelia,Finnish,su,10,Jeesus,8,0.8,2,0.5004,Jeesus (8); Kristus (2)
5,Jesus / Christ,Jõhvi,Estonia core/west,North Estonian,viP,9,Jeesus,9,1.0,1,-0.0,Jeesus (9)
5,Jesus / Christ,Kiihtelysvaara,Finland/Savo-Karelia,Finnish,su,9,Jeesus,5,0.5555555555555556,2,0.687,Jeesus (5); Jesus (4)
5,Jesus / Christ,Liperi,Finland/Savo-Karelia,Finnish,su,9,Jeesus,8,0.8888888888888888,2,0.3488,Jeesus (8); Jesus (1)
5,Jesus / Christ,Pielavesi,Finland/Savo-Karelia,Finnish,su,9,Jeesus,9,1.0,1,-0.0,Jeesus (9)
5,Jesus / Christ,Sodankylä,Finland/Savo-Karelia,Finnish,su,9,Jeesus,9,1.0,1,-0.0,Jeesus (9)
5,Jesus / Christ,Sortavala,East Karelia/Veps/Tver,Finnish,su,9,Jeesus,8,0.8888888888888888,2,0.3488,Jeesus (8); (proper noun) (1)
5,Jesus / Christ,Tarvastu,Estonia core/west,South Estonian,viE,9,Jeesus,3,0.3333333333333333,3,1.0986,Jeesus (3); Kristus (3); Other (3)
5,Jesus / Christ,Jällivaara,Finland/Savo-Karelia,Tornedalen Finnish,su,8,Jeesus,7,0.875,2,0.3768,Jeesus (7); Kristus (1)
5,Jesus / Christ,Kattila,Ingria,Votic,su,8,Jeesus,7,0.875,2,0.3768,Jeesus (7); Kristus (1)
5,Jesus / Christ,Kodavere,Estonia core/west,North Estonian,viP,8,Jeesus,5,0.625,2,0.6616,Jeesus (5); Kristus (3)
5,Jesus / Christ,Koeru,Estonia core/west,North Estonian,viP,8,Jeesus,8,1.0,1,-0.0,Jeesus (8)
5,Jesus / Christ,Kuhmoinen,Finland/Savo-Karelia,Finnish,su,8,Jeesus,3,0.375,3,1.0822,Jeesus (3); Jesus (3); Kristus (2)
5,Jesus / Christ,Nilsiä,Finland/Savo-Karelia,Finnish,su,8,Jeesus,7,0.875,2,0.3768,Jeesus (7); Kristus (1)
5,Jesus / Christ,Nurmes,Finland/Savo-Karelia,Finnish,su,8,Jeesus,7,0.875,2,0.3768,Jeesus (7); Jeesuksen (1)
5,Jesus / Christ,Rääkkylä,Finland/Savo-Karelia,Finnish,su,8,Jeesus,5,0.625,3,0.9003,Jeesus (5); Jesus (2); Kristus (1)
5,Jesus / Christ,Sangaste,Estonia core/west,South Estonian,viE,8,Jeesus,4,0.5,3,0.9743,Jeesus (4); Kristus (3); Other (1)
5,Jesus / Christ,Tulemajärvi,East Karelia/Veps/Tver,Livvi-Karelian,ka,8,Jeesus,4,0.5,3,0.9743,Jeesus (4); Kristus (3); Jesus (1)
5,Jesus / Christ,Uukuniemi,East Karelia/Veps/Tver,Finnish,su,8,Jesus,5,0.625,2,0.6616,Jesus (5); Jeesus (3)
5,Jesus / Christ,Haljala,Estonia core/west,North Estonian,viP,7,Jeesus,5,0.7142857142857143,3,0.7963,Jeesus (5); Jesus (1); Other (1)
5,Jesus / Christ,Hauho,Finland/Savo-Karelia,Finnish,su,7,Jeesus,5,0.7142857142857143,2,0.5983,Jeesus (5); Jesus (2)
5,Jesus / Christ,Jalasjärvi,Finland/Savo-Karelia,Finnish,su,7,Jeesus,6,0.8571428571428571,2,0.4101,Jeesus (6); Kristus (1)
5,Jesus / Christ,Kauhava,Finland/Savo-Karelia,Finnish,su,7,Jeesus,5,0.7142857142857143,3,0.7963,Jeesus (5); Jesus (1); Kristus (1)
5,Jesus / Christ,Kivijärvi,Finland/Savo-Karelia,Finnish,su,7,Jeesus,3,0.42857142857142855,3,1.0042,Jeesus (3); Jesus (3); Jeesuksen (1)
5,Jesus / Christ,Somero,Finland/Savo-Karelia,Finnish,su,7,Jeesus,4,0.5714285714285714,3,0.9557,Jeesus (4); Kristus (2); Jesus (1)
5,Jesus / Christ,Varpaisjärvi,Finland/Savo-Karelia,Finnish,su,7,Jeesus,7,1.0,1,-0.0,Jeesus (7)
5,Jesus / Christ,Vigala,Estonia core/west,North Estonian,viP,7,Jeesus,4,0.5714285714285714,2,0.6829,Jeesus (4); Kristus (3)
5,Jesus / Christ,Väike-Maarja,Estonia core/west,North Estonian,viP,7,Jeesus,6,0.8571428571428571,2,0.4101,Jeesus (6); Jeesukene (1)
5,Jesus / Christ,Isojoki,Finland/Savo-Karelia,Finnish,su,6,Jeesus,3,0.5,2,0.6931,Jeesus (3); Jesus (3)
5,Jesus / Christ,Jokioinen,Finland/Savo-Karelia,Finnish,su,6,Jeesus,5,0.8333333333333334,2,0.4506,Jeesus (5); Jeesuksen (1)
5,Jesus / Christ,Joroinen,Finland/Savo-Karelia,Finnish,su,6,Jeesus,5,0.8333333333333334,2,0.4506,Jeesus (5); Jesus (1)
5,Jesus / Christ,Juuka,Finland/Savo-Karelia,Finnish,su,6,Jeesus,5,0.8333333333333334,2,0.4506,Jeesus (5); Other (1)
5,Jesus / Christ,Kangasniemi,Finland/Savo-Karelia,Finnish,su,6,Jeesus,6,1.0,1,-0.0,Jeesus (6)
5,Jesus / Christ,Karkku,Finland/Savo-Karelia,Finnish,su,6,Jeesus,6,1.0,1,-0.0,Jeesus (6)
5,Jesus / Christ,Kemi,Finland/Savo-Karelia,Finnish,su,6,Jeesus,4,0.6666666666666666,2,0.6365,Jeesus (4); Kristus (2)
5,Jesus / Christ,Koivisto,Finland/Savo-Karelia,Finnish,su,6,Jeesus,6,1.0,1,-0.0,Jeesus (6)
5,Jesus / Christ,Kupanitsa,Ingria,Finnish,su,6,Jeesus,5,0.8333333333333334,2,0.4506,Jeesus (5); Jesus (1)
5,Jesus / Christ,Laiuse,Estonia core/west,North Estonian,viP,6,Kristus,4,0.6666666666666666,2,0.6365,Kristus (4); Jeesus (2)
5,Jesus / Christ,Loppi,Finland/Savo-Karelia,Finnish,su,6,Jeesus,5,0.8333333333333334,2,0.4506,Jeesus (5); Jesus (1)
5,Jesus / Christ,Lüganuse,Estonia core/west,North Estonian,viP,6,Jeesus,6,1.0,1,-0.0,Jeesus (6)
5,Jesus / Christ,Palamuse,Estonia core/west,North Estonian,viP,6,Jeesus,6,1.0,1,-0.0,Jeesus (6)
5,Jesus / Christ,Parkano,Finland/Savo-Karelia,Finnish,su,6,Jesus,4,0.6666666666666666,2,0.6365,Jesus (4); Jeesus (2)
5,Jesus / Christ,Suonenjoki,Finland/Savo-Karelia,Finnish,su,6,Jeesus,6,1.0,1,-0.0,Jeesus (6)
5,Jesus / Christ,Sysmä,Finland/Savo-Karelia,Finnish,su,6,Jesus,4,0.6666666666666666,3,0.8676,Jesus (4); Jeesus (1); Kristus (1)
5,Jesus / Christ,Asikkala,Finland/Savo-Karelia,Finnish,su,5,Jeesus,5,1.0,1,-0.0,Jeesus (5)
5,Jesus / Christ,Hartola,Finland/Savo-Karelia,Finnish,su,5,Jeesus,2,0.4,3,1.0549,Jeesus (2); Jesus (2); Kristus (1)
5,Jesus / Christ,Iisalmi,Finland/Savo-Karelia,Finnish,su,5,Jeesus,3,0.6,2,0.673,Jeesus (3); Jesus (2)
5,Jesus / Christ,Isokyrö,Finland/Savo-Karelia,Finnish,su,5,Jesus,3,0.6,2,0.673,Jesus (3); Jeesus (2)
5,Jesus / Christ,Jurva,Finland/Savo-Karelia,Finnish,su,5,Jeesus,5,1.0,1,-0.0,Jeesus (5)
5,Jesus / Christ,Maarja-Magdaleena,Estonia core/west,North Estonian,viP,5,Jeesus,3,0.6,2,0.673,Jeesus (3); Kristus (2)
5,Jesus / Christ,Mäntyharju,Finland/Savo-Karelia,Finnish,su,5,Jeesus,5,1.0,1,-0.0,Jeesus (5)
5,Jesus / Christ,Pajala,Finland/Savo-Karelia,Tornedalen Finnish,su,5,Jeesus,3,0.6,2,0.673,Jeesus (3); Jesus (2)
5,Jesus / Christ,Põltsamaa,Estonia core/west,North Estonian,viP,5,Jeesus,5,1.0,1,-0.0,Jeesus (5)
5,Jesus / Christ,Rannu,Estonia core/west,South Estonian,viE,5,Jeesus,3,0.6,2,0.673,Jeesus (3); Kristus (2)
5,Jesus / Christ,Rovaniemi,Finland/Savo-Karelia,Finnish,su,5,Jeesus,5,1.0,1,-0.0,Jeesus (5)
5,Jesus / Christ,Simuna,Estonia core/west,North Estonian,viP,5,Jeesus,5,1.0,1,-0.0,Jeesus (5)
5,Jesus / Christ,Skuoritsa,Ingria,Finnish,su,5,Jeesus,5,1.0,1,-0.0,Jeesus (5)
5,Jesus / Christ,Spankkova,Ingria,Finnish,su,5,Jeesus,5,1.0,1,-0.0,Jeesus (5)
5,Jesus / Christ,Türi,Estonia core/west,North Estonian,viP,5,Jeesus,2,0.4,3,1.0549,Jeesus (2); Kristus (2); Other (1)
5,Jesus / Christ,Venjoki,Ingria,Finnish,su,5,Jeesus,5,1.0,1,-0.0,Jeesus (5)
5,Jesus / Christ,Vähäkyrö,Finland/Savo-Karelia,Finnish,su,5,Kristus,3,0.6,2,0.673,Kristus (3); Jeesus (2)
5,Jesus / Christ,Brandval,Finland/Savo-Karelia,Finnish,su,4,Jesus,2,0.5,3,1.0397,Jesus (2); Jeesus (1); Kristus (1)
5,Jesus / Christ,Eno,Finland/Savo-Karelia,Finnish,su,4,Jeesus,3,0.75,2,0.5623,Jeesus (3); Jesus (1)
5,Jesus / Christ,Grue Finnskog,Finland/Savo-Karelia,Finnish,su,4,Jeesus,4,1.0,1,-0.0,Jeesus (4)
5,Jesus / Christ,Hattula,Finland/Savo-Karelia,Finnish,su,4,Jeesus,3,0.75,2,0.5623,Jeesus (3); Kristus (1)
5,Jesus / Christ,Hirvensalmi,Finland/Savo-Karelia,Finnish,su,4,Jeesus,4,1.0,1,-0.0,Jeesus (4)
5,Jesus / Christ,Kalvola,Finland/Savo-Karelia,Finnish,su,4,Jeesus,3,0.75,2,0.5623,Jeesus (3); Jesus (1)
5,Jesus / Christ,Kerimäki,Finland/Savo-Karelia,Finnish,su,4,Jeesus,3,0.75,2,0.5623,Jeesus (3); Jesus (1)
5,Jesus / Christ,Kestilä,Finland/Savo-Karelia,Finnish,su,4,Jeesus,4,1.0,1,-0.0,Jeesus (4)
5,Jesus / Christ,Kolga-Jaani,Estonia core/west,North Estonian,viP,4,Jeesus,4,1.0,1,-0.0,Jeesus (4)
5,Jesus / Christ,Kontiolahti,Finland/Savo-Karelia,Finnish,su,4,Jeesus,3,0.75,2,0.5623,Jeesus (3); Other (1)
5,Jesus / Christ,Koski Hl.,Finland/Savo-Karelia,Finnish,su,4,Jesus,4,1.0,1,-0.0,Jesus (4)
5,Jesus / Christ,Koski Tl.,Finland/Savo-Karelia,Finnish,su,4,Kristus,2,0.5,3,1.0397,Kristus (2); Jeesus (1); Kiesus (1)
5,Jesus / Christ,Kuopio,Finland/Savo-Karelia,Finnish,su,4,Jeesus,4,1.0,1,-0.0,Jeesus (4)
5,Jesus / Christ,Kuusamo,Finland/Savo-Karelia,Finnish,su,4,Jeesus,4,1.0,1,-0.0,Jeesus (4)
5,Jesus / Christ,Leppävirta,Finland/Savo-Karelia,Finnish,su,4,Jeesus,3,0.75,2,0.5623,Jeesus (3); Jesus (1)
5,Jesus / Christ,Luumäki,Finland/Savo-Karelia,Finnish,su,4,Jeesus,3,0.75,2,0.5623,Jeesus (3); Jesus (1)
5,Jesus / Christ,Piippola,Finland/Savo-Karelia,Finnish,su,4,Jesus,3,0.75,2,0.5623,Jesus (3); Jeesus (1)
5,Jesus / Christ,Rantasalmi,Finland/Savo-Karelia,Finnish,su,4,Jeesus,4,1.0,1,-0.0,Jeesus (4)
5,Jesus / Christ,Rantsila,Finland/Savo-Karelia,Finnish,su,4,Jeesus,4,1.0,1,-0.0,Jeesus (4)
5,Jesus / Christ,Rautu,Finland/Savo-Karelia,Finnish,su,4,Jeesus,4,1.0,1,-0.0,Jeesus (4)
5,Jesus / Christ,Risti,Estonia core/west,North Estonian,viP,4,Jeesuke,2,0.5,2,0.6931,Jeesuke (2); Jeesus (2)
5,Jesus / Christ,Sauvo,Finland/Savo-Karelia,Finnish,su,4,Jeesus,3,0.75,2,0.5623,Jeesus (3); Kristus (1)
5,Jesus / Christ,Sotkamo,Finland/Savo-Karelia,Finnish,su,4,Jeesus,4,1.0,1,-0.0,Jeesus (4)
5,Jesus / Christ,Södra Finnskoga,Finland/Savo-Karelia,Finnish,su,4,Jeesus,4,1.0,1,-0.0,Jeesus (4)
5,Jesus / Christ,Tuutari,Ingria,Finnish,su,4,Jesus,3,0.75,2,0.5623,Jesus (3); Jeesus (1)
5,Jesus / Christ,Tyrvää,Finland/Savo-Karelia,Finnish,su,4,Jeesus,4,1.0,1,-0.0,Jeesus (4)
5,Jesus / Christ,Uhtua,East Karelia/Veps/Tver,Karelian Proper,ka,4,Jeesus,3,0.75,2,0.5623,Jeesus (3); Kristus (1)
5,Jesus / Christ,Hailuoto,Finland/Savo-Karelia,Finnish,su,3,Jeesus,3,1.0,1,-0.0,Jeesus (3)
5,Jesus / Christ,Helme,Estonia core/west,South Estonian,viE,3,Jeesus,3,1.0,1,-0.0,Jeesus (3)
5,Jesus / Christ,Iitti,Finland/Savo-Karelia,Finnish,su,3,Jeesus,3,1.0,1,-0.0,Jeesus (3)
5,Jesus / Christ,Jämsä,Finland/Savo-Karelia,Finnish,su,3,Jeesus,2,0.6666666666666666,2,0.6365,Jeesus (2); Jesus (1)
5,Jesus / Christ,Jõelähtme,Estonia core/west,North Estonian,viP,3,Jeesus,3,1.0,1,-0.0,Jeesus (3)
5,Jesus / Christ,Kaarma,Estonia core/west,North Estonian,viP,3,Jeesus,3,1.0,1,-0.0,Jeesus (3)
5,Jesus / Christ,Kaavi,Finland/Savo-Karelia,Finnish,su,3,Jeesus,3,1.0,1,-0.0,Jeesus (3)
5,Jesus / Christ,Kankaanpää,Finland/Savo-Karelia,Finnish,su,3,Jeesus,1,0.3333333333333333,3,1.0986,Jeesus (1); Jesus (1); Kristus (1)
5,Jesus / Christ,Kanneljärvi,Finland/Savo-Karelia,Finnish,su,3,Jeesus,3,1.0,1,-0.0,Jeesus (3)
5,Jesus / Christ,Karksi,Estonia core/west,South Estonian,viE,3,Jeesus,3,1.0,1,-0.0,Jeesus (3)
5,Jesus / Christ,Karttula,Finland/Savo-Karelia,Finnish,su,3,Jeesus,3,1.0,1,-0.0,Jeesus (3)
5,Jesus / Christ,Kittilä,Finland/Savo-Karelia,Finnish,su,3,Jeesus,3,1.0,1,-0.0,Jeesus (3)
5,Jesus / Christ,Kolari,Finland/Savo-Karelia,Finnish,su,3,Jeesus,3,1.0,1,-0.0,Jeesus (3)
5,Jesus / Christ,Kontokki,East Karelia/Veps/Tver,Karelian Proper,ka,3,Jeesus,3,1.0,1,-0.0,Jeesus (3)
5,Jesus / Christ,Kuorevesi,Finland/Savo-Karelia,Finnish,su,3,Jeesuksen,1,0.3333333333333333,3,1.0986,Jeesuksen (1); Jesus (1); Kristus (1)
5,Jesus / Christ,Luopioinen,Finland/Savo-Karelia,Finnish,su,3,Jeesus,3,1.0,1,-0.0,Jeesus (3)
5,Jesus / Christ,Maaninka,Finland/Savo-Karelia,Finnish,su,3,Jeesus,3,1.0,1,-0.0,Jeesus (3)
5,Jesus / Christ,Markkova,Ingria,Finnish,suI,3,Jesus,3,1.0,1,-0.0,Jesus (3)
5,Jesus / Christ,Multia,Finland/Savo-Karelia,Finnish,su,3,Jesus,2,0.6666666666666666,2,0.6365,Jesus (2); Jeesus (1)
5,Jesus / Christ,Nastola,Finland/Savo-Karelia,Finnish,su,3,Jesus,2,0.6666666666666666,2,0.6365,Jesus (2); Jeesus (1)
5,Jesus / Christ,Nekkula,East Karelia/Veps/Tver,Karelian Proper,ka,3,Jeesus,1,0.3333333333333333,3,1.0986,Jeesus (1); Kristus (1); Other (1)
5,Jesus / Christ,Nord-Kapp,Finland/Savo-Karelia,Kven Finnish,su,3,Jeesus,3,1.0,1,-0.0,Jeesus (3)
5,Jesus / Christ,Norra Finnskoga,Finland/Savo-Karelia,Finnish,su,3,Jeesus,3,1.0,1,-0.0,Jeesus (3)
5,Jesus / Christ,Oulu,Finland/Savo-Karelia,Finnish,su,3,Jeesus,3,1.0,1,-0.0,Jeesus (3)
5,Jesus / Christ,Pieksämäki,Finland/Savo-Karelia,Finnish,su,3,Jeesus,3,1.0,1,-0.0,Jeesus (3)
5,Jesus / Christ,Pilistvere,Estonia core/west,North Estonian,viP,3,Kristus,2,0.6666666666666666,2,0.6365,Kristus (2); Jeesus (1)
5,Jesus / Christ,Pistojärvi,East Karelia/Veps/Tver,Karelian Proper,ka,3,Jeesus,3,1.0,1,-0.0,Jeesus (3)
5,Jesus / Christ,Pori,Finland/Savo-Karelia,Finnish,su,3,Jeesus,3,1.0,1,-0.0,Jeesus (3)
5,Jesus / Christ,Porsanki,Finland/Savo-Karelia,Kven Finnish,su,3,Jeesus,3,1.0,1,-0.0,Jeesus (3)
5,Jesus / Christ,Puhja,Estonia core/west,South Estonian,viE,3,Jeesus,2,0.6666666666666666,2,0.6365,Jeesus (2); Jesus (1)
5,Jesus / Christ,Puolanka,Finland/Savo-Karelia,Finnish,su,3,Jeesus,3,1.0,1,-0.0,Jeesus (3)
5,Jesus / Christ,Puumala,Finland/Savo-Karelia,Finnish,su,3,Jeesus,2,0.6666666666666666,2,0.6365,Jeesus (2); Kristus (1)
5,Jesus / Christ,Pyhäjärvi Vpl.,Finland/Savo-Karelia,Finnish,su,3,Kristus,2,0.6666666666666666,2,0.6365,Kristus (2); Jeesus (1)
5,Jesus / Christ,Pälkjärvi,Finland/Savo-Karelia,Finnish,su,3,Jesus,3,1.0,1,-0.0,Jesus (3)
5,Jesus / Christ,Ristiina,Finland/Savo-Karelia,Finnish,su,3,Kristus,2,0.6666666666666666,2,0.6365,Kristus (2); Jeesus (1)
5,Jesus / Christ,Ropsu,Ingria,Finnish,su,3,Jeesus,3,1.0,1,-0.0,Jeesus (3)
5,Jesus / Christ,Rääpyvä,Ingria,Finnish,su,3,Jesus,2,0.6666666666666666,2,0.6365,Jesus (2); Jeesus (1)
5,Jesus / Christ,Sahalahti,Finland/Savo-Karelia,Finnish,su,3,Jesus,2,0.6666666666666666,2,0.6365,Jesus (2); Jeesus (1)
5,Jesus / Christ,Savitaipale,Finland/Savo-Karelia,Finnish,su,3,Jeesus,2,0.6666666666666666,2,0.6365,Jeesus (2); Jeesuksen (1)
5,Jesus / Christ,Serepetta,Ingria,Finnish,su,3,Jeesus,1,0.3333333333333333,3,1.0986,Jeesus (1); Jesus (1); Kiesus (1)
5,Jesus / Christ,Soutjärvi,East Karelia/Veps/Tver,Veps,ve,3,Kristus,3,1.0,1,-0.0,Kristus (3)
5,Jesus / Christ,Tuulos,Finland/Savo-Karelia,Finnish,su,3,Jeesus,3,1.0,1,-0.0,Jeesus (3)
5,Jesus / Christ,Valkjärvi,Finland/Savo-Karelia,Finnish,su,3,Jeesus,3,1.0,1,-0.0,Jeesus (3)
5,Jesus / Christ,Yläne,Finland/Savo-Karelia,Finnish,su,3,Jeesus,2,0.6666666666666666,2,0.6365,Jeesus (2); Kristus (1)
5,Jesus / Christ,Alavus,Finland/Savo-Karelia,Finnish,su,2,Jeesus,2,1.0,1,-0.0,Jeesus (2)
5,Jesus / Christ,Fryksände,Finland/Savo-Karelia,Finnish,su,2,Jeesus,2,1.0,1,-0.0,Jeesus (2)
5,Jesus / Christ,Halliste,Estonia core/west,South Estonian,viE,2,Jeesus,2,1.0,1,-0.0,Jeesus (2)
5,Jesus / Christ,Haukipudas,Finland/Savo-Karelia,Finnish,su,2,Jesus,1,0.5,2,0.6931,Jesus (1); Kristus (1)
5,Jesus / Christ,Hietamäki,Ingria,Finnish,su,2,Jeesus,2,1.0,1,-0.0,Jeesus (2)
5,Jesus / Christ,Jaakkima,Finland/Savo-Karelia,Finnish,su,2,Jeesus,2,1.0,1,-0.0,Jeesus (2)
5,Jesus / Christ,Jaala,Finland/Savo-Karelia,Finnish,su,2,Jeesus,1,0.5,2,0.6931,Jeesus (1); Kristus (1)
5,Jesus / Christ,Joutsa,Finland/Savo-Karelia,Finnish,su,2,Jeesus,1,0.5,2,0.6931,Jeesus (1); Jesus (1)
5,Jesus / Christ,Joutseno,Finland/Savo-Karelia,Finnish,su,2,Jeesus,2,1.0,1,-0.0,Jeesus (2)
5,Jesus / Christ,Juupajoki,Finland/Savo-Karelia,Finnish,su,2,Jeesus,1,0.5,2,0.6931,Jeesus (1); Kristus (1)
5,Jesus / Christ,Juuru,Estonia core/west,North Estonian,viP,2,Jeesus,2,1.0,1,-0.0,Jeesus (2)
5,Jesus / Christ,Järva-Jaani,Estonia core/west,North Estonian,viP,2,Jeesus,2,1.0,1,-0.0,Jeesus (2)
5,Jesus / Christ,Kalajoki,Finland/Savo-Karelia,Finnish,su,2,Jeesus,2,1.0,1,-0.0,Jeesus (2)
5,Jesus / Christ,Kanepi,South Estonia/Seto,South Estonian,viE,2,Jeesus,1,0.5,2,0.6931,Jeesus (1); Kristus (1)
5,Jesus / Christ,Kiestinki,East Karelia/Veps/Tver,Karelian Proper,ka,2,Jeesus,2,1.0,1,-0.0,Jeesus (2)
5,Jesus / Christ,Kiukainen,Finland/Savo-Karelia,Finnish,su,2,Jeesus,2,1.0,1,-0.0,Jeesus (2)
5,Jesus / Christ,Kivennapa,Finland/Savo-Karelia,Finnish,su,2,Kristus,2,1.0,1,-0.0,Kristus (2)
5,Jesus / Christ,Korpilompolo,Finland/Savo-Karelia,Tornedalen Finnish,su,2,Jeesus,2,1.0,1,-0.0,Jeesus (2)
5,Jesus / Christ,Kuru,Finland/Savo-Karelia,Finnish,su,2,Jeesus,1,0.5,2,0.6931,Jeesus (1); Kristus (1)
5,Jesus / Christ,Kõpu,Estonia core/west,North Estonian,viP,2,Jeesus,1,0.5,2,0.6931,Jeesus (1); Kristus (1)
5,Jesus / Christ,Laihia,Finland/Savo-Karelia,Finnish,su,2,Jeesus,2,1.0,1,-0.0,Jeesus (2)
5,Jesus / Christ,Lammi,Finland/Savo-Karelia,Finnish,su,2,Jeesus,2,1.0,1,-0.0,Jeesus (2)
5,Jesus / Christ,Lappajärvi,Finland/Savo-Karelia,Finnish,su,2,Jeesus,1,0.5,2,0.6931,Jeesus (1); Kiesus (1)
5,Jesus / Christ,Luhanka,Finland/Savo-Karelia,Finnish,su,2,Jeesus,2,1.0,1,-0.0,Jeesus (2)
5,Jesus / Christ,Mietoinen,Finland/Savo-Karelia,Finnish,su,2,Jeesus,1,0.5,2,0.6931,Jeesus (1); Kristus (1)
5,Jesus / Christ,Nyskoga,Finland/Savo-Karelia,Finnish,su,2,Jeesus,2,1.0,1,-0.0,Jeesus (2)
5,Jesus / Christ,Orsa,Finland/Savo-Karelia,Finnish,su,2,Jeesus,1,0.5,2,0.6931,Jeesus (1); Other (1)
5,Jesus / Christ,Paltamo,Finland/Savo-Karelia,Finnish,su,2,Jesus,2,1.0,1,-0.0,Jesus (2)
5,Jesus / Christ,Pirkkala,Finland/Savo-Karelia,Finnish,su,2,Jesus,2,1.0,1,-0.0,Jesus (2)
5,Jesus / Christ,Pyhäjärvi Ol.,Finland/Savo-Karelia,Finnish,su,2,Jesus,2,1.0,1,-0.0,Jesus (2)
5,Jesus / Christ,Pyhäjärvi Ul.,Finland/Savo-Karelia,Finnish,su,2,Jeesus,1,0.5,2,0.6931,Jeesus (1); Kristus (1)
5,Jesus / Christ,Pälkäne,Finland/Savo-Karelia,Finnish,su,2,Jeesus,2,1.0,1,-0.0,Jeesus (2)
5,Jesus / Christ,Rautjärvi,Finland/Savo-Karelia,Finnish,su,2,Jeesus,2,1.0,1,-0.0,Jeesus (2)
5,Jesus / Christ,Renko,Finland/Savo-Karelia,Finnish,su,2,Jeesus,1,0.5,2,0.6931,Jeesus (1); Jesus (1)
5,Jesus / Christ,Riipuskala,East Karelia/Veps/Tver,Karelian Proper,ka,2,Kristus,2,1.0,1,-0.0,Kristus (2)
5,Jesus / Christ,Ruskeala,East Karelia/Veps/Tver,Finnish,su,2,Jeesus,1,0.5,2,0.6931,Jeesus (1); Jesus (1)
5,Jesus / Christ,Räisälä,Finland/Savo-Karelia,Finnish,su,2,Jeesus,2,1.0,1,-0.0,Jeesus (2)
5,Jesus / Christ,Somerniemi,Finland/Savo-Karelia,Finnish,su,2,Jeesus,1,0.5,2,0.6931,Jeesus (1); Kristus (1)
5,Jesus / Christ,Sonkajärvi,Finland/Savo-Karelia,Finnish,su,2,Jeesus,2,1.0,1,-0.0,Jeesus (2)
5,Jesus / Christ,Suomussalmi,Finland/Savo-Karelia,Finnish,su,2,Jeesus,2,1.0,1,-0.0,Jeesus (2)
5,Jesus / Christ,Suoniemi,Finland/Savo-Karelia,Finnish,su,2,Jeesus,2,1.0,1,-0.0,Jeesus (2)
5,Jesus / Christ,Teisko,Finland/Savo-Karelia,Finnish,su,2,Jeesus,1,0.5,2,0.6931,Jeesus (1); Kristus (1)
5,Jesus / Christ,Toksova,Ingria,Finnish,su,2,Jeesus,1,0.5,2,0.6931,Jeesus (1); Jesus (1)
5,Jesus / Christ,Töysä,Finland/Savo-Karelia,Finnish,su,2,Jeesus,2,1.0,1,-0.0,Jeesus (2)
5,Jesus / Christ,Uusikaupunki,Finland/Savo-Karelia,Finnish,su,2,Kristus,1,0.5,2,0.6931,Kristus (1); Other (1)
5,Jesus / Christ,Valtimo,Finland/Savo-Karelia,Finnish,su,2,Jeesus,2,1.0,1,-0.0,Jeesus (2)
5,Jesus / Christ,Vanaja,Finland/Savo-Karelia,Finnish,su,2,Jeesus,1,0.5,2,0.6931,Jeesus (1); Kristus (1)
5,Jesus / Christ,Vesilahti,Finland/Savo-Karelia,Finnish,su,2,Jeesus,2,1.0,1,-0.0,Jeesus (2)
5,Jesus / Christ,Viljakkala,Finland/Savo-Karelia,Finnish,su,2,Jeesus,2,1.0,1,-0.0,Jeesus (2)
5,Jesus / Christ,Virrat,Finland/Savo-Karelia,Finnish,su,2,Jeesus,2,1.0,1,-0.0,Jeesus (2)
5,Jesus / Christ,Virtasalmi,Finland/Savo-Karelia,Finnish,su,2,Jeesus,2,1.0,1,-0.0,Jeesus (2)
5,Jesus / Christ,Viru-Nigula,Estonia core/west,North Estonian,viP,2,Jeesus,2,1.0,1,-0.0,Jeesus (2)
5,Jesus / Christ,Vittanki,Finland/Savo-Karelia,Tornedalen Finnish,su,2,Jeesus,2,1.0,1,-0.0,Jeesus (2)
5,Jesus / Christ,Alatornio,Finland/Savo-Karelia,Finnish,su,1,Jeesus,1,1.0,1,-0.0,Jeesus (1)
5,Jesus / Christ,Enontekiö,Finland/Savo-Karelia,Finnish,su,1,Jeesus,1,1.0,1,-0.0,Jeesus (1)
5,Jesus / Christ,Eräjärvi,Finland/Savo-Karelia,Finnish,su,1,Jesus,1,1.0,1,-0.0,Jesus (1)
5,Jesus / Christ,Evijärvi,Finland/Savo-Karelia,Finnish,su,1,Kristus,1,1.0,1,-0.0,Kristus (1)
5,Jesus / Christ,Haapajärvi,Finland/Savo-Karelia,Finnish,su,1,Jeesus,1,1.0,1,-0.0,Jeesus (1)
5,Jesus / Christ,Hanila,Estonia core/west,North Estonian,viP,1,Jeesus,1,1.0,1,-0.0,Jeesus (1)
5,Jesus / Christ,Hargla,South Estonia/Seto,South Estonian,viE,1,Jeesus,1,1.0,1,-0.0,Jeesus (1)
5,Jesus / Christ,Harjavalta,Finland/Savo-Karelia,Finnish,su,1,Kristus,1,1.0,1,-0.0,Kristus (1)
5,Jesus / Christ,Harju-Jaani,Estonia core/west,North Estonian,viP,1,Jeesus,1,1.0,1,-0.0,Jeesus (1)
5,Jesus / Christ,Hiitola,Finland/Savo-Karelia,Finnish,su,1,Jeesus,1,1.0,1,-0.0,Jeesus (1)
5,Jesus / Christ,Huittinen,Finland/Savo-Karelia,Finnish,su,1,Jeesus,1,1.0,1,-0.0,Jeesus (1)
5,Jesus / Christ,Hämeenkyrö,Finland/Savo-Karelia,Finnish,su,1,Jeesus,1,1.0,1,-0.0,Jeesus (1)
5,Jesus / Christ,Häädemeeste,Estonia core/west,North Estonian,viP,1,Jeesus,1,1.0,1,-0.0,Jeesus (1)
5,Jesus / Christ,Junosuvanto,Finland/Savo-Karelia,Tornedalen Finnish,su,1,Jeesus,1,1.0,1,-0.0,Jeesus (1)
5,Jesus / Christ,Jäppilä,Finland/Savo-Karelia,Finnish,su,1,Jeesus,1,1.0,1,-0.0,Jeesus (1)
5,Jesus / Christ,Jüri,Estonia core/west,North Estonian,viP,1,Jeesus,1,1.0,1,-0.0,Jeesus (1)
5,Jesus / Christ,Kannus,Finland/Savo-Karelia,Finnish,su,1,Jeesus,1,1.0,1,-0.0,Jeesus (1)
5,Jesus / Christ,Karula,South Estonia/Seto,South Estonian,viE,1,Other,1,1.0,1,-0.0,Other (1)
5,Jesus / Christ,Karunki,Finland/Savo-Karelia,Finnish,su,1,Jeesus,1,1.0,1,-0.0,Jeesus (1)
5,Jesus / Christ,Kaustinen,Finland/Savo-Karelia,Finnish,su,1,Jeesus,1,1.0,1,-0.0,Jeesus (1)
5,Jesus / Christ,Keitele,Finland/Savo-Karelia,Finnish,su,1,Jeesus,1,1.0,1,-0.0,Jeesus (1)
5,Jesus / Christ,Keltto,Ingria,Finnish,su,1,Jeesus,1,1.0,1,-0.0,Jeesus (1)
5,Jesus / Christ,Kiikala,Finland/Savo-Karelia,Finnish,su,1,Kristus,1,1.0,1,-0.0,Kristus (1)
5,Jesus / Christ,Kiimaisjärvi,East Karelia/Veps/Tver,Karelian Proper,ka,1,Jeesus,1,1.0,1,-0.0,Jeesus (1)
5,Jesus / Christ,Kortesjärvi,Finland/Savo-Karelia,Finnish,su,1,Kristus,1,1.0,1,-0.0,Kristus (1)
5,Jesus / Christ,Kuhmo,Finland/Savo-Karelia,Finnish,su,1,Jeesus,1,1.0,1,-0.0,Jeesus (1)
5,Jesus / Christ,Kuolemajärvi,Finland/Savo-Karelia,Finnish,su,1,Jeesus,1,1.0,1,-0.0,Jeesus (1)
5,Jesus / Christ,Kurikka,Finland/Savo-Karelia,Finnish,su,1,Jeesus,1,1.0,1,-0.0,Jeesus (1)
5,Jesus / Christ,Kuusjärvi,Finland/Savo-Karelia,Finnish,su,1,Jeesus,1,1.0,1,-0.0,Jeesus (1)
5,Jesus / Christ,Kylmäkoski,Finland/Savo-Karelia,Finnish,su,1,Jeesus,1,1.0,1,-0.0,Jeesus (1)
5,Jesus / Christ,Kärkölä,Finland/Savo-Karelia,Finnish,su,1,Jeesus,1,1.0,1,-0.0,Jeesus (1)
5,Jesus / Christ,Lapinlahti,Finland/Savo-Karelia,Finnish,su,1,Kiesus,1,1.0,1,-0.0,Kiesus (1)
5,Jesus / Christ,Lappee,Finland/Savo-Karelia,Finnish,su,1,Jeesus,1,1.0,1,-0.0,Jeesus (1)
5,Jesus / Christ,Lavansaari,Finland/Savo-Karelia,Finnish,su,1,Jeesus,1,1.0,1,-0.0,Jeesus (1)
5,Jesus / Christ,Lehtimäki,Finland/Savo-Karelia,Finnish,su,1,Kristus,1,1.0,1,-0.0,Kristus (1)
5,Jesus / Christ,Lieto,Finland/Savo-Karelia,Finnish,su,1,Kristus,1,1.0,1,-0.0,Kristus (1)
5,Jesus / Christ,Maaria,Finland/Savo-Karelia,Finnish,su,1,Jeesus,1,1.0,1,-0.0,Jeesus (1)
5,Jesus / Christ,Muhos,Finland/Savo-Karelia,Finnish,su,1,Jeesus,1,1.0,1,-0.0,Jeesus (1)
5,Jesus / Christ,Muhu,Estonia core/west,North Estonian,viP,1,Jeesus,1,1.0,1,-0.0,Jeesus (1)
5,Jesus / Christ,Muonio,Finland/Savo-Karelia,Finnish,su,1,Jeesus,1,1.0,1,-0.0,Jeesus (1)
5,Jesus / Christ,Muurla,Finland/Savo-Karelia,Finnish,su,1,Jeesus,1,1.0,1,-0.0,Jeesus (1)
5,Jesus / Christ,Muuruvesi,Finland/Savo-Karelia,Finnish,su,1,Jeesus,1,1.0,1,-0.0,Jeesus (1)
5,Jesus / Christ,Nousiainen,Finland/Savo-Karelia,Finnish,su,1,Kristus,1,1.0,1,-0.0,Kristus (1)
5,Jesus / Christ,Padasjoki,Finland/Savo-Karelia,Finnish,su,1,Jeesus,1,1.0,1,-0.0,Jeesus (1)
5,Jesus / Christ,Paistu,Estonia core/west,South Estonian,viE,1,Jeesus,1,1.0,1,-0.0,Jeesus (1)
5,Jesus / Christ,Perniö,Finland/Savo-Karelia,Finnish,su,1,Kristus,1,1.0,1,-0.0,Kristus (1)
5,Jesus / Christ,Polvijärvi,Finland/Savo-Karelia,Finnish,su,1,Jeesus,1,1.0,1,-0.0,Jeesus (1)
5,Jesus / Christ,Pomarkku,Finland/Savo-Karelia,Finnish,su,1,Kristus,1,1.0,1,-0.0,Kristus (1)
5,Jesus / Christ,Pudasjärvi,Finland/Savo-Karelia,Finnish,su,1,Jeesus,1,1.0,1,-0.0,Jeesus (1)
5,Jesus / Christ,Pyhämaa,Finland/Savo-Karelia,Finnish,su,1,Kristus,1,1.0,1,-0.0,Kristus (1)
5,Jesus / Christ,Põlva,South Estonia/Seto,South Estonian,viE,1,Kristus,1,1.0,1,-0.0,Kristus (1)
5,Jesus / Christ,Pöide,Estonia core/west,North Estonian,viP,1,Jeesus,1,1.0,1,-0.0,Jeesus (1)
5,Jesus / Christ,Pühalepa,Estonia core/west,North Estonian,viP,1,Other,1,1.0,1,-0.0,Other (1)
5,Jesus / Christ,Reisjärvi,Finland/Savo-Karelia,Finnish,su,1,Jeesus,1,1.0,1,-0.0,Jeesus (1)
5,Jesus / Christ,Riistavesi,Finland/Savo-Karelia,Finnish,su,1,Kristus,1,1.0,1,-0.0,Kristus (1)
5,Jesus / Christ,Rõuge,South Estonia/Seto,South Estonian,viE,1,Jeesus,1,1.0,1,-0.0,Jeesus (1)
5,Jesus / Christ,Saarijärvi,Finland/Savo-Karelia,Finnish,su,1,Jeesus,1,1.0,1,-0.0,Jeesus (1)
5,Jesus / Christ,Seiskari,Finland/Savo-Karelia,Finnish,su,1,Jeesus,1,1.0,1,-0.0,Jeesus (1)
5,Jesus / Christ,Siikainen,Finland/Savo-Karelia,Finnish,su,1,Kristus,1,1.0,1,-0.0,Kristus (1)
5,Jesus / Christ,Simo,Finland/Savo-Karelia,Finnish,su,1,Jeesus,1,1.0,1,-0.0,Jeesus (1)
5,Jesus / Christ,Svärdsjö,Finland/Savo-Karelia,Finnish,su,1,Kiesus,1,1.0,1,-0.0,Kiesus (1)
5,Jesus / Christ,Sääminki,Finland/Savo-Karelia,Finnish,su,1,Jeesus,1,1.0,1,-0.0,Jeesus (1)
5,Jesus / Christ,Taipalsaari,Finland/Savo-Karelia,Finnish,su,1,Jeesus,1,1.0,1,-0.0,Jeesus (1)
5,Jesus / Christ,Tampere,Finland/Savo-Karelia,Finnish,su,1,Kristus,1,1.0,1,-0.0,Kristus (1)
5,Jesus / Christ,Tarvasjoki,Finland/Savo-Karelia,Finnish,su,1,Kristus,1,1.0,1,-0.0,Kristus (1)
5,Jesus / Christ,Terijoki,Finland/Savo-Karelia,Finnish,su,1,Jeesus,1,1.0,1,-0.0,Jeesus (1)
5,Jesus / Christ,Tervo,Finland/Savo-Karelia,Finnish,su,1,Jeesus,1,1.0,1,-0.0,Jeesus (1)
5,Jesus / Christ,Tervola,Finland/Savo-Karelia,Finnish,su,1,Jeesus,1,1.0,1,-0.0,Jeesus (1)
5,Jesus / Christ,Tottijärvi,Finland/Savo-Karelia,Finnish,su,1,Jeesus,1,1.0,1,-0.0,Jeesus (1)
5,Jesus / Christ,Tuupovaara,Finland/Savo-Karelia,Finnish,su,1,Jesus,1,1.0,1,-0.0,Jesus (1)
5,Jesus / Christ,Tytärsaari,Finland/Savo-Karelia,Finnish,su,1,Jeesus,1,1.0,1,-0.0,Jeesus (1)
5,Jesus / Christ,Tõstamaa,Estonia core/west,North Estonian,viP,1,Jeesus,1,1.0,1,-0.0,Jeesus (1)
5,Jesus / Christ,Urjala,Finland/Savo-Karelia,Finnish,su,1,Jeesus,1,1.0,1,-0.0,Jeesus (1)
5,Jesus / Christ,Uskela,Finland/Savo-Karelia,Finnish,su,1,Jeesus,1,1.0,1,-0.0,Jeesus (1)
5,Jesus / Christ,Uusikaarlepyy,Finland/Savo-Karelia,Outside selected Finnic areas,ru,1,Jeesus,1,1.0,1,-0.0,Jeesus (1)
5,Jesus / Christ,Valjala,Estonia core/west,North Estonian,viP,1,Jeesus,1,1.0,1,-0.0,Jeesus (1)
5,Jesus / Christ,Vehmaa,Finland/Savo-Karelia,Finnish,su,1,Jeesus,1,1.0,1,-0.0,Jeesus (1)
5,Jesus / Christ,Vihanti,Finland/Savo-Karelia,Finnish,su,1,Jeesus,1,1.0,1,-0.0,Jeesus (1)
5,Jesus / Christ,Viipuri,Finland/Savo-Karelia,Finnish,su,1,Jeesus,1,1.0,1,-0.0,Jeesus (1)
5,Jesus / Christ,Vitele,East Karelia/Veps/Tver,Livvi-Karelian,ka,1,Kristus,1,1.0,1,-0.0,Kristus (1)
5,Jesus / Christ,Vändra,Estonia core/west,North Estonian,viP,1,Jeesus,1,1.0,1,-0.0,Jeesus (1)
5,Jesus / Christ,Ylihärmä,Finland/Savo-Karelia,Finnish,su,1,Kristus,1,1.0,1,-0.0,Kristus (1)
6,Anna / Anne / Ann / Anni,Tarvastu,Estonia core/west,South Estonian,viE,60,Ann,23,0.38333333333333336,6,1.4908,Ann (23); Anne (18); Other (8); Anna (6); anne (3); anneke (2)
6,Anna / Anne / Ann / Anni,Kadrina,Estonia core/west,North Estonian,viP,54,Anne,28,0.5185185185185185,6,1.1225,Anne (28); Ann (19); Anna (4); Anni (1); Other (1); anne (1)
6,Anna / Anne / Ann / Anni,Paistu,Estonia core/west,South Estonian,viE,52,Anne,33,0.6346153846153846,5,1.1456,Anne (33); Ann (7); Anna (5); Other (4); anneke (3)
6,Anna / Anne / Ann / Anni,Haljala,Estonia core/west,North Estonian,viP,48,Anne,26,0.5416666666666666,7,1.3591,Anne (26); Ann (9); Anna (5); Other (5); Anu (1); anne (1); anneke (1)
6,Anna / Anne / Ann / Anni,Karksi,Estonia core/west,South Estonian,viE,45,Anne,38,0.8444444444444444,5,0.6309,Anne (38); Anna (3); anneke (2); Other (1); anne (1)
6,Anna / Anne / Ann / Anni,Kolga-Jaani,Estonia core/west,North Estonian,viP,45,Anne,28,0.6222222222222222,7,1.1163,Anne (28); Ann (11); anneke (2); Anna (1); Anu (1); Other (1); anne (1)
6,Anna / Anne / Ann / Anni,Vigala,Estonia core/west,North Estonian,viP,45,Ann,24,0.5333333333333333,5,1.2869,Ann (24); Other (9); Anne (6); Anna (3); anneke (3)
6,Anna / Anne / Ann / Anni,Helme,Estonia core/west,South Estonian,viE,42,Anne,28,0.6666666666666666,5,1.0622,Anne (28); Anna (6); Other (4); Ann (2); anne (2)
6,Anna / Anne / Ann / Anni,Viljandi,Estonia core/west,North Estonian,viP,40,Anne,26,0.65,5,0.9943,Anne (26); Ann (9); Other (3); Anna (1); anneke (1)
6,Anna / Anne / Ann / Anni,Narvusi,Ingria,Ingrian,in,37,Anni,28,0.7567567567567568,4,0.822,Anni (28); Anna (3); Anu (3); Other (3)
6,Anna / Anne / Ann / Anni,Põltsamaa,Estonia core/west,North Estonian,viP,33,Anne,15,0.45454545454545453,6,1.278,Anne (15); Ann (12); Anu (2); Other (2); Anna (1); anne (1)
6,Anna / Anne / Ann / Anni,Tulemajärvi,East Karelia/Veps/Tver,Livvi-Karelian,ka,33,Anni,19,0.5757575757575758,3,0.9581,Anni (19); Other (9); Anna (5)
6,Anna / Anne / Ann / Anni,Suojärvi,East Karelia/Veps/Tver,Finnish,su,32,Anni,25,0.78125,3,0.6562,Anni (25); Other (5); Anna (2)
6,Anna / Anne / Ann / Anni,Audru,Estonia core/west,North Estonian,viP,30,Anna,16,0.5333333333333333,5,1.2487,Anna (16); Ann (7); Anne (3); Other (3); anne (1)
6,Anna / Anne / Ann / Anni,Pilistvere,Estonia core/west,North Estonian,viP,30,Anne,13,0.43333333333333335,5,1.3354,Anne (13); Ann (7); Other (7); anne (2); Anna (1)
6,Anna / Anne / Ann / Anni,Setumaa,South Estonia/Seto,South Estonian,viE,29,Ann,15,0.5172413793103449,4,1.1539,Ann (15); Anna (8); Anne (4); Other (2)
6,Anna / Anne / Ann / Anni,Suistamo,East Karelia/Veps/Tver,Livvi-Karelian,ka,29,Anni,20,0.6896551724137931,4,0.9282,Anni (20); Other (5); Anna (2); Anu (2)
6,Anna / Anne / Ann / Anni,Urvaste,South Estonia/Seto,South Estonian,viE,29,Ann,11,0.3793103448275862,4,1.3398,Ann (11); Other (7); Anna (6); Anne (5)
6,Anna / Anne / Ann / Anni,Maarja-Magdaleena,Estonia core/west,North Estonian,viP,28,Anne,10,0.35714285714285715,4,1.3019,Anne (10); Anna (9); Ann (6); anne (3)
6,Anna / Anne / Ann / Anni,Kose,Estonia core/west,North Estonian,viP,27,Anne,12,0.4444444444444444,5,1.3186,Anne (12); Ann (8); Anna (4); Other (2); anne (1)
6,Anna / Anne / Ann / Anni,Suure-Jaani,Estonia core/west,North Estonian,viP,27,Anne,11,0.4074074074074074,5,1.3947,Anne (11); Ann (8); Anna (4); Other (2); anne (2)
6,Anna / Anne / Ann / Anni,Vändra,Estonia core/west,North Estonian,viP,27,Anne,9,0.3333333333333333,6,1.5555,Anne (9); Other (7); anne (5); Ann (4); Anna (1); anneke (1)
6,Anna / Anne / Ann / Anni,Harju-Jaani,Estonia core/west,North Estonian,viP,26,Anna,17,0.6538461538461539,5,1.0857,Anna (17); Anne (4); Ann (2); Other (2); Anu (1)
6,Anna / Anne / Ann / Anni,Koeru,Estonia core/west,North Estonian,viP,26,Anne,16,0.6153846153846154,4,0.9121,Anne (16); Ann (8); Anna (1); Other (1)
6,Anna / Anne / Ann / Anni,Võnnu,Estonia core/west,South Estonian,viE,25,Ann,12,0.48,4,1.2188,Ann (12); Anne (6); Anna (5); Other (2)
6,Anna / Anne / Ann / Anni,Ambla,Estonia core/west,North Estonian,viP,24,Anne,13,0.5416666666666666,5,1.2034,Anne (13); Ann (6); Other (3); Anna (1); anne (1)
6,Anna / Anne / Ann / Anni,Halliste,Estonia core/west,South Estonian,viE,24,Anne,20,0.8333333333333334,4,0.6238,Anne (20); Ann (2); anne (1); anneke (1)
6,Anna / Anne / Ann / Anni,Muhu,Estonia core/west,North Estonian,viP,24,Ann,16,0.6666666666666666,3,0.824,Ann (16); Anne (6); anne (2)
6,Anna / Anne / Ann / Anni,Saarde,Estonia core/west,North Estonian,viP,24,Anne,20,0.8333333333333334,3,0.5443,Anne (20); Other (3); Ann (1)
6,Anna / Anne / Ann / Anni,Viru-Nigula,Estonia core/west,North Estonian,viP,24,Ann,10,0.4166666666666667,4,1.1437,Ann (10); Anne (10); Anni (2); Anu (2)
6,Anna / Anne / Ann / Anni,Väike-Maarja,Estonia core/west,North Estonian,viP,24,Anne,16,0.6666666666666666,5,1.0409,Anne (16); Ann (4); Other (2); Anna (1); anne (1)
6,Anna / Anne / Ann / Anni,Kuusalu,Estonia core/west,North Estonian,viP,23,Anne,12,0.5217391304347826,5,1.3113,Anne (12); Anna (4); Ann (3); Anni (3); Other (1)
6,Anna / Anne / Ann / Anni,Soikkola,Ingria,Ingrian,in,23,Anni,21,0.9130434782608695,2,0.2954,Anni (21); anni (2)
6,Anna / Anne / Ann / Anni,Viru-Jaagupi,Estonia core/west,North Estonian,viP,21,Ann,6,0.2857142857142857,6,1.6092,Ann (6); Anna (5); Other (5); anneke (3); Anne (1); anne (1)
6,Anna / Anne / Ann / Anni,Vuole,Ingria,Finnish,su,21,Anni,20,0.9523809523809523,2,0.1914,Anni (20); Anna (1)
6,Anna / Anne / Ann / Anni,Kontokki,East Karelia/Veps/Tver,Karelian Proper,ka,20,Anni,20,1.0,1,-0.0,Anni (20)
6,Anna / Anne / Ann / Anni,Sangaste,Estonia core/west,South Estonian,viE,20,Other,7,0.35,5,1.526,Other (7); Ann (4); Anne (4); Anna (3); Anu (2)
6,Anna / Anne / Ann / Anni,Jõhvi,Estonia core/west,North Estonian,viP,19,Ann,9,0.47368421052631576,4,1.247,Ann (9); Anna (4); Anne (4); Other (2)
6,Anna / Anne / Ann / Anni,Pöide,Estonia core/west,North Estonian,viP,19,Ann,12,0.631578947368421,4,1.0281,Ann (12); Anne (3); Anu (3); Anna (1)
6,Anna / Anne / Ann / Anni,Pühalepa,Estonia core/west,North Estonian,viP,19,Ann,12,0.631578947368421,4,1.0281,Ann (12); Anne (3); Other (3); Anu (1)
6,Anna / Anne / Ann / Anni,Ilomantsi,Finland/Savo-Karelia,Finnish,su,18,Anni,12,0.6666666666666666,3,0.7867,Anni (12); Anna (5); Other (1)
6,Anna / Anne / Ann / Anni,Laiuse,Estonia core/west,North Estonian,viP,18,Anne,11,0.6111111111111112,5,1.1649,Anne (11); Anna (3); Ann (2); Other (1); anne (1)
6,Anna / Anne / Ann / Anni,Paatene,East Karelia/Veps/Tver,Karelian Proper,kaV,16,anni,16,1.0,1,-0.0,anni (16)
6,Anna / Anne / Ann / Anni,Puhja,Estonia core/west,South Estonian,viE,16,Anne,5,0.3125,6,1.6844,Anne (5); Anna (3); Other (3); Ann (2); Anu (2); anneke (1)
6,Anna / Anne / Ann / Anni,Karuse,Estonia core/west,North Estonian,viP,15,Ann,7,0.4666666666666667,3,1.0438,Ann (7); Anne (5); Anna (3)
6,Anna / Anne / Ann / Anni,Peetri,Estonia core/west,North Estonian,viP,15,Ann,6,0.4,5,1.4019,Ann (6); Other (4); Anne (3); Anna (1); Anni (1)
6,Anna / Anne / Ann / Anni,Tori,Estonia core/west,North Estonian,viP,15,Ann,6,0.4,5,1.2746,Ann (6); Anne (6); Anna (1); Anni (1); Other (1)
6,Anna / Anne / Ann / Anni,Koprina,Ingria,Finnish,su,13,Anni,13,1.0,1,-0.0,Anni (13)
6,Anna / Anne / Ann / Anni,Rõuge,South Estonia/Seto,South Estonian,viE,13,Other,7,0.5384615384615384,3,0.984,Other (7); Anni (4); Ann (2)
6,Anna / Anne / Ann / Anni,Häädemeeste,Estonia core/west,North Estonian,viP,12,Anne,7,0.5833333333333334,3,0.9596,Anne (7); Other (3); Ann (2)
6,Anna / Anne / Ann / Anni,Koivisto,Finland/Savo-Karelia,Finnish,su,12,Anni,11,0.9166666666666666,2,0.2868,Anni (11); Anna (1)
6,Anna / Anne / Ann / Anni,Otepää,Estonia core/west,South Estonian,viE,12,Anne,5,0.4166666666666667,3,1.0776,Anne (5); Other (4); Ann (3)
6,Anna / Anne / Ann / Anni,Paide,Estonia core/west,North Estonian,viP,12,Anne,8,0.6666666666666666,4,0.9831,Anne (8); Ann (2); Anna (1); anne (1)
6,Anna / Anne / Ann / Anni,Vaivara,Estonia core/west,North Estonian,viP,12,Anne,5,0.4166666666666667,5,1.4677,Anne (5); Other (2); anne (2); anneke (2); Ann (1)
6,Anna / Anne / Ann / Anni,Varbla,Estonia core/west,North Estonian,viP,12,Ann,11,0.9166666666666666,2,0.2868,Ann (11); anne (1)
6,Anna / Anne / Ann / Anni,Äksi,Estonia core/west,North Estonian,viP,12,Anne,9,0.75,2,0.5623,Anne (9); Ann (3)
6,Anna / Anne / Ann / Anni,Käina,Estonia core/west,North Estonian,viP,11,Ann,10,0.9090909090909091,2,0.3046,Ann (10); Anna (1)
6,Anna / Anne / Ann / Anni,Palamuse,Estonia core/west,North Estonian,viP,11,Anne,7,0.6363636363636364,3,0.86,Anne (7); Ann (3); Other (1)
6,Anna / Anne / Ann / Anni,Torma,Estonia core/west,North Estonian,viP,11,Anne,6,0.5454545454545454,4,1.1685,Anne (6); Ann (2); anne (2); Other (1)
6,Anna / Anne / Ann / Anni,Türi,Estonia core/west,North Estonian,viP,11,Anne,7,0.6363636363636364,4,1.0336,Anne (7); Ann (2); Anna (1); anne (1)
6,Anna / Anne / Ann / Anni,Vuokkiniemi,East Karelia/Veps/Tver,Karelian Proper,ka,11,Anni,10,0.9090909090909091,2,0.3046,Anni (10); Other (1)
6,Anna / Anne / Ann / Anni,Jõelähtme,Estonia core/west,North Estonian,viP,10,Ann,3,0.3,5,1.5048,Ann (3); Anna (3); Anne (2); Other (1); anne (1)
6,Anna / Anne / Ann / Anni,Kanepi,South Estonia/Seto,South Estonian,viE,10,Anne,5,0.5,4,1.2206,Anne (5); Anna (2); Other (2); anneke (1)
6,Anna / Anne / Ann / Anni,Kaprio,Ingria,Finnish,su,10,Anni,10,1.0,1,-0.0,Anni (10)
6,Anna / Anne / Ann / Anni,Karja,Estonia core/west,North Estonian,viP,10,Ann,6,0.6,2,0.673,Ann (6); Anne (4)
6,Anna / Anne / Ann / Anni,Kuusamo,Finland/Savo-Karelia,Finnish,su,10,Anni,9,0.9,2,0.3251,Anni (9); Other (1)
6,Anna / Anne / Ann / Anni,Lempaala,Finland/Savo-Karelia,Finnish,su,10,Anni,6,0.6,3,0.9503,Anni (6); Anna (2); Other (2)
6,Anna / Anne / Ann / Anni,Risti,Estonia core/west,North Estonian,viP,10,Anna,6,0.6,3,0.9503,Anna (6); Anni (2); Other (2)
6,Anna / Anne / Ann / Anni,Sakkola,Finland/Savo-Karelia,Finnish,su,10,Anni,8,0.8,2,0.5004,Anni (8); Other (2)
6,Anna / Anne / Ann / Anni,Moloskovitsa,Ingria,Finnish,su,9,Anni,9,1.0,1,-0.0,Anni (9)
6,Anna / Anne / Ann / Anni,Rapla,Estonia core/west,North Estonian,viP,9,Anne,5,0.5555555555555556,3,0.995,Anne (5); Ann (2); anne (2)
6,Anna / Anne / Ann / Anni,Simuna,Estonia core/west,North Estonian,viP,9,Anne,3,0.3333333333333333,4,1.3108,Anne (3); Other (3); anne (2); anneke (1)
6,Anna / Anne / Ann / Anni,Heinävesi,Finland/Savo-Karelia,Finnish,su,8,Anna,4,0.5,2,0.6931,Anna (4); Anni (4)
6,Anna / Anne / Ann / Anni,Hämeenlinna,Finland/Savo-Karelia,Finnish,su,8,Anni,6,0.75,3,0.7356,Anni (6); Anna (1); Other (1)
6,Anna / Anne / Ann / Anni,Järva-Jaani,Estonia core/west,North Estonian,viP,8,Anu,4,0.5,3,1.0397,Anu (4); Ann (2); Anne (2)
6,Anna / Anne / Ann / Anni,Kodavere,Estonia core/west,North Estonian,viP,8,Anne,6,0.75,3,0.7356,Anne (6); Ann (1); anne (1)
6,Anna / Anne / Ann / Anni,Korpiselkä,East Karelia/Veps/Tver,Karelian Proper,ka,8,Anni,7,0.875,2,0.3768,Anni (7); Ann (1)
6,Anna / Anne / Ann / Anni,Kõpu,Estonia core/west,North Estonian,viP,8,Anne,7,0.875,2,0.3768,Anne (7); Ann (1)
6,Anna / Anne / Ann / Anni,Mustjala,Estonia core/west,North Estonian,viP,8,Anne,5,0.625,4,1.0735,Anne (5); Ann (1); Anna (1); Other (1)
6,Anna / Anne / Ann / Anni,Seiskari,Finland/Savo-Karelia,Finnish,su,8,Anni,8,1.0,1,-0.0,Anni (8)
6,Anna / Anne / Ann / Anni,Skuoritsa,Ingria,Finnish,su,8,Anni,8,1.0,1,-0.0,Anni (8)
6,Anna / Anne / Ann / Anni,Toksova,Ingria,Finnish,su,8,Anni,8,1.0,1,-0.0,Anni (8)
6,Anna / Anne / Ann / Anni,Hargla,South Estonia/Seto,South Estonian,viE,7,Anne,4,0.5714285714285714,3,0.9557,Anne (4); Anna (2); Other (1)
6,Anna / Anne / Ann / Anni,Metsäpirtti,Finland/Savo-Karelia,Finnish,su,7,Other,6,0.8571428571428571,2,0.4101,Other (6); Anni (1)
6,Anna / Anne / Ann / Anni,Rannu,Estonia core/west,South Estonian,viE,7,Anne,2,0.2857142857142857,4,1.3518,Anne (2); Anu (2); Other (2); Ann (1)
6,Anna / Anne / Ann / Anni,Rovaniemi,Finland/Savo-Karelia,Finnish,su,7,Anni,6,0.8571428571428571,2,0.4101,Anni (6); Anna (1)
6,Anna / Anne / Ann / Anni,Tõstamaa,Estonia core/west,North Estonian,viP,7,Anne,2,0.2857142857142857,4,1.3518,Anne (2); Other (2); anne (2); Anu (1)
6,Anna / Anne / Ann / Anni,Uskela,Finland/Savo-Karelia,Finnish,su,7,Other,5,0.7142857142857143,3,0.7963,Other (5); Anna (1); Anni (1)
6,Anna / Anne / Ann / Anni,Hattula,Finland/Savo-Karelia,Finnish,su,6,Anna,3,0.5,3,1.0114,Anna (3); Anni (2); Other (1)
6,Anna / Anne / Ann / Anni,Jüri,Estonia core/west,North Estonian,viP,6,Anne,4,0.6666666666666666,3,0.8676,Anne (4); Ann (1); anne (1)
6,Anna / Anne / Ann / Anni,Kontiolahti,Finland/Savo-Karelia,Finnish,su,6,Anni,5,0.8333333333333334,2,0.4506,Anni (5); Anna (1)
6,Anna / Anne / Ann / Anni,Kursi,Estonia core/west,North Estonian,viP,6,Anne,4,0.6666666666666666,3,0.8676,Anne (4); Ann (1); Anna (1)
6,Anna / Anne / Ann / Anni,Lavansaari,Finland/Savo-Karelia,Finnish,su,6,Anni,5,0.8333333333333334,2,0.4506,Anni (5); Anna (1)
6,Anna / Anne / Ann / Anni,Märjamaa,Estonia core/west,North Estonian,viP,6,Anne,4,0.6666666666666666,3,0.8676,Anne (4); Ann (1); Other (1)
6,Anna / Anne / Ann / Anni,Nõo,Estonia core/west,South Estonian,viE,6,Anne,6,1.0,1,-0.0,Anne (6)
6,Anna / Anne / Ann / Anni,Pärnu-Jaagupi,Estonia core/west,North Estonian,viP,6,Ann,2,0.3333333333333333,4,1.3297,Ann (2); Anne (2); Other (1); anne (1)
6,Anna / Anne / Ann / Anni,Põlva,South Estonia/Seto,South Estonian,viE,6,Anne,3,0.5,3,1.0114,Anne (3); Ann (2); Anna (1)
6,Anna / Anne / Ann / Anni,Repola,East Karelia/Veps/Tver,Karelian Proper,kaV,6,Anni,5,0.8333333333333334,2,0.4506,Anni (5); Anna (1)
6,Anna / Anne / Ann / Anni,Ridala,Estonia core/west,North Estonian,viP,6,Ann,5,0.8333333333333334,2,0.4506,Ann (5); Other (1)
6,Anna / Anne / Ann / Anni,Rõngu,Estonia core/west,South Estonian,viE,6,Anne,5,0.8333333333333334,2,0.4506,Anne (5); Ann (1)
6,Anna / Anne / Ann / Anni,Tyrö,Ingria,Finnish,su,6,Anni,5,0.8333333333333334,2,0.4506,Anni (5); Anna (1)
6,Anna / Anne / Ann / Anni,Alatornio,Finland/Savo-Karelia,Finnish,su,5,Anni,4,0.8,2,0.5004,Anni (4); Other (1)
6,Anna / Anne / Ann / Anni,Hietamäki,Ingria,Finnish,su,5,Anni,5,1.0,1,-0.0,Anni (5)
6,Anna / Anne / Ann / Anni,Järva-Madise,Estonia core/west,North Estonian,viP,5,Anne,3,0.6,2,0.673,Anne (3); Other (2)
6,Anna / Anne / Ann / Anni,Kivennapa,Finland/Savo-Karelia,Finnish,su,5,Anni,4,0.8,2,0.5004,Anni (4); Anna (1)
6,Anna / Anne / Ann / Anni,Lüganuse,Estonia core/west,North Estonian,viP,5,Anne,2,0.4,4,1.3322,Anne (2); Anni (1); Anu (1); Other (1)
6,Anna / Anne / Ann / Anni,Räpina,South Estonia/Seto,South Estonian,viE,5,Anna,2,0.4,4,1.3322,Anna (2); Ann (1); Anne (1); Other (1)
6,Anna / Anne / Ann / Anni,Salmi,East Karelia/Veps/Tver,Livvi-Karelian,ka,5,Anni,5,1.0,1,-0.0,Anni (5)
6,Anna / Anne / Ann / Anni,Terijoki,Finland/Savo-Karelia,Finnish,su,5,Anni,4,0.8,2,0.5004,Anni (4); Other (1)
6,Anna / Anne / Ann / Anni,Iisaku,Estonia core/west,North Estonian,viP,4,Anne,4,1.0,1,-0.0,Anne (4)
6,Anna / Anne / Ann / Anni,Kaarma,Estonia core/west,North Estonian,viP,4,Ann,3,0.75,2,0.5623,Ann (3); Anne (1)
6,Anna / Anne / Ann / Anni,Karula,South Estonia/Seto,South Estonian,viE,4,Anne,2,0.5,3,1.0397,Anne (2); Ann (1); Other (1)
6,Anna / Anne / Ann / Anni,Kattila,Ingria,Votic,su,4,Anu,2,0.5,2,0.6931,Anu (2); Other (2)
6,Anna / Anne / Ann / Anni,Kiestinki,East Karelia/Veps/Tver,Karelian Proper,ka,4,Anni,2,0.5,2,0.6931,Anni (2); Other (2)
6,Anna / Anne / Ann / Anni,Kuopio,Finland/Savo-Karelia,Finnish,su,4,Anni,3,0.75,2,0.5623,Anni (3); Other (1)
6,Anna / Anne / Ann / Anni,Kupanitsa,Ingria,Finnish,su,4,Anni,4,1.0,1,-0.0,Anni (4)
6,Anna / Anne / Ann / Anni,Liissilä,Ingria,Finnish,su,4,Anni,4,1.0,1,-0.0,Anni (4)
6,Anna / Anne / Ann / Anni,Liperi,Finland/Savo-Karelia,Finnish,su,4,Anni,3,0.75,2,0.5623,Anni (3); Anna (1)
6,Anna / Anne / Ann / Anni,Mihkli,Estonia core/west,North Estonian,viP,4,Anne,2,0.5,2,0.6931,Anne (2); Other (2)
6,Anna / Anne / Ann / Anni,Porajärvi,East Karelia/Veps/Tver,Karelian Proper,kaV,4,Anni,4,1.0,1,-0.0,Anni (4)
6,Anna / Anne / Ann / Anni,Rakvere,Estonia core/west,North Estonian,viP,4,Other,3,0.75,2,0.5623,Other (3); Anne (1)
6,Anna / Anne / Ann / Anni,Saarijärvi,Finland/Savo-Karelia,Finnish,su,4,Anni,3,0.75,2,0.5623,Anni (3); Anna (1)
6,Anna / Anne / Ann / Anni,Tampere,Finland/Savo-Karelia,Finnish,su,4,Anni,4,1.0,1,-0.0,Anni (4)
6,Anna / Anne / Ann / Anni,Tartu-Maarja,Estonia core/west,South Estonian,viE,4,Anne,4,1.0,1,-0.0,Anne (4)
6,Anna / Anne / Ann / Anni,Vastseliina,South Estonia/Seto,South Estonian,viE,4,Anna,2,0.5,3,1.0397,Anna (2); Anne (1); Other (1)
6,Anna / Anne / Ann / Anni,Heinjoki,Finland/Savo-Karelia,Finnish,su,3,Anni,3,1.0,1,-0.0,Anni (3)
6,Anna / Anne / Ann / Anni,Impilahti,East Karelia/Veps/Tver,Livvi-Karelian,ka,3,Anni,2,0.6666666666666666,2,0.6365,Anni (2); Anu (1)
6,Anna / Anne / Ann / Anni,Juuru,Estonia core/west,North Estonian,viP,3,Ann,2,0.6666666666666666,2,0.6365,Ann (2); Anna (1)
6,Anna / Anne / Ann / Anni,Jämaja,Estonia core/west,North Estonian,viP,3,Anne,3,1.0,1,-0.0,Anne (3)
6,Anna / Anne / Ann / Anni,Kambja,Estonia core/west,South Estonian,viE,3,Anne,3,1.0,1,-0.0,Anne (3)
6,Anna / Anne / Ann / Anni,Karunki,Finland/Savo-Karelia,Finnish,su,3,Anni,3,1.0,1,-0.0,Anni (3)
6,Anna / Anne / Ann / Anni,Kerimäki,Finland/Savo-Karelia,Finnish,su,3,Anna,3,1.0,1,-0.0,Anna (3)
6,Anna / Anne / Ann / Anni,Kuolemajärvi,Finland/Savo-Karelia,Finnish,su,3,Anni,3,1.0,1,-0.0,Anni (3)
6,Anna / Anne / Ann / Anni,Kuusjoki,Finland/Savo-Karelia,Finnish,su,3,Anni,3,1.0,1,-0.0,Anni (3)
6,Anna / Anne / Ann / Anni,Kärla,Estonia core/west,North Estonian,viP,3,Ann,3,1.0,1,-0.0,Ann (3)
6,Anna / Anne / Ann / Anni,Lihula,Estonia core/west,North Estonian,viP,3,Anne,3,1.0,1,-0.0,Anne (3)
6,Anna / Anne / Ann / Anni,Mäntsälä,Finland/Savo-Karelia,Finnish,su,3,Anna,1,0.3333333333333333,3,1.0986,Anna (1); Anni (1); Other (1)
6,Anna / Anne / Ann / Anni,Mäntyharju,Finland/Savo-Karelia,Finnish,su,3,Anni,3,1.0,1,-0.0,Anni (3)
6,Anna / Anne / Ann / Anni,Paattinen,Finland/Savo-Karelia,Finnish,su,3,Anni,2,0.6666666666666666,2,0.6365,Anni (2); Anna (1)
6,Anna / Anne / Ann / Anni,Pudasjärvi,Finland/Savo-Karelia,Finnish,su,3,Anna,2,0.6666666666666666,2,0.6365,Anna (2); Anni (1)
6,Anna / Anne / Ann / Anni,Pyhäjärvi Vpl.,Finland/Savo-Karelia,Finnish,su,3,Anni,3,1.0,1,-0.0,Anni (3)
6,Anna / Anne / Ann / Anni,Pärnu,Estonia core/west,North Estonian,viP,3,Anne,2,0.6666666666666666,2,0.6365,Anne (2); Ann (1)
6,Anna / Anne / Ann / Anni,Rukajärvi,East Karelia/Veps/Tver,Karelian Proper,ka,3,Anni,3,1.0,1,-0.0,Anni (3)
6,Anna / Anne / Ann / Anni,Savitaipale,Finland/Savo-Karelia,Finnish,su,3,Other,3,1.0,1,-0.0,Other (3)
6,Anna / Anne / Ann / Anni,Sonkajärvi,Finland/Savo-Karelia,Finnish,su,3,Anna,3,1.0,1,-0.0,Anna (3)
6,Anna / Anne / Ann / Anni,Töysä,Finland/Savo-Karelia,Finnish,su,3,Anna,2,0.6666666666666666,2,0.6365,Anna (2); Anni (1)
6,Anna / Anne / Ann / Anni,Venjoki,Ingria,Finnish,su,3,Anna,2,0.6666666666666666,2,0.6365,Anna (2); Anni (1)
6,Anna / Anne / Ann / Anni,Vieljärvi,East Karelia/Veps/Tver,Livvi-Karelian,kaA,3,Anni,3,1.0,1,-0.0,Anni (3)
6,Anna / Anne / Ann / Anni,Halikko,Finland/Savo-Karelia,Finnish,su,2,Anna,1,0.5,2,0.6931,Anna (1); Anni (1)
6,Anna / Anne / Ann / Anni,Hollola,Finland/Savo-Karelia,Finnish,su,2,Anni,2,1.0,1,-0.0,Anni (2)
6,Anna / Anne / Ann / Anni,Iitti,Finland/Savo-Karelia,Finnish,su,2,Anni,2,1.0,1,-0.0,Anni (2)
6,Anna / Anne / Ann / Anni,Janakkala,Finland/Savo-Karelia,Finnish,su,2,Anna,1,0.5,2,0.6931,Anna (1); anni (1)
6,Anna / Anne / Ann / Anni,Joroinen,Finland/Savo-Karelia,Finnish,su,2,Anna,1,0.5,2,0.6931,Anna (1); Other (1)
6,Anna / Anne / Ann / Anni,Juva,Finland/Savo-Karelia,Finnish,su,2,Anna,2,1.0,1,-0.0,Anna (2)
6,Anna / Anne / Ann / Anni,Kangaslampi,Finland/Savo-Karelia,Finnish,su,2,Anna,2,1.0,1,-0.0,Anna (2)
6,Anna / Anne / Ann / Anni,Karstula,Finland/Savo-Karelia,Finnish,su,2,Other,2,1.0,1,-0.0,Other (2)
6,Anna / Anne / Ann / Anni,Kauhajoki,Finland/Savo-Karelia,Finnish,su,2,Anni,2,1.0,1,-0.0,Anni (2)
6,Anna / Anne / Ann / Anni,Keila,Estonia core/west,North Estonian,viP,2,Other,2,1.0,1,-0.0,Other (2)
6,Anna / Anne / Ann / Anni,Kiihtelysvaara,Finland/Savo-Karelia,Finnish,su,2,Anna,1,0.5,2,0.6931,Anna (1); Other (1)
6,Anna / Anne / Ann / Anni,Kokemäki,Finland/Savo-Karelia,Finnish,su,2,Other,2,1.0,1,-0.0,Other (2)
6,Anna / Anne / Ann / Anni,Kuhmo,Finland/Savo-Karelia,Finnish,su,2,Anni,2,1.0,1,-0.0,Anni (2)
6,Anna / Anne / Ann / Anni,Leppävirta,Finland/Savo-Karelia,Finnish,su,2,Other,2,1.0,1,-0.0,Other (2)
6,Anna / Anne / Ann / Anni,Loppi,Finland/Savo-Karelia,Finnish,su,2,Anna,1,0.5,2,0.6931,Anna (1); Anni (1)
6,Anna / Anne / Ann / Anni,Maksuatiha,East Karelia/Veps/Tver,Karelian Proper,ka,2,Anni,2,1.0,1,-0.0,Anni (2)
6,Anna / Anne / Ann / Anni,Nakkila,Finland/Savo-Karelia,Finnish,su,2,Anna,1,0.5,2,0.6931,Anna (1); Anni (1)
6,Anna / Anne / Ann / Anni,Nilsiä,Finland/Savo-Karelia,Finnish,su,2,Anna,2,1.0,1,-0.0,Anna (2)
6,Anna / Anne / Ann / Anni,Oulanka,East Karelia/Veps/Tver,Karelian Proper,ka,2,Anna,2,1.0,1,-0.0,Anna (2)
6,Anna / Anne / Ann / Anni,Perho,Finland/Savo-Karelia,Finnish,su,2,Anna,2,1.0,1,-0.0,Anna (2)
6,Anna / Anne / Ann / Anni,Perniö,Finland/Savo-Karelia,Finnish,su,2,Anna,1,0.5,2,0.6931,Anna (1); Anni (1)
6,Anna / Anne / Ann / Anni,Pieksämäki,Finland/Savo-Karelia,Finnish,su,2,Anna,1,0.5,2,0.6931,Anna (1); Anni (1)
6,Anna / Anne / Ann / Anni,Pielisjärvi,Finland/Savo-Karelia,Finnish,su,2,Anni,2,1.0,1,-0.0,Anni (2)
6,Anna / Anne / Ann / Anni,Puolanka,Finland/Savo-Karelia,Finnish,su,2,Anna,1,0.5,2,0.6931,Anna (1); Anni (1)
6,Anna / Anne / Ann / Anni,Ranua,Finland/Savo-Karelia,Finnish,su,2,Anna,1,0.5,2,0.6931,Anna (1); Other (1)
6,Anna / Anne / Ann / Anni,Ristijärvi,Finland/Savo-Karelia,Finnish,su,2,Anna,1,0.5,2,0.6931,Anna (1); Anni (1)
6,Anna / Anne / Ann / Anni,Sauvo,Finland/Savo-Karelia,Finnish,su,2,Other,2,1.0,1,-0.0,Other (2)
6,Anna / Anne / Ann / Anni,Serepetta,Ingria,Finnish,su,2,Anu,2,1.0,1,-0.0,Anu (2)
6,Anna / Anne / Ann / Anni,Simo,Finland/Savo-Karelia,Finnish,su,2,Anni,2,1.0,1,-0.0,Anni (2)
6,Anna / Anne / Ann / Anni,Soanlahti,East Karelia/Veps/Tver,Finnish,su,2,Anni,2,1.0,1,-0.0,Anni (2)
6,Anna / Anne / Ann / Anni,Sotkamo,Finland/Savo-Karelia,Finnish,su,2,Anna,1,0.5,2,0.6931,Anna (1); Other (1)
6,Anna / Anne / Ann / Anni,Spankkova,Ingria,Finnish,su,2,Anni,2,1.0,1,-0.0,Anni (2)
6,Anna / Anne / Ann / Anni,Sääksmäki,Finland/Savo-Karelia,Finnish,su,2,Anni,1,0.5,2,0.6931,Anni (1); Other (1)
6,Anna / Anne / Ann / Anni,Tervo,Finland/Savo-Karelia,Finnish,su,2,Anni,2,1.0,1,-0.0,Anni (2)
6,Anna / Anne / Ann / Anni,Turku,Finland/Savo-Karelia,Finnish,su,2,Anna,2,1.0,1,-0.0,Anna (2)
6,Anna / Anne / Ann / Anni,Virrat,Finland/Savo-Karelia,Finnish,su,2,Anna,1,0.5,2,0.6931,Anna (1); Anni (1)
6,Anna / Anne / Ann / Anni,Virtasalmi,Finland/Savo-Karelia,Finnish,su,2,Anna,2,1.0,1,-0.0,Anna (2)
6,Anna / Anne / Ann / Anni,Alahärmä,Finland/Savo-Karelia,Finnish,su,1,Anna,1,1.0,1,-0.0,Anna (1)
6,Anna / Anne / Ann / Anni,Anseküla,Estonia core/west,North Estonian,viP,1,Anna,1,1.0,1,-0.0,Anna (1)
6,Anna / Anne / Ann / Anni,Asikkala,Finland/Savo-Karelia,Finnish,su,1,Anna,1,1.0,1,-0.0,Anna (1)
6,Anna / Anne / Ann / Anni,Emmaste,Estonia core/west,North Estonian,viP,1,Ann,1,1.0,1,-0.0,Ann (1)
6,Anna / Anne / Ann / Anni,Evijärvi,Finland/Savo-Karelia,Finnish,su,1,Anna,1,1.0,1,-0.0,Anna (1)
6,Anna / Anne / Ann / Anni,Forssa,Finland/Savo-Karelia,Finnish,su,1,Anni,1,1.0,1,-0.0,Anni (1)
6,Anna / Anne / Ann / Anni,Hanila,Estonia core/west,North Estonian,viP,1,Ann,1,1.0,1,-0.0,Ann (1)
6,Anna / Anne / Ann / Anni,Hausjärvi,Finland/Savo-Karelia,Outside selected Finnic areas,ru,1,Other,1,1.0,1,-0.0,Other (1)
6,Anna / Anne / Ann / Anni,Helsinki,Finland/Savo-Karelia,Finnish,su,1,Anna,1,1.0,1,-0.0,Anna (1)
6,Anna / Anne / Ann / Anni,Isokyrö,Finland/Savo-Karelia,Finnish,su,1,Other,1,1.0,1,-0.0,Other (1)
6,Anna / Anne / Ann / Anni,Joensuu,Finland/Savo-Karelia,Finnish,su,1,Anni,1,1.0,1,-0.0,Anni (1)
6,Anna / Anne / Ann / Anni,Jällivaara,Finland/Savo-Karelia,Tornedalen Finnish,su,1,Anna,1,1.0,1,-0.0,Anna (1)
6,Anna / Anne / Ann / Anni,Kaavi,Finland/Savo-Karelia,Finnish,su,1,Anna,1,1.0,1,-0.0,Anna (1)
6,Anna / Anne / Ann / Anni,Kalajoki,Finland/Savo-Karelia,Finnish,su,1,Anna,1,1.0,1,-0.0,Anna (1)
6,Anna / Anne / Ann / Anni,Kangasniemi,Finland/Savo-Karelia,Finnish,su,1,Anna,1,1.0,1,-0.0,Anna (1)
6,Anna / Anne / Ann / Anni,Karttula,Finland/Savo-Karelia,Finnish,su,1,Anna,1,1.0,1,-0.0,Anna (1)
6,Anna / Anne / Ann / Anni,Karuna,Finland/Savo-Karelia,Finnish,su,1,Anni,1,1.0,1,-0.0,Anni (1)
6,Anna / Anne / Ann / Anni,Kaustinen,Finland/Savo-Karelia,Finnish,su,1,Anna,1,1.0,1,-0.0,Anna (1)
6,Anna / Anne / Ann / Anni,Kauvatsa,Finland/Savo-Karelia,Finnish,su,1,Anni,1,1.0,1,-0.0,Anni (1)
6,Anna / Anne / Ann / Anni,Kemijärvi,Finland/Savo-Karelia,Finnish,su,1,Other,1,1.0,1,-0.0,Other (1)
6,Anna / Anne / Ann / Anni,Kestilä,Finland/Savo-Karelia,Finnish,su,1,Anna,1,1.0,1,-0.0,Anna (1)
6,Anna / Anne / Ann / Anni,Kihniö,Finland/Savo-Karelia,Finnish,su,1,Anni,1,1.0,1,-0.0,Anni (1)
6,Anna / Anne / Ann / Anni,Kihnu,Estonia core/west,North Estonian,viP,1,Other,1,1.0,1,-0.0,Other (1)
6,Anna / Anne / Ann / Anni,Kirvu,Finland/Savo-Karelia,Finnish,su,1,Anni,1,1.0,1,-0.0,Anni (1)
6,Anna / Anne / Ann / Anni,Kitee,Finland/Savo-Karelia,Finnish,su,1,Anna,1,1.0,1,-0.0,Anna (1)
6,Anna / Anne / Ann / Anni,Kittilä,Finland/Savo-Karelia,Finnish,su,1,Anna,1,1.0,1,-0.0,Anna (1)
6,Anna / Anne / Ann / Anni,Kiuruvesi,Finland/Savo-Karelia,Finnish,su,1,Anna,1,1.0,1,-0.0,Anna (1)
6,Anna / Anne / Ann / Anni,Kivijärvi,Finland/Savo-Karelia,Finnish,su,1,Other,1,1.0,1,-0.0,Other (1)
6,Anna / Anne / Ann / Anni,Kokkola,Finland/Savo-Karelia,Outside selected Finnic areas,ru,1,Anni,1,1.0,1,-0.0,Anni (1)
6,Anna / Anne / Ann / Anni,Korpilahti,Finland/Savo-Karelia,Finnish,su,1,Anni,1,1.0,1,-0.0,Anni (1)
6,Anna / Anne / Ann / Anni,Koskenpää,Finland/Savo-Karelia,Finnish,su,1,Anni,1,1.0,1,-0.0,Anni (1)
6,Anna / Anne / Ann / Anni,Kullamaa,Estonia core/west,North Estonian,viP,1,Ann,1,1.0,1,-0.0,Ann (1)
6,Anna / Anne / Ann / Anni,Kurikka,Finland/Savo-Karelia,Finnish,su,1,Anna,1,1.0,1,-0.0,Anna (1)
6,Anna / Anne / Ann / Anni,Kurkijoki,Finland/Savo-Karelia,Finnish,su,1,Anni,1,1.0,1,-0.0,Anni (1)
6,Anna / Anne / Ann / Anni,Lahti,Finland/Savo-Karelia,Finnish,su,1,Anna,1,1.0,1,-0.0,Anna (1)
6,Anna / Anne / Ann / Anni,Lappee,Finland/Savo-Karelia,Finnish,su,1,Other,1,1.0,1,-0.0,Other (1)
6,Anna / Anne / Ann / Anni,Luopioinen,Finland/Savo-Karelia,Finnish,su,1,Anni,1,1.0,1,-0.0,Anni (1)
6,Anna / Anne / Ann / Anni,Luumäki,Finland/Savo-Karelia,Finnish,su,1,Other,1,1.0,1,-0.0,Other (1)
6,Anna / Anne / Ann / Anni,Lääne-Nigula,Estonia core/west,North Estonian,viP,1,Anu,1,1.0,1,-0.0,Anu (1)
6,Anna / Anne / Ann / Anni,Maaninka,Finland/Savo-Karelia,Finnish,su,1,Anna,1,1.0,1,-0.0,Anna (1)
6,Anna / Anne / Ann / Anni,Muhos,Finland/Savo-Karelia,Finnish,su,1,Anna,1,1.0,1,-0.0,Anna (1)
6,Anna / Anne / Ann / Anni,Muolaa,Finland/Savo-Karelia,Finnish,su,1,Anni,1,1.0,1,-0.0,Anni (1)
6,Anna / Anne / Ann / Anni,Mänttä,Finland/Savo-Karelia,Finnish,su,1,Anna,1,1.0,1,-0.0,Anna (1)
6,Anna / Anne / Ann / Anni,Noarootsi,Estonia core/west,North Estonian,viP,1,Ann,1,1.0,1,-0.0,Ann (1)
6,Anna / Anne / Ann / Anni,Nurmes,Finland/Savo-Karelia,Finnish,su,1,Anna,1,1.0,1,-0.0,Anna (1)
6,Anna / Anne / Ann / Anni,Nurmijärvi,Finland/Savo-Karelia,Finnish,su,1,Anna,1,1.0,1,-0.0,Anna (1)
6,Anna / Anne / Ann / Anni,Orimattila,Finland/Savo-Karelia,Finnish,su,1,Anni,1,1.0,1,-0.0,Anni (1)
6,Anna / Anne / Ann / Anni,Oulu,Finland/Savo-Karelia,Finnish,su,1,Anna,1,1.0,1,-0.0,Anna (1)
6,Anna / Anne / Ann / Anni,Paavola,Finland/Savo-Karelia,Finnish,su,1,Anna,1,1.0,1,-0.0,Anna (1)
6,Anna / Anne / Ann / Anni,Pajala,Finland/Savo-Karelia,Tornedalen Finnish,su,1,Anna,1,1.0,1,-0.0,Anna (1)
6,Anna / Anne / Ann / Anni,Paltamo,Finland/Savo-Karelia,Finnish,su,1,Anna,1,1.0,1,-0.0,Anna (1)
6,Anna / Anne / Ann / Anni,Parikkala,Finland/Savo-Karelia,Finnish,su,1,Anni,1,1.0,1,-0.0,Anni (1)
6,Anna / Anne / Ann / Anni,Petsamo,East Karelia/Veps/Tver,Finnish,su,1,Anna,1,1.0,1,-0.0,Anna (1)
6,Anna / Anne / Ann / Anni,Piikkiö,Finland/Savo-Karelia,Finnish,su,1,Other,1,1.0,1,-0.0,Other (1)
6,Anna / Anne / Ann / Anni,Pirkkala,Finland/Savo-Karelia,Finnish,su,1,Anni,1,1.0,1,-0.0,Anni (1)
6,Anna / Anne / Ann / Anni,Pukkila,Finland/Savo-Karelia,Finnish,su,1,Anni,1,1.0,1,-0.0,Anni (1)
6,Anna / Anne / Ann / Anni,Pyhäjärvi Ul.,Finland/Savo-Karelia,Finnish,su,1,Anni,1,1.0,1,-0.0,Anni (1)
6,Anna / Anne / Ann / Anni,Pälkjärvi,Finland/Savo-Karelia,Finnish,su,1,Other,1,1.0,1,-0.0,Other (1)
6,Anna / Anne / Ann / Anni,Pälkäne,Finland/Savo-Karelia,Finnish,su,1,Anni,1,1.0,1,-0.0,Anni (1)
6,Anna / Anne / Ann / Anni,Raahe,Finland/Savo-Karelia,Finnish,su,1,Anna,1,1.0,1,-0.0,Anna (1)
6,Anna / Anne / Ann / Anni,Reigi,Estonia core/west,North Estonian,viP,1,Ann,1,1.0,1,-0.0,Ann (1)
6,Anna / Anne / Ann / Anni,Renko,Finland/Savo-Karelia,Finnish,su,1,Anna,1,1.0,1,-0.0,Anna (1)
6,Anna / Anne / Ann / Anni,Räisälä,Finland/Savo-Karelia,Finnish,su,1,Anni,1,1.0,1,-0.0,Anni (1)
6,Anna / Anne / Ann / Anni,Salo,Finland/Savo-Karelia,Finnish,su,1,Anna,1,1.0,1,-0.0,Anna (1)
6,Anna / Anne / Ann / Anni,Savonranta,Finland/Savo-Karelia,Finnish,su,1,Anna,1,1.0,1,-0.0,Anna (1)
6,Anna / Anne / Ann / Anni,Siilinjärvi,Finland/Savo-Karelia,Finnish,su,1,Anni,1,1.0,1,-0.0,Anni (1)
6,Anna / Anne / Ann / Anni,Sodankylä,Finland/Savo-Karelia,Finnish,su,1,Other,1,1.0,1,-0.0,Other (1)
6,Anna / Anne / Ann / Anni,Somero,Finland/Savo-Karelia,Finnish,su,1,Other,1,1.0,1,-0.0,Other (1)
6,Anna / Anne / Ann / Anni,Sortavala,East Karelia/Veps/Tver,Finnish,su,1,Anni,1,1.0,1,-0.0,Anni (1)
6,Anna / Anne / Ann / Anni,Suomussalmi,Finland/Savo-Karelia,Finnish,su,1,Anni,1,1.0,1,-0.0,Anni (1)
6,Anna / Anne / Ann / Anni,Suonenjoki,Finland/Savo-Karelia,Finnish,su,1,Anna,1,1.0,1,-0.0,Anna (1)
6,Anna / Anne / Ann / Anni,Sysmä,Finland/Savo-Karelia,Finnish,su,1,Anna,1,1.0,1,-0.0,Anna (1)
6,Anna / Anne / Ann / Anni,Säkkijärvi,Finland/Savo-Karelia,Finnish,su,1,Anna,1,1.0,1,-0.0,Anna (1)
6,Anna / Anne / Ann / Anni,Sääminki,Finland/Savo-Karelia,Finnish,su,1,Anni,1,1.0,1,-0.0,Anni (1)
6,Anna / Anne / Ann / Anni,Säämäjärvi,East Karelia/Veps/Tver,Livvi-Karelian,ka,1,Anu,1,1.0,1,-0.0,Anu (1)
6,Anna / Anne / Ann / Anni,Taivalkoski,Finland/Savo-Karelia,Finnish,su,1,Anna,1,1.0,1,-0.0,Anna (1)
6,Anna / Anne / Ann / Anni,Tohmajärvi,Finland/Savo-Karelia,Finnish,su,1,Anni,1,1.0,1,-0.0,Anni (1)
6,Anna / Anne / Ann / Anni,Tuupovaara,Finland/Savo-Karelia,Finnish,su,1,Anni,1,1.0,1,-0.0,Anni (1)
6,Anna / Anne / Ann / Anni,Tuusula,Finland/Savo-Karelia,Finnish,su,1,Other,1,1.0,1,-0.0,Other (1)
6,Anna / Anne / Ann / Anni,Tuutari,Ingria,Finnish,su,1,Anni,1,1.0,1,-0.0,Anni (1)
6,Anna / Anne / Ann / Anni,Tyrväntö,Finland/Savo-Karelia,Finnish,su,1,Anni,1,1.0,1,-0.0,Anni (1)
6,Anna / Anne / Ann / Anni,Tyrvää,Finland/Savo-Karelia,Finnish,su,1,Anna,1,1.0,1,-0.0,Anna (1)
6,Anna / Anne / Ann / Anni,Uhtua,East Karelia/Veps/Tver,Karelian Proper,ka,1,Anna,1,1.0,1,-0.0,Anna (1)
6,Anna / Anne / Ann / Anni,Uusikaupunki,Finland/Savo-Karelia,Finnish,su,1,Anni,1,1.0,1,-0.0,Anni (1)
6,Anna / Anne / Ann / Anni,Valkeala,Finland/Savo-Karelia,Finnish,su,1,Anni,1,1.0,1,-0.0,Anni (1)
6,Anna / Anne / Ann / Anni,Vanaja,Finland/Savo-Karelia,Finnish,su,1,Anna,1,1.0,1,-0.0,Anna (1)
6,Anna / Anne / Ann / Anni,Varpaisjärvi,Finland/Savo-Karelia,Finnish,su,1,Anna,1,1.0,1,-0.0,Anna (1)
6,Anna / Anne / Ann / Anni,Vesilahti,Finland/Savo-Karelia,Finnish,su,1,Anna,1,1.0,1,-0.0,Anna (1)
6,Anna / Anne / Ann / Anni,Ylämaa,Finland/Savo-Karelia,Finnish,su,1,Anni,1,1.0,1,-0.0,Anni (1)
7,Peter / Pietari / Peeter,Suistamo,East Karelia/Veps/Tver,Livvi-Karelian,ka,56,Pietari,51,0.9107142857142857,3,0.361,Pietari (51); Pekka (3); Pekko (2)
7,Peter / Pietari / Peeter,Ilomantsi,Finland/Savo-Karelia,Finnish,su,52,Pietari,35,0.6730769230769231,4,0.8536,Pietari (35); Pekka (13); Other (3); Petteri (1)
7,Peter / Pietari / Peeter,Narvusi,Ingria,Ingrian,in,35,Pietari,20,0.5714285714285714,4,0.8908,Pietari (20); Petteri (13); Other (1); Pekko (1)
7,Peter / Pietari / Peeter,Soikkola,Ingria,Ingrian,in,35,Pietari,18,0.5142857142857142,3,1.0081,Pietari (18); Petteri (11); Other (6)
7,Peter / Pietari / Peeter,Suojärvi,East Karelia/Veps/Tver,Finnish,su,31,Pietari,21,0.6774193548387096,3,0.7337,Pietari (21); Petri (9); Pekka (1)
7,Peter / Pietari / Peeter,Karksi,Estonia core/west,South Estonian,viE,28,Peeter,26,0.9285714285714286,2,0.2573,Peeter (26); Other (2)
7,Peter / Pietari / Peeter,Korpiselkä,East Karelia/Veps/Tver,Karelian Proper,ka,28,Pietari,19,0.6785714285714286,3,0.7982,Pietari (19); Other (7); Pekka (2)
7,Peter / Pietari / Peeter,Nurmes,Finland/Savo-Karelia,Finnish,su,28,Pekka,19,0.6785714285714286,2,0.6279,Pekka (19); Pietari (9)
7,Peter / Pietari / Peeter,Räpina,South Estonia/Seto,South Estonian,viE,21,Peeter,16,0.7619047619047619,2,0.5489,Peeter (16); Other (5)
7,Peter / Pietari / Peeter,Salmi,East Karelia/Veps/Tver,Livvi-Karelian,ka,21,Pietari,19,0.9047619047619048,3,0.3805,Pietari (19); Other (1); Petteri (1)
7,Peter / Pietari / Peeter,Heinävesi,Finland/Savo-Karelia,Finnish,su,19,Pekka,11,0.5789473684210527,3,0.9174,Pekka (11); Other (6); Pietari (2)
7,Peter / Pietari / Peeter,Jõhvi,Estonia core/west,North Estonian,viP,19,Peeter,19,1.0,1,-0.0,Peeter (19)
7,Peter / Pietari / Peeter,Halliste,Estonia core/west,South Estonian,viE,16,Peeter,15,0.9375,2,0.2338,Peeter (15); Peetrus (1)
7,Peter / Pietari / Peeter,Helme,Estonia core/west,South Estonian,viE,16,Peeter,14,0.875,2,0.3768,Peeter (14); Peetrus (2)
7,Peter / Pietari / Peeter,Paistu,Estonia core/west,South Estonian,viE,16,Peeter,13,0.8125,2,0.4826,Peeter (13); Peetrus (3)
7,Peter / Pietari / Peeter,Sonkajärvi,Finland/Savo-Karelia,Finnish,su,16,Pekka,14,0.875,2,0.3768,Pekka (14); Pietari (2)
7,Peter / Pietari / Peeter,Kadrina,Estonia core/west,North Estonian,viP,15,Peeter,15,1.0,1,-0.0,Peeter (15)
7,Peter / Pietari / Peeter,Koeru,Estonia core/west,North Estonian,viP,15,Peeter,13,0.8666666666666667,2,0.3927,Peeter (13); Other (2)
7,Peter / Pietari / Peeter,Kuusalu,Estonia core/west,North Estonian,viP,15,Peeter,10,0.6666666666666666,2,0.6365,Peeter (10); Other (5)
7,Peter / Pietari / Peeter,Porajärvi,East Karelia/Veps/Tver,Karelian Proper,kaV,15,Pekka,8,0.5333333333333333,2,0.6909,Pekka (8); Pietari (7)
7,Peter / Pietari / Peeter,Kitee,Finland/Savo-Karelia,Finnish,su,14,Pekka,7,0.5,2,0.6931,Pekka (7); Pietari (7)
7,Peter / Pietari / Peeter,Kolga-Jaani,Estonia core/west,North Estonian,viP,14,Peeter,13,0.9285714285714286,2,0.2573,Peeter (13); Other (1)
7,Peter / Pietari / Peeter,Pielavesi,Finland/Savo-Karelia,Finnish,su,14,Pekka,11,0.7857142857142857,2,0.5196,Pekka (11); Pietari (3)
7,Peter / Pietari / Peeter,Vuokkiniemi,East Karelia/Veps/Tver,Karelian Proper,ka,14,Petteri,10,0.7142857142857143,2,0.5983,Petteri (10); Pekka (4)
7,Peter / Pietari / Peeter,Puumala,Finland/Savo-Karelia,Finnish,su,13,Pietari,9,0.6923076923076923,2,0.6172,Pietari (9); Pekka (4)
7,Peter / Pietari / Peeter,Vastseliina,South Estonia/Seto,South Estonian,viE,13,Petra,7,0.5384615384615384,3,0.984,Petra (7); Peeter (4); Peetrus (2)
7,Peter / Pietari / Peeter,Leppävirta,Finland/Savo-Karelia,Finnish,su,12,Pekka,8,0.6666666666666666,2,0.6365,Pekka (8); Pietari (4)
7,Peter / Pietari / Peeter,Setumaa,South Estonia/Seto,South Estonian,viE,12,Peeter,10,0.8333333333333334,2,0.4506,Peeter (10); Other (2)
7,Peter / Pietari / Peeter,Impilahti,East Karelia/Veps/Tver,Livvi-Karelian,ka,11,Pekka,4,0.36363636363636365,3,1.0901,Pekka (4); Pietari (4); Petri (3)
7,Peter / Pietari / Peeter,Maaninka,Finland/Savo-Karelia,Finnish,su,11,Pekka,7,0.6363636363636364,4,1.0336,Pekka (7); Pietari (2); Other (1); Petteri (1)
7,Peter / Pietari / Peeter,Pilistvere,Estonia core/west,North Estonian,viP,11,Peeter,11,1.0,1,-0.0,Peeter (11)
7,Peter / Pietari / Peeter,Uusikaupunki,Finland/Savo-Karelia,Finnish,su,11,Pekka,7,0.6363636363636364,2,0.6555,Pekka (7); Pietari (4)
7,Peter / Pietari / Peeter,Nilsiä,Finland/Savo-Karelia,Finnish,su,10,Pekka,8,0.8,2,0.5004,Pekka (8); Pietari (2)
7,Peter / Pietari / Peeter,Soanlahti,East Karelia/Veps/Tver,Finnish,su,10,Pietari,8,0.8,2,0.5004,Pietari (8); Petri (2)
7,Peter / Pietari / Peeter,Tarvastu,Estonia core/west,South Estonian,viE,10,Peeter,9,0.9,2,0.3251,Peeter (9); Other (1)
7,Peter / Pietari / Peeter,Uskela,Finland/Savo-Karelia,Finnish,su,10,Pietari,10,1.0,1,-0.0,Pietari (10)
7,Peter / Pietari / Peeter,Kiihtelysvaara,Finland/Savo-Karelia,Finnish,su,9,Pietari,8,0.8888888888888888,2,0.3488,Pietari (8); Pekka (1)
7,Peter / Pietari / Peeter,Põlva,South Estonia/Seto,South Estonian,viE,9,Peeter,7,0.7777777777777778,2,0.5297,Peeter (7); Other (2)
7,Peter / Pietari / Peeter,Risti,Estonia core/west,North Estonian,viP,9,Peetrus,6,0.6666666666666666,2,0.6365,Peetrus (6); Peeter (3)
7,Peter / Pietari / Peeter,Rõngu,Estonia core/west,South Estonian,viE,9,Peeter,7,0.7777777777777778,2,0.5297,Peeter (7); Peetrus (2)
7,Peter / Pietari / Peeter,Sangaste,Estonia core/west,South Estonian,viE,9,Peeter,8,0.8888888888888888,2,0.3488,Peeter (8); Other (1)
7,Peter / Pietari / Peeter,Suure-Jaani,Estonia core/west,North Estonian,viP,9,Peeter,9,1.0,1,-0.0,Peeter (9)
7,Peter / Pietari / Peeter,Torma,Estonia core/west,North Estonian,viP,9,Peeter,9,1.0,1,-0.0,Peeter (9)
7,Peter / Pietari / Peeter,Urvaste,South Estonia/Seto,South Estonian,viE,9,Peeter,8,0.8888888888888888,2,0.3488,Peeter (8); Other (1)
7,Peter / Pietari / Peeter,Väike-Maarja,Estonia core/west,North Estonian,viP,9,Peeter,7,0.7777777777777778,2,0.5297,Peeter (7); Other (2)
7,Peter / Pietari / Peeter,Võnnu,Estonia core/west,South Estonian,viE,9,Peeter,8,0.8888888888888888,2,0.3488,Peeter (8); Other (1)
7,Peter / Pietari / Peeter,Kaavi,Finland/Savo-Karelia,Finnish,su,8,Pietari,4,0.5,3,0.9743,Pietari (4); Pekka (3); Other (1)
7,Peter / Pietari / Peeter,Kesälahti,Finland/Savo-Karelia,Finnish,su,8,Pietari,7,0.875,2,0.3768,Pietari (7); Pekka (1)
7,Peter / Pietari / Peeter,Kiuruvesi,Finland/Savo-Karelia,Finnish,su,8,Pekka,6,0.75,3,0.7356,Pekka (6); Other (1); Pietari (1)
7,Peter / Pietari / Peeter,Moloskovitsa,Ingria,Finnish,su,8,Pietari,6,0.75,2,0.5623,Pietari (6); Pekko (2)
7,Peter / Pietari / Peeter,Rautavaara,Finland/Savo-Karelia,Finnish,su,8,Pietari,6,0.75,2,0.5623,Pietari (6); Pekka (2)
7,Peter / Pietari / Peeter,Rääkkylä,Finland/Savo-Karelia,Finnish,su,8,Pietari,6,0.75,2,0.5623,Pietari (6); Pekka (2)
7,Peter / Pietari / Peeter,Ambla,Estonia core/west,North Estonian,viP,7,Peeter,6,0.8571428571428571,2,0.4101,Peeter (6); Other (1)
7,Peter / Pietari / Peeter,Asikkala,Finland/Savo-Karelia,Finnish,su,7,Pietari,4,0.5714285714285714,2,0.6829,Pietari (4); Pekka (3)
7,Peter / Pietari / Peeter,Jaakkima,Finland/Savo-Karelia,Finnish,su,7,Pietari,3,0.42857142857142855,4,1.277,Pietari (3); Pekka (2); Other (1); Pekko (1)
7,Peter / Pietari / Peeter,Joroinen,Finland/Savo-Karelia,Finnish,su,7,Pekka,4,0.5714285714285714,3,0.9557,Pekka (4); Pietari (2); Other (1)
7,Peter / Pietari / Peeter,Koivisto,Finland/Savo-Karelia,Finnish,su,7,Pekka,5,0.7142857142857143,3,0.7963,Pekka (5); Petteri (1); Pietari (1)
7,Peter / Pietari / Peeter,Kuopio,Finland/Savo-Karelia,Finnish,su,7,Pekka,5,0.7142857142857143,2,0.5983,Pekka (5); Pietari (2)
7,Peter / Pietari / Peeter,Peetri,Estonia core/west,North Estonian,viP,7,Peeter,5,0.7142857142857143,2,0.5983,Peeter (5); Other (2)
7,Peter / Pietari / Peeter,Põltsamaa,Estonia core/west,North Estonian,viP,7,Peeter,7,1.0,1,-0.0,Peeter (7)
7,Peter / Pietari / Peeter,Repola,East Karelia/Veps/Tver,Karelian Proper,kaV,7,Pietari,5,0.7142857142857143,2,0.5983,Pietari (5); Petri (2)
7,Peter / Pietari / Peeter,Saarijärvi,Finland/Savo-Karelia,Finnish,su,7,Pietari,5,0.7142857142857143,2,0.5983,Pietari (5); Pekka (2)
7,Peter / Pietari / Peeter,Tohmajärvi,Finland/Savo-Karelia,Finnish,su,7,Pekka,4,0.5714285714285714,2,0.6829,Pekka (4); Pietari (3)
7,Peter / Pietari / Peeter,Tulemajärvi,East Karelia/Veps/Tver,Livvi-Karelian,ka,7,Petri,5,0.7142857142857143,3,0.7963,Petri (5); Pekko (1); Petteri (1)
7,Peter / Pietari / Peeter,Venjoki,Ingria,Finnish,su,7,Pietari,5,0.7142857142857143,2,0.5983,Pietari (5); Other (2)
7,Peter / Pietari / Peeter,Viitasaari,Finland/Savo-Karelia,Finnish,su,7,Pekka,4,0.5714285714285714,3,0.9557,Pekka (4); Pietari (2); Other (1)
7,Peter / Pietari / Peeter,Viljandi,Estonia core/west,North Estonian,viP,7,Peeter,7,1.0,1,-0.0,Peeter (7)
7,Peter / Pietari / Peeter,Vuole,Ingria,Finnish,su,7,Pekko,3,0.42857142857142855,4,1.277,Pekko (3); Pekka (2); Other (1); Pietari (1)
7,Peter / Pietari / Peeter,Eno,Finland/Savo-Karelia,Finnish,su,6,Pietari,4,0.6666666666666666,3,0.8676,Pietari (4); Pekka (1); Petri (1)
7,Peter / Pietari / Peeter,Haljala,Estonia core/west,North Estonian,viP,6,Peeter,5,0.8333333333333334,2,0.4506,Peeter (5); Other (1)
7,Peter / Pietari / Peeter,Hattula,Finland/Savo-Karelia,Finnish,su,6,Pietari,4,0.6666666666666666,2,0.6365,Pietari (4); Pekka (2)
7,Peter / Pietari / Peeter,Järva-Jaani,Estonia core/west,North Estonian,viP,6,Peeter,6,1.0,1,-0.0,Peeter (6)
7,Peter / Pietari / Peeter,Kivennapa,Finland/Savo-Karelia,Finnish,su,6,Pietari,4,0.6666666666666666,3,0.8676,Pietari (4); Other (1); Pekka (1)
7,Peter / Pietari / Peeter,Kontiolahti,Finland/Savo-Karelia,Finnish,su,6,Pietari,4,0.6666666666666666,2,0.6365,Pietari (4); Pekka (2)
7,Peter / Pietari / Peeter,Noarootsi,Estonia core/west,North Estonian,viP,6,Peetrus,6,1.0,1,-0.0,Peetrus (6)
7,Peter / Pietari / Peeter,Polvijärvi,Finland/Savo-Karelia,Finnish,su,6,Pekka,4,0.6666666666666666,2,0.6365,Pekka (4); Pietari (2)
7,Peter / Pietari / Peeter,Rantsila,Finland/Savo-Karelia,Finnish,su,6,Pekka,4,0.6666666666666666,2,0.6365,Pekka (4); Pietari (2)
7,Peter / Pietari / Peeter,Savonlinna,Finland/Savo-Karelia,Finnish,su,6,Pekka,3,0.5,3,1.0114,Pekka (3); Pietari (2); Other (1)
7,Peter / Pietari / Peeter,Sortavala,East Karelia/Veps/Tver,Finnish,su,6,Pekka,2,0.3333333333333333,4,1.3297,Pekka (2); Pietari (2); Other (1); Pekko (1)
7,Peter / Pietari / Peeter,Tuusniemi,Finland/Savo-Karelia,Finnish,su,6,Pietari,4,0.6666666666666666,2,0.6365,Pietari (4); Pekka (2)
7,Peter / Pietari / Peeter,Tyrö,Ingria,Finnish,su,6,Petteri,3,0.5,2,0.6931,Petteri (3); Pietari (3)
7,Peter / Pietari / Peeter,Töysä,Finland/Savo-Karelia,Finnish,su,6,Pietari,4,0.6666666666666666,3,0.8676,Pietari (4); Other (1); Pekka (1)
7,Peter / Pietari / Peeter,Vaivara,Estonia core/west,North Estonian,viP,6,Peeter,5,0.8333333333333334,2,0.4506,Peeter (5); Other (1)
7,Peter / Pietari / Peeter,Vieljärvi,East Karelia/Veps/Tver,Livvi-Karelian,kaA,6,Petri,6,1.0,1,-0.0,Petri (6)
7,Peter / Pietari / Peeter,Vihanti,Finland/Savo-Karelia,Finnish,su,6,Pietari,5,0.8333333333333334,2,0.4506,Pietari (5); Pekka (1)
7,Peter / Pietari / Peeter,Virtasalmi,Finland/Savo-Karelia,Finnish,su,6,Pekka,6,1.0,1,-0.0,Pekka (6)
7,Peter / Pietari / Peeter,Alatornio,Finland/Savo-Karelia,Finnish,su,5,Pekka,2,0.4,3,1.0549,Pekka (2); Pietari (2); Petteri (1)
7,Peter / Pietari / Peeter,Harju-Madise,Estonia core/west,North Estonian,viP,5,Peeter,4,0.8,2,0.5004,Peeter (4); Peetrus (1)
7,Peter / Pietari / Peeter,Helsinki,Finland/Savo-Karelia,Finnish,su,5,Pietari,4,0.8,2,0.5004,Pietari (4); Other (1)
7,Peter / Pietari / Peeter,Juva,Finland/Savo-Karelia,Finnish,su,5,Pietari,3,0.6,3,0.9503,Pietari (3); Pekka (1); Petteri (1)
7,Peter / Pietari / Peeter,Järva-Madise,Estonia core/west,North Estonian,viP,5,Peeter,5,1.0,1,-0.0,Peeter (5)
7,Peter / Pietari / Peeter,Kerimäki,Finland/Savo-Karelia,Finnish,su,5,Pekka,4,0.8,2,0.5004,Pekka (4); Pietari (1)
7,Peter / Pietari / Peeter,Laihia,Finland/Savo-Karelia,Finnish,su,5,Pietari,4,0.8,2,0.5004,Pietari (4); Petteri (1)
7,Peter / Pietari / Peeter,Lappee,Finland/Savo-Karelia,Finnish,su,5,Pekka,3,0.6,2,0.673,Pekka (3); Pietari (2)
7,Peter / Pietari / Peeter,Liissilä,Ingria,Finnish,su,5,Pietari,5,1.0,1,-0.0,Pietari (5)
7,Peter / Pietari / Peeter,Muhu,Estonia core/west,North Estonian,viP,5,Peeter,5,1.0,1,-0.0,Peeter (5)
7,Peter / Pietari / Peeter,Muolaa,Finland/Savo-Karelia,Finnish,su,5,Pekka,2,0.4,4,1.3322,Pekka (2); Other (1); Pekko (1); Pietari (1)
7,Peter / Pietari / Peeter,Orimattila,Finland/Savo-Karelia,Finnish,su,5,Pietari,3,0.6,2,0.673,Pietari (3); Other (2)
7,Peter / Pietari / Peeter,Puhja,Estonia core/west,South Estonian,viE,5,Peeter,4,0.8,2,0.5004,Peeter (4); Other (1)
7,Peter / Pietari / Peeter,Pyhäjärvi Vpl.,Finland/Savo-Karelia,Finnish,su,5,Pekka,2,0.4,3,1.0549,Pekka (2); Pietari (2); Pekko (1)
7,Peter / Pietari / Peeter,Pälkjärvi,Finland/Savo-Karelia,Finnish,su,5,Pietari,5,1.0,1,-0.0,Pietari (5)
7,Peter / Pietari / Peeter,Pöide,Estonia core/west,North Estonian,viP,5,Peeter,4,0.8,2,0.5004,Peeter (4); Other (1)
7,Peter / Pietari / Peeter,Rauma,Finland/Savo-Karelia,Finnish,su,5,Pietari,5,1.0,1,-0.0,Pietari (5)
7,Peter / Pietari / Peeter,Ristiina,Finland/Savo-Karelia,Finnish,su,5,Pietari,3,0.6,2,0.673,Pietari (3); Pekka (2)
7,Peter / Pietari / Peeter,Serepetta,Ingria,Finnish,su,5,Petteri,3,0.6,2,0.673,Petteri (3); Pietari (2)
7,Peter / Pietari / Peeter,Simo,Finland/Savo-Karelia,Finnish,su,5,Pekka,4,0.8,2,0.5004,Pekka (4); Other (1)
7,Peter / Pietari / Peeter,Sotkamo,Finland/Savo-Karelia,Finnish,su,5,Pekka,5,1.0,1,-0.0,Pekka (5)
7,Peter / Pietari / Peeter,Uukuniemi,East Karelia/Veps/Tver,Finnish,su,5,Pietari,4,0.8,2,0.5004,Pietari (4); Other (1)
7,Peter / Pietari / Peeter,Viru-Nigula,Estonia core/west,North Estonian,viP,5,Peeter,3,0.6,2,0.673,Peeter (3); Other (2)
7,Peter / Pietari / Peeter,Iisalmi,Finland/Savo-Karelia,Finnish,su,4,Pekka,2,0.5,2,0.6931,Pekka (2); Pietari (2)
7,Peter / Pietari / Peeter,Kangaslampi,Finland/Savo-Karelia,Finnish,su,4,Pekka,4,1.0,1,-0.0,Pekka (4)
7,Peter / Pietari / Peeter,Kaprio,Ingria,Finnish,su,4,Petteri,2,0.5,3,1.0397,Petteri (2); Other (1); Pietari (1)
7,Peter / Pietari / Peeter,Karttula,Finland/Savo-Karelia,Finnish,su,4,Pietari,3,0.75,2,0.5623,Pietari (3); Pekka (1)
7,Peter / Pietari / Peeter,Kattila,Ingria,Votic,su,4,Other,2,0.5,3,1.0397,Other (2); Petteri (1); Pietari (1)
7,Peter / Pietari / Peeter,Kemi,Finland/Savo-Karelia,Finnish,su,4,Petteri,2,0.5,3,1.0397,Petteri (2); Pekka (1); Pietari (1)
7,Peter / Pietari / Peeter,Kose,Estonia core/west,North Estonian,viP,4,Peeter,4,1.0,1,-0.0,Peeter (4)
7,Peter / Pietari / Peeter,Kuhmoinen,Finland/Savo-Karelia,Finnish,su,4,Pietari,4,1.0,1,-0.0,Pietari (4)
7,Peter / Pietari / Peeter,Kärla,Estonia core/west,North Estonian,viP,4,Peeter,4,1.0,1,-0.0,Peeter (4)
7,Peter / Pietari / Peeter,Kõpu,Estonia core/west,North Estonian,viP,4,Peeter,2,0.5,2,0.6931,Peeter (2); Peetrus (2)
7,Peter / Pietari / Peeter,Laiuse,Estonia core/west,North Estonian,viP,4,Peeter,3,0.75,2,0.5623,Peeter (3); Peetrus (1)
7,Peter / Pietari / Peeter,Lemi,Finland/Savo-Karelia,Finnish,su,4,Other,1,0.25,4,1.3863,Other (1); Pekka (1); Pekko (1); Pietari (1)
7,Peter / Pietari / Peeter,Lempaala,Finland/Savo-Karelia,Finnish,su,4,Pietari,3,0.75,2,0.5623,Pietari (3); Other (1)
7,Peter / Pietari / Peeter,Liperi,Finland/Savo-Karelia,Finnish,su,4,Other,1,0.25,4,1.3863,Other (1); Pekka (1); Petteri (1); Pietari (1)
7,Peter / Pietari / Peeter,Maarja-Magdaleena,Estonia core/west,North Estonian,viP,4,Peeter,4,1.0,1,-0.0,Peeter (4)
7,Peter / Pietari / Peeter,Metsäpirtti,Finland/Savo-Karelia,Finnish,su,4,Other,2,0.5,3,1.0397,Other (2); Pekka (1); Pietari (1)
7,Peter / Pietari / Peeter,Otepää,Estonia core/west,South Estonian,viE,4,Other,3,0.75,2,0.5623,Other (3); Peeter (1)
7,Peter / Pietari / Peeter,Parikkala,Finland/Savo-Karelia,Finnish,su,4,Pietari,2,0.5,3,1.0397,Pietari (2); Other (1); Pekko (1)
7,Peter / Pietari / Peeter,Perho,Finland/Savo-Karelia,Finnish,su,4,Pekka,2,0.5,2,0.6931,Pekka (2); Pietari (2)
7,Peter / Pietari / Peeter,Pärnu,Estonia core/west,North Estonian,viP,4,Peeter,4,1.0,1,-0.0,Peeter (4)
7,Peter / Pietari / Peeter,Rannu,Estonia core/west,South Estonian,viE,4,Peeter,3,0.75,2,0.5623,Peeter (3); Peetrus (1)
7,Peter / Pietari / Peeter,Ranua,Finland/Savo-Karelia,Finnish,su,4,Pekka,2,0.5,2,0.6931,Pekka (2); Pietari (2)
7,Peter / Pietari / Peeter,Räisälä,Finland/Savo-Karelia,Finnish,su,4,Pietari,2,0.5,3,1.0397,Pietari (2); Other (1); Pekko (1)
7,Peter / Pietari / Peeter,Tuupovaara,Finland/Savo-Karelia,Finnish,su,4,Pietari,4,1.0,1,-0.0,Pietari (4)
7,Peter / Pietari / Peeter,Valkeasaari,Ingria,Finnish,su,4,Pietari,2,0.5,3,1.0397,Pietari (2); Other (1); Pekka (1)
7,Peter / Pietari / Peeter,Veteli,Finland/Savo-Karelia,Finnish,su,4,Pekka,3,0.75,2,0.5623,Pekka (3); Pietari (1)
7,Peter / Pietari / Peeter,Viipuri,Finland/Savo-Karelia,Finnish,su,4,Other,1,0.25,4,1.3863,Other (1); Pekka (1); Pekko (1); Pietari (1)
7,Peter / Pietari / Peeter,Alavus,Finland/Savo-Karelia,Finnish,su,3,Pekka,2,0.6666666666666666,2,0.6365,Pekka (2); Other (1)
7,Peter / Pietari / Peeter,Anseküla,Estonia core/west,North Estonian,viP,3,Peeter,3,1.0,1,-0.0,Peeter (3)
7,Peter / Pietari / Peeter,Hanila,Estonia core/west,North Estonian,viP,3,Peeter,3,1.0,1,-0.0,Peeter (3)
7,Peter / Pietari / Peeter,Heinjoki,Finland/Savo-Karelia,Finnish,su,3,Pietari,2,0.6666666666666666,2,0.6365,Pietari (2); Pekko (1)
7,Peter / Pietari / Peeter,Juuka,Finland/Savo-Karelia,Finnish,su,3,Pekka,2,0.6666666666666666,2,0.6365,Pekka (2); Pietari (1)
7,Peter / Pietari / Peeter,Jõelähtme,Estonia core/west,North Estonian,viP,3,Peeter,3,1.0,1,-0.0,Peeter (3)
7,Peter / Pietari / Peeter,Kambja,Estonia core/west,South Estonian,viE,3,Peeter,3,1.0,1,-0.0,Peeter (3)
7,Peter / Pietari / Peeter,Kangasniemi,Finland/Savo-Karelia,Finnish,su,3,Pekka,3,1.0,1,-0.0,Pekka (3)
7,Peter / Pietari / Peeter,Karula,South Estonia/Seto,South Estonian,viE,3,Peeter,2,0.6666666666666666,2,0.6365,Peeter (2); Other (1)
7,Peter / Pietari / Peeter,Karuna,Finland/Savo-Karelia,Finnish,su,3,Pietari,2,0.6666666666666666,2,0.6365,Pietari (2); Pekka (1)
7,Peter / Pietari / Peeter,Kauhava,Finland/Savo-Karelia,Finnish,su,3,Other,2,0.6666666666666666,2,0.6365,Other (2); Pietari (1)
7,Peter / Pietari / Peeter,Kaukola,Finland/Savo-Karelia,Finnish,su,3,Pekka,1,0.3333333333333333,3,1.0986,Pekka (1); Pekko (1); Pietari (1)
7,Peter / Pietari / Peeter,Kestilä,Finland/Savo-Karelia,Finnish,su,3,Pekka,3,1.0,1,-0.0,Pekka (3)
7,Peter / Pietari / Peeter,Kontokki,East Karelia/Veps/Tver,Karelian Proper,ka,3,Other,2,0.6666666666666666,2,0.6365,Other (2); Petri (1)
7,Peter / Pietari / Peeter,Kuhmo,Finland/Savo-Karelia,Finnish,su,3,Pekka,2,0.6666666666666666,2,0.6365,Pekka (2); Pietari (1)
7,Peter / Pietari / Peeter,Kuolemajärvi,Finland/Savo-Karelia,Finnish,su,3,Other,1,0.3333333333333333,3,1.0986,Other (1); Pekka (1); Pietari (1)
7,Peter / Pietari / Peeter,Lahti,Finland/Savo-Karelia,Finnish,su,3,Other,2,0.6666666666666666,2,0.6365,Other (2); Pietari (1)
7,Peter / Pietari / Peeter,Mäntyharju,Finland/Savo-Karelia,Finnish,su,3,Pekka,2,0.6666666666666666,2,0.6365,Pekka (2); Pietari (1)
7,Peter / Pietari / Peeter,Palamuse,Estonia core/west,North Estonian,viP,3,Peeter,3,1.0,1,-0.0,Peeter (3)
7,Peter / Pietari / Peeter,Parkano,Finland/Savo-Karelia,Finnish,su,3,Pietari,3,1.0,1,-0.0,Pietari (3)
7,Peter / Pietari / Peeter,Perniö,Finland/Savo-Karelia,Finnish,su,3,Pietari,3,1.0,1,-0.0,Pietari (3)
7,Peter / Pietari / Peeter,Pieksämäki,Finland/Savo-Karelia,Finnish,su,3,Pekka,3,1.0,1,-0.0,Pekka (3)
7,Peter / Pietari / Peeter,Pielisjärvi,Finland/Savo-Karelia,Finnish,su,3,Pekka,2,0.6666666666666666,2,0.6365,Pekka (2); Pietari (1)
7,Peter / Pietari / Peeter,Pori,Finland/Savo-Karelia,Finnish,su,3,Pekka,2,0.6666666666666666,2,0.6365,Pekka (2); Pietari (1)
7,Peter / Pietari / Peeter,Pudasjärvi,Finland/Savo-Karelia,Finnish,su,3,Other,1,0.3333333333333333,3,1.0986,Other (1); Pekka (1); Pietari (1)
7,Peter / Pietari / Peeter,Pulkkila,Finland/Savo-Karelia,Finnish,su,3,Other,3,1.0,1,-0.0,Other (3)
7,Peter / Pietari / Peeter,Pyhäselkä,Finland/Savo-Karelia,Finnish,su,3,Pekka,2,0.6666666666666666,2,0.6365,Pekka (2); Pietari (1)
7,Peter / Pietari / Peeter,Pöytyä,Finland/Savo-Karelia,Finnish,su,3,Pietari,2,0.6666666666666666,2,0.6365,Pietari (2); Pekka (1)
7,Peter / Pietari / Peeter,Pühalepa,Estonia core/west,North Estonian,viP,3,Peeter,3,1.0,1,-0.0,Peeter (3)
7,Peter / Pietari / Peeter,Rovaniemi,Finland/Savo-Karelia,Finnish,su,3,Petteri,2,0.6666666666666666,2,0.6365,Petteri (2); Pietari (1)
7,Peter / Pietari / Peeter,Saari,Finland/Savo-Karelia,Finnish,su,3,Pekka,3,1.0,1,-0.0,Pekka (3)
7,Peter / Pietari / Peeter,Sakkola,Finland/Savo-Karelia,Finnish,su,3,Pekko,3,1.0,1,-0.0,Pekko (3)
7,Peter / Pietari / Peeter,Savitaipale,Finland/Savo-Karelia,Finnish,su,3,Pietari,2,0.6666666666666666,2,0.6365,Pietari (2); Other (1)
7,Peter / Pietari / Peeter,Simuna,Estonia core/west,North Estonian,viP,3,Peeter,3,1.0,1,-0.0,Peeter (3)
7,Peter / Pietari / Peeter,Taipalsaari,Finland/Savo-Karelia,Finnish,su,3,Pekka,2,0.6666666666666666,2,0.6365,Pekka (2); Pietari (1)
7,Peter / Pietari / Peeter,Tampere,Finland/Savo-Karelia,Finnish,su,3,Pietari,3,1.0,1,-0.0,Pietari (3)
7,Peter / Pietari / Peeter,Tervola,Finland/Savo-Karelia,Finnish,su,3,Other,2,0.6666666666666666,2,0.6365,Other (2); Pekka (1)
7,Peter / Pietari / Peeter,Turku,Finland/Savo-Karelia,Finnish,su,3,Other,1,0.3333333333333333,3,1.0986,Other (1); Pekka (1); Pietari (1)
7,Peter / Pietari / Peeter,Tuulos,Finland/Savo-Karelia,Finnish,su,3,Pietari,2,0.6666666666666666,2,0.6365,Pietari (2); Pekka (1)
7,Peter / Pietari / Peeter,Tuusula,Finland/Savo-Karelia,Finnish,su,3,Other,2,0.6666666666666666,2,0.6365,Other (2); Pietari (1)
7,Peter / Pietari / Peeter,Tyrvää,Finland/Savo-Karelia,Finnish,su,3,Pietari,2,0.6666666666666666,2,0.6365,Pietari (2); Petteri (1)
7,Peter / Pietari / Peeter,Varkaus,Finland/Savo-Karelia,Finnish,su,3,Pietari,3,1.0,1,-0.0,Pietari (3)
7,Peter / Pietari / Peeter,Ylämaa,Finland/Savo-Karelia,Finnish,su,3,Other,1,0.3333333333333333,3,1.0986,Other (1); Pekka (1); Pietari (1)
7,Peter / Pietari / Peeter,Anjala,Finland/Savo-Karelia,Finnish,su,2,Pietari,2,1.0,1,-0.0,Pietari (2)
7,Peter / Pietari / Peeter,Hageri,Estonia core/west,North Estonian,viP,2,Peeter,1,0.5,2,0.6931,Peeter (1); Peetrus (1)
7,Peter / Pietari / Peeter,Harju-Jaani,Estonia core/west,North Estonian,viP,2,Peeter,2,1.0,1,-0.0,Peeter (2)
7,Peter / Pietari / Peeter,Hollola,Finland/Savo-Karelia,Finnish,su,2,Pietari,2,1.0,1,-0.0,Pietari (2)
7,Peter / Pietari / Peeter,Honkajoki,Finland/Savo-Karelia,Finnish,su,2,Other,2,1.0,1,-0.0,Other (2)
7,Peter / Pietari / Peeter,Hämeenlinna,Finland/Savo-Karelia,Finnish,su,2,Other,1,0.5,2,0.6931,Other (1); Pietari (1)
7,Peter / Pietari / Peeter,Iisaku,Estonia core/west,North Estonian,viP,2,Other,1,0.5,2,0.6931,Other (1); Peeter (1)
7,Peter / Pietari / Peeter,Johannes,Finland/Savo-Karelia,Finnish,su,2,Pietari,2,1.0,1,-0.0,Pietari (2)
7,Peter / Pietari / Peeter,Joutseno,Finland/Savo-Karelia,Finnish,su,2,Other,1,0.5,2,0.6931,Other (1); Pietari (1)
7,Peter / Pietari / Peeter,Kangasala,Finland/Savo-Karelia,Finnish,su,2,Pietari,2,1.0,1,-0.0,Pietari (2)
7,Peter / Pietari / Peeter,Kankaanpää,Finland/Savo-Karelia,Finnish,su,2,Other,1,0.5,2,0.6931,Other (1); Pietari (1)
7,Peter / Pietari / Peeter,Karja,Estonia core/west,North Estonian,viP,2,Peeter,2,1.0,1,-0.0,Peeter (2)
7,Peter / Pietari / Peeter,Karunki,Finland/Savo-Karelia,Finnish,su,2,Pekka,1,0.5,2,0.6931,Pekka (1); Pietari (1)
7,Peter / Pietari / Peeter,Kauhajoki,Finland/Savo-Karelia,Finnish,su,2,Other,2,1.0,1,-0.0,Other (2)
7,Peter / Pietari / Peeter,Kirvu,Finland/Savo-Karelia,Finnish,su,2,Pekka,1,0.5,2,0.6931,Pekka (1); Pekko (1)
7,Peter / Pietari / Peeter,Kullamaa,Estonia core/west,North Estonian,viP,2,Peeter,2,1.0,1,-0.0,Peeter (2)
7,Peter / Pietari / Peeter,Kursi,Estonia core/west,North Estonian,viP,2,Peeter,2,1.0,1,-0.0,Peeter (2)
7,Peter / Pietari / Peeter,Kuusjoki,Finland/Savo-Karelia,Finnish,su,2,Pietari,2,1.0,1,-0.0,Pietari (2)
7,Peter / Pietari / Peeter,Kuusjärvi,Finland/Savo-Karelia,Finnish,su,2,Pietari,2,1.0,1,-0.0,Pietari (2)
7,Peter / Pietari / Peeter,Kymi,Finland/Savo-Karelia,Finnish,su,2,Pietari,2,1.0,1,-0.0,Pietari (2)
7,Peter / Pietari / Peeter,Lapinlahti,Finland/Savo-Karelia,Finnish,su,2,Other,1,0.5,2,0.6931,Other (1); Pietari (1)
7,Peter / Pietari / Peeter,Liminka,Finland/Savo-Karelia,Finnish,su,2,Pekka,2,1.0,1,-0.0,Pekka (2)
7,Peter / Pietari / Peeter,Loppi,Finland/Savo-Karelia,Finnish,su,2,Pietari,2,1.0,1,-0.0,Pietari (2)
7,Peter / Pietari / Peeter,Lumivaara,Finland/Savo-Karelia,Finnish,su,2,Pekka,1,0.5,2,0.6931,Pekka (1); Pietari (1)
7,Peter / Pietari / Peeter,Längelmäki,Finland/Savo-Karelia,Finnish,su,2,Pietari,2,1.0,1,-0.0,Pietari (2)
7,Peter / Pietari / Peeter,Lääne-Nigula,Estonia core/west,North Estonian,viP,2,Peeter,2,1.0,1,-0.0,Peeter (2)
7,Peter / Pietari / Peeter,Lüganuse,Estonia core/west,North Estonian,viP,2,Peeter,2,1.0,1,-0.0,Peeter (2)
7,Peter / Pietari / Peeter,Maaria,Finland/Savo-Karelia,Finnish,su,2,Petteri,1,0.5,2,0.6931,Petteri (1); Pietari (1)
7,Peter / Pietari / Peeter,Merimasku,Finland/Savo-Karelia,Finnish,su,2,Pietari,2,1.0,1,-0.0,Pietari (2)
7,Peter / Pietari / Peeter,Muurla,Finland/Savo-Karelia,Finnish,su,2,Petteri,1,0.5,2,0.6931,Petteri (1); Pietari (1)
7,Peter / Pietari / Peeter,Nastola,Finland/Savo-Karelia,Finnish,su,2,Pietari,2,1.0,1,-0.0,Pietari (2)
7,Peter / Pietari / Peeter,Noormarkku,Finland/Savo-Karelia,Finnish,su,2,Pietari,2,1.0,1,-0.0,Pietari (2)
7,Peter / Pietari / Peeter,Pyhäjärvi Ol.,Finland/Savo-Karelia,Finnish,su,2,Pekka,2,1.0,1,-0.0,Pekka (2)
7,Peter / Pietari / Peeter,Pärnu-Jaagupi,Estonia core/west,North Estonian,viP,2,Other,1,0.5,2,0.6931,Other (1); Peeter (1)
7,Peter / Pietari / Peeter,Rautalampi,Finland/Savo-Karelia,Finnish,su,2,Pekka,2,1.0,1,-0.0,Pekka (2)
7,Peter / Pietari / Peeter,Reigi,Estonia core/west,North Estonian,viP,2,Peeter,1,0.5,2,0.6931,Peeter (1); Peetrus (1)
7,Peter / Pietari / Peeter,Renko,Finland/Savo-Karelia,Finnish,su,2,Pietari,2,1.0,1,-0.0,Pietari (2)
7,Peter / Pietari / Peeter,Ristijärvi,Finland/Savo-Karelia,Finnish,su,2,Pekka,2,1.0,1,-0.0,Pekka (2)
7,Peter / Pietari / Peeter,Ruokolahti,Finland/Savo-Karelia,Finnish,su,2,Pekko,1,0.5,2,0.6931,Pekko (1); Pietari (1)
7,Peter / Pietari / Peeter,Ruovesi,Finland/Savo-Karelia,Finnish,su,2,Pekka,1,0.5,2,0.6931,Pekka (1); Pietari (1)
7,Peter / Pietari / Peeter,Rõuge,South Estonia/Seto,South Estonian,viE,2,Peeter,2,1.0,1,-0.0,Peeter (2)
7,Peter / Pietari / Peeter,Sippola,Finland/Savo-Karelia,Finnish,su,2,Pekka,1,0.5,2,0.6931,Pekka (1); Pietari (1)
7,Peter / Pietari / Peeter,Skuoritsa,Ingria,Finnish,su,2,Pekko,1,0.5,2,0.6931,Pekko (1); Petri (1)
7,Peter / Pietari / Peeter,Somero,Finland/Savo-Karelia,Finnish,su,2,Pietari,2,1.0,1,-0.0,Pietari (2)
7,Peter / Pietari / Peeter,Soutjärvi,East Karelia/Veps/Tver,Veps,ve,2,Pietari,2,1.0,1,-0.0,Pietari (2)
7,Peter / Pietari / Peeter,Spankkova,Ingria,Finnish,su,2,Other,1,0.5,2,0.6931,Other (1); Pietari (1)
7,Peter / Pietari / Peeter,Säräisniemi,Finland/Savo-Karelia,Finnish,su,2,Pekka,2,1.0,1,-0.0,Pekka (2)
7,Peter / Pietari / Peeter,Säämäjärvi,East Karelia/Veps/Tver,Livvi-Karelian,ka,2,Pietari,2,1.0,1,-0.0,Pietari (2)
7,Peter / Pietari / Peeter,Terijoki,Finland/Savo-Karelia,Finnish,su,2,Other,1,0.5,2,0.6931,Other (1); Pekko (1)
7,Peter / Pietari / Peeter,Toksova,Ingria,Finnish,su,2,Pietari,2,1.0,1,-0.0,Pietari (2)
7,Peter / Pietari / Peeter,Uhtua,East Karelia/Veps/Tver,Karelian Proper,ka,2,Pekka,2,1.0,1,-0.0,Pekka (2)
7,Peter / Pietari / Peeter,Uusikirkko Tl.,Finland/Savo-Karelia,Finnish,su,2,Pietari,2,1.0,1,-0.0,Pietari (2)
7,Peter / Pietari / Peeter,Vahto,Finland/Savo-Karelia,Finnish,su,2,Pietari,2,1.0,1,-0.0,Pietari (2)
7,Peter / Pietari / Peeter,Valtimo,Finland/Savo-Karelia,Finnish,su,2,Pekka,2,1.0,1,-0.0,Pekka (2)
7,Peter / Pietari / Peeter,Varpaisjärvi,Finland/Savo-Karelia,Finnish,su,2,Pekka,2,1.0,1,-0.0,Pekka (2)
7,Peter / Pietari / Peeter,Vuoksela,Finland/Savo-Karelia,Finnish,su,2,Pekka,1,0.5,2,0.6931,Pekka (1); Pietari (1)
7,Peter / Pietari / Peeter,Ylikiiminki,Finland/Savo-Karelia,Finnish,su,2,Other,1,0.5,2,0.6931,Other (1); Pietari (1)
7,Peter / Pietari / Peeter,Audru,Estonia core/west,North Estonian,viP,1,Peeter,1,1.0,1,-0.0,Peeter (1)
7,Peter / Pietari / Peeter,Elimäki,Finland/Savo-Karelia,Finnish,su,1,Other,1,1.0,1,-0.0,Other (1)
7,Peter / Pietari / Peeter,Emmaste,Estonia core/west,North Estonian,viP,1,Peeter,1,1.0,1,-0.0,Peeter (1)
7,Peter / Pietari / Peeter,Enonkoski,Finland/Savo-Karelia,Finnish,su,1,Pietari,1,1.0,1,-0.0,Pietari (1)
7,Peter / Pietari / Peeter,Eurajoki,Finland/Savo-Karelia,Finnish,su,1,Other,1,1.0,1,-0.0,Other (1)
7,Peter / Pietari / Peeter,Haapajärvi,Finland/Savo-Karelia,Finnish,su,1,Pekka,1,1.0,1,-0.0,Pekka (1)
7,Peter / Pietari / Peeter,Harjavalta,Finland/Savo-Karelia,Finnish,su,1,Pietari,1,1.0,1,-0.0,Pietari (1)
7,Peter / Pietari / Peeter,Hartola,Finland/Savo-Karelia,Finnish,su,1,Pekka,1,1.0,1,-0.0,Pekka (1)
7,Peter / Pietari / Peeter,Hauho,Finland/Savo-Karelia,Finnish,su,1,Pietari,1,1.0,1,-0.0,Pietari (1)
7,Peter / Pietari / Peeter,Hietamäki,Ingria,Finnish,su,1,Other,1,1.0,1,-0.0,Other (1)
7,Peter / Pietari / Peeter,Hiitola,Finland/Savo-Karelia,Finnish,su,1,Pietari,1,1.0,1,-0.0,Pietari (1)
7,Peter / Pietari / Peeter,Hirvensalmi,Finland/Savo-Karelia,Finnish,su,1,Pietari,1,1.0,1,-0.0,Pietari (1)
7,Peter / Pietari / Peeter,Hyvinkää,Finland/Savo-Karelia,Finnish,su,1,Other,1,1.0,1,-0.0,Other (1)
7,Peter / Pietari / Peeter,Häädemeeste,Estonia core/west,North Estonian,viP,1,Peeter,1,1.0,1,-0.0,Peeter (1)
7,Peter / Pietari / Peeter,Ilmajoki,Finland/Savo-Karelia,Finnish,su,1,Pietari,1,1.0,1,-0.0,Pietari (1)
7,Peter / Pietari / Peeter,Isojoki,Finland/Savo-Karelia,Finnish,su,1,Pietari,1,1.0,1,-0.0,Pietari (1)
7,Peter / Pietari / Peeter,Jaani,Estonia core/west,North Estonian,viP,1,Peeter,1,1.0,1,-0.0,Peeter (1)
7,Peter / Pietari / Peeter,Jalasjärvi,Finland/Savo-Karelia,Finnish,su,1,Pietari,1,1.0,1,-0.0,Pietari (1)
7,Peter / Pietari / Peeter,Janakkala,Finland/Savo-Karelia,Finnish,su,1,Pietari,1,1.0,1,-0.0,Pietari (1)
7,Peter / Pietari / Peeter,Joensuu,Finland/Savo-Karelia,Finnish,su,1,Pekka,1,1.0,1,-0.0,Pekka (1)
7,Peter / Pietari / Peeter,Jurva,Finland/Savo-Karelia,Finnish,su,1,Pietari,1,1.0,1,-0.0,Pietari (1)
7,Peter / Pietari / Peeter,Jällivaara,Finland/Savo-Karelia,Tornedalen Finnish,su,1,Petteri,1,1.0,1,-0.0,Petteri (1)
7,Peter / Pietari / Peeter,Jüri,Estonia core/west,North Estonian,viP,1,Peeter,1,1.0,1,-0.0,Peeter (1)
7,Peter / Pietari / Peeter,Kaarina,Finland/Savo-Karelia,Finnish,su,1,Pietari,1,1.0,1,-0.0,Pietari (1)
7,Peter / Pietari / Peeter,Kaarma,Estonia core/west,North Estonian,viP,1,Peeter,1,1.0,1,-0.0,Peeter (1)
7,Peter / Pietari / Peeter,Kalvola,Finland/Savo-Karelia,Finnish,su,1,Pietari,1,1.0,1,-0.0,Pietari (1)
7,Peter / Pietari / Peeter,Karstula,Finland/Savo-Karelia,Finnish,su,1,Pekka,1,1.0,1,-0.0,Pekka (1)
7,Peter / Pietari / Peeter,Karuse,Estonia core/west,North Estonian,viP,1,Peeter,1,1.0,1,-0.0,Peeter (1)
7,Peter / Pietari / Peeter,Kaustinen,Finland/Savo-Karelia,Finnish,su,1,Other,1,1.0,1,-0.0,Other (1)
7,Peter / Pietari / Peeter,Keikyä,Finland/Savo-Karelia,Finnish,su,1,Pietari,1,1.0,1,-0.0,Pietari (1)
7,Peter / Pietari / Peeter,Keila,Estonia core/west,North Estonian,viP,1,Peeter,1,1.0,1,-0.0,Peeter (1)
7,Peter / Pietari / Peeter,Kiikka,Finland/Savo-Karelia,Finnish,su,1,Petteri,1,1.0,1,-0.0,Petteri (1)
7,Peter / Pietari / Peeter,Kiikoinen,Finland/Savo-Karelia,Finnish,su,1,Pietari,1,1.0,1,-0.0,Pietari (1)
7,Peter / Pietari / Peeter,Kisko,Finland/Savo-Karelia,Finnish,su,1,Pietari,1,1.0,1,-0.0,Pietari (1)
7,Peter / Pietari / Peeter,Kiukainen,Finland/Savo-Karelia,Finnish,su,1,Pietari,1,1.0,1,-0.0,Pietari (1)
7,Peter / Pietari / Peeter,Kodavere,Estonia core/west,North Estonian,viP,1,Peeter,1,1.0,1,-0.0,Peeter (1)
7,Peter / Pietari / Peeter,Konnevesi,Finland/Savo-Karelia,Finnish,su,1,Pekka,1,1.0,1,-0.0,Pekka (1)
7,Peter / Pietari / Peeter,Koprina,Ingria,Finnish,su,1,Pekka,1,1.0,1,-0.0,Pekka (1)
7,Peter / Pietari / Peeter,Kupanitsa,Ingria,Finnish,su,1,Pietari,1,1.0,1,-0.0,Pietari (1)
7,Peter / Pietari / Peeter,Kurkijoki,Finland/Savo-Karelia,Finnish,su,1,Petteri,1,1.0,1,-0.0,Petteri (1)
7,Peter / Pietari / Peeter,Käina,Estonia core/west,North Estonian,viP,1,Peeter,1,1.0,1,-0.0,Peeter (1)
7,Peter / Pietari / Peeter,Käkisalmi,Finland/Savo-Karelia,Finnish,su,1,Pietari,1,1.0,1,-0.0,Pietari (1)
7,Peter / Pietari / Peeter,Lapinjärvi,Finland/Savo-Karelia,Outside selected Finnic areas,ru,1,Other,1,1.0,1,-0.0,Other (1)
7,Peter / Pietari / Peeter,Lappajärvi,Finland/Savo-Karelia,Finnish,su,1,Pietari,1,1.0,1,-0.0,Pietari (1)
7,Peter / Pietari / Peeter,Lapua,Finland/Savo-Karelia,Finnish,su,1,Pekka,1,1.0,1,-0.0,Pekka (1)
7,Peter / Pietari / Peeter,Lapväärtti,Finland/Savo-Karelia,Outside selected Finnic areas,ru,1,Pietari,1,1.0,1,-0.0,Pietari (1)
7,Peter / Pietari / Peeter,Laukaa,Finland/Savo-Karelia,Finnish,su,1,Pietari,1,1.0,1,-0.0,Pietari (1)
7,Peter / Pietari / Peeter,Lavansaari,Finland/Savo-Karelia,Finnish,su,1,Pekka,1,1.0,1,-0.0,Pekka (1)
7,Peter / Pietari / Peeter,Lekvattnet,Finland/Savo-Karelia,Finnish,su,1,Pietari,1,1.0,1,-0.0,Pietari (1)
7,Peter / Pietari / Peeter,Lieto,Finland/Savo-Karelia,Finnish,su,1,Pietari,1,1.0,1,-0.0,Pietari (1)
7,Peter / Pietari / Peeter,Luhanka,Finland/Savo-Karelia,Finnish,su,1,Pietari,1,1.0,1,-0.0,Pietari (1)
7,Peter / Pietari / Peeter,Markkova,Ingria,Finnish,suI,1,Pietari,1,1.0,1,-0.0,Pietari (1)
7,Peter / Pietari / Peeter,Martna,Estonia core/west,North Estonian,viP,1,Peeter,1,1.0,1,-0.0,Peeter (1)
7,Peter / Pietari / Peeter,Merijärvi,Finland/Savo-Karelia,Finnish,su,1,Pietari,1,1.0,1,-0.0,Pietari (1)
7,Peter / Pietari / Peeter,Merikarvia,Finland/Savo-Karelia,Outside selected Finnic areas,ru,1,Pietari,1,1.0,1,-0.0,Pietari (1)
7,Peter / Pietari / Peeter,Messukylä,Finland/Savo-Karelia,Finnish,su,1,Pietari,1,1.0,1,-0.0,Pietari (1)
7,Peter / Pietari / Peeter,Miehikkälä,Finland/Savo-Karelia,Finnish,su,1,Pietari,1,1.0,1,-0.0,Pietari (1)
7,Peter / Pietari / Peeter,Mikkeli,Finland/Savo-Karelia,Finnish,su,1,Pietari,1,1.0,1,-0.0,Pietari (1)
7,Peter / Pietari / Peeter,Muhos,Finland/Savo-Karelia,Finnish,su,1,Pekka,1,1.0,1,-0.0,Pekka (1)
7,Peter / Pietari / Peeter,Muonio,Finland/Savo-Karelia,Finnish,su,1,Petteri,1,1.0,1,-0.0,Petteri (1)
7,Peter / Pietari / Peeter,Mustjala,Estonia core/west,North Estonian,viP,1,Peeter,1,1.0,1,-0.0,Peeter (1)
7,Peter / Pietari / Peeter,Mäntsälä,Finland/Savo-Karelia,Finnish,su,1,Pietari,1,1.0,1,-0.0,Pietari (1)
7,Peter / Pietari / Peeter,Mänttä,Finland/Savo-Karelia,Finnish,su,1,Other,1,1.0,1,-0.0,Other (1)
7,Peter / Pietari / Peeter,Märjamaa,Estonia core/west,North Estonian,viP,1,Peeter,1,1.0,1,-0.0,Peeter (1)
7,Peter / Pietari / Peeter,Nekkula,East Karelia/Veps/Tver,Karelian Proper,ka,1,Pietari,1,1.0,1,-0.0,Pietari (1)
7,Peter / Pietari / Peeter,Nurmijärvi,Finland/Savo-Karelia,Finnish,su,1,Other,1,1.0,1,-0.0,Other (1)
7,Peter / Pietari / Peeter,Oulanka,East Karelia/Veps/Tver,Karelian Proper,ka,1,Other,1,1.0,1,-0.0,Other (1)
7,Peter / Pietari / Peeter,Oulunsalo,Finland/Savo-Karelia,Finnish,su,1,Pietari,1,1.0,1,-0.0,Pietari (1)
7,Peter / Pietari / Peeter,Paatene,East Karelia/Veps/Tver,Karelian Proper,kaV,1,Pietari,1,1.0,1,-0.0,Pietari (1)
7,Peter / Pietari / Peeter,Paavola,Finland/Savo-Karelia,Finnish,su,1,Pekka,1,1.0,1,-0.0,Pekka (1)
7,Peter / Pietari / Peeter,Paltamo,Finland/Savo-Karelia,Finnish,su,1,Pekka,1,1.0,1,-0.0,Pekka (1)
7,Peter / Pietari / Peeter,Pertteli,Finland/Savo-Karelia,Finnish,su,1,Pietari,1,1.0,1,-0.0,Pietari (1)
7,Peter / Pietari / Peeter,Pihtipudas,Finland/Savo-Karelia,Finnish,su,1,Pekka,1,1.0,1,-0.0,Pekka (1)
7,Peter / Pietari / Peeter,Puolanka,Finland/Savo-Karelia,Finnish,su,1,Pekka,1,1.0,1,-0.0,Pekka (1)
7,Peter / Pietari / Peeter,Pyhäjärvi Ul.,Finland/Savo-Karelia,Finnish,su,1,Pietari,1,1.0,1,-0.0,Pietari (1)
7,Peter / Pietari / Peeter,Pyhäranta,Finland/Savo-Karelia,Finnish,su,1,Pietari,1,1.0,1,-0.0,Pietari (1)
7,Peter / Pietari / Peeter,Pylkönmäki,Finland/Savo-Karelia,Finnish,su,1,Pietari,1,1.0,1,-0.0,Pietari (1)
7,Peter / Pietari / Peeter,Rautu,Finland/Savo-Karelia,Finnish,su,1,Pietari,1,1.0,1,-0.0,Pietari (1)
7,Peter / Pietari / Peeter,Ropsu,Ingria,Finnish,su,1,Other,1,1.0,1,-0.0,Other (1)
7,Peter / Pietari / Peeter,Salo,Finland/Savo-Karelia,Finnish,su,1,Pekka,1,1.0,1,-0.0,Pekka (1)
7,Peter / Pietari / Peeter,Sauvo,Finland/Savo-Karelia,Finnish,su,1,Pietari,1,1.0,1,-0.0,Pietari (1)
7,Peter / Pietari / Peeter,Siilinjärvi,Finland/Savo-Karelia,Finnish,su,1,Pekka,1,1.0,1,-0.0,Pekka (1)
7,Peter / Pietari / Peeter,Sodankylä,Finland/Savo-Karelia,Finnish,su,1,Petteri,1,1.0,1,-0.0,Petteri (1)
7,Peter / Pietari / Peeter,Somerniemi,Finland/Savo-Karelia,Finnish,su,1,Pietari,1,1.0,1,-0.0,Pietari (1)
7,Peter / Pietari / Peeter,Sulkava,Finland/Savo-Karelia,Finnish,su,1,Pietari,1,1.0,1,-0.0,Pietari (1)
7,Peter / Pietari / Peeter,Suomusjärvi,Finland/Savo-Karelia,Finnish,su,1,Pietari,1,1.0,1,-0.0,Pietari (1)
7,Peter / Pietari / Peeter,Suomussalmi,Finland/Savo-Karelia,Finnish,su,1,Pekka,1,1.0,1,-0.0,Pekka (1)
7,Peter / Pietari / Peeter,Suonenjoki,Finland/Savo-Karelia,Finnish,su,1,Pekka,1,1.0,1,-0.0,Pekka (1)
7,Peter / Pietari / Peeter,Sysmä,Finland/Savo-Karelia,Finnish,su,1,Pietari,1,1.0,1,-0.0,Pietari (1)
7,Peter / Pietari / Peeter,Säfsnäs,Finland/Savo-Karelia,Finnish,su,1,Pietari,1,1.0,1,-0.0,Pietari (1)
7,Peter / Pietari / Peeter,Säkkijärvi,Finland/Savo-Karelia,Finnish,su,1,Pietari,1,1.0,1,-0.0,Pietari (1)
7,Peter / Pietari / Peeter,Taivassalo,Finland/Savo-Karelia,Finnish,su,1,Pietari,1,1.0,1,-0.0,Pietari (1)
7,Peter / Pietari / Peeter,Tammela,Finland/Savo-Karelia,Finnish,su,1,Pietari,1,1.0,1,-0.0,Pietari (1)
7,Peter / Pietari / Peeter,Tervo,Finland/Savo-Karelia,Finnish,su,1,Pekka,1,1.0,1,-0.0,Pekka (1)
7,Peter / Pietari / Peeter,Tori,Estonia core/west,North Estonian,viP,1,Peeter,1,1.0,1,-0.0,Peeter (1)
7,Peter / Pietari / Peeter,Tuutari,Ingria,Finnish,su,1,Pietari,1,1.0,1,-0.0,Pietari (1)
7,Peter / Pietari / Peeter,Tytärsaari,Finland/Savo-Karelia,Finnish,su,1,Pietari,1,1.0,1,-0.0,Pietari (1)
7,Peter / Pietari / Peeter,Tõstamaa,Estonia core/west,North Estonian,viP,1,Peeter,1,1.0,1,-0.0,Peeter (1)
7,Peter / Pietari / Peeter,Türi,Estonia core/west,North Estonian,viP,1,Peeter,1,1.0,1,-0.0,Peeter (1)
7,Peter / Pietari / Peeter,Urjala,Finland/Savo-Karelia,Finnish,su,1,Pietari,1,1.0,1,-0.0,Pietari (1)
7,Peter / Pietari / Peeter,Uurainen,Finland/Savo-Karelia,Finnish,su,1,Pekka,1,1.0,1,-0.0,Pekka (1)
7,Peter / Pietari / Peeter,Vanaja,Finland/Savo-Karelia,Finnish,su,1,Other,1,1.0,1,-0.0,Other (1)
7,Peter / Pietari / Peeter,Varbla,Estonia core/west,North Estonian,viP,1,Peeter,1,1.0,1,-0.0,Peeter (1)
7,Peter / Pietari / Peeter,Vehkalahti,Finland/Savo-Karelia,Finnish,su,1,Other,1,1.0,1,-0.0,Other (1)
7,Peter / Pietari / Peeter,Vehmersalmi,Finland/Savo-Karelia,Finnish,su,1,Pekka,1,1.0,1,-0.0,Pekka (1)
7,Peter / Pietari / Peeter,Vigala,Estonia core/west,North Estonian,viP,1,Peeter,1,1.0,1,-0.0,Peeter (1)
7,Peter / Pietari / Peeter,Viljakkala,Finland/Savo-Karelia,Finnish,su,1,Pietari,1,1.0,1,-0.0,Pietari (1)
7,Peter / Pietari / Peeter,Ylitornio,Finland/Savo-Karelia,Finnish,su,1,Pietari,1,1.0,1,-0.0,Pietari (1)
7,Peter / Pietari / Peeter,Yläne,Finland/Savo-Karelia,Finnish,su,1,Pietari,1,1.0,1,-0.0,Pietari (1)
7,Peter / Pietari / Peeter,Ylöjärvi,Finland/Savo-Karelia,Finnish,su,1,Pietari,1,1.0,1,-0.0,Pietari (1)
7,Peter / Pietari / Peeter,Ähtäri,Finland/Savo-Karelia,Finnish,su,1,Pietari,1,1.0,1,-0.0,Pietari (1)
7,Peter / Pietari / Peeter,Äksi,Estonia core/west,North Estonian,viP,1,Peeter,1,1.0,1,-0.0,Peeter (1)
7,Peter / Pietari / Peeter,Östmark,Finland/Savo-Karelia,Finnish,su,1,Pekka,1,1.0,1,-0.0,Pekka (1)
8,Väinämöinen,Suistamo,East Karelia/Veps/Tver,Livvi-Karelian,ka,205,Väinämöinen,158,0.7707317073170732,5,0.6556,Väinämöinen (158); Väinö (41); Other (3); väinämöinen (2); Väinämöisen (1)
8,Väinämöinen,Ilomantsi,Finland/Savo-Karelia,Finnish,su,158,Väinämöinen,156,0.9873417721518988,2,0.0679,Väinämöinen (156); Väinö (2)
8,Väinämöinen,Suojärvi,East Karelia/Veps/Tver,Finnish,su,108,Väinämöinen,75,0.6944444444444444,7,1.1313,Väinämöinen (75); Väinö (10); (as above) (7); Other (5); väinä & möö (5); Väinämöisen (4); Väinämö (2)
8,Väinämöinen,Vuokkiniemi,East Karelia/Veps/Tver,Karelian Proper,ka,50,Väinämöinen,43,0.86,3,0.5006,Väinämöinen (43); Väinö (4); Other (3)
8,Väinämöinen,Korpiselkä,East Karelia/Veps/Tver,Karelian Proper,ka,49,Väinämöinen,39,0.7959183673469388,4,0.6364,Väinämöinen (39); Väinö (8); väinämöinen (1); väinö (1)
8,Väinämöinen,Repola,East Karelia/Veps/Tver,Karelian Proper,kaV,35,Väinämöinen,29,0.8285714285714286,3,0.5354,Väinämöinen (29); Väinö (5); Other (1)
8,Väinämöinen,Kitee,Finland/Savo-Karelia,Finnish,su,30,Väinämöinen,29,0.9666666666666667,2,0.1461,Väinämöinen (29); Väinö (1)
8,Väinämöinen,Soikkola,Ingria,Ingrian,in,28,Väinämöinen,21,0.75,3,0.7119,Väinämöinen (21); Väinö (5); Other (2)
8,Väinämöinen,Kesälahti,Finland/Savo-Karelia,Finnish,su,27,Väinämöinen,25,0.9259259259259259,3,0.3154,Väinämöinen (25); Väinämö (1); Väinö (1)
8,Väinämöinen,Impilahti,East Karelia/Veps/Tver,Livvi-Karelian,ka,25,Väinämöinen,25,1.0,1,-0.0,Väinämöinen (25)
8,Väinämöinen,Kaprio,Ingria,Finnish,su,25,Väinämöinen,22,0.88,3,0.4433,Väinämöinen (22); Väinö (2); Other (1)
8,Väinämöinen,Joroinen,Finland/Savo-Karelia,Finnish,su,19,Väinämöinen,19,1.0,1,-0.0,Väinämöinen (19)
8,Väinämöinen,Sotkamo,Finland/Savo-Karelia,Finnish,su,19,Väinämöinen,19,1.0,1,-0.0,Väinämöinen (19)
8,Väinämöinen,Uhtua,East Karelia/Veps/Tver,Karelian Proper,ka,19,Väinämöinen,19,1.0,1,-0.0,Väinämöinen (19)
8,Väinämöinen,Kiestinki,East Karelia/Veps/Tver,Karelian Proper,ka,18,Väinämöinen,15,0.8333333333333334,2,0.4506,Väinämöinen (15); Väinämöisen (3)
8,Väinämöinen,Pielavesi,Finland/Savo-Karelia,Finnish,su,17,Väinämöinen,16,0.9411764705882353,2,0.2237,Väinämöinen (16); Väinö (1)
8,Väinämöinen,Kiimaisjärvi,East Karelia/Veps/Tver,Karelian Proper,ka,15,Väinämöinen,14,0.9333333333333333,2,0.2449,Väinämöinen (14); Väinämö (1)
8,Väinämöinen,Porajärvi,East Karelia/Veps/Tver,Karelian Proper,kaV,14,Väinämöinen,13,0.9285714285714286,2,0.2573,Väinämöinen (13); väinämöinen (1)
8,Väinämöinen,Rääkkylä,Finland/Savo-Karelia,Finnish,su,14,Väinämöinen,14,1.0,1,-0.0,Väinämöinen (14)
8,Väinämöinen,Tulemajärvi,East Karelia/Veps/Tver,Livvi-Karelian,ka,14,Väinämöinen,13,0.9285714285714286,2,0.2573,Väinämöinen (13); Väinö (1)
8,Väinämöinen,Lempaala,Finland/Savo-Karelia,Finnish,su,13,Väinämöinen,12,0.9230769230769231,2,0.2712,Väinämöinen (12); Väinö (1)
8,Väinämöinen,Salmi,East Karelia/Veps/Tver,Livvi-Karelian,ka,12,Väinämöinen,11,0.9166666666666666,2,0.2868,Väinämöinen (11); Other (1)
8,Väinämöinen,Tuupovaara,Finland/Savo-Karelia,Finnish,su,12,Väinämöinen,12,1.0,1,-0.0,Väinämöinen (12)
8,Väinämöinen,Tyrö,Ingria,Finnish,su,11,Väinämöinen,11,1.0,1,-0.0,Väinämöinen (11)
8,Väinämöinen,Haapajärvi,Finland/Savo-Karelia,Finnish,su,10,Väinämöinen,10,1.0,1,-0.0,Väinämöinen (10)
8,Väinämöinen,Kaavi,Finland/Savo-Karelia,Finnish,su,10,Väinämöinen,9,0.9,2,0.3251,Väinämöinen (9); Other (1)
8,Väinämöinen,Kontokki,East Karelia/Veps/Tver,Karelian Proper,ka,10,Väinämöinen,9,0.9,2,0.3251,Väinämöinen (9); Väinö (1)
8,Väinämöinen,Lapinlahti,Finland/Savo-Karelia,Finnish,su,10,Väinämöinen,10,1.0,1,-0.0,Väinämöinen (10)
8,Väinämöinen,Nurmes,Finland/Savo-Karelia,Finnish,su,10,Väinämöinen,9,0.9,2,0.3251,Väinämöinen (9); Väinö (1)
8,Väinämöinen,Paltamo,Finland/Savo-Karelia,Finnish,su,10,Väinämöinen,9,0.9,2,0.3251,Väinämöinen (9); Väinö (1)
8,Väinämöinen,Vuole,Ingria,Finnish,su,9,Väinämöinen,7,0.7777777777777778,2,0.5297,Väinämöinen (7); Väinö (2)
8,Väinämöinen,Liperi,Finland/Savo-Karelia,Finnish,su,8,Väinämöinen,8,1.0,1,-0.0,Väinämöinen (8)
8,Väinämöinen,Narvusi,Ingria,Ingrian,in,8,Väinämöinen,8,1.0,1,-0.0,Väinämöinen (8)
8,Väinämöinen,Paatene,East Karelia/Veps/Tver,Karelian Proper,kaV,8,väinö,6,0.75,2,0.5623,väinö (6); Väinö (2)
8,Väinämöinen,Soanlahti,East Karelia/Veps/Tver,Finnish,su,8,Väinämöinen,6,0.75,2,0.5623,Väinämöinen (6); Väinö (2)
8,Väinämöinen,Pielisjärvi,Finland/Savo-Karelia,Finnish,su,7,Väinämöinen,5,0.7142857142857143,2,0.5983,Väinämöinen (5); Väinö (2)
8,Väinämöinen,Pistojärvi,East Karelia/Veps/Tver,Karelian Proper,ka,7,Väinämöinen,7,1.0,1,-0.0,Väinämöinen (7)
8,Väinämöinen,Saarijärvi,Finland/Savo-Karelia,Finnish,su,7,Väinämöinen,7,1.0,1,-0.0,Väinämöinen (7)
8,Väinämöinen,Vieljärvi,East Karelia/Veps/Tver,Livvi-Karelian,kaA,7,Väinämöinen,5,0.7142857142857143,2,0.5983,Väinämöinen (5); Väinö (2)
8,Väinämöinen,Iisalmi,Finland/Savo-Karelia,Finnish,su,5,Väinämöinen,5,1.0,1,-0.0,Väinämöinen (5)
8,Väinämöinen,Juva,Finland/Savo-Karelia,Finnish,su,5,Väinämöinen,5,1.0,1,-0.0,Väinämöinen (5)
8,Väinämöinen,Kittilä,Finland/Savo-Karelia,Finnish,su,5,Väinämöinen,5,1.0,1,-0.0,Väinämöinen (5)
8,Väinämöinen,Kontiolahti,Finland/Savo-Karelia,Finnish,su,5,Väinämöinen,5,1.0,1,-0.0,Väinämöinen (5)
8,Väinämöinen,Tyrvää,Finland/Savo-Karelia,Finnish,su,5,Väinämöinen,4,0.8,2,0.5004,Väinämöinen (4); Väinö (1)
8,Väinämöinen,Valtimo,Finland/Savo-Karelia,Finnish,su,5,Väinämöinen,5,1.0,1,-0.0,Väinämöinen (5)
8,Väinämöinen,Kiuruvesi,Finland/Savo-Karelia,Finnish,su,4,Väinämöinen,4,1.0,1,-0.0,Väinämöinen (4)
8,Väinämöinen,Metsäpirtti,Finland/Savo-Karelia,Finnish,su,4,Väinämöinen,2,0.5,2,0.6931,Väinämöinen (2); Väinö (2)
8,Väinämöinen,Muuruvesi,Finland/Savo-Karelia,Finnish,su,4,Väinämöinen,4,1.0,1,-0.0,Väinämöinen (4)
8,Väinämöinen,Sortavala,East Karelia/Veps/Tver,Finnish,su,4,Väinämöinen,4,1.0,1,-0.0,Väinämöinen (4)
8,Väinämöinen,Tohmajärvi,Finland/Savo-Karelia,Finnish,su,4,Väinämöinen,2,0.5,2,0.6931,Väinämöinen (2); Väinö (2)
8,Väinämöinen,Eno,Finland/Savo-Karelia,Finnish,su,3,Väinämöinen,3,1.0,1,-0.0,Väinämöinen (3)
8,Väinämöinen,Karstula,Finland/Savo-Karelia,Finnish,su,3,Väinämöinen,3,1.0,1,-0.0,Väinämöinen (3)
8,Väinämöinen,Kerimäki,Finland/Savo-Karelia,Finnish,su,3,Väinämöinen,3,1.0,1,-0.0,Väinämöinen (3)
8,Väinämöinen,Kinnula,Finland/Savo-Karelia,Finnish,su,3,Väinämöinen,3,1.0,1,-0.0,Väinämöinen (3)
8,Väinämöinen,Padasjoki,Finland/Savo-Karelia,Finnish,su,3,Väinämöinen,3,1.0,1,-0.0,Väinämöinen (3)
8,Väinämöinen,Pieksämäki,Finland/Savo-Karelia,Finnish,su,3,Väinämöinen,3,1.0,1,-0.0,Väinämöinen (3)
8,Väinämöinen,Suomussalmi,Finland/Savo-Karelia,Finnish,su,3,Väinämöinen,3,1.0,1,-0.0,Väinämöinen (3)
8,Väinämöinen,Suonenjoki,Finland/Savo-Karelia,Finnish,su,3,Väinämöinen,3,1.0,1,-0.0,Väinämöinen (3)
8,Väinämöinen,Säräisniemi,Finland/Savo-Karelia,Finnish,su,3,Väinämöinen,3,1.0,1,-0.0,Väinämöinen (3)
8,Väinämöinen,Säämäjärvi,East Karelia/Veps/Tver,Livvi-Karelian,ka,3,Väinämöinen,2,0.6666666666666666,2,0.6365,Väinämöinen (2); Väinämöisen (1)
8,Väinämöinen,Grue Finnskog,Finland/Savo-Karelia,Finnish,su,2,Väinämöinen,2,1.0,1,-0.0,Väinämöinen (2)
8,Väinämöinen,Joutsa,Finland/Savo-Karelia,Finnish,su,2,Väinämöinen,2,1.0,1,-0.0,Väinämöinen (2)
8,Väinämöinen,Juuka,Finland/Savo-Karelia,Finnish,su,2,Väinämöinen,2,1.0,1,-0.0,Väinämöinen (2)
8,Väinämöinen,Jäppilä,Finland/Savo-Karelia,Finnish,su,2,Väinämöinen,2,1.0,1,-0.0,Väinämöinen (2)
8,Väinämöinen,Kestilä,Finland/Savo-Karelia,Finnish,su,2,Väinämöinen,2,1.0,1,-0.0,Väinämöinen (2)
8,Väinämöinen,Kivijärvi,Finland/Savo-Karelia,Finnish,su,2,Väinämöinen,2,1.0,1,-0.0,Väinämöinen (2)
8,Väinämöinen,Kuhmo,Finland/Savo-Karelia,Finnish,su,2,väinämöinen,1,0.5,2,0.6931,väinämöinen (1); väinö (1)
8,Väinämöinen,Kuhmoinen,Finland/Savo-Karelia,Finnish,su,2,Väinämöinen,2,1.0,1,-0.0,Väinämöinen (2)
8,Väinämöinen,Kurkijoki,Finland/Savo-Karelia,Finnish,su,2,Väinämöinen,2,1.0,1,-0.0,Väinämöinen (2)
8,Väinämöinen,Kuusamo,Finland/Savo-Karelia,Finnish,su,2,Väinämöinen,2,1.0,1,-0.0,Väinämöinen (2)
8,Väinämöinen,Kuusjärvi,Finland/Savo-Karelia,Finnish,su,2,Väinämöinen,2,1.0,1,-0.0,Väinämöinen (2)
8,Väinämöinen,Lemi,Finland/Savo-Karelia,Finnish,su,2,Väinämöinen,2,1.0,1,-0.0,Väinämöinen (2)
8,Väinämöinen,Maaninka,Finland/Savo-Karelia,Finnish,su,2,Väinämöinen,2,1.0,1,-0.0,Väinämöinen (2)
8,Väinämöinen,Muolaa,Finland/Savo-Karelia,Finnish,su,2,Other,2,1.0,1,-0.0,Other (2)
8,Väinämöinen,Parikkala,Finland/Savo-Karelia,Finnish,su,2,Väinämöinen,2,1.0,1,-0.0,Väinämöinen (2)
8,Väinämöinen,Piippola,Finland/Savo-Karelia,Finnish,su,2,Väinämöinen,2,1.0,1,-0.0,Väinämöinen (2)
8,Väinämöinen,Pyhäjärvi Ol.,Finland/Savo-Karelia,Finnish,su,2,Väinämöinen,2,1.0,1,-0.0,Väinämöinen (2)
8,Väinämöinen,Sakkola,Finland/Savo-Karelia,Finnish,su,2,Other,1,0.5,2,0.6931,Other (1); Väinämöinen (1)
8,Väinämöinen,Sääminki,Finland/Savo-Karelia,Finnish,su,2,Väinämöinen,1,0.5,2,0.6931,Väinämöinen (1); Väinö (1)
8,Väinämöinen,Toksova,Ingria,Finnish,su,2,Väinämöinen,2,1.0,1,-0.0,Väinämöinen (2)
8,Väinämöinen,Tolmačču,East Karelia/Veps/Tver,Karelian Proper,ka,2,Väinö,2,1.0,1,-0.0,Väinö (2)
8,Väinämöinen,Turtola,Finland/Savo-Karelia,Finnish,su,2,Väinämöinen,2,1.0,1,-0.0,Väinämöinen (2)
8,Väinämöinen,Varpaisjärvi,Finland/Savo-Karelia,Finnish,su,2,Väinämöinen,2,1.0,1,-0.0,Väinämöinen (2)
8,Väinämöinen,Östmark,Finland/Savo-Karelia,Finnish,su,2,Väinämöinen,2,1.0,1,-0.0,Väinämöinen (2)
8,Väinämöinen,Aura,Finland/Savo-Karelia,Finnish,su,1,Other,1,1.0,1,-0.0,Other (1)
8,Väinämöinen,Brandval,Finland/Savo-Karelia,Finnish,su,1,Väinämöinen,1,1.0,1,-0.0,Väinämöinen (1)
8,Väinämöinen,Hankasalmi,Finland/Savo-Karelia,Finnish,su,1,Väinämöinen,1,1.0,1,-0.0,Väinämöinen (1)
8,Väinämöinen,Hietamäki,Ingria,Finnish,su,1,Väinämöinen,1,1.0,1,-0.0,Väinämöinen (1)
8,Väinämöinen,Huittinen,Finland/Savo-Karelia,Finnish,su,1,Väinämöinen,1,1.0,1,-0.0,Väinämöinen (1)
8,Väinämöinen,Ilmajoki,Finland/Savo-Karelia,Finnish,su,1,Väinämöinen,1,1.0,1,-0.0,Väinämöinen (1)
8,Väinämöinen,Jaakkima,Finland/Savo-Karelia,Finnish,su,1,Väinö,1,1.0,1,-0.0,Väinö (1)
8,Väinämöinen,Joensuu,Finland/Savo-Karelia,Finnish,su,1,Väinö,1,1.0,1,-0.0,Väinö (1)
8,Väinämöinen,Jämsä,Finland/Savo-Karelia,Finnish,su,1,Väinö,1,1.0,1,-0.0,Väinö (1)
8,Väinämöinen,Kangaslampi,Finland/Savo-Karelia,Finnish,su,1,Väinämöinen,1,1.0,1,-0.0,Väinämöinen (1)
8,Väinämöinen,Kangasniemi,Finland/Savo-Karelia,Finnish,su,1,Väinämöinen,1,1.0,1,-0.0,Väinämöinen (1)
8,Väinämöinen,Kauhava,Finland/Savo-Karelia,Finnish,su,1,Väinämöinen,1,1.0,1,-0.0,Väinämöinen (1)
8,Väinämöinen,Keitele,Finland/Savo-Karelia,Finnish,su,1,Väinämöinen,1,1.0,1,-0.0,Väinämöinen (1)
8,Väinämöinen,Keltto,Ingria,Finnish,su,1,Väinämöinen,1,1.0,1,-0.0,Väinämöinen (1)
8,Väinämöinen,Korpilahti,Finland/Savo-Karelia,Finnish,su,1,Väinämöinen,1,1.0,1,-0.0,Väinämöinen (1)
8,Väinämöinen,Kuopio,Finland/Savo-Karelia,Finnish,su,1,Väinämöinen,1,1.0,1,-0.0,Väinämöinen (1)
8,Väinämöinen,Kärsämäki,Finland/Savo-Karelia,Finnish,su,1,Väinämöinen,1,1.0,1,-0.0,Väinämöinen (1)
8,Väinämöinen,Köyliö,Finland/Savo-Karelia,Finnish,su,1,Väinämöinen,1,1.0,1,-0.0,Väinämöinen (1)
8,Väinämöinen,Lappee,Finland/Savo-Karelia,Finnish,su,1,Other,1,1.0,1,-0.0,Other (1)
8,Väinämöinen,Lekvattnet,Finland/Savo-Karelia,Finnish,su,1,Väinämöinen,1,1.0,1,-0.0,Väinämöinen (1)
8,Väinämöinen,Leppävirta,Finland/Savo-Karelia,Finnish,su,1,Väinämöinen,1,1.0,1,-0.0,Väinämöinen (1)
8,Väinämöinen,Miehikkälä,Finland/Savo-Karelia,Finnish,su,1,Väinö,1,1.0,1,-0.0,Väinö (1)
8,Väinämöinen,Muonio,Finland/Savo-Karelia,Finnish,su,1,Väinämöinen,1,1.0,1,-0.0,Väinämöinen (1)
8,Väinämöinen,Mäntyharju,Finland/Savo-Karelia,Finnish,su,1,Väinämöinen,1,1.0,1,-0.0,Väinämöinen (1)
8,Väinämöinen,Nivala,Finland/Savo-Karelia,Finnish,su,1,Väinämöinen,1,1.0,1,-0.0,Väinämöinen (1)
8,Väinämöinen,Pudasjärvi,Finland/Savo-Karelia,Finnish,su,1,Väinämöinen,1,1.0,1,-0.0,Väinämöinen (1)
8,Väinämöinen,Puolanka,Finland/Savo-Karelia,Finnish,su,1,Väinämöinen,1,1.0,1,-0.0,Väinämöinen (1)
8,Väinämöinen,Pyhäjärvi Vpl.,Finland/Savo-Karelia,Finnish,su,1,Väinämöinen,1,1.0,1,-0.0,Väinämöinen (1)
8,Väinämöinen,Pöide,Estonia core/west,North Estonian,viP,1,Other,1,1.0,1,-0.0,Other (1)
8,Väinämöinen,Rantasalmi,Finland/Savo-Karelia,Finnish,su,1,Väinämöinen,1,1.0,1,-0.0,Väinämöinen (1)
8,Väinämöinen,Rautalampi,Finland/Savo-Karelia,Finnish,su,1,Väinämöinen,1,1.0,1,-0.0,Väinämöinen (1)
8,Väinämöinen,Rautavaara,Finland/Savo-Karelia,Finnish,su,1,Other,1,1.0,1,-0.0,Other (1)
8,Väinämöinen,Ruskeala,East Karelia/Veps/Tver,Finnish,su,1,Väinämöinen,1,1.0,1,-0.0,Väinämöinen (1)
8,Väinämöinen,Räisälä,Finland/Savo-Karelia,Finnish,su,1,Väinämöinen,1,1.0,1,-0.0,Väinämöinen (1)
8,Väinämöinen,Rääpyvä,Ingria,Finnish,su,1,Väinämöinen,1,1.0,1,-0.0,Väinämöinen (1)
8,Väinämöinen,Savitaipale,Finland/Savo-Karelia,Finnish,su,1,Väinämöinen,1,1.0,1,-0.0,Väinämöinen (1)
8,Väinämöinen,Siilinjärvi,Finland/Savo-Karelia,Finnish,su,1,Väinämöinen,1,1.0,1,-0.0,Väinämöinen (1)
8,Väinämöinen,Sonkajärvi,Finland/Savo-Karelia,Finnish,su,1,Väinämöinen,1,1.0,1,-0.0,Väinämöinen (1)
8,Väinämöinen,Sulkava,Finland/Savo-Karelia,Finnish,su,1,Väinämöinen,1,1.0,1,-0.0,Väinämöinen (1)
8,Väinämöinen,Taivalkoski,Finland/Savo-Karelia,Finnish,su,1,Väinämöinen,1,1.0,1,-0.0,Väinämöinen (1)
8,Väinämöinen,Tartu-Maarja,Estonia core/west,South Estonian,viE,1,Väinö,1,1.0,1,-0.0,Väinö (1)
8,Väinämöinen,Tuusniemi,Finland/Savo-Karelia,Finnish,su,1,Väinämöinen,1,1.0,1,-0.0,Väinämöinen (1)
8,Väinämöinen,Uukuniemi,East Karelia/Veps/Tver,Finnish,su,1,Väinämöinen,1,1.0,1,-0.0,Väinämöinen (1)
8,Väinämöinen,Valkeasaari,Ingria,Finnish,su,1,Väinämöinen,1,1.0,1,-0.0,Väinämöinen (1)
8,Väinämöinen,Venjoki,Ingria,Finnish,su,1,Väinämöinen,1,1.0,1,-0.0,Väinämöinen (1)
8,Väinämöinen,Virolahti,Finland/Savo-Karelia,Finnish,su,1,Väinö,1,1.0,1,-0.0,Väinö (1)
8,Väinämöinen,Yli-Ii,Finland/Savo-Karelia,Finnish,su,1,Other,1,1.0,1,-0.0,Other (1)
9,Ilmarinen,Ilomantsi,Finland/Savo-Karelia,Finnish,su,64,Ilmarinen,64,1.0,1,-0.0,Ilmarinen (64)
9,Ilmarinen,Suojärvi,East Karelia/Veps/Tver,Finnish,su,37,Ilmarinen,34,0.918918918918919,2,0.2814,Ilmarinen (34); (as above) (3)
9,Ilmarinen,Kitee,Finland/Savo-Karelia,Finnish,su,14,Ilmarinen,12,0.8571428571428571,2,0.4101,Ilmarinen (12); Ilmari (2)
9,Ilmarinen,Suomussalmi,Finland/Savo-Karelia,Finnish,su,8,Ilmarinen,8,1.0,1,-0.0,Ilmarinen (8)
9,Ilmarinen,Vieljärvi,East Karelia/Veps/Tver,Livvi-Karelian,kaA,8,Ilmarinen,8,1.0,1,-0.0,Ilmarinen (8)
9,Ilmarinen,Korpiselkä,East Karelia/Veps/Tver,Karelian Proper,ka,7,Ilmarinen,7,1.0,1,-0.0,Ilmarinen (7)
9,Ilmarinen,Lempaala,Finland/Savo-Karelia,Finnish,su,7,Ilmarinen,6,0.8571428571428571,2,0.4101,Ilmarinen (6); Ilmari (1)
9,Ilmarinen,Soikkola,Ingria,Ingrian,in,7,Ilmarinen,7,1.0,1,-0.0,Ilmarinen (7)
9,Ilmarinen,Porajärvi,East Karelia/Veps/Tver,Karelian Proper,kaV,6,Ilmarinen,6,1.0,1,-0.0,Ilmarinen (6)
9,Ilmarinen,Suistamo,East Karelia/Veps/Tver,Livvi-Karelian,ka,6,Ilmarinen,6,1.0,1,-0.0,Ilmarinen (6)
9,Ilmarinen,Tulemajärvi,East Karelia/Veps/Tver,Livvi-Karelian,ka,6,Ilmarinen,5,0.8333333333333334,2,0.4506,Ilmarinen (5); Ilja (1)
9,Ilmarinen,Liissilä,Ingria,Finnish,su,5,Ilmari & isä,3,0.6,3,0.9503,Ilmari & isä (3); Ilmarinen (1); Ilmarinta (1)
9,Ilmarinen,Paltamo,Finland/Savo-Karelia,Finnish,su,5,Ilmarinen,5,1.0,1,-0.0,Ilmarinen (5)
9,Ilmarinen,Sortavala,East Karelia/Veps/Tver,Finnish,su,5,Ilmari,4,0.8,2,0.5004,Ilmari (4); Ilmarinen (1)
9,Ilmarinen,Tyrvää,Finland/Savo-Karelia,Finnish,su,5,Ilmarinen,5,1.0,1,-0.0,Ilmarinen (5)
9,Ilmarinen,Kesälahti,Finland/Savo-Karelia,Finnish,su,4,Ilmarinen,4,1.0,1,-0.0,Ilmarinen (4)
9,Ilmarinen,Kuhmoinen,Finland/Savo-Karelia,Finnish,su,4,Ilmari,2,0.5,2,0.6931,Ilmari (2); Ilmarinen (2)
9,Ilmarinen,Nilsiä,Finland/Savo-Karelia,Finnish,su,4,Ilmari,2,0.5,2,0.6931,Ilmari (2); Ilmarinen (2)
9,Ilmarinen,Toksova,Ingria,Finnish,su,4,Ilmarinen,4,1.0,1,-0.0,Ilmarinen (4)
9,Ilmarinen,Tyrö,Ingria,Finnish,su,4,Ilmarinen,3,0.75,2,0.5623,Ilmarinen (3); Ilmarinen & itkeä (1)
9,Ilmarinen,Venjoki,Ingria,Finnish,su,4,Ilmari,2,0.5,2,0.6931,Ilmari (2); Ilmarinen (2)
9,Ilmarinen,Juuka,Finland/Savo-Karelia,Finnish,su,3,Ilmari,2,0.6666666666666666,2,0.6365,Ilmari (2); Ilmarinen (1)
9,Ilmarinen,Juva,Finland/Savo-Karelia,Finnish,su,3,Ilmarinen,3,1.0,1,-0.0,Ilmarinen (3)
9,Ilmarinen,Kerimäki,Finland/Savo-Karelia,Finnish,su,3,Ilmarinen,3,1.0,1,-0.0,Ilmarinen (3)
9,Ilmarinen,Lapinlahti,Finland/Savo-Karelia,Finnish,su,3,Ilmarinen,3,1.0,1,-0.0,Ilmarinen (3)
9,Ilmarinen,Narvusi,Ingria,Ingrian,in,3,Ilmarinen,3,1.0,1,-0.0,Ilmarinen (3)
9,Ilmarinen,Pielavesi,Finland/Savo-Karelia,Finnish,su,3,Ilmarinen,2,0.6666666666666666,2,0.6365,Ilmarinen (2); Ilmari (1)
9,Ilmarinen,Pielisjärvi,Finland/Savo-Karelia,Finnish,su,3,Ilmarinen,3,1.0,1,-0.0,Ilmarinen (3)
9,Ilmarinen,Tohmajärvi,Finland/Savo-Karelia,Finnish,su,3,Ilmarinen,2,0.6666666666666666,2,0.6365,Ilmarinen (2); Ilmar (1)
9,Ilmarinen,Eno,Finland/Savo-Karelia,Finnish,su,2,Ilmarinen,2,1.0,1,-0.0,Ilmarinen (2)
9,Ilmarinen,Iisalmi,Finland/Savo-Karelia,Finnish,su,2,Ilmari,1,0.5,2,0.6931,Ilmari (1); Ilmarinen (1)
9,Ilmarinen,Impilahti,East Karelia/Veps/Tver,Livvi-Karelian,ka,2,Ilmari,1,0.5,2,0.6931,Ilmari (1); Ilmarinen (1)
9,Ilmarinen,Kontiolahti,Finland/Savo-Karelia,Finnish,su,2,Ilmarinen,2,1.0,1,-0.0,Ilmarinen (2)
9,Ilmarinen,Liperi,Finland/Savo-Karelia,Finnish,su,2,Ilmarinen,1,0.5,2,0.6931,Ilmarinen (1); Other (1)
9,Ilmarinen,Moloskovitsa,Ingria,Finnish,su,2,Ilmarinen,2,1.0,1,-0.0,Ilmarinen (2)
9,Ilmarinen,Nurmes,Finland/Savo-Karelia,Finnish,su,2,Ilmarinen,2,1.0,1,-0.0,Ilmarinen (2)
9,Ilmarinen,Säräisniemi,Finland/Savo-Karelia,Finnish,su,2,Ilmarinen,2,1.0,1,-0.0,Ilmarinen (2)
9,Ilmarinen,Varkaus,Finland/Savo-Karelia,Finnish,su,2,Ilmarinen,2,1.0,1,-0.0,Ilmarinen (2)
9,Ilmarinen,Brandval,Finland/Savo-Karelia,Finnish,su,1,Ilmarinen,1,1.0,1,-0.0,Ilmarinen (1)
9,Ilmarinen,Haapavesi,Finland/Savo-Karelia,Finnish,su,1,Ilmarinen,1,1.0,1,-0.0,Ilmarinen (1)
9,Ilmarinen,Heinävesi,Finland/Savo-Karelia,Finnish,su,1,Ilmarinen,1,1.0,1,-0.0,Ilmarinen (1)
9,Ilmarinen,Hietamäki,Ingria,Finnish,su,1,Ilmarinen,1,1.0,1,-0.0,Ilmarinen (1)
9,Ilmarinen,Hyrynsalmi,Finland/Savo-Karelia,Finnish,su,1,Ilmarinen,1,1.0,1,-0.0,Ilmarinen (1)
9,Ilmarinen,Joroinen,Finland/Savo-Karelia,Finnish,su,1,Ilmarinen,1,1.0,1,-0.0,Ilmarinen (1)
9,Ilmarinen,Kaavi,Finland/Savo-Karelia,Finnish,su,1,Ilmarinen,1,1.0,1,-0.0,Ilmarinen (1)
9,Ilmarinen,Kangaslampi,Finland/Savo-Karelia,Finnish,su,1,Ilmarinen,1,1.0,1,-0.0,Ilmarinen (1)
9,Ilmarinen,Kangasniemi,Finland/Savo-Karelia,Finnish,su,1,Ilmar,1,1.0,1,-0.0,Ilmar (1)
9,Ilmarinen,Kaprio,Ingria,Finnish,su,1,Ilmarinen,1,1.0,1,-0.0,Ilmarinen (1)
9,Ilmarinen,Keltto,Ingria,Finnish,su,1,Ilmarinen,1,1.0,1,-0.0,Ilmarinen (1)
9,Ilmarinen,Kiihtelysvaara,Finland/Savo-Karelia,Finnish,su,1,Ilmarinen,1,1.0,1,-0.0,Ilmarinen (1)
9,Ilmarinen,Koeru,Estonia core/west,North Estonian,viP,1,Ilmar,1,1.0,1,-0.0,Ilmar (1)
9,Ilmarinen,Kuusamo,Finland/Savo-Karelia,Finnish,su,1,Ilmari,1,1.0,1,-0.0,Ilmari (1)
9,Ilmarinen,Kuusjärvi,Finland/Savo-Karelia,Finnish,su,1,Ilmari,1,1.0,1,-0.0,Ilmari (1)
9,Ilmarinen,Metsäpirtti,Finland/Savo-Karelia,Finnish,su,1,Ilmarinen,1,1.0,1,-0.0,Ilmarinen (1)
9,Ilmarinen,Muuruvesi,Finland/Savo-Karelia,Finnish,su,1,Ilmarinen,1,1.0,1,-0.0,Ilmarinen (1)
9,Ilmarinen,Oulu,Finland/Savo-Karelia,Finnish,su,1,Ilmarinen,1,1.0,1,-0.0,Ilmarinen (1)
9,Ilmarinen,Pieksämäki,Finland/Savo-Karelia,Finnish,su,1,Ilmarinen,1,1.0,1,-0.0,Ilmarinen (1)
9,Ilmarinen,Rautavaara,Finland/Savo-Karelia,Finnish,su,1,Ilmari,1,1.0,1,-0.0,Ilmari (1)
9,Ilmarinen,Repola,East Karelia/Veps/Tver,Karelian Proper,kaV,1,Ilmarinen,1,1.0,1,-0.0,Ilmarinen (1)
9,Ilmarinen,Rovaniemi,Finland/Savo-Karelia,Finnish,su,1,Ilmarinen,1,1.0,1,-0.0,Ilmarinen (1)
9,Ilmarinen,Ruskeala,East Karelia/Veps/Tver,Finnish,su,1,Ilmarinen,1,1.0,1,-0.0,Ilmarinen (1)
9,Ilmarinen,Saarijärvi,Finland/Savo-Karelia,Finnish,su,1,Ilmarinen,1,1.0,1,-0.0,Ilmarinen (1)
9,Ilmarinen,Salmi,East Karelia/Veps/Tver,Livvi-Karelian,ka,1,Ilmarinen,1,1.0,1,-0.0,Ilmarinen (1)
9,Ilmarinen,Serepetta,Ingria,Finnish,su,1,Ilmarinen,1,1.0,1,-0.0,Ilmarinen (1)
9,Ilmarinen,Sotkamo,Finland/Savo-Karelia,Finnish,su,1,Ilmarinen,1,1.0,1,-0.0,Ilmarinen (1)
9,Ilmarinen,Sulkava,Finland/Savo-Karelia,Finnish,su,1,Ilmarinen,1,1.0,1,-0.0,Ilmarinen (1)
9,Ilmarinen,Suonenjoki,Finland/Savo-Karelia,Finnish,su,1,Ilmarinen,1,1.0,1,-0.0,Ilmarinen (1)
9,Ilmarinen,Säämäjärvi,East Karelia/Veps/Tver,Livvi-Karelian,ka,1,Ilmarinen,1,1.0,1,-0.0,Ilmarinen (1)
9,Ilmarinen,Uhtua,East Karelia/Veps/Tver,Karelian Proper,ka,1,Ilmarinen,1,1.0,1,-0.0,Ilmarinen (1)
9,Ilmarinen,Uukuniemi,East Karelia/Veps/Tver,Finnish,su,1,Ilmarinen,1,1.0,1,-0.0,Ilmarinen (1)
9,Ilmarinen,Vihanti,Finland/Savo-Karelia,Finnish,su,1,Ilmarinen,1,1.0,1,-0.0,Ilmarinen (1)
9,Ilmarinen,Vuokkiniemi,East Karelia/Veps/Tver,Karelian Proper,ka,1,Ilmarinen,1,1.0,1,-0.0,Ilmarinen (1)
9,Ilmarinen,Östmark,Finland/Savo-Karelia,Finnish,su,1,Ilmarinen,1,1.0,1,-0.0,Ilmarinen (1)
10,Lemminkäinen,Suistamo,East Karelia/Veps/Tver,Livvi-Karelian,ka,70,Lemminkäinen,46,0.6571428571428571,4,0.9368,Lemminkäinen (46); Lemmingäinen (16); Other (5); lemmingäistä (3)
10,Lemminkäinen,Repola,East Karelia/Veps/Tver,Karelian Proper,kaV,44,Lemminkäinen,28,0.6363636363636364,4,0.9382,Lemminkäinen (28); Lemmingäinen (11); Other (4); lemminkäinen (1)
10,Lemminkäinen,Porajärvi,East Karelia/Veps/Tver,Karelian Proper,kaV,30,Lemminkäinen,30,1.0,1,-0.0,Lemminkäinen (30)
10,Lemminkäinen,Ilomantsi,Finland/Savo-Karelia,Finnish,su,23,Lemminkäinen,23,1.0,1,-0.0,Lemminkäinen (23)
10,Lemminkäinen,Saarijärvi,Finland/Savo-Karelia,Finnish,su,18,Lemminkäinen,18,1.0,1,-0.0,Lemminkäinen (18)
10,Lemminkäinen,Kiimaisjärvi,East Karelia/Veps/Tver,Karelian Proper,ka,14,Lemminkäinen,14,1.0,1,-0.0,Lemminkäinen (14)
10,Lemminkäinen,Kuusalu,Estonia core/west,North Estonian,viP,13,Lemming,9,0.6923076923076923,2,0.6172,Lemming (9); Lemminkäinen (4)
10,Lemminkäinen,Soanlahti,East Karelia/Veps/Tver,Finnish,su,10,Lemminkäinen,6,0.6,2,0.673,Lemminkäinen (6); Lemminkäistä (4)
10,Lemminkäinen,Suojärvi,East Karelia/Veps/Tver,Finnish,su,10,Lemminkäinen,7,0.7,2,0.6109,Lemminkäinen (7); lempi & -inen (3)
10,Lemminkäinen,Kontokki,East Karelia/Veps/Tver,Karelian Proper,ka,8,Lemminkäinen,8,1.0,1,-0.0,Lemminkäinen (8)
10,Lemminkäinen,Jyskyjärvi,East Karelia/Veps/Tver,Karelian Proper,ka,6,Lemminkäinen,6,1.0,1,-0.0,Lemminkäinen (6)
10,Lemminkäinen,Vuokkiniemi,East Karelia/Veps/Tver,Karelian Proper,ka,5,Lemminkäinen,5,1.0,1,-0.0,Lemminkäinen (5)
10,Lemminkäinen,Uusikirkko Tl.,Finland/Savo-Karelia,Finnish,su,4,Lemminkäinen,2,0.5,2,0.6931,Lemminkäinen (2); Other (2)
10,Lemminkäinen,Korpiselkä,East Karelia/Veps/Tver,Karelian Proper,ka,3,Lemminkäinen,3,1.0,1,-0.0,Lemminkäinen (3)
10,Lemminkäinen,Nilsiä,Finland/Savo-Karelia,Finnish,su,3,lemminkäinen,3,1.0,1,-0.0,lemminkäinen (3)
10,Lemminkäinen,Somerniemi,Finland/Savo-Karelia,Finnish,su,3,sopuli,3,1.0,1,-0.0,sopuli (3)
10,Lemminkäinen,Askainen,Finland/Savo-Karelia,Finnish,su,2,Lemminkäinen,2,1.0,1,-0.0,Lemminkäinen (2)
10,Lemminkäinen,Haljala,Estonia core/west,North Estonian,viP,2,Lemming,2,1.0,1,-0.0,Lemming (2)
10,Lemminkäinen,Hankasalmi,Finland/Savo-Karelia,Finnish,su,2,sopuli,2,1.0,1,-0.0,sopuli (2)
10,Lemminkäinen,Lemu,Finland/Savo-Karelia,Finnish,su,2,Lemminkäinen,2,1.0,1,-0.0,Lemminkäinen (2)
10,Lemminkäinen,Lokalahti,Finland/Savo-Karelia,Finnish,su,2,Lemminkäinen,2,1.0,1,-0.0,Lemminkäinen (2)
10,Lemminkäinen,Muonio,Finland/Savo-Karelia,Finnish,su,2,sopuli,2,1.0,1,-0.0,sopuli (2)
10,Lemminkäinen,Rukajärvi,East Karelia/Veps/Tver,Karelian Proper,ka,2,Other,2,1.0,1,-0.0,Other (2)
10,Lemminkäinen,Taivassalo,Finland/Savo-Karelia,Finnish,su,2,Lemminkäinen,1,0.5,2,0.6931,Lemminkäinen (1); lemminkäinen (1)
10,Lemminkäinen,Kesälahti,Finland/Savo-Karelia,Finnish,su,1,Lemminkäinen,1,1.0,1,-0.0,Lemminkäinen (1)
10,Lemminkäinen,Kodavere,Estonia core/west,North Estonian,viP,1,Lemming,1,1.0,1,-0.0,Lemming (1)
10,Lemminkäinen,Lahti,Finland/Savo-Karelia,Finnish,su,1,sopuli,1,1.0,1,-0.0,sopuli (1)
10,Lemminkäinen,Mynämäki,Finland/Savo-Karelia,Finnish,su,1,Lemminkäinen,1,1.0,1,-0.0,Lemminkäinen (1)
10,Lemminkäinen,Pistojärvi,East Karelia/Veps/Tver,Karelian Proper,ka,1,Lemminkäinen,1,1.0,1,-0.0,Lemminkäinen (1)
10,Lemminkäinen,Raisio,Finland/Savo-Karelia,Finnish,su,1,Lemminkäinen,1,1.0,1,-0.0,Lemminkäinen (1)
10,Lemminkäinen,Salmi,East Karelia/Veps/Tver,Livvi-Karelian,ka,1,Lemminkäinen,1,1.0,1,-0.0,Lemminkäinen (1)
10,Lemminkäinen,Tulemajärvi,East Karelia/Veps/Tver,Livvi-Karelian,ka,1,Lemminkäinen,1,1.0,1,-0.0,Lemminkäinen (1)
10,Lemminkäinen,Uhtua,East Karelia/Veps/Tver,Karelian Proper,ka,1,Lemminkäinen,1,1.0,1,-0.0,Lemminkäinen (1)
10,Lemminkäinen,Vuole,Ingria,Finnish,su,1,Lemminkäinen,1,1.0,1,-0.0,Lemminkäinen (1)
