feature_rank_by_size,semantic_name_group,english_variant,area_name,macroRegion,langLabel,langCode,standard_lemma,mentions,poems,top_local_lemmas,top_surface_forms,top_word_in_english
1,Mary / Maria / Maarja / Mari,Maija/Maie,Alastaro,Finland/Savo-Karelia,Finnish,su,Maija,2,1,Maija (1); Maijal (1),Maijaa (1); Maijalla (1),Maija (1); on Maija (1)
1,Mary / Maria / Maarja / Mari,Maija/Maie,Alatornio,Finland/Savo-Karelia,Finnish,su,Maija,3,3,Maija (3),Maijaa (2); Maijan (1),Maija (2); Maija's (1)
1,Mary / Maria / Maarja / Mari,Maija/Maie,Alatornio,Finland/Savo-Karelia,Finnish,su,Lassinmaija,1,1,Lassinmaija (1),Lassinmaija (1),Lassi's Maija (1)
1,Mary / Maria / Maarja / Mari,Mary,Alatornio,Finland/Savo-Karelia,Finnish,su,Maria,1,1,Marja (1),Marja (1),Mary (1)
1,Mary / Maria / Maarja / Mari,Maija/Maie,Alavus,Finland/Savo-Karelia,Finnish,su,Maija,2,1,Maija (2),Maijalla (1); Maija (1),at Maija's (1); Maija (1)
1,Mary / Maria / Maarja / Mari,Mary,Alavus,Finland/Savo-Karelia,Finnish,su,Maija,1,1,Maija (1),Maija (1),Mary (1)
1,Mary / Maria / Maarja / Mari,Mary,Alavus,Finland/Savo-Karelia,Finnish,su,Maria,1,1,Marian (1),Marian (1),Mary's (1)
1,Mary / Maria / Maarja / Mari,Maija/Maie,Ambla,Estonia core/west,North Estonian,viP,Maie,5,3,Maie (5),Maie (5),Maie (4); Maie's (1)
1,Mary / Maria / Maarja / Mari,Mary,Ambla,Estonia core/west,North Estonian,viP,Maarja,3,3,Maarja (2); maarja (1),Maarja (2); Maarjasse (1),Mary's (2); to Mary (1)
1,Mary / Maria / Maarja / Mari,Mary,Ambla,Estonia core/west,North Estonian,viP,Mari,2,1,Mari (2),Mari (2),Mary (2)
1,Mary / Maria / Maarja / Mari,Mary,Ambla,Estonia core/west,North Estonian,viP,Maria,2,2,Maria (2),Maria (1); Marial (1),Mary (1); to Mary (1)
1,Mary / Maria / Maarja / Mari,Mari,Ambla,Estonia core/west,North Estonian,viP,Mari,1,1,Maride (1),Maride (1),Mari's (1)
1,Mary / Maria / Maarja / Mari,Mari,Ambla,Estonia core/west,North Estonian,viP,Marike,1,1,Marikene (1),Marikene (1),little Mari (1)
1,Mary / Maria / Maarja / Mari,Maija/Maie,Asikkala,Finland/Savo-Karelia,Finnish,su,Maija,8,8,Maija (7); maija (1),Maija (6); Maijaa (1); Maijan (1),Maija (7); Maija's (1)
1,Mary / Maria / Maarja / Mari,Mary,Asikkala,Finland/Savo-Karelia,Finnish,su,Maaria,1,1,Maaria (1),Maarian (1),Mary's (1)
1,Mary / Maria / Maarja / Mari,Mary,Asikkala,Finland/Savo-Karelia,Finnish,su,Maria,1,1,Maria (1),Maria (1),Mary (1)
1,Mary / Maria / Maarja / Mari,Mari,Audru,Estonia core/west,North Estonian,viP,Mari,11,2,Mari (11),Marit (7); Mari (4),Mari (obj.) (6); Mari (5)
1,Mary / Maria / Maarja / Mari,Maija/Maie,Audru,Estonia core/west,North Estonian,viP,Maie,3,1,Maie (3),Maie (3),Maie (3)
1,Mary / Maria / Maarja / Mari,Mari,Audru,Estonia core/west,North Estonian,viP,marikene,1,1,marikene (1),marikene (1),little Mari (1)
1,Mary / Maria / Maarja / Mari,Mary,Audru,Estonia core/west,North Estonian,viP,Maarja,1,1,maarja (1),Maarjal (1),Mary (1)
1,Mary / Maria / Maarja / Mari,Mary,Brandval,Finland/Savo-Karelia,Finnish,su,Maria,2,1,Maaria (2),Maria (1); Marian (1),Mary (1); Mary's (1)
1,Mary / Maria / Maarja / Mari,Maija/Maie,Elimäki,Finland/Savo-Karelia,Finnish,su,Anna-Maija,1,1,Anna-Maija (1),Anna-Maija (1),Anna-Maija (1)
1,Mary / Maria / Maarja / Mari,Mary,Emmaste,Estonia core/west,North Estonian,viP,Maarja,1,1,Maarja (1),Maarja (1),Mary's (1)
1,Mary / Maria / Maarja / Mari,Mari,Eno,Finland/Savo-Karelia,Finnish,su,Mari,1,1,Mari (1),Mari (1),Mari (1)
1,Mary / Maria / Maarja / Mari,Mary,Eno,Finland/Savo-Karelia,Finnish,su,Mari,1,1,Mari (1),Mari (1),Mary (1)
1,Mary / Maria / Maarja / Mari,Maija/Maie,Enontekiö,Finland/Savo-Karelia,Finnish,su,Maija,1,1,Maija (1),Maijan (1),Maija's (1)
1,Mary / Maria / Maarja / Mari,Maija/Maie,Eräjärvi,Finland/Savo-Karelia,Finnish,su,Maija,1,1,Maija (1),Maija (1),Maija (1)
1,Mary / Maria / Maarja / Mari,Mary,Eräjärvi,Finland/Savo-Karelia,Finnish,su,Maria,1,1,Maaria (1),Maaria (1),Mary (1)
1,Mary / Maria / Maarja / Mari,Maija/Maie,Eura,Finland/Savo-Karelia,Finnish,su,varesmaija,1,1,varesmaija (1),varesmaija (1),Crow-Maija (1)
1,Mary / Maria / Maarja / Mari,Maija/Maie,Evijärvi,Finland/Savo-Karelia,Finnish,su,Maija,1,1,Maija (1),Maija (1),Maija (1)
1,Mary / Maria / Maarja / Mari,Mary,Evijärvi,Finland/Savo-Karelia,Finnish,su,Juurikka-Maija,1,1,Juurikka-Maija (1),Juurikka-Maija (1),Root-Mary (1)
1,Mary / Maria / Maarja / Mari,Mary,Forssa,Finland/Savo-Karelia,Finnish,su,Maaria,1,1,Maaria (1),Maarian (1),Mary's (1)
1,Mary / Maria / Maarja / Mari,Maria/Maaria,Grue Finnskog,Finland/Savo-Karelia,Finnish,su,Maria,1,1,Moari (1),Mariaa (1),Maria (1)
1,Mary / Maria / Maarja / Mari,Maria/Maaria,Hailuoto,Finland/Savo-Karelia,Finnish,su,Maaria,2,1,Maaria (2),Maariaan (1); Maariasta (1),to Maaria (1); from Maaria (1)
1,Mary / Maria / Maarja / Mari,Maija/Maie,Hailuoto,Finland/Savo-Karelia,Finnish,su,maijamaa,1,1,maijamaa (1),Maijamaa (1),Maija-land (1)
1,Mary / Maria / Maarja / Mari,Mary,Hailuoto,Finland/Savo-Karelia,Finnish,su,Maria,1,1,Mariaja (1),Mariaja (1),Mary (1)
1,Mary / Maria / Maarja / Mari,Maija/Maie,Halikko,Finland/Savo-Karelia,Finnish,su,Maija,2,2,Maija (2),Maijan (1); Maija (1),Maija's (1); Maija (1)
1,Mary / Maria / Maarja / Mari,Maija/Maie,Halikko,Finland/Savo-Karelia,Finnish,su,Helsa & Maija,1,1,helssa & maija (1),Helssan-Maija (1),Helsa's Maija (1)
1,Mary / Maria / Maarja / Mari,Maija/Maie,Halikko,Finland/Savo-Karelia,Finnish,su,Helssa & Maija,1,1,Helssa & Maija (1),Helssa-Maija (1),Helsa's Maija (1)
1,Mary / Maria / Maarja / Mari,Maija/Maie,Halikko,Finland/Savo-Karelia,Finnish,su,kampela & Maija,1,1,kamparla & Maija (1),Kamparla-Maija (1),Flounder Maija (1)
1,Mary / Maria / Maarja / Mari,Mari,Haljala,Estonia core/west,North Estonian,viP,Mari,17,10,Mari (12); Maie (4); mari (1),Mari (13); Maie (4),Mari (13); little Mari (4)
1,Mary / Maria / Maarja / Mari,Maija/Maie,Haljala,Estonia core/west,North Estonian,viP,Maie,13,8,Maie (12); mai (1),Maie (10); Maiel (2); Maiele (1),Maie (11); to Maie (1); at Maie's (1)
1,Mary / Maria / Maarja / Mari,Mary,Haljala,Estonia core/west,North Estonian,viP,Maarja,8,6,Maarja (7); Mariad (1),Maarja (7); Maarjat (1),Mary's (6); Mary (2)
1,Mary / Maria / Maarja / Mari,Mary,Haljala,Estonia core/west,North Estonian,viP,Mari,4,4,Mari (4),Mari (3); Marijalle (1),Mary (4)
1,Mary / Maria / Maarja / Mari,Maija/Maie,Haljala,Estonia core/west,North Estonian,viP,Mai,2,1,Mai (2),Maie (2),Maie's (1); Maie (1)
1,Mary / Maria / Maarja / Mari,Mary,Haljala,Estonia core/west,North Estonian,viP,Maria,2,2,Maria (2),Maria (2),Mary (1); Mary's (1)
1,Mary / Maria / Maarja / Mari,Mari,Haljala,Estonia core/west,North Estonian,viP,Marikene,1,1,Marikene (1),Marikene (1),little Mari (1)
1,Mary / Maria / Maarja / Mari,Mary,Halliste,Estonia core/west,South Estonian,viE,Maarja,18,15,Maarja (12); Maari (3); maari (2); maarja (1),Maarja (14); Maari (3); Maarilt (1),Mary (13); Mary's (4); from Mary (1)
1,Mary / Maria / Maarja / Mari,Mari,Halliste,Estonia core/west,South Estonian,viE,Mari,7,7,Mari (7),Mari (7),Mari (7)
1,Mary / Maria / Maarja / Mari,Maija/Maie,Halliste,Estonia core/west,South Estonian,viE,Maie,3,2,Maie (3),Maie (3),Maie (3)
1,Mary / Maria / Maarja / Mari,Maria/Maaria,Halliste,Estonia core/west,South Estonian,viE,Maari,3,1,Maari (3),Maari (2); Maarile (1),Maarja (2); to Maarja (1)
1,Mary / Maria / Maarja / Mari,Mari,Halliste,Estonia core/west,South Estonian,viE,Maarja,2,1,maari (2),Maari (2),Maari (2)
1,Mary / Maria / Maarja / Mari,Maria/Maaria,Halliste,Estonia core/west,South Estonian,viE,Maarja,2,1,Maarja (2),Maarjalt (1); Maarja (1),from Maarja (1); Maarja's (1)
1,Mary / Maria / Maarja / Mari,Mary,Halliste,Estonia core/west,South Estonian,viE,Maaria,2,1,Maaria (2),Maaria (2),Mary (2)
1,Mary / Maria / Maarja / Mari,Mary,Halliste,Estonia core/west,South Estonian,viE,Mari,2,2,Mari (2),Mari (2),Mary (2)
1,Mary / Maria / Maarja / Mari,Maija/Maie,Halliste,Estonia core/west,South Estonian,viE,mai,1,1,maie (diminutive) (1),maiekesta (1),Maie (1)
1,Mary / Maria / Maarja / Mari,Maija/Maie,Halliste,Estonia core/west,South Estonian,viE,maiekene,1,1,maiekene (1),Maiekesta (1),Maie (1)
1,Mary / Maria / Maarja / Mari,Mary,Halliste,Estonia core/west,South Estonian,viE,Maali,1,1,Maari (1),Maali (1),Mary (1)
1,Mary / Maria / Maarja / Mari,Mary,Halliste,Estonia core/west,South Estonian,viE,Maria,1,1,maria (1),Maria (1),Mary (1)
1,Mary / Maria / Maarja / Mari,Mary,Halliste,Estonia core/west,South Estonian,viE,Marike,1,1,Marike (1),Marike (1),Little Mary (1)
1,Mary / Maria / Maarja / Mari,Mary,Halliste,Estonia core/west,South Estonian,viE,maarjeit,1,1,maarieinu (1),maarjeidu (1),Mary's maiden (1)
1,Mary / Maria / Maarja / Mari,Maija/Maie,Halsua,Finland/Savo-Karelia,Finnish,su,mustamaija,1,1,mustamaija (1),Musta-Maija (1),Black-Maija (1)
1,Mary / Maria / Maarja / Mari,Mari,Hanila,Estonia core/west,North Estonian,viP,Mari,1,1,Mari (1),Maril (1),on Mari (1)
1,Mary / Maria / Maarja / Mari,Mary,Hanila,Estonia core/west,North Estonian,viP,Maarja,1,1,Maarja (1),Maarja (1),Mary's (1)
1,Mary / Maria / Maarja / Mari,Mary,Hanila,Estonia core/west,North Estonian,viP,Mari,1,1,Mari (1),Mari (1),Mary (1)
1,Mary / Maria / Maarja / Mari,Mary,Hanila,Estonia core/west,North Estonian,viP,Maria,1,1,Maria (1),Maria (1),Mary (1)
1,Mary / Maria / Maarja / Mari,Mari,Hargla,South Estonia/Seto,South Estonian,viE,Mari,2,1,mari (2),Mari (2),Mari (2)
1,Mary / Maria / Maarja / Mari,Mary,Hargla,South Estonia/Seto,South Estonian,viE,Mari,1,1,Mari (1),Mari (1),Mary (1)
1,Mary / Maria / Maarja / Mari,Mari,Harju-Jaani,Estonia core/west,North Estonian,viP,Mari,13,7,Mari (13),Mari (10); Marit (3),Mari (11); Mari (obj) (2)
1,Mary / Maria / Maarja / Mari,Mary,Harju-Jaani,Estonia core/west,North Estonian,viP,Maarja,2,1,Maarja (2),Maarjale (1); Maarja (1),to Mary (1); Mary's (1)
1,Mary / Maria / Maarja / Mari,Mary,Harju-Jaani,Estonia core/west,North Estonian,viP,Mari,2,2,Mari (2),Mari (2),Mary (2)
1,Mary / Maria / Maarja / Mari,Maija/Maie,Harju-Jaani,Estonia core/west,North Estonian,viP,Maie,1,1,Maiel (1),Maiel (1),at Maie's (1)
1,Mary / Maria / Maarja / Mari,Maria/Maaria,Harju-Jaani,Estonia core/west,North Estonian,viP,Maria,1,1,Maria (1),Maria (1),Maria (1)
1,Mary / Maria / Maarja / Mari,Mary,Harju-Jaani,Estonia core/west,North Estonian,viP,Maaria,1,1,Maaria (1),Maaria (1),Mary (1)
1,Mary / Maria / Maarja / Mari,Mary,Harju-Jaani,Estonia core/west,North Estonian,viP,Maria,1,1,Maria (1),Maria (1),Mary (1)
1,Mary / Maria / Maarja / Mari,Mari,Harju-Madise,Estonia core/west,North Estonian,viP,Mari,2,1,Mari (2),Mari (1); Marit (1),Mari (2)
1,Mary / Maria / Maarja / Mari,Mari,Harju-Madise,Estonia core/west,North Estonian,viP,Marike,1,1,Marikene (1),Marikene (1),little Mari (1)
1,Mary / Maria / Maarja / Mari,Maria/Maaria,Harlu,East Karelia/Veps/Tver,Finnish,su,Maria,1,1,Maria (1),Maria (1),Maria (1)
1,Mary / Maria / Maarja / Mari,Mary,Harlu,East Karelia/Veps/Tver,Finnish,su,Maria,1,1,Maria (1),Marian (1),Mary's (1)
1,Mary / Maria / Maarja / Mari,Maija/Maie,Hartola,Finland/Savo-Karelia,Finnish,su,mustamaija,1,1,mustamaija (1),mustamaija (1),Black Maija (1)
1,Mary / Maria / Maarja / Mari,Maija/Maie,Hattula,Finland/Savo-Karelia,Finnish,su,Maija,6,5,Maija (5); Maijan (1),Maija (5); Maijan (1),Maija (5); Maija's (1)
1,Mary / Maria / Maarja / Mari,Mary,Hattula,Finland/Savo-Karelia,Finnish,su,Mari,2,1,Marii (2),Marii (2),Mary (2)
1,Mary / Maria / Maarja / Mari,Maija/Maie,Hattula,Finland/Savo-Karelia,Finnish,su,Helsanmaija,1,1,Helssan-Maija (1),Helssan-Maija (1),Helsa's-Maija (1)
1,Mary / Maria / Maarja / Mari,Maija/Maie,Hattula,Finland/Savo-Karelia,Finnish,su,Helsinki & Maija,1,1,Helsa & Maija (1),Helsa-Maija (1),Helsinki-Maija (1)
1,Mary / Maria / Maarja / Mari,Maija/Maie,Hattula,Finland/Savo-Karelia,Finnish,su,kuppari & Maija,1,1,kuppari & Maija (1),Kuppari-Maija (1),Coppersmith-Maija (1)
1,Mary / Maria / Maarja / Mari,Maria/Maaria,Hattula,Finland/Savo-Karelia,Finnish,su,Maria,1,1,Maria (1),Maria (1),Maria (1)
1,Mary / Maria / Maarja / Mari,Mary,Hattula,Finland/Savo-Karelia,Finnish,su,Maaria,1,1,Maaria (1),Maaria (1),Mary (1)
1,Mary / Maria / Maarja / Mari,Mary,Hauho,Finland/Savo-Karelia,Finnish,su,Maaria,2,2,Maaria (2),Maaria (2),Mary (2)
1,Mary / Maria / Maarja / Mari,Maija/Maie,Hauho,Finland/Savo-Karelia,Finnish,su,Maija,1,1,Maija (1),Maijaa (1),Maija (1)
1,Mary / Maria / Maarja / Mari,Maria/Maaria,Hauho,Finland/Savo-Karelia,Finnish,su,Maaria,1,1,Maaria (1),Maaria (1),Maria (1)
1,Mary / Maria / Maarja / Mari,Mary,Hauho,Finland/Savo-Karelia,Finnish,su,Maria,1,1,Maria (1),Maria (1),Mary (1)
1,Mary / Maria / Maarja / Mari,Mary,Haukivuori,Finland/Savo-Karelia,Finnish,su,Maria,1,1,Maria (1),Maria (1),Mary (1)
1,Mary / Maria / Maarja / Mari,Maija/Maie,Hausjärvi,Finland/Savo-Karelia,Outside selected Finnic areas,ru,Maija,3,3,Maija (3),Maija (2); Maijaa (1),Maija (3)
1,Mary / Maria / Maarja / Mari,Maija/Maie,Hausjärvi,Finland/Savo-Karelia,Outside selected Finnic areas,ru,Helssa-Maija,1,1,Helssa-Maija (1),Helssa-Maija (1),Helsa's Maija (1)
1,Mary / Maria / Maarja / Mari,Maija/Maie,Hausjärvi,Finland/Savo-Karelia,Outside selected Finnic areas,ru,ahkeramaija,1,1,ahkelimaija (1),Ahkeli-Maija (1),Diligent-Maija (1)
1,Mary / Maria / Maarja / Mari,Mary,Hausjärvi,Finland/Savo-Karelia,Outside selected Finnic areas,ru,Mari,1,1,Mari (1),Mari (1),Mary (1)
1,Mary / Maria / Maarja / Mari,Mari,Heinjoki,Finland/Savo-Karelia,Finnish,su,Mari,1,1,Mari (1),Marin (1),Mari (1)
1,Mary / Maria / Maarja / Mari,Mary,Helme,Estonia core/west,South Estonian,viE,Maarja,30,18,Maarja (14); Maari (9); maari (4); maarja (3),Maarja (25); Maari (4); Maali (1),Mary (18); Mary's (12)
1,Mary / Maria / Maarja / Mari,Maija/Maie,Helme,Estonia core/west,South Estonian,viE,Maie,10,3,Maie (8); Mai (2),Maie (10),Maie (9); Maie's (1)
1,Mary / Maria / Maarja / Mari,Mari,Helme,Estonia core/west,South Estonian,viE,Mari,4,3,Mari (3); Marida (1),Mari (2); Marilt (1); Marida (1),Mari (2); from Mari (1); Mari (obj.) (1)
1,Mary / Maria / Maarja / Mari,Maija/Maie,Helme,Estonia core/west,South Estonian,viE,Mai,1,1,Maiene (1),Maiene (1),Maie (1)
1,Mary / Maria / Maarja / Mari,Maija/Maie,Helme,Estonia core/west,South Estonian,viE,maie+ke,1,1,maie+kene (1),maiekene (1),little Maie (1)
1,Mary / Maria / Maarja / Mari,Mary,Helme,Estonia core/west,South Estonian,viE,Mari,1,1,Maari (1),Mari (1),Mary (1)
1,Mary / Maria / Maarja / Mari,Mary,Helme,Estonia core/west,South Estonian,viE,mari,1,1,mari (1),Mari (1),Mary (1)
1,Mary / Maria / Maarja / Mari,Maija/Maie,Hietamäki,Ingria,Finnish,su,Maija,1,1,Maija (1),Maija (1),Maija (1)
1,Mary / Maria / Maarja / Mari,Maija/Maie,Hietamäki,Ingria,Finnish,su,Maijukka,1,1,Maijukka (1),Maijukka (1),little Maija (1)
1,Mary / Maria / Maarja / Mari,Mari,Hietamäki,Ingria,Finnish,su,Mari & sisar,1,1,marsisosi (1),Marisisosi (1),your sister Mari (1)
1,Mary / Maria / Maarja / Mari,Mary,Hiitola,Finland/Savo-Karelia,Finnish,su,Maaria,1,1,Maaria (1),Maaria (1),Mary (1)
1,Mary / Maria / Maarja / Mari,Mary,Hirvensalmi,Finland/Savo-Karelia,Finnish,su,Maria,1,1,Maria (1),Maria (1),Mary (1)
1,Mary / Maria / Maarja / Mari,Maija/Maie,Hollola,Finland/Savo-Karelia,Finnish,su,Maija,5,4,Maija (5),Maija (4); Maijaa (1),Maija (5)
1,Mary / Maria / Maarja / Mari,Mary,Hollola,Finland/Savo-Karelia,Finnish,su,Maaria,1,1,Maaria (1),Maaria (1),Mary (1)
1,Mary / Maria / Maarja / Mari,Maria/Maaria,Huittinen,Finland/Savo-Karelia,Finnish,su,Maaria,4,2,Maaria (4),Maariaan (2); Maariasta (2),from Maaria (2); to Maaria (1); into Maaria (1)
1,Mary / Maria / Maarja / Mari,Maria/Maaria,Huittinen,Finland/Savo-Karelia,Finnish,su,Mittu-Maaria,2,1,Mittu-Maaria (2),Mittu-Maariaan (1); Mittu-Maariasta (1),into Mittu-Maaria (1); from Mittu-Maaria (1)
1,Mary / Maria / Maarja / Mari,Mary,Huittinen,Finland/Savo-Karelia,Finnish,su,Maaria,1,1,Maaria(n) (1),Maarian (1),Mary's (1)
1,Mary / Maria / Maarja / Mari,Mary,Huittinen,Finland/Savo-Karelia,Finnish,su,Maria,1,1,Maria (1),Maria (1),Mary (1)
1,Mary / Maria / Maarja / Mari,Mary,Humppila,Finland/Savo-Karelia,Finnish,su,Maria,5,3,Maaria (4); Maria (1),Maaria (4); Maria (1),Mary (5)
1,Mary / Maria / Maarja / Mari,Maija/Maie,Humppila,Finland/Savo-Karelia,Finnish,su,Maija,1,1,maija (1),Maija (1),Maija (1)
1,Mary / Maria / Maarja / Mari,Maija/Maie,Humppila,Finland/Savo-Karelia,Finnish,su,akkuna & Maija,1,1,akkuna & Maija (1),Akkuna-Maija (1),Window-Maija (1)
1,Mary / Maria / Maarja / Mari,Maija/Maie,Hyvinkää,Finland/Savo-Karelia,Finnish,su,Maija,3,3,Maija (3),Maija (2); Maijaa (1),Maija (3)
1,Mary / Maria / Maarja / Mari,Mary,Hyvinkää,Finland/Savo-Karelia,Finnish,su,Maaria,1,1,Maaria (1),Maaria (1),Mary (1)
1,Mary / Maria / Maarja / Mari,Maija/Maie,Hämeenkyrö,Finland/Savo-Karelia,Finnish,su,Maija,3,2,Maija (3),Maija (2); Maijan (1),Maija (2); Maija's (1)
1,Mary / Maria / Maarja / Mari,Maija/Maie,Hämeenlinna,Finland/Savo-Karelia,Finnish,su,Maija,3,2,Maija (3),Maija (3),Maija (3)
1,Mary / Maria / Maarja / Mari,Mary,Hämeenlinna,Finland/Savo-Karelia,Finnish,su,Maaria,2,1,Maaria (2),Maariaan (1); Maariasta (1),to Mary (1); from Mary (1)
1,Mary / Maria / Maarja / Mari,Mari,Häädemeeste,Estonia core/west,North Estonian,viP,Mari,10,6,Mari (9); marit (1),Mari (9); Marit (1),Mari (9); Mari (name) (1)
1,Mary / Maria / Maarja / Mari,Mary,Häädemeeste,Estonia core/west,North Estonian,viP,Mari,2,1,mari (2),Mari (2),Mary (2)
1,Mary / Maria / Maarja / Mari,Mary,Häädemeeste,Estonia core/west,North Estonian,viP,marikene,2,1,marikest (2),Marikese (2),little Mary (2)
1,Mary / Maria / Maarja / Mari,Maija/Maie,Häädemeeste,Estonia core/west,North Estonian,viP,Maie,1,1,Maie (1),Maie (1),Maie (1)
1,Mary / Maria / Maarja / Mari,Mari,Häädemeeste,Estonia core/west,North Estonian,viP,mari,1,1,mari (1),marikene (1),little Mari (1)
1,Mary / Maria / Maarja / Mari,Mary,Häädemeeste,Estonia core/west,North Estonian,viP,Maarja,1,1,Maarja (1),Maarja (1),Mary (1)
1,Mary / Maria / Maarja / Mari,Mari,Iisaku,Estonia core/west,North Estonian,viP,Mari,5,4,Mari (5),Mari (3); Maril (1); Marile (1),Mari (3); on Mari (1); to-Mari (1)
1,Mary / Maria / Maarja / Mari,Maija/Maie,Iisaku,Estonia core/west,North Estonian,viP,Maie,3,2,Maie (3),Maie (2); Maied (1),Maie (2); Maie (name) (1)
1,Mary / Maria / Maarja / Mari,Mary,Iisaku,Estonia core/west,North Estonian,viP,Maria,2,1,Maria (2),Maria (2),Mary (2)
1,Mary / Maria / Maarja / Mari,Mary,Iisaku,Estonia core/west,North Estonian,viP,Mari,1,1,Mari (1),Mari (1),Mary (1)
1,Mary / Maria / Maarja / Mari,Mary,Iisalmi,Finland/Savo-Karelia,Finnish,su,Maria,7,6,Maria (4); Maaria (3),Maria (6); Maaria (1),Mary (7)
1,Mary / Maria / Maarja / Mari,Maria/Maaria,Iisalmi,Finland/Savo-Karelia,Finnish,su,Maria,1,1,Moarija (1),Marian (1),Maria's (1)
1,Mary / Maria / Maarja / Mari,Mary,Iisalmi,Finland/Savo-Karelia,Finnish,su,Maaria,1,1,Maaria (1),Maaria (1),Mary (1)
1,Mary / Maria / Maarja / Mari,Maija/Maie,Iitti,Finland/Savo-Karelia,Finnish,su,Maija,1,1,Maija (1),Maijaa (1),Maija (obj.) (1)
1,Mary / Maria / Maarja / Mari,Mary,Ilmajoki,Finland/Savo-Karelia,Finnish,su,Maria,2,2,Maria (2),Maria (2),Mary (2)
1,Mary / Maria / Maarja / Mari,Mary,Ilomantsi,Finland/Savo-Karelia,Finnish,su,Maria,15,13,Maria (7); Maaria (3); Moarie (1); muari (1); Mari (1); Moarii (1),Maria (6); Maaria (3); Marian (2); Mari (1); Maarialta (1); Moarii (1),Mary (12); Mary's (2); from Mary (1)
1,Mary / Maria / Maarja / Mari,Mary,Ilomantsi,Finland/Savo-Karelia,Finnish,su,Maaria,10,9,Maaria (9); muarii (1),Maaria (9); Maariata (1),Mary (10)
1,Mary / Maria / Maarja / Mari,Maija/Maie,Ilomantsi,Finland/Savo-Karelia,Finnish,su,Maija,3,3,Maija (3),Maija (3),Maija (3)
1,Mary / Maria / Maarja / Mari,Mary,Ilomantsi,Finland/Savo-Karelia,Finnish,su,Maarian,2,1,Maarian (2),Maarian (2),Mary's (2)
1,Mary / Maria / Maarja / Mari,Maria/Maaria,Ilomantsi,Finland/Savo-Karelia,Finnish,su,Maria,1,1,Muaria (1),Maria (1),Maria (1)
1,Mary / Maria / Maarja / Mari,Mary,Impilahti,East Karelia/Veps/Tver,Livvi-Karelian,ka,Maria,9,8,Maria (4); maria (2); muarii (1); maarie (1); Maarie (1),Maria (5); Maaria (2); Muaria (1); Marialta (1),Mary (8); from Mary (1)
1,Mary / Maria / Maarja / Mari,Maria/Maaria,Impilahti,East Karelia/Veps/Tver,Livvi-Karelian,ka,Maria,4,3,Moarija (1); marialta (1); maria (1); Maria (1),Maria (3); Marialta (1),Maria (3); from Maria (1)
1,Mary / Maria / Maarja / Mari,Mary,Impilahti,East Karelia/Veps/Tver,Livvi-Karelian,ka,Maaria,2,2,Maaria (1); Moarii (1),Maaria (2),Mary (2)
1,Mary / Maria / Maarja / Mari,Mary,Impilahti,East Karelia/Veps/Tver,Livvi-Karelian,ka,maarianne,1,1,maariainen (1),Maariainen (1),Earth-Mary (1)
1,Mary / Maria / Maarja / Mari,Mari,Inkere,Ingria,Finnish,su,Mari,1,1,Mari (1),Mari (1),Mari (1)
1,Mary / Maria / Maarja / Mari,Mary,Isojoki,Finland/Savo-Karelia,Finnish,su,Maria,3,2,Maaria (3),Maaria (2); Maarian (1),Mary (2); Mary's (1)
1,Mary / Maria / Maarja / Mari,Maija/Maie,Jaakkima,Finland/Savo-Karelia,Finnish,su,akkelismaija,1,1,akkelismaija (1),Akkelismaija (1),Granny-Maija (1)
1,Mary / Maria / Maarja / Mari,Maija/Maie,Jaani,Estonia core/west,North Estonian,viP,Maie,2,1,maie (2),Maie (2),Maie (2)
1,Mary / Maria / Maarja / Mari,Maija/Maie,Jaani,Estonia core/west,North Estonian,viP,maiekene,2,1,maiekeine (2),Maiekene (2),little Maie (2)
1,Mary / Maria / Maarja / Mari,Mari,Jaani,Estonia core/west,North Estonian,viP,Mari,1,1,Marike (1),Marike (1),Little Mari (1)
1,Mary / Maria / Maarja / Mari,Mary,Jaani,Estonia core/west,North Estonian,viP,Mari,1,1,Marike (1),Marike (1),Little Mary (1)
1,Mary / Maria / Maarja / Mari,Maria/Maaria,Jalasjärvi,Finland/Savo-Karelia,Finnish,su,Maria,1,1,Maria (1),Maria (1),Maria (1)
1,Mary / Maria / Maarja / Mari,Mary,Jalasjärvi,Finland/Savo-Karelia,Finnish,su,Maria,1,1,Mariija (1),Mariijan (1),Mary's (1)
1,Mary / Maria / Maarja / Mari,Maija/Maie,Janakkala,Finland/Savo-Karelia,Finnish,su,Maija,7,7,Maija (6); maija (1),Maija (6); Maijaa (1),Maija (6); Maija (part.) (1)
1,Mary / Maria / Maarja / Mari,Maija/Maie,Janakkala,Finland/Savo-Karelia,Finnish,su,Akeri-Maija,1,1,Akeri-Maija (1),Akeri-Maija (1),Akeri-Maija (1)
1,Mary / Maria / Maarja / Mari,Mary,Janakkala,Finland/Savo-Karelia,Finnish,su,Maija,1,1,Maija (1),Maija (1),Mary (1)
1,Mary / Maria / Maarja / Mari,Mary,Joensuu,Finland/Savo-Karelia,Finnish,su,Kasperinmar,1,1,kasperinmar (1),kasperinmar (1),Kasper's-Mary (1)
1,Mary / Maria / Maarja / Mari,Maria/Maaria,Jokioinen,Finland/Savo-Karelia,Finnish,su,Maaria,2,1,Maaria (2),Maaria (2),Maria (2)
1,Mary / Maria / Maarja / Mari,Mary,Jokioinen,Finland/Savo-Karelia,Finnish,su,Maaria,2,2,Maaria (2),Maaria (2),Mary (2)
1,Mary / Maria / Maarja / Mari,Maija/Maie,Jokioinen,Finland/Savo-Karelia,Finnish,su,Maija,1,1,Maija (1),Maija (1),Maija (1)
1,Mary / Maria / Maarja / Mari,Maija/Maie,Jokioinen,Finland/Savo-Karelia,Finnish,su,makkaramaija,1,1,makkaramaija (1),makkaramaija (1),sausage-Maija (1)
1,Mary / Maria / Maarja / Mari,Mary,Joroinen,Finland/Savo-Karelia,Finnish,su,Maria,2,2,Marja (1); Maria (1),Marian (1); Maria (1),Mary's (1); Mary (1)
1,Mary / Maria / Maarja / Mari,Mary,Joroinen,Finland/Savo-Karelia,Finnish,su,Maaria,1,1,Maaria (1),Maaria (1),Mary (1)
1,Mary / Maria / Maarja / Mari,Mary,Joutsa,Finland/Savo-Karelia,Finnish,su,Maria,2,2,Maria (2),Maria (1); Marian (1),Mary (1); Mary's (1)
1,Mary / Maria / Maarja / Mari,Maria/Maaria,Joutsa,Finland/Savo-Karelia,Finnish,su,Maria,1,1,Maria (1),Marialta (1),from Maria (1)
1,Mary / Maria / Maarja / Mari,Mary,Jurva,Finland/Savo-Karelia,Finnish,su,Maria,1,1,Maria (1),Maria (1),Mary (1)
1,Mary / Maria / Maarja / Mari,Mary,Juuka,Finland/Savo-Karelia,Finnish,su,Maria,3,3,Maaria (2); Maria (1),Maaria (2); Marialta (1),Mary (2); from Mary (1)
1,Mary / Maria / Maarja / Mari,Mary,Juuka,Finland/Savo-Karelia,Finnish,su,Maaria,1,1,Maaria (1),Maaria (1),Mary (1)
1,Mary / Maria / Maarja / Mari,Mari,Juuru,Estonia core/west,North Estonian,viP,Mari,1,1,Mari (1),Marit (1),Mari's (1)
1,Mary / Maria / Maarja / Mari,Mary,Juuru,Estonia core/west,North Estonian,viP,Maarja,1,1,Maarja (1),Maarja (1),Mary's (1)
1,Mary / Maria / Maarja / Mari,Mary,Juva,Finland/Savo-Karelia,Finnish,su,Maria,16,15,Maria (8); maria (4); mariainen (2); marian (1); Muarian (1),Maria (11); Marian (2); Marjanen (1); Marianen (1); maria (1),Mary (14); Mary's (2)
1,Mary / Maria / Maarja / Mari,Maija/Maie,Juva,Finland/Savo-Karelia,Finnish,su,Maija,2,2,Maija (2),Maija (2),Maija (2)
1,Mary / Maria / Maarja / Mari,Mary,Juva,Finland/Savo-Karelia,Finnish,su,Maaria,2,2,Maaria (2),Maaria (2),Mary (2)
1,Mary / Maria / Maarja / Mari,Maria/Maaria,Juva,Finland/Savo-Karelia,Finnish,su,Maria,1,1,Maaria (1),Maaria (1),Maria (1)
1,Mary / Maria / Maarja / Mari,Mary,Juva,Finland/Savo-Karelia,Finnish,su,Marian,1,1,maria (1),Marian (1),Mary's (1)
1,Mary / Maria / Maarja / Mari,Maria/Maaria,Jällivaara,Finland/Savo-Karelia,Tornedalen Finnish,su,Maria,1,1,Maria (1),Maria (1),Maria (1)
1,Mary / Maria / Maarja / Mari,Mary,Jällivaara,Finland/Savo-Karelia,Tornedalen Finnish,su,Maria,1,1,Maria (1),Maria (1),Mary (1)
1,Mary / Maria / Maarja / Mari,Mari,Jämaja,Estonia core/west,North Estonian,viP,Mari,1,1,Mari (1),Mari (1),Mari (1)
1,Mary / Maria / Maarja / Mari,Mary,Jämijärvi,Finland/Savo-Karelia,Finnish,su,Maria,1,1,Maaria (1),Maaria (1),Mary (1)
1,Mary / Maria / Maarja / Mari,Mary,Jämsä,Finland/Savo-Karelia,Finnish,su,Maria,1,1,Maria (1),Marian (1),Mary's (1)
1,Mary / Maria / Maarja / Mari,Maija/Maie,Jäppilä,Finland/Savo-Karelia,Finnish,su,Maija,1,1,Maija (1),Maija (1),Maija (1)
1,Mary / Maria / Maarja / Mari,Mari,Järva-Jaani,Estonia core/west,North Estonian,viP,Mari,4,3,Mari (3); mari (1),Mari (3); Mariale (1),Mari (3); to Mari (1)
1,Mary / Maria / Maarja / Mari,Mary,Järva-Jaani,Estonia core/west,North Estonian,viP,Mari,4,2,Mari (4),Mari (4),Mary (4)
1,Mary / Maria / Maarja / Mari,Mary,Järva-Jaani,Estonia core/west,North Estonian,viP,Maria,4,2,Maria (4),Maria (4),Mary (4)
1,Mary / Maria / Maarja / Mari,Mary,Järva-Jaani,Estonia core/west,North Estonian,viP,Maarja,2,2,Maarja (2),Maarja (2),Mary's (1); Mary (1)
1,Mary / Maria / Maarja / Mari,Mary,Järva-Jaani,Estonia core/west,North Estonian,viP,Marija,2,1,Marija (2),Marijalle (1); Marija (1),to Mary (1); Mary (1)
1,Mary / Maria / Maarja / Mari,Maija/Maie,Järva-Jaani,Estonia core/west,North Estonian,viP,Maie/maa,1,1,maie (1),Maie (1),Maie/land (1)
1,Mary / Maria / Maarja / Mari,Maija/Maie,Järva-Madise,Estonia core/west,North Estonian,viP,Maie,1,1,Maie (1),Maiele (1),to Maie (1)
1,Mary / Maria / Maarja / Mari,Mari,Järva-Madise,Estonia core/west,North Estonian,viP,Mari,1,1,Mari (1),Mari (1),Mari (1)
1,Mary / Maria / Maarja / Mari,Mary,Järva-Madise,Estonia core/west,North Estonian,viP,Marie,1,1,Marie (1),Marie (1),Mary's (1)
1,Mary / Maria / Maarja / Mari,Maija/Maie,Jääski,Finland/Savo-Karelia,Finnish,su,Maija,1,1,Maija (1),Maijan (1),Maija's (1)
1,Mary / Maria / Maarja / Mari,Mary,Jõelähtme,Estonia core/west,North Estonian,viP,Mari,6,2,Mari (6),Mari (6),Mary (6)
1,Mary / Maria / Maarja / Mari,Maija/Maie,Jõelähtme,Estonia core/west,North Estonian,viP,mai,3,1,maie (3),maie (3),Maie (3)
1,Mary / Maria / Maarja / Mari,Mari,Jõelähtme,Estonia core/west,North Estonian,viP,Mari,2,2,Mari (2),Mari (2),Mari (2)
1,Mary / Maria / Maarja / Mari,Mari,Jõelähtme,Estonia core/west,North Estonian,viP,Marikene,1,1,Marikene (1),Marikene (1),Little Mari (1)
1,Mary / Maria / Maarja / Mari,Mari,Jõhvi,Estonia core/west,North Estonian,viP,Mari,25,13,Mari (22); mari (2); Marikene (1),Mari (21); Maril (2); marikene (1); Marike (1),Mari (21); Mari's (2); Mari-dear (1); little Mari (1)
1,Mary / Maria / Maarja / Mari,Mary,Jõhvi,Estonia core/west,North Estonian,viP,Maarja,7,7,Maarja (3); maarja (3); Maara (1),Maarja (4); Maara (1); Maarjalt (1); maarja (1),Mary (4); from Mary (1); Mary's (1); Mary (gen.) (1)
1,Mary / Maria / Maarja / Mari,Mary,Jõhvi,Estonia core/west,North Estonian,viP,Mari,5,4,Mari (5),Mari (5),Mary (5)
1,Mary / Maria / Maarja / Mari,Maija/Maie,Jõhvi,Estonia core/west,North Estonian,viP,Mai,2,1,Mai (2),Mai (2),Maie (name) (2)
1,Mary / Maria / Maarja / Mari,Maija/Maie,Jõhvi,Estonia core/west,North Estonian,viP,Maie,2,2,Maie (2),Maie (2),Maie (1); Maie (name) (1)
1,Mary / Maria / Maarja / Mari,Maija/Maie,Jõhvi,Estonia core/west,North Estonian,viP,mai,2,1,maie (2),Maie (2),Maie (2)
1,Mary / Maria / Maarja / Mari,Mary,Jõhvi,Estonia core/west,North Estonian,viP,Maria,2,2,maria (1); Maria (1),Maria (2),Mary (2)
1,Mary / Maria / Maarja / Mari,Mari,Jõhvi,Estonia core/west,North Estonian,viP,Mari & -kene,1,1,Mari & -kene (1),Marikene (1),little-Mari (1)
1,Mary / Maria / Maarja / Mari,Mari,Jõhvi,Estonia core/west,North Estonian,viP,Mari+kene,1,1,Marikene (1),Marikene (1),little Mari (1)
1,Mary / Maria / Maarja / Mari,Mari,Jõhvi,Estonia core/west,North Estonian,viP,Marike,1,1,marikene (1),Marike (1),little Mari (1)
1,Mary / Maria / Maarja / Mari,Maria/Maaria,Jõhvi,Estonia core/west,North Estonian,viP,Maria,1,1,Maria (1),Maria (1),Maria (1)
1,Mary / Maria / Maarja / Mari,Mari,Jüri,Estonia core/west,North Estonian,viP,Mari,8,6,Mari (8),Mari (8),Mari (8)
1,Mary / Maria / Maarja / Mari,Mary,Jüri,Estonia core/west,North Estonian,viP,Maarja,3,3,Maarja (3),Maarja (3),Mary (2); Mary's (1)
1,Mary / Maria / Maarja / Mari,Mary,Jüri,Estonia core/west,North Estonian,viP,Maria,3,3,Maria (3),Maria (3),Mary (3)
1,Mary / Maria / Maarja / Mari,Mari,Jüri,Estonia core/west,North Estonian,viP,Marikene,1,1,Marikene (1),Marikene (1),little Mari (1)
1,Mary / Maria / Maarja / Mari,Maria/Maaria,Jüri,Estonia core/west,North Estonian,viP,maria,1,1,marialle (1),marjalle (1),to Maria (1)
1,Mary / Maria / Maarja / Mari,Mary,Kaarma,Estonia core/west,North Estonian,viP,Maarja,1,1,Maarja (1),Maarja (1),Mary's (1)
1,Mary / Maria / Maarja / Mari,Mary,Kaavi,Finland/Savo-Karelia,Finnish,su,Maaria,6,5,Maaria (5); Maariainen (1),Maaria (5); Maariainen (1),Mary (6)
1,Mary / Maria / Maarja / Mari,Mary,Kaavi,Finland/Savo-Karelia,Finnish,su,Maria,3,3,Maaria (2); Maria (1),Maarian (1); Maria (1); Maaria (1),Mary (2); Mary's (1)
1,Mary / Maria / Maarja / Mari,Maija/Maie,Kaavi,Finland/Savo-Karelia,Finnish,su,lammas-Maija,1,1,lampsa-Maija (1),Lampsan-Maija (1),Sheep-Maija (dialectal form) (1)
1,Mary / Maria / Maarja / Mari,Mary,Kaavi,Finland/Savo-Karelia,Finnish,su,Marian,1,1,Maarian (1),Marian (1),Mary's (1)
1,Mary / Maria / Maarja / Mari,Mari,Kadrina,Estonia core/west,North Estonian,viP,Mari,13,11,Mari (12); Marike (1),Mari (10); Marike (1); Maril (1); Marid (1),Mari (10); Little Mari (1); on Mari (1); Mari (acc.) (1)
1,Mary / Maria / Maarja / Mari,Maija/Maie,Kadrina,Estonia core/west,North Estonian,viP,Mai,9,3,maie (6); Maie (2); Mai (1),Maid (6); Mai (2); Maie (1),Maie (8); Maie's (1)
1,Mary / Maria / Maarja / Mari,Mary,Kadrina,Estonia core/west,North Estonian,viP,Mari,9,7,Mari (9),Mari (8); Marisse (1),Mary (8); into-Mary (1)
1,Mary / Maria / Maarja / Mari,Mary,Kadrina,Estonia core/west,North Estonian,viP,Maria,6,2,Maria (6),Maria (3); Mariani (2); Marial (1),Mary (5); on-Mary (1)
1,Mary / Maria / Maarja / Mari,Mary,Kadrina,Estonia core/west,North Estonian,viP,Maarja,3,3,Maarja (1); marija (1); Maarija (1),Maarja (3),Mary (3)
1,Mary / Maria / Maarja / Mari,Mary,Kadrina,Estonia core/west,North Estonian,viP,maarjamägi,3,1,maarjamätta (2); maarjamätt (1),maarjamäge (2); maarjamätta (1),Mary's mound (2); to Mary's mound (1)
1,Mary / Maria / Maarja / Mari,Mari,Kadrina,Estonia core/west,North Estonian,viP,Mari+kene,2,1,Mari+kene (2),Marikene (2),little Mari (2)
1,Mary / Maria / Maarja / Mari,Mari,Kadrina,Estonia core/west,North Estonian,viP,mari,2,1,mari (2),mariale (1); mari (1),to Mari (1); Mari (1)
1,Mary / Maria / Maarja / Mari,Maria/Maaria,Kadrina,Estonia core/west,North Estonian,viP,Maria,2,2,Maria (2),Marialle (1); Mariale (1),to Maria (2)
1,Mary / Maria / Maarja / Mari,Mary,Kadrina,Estonia core/west,North Estonian,viP,maria,2,1,maria (2),mariale (1); maria (1),to Mary (1); Mary (1)
1,Mary / Maria / Maarja / Mari,Maija/Maie,Kadrina,Estonia core/west,North Estonian,viP,Maie,1,1,Maie (1),Maie (1),Maie (1)
1,Mary / Maria / Maarja / Mari,Mari,Kadrina,Estonia core/west,North Estonian,viP,marjuke,1,1,marju_kane (1),marjukane (1),dear Mari (1)
1,Mary / Maria / Maarja / Mari,Maria/Maaria,Kadrina,Estonia core/west,North Estonian,viP,Maarja,1,1,maarja (1),maarjalle (1),to Maarja (1)
1,Mary / Maria / Maarja / Mari,Mary,Kadrina,Estonia core/west,North Estonian,viP,Marija,1,1,marija (1),Marija (1),Mary (1)
1,Mary / Maria / Maarja / Mari,Maija/Maie,Kalajoki,Finland/Savo-Karelia,Finnish,su,Maija,3,2,Maija (3),Maija (2); Maijalle (1),Maija (2); to Maija (1)
1,Mary / Maria / Maarja / Mari,Mary,Kalajoki,Finland/Savo-Karelia,Finnish,su,Maaria,2,1,Maaria (2),Maariaan (1); Maariasta (1),to Mary (1); from Mary (1)
1,Mary / Maria / Maarja / Mari,Mary,Kalvola,Finland/Savo-Karelia,Finnish,su,Maria,2,2,Marija (1); Maria (1),Marija (1); Maria (1),Mary (2)
1,Mary / Maria / Maarja / Mari,Maija/Maie,Kalvola,Finland/Savo-Karelia,Finnish,su,Maija,1,1,Maija (1),Maija (1),Maija (1)
1,Mary / Maria / Maarja / Mari,Mary,Kambja,Estonia core/west,South Estonian,viE,Maarja,1,1,Maarja (1),Maarja (1),Mary (1)
1,Mary / Maria / Maarja / Mari,Mary,Kambja,Estonia core/west,South Estonian,viE,maarja,1,1,maarja (1),maarja (1),Mary's (1)
1,Mary / Maria / Maarja / Mari,Mary,Kanepi,South Estonia/Seto,South Estonian,viE,Maarja,2,2,Maarja (2),Maarja (2),Mary (1); Mary's (1)
1,Mary / Maria / Maarja / Mari,Maija/Maie,Kanepi,South Estonia/Seto,South Estonian,viE,Maie,1,1,Maie (1),Maie (1),Maie (1)
1,Mary / Maria / Maarja / Mari,Mari,Kanepi,South Estonia/Seto,South Estonian,viE,Marimägi,1,1,Marimäe (1),Marimäel (1),on Mari's hill (1)
1,Mary / Maria / Maarja / Mari,Mary,Kanepi,South Estonia/Seto,South Estonian,viE,Mari,1,1,mari (1),Mari (1),Mary (1)
1,Mary / Maria / Maarja / Mari,Maija/Maie,Kangasniemi,Finland/Savo-Karelia,Finnish,su,Maija,2,2,Maija (1); maija (1),Maija (2),Maija (2)
1,Mary / Maria / Maarja / Mari,Maija/Maie,Kangasniemi,Finland/Savo-Karelia,Finnish,su,Hölttä-Maija,1,1,hölttämaija (1),Hölttä-Maija (1),Floppy-Maija (1)
1,Mary / Maria / Maarja / Mari,Maija/Maie,Kangasniemi,Finland/Savo-Karelia,Finnish,su,lanka & Maija,1,1,lanka & maija (1),lanka-Maija (1),thread-Maija (1)
1,Mary / Maria / Maarja / Mari,Maria/Maaria,Kangasniemi,Finland/Savo-Karelia,Finnish,su,Maria,1,1,Maria (1),Maria (1),Maria (1)
1,Mary / Maria / Maarja / Mari,Mary,Kangasniemi,Finland/Savo-Karelia,Finnish,su,Maria,1,1,Maria (1),Marian (1),Mary's (1)
1,Mary / Maria / Maarja / Mari,Mary,Kankaanpää,Finland/Savo-Karelia,Finnish,su,Maaria,4,3,Maaria (4),Maaria (4),Mary (4)
1,Mary / Maria / Maarja / Mari,Mary,Kankaanpää,Finland/Savo-Karelia,Finnish,su,Maria,1,1,Maria (1),Maria (1),Mary (1)
1,Mary / Maria / Maarja / Mari,Mary,Kaprio,Ingria,Finnish,su,Maaria,23,10,Maaria (22); maarian (1),Maaria (17); Maarian (2); Maariaisen (2); Maarianen (1); Marian (1),Mary (17); Mary's (5); Virgin Mary (1)
1,Mary / Maria / Maarja / Mari,Mary,Kaprio,Ingria,Finnish,su,Maria,5,5,Maaria (2); Maariallen (1); maariaine (1); Maria (1),Maria (3); Marialle (1); Marian (1),Mary (3); to Mary (1); of Mary's (1)
1,Mary / Maria / Maarja / Mari,Mari,Kaprio,Ingria,Finnish,su,Mari,4,1,Mari (4),Mari (4),Mari (4)
1,Mary / Maria / Maarja / Mari,Maija/Maie,Kaprio,Ingria,Finnish,su,(name) Maija,2,1,Maija-in (2),Maijoin (2),Maija's (2)
1,Mary / Maria / Maarja / Mari,Maija/Maie,Kaprio,Ingria,Finnish,su,Maija,1,1,maijon (1),Maijan (1),Maija's (1)
1,Mary / Maria / Maarja / Mari,Mary,Kaprio,Ingria,Finnish,su,Maarja,1,1,Maarja (1),Maarja (1),Mary (1)
1,Mary / Maria / Maarja / Mari,Mary,Kaprio,Ingria,Finnish,su,Mari,1,1,Mari (1),Mari (1),Mary (1)
1,Mary / Maria / Maarja / Mari,Maija/Maie,Karinainen,Finland/Savo-Karelia,Finnish,su,Maija,1,1,Maija (1),Maijan (1),Maija's (1)
1,Mary / Maria / Maarja / Mari,Mary,Karja,Estonia core/west,North Estonian,viP,Maarja,1,1,Maarja (1),Maarja (1),Mary's (1)
1,Mary / Maria / Maarja / Mari,Maija/Maie,Karkku,Finland/Savo-Karelia,Finnish,su,mustamaija,1,1,mustamaija (1),mustamaija (1),Black-Maija (1)
1,Mary / Maria / Maarja / Mari,Mary,Karksi,Estonia core/west,South Estonian,viE,Maarja,53,35,Maarja (22); Maari (21); maari (9); maarja (1),Maarja (37); Maari (13); Maarjat (2); Maarilt (1),Mary (39); Mary's (12); Virgin Mary (1); from Mary (1)
1,Mary / Maria / Maarja / Mari,Mari,Karksi,Estonia core/west,South Estonian,viE,Mari,15,7,Mari (12); Maari (2); Maie (1),Mari (11); Marit (1); Maari (1); Maril (1); Maie (1),Mari (11); Mari (object) (1); Mari's (1); on Mari (1); little Mari (1)
1,Mary / Maria / Maarja / Mari,Maija/Maie,Karksi,Estonia core/west,South Estonian,viE,Maie,11,6,Maie (10); maie (1),Maie (10); Maiele (1),Maie (10); to Maie (1)
1,Mary / Maria / Maarja / Mari,Mary,Karksi,Estonia core/west,South Estonian,viE,Maari,6,3,Maari (6),Maari (6),Mary (6)
1,Mary / Maria / Maarja / Mari,Mari,Karksi,Estonia core/west,South Estonian,viE,Maari,5,2,Maari (5),Maari (5),Maari (5)
1,Mary / Maria / Maarja / Mari,Mari,Karksi,Estonia core/west,South Estonian,viE,Maarja,5,2,Maari (3); maari (2),Maari (5),Maari (5)
1,Mary / Maria / Maarja / Mari,Mary,Karksi,Estonia core/west,South Estonian,viE,Mari,5,5,Maari (2); Mari (1); mari (1); Marike (1),Mari (2); Maari (2); Marike (1),Mary (4); little Mary (1)
1,Mary / Maria / Maarja / Mari,Maija/Maie,Karksi,Estonia core/west,South Estonian,viE,maiekene,3,2,maie-kesta (2); maiekene (1),Maiekesta (3),Maie's (2); Maie (1)
1,Mary / Maria / Maarja / Mari,Maria/Maaria,Karksi,Estonia core/west,South Estonian,viE,Maari,3,1,Maari (3),Maari (2); Maarile (1),Maarja (2); to Maarja (1)
1,Mary / Maria / Maarja / Mari,Maria/Maaria,Karksi,Estonia core/west,South Estonian,viE,Maarja,2,1,Maari (2),Maarilt (1); Maari (1),from Maarja (1); Maarja (1)
1,Mary / Maria / Maarja / Mari,Maija/Maie,Karksi,Estonia core/west,South Estonian,viE,Maie (proper noun),1,1,Maie (1),Maie (1),Maie (1)
1,Mary / Maria / Maarja / Mari,Maija/Maie,Karksi,Estonia core/west,South Estonian,viE,mai,1,1,maie (diminutive) (1),maiekesta (1),Maie (1)
1,Mary / Maria / Maarja / Mari,Mari,Karksi,Estonia core/west,South Estonian,viE,Marikene,1,1,Marikene (1),Marikene (1),little Mari (1)
1,Mary / Maria / Maarja / Mari,Mary,Karksi,Estonia core/west,South Estonian,viE,Maali,1,1,Maari (1),Maali (1),Mary (1)
1,Mary / Maria / Maarja / Mari,Mary,Karksi,Estonia core/west,South Estonian,viE,Maria,1,1,Maria (1),Maria (1),Mary's (1)
1,Mary / Maria / Maarja / Mari,Mary,Karksi,Estonia core/west,South Estonian,viE,maarjeit,1,1,maarieinu (1),maarjeidu (1),Mary's maiden (1)
1,Mary / Maria / Maarja / Mari,Mary,Karksi,Estonia core/west,South Estonian,viE,marikene,1,1,marikene (1),Marikene (1),little Mary (1)
1,Mary / Maria / Maarja / Mari,Mari,Karula,South Estonia/Seto,South Estonian,viE,Marikene,3,1,Marikene (3),Marikene (3),little Mari (3)
1,Mary / Maria / Maarja / Mari,Maija/Maie,Karula,South Estonia/Seto,South Estonian,viE,Maie,2,2,Maie (2),Maiele (1); Maie (1),(to) Maie (1); Maie (personal name) (1)
1,Mary / Maria / Maarja / Mari,Mari,Karula,South Estonia/Seto,South Estonian,viE,Mari,1,1,Mari (1),Mari (1),Mari (1)
1,Mary / Maria / Maarja / Mari,Maija/Maie,Karuna,Finland/Savo-Karelia,Finnish,su,Maija,3,2,Maija (3),Maija (3),Maija (3)
1,Mary / Maria / Maarja / Mari,Maija/Maie,Karunki,Finland/Savo-Karelia,Finnish,su,Maija,1,1,Maija (1),Maijaa (1),Maija (1)
1,Mary / Maria / Maarja / Mari,Mari,Karuse,Estonia core/west,North Estonian,viP,Mari,11,4,Mari (10); Marike (1),Marit (6); Mari (3); Marike (1); Maril (1),Mari (9); Little Mari (1); at Mari's (1)
1,Mary / Maria / Maarja / Mari,Mary,Karuse,Estonia core/west,North Estonian,viP,Maria,5,4,Maria (5),Maria (5),Mary's (3); Mary (2)
1,Mary / Maria / Maarja / Mari,Mari,Karuse,Estonia core/west,North Estonian,viP,Marike,1,1,Marike (1),Marike (1),Little Mari (1)
1,Mary / Maria / Maarja / Mari,Mary,Karuse,Estonia core/west,North Estonian,viP,Mari,1,1,Mari (1),Mari (1),Mary (1)
1,Mary / Maria / Maarja / Mari,Maija/Maie,Karvia,Finland/Savo-Karelia,Finnish,su,Maija,1,1,Maija (1),Maija (1),Maija (1)
1,Mary / Maria / Maarja / Mari,Maija/Maie,Karvia,Finland/Savo-Karelia,Finnish,su,mustamaija,1,1,mustamaija (1),Musta-Maija (1),Black-Maija (1)
1,Mary / Maria / Maarja / Mari,Mary,Kattila,Ingria,Votic,su,Maria,2,2,Maria (1); Maarja (1),Mariaa (1); Maarja (1),Mary (2)
1,Mary / Maria / Maarja / Mari,Maria/Maaria,Kattila,Ingria,Votic,su,Maria,1,1,Maria (1),Maria (1),Maria (1)
1,Mary / Maria / Maarja / Mari,Mary,Kattila,Ingria,Votic,su,Maaria,1,1,Maaria (1),Maariaa (1),Mary (1)
1,Mary / Maria / Maarja / Mari,Maija/Maie,Kauhajoki,Finland/Savo-Karelia,Finnish,su,Maija,1,1,Maija (1),Maijalle (1),to Maija (1)
1,Mary / Maria / Maarja / Mari,Mary,Kauhajoki,Finland/Savo-Karelia,Finnish,su,Maria,1,1,Maria (1),Maria (1),Mary (1)
1,Mary / Maria / Maarja / Mari,Maija/Maie,Kauhava,Finland/Savo-Karelia,Finnish,su,Maija,3,3,Maija (3),Maijan (1); Maijaa (1); Maijalle (1),Maija's (1); Maija (1); to Maija (1)
1,Mary / Maria / Maarja / Mari,Mary,Kauhava,Finland/Savo-Karelia,Finnish,su,Maria,3,2,Maria (2); Maarja (1),Maarjaan (1); mariasta (1); Maria (1),Mary (3)
1,Mary / Maria / Maarja / Mari,Mary,Kauhava,Finland/Savo-Karelia,Finnish,su,mettumaari,2,1,mettumaari (2),mettumaariin (1); mettumaarista (1),Honey Mary (2)
1,Mary / Maria / Maarja / Mari,Maija/Maie,Kauhava,Finland/Savo-Karelia,Finnish,su,mustamaija,1,1,mustamaija (1),Musta-Maija (1),Musta-Maija (1)
1,Mary / Maria / Maarja / Mari,Mary,Kauhava,Finland/Savo-Karelia,Finnish,su,Marja,1,1,Marja (1),Marjan (1),Mary's (1)
1,Mary / Maria / Maarja / Mari,Maija/Maie,Kaukola,Finland/Savo-Karelia,Finnish,su,Maija,1,1,Maija (1),Maijan (1),Maija's (1)
1,Mary / Maria / Maarja / Mari,Maija/Maie,Kaustinen,Finland/Savo-Karelia,Finnish,su,Maija,1,1,Maija (1),Maijalle (1),to Maija (1)
1,Mary / Maria / Maarja / Mari,Maria/Maaria,Kaustinen,Finland/Savo-Karelia,Finnish,su,Maria,1,1,Maria (1),Maria (1),Maria (1)
1,Mary / Maria / Maarja / Mari,Maija/Maie,Kauvatsa,Finland/Savo-Karelia,Finnish,su,Maija,3,3,Maija (3),Maija (3),Maija (3)
1,Mary / Maria / Maarja / Mari,Mary,Keltto,Ingria,Finnish,su,Maria,2,2,Mariaine (1); Maaria (1),Mariaine (1); Maarian (1),Mary (1); Mary's (1)
1,Mary / Maria / Maarja / Mari,Maija/Maie,Kemi,Finland/Savo-Karelia,Finnish,su,Maija,1,1,Maija (1),Maijaa (1),Maija (1)
1,Mary / Maria / Maarja / Mari,Mary,Kemi,Finland/Savo-Karelia,Finnish,su,Maija,1,1,maija (1),Maija (1),Mary (1)
1,Mary / Maria / Maarja / Mari,Mary,Kemijärvi,Finland/Savo-Karelia,Finnish,su,Maija,2,2,maija (1); Maija (1),Maija (2),Mary (1); Maija/Mary (1)
1,Mary / Maria / Maarja / Mari,Maija/Maie,Kemijärvi,Finland/Savo-Karelia,Finnish,su,Lassi & maija,1,1,Lassi & maija (1),Lassinmaija (1),Lassi's Maija (1)
1,Mary / Maria / Maarja / Mari,Maija/Maie,Kemijärvi,Finland/Savo-Karelia,Finnish,su,Maija,1,1,Maija (1),Maija (1),Maija (1)
1,Mary / Maria / Maarja / Mari,Mary,Kerimäki,Finland/Savo-Karelia,Finnish,su,Maria,2,1,Maria (2),Maria (2),Mary (2)
1,Mary / Maria / Maarja / Mari,Mary,Kestilä,Finland/Savo-Karelia,Finnish,su,Maikki,1,1,Maikki (1),Maikki (1),Mary (1)
1,Mary / Maria / Maarja / Mari,Mary,Kestilä,Finland/Savo-Karelia,Finnish,su,Maria,1,1,Maaria (1),Maaria (1),Mary (1)
1,Mary / Maria / Maarja / Mari,Mary,Kesälahti,Finland/Savo-Karelia,Finnish,su,Maaria,4,3,Maaria (4),Maaria (3); Maarialta (1),Mary (3); from Mary (1)
1,Mary / Maria / Maarja / Mari,Mary,Kiestinki,East Karelia/Veps/Tver,Karelian Proper,ka,Maria,2,1,Marian (2),Marian (2),Mary's (2)
1,Mary / Maria / Maarja / Mari,Mari,Kihelkonna,Estonia core/west,North Estonian,viP,Mari,1,1,Mari (1),Mari (1),Mari (1)
1,Mary / Maria / Maarja / Mari,Mary,Kihelkonna,Estonia core/west,North Estonian,viP,Maria,1,1,Maria (1),Maria (1),Mary (1)
1,Mary / Maria / Maarja / Mari,Mari,Kihnu,Estonia core/west,North Estonian,viP,Mari,3,3,Mari (3),Mari (3),Mari (3)
1,Mary / Maria / Maarja / Mari,Maija/Maie,Kihnu,Estonia core/west,North Estonian,viP,Maie,2,2,Maie (2),Maie (2),Maie (1); Maie's (1)
1,Mary / Maria / Maarja / Mari,Mari,Kihnu,Estonia core/west,North Estonian,viP,mari & kene,1,1,mari & kene (1),marikene (1),little Mari (1)
1,Mary / Maria / Maarja / Mari,Mari,Kihnu,Estonia core/west,North Estonian,viP,marikene,1,1,marikene (1),Marikene (1),little Mari (1)
1,Mary / Maria / Maarja / Mari,Mary,Kiihtelysvaara,Finland/Savo-Karelia,Finnish,su,Maaria,2,2,Maaria (2),Maaria (2),Mary (2)
1,Mary / Maria / Maarja / Mari,Maija/Maie,Kiihtelysvaara,Finland/Savo-Karelia,Finnish,su,maija,1,1,maija (1),maijon (1),(of) maija (cow/milk?) (1)
1,Mary / Maria / Maarja / Mari,Mary,Kiihtelysvaara,Finland/Savo-Karelia,Finnish,su,Maria,1,1,Maria (1),Maria (1),Mary (1)
1,Mary / Maria / Maarja / Mari,Mary,Kiimaisjärvi,East Karelia/Veps/Tver,Karelian Proper,ka,Maaria,1,1,Maaria (1),Maaria (1),Mary (1)
1,Mary / Maria / Maarja / Mari,Mary,Kiimaisjärvi,East Karelia/Veps/Tver,Karelian Proper,ka,Maria,1,1,Moaria (1),Moarie (1),Mary (1)
1,Mary / Maria / Maarja / Mari,Mary,Kitee,Finland/Savo-Karelia,Finnish,su,Maria,9,8,Maria (4); Maaria (3); maarian (2),Maria (5); Maaria (2); Marian (2),Mary (7); Mary's (2)
1,Mary / Maria / Maarja / Mari,Mary,Kitee,Finland/Savo-Karelia,Finnish,su,Maaria,5,4,Maaria (5),Maaria (3); Maariin (2),Mary (3); to Mary (2)
1,Mary / Maria / Maarja / Mari,Mari,Kitee,Finland/Savo-Karelia,Finnish,su,Maari,1,1,Maari (1),Maarinalta (1),from Maari (1)
1,Mary / Maria / Maarja / Mari,Mary,Kitee,Finland/Savo-Karelia,Finnish,su,Maarian,1,1,Muariina (1),Maarian (1),Mary's (1)
1,Mary / Maria / Maarja / Mari,Mary,Kitee,Finland/Savo-Karelia,Finnish,su,Marian,1,1,Maaria (1),Maarian (1),Mary's (1)
1,Mary / Maria / Maarja / Mari,Maija/Maie,Kittilä,Finland/Savo-Karelia,Finnish,su,Maija,1,1,Maija (1),Maija (1),Maija (1)
1,Mary / Maria / Maarja / Mari,Mary,Kittilä,Finland/Savo-Karelia,Finnish,su,Maria,1,1,Maria (1),Maria (1),Mary (1)
1,Mary / Maria / Maarja / Mari,Mary,Kiuruvesi,Finland/Savo-Karelia,Finnish,su,Maria,10,5,Maria (7); maria (3),Maria (10),Mary (10)
1,Mary / Maria / Maarja / Mari,Maria/Maaria,Kiuruvesi,Finland/Savo-Karelia,Finnish,su,Maria,3,2,Maria (3),Maria (3),Maria (3)
1,Mary / Maria / Maarja / Mari,Maija/Maie,Kiuruvesi,Finland/Savo-Karelia,Finnish,su,Maija,2,2,Maija (2),Maijan (1); Maijaa (1),Maija's (1); Maija (1)
1,Mary / Maria / Maarja / Mari,Mary,Kivennapa,Finland/Savo-Karelia,Finnish,su,Mari,8,3,Mari (8),Mari (6); Marilta (2),Mary (6); from Mary (2)
1,Mary / Maria / Maarja / Mari,Mari,Kivennapa,Finland/Savo-Karelia,Finnish,su,Mari,5,2,Mari (5),Mari (4); Marilta (1),Mari (4); from Mari (1)
1,Mary / Maria / Maarja / Mari,Maija/Maie,Kivennapa,Finland/Savo-Karelia,Finnish,su,Maija,2,2,Maija (2),Maija (2),Maija (2)
1,Mary / Maria / Maarja / Mari,Maija/Maie,Kivennapa,Finland/Savo-Karelia,Finnish,su,mustamaija,1,1,mustamaija (1),musta-Maija (1),Black-Maija (1)
1,Mary / Maria / Maarja / Mari,Mary,Kivennapa,Finland/Savo-Karelia,Finnish,su,Maaria,1,1,Maaria (1),Marian (1),Mary's (1)
1,Mary / Maria / Maarja / Mari,Mary,Kivijärvi,Finland/Savo-Karelia,Finnish,su,Maria,3,3,Maria (3),Maria (3),Mary (3)
1,Mary / Maria / Maarja / Mari,Mary,Kivijärvi,Finland/Savo-Karelia,Finnish,su,Maaria,1,1,Maaria (1),Maarian (1),Mary's (1)
1,Mary / Maria / Maarja / Mari,Maija/Maie,Kodavere,Estonia core/west,North Estonian,viP,Mai,11,1,Maie (11),Maie (11),Maie (11)
1,Mary / Maria / Maarja / Mari,Maija/Maie,Kodavere,Estonia core/west,North Estonian,viP,mai,5,1,maie (3); mai (2),Maie (3); Mai (2),Maie (5)
1,Mary / Maria / Maarja / Mari,Mary,Kodavere,Estonia core/west,North Estonian,viP,Maarja,3,3,Maarja (3),Maarja (3),Mary (3)
1,Mary / Maria / Maarja / Mari,Maija/Maie,Kodavere,Estonia core/west,North Estonian,viP,Maie,2,1,Maie (2),Maie (1); Maiel (1),Maie (1); at Maie (1)
1,Mary / Maria / Maarja / Mari,Mari,Kodavere,Estonia core/west,North Estonian,viP,Mari,2,1,Mari (2),Marilt (1); Mari (1),from Mari (1); Mari (1)
1,Mary / Maria / Maarja / Mari,Mary,Kodavere,Estonia core/west,North Estonian,viP,Marija,2,1,muarija (1); muarijal (1),Marija (1); Marijal (1),Mary (1); on Mary (1)
1,Mary / Maria / Maarja / Mari,Maija/Maie,Kodavere,Estonia core/west,North Estonian,viP,Mari,1,1,Maie (1),Maie (1),little Maie (1)
1,Mary / Maria / Maarja / Mari,Mary,Kodavere,Estonia core/west,North Estonian,viP,Maria,1,1,Maria (1),Maria (1),Mary's (1)
1,Mary / Maria / Maarja / Mari,Mary,Kodavere,Estonia core/west,North Estonian,viP,maarjahein,1,1,maarja&hein (1),maarjahein (1),Mary's-grass (1)
1,Mary / Maria / Maarja / Mari,Mari,Koeru,Estonia core/west,North Estonian,viP,Mari,11,5,Mari (8); mari (3),Mari (11),Mari (11)
1,Mary / Maria / Maarja / Mari,Mary,Koeru,Estonia core/west,North Estonian,viP,Maaria,2,2,Maaria (2),Maaria (2),Mary (2)
1,Mary / Maria / Maarja / Mari,Mary,Koeru,Estonia core/west,North Estonian,viP,Maarja,2,2,Maarja (2),Maarja (2),Mary (1); Mary's (1)
1,Mary / Maria / Maarja / Mari,Mary,Koeru,Estonia core/west,North Estonian,viP,Mari,2,1,Mari (2),Mari (2),Mary (2)
1,Mary / Maria / Maarja / Mari,Maija/Maie,Koeru,Estonia core/west,North Estonian,viP,Maie,1,1,Mai (1),Mai (1),Maie (1)
1,Mary / Maria / Maarja / Mari,Mari,Koeru,Estonia core/west,North Estonian,viP,Marikene,1,1,marikene (1),Marikene (1),little Mari (1)
1,Mary / Maria / Maarja / Mari,Mary,Koeru,Estonia core/west,North Estonian,viP,Marie,1,1,Marie (1),Marie (1),Mary's (1)
1,Mary / Maria / Maarja / Mari,Maija/Maie,Koivisto,Finland/Savo-Karelia,Finnish,su,Maija,1,1,Maija (1),Maija (1),Maija (1)
1,Mary / Maria / Maarja / Mari,Mari,Koivisto,Finland/Savo-Karelia,Finnish,su,Mari,1,1,Mari (1),Marin (1),Mari's (1)
1,Mary / Maria / Maarja / Mari,Mary,Koivisto,Finland/Savo-Karelia,Finnish,su,Maaria,1,1,Maaria (1),Maarian (1),Mary's (1)
1,Mary / Maria / Maarja / Mari,Mary,Koivisto,Finland/Savo-Karelia,Finnish,su,Maria,1,1,Maria (1),Marian (1),Mary's (1)
1,Mary / Maria / Maarja / Mari,Mary,Koivisto,Finland/Savo-Karelia,Finnish,su,meri,1,1,mari (1),mariin (1),to Mary/into the sea (1)
1,Mary / Maria / Maarja / Mari,Maija/Maie,Kokemäki,Finland/Savo-Karelia,Finnish,su,Maija,1,1,Maija (1),Maijalle (1),to Maija (1)
1,Mary / Maria / Maarja / Mari,Maija/Maie,Kokemäki,Finland/Savo-Karelia,Finnish,su,Maijamaa,1,1,Maijamaa (1),Maijamaa (1),Maija's land (1)
1,Mary / Maria / Maarja / Mari,Maria/Maaria,Kokkola,Finland/Savo-Karelia,Outside selected Finnic areas,ru,Maaria,1,1,Maaria (1),Maariaan (1),to Maaria (1)
1,Mary / Maria / Maarja / Mari,Mary,Kokkola,Finland/Savo-Karelia,Outside selected Finnic areas,ru,Maaria,1,1,Maaria (1),Maariaan (1),into Mary (1)
1,Mary / Maria / Maarja / Mari,Mari,Kolga-Jaani,Estonia core/west,North Estonian,viP,Mari,22,19,Mari (19); Marikene (1); mari (1); mari+p (1),Mari (16); Mariel (1); Maril (1); Marikene (1); Marikesa (1); Marip (1),Mari (19); Mari's (1); little Mari (1); to Mari (1)
1,Mary / Maria / Maarja / Mari,Mary,Kolga-Jaani,Estonia core/west,North Estonian,viP,Mari,9,7,Mari (9),Mari (6); Maria (2); Marijalle (1),Mary (6); Mary's (2); to little Mary (1)
1,Mary / Maria / Maarja / Mari,Mary,Kolga-Jaani,Estonia core/west,North Estonian,viP,Maarja,8,6,Maarja (6); meeri (2),Maarja (8),Mary (7); Mary's (1)
1,Mary / Maria / Maarja / Mari,Maija/Maie,Kolga-Jaani,Estonia core/west,North Estonian,viP,Maie,3,2,Maie (3),Maiel (2); Maie (1),Maie (3)
1,Mary / Maria / Maarja / Mari,Maija/Maie,Kolga-Jaani,Estonia core/west,North Estonian,viP,Maiel,2,1,Maie+l (2),Maiel (2),on Maie (2)
1,Mary / Maria / Maarja / Mari,Mari,Kolga-Jaani,Estonia core/west,North Estonian,viP,Maari,2,2,Maari (2),Maari (2),Maari (2)
1,Mary / Maria / Maarja / Mari,Mary,Kolga-Jaani,Estonia core/west,North Estonian,viP,Maria,2,2,Maria (1); Maarja (1),Maria (1); Maarja (1),Mary (2)
1,Mary / Maria / Maarja / Mari,Mary,Kolga-Jaani,Estonia core/west,North Estonian,viP,Marija,2,1,Marija (2),Marija (2),Mary (2)
1,Mary / Maria / Maarja / Mari,Maija/Maie,Kolga-Jaani,Estonia core/west,North Estonian,viP,Mai,1,1,Maie (1),Maie (1),Maie (1)
1,Mary / Maria / Maarja / Mari,Mari,Kolga-Jaani,Estonia core/west,North Estonian,viP,mari,1,1,mari (1),Maril (1),at Mari (1)
1,Mary / Maria / Maarja / Mari,Maria/Maaria,Kolga-Jaani,Estonia core/west,North Estonian,viP,Maarja,1,1,Maarja (1),Maarjale (1),to Maarja (1)
1,Mary / Maria / Maarja / Mari,Maija/Maie,Kontiolahti,Finland/Savo-Karelia,Finnish,su,Maija,2,2,Maija (2),Maija (1); Maijaa (1),Maija (2)
1,Mary / Maria / Maarja / Mari,Mari,Kontiolahti,Finland/Savo-Karelia,Finnish,su,Mari,2,2,Mari (2),Marin (1); Mari (1),Mari's (1); Mari (1)
1,Mary / Maria / Maarja / Mari,Mary,Kontiolahti,Finland/Savo-Karelia,Finnish,su,Maria,2,1,Maria (2),Maria (2),Mary (2)
1,Mary / Maria / Maarja / Mari,Mary,Kontokki,East Karelia/Veps/Tver,Karelian Proper,ka,Maria,5,5,Maria (3); muari (1); Moari (1),Maria (2); Muarie (1); Marja (1); Marian (1),Mary (5)
1,Mary / Maria / Maarja / Mari,Mari,Kontokki,East Karelia/Veps/Tver,Karelian Proper,ka,Mari,1,1,Mari (1),Marille (1),to Mari (1)
1,Mary / Maria / Maarja / Mari,Maria/Maaria,Kontokki,East Karelia/Veps/Tver,Karelian Proper,ka,Maria,1,1,Maria (1),Maria (1),Maria (1)
1,Mary / Maria / Maarja / Mari,Mary,Kontokki,East Karelia/Veps/Tver,Karelian Proper,ka,Maaria,1,1,Moarie (1),Maaria (1),Mary (1)
1,Mary / Maria / Maarja / Mari,Maria/Maaria,Koprina,Ingria,Finnish,su,Maria,2,2,Maria (2),Marin (1); Maria (1),Maria's (1); Maria (1)
1,Mary / Maria / Maarja / Mari,Maija/Maie,Koprina,Ingria,Finnish,su,(unclear),1,1,maijajaasen (1),Maijajaasen (1),Maija's... (1)
1,Mary / Maria / Maarja / Mari,Mari,Koprina,Ingria,Finnish,su,Mari,1,1,Mari (1),Marisen (1),Mari's (1)
1,Mary / Maria / Maarja / Mari,Mary,Koprina,Ingria,Finnish,su,Maaria,1,1,Maariainen (1),Maariainen (1),Mary (1)
1,Mary / Maria / Maarja / Mari,Maija/Maie,Korpilahti,Finland/Savo-Karelia,Finnish,su,Maija,1,1,Maija (1),Maija (1),Maija (1)
1,Mary / Maria / Maarja / Mari,Mary,Korpiselkä,East Karelia/Veps/Tver,Karelian Proper,ka,Maria,10,10,Maria (5); Moaria (2); Moarie (1); Muarijain (1); Muaria (1),Maria (7); Moarie (1); Muarijain (1); Marian (1),Mary (10)
1,Mary / Maria / Maarja / Mari,Mary,Korpiselkä,East Karelia/Veps/Tver,Karelian Proper,ka,Maaria,9,9,Maaria (6); Maarii (1); moaria (1); maaria (1),Maaria (8); Maarian (1),Mary (8); Virgin Mary (1)
1,Mary / Maria / Maarja / Mari,Mari,Korpiselkä,East Karelia/Veps/Tver,Karelian Proper,ka,Mari,3,1,Mari (3),Mari (3),Mari (3)
1,Mary / Maria / Maarja / Mari,Maija/Maie,Korpiselkä,East Karelia/Veps/Tver,Karelian Proper,ka,maija,1,1,maija (1),maijan (1),Maija's (1)
1,Mary / Maria / Maarja / Mari,Mary,Kose,Estonia core/west,North Estonian,viP,Mari,12,5,Mari (12),Mari (12),Mary (12)
1,Mary / Maria / Maarja / Mari,Mari,Kose,Estonia core/west,North Estonian,viP,Mari,9,5,Mari (9),Mari (9),Mari (9)
1,Mary / Maria / Maarja / Mari,Maija/Maie,Kose,Estonia core/west,North Estonian,viP,Maie,5,3,Maie (5),Maie (3); Maiele (1); Maiel (1),Maie (3); to Maie (1); Maie's (1)
1,Mary / Maria / Maarja / Mari,Mary,Kose,Estonia core/west,North Estonian,viP,Maarja,2,2,Maaria (1); Moarija (1),Maarja (1); Moarija (1),Mary (2)
1,Mary / Maria / Maarja / Mari,Mari,Kose,Estonia core/west,North Estonian,viP,Marike,1,1,Marike (1),Marikese (1),little Mari's (1)
1,Mary / Maria / Maarja / Mari,Mary,Kose,Estonia core/west,North Estonian,viP,Maria,1,1,Maria (1),Maria (1),Mary (1)
1,Mary / Maria / Maarja / Mari,Maija/Maie,Koskenpää,Finland/Savo-Karelia,Finnish,su,ranta&Maija,1,1,ranta&Maija (1),Ranta-Maija (1),Shore-Maija (1)
1,Mary / Maria / Maarja / Mari,Maija/Maie,Koski Hl.,Finland/Savo-Karelia,Finnish,su,Maija,2,2,Maija (1); maija (1),Maija (2),Maija (2)
1,Mary / Maria / Maarja / Mari,Mary,Kuhmo,Finland/Savo-Karelia,Finnish,su,Maaria,6,3,Maaria (4); Moarija (2),Maariaan (3); Maariasta (3),from Mary (3); to Mary (1); into Mary (1); Mary (1)
1,Mary / Maria / Maarja / Mari,Maria/Maaria,Kuhmo,Finland/Savo-Karelia,Finnish,su,Maria,2,1,moari (1); maoari (1),marjaan (1); mariasta (1),to Maria (1); from Maria (1)
1,Mary / Maria / Maarja / Mari,Mary,Kuhmo,Finland/Savo-Karelia,Finnish,su,Maria,1,1,Maria (1),Maria (1),Mary (1)
1,Mary / Maria / Maarja / Mari,Mary,Kuhmoinen,Finland/Savo-Karelia,Finnish,su,Maria,2,2,Maaria (1); Maria (1),Maaria (1); Maria (1),Mary (2)
1,Mary / Maria / Maarja / Mari,Mary,Kuhmoinen,Finland/Savo-Karelia,Finnish,su,Maaria,1,1,Maaria (1),Maarian (1),Mary's (1)
1,Mary / Maria / Maarja / Mari,Mary,Kuhmoinen,Finland/Savo-Karelia,Finnish,su,Marja,1,1,Marja (1),Marja (1),Mary (1)
1,Mary / Maria / Maarja / Mari,Mari,Kullamaa,Estonia core/west,North Estonian,viP,Mari,7,5,Mari (6); Marikene (1),Mari (5); Marike (1); Marikene (1),Mari (5); little Mari (2)
1,Mary / Maria / Maarja / Mari,Mary,Kuolemajärvi,Finland/Savo-Karelia,Finnish,su,Maria,1,1,maaria (1),Maria (1),Mary (1)
1,Mary / Maria / Maarja / Mari,Mary,Kuopio,Finland/Savo-Karelia,Finnish,su,Maria,4,3,Maria (3); marian (1),Mariaan (1); Mariasta (1); Marian (1); Maria (1),Mary (2); from Mary (1); Mary's (1)
1,Mary / Maria / Maarja / Mari,Maija/Maie,Kuorevesi,Finland/Savo-Karelia,Finnish,su,Maija,1,1,maija (1),Maija (1),Maija (1)
1,Mary / Maria / Maarja / Mari,Mary,Kuorevesi,Finland/Savo-Karelia,Finnish,su,Maria,1,1,Maria (1),Maria (1),Mary (1)
1,Mary / Maria / Maarja / Mari,Maija/Maie,Kuortane,Finland/Savo-Karelia,Finnish,su,Maija,1,1,Maija (1),Maija (1),Maija (1)
1,Mary / Maria / Maarja / Mari,Mary,Kupanitsa,Ingria,Finnish,su,Mari,1,1,Mari (1),Mari (1),Mary (1)
1,Mary / Maria / Maarja / Mari,Mary,Kupanitsa,Ingria,Finnish,su,Maria,1,1,Maria (1),Marian (1),Virgin Mary (1)
1,Mary / Maria / Maarja / Mari,Maija/Maie,Kurikka,Finland/Savo-Karelia,Finnish,su,Maija,4,3,Maija (3); maija (1),Maija (4),Maija (4)
1,Mary / Maria / Maarja / Mari,Maija/Maie,Kurikka,Finland/Savo-Karelia,Finnish,su,Torkkomaijan,1,1,torkkomaijan (1),Torkko-Maijan (1),Dozy-Maija's (1)
1,Mary / Maria / Maarja / Mari,Mary,Kurikka,Finland/Savo-Karelia,Finnish,su,Maija,1,1,Maija (1),Maija (1),Mary (1)
1,Mary / Maria / Maarja / Mari,Mary,Kurikka,Finland/Savo-Karelia,Finnish,su,Maria,1,1,Maria (1),Maria (1),Mary (1)
1,Mary / Maria / Maarja / Mari,Mary,Kurikka,Finland/Savo-Karelia,Finnish,su,neitien Maria,1,1,neittytmaria (1),neittytmaria (1),Virgin Mary (1)
1,Mary / Maria / Maarja / Mari,Mari,Kursi,Estonia core/west,North Estonian,viP,Mari,4,4,Mari (3); Marikene (1),Mari (2); Marikene (1); Mariga (1),Mari (3); with Mari (1)
1,Mary / Maria / Maarja / Mari,Mary,Kursi,Estonia core/west,North Estonian,viP,Mari,3,2,Mari (3),Mari (3),Mary (3)
1,Mary / Maria / Maarja / Mari,Mary,Kursi,Estonia core/west,North Estonian,viP,Maarja,2,1,Maarja (2),Maarja (1); Maarjalt (1),Mary's (1); Mary (1)
1,Mary / Maria / Maarja / Mari,Mari,Kursi,Estonia core/west,North Estonian,viP,marjukene,1,1,marjukene (1),marjukene (1),dear Mari (1)
1,Mary / Maria / Maarja / Mari,Maria/Maaria,Kursi,Estonia core/west,North Estonian,viP,Maria,1,1,Maria (1),Marjale (1),to Maria (1)
1,Mary / Maria / Maarja / Mari,Mary,Kursi,Estonia core/west,North Estonian,viP,mari,1,1,mari (1),mari (1),Mary's (1)
1,Mary / Maria / Maarja / Mari,Mari,Kuujärvi,East Karelia/Veps/Tver,Ludian,ly,Mari,1,1,Mari (1),Mari (1),Mari (1)
1,Mary / Maria / Maarja / Mari,Mari,Kuusalu,Estonia core/west,North Estonian,viP,Mari,8,6,Mari (7); mari (1),Mari (8),Mari (8)
1,Mary / Maria / Maarja / Mari,Mary,Kuusalu,Estonia core/west,North Estonian,viP,Maria,7,5,Maria (6); Marialle (1),Maria (5); Mariale (1); Marialle (1),Mary (3); Mary's (2); to Mary (2)
1,Mary / Maria / Maarja / Mari,Maija/Maie,Kuusalu,Estonia core/west,North Estonian,viP,Mai,5,1,Maie (4); Maiega (1),Maie (4); Maiega (1),Maie (4); with Maie (1)
1,Mary / Maria / Maarja / Mari,Maija/Maie,Kuusalu,Estonia core/west,North Estonian,viP,Maie,5,5,Maie (3); Maiekane (1); Maiekäne (1),Maiekene (2); Maie (2); Maiel (1),little Maie (2); Maie (1); at Maie's (1); Maie's (1)
1,Mary / Maria / Maarja / Mari,Mary,Kuusalu,Estonia core/west,North Estonian,viP,Mari,5,3,Mari (5),Mari (5),Mary (5)
1,Mary / Maria / Maarja / Mari,Mary,Kuusalu,Estonia core/west,North Estonian,viP,Maarja,4,3,Maarja (3); maarja (1),Maarja (4),Mary's (4)
1,Mary / Maria / Maarja / Mari,Maria/Maaria,Kuusalu,Estonia core/west,North Estonian,viP,Maria,3,2,Maria (3),Maria (2); Mariale (1),Maria (2); to Maria (1)
1,Mary / Maria / Maarja / Mari,Mary,Kuusalu,Estonia core/west,North Estonian,viP,Maaria,3,1,Maaria (3),Maaria (3),Mary (3)
1,Mary / Maria / Maarja / Mari,Mari,Kuusalu,Estonia core/west,North Estonian,viP,mari,1,1,mari/mari (1),Mari (1),Mari (1)
1,Mary / Maria / Maarja / Mari,Maria/Maaria,Kuusalu,Estonia core/west,North Estonian,viP,Mari,1,1,Mari (1),Marijale (1),to Maria (1)
1,Mary / Maria / Maarja / Mari,Maria/Maaria,Kuusamo,Finland/Savo-Karelia,Finnish,su,Maaria,3,2,Maaria (3),Maariaan (1); Maariesta (1); maarialta (1),from Maaria (2); to Maaria (1)
1,Mary / Maria / Maarja / Mari,Maija/Maie,Kuusamo,Finland/Savo-Karelia,Finnish,su,Maija,2,2,Maija (2),Maija (2),Maija (2)
1,Mary / Maria / Maarja / Mari,Mary,Kuusamo,Finland/Savo-Karelia,Finnish,su,Maria,2,2,Maarija (1); Maaria (1),Maarijaan (1); Maaria (1),into Mary (1); Mary (1)
1,Mary / Maria / Maarja / Mari,Mary,Kuusamo,Finland/Savo-Karelia,Finnish,su,Maaria,1,1,Maaria (1),Maaria (1),Mary (1)
1,Mary / Maria / Maarja / Mari,Maija/Maie,Kuusjoki,Finland/Savo-Karelia,Finnish,su,Maija,2,2,Maija (2),Maija (1); Maijan (1),Maija (1); Maija (name) (1)
1,Mary / Maria / Maarja / Mari,Mary,Kuusjärvi,Finland/Savo-Karelia,Finnish,su,Maria,1,1,Maria (1),Marian (1),Mary's (1)
1,Mary / Maria / Maarja / Mari,Maija/Maie,Kymi,Finland/Savo-Karelia,Finnish,su,Maija,1,1,Maija (1),Maija (1),Maija (1)
1,Mary / Maria / Maarja / Mari,Mary,Käina,Estonia core/west,North Estonian,viP,Maarja,1,1,Maarja (1),Maarja (1),Mary (1)
1,Mary / Maria / Maarja / Mari,Maija/Maie,Kärkölä,Finland/Savo-Karelia,Finnish,su,musta&Maija,1,1,musta&Maija (1),musta-Maija (1),Black-Maija (1)
1,Mary / Maria / Maarja / Mari,Mari,Kärla,Estonia core/west,North Estonian,viP,Mari,1,1,Mari (1),Mari (1),Mari (1)
1,Mary / Maria / Maarja / Mari,Mary,Kärsämäki,Finland/Savo-Karelia,Finnish,su,Maarija,2,1,Maarija (2),Maarijaan (1); Maarijasta (1),Mary (2)
1,Mary / Maria / Maarja / Mari,Mari,Kõpu,Estonia core/west,North Estonian,viP,Mari,5,1,Mari (5),Mari (4); Maril (1),Mari (4); on Mari (1)
1,Mary / Maria / Maarja / Mari,Mari,Kõpu,Estonia core/west,North Estonian,viP,Marimägi,1,1,Marimägi (1),Marimäele (1),to Mari's hill (1)
1,Mary / Maria / Maarja / Mari,Mary,Laihia,Finland/Savo-Karelia,Finnish,su,Maria,4,4,Maria (4),Maria (4),Mary (4)
1,Mary / Maria / Maarja / Mari,Maija/Maie,Laihia,Finland/Savo-Karelia,Finnish,su,Maija,3,3,Maija (3),Maija (3),Maija (3)
1,Mary / Maria / Maarja / Mari,Mari,Laitila,Finland/Savo-Karelia,Finnish,su,Mari,2,2,Mari (2),Mari (2),Mari (2)
1,Mary / Maria / Maarja / Mari,Maija/Maie,Laitila,Finland/Savo-Karelia,Finnish,su,Maija,1,1,Maija (1),Maija (1),Maija (1)
1,Mary / Maria / Maarja / Mari,Mari,Laiuse,Estonia core/west,North Estonian,viP,Mari,7,5,Mari (7),Mari (3); Maril (3); Mariga (1),Mari (3); to Mari (2); with Mari (1); on Mari (1)
1,Mary / Maria / Maarja / Mari,Mary,Laiuse,Estonia core/west,North Estonian,viP,Maarja,4,1,Maarja (4),Maarja (4),Mary's (3); Mary (1)
1,Mary / Maria / Maarja / Mari,Mary,Laiuse,Estonia core/west,North Estonian,viP,Maria,4,3,Maria (4),Maria (4),Mary (4)
1,Mary / Maria / Maarja / Mari,Mary,Laiuse,Estonia core/west,North Estonian,viP,Mari,3,2,Mari (3),Mari (3),Mary (3)
1,Mary / Maria / Maarja / Mari,Maija/Maie,Laiuse,Estonia core/west,North Estonian,viP,mai,1,1,maie (1),Maie (1),Maie (1)
1,Mary / Maria / Maarja / Mari,Mari,Laiuse,Estonia core/west,North Estonian,viP,mari,1,1,marike (1),marikest (1),little Mari (part.) (1)
1,Mary / Maria / Maarja / Mari,Mary,Laiuse,Estonia core/west,North Estonian,viP,maarjapuu,1,1,maarjapuu (1),maarjapuust (1),from Mary's tree (1)
1,Mary / Maria / Maarja / Mari,Maija/Maie,Lammi,Finland/Savo-Karelia,Finnish,su,Maija,2,2,Maija (2),Maija (1); Maijan (1),Maija (1); Maija's (1)
1,Mary / Maria / Maarja / Mari,Maija/Maie,Lammi,Finland/Savo-Karelia,Finnish,su,maija,1,1,maija (1),maijaa (1),Maija (girl) (1)
1,Mary / Maria / Maarja / Mari,Maria/Maaria,Lappajärvi,Finland/Savo-Karelia,Finnish,su,Maria,3,2,Maria (3),Mariaan (2); Mariasta (1),into Maria (1); from Maria (1); to Maria (1)
1,Mary / Maria / Maarja / Mari,Maija/Maie,Lappajärvi,Finland/Savo-Karelia,Finnish,su,Maija,1,1,Maija (1),Maijan (1),Maija's (1)
1,Mary / Maria / Maarja / Mari,Mary,Lappajärvi,Finland/Savo-Karelia,Finnish,su,Maria,1,1,Marja (1),Marja (1),Mary (1)
1,Mary / Maria / Maarja / Mari,Mary,Lappee,Finland/Savo-Karelia,Finnish,su,Maria,3,2,marja (2); Maria (1),marjaa (1); mariasta (1); Maria (1),Mary (2); from Mary (1)
1,Mary / Maria / Maarja / Mari,Mary,Lappee,Finland/Savo-Karelia,Finnish,su,Mari,1,1,Mari (1),Mari (1),Mary (1)
1,Mary / Maria / Maarja / Mari,Maija/Maie,Lapua,Finland/Savo-Karelia,Finnish,su,Maija,1,1,Maija (1),Maija (1),Maija (1)
1,Mary / Maria / Maarja / Mari,Maria/Maaria,Lapväärtti,Finland/Savo-Karelia,Outside selected Finnic areas,ru,Maria,2,1,Maria (2),Mariaan (1); Mariasta (1),to Maria (1); from Maria (1)
1,Mary / Maria / Maarja / Mari,Mary,Lapväärtti,Finland/Savo-Karelia,Outside selected Finnic areas,ru,marianpäivä,1,1,marianpäivä (1),marianpäivään (1),to Mary's day (1)
1,Mary / Maria / Maarja / Mari,Mari,Lavansaari,Finland/Savo-Karelia,Finnish,su,Mari,2,1,Mari (2),Mari (1); Marin (1),Mari (1); Mari's (1)
1,Mary / Maria / Maarja / Mari,Maija/Maie,Lemi,Finland/Savo-Karelia,Finnish,su,Maija,1,1,Maija (1),Maija (1),Maija (1)
1,Mary / Maria / Maarja / Mari,Mary,Lemi,Finland/Savo-Karelia,Finnish,su,Maria,1,1,Marja (1),Marja (1),Mary (1)
1,Mary / Maria / Maarja / Mari,Mary,Lemi,Finland/Savo-Karelia,Finnish,su,neitsytmarja,1,1,neitsymarja (1),Neitsyt-Marja (1),Virgin-Mary (1)
1,Mary / Maria / Maarja / Mari,Mary,Lempaala,Finland/Savo-Karelia,Finnish,su,Maaria,8,7,Moaaria (2); Maaria (2); Maariainen (2); Maarijaine (1); Maariaine (1),Maarialle (2); Maarian (2); Maaria (2); Maarijainen (1); Maarjainen (1),to Mary (2); Mary's (2); Mary (2); Virgin Mary (1); Little Mary (1)
1,Mary / Maria / Maarja / Mari,Mary,Lempaala,Finland/Savo-Karelia,Finnish,su,Maria,5,5,Maria (1); maariaine (1); Muaria (1); maariainen (1); Maariainen (1),Maria (1); Maariatta (1); Marian (1); Maariainen (1); Maarianne (1),Mary (4); Mary's (1)
1,Mary / Maria / Maarja / Mari,Maija/Maie,Lempaala,Finland/Savo-Karelia,Finnish,su,Maija,2,2,Maija (2),Maija (1); Maijaa (1),Maija (2)
1,Mary / Maria / Maarja / Mari,Mary,Lempaala,Finland/Savo-Karelia,Finnish,su,Maaria & -ine,2,1,moaari-aine (2),Maariane (2),with Mary (2)
1,Mary / Maria / Maarja / Mari,Mari,Lempaala,Finland/Savo-Karelia,Finnish,su,Mari,1,1,Marri (1),Marilta (1),Mari (1)
1,Mary / Maria / Maarja / Mari,Mary,Lempaala,Finland/Savo-Karelia,Finnish,su,Marian aine,1,1,maari-aine (1),maariaine (1),Virgin Mary (1)
1,Mary / Maria / Maarja / Mari,Mary,Lempaala,Finland/Savo-Karelia,Finnish,su,maarian,1,1,moariain (1),maarian (1),Mary's (1)
1,Mary / Maria / Maarja / Mari,Maria/Maaria,Leppävirta,Finland/Savo-Karelia,Finnish,su,Maria,3,1,Maaria (3),Maarialta (1); Maaria (1); Maarian (1),from Maaria (1); Maaria (1); Maaria's (1)
1,Mary / Maria / Maarja / Mari,Maija/Maie,Leppävirta,Finland/Savo-Karelia,Finnish,su,Maija,1,1,Maija (1),Maija (1),Maija (name) (1)
1,Mary / Maria / Maarja / Mari,Mary,Leppävirta,Finland/Savo-Karelia,Finnish,su,Maaria,1,1,Maaria (1),Maaria (1),Mary (1)
1,Mary / Maria / Maarja / Mari,Maija/Maie,Lieto,Finland/Savo-Karelia,Finnish,su,Maija,3,2,Maija (3),Maija (2); Maijaa (1),Maija (2); Maija (accusative) (1)
1,Mary / Maria / Maarja / Mari,Maija/Maie,Lieto,Finland/Savo-Karelia,Finnish,su,mustamaija,1,1,mustamaija (1),mustamaija (1),black-maija (1)
1,Mary / Maria / Maarja / Mari,Mari,Lihula,Estonia core/west,North Estonian,viP,Mari,1,1,Mari (1),Marikene (1),Mari (1)
1,Mary / Maria / Maarja / Mari,Mary,Liissilä,Ingria,Finnish,su,Maria,3,3,moaria (1); Mariainen (1); Moarijane (1),Maria (1); Mariainen (1); Marian (1),Mary (3)
1,Mary / Maria / Maarja / Mari,Maija/Maie,Liissilä,Ingria,Finnish,su,maito/maija,1,1,maito/maija (1),maidon/maijon (1),of milk/Maija (1)
1,Mary / Maria / Maarja / Mari,Mari,Liissilä,Ingria,Finnish,su,Mari,1,1,Mari (1),Marille (1),to Mari (1)
1,Mary / Maria / Maarja / Mari,Mary,Liissilä,Ingria,Finnish,su,Mari,1,1,Mari (1),Mari (1),Mary (1)
1,Mary / Maria / Maarja / Mari,Mary,Liissilä,Ingria,Finnish,su,Neitsyt Maria,1,1,neitsytmuarja (1),Neitsyt-Marja (1),Virgin Mary (1)
1,Mary / Maria / Maarja / Mari,Mary,Liissilä,Ingria,Finnish,su,Neitsyt-Maria,1,1,Neitsyt-Maaria (1),Neitsyt-Maaria (1),Virgin Mary (1)
1,Mary / Maria / Maarja / Mari,Maija/Maie,Liperi,Finland/Savo-Karelia,Finnish,su,Maija,2,2,Maija (2),Maija (2),Maija (2)
1,Mary / Maria / Maarja / Mari,Mary,Liperi,Finland/Savo-Karelia,Finnish,su,Maaria,2,2,Maaria (2),Maaria (2),Mary (2)
1,Mary / Maria / Maarja / Mari,Mary,Liperi,Finland/Savo-Karelia,Finnish,su,Maria,2,2,Maria (2),Marian (1); Maria (1),Mary's (1); Mary (1)
1,Mary / Maria / Maarja / Mari,Maija/Maie,Lohtaja,Finland/Savo-Karelia,Finnish,su,Maija,2,1,Maijja (2),Maijalle (1); Maija (1),to Maija (1); Maija (1)
1,Mary / Maria / Maarja / Mari,Mary,Loppi,Finland/Savo-Karelia,Finnish,su,Maaria,4,3,Maaria (4),Maaria (4),Mary (4)
1,Mary / Maria / Maarja / Mari,Maija/Maie,Loppi,Finland/Savo-Karelia,Finnish,su,Maija,2,2,Maija (2),Maija (1); Maijaa (1),Maija (2)
1,Mary / Maria / Maarja / Mari,Mary,Loppi,Finland/Savo-Karelia,Finnish,su,Maria,1,1,Maria (1),Maria (1),Mary (1)
1,Mary / Maria / Maarja / Mari,Maija/Maie,Luhanka,Finland/Savo-Karelia,Finnish,su,Maija,1,1,Maija (1),Maija (1),Maija (1)
1,Mary / Maria / Maarja / Mari,Mary,Luhanka,Finland/Savo-Karelia,Finnish,su,Maaria,1,1,Maaria+n (1),Maarian (1),Mary's (1)
1,Mary / Maria / Maarja / Mari,Mary,Luhanka,Finland/Savo-Karelia,Finnish,su,Maria,1,1,Maria (1),Maria (1),Mary (1)
1,Mary / Maria / Maarja / Mari,Mary,Lumivaara,Finland/Savo-Karelia,Finnish,su,Maaria,1,1,Meeri (1),Meeri (1),Mary (1)
1,Mary / Maria / Maarja / Mari,Mary,Luopioinen,Finland/Savo-Karelia,Finnish,su,Maaria,1,1,Maaria (1),Marian (1),Mary's (1)
1,Mary / Maria / Maarja / Mari,Mary,Luumäki,Finland/Savo-Karelia,Finnish,su,Maria,2,2,Maria (2),Mariaa (1); Maria (1),Mary (2)
1,Mary / Maria / Maarja / Mari,Maija/Maie,Luumäki,Finland/Savo-Karelia,Finnish,su,Maija,1,1,Maija (1),Maijon (1),Maija's (1)
1,Mary / Maria / Maarja / Mari,Maija/Maie,Luumäki,Finland/Savo-Karelia,Finnish,su,maija,1,1,maija (1),maijan (1),Maija's (1)
1,Mary / Maria / Maarja / Mari,Mari,Luumäki,Finland/Savo-Karelia,Finnish,su,Maari,1,1,Maari (1),Maarin (1),Maari's (1)
1,Mary / Maria / Maarja / Mari,Maria/Maaria,Luumäki,Finland/Savo-Karelia,Finnish,su,Maria,1,1,Maria (1),Maria (1),Maria (1)
1,Mary / Maria / Maarja / Mari,Mary,Luumäki,Finland/Savo-Karelia,Finnish,su,Maaria,1,1,Maaria (1),Maarian (1),Mary's (1)
1,Mary / Maria / Maarja / Mari,Mari,Lääne-Nigula,Estonia core/west,North Estonian,viP,Mari,1,1,Mari (1),Mari (1),Mari (1)
1,Mary / Maria / Maarja / Mari,Mary,Lääne-Nigula,Estonia core/west,North Estonian,viP,Maarja,1,1,Maarja (1),Maarja (1),Mary (1)
1,Mary / Maria / Maarja / Mari,Mary,Lüganuse,Estonia core/west,North Estonian,viP,Mari,4,2,Mari (4),Mari (4),Mary (4)
1,Mary / Maria / Maarja / Mari,Mary,Lüganuse,Estonia core/west,North Estonian,viP,Maarja,3,3,Maarja (2); Maarija (1),Maarja (2); Maarija (1),Mary (3)
1,Mary / Maria / Maarja / Mari,Mari,Lüganuse,Estonia core/west,North Estonian,viP,marikene,2,1,marikene (2),marikene (2),little Mari (2)
1,Mary / Maria / Maarja / Mari,Mary,Lüganuse,Estonia core/west,North Estonian,viP,Maria,2,1,maria (2),Maria (2),Mary (2)
1,Mary / Maria / Maarja / Mari,Maija/Maie,Maaninka,Finland/Savo-Karelia,Finnish,su,Maija,1,1,Maija (1),Maija (1),Maija (1)
1,Mary / Maria / Maarja / Mari,Mary,Maaninka,Finland/Savo-Karelia,Finnish,su,Maija,1,1,Maija (1),Maija (1),Mary (1)
1,Mary / Maria / Maarja / Mari,Mari,Maarja-Magdaleena,Estonia core/west,North Estonian,viP,Mari,9,4,Mari (9),Mari (7); Marikene (1); Maril (1),Mari (7); little Mari (1); at Mari (1)
1,Mary / Maria / Maarja / Mari,Mari,Maarja-Magdaleena,Estonia core/west,North Estonian,viP,Marike,3,3,Marike (2); Marikene (1),Marike (2); Marikene (1),Little Mari (2); little Mari (1)
1,Mary / Maria / Maarja / Mari,Mary,Maarja-Magdaleena,Estonia core/west,North Estonian,viP,Mari,3,1,Mari (3),Mari (3),Mary (3)
1,Mary / Maria / Maarja / Mari,Maija/Maie,Maarja-Magdaleena,Estonia core/west,North Estonian,viP,Maie,1,1,Maie (1),Maie (1),Maie (1)
1,Mary / Maria / Maarja / Mari,Mary,Maarja-Magdaleena,Estonia core/west,North Estonian,viP,Maaria,1,1,Maaria (1),Maaria (1),Mary (1)
1,Mary / Maria / Maarja / Mari,Mari,Markkova,Ingria,Finnish,suI,Mari,3,1,Mari (3),Mari (3),Mari (3)
1,Mary / Maria / Maarja / Mari,Mary,Markkova,Ingria,Finnish,suI,Maaria,1,1,Maariaine (1),Maaria (1),Mary (1)
1,Mary / Maria / Maarja / Mari,Mary,Markkova,Ingria,Finnish,suI,Maria,1,1,Maaria (1),Marialle (1),to Mary (1)
1,Mary / Maria / Maarja / Mari,Mary,Martna,Estonia core/west,North Estonian,viP,Mari,2,1,Mari (2),Mari (2),Mary (2)
1,Mary / Maria / Maarja / Mari,Mari,Martna,Estonia core/west,North Estonian,viP,Jurist-Mari,1,1,Jurist-Mari (1),Jurist-Marist (1),from Jurist-Mari (1)
1,Mary / Maria / Maarja / Mari,Mary,Marttila,Finland/Savo-Karelia,Finnish,su,Maria,5,4,Maaria (4); Maarja (1),Maaria (4); Maarja (1),Mary (5)
1,Mary / Maria / Maarja / Mari,Maija/Maie,Marttila,Finland/Savo-Karelia,Finnish,su,Maija,2,2,maija (1); Maija (1),Maija (2),Maija (2)
1,Mary / Maria / Maarja / Mari,Mary,Marttila,Finland/Savo-Karelia,Finnish,su,Maarja,2,1,Maarja (2),Maarja (2),Mary (2)
1,Mary / Maria / Maarja / Mari,Mary,Masku,Finland/Savo-Karelia,Finnish,su,Maria,1,1,Maarja (1),Maarja (1),Mary (1)
1,Mary / Maria / Maarja / Mari,Maija/Maie,Merikarvia,Finland/Savo-Karelia,Outside selected Finnic areas,ru,Maija,1,1,Maija (1),Maijaa (1),Maija (1)
1,Mary / Maria / Maarja / Mari,Maria/Maaria,Merikarvia,Finland/Savo-Karelia,Outside selected Finnic areas,ru,Maria,1,1,Maria (1),Maria (1),Maria (1)
1,Mary / Maria / Maarja / Mari,Mary,Metsäpirtti,Finland/Savo-Karelia,Finnish,su,Maria,6,5,Maria (3); Muariai-sta (1); Maariainen (1); Maaria (1),Maaria (2); Maria (2); Mariaista (1); Mariaa (1),Mary (5); Mary's (1)
1,Mary / Maria / Maarja / Mari,Maija/Maie,Metsäpirtti,Finland/Savo-Karelia,Finnish,su,Maija,2,2,Maija (2),Maija (1); Maijaa (1),Maija (2)
1,Mary / Maria / Maarja / Mari,Maija/Maie,Metsäpirtti,Finland/Savo-Karelia,Finnish,su,mustamaija,1,1,mustamaija (1),Mustamaija (1),Black-Maija (1)
1,Mary / Maria / Maarja / Mari,Mary,Metsäpirtti,Finland/Savo-Karelia,Finnish,su,Maaria,1,1,Maariainen (1),Maariainen (1),Little Mary (1)
1,Mary / Maria / Maarja / Mari,Maija/Maie,Mietoinen,Finland/Savo-Karelia,Finnish,su,Maija,1,1,Maija (1),Maija (1),Maija (1)
1,Mary / Maria / Maarja / Mari,Mari,Mihkli,Estonia core/west,North Estonian,viP,Mari,9,4,Mari (8); mari (1),Mari (5); Marit (2); Maril (1); Marike (1),Mari (5); Mari (object) (2); at Mari's (1); little Mari (1)
1,Mary / Maria / Maarja / Mari,Mari,Mihkli,Estonia core/west,North Estonian,viP,Marike,1,1,Marike (1),Marike (1),little Mari (1)
1,Mary / Maria / Maarja / Mari,Mari,Miikkulainen,Ingria,Finnish,su,Mari,1,1,Mari (1),Mari (1),Mari (1)
1,Mary / Maria / Maarja / Mari,Mary,Miikkulainen,Ingria,Finnish,su,Maaria,1,1,Maaria (1),Marian (1),Mary's (1)
1,Mary / Maria / Maarja / Mari,Mary,Miikkulainen,Ingria,Finnish,su,Mari,1,1,Mari (1),Mari (1),Mary (1)
1,Mary / Maria / Maarja / Mari,Mari,Moloskovitsa,Ingria,Finnish,su,Mari,5,3,Mari (5),Mari (4); Marin (1),Mari (4); Mari's (1)
1,Mary / Maria / Maarja / Mari,Mary,Moloskovitsa,Ingria,Finnish,su,Maaria,4,4,Maariainen (2); Maaria (2),Maariainen (2); Maaria (2),Mary (3); Little Mary (1)
1,Mary / Maria / Maarja / Mari,Maria/Maaria,Moloskovitsa,Ingria,Finnish,su,Maria,1,1,Maria (1),Marialle (1),to Maria (1)
1,Mary / Maria / Maarja / Mari,Mary,Moloskovitsa,Ingria,Finnish,su,Mari,1,1,Mari (1),Mari (1),Mary (1)
1,Mary / Maria / Maarja / Mari,Mary,Moloskovitsa,Ingria,Finnish,su,Maria,1,1,Maaria (1),Maaria (1),Mary (1)
1,Mary / Maria / Maarja / Mari,Mary,Moloskovitsa,Ingria,Finnish,su,Marian,1,1,Maaria+isen (1),Marian (1),Mary's (1)
1,Mary / Maria / Maarja / Mari,Maija/Maie,Mouhijärvi,Finland/Savo-Karelia,Finnish,su,Maija,9,6,Maija (9),Maija (6); Maijaa (2); Maijan (1),Maija (8); Maija's (1)
1,Mary / Maria / Maarja / Mari,Maria/Maaria,Mouhijärvi,Finland/Savo-Karelia,Finnish,su,Maaria,2,1,Maaria (2),Maariaan (1); Maariasta (1),Maaria (2)
1,Mary / Maria / Maarja / Mari,Maija/Maie,Muhos,Finland/Savo-Karelia,Finnish,su,Maija,4,3,Maija (4),Maija (4),Maija (4)
1,Mary / Maria / Maarja / Mari,Mary,Muhos,Finland/Savo-Karelia,Finnish,su,Maarija,1,1,Maarija (1),Maarijaan (1),Mary (to) (1)
1,Mary / Maria / Maarja / Mari,Mary,Muhos,Finland/Savo-Karelia,Finnish,su,Maria,1,1,Maaria (1),Maaria (1),Mary (1)
1,Mary / Maria / Maarja / Mari,Maija/Maie,Muhu,Estonia core/west,North Estonian,viP,Mai,4,1,maie (4),Maie (4),Maie (4)
1,Mary / Maria / Maarja / Mari,Maija/Maie,Muhu,Estonia core/west,North Estonian,viP,maiekene,4,1,maiekene (4),maiekene (4),little Maie (4)
1,Mary / Maria / Maarja / Mari,Mari,Muhu,Estonia core/west,North Estonian,viP,Mari,4,3,Mari (4),Mari (4),Mari (4)
1,Mary / Maria / Maarja / Mari,Mary,Muhu,Estonia core/west,North Estonian,viP,Maarja,1,1,Maarja (1),Maarja (1),Mary's (1)
1,Mary / Maria / Maarja / Mari,Mary,Muhu,Estonia core/west,North Estonian,viP,maarjuke,1,1,maarjuke (1),maarjuke (1),Little Mary (1)
1,Mary / Maria / Maarja / Mari,Mary,Multia,Finland/Savo-Karelia,Finnish,su,Maria,1,1,Maria (1),Marian (1),Mary's (1)
1,Mary / Maria / Maarja / Mari,Mari,Muolaa,Finland/Savo-Karelia,Finnish,su,Mari,5,2,Mari (5),Mari (4); Marilta (1),Mari (4); from Mari (1)
1,Mary / Maria / Maarja / Mari,Mary,Muolaa,Finland/Savo-Karelia,Finnish,su,Mari,2,2,Mari (2),Mari (2),Mary (2)
1,Mary / Maria / Maarja / Mari,Mari,Mustjala,Estonia core/west,North Estonian,viP,Mari,2,2,Mari (2),Mari (2),Mari (2)
1,Mary / Maria / Maarja / Mari,Maria/Maaria,Muurla,Finland/Savo-Karelia,Finnish,su,Maria,2,1,Maarja (2),Maarja (1); Maarjasta (1),Maria (1); from Maria (1)
1,Mary / Maria / Maarja / Mari,Mary,Muurla,Finland/Savo-Karelia,Finnish,su,Maarja,2,1,maarja (1); maarjas (1),Maarja (1); Maarjasta (1),Mary (1); from Mary (1)
1,Mary / Maria / Maarja / Mari,Maija/Maie,Muurla,Finland/Savo-Karelia,Finnish,su,Maija,1,1,Maija (1),Maijan (1),Maija's (1)
1,Mary / Maria / Maarja / Mari,Mary,Muuruvesi,Finland/Savo-Karelia,Finnish,su,Maria,1,1,Maria (1),Maria (1),Mary (1)
1,Mary / Maria / Maarja / Mari,Maija/Maie,Mynämäki,Finland/Savo-Karelia,Finnish,su,Maija,1,1,maisa (1),Maisa (1),Maija (1)
1,Mary / Maria / Maarja / Mari,Maria/Maaria,Mäntsälä,Finland/Savo-Karelia,Finnish,su,maaria,2,1,maaria (2),maariaan (1); maariasta (1),to Maaria (1); from Maaria (1)
1,Mary / Maria / Maarja / Mari,Maija/Maie,Mäntsälä,Finland/Savo-Karelia,Finnish,su,Maija,1,1,maija (1),maija (1),Maija (1)
1,Mary / Maria / Maarja / Mari,Maija/Maie,Mäntsälä,Finland/Savo-Karelia,Finnish,su,maija,1,1,maija (1),maija (1),Maija (1)
1,Mary / Maria / Maarja / Mari,Maija/Maie,Mäntyharju,Finland/Savo-Karelia,Finnish,su,Maija,3,3,Maija (3),Maija (3),Maija (3)
1,Mary / Maria / Maarja / Mari,Maija/Maie,Mäntyharju,Finland/Savo-Karelia,Finnish,su,maija,2,1,maija (2),maijan (2),of Maija-cows (2)
1,Mary / Maria / Maarja / Mari,Maria/Maaria,Mäntyharju,Finland/Savo-Karelia,Finnish,su,Maria,1,1,Maria (1),Maria (1),Maria (1)
1,Mary / Maria / Maarja / Mari,Mari,Märjamaa,Estonia core/west,North Estonian,viP,Mari,5,4,Mari (5),Mari (5),Mari (5)
1,Mary / Maria / Maarja / Mari,Mary,Märjamaa,Estonia core/west,North Estonian,viP,Maarja,3,2,Maarja (3),Maarja (3),Mary's (2); Mary (1)
1,Mary / Maria / Maarja / Mari,Mary,Nakkila,Finland/Savo-Karelia,Finnish,su,Maaria,1,1,Maaria (1),Maaria (1),Mary (1)
1,Mary / Maria / Maarja / Mari,Maija/Maie,Narvusi,Ingria,Ingrian,in,Maija,154,32,Maija (98); Maije (33); maija (21); Maijo (1); Maijen (1),Maija (98); Maije (14); Maijan (12); Maijen (8); Maijaa (5); Maijoin (3),Maija (98); Maija's (18); Maije (15); Maie (6); Maije's (6); my Maija (2)
1,Mary / Maria / Maarja / Mari,Mary,Narvusi,Ingria,Ingrian,in,Maaria,43,26,Maaria (36); Maariainen (2); Maarian (2); maaria (2); Maariaine (1),Maaria (30); Maarian (8); Maariainen (1); Maariaisen (1); Maarianen (1); Maarialta (1),Mary (31); Mary's (9); from Mary (2); Little Mary (1)
1,Mary / Maria / Maarja / Mari,Mary,Narvusi,Ingria,Ingrian,in,Maria,36,21,Maria (13); Maaria (9); maaria (5); Maarian (4); Maria+n (2); Maare (1),Maria (15); Marian (14); Maaria (6); Maarian (1),Mary (21); Mary's (15)
1,Mary / Maria / Maarja / Mari,Mari,Narvusi,Ingria,Ingrian,in,Mari,23,14,Mari (20); mari (3),Mari (18); Marini (2); Marin (2); Marilta (1),Mari (20); Mari's (2); from Mari (1)
1,Mary / Maria / Maarja / Mari,Maija/Maie,Narvusi,Ingria,Ingrian,in,Maije,15,3,Maije (15),Maije (10); Maijen (2); Maijea (1); Maijehen (1); Maijeni (1),Maije (11); Maije's (2); to Maije (1); my Maije (1)
1,Mary / Maria / Maarja / Mari,Mary,Narvusi,Ingria,Ingrian,in,Mari,9,6,Mari (9),Mari (8); Marin (1),Mary (8); Mary's (1)
1,Mary / Maria / Maarja / Mari,Maija/Maie,Narvusi,Ingria,Ingrian,in,maija,6,3,maijas (4); maija (2),Maijas (4); maije (1); maijaa (1),Maija (5); maija boat (1)
1,Mary / Maria / Maarja / Mari,Maija/Maie,Narvusi,Ingria,Ingrian,in,Maijan,3,2,maijen (1); maijan (1); Maija+n (1),Maijan (3),Maija's (3)
1,Mary / Maria / Maarja / Mari,Mari,Narvusi,Ingria,Ingrian,in,Maari,3,1,maareni (3),Maareni (3),my Maari (3)
1,Mary / Maria / Maarja / Mari,Maija/Maie,Narvusi,Ingria,Ingrian,in,maa/Maija,2,1,maa/maija (2),maiden/maijen (2),lands/Maie's (2)
1,Mary / Maria / Maarja / Mari,Maria/Maaria,Narvusi,Ingria,Ingrian,in,Maaria,2,2,maariaisen (1); Maariainen (1),Marian (1); Maariaisen (1),Maria's (1); Maaria's (1)
1,Mary / Maria / Maarja / Mari,Mary,Narvusi,Ingria,Ingrian,in,Maarja,2,2,Maarja (2),Maarjalta (1); Maarjan (1),from Mary (1); Mary's (1)
1,Mary / Maria / Maarja / Mari,Mary,Narvusi,Ingria,Ingrian,in,Marja,2,1,marrii (1); mari (1),Marja (2),Mary (2)
1,Mary / Maria / Maarja / Mari,Mary,Narvusi,Ingria,Ingrian,in,maariainen,2,1,maariainen (2),maariaisen (1); maariaine (1),of Mary (1); Mary (1)
1,Mary / Maria / Maarja / Mari,Maija/Maie,Narvusi,Ingria,Ingrian,in,(name),1,1,Maije (1),Maije (1),Maije (1)
1,Mary / Maria / Maarja / Mari,Maija/Maie,Narvusi,Ingria,Ingrian,in,Maija (diminutive),1,1,Maije (1),Maije (1),Maije (1)
1,Mary / Maria / Maarja / Mari,Maija/Maie,Narvusi,Ingria,Ingrian,in,Maija-lla-ni,1,1,Maija-lla-ni (1),Maijallani (1),my Maija (1)
1,Mary / Maria / Maarja / Mari,Maija/Maie,Narvusi,Ingria,Ingrian,in,Maijani,1,1,Maija+ni (1),Maijueni (1),my Maija (1)
1,Mary / Maria / Maarja / Mari,Maija/Maie,Narvusi,Ingria,Ingrian,in,Maijatytär,1,1,Maijetytär (1),Maijetyttären (1),Maija's daughter (1)
1,Mary / Maria / Maarja / Mari,Maija/Maie,Narvusi,Ingria,Ingrian,in,Maijelleni,1,1,Maije+lle+ni (1),Maijelleni (1),To my Maije (1)
1,Mary / Maria / Maarja / Mari,Maija/Maie,Narvusi,Ingria,Ingrian,in,Maijetyttö,1,1,Maije+tyttö (1),Maijetyttö (1),Maije-girl (1)
1,Mary / Maria / Maarja / Mari,Maija/Maie,Narvusi,Ingria,Ingrian,in,Maijetytär,1,1,Maije+tytär (1),Maijetyttären (1),Maije-daughter (1)
1,Mary / Maria / Maarja / Mari,Mari,Narvusi,Ingria,Ingrian,in,Maari (proper name),1,1,maareni (1),Maareni (1),my Maari (1)
1,Mary / Maria / Maarja / Mari,Maria/Maaria,Narvusi,Ingria,Ingrian,in,Maarian maa,1,1,Maarian maa (1),Maarian maa (1),Maaria's earth (1)
1,Mary / Maria / Maarja / Mari,Mary,Narvusi,Ingria,Ingrian,in,Maaria & aine,1,1,Maaria & aine (1),Marian aine (1),Mary's material (1)
1,Mary / Maria / Maarja / Mari,Mary,Narvusi,Ingria,Ingrian,in,Maaria+maa,1,1,Maaria+maa (1),Maarian maa (1),Mary's earth (1)
1,Mary / Maria / Maarja / Mari,Mary,Narvusi,Ingria,Ingrian,in,Maarjainen,1,1,Maariainen (1),Maarjainen (1),Little Mary (1)
1,Mary / Maria / Maarja / Mari,Mary,Narvusi,Ingria,Ingrian,in,Maarjatta,1,1,Maariaine (1),Maariaine (1),Mary (1)
1,Mary / Maria / Maarja / Mari,Mary,Narvusi,Ingria,Ingrian,in,Marian,1,1,maaria+isen (1),maarian (1),Mary's (1)
1,Mary / Maria / Maarja / Mari,Mary,Nilsiä,Finland/Savo-Karelia,Finnish,su,Marian,2,2,Marian (2),Marian (2),Mary's (2)
1,Mary / Maria / Maarja / Mari,Maria/Maaria,Nilsiä,Finland/Savo-Karelia,Finnish,su,marja (berry) or Maria (name),1,1,maria (1),mariaan (1),Maria (1)
1,Mary / Maria / Maarja / Mari,Mari,Nissi,Estonia core/west,North Estonian,viP,Mari,2,1,Mari (2),Mari (2),Mari (2)
1,Mary / Maria / Maarja / Mari,Mary,Nivala,Finland/Savo-Karelia,Finnish,su,maaria,2,1,maariaan (1); maariasta (1),Maariaan (1); Maariasta (1),to Mary (1); from Mary (1)
1,Mary / Maria / Maarja / Mari,Mary,Nivala,Finland/Savo-Karelia,Finnish,su,Marja,1,1,Marja (1),Marja (1),Mary (1)
1,Mary / Maria / Maarja / Mari,Mary,Norra Finnskoga,Finland/Savo-Karelia,Finnish,su,Maria,2,2,Muarja (1); marjoa (1),Maria (1); Marjaa (1),Mary (2)
1,Mary / Maria / Maarja / Mari,Maija/Maie,Nousiainen,Finland/Savo-Karelia,Finnish,su,Maija,2,2,Maija (2),Maijan (1); Maija (1),Maija's (1); Maija (1)
1,Mary / Maria / Maarja / Mari,Maria/Maaria,Nousiainen,Finland/Savo-Karelia,Finnish,su,Maria,1,1,Marian (1),Marian (1),Maria's (1)
1,Mary / Maria / Maarja / Mari,Mary,Nurmes,Finland/Savo-Karelia,Finnish,su,Maaria,7,5,Maaria (5); Moarijja (2),Maaria (5); Maarijaan (1); Maarijasta (1),Mary (5); into Mary (1); from Mary (1)
1,Mary / Maria / Maarja / Mari,Maija/Maie,Nurmes,Finland/Savo-Karelia,Finnish,su,Maija,5,4,Maija (5),Maija (5),Maija (3); Maija (name) (2)
1,Mary / Maria / Maarja / Mari,Mary,Nurmes,Finland/Savo-Karelia,Finnish,su,Maria,3,3,Maaria (2); Maria (1),Maariaan (1); Maaria (1); Maria (1),Mary (2); to Mary's (1)
1,Mary / Maria / Maarja / Mari,Maria/Maaria,Nurmes,Finland/Savo-Karelia,Finnish,su,Maria,2,1,Maria (2),Marian (1); Maria (1),Maria's (1); Maria (1)
1,Mary / Maria / Maarja / Mari,Mary,Nurmes,Finland/Savo-Karelia,Finnish,su,maaria,2,1,muarija (2),Maarian (1); Maarijasta (1),Mary (1); from Mary (1)
1,Mary / Maria / Maarja / Mari,Maija/Maie,Nurmes,Finland/Savo-Karelia,Finnish,su,maija,1,1,maija (1),Maija (1),Maija (1)
1,Mary / Maria / Maarja / Mari,Mary,Nurmes,Finland/Savo-Karelia,Finnish,su,Maija,1,1,Maija (1),Maija (1),Mary (1)
1,Mary / Maria / Maarja / Mari,Mary,Nyskoga,Finland/Savo-Karelia,Finnish,su,Maria+n,1,1,Maria+n (1),Marian (1),Mary's (1)
1,Mary / Maria / Maarja / Mari,Mari,Nõo,Estonia core/west,South Estonian,viE,Mari,1,1,Mari (1),Mari (1),Mari (1)
1,Mary / Maria / Maarja / Mari,Mary,Nõo,Estonia core/west,South Estonian,viE,Mari,1,1,Mari (1),Mari (1),Mary (1)
1,Mary / Maria / Maarja / Mari,Mary,Oravainen,Finland/Savo-Karelia,Finnish,su,Maria,1,1,Maria (1),Marian (1),Mary's (1)
1,Mary / Maria / Maarja / Mari,Mary,Orimattila,Finland/Savo-Karelia,Finnish,su,Maaria,2,1,Maaria (2),Maariaan (1); Maariasta (1),to Mary (1); from Mary (1)
1,Mary / Maria / Maarja / Mari,Maija/Maie,Orimattila,Finland/Savo-Karelia,Finnish,su,Maija,1,1,maijaa (1),Maijaa (1),Maija (1)
1,Mary / Maria / Maarja / Mari,Mary,Orimattila,Finland/Savo-Karelia,Finnish,su,Maria,1,1,Maarja (1),Maarja (1),Mary (1)
1,Mary / Maria / Maarja / Mari,Mary,Otepää,Estonia core/west,South Estonian,viE,Maarja,4,4,Maarja (2); maarijaga (1); Maarija (1),Maarja (2); Maarjaga (1); Maarjal (1),Mary (2); with Mary (1); on Mary (1)
1,Mary / Maria / Maarja / Mari,Mari,Otepää,Estonia core/west,South Estonian,viE,Mari,3,2,Mari (3),Mari (3),Mari (3)
1,Mary / Maria / Maarja / Mari,Mari,Otepää,Estonia core/west,South Estonian,viE,Marikene,2,2,marikene (1); Marikõnõ (1),Marikene (2),little Mari (2)
1,Mary / Maria / Maarja / Mari,Mary,Otepää,Estonia core/west,South Estonian,viE,Mari,2,1,mari (2),Mari (2),Mary (2)
1,Mary / Maria / Maarja / Mari,Maija/Maie,Otepää,Estonia core/west,South Estonian,viE,Mai,1,1,Mai (1),Maie (1),Maie's (1)
1,Mary / Maria / Maarja / Mari,Maria/Maaria,Oulu,Finland/Savo-Karelia,Finnish,su,Maria,2,1,Maria (2),Marian (1); Mariana (1),Maria's (1); Maria (1)
1,Mary / Maria / Maarja / Mari,Maija/Maie,Oulu,Finland/Savo-Karelia,Finnish,su,Maija,1,1,Maija (1),Maija (1),Maija (1)
1,Mary / Maria / Maarja / Mari,Mary,Oulu,Finland/Savo-Karelia,Finnish,su,Maaria,1,1,Maaria (1),Maaria (1),Mary (1)
1,Mary / Maria / Maarja / Mari,Maija/Maie,Paattinen,Finland/Savo-Karelia,Finnish,su,Maija,4,3,Maija (4),Maija (4),Maija (4)
1,Mary / Maria / Maarja / Mari,Maija/Maie,Paavola,Finland/Savo-Karelia,Finnish,su,Maija,1,1,Maija (1),Maija (1),Maija (1)
1,Mary / Maria / Maarja / Mari,Maija/Maie,Padasjoki,Finland/Savo-Karelia,Finnish,su,akerias & Maija,1,1,akeriasmaija (1),Akerias-Maija (1),Eel-Maija (1)
1,Mary / Maria / Maarja / Mari,Maria/Maaria,Padasjoki,Finland/Savo-Karelia,Finnish,su,Maaria,1,1,Maariaan (1),Maariaan (1),into Maaria (Mary) (1)
1,Mary / Maria / Maarja / Mari,Mari,Paide,Estonia core/west,North Estonian,viP,Mari,10,2,Mari (10),Mari (6); Marile (2); Marist (1); Maril (1),Mari (6); to Mari (2); of Mari (1); Mari (adessive) (1)
1,Mary / Maria / Maarja / Mari,Maija/Maie,Paide,Estonia core/west,North Estonian,viP,Maie,1,1,Maie (1),Maie (1),Maie (1)
1,Mary / Maria / Maarja / Mari,Mary,Paide,Estonia core/west,North Estonian,viP,Maarja,1,1,Maarja (1),Maarja (1),Virgin Mary (1)
1,Mary / Maria / Maarja / Mari,Mary,Paide,Estonia core/west,North Estonian,viP,Mari,1,1,Mari (1),Mari (1),Mary (1)
1,Mary / Maria / Maarja / Mari,Mary,Paide,Estonia core/west,North Estonian,viP,Maria,1,1,Maria (1),Maria (1),Mary (1)
1,Mary / Maria / Maarja / Mari,Mary,Paimio,Finland/Savo-Karelia,Finnish,su,Maria,3,1,mar (2); maria (1),Maria (3),Mary (3)
1,Mary / Maria / Maarja / Mari,Maria/Maaria,Paimio,Finland/Savo-Karelia,Finnish,su,maaria,2,1,maaria (2),Maaria (1); maariasta (1),Maaria (1); from Maaria (1)
1,Mary / Maria / Maarja / Mari,Mary,Paimio,Finland/Savo-Karelia,Finnish,su,marianpäivä,2,1,maarianpäivä (1); määrianpäivä (1),Marianpäivä (1); Marianpäivästä (1),Mary's Day (1); from Mary's Day (1)
1,Mary / Maria / Maarja / Mari,Maija/Maie,Paimio,Finland/Savo-Karelia,Finnish,su,Maija,1,1,Maija (1),Maija (1),Maija (1)
1,Mary / Maria / Maarja / Mari,Mary,Paistu,Estonia core/west,South Estonian,viE,Maarja,16,12,Maarja (13); maarja (2); Maarija (1),Maarja (14); Maarjal (1); Maarjani (1),Mary (8); Mary's (7); to Mary (1)
1,Mary / Maria / Maarja / Mari,Mari,Paistu,Estonia core/west,South Estonian,viE,Mari,15,9,Mari (8); mari (4); marilt (1); Mari+ke (1); Marike (1),Mari (11); Marilt (1); Marikest (1); Marist (1); Marike (1),Mari (12); from Mari (1); little Mari (1); Little Mari (1)
1,Mary / Maria / Maarja / Mari,Mary,Paistu,Estonia core/west,South Estonian,viE,Mari,9,6,Mari (8); mari (1),Mari (9),Mary (9)
1,Mary / Maria / Maarja / Mari,Maija/Maie,Paistu,Estonia core/west,South Estonian,viE,Maie,5,1,Maie (5),Maie (5),Maie (5)
1,Mary / Maria / Maarja / Mari,Mari,Paistu,Estonia core/west,South Estonian,viE,Marijale,3,1,Marijalle (2); Maarijalle (1),Marijale (3),to Mari (3)
1,Mary / Maria / Maarja / Mari,Maija/Maie,Paistu,Estonia core/west,South Estonian,viE,Mai,1,1,Maie (1),Maie (1),Maie (1)
1,Mary / Maria / Maarja / Mari,Mari,Paistu,Estonia core/west,South Estonian,viE,Maarja,1,1,Maari (1),Maari (1),Maari (1)
1,Mary / Maria / Maarja / Mari,Mari,Paistu,Estonia core/west,South Estonian,viE,Mari+kene,1,1,marikestä (1),Marikest (1),from little Mari (1)
1,Mary / Maria / Maarja / Mari,Mari,Paistu,Estonia core/west,South Estonian,viE,Maritse,1,1,Marikene (1),Marikene (1),Mari (1)
1,Mary / Maria / Maarja / Mari,Mari,Paistu,Estonia core/west,South Estonian,viE,mari,1,1,mari (1),mari (1),Mari (1)
1,Mary / Maria / Maarja / Mari,Mary,Paistu,Estonia core/west,South Estonian,viE,maarjapäev,1,1,maarjapäev (1),maarjapäeva (1),Mary's Day (1)
1,Mary / Maria / Maarja / Mari,Mary,Paistu,Estonia core/west,South Estonian,viE,taevaema,1,1,taevaenna (1),taevaema (1),Virgin Mary (1)
1,Mary / Maria / Maarja / Mari,Mari,Palamuse,Estonia core/west,North Estonian,viP,Mari,22,7,Mari (22),Mari (17); Marit (3); Mariga (2),Mari (17); Mari (obj.) (3); with Mari (2)
1,Mary / Maria / Maarja / Mari,Mary,Palamuse,Estonia core/west,North Estonian,viP,Mari,3,1,Mari (3),Mari (3),Mary (3)
1,Mary / Maria / Maarja / Mari,Mary,Palamuse,Estonia core/west,North Estonian,viP,maarjapuu,3,2,maarjapuu (2); maarja_puu (1),maarjapuu (3),Mary's-tree (2); Mary's tree (1)
1,Mary / Maria / Maarja / Mari,Mari,Palamuse,Estonia core/west,North Estonian,viP,mari,2,1,mari (1); matar (1),maril (1); mari (1),on Mari (1); Mari (1)
1,Mary / Maria / Maarja / Mari,Maria/Maaria,Palamuse,Estonia core/west,North Estonian,viP,Maarja,2,1,Maarijale (1); maarja (1),Maarjale (1); Maarja (1),to Maarja (1); Maarja's (1)
1,Mary / Maria / Maarja / Mari,Mari,Palamuse,Estonia core/west,North Estonian,viP,Marike,1,1,Marike (1),Marike (1),Mari (1)
1,Mary / Maria / Maarja / Mari,Mari,Palamuse,Estonia core/west,North Estonian,viP,marikene,1,1,marikene (1),marikene (1),little Mari (1)
1,Mary / Maria / Maarja / Mari,Maria/Maaria,Paltamo,Finland/Savo-Karelia,Finnish,su,Maria,3,1,Maria (3),Maria (3),Maria (3)
1,Mary / Maria / Maarja / Mari,Mary,Paltamo,Finland/Savo-Karelia,Finnish,su,Maria,3,1,Maria (3),Maria (3),Mary (3)
1,Mary / Maria / Maarja / Mari,Mary,Parkano,Finland/Savo-Karelia,Finnish,su,Maria,3,3,Maria (3),Maria (2); Marian (1),Mary (2); Mary's (1)
1,Mary / Maria / Maarja / Mari,Mary,Parkano,Finland/Savo-Karelia,Finnish,su,Maaria,1,1,Maaria (1),Maaria (1),Mary (1)
1,Mary / Maria / Maarja / Mari,Mari,Peetri,Estonia core/west,North Estonian,viP,Mari,8,7,Mari (8),Mari (7); Marile (1),Mari (6); to Mari (1); Mari's (1)
1,Mary / Maria / Maarja / Mari,Mary,Peetri,Estonia core/west,North Estonian,viP,Mari,4,1,Mari (4),Mari (4),Mary (4)
1,Mary / Maria / Maarja / Mari,Maija/Maie,Peetri,Estonia core/west,North Estonian,viP,Mai,1,1,Mai (1),Maie (1),Maie (1)
1,Mary / Maria / Maarja / Mari,Maija/Maie,Peetri,Estonia core/west,North Estonian,viP,maie,1,1,maie (1),Maiele (1),to Maie (1)
1,Mary / Maria / Maarja / Mari,Mari,Peetri,Estonia core/west,North Estonian,viP,Marikene,1,1,Marikene (1),Marikene (1),little Mari (1)
1,Mary / Maria / Maarja / Mari,Mari,Peetri,Estonia core/west,North Estonian,viP,mari,1,1,mari (1),Mari (1),Mari (1)
1,Mary / Maria / Maarja / Mari,Mary,Peetri,Estonia core/west,North Estonian,viP,Maaria,1,1,Maaria (1),Maaria (1),Mary (1)
1,Mary / Maria / Maarja / Mari,Maria/Maaria,Perho,Finland/Savo-Karelia,Finnish,su,marja,2,1,marja (2),mariaan (1); mariasta (1),to Maria (1); from Maria (1)
1,Mary / Maria / Maarja / Mari,Mary,Perniö,Finland/Savo-Karelia,Finnish,su,Maaria,1,1,Maaria (1),Maaria (1),Mary (1)
1,Mary / Maria / Maarja / Mari,Mary,Perniö,Finland/Savo-Karelia,Finnish,su,Maria,1,1,Maarja (1),Maarja (1),Mary (1)
1,Mary / Maria / Maarja / Mari,Maija/Maie,Pertteli,Finland/Savo-Karelia,Finnish,su,Maija,2,2,Maija (2),Maijan (2),Maija's (2)
1,Mary / Maria / Maarja / Mari,Mary,Pertteli,Finland/Savo-Karelia,Finnish,su,maarjanpäivä,1,1,maarjanpeevä (1),Maarjanpäivä (1),Mary's day (1)
1,Mary / Maria / Maarja / Mari,Mary,Pieksämäki,Finland/Savo-Karelia,Finnish,su,Maaria,2,2,Maaria (2),Maarian (2),Mary's (2)
1,Mary / Maria / Maarja / Mari,Mary,Pieksämäki,Finland/Savo-Karelia,Finnish,su,Maria,2,2,Maria (1); Marija (1),Maria (1); Marija (1),Mary (2)
1,Mary / Maria / Maarja / Mari,Mary,Pieksämäki,Finland/Savo-Karelia,Finnish,su,Marja,2,1,Marrija (2),Marjaan (1); Marjasta (1),into Mary (1); from Mary (1)
1,Mary / Maria / Maarja / Mari,Maria/Maaria,Pieksämäki,Finland/Savo-Karelia,Finnish,su,Maria,1,1,Maria (1),Maria (1),Maria (1)
1,Mary / Maria / Maarja / Mari,Mary,Pieksämäki,Finland/Savo-Karelia,Finnish,su,Marianen,1,1,Marianen (1),Marianen (1),Mary's (1)
1,Mary / Maria / Maarja / Mari,Mary,Pielavesi,Finland/Savo-Karelia,Finnish,su,Maria,4,3,marija (2); Muaria (1); Marja (1),Mariaan (1); Mariaa (1); Marijasta (1); Marja (1),Mary (2); into Mary (1); from Mary (1)
1,Mary / Maria / Maarja / Mari,Mary,Pielavesi,Finland/Savo-Karelia,Finnish,su,Maaria,3,2,Maaria (3),Maarian (3),Mary's (3)
1,Mary / Maria / Maarja / Mari,Maria/Maaria,Pielavesi,Finland/Savo-Karelia,Finnish,su,Maria,1,1,Muarija (1),Maria (1),Maria (1)
1,Mary / Maria / Maarja / Mari,Mary,Pielisjärvi,Finland/Savo-Karelia,Finnish,su,Maaria,3,3,Maaria (3),Maaria (2); Maarian (1),Mary (2); Mary's (1)
1,Mary / Maria / Maarja / Mari,Maija/Maie,Pielisjärvi,Finland/Savo-Karelia,Finnish,su,Maija,2,2,Maija (2),Maija (2),Maija (2)
1,Mary / Maria / Maarja / Mari,Maija/Maie,Pielisjärvi,Finland/Savo-Karelia,Finnish,su,kala & Maija,1,1,kala & Maija (1),Kala-Maija (1),Fish-Maija (1)
1,Mary / Maria / Maarja / Mari,Mary,Pielisjärvi,Finland/Savo-Karelia,Finnish,su,Maria,1,1,Maria (1),Marialta (1),from Mary (1)
1,Mary / Maria / Maarja / Mari,Maija/Maie,Pihlajavesi,Finland/Savo-Karelia,Finnish,su,Maija,1,1,Maija (1),Maija (1),Maija (Mary) (1)
1,Mary / Maria / Maarja / Mari,Maija/Maie,Pihlajavesi,Finland/Savo-Karelia,Finnish,su,Mustamaija,1,1,Mustamaija (1),Mustamaija (1),Black Maija (1)
1,Mary / Maria / Maarja / Mari,Maija/Maie,Piikkiö,Finland/Savo-Karelia,Finnish,su,Maija,2,2,Maija (2),Maija (1); Maijaa (1),Maija (2)
1,Mary / Maria / Maarja / Mari,Maija/Maie,Piikkiö,Finland/Savo-Karelia,Finnish,su,varis & Maija/maja,1,1,Varesmaija (1),Varesmaija (1),Crow-Maija (1)
1,Mary / Maria / Maarja / Mari,Mary,Piippola,Finland/Savo-Karelia,Finnish,su,Maria,3,1,Maria (3),Maria (2); Marian (1),Mary (2); Mary's (1)
1,Mary / Maria / Maarja / Mari,Maija/Maie,Piippola,Finland/Savo-Karelia,Finnish,su,Maija,1,1,Maija (1),Maija (1),Maija (1)
1,Mary / Maria / Maarja / Mari,Mary,Piippola,Finland/Savo-Karelia,Finnish,su,Maaria,1,1,Maaria (1),Maaria (1),Mary (1)
1,Mary / Maria / Maarja / Mari,Mari,Pilistvere,Estonia core/west,North Estonian,viP,Mari,17,7,Mari (17),Mari (16); Marist (1),Mari (16); from Mari (1)
1,Mary / Maria / Maarja / Mari,Mary,Pilistvere,Estonia core/west,North Estonian,viP,Mari,10,2,Mari (10),Mari (10),Mary (10)
1,Mary / Maria / Maarja / Mari,Mary,Pilistvere,Estonia core/west,North Estonian,viP,Maarja,2,2,Maarja (1); Maria (1),Maarja (2),Mary (2)
1,Mary / Maria / Maarja / Mari,Maija/Maie,Pilistvere,Estonia core/west,North Estonian,viP,Maie,1,1,Maie (1),Maie (1),Maie (1)
1,Mary / Maria / Maarja / Mari,Mari,Pilistvere,Estonia core/west,North Estonian,viP,Marike,1,1,Marikene (1),Marikene (1),Little Mari (1)
1,Mary / Maria / Maarja / Mari,Mary,Pilistvere,Estonia core/west,North Estonian,viP,Maria,1,1,Maria (1),Maria (1),Mary (1)
1,Mary / Maria / Maarja / Mari,Mary,Pistojärvi,East Karelia/Veps/Tver,Karelian Proper,ka,Maria,1,1,Maria (1),Maria (1),Mary (1)
1,Mary / Maria / Maarja / Mari,Maija/Maie,Polvijärvi,Finland/Savo-Karelia,Finnish,su,Maija,1,1,Maija (1),Maija (1),Maija (1)
1,Mary / Maria / Maarja / Mari,Maija/Maie,Pomarkku,Finland/Savo-Karelia,Finnish,su,Maija,1,1,Maija (1),Maijalle (1),Maija (1)
1,Mary / Maria / Maarja / Mari,Mary,Porajärvi,East Karelia/Veps/Tver,Karelian Proper,kaV,Maaria,10,7,Maaria (10),Maaria (10),Mary (10)
1,Mary / Maria / Maarja / Mari,Mary,Porajärvi,East Karelia/Veps/Tver,Karelian Proper,kaV,Maria,7,5,Maaria (4); maria (1); Moarian (1); Moaria (1),Maaria (4); Maria (2); Marian (1),Mary (6); Mary's (1)
1,Mary / Maria / Maarja / Mari,Maija/Maie,Porajärvi,East Karelia/Veps/Tver,Karelian Proper,kaV,Maija,1,1,maijon (1),maijan (1),Maija's (1)
1,Mary / Maria / Maarja / Mari,Maria/Maaria,Porajärvi,East Karelia/Veps/Tver,Karelian Proper,kaV,Moaria,1,1,Moaria (1),Moaria (1),of Mohari/Maria (1)
1,Mary / Maria / Maarja / Mari,Mary,Pori,Finland/Savo-Karelia,Finnish,su,Maaria,1,1,Maaria (1),Maariaakaan (1),(not even) Mary (1)
1,Mary / Maria / Maarja / Mari,Mary,Posio,Finland/Savo-Karelia,Finnish,su,Maria,1,1,Maaria (1),Maaria (1),Mary (1)
1,Mary / Maria / Maarja / Mari,Maija/Maie,Pudasjärvi,Finland/Savo-Karelia,Finnish,su,Maija,3,2,Maija (3),Maija (2); Maijaa (1),Maija (3)
1,Mary / Maria / Maarja / Mari,Mary,Pudasjärvi,Finland/Savo-Karelia,Finnish,su,Maaria,2,1,maaria (2),Maariaan (1); Maariasta (1),Mary (2)
1,Mary / Maria / Maarja / Mari,Maria/Maaria,Pudasjärvi,Finland/Savo-Karelia,Finnish,su,Maaria,1,1,Maaria (1),maarialle (1),to Maaria (1)
1,Mary / Maria / Maarja / Mari,Maria/Maaria,Pudasjärvi,Finland/Savo-Karelia,Finnish,su,Maariana,1,1,Maariana (1),maariana (1),as Maria (1)
1,Mary / Maria / Maarja / Mari,Mari,Puhja,Estonia core/west,South Estonian,viE,Mari,3,2,Mari (3),Mari (3),Mari (2); Mari's (1)
1,Mary / Maria / Maarja / Mari,Mary,Puhja,Estonia core/west,South Estonian,viE,Maarja,3,2,maarja (2); Maarja (1),Maarja (3),Mary (3)
1,Mary / Maria / Maarja / Mari,Mary,Puhja,Estonia core/west,South Estonian,viE,Mari,1,1,Mari (1),Mari (1),Mary (1)
1,Mary / Maria / Maarja / Mari,Maija/Maie,Pukkila,Finland/Savo-Karelia,Finnish,su,musta-Maija,1,1,musta-Maija (1),musta-Maija (1),Black-Maija (1)
1,Mary / Maria / Maarja / Mari,Maria/Maaria,Punkalaidun,Finland/Savo-Karelia,Finnish,su,Maaria,2,1,Maaria (2),Maariaan (1); Maariasta (1),Maaria (2)
1,Mary / Maria / Maarja / Mari,Maija/Maie,Punkalaidun,Finland/Savo-Karelia,Finnish,su,Maija,1,1,Maija (1),Maijaa (1),Maija (1)
1,Mary / Maria / Maarja / Mari,Maria/Maaria,Puolanka,Finland/Savo-Karelia,Finnish,su,Maaria,2,1,Maaria (2),Maariaan (1); Maariesta (1),into Maaria (1); from Maaria (1)
1,Mary / Maria / Maarja / Mari,Maija/Maie,Puolanka,Finland/Savo-Karelia,Finnish,su,hertta & Maija,1,1,hertta & Maija (1),Hertta-Maija (1),Hertta-Maija (1)
1,Mary / Maria / Maarja / Mari,Mary,Puolanka,Finland/Savo-Karelia,Finnish,su,Maria,1,1,Maria (1),Maria (1),Mary (1)
1,Mary / Maria / Maarja / Mari,Maija/Maie,Pusula,Finland/Savo-Karelia,Finnish,su,Maija,1,1,Maija (1),Maija (1),Maija (1)
1,Mary / Maria / Maarja / Mari,Mary,Puumala,Finland/Savo-Karelia,Finnish,su,Maria,3,2,maarja (2); Maarja (1),Maarjaa (1); maarjasta (1); Maarja (1),Mary (2); from-Mary (1)
1,Mary / Maria / Maarja / Mari,Mary,Pyhäjärvi Ol.,Finland/Savo-Karelia,Finnish,su,Maaria,1,1,Maaria (1),Maaria (1),Mary (1)
1,Mary / Maria / Maarja / Mari,Maija/Maie,Pyhäjärvi Ul.,Finland/Savo-Karelia,Finnish,su,Maija,3,2,Maija (3),Maijaa (2); Maijaan (1),Maija (2); into Maija (1)
1,Mary / Maria / Maarja / Mari,Mary,Pyhäjärvi Ul.,Finland/Savo-Karelia,Finnish,su,Maaria,2,1,Maaria (2),Maariaan (1); Maariasta (1),into Mary (1); from Mary (1)
1,Mary / Maria / Maarja / Mari,Maria/Maaria,Pyhäjärvi Ul.,Finland/Savo-Karelia,Finnish,su,Maaria,1,1,Maari (1),Maarin (1),Maaria's (1)
1,Mary / Maria / Maarja / Mari,Maija/Maie,Pyhäjärvi Vpl.,Finland/Savo-Karelia,Finnish,su,Maija,2,2,Maija (1); maija (1),Maijalle (1); maijan (1),Maija (1); Maija's (1)
1,Mary / Maria / Maarja / Mari,Maija/Maie,Pyhäjärvi Vpl.,Finland/Savo-Karelia,Finnish,su,musta & Maija,1,1,musta & Maija (1),Musta-Maija (1),Black-Maija (1)
1,Mary / Maria / Maarja / Mari,Mary,Pyhäjärvi Vpl.,Finland/Savo-Karelia,Finnish,su,Maria,1,1,Maria (1),Maria (1),Mary (1)
1,Mary / Maria / Maarja / Mari,Mary,Pyhäselkä,Finland/Savo-Karelia,Finnish,su,Maria,1,1,muarie (1),Maria (1),Mary (1)
1,Mary / Maria / Maarja / Mari,Maija/Maie,Pylkönmäki,Finland/Savo-Karelia,Finnish,su,Maija,2,2,Maija (2),Maija (2),Maija (2)
1,Mary / Maria / Maarja / Mari,Mary,Pälkjärvi,Finland/Savo-Karelia,Finnish,su,Maria,3,2,Maria (3),Maria (3),Mary (3)
1,Mary / Maria / Maarja / Mari,Mary,Pälkjärvi,Finland/Savo-Karelia,Finnish,su,Maaria,2,2,Maaria (2),Maariin (1); Maaria (1),Mary (2)
1,Mary / Maria / Maarja / Mari,Mary,Pälkjärvi,Finland/Savo-Karelia,Finnish,su,Mariainen/muori,1,1,Muariainen (1),Muariainen (1),Mary/Old Woman (1)
1,Mary / Maria / Maarja / Mari,Maija/Maie,Pälkäne,Finland/Savo-Karelia,Finnish,su,Maija,2,2,Maija (2),Maijan (1); Maija (1),Maija's (1); Maija (1)
1,Mary / Maria / Maarja / Mari,Mari,Pärnu,Estonia core/west,North Estonian,viP,Mari,3,3,Mari (3),Mari (3),Mari (3)
1,Mary / Maria / Maarja / Mari,Mary,Pärnu,Estonia core/west,North Estonian,viP,Maarja,2,2,Maarja (2),Maarja (2),Mary (1); Mary's (1)
1,Mary / Maria / Maarja / Mari,Mary,Pärnu,Estonia core/west,North Estonian,viP,Mari,2,2,Mari (2),Mari (2),Mary (2)
1,Mary / Maria / Maarja / Mari,Maija/Maie,Pärnu,Estonia core/west,North Estonian,viP,Maie,1,1,Maie (1),Maie (1),Maie (1)
1,Mary / Maria / Maarja / Mari,Mari,Pärnu-Jaagupi,Estonia core/west,North Estonian,viP,Mari,9,3,Mari (8); Marikene (1),Mari (7); Marike (1); Marikene (1),Mari (7); little Mari (2)
1,Mary / Maria / Maarja / Mari,Mary,Pärnu-Jaagupi,Estonia core/west,North Estonian,viP,Maarja,9,1,Maarja (9),Maarja (4); Maarjata (2); Maarjale (2); Maarjal (1),Mary (4); without Mary (2); to Mary (2); at Mary (1)
1,Mary / Maria / Maarja / Mari,Mari,Pärnu-Jaagupi,Estonia core/west,North Estonian,viP,marikene,1,1,marikene (1),Marikene (1),Little Mari (1)
1,Mary / Maria / Maarja / Mari,Mary,Põltsamaa,Estonia core/west,North Estonian,viP,Mari,16,4,Mari (16),Mari (16),Mary (16)
1,Mary / Maria / Maarja / Mari,Mari,Põltsamaa,Estonia core/west,North Estonian,viP,Mari,13,7,Mari (12); Marike (1),Mari (12); Marikest (1),Mari (12); Little Mari (1)
1,Mary / Maria / Maarja / Mari,Mary,Põltsamaa,Estonia core/west,North Estonian,viP,Maria,7,4,Maria (7),Maria (5); Mariale (2),Mary (7)
1,Mary / Maria / Maarja / Mari,Mari,Põltsamaa,Estonia core/west,North Estonian,viP,Marikene,2,2,Marikene (2),Marikene (2),little Mari (2)
1,Mary / Maria / Maarja / Mari,Maria/Maaria,Põltsamaa,Estonia core/west,North Estonian,viP,Maria,2,2,Maria (2),Mariale (1); Marialt (1),to Maria (1); from Maria (1)
1,Mary / Maria / Maarja / Mari,Maija/Maie,Põltsamaa,Estonia core/west,North Estonian,viP,Maie,1,1,Maie (1),Maie (1),Maie (1)
1,Mary / Maria / Maarja / Mari,Mary,Põltsamaa,Estonia core/west,North Estonian,viP,Maarja,1,1,Maria (1),Maarja (1),Mary (1)
1,Mary / Maria / Maarja / Mari,Mary,Põltsamaa,Estonia core/west,North Estonian,viP,Marikene,1,1,Marikene (1),Marikene (1),little Mary (1)
1,Mary / Maria / Maarja / Mari,Maija/Maie,Põlva,South Estonia/Seto,South Estonian,viE,Maie,4,4,Maie (3); Maieke (1),Maie (2); Maiega (1); Maiekesta (1),Maie (2); with Maie (1); from Maie's place (1)
1,Mary / Maria / Maarja / Mari,Mari,Põlva,South Estonia/Seto,South Estonian,viE,Mari,3,3,Mari (3),Mari (3),Mari (2); Mari's (1)
1,Mary / Maria / Maarja / Mari,Mary,Põlva,South Estonia/Seto,South Estonian,viE,Maarja,3,2,maarja (1); maarijat (1); maarija (1),Maarja (2); Maarjat (1),Mary (2); Mary's (1)
1,Mary / Maria / Maarja / Mari,Mary,Põlva,South Estonia/Seto,South Estonian,viE,Mari,3,3,Mari (2); Maie (1),Mari (2); Maie (1),Mary (3)
1,Mary / Maria / Maarja / Mari,Maija/Maie,Pöide,Estonia core/west,North Estonian,viP,Mari,20,1,Maie (20),Maiekene (10); Maie (10),little Maie (10); Maie (10)
1,Mary / Maria / Maarja / Mari,Maija/Maie,Pöide,Estonia core/west,North Estonian,viP,Maie,2,1,maie (2),Maie (2),Maie (2)
1,Mary / Maria / Maarja / Mari,Maija/Maie,Pöide,Estonia core/west,North Estonian,viP,maiekene,2,1,maiekeine (2),Maiekene (2),little Maie (2)
1,Mary / Maria / Maarja / Mari,Mari,Pöide,Estonia core/west,North Estonian,viP,Mari,2,1,Mari (2),Mari (2),Mari (name) (2)
1,Mary / Maria / Maarja / Mari,Mary,Pöide,Estonia core/west,North Estonian,viP,Mari,1,1,Mari (1),Mari (1),Mary (1)
1,Mary / Maria / Maarja / Mari,Mary,Pöide,Estonia core/west,North Estonian,viP,maria,1,1,maria (1),maria (1),Mary's (1)
1,Mary / Maria / Maarja / Mari,Maija/Maie,Pöytyä,Finland/Savo-Karelia,Finnish,su,Maija,4,3,Maija (4),Maijan (2); Maija (2),Maija's (2); Maija (female name) (1); Maija (1)
1,Mary / Maria / Maarja / Mari,Maija/Maie,Pöytyä,Finland/Savo-Karelia,Finnish,su,maito & Maija,1,1,maitomaijan (1),Maito-Maijan (1),Maito-Maija's (1)
1,Mary / Maria / Maarja / Mari,Maija/Maie,Pöytyä,Finland/Savo-Karelia,Finnish,su,makkara & Maija,1,1,makkara & Maija (1),Makkara-Maija (1),sausage-Maija (1)
1,Mary / Maria / Maarja / Mari,Maija/Maie,Pöytyä,Finland/Savo-Karelia,Finnish,su,makkara&Maija,1,1,makkara&Maija (1),makkara&Maija (1),Makkara-Maija (1)
1,Mary / Maria / Maarja / Mari,Mari,Pühalepa,Estonia core/west,North Estonian,viP,Mari,2,2,Mari (2),Mari (2),Mari (2)
1,Mary / Maria / Maarja / Mari,Maija/Maie,Pühalepa,Estonia core/west,North Estonian,viP,mai,1,1,mai (1),maie (1),Maie's (1)
1,Mary / Maria / Maarja / Mari,Mary,Pühalepa,Estonia core/west,North Estonian,viP,Marja,1,1,Marja (1),Marja (1),Mary's (1)
1,Mary / Maria / Maarja / Mari,Maija/Maie,Raahe,Finland/Savo-Karelia,Finnish,su,Maija,2,1,Maija (2),Maija (2),Maija (2)
1,Mary / Maria / Maarja / Mari,Mary,Rakvere,Estonia core/west,North Estonian,viP,Mari,2,1,Mari (2),Mari (2),Mary (2)
1,Mary / Maria / Maarja / Mari,Mari,Rakvere,Estonia core/west,North Estonian,viP,maritütar,1,1,marikene (1),marikene (1),little Mari (1)
1,Mary / Maria / Maarja / Mari,Mari,Rannu,Estonia core/west,South Estonian,viE,Mari,5,5,Mari (5),Mari (3); Maril (2),Mari (3); Mari's (2)
1,Mary / Maria / Maarja / Mari,Maria/Maaria,Rannu,Estonia core/west,South Estonian,viE,Mari,1,1,Mari (1),Marida (1),Maria (1)
1,Mary / Maria / Maarja / Mari,Mary,Rannu,Estonia core/west,South Estonian,viE,Maarja,1,1,Maarja (1),Maarja (1),Mary (1)
1,Mary / Maria / Maarja / Mari,Maija/Maie,Rantsila,Finland/Savo-Karelia,Finnish,su,Maija,5,4,Maija (4); maija (1),Maija (4); Maijalle (1),Maija (4); to Maija (1)
1,Mary / Maria / Maarja / Mari,Mary,Rantsila,Finland/Savo-Karelia,Finnish,su,Maaria,2,2,maaria (1); Maaria (1),Maaria (2),Mary (2)
1,Mary / Maria / Maarja / Mari,Mary,Rantsila,Finland/Savo-Karelia,Finnish,su,Maarianainen,1,1,Maaria+nainen (1),Maarianainen (1),Virgin Mary (1)
1,Mary / Maria / Maarja / Mari,Maija/Maie,Ranua,Finland/Savo-Karelia,Finnish,su,Maija,7,5,Maija (7),Maija (4); Maijalle (1); Maijaa (1); Maijan (1),Maija (5); to Maija (1); Maija's (1)
1,Mary / Maria / Maarja / Mari,Mary,Ranua,Finland/Savo-Karelia,Finnish,su,Maria,1,1,Maria (1),Maria (1),Mary (1)
1,Mary / Maria / Maarja / Mari,Mary,Ranua,Finland/Savo-Karelia,Finnish,su,Neitsyt Maria,1,1,neitsytmaria (1),Neitsyt Maria (1),Virgin Mary (1)
1,Mary / Maria / Maarja / Mari,Mari,Rapla,Estonia core/west,North Estonian,viP,Mari,3,3,Mari (3),Mari (2); Maril (1),on Mari (1); Mari (1); Mari (Mary) (1)
1,Mary / Maria / Maarja / Mari,Mari,Rapla,Estonia core/west,North Estonian,viP,Matsu & Mari,1,1,Matsu & Mari (1),Matsu-Mari (1),Matsu-Mari (1)
1,Mary / Maria / Maarja / Mari,Maija/Maie,Rauma,Finland/Savo-Karelia,Finnish,su,Maija,2,2,Maija (2),Maija (2),Maija (2)
1,Mary / Maria / Maarja / Mari,Maija/Maie,Rautalampi,Finland/Savo-Karelia,Finnish,su,Maija,1,1,Maija (1),Maija (1),Maija (1)
1,Mary / Maria / Maarja / Mari,Mary,Rautalampi,Finland/Savo-Karelia,Finnish,su,Maaria,1,1,Maaria (1),Maariaan (1),to Mary's [feast] (1)
1,Mary / Maria / Maarja / Mari,Mary,Rautavaara,Finland/Savo-Karelia,Finnish,su,Maaria,2,2,Maaria (2),Maarian (1); Maaria (1),Mary's (1); Mary (1)
1,Mary / Maria / Maarja / Mari,Mari,Reigi,Estonia core/west,North Estonian,viP,Mari,3,2,Mari (3),Mari (3),Mari (3)
1,Mary / Maria / Maarja / Mari,Maija/Maie,Reigi,Estonia core/west,North Estonian,viP,mai,1,1,mai (1),maie (1),Maie's (1)
1,Mary / Maria / Maarja / Mari,Mary,Reigi,Estonia core/west,North Estonian,viP,Mari,1,1,Mari (1),Mari (1),Mary (1)
1,Mary / Maria / Maarja / Mari,Mary,Renko,Finland/Savo-Karelia,Finnish,su,Maria,2,1,Maria (2),Maria (2),Mary (2)
1,Mary / Maria / Maarja / Mari,Maria/Maaria,Renko,Finland/Savo-Karelia,Finnish,su,Maria,1,1,Maria (1),Maria (1),Maria (1)
1,Mary / Maria / Maarja / Mari,Mary,Repola,East Karelia/Veps/Tver,Karelian Proper,kaV,Maaria,8,6,Maaria (6); maariainen (1); Moari (1),Maaria (7); Maarian (1),Mary (7); Mary's (1)
1,Mary / Maria / Maarja / Mari,Mary,Repola,East Karelia/Veps/Tver,Karelian Proper,kaV,Maria,5,5,Moaria (3); Maaria (1); Moarie (1),Moaria (2); Maaria (1); Maria (1); Moarie (1),Mary (5)
1,Mary / Maria / Maarja / Mari,Maria/Maaria,Repola,East Karelia/Veps/Tver,Karelian Proper,kaV,Maria,4,1,Moaria (4),Maria (4),Maria (4)
1,Mary / Maria / Maarja / Mari,Maija/Maie,Repola,East Karelia/Veps/Tver,Karelian Proper,kaV,Maija,1,1,Maija (1),Maijan (1),Maija's (1)
1,Mary / Maria / Maarja / Mari,Mari,Repola,East Karelia/Veps/Tver,Karelian Proper,kaV,Mari,1,1,Mari (1),Marin (1),Mari's (1)
1,Mary / Maria / Maarja / Mari,Mari,Ridala,Estonia core/west,North Estonian,viP,Mari,4,2,Mari (4),Mari (4),Mari (4)
1,Mary / Maria / Maarja / Mari,Mary,Ridala,Estonia core/west,North Estonian,viP,Maarja,1,1,maarja (1),Maarja (1),Mary's (1)
1,Mary / Maria / Maarja / Mari,Mary,Riipuskala,East Karelia/Veps/Tver,Karelian Proper,ka,Maaria,4,3,Maaria (2); maariainen (2),Maaria (2); Maariainen (2),Mary (4)
1,Mary / Maria / Maarja / Mari,Mary,Riipuskala,East Karelia/Veps/Tver,Karelian Proper,ka,Maria,1,1,Maria (1),Maria (1),Mary (1)
1,Mary / Maria / Maarja / Mari,Mari,Risti,Estonia core/west,North Estonian,viP,Mari,28,8,Mari (28),Mari (20); Marile (3); Maril (2); Marit (2); Marilt (1),Mari (22); to Mari (3); on Mari (1); Mari's (1); from Mari (1)
1,Mary / Maria / Maarja / Mari,Mary,Risti,Estonia core/west,North Estonian,viP,Maarja,4,2,Maarja (4),Maarja (3); Maarjale (1),Mary (2); Mary's (1); to Mary (1)
1,Mary / Maria / Maarja / Mari,Mari,Risti,Estonia core/west,North Estonian,viP,Marike,3,3,Marikene (2); Mari&kene (1),Marikene (2); Marikese (1),little Mari (3)
1,Mary / Maria / Maarja / Mari,Mari,Risti,Estonia core/west,North Estonian,viP,Mari+kene,1,1,Mari+kene (1),Marikene (1),little Mari (1)
1,Mary / Maria / Maarja / Mari,Mary,Risti,Estonia core/west,North Estonian,viP,Mari,1,1,Mari (1),Mari (1),Mary (1)
1,Mary / Maria / Maarja / Mari,Maija/Maie,Ristijärvi,Finland/Savo-Karelia,Finnish,su,Maija,1,1,Maija (1),Maija (1),Maija (1)
1,Mary / Maria / Maarja / Mari,Mary,Ropsu,Ingria,Finnish,su,Maria,1,1,Mariaine (1),Mariaine (1),Mary (1)
1,Mary / Maria / Maarja / Mari,Maija/Maie,Rovaniemi,Finland/Savo-Karelia,Finnish,su,Maija,4,4,Maija (4),Maija (4),Maija (4)
1,Mary / Maria / Maarja / Mari,Mary,Rovaniemi,Finland/Savo-Karelia,Finnish,su,Maria,2,2,Maria (2),Marian (1); Maria (1),Mary's (1); Mary (1)
1,Mary / Maria / Maarja / Mari,Maria/Maaria,Rovaniemi,Finland/Savo-Karelia,Finnish,su,Maaria,1,1,maaria (1),maariaan (1),Maaria (1)
1,Mary / Maria / Maarja / Mari,Maria/Maaria,Rovaniemi,Finland/Savo-Karelia,Finnish,su,Maria,1,1,maria (1),mariasta (1),Maria (1)
1,Mary / Maria / Maarja / Mari,Mary,Rovaniemi,Finland/Savo-Karelia,Finnish,su,Marja,1,1,Marja (1),Marja (1),Mary (1)
1,Mary / Maria / Maarja / Mari,Maija/Maie,Ruokolahti,Finland/Savo-Karelia,Finnish,su,Maija,1,1,Maija (1),Maija (1),Maija (1)
1,Mary / Maria / Maarja / Mari,Mary,Ruotsin Ylitornio,Finland/Savo-Karelia,Tornedalen Finnish,su,Maria,2,1,Maria (2),Mariaan (1); Mariasta (1),to Mary (1); from Mary (1)
1,Mary / Maria / Maarja / Mari,Maija/Maie,Ruotsinpyhtää,Finland/Savo-Karelia,Outside selected Finnic areas,ru,Maija,1,1,Maija (1),Maijan (1),Maija's (1)
1,Mary / Maria / Maarja / Mari,Maija/Maie,Ruovesi,Finland/Savo-Karelia,Finnish,su,Maija,2,1,Maija (2),Maijaa (2),Maija (2)
1,Mary / Maria / Maarja / Mari,Maija/Maie,Ruovesi,Finland/Savo-Karelia,Finnish,su,rämppä & maija,1,1,rämppä & maija (1),Rämppä-Maija (1),Rag-Maija (1)
1,Mary / Maria / Maarja / Mari,Mary,Ruskeala,East Karelia/Veps/Tver,Finnish,su,Maaria,1,1,Maaria (1),Maaria (1),Mary (1)
1,Mary / Maria / Maarja / Mari,Mary,Ruskeala,East Karelia/Veps/Tver,Finnish,su,Maria,1,1,Maaria (1),Maaria (1),Mary (1)
1,Mary / Maria / Maarja / Mari,Mary,Rymättylä,Finland/Savo-Karelia,Finnish,su,Maaria,2,1,Mara (2),Mara (2),Mary (2)
1,Mary / Maria / Maarja / Mari,Maija/Maie,Rymättylä,Finland/Savo-Karelia,Finnish,su,harakka & Maija,1,1,harakka & Maija (1),Harakka-Maija (1),Magpie-Maija (1)
1,Mary / Maria / Maarja / Mari,Mari,Räisälä,Finland/Savo-Karelia,Finnish,su,Marilla,2,1,Marilassa (2),Marilassa (2),at Mari's (2)
1,Mary / Maria / Maarja / Mari,Mari,Räisälä,Finland/Savo-Karelia,Finnish,su,Mari,1,1,Mari (1),Mari (1),Mari (1)
1,Mary / Maria / Maarja / Mari,Mary,Räpina,South Estonia/Seto,South Estonian,viE,Maarja,16,8,Maarja (10); maarja (3); Maarija (2); Maarijale (1),Maarja (12); Maarjale (3); Maarjal (1),Mary (10); Mary's (3); to Mary (3)
1,Mary / Maria / Maarja / Mari,Mari,Räpina,South Estonia/Seto,South Estonian,viE,Mari,6,4,Mari (6),Mari (6),Mari (6)
1,Mary / Maria / Maarja / Mari,Mary,Räpina,South Estonia/Seto,South Estonian,viE,Mari,5,2,mari (3); Mari (2),Mari (5),Mary (5)
1,Mary / Maria / Maarja / Mari,Mary,Rääkkylä,Finland/Savo-Karelia,Finnish,su,Maaria,1,1,Maaria (1),Maaria (1),Mary (1)
1,Mary / Maria / Maarja / Mari,Mary,Rääkkylä,Finland/Savo-Karelia,Finnish,su,Muari,1,1,muarii (1),Muarin (1),Mary's (1)
1,Mary / Maria / Maarja / Mari,Mary,Rääpyvä,Ingria,Finnish,su,Maaria,2,2,Maaria (2),Maaria (2),Mary (2)
1,Mary / Maria / Maarja / Mari,Mary,Rääpyvä,Ingria,Finnish,su,Maria,1,1,Maria (1),Maria (1),Mary (1)
1,Mary / Maria / Maarja / Mari,Mary,Rääpyvä,Ingria,Finnish,su,Marianen,1,1,Mariasenko (1),Mariasenko (1),Mary (1)
1,Mary / Maria / Maarja / Mari,Mary,Rääpyvä,Ingria,Finnish,su,Marinen,1,1,Marisenko (1),Marisenko (1),Mary (1)
1,Mary / Maria / Maarja / Mari,Mari,Rõngu,Estonia core/west,South Estonian,viE,Mari,4,2,Mari (4),Mari (4),Mari (4)
1,Mary / Maria / Maarja / Mari,Mary,Rõngu,Estonia core/west,South Estonian,viE,Maarja,4,3,maarja (2); Maarja (2),Maarja (4),Mary (2); Mary's (2)
1,Mary / Maria / Maarja / Mari,Mary,Rõngu,Estonia core/west,South Estonian,viE,Mari,3,3,maie (1); Marja (1); Mari (1),Maie (1); Marja (1); Mari (1),Mary (3)
1,Mary / Maria / Maarja / Mari,Mari,Rõngu,Estonia core/west,South Estonian,viE,Marike,2,2,marikest (1); Marike (1),Marikest (1); Marike (1),little Mari (1); Mari (diminutive) (1)
1,Mary / Maria / Maarja / Mari,Maija/Maie,Rõngu,Estonia core/west,South Estonian,viE,Mai,1,1,Maiene (1),Maiene (1),Maie (1)
1,Mary / Maria / Maarja / Mari,Mary,Rõngu,Estonia core/west,South Estonian,viE,Maria,1,1,marian (1),Maria (1),Mary's (1)
1,Mary / Maria / Maarja / Mari,Mari,Rõuge,South Estonia/Seto,South Estonian,viE,Mari,22,9,Mari (18); mari (3); Mari+ks (1),Mari (20); Mariks (1); Maril (1),Mari (20); as Mari (1); Mari's (1)
1,Mary / Maria / Maarja / Mari,Mari,Rõuge,South Estonia/Seto,South Estonian,viE,marikene,3,1,marikene (3),Marikene (3),little Mari (3)
1,Mary / Maria / Maarja / Mari,Mary,Rõuge,South Estonia/Seto,South Estonian,viE,Mari,3,2,Mari (3),Mari (3),Mary (3)
1,Mary / Maria / Maarja / Mari,Mari,Rõuge,South Estonia/Seto,South Estonian,viE,Marikene,1,1,marikõnõ (1),Marikene (1),little Mari (1)
1,Mary / Maria / Maarja / Mari,Mary,Rõuge,South Estonia/Seto,South Estonian,viE,Maarja,1,1,maarja (1),Maarja (1),Mary (1)
1,Mary / Maria / Maarja / Mari,Mary,Saarde,Estonia core/west,North Estonian,viP,Maarja,10,5,Maarja (9); maarja (1),Maarja (9); Maarjal (1),Mary (8); Mary's (1); Mary (adessive) (1)
1,Mary / Maria / Maarja / Mari,Mari,Saarde,Estonia core/west,North Estonian,viP,Mari,2,2,Mari (1); mari (1),Maril (1); Mari (1),at Mari's (1); Mari (1)
1,Mary / Maria / Maarja / Mari,Mary,Saarde,Estonia core/west,North Estonian,viP,Mari,2,2,Mari (2),Mari (2),Mary (2)
1,Mary / Maria / Maarja / Mari,Maija/Maie,Saarde,Estonia core/west,North Estonian,viP,Maie,1,1,Maie (1),Maie (1),Maie (1)
1,Mary / Maria / Maarja / Mari,Mari,Saarde,Estonia core/west,North Estonian,viP,Marike,1,1,Marike (1),Marike (1),little Mari (1)
1,Mary / Maria / Maarja / Mari,Mary,Saarde,Estonia core/west,North Estonian,viP,Maria,1,1,Maria (1),Maria (1),Mary (1)
1,Mary / Maria / Maarja / Mari,Mary,Saarde,Estonia core/west,North Estonian,viP,maarja&hais,1,1,maarja&hais (1),maarjahaisu (1),Mary's scent (1)
1,Mary / Maria / Maarja / Mari,Maija/Maie,Saari,Finland/Savo-Karelia,Finnish,su,Maija,1,1,Maija (1),Maija (1),Maija (1)
1,Mary / Maria / Maarja / Mari,Maija/Maie,Saarijärvi,Finland/Savo-Karelia,Finnish,su,Maija,9,9,Maija (9),Maija (7); Maijan (1); Maijasta (1),Maija (7); Maija's (1); from Maija (1)
1,Mary / Maria / Maarja / Mari,Maria/Maaria,Saarijärvi,Finland/Savo-Karelia,Finnish,su,Maria,2,1,Mariaan (1); Mariasta (1),Mariaan (1); Mariasta (1),to Maria (1); from Maria (1)
1,Mary / Maria / Maarja / Mari,Mary,Saarijärvi,Finland/Savo-Karelia,Finnish,su,Maria,2,2,Maaria (1); Maria (1),Maaria (1); Maria (1),Mary (2)
1,Mary / Maria / Maarja / Mari,Maija/Maie,Saarijärvi,Finland/Savo-Karelia,Finnish,su,helsinki & maija,1,1,helssa & maija (1),Helssa-Maija (1),Helsinki-Maija (1)
1,Mary / Maria / Maarja / Mari,Maija/Maie,Saarijärvi,Finland/Savo-Karelia,Finnish,su,länsi & Maija,1,1,läntä & Maija (1),Läntä-Maija (1),West-Maija (1)
1,Mary / Maria / Maarja / Mari,Maija/Maie,Saarijärvi,Finland/Savo-Karelia,Finnish,su,maja/maija,1,1,maija (1),maija (1),Maija/hut (1)
1,Mary / Maria / Maarja / Mari,Maija/Maie,Saarijärvi,Finland/Savo-Karelia,Finnish,su,musta-Maija,1,1,musta-Maija (1),musta-Maija (1),Black-Maija (1)
1,Mary / Maria / Maarja / Mari,Maija/Maie,Saarijärvi,Finland/Savo-Karelia,Finnish,su,varis & Maija,1,1,varis & Maija (1),Varis-Maija (1),Crow-Maija (1)
1,Mary / Maria / Maarja / Mari,Maija/Maie,Saarijärvi,Finland/Savo-Karelia,Finnish,su,varis-maija,1,1,varis-maija (1),Varis-Maija (1),Crow-Maija (1)
1,Mary / Maria / Maarja / Mari,Mary,Saarijärvi,Finland/Savo-Karelia,Finnish,su,Maaria,1,1,Maaria (1),Maariaan (1),into Mary (1)
1,Mary / Maria / Maarja / Mari,Mary,Sahalahti,Finland/Savo-Karelia,Finnish,su,Maria,3,2,Maria (3),Maria (2); Marian (1),Mary (2); Mary's (1)
1,Mary / Maria / Maarja / Mari,Mari,Sakkola,Finland/Savo-Karelia,Finnish,su,Mari,1,1,Mari (1),Mari (1),Mari (1)
1,Mary / Maria / Maarja / Mari,Mary,Sakkola,Finland/Savo-Karelia,Finnish,su,maariankukka (hypothetical),1,1,maariainen (1),Maariainen (1),Mary's flower (1)
1,Mary / Maria / Maarja / Mari,Mary,Salmi,East Karelia/Veps/Tver,Livvi-Karelian,ka,Maria,12,12,Maria (6); Maaria (2); Mari (1); muarjoine (1); Maaria-n (1); maarian (1),Maria (7); Marian (2); Marin (1); Maaria (1); Marjoine (1),Mary (9); Mary's (3)
1,Mary / Maria / Maarja / Mari,Mary,Salmi,East Karelia/Veps/Tver,Livvi-Karelian,ka,Maaria,11,9,Maaria (6); muari (2); maariainen (2); Maariane (1),Maaria (4); Maari (2); Maariainen (2); Maarian (2); Maariane (1),Mary (8); Mary's (2); little Mary (1)
1,Mary / Maria / Maarja / Mari,Maria/Maaria,Salmi,East Karelia/Veps/Tver,Livvi-Karelian,ka,Maria,2,2,Moaria (1); Maria (1),Maria (2),Maria (2)
1,Mary / Maria / Maarja / Mari,Mary,Salmi,East Karelia/Veps/Tver,Livvi-Karelian,ka,Maija,1,1,Maikki (1),Maikki (1),little Mary (1)
1,Mary / Maria / Maarja / Mari,Maija/Maie,Salo,Finland/Savo-Karelia,Finnish,su,Maija,1,1,Maija (1),Maija (1),Maija (1)
1,Mary / Maria / Maarja / Mari,Mary,Salo,Finland/Savo-Karelia,Finnish,su,Maria,1,1,Maria (1),Maria (1),Mary (1)
1,Mary / Maria / Maarja / Mari,Mary,Sangaste,Estonia core/west,South Estonian,viE,Maarja,12,9,maari (3); Maarja (3); Maari (2); Maarija (2); maarja (1); maarijaga (1),Maarja (9); Maarjaga (2); Maarjal (1),Mary (6); Mary's (3); with Mary (2); on Mary (1)
1,Mary / Maria / Maarja / Mari,Mari,Sangaste,Estonia core/west,South Estonian,viE,Mari,10,5,Mari (7); Marri (2); mari (1),Mari (8); Marri (2),Mari (10)
1,Mary / Maria / Maarja / Mari,Mary,Sangaste,Estonia core/west,South Estonian,viE,Mari,5,3,Mari (4); mari (1),Mari (5),Mary (5)
1,Mary / Maria / Maarja / Mari,Mary,Sangaste,Estonia core/west,South Estonian,viE,Maria,5,2,Maria (4); marian (1),Maria (5),Mary (4); Mary's (1)
1,Mary / Maria / Maarja / Mari,Maija/Maie,Sangaste,Estonia core/west,South Estonian,viE,Maie,2,2,Maie (2),Maie (1); Maiega (1),Maie (1); with Maie (1)
1,Mary / Maria / Maarja / Mari,Maija/Maie,Sangaste,Estonia core/west,South Estonian,viE,Maieken,2,1,Maieken (2),Maieken (2),little Maie (2)
1,Mary / Maria / Maarja / Mari,Mari,Sangaste,Estonia core/west,South Estonian,viE,Marikene,1,1,marikene (1),Marikene (1),little Mari (1)
1,Mary / Maria / Maarja / Mari,Mary,Sangaste,Estonia core/west,South Estonian,viE,Maarjamaa,1,1,Maarjamaa (1),Maarjamaa (1),Mary's land (1)
1,Mary / Maria / Maarja / Mari,Mary,Sangaste,Estonia core/west,South Estonian,viE,maarjapäev,1,1,maarjapäev (1),maarjapäevani (1),until Mary's day (1)
1,Mary / Maria / Maarja / Mari,Maija/Maie,Sauvo,Finland/Savo-Karelia,Finnish,su,Jämsä & Maija,1,1,jämsä & maija (1),Jämsä-Maija (1),Jämsä-Maija (1)
1,Mary / Maria / Maarja / Mari,Maija/Maie,Sauvo,Finland/Savo-Karelia,Finnish,su,kampela & Maija,1,1,kampparla & maija (1),Kampela-Maija (1),Comb-Maija (1)
1,Mary / Maria / Maarja / Mari,Mary,Sauvo,Finland/Savo-Karelia,Finnish,su,neitsyt & Maaria,1,1,neitsytmaaria (1),neitsytmaaria (1),Virgin Mary (1)
1,Mary / Maria / Maarja / Mari,Mary,Savitaipale,Finland/Savo-Karelia,Finnish,su,Maria,2,2,Maaria (1); Maria (1),Maaria (1); Maria (1),Mary (2)
1,Mary / Maria / Maarja / Mari,Maija/Maie,Savitaipale,Finland/Savo-Karelia,Finnish,su,Maija,1,1,Maija (1),Maija (1),Maija (1)
1,Mary / Maria / Maarja / Mari,Maija/Maie,Savonlinna,Finland/Savo-Karelia,Finnish,su,Maija,1,1,Maija (1),Maijalle (1),Maija (1)
1,Mary / Maria / Maarja / Mari,Mary,Savonranta,Finland/Savo-Karelia,Finnish,su,Maaria,5,3,Maaria (5),Maaria (2); Maarian (2); Maariin (1),Mary (2); Mary's (2); into Mary (1)
1,Mary / Maria / Maarja / Mari,Mari,Seiskari,Finland/Savo-Karelia,Finnish,su,Mari,2,1,Mari (2),Mari (1); Marin (1),Mari (1); Mari's (1)
1,Mary / Maria / Maarja / Mari,Mary,Serepetta,Ingria,Finnish,su,Mari,5,3,Mari (4); mari (1),Mari (4); Marilta (1),Mary (4); from Mary (1)
1,Mary / Maria / Maarja / Mari,Mary,Serepetta,Ingria,Finnish,su,Marja,3,1,marjan (3),Marjan (3),Mary's (3)
1,Mary / Maria / Maarja / Mari,Maija/Maie,Serepetta,Ingria,Finnish,su,Maija,2,1,maijonen (2),Maijonen (2),little Maija (2)
1,Mary / Maria / Maarja / Mari,Mary,Serepetta,Ingria,Finnish,su,Maaria,2,1,Maaria (2),Maaria (1); Maariassa (1),Mary (1); in Mary (1)
1,Mary / Maria / Maarja / Mari,Mary,Serepetta,Ingria,Finnish,su,marja,2,1,marja (2),Marja (2),Mary (2)
1,Mary / Maria / Maarja / Mari,Maria/Maaria,Serepetta,Ingria,Finnish,su,Maaria,1,1,Maaria (1),Maaria (1),Maria (1)
1,Mary / Maria / Maarja / Mari,Maria/Maaria,Serepetta,Ingria,Finnish,su,Maria,1,1,Maaria (1),Maaria (1),Maria (1)
1,Mary / Maria / Maarja / Mari,Mary,Setumaa,South Estonia/Seto,South Estonian,viE,Maarja,75,34,Maarja (26); maarja (18); maarjat (7); marijat (5); marijallõ (3); marja (3),Maarja (46); Maarjat (16); Maarjale (7); Maarjalt (2); Marijat (2); Marjat (1),Mary (54); Mary's (11); to Mary (6); from Mary (3); of Mary (1)
1,Mary / Maria / Maarja / Mari,Mary,Setumaa,South Estonia/Seto,South Estonian,viE,Mari,23,16,Mari (10); mari (8); mara (2); marijidõ (1); marakõnõ (1); marijallõ (1),Mari (17); Marjakene (2); Maride (1); Maarjale (1); Marja (1); Mariale (1),Mary (18); to Mary (2); little Mary (2); Mary's (1)
1,Mary / Maria / Maarja / Mari,Mari,Setumaa,South Estonia/Seto,South Estonian,viE,Mari,15,6,mari (8); Mari (6); Mari+ks (1),Mari (13); Mariks (1); Maril (1),Mari (13); as Mari (1); on Mari (1)
1,Mary / Maria / Maarja / Mari,Mary,Setumaa,South Estonia/Seto,South Estonian,viE,Maria,14,5,maria (4); Maria (4); marijidõ (3); mariast (1); marijas (1); mariale (1),Maria (9); Mariat (2); Mariast (1); Marias (1); Mariale (1),Mary (8); Mary's (3); from Mary (1); at Mary's (1); to Mary (1)
1,Mary / Maria / Maarja / Mari,Mary,Setumaa,South Estonia/Seto,South Estonian,viE,Maarjale,5,3,Marijallõ (3); Maarjalõ (1); maarijalõ (1),Maarjale (5),to Mary (5)
1,Mary / Maria / Maarja / Mari,Maija/Maie,Setumaa,South Estonia/Seto,South Estonian,viE,Mari,3,1,maie (3),Maie (3),Maie (3)
1,Mary / Maria / Maarja / Mari,Mari,Setumaa,South Estonia/Seto,South Estonian,viE,Mari/mariama,1,1,mari (1),Mari (1),Mari (name)/to marry (1)
1,Mary / Maria / Maarja / Mari,Mari,Setumaa,South Estonia/Seto,South Estonian,viE,Mariale,1,1,marijalle (1),Mariale (1),to Mari (1)
1,Mary / Maria / Maarja / Mari,Mary,Setumaa,South Estonia/Seto,South Estonian,viE,Maarjat,1,1,Maarijat (1),Maarjat (1),Mary (1)
1,Mary / Maria / Maarja / Mari,Mary,Setumaa,South Estonia/Seto,South Estonian,viE,manitsema,1,1,manino (1),Maarja juures (1),at Mary's (1)
1,Mary / Maria / Maarja / Mari,Maria/Maaria,Siikainen,Finland/Savo-Karelia,Finnish,su,Maria,1,1,Maarija (1),Maaria (1),Maria (1)
1,Mary / Maria / Maarja / Mari,Maija/Maie,Siilinjärvi,Finland/Savo-Karelia,Finnish,su,Maija,1,1,Maija (1),Maija (1),Maija (name) (1)
1,Mary / Maria / Maarja / Mari,Maija/Maie,Simo,Finland/Savo-Karelia,Finnish,su,Maija,2,1,Maija (2),Maija (2),Maija (2)
1,Mary / Maria / Maarja / Mari,Mary,Simo,Finland/Savo-Karelia,Finnish,su,Maria,1,1,Marja (1),Marja (1),Mary (1)
1,Mary / Maria / Maarja / Mari,Maija/Maie,Simuna,Estonia core/west,North Estonian,viP,Maie,25,2,Maie (25),Maie (20); Maiekene (4); Maiega (1),Maie (20); dear Maie (4); with Maie (1)
1,Mary / Maria / Maarja / Mari,Mary,Simuna,Estonia core/west,North Estonian,viP,Maarja,8,8,Maarja (4); Maarija (2); Marija (1); maarija (1),Maarja (6); Marija (1); Maarjale (1),Mary's (4); Mary (3); to Mary (1)
1,Mary / Maria / Maarja / Mari,Mari,Simuna,Estonia core/west,North Estonian,viP,Mari,3,3,Mari (3),Mari (3),Mari (3)
1,Mary / Maria / Maarja / Mari,Mary,Simuna,Estonia core/west,North Estonian,viP,Maria,3,2,Maria (3),Maria (3),Mary (3)
1,Mary / Maria / Maarja / Mari,Maija/Maie,Simuna,Estonia core/west,North Estonian,viP,maiekene,2,1,maiekene (2),maiekese (2),little Maie (2)
1,Mary / Maria / Maarja / Mari,Mari,Simuna,Estonia core/west,North Estonian,viP,Marikene,2,2,Marikene (2),Marikene (1); Marikesta (1),little Mari (2)
1,Mary / Maria / Maarja / Mari,Maija/Maie,Simuna,Estonia core/west,North Estonian,viP,Maie-l,1,1,Maie-l (1),Maiel (1),on-Maie (1)
1,Mary / Maria / Maarja / Mari,Maija/Maie,Simuna,Estonia core/west,North Estonian,viP,maie,1,1,maie (1),maiel (1),on Maie (1)
1,Mary / Maria / Maarja / Mari,Mary,Soanlahti,East Karelia/Veps/Tver,Finnish,su,Maria,4,4,Maaria (2); Muaria (2),Maria (2); Maaria (1); Muaria (1),Mary (4)
1,Mary / Maria / Maarja / Mari,Maria/Maaria,Soanlahti,East Karelia/Veps/Tver,Finnish,su,Maria,1,1,Maria (1),Maria (1),Maria (1)
1,Mary / Maria / Maarja / Mari,Maria/Maaria,Sodankylä,Finland/Savo-Karelia,Finnish,su,maaria,2,1,maaria (2),maariaan (1); maariasta (1),into Maaria (1); from Maaria (1)
1,Mary / Maria / Maarja / Mari,Mary,Sodankylä,Finland/Savo-Karelia,Finnish,su,Maria,2,2,Maria (2),Maria (2),Mary (2)
1,Mary / Maria / Maarja / Mari,Maija/Maie,Soikkola,Ingria,Ingrian,in,Maija,26,11,maijoi (8); Maija (7); maijan (2); maija (2); Maijoin (2); Maije (1),Maijat (8); Maijan (4); Maijaa (4); Maijain (3); Maija (2); maijojen (2),Maija (13); Maija's (11); Maija (name) (1); to Maija (1)
1,Mary / Maria / Maarja / Mari,Mary,Soikkola,Ingria,Ingrian,in,Maaria,26,17,Maaria (23); Maariainen (2); maariainen (1),Maaria (18); Maarian (6); Maarianen (1); Maariainen (1),Mary (19); Mary's (6); Little Mary (1)
1,Mary / Maria / Maarja / Mari,Mary,Soikkola,Ingria,Ingrian,in,Maria,18,10,Maaria (8); maarjainen (3); maarian (3); maaria (1); maariamen (1); Maria (1),Maaria (7); Maria (4); maariainen (2); maarian (2); Marian (2); maariaisen (1),Mary (13); Mary's (5)
1,Mary / Maria / Maarja / Mari,Maria/Maaria,Soikkola,Ingria,Ingrian,in,Maaria,9,6,Maaria (7); maaroi (1); maaria (1),Maarian (4); Maaria (3); Maariasta (1); Maroi (1),Maaria's (4); Maaria (3); from Maaria (1); Maria (1)
1,Mary / Maria / Maarja / Mari,Mari,Soikkola,Ingria,Ingrian,in,Mari,6,3,Mari (6),Mari (5); Marin (1),Mari (5); Mari's (1)
1,Mary / Maria / Maarja / Mari,Maija/Maie,Soikkola,Ingria,Ingrian,in,Maije,5,1,Maije (5),Maije (3); Maijen (2),Maije (3); Maije's (2)
1,Mary / Maria / Maarja / Mari,Mary,Soikkola,Ingria,Ingrian,in,Mari,4,1,Mari (4),Mari (4),Mary (4)
1,Mary / Maria / Maarja / Mari,Maija/Maie,Soikkola,Ingria,Ingrian,in,maija,3,2,maijen (2); maian (1),maijan (3),Maija's (3)
1,Mary / Maria / Maarja / Mari,Maija/Maie,Soikkola,Ingria,Ingrian,in,(proper noun),2,1,Maija (2),Maijan (2),Maija's (2)
1,Mary / Maria / Maarja / Mari,Mary,Soikkola,Ingria,Ingrian,in,Marian,2,2,maariain (1); maarianen (1),Marian (2),Mary's (2)
1,Mary / Maria / Maarja / Mari,Maria/Maaria,Soikkola,Ingria,Ingrian,in,Maria,1,1,Maaria-n (1),Marian (1),Maria's (1)
1,Mary / Maria / Maarja / Mari,Mary,Soikkola,Ingria,Ingrian,in,Maarja,1,1,Maarja (1),Maarjan (1),Mary's (1)
1,Mary / Maria / Maarja / Mari,Mary,Soikkola,Ingria,Ingrian,in,Marja,1,1,Marja (1),Marja (1),Mary (1)
1,Mary / Maria / Maarja / Mari,Mary,Soini,Finland/Savo-Karelia,Finnish,su,Maria,1,1,marija (1),Maria (1),Mary (1)
1,Mary / Maria / Maarja / Mari,Maija/Maie,Somerniemi,Finland/Savo-Karelia,Finnish,su,Maija,1,1,Maija (1),Maija (1),Maija (1)
1,Mary / Maria / Maarja / Mari,Mary,Somerniemi,Finland/Savo-Karelia,Finnish,su,Maaria,1,1,Maaria-n (1),Maarian (1),Mary's (1)
1,Mary / Maria / Maarja / Mari,Mary,Somerniemi,Finland/Savo-Karelia,Finnish,su,Maria,1,1,Maaria (1),Maaria (1),Mary (1)
1,Mary / Maria / Maarja / Mari,Maija/Maie,Somero,Finland/Savo-Karelia,Finnish,su,Maija,2,1,Maija (2),Maijan (1); Maija (1),Maija (acc.) (1); Maija (1)
1,Mary / Maria / Maarja / Mari,Mary,Somero,Finland/Savo-Karelia,Finnish,su,Maaria,2,1,Maaria (2),Maaria (2),Mary (2)
1,Mary / Maria / Maarja / Mari,Mary,Somero,Finland/Savo-Karelia,Finnish,su,Maria,2,1,Maria (2),Maria (2),Mary (2)
1,Mary / Maria / Maarja / Mari,Maija/Maie,Somero,Finland/Savo-Karelia,Finnish,su,Elsa-Maija,1,1,Elssa-Maija (1),Elssan-Maija (1),Elsa-Maija (1)
1,Mary / Maria / Maarja / Mari,Maria/Maaria,Somero,Finland/Savo-Karelia,Finnish,su,Maria,1,1,Maria (1),Maria (1),Maria (1)
1,Mary / Maria / Maarja / Mari,Maija/Maie,Sonkajärvi,Finland/Savo-Karelia,Finnish,su,Maija,1,1,Maija (1),Maija (1),Maija (1)
1,Mary / Maria / Maarja / Mari,Maija/Maie,Sortavala,East Karelia/Veps/Tver,Finnish,su,Maija,2,2,Maija (2),Maija (1); Maijan (1),Maija (1); Maija's (1)
1,Mary / Maria / Maarja / Mari,Mari,Sortavala,East Karelia/Veps/Tver,Finnish,su,Mari,1,1,Marin (1),Marin (1),Mari (1)
1,Mary / Maria / Maarja / Mari,Mary,Sortavala,East Karelia/Veps/Tver,Finnish,su,Maaria,1,1,Maari (1),maari (1),Mary (1)
1,Mary / Maria / Maarja / Mari,Mary,Sortavala,East Karelia/Veps/Tver,Finnish,su,Maria,1,1,Moari (1),Marian (1),my Mary (1)
1,Mary / Maria / Maarja / Mari,Mary,Sortavala,East Karelia/Veps/Tver,Finnish,su,Marja,1,1,Marja (1),Marjani (1),my Mary (1)
1,Mary / Maria / Maarja / Mari,Mary,Sotkamo,Finland/Savo-Karelia,Finnish,su,Maaria,1,1,Maaria (1),Maaria (1),Mary (1)
1,Mary / Maria / Maarja / Mari,Maria/Maaria,Soutjärvi,East Karelia/Veps/Tver,Veps,ve,Maria,1,1,Maria (1),Maria (1),Maria (1)
1,Mary / Maria / Maarja / Mari,Mary,Soutjärvi,East Karelia/Veps/Tver,Veps,ve,Maria,1,1,Maria (1),Maria (1),Mary (1)
1,Mary / Maria / Maarja / Mari,Mary,Suistamo,East Karelia/Veps/Tver,Livvi-Karelian,ka,Maria,43,38,Maria (9); Maaria (9); Muaria (7); Moaria (3); muaria (3); Moarie (2),Maria (15); Marian (13); Maaria (10); Moarie (2); Muaria (1); Mariaa (1),Mary (29); Mary's (14)
1,Mary / Maria / Maarja / Mari,Mary,Suistamo,East Karelia/Veps/Tver,Livvi-Karelian,ka,Maaria,11,11,Maaria (9); Maarii (1); Muari (1),Maaria (9); Maarian (1); Marian (1),Mary (9); Mary's (2)
1,Mary / Maria / Maarja / Mari,Maria/Maaria,Suistamo,East Karelia/Veps/Tver,Livvi-Karelian,ka,Maria,6,3,Maria (5); mariani (1),Maria (3); Marian (2); Muaria (1),Maria (4); my Maria (1); Maria's (1)
1,Mary / Maria / Maarja / Mari,Mari,Suistamo,East Karelia/Veps/Tver,Livvi-Karelian,ka,Mari,5,4,Mari (5),Marin (3); Marille (1); Mariksi (1),Mari's (2); to Mari (1); Mari (1); as Mari (1)
1,Mary / Maria / Maarja / Mari,Maija/Maie,Suistamo,East Karelia/Veps/Tver,Livvi-Karelian,ka,Maija,3,3,maija (1); Maijan (1); Maija (1),maijan (1); Maijan (1); Maijolla (1),Maija's (2); with Maija (1)
1,Mary / Maria / Maarja / Mari,Maija/Maie,Suistamo,East Karelia/Veps/Tver,Livvi-Karelian,ka,mahti + Maija,1,1,mahtimaija (1),mahtimaija (1),mighty Maija (1)
1,Mary / Maria / Maarja / Mari,Mari,Suistamo,East Karelia/Veps/Tver,Livvi-Karelian,ka,mustapäämari,1,1,mustapäämari (1),Mustapää-Mari (1),Black-headed Mari (1)
1,Mary / Maria / Maarja / Mari,Maria/Maaria,Suistamo,East Karelia/Veps/Tver,Livvi-Karelian,ka,Maaria,1,1,Maaria (1),Maaria (1),Maria (1)
1,Mary / Maria / Maarja / Mari,Maria/Maaria,Suistamo,East Karelia/Veps/Tver,Livvi-Karelian,ka,Maria (loan),1,1,Maaria (1),Maaria (1),Maaria (1)
1,Mary / Maria / Maarja / Mari,Mary,Suistamo,East Karelia/Veps/Tver,Livvi-Karelian,ka,Maaria/maa,1,1,muaria (1),muaria (1),Mary/earth (1)
1,Mary / Maria / Maarja / Mari,Mary,Suistamo,East Karelia/Veps/Tver,Livvi-Karelian,ka,Mari (poss.),1,1,Marija-ni (1),Mariani (1),Mary (my) (1)
1,Mary / Maria / Maarja / Mari,Mary,Suistamo,East Karelia/Veps/Tver,Livvi-Karelian,ka,Maria & emo,1,1,Maria & emo (1),Maria-emonen (1),Mary-mother (1)
1,Mary / Maria / Maarja / Mari,Mary,Suistamo,East Karelia/Veps/Tver,Livvi-Karelian,ka,Marian,1,1,Muaria (1),Muarien (1),Mary's (1)
1,Mary / Maria / Maarja / Mari,Maija/Maie,Sulkava,Finland/Savo-Karelia,Finnish,su,Maija,1,1,Maija (1),Maijan (1),Maija's (1)
1,Mary / Maria / Maarja / Mari,Mary,Suojärvi,East Karelia/Veps/Tver,Finnish,su,Maria,32,23,Maria (7); Moaria (6); muarie (5); maaria (4); Maaria (4); moarie (3),Maria (17); Maaria (6); Marien (4); Moaria (2); Marianne (1); Marian (1),Mary (32)
1,Mary / Maria / Maarja / Mari,Mary,Suojärvi,East Karelia/Veps/Tver,Finnish,su,Maaria,22,18,Maaria (18); maaria (2); Maari (1); moaria (1),Maaria (20); Maari (1); Maarian (1),Mary (21); Mary's (1)
1,Mary / Maria / Maarja / Mari,Mary,Suojärvi,East Karelia/Veps/Tver,Finnish,su,Marian,4,3,marian (2); Marian (1); maarian (1),Marian (2); Maria (1); maarian (1),Mary's (3); Mary (1)
1,Mary / Maria / Maarja / Mari,Maria/Maaria,Suojärvi,East Karelia/Veps/Tver,Finnish,su,Maaria,2,1,Maaria (2),Maaria (2),Maaria (2)
1,Mary / Maria / Maarja / Mari,Mari,Suojärvi,East Karelia/Veps/Tver,Finnish,su,Mari,1,1,Mari (1),Marit (1),Mari (1)
1,Mary / Maria / Maarja / Mari,Maria/Maaria,Suojärvi,East Karelia/Veps/Tver,Finnish,su,Maria,1,1,Maria (1),Maria (1),Maria (1)
1,Mary / Maria / Maarja / Mari,Mary,Suojärvi,East Karelia/Veps/Tver,Finnish,su,Mari,1,1,Mari (1),Mari (1),Mary (1)
1,Mary / Maria / Maarja / Mari,Mary,Suojärvi,East Karelia/Veps/Tver,Finnish,su,Marialta,1,1,maarialda (1),maarialta (1),Mary (1)
1,Mary / Maria / Maarja / Mari,Mary,Suomusjärvi,Finland/Savo-Karelia,Finnish,su,Maarja,1,1,Maarja+n (1),Maarjan (1),Mary's (1)
1,Mary / Maria / Maarja / Mari,Maria/Maaria,Suomussalmi,Finland/Savo-Karelia,Finnish,su,maaria,2,1,maaria (2),Maariaan (1); Maariasta (1),to Maaria (1); from Maaria (1)
1,Mary / Maria / Maarja / Mari,Mary,Suomussalmi,Finland/Savo-Karelia,Finnish,su,Maaria,1,1,Maaria (1),Maaria (1),Mary (1)
1,Mary / Maria / Maarja / Mari,Mary,Suomussalmi,Finland/Savo-Karelia,Finnish,su,Maria,1,1,maaria (1),Maaria (1),Mary (1)
1,Mary / Maria / Maarja / Mari,Mary,Suonenjoki,Finland/Savo-Karelia,Finnish,su,Maaria,2,1,Maaria (2),Maaria (2),Mary (2)
1,Mary / Maria / Maarja / Mari,Mari,Suure-Jaani,Estonia core/west,North Estonian,viP,Mari,17,9,Mari (17),Mari (14); Marit (2); Marile (1),Mari (14); Mari (part.) (2); to Mari (1)
1,Mary / Maria / Maarja / Mari,Mary,Suure-Jaani,Estonia core/west,North Estonian,viP,Mari,10,3,Mari (10),Mari (10),Mary (10)
1,Mary / Maria / Maarja / Mari,Mary,Suure-Jaani,Estonia core/west,North Estonian,viP,Marikene,5,1,Marikene (5),Marikene (5),dear Mary (5)
1,Mary / Maria / Maarja / Mari,Maija/Maie,Suure-Jaani,Estonia core/west,North Estonian,viP,Maie,2,1,Maie (2),Maie (2),Maie (2)
1,Mary / Maria / Maarja / Mari,Mary,Suure-Jaani,Estonia core/west,North Estonian,viP,Maarja,2,1,Maarija (2),Maarja (2),Mary's (2)
1,Mary / Maria / Maarja / Mari,Mary,Suure-Jaani,Estonia core/west,North Estonian,viP,Maria,2,2,Maria (2),Maria (2),Mary (1); Mary's (1)
1,Mary / Maria / Maarja / Mari,Mari,Suure-Jaani,Estonia core/west,North Estonian,viP,Marikene,1,1,Marikene (1),Marikene (1),little Mari (1)
1,Mary / Maria / Maarja / Mari,Mary,Suure-Jaani,Estonia core/west,North Estonian,viP,Marike,1,1,Marikene (1),Marikene (1),little Mary (1)
1,Mary / Maria / Maarja / Mari,Maija/Maie,Säkkijärvi,Finland/Savo-Karelia,Finnish,su,Maija,1,1,Maija (1),Maija (1),Maija (1)
1,Mary / Maria / Maarja / Mari,Mary,Sääksmäki,Finland/Savo-Karelia,Finnish,su,Maria,6,3,maarian (2); Maarian (2); Maria (2),Marian (5); Mariaa (1),Mary's (5); Mary (1)
1,Mary / Maria / Maarja / Mari,Mary,Sääksmäki,Finland/Savo-Karelia,Finnish,su,Maaria,2,1,Maaria (1); Maarian (1),Maaria (1); Maarian (1),Mary (1); Mary's (1)
1,Mary / Maria / Maarja / Mari,Maija/Maie,Sääksmäki,Finland/Savo-Karelia,Finnish,su,Maija,1,1,Maija (1),Maijaa (1),Maija (1)
1,Mary / Maria / Maarja / Mari,Maria/Maaria,Säämäjärvi,East Karelia/Veps/Tver,Livvi-Karelian,ka,Maaria,1,1,Maaria (1),Maaria (1),Maria (1)
1,Mary / Maria / Maarja / Mari,Mary,Säämäjärvi,East Karelia/Veps/Tver,Livvi-Karelian,ka,Maaria,1,1,Maaria (1),Maaria (1),Mary (1)
1,Mary / Maria / Maarja / Mari,Mary,Södra Finnskoga,Finland/Savo-Karelia,Finnish,su,Maaria,1,1,Maaria (1),Maaria (1),Mary (1)
1,Mary / Maria / Maarja / Mari,Mary,Södra Finnskoga,Finland/Savo-Karelia,Finnish,su,Maria,1,1,Maria (1),Maria (1),Mary (1)
1,Mary / Maria / Maarja / Mari,Mary,Taipalsaari,Finland/Savo-Karelia,Finnish,su,Maaria,2,1,Maaria (2),Maariaan (1); Maariasta (1),into Mary (1); from Mary (1)
1,Mary / Maria / Maarja / Mari,Maija/Maie,Taivalkoski,Finland/Savo-Karelia,Finnish,su,Heikin-Maija,1,1,heikinmaija (1),Heikin-Maijan (1),of Heikki-Maija (1)
1,Mary / Maria / Maarja / Mari,Mary,Tammela,Finland/Savo-Karelia,Finnish,su,Maria,5,3,Maaria (3); Maria (2),Maria (3); Marian (2),Mary (3); Mary's (2)
1,Mary / Maria / Maarja / Mari,Mary,Tammela,Finland/Savo-Karelia,Finnish,su,Maaria,4,3,Maaria (4),Maaria (3); Maarian (1),Mary (3); Mary's (1)
1,Mary / Maria / Maarja / Mari,Maija/Maie,Tammela,Finland/Savo-Karelia,Finnish,su,Maija,2,2,Maija (2),Maija (1); Maijani (1),Maija (1); my Maija (1)
1,Mary / Maria / Maarja / Mari,Maria/Maaria,Tammela,Finland/Savo-Karelia,Finnish,su,Maria,2,1,Maaria (2),Maariaan (1); Maariasta (1),Maria (2)
1,Mary / Maria / Maarja / Mari,Mary,Tammela,Finland/Savo-Karelia,Finnish,su,Maija,2,2,Maija (2),Maija (2),Mary (2)
1,Mary / Maria / Maarja / Mari,Maija/Maie,Tammela,Finland/Savo-Karelia,Finnish,su,Jämsä & Maija,1,1,Jämssä & Maija (1),Jämssän-Maija (1),Jämssän's Maija (1)
1,Mary / Maria / Maarja / Mari,Mary,Tammela,Finland/Savo-Karelia,Finnish,su,Maarianpoika,1,1,maarianpoika (1),Maarianpoika (1),Mary's son (1)
1,Mary / Maria / Maarja / Mari,Maija/Maie,Tartu-Maarja,Estonia core/west,South Estonian,viE,Maie,3,1,Maie (3),Maie (3),Maie (3)
1,Mary / Maria / Maarja / Mari,Mary,Tartu-Maarja,Estonia core/west,South Estonian,viE,Mari,2,2,Mari (2),Mari (2),Mary (2)
1,Mary / Maria / Maarja / Mari,Mari,Tartu-Maarja,Estonia core/west,South Estonian,viE,Mari,1,1,Mari (1),Mari (1),Mari (1)
1,Mary / Maria / Maarja / Mari,Mary,Tartu-Maarja,Estonia core/west,South Estonian,viE,Maarja,1,1,maarja (1),Maarja (1),Mary's (1)
1,Mary / Maria / Maarja / Mari,Mari,Tarvastu,Estonia core/west,South Estonian,viE,Mari,9,5,Mari (9),Mari (9),Mari (9)
1,Mary / Maria / Maarja / Mari,Mary,Tarvastu,Estonia core/west,South Estonian,viE,Maarja,6,6,Maarja (3); maarja (2); Maaria (1),Maarja (3); Maaria (1); maarjaga (1); Maarjast (1),Mary (2); Mary's (2); with Mary (1); from Mary (1)
1,Mary / Maria / Maarja / Mari,Maija/Maie,Tarvastu,Estonia core/west,South Estonian,viE,Maie,5,2,Maie (5),Maie (5),Maie (5)
1,Mary / Maria / Maarja / Mari,Maija/Maie,Tarvastu,Estonia core/west,South Estonian,viE,Mari,1,1,Maie (1),Maie (1),little Maie (1)
1,Mary / Maria / Maarja / Mari,Mari,Tarvastu,Estonia core/west,South Estonian,viE,mari,1,1,mari (1),mari (1),Mari (1)
1,Mary / Maria / Maarja / Mari,Maria/Maaria,Tarvastu,Estonia core/west,South Estonian,viE,Maarja,1,1,maariaga (1),Maarjaga (1),with Maria (1)
1,Mary / Maria / Maarja / Mari,Mary,Tarvastu,Estonia core/west,South Estonian,viE,Maaria,1,1,maaria (1),Maaria (1),Mary (1)
1,Mary / Maria / Maarja / Mari,Mary,Tarvastu,Estonia core/west,South Estonian,viE,Mari,1,1,Mari (1),Mari (1),Mary (1)
1,Mary / Maria / Maarja / Mari,Mary,Tarvastu,Estonia core/west,South Estonian,viE,maarjalehm,1,1,maariklehmä (1),maarjalehm (1),Mary's cow (1)
1,Mary / Maria / Maarja / Mari,Mary,Terijoki,Finland/Savo-Karelia,Finnish,su,Mari,3,1,Mari (3),Mari (2); Marilta (1),Mary (3)
1,Mary / Maria / Maarja / Mari,Mari,Terijoki,Finland/Savo-Karelia,Finnish,su,Annamari,1,1,Annamari (1),Annammarilla (1),Anna-Mari's (1)
1,Mary / Maria / Maarja / Mari,Mari,Terijoki,Finland/Savo-Karelia,Finnish,su,Mari,1,1,Mari (1),Marilla (1),Mari's (1)
1,Mary / Maria / Maarja / Mari,Maria/Maaria,Tervo,Finland/Savo-Karelia,Finnish,su,Maria,5,3,Maria (4); mariaan (1),Mariaan (3); Mariasta (2),from Maria (2); into Maria (2); to Maria (1)
1,Mary / Maria / Maarja / Mari,Maija/Maie,Tervo,Finland/Savo-Karelia,Finnish,su,Maija,1,1,Maija (1),Maija (1),Maija (1)
1,Mary / Maria / Maarja / Mari,Mary,Tervo,Finland/Savo-Karelia,Finnish,su,Maria,1,1,maria (1),Maria (1),Mary (1)
1,Mary / Maria / Maarja / Mari,Mary,Tervola,Finland/Savo-Karelia,Finnish,su,Maria,3,2,maria (2); Maria (1),Maria (1); mariaan (1); mariasta (1),Mary (3)
1,Mary / Maria / Maarja / Mari,Maija/Maie,Tervola,Finland/Savo-Karelia,Finnish,su,Maija,1,1,maijja (1),maijja (1),Maija (1)
1,Mary / Maria / Maarja / Mari,Maija/Maie,Teuva,Finland/Savo-Karelia,Finnish,su,Maija,3,2,Maija (3),Maija (2); Maijaa (1),Maija (3)
1,Mary / Maria / Maarja / Mari,Mary,Teuva,Finland/Savo-Karelia,Finnish,su,Maria,1,1,Maria (1),Marian (1),Mary's (1)
1,Mary / Maria / Maarja / Mari,Mary,Tohmajärvi,Finland/Savo-Karelia,Finnish,su,Maria,11,7,Maaria (4); Moari (4); Mariana (1); moarii (1); Muari (1),Maaria (4); Marjana (1); Mariaa (1); Maarjaltä (1); Maria (1); Maarille (1),Mary (7); to Mary (2); (Virgin) Mary (1); from Mary (1)
1,Mary / Maria / Maarja / Mari,Mary,Tohmajärvi,Finland/Savo-Karelia,Finnish,su,Maaria,1,1,Maari (1),Maarian (1),Mary's (1)
1,Mary / Maria / Maarja / Mari,Maija/Maie,Toholampi,Finland/Savo-Karelia,Finnish,su,Maija,1,1,Maija (1),Maija (1),Maija (1)
1,Mary / Maria / Maarja / Mari,Mari,Toksova,Ingria,Finnish,su,Mari,3,1,Marisi (2); marin (1),Marisi (2); Marin (1),your Mari (2); Mari's (1)
1,Mary / Maria / Maarja / Mari,Mary,Toksova,Ingria,Finnish,su,Mari,3,1,Mari (3),Mari (3),Mary (3)
1,Mary / Maria / Maarja / Mari,Mary,Toksova,Ingria,Finnish,su,Maaria,1,1,Maaria (1),Maaria (1),Mary (1)
1,Mary / Maria / Maarja / Mari,Mary,Tolmačču,East Karelia/Veps/Tver,Karelian Proper,ka,Maria,1,1,Muarie (1),Maria (1),Mary (1)
1,Mary / Maria / Maarja / Mari,Mari,Tori,Estonia core/west,North Estonian,viP,Mari,22,12,Mari (22),Mari (14); Marit (3); Maril (3); Mariks (1); Marike (1),Mari (16); at Mari (2); Mari (acc.) (1); to Mari (1); little Mari (1); on Mari (1)
1,Mary / Maria / Maarja / Mari,Mary,Tori,Estonia core/west,North Estonian,viP,Mari,7,2,Mari (7),Mari (7),Mary (7)
1,Mary / Maria / Maarja / Mari,Mari,Tori,Estonia core/west,North Estonian,viP,Marike,2,2,Marikene (1); Marike (1),Marikene (1); Marikese (1),little Mari (2)
1,Mary / Maria / Maarja / Mari,Mary,Tori,Estonia core/west,North Estonian,viP,Maarja,2,2,Maarja (2),Maarja (2),Mary (2)
1,Mary / Maria / Maarja / Mari,Mary,Tori,Estonia core/west,North Estonian,viP,Maria,1,1,maria (1),Maria (1),Mary's (1)
1,Mary / Maria / Maarja / Mari,Mari,Torma,Estonia core/west,North Estonian,viP,Mari,14,3,Mari (14),Mari (8); Marit (3); Mariga (2); Marid (1),Mari (8); Mari (obj.) (3); with Mari (2); Mari(s) (1)
1,Mary / Maria / Maarja / Mari,Maija/Maie,Torma,Estonia core/west,North Estonian,viP,Maie,1,1,Maie (1),Maiel (1),at Maie's (1)
1,Mary / Maria / Maarja / Mari,Mari,Torma,Estonia core/west,North Estonian,viP,Marikene,1,1,Marikene (1),Marikene (1),little Mari (1)
1,Mary / Maria / Maarja / Mari,Mary,Torma,Estonia core/west,North Estonian,viP,Maarja,1,1,Maarja (1),Maarja (1),Mary (1)
1,Mary / Maria / Maarja / Mari,Mary,Torma,Estonia core/west,North Estonian,viP,Maria,1,1,Maria (1),Maria (1),Mary (1)
1,Mary / Maria / Maarja / Mari,Mary,Tulemajärvi,East Karelia/Veps/Tver,Livvi-Karelian,ka,Maaria,4,3,Maaria (4),Maaria (4),Mary (4)
1,Mary / Maria / Maarja / Mari,Mary,Tulemajärvi,East Karelia/Veps/Tver,Livvi-Karelian,ka,Maria,1,1,Maria (1),Maria (1),Mary (1)
1,Mary / Maria / Maarja / Mari,Mary,Tulemajärvi,East Karelia/Veps/Tver,Livvi-Karelian,ka,Moari (archaic),1,1,Moari (1),Moari (1),Mary's (1)
1,Mary / Maria / Maarja / Mari,Mary,Turku,Finland/Savo-Karelia,Finnish,su,Maaria,2,1,Maaria (2),Maariaan (1); Maariasta (1),to Mary (1); from Mary (1)
1,Mary / Maria / Maarja / Mari,Maija/Maie,Turtola,Finland/Savo-Karelia,Finnish,su,Maija,1,1,maija (1),Maija (1),Maija (1)
1,Mary / Maria / Maarja / Mari,Mary,Turtola,Finland/Savo-Karelia,Finnish,su,Maria,1,1,Maria (1),Maria (1),Mary (1)
1,Mary / Maria / Maarja / Mari,Mary,Tuulos,Finland/Savo-Karelia,Finnish,su,Maaria,2,1,Maaria (2),Maaria (1); Maarian (1),Mary (1); Mary's (1)
1,Mary / Maria / Maarja / Mari,Mary,Tuupovaara,Finland/Savo-Karelia,Finnish,su,Maria,3,3,Maaria (3),Maaria (3),Mary (3)
1,Mary / Maria / Maarja / Mari,Mary,Tuupovaara,Finland/Savo-Karelia,Finnish,su,Maaria,1,1,Maaria (1),Maaria (1),Mary (1)
1,Mary / Maria / Maarja / Mari,Maija/Maie,Tuusniemi,Finland/Savo-Karelia,Finnish,su,Maija,2,1,Maija (2),Maija (2),Maija (2)
1,Mary / Maria / Maarja / Mari,Mari,Tuutari,Ingria,Finnish,su,Mari,1,1,Mari (1),Mari (1),Mari (1)
1,Mary / Maria / Maarja / Mari,Mary,Tyrväntö,Finland/Savo-Karelia,Finnish,su,Maria,2,1,Maaria (2),Maaria (2),Mary (2)
1,Mary / Maria / Maarja / Mari,Maija/Maie,Tyrvää,Finland/Savo-Karelia,Finnish,su,Maija,1,1,maija (1),Maija (1),Maija (1)
1,Mary / Maria / Maarja / Mari,Mari,Tyrö,Ingria,Finnish,su,Mari,14,5,Mari (14),Mari (12); Marin (2),Mari (12); Mari's (2)
1,Mary / Maria / Maarja / Mari,Maria/Maaria,Tyrö,Ingria,Finnish,su,Maria,6,2,Maria (6),Maria (6),Maria (6)
1,Mary / Maria / Maarja / Mari,Mary,Tyrö,Ingria,Finnish,su,Mari,5,2,Mari (5),Mari (5),Mary (5)
1,Mary / Maria / Maarja / Mari,Mary,Tyrö,Ingria,Finnish,su,Maria,5,2,Maarja (4); mariaine (1),Maarja (4); Marianna (1),Mary (4); Virgin Mary (1)
1,Mary / Maria / Maarja / Mari,Mary,Tyrö,Ingria,Finnish,su,Maaria,2,2,Maariainen (2),Maariainen (1); Maaria(nen) (1),Mary (2)
1,Mary / Maria / Maarja / Mari,Mari,Tõstamaa,Estonia core/west,North Estonian,viP,Mari,4,4,Mari (4),Mari (3); Marikene (1),Mari (3); little Mari (1)
1,Mary / Maria / Maarja / Mari,Mary,Tõstamaa,Estonia core/west,North Estonian,viP,Maaria,3,1,Maaria (3),Maaria (3),Mary (3)
1,Mary / Maria / Maarja / Mari,Maija/Maie,Tõstamaa,Estonia core/west,North Estonian,viP,Maie,1,1,Maie (1),Maie (1),Maie (1)
1,Mary / Maria / Maarja / Mari,Mari,Tõstamaa,Estonia core/west,North Estonian,viP,Marikene,1,1,Marikene (1),Marikene (1),little Mari (1)
1,Mary / Maria / Maarja / Mari,Mari,Tõstamaa,Estonia core/west,North Estonian,viP,mari & kene,1,1,mari & kene (1),marikene (1),little Mari (1)
1,Mary / Maria / Maarja / Mari,Mari,Tõstamaa,Estonia core/west,North Estonian,viP,marikene,1,1,marikene (1),Marikene (1),little Mari (1)
1,Mary / Maria / Maarja / Mari,Mary,Tõstamaa,Estonia core/west,North Estonian,viP,Mari,1,1,Mari (1),Mari (1),Mary (1)
1,Mary / Maria / Maarja / Mari,Mary,Töysä,Finland/Savo-Karelia,Finnish,su,Maria,3,2,Maria (3),Mariaan (1); Mariasta (1); Maria (1),to Mary's Day (1); from Mary's Day (1); Mary (1)
1,Mary / Maria / Maarja / Mari,Maija/Maie,Töysä,Finland/Savo-Karelia,Finnish,su,Maija,1,1,Maija (1),Maija (1),Maija (1)
1,Mary / Maria / Maarja / Mari,Maria/Maaria,Töysä,Finland/Savo-Karelia,Finnish,su,Maaria,1,1,Maaria (1),Maariasta (1),from Maria (1)
1,Mary / Maria / Maarja / Mari,Maria/Maaria,Töysä,Finland/Savo-Karelia,Finnish,su,Maria,1,1,Maria (1),Marian (1),Maria's (1)
1,Mary / Maria / Maarja / Mari,Mary,Töysä,Finland/Savo-Karelia,Finnish,su,Neitsyt Maria,1,1,neitsytmarija (1),Neitsyt Maria (1),Virgin Mary (1)
1,Mary / Maria / Maarja / Mari,Mary,Töysä,Finland/Savo-Karelia,Finnish,su,Neitsyt-Maria,1,1,neitsytmaria (1),Neitsyt-Maria (1),Virgin Mary (1)
1,Mary / Maria / Maarja / Mari,Mari,Türi,Estonia core/west,North Estonian,viP,Mari,6,4,Mari (6),Mari (6),Mari (6)
1,Mary / Maria / Maarja / Mari,Mary,Türi,Estonia core/west,North Estonian,viP,Maarja,6,5,Maarja (6),Maarja (6),Mary's (3); Mary (2); Virgin Mary (1)
1,Mary / Maria / Maarja / Mari,Maija/Maie,Türi,Estonia core/west,North Estonian,viP,Maie,3,2,Maie (3),Maie (2); maiele (1),Maie (2); to Maie (1)
1,Mary / Maria / Maarja / Mari,Maria/Maaria,Türi,Estonia core/west,North Estonian,viP,Maria,1,1,Maria (1),Maria (1),Maria (1)
1,Mary / Maria / Maarja / Mari,Mary,Uhtua,East Karelia/Veps/Tver,Karelian Proper,ka,Maria,7,6,Maria (2); Moaria (1); Marian (1); Mariaini (1); Maaria (1); muarie (1),Marian (3); Maria (2); Mariaini (1); Maaria (1),Mary (3); Mary's (2); of Mary (1); my Mary (1)
1,Mary / Maria / Maarja / Mari,Mary,Uhtua,East Karelia/Veps/Tver,Karelian Proper,ka,Marian,2,1,Moaria (2),Marian (2),Mary's / Earth's (2)
1,Mary / Maria / Maarja / Mari,Maija/Maie,Uhtua,East Karelia/Veps/Tver,Karelian Proper,ka,Maija,1,1,maijon (1),maijan (1),Maija's (1)
1,Mary / Maria / Maarja / Mari,Maria/Maaria,Uhtua,East Karelia/Veps/Tver,Karelian Proper,ka,Maria,1,1,Moaria (1),Moariani (1),my Maria (1)
1,Mary / Maria / Maarja / Mari,Mary,Uhtua,East Karelia/Veps/Tver,Karelian Proper,ka,Maaria,1,1,Maarian (1),Maarian (1),Mary's (1)
1,Mary / Maria / Maarja / Mari,Mary,Uhtua,East Karelia/Veps/Tver,Karelian Proper,ka,Marjatta,1,1,Moarie (1),Marja (1),Mary (1)
1,Mary / Maria / Maarja / Mari,Mary,Urjala,Finland/Savo-Karelia,Finnish,su,Maria,3,2,Maaria (3),Maria (2); Maaria (1),Mary (3)
1,Mary / Maria / Maarja / Mari,Mari,Urvaste,South Estonia/Seto,South Estonian,viE,Mari,9,8,Mari (6); mari (2); maril (1),Mari (7); Marikene (1); Maril (1),Mari (7); little Mari (1); Mari-on (1)
1,Mary / Maria / Maarja / Mari,Mary,Urvaste,South Estonia/Seto,South Estonian,viE,Mari,3,1,Mari (3),Mari (2); Maril (1),Mary (2); to Mary (1)
1,Mary / Maria / Maarja / Mari,Mari,Urvaste,South Estonia/Seto,South Estonian,viE,Maari & ema,2,1,maariemä (2),Maari-ema (2),Mother-Maari (2)
1,Mary / Maria / Maarja / Mari,Mari,Urvaste,South Estonia/Seto,South Estonian,viE,Marike,1,1,Marikõnõ (1),Marikese (1),little Mari (1)
1,Mary / Maria / Maarja / Mari,Mari,Urvaste,South Estonia/Seto,South Estonian,viE,Marile,1,1,Maali (1),Marile (1),Mari (name) (1)
1,Mary / Maria / Maarja / Mari,Mari,Urvaste,South Estonia/Seto,South Estonian,viE,mari,1,1,mari (1),Mari (1),Mari (1)
1,Mary / Maria / Maarja / Mari,Mari,Urvaste,South Estonia/Seto,South Estonian,viE,maritütreke,1,1,marikõnõ (1),Marikõne (1),little Mari (1)
1,Mary / Maria / Maarja / Mari,Mary,Urvaste,South Estonia/Seto,South Estonian,viE,Maarja,1,1,maarja (1),Maarja (1),Mary (1)
1,Mary / Maria / Maarja / Mari,Mary,Urvaste,South Estonia/Seto,South Estonian,viE,maarjakene,1,1,maarjakõnõ (1),maarjakene (1),little Mary (1)
1,Mary / Maria / Maarja / Mari,Maija/Maie,Uskela,Finland/Savo-Karelia,Finnish,su,Maija,11,7,Maija (8); maija (2); Maijal (1),Maija (9); Maijalle (1); Maijalla (1),Maija (9); to Maija (1); on Maija (1)
1,Mary / Maria / Maarja / Mari,Mary,Uskela,Finland/Savo-Karelia,Finnish,su,neitsytmaaria,3,3,neitsymaaria (2); neitsytmaaria (1),Neitsyt Maaria (1); neitsyt Maaria (1); neitsytmaaria (1),Virgin Mary (3)
1,Mary / Maria / Maarja / Mari,Mary,Uskela,Finland/Savo-Karelia,Finnish,su,Maria,2,2,maria (1); Maarja (1),Maria (1); Maarjan (1),Mary (1); Mary's (1)
1,Mary / Maria / Maarja / Mari,Maria/Maaria,Uskela,Finland/Savo-Karelia,Finnish,su,Maria,1,1,Maaria (1),Maaria (1),Maria (1)
1,Mary / Maria / Maarja / Mari,Mary,Uskela,Finland/Savo-Karelia,Finnish,su,Maaria,1,1,Maaria (1),Maaria (1),Mary (1)
1,Mary / Maria / Maarja / Mari,Mary,Uskela,Finland/Savo-Karelia,Finnish,su,neitsyt-Maarja,1,1,neitsymaarja (1),neitsyt-Maarja (1),Virgin Mary (1)
1,Mary / Maria / Maarja / Mari,Mary,Uukuniemi,East Karelia/Veps/Tver,Finnish,su,Maaria,5,3,Maaria (4); Maariinen (1),Maaria (3); Maariinen (2),Mary (3); little Mary (2)
1,Mary / Maria / Maarja / Mari,Mary,Uukuniemi,East Karelia/Veps/Tver,Finnish,su,Maria,4,2,Maaria (3); Maari-ine-n (1),Maariinen (2); Maaria (1); Maria (1),Mary (2); little Mary (2)
1,Mary / Maria / Maarja / Mari,Maria/Maaria,Uukuniemi,East Karelia/Veps/Tver,Finnish,su,mariapiika,1,1,mariapiika (1),Maria-piika (1),Maria-maid (1)
1,Mary / Maria / Maarja / Mari,Mary,Uukuniemi,East Karelia/Veps/Tver,Finnish,su,Maariinen,1,1,Maariinen (1),Maariinen (1),little Mary (1)
1,Mary / Maria / Maarja / Mari,Maija/Maie,Uusikaupunki,Finland/Savo-Karelia,Finnish,su,Maija,4,4,Maija (3); maija (1),Maija (4),Maija (4)
1,Mary / Maria / Maarja / Mari,Mary,Uusikaupunki,Finland/Savo-Karelia,Finnish,su,Neitsyt Maria,2,2,neitsytmaria (1); neitsytmarja (1),Neitsyt Maria (1); Neitsyt Marja (1),Virgin Mary (2)
1,Mary / Maria / Maarja / Mari,Mary,Uusikaupunki,Finland/Savo-Karelia,Finnish,su,Maria,1,1,Maria (1),Maria (1),Mary (1)
1,Mary / Maria / Maarja / Mari,Maija/Maie,Uusikirkko Tl.,Finland/Savo-Karelia,Finnish,su,Maija,2,2,Maija (2),Maija (2),Maija (2)
1,Mary / Maria / Maarja / Mari,Maija/Maie,Vahto,Finland/Savo-Karelia,Finnish,su,Maija,2,2,Maija (2),Maija (2),Maija (2)
1,Mary / Maria / Maarja / Mari,Maija/Maie,Vahto,Finland/Savo-Karelia,Finnish,su,makkara & Maija,1,1,makkara & Maija (1),Makkara-Maija (1),Sausage-Maija (1)
1,Mary / Maria / Maarja / Mari,Mari,Vaivara,Estonia core/west,North Estonian,viP,Mari,9,5,Mari (9),Mari (9),Mari (8); Mari's (1)
1,Mary / Maria / Maarja / Mari,Maija/Maie,Vaivara,Estonia core/west,North Estonian,viP,Maie,8,1,Maie (8),Maie (8),Maie (8)
1,Mary / Maria / Maarja / Mari,Mari,Vaivara,Estonia core/west,North Estonian,viP,Marike,1,1,Marikene (1),Marikene (1),little Mari (1)
1,Mary / Maria / Maarja / Mari,Mari,Vaivara,Estonia core/west,North Estonian,viP,maritütar,1,1,marikene (1),marikene (1),little Mari (1)
1,Mary / Maria / Maarja / Mari,Maria/Maaria,Vaivara,Estonia core/west,North Estonian,viP,Maria,1,1,Maria (1),Mariaga (1),with Maria (1)
1,Mary / Maria / Maarja / Mari,Mary,Vaivara,Estonia core/west,North Estonian,viP,Maria,1,1,Maria (1),Maria (1),Mary (1)
1,Mary / Maria / Maarja / Mari,Mary,Valkeasaari,Ingria,Finnish,su,Mari,1,1,Mari (1),Mari (1),Mary (1)
1,Mary / Maria / Maarja / Mari,Mary,Valkeasaari,Ingria,Finnish,su,Maria,1,1,Maria (1),Mariaista (1),from Mary (1)
1,Mary / Maria / Maarja / Mari,Mary,Vanaja,Finland/Savo-Karelia,Finnish,su,Maaria,3,2,Maaria (3),Maaria (3),Mary (3)
1,Mary / Maria / Maarja / Mari,Maija/Maie,Vanaja,Finland/Savo-Karelia,Finnish,su,Maija,1,1,Maija (1),Maija (1),Maija (1)
1,Mary / Maria / Maarja / Mari,Mari,Varbla,Estonia core/west,North Estonian,viP,Mari,9,6,Mari (7); Marike (2),Mari (6); Marike (2); Maril (1),Mari (7); Mari (diminutive) (1); on Mari (1)
1,Mary / Maria / Maarja / Mari,Mari,Varbla,Estonia core/west,North Estonian,viP,Marikene,1,1,Marikene (1),Marikene (1),little Mari (1)
1,Mary / Maria / Maarja / Mari,Mary,Varbla,Estonia core/west,North Estonian,viP,Maarja,1,1,Maarja (1),Maarja (1),Mary (1)
1,Mary / Maria / Maarja / Mari,Mary,Varbla,Estonia core/west,North Estonian,viP,Mari,1,1,Mari (1),Mari (1),Mary (1)
1,Mary / Maria / Maarja / Mari,Mary,Varbla,Estonia core/west,North Estonian,viP,Maria,1,1,maria (1),Maria (1),Mary (1)
1,Mary / Maria / Maarja / Mari,Maria/Maaria,Varpaisjärvi,Finland/Savo-Karelia,Finnish,su,Maria,1,1,Maria (1),Maria (1),Maria (1)
1,Mary / Maria / Maarja / Mari,Mary,Varpaisjärvi,Finland/Savo-Karelia,Finnish,su,Maaria,1,1,Maaria (1),Maaria (1),Mary (1)
1,Mary / Maria / Maarja / Mari,Mary,Varpaisjärvi,Finland/Savo-Karelia,Finnish,su,Maria,1,1,Marija (1),Maria (1),Mary (1)
1,Mary / Maria / Maarja / Mari,Mary,Vastseliina,South Estonia/Seto,South Estonian,viE,Maarja,24,5,Maarja (15); maarja (6); marijide (1); maarijide (1); maarijale (1),Maarja (18); Maarjat (5); Maarjale (1),Mary's (17); Mary (5); of Mary's (1); to Mary (1)
1,Mary / Maria / Maarja / Mari,Maija/Maie,Vastseliina,South Estonia/Seto,South Estonian,viE,Mai,11,1,Mai (11),Maie (6); Mai (4); Maiele (1),Maie (10); to Maie (1)
1,Mary / Maria / Maarja / Mari,Mari,Vastseliina,South Estonia/Seto,South Estonian,viE,Mari,5,5,Mari (2); mari (1); mariaga (1); Marä (1),Mari (4); Mariaga (1),Mari (4); with Mari (1)
1,Mary / Maria / Maarja / Mari,Mary,Vastseliina,South Estonia/Seto,South Estonian,viE,mari,4,1,mari (4),mari (4),Mary (4)
1,Mary / Maria / Maarja / Mari,Mary,Vastseliina,South Estonia/Seto,South Estonian,viE,Maarja lehm,1,1,maariklehmä (1),Maarja lehm (1),Mary's cow (1)
1,Mary / Maria / Maarja / Mari,Mary,Vastseliina,South Estonia/Seto,South Estonian,viE,Marikene,1,1,marikõnõ (1),Marikene (1),little Mary (1)
1,Mary / Maria / Maarja / Mari,Maria/Maaria,Venjoki,Ingria,Finnish,su,Maria,4,4,Maria (2); Marialta (1); Marija (1),Maria (2); Marialta (1); Marija (1),Maria (3); from Maria (1)
1,Mary / Maria / Maarja / Mari,Mary,Venjoki,Ingria,Finnish,su,Maria,3,2,Maria (2); Marija (1),Maria (2); Marija (1),Mary (3)
1,Mary / Maria / Maarja / Mari,Mari,Venjoki,Ingria,Finnish,su,Mari,2,2,Mari (2),Marin (1); Mari (1),Mari's (1); Mari (1)
1,Mary / Maria / Maarja / Mari,Mary,Venjoki,Ingria,Finnish,su,Mari,1,1,Mari (1),Mari (1),Mary (1)
1,Mary / Maria / Maarja / Mari,Mary,Venjoki,Ingria,Finnish,su,Marja,1,1,Marja (1),Marja (1),Mary (1)
1,Mary / Maria / Maarja / Mari,Mary,Venjoki,Ingria,Finnish,su,Marjatta,1,1,Marjatta (1),Marjati (1),little Mary (1)
1,Mary / Maria / Maarja / Mari,Mary,Venjoki,Ingria,Finnish,su,marjainen,1,1,mariainen (1),Mariainen (1),Mary (1)
1,Mary / Maria / Maarja / Mari,Maija/Maie,Vesilahti,Finland/Savo-Karelia,Finnish,su,Maija,3,3,Maija (3),Maija (3),Maija (3)
1,Mary / Maria / Maarja / Mari,Maija/Maie,Vesilahti,Finland/Savo-Karelia,Finnish,su,musta & Maija,1,1,musta & Maija (1),musta-Maija (1),Black-Maija (1)
1,Mary / Maria / Maarja / Mari,Maija/Maie,Veteli,Finland/Savo-Karelia,Finnish,su,Maija,1,1,Maija (1),Maija (1),Maija (1)
1,Mary / Maria / Maarja / Mari,Mary,Vieljärvi,East Karelia/Veps/Tver,Livvi-Karelian,kaA,Maria,1,1,Moaria (1),Maria (1),Mary (1)
1,Mary / Maria / Maarja / Mari,Mari,Vigala,Estonia core/west,North Estonian,viP,Mari,7,3,Mari (6); marikene (1),Mari (6); Marikene (1),Mari (6); little Mari (1)
1,Mary / Maria / Maarja / Mari,Mary,Vigala,Estonia core/west,North Estonian,viP,Maarja,4,3,Maarja (4),Maarja (4),Mary's (3); Mary (1)
1,Mary / Maria / Maarja / Mari,Maija/Maie,Vigala,Estonia core/west,North Estonian,viP,Mai,3,3,Maie (2); Mai (1),Maie (3),Maie (2); Maie's (1)
1,Mary / Maria / Maarja / Mari,Mary,Vigala,Estonia core/west,North Estonian,viP,Mari,2,2,Mari (2),Mari (2),Mary (2)
1,Mary / Maria / Maarja / Mari,Maija/Maie,Vigala,Estonia core/west,North Estonian,viP,Maie,1,1,Maie (1),Maie (1),Maie (1)
1,Mary / Maria / Maarja / Mari,Mari,Vigala,Estonia core/west,North Estonian,viP,Marike,1,1,Marikene (1),Marikene (1),Little Mari (1)
1,Mary / Maria / Maarja / Mari,Mari,Vigala,Estonia core/west,North Estonian,viP,Marikene,1,1,Marikene (1),Marikene (1),little Mari (1)
1,Mary / Maria / Maarja / Mari,Mari,Vigala,Estonia core/west,North Estonian,viP,marikene,1,1,marikene (1),marikene (1),little Mari (1)
1,Mary / Maria / Maarja / Mari,Mary,Vihanti,Finland/Savo-Karelia,Finnish,su,Maria,2,1,Maarija (2),Maarijaan (1); Maarijasta (1),into Mary (1); from Mary (1)
1,Mary / Maria / Maarja / Mari,Maija/Maie,Vihanti,Finland/Savo-Karelia,Finnish,su,Maija,1,1,Maija (1),Maija (1),Maija (1)
1,Mary / Maria / Maarja / Mari,Maija/Maie,Viitasaari,Finland/Savo-Karelia,Finnish,su,Maija,1,1,Maija (1),Maijan (1),Maija's (1)
1,Mary / Maria / Maarja / Mari,Maria/Maaria,Viitasaari,Finland/Savo-Karelia,Finnish,su,Maria,1,1,Maria (1),Mariaa (1),Maria (obj.) (1)
1,Mary / Maria / Maarja / Mari,Maija/Maie,Viljakkala,Finland/Savo-Karelia,Finnish,su,Maija,1,1,Maija (1),Maija (1),Maija (Mary) (1)
1,Mary / Maria / Maarja / Mari,Mary,Viljandi,Estonia core/west,North Estonian,viP,Mari,25,10,Mari (25),Mari (24); Marida (1),Mary (24); Mary (object) (1)
1,Mary / Maria / Maarja / Mari,Maria/Maaria,Viljandi,Estonia core/west,North Estonian,viP,Maarja,12,1,Maarja (12),Maarja (8); Maarjake (3); Maarjat (1),Maria (8); little Maria (3); Maria's (1)
1,Mary / Maria / Maarja / Mari,Mary,Viljandi,Estonia core/west,North Estonian,viP,Maarja,10,8,Maarja (5); maarja (2); maariake (1); Maari (1); Maarija (1),Maarja (7); maarja (1); Maarjake (1); Maarjale (1),Mary's (4); Mary (4); little Mary (1); to Mary (1)
1,Mary / Maria / Maarja / Mari,Mari,Viljandi,Estonia core/west,North Estonian,viP,Mari,9,6,Mari (9),Mari (9),Mari (7); Mari (name) (1); Mari's (1)
1,Mary / Maria / Maarja / Mari,Mary,Viljandi,Estonia core/west,North Estonian,viP,Maaria,3,2,maariani (2); Maaria (1),Maariani (2); Maaria (1),until Mary (2); Mary (1)
1,Mary / Maria / Maarja / Mari,Mary,Viljandi,Estonia core/west,North Estonian,viP,Maria,2,2,Maria (1); mariale (1),Marial (1); Mariale (1),Mary (1); to Mary (1)
1,Mary / Maria / Maarja / Mari,Mari,Viljandi,Estonia core/west,North Estonian,viP,Mats-Mari,1,1,Mats-Mari (1),Matsi-Mariti (1),Mats-Mari (1)
1,Mary / Maria / Maarja / Mari,Mary,Viljandi,Estonia core/west,North Estonian,viP,maarja,1,1,maarja (1),maarja (1),Mary's (1)
1,Mary / Maria / Maarja / Mari,Mary,Viljandi,Estonia core/west,North Estonian,viP,maarjavars,1,1,maarjavars (1),maarjavars (1),Mary's stalk (1)
1,Mary / Maria / Maarja / Mari,Maija/Maie,Vimpeli,Finland/Savo-Karelia,Finnish,su,Maija,1,1,Maija (1),Maija (1),Maija (1)
1,Mary / Maria / Maarja / Mari,Maria/Maaria,Vimpeli,Finland/Savo-Karelia,Finnish,su,Maariaan,1,1,maariaan (1),Maariaan (1),to Maria (1)
1,Mary / Maria / Maarja / Mari,Maria/Maaria,Vimpeli,Finland/Savo-Karelia,Finnish,su,Mariasta,1,1,mariasta (1),Mariasta (1),from Maria (1)
1,Mary / Maria / Maarja / Mari,Maija/Maie,Virrat,Finland/Savo-Karelia,Finnish,su,länsimaija,2,1,lanssimaija (2),Länsimaija (2),West-Maija (2)
1,Mary / Maria / Maarja / Mari,Maija/Maie,Virrat,Finland/Savo-Karelia,Finnish,su,Maija,1,1,Maija (1),Maijan (1),Maija's (1)
1,Mary / Maria / Maarja / Mari,Mary,Virrat,Finland/Savo-Karelia,Finnish,su,Maria,1,1,Maria (1),Maria (1),Mary (1)
1,Mary / Maria / Maarja / Mari,Mari,Virtasalmi,Finland/Savo-Karelia,Finnish,su,Mari,1,1,Marija (1),Marijaa (1),Mari (1)
1,Mary / Maria / Maarja / Mari,Mari,Virtasalmi,Finland/Savo-Karelia,Finnish,su,Mati/Mari,1,1,Mati/Mari (1),Matista/Marista (1),from Mati/from Mari (1)
1,Mary / Maria / Maarja / Mari,Maria/Maaria,Virtasalmi,Finland/Savo-Karelia,Finnish,su,Maria,1,1,mariaa (1),Mariaa (1),Maria (1)
1,Mary / Maria / Maarja / Mari,Mari,Viru-Jaagupi,Estonia core/west,North Estonian,viP,Mari,6,4,Mari (4); marikene (1); Mai (1),Mari (3); marikene (1); Marjaga (1); Marjast (1),Mari (3); little Mari (1); with Mari (1); from Mari (1)
1,Mary / Maria / Maarja / Mari,Mary,Viru-Jaagupi,Estonia core/west,North Estonian,viP,maarjamaa,2,1,maarjamaa (2),maarjamaale (1); maarjamaalta (1),Virgin Mary's land (1); from Mary's land (1)
1,Mary / Maria / Maarja / Mari,Maija/Maie,Viru-Jaagupi,Estonia core/west,North Estonian,viP,Maie,1,1,Maie (1),Maielt (1),from Maie (1)
1,Mary / Maria / Maarja / Mari,Maija/Maie,Viru-Jaagupi,Estonia core/west,North Estonian,viP,mai+ke,1,1,maie+kene (1),maiekene (1),little Maie (1)
1,Mary / Maria / Maarja / Mari,Mary,Viru-Jaagupi,Estonia core/west,North Estonian,viP,Mari,1,1,Mari (1),Mari (1),Mary (1)
1,Mary / Maria / Maarja / Mari,Maija/Maie,Viru-Nigula,Estonia core/west,North Estonian,viP,Maie,11,2,Maie (11),Maie (11),Maie (11)
1,Mary / Maria / Maarja / Mari,Mari,Viru-Nigula,Estonia core/west,North Estonian,viP,Mari,6,3,Mari (6),Mari (5); Maril (1),Mari (4); of Mari (1); at Mari's (1)
1,Mary / Maria / Maarja / Mari,Mary,Viru-Nigula,Estonia core/west,North Estonian,viP,Mari,2,1,Mari (2),Mari (2),Mary (2)
1,Mary / Maria / Maarja / Mari,Mary,Viru-Nigula,Estonia core/west,North Estonian,viP,Maria,2,2,Maria (2),Maria (2),Mary (2)
1,Mary / Maria / Maarja / Mari,Maija/Maie,Viru-Nigula,Estonia core/west,North Estonian,viP,maiekene,1,1,maiekene (1),maiekene (1),little Maie (1)
1,Mary / Maria / Maarja / Mari,Maria/Maaria,Viru-Nigula,Estonia core/west,North Estonian,viP,Maria,1,1,Maria (1),Mariaga (1),with Maria (1)
1,Mary / Maria / Maarja / Mari,Mary,Vittanki,Finland/Savo-Karelia,Tornedalen Finnish,su,Maria,1,1,Maaria (1),Maaria (1),Mary (1)
1,Mary / Maria / Maarja / Mari,Mari,Vuokkiniemi,East Karelia/Veps/Tver,Karelian Proper,ka,Mari,11,5,Mari (8); mari (3),Mari (9); Marin (2),Mari (9); of Mari (1); Mari's (1)
1,Mary / Maria / Maarja / Mari,Mary,Vuokkiniemi,East Karelia/Veps/Tver,Karelian Proper,ka,Maria,9,8,Maria (4); Muarie (2); Moarie (1); Maarian (1); maria (1),Maria (4); Marian (3); Moarie (1); marian (1),Mary (5); Mary's (4)
1,Mary / Maria / Maarja / Mari,Maria/Maaria,Vuokkiniemi,East Karelia/Veps/Tver,Karelian Proper,ka,Maria,3,3,Moaria (1); Maria (1); Maaria (1),Moariani (1); Maria (1); Maaria (1),Maria (2); my Maria (1)
1,Mary / Maria / Maarja / Mari,Mari,Vuokkiniemi,East Karelia/Veps/Tver,Karelian Proper,ka,Mari&ni,2,1,Mari&ni (2),Mariani (2),my Mari (2)
1,Mary / Maria / Maarja / Mari,Mary,Vuokkiniemi,East Karelia/Veps/Tver,Karelian Proper,ka,Maaria,2,2,Moarie (1); Maaria (1),Maaria (2),Mary (2)
1,Mary / Maria / Maarja / Mari,Mary,Vuokkiniemi,East Karelia/Veps/Tver,Karelian Proper,ka,Mari,2,2,Mari (2),Mari (2),Mary (2)
1,Mary / Maria / Maarja / Mari,Maija/Maie,Vuokkiniemi,East Karelia/Veps/Tver,Karelian Proper,ka,Maija,1,1,Maija (1),Maijaa (1),Maija (1)
1,Mary / Maria / Maarja / Mari,Maija/Maie,Vuokkiniemi,East Karelia/Veps/Tver,Karelian Proper,ka,maija,1,1,maijo (1),maijon (1),Maija's (1)
1,Mary / Maria / Maarja / Mari,Mari,Vuokkiniemi,East Karelia/Veps/Tver,Karelian Proper,ka,Mari&nensa,1,1,Mari&nensa (1),Marjoineen (1),with her Mari (1)
1,Mary / Maria / Maarja / Mari,Mary,Vuokkiniemi,East Karelia/Veps/Tver,Karelian Proper,ka,Marian,1,1,Maria(n) (1),Marian (1),Mary's (1)
1,Mary / Maria / Maarja / Mari,Mary,Vuokkiniemi,East Karelia/Veps/Tver,Karelian Proper,ka,Marja,1,1,Marja (1),Marja (1),Mary (1)
1,Mary / Maria / Maarja / Mari,Mari,Vuole,Ingria,Finnish,su,Mari,4,2,marilt (2); marill (1); Mari (1),Marilta (2); Marilla (1); Mari (1),from Mari (2); on Mari (1); Mari (1)
1,Mary / Maria / Maarja / Mari,Maria/Maaria,Vuole,Ingria,Finnish,su,Maria,4,1,Maria (4),Marian (2); Maria (2),Maria's (2); Maria (2)
1,Mary / Maria / Maarja / Mari,Mary,Vuole,Ingria,Finnish,su,Maria,4,4,Maria (1); mairosein (1); Moaria (1); maaria (1),Marian (2); Mariasta (1); Maria (1),Mary's (1); my Mary? (1); from Mary (1); Mary (1)
1,Mary / Maria / Maarja / Mari,Mary,Vuole,Ingria,Finnish,su,Maaria,3,2,Maarii (2); Maaria (1),Maaria (3),Mary (3)
1,Mary / Maria / Maarja / Mari,Mary,Vuole,Ingria,Finnish,su,Mari,2,1,Mari (2),Mari (2),Mary (2)
1,Mary / Maria / Maarja / Mari,Mari,Vuole,Ingria,Finnish,su,(proper),1,1,Mari (1),Mari (1),Mari (1)
1,Mary / Maria / Maarja / Mari,Mari,Vuole,Ingria,Finnish,su,Marin,1,1,Marin (1),Marin (1),Mari's (1)
1,Mary / Maria / Maarja / Mari,Maija/Maie,Väike-Maarja,Estonia core/west,North Estonian,viP,Maie,6,2,Maie (6),Maie (6),Maie (6)
1,Mary / Maria / Maarja / Mari,Mari,Väike-Maarja,Estonia core/west,North Estonian,viP,Mari,4,4,Mari (4),Mari (3); Maril (1),Mari (3); at Mari's (1)
1,Mary / Maria / Maarja / Mari,Mary,Väike-Maarja,Estonia core/west,North Estonian,viP,Maarja,4,4,Maarja (1); Maaria (1); Moarja (1); maarjas (1),Maarja (4),Mary (3); Mary's (1)
1,Mary / Maria / Maarja / Mari,Mary,Väike-Maarja,Estonia core/west,North Estonian,viP,Mari,3,2,Mari (3),Mari (3),Mary (3)
1,Mary / Maria / Maarja / Mari,Maija/Maie,Väike-Maarja,Estonia core/west,North Estonian,viP,mai+ke,1,1,maie+kene (1),maiekene (1),little Maie (1)
1,Mary / Maria / Maarja / Mari,Maija/Maie,Väike-Maarja,Estonia core/west,North Estonian,viP,maiekene,1,1,maiekene (1),maiekene (1),little Maie (1)
1,Mary / Maria / Maarja / Mari,Mari,Väike-Maarja,Estonia core/west,North Estonian,viP,Marikene,1,1,Marikene (1),Marikene (1),little Mari (1)
1,Mary / Maria / Maarja / Mari,Maria/Maaria,Väike-Maarja,Estonia core/west,North Estonian,viP,Maarja,1,1,maarja (1),maarjalle (1),to Maarja (1)
1,Mary / Maria / Maarja / Mari,Maija/Maie,Vändra,Estonia core/west,North Estonian,viP,Maie,2,2,Maie (proper noun) (1); Maie (1),Maie (2),Maie (2)
1,Mary / Maria / Maarja / Mari,Mari,Vändra,Estonia core/west,North Estonian,viP,Mari,2,1,Mari (2),Mari (2),Mari (2)
1,Mary / Maria / Maarja / Mari,Maija/Maie,Vändra,Estonia core/west,North Estonian,viP,mai,1,1,mai (1),maie (1),Maie's (1)
1,Mary / Maria / Maarja / Mari,Mari,Vändra,Estonia core/west,North Estonian,viP,mari,1,1,mari (1),mari (1),Mari (1)
1,Mary / Maria / Maarja / Mari,Mary,Vändra,Estonia core/west,North Estonian,viP,Maaria,1,1,Maaria (1),Maaria (1),Mary (1)
1,Mary / Maria / Maarja / Mari,Mary,Võnnu,Estonia core/west,South Estonian,viE,Mari,4,2,Mari (4),Mari (3); Marike (1),Mary (3); Mary (diminutive) (1)
1,Mary / Maria / Maarja / Mari,Mary,Võnnu,Estonia core/west,South Estonian,viE,Maarja,3,2,Maarja (3),Maarja (3),Mary (3)
1,Mary / Maria / Maarja / Mari,Mari,Võnnu,Estonia core/west,South Estonian,viE,Mari,2,2,Mari (2),Mari (2),Mari (2)
1,Mary / Maria / Maarja / Mari,Maria/Maaria,Ylikiiminki,Finland/Savo-Karelia,Finnish,su,Maria,2,1,Maria (2),Maria (2),Maria (2)
1,Mary / Maria / Maarja / Mari,Maija/Maie,Ylikiiminki,Finland/Savo-Karelia,Finnish,su,Maija (prop.),1,1,Maija-n (1),Maijan (1),of Maija (1)
1,Mary / Maria / Maarja / Mari,Maija/Maie,Ylitornio,Finland/Savo-Karelia,Finnish,su,makaranmaija,1,1,makara-Maija (1),makaranmaija (1),sausage-Maija (1)
1,Mary / Maria / Maarja / Mari,Maija/Maie,Yläne,Finland/Savo-Karelia,Finnish,su,Maija,4,3,Maija (4),Maijaa (2); Maija (2),Maija (3); Maija's (1)
1,Mary / Maria / Maarja / Mari,Maija/Maie,Yläne,Finland/Savo-Karelia,Finnish,su,makkara-Maija,1,1,makkara-Maija (1),Makkara-Maija (1),Sausage-Maija (1)
1,Mary / Maria / Maarja / Mari,Mari,Äksi,Estonia core/west,North Estonian,viP,Mari,6,4,Mari (6),Mari (3); Maril (3),Mari (3); at Mari's (1); on Mari (1); on-Mari (1)
1,Mary / Maria / Maarja / Mari,Mari,Äksi,Estonia core/west,North Estonian,viP,Marikene,2,1,Marikene (2),Marikene (2),little Mari (2)
1,Mary / Maria / Maarja / Mari,Mary,Äksi,Estonia core/west,North Estonian,viP,Maarja,2,2,maarja (1); Maaria (1),Maarja (2),Mary (2)
1,Mary / Maria / Maarja / Mari,Mari,Äksi,Estonia core/west,North Estonian,viP,Marike,1,1,Marikene (1),Marikene (1),little-Mari (1)
1,Mary / Maria / Maarja / Mari,Mary,Äksi,Estonia core/west,North Estonian,viP,Mari,1,1,Mari (1),Mari (1),Mary (1)
1,Mary / Maria / Maarja / Mari,Mary,Östmark,Finland/Savo-Karelia,Finnish,su,Maria,1,1,Moaria (1),Mariaan? (1),Mary (1)
2,Martin / Mart / Märt,Martin,Ambla,Estonia core/west,North Estonian,viP,mart,17,2,mart (17),mart (10); mardi (4); mardile (2); mardil (1),Martin (10); Martin's (4); to Martin (2); on Martin (1)
2,Martin / Mart / Märt,Martin,Ambla,Estonia core/west,North Estonian,viP,mard,8,2,mart (8),mardi (4); mart (3); mardile (1),martin (5); Martin (2); for martin (1)
2,Martin / Mart / Märt,Martin,Ambla,Estonia core/west,North Estonian,viP,Mart,7,2,Mart (7),Mart (4); Marti (2); Mardile (1),Martin (6); to Martin (1)
2,Martin / Mart / Märt,Mardi/Mard,Ambla,Estonia core/west,North Estonian,viP,Märt,3,2,Märt (2); mart (1),Mardi (2); Mardile (1),Mardi's (2); to Mardi (1)
2,Martin / Mart / Märt,Martin,Ambla,Estonia core/west,North Estonian,viP,Märt,3,1,Mart (3),Mart (2); Mardi (1),Martin (2); Martin's (1)
2,Martin / Mart / Märt,Martin,Ambla,Estonia core/west,North Estonian,viP,mardisand,3,3,mardisand (3),mardisandid (3),Martin's messengers (2); Martin's envoys (1)
2,Martin / Mart / Märt,Mart/Marti,Ambla,Estonia core/west,North Estonian,viP,Märt,2,1,Mart (2),Mart (2),Mart (2)
2,Martin / Mart / Märt,Mardi/Mard,Ambla,Estonia core/west,North Estonian,viP,mardisant,1,1,mardisant (1),mardisandid (1),Mardi's messengers (1)
2,Martin / Mart / Märt,Mart/Marti,Ambla,Estonia core/west,North Estonian,viP,Mart,1,1,Mart (1),Mart (1),Mart (1)
2,Martin / Mart / Märt,Martin,Ambla,Estonia core/west,North Estonian,viP,Mard,1,1,Mard (1),Mardi (1),Martin's (1)
2,Martin / Mart / Märt,Martin,Ambla,Estonia core/west,North Estonian,viP,Mardisand,1,1,Mardi_sand (1),Mardi sandi (1),Martin's messenger (1)
2,Martin / Mart / Märt,Martin,Ambla,Estonia core/west,North Estonian,viP,Mardisandid,1,1,Mardi_sand (1),Mardi sandid (1),Martin's messengers (1)
2,Martin / Mart / Märt,Martin,Ambla,Estonia core/west,North Estonian,viP,Sandi-Mardi,1,1,sandimardi (1),Sandi-Mardi (1),St-Martin's (1)
2,Martin / Mart / Märt,Martin,Ambla,Estonia core/west,North Estonian,viP,mardipäev,1,1,mardipäev (1),mardipäeva (1),Martin's Day (1)
2,Martin / Mart / Märt,Martin,Ambla,Estonia core/west,North Estonian,viP,mardisandid,1,1,mardisandid (1),mardisandid (1),Martin's guests (1)
2,Martin / Mart / Märt,Mart/Marti,Anseküla,Estonia core/west,North Estonian,viP,Mart,3,2,Mart (3),Mart (3),Mart (3)
2,Martin / Mart / Märt,Mardi/Mard,Anseküla,Estonia core/west,North Estonian,viP,Mardi,1,1,Mardi (1),Mardil (1),to Mardi (1)
2,Martin / Mart / Märt,Martin,Audru,Estonia core/west,North Estonian,viP,Mart,8,1,Mart (8),Mart (8),Martin (8)
2,Martin / Mart / Märt,Mart/Marti,Audru,Estonia core/west,North Estonian,viP,Mart,6,1,Mart (6),Mart (6),Mart (6)
2,Martin / Mart / Märt,Märt/Märti,Audru,Estonia core/west,North Estonian,viP,märt,6,1,märti (3); märt (3),märti (3); märdil (2); märdi (1),Märt (3); Märt's (3)
2,Martin / Mart / Märt,Mart/Marti,Audru,Estonia core/west,North Estonian,viP,mart,2,1,mart (2),mardi (1); mart (1),of mart (1); mart (1)
2,Martin / Mart / Märt,Martin,Audru,Estonia core/west,North Estonian,viP,Mardi,2,1,Mardi (2),Mardi (2),Martin (2)
2,Martin / Mart / Märt,Martin,Audru,Estonia core/west,North Estonian,viP,Mardipäev,1,1,Mardi (1),Mardipäev (1),Martin (1)
2,Martin / Mart / Märt,Martin,Hageri,Estonia core/west,North Estonian,viP,mart,11,2,mart (11),mart (7); mardi (3); mardil (1),Martin (7); Martin's (3); to Martin (1)
2,Martin / Mart / Märt,Martin,Hageri,Estonia core/west,North Estonian,viP,mardike,2,1,mardikene (2),mardikene (2),little Martin (2)
2,Martin / Mart / Märt,Martin,Hageri,Estonia core/west,North Estonian,viP,mardisand,2,1,mardisandikene (2),mardisandikene (2),Martin's envoy (2)
2,Martin / Mart / Märt,Mart/Marti,Hageri,Estonia core/west,North Estonian,viP,Mart,1,1,Mart (1),Mardi (1),Mart's (1)
2,Martin / Mart / Märt,Martin,Halikko,Finland/Savo-Karelia,Finnish,su,Martti,1,1,Martti (1),Martti (1),Martin (1)
2,Martin / Mart / Märt,Martin,Haljala,Estonia core/west,North Estonian,viP,Mart,20,4,Mart (13); Marti (5); mart (2),Mart (7); Mardi (6); Marti (6); Mardil (1),Martin (13); Martin's (6); on Martin (1)
2,Martin / Mart / Märt,Mart/Marti,Haljala,Estonia core/west,North Estonian,viP,Mart,19,5,Mart (15); mardi (3); marti (1),Mart (11); Mardi (7); Mardit (1),Mart (12); Mart's (7)
2,Martin / Mart / Märt,Mardi/Mard,Haljala,Estonia core/west,North Estonian,viP,Mard,8,1,Mardi (6); Mardikene (2),Mardile (3); Mardi (2); Mardikene (2); Mardil (1),to Mardi (3); Mardi's (2); little Mardi (2); at Mardi (1)
2,Martin / Mart / Märt,Martin,Haljala,Estonia core/west,North Estonian,viP,Mard,7,1,Mardi (5); Mart (2),Mardi (5); Mart (2),Martin (7)
2,Martin / Mart / Märt,Mardi/Mard,Haljala,Estonia core/west,North Estonian,viP,mard,4,1,mard (4),mardi (4),mard's (4)
2,Martin / Mart / Märt,Mardi/Mard,Haljala,Estonia core/west,North Estonian,viP,mardisand,4,1,mardisand (2); mardisandikene (2),mardisandikene (2); mardisandid (1); mardisandi (1),little Mardi's messenger (2); Mardi's guests (1); Mardi's messenger (1)
2,Martin / Mart / Märt,Martin,Haljala,Estonia core/west,North Estonian,viP,Marti,4,1,marti (4),Marti (4),Martin (part.) (4)
2,Martin / Mart / Märt,Mart/Marti,Haljala,Estonia core/west,North Estonian,viP,mard,2,1,mard (2),mart (2),Mart (2)
2,Martin / Mart / Märt,Martin,Haljala,Estonia core/west,North Estonian,viP,mardikene,2,1,mardikene (2),mardikene (2),little Martin (2)
2,Martin / Mart / Märt,Mardi/Mard,Haljala,Estonia core/west,North Estonian,viP,sandimardi,1,1,sandimardi (1),sandimardi (1),beggar Mardi (1)
2,Martin / Mart / Märt,Mart/Marti,Haljala,Estonia core/west,North Estonian,viP,mardike,1,1,mardi+kene (1),mardikene (1),little Mart (1)
2,Martin / Mart / Märt,Martin,Haljala,Estonia core/west,North Estonian,viP,mardike,1,1,mardikene (1),mardikene (1),little Martin (1)
2,Martin / Mart / Märt,Martin,Haljala,Estonia core/west,North Estonian,viP,mardipäev,1,1,mardipäev (1),mardipäevaks (1),for St. Martin's Day (1)
2,Martin / Mart / Märt,Martin,Haljala,Estonia core/west,North Estonian,viP,mardisandike,1,1,mardisandikene (1),mardisandikene (1),little lord Martin (1)
2,Martin / Mart / Märt,Märt/Märti,Halliste,Estonia core/west,South Estonian,viE,märti,51,1,märti (51),märti (51),Märti (51)
2,Martin / Mart / Märt,Martin,Halliste,Estonia core/west,South Estonian,viE,Märt,34,1,Märti (34),Märti (34),Martin (34)
2,Martin / Mart / Märt,Mart/Marti,Halliste,Estonia core/west,South Estonian,viE,Mard,30,1,Mard (30),Mardi (29); mart (1),Marti (29); Mart (1)
2,Martin / Mart / Märt,Märt/Märti,Halliste,Estonia core/west,South Estonian,viE,Märti,18,1,Märti (18),Märti (18),Märti (18)
2,Martin / Mart / Märt,Märt/Märti,Halliste,Estonia core/west,South Estonian,viE,märt,16,2,märt (16),märdi (11); märt (3); märdil (2),Märt's (11); Märt (3); on Märt (2)
2,Martin / Mart / Märt,Märt/Märti,Halliste,Estonia core/west,South Estonian,viE,Märt,11,9,Märt (8); Märti (2); märdi (1),Märti (4); Märdil (2); Märt (2); märdi (2); Märde (1),Märt's (7); to Märt (1); at Märti (1); Märt (1); Märti (1)
2,Martin / Mart / Märt,Mardi/Mard,Halliste,Estonia core/west,South Estonian,viE,märt,9,1,märt (9),märdi (5); märti (3); märdike (1),Märdi's (5); Märdi (3); little Märdi (1)
2,Martin / Mart / Märt,Märt/Märti,Halliste,Estonia core/west,South Estonian,viE,Märten,6,1,Märdi (6),Märti (6),Märt's (6)
2,Martin / Mart / Märt,Martin,Halliste,Estonia core/west,South Estonian,viE,Mart,5,1,Mart (5),Mart (5),Martin (5)
2,Martin / Mart / Märt,Mardi/Mard,Halliste,Estonia core/west,South Estonian,viE,Märdi,1,1,Märdi (1),Märdi (1),Märdi (1)
2,Martin / Mart / Märt,Mart/Marti,Halliste,Estonia core/west,South Estonian,viE,Mart,1,1,Mart (1),Mart (1),Mart (1)
2,Martin / Mart / Märt,Martin,Halliste,Estonia core/west,South Estonian,viE,Mard,1,1,Mard (1),mardi (1),Martin's (1)
2,Martin / Mart / Märt,Märt/Märti,Halliste,Estonia core/west,South Estonian,viE,Märteni,1,1,Märti (1),Märti (1),Märt (1)
2,Martin / Mart / Märt,Märt/Märti,Halliste,Estonia core/west,South Estonian,viE,Märtenil,1,1,Märdil (1),Märtil (1),at Märt (1)
2,Martin / Mart / Märt,Mardi/Mard,Hanila,Estonia core/west,North Estonian,viP,mardid,2,1,mardit (2),mardit (2),Mardi (2)
2,Martin / Mart / Märt,Mardi/Mard,Hanila,Estonia core/west,North Estonian,viP,mart,2,1,mart (2),mardi (2),Mardi's (2)
2,Martin / Mart / Märt,Mart/Marti,Hanila,Estonia core/west,North Estonian,viP,mart,2,1,mart (2),mart (2),Mart (2)
2,Martin / Mart / Märt,Mardi/Mard,Hanila,Estonia core/west,North Estonian,viP,Mart,1,1,Mart (1),Mardi (1),Mardi's (1)
2,Martin / Mart / Märt,Martin,Hargla,South Estonia/Seto,South Estonian,viE,Mard,2,1,Mard (2),Mardi (1); Mardil (1),Martin's (1); on Martin (1)
2,Martin / Mart / Märt,Martin,Hargla,South Estonia/Seto,South Estonian,viE,Mardisant,1,1,Mardisand (1),Mardisand (1),Martin (1)
2,Martin / Mart / Märt,Martin,Harju-Jaani,Estonia core/west,North Estonian,viP,mart,13,2,mart (13),mardi (7); marti (4); mardile (1); mardil (1),Martin's (7); Martin (4); to Martin (2)
2,Martin / Mart / Märt,Mart/Marti,Harju-Jaani,Estonia core/west,North Estonian,viP,Mart,2,2,Mart (2),Mart (2),Mart (2)
2,Martin / Mart / Märt,Mardi/Mard,Harju-Jaani,Estonia core/west,North Estonian,viP,(proper name),1,1,mardi (1),Mardi (1),Mardi (1)
2,Martin / Mart / Märt,Martin,Haukipudas,Finland/Savo-Karelia,Finnish,su,Martti,1,1,Martin (1),Martin (1),Martin's (1)
2,Martin / Mart / Märt,Märt/Märti,Helme,Estonia core/west,South Estonian,viE,Märt,112,6,Märti (85); Märt (20); märdi (6); märti (1),Märti (94); Märt (10); Märdil (4); Märtil (2); Märtilegi (1); Märtikene (1),Märti (82); Märt (13); Märt's (13); at Märt's (2); to Märt too (1); little Märt (1)
2,Martin / Mart / Märt,Martin,Helme,Estonia core/west,South Estonian,viE,Märt,70,1,Märti (70),Märti (70),Martin (69); Martin's (1)
2,Martin / Mart / Märt,Märt/Märti,Helme,Estonia core/west,South Estonian,viE,Märti,20,1,Märti (20),Märti (20),Märti (20)
2,Martin / Mart / Märt,Mardi/Mard,Helme,Estonia core/west,South Estonian,viE,mart,8,1,mard (7); mart (1),mardi (5); mardile (2); mard (1),Mardi's (5); to Mard (2); Mard (1)
2,Martin / Mart / Märt,Mart/Marti,Helme,Estonia core/west,South Estonian,viE,mart,4,1,mart (4),mart (4),Mart (4)
2,Martin / Mart / Märt,Mart/Marti,Helme,Estonia core/west,South Estonian,viE,Mart,1,1,Marti (1),Marti (1),Marti (1)
2,Martin / Mart / Märt,Märt/Märti,Helme,Estonia core/west,South Estonian,viE,Märti (proper noun),1,1,märdisandi (name) (1),märdisandi (1),Märti (1)
2,Martin / Mart / Märt,Martin,Hietamäki,Ingria,Finnish,su,Martti,1,1,Martti (1),Martti (1),Martin (1)
2,Martin / Mart / Märt,Martin,Hiitola,Finland/Savo-Karelia,Finnish,su,Martti,1,1,Martti (1),Martti (1),Martin (1)
2,Martin / Mart / Märt,Mardi/Mard,Häädemeeste,Estonia core/west,North Estonian,viP,Mard,8,1,Mardi (5); Mart (3),Mardi (5); Mart (3),Mardi's (5); Mard (3)
2,Martin / Mart / Märt,Martin,Häädemeeste,Estonia core/west,North Estonian,viP,mart,4,1,mart (3); märt (1),mart (2); märti (1); mardi (1),Martin (3); Martin's (1)
2,Martin / Mart / Märt,Mardi/Mard,Häädemeeste,Estonia core/west,North Estonian,viP,mard,3,2,mard (3),mardi (3),Mard's (2); Mardi's (1)
2,Martin / Mart / Märt,Mardi/Mard,Häädemeeste,Estonia core/west,North Estonian,viP,mart,3,1,mart (3),mardi (2); mardid (1),Mardi's (2); Mardi (spirit) (1)
2,Martin / Mart / Märt,Martin,Häädemeeste,Estonia core/west,North Estonian,viP,Mard,3,1,Mardi (3),Mardi (3),Martin's (3)
2,Martin / Mart / Märt,Mardi/Mard,Häädemeeste,Estonia core/west,North Estonian,viP,Mardil,2,1,mardil (2),Mardil (2),on Mardi (2)
2,Martin / Mart / Märt,Martin,Häädemeeste,Estonia core/west,North Estonian,viP,mard,1,1,mart (1),mardi (1),Martin (1)
2,Martin / Mart / Märt,Mart/Marti,Iisaku,Estonia core/west,North Estonian,viP,Mart,5,1,Mart (5),Marti (2); Mardi (2); Mart (1),Mart's (4); Mart (1)
2,Martin / Mart / Märt,Martin,Iisaku,Estonia core/west,North Estonian,viP,Märt,3,2,Mardi (2); Mart (1),Mardi (2); Mart (1),Martin's (2); Martin (1)
2,Martin / Mart / Märt,Martin,Iisaku,Estonia core/west,North Estonian,viP,Mardi,2,1,Mart (2),Mardi (2),Martin's (2)
2,Martin / Mart / Märt,Mardi/Mard,Iisaku,Estonia core/west,North Estonian,viP,Mardisandid,1,1,Mardisand (1),Mardisandid (1),Mardi-saints (1)
2,Martin / Mart / Märt,Martin,Iisalmi,Finland/Savo-Karelia,Finnish,su,Martti,2,1,Martti (2),Martti (1); Martin (1),Martin (1); Martin's (1)
2,Martin / Mart / Märt,Mart/Marti,Jaani,Estonia core/west,North Estonian,viP,Mart,1,1,Mardi (1),Mardi (1),Mart's (1)
2,Martin / Mart / Märt,Mardi/Mard,Juuru,Estonia core/west,North Estonian,viP,Mardi,2,1,Mardi (2),Mardil (2),at Mardi's (2)
2,Martin / Mart / Märt,Mart/Marti,Juuru,Estonia core/west,North Estonian,viP,Mart,2,1,Mart (2),Mart (2),Mart (2)
2,Martin / Mart / Märt,Mart/Marti,Järva-Jaani,Estonia core/west,North Estonian,viP,Mart,2,2,Mart (2),Mardi (1); Mardile (1),Marti's (1); to Mart (1)
2,Martin / Mart / Märt,Mart/Marti,Järva-Jaani,Estonia core/west,North Estonian,viP,Märt,2,1,Mart (2),Mart (2),Mart (2)
2,Martin / Mart / Märt,Märt/Märti,Järva-Jaani,Estonia core/west,North Estonian,viP,Märt,1,1,Märt (1),Mardi (1),Märt's (1)
2,Martin / Mart / Märt,Mart/Marti,Järva-Madise,Estonia core/west,North Estonian,viP,Mart,9,3,Mart (9),Marti (4); Mardi (3); Mart (2),Marti (4); Mart's (3); Mart (2)
2,Martin / Mart / Märt,Mardi/Mard,Järva-Madise,Estonia core/west,North Estonian,viP,Mart,4,1,Mart (4),Mardil (2); Mardile (2),on Mardi (2); to Mardi (2)
2,Martin / Mart / Märt,Mardi/Mard,Järva-Madise,Estonia core/west,North Estonian,viP,mard,4,1,mard (4),mardi (2); mardile (2),Mardi's (2); for Mard (2)
2,Martin / Mart / Märt,Mardi/Mard,Järva-Madise,Estonia core/west,North Estonian,viP,Mard,1,1,Mard (1),Mardi (1),Mardi's (1)
2,Martin / Mart / Märt,Mardi/Mard,Järva-Madise,Estonia core/west,North Estonian,viP,Mardile,1,1,Mardi (1),Mardile (1),to Mardi (1)
2,Martin / Mart / Märt,Mardi/Mard,Järva-Madise,Estonia core/west,North Estonian,viP,Märt,1,1,Mardi (1),Mardi (1),Mardi's (1)
2,Martin / Mart / Märt,Mardi/Mard,Järva-Madise,Estonia core/west,North Estonian,viP,mardisand,1,1,mardisand (1),mardisandid (1),Mardi's messengers (1)
2,Martin / Mart / Märt,Mart/Marti,Järva-Madise,Estonia core/west,North Estonian,viP,Märt,1,1,Mart (1),Mart (1),Mart (1)
2,Martin / Mart / Märt,Martin,Järva-Madise,Estonia core/west,North Estonian,viP,mardilaps,1,1,mardilaps (1),mardilapsed (1),Martin's-children (1)
2,Martin / Mart / Märt,Martin,Järva-Madise,Estonia core/west,North Estonian,viP,mart,1,1,mart (1),mardi (1),Martin's (1)
2,Martin / Mart / Märt,Mart/Marti,Jõelähtme,Estonia core/west,North Estonian,viP,Marti,3,1,Marti (3),Marti (3),Marti (3)
2,Martin / Mart / Märt,Martin,Jõelähtme,Estonia core/west,North Estonian,viP,mart,3,1,mart (3),mardi (2); mart (1),Martin's (2); Martin (1)
2,Martin / Mart / Märt,Mardi/Mard,Jõelähtme,Estonia core/west,North Estonian,viP,Mard,1,1,Mard (1),Mardu (1),Mard (1)
2,Martin / Mart / Märt,Mart/Marti,Jõelähtme,Estonia core/west,North Estonian,viP,Mart,1,1,Mart (1),Mardi (1),Mart's (1)
2,Martin / Mart / Märt,Martin,Jõelähtme,Estonia core/west,North Estonian,viP,Mart,1,1,Mart (1),Mart (1),Martin (1)
2,Martin / Mart / Märt,Martin,Jõelähtme,Estonia core/west,North Estonian,viP,mard,1,1,mart (1),mardi (1),Martin's (1)
2,Martin / Mart / Märt,Martin,Jõelähtme,Estonia core/west,North Estonian,viP,mardisandid,1,1,mardisandid (1),mardisandid (1),Martin's messengers (1)
2,Martin / Mart / Märt,Martin,Jõelähtme,Estonia core/west,North Estonian,viP,mardmees,1,1,mardmees (1),Mardmees (1),Martin-man (1)
2,Martin / Mart / Märt,Martin,Jõhvi,Estonia core/west,North Estonian,viP,Mart,11,3,Mart (11),Mart (8); Mardile (2); Mardi (1),Martin (8); to Martin (2); Martin's (1)
2,Martin / Mart / Märt,Mart/Marti,Jõhvi,Estonia core/west,North Estonian,viP,Mart,10,4,Mart (10),Mart (6); Mardi (4),Mart (6); Mart's (4)
2,Martin / Mart / Märt,Martin,Jõhvi,Estonia core/west,North Estonian,viP,mardikene,4,2,mardikene (4),mardikene (4),little Martin (4)
2,Martin / Mart / Märt,Martin,Jõhvi,Estonia core/west,North Estonian,viP,Mardi,2,1,Mardi (2),Mardi (2),Martin's (2)
2,Martin / Mart / Märt,Mardi/Mard,Jõhvi,Estonia core/west,North Estonian,viP,mart,1,1,mardi (1),mardi (1),Mardi's (1)
2,Martin / Mart / Märt,Mart/Marti,Jüri,Estonia core/west,North Estonian,viP,Mart,1,1,Mart (1),Mart (1),Mart (1)
2,Martin / Mart / Märt,Martin,Jüri,Estonia core/west,North Estonian,viP,mardiõhtu,1,1,mardiõhtu (1),mardiõhtuks (1),as St. Martin's Eve (1)
2,Martin / Mart / Märt,Martin,Kaarma,Estonia core/west,North Estonian,viP,Mart,4,1,mart (4),Mart (4),Martin (4)
2,Martin / Mart / Märt,Mart/Marti,Kaarma,Estonia core/west,North Estonian,viP,Mart,2,1,Mart (2),Mardi (2),Mart's (2)
2,Martin / Mart / Märt,Martin,Kaarma,Estonia core/west,North Estonian,viP,Märt,2,1,mairt (2),Märt (2),Martin (2)
2,Martin / Mart / Märt,Mart/Marti,Kadrina,Estonia core/west,North Estonian,viP,Mart,3,2,Mardi (2); Mart (1),Mardi (2); Mart (1),Mart's (2); Mart (1)
2,Martin / Mart / Märt,Martin,Kadrina,Estonia core/west,North Estonian,viP,märt,2,1,mart (2),mardi (2),Martin (2)
2,Martin / Mart / Märt,Märt/Märti,Kadrina,Estonia core/west,North Estonian,viP,Järva-Märt,1,1,Järva-Mardi (1),järvamardi (1),Järva-Märt (1)
2,Martin / Mart / Märt,Märt/Märti,Kadrina,Estonia core/west,North Estonian,viP,kõrsi-Märt,1,1,kõrsi-Mardi (1),kõrsimardi (1),Straw-Märt (1)
2,Martin / Mart / Märt,Märt/Märti,Kadrina,Estonia core/west,North Estonian,viP,vana-Märt,1,1,vana-Mardi (1),vanamardi (1),Old-Märt (1)
2,Martin / Mart / Märt,Märt/Märti,Kambja,Estonia core/west,South Estonian,viE,Märt,12,2,Märti (11); Märt (1),Märti (12),Märt's (10); Märti (2)
2,Martin / Mart / Märt,Märt/Märti,Kambja,Estonia core/west,South Estonian,viE,Märtike,1,1,Märtike (1),Märtikeise (1),little Märt (1)
2,Martin / Mart / Märt,Martin,Kanepi,South Estonia/Seto,South Estonian,viE,Märt,3,1,Märt (3),mardi (2); mart (1),Martin's (2); Martin (1)
2,Martin / Mart / Märt,Märt/Märti,Kanepi,South Estonia/Seto,South Estonian,viE,Märt,2,2,Märt (1); märt (1),Märti (1); märdi (1),Märt's (2)
2,Martin / Mart / Märt,Mardi/Mard,Kanepi,South Estonia/Seto,South Estonian,viE,Mard,1,1,Mard (1),Mardi (1),Mardi (1)
2,Martin / Mart / Märt,Martin,Kanepi,South Estonia/Seto,South Estonian,viE,mardisandid,1,1,mardisandid (1),mardisandid (1),Martin's followers (1)
2,Martin / Mart / Märt,Martin,Kaprio,Ingria,Finnish,su,Martti,1,1,Martti (1),Martin (1),Martin's (1)
2,Martin / Mart / Märt,Mart/Marti,Karksi,Estonia core/west,South Estonian,viE,marti,36,1,marti (36),marti (36),Marti (36)
2,Martin / Mart / Märt,Märt/Märti,Karksi,Estonia core/west,South Estonian,viE,Märt,12,5,Märt (9); märdi (2); Märti (1),Märt (5); Märti (4); märdi (2); Märde (1),Märt (6); Märt's (5); Märti (1)
2,Martin / Mart / Märt,Mardi/Mard,Karksi,Estonia core/west,South Estonian,viE,mard,5,1,mard (5),mardil (3); mardi (2),at Mardi's (3); Mardi's (2)
2,Martin / Mart / Märt,Mardi/Mard,Karksi,Estonia core/west,South Estonian,viE,Märt,4,1,Märt (4),mardile (3); mardi (1),to Mardi (3); Mardi's (1)
2,Martin / Mart / Märt,Mardi/Mard,Karksi,Estonia core/west,South Estonian,viE,mardisand,4,2,mardisand (4),mardisandid (2); mardisandi (1); mardisandile (1),Mardi guests (2); Mardi saints (1); to Mardi saint (1)
2,Martin / Mart / Märt,Mardi/Mard,Karksi,Estonia core/west,South Estonian,viE,mart,4,1,mart (4),mardi (3); mardil (1),Mardi's (3); on Mardi (1)
2,Martin / Mart / Märt,Märt/Märti,Karksi,Estonia core/west,South Estonian,viE,märt,4,1,märt (4),märdi (2); märt (2),Märt's (2); Märt (2)
2,Martin / Mart / Märt,Mart/Marti,Karksi,Estonia core/west,South Estonian,viE,mart,3,1,mart (3),mart (3),Mart (3)
2,Martin / Mart / Märt,Martin,Karksi,Estonia core/west,South Estonian,viE,Märt,2,1,Märt (2),Märt (2),Martin (2)
2,Martin / Mart / Märt,Martin,Karksi,Estonia core/west,South Estonian,viE,mard,2,1,mard (2),mardil (2),Martin (2)
2,Martin / Mart / Märt,Mart/Marti,Karksi,Estonia core/west,South Estonian,viE,Mart,1,1,Mart (1),Marti (1),Mart's (1)
2,Martin / Mart / Märt,Märt/Märti,Karksi,Estonia core/west,South Estonian,viE,Märti,1,1,Märti (1),Märti (1),Märt's (1)
2,Martin / Mart / Märt,Märt/Märti,Karksi,Estonia core/west,South Estonian,viE,märdi+sänd,1,1,märdi+sändi (1),märdisändi (1),Märt's reindeer (1)
2,Martin / Mart / Märt,Mart/Marti,Karuse,Estonia core/west,North Estonian,viP,mart,18,2,mart (18),mart (16); mardi (2),Mart (16); Mart's (2)
2,Martin / Mart / Märt,Mart/Marti,Karuse,Estonia core/west,North Estonian,viP,mard,11,1,mard (11),mardi (6); mardil (5),Mart (7); Mart's (4)
2,Martin / Mart / Märt,Martin,Karuse,Estonia core/west,North Estonian,viP,mart,6,1,mart (6),mardid (4); mart (1); mardi (1),Martin-men (4); Martin-man (1); Martin's (1)
2,Martin / Mart / Märt,Martin,Karuse,Estonia core/west,North Estonian,viP,Mart,4,1,Mart (4),Mardi (2); Mart (2),Martin's (2); Martin (2)
2,Martin / Mart / Märt,Martin,Karuse,Estonia core/west,North Estonian,viP,Mard,3,2,marti (2); mard (1),Mardi (2); Mardu (1),Martin's (2); Martin (1)
2,Martin / Mart / Märt,Mardi/Mard,Karuse,Estonia core/west,North Estonian,viP,mart,2,2,mard (1); mart (1),mardil (1); mardi (1),to Mard (1); Mardi's (1)
2,Martin / Mart / Märt,Mardi/Mard,Karuse,Estonia core/west,North Estonian,viP,Mardi,1,1,Mardi (1),Mardil (1),at Mardi's (1)
2,Martin / Mart / Märt,Mardi/Mard,Karuse,Estonia core/west,North Estonian,viP,Pajumardi,1,1,Pajumardi (1),Pajumardi (1),Willow-Mardi (1)
2,Martin / Mart / Märt,Mardi/Mard,Karuse,Estonia core/west,North Estonian,viP,Sepamardi,1,1,Sepamardi (1),Sepamardi (1),Smith-Mardi (1)
2,Martin / Mart / Märt,Mart/Marti,Karuse,Estonia core/west,North Estonian,viP,sandimart,1,1,sandimart (1),sandimart (1),beggar Mart (1)
2,Martin / Mart / Märt,Martin,Kattila,Ingria,Votic,su,Martti,1,1,Martti (1),Martinin (1),Martin's (1)
2,Martin / Mart / Märt,Mart/Marti,Keila,Estonia core/west,North Estonian,viP,mart,4,1,mart (4),mart (4),Mart (4)
2,Martin / Mart / Märt,Mardi/Mard,Keila,Estonia core/west,North Estonian,viP,mart,3,1,mart (3),mardi (2); mardiks (1),Mardi's (2); into Mardi (1)
2,Martin / Mart / Märt,Martin,Keila,Estonia core/west,North Estonian,viP,Mart,2,1,Mart (2),Mart (2),Martin (2)
2,Martin / Mart / Märt,Mart/Marti,Keila,Estonia core/west,North Estonian,viP,Martike,1,1,Martikene (1),Martikene (1),Mart (diminutive) (1)
2,Martin / Mart / Märt,Märt/Märti,Keila,Estonia core/west,North Estonian,viP,Märt,1,1,Mart (1),Mardi (1),Märt's (1)
2,Martin / Mart / Märt,Martin,Kestilä,Finland/Savo-Karelia,Finnish,su,Martti,1,1,Martti (1),Martin (1),Martin's (1)
2,Martin / Mart / Märt,Martin,Kiestinki,East Karelia/Veps/Tver,Karelian Proper,ka,Martti,1,1,Martti-n (1),Martin (1),of Martin (1)
2,Martin / Mart / Märt,Märt/Märti,Kirbla,Estonia core/west,North Estonian,viP,Märti,1,1,märti (1),Märti (1),Märti (name/refrain) (1)
2,Martin / Mart / Märt,Martin,Kiuruvesi,Finland/Savo-Karelia,Finnish,su,Martti,2,2,Martti (1); Martin (1),Martin (2),Martin's (2)
2,Martin / Mart / Märt,Martin,Kivijärvi,Finland/Savo-Karelia,Finnish,su,Martti,2,2,Martti (1); Martin (1),Martin (1); Martinin (1),Martin's (2)
2,Martin / Mart / Märt,Märt/Märti,Kodavere,Estonia core/west,North Estonian,viP,Märt,11,3,märt (9); Märt (2),Märt (10); Märti (1),Märt (10); Märt's (1)
2,Martin / Mart / Märt,Märt/Märti,Kodavere,Estonia core/west,North Estonian,viP,märt,10,1,märt (10),märdi (5); märdil (3); märti (1); märt (1),of märt (5); on the märt (3); märt (2)
2,Martin / Mart / Märt,Märt/Märti,Kodavere,Estonia core/west,North Estonian,viP,Märti,5,1,märdi (4); märti (1),Märti (5),Märt's (4); Märt (1)
2,Martin / Mart / Märt,Martin,Kodavere,Estonia core/west,North Estonian,viP,Märt,2,1,Märt (2),Märt (2),Martin's (1); Martin (1)
2,Martin / Mart / Märt,Mart/Marti,Kodavere,Estonia core/west,North Estonian,viP,Mart,1,1,Marti (1),Marti (1),Marti (1)
2,Martin / Mart / Märt,Märt/Märti,Kodavere,Estonia core/west,North Estonian,viP,Märt/mäger,1,1,Märt (1),Märt (1),Märt (name/marten) (1)
2,Martin / Mart / Märt,Mardi/Mard,Koeru,Estonia core/west,North Estonian,viP,mard,4,1,mardile (2); mard (1); marti (1),mardi (2); mardile (2),to Mardi (2); Mardi's (1); Mardi (1)
2,Martin / Mart / Märt,Mart/Marti,Koeru,Estonia core/west,North Estonian,viP,Mart,4,2,Mart (4),Marti (3); Mart (1),Mart (4)
2,Martin / Mart / Märt,Mardi/Mard,Koeru,Estonia core/west,North Estonian,viP,mardisant,2,1,mardisant (2),mardisandid (2),Mardi-beggars (2)
2,Martin / Mart / Märt,Mardi/Mard,Koeru,Estonia core/west,North Estonian,viP,Märt,1,1,Mart (1),Mardi (1),Mardi's (1)
2,Martin / Mart / Märt,Martin,Koivisto,Finland/Savo-Karelia,Finnish,su,Martti,1,1,Martti (1),Martin (1),Martin's (1)
2,Martin / Mart / Märt,Märt/Märti,Kolga-Jaani,Estonia core/west,North Estonian,viP,Märt,11,4,Märt (10); Mart (1),Märti (5); Märt (5); Mardi (1),Märt (7); Märt's (4)
2,Martin / Mart / Märt,Martin,Kolga-Jaani,Estonia core/west,North Estonian,viP,mart,3,1,mart (3),mardi (2); mart (1),Martin's (2); Martin (1)
2,Martin / Mart / Märt,Martin,Kolga-Jaani,Estonia core/west,North Estonian,viP,mardisand,1,1,mardisand (1),mardisandid (1),Martin's saints (1)
2,Martin / Mart / Märt,Martin,Kontokki,East Karelia/Veps/Tver,Karelian Proper,ka,Martin,1,1,Martin (1),Martin (1),Martin's (1)
2,Martin / Mart / Märt,Mart/Marti,Kose,Estonia core/west,North Estonian,viP,Mart,7,5,Mart (7),Mart (5); Mardi (2),Mart (5); Mart's (2)
2,Martin / Mart / Märt,Mardi/Mard,Kose,Estonia core/west,North Estonian,viP,mard,3,1,mard (3),mardi (3),Mardi's (3)
2,Martin / Mart / Märt,Martin,Kuhmo,Finland/Savo-Karelia,Finnish,su,Martti,1,1,Martti (1),Martin (1),Martin's (1)
2,Martin / Mart / Märt,Mart/Marti,Kullamaa,Estonia core/west,North Estonian,viP,Mart,2,2,mart (1); Mart (1),Mart (2),Mart (2)
2,Martin / Mart / Märt,Martin,Kullamaa,Estonia core/west,North Estonian,viP,Mart,2,1,Mart (2),Mart (2),Martin (2)
2,Martin / Mart / Märt,Mardi/Mard,Kullamaa,Estonia core/west,North Estonian,viP,Mardi,1,1,Mardi (1),Mardile (1),to Mardi (1)
2,Martin / Mart / Märt,Mart/Marti,Kursi,Estonia core/west,North Estonian,viP,Mart,4,2,Mart (4),Mardi (3); Mart (1),Mart's (3); Mart (1)
2,Martin / Mart / Märt,Mardi/Mard,Kursi,Estonia core/west,North Estonian,viP,Mardi,2,1,Mardi (2),Mardil (2),on Mardi (2)
2,Martin / Mart / Märt,Mardi/Mard,Kursi,Estonia core/west,North Estonian,viP,Mardike,1,1,Mardike (1),Mardike (1),little Mardi (1)
2,Martin / Mart / Märt,Märt/Märti,Kursi,Estonia core/west,North Estonian,viP,Märt,1,1,Märt (1),Märti (1),Märt's (1)
2,Martin / Mart / Märt,Mart/Marti,Kuusalu,Estonia core/west,North Estonian,viP,Mart,19,5,Mart (17); mardikene (1); Marti (1),Mardi (9); Mart (8); mardike (1); Marti (1),Mart's (9); Mart (7); little Mart (1); Marti (1); Mart (name) (1)
2,Martin / Mart / Märt,Martin,Kuusalu,Estonia core/west,North Estonian,viP,Mart,7,5,Marti (4); Mart (2); Mard (1),Mart (5); Mardi (1); Marti (1),Martin (7)
2,Martin / Mart / Märt,Mardi/Mard,Kuusalu,Estonia core/west,North Estonian,viP,mardike,1,1,mardikene (1),mardikene (1),little Mardi (1)
2,Martin / Mart / Märt,Martin,Kuusalu,Estonia core/west,North Estonian,viP,mard,1,1,mardi (1),mardini (1),until Martin's (1)
2,Martin / Mart / Märt,Martin,Kuusalu,Estonia core/west,North Estonian,viP,mardike,1,1,mardikane (1),mardikene (1),little Martin (1)
2,Martin / Mart / Märt,Martin,Kuusalu,Estonia core/west,North Estonian,viP,mardikene,1,1,mardikane (1),mardikene (1),little Martin (1)
2,Martin / Mart / Märt,Martin,Kuusalu,Estonia core/west,North Estonian,viP,mardisandid,1,1,mardisandid (1),mardisandid (1),Martin's beggars (1)
2,Martin / Mart / Märt,Mart/Marti,Käina,Estonia core/west,North Estonian,viP,Mart,2,2,Mart (2),Mart (1); Mardi (1),Mart (1); Mart's (1)
2,Martin / Mart / Märt,Martin,Käina,Estonia core/west,North Estonian,viP,Mart,1,1,Mart (1),Mart (1),Martin (1)
2,Martin / Mart / Märt,Mart/Marti,Kärla,Estonia core/west,North Estonian,viP,Mart,3,2,Mart (3),Mart (3),Mart (3)
2,Martin / Mart / Märt,Märt/Märti,Kõpu,Estonia core/west,North Estonian,viP,Märt,5,3,Märt (5),Märti (2); Märt (2); Märtil (1),Märt's (2); Märt (2); on Märt (1)
2,Martin / Mart / Märt,Mardi/Mard,Kõpu,Estonia core/west,North Estonian,viP,mard,4,1,mard (4),mardi (2); mardile (2),Mardi's (2); for Mard (2)
2,Martin / Mart / Märt,Martin,Kõpu,Estonia core/west,North Estonian,viP,mard,2,1,mard (2),mardi (2),Martin's (2)
2,Martin / Mart / Märt,Mart/Marti,Kõpu,Estonia core/west,North Estonian,viP,Mart,1,1,Mart (1),Mardi (1),Mart (1)
2,Martin / Mart / Märt,Mart/Marti,Kõpu,Estonia core/west,North Estonian,viP,mart,1,1,mart (1),mart (1),Mart (1)
2,Martin / Mart / Märt,Martin,Kõpu,Estonia core/west,North Estonian,viP,mardisandid,1,1,mardisandid (1),mardisandid (1),Martin's saints (1)
2,Martin / Mart / Märt,Mardi/Mard,Laiuse,Estonia core/west,North Estonian,viP,Mard,5,1,Mard (5),Mardi (5),Mardi's (5)
2,Martin / Mart / Märt,Mart/Marti,Laiuse,Estonia core/west,North Estonian,viP,Mart,4,4,Mart (4),Mart (3); Mardi (1),Mart (3); Mart's (1)
2,Martin / Mart / Märt,Märt/Märti,Laiuse,Estonia core/west,North Estonian,viP,mart,2,1,mart (2),mardi (2),Märt's (2)
2,Martin / Mart / Märt,Mardi/Mard,Laiuse,Estonia core/west,North Estonian,viP,Mart,1,1,Mart (1),Mardi (1),Mardi's (1)
2,Martin / Mart / Märt,Mardi/Mard,Laiuse,Estonia core/west,North Estonian,viP,mardikene,1,1,mardikene (1),mardikene (1),little Mardi (1)
2,Martin / Mart / Märt,Martin,Laiuse,Estonia core/west,North Estonian,viP,Mart,1,1,Mart (1),Mart (1),Martin (1)
2,Martin / Mart / Märt,Martin,Laiuse,Estonia core/west,North Estonian,viP,mart,1,1,mard (1),mardiks (1),for St. Martin's (1)
2,Martin / Mart / Märt,Martin,Lempaala,Finland/Savo-Karelia,Finnish,su,Martti,2,1,Martti (2),Martti (2),Martin (2)
2,Martin / Mart / Märt,Martin,Lempaala,Finland/Savo-Karelia,Finnish,su,tasa & martti,1,1,tasa & martin (1),tasamartin (1),of Flat-Martin (1)
2,Martin / Mart / Märt,Martin,Liissilä,Ingria,Finnish,su,marttiaika,1,1,martinaika (1),Martin-aika (1),Martin-time (1)
2,Martin / Mart / Märt,Martin,Loppi,Finland/Savo-Karelia,Finnish,su,Martti,1,1,Martti (1),Martti (1),Martin (1)
2,Martin / Mart / Märt,Mardi/Mard,Lääne-Nigula,Estonia core/west,North Estonian,viP,Mart,1,1,Mart (1),Mardiks (1),Mardi (1)
2,Martin / Mart / Märt,Mart/Marti,Lääne-Nigula,Estonia core/west,North Estonian,viP,Mart,1,1,Mart (1),Mardi (1),Mart's (1)
2,Martin / Mart / Märt,Mart/Marti,Lääne-Nigula,Estonia core/west,North Estonian,viP,Marti (proper name),1,1,Marti (1),Marti (1),Marti (1)
2,Martin / Mart / Märt,Mardi/Mard,Lüganuse,Estonia core/west,North Estonian,viP,Mard,2,1,Mard (2),mardi (2),Mardi's (2)
2,Martin / Mart / Märt,Mardi/Mard,Lüganuse,Estonia core/west,North Estonian,viP,Märt,2,1,Mart (2),Mardi (2),Mardi's (2)
2,Martin / Mart / Märt,Mart/Marti,Lüganuse,Estonia core/west,North Estonian,viP,Mard,2,1,Mart (2),mart (2),Mart (2)
2,Martin / Mart / Märt,Mart/Marti,Lüganuse,Estonia core/west,North Estonian,viP,Mart,2,2,Mart (2),Mart (2),Mart (2)
2,Martin / Mart / Märt,Mart/Marti,Lüganuse,Estonia core/west,North Estonian,viP,Märt,2,1,mart (2),mart (2),mart (2)
2,Martin / Mart / Märt,Mardi/Mard,Lüganuse,Estonia core/west,North Estonian,viP,Mardisant,1,1,Mardi_sant (1),mardisandid (1),Mardi's followers (1)
2,Martin / Mart / Märt,Martin,Maaninka,Finland/Savo-Karelia,Finnish,su,martinkello,1,1,martinkello (1),martinkello (1),Martin-bell (1)
2,Martin / Mart / Märt,Märt/Märti,Maarja-Magdaleena,Estonia core/west,North Estonian,viP,Märt,6,2,märdi (2); märt (2); Märti (1); Märt (1),märdi (2); märt (2); Märti (1); Märdi (1),Märt's (4); Märt (2)
2,Martin / Mart / Märt,Märt/Märti,Maarja-Magdaleena,Estonia core/west,North Estonian,viP,Märtile,2,1,märdile (2),märdile (2),to Märt (2)
2,Martin / Mart / Märt,Martin,Maarja-Magdaleena,Estonia core/west,North Estonian,viP,Märt,1,1,Märt (1),Märt (1),Martin (1)
2,Martin / Mart / Märt,Märt/Märti,Maarja-Magdaleena,Estonia core/west,North Estonian,viP,sandid,1,1,märdi+sandid (1),märdisandid (1),Märt's boots (1)
2,Martin / Mart / Märt,Mardi/Mard,Martna,Estonia core/west,North Estonian,viP,mard,2,1,mard (2),mardil (2),on Mardi (2)
2,Martin / Mart / Märt,Mart/Marti,Martna,Estonia core/west,North Estonian,viP,mart,2,1,mart (2),mart (1); mardi (1),Mart (2)
2,Martin / Mart / Märt,Martin,Martna,Estonia core/west,North Estonian,viP,Mart,2,1,Mart (2),Mardi (2),Martin's (2)
2,Martin / Mart / Märt,Martin,Metsäpirtti,Finland/Savo-Karelia,Finnish,su,Martti,1,1,Martti (1),Martti (1),Martin (1)
2,Martin / Mart / Märt,Mart/Marti,Mihkli,Estonia core/west,North Estonian,viP,mard,7,1,mart (7),mart (4); mardi (2); mardit (1),Mart (4); Mart's (2); Mart (spirit) (1)
2,Martin / Mart / Märt,Mardi/Mard,Mihkli,Estonia core/west,North Estonian,viP,mart,6,1,mart (6),mardi (5); mardile (1),Mardi's (5); to Mardi (1)
2,Martin / Mart / Märt,Martin,Mihkli,Estonia core/west,North Estonian,viP,Mard (proper noun),2,1,Mard (2),Mardil (2),on Martin (2)
2,Martin / Mart / Märt,Martin,Mihkli,Estonia core/west,North Estonian,viP,Mart (proper noun),2,1,Mart (2),Mart (2),Martin (2)
2,Martin / Mart / Märt,Martin,Miikkulainen,Ingria,Finnish,su,Tasa-Martin,1,1,Tasa-Martin (1),Tasa-Martin (1),Tasa-Martin (1)
2,Martin / Mart / Märt,Martin,Muhos,Finland/Savo-Karelia,Finnish,su,Martti,1,1,Martin (1),Martin (1),Martin's (1)
2,Martin / Mart / Märt,Mart/Marti,Mustjala,Estonia core/west,North Estonian,viP,Mart,3,1,Mart (3),Mart (3),Mart (3)
2,Martin / Mart / Märt,Mardi/Mard,Mustjala,Estonia core/west,North Estonian,viP,Mart,1,1,Mart (1),Mardi (1),Mardi's (1)
2,Martin / Mart / Märt,Martin,Mäntyharju,Finland/Savo-Karelia,Finnish,su,Martti,1,1,Martti (1),Martin (1),Martin's (1)
2,Martin / Mart / Märt,Mart/Marti,Märjamaa,Estonia core/west,North Estonian,viP,mart,3,1,mart (3),mart (3),Mart (3)
2,Martin / Mart / Märt,Mart/Marti,Märjamaa,Estonia core/west,North Estonian,viP,Mart,2,2,Mart (2),Mart (2),Mart (2)
2,Martin / Mart / Märt,Martin,Märjamaa,Estonia core/west,North Estonian,viP,Mard,2,1,Mardi (2),Mardi (2),Martin's (2)
2,Martin / Mart / Märt,Martin,Märjamaa,Estonia core/west,North Estonian,viP,mart,2,1,mart (2),mart (2),Martin (2)
2,Martin / Mart / Märt,Mardi/Mard,Märjamaa,Estonia core/west,North Estonian,viP,Mard,1,1,Mard (1),Mardi (1),Mard's (1)
2,Martin / Mart / Märt,Mardi/Mard,Märjamaa,Estonia core/west,North Estonian,viP,mard,1,1,mard (1),mardi (1),Mard's (1)
2,Martin / Mart / Märt,Mart/Marti,Narvusi,Ingria,Ingrian,in,Martti,2,1,Mart (2),Mart (2),Mart (2)
2,Martin / Mart / Märt,Martin,Narvusi,Ingria,Ingrian,in,Martti,2,1,Martin (2),Martin (2),Martin (2)
2,Martin / Mart / Märt,Martin,Nissi,Estonia core/west,North Estonian,viP,Mart,2,1,Mardi (1); Mart (1),Mardi (1); Mart (1),Martin's (1); Martin (1)
2,Martin / Mart / Märt,Martin,Nurmes,Finland/Savo-Karelia,Finnish,su,Martti,2,2,Martti (2),Martinin (1); Martin (1),Martin's (2)
2,Martin / Mart / Märt,Märt/Märti,Nõo,Estonia core/west,South Estonian,viE,märt,4,1,märt (4),märt (3); märti (1),Märt (3); Märt's (1)
2,Martin / Mart / Märt,Mardi/Mard,Nõo,Estonia core/west,South Estonian,viE,Märt,2,1,Mardi (2),Mardi (2),Mardi's (2)
2,Martin / Mart / Märt,Mardi/Mard,Nõo,Estonia core/west,South Estonian,viE,Mardisandid,1,1,Mardisandid (1),Mardisandid (1),Mardi's beggars (1)
2,Martin / Mart / Märt,Martin,Orimattila,Finland/Savo-Karelia,Finnish,su,Martti,1,1,Martin (1),Martin (1),Martin's (1)
2,Martin / Mart / Märt,Mardi/Mard,Paide,Estonia core/west,North Estonian,viP,Mardi,2,1,Mardi (2),Mardi (2),Mardi's (2)
2,Martin / Mart / Märt,Mardi/Mard,Paide,Estonia core/west,North Estonian,viP,mardisand,1,1,mardisand (1),mardisand (1),Mardi-master (1)
2,Martin / Mart / Märt,Mart/Marti,Paide,Estonia core/west,North Estonian,viP,Mart,1,1,Mart (1),Marti (1),Marti's (1)
2,Martin / Mart / Märt,Martin,Paistu,Estonia core/west,South Estonian,viE,Märt,55,1,Märti (46); Märt (9),Märti (52); Märtile (2); Märtil (1),Martin (46); Martin's (7); to Martin (2)
2,Martin / Mart / Märt,Märt/Märti,Paistu,Estonia core/west,South Estonian,viE,Märt,34,4,Märt (28); märdi (3); märti (2); märd (1),Märti (13); Märt (11); Märdi (6); Mardi (3); märdid (1),Märt (25); Märt's (9)
2,Martin / Mart / Märt,Märt/Märti,Paistu,Estonia core/west,South Estonian,viE,märt,11,1,märdi (9); märdil (1); mardi (1),märdi (10); märdil (1),Märt's (10); at Märt's (1)
2,Martin / Mart / Märt,Mart/Marti,Paistu,Estonia core/west,South Estonian,viE,Mart,5,2,Mart (5),Mardi (2); Marti (2); Mart (1),Mart (3); Mart's (2)
2,Martin / Mart / Märt,Märt/Märti,Paistu,Estonia core/west,South Estonian,viE,märdisand,4,1,märdisand (4),märdisandid (4),Märt's things (3); Märt's belongings (1)
2,Martin / Mart / Märt,Mardi/Mard,Paistu,Estonia core/west,South Estonian,viE,Märdi,2,1,Märdi (2),Märdi (2),Märdi (2)
2,Martin / Mart / Märt,Märt/Märti,Paistu,Estonia core/west,South Estonian,viE,mardisand,1,1,mardisand (1),mardisandi (1),Märt's messenger (1)
2,Martin / Mart / Märt,Martin,Palamuse,Estonia core/west,North Estonian,viP,Märt,36,1,Märti (34); Märt (2),Märti (34); Märdil (2),Martin (34); Martin's (2)
2,Martin / Mart / Märt,Martin,Palamuse,Estonia core/west,North Estonian,viP,mart,15,1,marti (12); mart (3),Mart (15),Martin (15)
2,Martin / Mart / Märt,Martin,Palamuse,Estonia core/west,North Estonian,viP,Mard,6,1,mart (3); Mard (3),Mard (3); Mardi (3),Martin (4); Martin's (2)
2,Martin / Mart / Märt,Mardi/Mard,Palamuse,Estonia core/west,North Estonian,viP,Mard,5,1,Mard (5),Mardi (5),Mardi's (5)
2,Martin / Mart / Märt,Mardi/Mard,Palamuse,Estonia core/west,North Estonian,viP,märd,2,1,märd (2),märdi (1); märdil (1),Märdi's (1); on Märdi (1)
2,Martin / Mart / Märt,Martin,Palamuse,Estonia core/west,North Estonian,viP,mardisant,2,1,mardisanti (2),Mardi sant (2),Martin's beggar (2)
2,Martin / Mart / Märt,Mart/Marti,Palamuse,Estonia core/west,North Estonian,viP,Mart,1,1,Mart (1),Mardi (1),Mart's (1)
2,Martin / Mart / Märt,Martin,Palamuse,Estonia core/west,North Estonian,viP,Mart,1,1,Mart (1),Mart (1),Martin (1)
2,Martin / Mart / Märt,Märt/Märti,Palamuse,Estonia core/west,North Estonian,viP,Märt,1,1,Märt (1),Märt (1),Märt (1)
2,Martin / Mart / Märt,Martin,Paltamo,Finland/Savo-Karelia,Finnish,su,Martin,1,1,Martin (1),Martin (1),Martin (1)
2,Martin / Mart / Märt,Mart/Marti,Peetri,Estonia core/west,North Estonian,viP,Mart,5,5,Mart (5),Mardi (3); Mart (2),Mart's (3); Mart (2)
2,Martin / Mart / Märt,Mardi/Mard,Peetri,Estonia core/west,North Estonian,viP,Märt,3,1,Märt (3),Mardi (3),Mardi's (3)
2,Martin / Mart / Märt,Mardi/Mard,Peetri,Estonia core/west,North Estonian,viP,Mardi,1,1,mardi (1),Mardi (1),Mardi's (1)
2,Martin / Mart / Märt,Mardi/Mard,Peetri,Estonia core/west,North Estonian,viP,mardisandid,1,1,mardisandid (1),mardisandid (1),Mardi's paupers (1)
2,Martin / Mart / Märt,Martin,Peetri,Estonia core/west,North Estonian,viP,mardisandid,1,1,mardisandid (1),mardisandid (1),Martin's envoys (1)
2,Martin / Mart / Märt,Martin,Peetri,Estonia core/west,North Estonian,viP,mart,1,1,mart (1),mardi (1),Martin's (1)
2,Martin / Mart / Märt,Martin,Pielavesi,Finland/Savo-Karelia,Finnish,su,Martti,1,1,martti (1),Martinin (1),Martin's (1)
2,Martin / Mart / Märt,Martin,Pihtipudas,Finland/Savo-Karelia,Finnish,su,Martti,1,1,Martti (1),Martin (1),Martin's (1)
2,Martin / Mart / Märt,Martin,Piippola,Finland/Savo-Karelia,Finnish,su,Martti,1,1,Martti (1),Martti (1),Martin (1)
2,Martin / Mart / Märt,Martin,Pilistvere,Estonia core/west,North Estonian,viP,Mart,15,2,Marti (12); Mart (3),Marti (12); Mardi (3),Martin (12); Martin's (3)
2,Martin / Mart / Märt,Martin,Pilistvere,Estonia core/west,North Estonian,viP,Mard,6,1,Mard (6),Mardi (4); Mardil (2),Martin's (4); on Martin (2)
2,Martin / Mart / Märt,Mart/Marti,Pilistvere,Estonia core/west,North Estonian,viP,Mart,4,3,Mart (4),Mart (3); Mardi (1),Mart (3); Mart's (1)
2,Martin / Mart / Märt,Mart/Marti,Pilistvere,Estonia core/west,North Estonian,viP,mart,4,1,mart (4),mardi (2); mart (1); marti (1),Mart's (2); Mart (2)
2,Martin / Mart / Märt,Martin,Pilistvere,Estonia core/west,North Estonian,viP,mart,4,1,mard (2); mart (2),mardi (2); mart (2),Martin's (2); Martin (2)
2,Martin / Mart / Märt,Mardi/Mard,Pilistvere,Estonia core/west,North Estonian,viP,mart,1,1,mart (1),mardi (1),Mardi's (1)
2,Martin / Mart / Märt,Martin,Pilistvere,Estonia core/west,North Estonian,viP,Mardisand,1,1,Mardisand (1),Mardisandid (1),Martin-saints (1)
2,Martin / Mart / Märt,Martin,Pudasjärvi,Finland/Savo-Karelia,Finnish,su,Martti,2,2,Martti (2),Martin (2),Martin's (2)
2,Martin / Mart / Märt,Mardi/Mard,Puhja,Estonia core/west,South Estonian,viE,Talli-Märt,2,1,Talli-Märdi (2),Talli-Märdi (2),Talli-Märdi (2)
2,Martin / Mart / Märt,Mardi/Mard,Puhja,Estonia core/west,South Estonian,viE,Märdikene,1,1,Märdikene (1),Märdikene (1),little Märdi (1)
2,Martin / Mart / Märt,Martin,Puolanka,Finland/Savo-Karelia,Finnish,su,Martti,1,1,Martti (1),Martin (1),Martin's (1)
2,Martin / Mart / Märt,Martin,Pusula,Finland/Savo-Karelia,Finnish,su,räpäsky,1,1,rääpyskä (1),Rääpyskä (1),martin (1)
2,Martin / Mart / Märt,Mart/Marti,Puumala,Finland/Savo-Karelia,Finnish,su,Martti,1,1,Mart (1),Martti (1),Mart (1)
2,Martin / Mart / Märt,Martin,Pyhäjärvi Ol.,Finland/Savo-Karelia,Finnish,su,Martin,1,1,Martin (1),Martin (1),Martin's (1)
2,Martin / Mart / Märt,Martin,Pyhäjärvi Vpl.,Finland/Savo-Karelia,Finnish,su,Martti,2,1,Martti-n (2),Martin (2),Martin's (1); Martin (1)
2,Martin / Mart / Märt,Martin,Pärnu,Estonia core/west,North Estonian,viP,mard,15,3,mard (9); mart (5); marti (1),marti (6); mart (5); mardi (3); mardil (1),Martin (11); Martin's (2); on Martin (1); Martin (spirit) (1)
2,Martin / Mart / Märt,Mardi/Mard,Pärnu,Estonia core/west,North Estonian,viP,mard,14,3,mard (14),mardi (7); marti (6); mardid (1),Mardi's (7); Mardi (6); Mardi-figures (1)
2,Martin / Mart / Märt,Martin,Pärnu,Estonia core/west,North Estonian,viP,Mardis,7,1,Mardis (7),mardi (5); marti (2),Martin's (5); Martin (2)
2,Martin / Mart / Märt,Martin,Pärnu,Estonia core/west,North Estonian,viP,mart,5,1,mart (5),mart (3); mardi (2),Martin (3); Martin's (2)
2,Martin / Mart / Märt,Mart/Marti,Pärnu,Estonia core/west,North Estonian,viP,mard,4,2,mard (4),mardi (2); mardil (1); mart (1),Mart's (2); Mart has (1); Mart (1)
2,Martin / Mart / Märt,Mart/Marti,Pärnu,Estonia core/west,North Estonian,viP,Mart,3,1,Mart (3),Mart (2); Mardil (1),Mart (3)
2,Martin / Mart / Märt,Mart/Marti,Pärnu,Estonia core/west,North Estonian,viP,mart,3,1,mart (3),mart (3),Mart (3)
2,Martin / Mart / Märt,Mardi/Mard,Pärnu,Estonia core/west,North Estonian,viP,mardisand,1,1,mardisand (1),mardisandid (1),Mardi's messengers (1)
2,Martin / Mart / Märt,Martin,Pärnu,Estonia core/west,North Estonian,viP,mardisand,1,1,mardisand (1),mardisandid (1),Martin's messengers (1)
2,Martin / Mart / Märt,Mardi/Mard,Pärnu-Jaagupi,Estonia core/west,North Estonian,viP,mard,11,5,mard (9); mart (2),mardi (10); mardid (1),Mardi's (10); Mardi-figures (1)
2,Martin / Mart / Märt,Mardi/Mard,Pärnu-Jaagupi,Estonia core/west,North Estonian,viP,Mard,7,1,mardil (3); marti (2); mardi (2),Mardi (4); Mardil (3),Mardi's (4); on Mardi (3)
2,Martin / Mart / Märt,Martin,Pärnu-Jaagupi,Estonia core/west,North Estonian,viP,Mart,7,3,Mart (5); mart (1); mardi (1),Mart (6); Mardi (1),Martin (6); Martin's (1)
2,Martin / Mart / Märt,Mart/Marti,Pärnu-Jaagupi,Estonia core/west,North Estonian,viP,mart,4,2,mart (4),marti (2); mart (1); mardil (1),Marti (2); mart (1); Mart (adessive) (1)
2,Martin / Mart / Märt,Mardi/Mard,Pärnu-Jaagupi,Estonia core/west,North Estonian,viP,Mardi,2,1,Mardi (2),mardile (2),to Mardi (2)
2,Martin / Mart / Märt,Martin,Pärnu-Jaagupi,Estonia core/west,North Estonian,viP,mard,2,1,mard (2),mardi (2),Martin's (2)
2,Martin / Mart / Märt,Mardi/Mard,Pärnu-Jaagupi,Estonia core/west,North Estonian,viP,mardisand,1,1,mardisand (1),mardisandid (1),Mardi's messengers (1)
2,Martin / Mart / Märt,Mart/Marti,Pärnu-Jaagupi,Estonia core/west,North Estonian,viP,Mard,1,1,mart (1),Mart (1),Mart (1)
2,Martin / Mart / Märt,Mart/Marti,Pärnu-Jaagupi,Estonia core/west,North Estonian,viP,Mart,1,1,Mart (1),Mardi (1),Mart's (1)
2,Martin / Mart / Märt,Martin,Pärnu-Jaagupi,Estonia core/west,North Estonian,viP,Mardi,1,1,Mardi (1),Mardi (1),Martin's (1)
2,Martin / Mart / Märt,Martin,Pärnu-Jaagupi,Estonia core/west,North Estonian,viP,Märt,1,1,Märt (1),Märt (1),Martin (1)
2,Martin / Mart / Märt,Martin,Pärnu-Jaagupi,Estonia core/west,North Estonian,viP,mart,1,1,mardid (1),mardid (1),Martin's (spirits) (1)
2,Martin / Mart / Märt,Martin,Pärnu-Jaagupi,Estonia core/west,North Estonian,viP,märtipäev,1,1,märdipäev (1),märtipäeva (1),Martin's-Day (1)
2,Martin / Mart / Märt,Martin,Põltsamaa,Estonia core/west,North Estonian,viP,Mart,12,4,Mart (12),Mart (6); Mardi (4); mardile (2),Martin (6); Martin's (4); to Martin (2)
2,Martin / Mart / Märt,Mart/Marti,Põltsamaa,Estonia core/west,North Estonian,viP,Mart,6,3,Mart (6),Mart (4); Mardi (2),Mart (4); Mart's (2)
2,Martin / Mart / Märt,Martin,Põltsamaa,Estonia core/west,North Estonian,viP,Mardi,3,1,Mardi (3),Mardi (3),Martin's (3)
2,Martin / Mart / Märt,Mardi/Mard,Põltsamaa,Estonia core/west,North Estonian,viP,Märt,2,1,Mardi (2),Mardi (2),Mardi's (2)
2,Martin / Mart / Märt,Martin,Põltsamaa,Estonia core/west,North Estonian,viP,mardikas,1,1,mardikas (1),mardiks (1),for Martin's (1)
2,Martin / Mart / Märt,Martin,Põltsamaa,Estonia core/west,North Estonian,viP,mardisandid,1,1,mardisandid (1),mardisandid (1),Martin's guests (1)
2,Martin / Mart / Märt,Märt/Märti,Põlva,South Estonia/Seto,South Estonian,viE,Märt,6,3,Märt (6),märdi (4); Märt (1); Mardi (1),Märt's (5); Märt (1)
2,Martin / Mart / Märt,Mardi/Mard,Pöide,Estonia core/west,North Estonian,viP,mard,2,1,mard (2),mardi (2),Mard's (2)
2,Martin / Mart / Märt,Mart/Marti,Pöide,Estonia core/west,North Estonian,viP,Mart,1,1,Mardi (1),Mardi (1),Mart's (1)
2,Martin / Mart / Märt,Martin,Pöide,Estonia core/west,North Estonian,viP,Märt,1,1,Märt (1),Märt (1),Martin (1)
2,Martin / Mart / Märt,Märt/Märti,Pöide,Estonia core/west,North Estonian,viP,Mart,1,1,mardi (1),Mardi (1),Märt's (1)
2,Martin / Mart / Märt,Märt/Märti,Pöide,Estonia core/west,North Estonian,viP,Märt,1,1,Märt (1),Mardi (1),Märt's (1)
2,Martin / Mart / Märt,Mart/Marti,Pühalepa,Estonia core/west,North Estonian,viP,Mart,1,1,Mart (1),Mart (1),Mart (1)
2,Martin / Mart / Märt,Mardi/Mard,Rakvere,Estonia core/west,North Estonian,viP,Mard,1,1,Mard (1),Mardi (1),Mardi's (1)
2,Martin / Mart / Märt,Martin,Rakvere,Estonia core/west,North Estonian,viP,Mardisand,1,1,Mardisand (1),Mardisandid (1),Martin-saints (1)
2,Martin / Mart / Märt,Martin,Rannu,Estonia core/west,South Estonian,viE,Märt,7,1,Märt (7),Märti (5); Mardi (2),Martin (5); Martin's (2)
2,Martin / Mart / Märt,Martin,Rannu,Estonia core/west,South Estonian,viE,mardikas,1,1,mardikas (1),mardikaid (1),Martin's creatures (1)
2,Martin / Mart / Märt,Mart/Marti,Rapla,Estonia core/west,North Estonian,viP,Mart,18,1,Mart (10); Marti (8),Marti (8); Mardi (6); Mart (4),Marti (8); Mart's (6); Mart (4)
2,Martin / Mart / Märt,Mardi/Mard,Rapla,Estonia core/west,North Estonian,viP,Mardi,3,1,Mardi (3),Mardi (2); Mardile (1),Mardi's (2); to Mardi (1)
2,Martin / Mart / Märt,Mart/Marti,Reigi,Estonia core/west,North Estonian,viP,Mart,3,1,Mart (3),Mardi (2); Mart (1),Mart's (2); Mart (1)
2,Martin / Mart / Märt,Mardi/Mard,Ridala,Estonia core/west,North Estonian,viP,mard,11,1,mart (11),mart (6); mardi (3); mardil (2),Mard (6); Mard's (3); for Mard (2)
2,Martin / Mart / Märt,Mardi/Mard,Ridala,Estonia core/west,North Estonian,viP,mardiema,1,1,mardiema (1),mardiema (1),Mard's mother (1)
2,Martin / Mart / Märt,Mardi/Mard,Risti,Estonia core/west,North Estonian,viP,mardikas,2,1,mardid (2),mardi (2),Mardi's (2)
2,Martin / Mart / Märt,Martin,Risti,Estonia core/west,North Estonian,viP,mardimees,1,1,mardimehed (1),mardimehed (1),Martin's men (1)
2,Martin / Mart / Märt,Märt/Märti,Räpina,South Estonia/Seto,South Estonian,viE,Märt,9,1,Märti (6); Märdi (3),Märti (9),Märt's (9)
2,Martin / Mart / Märt,Martin,Räpina,South Estonia/Seto,South Estonian,viE,pääsuke,5,1,pääsuke (5),pääsuke (4); pääsul (1),martin (4); on the martin (1)
2,Martin / Mart / Märt,Martin,Räpina,South Estonia/Seto,South Estonian,viE,Märt,4,1,Märt (4),Märdi (4),Martin's (4)
2,Martin / Mart / Märt,Martin,Räpina,South Estonia/Seto,South Estonian,viE,märt,4,2,märt (2); märti (2),märdi (2); Märti (2),Martin (2); Martin's (St. Martin's Day) (1); Martin's (1)
2,Martin / Mart / Märt,Martin,Räpina,South Estonia/Seto,South Estonian,viE,märdi,1,1,märdi (1),Märdi (1),Martin's (1)
2,Martin / Mart / Märt,Märt/Märti,Rõngu,Estonia core/west,South Estonian,viE,Märt,37,1,Märti (30); Märt (7),Märti (30); Märt (5); Mardi (1); Mardil (1),Märti (30); Märt (5); Märt's (1); on-Märt (1)
2,Martin / Mart / Märt,Mardi/Mard,Rõngu,Estonia core/west,South Estonian,viE,märt,9,1,märt (9),märdi (5); märti (3); märdike (1),Märdi's (5); Märdi (3); little Märdi (1)
2,Martin / Mart / Märt,Mardi/Mard,Rõngu,Estonia core/west,South Estonian,viE,märd,4,1,märdi (4),märdi (4),Märdi (4)
2,Martin / Mart / Märt,Märt/Märti,Rõngu,Estonia core/west,South Estonian,viE,märgid,2,1,Märdi-ksid (2),märdiksid (2),as Märt's people (1); Märt's people (1)
2,Martin / Mart / Märt,Mardi/Mard,Rõngu,Estonia core/west,South Estonian,viE,märdike,1,1,märdikõisi (1),märdikõisi (1),little Märdi(s) (1)
2,Martin / Mart / Märt,Märt/Märti,Rõngu,Estonia core/west,South Estonian,viE,märt,1,1,märt (1),märt (1),Märt (1)
2,Martin / Mart / Märt,Mart/Marti,Saarde,Estonia core/west,North Estonian,viP,Mart,31,4,Mart (29); Marti (2),Mart (15); Marti (10); Mardi (6),Mart (15); Mart's (6); O Mart (6); Marti (4)
2,Martin / Mart / Märt,Martin,Saarde,Estonia core/west,North Estonian,viP,mard,10,3,mart (6); mard (3); marti (1),mart (5); mardi (3); mardile (2),Martin (6); for Martin (2); Martin's (1); Martin (spirit) (1)
2,Martin / Mart / Märt,Mart/Marti,Saarde,Estonia core/west,North Estonian,viP,mard,7,1,mart (7),mart (4); mardi (2); mardit (1),Mart (4); Mart's (2); Mart (spirit) (1)
2,Martin / Mart / Märt,Mardi/Mard,Saarde,Estonia core/west,North Estonian,viP,mard,5,1,mard (5),mardi (3); mardile (2),mard's (3); for mard (2)
2,Martin / Mart / Märt,Martin,Saarde,Estonia core/west,North Estonian,viP,Mart,3,1,Mart (3),Mart (3),Martin (3)
2,Martin / Mart / Märt,Märt/Märti,Saarde,Estonia core/west,North Estonian,viP,Märt,3,1,Märt (3),Märt (2); Märtil (1),Märt (2); on Märt (1)
2,Martin / Mart / Märt,Mardi/Mard,Saarde,Estonia core/west,North Estonian,viP,mardisant & mardisandid,2,1,mardisant & mardisandid (2),mardisandid (2),Mardi's followers (2)
2,Martin / Mart / Märt,Mardi/Mard,Saarde,Estonia core/west,North Estonian,viP,mart,2,1,mart (2),mardi (2),Mardi's (2)
2,Martin / Mart / Märt,Martin,Saarde,Estonia core/west,North Estonian,viP,Märt,2,1,Märt (2),Mardi (2),Martin's (2)
2,Martin / Mart / Märt,Martin,Saarde,Estonia core/west,North Estonian,viP,mardisandid,2,1,mardisandid (2),mardisandid (2),Martin's beggars (2)
2,Martin / Mart / Märt,Mardi/Mard,Saarde,Estonia core/west,North Estonian,viP,Märt,1,1,Mardi (1),Mardi (1),Mardi's (1)
2,Martin / Mart / Märt,Mardi/Mard,Saarde,Estonia core/west,North Estonian,viP,mardikene,1,1,mardikene (1),mardikene (1),little mard (1)
2,Martin / Mart / Märt,Martin,Saarde,Estonia core/west,North Estonian,viP,martisand,1,1,martisand (1),martisandi (1),of Martin's sand (1)
2,Martin / Mart / Märt,Märt/Märti,Sangaste,Estonia core/west,South Estonian,viE,Märt,13,2,Märt (13),Märti (10); Märt (3),Märt's (10); Märt (3)
2,Martin / Mart / Märt,Martin,Sangaste,Estonia core/west,South Estonian,viE,Märt,3,2,märti (2); Märt (1),Märti (2); Märt (1),Martin (3)
2,Martin / Mart / Märt,Märt/Märti,Sangaste,Estonia core/west,South Estonian,viE,Märti,1,1,märti (1),Märti (1),Märti (name/refrain) (1)
2,Martin / Mart / Märt,Märt/Märti,Sangaste,Estonia core/west,South Estonian,viE,sant,1,1,sant (1),Märti sant (1),Märt's saint (1)
2,Martin / Mart / Märt,Martin,Serepetta,Ingria,Finnish,su,Martti,1,1,Martti (1),martin (1),Martin's (1)
2,Martin / Mart / Märt,Martin,Setumaa,South Estonia/Seto,South Estonian,viE,Märt,9,1,Märt (9),Märt (5); Märdil (4),Martin (5); on Martin (4)
2,Martin / Mart / Märt,Martin,Setumaa,South Estonia/Seto,South Estonian,viE,Märtisand,3,1,Märtisand (3),Märtisand (3),Saint Martin (3)
2,Martin / Mart / Märt,Martin,Setumaa,South Estonia/Seto,South Estonian,viE,Mardu,1,1,mardso (1),Mardu (1),Martin's (1)
2,Martin / Mart / Märt,Märt/Märti,Setumaa,South Estonia/Seto,South Estonian,viE,Märt,1,1,Märt (1),Märti (1),Märt's (1)
2,Martin / Mart / Märt,Martin,Simuna,Estonia core/west,North Estonian,viP,Mart,8,1,Mart (8),Mardi (4); Mart (3); Mardil (1),Martin's (4); Martin (3); on Martin (1)
2,Martin / Mart / Märt,Mart/Marti,Simuna,Estonia core/west,North Estonian,viP,Mart,3,1,Mart (3),Marti (1); Mart (1); Mardi (1),Mart (part.) (1); Mart (1); Mart's (1)
2,Martin / Mart / Märt,Martin,Simuna,Estonia core/west,North Estonian,viP,Mardisant,1,1,Mardi-santi (1),Mardisanti (1),Martin's saint (1)
2,Martin / Mart / Märt,Martin,Soikkola,Ingria,Ingrian,in,Taanun Martti,1,1,Taanumartti (1),Taanun Martin (1),Taanu's Martin (1)
2,Martin / Mart / Märt,Mardi/Mard,Soutjärvi,East Karelia/Veps/Tver,Veps,ve,Martta,1,1,Mard'a (1),Mard'a (1),Mard'a (name) (1)
2,Martin / Mart / Märt,Mart/Marti,Suure-Jaani,Estonia core/west,North Estonian,viP,mart,55,3,marti (45); mart (10),marti (45); mart (8); mardi (2),marti (45); Mart (7); Mart's (2); mart (1)
2,Martin / Mart / Märt,Märt/Märti,Suure-Jaani,Estonia core/west,North Estonian,viP,Märt,23,5,Märti (16); Märt (5); Mardi (2),Märti (17); Mardi (5); Mardil (1),Märti (16); Märt's (6); to Märt (1)
2,Martin / Mart / Märt,Martin,Suure-Jaani,Estonia core/west,North Estonian,viP,Mart,18,3,Mart (18),Mart (9); Mardi (8); Marti (1),Martin (10); Martin's (8)
2,Martin / Mart / Märt,Martin,Suure-Jaani,Estonia core/west,North Estonian,viP,mart,10,2,mart (10),mart (7); Mardi (3),Martin (7); Martin's (3)
2,Martin / Mart / Märt,Martin,Suure-Jaani,Estonia core/west,North Estonian,viP,mard,6,1,mard (6),mardi (4); mardile (2),Martin's (4); to Martin (2)
2,Martin / Mart / Märt,Mart/Marti,Suure-Jaani,Estonia core/west,North Estonian,viP,Mart,4,2,Mart (4),Mart (3); Marti (1),Mart (4)
2,Martin / Mart / Märt,Mardi/Mard,Suure-Jaani,Estonia core/west,North Estonian,viP,Mardi (prop.name),3,1,mard (3),mardile (2); mardi (1),to Mardi (2); Mardi's (1)
2,Martin / Mart / Märt,Martin,Suure-Jaani,Estonia core/west,North Estonian,viP,Märt,3,2,Märt (3),Mardi (3),Martin's (3)
2,Martin / Mart / Märt,Mart/Marti,Suure-Jaani,Estonia core/west,North Estonian,viP,mardi,1,1,mardi (1),mardi (1),Mart's (1)
2,Martin / Mart / Märt,Martin,Taivalkoski,Finland/Savo-Karelia,Finnish,su,martinkello,1,1,martinkello (1),Martinin kello (1),Martin-bell (1)
2,Martin / Mart / Märt,Mardi/Mard,Tartu-Maarja,Estonia core/west,South Estonian,viE,märd,3,1,märd (3),märdi (3),Märdi's (3)
2,Martin / Mart / Märt,Märt/Märti,Tartu-Maarja,Estonia core/west,South Estonian,viE,Märt,3,3,Märt (2); Märti (1),Märti (2); Märt (1),Märti (1); Märt (1); Märt (name) (1)
2,Martin / Mart / Märt,Märt/Märti,Tarvastu,Estonia core/west,South Estonian,viE,Märti,92,1,Märti (92),Märti (92),Märti (92)
2,Martin / Mart / Märt,Märt/Märti,Tarvastu,Estonia core/west,South Estonian,viE,Märt,85,7,Märt (78); märdi (3); märt (3); Märti (1),Märti (52); Märt (21); Märdil (7); Märdi (5),Märt (70); Märt's (9); on Märt (6)
2,Martin / Mart / Märt,Märt/Märti,Tarvastu,Estonia core/west,South Estonian,viE,märt,5,1,märti (5),märti (5),Märt's (5)
2,Martin / Mart / Märt,Martin,Tarvastu,Estonia core/west,South Estonian,viE,Märt,4,1,Märt (4),Märt (2); Märdil (2),Martin (2); at Martin's (2)
2,Martin / Mart / Märt,Märt/Märti,Tarvastu,Estonia core/west,South Estonian,viE,sandi,3,1,sandi (2); sandi (sant) (1),Märti sandi (3),Märt's messenger (3)
2,Martin / Mart / Märt,Märt/Märti,Tarvastu,Estonia core/west,South Estonian,viE,märtisant,2,1,märdisant (2),märtisant (2),Märt's saint (2)
2,Martin / Mart / Märt,Mardi/Mard,Tarvastu,Estonia core/west,South Estonian,viE,märdike,1,1,märdikene (1),märdikene (1),little Märdi (1)
2,Martin / Mart / Märt,Martin,Tarvastu,Estonia core/west,South Estonian,viE,maja,1,1,maja (1),Märdi majja (1),into Martin's house (1)
2,Martin / Mart / Märt,Märt/Märti,Tarvastu,Estonia core/west,South Estonian,viE,Märtisand,1,1,märdisandi (1),Märtisand (1),Märt's messenger (1)
2,Martin / Mart / Märt,Martin,Tervo,Finland/Savo-Karelia,Finnish,su,Martti,2,2,Martti (2),Martin (1); Marttiin (1),Martin's (1); into Martin (1)
2,Martin / Mart / Märt,Martin,Teuva,Finland/Savo-Karelia,Finnish,su,Martti,1,1,Martin (1),Martin (1),Martin's (1)
2,Martin / Mart / Märt,Martin,Toksova,Ingria,Finnish,su,Martti,1,1,Martti (1),Martin (1),Martin's (1)
2,Martin / Mart / Märt,Mart/Marti,Tori,Estonia core/west,North Estonian,viP,Mart,17,4,Mart (17),Mart (8); Mardi (6); Marti (3),Mart's (9); Mart (8)
2,Martin / Mart / Märt,Martin,Tori,Estonia core/west,North Estonian,viP,Mart,17,1,Mart (17),Mart (11); Marti (6),Martin (17)
2,Martin / Mart / Märt,Martin,Tori,Estonia core/west,North Estonian,viP,Mard,12,1,mart (7); marti (4); mardi (1),Mart (7); Mardi (5),Martin (11); Martin's (1)
2,Martin / Mart / Märt,Mart/Marti,Tori,Estonia core/west,North Estonian,viP,mart,3,1,mart (3),mardi (3),Mart (3)
2,Martin / Mart / Märt,Mardi/Mard,Tori,Estonia core/west,North Estonian,viP,mard,2,1,mard (2),mardi (2),mard's (2)
2,Martin / Mart / Märt,Martin,Tori,Estonia core/west,North Estonian,viP,Märt,1,1,Maert (1),Mardi (1),Martin's (1)
2,Martin / Mart / Märt,Märt/Märti,Tori,Estonia core/west,North Estonian,viP,Märt,1,1,Mard (1),Mardist (1),Märt's (1)
2,Martin / Mart / Märt,Martin,Torma,Estonia core/west,North Estonian,viP,märt,89,1,marti (82); märt (7),marti (82); mardi (6); mardil (1),Martin (82); Martin's (6); on Martin (1)
2,Martin / Mart / Märt,Martin,Torma,Estonia core/west,North Estonian,viP,mard,80,1,marti (74); mart (6),marti (74); mardi (5); mardil (1),Martin (74); Martin's (5); to Martin (1)
2,Martin / Mart / Märt,Martin,Torma,Estonia core/west,North Estonian,viP,Mart,15,2,Marti (10); Mart (5),Marti (10); Mart (5),Martin (15)
2,Martin / Mart / Märt,Mart/Marti,Torma,Estonia core/west,North Estonian,viP,Mart,3,1,Mart (3),Mardi (1); Mart (1); Mardike (1),Mart's (1); Mart (1); little Mart (1)
2,Martin / Mart / Märt,Mardi/Mard,Torma,Estonia core/west,North Estonian,viP,mardikene,1,1,mardikene (1),mardikene (1),Little Mardi (1)
2,Martin / Mart / Märt,Martin,Tytärsaari,Finland/Savo-Karelia,Finnish,su,Martti,2,1,martti (2),Martti (2),Martin (2)
2,Martin / Mart / Märt,Mart/Marti,Tõstamaa,Estonia core/west,North Estonian,viP,marti,19,1,marti (19),marti (19),Marti (19)
2,Martin / Mart / Märt,Mart/Marti,Tõstamaa,Estonia core/west,North Estonian,viP,mart,16,2,mart (16),mart (8); marti (4); mardi (4),Mart (10); Mart's (4); Marti (2)
2,Martin / Mart / Märt,Martin,Tõstamaa,Estonia core/west,North Estonian,viP,mard,5,2,mard (4); marsi (1),mardi (5),Martin's (5)
2,Martin / Mart / Märt,Martin,Tõstamaa,Estonia core/west,North Estonian,viP,Märt,4,2,Märt (4),Märt (3); Mardi (1),Martin (3); Martin's (1)
2,Martin / Mart / Märt,Mardi/Mard,Tõstamaa,Estonia core/west,North Estonian,viP,Mard,2,1,Mard (2),Mardi (1); Mardil (1),Mardi's (1); (to) Mard (1)
2,Martin / Mart / Märt,Mardi/Mard,Tõstamaa,Estonia core/west,North Estonian,viP,mard,2,2,mard (2),mardi (2),Mardi's (2)
2,Martin / Mart / Märt,Martin,Tõstamaa,Estonia core/west,North Estonian,viP,Mard,2,1,Mard (2),Mardi (1); Mardil (1),Martin's (1); on Martin (1)
2,Martin / Mart / Märt,Martin,Tõstamaa,Estonia core/west,North Estonian,viP,Mart,2,2,Mart (2),Mart (2),Martin (2)
2,Martin / Mart / Märt,Mart/Marti,Tõstamaa,Estonia core/west,North Estonian,viP,Mart,1,1,Mart (1),Mart (1),Mart (1)
2,Martin / Mart / Märt,Mart/Marti,Tõstamaa,Estonia core/west,North Estonian,viP,mard,1,1,mart (1),marti (1),Marti (1)
2,Martin / Mart / Märt,Martin,Tõstamaa,Estonia core/west,North Estonian,viP,Mardus,1,1,Mardus (1),mardi (1),Martin's (1)
2,Martin / Mart / Märt,Mart/Marti,Türi,Estonia core/west,North Estonian,viP,Mart,6,4,Mart (6),Mart (5); Marti (1),Mart (5); Marti's (1)
2,Martin / Mart / Märt,Mardi/Mard,Türi,Estonia core/west,North Estonian,viP,Mard,2,1,Mard (2),Mardile (1); Mardi (1),to Mardi (1); Mard's (1)
2,Martin / Mart / Märt,Mart/Marti,Türi,Estonia core/west,North Estonian,viP,Mard,2,1,Mart (1); Mard (1),Mart (1); Mardil (1),Mart (1); (for) Mart (1)
2,Martin / Mart / Märt,Mardi/Mard,Türi,Estonia core/west,North Estonian,viP,magu_kene,1,1,maugu_kene (1),maugukese (1),little belly-Mard (1)
2,Martin / Mart / Märt,Mart/Marti,Türi,Estonia core/west,North Estonian,viP,mart,1,1,mart (1),mardi (1),Mart's (1)
2,Martin / Mart / Märt,Märt/Märti,Urvaste,South Estonia/Seto,South Estonian,viE,Märt,61,5,märti (36); Märti (15); Märt (7); Märdike (1); Märte (1); märdi (1),Märti (51); Märdi (3); Märt (3); Märdikesi (1); märdi (1); märte (1),Märti (32); Märt's (19); Märt (4); Märti's (4); little Märt(s) (1); Little Märt (1)
2,Martin / Mart / Märt,Martin,Urvaste,South Estonia/Seto,South Estonian,viE,märt,5,1,märt (5),märdi (3); märti (2),Martin's (3); O Martin (1); Martin (1)
2,Martin / Mart / Märt,Martin,Urvaste,South Estonia/Seto,South Estonian,viE,Märt,4,1,Märt (4),Mardi (4),Martin's (4)
2,Martin / Mart / Märt,Märt/Märti,Urvaste,South Estonia/Seto,South Estonian,viE,Märtisant,4,1,Märtisant (4),Märtisant (4),Märt-saint (4)
2,Martin / Mart / Märt,Martin,Urvaste,South Estonia/Seto,South Estonian,viE,märtsant,2,1,märtesant (2),märtesant (2),Martin's saint (2)
2,Martin / Mart / Märt,Märt/Märti,Urvaste,South Estonia/Seto,South Estonian,viE,märt,2,2,märt (2),märdi (2),Märt's (2)
2,Martin / Mart / Märt,Martin,Urvaste,South Estonia/Seto,South Estonian,viE,märtisand,1,1,märtisand (1),märtisanti (1),Martin's sand (1)
2,Martin / Mart / Märt,Martin,Urvaste,South Estonia/Seto,South Estonian,viE,märts,1,1,märt (1),märt (1),Martin (1)
2,Martin / Mart / Märt,Märt/Märti,Urvaste,South Estonia/Seto,South Estonian,viE,märtisand,1,1,märdisand (1),märtisand (1),Märt's saint (1)
2,Martin / Mart / Märt,Martin,Vaivara,Estonia core/west,North Estonian,viP,Märt,6,1,Mart (6),Mardi (3); Mart (2); Marti (1),Martin (3); Martin's (3)
2,Martin / Mart / Märt,Mart/Marti,Vaivara,Estonia core/west,North Estonian,viP,Mart,2,2,Marti (1); Mart (1),Marti (1); Mardi (1),Mart (1); Mart's (1)
2,Martin / Mart / Märt,Martin,Vaivara,Estonia core/west,North Estonian,viP,Mart,1,1,Mart (1),Mart (1),Martin (1)
2,Martin / Mart / Märt,Martin,Vaivara,Estonia core/west,North Estonian,viP,mardike,1,1,mardikene (1),mardikene (1),little Martin (1)
2,Martin / Mart / Märt,Martin,Valtimo,Finland/Savo-Karelia,Finnish,su,Martti,1,1,Martti (1),Martti (1),Martin (1)
2,Martin / Mart / Märt,Martin,Varbla,Estonia core/west,North Estonian,viP,mart,16,1,mart (16),mart (9); mardile (6); märti (1),Martin (10); to Martin (6)
2,Martin / Mart / Märt,Mart/Marti,Varbla,Estonia core/west,North Estonian,viP,Mart,15,3,Mart (15),Mart (12); Marti (1); mardile (1); mardi (1),Mart (12); Marti (1); to Marti (1); Mart's (1)
2,Martin / Mart / Märt,Martin,Varbla,Estonia core/west,North Estonian,viP,Mart,9,1,Mart (9),Mardi (3); Marti (3); Mart (2); Mardil (1),Martin (5); Martin's (3); on Martin (1)
2,Martin / Mart / Märt,Mart/Marti,Varbla,Estonia core/west,North Estonian,viP,mart,8,1,mart (8),mart (6); mardi (2),Mart (5); Mart's (2); Mart (spirit) (1)
2,Martin / Mart / Märt,Mardi/Mard,Varbla,Estonia core/west,North Estonian,viP,Mart,4,1,Mart (4),Mardil (4),(to) Mardi (4)
2,Martin / Mart / Märt,Mardi/Mard,Varbla,Estonia core/west,North Estonian,viP,Mard,3,1,Mard (3),Mardil (3),(to) Mardi (3)
2,Martin / Mart / Märt,Martin,Varbla,Estonia core/west,North Estonian,viP,Juhanimartin,2,1,Juhanimartin (2),Juhanimartin (2),Juhani-Martin (2)
2,Martin / Mart / Märt,Martin,Varbla,Estonia core/west,North Estonian,viP,mardi,2,1,mart (2),mardi (2),Martin's (2)
2,Martin / Mart / Märt,Mardi/Mard,Varbla,Estonia core/west,North Estonian,viP,Mardi,1,1,Mardi (1),Mardi (1),Mardi (1)
2,Martin / Mart / Märt,Mart/Marti,Varbla,Estonia core/west,North Estonian,viP,sand&mart,1,1,sand&mart (1),sandi-mart (1),beggar Mart (1)
2,Martin / Mart / Märt,Martin,Vieremä,Finland/Savo-Karelia,Finnish,su,Martti,2,2,Martti (1); Martin (1),Martti (1); Martinin (1),Martin (1); Martin's (1)
2,Martin / Mart / Märt,Mardi/Mard,Vigala,Estonia core/west,North Estonian,viP,mard,7,1,mard (7),mardi (5); mardile (2),Mardi's (5); for Mardi (2)
2,Martin / Mart / Märt,Mardi/Mard,Vigala,Estonia core/west,North Estonian,viP,mart,5,1,mard (5),mardi (3); mardile (2),Mardi's (3); to Mardi (2)
2,Martin / Mart / Märt,Mart/Marti,Vigala,Estonia core/west,North Estonian,viP,mardikas,4,1,mard (4),mart (4),Mart (4)
2,Martin / Mart / Märt,Mardi/Mard,Vigala,Estonia core/west,North Estonian,viP,mardid,3,1,mardid (3),mardid (3),Mardi guests (3)
2,Martin / Mart / Märt,Mardi/Mard,Vigala,Estonia core/west,North Estonian,viP,mardikas,2,1,mard (2),mardi (1); marti (1),Mardi's (1); Mardi (1)
2,Martin / Mart / Märt,Mardi/Mard,Vigala,Estonia core/west,North Estonian,viP,Mardi,1,1,Mardi (1),Mardile (1),to Mardi (1)
2,Martin / Mart / Märt,Mardi/Mard,Vigala,Estonia core/west,North Estonian,viP,mardikene,1,1,mardikene (1),mardikene (1),little Mardi (1)
2,Martin / Mart / Märt,Mardi/Mard,Vigala,Estonia core/west,North Estonian,viP,sandimard,1,1,sandimard (1),sandimard (1),beggar Mardi (1)
2,Martin / Mart / Märt,Martin,Vigala,Estonia core/west,North Estonian,viP,Märt,1,1,Mart (1),Mardi (1),Martin's (1)
2,Martin / Mart / Märt,Martin,Viitasaari,Finland/Savo-Karelia,Finnish,su,Martin,1,1,Martin (1),Martin (1),Martin (1)
2,Martin / Mart / Märt,Märt/Märti,Viljandi,Estonia core/west,North Estonian,viP,Märt,55,5,Märt (32); Märti (21); märt (2),Märti (32); Märt (8); Märdi (4); märti (4); märdil (3); märdi (3),Märt (40); Märt's (12); at Märt's (3)
2,Martin / Mart / Märt,Martin,Viljandi,Estonia core/west,North Estonian,viP,mart,7,1,mart (7),mardi (5); mart (2),Martin's (5); Martin (2)
2,Martin / Mart / Märt,Mardi/Mard,Viljandi,Estonia core/west,North Estonian,viP,mard,1,1,mard (1),mardid (1),Mardi-followers (1)
2,Martin / Mart / Märt,Mardi/Mard,Viljandi,Estonia core/west,North Estonian,viP,mardisandid,1,1,mardisandid (1),mardisandid (1),Mardi-beggars (1)
2,Martin / Mart / Märt,Martin,Viljandi,Estonia core/west,North Estonian,viP,Mart,1,1,mart (1),Mart (1),Martin (1)
2,Martin / Mart / Märt,Märt/Märti,Viljandi,Estonia core/west,North Estonian,viP,mardisand,1,1,mardisand (1),mardisandi (1),Märt's messenger (1)
2,Martin / Mart / Märt,Martin,Viru-Jaagupi,Estonia core/west,North Estonian,viP,Mart,8,2,Mart (8),Mart (6); Mardi (2),Martin (6); Martin's (2)
2,Martin / Mart / Märt,Martin,Viru-Jaagupi,Estonia core/west,North Estonian,viP,mart,6,1,mart (6),mardile (3); mart (2); mardi (1),to Martin (3); Martin (2); Martin's (1)
2,Martin / Mart / Märt,Martin,Viru-Jaagupi,Estonia core/west,North Estonian,viP,Mardi,5,1,Mardi-l (3); Mardi-le (2),Mardil (3); Mardile (2),at Martin's (3); to Martin (2)
2,Martin / Mart / Märt,Mardi/Mard,Viru-Jaagupi,Estonia core/west,North Estonian,viP,mardisant,2,1,mardisant (2),mardisandid (2),Mardi-saints (2)
2,Martin / Mart / Märt,Mardi/Mard,Viru-Jaagupi,Estonia core/west,North Estonian,viP,mardipääh,1,1,mardipää (1),mardipääh (1),Mardi-head (1)
2,Martin / Mart / Märt,Martin,Viru-Jaagupi,Estonia core/west,North Estonian,viP,Märt,1,1,Märt (1),Märt (1),Martin (1)
2,Martin / Mart / Märt,Martin,Viru-Jaagupi,Estonia core/west,North Estonian,viP,mardike,1,1,mardike (1),mardikest (1),little Martin (1)
2,Martin / Mart / Märt,Martin,Viru-Jaagupi,Estonia core/west,North Estonian,viP,mardipäev,1,1,mardipäev (1),mardipäevast (1),from St. Martin's (1)
2,Martin / Mart / Märt,Martin,Viru-Nigula,Estonia core/west,North Estonian,viP,Märt,12,3,Mart (8); Marti (3); märt (1),Mart (4); Mardi (4); Mardit (2); mardi (1); Marti (1),Martin (7); Martin's (5)
2,Martin / Mart / Märt,Mardi/Mard,Viru-Nigula,Estonia core/west,North Estonian,viP,Mard,5,1,Mard (5),Mardi (2); mardile (2); mardi (1),Mardi's (3); to Mard (2)
2,Martin / Mart / Märt,Martin,Viru-Nigula,Estonia core/west,North Estonian,viP,Mart,5,3,Mart (5),Mardi (3); Mart (2),Martin's (3); Martin (2)
2,Martin / Mart / Märt,Mardi/Mard,Viru-Nigula,Estonia core/west,North Estonian,viP,Märt,3,1,Mardi (3),Mardi (2); Mardil (1),Mardi's (2); to Mardi (1)
2,Martin / Mart / Märt,Mardi/Mard,Viru-Nigula,Estonia core/west,North Estonian,viP,mart,3,1,mart (3),mardile (2); mardi (1),to Mardi (2); Mardi's (1)
2,Martin / Mart / Märt,Mart/Marti,Viru-Nigula,Estonia core/west,North Estonian,viP,Mart,3,1,Mart (3),Mart (1); Mardi (1); Mardil (1),Mart (1); Mart's (1); on Mart (1)
2,Martin / Mart / Märt,Martin,Viru-Nigula,Estonia core/west,North Estonian,viP,mart,3,1,mart (3),mart (3),Martin (3)
2,Martin / Mart / Märt,Mardi/Mard,Viru-Nigula,Estonia core/west,North Estonian,viP,mardisandid,2,2,mardisand (1); mardisandid (1),mardisandid (2),Mardi-guests (1); Mardi's followers (1)
2,Martin / Mart / Märt,Martin,Viru-Nigula,Estonia core/west,North Estonian,viP,mardike,2,2,Mardikene (1); mardikene (1),mardikene (2),little Martin (2)
2,Martin / Mart / Märt,Mardi/Mard,Viru-Nigula,Estonia core/west,North Estonian,viP,mardisant,1,1,mardisant (1),mardisandid (1),Mardi's beggars (1)
2,Martin / Mart / Märt,Mart/Marti,Viru-Nigula,Estonia core/west,North Estonian,viP,Märt,1,1,Mart (1),Mart (1),Mart (1)
2,Martin / Mart / Märt,Martin,Viru-Nigula,Estonia core/west,North Estonian,viP,Mard,1,1,Mardi (1),Mardi (1),Martin's (1)
2,Martin / Mart / Märt,Martin,Viru-Nigula,Estonia core/west,North Estonian,viP,mardipäev,1,1,mardipäev (1),mardipäevast (1),from St. Martin's (1)
2,Martin / Mart / Märt,Martin,Viru-Nigula,Estonia core/west,North Estonian,viP,mardisand,1,1,Mardisand (1),Mardisandi (1),Martin's beggar (1)
2,Martin / Mart / Märt,Martin,Viru-Nigula,Estonia core/west,North Estonian,viP,mardisandid,1,1,mardisandid (1),mardisandid (1),Martin's beggars (1)
2,Martin / Mart / Märt,Märt/Märti,Viru-Nigula,Estonia core/west,North Estonian,viP,Märt,1,1,Märt (1),Märt (1),Märt (1)
2,Martin / Mart / Märt,Martin,Vuole,Ingria,Finnish,su,Martti,1,1,Martti (1),Martti (1),Martin (1)
2,Martin / Mart / Märt,Martin,Vuole,Ingria,Finnish,su,tasamartti,1,1,tasamartti (1),tasamartin (1),evening Martin (1)
2,Martin / Mart / Märt,Martin,Väike-Maarja,Estonia core/west,North Estonian,viP,Mard,12,2,Mardi (5); mardil (3); Mart (2); mardi (2),Mardi (7); Mardil (3); Mart (2),Martin (7); on Martin (3); Martin's (2)
2,Martin / Mart / Märt,Mardi/Mard,Väike-Maarja,Estonia core/west,North Estonian,viP,Mard,8,1,Mardi (6); Mardikene (2),Mardile (3); Mardi (2); Mardikene (2); Mardil (1),to Mardi (3); Mardi's (2); little Mardi (2); at Mardi (1)
2,Martin / Mart / Märt,Mart/Marti,Väike-Maarja,Estonia core/west,North Estonian,viP,Mart,8,2,Mart (8),Mart (8),Mart (8)
2,Martin / Mart / Märt,Martin,Väike-Maarja,Estonia core/west,North Estonian,viP,Mart,6,1,Mart (6),Mart (5); Mardi (1),Martin (5); Martin's (1)
2,Martin / Mart / Märt,Martin,Väike-Maarja,Estonia core/west,North Estonian,viP,Märt,6,2,Mart (6),Mardi (3); Mardile (2); Mart (1),Martin's (3); to Martin (2); Martin (1)
2,Martin / Mart / Märt,Martin,Väike-Maarja,Estonia core/west,North Estonian,viP,mart,6,2,mart (6),mart (2); mardi (2); mardile (2),Martin (2); Martin's (2); for Martin (2)
2,Martin / Mart / Märt,Mardi/Mard,Väike-Maarja,Estonia core/west,North Estonian,viP,mardisand,4,1,mardisand (2); mardisandikene (2),mardisandikene (2); mardisandid (1); mardisandi (1),little Mardi's messenger (2); Mardi's guests (1); Mardi's messenger (1)
2,Martin / Mart / Märt,Martin,Väike-Maarja,Estonia core/west,North Estonian,viP,Mardus,3,1,Märt (3),Märt (1); Märdi (1); Mart (1),Martin (2); Martin's (1)
2,Martin / Mart / Märt,Mardi/Mard,Väike-Maarja,Estonia core/west,North Estonian,viP,Mardi,2,1,Mardi (2),Mardi (2),Mardi (2)
2,Martin / Mart / Märt,Mardi/Mard,Väike-Maarja,Estonia core/west,North Estonian,viP,mard,2,1,mard (2),mardile (2),to Mardi (2)
2,Martin / Mart / Märt,Mart/Marti,Väike-Maarja,Estonia core/west,North Estonian,viP,Marti,2,2,Marti (2),Marti (2),Marti (2)
2,Martin / Mart / Märt,Mardi/Mard,Väike-Maarja,Estonia core/west,North Estonian,viP,mard+sand,1,1,mardi+sandid (1),mardisandid (1),Mardi-beggars (1)
2,Martin / Mart / Märt,Mardi/Mard,Väike-Maarja,Estonia core/west,North Estonian,viP,sandimardi,1,1,sandimardi (1),sandimardi (1),beggar Mardi (1)
2,Martin / Mart / Märt,Martin,Väike-Maarja,Estonia core/west,North Estonian,viP,mart & sand,1,1,mart & sand (1),mardisandid (1),Martin-beggars (1)
2,Martin / Mart / Märt,Mart/Marti,Vändra,Estonia core/west,North Estonian,viP,mart,26,4,mart (26),marti (14); mardi (5); mart (4); mardile (3),marti (12); Mart's (5); Mart (4); to Mart (3); Marti (2)
2,Martin / Mart / Märt,Martin,Vändra,Estonia core/west,North Estonian,viP,Mart,19,3,Mart (19),Mart (17); Mardi+l (1); Mard (1),Martin (18); Martin's (1)
2,Martin / Mart / Märt,Martin,Vändra,Estonia core/west,North Estonian,viP,mart,13,3,mart (11); mard (2),mart (6); mardi (3); mardil (2); marti (2),Martin (8); Martin's (3); Martin has (1); from Martin (1)
2,Martin / Mart / Märt,Martin,Vändra,Estonia core/west,North Estonian,viP,Mard,6,2,Mart (5); Mard (1),Mart (3); Mardi (2); Mardile (1),Martin (3); Martin's (2); to Martin (1)
2,Martin / Mart / Märt,Mardi/Mard,Vändra,Estonia core/west,North Estonian,viP,mart,4,1,mard (4),mardi (4),Mard's (4)
2,Martin / Mart / Märt,Mart/Marti,Vändra,Estonia core/west,North Estonian,viP,Mard,3,1,Mard (3),mart (3),Mart (3)
2,Martin / Mart / Märt,Mart/Marti,Vändra,Estonia core/west,North Estonian,viP,Mart,2,1,Mart (2),Mart (2),Mart (2)
2,Martin / Mart / Märt,Mart/Marti,Vändra,Estonia core/west,North Estonian,viP,mardi,2,1,mardi (2),mardi (2),Mart's (1); Marti (1)
2,Martin / Mart / Märt,Martin,Vändra,Estonia core/west,North Estonian,viP,mard,2,1,mard (2),mardi (2),Martin's (2)
2,Martin / Mart / Märt,Mardi/Mard,Vändra,Estonia core/west,North Estonian,viP,Mard,1,1,Mard (1),mardi (1),Mardi's (1)
2,Martin / Mart / Märt,Mardi/Mard,Vändra,Estonia core/west,North Estonian,viP,mard,1,1,mard (1),mardi (1),Mardi's (1)
2,Martin / Mart / Märt,Mardi/Mard,Vändra,Estonia core/west,North Estonian,viP,mardisand,1,1,mardisand (1),mardisandid (1),Mardi's saints (1)
2,Martin / Mart / Märt,Märt/Märti,Võnnu,Estonia core/west,South Estonian,viE,Märt,30,4,Märti (14); Märt (13); märdil (2); Märdi (1),Märti (20); Märt (5); Märdi (3); Märtil (2),Märt's (15); Märti's (8); Märt (5); on Märt (2)
2,Martin / Mart / Märt,Märt/Märti,Võnnu,Estonia core/west,South Estonian,viE,Märtisand,1,1,Märtisand (1),märtisandi (1),Märti's beggar (1)
2,Martin / Mart / Märt,Märt/Märti,Äksi,Estonia core/west,North Estonian,viP,Märt,25,3,Märt (25),märdi (11); Märti (9); Märt (3); märdil (2),Märt's (13); Märt (12)
2,Martin / Mart / Märt,Märt/Märti,Äksi,Estonia core/west,North Estonian,viP,märt,14,1,märt (14),märti (11); märdi (2); märt (1),Märt (partitive) (11); Märt's (2); Märt (1)
2,Martin / Mart / Märt,Märt/Märti,Äksi,Estonia core/west,North Estonian,viP,märdisandid,1,1,märdisandid (1),märdi+sandid (1),Märt's saints (1)
3,John / Jaan / Jussi / Hans,Jussi,Alajärvi,Finland/Savo-Karelia,Finnish,su,Jussi,1,1,Jussi (1),Jussin (1),Jussi's (1)
3,John / Jaan / Jussi / Hans,Jussi,Alavus,Finland/Savo-Karelia,Finnish,su,Jussi,3,2,Jussi (3),Jussi (3),Jussi (3)
3,John / Jaan / Jussi / Hans,John/St John,Alavus,Finland/Savo-Karelia,Finnish,su,Johannes,1,1,Johannekselta (1),Johannekselta (1),from John (1)
3,John / Jaan / Jussi / Hans,Jussi,Alavus,Finland/Savo-Karelia,Finnish,su,Jussipussi,1,1,Jussipussi (1),Jussipussi (1),Jussi-bag (1)
3,John / Jaan / Jussi / Hans,Hans,Ambla,Estonia core/west,North Estonian,viP,Hans,13,7,Hans (13),Hans (7); Hansu (3); Hansule (3),Hans (7); to Hans (3); Hans's (2); Hans' (1)
3,John / Jaan / Jussi / Hans,John/St John,Ambla,Estonia core/west,North Estonian,viP,Jaan,7,5,Jaan (4); Jaan+i (1); Juani (1); Jaanikene (1),Jaani (2); Jaan (2); Juani (1); Jaanile (1); Jaanikene (1),John's (3); John (2); to John (1); Little John (1)
3,John / Jaan / Jussi / Hans,Jaan/Jaani,Ambla,Estonia core/west,North Estonian,viP,Jaan,4,3,Jaan (4),Jaan (3); Jaani (1),Jaan (3); Jaan's (1)
3,John / Jaan / Jussi / Hans,Ants,Ambla,Estonia core/west,North Estonian,viP,Ants,2,2,Ants (2),Antsu (1); Ants (1),Ants's (1); Ants (1)
3,John / Jaan / Jussi / Hans,Ants,Ambla,Estonia core/west,North Estonian,viP,ants,1,1,ants (1),antu (1),Ants's (1)
3,John / Jaan / Jussi / Hans,Jaan/Jaani,Ambla,Estonia core/west,North Estonian,viP,Harju-Jaani,1,1,Harju-Jaani (1),Harju-Jaani (1),Harju-Jaani (1)
3,John / Jaan / Jussi / Hans,John/St John,Ambla,Estonia core/west,North Estonian,viP,Jaanõhtu,1,1,joaniõhtu (1),Jaanõhtu (1),St. John's Eve (1)
3,John / Jaan / Jussi / Hans,John/St John,Ambla,Estonia core/west,North Estonian,viP,jaan,1,1,jaan (1),jaanini (1),to St. John's (1)
3,John / Jaan / Jussi / Hans,John/St John,Ambla,Estonia core/west,North Estonian,viP,jaanikann,1,1,jaanikann (1),jaanikannid (1),St. John's herbs (1)
3,John / Jaan / Jussi / Hans,John/St John,Ambla,Estonia core/west,North Estonian,viP,juhan,1,1,juan (1),juhanikene (1),little John (1)
3,John / Jaan / Jussi / Hans,Juhan,Ambla,Estonia core/west,North Estonian,viP,Juhan,1,1,Juhan (1),Juhan (1),Juhan (1)
3,John / Jaan / Jussi / Hans,Juhan,Anseküla,Estonia core/west,North Estonian,viP,Juhan,2,2,Juhan (2),Juhan (1); Juhanile (1),Juhan (1); to Juhan (1)
3,John / Jaan / Jussi / Hans,Hans,Anseküla,Estonia core/west,North Estonian,viP,Hans,1,1,Hans (1),Hans (1),Hans (1)
3,John / Jaan / Jussi / Hans,Jaan/Jaani,Anseküla,Estonia core/west,North Estonian,viP,Jaan,1,1,Jaan (1),Jaani (1),Jaan's (1)
3,John / Jaan / Jussi / Hans,Jussi,Artjärvi,Finland/Savo-Karelia,Finnish,su,kukkojussi,1,1,kukkojussi (1),kukkojussi (1),rooster-Jussi (1)
3,John / Jaan / Jussi / Hans,Jussi,Asikkala,Finland/Savo-Karelia,Finnish,su,Jussi,1,1,Jussi (1),Jussi (1),Jussi (1)
3,John / Jaan / Jussi / Hans,Jussi,Asikkala,Finland/Savo-Karelia,Finnish,su,Jussi (name),1,1,Jussi (1),Jussi (1),Jussi (1)
3,John / Jaan / Jussi / Hans,Jussi,Asikkala,Finland/Savo-Karelia,Finnish,su,kukkojussi,1,1,kukkojussi (1),kukkojussi (1),rooster-Jussi (1)
3,John / Jaan / Jussi / Hans,Jussi,Askainen,Finland/Savo-Karelia,Finnish,su,Jussi,1,1,Jussi (1),Jussi (1),Jussi (1)
3,John / Jaan / Jussi / Hans,Hans,Audru,Estonia core/west,North Estonian,viP,Hans,11,6,Hans (9); Hanssu (2),Hans (6); Hansu (2); Hanssu (2); Hansa (1),Hans (8); of Hans (2); Hans' (1)
3,John / Jaan / Jussi / Hans,John/St John,Audru,Estonia core/west,North Estonian,viP,Jaan,3,3,Jaan (2); jaani (1),Jaan (1); Jaanile (1); Jaani (1),John's (2); John (1)
3,John / Jaan / Jussi / Hans,John/St John,Audru,Estonia core/west,North Estonian,viP,Jaanike,3,1,Jaanikene (3),Jaanikene (3),Little John (3)
3,John / Jaan / Jussi / Hans,Hans,Audru,Estonia core/west,North Estonian,viP,Hansukene,2,1,Hansukene (2),Hansukene (2),little Hans (2)
3,John / Jaan / Jussi / Hans,Jaan/Jaani,Audru,Estonia core/west,North Estonian,viP,Jaan,2,2,Jaan (2),Jaani (1); Jaan (1),Jaan's (1); Jaan (1)
3,John / Jaan / Jussi / Hans,John/St John,Audru,Estonia core/west,North Estonian,viP,jaani,2,1,jaani (2),jaani (2),St. John's (2)
3,John / Jaan / Jussi / Hans,John/St John,Audru,Estonia core/west,North Estonian,viP,jaan,1,1,jaan (1),jaani (1),John's (1)
3,John / Jaan / Jussi / Hans,Juhan,Audru,Estonia core/west,North Estonian,viP,Juhan,1,1,Juhan (1),Juhan (1),Juhan (1)
3,John / Jaan / Jussi / Hans,Ants,Emmaste,Estonia core/west,North Estonian,viP,Ants,1,1,Ants (1),Ants (1),Ants (1)
3,John / Jaan / Jussi / Hans,Jussi,Eurajoki,Finland/Savo-Karelia,Finnish,su,Jussi,1,1,Jussi (1),Jussi (1),Jussi (1)
3,John / Jaan / Jussi / Hans,Jussi,Evijärvi,Finland/Savo-Karelia,Finnish,su,Jussi,3,3,Jussi (3),Jussi (3),Jussi (3)
3,John / Jaan / Jussi / Hans,Jussi,Forssa,Finland/Savo-Karelia,Finnish,su,Jussi,2,2,Jussi (2),Jussi (2),Jussi (2)
3,John / Jaan / Jussi / Hans,Jaan/Jaani,Hageri,Estonia core/west,North Estonian,viP,Jaan,2,2,Jaan (2),Jaani (2),Jaan's (1); Jaani's (1)
3,John / Jaan / Jussi / Hans,Ants,Hageri,Estonia core/west,North Estonian,viP,Ants,1,1,antsukene (1),Antsukene (1),little Ants (1)
3,John / Jaan / Jussi / Hans,Jussi,Halikko,Finland/Savo-Karelia,Finnish,su,Jussi,1,1,Jussi (1),Jussin (1),Jussi's (1)
3,John / Jaan / Jussi / Hans,Ants,Haljala,Estonia core/west,North Estonian,viP,Ants,18,8,Ants (18),Antsu (9); Ants (8); Antsule (1),Ants's (9); Ants (8); to Ants (1)
3,John / Jaan / Jussi / Hans,John/St John,Haljala,Estonia core/west,North Estonian,viP,Jaan,6,3,Jaan (6),Jaani (6),John's (6)
3,John / Jaan / Jussi / Hans,Jaan/Jaani,Haljala,Estonia core/west,North Estonian,viP,Jaan,5,4,Jaan (3); Jaani (2),Jaanikene (2); Jaanile (1); Joani (1); Jaan (1),little Jaan (2); to Jaan (1); Jaan's (1); Jaan (1)
3,John / Jaan / Jussi / Hans,Juhan,Haljala,Estonia core/west,North Estonian,viP,Juhan,4,3,Juhan (4),Juhan (3); Juhani (1),Juhan (3); Juhan's (1)
3,John / Jaan / Jussi / Hans,John/St John,Haljala,Estonia core/west,North Estonian,viP,jaan,3,1,jaani (3),jaanile (3),St. John's (3)
3,John / Jaan / Jussi / Hans,John/St John,Haljala,Estonia core/west,North Estonian,viP,jaanilill,2,2,jaanililledessa (1); jaanilille+de+lla (1),jaanililledes (1); jaanililledella (1),in St. John's flowers (1); with St. John's worts (1)
3,John / Jaan / Jussi / Hans,Ants,Haljala,Estonia core/west,North Estonian,viP,Kalmu-Ants,1,1,kalmuants (1),Kalmu-Ants (1),Kalmu-Ants (1)
3,John / Jaan / Jussi / Hans,Hans,Haljala,Estonia core/west,North Estonian,viP,Hans,1,1,Hans (1),Hansule (1),to Hans (1)
3,John / Jaan / Jussi / Hans,John/St John,Haljala,Estonia core/west,North Estonian,viP,Juhan,1,1,Juhan (1),Juhan (1),John (1)
3,John / Jaan / Jussi / Hans,Juhan,Haljala,Estonia core/west,North Estonian,viP,Juhan-Leena,1,1,Juhan-Leena (1),Juhanist-Leenast (1),from Juhan-Leena (1)
3,John / Jaan / Jussi / Hans,Jussi,Haljala,Estonia core/west,North Estonian,viP,Juss,1,1,jussi (1),Jussi (1),Jussi (1)
3,John / Jaan / Jussi / Hans,Jaan/Jaani,Halliste,Estonia core/west,South Estonian,viE,Jaan,28,6,Jaan (28),Jaaniga (16); Jaani (6); Jaan (4); Jaanist (1); Jaanike (1),with Jaan (16); Jaan's (7); Jaan (4); little Jaan (1)
3,John / Jaan / Jussi / Hans,Hans,Halliste,Estonia core/west,South Estonian,viE,Hans,14,10,Hans (11); hans (1); Hansu (1); Ants (1),Hansu (6); Hans (5); Hansul (1); Hansule (1); Ants (1),Hans (7); Hans's (4); Hans' (1); Hans had (1); to Hans (1)
3,John / Jaan / Jussi / Hans,John/St John,Halliste,Estonia core/west,South Estonian,viE,Jaan,7,6,Jaan (4); jaani (1); jaan (1); Jaanikene (1),Jaani (3); Jaan (2); jaani (1); Jaanikene (1),John's (3); John (3); to John's (1)
3,John / Jaan / Jussi / Hans,Ants,Halliste,Estonia core/west,South Estonian,viE,Ants,6,6,Ants (4); Antsuke (1); ants (1),Ants (5); Antsuke (1),Ants (5); Ants (name) (1)
3,John / Jaan / Jussi / Hans,John/St John,Halliste,Estonia core/west,South Estonian,viE,jaanike,2,2,jaanikene (2),Jaanikene (1); jaanikene (1),Little John (2)
3,John / Jaan / Jussi / Hans,Hans,Halliste,Estonia core/west,South Estonian,viE,Hans+gi,1,1,Hansu+lagi (1),Hansulgi (1),to Hans too (1)
3,John / Jaan / Jussi / Hans,Hans,Halliste,Estonia core/west,South Estonian,viE,Hans+ke,1,1,Hansu+ke (1),Hansukene (1),little Hans (1)
3,John / Jaan / Jussi / Hans,Jaan/Jaani,Halliste,Estonia core/west,South Estonian,viE,Jaanike,1,1,Jaanik (1),Jaanik (1),Jaanik (1)
3,John / Jaan / Jussi / Hans,Jaan/Jaani,Halliste,Estonia core/west,South Estonian,viE,Jaanuke,1,1,Jaanikene (1),Jaanikene (1),little Jaan (1)
3,John / Jaan / Jussi / Hans,Jaan/Jaani,Halliste,Estonia core/west,South Estonian,viE,jaanike,1,1,jaanikene (1),Jaanikene (1),little Jaan (1)
3,John / Jaan / Jussi / Hans,John/St John,Halliste,Estonia core/west,South Estonian,viE,Jaani,1,1,jaani (1),Jaani (1),John's (1)
3,John / Jaan / Jussi / Hans,John/St John,Halliste,Estonia core/west,South Estonian,viE,jaani&hein,1,1,jaani&hein (1),jaanihein (1),St. John's hay (1)
3,John / Jaan / Jussi / Hans,John/St John,Halliste,Estonia core/west,South Estonian,viE,jaaninädal,1,1,jaaninädal (1),jaaninädalil (1),John-week-ADE (1)
3,John / Jaan / Jussi / Hans,John/St John,Halliste,Estonia core/west,South Estonian,viE,jaanuke,1,1,jaanikene (1),jaanikene (1),little John (1)
3,John / Jaan / Jussi / Hans,Juhan,Halliste,Estonia core/west,South Estonian,viE,Juhan,1,1,Juhan (1),Juhan (1),Juhan (1)
3,John / Jaan / Jussi / Hans,Jaan/Jaani,Hanila,Estonia core/west,North Estonian,viP,Jaan,14,5,Jaan (14),Jaan (10); Jaani (4),Jaan (10); Jaan's (4)
3,John / Jaan / Jussi / Hans,John/St John,Hanila,Estonia core/west,North Estonian,viP,Jaan,1,1,Jaanikene (1),Jaanikene (1),Little John (1)
3,John / Jaan / Jussi / Hans,John/St John,Hanila,Estonia core/west,North Estonian,viP,jaaniõis,1,1,jaaniõis (1),jaaniõied (1),St. John's herbs (1)
3,John / Jaan / Jussi / Hans,Juhan,Hanila,Estonia core/west,North Estonian,viP,Juhan,1,1,Juhan+ike (1),Juhanike (1),little Juhan (1)
3,John / Jaan / Jussi / Hans,John/St John,Hargla,South Estonia/Seto,South Estonian,viE,Jaan,4,2,Jaan (4),Jaan (4),John (4)
3,John / Jaan / Jussi / Hans,Jaan/Jaani,Hargla,South Estonia/Seto,South Estonian,viE,Jaan,1,1,Jaan (1),Jaan (1),Jaan (1)
3,John / Jaan / Jussi / Hans,Jaan/Jaani,Hargla,South Estonia/Seto,South Estonian,viE,Jaanike,1,1,Jaanikene (1),jaanikene (1),little Jaan (1)
3,John / Jaan / Jussi / Hans,John/St John,Harju-Jaani,Estonia core/west,North Estonian,viP,Jaan,6,6,Jaan (4); joani (1); Jaanikene (1),Jaani (2); Joani (1); joani (1); Jaaní (1); Jaanikene (1),John's (4); St. John (1); Little John (1)
3,John / Jaan / Jussi / Hans,Hans,Harju-Jaani,Estonia core/west,North Estonian,viP,Hans,4,3,Hans (3); Hants (1),Hansu (2); Hants (1); Hans (1),Hans (2); Hans's (1); Hans' (1)
3,John / Jaan / Jussi / Hans,Ants,Harju-Jaani,Estonia core/west,North Estonian,viP,Ants,2,2,Ants (2),Ants (2),Ants (2)
3,John / Jaan / Jussi / Hans,John/St John,Harju-Jaani,Estonia core/west,North Estonian,viP,jaanikene,2,2,jaanikene (1); joanikene (1),jaanikene (2),Little John (2)
3,John / Jaan / Jussi / Hans,Hans,Harju-Jaani,Estonia core/west,North Estonian,viP,Hansu,1,1,Hansu (1),Hansu (1),Hans's (1)
3,John / Jaan / Jussi / Hans,Hans,Harju-Jaani,Estonia core/west,North Estonian,viP,Hansu+le,1,1,Hansu+le (1),Hansule (1),to Hans's (1)
3,John / Jaan / Jussi / Hans,Jaan/Jaani,Harju-Jaani,Estonia core/west,North Estonian,viP,Jaan,1,1,Jaan (1),Jaan (1),Jaan (1)
3,John / Jaan / Jussi / Hans,John/St John,Harju-Jaani,Estonia core/west,North Estonian,viP,jaanike,1,1,jaanikene (1),jaanikene (1),Little John (1)
3,John / Jaan / Jussi / Hans,Hans,Harju-Madise,Estonia core/west,North Estonian,viP,Hans,1,1,Hans (1),Hansuga (1),Hans (1)
3,John / Jaan / Jussi / Hans,Jussi,Harlu,East Karelia/Veps/Tver,Finnish,su,Jussi,1,1,Jussi (1),Jussi (1),Jussi (1)
3,John / Jaan / Jussi / Hans,Jussi,Hartola,Finland/Savo-Karelia,Finnish,su,Jussi,5,4,Jussi (4); Jussille (1),Jussi (3); Jussia (1); Jussille (1),Jussi (4); to Jussi (1)
3,John / Jaan / Jussi / Hans,Jussi,Hattula,Finland/Savo-Karelia,Finnish,su,Jussi,13,11,Jussi (12); Jussi(n) (1),Jussi (12); Jussin (1),Jussi (12); Jussi's (1)
3,John / Jaan / Jussi / Hans,Jussi,Hattula,Finland/Savo-Karelia,Finnish,su,pihka-Jussi,1,1,Pihka-Jussi (1),Pihka-Jussin (1),Pihka-Jussi's (1)
3,John / Jaan / Jussi / Hans,Jussi,Hauho,Finland/Savo-Karelia,Finnish,su,Jussi,5,4,Jussi (5),Jussi (5),Jussi (5)
3,John / Jaan / Jussi / Hans,Jussi,Haukivuori,Finland/Savo-Karelia,Finnish,su,Jussi,1,1,Jussi (1),Jussin (1),Jussi's (1)
3,John / Jaan / Jussi / Hans,Jussi,Hausjärvi,Finland/Savo-Karelia,Outside selected Finnic areas,ru,Jussi,5,5,Jussi (5),Jussi (5),Jussi (4); Jussi (name) (1)
3,John / Jaan / Jussi / Hans,Jussi,Heinjoki,Finland/Savo-Karelia,Finnish,su,Jussi,7,3,Jussi (6); Jassi (1),Jussi (6); Jassi (1),Jussi (7)
3,John / Jaan / Jussi / Hans,Jussi,Heinävesi,Finland/Savo-Karelia,Finnish,su,Jussi,13,12,Jussi (13),Jussi (11); Jussin/Jussit (1); Jussin (1),Jussi (11); Jussi's/Jussis (1); Jussi's (1)
3,John / Jaan / Jussi / Hans,Jussi,Heinävesi,Finland/Savo-Karelia,Finnish,su,jussinjäkki,1,1,jussijjäkki (1),Jussin jäkkiä (1),Jussi's plants (1)
3,John / Jaan / Jussi / Hans,Jaan/Jaani,Helme,Estonia core/west,South Estonian,viE,Jaan,32,6,Jaanik (25); Jaan (4); Jaanil (1); jaani (1); jaan (1),jaaniku (24); Jaan (4); Jaani (2); Jaanil (1); Jaanikut (1),Jaanik's (24); Jaan (3); Jaan's (2); at Jaan (1); Jaanik (1); Jaan (John) (1)
3,John / Jaan / Jussi / Hans,Ants,Helme,Estonia core/west,South Estonian,viE,Ants,6,4,Ants (3); Antsu (3),Antsu (4); Ants (2),Ants's (3); Ants (2); Ants (Anthony) (1)
3,John / Jaan / Jussi / Hans,Hans,Helme,Estonia core/west,South Estonian,viE,Hans,4,3,Hans (4),Hans (4),Hans (4)
3,John / Jaan / Jussi / Hans,Ants,Helme,Estonia core/west,South Estonian,viE,Antsuke,2,1,Antsuke (2),Antsuke (2),little Ants (2)
3,John / Jaan / Jussi / Hans,John/St John,Helme,Estonia core/west,South Estonian,viE,Jaan,2,2,Jaan (2),Jaanu (1); Jaani (1),John's (2)
3,John / Jaan / Jussi / Hans,Jaan/Jaani,Helme,Estonia core/west,South Estonian,viE,Aru-Jaan,1,1,arujaani (1),Aru-Jaan (1),Aru-Jaan (1)
3,John / Jaan / Jussi / Hans,Jaan/Jaani,Helme,Estonia core/west,South Estonian,viE,Jaani,1,1,Jaani (1),Jaani (1),Jaani (1)
3,John / Jaan / Jussi / Hans,Jaan/Jaani,Helme,Estonia core/west,South Estonian,viE,Kaara-Jaanikene,1,1,kaarajaanike (1),Kaara-Jaanike (1),Kaara's Jaan (1)
3,John / Jaan / Jussi / Hans,Jaan/Jaani,Helme,Estonia core/west,South Estonian,viE,Papi-Jaan,1,1,Papi-Jaan (1),Papi-Jaanil (1),at Priest-Jaan's (1)
3,John / Jaan / Jussi / Hans,Jaan/Jaani,Helme,Estonia core/west,South Estonian,viE,jaanikann,1,1,jaanikann (1),jaanikann (1),Jaan's jug (1)
3,John / Jaan / Jussi / Hans,Jaan/Jaani,Helme,Estonia core/west,South Estonian,viE,jaanikiri,1,1,jaanikiri (1),jaanikiri (1),Jaan's book (1)
3,John / Jaan / Jussi / Hans,Jussi,Helsinki,Finland/Savo-Karelia,Finnish,su,Jussi,1,1,Jussi (1),Jussi (1),Jussi (1)
3,John / Jaan / Jussi / Hans,Jussi,Hollola,Finland/Savo-Karelia,Finnish,su,terva-Jussi,1,1,terva-Jussi (1),Terva-Jussin (1),Tar-Jussi's (1)
3,John / Jaan / Jussi / Hans,Jussi,Hollola,Finland/Savo-Karelia,Finnish,su,terva-jussi,1,1,terva-jussi (1),Terva-Jussin (1),Tar-Jussi's (1)
3,John / Jaan / Jussi / Hans,Jussi,Humppila,Finland/Savo-Karelia,Finnish,su,Jussi,1,1,Jussi (1),Jussi (1),Jussi (1)
3,John / Jaan / Jussi / Hans,Hans,Hyvinkää,Finland/Savo-Karelia,Finnish,su,hanssi,1,1,kultahanssi (1),kultahanssi (1),golden-Hans (1)
3,John / Jaan / Jussi / Hans,Jussi,Hyvinkää,Finland/Savo-Karelia,Finnish,su,Jussi,1,1,Jussi (1),Jussi (1),Jussi (1)
3,John / Jaan / Jussi / Hans,Jussi,Hämeenkyrö,Finland/Savo-Karelia,Finnish,su,Jussi,2,2,Jussi (2),Jussia (1); Jussi (1),Jussi (2)
3,John / Jaan / Jussi / Hans,Jussi,Hämeenlinna,Finland/Savo-Karelia,Finnish,su,Jussi,6,6,Jussi (6),Jussi (6),Jussi (6)
3,John / Jaan / Jussi / Hans,John/St John,Hämeenlinna,Finland/Savo-Karelia,Finnish,su,Juhani,2,1,Juhani (2),Juhaniin (1); Juhanista (1),to John (1); from John (1)
3,John / Jaan / Jussi / Hans,John/St John,Häädemeeste,Estonia core/west,North Estonian,viP,Jaani,23,1,Jaani (23),Jaani (23),John's (23)
3,John / Jaan / Jussi / Hans,Jaan/Jaani,Häädemeeste,Estonia core/west,North Estonian,viP,Jaan,6,6,Jaan (6),Jaan (3); Jaanil (1); Jaanile (1); Jaani (1),Jaan (3); at Jaan's (1); to Jaan (1); Jaani's (1)
3,John / Jaan / Jussi / Hans,John/St John,Häädemeeste,Estonia core/west,North Estonian,viP,Jaan,3,3,Jaan (3),Jaan (2); Jaani (1),John's (2); John (1)
3,John / Jaan / Jussi / Hans,Hans,Häädemeeste,Estonia core/west,North Estonian,viP,Hans,1,1,Hans (1),Hansu (1),Hans's (1)
3,John / Jaan / Jussi / Hans,Jaan/Jaani,Häädemeeste,Estonia core/west,North Estonian,viP,jaan,1,1,jaan (1),jaani (1),Jaan's (1)
3,John / Jaan / Jussi / Hans,Jussi,Häädemeeste,Estonia core/west,North Estonian,viP,Juss,1,1,Jassi (1),Jussi (1),Jussi (1)
3,John / Jaan / Jussi / Hans,Hans,Iisaku,Estonia core/west,North Estonian,viP,Hans,2,2,Hansu (1); Hans (1),Hansu (1); Hans (1),Hans's (1); Hans (1)
3,John / Jaan / Jussi / Hans,Ants,Iisaku,Estonia core/west,North Estonian,viP,Antsu,1,1,Antsu (1),Antsu (1),Ants's (1)
3,John / Jaan / Jussi / Hans,Jaan/Jaani,Iisaku,Estonia core/west,North Estonian,viP,Jaan,1,1,Jaan (1),Jaan (1),Jaan (1)
3,John / Jaan / Jussi / Hans,John/St John,Iisaku,Estonia core/west,North Estonian,viP,jaanike,1,1,jaanikene (1),jaanikene (1),Little John (1)
3,John / Jaan / Jussi / Hans,Jussi,Iisalmi,Finland/Savo-Karelia,Finnish,su,Jussi,4,4,Jussi (4),Jussi (4),Jussi (4)
3,John / Jaan / Jussi / Hans,Jussi,Iitti,Finland/Savo-Karelia,Finnish,su,Jussi,2,1,Jussi (2),Jussi (2),Jussi (2)
3,John / Jaan / Jussi / Hans,Jussi,Ilomantsi,Finland/Savo-Karelia,Finnish,su,Jussi,5,5,Jussi (5),Jussi (4); Jussin (1),Jussi (4); Jussi's (1)
3,John / Jaan / Jussi / Hans,John/St John,Ilomantsi,Finland/Savo-Karelia,Finnish,su,Johannes,2,2,Johannes (1); Juhannes (1),Johannes (2),John (2)
3,John / Jaan / Jussi / Hans,Jussi,Isojoki,Finland/Savo-Karelia,Finnish,su,Jussi,1,1,Jussi (1),Jussi (1),Jussi (1)
3,John / Jaan / Jussi / Hans,Ants,Jaani,Estonia core/west,North Estonian,viP,Ants,1,1,Ants (1),Antsuke (1),little Ants (1)
3,John / Jaan / Jussi / Hans,John/St John,Jaani,Estonia core/west,North Estonian,viP,Jaan,1,1,jaan (1),Jaan (1),John (1)
3,John / Jaan / Jussi / Hans,John/St John,Jaani,Estonia core/west,North Estonian,viP,jaanike,1,1,jaanikene (1),Jaanikene (1),Little John (1)
3,John / Jaan / Jussi / Hans,Jussi,Jalasjärvi,Finland/Savo-Karelia,Finnish,su,Jussi,2,2,Jussi (2),Jussi (2),Jussi (2)
3,John / Jaan / Jussi / Hans,Jussi,Janakkala,Finland/Savo-Karelia,Finnish,su,Jussi,3,3,Jussi (3),Jussi (2); Jussin (1),Jussi (2); Jussi's (1)
3,John / Jaan / Jussi / Hans,Jussi,Johannes,Finland/Savo-Karelia,Finnish,su,savi & Jussi,1,1,savi & Jussi (1),Savi-Jussi (1),Clay-Jussi (1)
3,John / Jaan / Jussi / Hans,Jussi,Jokioinen,Finland/Savo-Karelia,Finnish,su,Jussi,1,1,Jussi (1),Jussi (1),Jussi (1)
3,John / Jaan / Jussi / Hans,Jussi,Joroinen,Finland/Savo-Karelia,Finnish,su,Jussi,2,2,Jussi (2),Jussi (2),Jussi (2)
3,John / Jaan / Jussi / Hans,John/St John,Joroinen,Finland/Savo-Karelia,Finnish,su,Jussi,1,1,Jussi (1),Jussi (1),John (1)
3,John / Jaan / Jussi / Hans,Jussi,Joutseno,Finland/Savo-Karelia,Finnish,su,Jussi,1,1,Jussi (1),Jussi (1),Jussi (1)
3,John / Jaan / Jussi / Hans,Jussi,Juuka,Finland/Savo-Karelia,Finnish,su,Jussi,1,1,Jussi (1),Jussi (1),Jussi (1)
3,John / Jaan / Jussi / Hans,Ants,Juuru,Estonia core/west,North Estonian,viP,Ants,1,1,Ants (1),Ants (1),Ants (1)
3,John / Jaan / Jussi / Hans,Jaan/Jaani,Juuru,Estonia core/west,North Estonian,viP,Jaan,1,1,Jaan (1),Joani (1),Jaan's (1)
3,John / Jaan / Jussi / Hans,John/St John,Juuru,Estonia core/west,North Estonian,viP,Jaan,1,1,Jaan (1),Jaan (1),John (1)
3,John / Jaan / Jussi / Hans,John/St John,Juuru,Estonia core/west,North Estonian,viP,jaanikann,1,1,joanikann (1),jaanikannid (1),St. John's herbs (1)
3,John / Jaan / Jussi / Hans,John/St John,Juuru,Estonia core/west,North Estonian,viP,jaanike,1,1,jaanikene (1),jaanikene (1),Little John (1)
3,John / Jaan / Jussi / Hans,Jussi,Juva,Finland/Savo-Karelia,Finnish,su,Jussi,2,2,Jussi (2),Jussin (1); Juvan (1),Jussi's (2)
3,John / Jaan / Jussi / Hans,Jussi,Jällivaara,Finland/Savo-Karelia,Tornedalen Finnish,su,Jussi,1,1,Jussi (1),Jussilta (1),from Jussi (1)
3,John / Jaan / Jussi / Hans,Jussi,Jämsä,Finland/Savo-Karelia,Finnish,su,Jussi,3,2,Jussi (3),Jussi (3),Jussi (3)
3,John / Jaan / Jussi / Hans,Hans,Järva-Jaani,Estonia core/west,North Estonian,viP,Hans,5,2,Hans (3); Hanso (2),Hans (3); Hansu (2),Hans (3); Hans' (2)
3,John / Jaan / Jussi / Hans,Jaan/Jaani,Järva-Jaani,Estonia core/west,North Estonian,viP,Jaan,5,4,Jaan (2); Joan (2); Juani (1),Jaan (2); Jaani (1); Jaanile (1); Juani (1),Jaan's (2); Jaan (2); Jaani's (1)
3,John / Jaan / Jussi / Hans,Ants,Järva-Jaani,Estonia core/west,North Estonian,viP,Ants,2,2,Antsu (1); Ants (1),Antsule (2),Ants's (1); to Ants (1)
3,John / Jaan / Jussi / Hans,Juhan,Järva-Jaani,Estonia core/west,North Estonian,viP,Juhan,1,1,Juhan (1),Juhanil (1),at Juhan's (1)
3,John / Jaan / Jussi / Hans,Hans,Järva-Madise,Estonia core/west,North Estonian,viP,Hans,8,4,Hans (8),Hans (5); Hansu (3),Hans (5); Hans's (2); Hans' (1)
3,John / Jaan / Jussi / Hans,Jaan/Jaani,Järva-Madise,Estonia core/west,North Estonian,viP,Jaan,7,5,Jaan (7),Jaan (3); Jaani (2); Jaaniga+gi (1); Jaanide (1),Jaan's (3); Jaan (3); with Jaan (1)
3,John / Jaan / Jussi / Hans,Hans,Järva-Madise,Estonia core/west,North Estonian,viP,hansuke,1,1,hansukene (1),hansukene (1),little Hans (1)
3,John / Jaan / Jussi / Hans,Jaan/Jaani,Järva-Madise,Estonia core/west,North Estonian,viP,Jaani,1,1,Jaani (1),Jaani (1),Jaani (1)
3,John / Jaan / Jussi / Hans,John/St John,Järva-Madise,Estonia core/west,North Estonian,viP,Jaan,1,1,Jaan (1),Jaani (1),John's (1)
3,John / Jaan / Jussi / Hans,Ants,Jõelähtme,Estonia core/west,North Estonian,viP,Ants,6,4,Ants (6),Ants (6),Ants (6)
3,John / Jaan / Jussi / Hans,Ants,Jõelähtme,Estonia core/west,North Estonian,viP,Antsu,1,1,Antsu (1),Antsu (1),Ants's (1)
3,John / Jaan / Jussi / Hans,Hans,Jõelähtme,Estonia core/west,North Estonian,viP,Hans,1,1,Hans (1),Hans (1),Hans (1)
3,John / Jaan / Jussi / Hans,Jaan/Jaani,Jõelähtme,Estonia core/west,North Estonian,viP,Jaan,1,1,Jaan (1),Jaan (1),Jaan (1)
3,John / Jaan / Jussi / Hans,Jaan/Jaani,Jõelähtme,Estonia core/west,North Estonian,viP,Jaanike,1,1,Jaanike (1),Jaanike (1),little Jaan (1)
3,John / Jaan / Jussi / Hans,Jaan/Jaani,Jõelähtme,Estonia core/west,North Estonian,viP,Jaanikene,1,1,Jaanikene (1),Jaanikene (1),little Jaan (1)
3,John / Jaan / Jussi / Hans,John/St John,Jõelähtme,Estonia core/west,North Estonian,viP,Jaan,1,1,Jaan (1),Jaani (1),John's (1)
3,John / Jaan / Jussi / Hans,John/St John,Jõelähtme,Estonia core/west,North Estonian,viP,jaanirohi,1,1,jaanirohtu+delta (1),jaanirohutel (1),with St. John's herbs (1)
3,John / Jaan / Jussi / Hans,Jussi,Jõelähtme,Estonia core/west,North Estonian,viP,Juss,1,1,Jutsi (1),Jutsi (1),Jussi (1)
3,John / Jaan / Jussi / Hans,John/St John,Jõhvi,Estonia core/west,North Estonian,viP,jaanike,4,4,jaanikene (4),jaanikene (4),Little John (3); little John (1)
3,John / Jaan / Jussi / Hans,Jaan/Jaani,Jõhvi,Estonia core/west,North Estonian,viP,Jaan,3,2,Jaan (3),Jaan (1); Jaanike (1); Jaanil (1),Jaan (1); little Jaan (1); at Jaan's (1)
3,John / Jaan / Jussi / Hans,John/St John,Jõhvi,Estonia core/west,North Estonian,viP,Jaan,2,2,Jaan (2),Jaani (2),John's (2)
3,John / Jaan / Jussi / Hans,Ants,Jõhvi,Estonia core/west,North Estonian,viP,Ants,1,1,Ants (1),Ants (1),Ants (1)
3,John / Jaan / Jussi / Hans,Hans,Jõhvi,Estonia core/west,North Estonian,viP,Hans,1,1,Hans (1),Hansu (1),Hans's (1)
3,John / Jaan / Jussi / Hans,Hans,Jõhvi,Estonia core/west,North Estonian,viP,Hansu,1,1,Hansu (1),Hansu (1),Hans's (1)
3,John / Jaan / Jussi / Hans,Jaan/Jaani,Jõhvi,Estonia core/west,North Estonian,viP,jaan,1,1,jaan (1),jaani (1),Jaan's (1)
3,John / Jaan / Jussi / Hans,Jaan/Jaani,Jõhvi,Estonia core/west,North Estonian,viP,kanajaani,1,1,kanajaani (1),kanajaani (1),Kana-Jaani (1)
3,John / Jaan / Jussi / Hans,John/St John,Jõhvi,Estonia core/west,North Estonian,viP,jaanikene,1,1,joanikene (1),Joanikene (1),Little John (1)
3,John / Jaan / Jussi / Hans,John/St John,Jõhvi,Estonia core/west,North Estonian,viP,jaanikuu,1,1,jaanikuu (1),jaanikuus (1),in St. John's month (1)
3,John / Jaan / Jussi / Hans,John/St John,Jõhvi,Estonia core/west,North Estonian,viP,jaaniõhtu,1,1,jaaniõhtu (1),jaaniõhtul (1),St. John's Eve (1)
3,John / Jaan / Jussi / Hans,Hans,Jüri,Estonia core/west,North Estonian,viP,Hans,7,4,Hans (7),Hans (5); Hansule (2),Hans (5); to Hans (1); to-Hans (1)
3,John / Jaan / Jussi / Hans,Jaan/Jaani,Jüri,Estonia core/west,North Estonian,viP,Jaan,7,4,Jaan (5); Jaanil (1); Jaanikene (1),Jaani (2); Jaan (2); Jaanil (1); Jaanikene (1); Jaaniga (1),Jaan's (2); Jaan (2); at Jaan's (1); little Jaan (1); with Jaan (1)
3,John / Jaan / Jussi / Hans,Ants,Jüri,Estonia core/west,North Estonian,viP,Ants,1,1,Ants (1),Ants (1),Ants (1)
3,John / Jaan / Jussi / Hans,Jaan/Jaani,Jüri,Estonia core/west,North Estonian,viP,Harju-Jaan,1,1,Harju-Jaan (1),Harju-Jaanis (1),in Harju-Jaani (1)
3,John / Jaan / Jussi / Hans,Jaan/Jaani,Jüri,Estonia core/west,North Estonian,viP,jaan,1,1,juani (1),jaanile (1),Jaan's (1)
3,John / Jaan / Jussi / Hans,John/St John,Jüri,Estonia core/west,North Estonian,viP,jaaniõhtu,1,1,jaaniõhtu (1),jaaniõhtul (1),St. John's Eve (1)
3,John / Jaan / Jussi / Hans,Jussi,Jüri,Estonia core/west,North Estonian,viP,Juss,1,1,Jussi (1),Jussi (1),Jussi (1)
3,John / Jaan / Jussi / Hans,Hans,Kaarma,Estonia core/west,North Estonian,viP,Hans,11,1,Hans (11),Hansule (6); Hans (4); Hansu (1),to Hans (6); Hans (4); Hans' (1)
3,John / Jaan / Jussi / Hans,Jaan/Jaani,Kaarma,Estonia core/west,North Estonian,viP,Jaan,2,1,Jaan (2),Jaan (2),Jaan (2)
3,John / Jaan / Jussi / Hans,John/St John,Kaarma,Estonia core/west,North Estonian,viP,Jaan,2,1,Jaen (2),Jaen (2),John (2)
3,John / Jaan / Jussi / Hans,Ants,Kaarma,Estonia core/west,North Estonian,viP,Ants,1,1,antsu (1),Antsud (1),Ants's (pl.) (1)
3,John / Jaan / Jussi / Hans,Jussi,Kaavi,Finland/Savo-Karelia,Finnish,su,Jussi,3,3,Jussi (2); Jussi+n (1),Jussi (2); Jussin (1),Jussi (2); Jussi's (1)
3,John / Jaan / Jussi / Hans,John/St John,Kaavi,Finland/Savo-Karelia,Finnish,su,Johannes,1,1,Johannes (1),Johannes (1),John (1)
3,John / Jaan / Jussi / Hans,Jussi,Kaavi,Finland/Savo-Karelia,Finnish,su,kupari-Jussi,1,1,kuppari-Jussi (1),Kuppar-Jussi (1),Coppersmith-Jussi (1)
3,John / Jaan / Jussi / Hans,Hans,Kadrina,Estonia core/west,North Estonian,viP,Hans,5,5,Hans (4); Hansu (1),Hans (3); Hansu (2),Hans (3); Hans' (1); Hans's (1)
3,John / Jaan / Jussi / Hans,Ants,Kadrina,Estonia core/west,North Estonian,viP,Ants,4,3,Ants (3); Ats (1),Ants (3); Ats (1),Ants (4)
3,John / Jaan / Jussi / Hans,Jaan/Jaani,Kadrina,Estonia core/west,North Estonian,viP,Jaan,4,4,Jaan (4),Jaan (3); Jaani (1),Jaan (3); Jaan's (1)
3,John / Jaan / Jussi / Hans,John/St John,Kadrina,Estonia core/west,North Estonian,viP,Jaan,4,4,Jaan (4),Jaani (2); jaani (1); Jaan (1),John's (1); St. John's (1); of John (1); John (1)
3,John / Jaan / Jussi / Hans,Juhan,Kadrina,Estonia core/west,North Estonian,viP,Juhan,3,3,Juhan (3),Juhanike (1); Juhanil (1); Juhan (1),little Juhan (1); Juhan's (1); Juhan (1)
3,John / Jaan / Jussi / Hans,Hans,Kadrina,Estonia core/west,North Estonian,viP,välja-Hans,1,1,välja-Hanso (1),väljahans (1),Field-Hans (1)
3,John / Jaan / Jussi / Hans,Jaan/Jaani,Kadrina,Estonia core/west,North Estonian,viP,jaan,1,1,jaan (1),jaani (1),Jaan's (1)
3,John / Jaan / Jussi / Hans,John/St John,Kadrina,Estonia core/west,North Estonian,viP,jaaniõhtu,1,1,jaaniõhtu (1),jaaniõhtul (1),St. John's Eve (1)
3,John / Jaan / Jussi / Hans,John/St John,Kadrina,Estonia core/west,North Estonian,viP,juhanikene,1,1,juanikene (1),juhanikene (1),little John (1)
3,John / Jaan / Jussi / Hans,Juhan,Kadrina,Estonia core/west,North Estonian,viP,Juhanike,1,1,Juhanikene (1),Juhanikene (1),little Juhan (1)
3,John / Jaan / Jussi / Hans,Jussi,Kalajoki,Finland/Savo-Karelia,Finnish,su,Jussi,1,1,Jussi (1),Jussi (1),Jussi (1)
3,John / Jaan / Jussi / Hans,John/St John,Kambja,Estonia core/west,South Estonian,viE,Jaan,2,2,Jaanikene (2),Jaanikene (1); jaanikene (1),Little John (2)
3,John / Jaan / Jussi / Hans,Hans,Kambja,Estonia core/west,South Estonian,viE,Pudruhansu,1,1,pudruhansu (1),Pudru-Hansu (1),Porridge-Hans's (1)
3,John / Jaan / Jussi / Hans,Ants,Kanepi,South Estonia/Seto,South Estonian,viE,Ants,1,1,Ants (1),Ants (1),Ants (1)
3,John / Jaan / Jussi / Hans,Jaan/Jaani,Kanepi,South Estonia/Seto,South Estonian,viE,Jaan,1,1,Jaan (1),Jaan (1),Jaan (1)
3,John / Jaan / Jussi / Hans,John/St John,Kanepi,South Estonia/Seto,South Estonian,viE,jaanike,1,1,jaanike (1),jaanike (1),Little John (1)
3,John / Jaan / Jussi / Hans,John/St John,Kanepi,South Estonia/Seto,South Estonian,viE,jaanikene,1,1,jaanikene (1),jaanikene (1),little John (1)
3,John / Jaan / Jussi / Hans,Jussi,Kangasala,Finland/Savo-Karelia,Finnish,su,Jussi,1,1,Jussi (1),Jussi (1),Jussi (1)
3,John / Jaan / Jussi / Hans,Jussi,Kangaslampi,Finland/Savo-Karelia,Finnish,su,Jussi,2,2,Jussi (2),Jussi (2),Jussi (2)
3,John / Jaan / Jussi / Hans,Jussi,Kangasniemi,Finland/Savo-Karelia,Finnish,su,Jussi,6,3,Jussi (6),Jussi (5); Jussin (1),Jussi (5); Jussi's (1)
3,John / Jaan / Jussi / Hans,John/St John,Kankaanpää,Finland/Savo-Karelia,Finnish,su,Johannes,1,1,Johannes (1),Johannekselta (1),from John (1)
3,John / Jaan / Jussi / Hans,Jussi,Kanneljärvi,Finland/Savo-Karelia,Finnish,su,Jussi,2,2,Jussi (2),Jussi (2),Jussi (2)
3,John / Jaan / Jussi / Hans,John/St John,Kaprio,Ingria,Finnish,su,Juhana,1,1,Iivana (1),Iivana (1),John (1)
3,John / Jaan / Jussi / Hans,Jussi,Kaprio,Ingria,Finnish,su,Jussiheinä,1,1,Jussiheinä (1),Jussiheinää (1),Jussi's hay (1)
3,John / Jaan / Jussi / Hans,Jussi,Karinainen,Finland/Savo-Karelia,Finnish,su,Jussi,1,1,Jussi (1),Jussi (1),Jussi (1)
3,John / Jaan / Jussi / Hans,Hans,Karja,Estonia core/west,North Estonian,viP,Hans,14,2,Hans (14),Hans (7); Hansule (6); Hansuga (1),Hans (7); to Hans (6); with Hans (1)
3,John / Jaan / Jussi / Hans,Jaan/Jaani,Karja,Estonia core/west,North Estonian,viP,Jaan,1,1,Jaan (1),Jaan (1),Jaan (1)
3,John / Jaan / Jussi / Hans,Jaan/Jaani,Karksi,Estonia core/west,South Estonian,viE,Jaan,34,6,Jaan (32); jaani (2),Jaaniga (16); Jaani (12); Jaan (5); Jaanist (1),with Jaan (16); Jaan's (12); Jaan (5); Jaani (1)
3,John / Jaan / Jussi / Hans,Hans,Karksi,Estonia core/west,South Estonian,viE,Hans,8,6,Hans (6); hansu (1); Hansu (1),Hansu (4); Hans (3); Hansust (1),Hans (4); Hans's (3); from Hans (1)
3,John / Jaan / Jussi / Hans,John/St John,Karksi,Estonia core/west,South Estonian,viE,Jaan,6,5,Jaan (6),Jaan (3); Jaani (3),John (4); John's (2)
3,John / Jaan / Jussi / Hans,Ants,Karksi,Estonia core/west,South Estonian,viE,Ants,5,5,Ants (4); ants (1),Ants (4); antsu (1),Ants (4); Ants's (1)
3,John / Jaan / Jussi / Hans,Jussi,Karksi,Estonia core/west,South Estonian,viE,Jussi,3,2,Jussi (3),Jussi (3),Jussi (3)
3,John / Jaan / Jussi / Hans,Jaan/Jaani,Karksi,Estonia core/west,South Estonian,viE,Jaanike,2,2,Jaanik (1); Jaanike (1),Jaanik (1); Jaanike (1),Jaanik (1); little Jaan (1)
3,John / Jaan / Jussi / Hans,Jaan/Jaani,Karksi,Estonia core/west,South Estonian,viE,Jaanikene,2,1,Jaanikene (2),Jaanikene (2),little Jaan (2)
3,John / Jaan / Jussi / Hans,Juhan,Karksi,Estonia core/west,South Estonian,viE,Juhan,2,2,Juhan (1); Juhani (1),juhanige (1); Juhani (1),Juhan's (2)
3,John / Jaan / Jussi / Hans,Jaan/Jaani,Karksi,Estonia core/west,South Estonian,viE,jaan,1,1,jaanikene (1),Jaanikene (1),Little Jaan (1)
3,John / Jaan / Jussi / Hans,Jaan/Jaani,Karksi,Estonia core/west,South Estonian,viE,jaanike,1,1,jaanike (1),jaanike (1),little Jaan (1)
3,John / Jaan / Jussi / Hans,Jaan/Jaani,Karksi,Estonia core/west,South Estonian,viE,vaabijaan,1,1,vaabi+jaan (1),vaabijaanil (1),on Vaabi-Jaan (1)
3,John / Jaan / Jussi / Hans,John/St John,Karksi,Estonia core/west,South Estonian,viE,Jaanikaja,1,1,Jaanikahja (1),Jaanikaja (1),John's echo's (1)
3,John / Jaan / Jussi / Hans,John/St John,Karksi,Estonia core/west,South Estonian,viE,Jaanike,1,1,Jaanikene (1),Jaanikene (1),little John (1)
3,John / Jaan / Jussi / Hans,John/St John,Karksi,Estonia core/west,South Estonian,viE,jaanike,1,1,jaanikene (1),jaanikene (1),Little John (1)
3,John / Jaan / Jussi / Hans,Jussi,Karstula,Finland/Savo-Karelia,Finnish,su,Jussi,1,1,Jussi (1),Jussi (1),Jussi (1)
3,John / Jaan / Jussi / Hans,Jussi,Karttula,Finland/Savo-Karelia,Finnish,su,Jussi,1,1,Jussi (1),Jussi (1),Jussi (1)
3,John / Jaan / Jussi / Hans,Juhan,Karula,South Estonia/Seto,South Estonian,viE,Juhan,6,5,Juhan (4); juhan (2),Juhan (5); Juhani (1),Juhan (5); Juhan's (1)
3,John / Jaan / Jussi / Hans,John/St John,Karula,South Estonia/Seto,South Estonian,viE,Jaan,2,1,Jaan (2),Jaan (1); Jaani (1),John (1); John's (1)
3,John / Jaan / Jussi / Hans,Jaan/Jaani,Karula,South Estonia/Seto,South Estonian,viE,Jaan,1,1,Jaan (1),Jaan (1),Jaan (1)
3,John / Jaan / Jussi / Hans,Jaan/Jaani,Karula,South Estonia/Seto,South Estonian,viE,jaanikene,1,1,jaanikõni (1),jaanikõni (1),Little Jaan (1)
3,John / Jaan / Jussi / Hans,John/St John,Karula,South Estonia/Seto,South Estonian,viE,jaanike,1,1,jaanikene (1),jaanikene (1),John (1)
3,John / Jaan / Jussi / Hans,Jussi,Karuna,Finland/Savo-Karelia,Finnish,su,Jussi,3,3,Jussi (3),Jussi (2); Jussin (1),Jussi (2); Jussi's (1)
3,John / Jaan / Jussi / Hans,Jussi,Karunki,Finland/Savo-Karelia,Finnish,su,Jussi,1,1,Jussi (1),Jussi (1),Jussi (1)
3,John / Jaan / Jussi / Hans,Jaan/Jaani,Karuse,Estonia core/west,North Estonian,viP,Jaan,21,8,Jaan (21),Jaan (19); Jaani (2),Jaan (19); Jaan's (2)
3,John / Jaan / Jussi / Hans,Ants,Karuse,Estonia core/west,North Estonian,viP,Ants,7,2,ants (5); antsu (1); Ants (1),Ants (5); Antsu (2),Ants (5); Ants's (2)
3,John / Jaan / Jussi / Hans,Hans,Karuse,Estonia core/west,North Estonian,viP,Hans,6,4,Hans (5); Hants (1),Hans (3); Hansu (2); Hants (1),Hans (4); Hans's (1); Hans' (1)
3,John / Jaan / Jussi / Hans,Jaan/Jaani,Karuse,Estonia core/west,North Estonian,viP,Toa-Jaan,3,1,Toa-Jaan (3),Toa-Jaan (2); Toa-Jaani (1),Tua-Jaan (2); Tua-Jaan's (1)
3,John / Jaan / Jussi / Hans,John/St John,Karuse,Estonia core/west,North Estonian,viP,Jaan,3,2,Jaan (3),Jaan (2); Jaani (1),John (2); John's (1)
3,John / Jaan / Jussi / Hans,Hans,Karuse,Estonia core/west,North Estonian,viP,hans,2,1,hansu (2),hansuke (2),little Hans (2)
3,John / Jaan / Jussi / Hans,Jaan/Jaani,Karuse,Estonia core/west,North Estonian,viP,jaanike,2,1,jaanikene (2),jaanikene (2),Little Jaan (2)
3,John / Jaan / Jussi / Hans,Ants,Karuse,Estonia core/west,North Estonian,viP,ants,1,1,antsukene (1),Antsukene (1),Ants (1)
3,John / Jaan / Jussi / Hans,Jaan/Jaani,Karuse,Estonia core/west,North Estonian,viP,Järva-Jaani,1,1,Järva-Jaani (1),Järva-Jaani (1),Järva-Jaani (1)
3,John / Jaan / Jussi / Hans,Jaan/Jaani,Karuse,Estonia core/west,North Estonian,viP,Järvajaani,1,1,järv+Jaani (1),Järvajaani (1),Järva-Jaani (1)
3,John / Jaan / Jussi / Hans,Jaan/Jaani,Karuse,Estonia core/west,North Estonian,viP,Tallijaan,1,1,Tallijaan (1),Tallijaanil (1),at Tall-Jaan (1)
3,John / Jaan / Jussi / Hans,John/St John,Karuse,Estonia core/west,North Estonian,viP,Jaanike,1,1,Jaanikene (1),Jaanikene (1),Little John (1)
3,John / Jaan / Jussi / Hans,John/St John,Karuse,Estonia core/west,North Estonian,viP,jaanililleke,1,1,jaanililleke (1),jaanilillekesed (1),little St. John's flowers (1)
3,John / Jaan / Jussi / Hans,Jussi,Kauhajoki,Finland/Savo-Karelia,Finnish,su,Jussi,2,2,Jussi (2),Jussi (2),Jussi (2)
3,John / Jaan / Jussi / Hans,Jussi,Kauhava,Finland/Savo-Karelia,Finnish,su,Juhana,1,1,Jussi (1),Jussi (1),Jussi (1)
3,John / Jaan / Jussi / Hans,Jussi,Kauhava,Finland/Savo-Karelia,Finnish,su,Jussi,1,1,Jussi (1),Jussin (1),Jussi's (1)
3,John / Jaan / Jussi / Hans,Jussi,Kaukola,Finland/Savo-Karelia,Finnish,su,Jussi,2,2,Jussi (2),Jussi (1); Jussin (1),Jussi (1); Jussi's (1)
3,John / Jaan / Jussi / Hans,Jussi,Kauvatsa,Finland/Savo-Karelia,Finnish,su,Jussi,1,1,Jussi (1),Jussi (1),Jussi (1)
3,John / Jaan / Jussi / Hans,John/St John,Keila,Estonia core/west,North Estonian,viP,Jaanike,1,1,jaanike (1),Jaanike (1),little John (1)
3,John / Jaan / Jussi / Hans,Jussi,Kemi,Finland/Savo-Karelia,Finnish,su,Jussi,1,1,Jussi (1),Jussi (1),Jussi (1)
3,John / Jaan / Jussi / Hans,Jussi,Kerimäki,Finland/Savo-Karelia,Finnish,su,Jussi,1,1,Jussi (1),Jussi (1),Jussi (1)
3,John / Jaan / Jussi / Hans,Jaan/Jaani,Kihelkonna,Estonia core/west,North Estonian,viP,Jaan,8,1,Jaan (8),Jaani (5); Jaan (1); Jaaniga (1); Jaanil (1),Jaan (6); with Jaan (1); to Jaan (1)
3,John / Jaan / Jussi / Hans,Ants,Kihelkonna,Estonia core/west,North Estonian,viP,Ants,1,1,Ants (1),Antsu (1),Ants's (1)
3,John / Jaan / Jussi / Hans,Jussi,Kihniö,Finland/Savo-Karelia,Finnish,su,Jussi,2,2,Jussi (2),Jussi (2),Jussi (2)
3,John / Jaan / Jussi / Hans,John/St John,Kiihtelysvaara,Finland/Savo-Karelia,Finnish,su,Juhana,1,1,Juhana (1),Juhana (1),John (1)
3,John / Jaan / Jussi / Hans,Jussi,Kiihtelysvaara,Finland/Savo-Karelia,Finnish,su,Jussi,1,1,Jussi (1),Jussi (1),Jussi (1)
3,John / Jaan / Jussi / Hans,Jussi,Kiikka,Finland/Savo-Karelia,Finnish,su,Jussi,1,1,Jussi (1),Jussi (1),Jussi (1)
3,John / Jaan / Jussi / Hans,Jussi,Kiikoinen,Finland/Savo-Karelia,Finnish,su,Jussi,1,1,Jussi (1),Jussi (1),Jussi (1)
3,John / Jaan / Jussi / Hans,Jussi,Kinnula,Finland/Savo-Karelia,Finnish,su,Jussi,1,1,Jussi (1),Jussin (1),Jussi's (1)
3,John / Jaan / Jussi / Hans,Jussi,Kirvu,Finland/Savo-Karelia,Finnish,su,Jussi,1,1,Jussikko-kin (1),Jussikonkin (1),even-little-Jussi (1)
3,John / Jaan / Jussi / Hans,Jussi,Kitee,Finland/Savo-Karelia,Finnish,su,Jussi,7,3,Jussi (7),Jussi (6); Jussin (1),Jussi (6); Jussi's (1)
3,John / Jaan / Jussi / Hans,John/St John,Kiukainen,Finland/Savo-Karelia,Finnish,su,Jussi,2,1,Jussi (2),Jussiin (1); Jussista (1),John (2)
3,John / Jaan / Jussi / Hans,Jussi,Kiuruvesi,Finland/Savo-Karelia,Finnish,su,Jussi,10,7,Jussi (10),Jussi (10),Jussi (10)
3,John / Jaan / Jussi / Hans,Jussi,Kivennapa,Finland/Savo-Karelia,Finnish,su,Jussi,2,2,Jussi (2),Jussi (2),Jussi (2)
3,John / Jaan / Jussi / Hans,John/St John,Kivijärvi,Finland/Savo-Karelia,Finnish,su,Johannes,1,1,Johannes (1),Johannes (1),John (1)
3,John / Jaan / Jussi / Hans,Jussi,Kivijärvi,Finland/Savo-Karelia,Finnish,su,Jussi,1,1,Jussi (1),Jussi (1),Jussi (1)
3,John / Jaan / Jussi / Hans,Jaan/Jaani,Kodavere,Estonia core/west,North Estonian,viP,Jaan,2,2,Jaan (1); Jaan+i (1),Juani (2),Jaan's (2)
3,John / Jaan / Jussi / Hans,John/St John,Koeru,Estonia core/west,North Estonian,viP,jaan,42,1,jaan (42),jaanidel (19); jaanike (18); jaani (5),at St. John's (19); little St. John (18); St. John's (5)
3,John / Jaan / Jussi / Hans,Ants,Koeru,Estonia core/west,North Estonian,viP,Ants,6,5,Ants (6),Ants (4); Antsukene (1); Antsu (1),Ants (4); little Ants (1); Ants's (1)
3,John / Jaan / Jussi / Hans,Hans,Koeru,Estonia core/west,North Estonian,viP,Hans,5,3,Hans (4); Hants (1),Hans (4); Hantsu (1),Hans (5)
3,John / Jaan / Jussi / Hans,Jaan/Jaani,Koeru,Estonia core/west,North Estonian,viP,Jaan,5,4,Jaan (5),Jaani (3); jaanike (1); Jaanikene (1),Jaan's (3); little Jaan (2)
3,John / Jaan / Jussi / Hans,Jaan/Jaani,Koeru,Estonia core/west,North Estonian,viP,jaanike,4,1,jaanike (4),jaanike (4),little Jaan (4)
3,John / Jaan / Jussi / Hans,John/St John,Koeru,Estonia core/west,North Estonian,viP,Jaan,1,1,Jaan (1),Jaanist (1),from St. John's (1)
3,John / Jaan / Jussi / Hans,John/St John,Koeru,Estonia core/west,North Estonian,viP,Jaanikene,1,1,Jaanikene (1),Jaanikene (1),Little John (1)
3,John / Jaan / Jussi / Hans,John/St John,Koeru,Estonia core/west,North Estonian,viP,jaanikaim,1,1,jaanikaim (1),jaanikaim (1),St. John's follower (1)
3,John / Jaan / Jussi / Hans,John/St John,Koeru,Estonia core/west,North Estonian,viP,jaanike,1,1,jaanikene (1),Jaanikene (1),Little John (1)
3,John / Jaan / Jussi / Hans,John/St John,Koeru,Estonia core/west,North Estonian,viP,jaanituli,1,1,jaanituli (1),jaanituld (1),St. John's fire (1)
3,John / Jaan / Jussi / Hans,Jussi,Kokemäki,Finland/Savo-Karelia,Finnish,su,Jussi,2,2,Jussi (2),Jussi (2),Jussi (2)
3,John / Jaan / Jussi / Hans,Jaan/Jaani,Kolga-Jaani,Estonia core/west,North Estonian,viP,Jaan,16,7,Jaan (14); Jaanikene (1); Jaani (1),Jaani (9); Jaan (6); jaanikene (1),Jaan's (9); Jaan (6); Little Jaan (1)
3,John / Jaan / Jussi / Hans,Hans,Kolga-Jaani,Estonia core/west,North Estonian,viP,Hans,13,5,Hans (13),Hans (6); Hansu (5); Hansul (2),Hans (6); Hans's (4); on Hans (1); Hans' (1); Hans (name) (1)
3,John / Jaan / Jussi / Hans,Ants,Kolga-Jaani,Estonia core/west,North Estonian,viP,Ants,12,7,Ants (11); ants (1),Antsu (7); Ants (3); Antsudelle (1); Antsul (1),Ants's (5); Ants (3); Ants (name) (2); to Ants' (1); on Ants (1)
3,John / Jaan / Jussi / Hans,John/St John,Kolga-Jaani,Estonia core/west,North Estonian,viP,Jaan,10,7,Jaan (7); jaanikene (2); Jaanikene (1),Jaani (5); Jaanikene (3); Jaanile (1); Jaan (1),John's (5); John (3); Little John (2)
3,John / Jaan / Jussi / Hans,Jaan/Jaani,Kolga-Jaani,Estonia core/west,North Estonian,viP,jaan,5,1,jaanikene (4); jaan (1),jaanikene (4); jaani (1),little Jaan (4); Jaan's (1)
3,John / Jaan / Jussi / Hans,John/St John,Kolga-Jaani,Estonia core/west,North Estonian,viP,jaanikene,4,1,jaanikene (4),jaanikene (4),little John (4)
3,John / Jaan / Jussi / Hans,Jaan/Jaani,Kolga-Jaani,Estonia core/west,North Estonian,viP,jaanikutuli,3,1,jaanikutuli (3),jaanikutulele (3),to Jaan's bonfire (3)
3,John / Jaan / Jussi / Hans,John/St John,Kolga-Jaani,Estonia core/west,North Estonian,viP,jaanik,2,1,jaanik (2),jaaniku (2),St. John's (2)
3,John / Jaan / Jussi / Hans,Juhan,Kolga-Jaani,Estonia core/west,North Estonian,viP,Juhan,2,1,Juhan (2),Juhan (2),Juhan (2)
3,John / Jaan / Jussi / Hans,Hans,Kolga-Jaani,Estonia core/west,North Estonian,viP,Hants,1,1,Hants (1),Hantsu (1),Hans (name) (1)
3,John / Jaan / Jussi / Hans,Hans,Kolga-Jaani,Estonia core/west,North Estonian,viP,hantsuke,1,1,hantsukene (1),hantsukene (1),little Hans (1)
3,John / Jaan / Jussi / Hans,Jaan/Jaani,Kolga-Jaani,Estonia core/west,North Estonian,viP,Jaanike,1,1,Jaanikene (1),Jaanikene (1),dear Jaan (1)
3,John / Jaan / Jussi / Hans,Jaan/Jaani,Kolga-Jaani,Estonia core/west,North Estonian,viP,Kolga-Jaani,1,1,Kolgajaani (1),Kolgajaani (1),to Kolga-Jaani (1)
3,John / Jaan / Jussi / Hans,Jaan/Jaani,Kolga-Jaani,Estonia core/west,North Estonian,viP,jaanikivi,1,1,jaanipae (1),jaanikivi (1),Jaan's stone (1)
3,John / Jaan / Jussi / Hans,John/St John,Kolga-Jaani,Estonia core/west,North Estonian,viP,Jaanike,1,1,Jaanikene (1),Jaanikene (1),Little John (1)
3,John / Jaan / Jussi / Hans,John/St John,Kolga-Jaani,Estonia core/west,North Estonian,viP,Jaanituli,1,1,Jaanituli (1),Jaanitules (1),of St. John's fire (1)
3,John / Jaan / Jussi / Hans,John/St John,Kolga-Jaani,Estonia core/west,North Estonian,viP,jaan,1,1,jaanikene (1),jaanikene (1),Little John (1)
3,John / Jaan / Jussi / Hans,John/St John,Kolga-Jaani,Estonia core/west,North Estonian,viP,jaanik & tuli,1,1,jaanik & tuli (1),jaanikutulele (1),to the St. John's fire (1)
3,John / Jaan / Jussi / Hans,John/St John,Kolga-Jaani,Estonia core/west,North Estonian,viP,jaanike,1,1,jaanikene (1),jaanikene (1),little John (1)
3,John / Jaan / Jussi / Hans,John/St John,Kolga-Jaani,Estonia core/west,North Estonian,viP,jaanilill,1,1,jaanilill (1),jaanililledega (1),with St. John's flowers (1)
3,John / Jaan / Jussi / Hans,Jussi,Kontiolahti,Finland/Savo-Karelia,Finnish,su,Jussi,4,3,Jussi (4),Jussi (4),Jussi (4)
3,John / Jaan / Jussi / Hans,John/St John,Kontiolahti,Finland/Savo-Karelia,Finnish,su,Johannes,1,1,Juhana (1),Juhana (1),John (1)
3,John / Jaan / Jussi / Hans,Jussi,Kontiolahti,Finland/Savo-Karelia,Finnish,su,Jussi sanoo,1,1,Jussi-sanoa (1),Jussi sanoo (1),Jussi says (1)
3,John / Jaan / Jussi / Hans,Jussi,Kontokki,East Karelia/Veps/Tver,Karelian Proper,ka,Jussi,1,1,Jussi (1),Jussi (1),Jussi (1)
3,John / Jaan / Jussi / Hans,Jussi,Koprina,Ingria,Finnish,su,Jussi,1,1,Jussi (1),Jussi (1),Jussi (1)
3,John / Jaan / Jussi / Hans,Jussi,Korpilahti,Finland/Savo-Karelia,Finnish,su,Jussi,2,1,Jussi (2),Jussi (2),Jussi (2)
3,John / Jaan / Jussi / Hans,Jussi,Korpiselkä,East Karelia/Veps/Tver,Karelian Proper,ka,Jussi,1,1,Jussi (1),Jussi (1),Jussi (1)
3,John / Jaan / Jussi / Hans,Hans,Kose,Estonia core/west,North Estonian,viP,Hans,18,9,Hans (17); Hansu (1),Hans (8); Hansule (4); Hansu (3); Hansuke (1); Hansuga (1); Hansul (1),Hans (9); to Hans (4); Hans' (2); little Hans (1); with Hans (1); Hans (name) (1)
3,John / Jaan / Jussi / Hans,Ants,Kose,Estonia core/west,North Estonian,viP,Ants,8,5,Ants (8),Ants (7); Ansu (1),Ants (7); Ants's (1)
3,John / Jaan / Jussi / Hans,Jaan/Jaani,Kose,Estonia core/west,North Estonian,viP,Jaan,6,4,Jaan (5); Jaani (1),Jaani (3); Jaan (2); Joani (1),Jaan's (4); Jaan (2)
3,John / Jaan / Jussi / Hans,John/St John,Kose,Estonia core/west,North Estonian,viP,jaanikann,4,2,jaanikann (3); joanikann (1),jaanikannid (4),St. John's pitchers (3); St. John's herbs (1)
3,John / Jaan / Jussi / Hans,Hans,Kose,Estonia core/west,North Estonian,viP,Hansupoeg,3,1,Hansusohn (3),Hansusohn (3),Hans's son (3)
3,John / Jaan / Jussi / Hans,John/St John,Kose,Estonia core/west,North Estonian,viP,Joan,2,1,Joanikene (2),Joanikene (2),little John (2)
3,John / Jaan / Jussi / Hans,John/St John,Kose,Estonia core/west,North Estonian,viP,jaanipäev,2,2,joanipäev (1); jaanipää (1),jaanipäeva (1); Jaanipäeva (1),St. John's (2)
3,John / Jaan / Jussi / Hans,Jussi,Kose,Estonia core/west,North Estonian,viP,Juss,2,1,Jüssi (1); Jussi (1),Jüssi (1); Jussi (1),Jussi (2)
3,John / Jaan / Jussi / Hans,Hans,Kose,Estonia core/west,North Estonian,viP,hans,1,1,hans (1),hansul (1),at Hans' (1)
3,John / Jaan / Jussi / Hans,John/St John,Kose,Estonia core/west,North Estonian,viP,Jaan,1,1,Jaan (1),Joani (1),John's (1)
3,John / Jaan / Jussi / Hans,John/St John,Kose,Estonia core/west,North Estonian,viP,Jaanike,1,1,joanikene (1),Jaanikene (1),Little John (1)
3,John / Jaan / Jussi / Hans,John/St John,Kose,Estonia core/west,North Estonian,viP,Jaanikene,1,1,Joanikene (1),Joanikene (1),Little John (1)
3,John / Jaan / Jussi / Hans,Jussi,Koski Hl.,Finland/Savo-Karelia,Finnish,su,Jussi,4,4,Jussi (4),Jussi (3); Jussille (1),Jussi (3); to-Jussi (1)
3,John / Jaan / Jussi / Hans,Jussi,Koski Tl.,Finland/Savo-Karelia,Finnish,su,Jussi,1,1,Jussi (1),Jussi (1),Jussi (1)
3,John / Jaan / Jussi / Hans,Jussi,Kuhmo,Finland/Savo-Karelia,Finnish,su,Jussi,1,1,Jussi (1),Jussi (1),Jussi (1)
3,John / Jaan / Jussi / Hans,Jussi,Kuhmoinen,Finland/Savo-Karelia,Finnish,su,Jussi,2,1,Jussi (2),Jussi (2),Jussi (2)
3,John / Jaan / Jussi / Hans,Jaan/Jaani,Kullamaa,Estonia core/west,North Estonian,viP,Jaan,3,3,Jaan (3),Jaan (3),Jaan (3)
3,John / Jaan / Jussi / Hans,Ants,Kullamaa,Estonia core/west,North Estonian,viP,Ants,2,2,Ants (2),Ants (2),Ants (2)
3,John / Jaan / Jussi / Hans,John/St John,Kullamaa,Estonia core/west,North Estonian,viP,Jaanike,2,2,Jaanikene (2),Jaanikene (2),Little John (2)
3,John / Jaan / Jussi / Hans,Hans,Kullamaa,Estonia core/west,North Estonian,viP,Hans,1,1,Hans (1),Hans (1),Hans (1)
3,John / Jaan / Jussi / Hans,Jaan/Jaani,Kullamaa,Estonia core/west,North Estonian,viP,Harju-Jaani,1,1,Harju-Jaani (1),Harju-Jaani (1),Harju-Jaani (place) (1)
3,John / Jaan / Jussi / Hans,John/St John,Kullamaa,Estonia core/west,North Estonian,viP,jaanike,1,1,jaanikene (1),Jaanikene (1),Little John (1)
3,John / Jaan / Jussi / Hans,Jussi,Kuopio,Finland/Savo-Karelia,Finnish,su,Jussi,1,1,Jussi (1),Jussi (1),Jussi (1)
3,John / Jaan / Jussi / Hans,John/St John,Kupanitsa,Ingria,Finnish,su,Johannes,1,1,Johannan (1),Johanan (1),John's (1)
3,John / Jaan / Jussi / Hans,Jussi,Kurikka,Finland/Savo-Karelia,Finnish,su,Jussi,1,1,Jussi (1),Jussin (1),Jussi's (1)
3,John / Jaan / Jussi / Hans,Jussi,Kurkijoki,Finland/Savo-Karelia,Finnish,su,Jussi,1,1,Jussi (1),Jussi (1),Jussi (1)
3,John / Jaan / Jussi / Hans,Hans,Kursi,Estonia core/west,North Estonian,viP,Hans,1,1,Hans (1),Hans (1),Hans (1)
3,John / Jaan / Jussi / Hans,Hans,Kursi,Estonia core/west,North Estonian,viP,Hansuke,1,1,Hansukene (1),Hansuke (1),little Hans (1)
3,John / Jaan / Jussi / Hans,Jaan/Jaani,Kursi,Estonia core/west,North Estonian,viP,Jaan,1,1,Jaan (1),Jaani (1),Jaan's (1)
3,John / Jaan / Jussi / Hans,John/St John,Kursi,Estonia core/west,North Estonian,viP,Jaan,1,1,Jaan (1),Jaan (1),John (1)
3,John / Jaan / Jussi / Hans,John/St John,Kursi,Estonia core/west,North Estonian,viP,Jaanipäev,1,1,jaanipää (1),Jaanipäev (1),St. John's Head (1)
3,John / Jaan / Jussi / Hans,John/St John,Kursi,Estonia core/west,North Estonian,viP,jaan,1,1,jaan (1),jaani (1),John's (1)
3,John / Jaan / Jussi / Hans,Juhan,Kursi,Estonia core/west,North Estonian,viP,Juhan,1,1,Juhan (1),Juhan (1),Juhan (1)
3,John / Jaan / Jussi / Hans,Jussi,Kursi,Estonia core/west,North Estonian,viP,Juss,1,1,Jussi (1),Jussi (1),Jussi (1)
3,John / Jaan / Jussi / Hans,Jaan/Jaani,Kuusalu,Estonia core/west,North Estonian,viP,Jaan,14,8,Jaan (8); jaan (6),Jaan (10); Jaani (3); Jaanilt (1),Jaan (10); Jaan's (1); of Jaan (1); from Jaan (1); Jaani (1)
3,John / Jaan / Jussi / Hans,Ants,Kuusalu,Estonia core/west,North Estonian,viP,Ants,9,5,Ants (8); Antsu (1),Ants (6); Antsu (3),Ants (6); Ants's (3)
3,John / Jaan / Jussi / Hans,Jaan/Jaani,Kuusalu,Estonia core/west,North Estonian,viP,Jaani,4,1,jaani (4),Jaani (4),Jaan (3); Jaan's (1)
3,John / Jaan / Jussi / Hans,Hans,Kuusalu,Estonia core/west,North Estonian,viP,Hans,3,2,Hans (2); Hantsu (1),Hansu (2); Hans (1),Hans's (2); Hans (1)
3,John / Jaan / Jussi / Hans,John/St John,Kuusalu,Estonia core/west,North Estonian,viP,jaanilill,3,2,jaanilill (3),jaanililled (3),St.John's flowers (2); St. John's flowers (1)
3,John / Jaan / Jussi / Hans,John/St John,Kuusalu,Estonia core/west,North Estonian,viP,Jaan,2,2,Jaani (2),Jaani (1); Jaan (1),John's (1); John (1)
3,John / Jaan / Jussi / Hans,John/St John,Kuusalu,Estonia core/west,North Estonian,viP,jaanikene,2,2,jaanikene (2),jaanikene (1); jaanikessed (1),little John (1); St. John's worts (1)
3,John / Jaan / Jussi / Hans,Jaan/Jaani,Kuusalu,Estonia core/west,North Estonian,viP,Jaanideni,1,1,Jaanidani (1),Jaanideni (1),up to Jaan (1)
3,John / Jaan / Jussi / Hans,Jaan/Jaani,Kuusalu,Estonia core/west,North Estonian,viP,Tua-Jaani,1,1,Tua-Jaani (1),Tua-Jaani (1),Tua-Jaani's (1)
3,John / Jaan / Jussi / Hans,Jaan/Jaani,Kuusalu,Estonia core/west,North Estonian,viP,jaan,1,1,jaan (1),jaani (1),Jaan's (1)
3,John / Jaan / Jussi / Hans,John/St John,Kuusalu,Estonia core/west,North Estonian,viP,jaanike,1,1,jaanikene (1),jaanikene (1),Little John (1)
3,John / Jaan / Jussi / Hans,John/St John,Kuusalu,Estonia core/west,North Estonian,viP,jaanipäev,1,1,arjujaani (1),arjujaani (1),St. John's bellowing (1)
3,John / Jaan / Jussi / Hans,Jussi,Kuusamo,Finland/Savo-Karelia,Finnish,su,Jussi,3,1,Jussi (3),Jussin (2); Jussi (1),Jussi's (2); Jussi (1)
3,John / Jaan / Jussi / Hans,Hans,Kymi,Finland/Savo-Karelia,Finnish,su,Hans,1,1,Hanssu (1),Hanssu (1),Hans (1)
3,John / Jaan / Jussi / Hans,Ants,Käina,Estonia core/west,North Estonian,viP,Ants,1,1,Ants (1),Ants (1),Ants (1)
3,John / Jaan / Jussi / Hans,John/St John,Käina,Estonia core/west,North Estonian,viP,hannes,1,1,hans (1),hans (1),John (1)
3,John / Jaan / Jussi / Hans,Juhan,Käina,Estonia core/west,North Estonian,viP,Juhan,1,1,Juhan (1),Juhan (1),Juhan (1)
3,John / Jaan / Jussi / Hans,Jussi,Kärkölä,Finland/Savo-Karelia,Finnish,su,Jussi,2,2,Jussi (2),Jussi (2),Jussi (2)
3,John / Jaan / Jussi / Hans,Ants,Kärla,Estonia core/west,North Estonian,viP,Ants,1,1,Ants (1),Ants (1),Ants (1)
3,John / Jaan / Jussi / Hans,Jussi,Kärsämäki,Finland/Savo-Karelia,Finnish,su,Jussi,3,2,Jussi (3),Jussi (1); Jussiin (1); Jussista (1),Jussi (3)
3,John / Jaan / Jussi / Hans,Hans,Kõpu,Estonia core/west,North Estonian,viP,Hans,7,4,Hans (7),Hansu (4); Hans (2); Hansul (1),Hans (4); Hans's (1); Hans' (1); on Hans (1)
3,John / Jaan / Jussi / Hans,Jaan/Jaani,Kõpu,Estonia core/west,North Estonian,viP,Jaan,3,1,Jaan (2); Jaanike (1),Jaan (1); Jaanike (1); Jaani (1),Jaan (1); little Jaan (1); Jaan's (1)
3,John / Jaan / Jussi / Hans,John/St John,Kõpu,Estonia core/west,North Estonian,viP,jaanike,1,1,jaanikene (1),jaanikene (1),Little John (1)
3,John / Jaan / Jussi / Hans,Jussi,Lahti,Finland/Savo-Karelia,Finnish,su,Jussi,4,2,Jussi (4),Jussi (4),Jussi (4)
3,John / Jaan / Jussi / Hans,Jussi,Laihia,Finland/Savo-Karelia,Finnish,su,Jussi,3,3,Jussi (3),Jussi (3),Jussi (3)
3,John / Jaan / Jussi / Hans,Jussi,Laitila,Finland/Savo-Karelia,Finnish,su,Jussi,2,2,Jussi (2),Jussi (2),Jussi (2)
3,John / Jaan / Jussi / Hans,Ants,Laiuse,Estonia core/west,North Estonian,viP,Ants,6,4,Ants (6),Ants (2); Ansu (1); Antsulegi (1); Antsu (1); Antsuga (1),Ants (3); Ants's (1); To Ants (1); with Ants (1)
3,John / Jaan / Jussi / Hans,Hans,Laiuse,Estonia core/west,North Estonian,viP,Hans,5,4,Hans (5),Hans (4); Hansu (1),Hans (4); Hans's (1)
3,John / Jaan / Jussi / Hans,John/St John,Laiuse,Estonia core/west,North Estonian,viP,Jaan,4,4,Jaan (4),Jaani (3); Jaan (1),John's (2); to John (1); John (1)
3,John / Jaan / Jussi / Hans,Jaan/Jaani,Laiuse,Estonia core/west,North Estonian,viP,Jaan,2,1,Jaani (1); Jaan (1),Jaani (1); Jaan (1),Jaan's (1); Jaan (1)
3,John / Jaan / Jussi / Hans,John/St John,Laiuse,Estonia core/west,North Estonian,viP,Jaanike,2,1,Jaanikene (2),Jaanikene (2),Little John (2)
3,John / Jaan / Jussi / Hans,Ants,Laiuse,Estonia core/west,North Estonian,viP,Antsulegi,1,1,Antsu+le+gi (1),Antsulegi (1),to Ants also (1)
3,John / Jaan / Jussi / Hans,Jaan/Jaani,Laiuse,Estonia core/west,North Estonian,viP,Jaanike,1,1,Jaanikene (1),Jaanikene (1),dear Jaan (1)
3,John / Jaan / Jussi / Hans,Jussi,Laiuse,Estonia core/west,North Estonian,viP,tuhkajuss,1,1,tuhkajussi (1),tuhkajussi (1),ash-Jussi (1)
3,John / Jaan / Jussi / Hans,Jussi,Lapinlahti,Finland/Savo-Karelia,Finnish,su,Jussi,1,1,Jussi (1),Jussin (1),Jussi's (1)
3,John / Jaan / Jussi / Hans,Jussi,Lappajärvi,Finland/Savo-Karelia,Finnish,su,Jussi,1,1,Jussi (1),Jussi (1),Jussi (1)
3,John / Jaan / Jussi / Hans,Jussi,Lappee,Finland/Savo-Karelia,Finnish,su,Jussi,1,1,Jussi (1),Jussi (1),Jussi (1)
3,John / Jaan / Jussi / Hans,Jussi,Lapua,Finland/Savo-Karelia,Finnish,su,Jussi,7,6,Jussi (7),Jussi (6); Jussin (1),Jussi (6); Jussi's (1)
3,John / Jaan / Jussi / Hans,Jussi,Lapväärtti,Finland/Savo-Karelia,Outside selected Finnic areas,ru,Jussi,1,1,Jussi (1),Jussi (1),Jussi (1)
3,John / Jaan / Jussi / Hans,John/St John,Lavansaari,Finland/Savo-Karelia,Finnish,su,jaani (dial.),1,1,jaanikki (1),Jaanikkeni (1),my little John (1)
3,John / Jaan / Jussi / Hans,Jussi,Lehtimäki,Finland/Savo-Karelia,Finnish,su,Jussi,1,1,Jussi (1),Jussi (1),Jussi (name) (1)
3,John / Jaan / Jussi / Hans,Jussi,Lempaala,Finland/Savo-Karelia,Finnish,su,Jussi,3,2,Jussi (3),Jussi (3),Jussi (2); Jussi (diminutive) (1)
3,John / Jaan / Jussi / Hans,Jussi,Leppävirta,Finland/Savo-Karelia,Finnish,su,Jussi,7,6,Jussi (7),Jussi (6); Jussin (1),Jussi (6); Jussi's (1)
3,John / Jaan / Jussi / Hans,Jussi,Leppävirta,Finland/Savo-Karelia,Finnish,su,juottaa-Jussi,1,1,juortaa-neen-jussi (1),Juortaneen-Jussi (1),Jussi the Drinker (1)
3,John / Jaan / Jussi / Hans,Jaan/Jaani,Lihula,Estonia core/west,North Estonian,viP,Jaan,6,1,Jaan (6),Jaan (6),Jaan (6)
3,John / Jaan / Jussi / Hans,Jussi,Liissilä,Ingria,Finnish,su,Jussi,2,1,Jussi (2),Jussi (2),Jussi (2)
3,John / Jaan / Jussi / Hans,John/St John,Liissilä,Ingria,Finnish,su,Juhana,1,1,Juhana (1),Juhanan (1),John's (1)
3,John / Jaan / Jussi / Hans,Jussi,Liperi,Finland/Savo-Karelia,Finnish,su,Jussi,1,1,Jussi (1),Jussi (1),Jussi (1)
3,John / Jaan / Jussi / Hans,Jussi,Loppi,Finland/Savo-Karelia,Finnish,su,Jussi,1,1,Jussi (1),Jussi (1),Jussi (1)
3,John / Jaan / Jussi / Hans,Jussi,Lumivaara,Finland/Savo-Karelia,Finnish,su,talo+jussi,2,1,talo(n)+jussi (2),talonjussi (2),house Jussi (2)
3,John / Jaan / Jussi / Hans,Jussi,Lumivaara,Finland/Savo-Karelia,Finnish,su,Jussi,1,1,Jussi (1),Jussi (1),Jussi (1)
3,John / Jaan / Jussi / Hans,Jussi,Lumivaara,Finland/Savo-Karelia,Finnish,su,Sipro-Jussi,1,1,Sipro-Jussi (1),Sipro-Jussi (1),Sipro-Jussi (1)
3,John / Jaan / Jussi / Hans,Jussi,Luopioinen,Finland/Savo-Karelia,Finnish,su,Jussi,4,4,Jussi (4),Jussi (3); Jussin (1),Jussi (3); Jussi's (1)
3,John / Jaan / Jussi / Hans,Jussi,Luumäki,Finland/Savo-Karelia,Finnish,su,suutari-Jussi,1,1,suutari-Jussi (1),suutari-Jussi (1),Shoemaker-Jussi (1)
3,John / Jaan / Jussi / Hans,Jussi,Luvia,Finland/Savo-Karelia,Finnish,su,Jussi,1,1,Jussi (1),Jussi (1),Jussi (1)
3,John / Jaan / Jussi / Hans,Jussi,Längelmäki,Finland/Savo-Karelia,Finnish,su,Jussi,1,1,Jussi (1),Jussi (1),Jussi (1)
3,John / Jaan / Jussi / Hans,Ants,Lääne-Nigula,Estonia core/west,North Estonian,viP,Ants,4,2,Ants (4),Antsul (2); Ants (1); Antsule (1),Ants (3); Ants (name) (1)
3,John / Jaan / Jussi / Hans,Ants,Lüganuse,Estonia core/west,North Estonian,viP,Ants,4,3,Ants (3); Antsu (1),Ants (3); Antsu (1),Ants (3); Ants's (1)
3,John / Jaan / Jussi / Hans,John/St John,Lüganuse,Estonia core/west,North Estonian,viP,Jaan,2,2,Jaanikene (1); Jaan (1),Jaanikene (1); Jaan (1),little John (1); John (1)
3,John / Jaan / Jussi / Hans,Hans,Lüganuse,Estonia core/west,North Estonian,viP,Hans,1,1,Hans (1),Hans (1),Hans (1)
3,John / Jaan / Jussi / Hans,Jaan/Jaani,Lüganuse,Estonia core/west,North Estonian,viP,Jaan,1,1,Jaan (1),Jaan (1),Jaan (1)
3,John / Jaan / Jussi / Hans,Jussi,Maaninka,Finland/Savo-Karelia,Finnish,su,Jussi,3,2,Jussi (3),Jussi (3),Jussi (3)
3,John / Jaan / Jussi / Hans,Jaan/Jaani,Maarja-Magdaleena,Estonia core/west,North Estonian,viP,Jaan,2,2,Jaan (2),jaanikene (1); Jaan (1),little Jaan (1); Jaan (1)
3,John / Jaan / Jussi / Hans,John/St John,Maarja-Magdaleena,Estonia core/west,North Estonian,viP,Jaan,2,2,Jaan (2),Jaani (2),John's (2)
3,John / Jaan / Jussi / Hans,Hans,Maarja-Magdaleena,Estonia core/west,North Estonian,viP,Hans,1,1,Hans (1),Hansu (1),Hans's (1)
3,John / Jaan / Jussi / Hans,Juhan,Maarja-Magdaleena,Estonia core/west,North Estonian,viP,Juhan,1,1,Juhan (1),Juhan (1),Juhan (1)
3,John / Jaan / Jussi / Hans,John/St John,Martna,Estonia core/west,North Estonian,viP,Jaan,8,1,Jaan (8),Jaan (8),John (8)
3,John / Jaan / Jussi / Hans,Jaan/Jaani,Martna,Estonia core/west,North Estonian,viP,Jaan,2,2,Jaan (2),Jaani (1); Jaan (1),Jaan's (1); Jaan (1)
3,John / Jaan / Jussi / Hans,Jaan/Jaani,Martna,Estonia core/west,North Estonian,viP,jaanike,2,1,jaanikene (2),jaanikene (2),little Jaan (2)
3,John / Jaan / Jussi / Hans,Jaan/Jaani,Martna,Estonia core/west,North Estonian,viP,jaan,1,1,jaanikene (1),jaanikene (1),Little Jaan (1)
3,John / Jaan / Jussi / Hans,John/St John,Martna,Estonia core/west,North Estonian,viP,Jaanikene,1,1,Jaanikene (1),Jaanikene (1),Little John (1)
3,John / Jaan / Jussi / Hans,John/St John,Martna,Estonia core/west,North Estonian,viP,jaanikann,1,1,jaanikann (1),jaanikannid (1),St. John's pots (1)
3,John / Jaan / Jussi / Hans,Jussi,Marttila,Finland/Savo-Karelia,Finnish,su,Jussi,2,1,Jussi (2),Jussi (2),Jussi (2)
3,John / Jaan / Jussi / Hans,Jussi,Masku,Finland/Savo-Karelia,Finnish,su,Jussi,2,1,Jussi (2),Jussin (1); Jussi (1),Jussi's (1); Jussi (1)
3,John / Jaan / Jussi / Hans,Jussi,Merikarvia,Finland/Savo-Karelia,Outside selected Finnic areas,ru,Jussi,1,1,Jussi (1),Jussi (1),Jussi (1)
3,John / Jaan / Jussi / Hans,Jussi,Merimasku,Finland/Savo-Karelia,Finnish,su,Jussi,1,1,Jussi (1),Jussi (1),Jussi (1)
3,John / Jaan / Jussi / Hans,Jussi,Messukylä,Finland/Savo-Karelia,Finnish,su,Jussi,1,1,Jussi (1),Jussi (1),Jussi (1)
3,John / Jaan / Jussi / Hans,Jussi,Metsäpirtti,Finland/Savo-Karelia,Finnish,su,Jussi,1,1,Jussi (1),Jussi (1),Jussi (1)
3,John / Jaan / Jussi / Hans,Jussi,Mietoinen,Finland/Savo-Karelia,Finnish,su,Jussi,1,1,Jussi (1),Jussi (1),Jussi (1)
3,John / Jaan / Jussi / Hans,Jaan/Jaani,Mihkli,Estonia core/west,North Estonian,viP,Jaan,8,3,Jaan (8),Jaan (5); Jaani (3),Jaan (6); Jaan's (2)
3,John / Jaan / Jussi / Hans,John/St John,Mihkli,Estonia core/west,North Estonian,viP,Jaan,3,1,Jaan (2); Jaanike (1),Jaan (2); Jaanike (1),John (2); Little John (1)
3,John / Jaan / Jussi / Hans,Hans,Mihkli,Estonia core/west,North Estonian,viP,Hans,2,2,Hans (2),Hansu (1); Hans (1),Hans's (1); Hans (1)
3,John / Jaan / Jussi / Hans,Ants,Mihkli,Estonia core/west,North Estonian,viP,Ants,1,1,Ants (1),Ants (1),Ants (1)
3,John / Jaan / Jussi / Hans,Hans,Mihkli,Estonia core/west,North Estonian,viP,hans,1,1,hans (1),Hans (1),Hans (1)
3,John / Jaan / Jussi / Hans,Hans,Mihkli,Estonia core/west,North Estonian,viP,hans (from Hans) + -ke,1,1,hansuke (1),hansuke (1),little Hans (1)
3,John / Jaan / Jussi / Hans,Hans,Mihkli,Estonia core/west,North Estonian,viP,hansuke,1,1,hansukene (1),hansukene (1),little Hans (1)
3,John / Jaan / Jussi / Hans,Jussi,Moloskovitsa,Ingria,Finnish,su,Jussi,1,1,Jussi (1),Jussin (1),Jussi's (1)
3,John / Jaan / Jussi / Hans,Jussi,Mouhijärvi,Finland/Savo-Karelia,Finnish,su,Jussi,3,3,Jussi (3),Jussi (2); Jussia (1),Jussi (3)
3,John / Jaan / Jussi / Hans,Jussi,Muhos,Finland/Savo-Karelia,Finnish,su,Jussi,1,1,Jussi (1),Jussi (1),Jussi (1)
3,John / Jaan / Jussi / Hans,Jaan/Jaani,Muhu,Estonia core/west,North Estonian,viP,Jaan,15,9,Jaan (13); jaen (1); Juan (1),Jaani (9); Jaan (6),Jaan (6); Jaani's (4); Jaani (2); Jaan's (2); Jaan's (Midsummer) (1)
3,John / Jaan / Jussi / Hans,John/St John,Muhu,Estonia core/west,North Estonian,viP,Jaan,15,4,Jaan (6); joan (5); juan (3); jaan (1),Jaan (11); Jaani (2); Juan (2),John (14); John's (1)
3,John / Jaan / Jussi / Hans,Ants,Muhu,Estonia core/west,North Estonian,viP,Ants,1,1,Ants (1),Antsu (1),Ants's (1)
3,John / Jaan / Jussi / Hans,Ants,Muhu,Estonia core/west,North Estonian,viP,Antsuke,1,1,Antsukene (1),Antsukene (1),little Ants (1)
3,John / Jaan / Jussi / Hans,Hans,Muhu,Estonia core/west,North Estonian,viP,hans,1,1,hansuke (1),hansuke (1),Hans (1)
3,John / Jaan / Jussi / Hans,Jaan/Jaani,Muhu,Estonia core/west,North Estonian,viP,Jaanilt,1,1,jaanilta (1),Jaanilt (1),from Jaan (1)
3,John / Jaan / Jussi / Hans,Jaan/Jaani,Muhu,Estonia core/west,North Estonian,viP,jaanike,1,1,jaanikene (1),jaanikene (1),little Jaan (1)
3,John / Jaan / Jussi / Hans,John/St John,Muhu,Estonia core/west,North Estonian,viP,jaanike,1,1,jaanikene (1),Jaanikene (1),Little John (1)
3,John / Jaan / Jussi / Hans,John/St John,Muhu,Estonia core/west,North Estonian,viP,jaanikene,1,1,juanikene (1),Juanikene (1),Little John (1)
3,John / Jaan / Jussi / Hans,Juhan,Muhu,Estonia core/west,North Estonian,viP,Juhan,1,1,Juagu (1),Juhan (1),Juhan (1)
3,John / Jaan / Jussi / Hans,Juhan,Muhu,Estonia core/west,North Estonian,viP,juhanikene,1,1,juanikene (1),juhanikene (1),little Juhan (1)
3,John / Jaan / Jussi / Hans,Jussi,Muolaa,Finland/Savo-Karelia,Finnish,su,Jussi,5,4,Jussi (5),Jussi (5),Jussi (4); Jussi (John) (1)
3,John / Jaan / Jussi / Hans,Ants,Mustjala,Estonia core/west,North Estonian,viP,Ants,7,4,Ants (7),Ants (4); Antsu (2); Antsul (1),Ants (4); Ants's (2); at Ants (1)
3,John / Jaan / Jussi / Hans,Jaan/Jaani,Mustjala,Estonia core/west,North Estonian,viP,Jaan,2,2,Jaan (2),Jaani (2),Jaan's (1); of Jaan (1)
3,John / Jaan / Jussi / Hans,John/St John,Mustjala,Estonia core/west,North Estonian,viP,Jaan,1,1,Jaan (1),Jaani (1),John's (1)
3,John / Jaan / Jussi / Hans,Jussi,Mustjala,Estonia core/west,North Estonian,viP,Jussi,1,1,Jussi (1),Jussi (1),Jussi (1)
3,John / Jaan / Jussi / Hans,Jussi,Muurla,Finland/Savo-Karelia,Finnish,su,Jussi,17,11,Jussi (16); Jusu (1),Jussi (14); Jussin (2); Jussu (1),Jussi (15); Jussi's (2)
3,John / Jaan / Jussi / Hans,John/St John,Muurla,Finland/Savo-Karelia,Finnish,su,Juhani,2,1,juhani (2),Juhani (2),John (2)
3,John / Jaan / Jussi / Hans,Jussi,Muuruvesi,Finland/Savo-Karelia,Finnish,su,Jussi,3,1,Jussi (3),Jussi (3),Jussi (3)
3,John / Jaan / Jussi / Hans,Jussi,Mynämäki,Finland/Savo-Karelia,Finnish,su,Jussi,8,5,Jussi (8),Jussi (6); Jussin (2),Jussi (6); Jussi's (2)
3,John / Jaan / Jussi / Hans,Jussi,Myrskylä,Finland/Savo-Karelia,Finnish,su,Jussi,1,1,Jussi (1),Jussi (1),Jussi (1)
3,John / Jaan / Jussi / Hans,Jussi,Mäntsälä,Finland/Savo-Karelia,Finnish,su,Jussi,4,4,Jussi (4),Jussi (4),Jussi (4)
3,John / Jaan / Jussi / Hans,Jussi,Mäntyharju,Finland/Savo-Karelia,Finnish,su,Jussi,2,1,Jussi (2),Jussi (2),Jussi (2)
3,John / Jaan / Jussi / Hans,John/St John,Mäntyharju,Finland/Savo-Karelia,Finnish,su,Johannes,1,1,Johannes (1),Johannes (1),John (1)
3,John / Jaan / Jussi / Hans,Jaan/Jaani,Märjamaa,Estonia core/west,North Estonian,viP,Jaan,14,5,Jaan (13); Jaan+ke (1),Jaani (7); Jaan (4); Jaanist (1); Jaanukene (1); Jaanike (1),Jaan's (6); Jaan (5); little Jaan (2); from Jaan (1)
3,John / Jaan / Jussi / Hans,Ants,Märjamaa,Estonia core/west,North Estonian,viP,Ants,9,5,Ants (9),Ants (6); Antsu (2); Antsukene (1),Ants (6); Ants's (2); little Ants (1)
3,John / Jaan / Jussi / Hans,John/St John,Märjamaa,Estonia core/west,North Estonian,viP,Jaan,3,2,Jaan (2); Jaanikene (1),Jaani (1); Jaanikene (1); Jaan (1),John's (1); Dear John (1); John (1)
3,John / Jaan / Jussi / Hans,Jaan/Jaani,Märjamaa,Estonia core/west,North Estonian,viP,tuba_jaan,1,1,toa_jaan (1),Toa-Jaan (1),Toa-Jaan (1)
3,John / Jaan / Jussi / Hans,John/St John,Märjamaa,Estonia core/west,North Estonian,viP,jaanikann,1,1,jaanikannidest (1),jaanikannidest (1),from St. John's mugs (1)
3,John / Jaan / Jussi / Hans,John/St John,Märjamaa,Estonia core/west,North Estonian,viP,jaanilill,1,1,jaanilill (1),jaanililled (1),St. John's flowers (1)
3,John / Jaan / Jussi / Hans,Jussi,Märjamaa,Estonia core/west,North Estonian,viP,Juss,1,1,Juss (1),Jussi (1),Jussi's (1)
3,John / Jaan / Jussi / Hans,Jussi,Nakkila,Finland/Savo-Karelia,Finnish,su,Jussi,2,2,Jussi (2),Jussi (2),Jussi (2)
3,John / Jaan / Jussi / Hans,John/St John,Narvusi,Ingria,Ingrian,in,Iivana,8,4,Iivana (4); Iivaana (3); Ivaana (1),Iivana (8),John (8)
3,John / Jaan / Jussi / Hans,Jaan/Jaani,Narvusi,Ingria,Ingrian,in,Jaakko & Jaani,1,1,iakko & iani (1),Jaakko-Jaani (1),Jaakko-Jaani (1)
3,John / Jaan / Jussi / Hans,John/St John,Narvusi,Ingria,Ingrian,in,Jaakko,1,1,Jaani (1),Jaani (1),John (1)
3,John / Jaan / Jussi / Hans,John/St John,Narvusi,Ingria,Ingrian,in,Juhana,1,1,Juhana (1),Juhana (1),John (1)
3,John / Jaan / Jussi / Hans,John/St John,Narvusi,Ingria,Ingrian,in,Juhani,1,1,Jaani (1),Jaani (1),John (1)
3,John / Jaan / Jussi / Hans,Jussi,Nastola,Finland/Savo-Karelia,Finnish,su,Jussi,1,1,Jussi (1),Jussi (1),Jussi (1)
3,John / Jaan / Jussi / Hans,Jussi,Nilsiä,Finland/Savo-Karelia,Finnish,su,Jussi,4,4,Jussi (3); Jussi+n (1),Jussi (3); Jussin (1),Jussi (3); Jussi's (1)
3,John / Jaan / Jussi / Hans,Jussi,Nilsiä,Finland/Savo-Karelia,Finnish,su,Jussiseta,1,1,Jussiseta (1),Jussiseta (1),Uncle Jussi (1)
3,John / Jaan / Jussi / Hans,John/St John,Nissi,Estonia core/west,North Estonian,viP,jaanike,1,1,jaanikene (1),Jaanikene (1),Little John (1)
3,John / Jaan / Jussi / Hans,Jussi,Noormarkku,Finland/Savo-Karelia,Finnish,su,Jussi,1,1,Jussi (1),Jussi (1),Jussi (1)
3,John / Jaan / Jussi / Hans,Jussi,Nousiainen,Finland/Savo-Karelia,Finnish,su,Jussi,1,1,Jussi (1),Jussin (1),Jussi's (1)
3,John / Jaan / Jussi / Hans,Jussi,Nurmes,Finland/Savo-Karelia,Finnish,su,Jussi,11,10,Jussi (11),Jussi (11),Jussi (11)
3,John / Jaan / Jussi / Hans,Hans,Nurmijärvi,Finland/Savo-Karelia,Finnish,su,Hans,1,1,Hanssu (1),Hansun (1),Hans's (1)
3,John / Jaan / Jussi / Hans,Jaan/Jaani,Nõo,Estonia core/west,South Estonian,viE,Jaan,8,2,Jaan (8),Jaanil (6); Jaani (2),on Jaan (3); at Jaan (3); Jaan's (2)
3,John / Jaan / Jussi / Hans,Ants,Nõo,Estonia core/west,South Estonian,viE,Ants,2,1,Ants (2),Ants (2),Ants (2)
3,John / Jaan / Jussi / Hans,John/St John,Nõo,Estonia core/west,South Estonian,viE,Jaan,1,1,Jaanikene (1),Jaanikene (1),Little John (1)
3,John / Jaan / Jussi / Hans,John/St John,Nõo,Estonia core/west,South Estonian,viE,Jaanikene,1,1,Jaanikene (1),Jaanikene (1),Little John (1)
3,John / Jaan / Jussi / Hans,Jussi,Orimattila,Finland/Savo-Karelia,Finnish,su,Jussi,2,2,Jussi (2),Jussi (2),Jussi (1); Jussi (John) (1)
3,John / Jaan / Jussi / Hans,Hans,Otepää,Estonia core/west,South Estonian,viE,Hans,3,2,Hans (2); hants (1),Hansu (2); Hans (1),Hans's (2); Hans (1)
3,John / Jaan / Jussi / Hans,Jaan/Jaani,Otepää,Estonia core/west,South Estonian,viE,Jaan,3,2,Jaan (3),Jaani (2); Jaan (1),Jaan's (2); Jaan (1)
3,John / Jaan / Jussi / Hans,Ants,Otepää,Estonia core/west,South Estonian,viE,Ants,1,1,Ants (1),Ants (1),Ants (1)
3,John / Jaan / Jussi / Hans,Jaan/Jaani,Otepää,Estonia core/west,South Estonian,viE,Kontjaan,1,1,Kontjaan (1),Kont Jaan (1),Kont-Jaan (1)
3,John / Jaan / Jussi / Hans,John/St John,Otepää,Estonia core/west,South Estonian,viE,Jaan,1,1,Jaanikene (1),Jaanikene (1),Little John (1)
3,John / Jaan / Jussi / Hans,John/St John,Otepää,Estonia core/west,South Estonian,viE,Jaanikene,1,1,Jaanikene (1),Jaanikene (1),Little John (1)
3,John / Jaan / Jussi / Hans,John/St John,Otepää,Estonia core/west,South Estonian,viE,jaan,1,1,jaanikene (1),jaanikene (1),Little John (1)
3,John / Jaan / Jussi / Hans,John/St John,Otepää,Estonia core/west,South Estonian,viE,jaanike,1,1,jaanikene (1),jaanikene (1),Little John (1)
3,John / Jaan / Jussi / Hans,Juhan,Otepää,Estonia core/west,South Estonian,viE,Juhan,1,1,Juhan (1),Juhan (1),Juhan (1)
3,John / Jaan / Jussi / Hans,Jussi,Oulu,Finland/Savo-Karelia,Finnish,su,kuiva & Jussi,1,1,kuiva & Jussi (1),Kuiva-Jussi (1),Dry-Jussi (1)
3,John / Jaan / Jussi / Hans,Jussi,Paavola,Finland/Savo-Karelia,Finnish,su,Jussi,2,1,Jussi (2),Jussi (2),Jussi (2)
3,John / Jaan / Jussi / Hans,Juhan,Paide,Estonia core/west,North Estonian,viP,Juhan,9,1,Juhan (9),Juhan (6); Juhanist (1); Juhani (1); Juhanile (1),Juhan (6); of Juhan (1); Juhan's (1); to Juhan (1)
3,John / Jaan / Jussi / Hans,Hans,Paide,Estonia core/west,North Estonian,viP,Hans,5,3,Hans (5),Hans (2); Hansu (2); Hansust (1),Hans (2); Hans's (1); about Hans (1); of Hans (1)
3,John / Jaan / Jussi / Hans,John/St John,Paide,Estonia core/west,North Estonian,viP,jaanikene,1,1,Jaanikene (1),jaanikene (1),Little John (1)
3,John / Jaan / Jussi / Hans,Jussi,Paimio,Finland/Savo-Karelia,Finnish,su,Jussi,2,2,Jussi (2),Jussi (1); Jussin (1),Jussi (1); Jussi's (1)
3,John / Jaan / Jussi / Hans,John/St John,Paimio,Finland/Savo-Karelia,Finnish,su,johanneksen,1,1,johannekses (1),Johanneksesta (1),from John's (1)
3,John / Jaan / Jussi / Hans,John/St John,Paimio,Finland/Savo-Karelia,Finnish,su,johanneksenpäivä,1,1,johanneksenpäivä (1),Johanneksenpäivä (1),John's Day (1)
3,John / Jaan / Jussi / Hans,Jaan/Jaani,Paistu,Estonia core/west,South Estonian,viE,jaan,53,1,jaanike (51); jaanika (2),jaanike (51); jaanika (2),little Jaan (53)
3,John / Jaan / Jussi / Hans,Hans,Paistu,Estonia core/west,South Estonian,viE,Hans,11,5,Hans (11),Hans (4); Hansu (4); Hansust (2); Hansul (1),Hans (6); Hans' (3); to Hans (1); Hans's (1)
3,John / Jaan / Jussi / Hans,John/St John,Paistu,Estonia core/west,South Estonian,viE,Jaan,10,2,Jaan (10),Jaani (5); Jaanil (4); Jaan (1),John's (5); on John (4); John (1)
3,John / Jaan / Jussi / Hans,Jaan/Jaani,Paistu,Estonia core/west,South Estonian,viE,Jaan,5,4,Jaan (3); jaan (1); jaanikene (1),Jaan (2); jaani (1); Jaanist (1); jaanikene (1),Jaan (3); Jaan's (1); Little Jaan (1)
3,John / Jaan / Jussi / Hans,Ants,Paistu,Estonia core/west,South Estonian,viE,Ants,2,2,Ants (1); Antsu (1),Ants (1); Antsu (1),Ants (1); Ants's (1)
3,John / Jaan / Jussi / Hans,John/St John,Paistu,Estonia core/west,South Estonian,viE,jaanike,2,2,jaanikene (2),Jaanikene (2),Little John (2)
3,John / Jaan / Jussi / Hans,Hans,Paistu,Estonia core/west,South Estonian,viE,Hansuke,1,1,Hansukene (1),Hansukesest (1),of little Hans (1)
3,John / Jaan / Jussi / Hans,Jaan/Jaani,Paistu,Estonia core/west,South Estonian,viE,Jaanuke,1,1,Jaanikene (1),Jaanikene (1),little Jaan (1)
3,John / Jaan / Jussi / Hans,Jaan/Jaani,Paistu,Estonia core/west,South Estonian,viE,Jaanukene,1,1,Jaanikene (1),Jaanikene (1),Little Jaan (1)
3,John / Jaan / Jussi / Hans,John/St John,Paistu,Estonia core/west,South Estonian,viE,Jaani,1,1,jaani (1),Jaani (1),John's (1)
3,John / Jaan / Jussi / Hans,John/St John,Paistu,Estonia core/west,South Estonian,viE,Jaanike,1,1,Jaanikene (1),Jaanikene (1),Little John (1)
3,John / Jaan / Jussi / Hans,John/St John,Paistu,Estonia core/west,South Estonian,viE,Johannese,1,1,Juhanes (1),Juhanes (1),John (1)
3,John / Jaan / Jussi / Hans,John/St John,Paistu,Estonia core/west,South Estonian,viE,jaan,1,1,jaanikene (1),jaanikene (1),Little John (1)
3,John / Jaan / Jussi / Hans,John/St John,Paistu,Estonia core/west,South Estonian,viE,jaaninädal,1,1,jaaninädal (1),jaaninädalil (1),John-week-ADE (1)
3,John / Jaan / Jussi / Hans,Juhan,Paistu,Estonia core/west,South Estonian,viE,Juhan,1,1,Juhan (1),Juhan (1),Juhan (1)
3,John / Jaan / Jussi / Hans,Hans,Palamuse,Estonia core/west,North Estonian,viP,Hans,7,3,Hans (7),Hans (5); Hansu (2),Hans (5); Hans' (2)
3,John / Jaan / Jussi / Hans,Jaan/Jaani,Palamuse,Estonia core/west,North Estonian,viP,Jaan,3,2,Jaan (3),Jaan (2); Jaani (1),Jaan (2); Jaan's (1)
3,John / Jaan / Jussi / Hans,John/St John,Palamuse,Estonia core/west,North Estonian,viP,Jaan,1,1,jaanikene (1),jaanikene (1),John (1)
3,John / Jaan / Jussi / Hans,John/St John,Palamuse,Estonia core/west,North Estonian,viP,jaanilill,1,1,jaanilill (1),jaanililled (1),St.John's flowers (1)
3,John / Jaan / Jussi / Hans,John/St John,Paltamo,Finland/Savo-Karelia,Finnish,su,Johannes,1,1,Johannes (1),Johannes (1),John (1)
3,John / Jaan / Jussi / Hans,John/St John,Peetri,Estonia core/west,North Estonian,viP,Jaan,49,5,Jaanike (35); Jaani (7); Jaan (7),Jaanike (35); Jaani (11); Jaanist (2); Jaan (1),little John (35); John's (11); from John (2); John (1)
3,John / Jaan / Jussi / Hans,John/St John,Peetri,Estonia core/west,North Estonian,viP,jaanike,34,1,jaanike (34),jaanike (34),little John (34)
3,John / Jaan / Jussi / Hans,Jaan/Jaani,Peetri,Estonia core/west,North Estonian,viP,Jaan,4,3,Jaan (4),Jaan (2); Jaani (1); Jaanike (1),Jaan (2); Jaani (1); little Jaan (1)
3,John / Jaan / Jussi / Hans,Jaan/Jaani,Peetri,Estonia core/west,North Estonian,viP,jaanike,4,1,jaanike (4),jaanike (4),little Jaan (4)
3,John / Jaan / Jussi / Hans,Ants,Peetri,Estonia core/west,North Estonian,viP,Ants,3,3,Ants (3),Antsu (2); Ants (1),Ants's (2); Ants (1)
3,John / Jaan / Jussi / Hans,Jaan/Jaani,Peetri,Estonia core/west,North Estonian,viP,jaanituli,2,1,jaanistuli (1); jaanituli (1),jaanitulele (1); jaanituld (1),to Jaan's fire (1); Jaan's fire (object) (1)
3,John / Jaan / Jussi / Hans,John/St John,Peetri,Estonia core/west,North Estonian,viP,jaanikene,2,1,jaanikene (2),jaanikene (2),little John (2)
3,John / Jaan / Jussi / Hans,Hans,Peetri,Estonia core/west,North Estonian,viP,Hans,1,1,Hans (1),Hansu (1),Hans's (1)
3,John / Jaan / Jussi / Hans,John/St John,Peetri,Estonia core/west,North Estonian,viP,Jaan & kann,1,1,Jaan & kann (1),jaanikannid (1),St. John's flowers (1)
3,John / Jaan / Jussi / Hans,John/St John,Peetri,Estonia core/west,North Estonian,viP,Jaanipäev,1,1,Jaanipäev (1),Jaanipäe (1),St. John's (1)
3,John / Jaan / Jussi / Hans,John/St John,Peetri,Estonia core/west,North Estonian,viP,jaanikuu,1,1,jaanikuu (1),jaanikuus (1),in St. John's month (1)
3,John / Jaan / Jussi / Hans,Juhan,Peetri,Estonia core/west,North Estonian,viP,Juhan,1,1,Juhan (1),Juhani (1),Juhan's (1)
3,John / Jaan / Jussi / Hans,Jussi,Perho,Finland/Savo-Karelia,Finnish,su,Jussi,1,1,Jussi (1),Jussi (1),Jussi (1)
3,John / Jaan / Jussi / Hans,Jussi,Perniö,Finland/Savo-Karelia,Finnish,su,Jussi,1,1,Jussi (1),Jussi (1),Jussi (1)
3,John / Jaan / Jussi / Hans,Jussi,Pertteli,Finland/Savo-Karelia,Finnish,su,Jussi,3,3,Jussi (3),Jussi (2); Jussin (1),Jussi (2); Jussi's (1)
3,John / Jaan / Jussi / Hans,Jussi,Pielavesi,Finland/Savo-Karelia,Finnish,su,Jussi,4,3,Jussi (4),Jussi (3); Jussin (1),Jussi (3); Jussi's (1)
3,John / Jaan / Jussi / Hans,John/St John,Pielavesi,Finland/Savo-Karelia,Finnish,su,Juhannes,2,1,Juakko (2),Juhannukseen (1); Juhannuksesta (1),into John (1); from John (1)
3,John / Jaan / Jussi / Hans,Jussi,Pielisjärvi,Finland/Savo-Karelia,Finnish,su,Jussi,3,3,Jussi (2); Jussiv (1),Jussin (2); Jussi (1),Jussi's (2); Jussi (1)
3,John / Jaan / Jussi / Hans,Jussi,Pihtipudas,Finland/Savo-Karelia,Finnish,su,Jussi,2,1,Jussi (2),Jussi (2),Jussi (2)
3,John / Jaan / Jussi / Hans,Hans,Pilistvere,Estonia core/west,North Estonian,viP,Hans,6,5,Hans (4); Hansu (1); hansul (1),Hans (3); Hansu (2); Hansule (1),Hans (3); Hans's (2); for Hans (1)
3,John / Jaan / Jussi / Hans,John/St John,Pilistvere,Estonia core/west,North Estonian,viP,Jaanike,5,1,Jaanik (5),Jaaniku (5),Little John (5)
3,John / Jaan / Jussi / Hans,Hans,Pilistvere,Estonia core/west,North Estonian,viP,hansuke,4,3,hansu-kene (2); hansukene (2),hansukene (4),little Hans (4)
3,John / Jaan / Jussi / Hans,John/St John,Pilistvere,Estonia core/west,North Estonian,viP,Jaan,4,3,Jaan (4),Jaan (4),John (4)
3,John / Jaan / Jussi / Hans,Jaan/Jaani,Pilistvere,Estonia core/west,North Estonian,viP,Jaan,3,2,Jaan (2); Jaaniku (1),Jaan (2); Jaaniku (1),Jaan (3)
3,John / Jaan / Jussi / Hans,Ants,Pilistvere,Estonia core/west,North Estonian,viP,Ants,1,1,Ants (1),Ants (1),Ants (1)
3,John / Jaan / Jussi / Hans,Jaan/Jaani,Pilistvere,Estonia core/west,North Estonian,viP,Jaani,1,1,Jaani (1),Jaani (1),Jaani (1)
3,John / Jaan / Jussi / Hans,Jaan/Jaani,Pilistvere,Estonia core/west,North Estonian,viP,Jaanike,1,1,Jaanikene (1),Jaanikene (1),Little Jaan (1)
3,John / Jaan / Jussi / Hans,John/St John,Pilistvere,Estonia core/west,North Estonian,viP,jaan,1,1,jaanikene (1),jaanikene (1),Little John (1)
3,John / Jaan / Jussi / Hans,John/St John,Pilistvere,Estonia core/west,North Estonian,viP,jaanikann,1,1,jaanikann (1),jaanikannid (1),St. John's jugs (plant metaphor) (1)
3,John / Jaan / Jussi / Hans,Jussi,Pilistvere,Estonia core/west,North Estonian,viP,Juss,1,1,Jussi (1),Juss (1),Jussi (1)
3,John / Jaan / Jussi / Hans,Jussi,Pirkkala,Finland/Savo-Karelia,Finnish,su,Jussi,1,1,Jussi (1),Jussi (1),Jussi (1)
3,John / Jaan / Jussi / Hans,Jussi,Pistojärvi,East Karelia/Veps/Tver,Karelian Proper,ka,korpijussi,1,1,korpijussi (1),Korpijussille (1),to Wilds-Jussi (1)
3,John / Jaan / Jussi / Hans,Jussi,Polvijärvi,Finland/Savo-Karelia,Finnish,su,Jussi,1,1,Jussi (1),Jussi (1),Jussi (1)
3,John / Jaan / Jussi / Hans,Jussi,Pomarkku,Finland/Savo-Karelia,Finnish,su,Jussi,2,2,Jussi (2),Jussi (2),Jussi (2)
3,John / Jaan / Jussi / Hans,Jussi,Pori,Finland/Savo-Karelia,Finnish,su,Jussi,2,2,Jussi (2),Jussi (2),Jussi (2)
3,John / Jaan / Jussi / Hans,Jussi,Pudasjärvi,Finland/Savo-Karelia,Finnish,su,Jussi,3,2,Jussi (3),Jussi (3),Jussi (3)
3,John / Jaan / Jussi / Hans,John/St John,Pudasjärvi,Finland/Savo-Karelia,Finnish,su,Jussi,2,1,jussi (2),Jussiin (1); Jussista (1),John (2)
3,John / Jaan / Jussi / Hans,John/St John,Puhja,Estonia core/west,South Estonian,viE,kooli-Jaani,11,1,koolijaani (11),koolijaani (11),school-John's (11)
3,John / Jaan / Jussi / Hans,Jaan/Jaani,Puhja,Estonia core/west,South Estonian,viE,Jaan,6,3,jaani (3); Jaan (3),Jaani (3); Jaan (3),Jaan's (3); Jaan (3)
3,John / Jaan / Jussi / Hans,Hans,Puhja,Estonia core/west,South Estonian,viE,Hans,3,1,Hans (3),Hans (2); Hansu (1),Hans (2); Hans's (1)
3,John / Jaan / Jussi / Hans,John/St John,Puhja,Estonia core/west,South Estonian,viE,Jaan,2,2,Jaan (1); jaani (1),Jaani (1); jaani (1),John's (2)
3,John / Jaan / Jussi / Hans,Ants,Puhja,Estonia core/west,South Estonian,viE,Ants,1,1,Antsu (1),Antsu (1),Ants (1)
3,John / Jaan / Jussi / Hans,Ants,Puhja,Estonia core/west,South Estonian,viE,antsuke,1,1,antsukene (1),antsukene (1),little Ants (1)
3,John / Jaan / Jussi / Hans,Jaan/Jaani,Puhja,Estonia core/west,South Estonian,viE,Jaani,1,1,Jaani (1),Jaani (1),Jaani's (1)
3,John / Jaan / Jussi / Hans,Jaan/Jaani,Puhja,Estonia core/west,South Estonian,viE,kõrtsijaani,1,1,kõrtsijaani (1),kõrtsi-Jaani (1),tavern-Jaani's (1)
3,John / Jaan / Jussi / Hans,Jaan/Jaani,Puhja,Estonia core/west,South Estonian,viE,viinajaani,1,1,viinajaani (1),viina-Jaani (1),wine-Jaani's (1)
3,John / Jaan / Jussi / Hans,Juhan,Puhja,Estonia core/west,South Estonian,viE,Juhan,1,1,Juhan (1),Juhan (1),Juhan (1)
3,John / Jaan / Jussi / Hans,Jussi,Pukkila,Finland/Savo-Karelia,Finnish,su,Kukko-Jussi,1,1,kukkojussi (1),Kukko-Jussi (1),Rooster-Jussi (1)
3,John / Jaan / Jussi / Hans,Jussi,Punkalaidun,Finland/Savo-Karelia,Finnish,su,Jussi,4,4,Jussi (4),Jussi (4),Jussi (4)
3,John / Jaan / Jussi / Hans,Jussi,Pusula,Finland/Savo-Karelia,Finnish,su,Jussi,1,1,Jussi (1),Jussi (1),Jussi (1)
3,John / Jaan / Jussi / Hans,Jussi,Pyhäjärvi Ol.,Finland/Savo-Karelia,Finnish,su,Jussi,4,3,Jussi (4),Jussi (4),Jussi (4)
3,John / Jaan / Jussi / Hans,Jussi,Pyhäjärvi Ul.,Finland/Savo-Karelia,Finnish,su,Jussi,4,3,Jussi (4),Jussin (2); Jussi (2),Jussi's (2); Jussi (2)
3,John / Jaan / Jussi / Hans,Jussi,Pyhäjärvi Ul.,Finland/Savo-Karelia,Finnish,su,kukkojussi,1,1,kukkojussi (1),kukkojussi (1),rooster-Jussi (1)
3,John / Jaan / Jussi / Hans,Jussi,Pyhäselkä,Finland/Savo-Karelia,Finnish,su,Jussi,2,2,Jussi (2),Jussi (2),Jussi (2)
3,John / Jaan / Jussi / Hans,Jussi,Pälkjärvi,Finland/Savo-Karelia,Finnish,su,Jussi,1,1,Jussi (1),Jussi (1),Jussi (1)
3,John / Jaan / Jussi / Hans,Jussi,Pälkäne,Finland/Savo-Karelia,Finnish,su,Jussi,2,2,Jussi (2),Jussi (2),Jussi (2)
3,John / Jaan / Jussi / Hans,Jussi,Pälkäne,Finland/Savo-Karelia,Finnish,su,jauho/Jussi,1,1,jassi (1),jassi (1),flour/little Jussi (1)
3,John / Jaan / Jussi / Hans,Jaan/Jaani,Pärnu,Estonia core/west,North Estonian,viP,Jaan,13,7,Jaan (9); Jaanikene (3); Jaani (1),Jaan (5); Jaani (5); jaanikene (3),Jaan (5); little Jaan (3); Jaan's (2); Jaani (2); Jaani's (1)
3,John / Jaan / Jussi / Hans,Hans,Pärnu,Estonia core/west,North Estonian,viP,Hans,7,1,Hans (7),Hans (6); Hansu (1),Hans (6); Hans's (1)
3,John / Jaan / Jussi / Hans,John/St John,Pärnu,Estonia core/west,North Estonian,viP,Jaan,3,3,Jaanikene (2); Jaan (1),Jaanikene (2); Jaani (1),Little John (2); John's (1)
3,John / Jaan / Jussi / Hans,Ants,Pärnu,Estonia core/west,North Estonian,viP,Ants,2,2,Ants (2),Ants (1); Antsul (1),Ants (1); At Ants (1)
3,John / Jaan / Jussi / Hans,Hans,Pärnu,Estonia core/west,North Estonian,viP,hansuke,1,1,hansu (1),hansukene (1),little Hans (1)
3,John / Jaan / Jussi / Hans,Jaan/Jaani,Pärnu,Estonia core/west,North Estonian,viP,jaan,1,1,jaan (1),jaani (1),Jaan's (1)
3,John / Jaan / Jussi / Hans,John/St John,Pärnu,Estonia core/west,North Estonian,viP,jaanililled,1,1,jaani-lilled (1),jaanililled (1),St. John's flowers (1)
3,John / Jaan / Jussi / Hans,Hans,Pärnu-Jaagupi,Estonia core/west,North Estonian,viP,Hans,2,2,Hans (2),Hans (1); Hansu (1),Hans (2)
3,John / Jaan / Jussi / Hans,Jaan/Jaani,Pärnu-Jaagupi,Estonia core/west,North Estonian,viP,Jaan,2,2,Jaan (2),jaani (1); Jaani (1),Jaani's (1); Jaan's (1)
3,John / Jaan / Jussi / Hans,John/St John,Pärnu-Jaagupi,Estonia core/west,North Estonian,viP,jaanike,1,1,jaanikene (1),jaanikene (1),Little John (1)
3,John / Jaan / Jussi / Hans,John/St John,Pärnu-Jaagupi,Estonia core/west,North Estonian,viP,jaanilill,1,1,jaanilill (1),jaanililledega (1),with St. John's flowers (1)
3,John / Jaan / Jussi / Hans,John/St John,Pärnu-Jaagupi,Estonia core/west,North Estonian,viP,jaanitädi,1,1,jaanitädi (1),jaanitädi (1),John's aunt (1)
3,John / Jaan / Jussi / Hans,Hans,Põltsamaa,Estonia core/west,North Estonian,viP,Hans,21,4,Hans (21),Hans (13); Hansule (5); Hansu (2); Hansulegi (1),Hans (13); to Hans (5); to Hans too (1); Hans's (1); Hans' (1)
3,John / Jaan / Jussi / Hans,Jaan/Jaani,Põltsamaa,Estonia core/west,North Estonian,viP,Jaan,9,5,Jaan (8); Jaanikene (1),Jaan (4); Jaani (3); Jaanikene (1); Jaanile (1),Jaan (5); Jaan's (3); little Jaan (1)
3,John / Jaan / Jussi / Hans,Ants,Põltsamaa,Estonia core/west,North Estonian,viP,Ants,6,2,Ants (6),Antsu (4); Ants (2),Ants (4); Ants's (2)
3,John / Jaan / Jussi / Hans,Ants,Põltsamaa,Estonia core/west,North Estonian,viP,Antsu,2,1,antsukene (2),Antsuke (2),little Ants (2)
3,John / Jaan / Jussi / Hans,Hans,Põltsamaa,Estonia core/west,North Estonian,viP,hants,2,1,hants (2),hantsud (1); Hantsu (1),Hans-sons (1); Hans (1)
3,John / Jaan / Jussi / Hans,Jaan/Jaani,Põltsamaa,Estonia core/west,North Estonian,viP,jaan,2,1,jaan (2),jaanikene (2),little Jaan (2)
3,John / Jaan / Jussi / Hans,Hans,Põltsamaa,Estonia core/west,North Estonian,viP,Hansuke,1,1,Hansukene (1),Hansukesta (1),of little Hans (1)
3,John / Jaan / Jussi / Hans,Hans,Põltsamaa,Estonia core/west,North Estonian,viP,hans,1,1,hans (1),Hans (1),Hans (1)
3,John / Jaan / Jussi / Hans,Juhan,Põltsamaa,Estonia core/west,North Estonian,viP,Juhan,1,1,Juhan (1),Juhan (1),Juhan (1)
3,John / Jaan / Jussi / Hans,Jussi,Põltsamaa,Estonia core/west,North Estonian,viP,Juss (modern Estonian equivalent),1,1,Jussi (1),Jussi (1),Jussi (1)
3,John / Jaan / Jussi / Hans,Jaan/Jaani,Põlva,South Estonia/Seto,South Estonian,viE,Jaan,3,2,Jaan (2); Jaani (1),Jaan (2); Jaani (1),Jaan (2); Jaan's (1)
3,John / Jaan / Jussi / Hans,Ants,Põlva,South Estonia/Seto,South Estonian,viE,Ants,2,2,Ants (2),Ants (1); antsukestest (1),Ants (1); little Ants's (1)
3,John / Jaan / Jussi / Hans,John/St John,Põlva,South Estonia/Seto,South Estonian,viE,Jaan,1,1,Jaan (1),Jaanikene (1),little John (1)
3,John / Jaan / Jussi / Hans,Jaan/Jaani,Pöide,Estonia core/west,North Estonian,viP,Jaan,3,3,Jaan (3),Jaani (3),Jaan's (2); Jaani (1)
3,John / Jaan / Jussi / Hans,Juhan,Pöide,Estonia core/west,North Estonian,viP,Juhan,3,1,Juhan (3),Juhan (3),Juhan (3)
3,John / Jaan / Jussi / Hans,Hans,Pöide,Estonia core/west,North Estonian,viP,Hans,2,2,Hans (2),Hans (1); Hansu (1),Hans (1); Hans's (1)
3,John / Jaan / Jussi / Hans,John/St John,Pöide,Estonia core/west,North Estonian,viP,Jaan,1,1,jaani (1),Jaani (1),John's (1)
3,John / Jaan / Jussi / Hans,John/St John,Pöide,Estonia core/west,North Estonian,viP,jaanilill (St. John's herb),1,1,jaaniäitsed (1),jaaniäitsed (1),with St. John's herbs (1)
3,John / Jaan / Jussi / Hans,John/St John,Pöide,Estonia core/west,North Estonian,viP,jaanituli,1,1,jaanistuli (1),jaanitulele (1),St. John's fire (1)
3,John / Jaan / Jussi / Hans,Jussi,Pöytyä,Finland/Savo-Karelia,Finnish,su,Jussi,7,4,Jussi (7),Jussi (6); Jussin (1),Jussi (6); Jussi's (1)
3,John / Jaan / Jussi / Hans,Jaan/Jaani,Pühalepa,Estonia core/west,North Estonian,viP,Jaan,3,2,Jaan (3),Jaan (3),Jaan (3)
3,John / Jaan / Jussi / Hans,John/St John,Pühalepa,Estonia core/west,North Estonian,viP,jaanilill,3,1,jaanihõied (3),jaanililled (3),St. John's herbs (3)
3,John / Jaan / Jussi / Hans,Ants,Pühalepa,Estonia core/west,North Estonian,viP,Ants,1,1,Ants (1),Ants (1),Ants (1)
3,John / Jaan / Jussi / Hans,John/St John,Pühalepa,Estonia core/west,North Estonian,viP,Jaan,1,1,Jaan (1),Jaani (1),St. John's (1)
3,John / Jaan / Jussi / Hans,Jaan/Jaani,Rakvere,Estonia core/west,North Estonian,viP,Jaan,2,1,Jaan (2),Jaani (2),Jaan's (2)
3,John / Jaan / Jussi / Hans,John/St John,Rakvere,Estonia core/west,North Estonian,viP,Jaan,1,1,Jaan (1),Jaani (1),John's (1)
3,John / Jaan / Jussi / Hans,John/St John,Rakvere,Estonia core/west,North Estonian,viP,Jaan & kann,1,1,Jaan & kann (1),jaanikannid (1),St. John's flowers (1)
3,John / Jaan / Jussi / Hans,Jaan/Jaani,Rannu,Estonia core/west,South Estonian,viE,Jaan,4,2,jaani (3); Jaanikene (1),Jaani (3); jaanikene (1),Jaan's (3); Little Jaan (1)
3,John / Jaan / Jussi / Hans,Ants,Rannu,Estonia core/west,South Estonian,viE,Ants,1,1,Ants (1),Ants (1),Ants (1)
3,John / Jaan / Jussi / Hans,Hans,Rannu,Estonia core/west,South Estonian,viE,Hans,1,1,Hants (1),Hants (1),Hans (1)
3,John / Jaan / Jussi / Hans,Jaan/Jaani,Rannu,Estonia core/west,South Estonian,viE,jaanikene,1,1,jaanikene (1),jaanikene (1),Little Jaan (1)
3,John / Jaan / Jussi / Hans,John/St John,Rannu,Estonia core/west,South Estonian,viE,Jaan,1,1,Jaanikene (1),Jaanikene (1),John (1)
3,John / Jaan / Jussi / Hans,John/St John,Rannu,Estonia core/west,South Estonian,viE,Jaanike,1,1,Jaanike (1),Jaanike (1),Little John (1)
3,John / Jaan / Jussi / Hans,Juhan,Rannu,Estonia core/west,South Estonian,viE,Juhan,1,1,Juhan (1),Juhanil (1),Juhan's (1)
3,John / Jaan / Jussi / Hans,Jussi,Ranua,Finland/Savo-Karelia,Finnish,su,Jussi,6,6,Jussi (6),Jussi (6),Jussi (6)
3,John / Jaan / Jussi / Hans,Jaan/Jaani,Rapla,Estonia core/west,North Estonian,viP,Jaan,7,2,Jaan (5); Jaanile (2),Jaan (5); Jaanile (2),Jaan (5); to Jaan (2)
3,John / Jaan / Jussi / Hans,Hans,Rapla,Estonia core/west,North Estonian,viP,Hans,5,3,Hans (4); Hansu (1),Hans (3); Hansu (1); Hansule (1),Hans (3); Hans' (1); to-Hans (1)
3,John / Jaan / Jussi / Hans,Hans,Rapla,Estonia core/west,North Estonian,viP,hans,1,1,hans (1),hansul (1),at Hans' (1)
3,John / Jaan / Jussi / Hans,Hans,Rapla,Estonia core/west,North Estonian,viP,hansuke,1,1,hanso+kene (1),hansukene (1),Little Hans (1)
3,John / Jaan / Jussi / Hans,Jussi,Rapla,Estonia core/west,North Estonian,viP,Juss,1,1,Jussi (1),Jussi (1),Jussi (1)
3,John / Jaan / Jussi / Hans,Jussi,Rauma,Finland/Savo-Karelia,Finnish,su,Jussi,1,1,Jussi (1),Jussi (1),Jussi (1)
3,John / Jaan / Jussi / Hans,John/St John,Rautalampi,Finland/Savo-Karelia,Finnish,su,Johannes,1,1,Juhannes (1),Juhannes (1),John (1)
3,John / Jaan / Jussi / Hans,Jussi,Rautavaara,Finland/Savo-Karelia,Finnish,su,Jussi,1,1,Jussi (1),Jussi (1),Jussi (1)
3,John / Jaan / Jussi / Hans,Jussi,Rautjärvi,Finland/Savo-Karelia,Finnish,su,Jussi,2,1,Jussi (2),Jussin (2),Jussi's (2)
3,John / Jaan / Jussi / Hans,Jussi,Rautu,Finland/Savo-Karelia,Finnish,su,Jussi,3,3,Jussi (3),Jussi (3),Jussi (3)
3,John / Jaan / Jussi / Hans,Jaan/Jaani,Reigi,Estonia core/west,North Estonian,viP,Jaan,1,1,jaani (1),Jaani (1),Jaan's (1)
3,John / Jaan / Jussi / Hans,Jussi,Renko,Finland/Savo-Karelia,Finnish,su,Jussi,5,4,Jussi (5),Jussi (5),Jussi (5)
3,John / Jaan / Jussi / Hans,Jussi,Renko,Finland/Savo-Karelia,Finnish,su,Lopo-Jussi,1,1,Lopo-Jussi (1),Lopo-Jussi (1),Lopo-Jussi (1)
3,John / Jaan / Jussi / Hans,Ants,Ridala,Estonia core/west,North Estonian,viP,Ants,1,1,Ants (1),Ants (1),Ants (1)
3,John / Jaan / Jussi / Hans,Jaan/Jaani,Risti,Estonia core/west,North Estonian,viP,Jaan,10,3,Jaan (10),Jaan (8); Jaani (1); Jaanile (1),Jaan (9); to Jaan (1)
3,John / Jaan / Jussi / Hans,Juhan,Risti,Estonia core/west,North Estonian,viP,Juhan,4,2,Juhan (4),Juhan (4),Juhan (4)
3,John / Jaan / Jussi / Hans,Ants,Risti,Estonia core/west,North Estonian,viP,Ants,3,2,Ants (3),Ants (2); Antsu (1),Ants (2); Ants's (1)
3,John / Jaan / Jussi / Hans,Hans,Risti,Estonia core/west,North Estonian,viP,Hans,1,1,hans (1),Hans (1),Hans (1)
3,John / Jaan / Jussi / Hans,Hans,Risti,Estonia core/west,North Estonian,viP,hansuke,1,1,hansukene (1),hansukene (1),little Hans (1)
3,John / Jaan / Jussi / Hans,Jaan/Jaani,Risti,Estonia core/west,North Estonian,viP,jaanike,1,1,jaanikene (1),jaanikene (1),Little Jaan (1)
3,John / Jaan / Jussi / Hans,John/St John,Risti,Estonia core/west,North Estonian,viP,Jaanike,1,1,Jaanikene (1),Jaanikene (1),Little John (1)
3,John / Jaan / Jussi / Hans,John/St John,Risti,Estonia core/west,North Estonian,viP,jaanike,1,1,jaanikene (1),jaanikene (1),Little John (1)
3,John / Jaan / Jussi / Hans,Juhan,Risti,Estonia core/west,North Estonian,viP,toa+ääre+Juhan,1,1,toa+ääre+Juhan (1),toa-ääre-Juhan (1),house-side-Juhan (1)
3,John / Jaan / Jussi / Hans,Jussi,Ruokolahti,Finland/Savo-Karelia,Finnish,su,Jussi,2,2,Jussi (2),Jussi (2),Jussi (2)
3,John / Jaan / Jussi / Hans,John/St John,Ruotsin Ylitornio,Finland/Savo-Karelia,Tornedalen Finnish,su,juhannes,2,1,juhannes (2),juhannekseen (1); juhanneksesta (1),to John's (1); from John's (1)
3,John / Jaan / Jussi / Hans,Jussi,Ruovesi,Finland/Savo-Karelia,Finnish,su,Jussi,7,6,Jussi (7),Jussi (7),Jussi (7)
3,John / Jaan / Jussi / Hans,Jussi,Rusko,Finland/Savo-Karelia,Finnish,su,Jussi,1,1,Jussi (1),Jussin (1),Jussi's (1)
3,John / Jaan / Jussi / Hans,Jussi,Räisälä,Finland/Savo-Karelia,Finnish,su,Jussi,2,2,Jussi (2),Jussi (2),Jussi (2)
3,John / Jaan / Jussi / Hans,Jaan/Jaani,Räpina,South Estonia/Seto,South Estonian,viE,Jaan,12,2,Jaan (11); Jaani (1),Jaan (11); Jaani (1),Jaan (11); Jaan's (1)
3,John / Jaan / Jussi / Hans,Ants,Räpina,South Estonia/Seto,South Estonian,viE,Ants,1,1,Ants (1),Ants (1),Ants (1)
3,John / Jaan / Jussi / Hans,Hans,Räpina,South Estonia/Seto,South Estonian,viE,Hans,1,1,Hans (1),Hansul (1),Hans (1)
3,John / Jaan / Jussi / Hans,John/St John,Räpina,South Estonia/Seto,South Estonian,viE,Jaak,1,1,Jaam (1),Jaani (1),John's (1)
3,John / Jaan / Jussi / Hans,Juhan,Räpina,South Estonia/Seto,South Estonian,viE,Juhan,1,1,Juhan (1),Juhan (1),Juhan (1)
3,John / Jaan / Jussi / Hans,Jussi,Rääkkylä,Finland/Savo-Karelia,Finnish,su,Jussi,3,3,Jussi (3),Jussi (2); Jussiansa (1),Jussi (2); her Jussi (1)
3,John / Jaan / Jussi / Hans,Jussi,Rääkkylä,Finland/Savo-Karelia,Finnish,su,Tupakka-Jussi,1,1,Tupakka-Jussi (1),Tupakka-Jussi (1),Tobacco-Jussi (1)
3,John / Jaan / Jussi / Hans,John/St John,Rääpyvä,Ingria,Finnish,su,Jussi,1,1,Jussi (1),Jussi (1),John (1)
3,John / Jaan / Jussi / Hans,Jaan/Jaani,Rõngu,Estonia core/west,South Estonian,viE,Jaan,4,4,Jaan (4),Jaan (3); Jaanit (1),Jaan (4)
3,John / Jaan / Jussi / Hans,John/St John,Rõngu,Estonia core/west,South Estonian,viE,Jaan,2,2,jaan (1); Jaan (1),Jaan (1); Jaani (1),John (1); John's (1)
3,John / Jaan / Jussi / Hans,Hans,Rõngu,Estonia core/west,South Estonian,viE,Hants,1,1,Hants (1),Hants (1),Hans (1)
3,John / Jaan / Jussi / Hans,John/St John,Rõngu,Estonia core/west,South Estonian,viE,jaan,1,1,jaanikene (1),Jaanikene (1),little John (1)
3,John / Jaan / Jussi / Hans,Jaan/Jaani,Rõuge,South Estonia/Seto,South Estonian,viE,Jaan,6,3,Jaan (5); Jaani (1),Jaan (4); Jaani (2),Jaan (4); Jaan's (2)
3,John / Jaan / Jussi / Hans,Ants,Rõuge,South Estonia/Seto,South Estonian,viE,Ants,5,3,Ants (5),Ants (4); Antsuke (1),Ants (4); little Ants (1)
3,John / Jaan / Jussi / Hans,Hans,Rõuge,South Estonia/Seto,South Estonian,viE,Hans,4,1,Hans (4),Hans (2); Hansu (2),Hans (2); Hans's (2)
3,John / Jaan / Jussi / Hans,John/St John,Rõuge,South Estonia/Seto,South Estonian,viE,jaanikene,2,2,jaanikõnõ (2),jaanikene (1); jaanikõnõ (1),Little John (1); little John (1)
3,John / Jaan / Jussi / Hans,Ants,Rõuge,South Estonia/Seto,South Estonian,viE,Antsule,1,1,Antsulõ (1),Antsule (1),to Ants (1)
3,John / Jaan / Jussi / Hans,Jaan/Jaani,Rõuge,South Estonia/Seto,South Estonian,viE,Jaanil,1,1,Jaanil (1),Jaanil (1),at Jaan's (1)
3,John / Jaan / Jussi / Hans,Jaan/Jaani,Rõuge,South Estonia/Seto,South Estonian,viE,Jaanile,1,1,Jaanilõ (1),Jaanile (1),to Jaan (1)
3,John / Jaan / Jussi / Hans,John/St John,Rõuge,South Estonia/Seto,South Estonian,viE,Jaan,1,1,Jaan (1),Jaan (1),John (1)
3,John / Jaan / Jussi / Hans,John/St John,Rõuge,South Estonia/Seto,South Estonian,viE,jaanike,1,1,jaanikõnõ (1),jaanikene (1),little John (1)
3,John / Jaan / Jussi / Hans,Jussi,Rõuge,South Estonia/Seto,South Estonian,viE,Juss,1,1,Jussi (1),Juss (1),Jussi (1)
3,John / Jaan / Jussi / Hans,Hans,Saarde,Estonia core/west,North Estonian,viP,Hans,10,4,Hans (10),Hans (7); Hansul (2); Hansu (1),Hans (7); on Hans (2); Hans's (1)
3,John / Jaan / Jussi / Hans,Jaan/Jaani,Saarde,Estonia core/west,North Estonian,viP,Jaan,3,1,Jaan (3),Jaan (2); Jaanil (1),Jaan (2); on Jaan (1)
3,John / Jaan / Jussi / Hans,John/St John,Saarde,Estonia core/west,North Estonian,viP,jaanituli,1,1,jaanituli (1),jaanituli (1),St. John's fire (1)
3,John / Jaan / Jussi / Hans,John/St John,Saarde,Estonia core/west,North Estonian,viP,jaaniõhtu,1,1,jaaniõhtu (1),jaaniõhtul (1),on St. John's Eve (1)
3,John / Jaan / Jussi / Hans,Jussi,Saarijärvi,Finland/Savo-Karelia,Finnish,su,Jussi,13,13,Jussi (13),Jussi (12); Jussista (1),Jussi (12); from Jussi (1)
3,John / Jaan / Jussi / Hans,Jussi,Sakkola,Finland/Savo-Karelia,Finnish,su,Jussi,7,4,Jussi (5); Jusse (1); jussi (1),Jussi (6); Jussin (1),Jussi (6); Jussi's (1)
3,John / Jaan / Jussi / Hans,Ants,Sangaste,Estonia core/west,South Estonian,viE,Ants,5,5,Ants (5),Ants (5),Ants (5)
3,John / Jaan / Jussi / Hans,Jaan/Jaani,Sangaste,Estonia core/west,South Estonian,viE,Jaan,5,3,Jaan (5),Jaani (4); Jaan (1),Jaan's (4); Jaan (1)
3,John / Jaan / Jussi / Hans,Juhan,Sangaste,Estonia core/west,South Estonian,viE,Juhanile,2,1,Juhanile (2),Juhanile (2),to Juhan (2)
3,John / Jaan / Jussi / Hans,Ants,Sangaste,Estonia core/west,South Estonian,viE,ala-ants,1,1,Ala-Ants (1),Ala-Ants (1),Lower-Ants (1)
3,John / Jaan / Jussi / Hans,Hans,Sangaste,Estonia core/west,South Estonian,viE,hansuke,1,1,hansu-kene (1),hansukene (1),Little Hans (1)
3,John / Jaan / Jussi / Hans,Jaan/Jaani,Sangaste,Estonia core/west,South Estonian,viE,jaanikene,1,1,jaanikõni (1),jaanikõni (1),Little Jaan (1)
3,John / Jaan / Jussi / Hans,John/St John,Sangaste,Estonia core/west,South Estonian,viE,Jaan,1,1,Jaan (1),Jaani (1),John's (1)
3,John / Jaan / Jussi / Hans,John/St John,Sangaste,Estonia core/west,South Estonian,viE,jaanikene,1,1,jaanikõnõ (1),jaanikõnõ (1),John's little (1)
3,John / Jaan / Jussi / Hans,Jussi,Savonlinna,Finland/Savo-Karelia,Finnish,su,Jussi,5,5,Jussi (5),Jussi (5),Jussi (4); Jussi (name) (1)
3,John / Jaan / Jussi / Hans,John/St John,Setumaa,South Estonia/Seto,South Estonian,viE,Jaan,8,5,Jaan (4); jaani (2); jaan (2),Jaan (7); jaani (1),John (5); John's (3)
3,John / Jaan / Jussi / Hans,John/St John,Setumaa,South Estonia/Seto,South Estonian,viE,jaanike,5,3,jaanikõnõ (4); jaanikene (1),jaanikene (4); Jaanikene (1),little John (4); Little John (1)
3,John / Jaan / Jussi / Hans,John/St John,Setumaa,South Estonia/Seto,South Estonian,viE,jaanituli,4,2,jaanituli (2); jaanitulda (2),jaanituld (2); jaanitulele (1); jaanituli (1),St. John's fire (3); to St. John's fire (1)
3,John / Jaan / Jussi / Hans,Jaan/Jaani,Setumaa,South Estonia/Seto,South Estonian,viE,jaanuke,3,2,jaanikõnõ (2); jaanikene (1),jaanikene (3),Little Jaan (2); little Jaan (1)
3,John / Jaan / Jussi / Hans,John/St John,Setumaa,South Estonia/Seto,South Estonian,viE,Jaanituli,3,1,jaanituli (3),Jaanituli (2); Jaanitulul (1),St. John's fire (2); on St. John's fire (1)
3,John / Jaan / Jussi / Hans,Ants,Setumaa,South Estonia/Seto,South Estonian,viE,Ants,2,1,Ants (2),Ants (2),Ants (2)
3,John / Jaan / Jussi / Hans,Jaan/Jaani,Setumaa,South Estonia/Seto,South Estonian,viE,Jaan,2,2,Jaan (2),Jaani (1); Jaanile (1),Jaan's (1); to Jaan (1)
3,John / Jaan / Jussi / Hans,John/St John,Setumaa,South Estonia/Seto,South Estonian,viE,Jaanikene,2,2,Jaanikõnõ (1); jaanikenõ (1),Jaanikene (2),Little John (1); little John (1)
3,John / Jaan / Jussi / Hans,John/St John,Setumaa,South Estonia/Seto,South Estonian,viE,jaani,2,1,jaani (2),jaani (2),John's (2)
3,John / Jaan / Jussi / Hans,John/St John,Setumaa,South Estonia/Seto,South Estonian,viE,jaanikivi,2,1,jaanikivi (2),jaanikivi (2),St. John's stone (2)
3,John / Jaan / Jussi / Hans,John/St John,Setumaa,South Estonia/Seto,South Estonian,viE,Jaanike,1,1,Jaanikene (1),Jaanikene (1),little John (1)
3,John / Jaan / Jussi / Hans,John/St John,Setumaa,South Estonia/Seto,South Estonian,viE,Juhan,1,1,Juhanikõnõ (1),Juhanikene (1),little John (1)
3,John / Jaan / Jussi / Hans,John/St John,Setumaa,South Estonia/Seto,South Estonian,viE,jaan,1,1,jaan (1),jaan (1),John (1)
3,John / Jaan / Jussi / Hans,John/St John,Setumaa,South Estonia/Seto,South Estonian,viE,jaanikene,1,1,jaanikõnõ (1),jaanikõne (1),little St. John's (1)
3,John / Jaan / Jussi / Hans,John/St John,Setumaa,South Estonia/Seto,South Estonian,viE,jaanil,1,1,jaanil (1),jaanil (1),John has (1)
3,John / Jaan / Jussi / Hans,John/St John,Setumaa,South Estonia/Seto,South Estonian,viE,jaanuke,1,1,jaanikene (1),jaanikene (1),little John (1)
3,John / Jaan / Jussi / Hans,Jussi,Siikajoki,Finland/Savo-Karelia,Finnish,su,Jussi,1,1,Jussi (1),Jussi (1),Jussi (1)
3,John / Jaan / Jussi / Hans,Jussi,Siilinjärvi,Finland/Savo-Karelia,Finnish,su,Jussi,1,1,Jussi (1),Jussi (1),Jussi (1)
3,John / Jaan / Jussi / Hans,Jussi,Simo,Finland/Savo-Karelia,Finnish,su,Jussi,1,1,Jussi (1),Jussi (1),Jussi (1)
3,John / Jaan / Jussi / Hans,Hans,Simuna,Estonia core/west,North Estonian,viP,Hans,4,3,Hans (2); hans (2),Hans (3); Hansu (1),Hans (3); Hans's (1)
3,John / Jaan / Jussi / Hans,Jaan/Jaani,Simuna,Estonia core/west,North Estonian,viP,Jaan,4,3,Jaan (4),Jaan (2); Jaanikene (1); Jaani (1),Jaan (2); little Jaan (1); Jaan's (1)
3,John / Jaan / Jussi / Hans,Ants,Simuna,Estonia core/west,North Estonian,viP,Ants,3,2,Ants (3),Antsukene (1); Antsu (1); Ants (1),little Ants (1); Ants's (1); Ants (1)
3,John / Jaan / Jussi / Hans,John/St John,Simuna,Estonia core/west,North Estonian,viP,Jaan,3,1,Jaan (3),Jaani (2); Jaan (1),John's (2); John (1)
3,John / Jaan / Jussi / Hans,John/St John,Simuna,Estonia core/west,North Estonian,viP,jaanilill,1,1,jaanilill (1),jaanililled (1),St. John's flowers (1)
3,John / Jaan / Jussi / Hans,Jussi,Simuna,Estonia core/west,North Estonian,viP,Juss,1,1,Juss (1),Jussi (1),Jussi's (1)
3,John / Jaan / Jussi / Hans,Jussi,Soanlahti,East Karelia/Veps/Tver,Finnish,su,Jussi,1,1,Jussi (1),Jussi (1),Jussi (1)
3,John / Jaan / Jussi / Hans,John/St John,Soikkola,Ingria,Ingrian,in,Iivana,2,2,Iivana (2),Iivana (2),John (2)
3,John / Jaan / Jussi / Hans,John/St John,Soikkola,Ingria,Ingrian,in,Jaani,1,1,jaanin (1),Jaanin (1),John's (1)
3,John / Jaan / Jussi / Hans,John/St John,Soikkola,Ingria,Ingrian,in,Juhana,1,1,J:lan (1),Juhanan (1),John's (1)
3,John / Jaan / Jussi / Hans,Jussi,Somerniemi,Finland/Savo-Karelia,Finnish,su,Jussi,1,1,Jussi (1),Jussi (1),Jussi (1)
3,John / Jaan / Jussi / Hans,Jussi,Somero,Finland/Savo-Karelia,Finnish,su,Jussi,3,3,Jussi (3),Jussi (2); Jussin (1),Jussi (name) (1); Jussi's (1); Jussi (1)
3,John / Jaan / Jussi / Hans,John/St John,Somero,Finland/Savo-Karelia,Finnish,su,Johannes,1,1,Johannes (1),Johannes (1),John (1)
3,John / Jaan / Jussi / Hans,Jussi,Somero,Finland/Savo-Karelia,Finnish,su,Julliskoukku,1,1,Julliskoukku (1),Julliskoukku (1),Jussi-hook (1)
3,John / Jaan / Jussi / Hans,Jussi,Sonkajärvi,Finland/Savo-Karelia,Finnish,su,Jussi,4,4,Jussi (4),Jussi (4),Jussi (4)
3,John / Jaan / Jussi / Hans,Jussi,Sortavala,East Karelia/Veps/Tver,Finnish,su,Jussi,3,2,Jussi (3),Jussi (3),Jussi (3)
3,John / Jaan / Jussi / Hans,Jussi,Sortavala,East Karelia/Veps/Tver,Finnish,su,Jussinjäkki,1,1,Jussinjäkki (1),Jussin jäkkiä (1),Jussi's sedge (1)
3,John / Jaan / Jussi / Hans,Jussi,Sotkamo,Finland/Savo-Karelia,Finnish,su,Jussi,3,3,Jussi (3),Jussi (3),Jussi (3)
3,John / Jaan / Jussi / Hans,John/St John,Soutjärvi,East Karelia/Veps/Tver,Veps,ve,vanha/Iivana,1,1,vanha/Ivan (1),vanha/Ivan (1),old/John (1)
3,John / Jaan / Jussi / Hans,Jussi,Suistamo,East Karelia/Veps/Tver,Livvi-Karelian,ka,Jussi,4,3,Jussi (4),Jussi (3); Jussin (1),Jussi (3); Jussi's (1)
3,John / Jaan / Jussi / Hans,John/St John,Suistamo,East Karelia/Veps/Tver,Livvi-Karelian,ka,Iivana,1,1,Iivana (1),Iivana (1),John (1)
3,John / Jaan / Jussi / Hans,John/St John,Suistamo,East Karelia/Veps/Tver,Livvi-Karelian,ka,Johannes,1,1,Johannes (1),Johannes (1),John (1)
3,John / Jaan / Jussi / Hans,Jussi,Sulkava,Finland/Savo-Karelia,Finnish,su,Jussi,1,1,jussim (1),Jussin (1),Jussi's (1)
3,John / Jaan / Jussi / Hans,Jussi,Suomusjärvi,Finland/Savo-Karelia,Finnish,su,Jussi,3,2,Jussi (3),Jussi (3),Jussi (3)
3,John / Jaan / Jussi / Hans,Jussi,Suomussalmi,Finland/Savo-Karelia,Finnish,su,Jussi,1,1,Jussi (1),Jussi (1),Jussi (1)
3,John / Jaan / Jussi / Hans,Jussi,Suonenjoki,Finland/Savo-Karelia,Finnish,su,Jukka,2,1,Juakko (2),Jukolle (1); Jukka (1),to Jussi (1); Jussi (1)
3,John / Jaan / Jussi / Hans,Jussi,Suonenjoki,Finland/Savo-Karelia,Finnish,su,Jussi,2,2,Jussi (2),Jussi (2),Jussi (2)
3,John / Jaan / Jussi / Hans,John/St John,Suonenjoki,Finland/Savo-Karelia,Finnish,su,Juhannes (Juhani),1,1,Juhannes (1),Juhannes (1),John (1)
3,John / Jaan / Jussi / Hans,John/St John,Suure-Jaani,Estonia core/west,North Estonian,viP,Jaan,14,8,Jaan (13); Jaanikene (1),Jaani (11); Jaan (1); jaanikene (1); Jaanikene (1),John's (10); John (2); little John (1); Little John (1)
3,John / Jaan / Jussi / Hans,Jaan/Jaani,Suure-Jaani,Estonia core/west,North Estonian,viP,Jaan,8,6,Jaan (8),Jaani (5); Jaan (2); Jaanile (1),Jaan (5); Jaan's (3)
3,John / Jaan / Jussi / Hans,Hans,Suure-Jaani,Estonia core/west,North Estonian,viP,Hans,4,4,Hans (4),Hans (2); Hansu (2),Hans (2); Hans's (2)
3,John / Jaan / Jussi / Hans,John/St John,Suure-Jaani,Estonia core/west,North Estonian,viP,jaan,2,1,jaan (2),jaani (2),John's (2)
3,John / Jaan / Jussi / Hans,Ants,Suure-Jaani,Estonia core/west,North Estonian,viP,Ants,1,1,Ants (1),Antsukene (1),little Ants (1)
3,John / Jaan / Jussi / Hans,Jaan/Jaani,Suure-Jaani,Estonia core/west,North Estonian,viP,Jaan+i,1,1,Jaan+i (1),Jaani (1),Jaan's (1)
3,John / Jaan / Jussi / Hans,Jaan/Jaani,Suure-Jaani,Estonia core/west,North Estonian,viP,Kolga-Jaani,1,1,Kolgajaani (1),Kolgajaani (1),to Kolga-Jaani (1)
3,John / Jaan / Jussi / Hans,Jaan/Jaani,Suure-Jaani,Estonia core/west,North Estonian,viP,Suure-Jaani,1,1,Suure-Jaani (1),Suure-Jaani (1),Suure-Jaani (1)
3,John / Jaan / Jussi / Hans,John/St John,Suure-Jaani,Estonia core/west,North Estonian,viP,Juhan,1,1,Juhan (1),Juhan (1),John (1)
3,John / Jaan / Jussi / Hans,Juhan,Suure-Jaani,Estonia core/west,North Estonian,viP,Juhan,1,1,Juhan (1),Juhan (1),Juhan (1)
3,John / Jaan / Jussi / Hans,Jussi,Suure-Jaani,Estonia core/west,North Estonian,viP,Juss,1,1,Jussi (1),Jussi (1),Jussi (1)
3,John / Jaan / Jussi / Hans,Jussi,Sysmä,Finland/Savo-Karelia,Finnish,su,Jussi,4,4,Jussi (4),Jussi (4),Jussi (3); Jussi (dear) (1)
3,John / Jaan / Jussi / Hans,Jussi,Sääksmäki,Finland/Savo-Karelia,Finnish,su,Jussi,1,1,Jussi (1),Jussi (1),Jussi (1)
3,John / Jaan / Jussi / Hans,Jussi,Taivassalo,Finland/Savo-Karelia,Finnish,su,Jussi,1,1,Jussi (1),Jussin (1),Jussi's (1)
3,John / Jaan / Jussi / Hans,Jussi,Tammela,Finland/Savo-Karelia,Finnish,su,Jussi,10,5,Jussi (10),Jussi (7); Jussin (2); Jussia (1),Jussi (8); Jussi's (2)
3,John / Jaan / Jussi / Hans,Jussi,Tampere,Finland/Savo-Karelia,Finnish,su,Jussi,3,3,Jussi (3),Jussi (3),Jussi (3)
3,John / Jaan / Jussi / Hans,Jaan/Jaani,Tartu-Maarja,Estonia core/west,South Estonian,viE,Jaan,10,3,Jaaniku (6); Jaan (4),Jaaniku (6); Jaan (3); Jaani (1),little Jaan (6); Jaan (3); Jaan's (1)
3,John / Jaan / Jussi / Hans,Hans,Tartu-Maarja,Estonia core/west,South Estonian,viE,Hans,4,2,Hans (4),Hans (3); Hansu (1),Hans (3); Hans's (1)
3,John / Jaan / Jussi / Hans,John/St John,Tartu-Maarja,Estonia core/west,South Estonian,viE,jaanituli,2,1,jaanitulel (2),jaanitulel (2),at St. John's fire (2)
3,John / Jaan / Jussi / Hans,Juhan,Tartu-Maarja,Estonia core/west,South Estonian,viE,Juhan,1,1,Juhan (1),Juhan (1),Juhan (1)
3,John / Jaan / Jussi / Hans,Juhan,Tartu-Maarja,Estonia core/west,South Estonian,viE,Juhanile,1,1,Juhanile (1),Juhanile (1),to Juhan (1)
3,John / Jaan / Jussi / Hans,John/St John,Tarvasjoki,Finland/Savo-Karelia,Finnish,su,Johannes,1,1,Johannes (1),Johannes (1),John (1)
3,John / Jaan / Jussi / Hans,Ants,Tarvastu,Estonia core/west,South Estonian,viE,Ants,15,7,Ants (12); antsu (1); Antsukene (1); Antsu (1),Ants (11); Antsu (2); Antsuke (1); Antsukene (1),Ants (11); Ants's (2); little Ants (1); Little Ants (1)
3,John / Jaan / Jussi / Hans,Hans,Tarvastu,Estonia core/west,South Estonian,viE,Hans,12,5,Hans (12),Hans (9); Hansu (3),Hans (9); Hans's (3)
3,John / Jaan / Jussi / Hans,Jaan/Jaani,Tarvastu,Estonia core/west,South Estonian,viE,Jaan,4,3,Jaan (4),Jaani (2); Jaan (2),Jaan's (2); Jaan (2)
3,John / Jaan / Jussi / Hans,Juhan,Tarvastu,Estonia core/west,South Estonian,viE,Juhan,4,2,Juhan (4),Juhan (4),Juhan (4)
3,John / Jaan / Jussi / Hans,John/St John,Tarvastu,Estonia core/west,South Estonian,viE,Jaan,3,3,Jaan (3),Jaanil (1); Jaani (1); Jaan (1),at John's (1); John's (1); John (1)
3,John / Jaan / Jussi / Hans,John/St John,Tarvastu,Estonia core/west,South Estonian,viE,Jaanike,3,2,Jaanikene (3),Jaanikene (3),Little John (3)
3,John / Jaan / Jussi / Hans,John/St John,Tarvastu,Estonia core/west,South Estonian,viE,jaanike,1,1,jaanikene (1),jaanikene (1),John (1)
3,John / Jaan / Jussi / Hans,Jussi,Terijoki,Finland/Savo-Karelia,Finnish,su,Jussi,1,1,Jussi (1),Jussin (1),Jussi's (1)
3,John / Jaan / Jussi / Hans,Jussi,Tervo,Finland/Savo-Karelia,Finnish,su,Jussi,1,1,Jussi (1),Jussi (1),Jussi (1)
3,John / Jaan / Jussi / Hans,John/St John,Tervola,Finland/Savo-Karelia,Finnish,su,juhannes,2,1,juhannes (2),juhannukseen (1); juhanneksesta (1),John (2)
3,John / Jaan / Jussi / Hans,Jussi,Teuva,Finland/Savo-Karelia,Finnish,su,Jussi,3,3,Jussi (3),Jussi (3),Jussi (3)
3,John / Jaan / Jussi / Hans,Jussi,Tohmajärvi,Finland/Savo-Karelia,Finnish,su,Jussi,1,1,Jussi (1),Jussi (1),Jussi (1)
3,John / Jaan / Jussi / Hans,Jaan/Jaani,Tori,Estonia core/west,North Estonian,viP,Jaan,9,7,Jaan (8); jaani (1),Jaani (3); Jaanike (2); Jaan (2); Jaanist (1); Jaanile (1),Jaan's (3); little Jaan (2); Jaan (2); Jaani's (1); to Jaan (1)
3,John / Jaan / Jussi / Hans,Jaan/Jaani,Tori,Estonia core/west,North Estonian,viP,Tua-Jaan,6,2,Tua-Jaan (6),Tua-Jaani (1); Tua-Jaan (1); Tua-Jaanil (1); tua-Jaani (1); tua-Jaan (1); tua-Jaanil (1),to Tua-Jaan (2); Tua-Jaan (2); on Tua-Jaan (2)
3,John / Jaan / Jussi / Hans,Hans,Tori,Estonia core/west,North Estonian,viP,Hans,5,1,Hans (5),Hansuke (3); Hans (2),little Hans (3); Hans (2)
3,John / Jaan / Jussi / Hans,Ants,Tori,Estonia core/west,North Estonian,viP,Ants,2,2,Ants (2),Ants (1); Antsust (1),Ants (1); Ants's (1)
3,John / Jaan / Jussi / Hans,John/St John,Tori,Estonia core/west,North Estonian,viP,Jaan,2,2,Jaan (1); Jaanikene (1),Jaan (1); Jaanikene (1),John (2)
3,John / Jaan / Jussi / Hans,Ants,Tori,Estonia core/west,North Estonian,viP,ants,1,1,ants (1),Ants (1),Ants (1)
3,John / Jaan / Jussi / Hans,John/St John,Tori,Estonia core/west,North Estonian,viP,Jaanike,1,1,Jaanikene (1),Jaanikene (1),Little John (1)
3,John / Jaan / Jussi / Hans,John/St John,Tori,Estonia core/west,North Estonian,viP,jaanike,1,1,jaanikene (1),jaanikene (1),Little John (1)
3,John / Jaan / Jussi / Hans,John/St John,Tori,Estonia core/west,North Estonian,viP,jaanilill,1,1,jaanilill (1),jaanililled (1),St. John's flowers (1)
3,John / Jaan / Jussi / Hans,Jaan/Jaani,Torma,Estonia core/west,North Estonian,viP,Jaan,5,3,Jaan (3); Jaanikene (2),Jaanikene (2); Juani (1); Jaan (1); Jaani (1),little Jaan (2); Jaan's (2); Jaan (1)
3,John / Jaan / Jussi / Hans,John/St John,Torma,Estonia core/west,North Estonian,viP,Jaan,3,2,Jaanikene (2); Jaan (1),Jaanikene (2); Jaan (1),Little John (2); John's (1)
3,John / Jaan / Jussi / Hans,Hans,Torma,Estonia core/west,North Estonian,viP,Hans,1,1,Hans (1),Hansule (1),to Hans (1)
3,John / Jaan / Jussi / Hans,Jaan/Jaani,Torma,Estonia core/west,North Estonian,viP,Kolgajaani,1,1,Kolgajaani (1),Kolgajaani (1),Kolga-Jaani (1)
3,John / Jaan / Jussi / Hans,John/St John,Torma,Estonia core/west,North Estonian,viP,Hans,1,1,Hans (1),Hans (1),John (1)
3,John / Jaan / Jussi / Hans,John/St John,Torma,Estonia core/west,North Estonian,viP,jaanilill,1,1,jaanilill (1),jaanililled (1),St. John's flowers (1)
3,John / Jaan / Jussi / Hans,Jussi,Torma,Estonia core/west,North Estonian,viP,Juhanjussi,1,1,Juhanjussi (1),Juhanjussi (1),Juhan-Jussi (1)
3,John / Jaan / Jussi / Hans,John/St John,Turku,Finland/Savo-Karelia,Finnish,su,Juhani,2,1,Juhani (2),Juhaniin (1); Juhanista (1),to John (1); from John (1)
3,John / Jaan / Jussi / Hans,Jussi,Turku,Finland/Savo-Karelia,Finnish,su,Jussi,1,1,Jussi (1),Jussi (1),Jussi (1)
3,John / Jaan / Jussi / Hans,Jussi,Turtola,Finland/Savo-Karelia,Finnish,su,Jussi,4,4,Jussi (4),Jussi (4),Jussi (2); Jussi (John) (1); Jussi (name) (1)
3,John / Jaan / Jussi / Hans,Jussi,Tuulos,Finland/Savo-Karelia,Finnish,su,Jussi,5,5,Jussi (5),Jussi (5),Jussi (5)
3,John / Jaan / Jussi / Hans,John/St John,Tuupovaara,Finland/Savo-Karelia,Finnish,su,Juhana,1,1,Juhana (1),Juhanalle (1),to-John (1)
3,John / Jaan / Jussi / Hans,Jussi,Tuusniemi,Finland/Savo-Karelia,Finnish,su,Jussi,5,5,Jussi (5),Jussin (3); Jussi (2),Jussi's (3); Jussi (2)
3,John / Jaan / Jussi / Hans,Jussi,Tuusula,Finland/Savo-Karelia,Finnish,su,Jussi,3,2,Jussi (3),Jussi (2); Jussin (1),Jussi (2); Jussi's (1)
3,John / Jaan / Jussi / Hans,Jussi,Tyrväntö,Finland/Savo-Karelia,Finnish,su,Jussi,1,1,Jussi (1),Jussi (1),Jussi (1)
3,John / Jaan / Jussi / Hans,Jussi,Tyrvää,Finland/Savo-Karelia,Finnish,su,Jussi,2,2,jussi (1); Jussi (1),Jussi (2),Jussi (2)
3,John / Jaan / Jussi / Hans,Jussi,Tyrvää,Finland/Savo-Karelia,Finnish,su,Jussi & mylläri,1,1,jussi & mylläri (1),Jussi-Mylläri (1),Jussi-Miller (1)
3,John / Jaan / Jussi / Hans,Jussi,Tyrvää,Finland/Savo-Karelia,Finnish,su,Jussipussi,1,1,Jussipussi (1),Jussipussi (1),Jussi-bag (1)
3,John / Jaan / Jussi / Hans,Jussi,Tyrö,Ingria,Finnish,su,Jussi,1,1,Jussi (1),Jussi (1),Jussi (1)
3,John / Jaan / Jussi / Hans,Jussi,Tytärsaari,Finland/Savo-Karelia,Finnish,su,Jussi,1,1,Jussi (1),Jussin (1),Jussi's (1)
3,John / Jaan / Jussi / Hans,Ants,Tõstamaa,Estonia core/west,North Estonian,viP,Ants,2,2,Ants (2),Antsu (1); Ants (1),Ants (2)
3,John / Jaan / Jussi / Hans,John/St John,Tõstamaa,Estonia core/west,North Estonian,viP,Jaan,2,2,Jaan (2),Jaan (1); Jaani (1),John (1); of John (1)
3,John / Jaan / Jussi / Hans,Jaan/Jaani,Tõstamaa,Estonia core/west,North Estonian,viP,Jaan,1,1,Jaan (1),Jaani (1),Jaan's (1)
3,John / Jaan / Jussi / Hans,John/St John,Tõstamaa,Estonia core/west,North Estonian,viP,Jaanike,1,1,Jaanikene (1),Jaanikene (1),Little John (1)
3,John / Jaan / Jussi / Hans,Jussi,Töysä,Finland/Savo-Karelia,Finnish,su,Jussi,3,2,Jussi (3),Jussi (3),Jussi (3)
3,John / Jaan / Jussi / Hans,Jussi,Töysä,Finland/Savo-Karelia,Finnish,su,unijussi,1,1,unijussi (1),unijussi (1),Sleep-Jussi (1)
3,John / Jaan / Jussi / Hans,Hans,Türi,Estonia core/west,North Estonian,viP,Hans,7,4,Hans (7),Hans (3); Hansu (2); Hansust (1); Hansule (1),Hans (3); Hans's (2); about Hans (1); to Hans (1)
3,John / Jaan / Jussi / Hans,Jaan/Jaani,Türi,Estonia core/west,North Estonian,viP,Jaan,2,2,Jaan (2),Jaani (1); Jaan (1),Jaan's (1); Jaan (1)
3,John / Jaan / Jussi / Hans,Juhan,Türi,Estonia core/west,North Estonian,viP,Juhan,2,1,Juhan (2),Juhan (2),Juhan (2)
3,John / Jaan / Jussi / Hans,Jaan/Jaani,Türi,Estonia core/west,North Estonian,viP,jaan,1,1,jaan (1),juani (1),Jaan's (1)
3,John / Jaan / Jussi / Hans,John/St John,Türi,Estonia core/west,North Estonian,viP,Jaan,1,1,Jaan (1),Jaani (1),John's (1)
3,John / Jaan / Jussi / Hans,John/St John,Türi,Estonia core/west,North Estonian,viP,jaanikann,1,1,jaanikann (1),jaanikannid (1),St. John's jugs (1)
3,John / Jaan / Jussi / Hans,John/St John,Türi,Estonia core/west,North Estonian,viP,jaanikuu,1,1,Jaanikuu (1),Jaanikuus (1),in St. John's month (1)
3,John / Jaan / Jussi / Hans,Jussi,Uhtua,East Karelia/Veps/Tver,Karelian Proper,ka,Jussi,1,1,Jussi (1),Jussi (1),Jussi (1)
3,John / Jaan / Jussi / Hans,Jussi,Ulvila,Finland/Savo-Karelia,Finnish,su,Jussi,1,1,Jussi (1),Jussi (1),Jussi (1)
3,John / Jaan / Jussi / Hans,Jussi,Urjala,Finland/Savo-Karelia,Finnish,su,Jussi,4,4,Jussi (4),Jussi (4),Jussi (4)
3,John / Jaan / Jussi / Hans,Jaan/Jaani,Urvaste,South Estonia/Seto,South Estonian,viE,Jaan,3,3,Jaan (2); jaaniga (1),Jaaniga (1); Jaani (1); Jaanile (1),with Jaan (1); Jaan's (1); to Jaan's (1)
3,John / Jaan / Jussi / Hans,Juhan,Urvaste,South Estonia/Seto,South Estonian,viE,Juhanpoeg,3,1,Juhanpoeg (3),Juhanpoeg (3),Juhan's son (3)
3,John / Jaan / Jussi / Hans,Ants,Urvaste,South Estonia/Seto,South Estonian,viE,Antsmõisa,2,1,Ants-mõisa (2),Antsmõisa (2),Ants manor (2)
3,John / Jaan / Jussi / Hans,John/St John,Urvaste,South Estonia/Seto,South Estonian,viE,Jaan,2,1,Jaani (2),Jaani (2),John's (2)
3,John / Jaan / Jussi / Hans,Ants,Urvaste,South Estonia/Seto,South Estonian,viE,Ants,1,1,Ants (1),Ants (1),Ants (1)
3,John / Jaan / Jussi / Hans,Ants,Urvaste,South Estonia/Seto,South Estonian,viE,kukk-Ants,1,1,koka-Ants (1),Koka-Ants (1),Ants-the-rooster (1)
3,John / Jaan / Jussi / Hans,John/St John,Urvaste,South Estonia/Seto,South Estonian,viE,Johannes,1,1,Jaani (1),Jaani (1),John's (1)
3,John / Jaan / Jussi / Hans,John/St John,Urvaste,South Estonia/Seto,South Estonian,viE,jaanike,1,1,jaanikene (1),Jaanikene (1),little John (1)
3,John / Jaan / Jussi / Hans,Juhan,Urvaste,South Estonia/Seto,South Estonian,viE,Juhan,1,1,Juhan (1),Juhan (1),Juhan (1)
3,John / Jaan / Jussi / Hans,Jussi,Uskela,Finland/Savo-Karelia,Finnish,su,Jussi,17,14,Jussi (17),Jussi (10); Jussin (7),Jussi (10); Jussi's (7)
3,John / Jaan / Jussi / Hans,John/St John,Uskela,Finland/Savo-Karelia,Finnish,su,Juha,1,1,Juha (1),Juha (1),John (1)
3,John / Jaan / Jussi / Hans,Jussi,Uusikaupunki,Finland/Savo-Karelia,Finnish,su,Jussi,2,2,Jussi (2),Jussi (1); Jussin (1),Jussi (1); Jussi's (1)
3,John / Jaan / Jussi / Hans,Ants,Vaivara,Estonia core/west,North Estonian,viP,Ants,3,2,Ants (3),Ants (3),Ants (3)
3,John / Jaan / Jussi / Hans,Hans,Vaivara,Estonia core/west,North Estonian,viP,Hans,2,1,Hans (2),Hans (2),Hans (2)
3,John / Jaan / Jussi / Hans,John/St John,Vaivara,Estonia core/west,North Estonian,viP,Jaan,1,1,jaanila (1),Jaanile (1),to St. John's (1)
3,John / Jaan / Jussi / Hans,Juhan,Vaivara,Estonia core/west,North Estonian,viP,Juhan,1,1,Juhan (1),Juhan (1),Juhan (1)
3,John / Jaan / Jussi / Hans,John/St John,Valjala,Estonia core/west,North Estonian,viP,Jaan,1,1,Jaan (1),Jaan (1),John's (1)
3,John / Jaan / Jussi / Hans,Jussi,Vanaja,Finland/Savo-Karelia,Finnish,su,Jussi,1,1,Jussi (1),Jussi (1),Jussi (1)
3,John / Jaan / Jussi / Hans,John/St John,Varbla,Estonia core/west,North Estonian,viP,Jaan,3,2,Jaan (3),Jaani (2); Jaan (1),John's (2); John (1)
3,John / Jaan / Jussi / Hans,Jaan/Jaani,Varbla,Estonia core/west,North Estonian,viP,Jaan,2,1,Jaan (2),Jaan (2),Jaan (2)
3,John / Jaan / Jussi / Hans,Ants,Varbla,Estonia core/west,North Estonian,viP,Ants,1,1,Ants (1),Antsust (1),from Ants (1)
3,John / Jaan / Jussi / Hans,Ants,Varbla,Estonia core/west,North Estonian,viP,antsuke,1,1,antsuke (1),Antsuke (1),little Ants (1)
3,John / Jaan / Jussi / Hans,John/St John,Varbla,Estonia core/west,North Estonian,viP,jaanikuu,1,1,jaanikuu+s (1),Jaanikuus (1),in St. John's month (1)
3,John / Jaan / Jussi / Hans,John/St John,Varbla,Estonia core/west,North Estonian,viP,jaanirohi,1,1,jaanirohi (1),jaanirohtudesse (1),to St.John's herbs (1)
3,John / Jaan / Jussi / Hans,Jussi,Varkaus,Finland/Savo-Karelia,Finnish,su,Jussi,5,3,Jussi (5),Jussi (3); Jussin (1); Jussilla (1),Jussi (3); Jussi's (1); at Jussi's (1)
3,John / Jaan / Jussi / Hans,Ants,Vastseliina,South Estonia/Seto,South Estonian,viE,Ants,2,2,Ants (1); Antsu (1),Ants (1); Antsu (1),Ants (1); Ants's (1)
3,John / Jaan / Jussi / Hans,John/St John,Vastseliina,South Estonia/Seto,South Estonian,viE,Johannes,1,1,Jaani (1),Jaani (1),John's (1)
3,John / Jaan / Jussi / Hans,Jussi,Vehkalahti,Finland/Savo-Karelia,Finnish,su,Jussi,1,1,Jussi (1),Jussi (1),Jussi (1)
3,John / Jaan / Jussi / Hans,Jussi,Vehmaa,Finland/Savo-Karelia,Finnish,su,Jussi,1,1,Jussi (1),Jussin (1),Jussi's (1)
3,John / Jaan / Jussi / Hans,Jussi,Venjoki,Ingria,Finnish,su,Jussi,4,1,Jussi (4),Jussi (4),Jussi (4)
3,John / Jaan / Jussi / Hans,Jussi,Vesanto,Finland/Savo-Karelia,Finnish,su,Jussi,1,1,Jussi (1),Jussi (1),Jussi (1)
3,John / Jaan / Jussi / Hans,Jussi,Vesilahti,Finland/Savo-Karelia,Finnish,su,Jussi,2,2,Jussi (2),Jussi (2),Jussi (2)
3,John / Jaan / Jussi / Hans,Jussi,Veteli,Finland/Savo-Karelia,Finnish,su,Jussi,1,1,Jussi (1),Jussi (1),Jussi (1)
3,John / Jaan / Jussi / Hans,Jaan/Jaani,Vigala,Estonia core/west,North Estonian,viP,Jaan,11,7,Jaan (10); Jaani (1),Jaani (6); Jaan (5),Jaan's (6); Jaan (5)
3,John / Jaan / Jussi / Hans,Hans,Vigala,Estonia core/west,North Estonian,viP,Hans,4,3,Hans (4),Hansu (3); Hans (1),Hans's (3); Hans (1)
3,John / Jaan / Jussi / Hans,Ants,Vigala,Estonia core/west,North Estonian,viP,Ants,2,2,Ants (2),Antsu (1); Ants (1),Ants's (1); Ants (1)
3,John / Jaan / Jussi / Hans,John/St John,Vigala,Estonia core/west,North Estonian,viP,Jaan,2,1,Jaan (2),Jaani (2),John's (2)
3,John / Jaan / Jussi / Hans,Hans,Vigala,Estonia core/west,North Estonian,viP,Hants,1,1,Hants (1),Hants (1),Hans (1)
3,John / Jaan / Jussi / Hans,John/St John,Vigala,Estonia core/west,North Estonian,viP,Karjajaani,1,1,karjajaani (1),Karja-Jaani (1),Herdsman-John (1)
3,John / Jaan / Jussi / Hans,Jussi,Vihti,Finland/Savo-Karelia,Finnish,su,Jussi,1,1,Jussi (1),Jussi (1),Jussi (1)
3,John / Jaan / Jussi / Hans,Jussi,Vihti,Finland/Savo-Karelia,Finnish,su,Jussin,1,1,Jussis (1),Jussin (1),Jussi's (1)
3,John / Jaan / Jussi / Hans,Jussi,Vihti,Finland/Savo-Karelia,Finnish,su,Jussin kukko,1,1,Julliskukko (1),Jullisen kukko (1),Jussi's rooster (1)
3,John / Jaan / Jussi / Hans,Jussi,Viipuri,Finland/Savo-Karelia,Finnish,su,Jussi,1,1,Jussi (1),Jussi (1),Jussi (1)
3,John / Jaan / Jussi / Hans,Hans,Viljandi,Estonia core/west,North Estonian,viP,Hans,18,11,Hans (10); hans (8),Hans (16); hansukene (1); hansul (1),Hans (16); little Hans (1); Hans has (1)
3,John / Jaan / Jussi / Hans,Ants,Viljandi,Estonia core/west,North Estonian,viP,Ants,11,5,Ants (10); ans (1),Ants (9); Antsukene (1); Antsul (1),Ants (9); little Ants (1); at Ants (1)
3,John / Jaan / Jussi / Hans,Jaan/Jaani,Viljandi,Estonia core/west,North Estonian,viP,Jaan,10,6,Jaan (9); Jaani (1),Jaan (5); Jaani (3); Jaanile (2),Jaan (5); Jaan's (3); to Jaan (2)
3,John / Jaan / Jussi / Hans,John/St John,Viljandi,Estonia core/west,North Estonian,viP,Jaan,5,5,Jaan (3); Jaanikene (2),Jaani (2); Jaanikene (2); Jaan (1),John's (2); little John (1); Little John (1); John (1)
3,John / Jaan / Jussi / Hans,John/St John,Viljandi,Estonia core/west,North Estonian,viP,jaanike,3,3,jaanikene (3),jaanikene (3),Little John (3)
3,John / Jaan / Jussi / Hans,Juhan,Viljandi,Estonia core/west,North Estonian,viP,Juhan,2,2,Juhan (2),Juhan (2),Juhan (2)
3,John / Jaan / Jussi / Hans,Jussi,Viljandi,Estonia core/west,North Estonian,viP,Jussi,2,2,Jussi (1); jussi (1),Jussi (2),Jussi (2)
3,John / Jaan / Jussi / Hans,Ants,Viljandi,Estonia core/west,North Estonian,viP,must+ants,1,1,must+ants (1),Musta-Antsu (1),Black Ants (1)
3,John / Jaan / Jussi / Hans,Hans,Viljandi,Estonia core/west,North Estonian,viP,Hansu+kene,1,1,Hansu+kene (1),hansukesta (1),little Hans (1)
3,John / Jaan / Jussi / Hans,Hans,Viljandi,Estonia core/west,North Estonian,viP,hans,1,1,hanssu (1),Hansu (1),Hans's (1)
3,John / Jaan / Jussi / Hans,Hans,Viljandi,Estonia core/west,North Estonian,viP,hansu+ke,1,1,hansu+kene (1),hansukene (1),little Hans (1)
3,John / Jaan / Jussi / Hans,Hans,Viljandi,Estonia core/west,North Estonian,viP,hants,1,1,hantsel (1),Hantsel (1),Hans (1)
3,John / Jaan / Jussi / Hans,Hans,Viljandi,Estonia core/west,North Estonian,viP,hantsukene,1,1,hantsu+kene (1),hantsukene (1),little Hans (1)
3,John / Jaan / Jussi / Hans,Jaan/Jaani,Viljandi,Estonia core/west,North Estonian,viP,Jaani,1,1,Jaani (1),Jaani (1),Jaani's (1)
3,John / Jaan / Jussi / Hans,Jaan/Jaani,Viljandi,Estonia core/west,North Estonian,viP,Jaanikene,1,1,Jaanikene (1),Jaanikene (1),little Jaan (1)
3,John / Jaan / Jussi / Hans,Jaan/Jaani,Viljandi,Estonia core/west,North Estonian,viP,jaanikene,1,1,jaanikene (1),jaanikene (1),Dear Jaan (1)
3,John / Jaan / Jussi / Hans,John/St John,Viljandi,Estonia core/west,North Estonian,viP,Jaanikene,1,1,Jaanikene (1),Jaanikene (1),Little John (1)
3,John / Jaan / Jussi / Hans,John/St John,Viljandi,Estonia core/west,North Estonian,viP,jaanikene,1,1,jaanikene (1),jaanikene (1),John (1)
3,John / Jaan / Jussi / Hans,John/St John,Viljandi,Estonia core/west,North Estonian,viP,jaanililled,1,1,jaanieinäd (1),jaanililled (1),St. John's herbs (1)
3,John / Jaan / Jussi / Hans,Jussi,Virtasalmi,Finland/Savo-Karelia,Finnish,su,Jussi,2,2,Jussi (2),Jussi (2),Jussi (2)
3,John / Jaan / Jussi / Hans,Ants,Viru-Jaagupi,Estonia core/west,North Estonian,viP,Ants,1,1,ants (1),Ants (1),Ants (1)
3,John / Jaan / Jussi / Hans,Hans,Viru-Jaagupi,Estonia core/west,North Estonian,viP,Hans,1,1,Hans (1),Hans (1),Hans (1)
3,John / Jaan / Jussi / Hans,Jaan/Jaani,Viru-Jaagupi,Estonia core/west,North Estonian,viP,Aru-Jaani,1,1,Aru-Jaani (1),Aru-Jaani (1),Aru-Jaani (1)
3,John / Jaan / Jussi / Hans,Jaan/Jaani,Viru-Jaagupi,Estonia core/west,North Estonian,viP,Jaan,1,1,Jaan (1),Jaani (1),Jaan's (1)
3,John / Jaan / Jussi / Hans,Jaan/Jaani,Viru-Jaagupi,Estonia core/west,North Estonian,viP,Jaani,1,1,Jaani (1),Jaani (1),Jaani's (1)
3,John / Jaan / Jussi / Hans,Jaan/Jaani,Viru-Jaagupi,Estonia core/west,North Estonian,viP,Talli-Jaan,1,1,Talli-Jaan (1),Talli-Jaani (1),Talli-Jaan (genitive) (1)
3,John / Jaan / Jussi / Hans,John/St John,Viru-Jaagupi,Estonia core/west,North Estonian,viP,Jaan,1,1,Jaan (1),Jaani (1),John's (1)
3,John / Jaan / Jussi / Hans,Hans,Viru-Nigula,Estonia core/west,North Estonian,viP,Hans,6,4,Hans (5); Hanso (1),Hansu (3); Hans (2); Hansust (1),Hans (2); Hans' (1); of Hans (1); Hans's (1); from Hans (1)
3,John / Jaan / Jussi / Hans,Jaan/Jaani,Viru-Nigula,Estonia core/west,North Estonian,viP,Jaan,3,3,Jaan (2); Jaani (1),Jaani (3),Jaan's (2); Jaani's (1)
3,John / Jaan / Jussi / Hans,Ants,Viru-Nigula,Estonia core/west,North Estonian,viP,Ants,1,1,Ants (1),Ants (1),Ants (1)
3,John / Jaan / Jussi / Hans,Ants,Viru-Nigula,Estonia core/west,North Estonian,viP,Antsu_südamed,1,1,Antsu_sida (1),Antsu südameid (1),Ants' hearts (1)
3,John / Jaan / Jussi / Hans,Jaan/Jaani,Viru-Nigula,Estonia core/west,North Estonian,viP,Talli-Jaan,1,1,Talli-Jaan (1),Talli-Jaani (1),Talli-Jaan (genitive) (1)
3,John / Jaan / Jussi / Hans,Jaan/Jaani,Viru-Nigula,Estonia core/west,North Estonian,viP,jaanõhtu,1,1,jaanõhtu (1),jaanõhtu (1),Jaan's evening (1)
3,John / Jaan / Jussi / Hans,John/St John,Viru-Nigula,Estonia core/west,North Estonian,viP,Jaan,1,1,Jaan (1),Jaani (1),John's (1)
3,John / Jaan / Jussi / Hans,Jussi,Vuokkiniemi,East Karelia/Veps/Tver,Karelian Proper,ka,Jussi,11,2,Jussi (11),Jussi (10); Jussilla (1),Jussi (10); on Jussi (1)
3,John / Jaan / Jussi / Hans,Jussi,Vuole,Ingria,Finnish,su,Jussi,4,2,Jussi (4),Jussin (4),Jussi's (4)
3,John / Jaan / Jussi / Hans,Jussi,Vuole,Ingria,Finnish,su,(proper),1,1,Jussi (1),Jussi (1),Jussi (1)
3,John / Jaan / Jussi / Hans,Hans,Väike-Maarja,Estonia core/west,North Estonian,viP,Hans,9,7,Hans (9),Hans (5); Hansu (4),Hans (5); Hans's (4)
3,John / Jaan / Jussi / Hans,Ants,Väike-Maarja,Estonia core/west,North Estonian,viP,Ants,6,1,Ants (6),Antsu (3); Ants (3),Ants's (3); Ants (3)
3,John / Jaan / Jussi / Hans,Jaan/Jaani,Väike-Maarja,Estonia core/west,North Estonian,viP,Jaan,6,6,Jaan (6),Jaan (3); Jaani (1); Jaanis (1); Juani (1),Jaan (3); Jaan's (2); in-Jaan (1)
3,John / Jaan / Jussi / Hans,Hans,Väike-Maarja,Estonia core/west,North Estonian,viP,hansuke,1,1,hansukene (1),hansukene (1),little Hans (1)
3,John / Jaan / Jussi / Hans,John/St John,Väike-Maarja,Estonia core/west,North Estonian,viP,Jaan,1,1,Jaan (1),Jaani (1),John's (1)
3,John / Jaan / Jussi / Hans,Hans,Vändra,Estonia core/west,North Estonian,viP,Hans,13,7,Hans (13),Hans (10); Hansu (2); Hansul (1),Hans (10); Hans's (2); on Hans (1)
3,John / Jaan / Jussi / Hans,Jaan/Jaani,Vändra,Estonia core/west,North Estonian,viP,Jaan,7,5,Jaan (7),Jaan (4); Jaani (1); Jaanist (1); Jaanil (1),Jaan (4); Jaan's (1); from Jaan (1); on Jaan (1)
3,John / Jaan / Jussi / Hans,Hans,Vändra,Estonia core/west,North Estonian,viP,hansuke,3,2,hansu-kene (2); hansuke (1),Hansukene (2); Hansuke (1),Little Hans (3)
3,John / Jaan / Jussi / Hans,Ants,Vändra,Estonia core/west,North Estonian,viP,Ants,1,1,Ants (1),Antsu (1),Ants's (1)
3,John / Jaan / Jussi / Hans,Hans,Vändra,Estonia core/west,North Estonian,viP,hannsuke,1,1,hanso-kene (1),Hansukene (1),Little Hans (1)
3,John / Jaan / Jussi / Hans,Juhan,Vändra,Estonia core/west,North Estonian,viP,Juhan,1,1,Juhan (1),Juhan (1),Juhan (1)
3,John / Jaan / Jussi / Hans,Hans,Võnnu,Estonia core/west,South Estonian,viE,Hans,11,5,Hans (11),Hans (10); Hansu (1),Hans (10); Hans' (1)
3,John / Jaan / Jussi / Hans,Jaan/Jaani,Võnnu,Estonia core/west,South Estonian,viE,Jaan,5,3,Jaan (5),Jaan (5),Jaan (5)
3,John / Jaan / Jussi / Hans,Ants,Võnnu,Estonia core/west,South Estonian,viE,Ants,3,3,Ants (3),Ants (2); Antsule (1),Ants (2); to Ants (1)
3,John / Jaan / Jussi / Hans,Jaan/Jaani,Võnnu,Estonia core/west,South Estonian,viE,jaanikene,2,1,jaanikene (2),Jaanikene (2),little Jaan (2)
3,John / Jaan / Jussi / Hans,Jaan/Jaani,Võnnu,Estonia core/west,South Estonian,viE,Moori-Jaan,1,1,Moori-Jaan (1),Moori-Jaan (1),Moori-Jaan (1)
3,John / Jaan / Jussi / Hans,Juhan,Võnnu,Estonia core/west,South Estonian,viE,Juhan,1,1,Juhan (1),Juhan (1),Juhan (1)
3,John / Jaan / Jussi / Hans,Jussi,Võnnu,Estonia core/west,South Estonian,viE,Jussi,1,1,Jussi (1),Jussi (1),Jussi (1)
3,John / Jaan / Jussi / Hans,Jussi,Ylihärmä,Finland/Savo-Karelia,Finnish,su,Jussi,1,1,Jussi (1),Jussi (1),Jussi (1)
3,John / Jaan / Jussi / Hans,Jussi,Ylikiiminki,Finland/Savo-Karelia,Finnish,su,Jussi,1,1,Jussi (1),Jussi (1),Jussi (1)
3,John / Jaan / Jussi / Hans,Jussi,Ylistaro,Finland/Savo-Karelia,Finnish,su,Jussi,2,2,Jussi (2),Jussi (2),Jussi (2)
3,John / Jaan / Jussi / Hans,Jussi,Yläne,Finland/Savo-Karelia,Finnish,su,Jussi,4,2,Jussi (2); Jussis (1); Jussien (1),Jussi (2); Jussis (1); Jussien (1),Jussi (3); of Jussi (1)
3,John / Jaan / Jussi / Hans,Jussi,Ypäjä,Finland/Savo-Karelia,Finnish,su,Jussi,1,1,Jussi (1),Jussin (1),Jussi's (1)
3,John / Jaan / Jussi / Hans,Jussi,Ähtäri,Finland/Savo-Karelia,Finnish,su,kota-Jussi,1,1,kota-Jussi (1),Kota-Jussi (1),Hut-Jussi (1)
3,John / Jaan / Jussi / Hans,Juhan,Äksi,Estonia core/west,North Estonian,viP,Juhan,4,3,Juhan (4),Juhanit (2); Juhan (1); Juhani (1),Juhan (3); Juhan's (1)
3,John / Jaan / Jussi / Hans,Ants,Äksi,Estonia core/west,North Estonian,viP,Ants,2,2,Ants (2),Antsu (1); Ants (1),Ants's (1); Ants (1)
3,John / Jaan / Jussi / Hans,Jaan/Jaani,Äksi,Estonia core/west,North Estonian,viP,Jaan,2,2,Jaan (2),Jaani (2),Jaan's (1); Jaani's (1)
3,John / Jaan / Jussi / Hans,Ants,Äksi,Estonia core/west,North Estonian,viP,Antsuke,1,1,Antsuke (1),Antsuke (1),Little Ants (1)
3,John / Jaan / Jussi / Hans,Hans,Äksi,Estonia core/west,North Estonian,viP,Hans,1,1,Hants (1),Hants (1),Hans (name) (1)
3,John / Jaan / Jussi / Hans,John/St John,Äksi,Estonia core/west,North Estonian,viP,Jaan,1,1,Jaan (1),Jaani (1),John's (1)
3,John / Jaan / Jussi / Hans,John/St John,Äksi,Estonia core/west,North Estonian,viP,jaanike,1,1,jaanike (1),jaanike (1),little John (1)
3,John / Jaan / Jussi / Hans,John/St John,Östmark,Finland/Savo-Karelia,Finnish,su,Juho,1,1,Juho (1),Juhon (1),John's (1)
4,Catherine / Kadri / Katri,Kaisa/Kaie,Alatornio,Finland/Savo-Karelia,Finnish,su,Kaisa,1,1,Kaisa (1),Kaisaa (1),Kaisa (1)
4,Catherine / Kadri / Katri,Kadri,Ambla,Estonia core/west,North Estonian,viP,Kadri,32,6,Kadri (31); Kadrid (1),Kadri (24); Kadrile (3); Kadrid (2); Kadril (2); kadrid (1),Kadri (22); Kadris (3); to Kadri (3); Kadri's (2); on Kadri (2)
4,Catherine / Kadri / Katri,Kaisa/Kaie,Ambla,Estonia core/west,North Estonian,viP,Kaie,6,5,Kaie (6),Kaie (6),Kaie (6)
4,Catherine / Kadri / Katri,Kadri,Ambla,Estonia core/west,North Estonian,viP,Kadrile,2,1,Kadrile (2),Kadrile (2),to Kadri (2)
4,Catherine / Kadri / Katri,Catherine/Katherine,Ambla,Estonia core/west,North Estonian,viP,kadrisandid,1,1,kadrisandid (1),kadrisandid (1),Catherine's guests (1)
4,Catherine / Kadri / Katri,Kadri,Ambla,Estonia core/west,North Estonian,viP,Kadri sõnad,1,1,kadri+sand (1),Kadri sõnad (1),Kadri's words (1)
4,Catherine / Kadri / Katri,Kadri,Ambla,Estonia core/west,North Estonian,viP,Kadrike,1,1,Kadrikene (1),kadrikene (1),little Kadri (1)
4,Catherine / Kadri / Katri,Kadri,Ambla,Estonia core/west,North Estonian,viP,Kadrikese,1,1,Kadrikene (1),kadrikesed (1),little Kadris (1)
4,Catherine / Kadri / Katri,Kadri,Ambla,Estonia core/west,North Estonian,viP,Kadril,1,1,Kadril (1),Kadril (1),Kadri's (1)
4,Catherine / Kadri / Katri,Kadri,Ambla,Estonia core/west,North Estonian,viP,kadrike,1,1,kadrikene (1),kadrikesed (1),little Kadris (1)
4,Catherine / Kadri / Katri,Kadri,Ambla,Estonia core/west,North Estonian,viP,kudriskadris,1,1,kudriskadris (1),Kudris-Kadris (1),Kadri-invocation (1)
4,Catherine / Kadri / Katri,Kaisa/Kaie,Ambla,Estonia core/west,North Estonian,viP,Kai,1,1,Kai (1),Kaie (1),Kaie's (1)
4,Catherine / Kadri / Katri,Kaisa/Kaie,Asikkala,Finland/Savo-Karelia,Finnish,su,Kaisa,2,2,Kaisa (2),Kaisa (2),Kaisa (2)
4,Catherine / Kadri / Katri,Kadri,Audru,Estonia core/west,North Estonian,viP,Kadri,31,6,Kadri (31),Kadri (20); Kadrid (6); kadrid (2); kadril (2); Kadrit (1),Kadri (21); Kadris (7); for Kadri (2); Kadris (name) (1)
4,Catherine / Kadri / Katri,Kadri,Audru,Estonia core/west,North Estonian,viP,kadrike,7,2,kadrikene (7),kadrikesed (6); kadrikesi (1),little Kadris (7)
4,Catherine / Kadri / Katri,Kadri,Audru,Estonia core/west,North Estonian,viP,kadri,4,1,kadri (4),kadri (4),Kadri (4)
4,Catherine / Kadri / Katri,Kaisa/Kaie,Audru,Estonia core/west,North Estonian,viP,Kaie,4,2,Kaie (4),Kaie (4),Kaie (3); (of) Kaie (1)
4,Catherine / Kadri / Katri,Catherine/Katherine,Audru,Estonia core/west,North Estonian,viP,Kadri,3,1,Kadri (3),Kadri (3),Catherine (3)
4,Catherine / Kadri / Katri,Kadri,Audru,Estonia core/west,North Estonian,viP,kadrisandid,1,1,kadrisandid (1),kadrisandid (1),Kadri-beggars (1)
4,Catherine / Kadri / Katri,Kati,Brandval,Finland/Savo-Karelia,Finnish,su,Kati,1,1,Kati (1),Kati (1),Kati (1)
4,Catherine / Kadri / Katri,Kati,Emmaste,Estonia core/west,North Estonian,viP,Kati,1,1,Kati (1),Kati (1),Kati's (1)
4,Catherine / Kadri / Katri,Kaisa/Kaie,Eno,Finland/Savo-Karelia,Finnish,su,Kaisa,1,1,Kaisa (1),Kaisa (1),Kaisa (1)
4,Catherine / Kadri / Katri,Kadri,Haljala,Estonia core/west,North Estonian,viP,Kadri,19,6,Kadri (19),Kadri (16); Kadril (2); Kadrid (1),Kadri (16); Kadri's (2); Kadris (1)
4,Catherine / Kadri / Katri,Kaisa/Kaie,Haljala,Estonia core/west,North Estonian,viP,Kaie,15,9,Kaie (13); kaigas (1); Kaiekesta (1),Kaie (13); Kaiel (1); Kaiekest (1),Kaie (12); Kaie's (2); at Kaie's (1)
4,Catherine / Kadri / Katri,Katri/Katrina,Haljala,Estonia core/west,North Estonian,viP,Katri,15,3,Katri (15),Katri (13); Katril (2),Katri (13); Katri (has) (2)
4,Catherine / Kadri / Katri,Kaisa/Kaie,Haljala,Estonia core/west,North Estonian,viP,Kai,4,3,Kai (2); Kaie (2),Kai (2); Kaie (2),Kaie (3); Kaie (name) (1)
4,Catherine / Kadri / Katri,Kadri,Haljala,Estonia core/west,North Estonian,viP,Kadrina,2,2,Kadrina (2),Kadrinasse (1); Kadrina (1),Kadrina (2)
4,Catherine / Kadri / Katri,Kadri,Haljala,Estonia core/west,North Estonian,viP,kadrisandid,1,1,kadrisandid (1),kadrisandid (1),Kadri-guests (1)
4,Catherine / Kadri / Katri,Kaisa/Kaie,Haljala,Estonia core/west,North Estonian,viP,kaja/kai,1,1,kaie (1),Kaie (1),Kaie (1)
4,Catherine / Kadri / Katri,Kadri,Halliste,Estonia core/west,South Estonian,viE,Kadri,35,15,Kadri (35),Kadri (29); Kadril (3); Kadrikese (1); kadrita (1); Kadrid (1),Kadri (29); on Kadri (2); little Kadri (1); without Kadri (1); Kadri (locative) (1); Kadris (1)
4,Catherine / Kadri / Katri,Kadri,Halliste,Estonia core/west,South Estonian,viE,kadri,4,2,kadri (3); kadrit (1),kadri (3); kadrit (1),Kadri (3); Kadri's (1)
4,Catherine / Kadri / Katri,Kaisa/Kaie,Halliste,Estonia core/west,South Estonian,viE,Kaie,2,1,Kaie (2),Kaie (2),Kaie (2)
4,Catherine / Kadri / Katri,Kadri,Halliste,Estonia core/west,South Estonian,viE,Kadrikari,1,1,Kadri+kari (1),Kadrikarja (1),Kadri-herd (1)
4,Catherine / Kadri / Katri,Kaisa/Kaie,Halliste,Estonia core/west,South Estonian,viE,kai,1,1,kaie (diminutive) (1),kaiekesta (1),Kaie (1)
4,Catherine / Kadri / Katri,Kaisa/Kaie,Halliste,Estonia core/west,South Estonian,viE,kaiekene,1,1,kaiekene (1),Kaiekesta (1),Kaie (1)
4,Catherine / Kadri / Katri,Kaisa/Kaie,Halsua,Finland/Savo-Karelia,Finnish,su,Kaisa,1,1,Kaisa (1),Kaisa (1),Kaisa (1)
4,Catherine / Kadri / Katri,Kadri,Hanila,Estonia core/west,North Estonian,viP,Kadri,10,1,Kadri (10),Kadri (9); Kadril (1),Kadri (9); Kadri has (1)
4,Catherine / Kadri / Katri,Kaisa/Kaie,Hanila,Estonia core/west,North Estonian,viP,Kaie,1,1,Kaie (1),Kaie (1),Kaie (1)
4,Catherine / Kadri / Katri,Katri/Katrina,Hargla,South Estonia/Seto,South Estonian,viE,Katri,1,1,katrit (1),Katrit (1),Katri (1)
4,Catherine / Kadri / Katri,Kadri,Harju-Jaani,Estonia core/west,North Estonian,viP,Kadri,13,2,Kadri (13),Kadri (9); Kadrid (2); Kadril (2),Kadri (7); Kadris (2); on Kadri (2); Kadri's (2)
4,Catherine / Kadri / Katri,Kadri,Harju-Jaani,Estonia core/west,North Estonian,viP,kadrike,2,1,kadrikene (2),kadrikesed (2),little Kadris (2)
4,Catherine / Kadri / Katri,Kaisa/Kaie,Harju-Jaani,Estonia core/west,North Estonian,viP,Kaie,1,1,Kaiel (1),Kaiel (1),at Kaie's (1)
4,Catherine / Kadri / Katri,Kadri,Harju-Madise,Estonia core/west,North Estonian,viP,Kadri,5,1,Kadri (5),Kadri (4); kadrid (1),Kadri's (4); Kadris (1)
4,Catherine / Kadri / Katri,Catherine/Katherine,Hartola,Finland/Savo-Karelia,Finnish,su,Katariina,2,2,Katariina (2),Katariina (2),Catherine (2)
4,Catherine / Kadri / Katri,Kaisa/Kaie,Heinävesi,Finland/Savo-Karelia,Finnish,su,Kaisa,1,1,Kaisa (1),Kaisa (1),Kaisa (1)
4,Catherine / Kadri / Katri,Kadri,Helme,Estonia core/west,South Estonian,viE,Kadri,61,10,Kadri (54); kadri (4); Kadrikene (1); kadrile (1); kadril (1),Kadri (57); Kadril (2); Kadrikene (1); Kadrile (1),Kadri (53); Kadri (name) (3); dear Kadri (1); to Kadri (1); at Kadri (1); at Kadri's (1)
4,Catherine / Kadri / Katri,Kaisa/Kaie,Helme,Estonia core/west,South Estonian,viE,Kaie,3,3,Kaie (2); kaie (1),Kaie (3),Kaie (3)
4,Catherine / Kadri / Katri,Kaisa/Kaie,Helme,Estonia core/west,South Estonian,viE,Kai,2,2,Kai (1); Kaie (1),Kai (1); Kaie (1),Kaie's (1); Kaie (1)
4,Catherine / Kadri / Katri,Kadri,Helme,Estonia core/west,South Estonian,viE,Kadril,1,1,Kadril (1),Kadril (1),Kadri has (1)
4,Catherine / Kadri / Katri,Kadri,Helme,Estonia core/west,South Estonian,viE,Kadrisaadik,1,1,Kadrisandi (1),Kadrisaadik (1),Kadri's envoy (1)
4,Catherine / Kadri / Katri,Kaisa/Kaie,Helme,Estonia core/west,South Estonian,viE,kaie+ke,1,1,kaie+kene (1),kaiekene (1),little Kaie (1)
4,Catherine / Kadri / Katri,Kaisa/Kaie,Helsinki,Finland/Savo-Karelia,Finnish,su,Kaisa,1,1,Kaisa (1),Kaisa (1),Kaisa (1)
4,Catherine / Kadri / Katri,Katri/Katrina,Hietamäki,Ingria,Finnish,su,Katri,10,3,Katri (10),Katri (9); Katrin (1),Katri (10)
4,Catherine / Kadri / Katri,Katri/Katrina,Hietamäki,Ingria,Finnish,su,Katri & sisar,1,1,katsisosi (1),Katrisisosi (1),your sister Katri (1)
4,Catherine / Kadri / Katri,Katri/Katrina,Hietamäki,Ingria,Finnish,su,Katriina,1,1,Katriina (1),Katrina (1),Katrina (1)
4,Catherine / Kadri / Katri,Kaisa/Kaie,Hirvensalmi,Finland/Savo-Karelia,Finnish,su,Kaisa,1,1,Kaisa (1),Kaisa (1),Kaisa (1)
4,Catherine / Kadri / Katri,Katri/Katrina,Hirvensalmi,Finland/Savo-Karelia,Finnish,su,Katri,1,1,Katri (1),Katri (1),Katri (1)
4,Catherine / Kadri / Katri,Kaisa/Kaie,Hollola,Finland/Savo-Karelia,Finnish,su,Kaisa,1,1,Kaisa (1),Kaisa (1),Kaisa (1)
4,Catherine / Kadri / Katri,Kaisa/Kaie,Hämeenlinna,Finland/Savo-Karelia,Finnish,su,Kaisa,1,1,Kaisa (1),Kaisa (1),Kaisa (1)
4,Catherine / Kadri / Katri,Kadri,Häädemeeste,Estonia core/west,North Estonian,viP,kadri,13,1,kadri (13),kadri (9); kadrid (2); kadril (2),Kadri (8); Kadri(s) (2); on Kadri (2); Kadri's (1)
4,Catherine / Kadri / Katri,Kadri,Häädemeeste,Estonia core/west,North Estonian,viP,Kadri,8,3,Kadri (5); kadri (3),Kadri (3); kadrid (2); Kadrid (2); kadri (1),Kadris (4); Kadri (3); Kadri's (1)
4,Catherine / Kadri / Katri,Kadri,Häädemeeste,Estonia core/west,North Estonian,viP,kadrilaps,1,1,kadri+laps (1),kadrilapsi (1),Kadri's children (1)
4,Catherine / Kadri / Katri,Kaisa/Kaie,Häädemeeste,Estonia core/west,North Estonian,viP,Kaie,1,1,Kaie (1),Kaie (1),Kaie (1)
4,Catherine / Kadri / Katri,Kaisa/Kaie,Iisaku,Estonia core/west,North Estonian,viP,Kaie,2,2,Kaie (2),Kaie (1); Kaied (1),Kaie's (1); Kaie (name) (1)
4,Catherine / Kadri / Katri,Kadri,Iisaku,Estonia core/west,North Estonian,viP,Kadrina,1,1,Kadrina (1),Kadrina (1),Kadrina (1)
4,Catherine / Kadri / Katri,Kaisa/Kaie,Ilomantsi,Finland/Savo-Karelia,Finnish,su,Kaisa,12,6,Kaisa (12),Kaisa (9); Kaisan (3),Kaisa (9); Kaisa's (3)
4,Catherine / Kadri / Katri,Kadri,Impilahti,East Karelia/Veps/Tver,Livvi-Karelian,ka,Kadrina,2,1,Kadrina (2),Kadrina (2),Kadrina (2)
4,Catherine / Kadri / Katri,Kaisa/Kaie,Impilahti,East Karelia/Veps/Tver,Livvi-Karelian,ka,Kaisa,2,2,Kaisa (2),Kaisa (2),Kaisa (2)
4,Catherine / Kadri / Katri,Catherine/Katherine,Impilahti,East Karelia/Veps/Tver,Livvi-Karelian,ka,Katariina,1,1,Katrina (1),Katrina (1),Catherine (1)
4,Catherine / Kadri / Katri,Catherine/Katherine,Jaakkima,Finland/Savo-Karelia,Finnish,su,Katri,2,1,Katri (2),Katri (2),Katherine (2)
4,Catherine / Kadri / Katri,Kaisa/Kaie,Joroinen,Finland/Savo-Karelia,Finnish,su,Kaisa,1,1,Kaisa (1),Kaisa (1),Kaisa (1)
4,Catherine / Kadri / Katri,Kadri,Juuru,Estonia core/west,North Estonian,viP,kadri,13,1,kadri (13),kadri (11); kadrid (2),Kadri (11); Kadris (2)
4,Catherine / Kadri / Katri,Kadri,Juuru,Estonia core/west,North Estonian,viP,Kadri,6,2,Kadri (6),Kadri (6),Kadri (6)
4,Catherine / Kadri / Katri,Kadri,Juuru,Estonia core/west,North Estonian,viP,kadrike,3,1,kadrikene (3),kadrikene (3),little Kadri (3)
4,Catherine / Kadri / Katri,Kadri,Juuru,Estonia core/west,North Estonian,viP,kadril,1,1,kadril (1),kadril (1),on Kadri (1)
4,Catherine / Kadri / Katri,Kaisa/Kaie,Juva,Finland/Savo-Karelia,Finnish,su,Kaisa,6,6,Kaisa (6),Kaisa (4); Kaisan (1); Kaisaksi (1),Kaisa (5); Kaisa's (1)
4,Catherine / Kadri / Katri,Catherine/Katherine,Juva,Finland/Savo-Karelia,Finnish,su,Katariina,1,1,Katariina (1),Katariina (1),Katherine (1)
4,Catherine / Kadri / Katri,Kaisa/Kaie,Jämaja,Estonia core/west,North Estonian,viP,Kaie,3,1,Kaie (3),Kaie (3),Kaie (3)
4,Catherine / Kadri / Katri,Kadri,Jämaja,Estonia core/west,North Estonian,viP,Kadri,1,1,Kadri (1),Kadrile (1),Kadri (allative) (1)
4,Catherine / Kadri / Katri,Kaisa/Kaie,Jämsä,Finland/Savo-Karelia,Finnish,su,Kaisa,1,1,Kaisa (1),Kaisa (1),Kaisa (1)
4,Catherine / Kadri / Katri,Kaisa/Kaie,Jäppilä,Finland/Savo-Karelia,Finnish,su,Kaisa,1,1,Kaisa (1),Kaisa (1),Kaisa (1)
4,Catherine / Kadri / Katri,Kadri,Järva-Jaani,Estonia core/west,North Estonian,viP,Kadri,6,2,Kadri (6),Kadri (5); Kadril (1),Kadri (5); Kadri has (1)
4,Catherine / Kadri / Katri,Kadri,Järva-Jaani,Estonia core/west,North Estonian,viP,kadri,4,1,kadri (4),kadri (3); kadril (1),Kadri (3); on Kadri (1)
4,Catherine / Kadri / Katri,Kadri,Järva-Jaani,Estonia core/west,North Estonian,viP,Kadrike,1,1,Kadrikene (1),Kadrikesed (1),little Kadris (1)
4,Catherine / Kadri / Katri,Kadri,Järva-Jaani,Estonia core/west,North Estonian,viP,Kadrina,1,1,Kadrina (1),Kadrina (1),Kadrina's (1)
4,Catherine / Kadri / Katri,Kadri,Järva-Jaani,Estonia core/west,North Estonian,viP,kadrikene,1,1,kadrikene (1),kadrikesed (1),little Kadris (1)
4,Catherine / Kadri / Katri,Kaisa/Kaie,Järva-Jaani,Estonia core/west,North Estonian,viP,Kaie,1,1,Kaie (1),Kaie (1),Kaie (1)
4,Catherine / Kadri / Katri,Kadri,Järva-Madise,Estonia core/west,North Estonian,viP,Kadri,5,3,Kadri (5),Kadri (5),Kadri (5)
4,Catherine / Kadri / Katri,Kadri,Järva-Madise,Estonia core/west,North Estonian,viP,Kadrina,1,1,Kadrina (1),Kadrina (1),Kadrina (1)
4,Catherine / Kadri / Katri,Kadri,Järva-Madise,Estonia core/west,North Estonian,viP,kadri,1,1,kadri (1),kadrid (1),Kadris (1)
4,Catherine / Kadri / Katri,Kaisa/Kaie,Järva-Madise,Estonia core/west,North Estonian,viP,kaiekene,1,1,kaiekene (1),kaiekene (1),little Kaie (1)
4,Catherine / Kadri / Katri,Kaisa/Kaie,Jääski,Finland/Savo-Karelia,Finnish,su,Kaisa,2,1,Kaisa (2),Kaisa (2),Kaisa (2)
4,Catherine / Kadri / Katri,Kaisa/Kaie,Jõelähtme,Estonia core/west,North Estonian,viP,Kaie,2,2,Kaie (2),Kaie (1); Kaiele (1),Kaie (1); to Kaie (1)
4,Catherine / Kadri / Katri,Kadri,Jõhvi,Estonia core/west,North Estonian,viP,Kadri,5,5,Kadri (4); kadrid (1),Kadril (2); Kadrid (2); Kadri (1),Kadris (2); at Kadri's (1); Kadri (1); at Kadri (1)
4,Catherine / Kadri / Katri,Kaisa/Kaie,Jõhvi,Estonia core/west,North Estonian,viP,Kaie,4,4,Kaie (4),Kaie (4),Kaie (3); Kaie's (1)
4,Catherine / Kadri / Katri,Kadri,Jõhvi,Estonia core/west,North Estonian,viP,kadrike,1,1,kadrikene (1),kadrikene (1),little Kadri (1)
4,Catherine / Kadri / Katri,Kaisa/Kaie,Jüri,Estonia core/west,North Estonian,viP,Kaie,5,3,Kaie (5),Kaie (4); kaiega (1),Kaie (5)
4,Catherine / Kadri / Katri,Kadri,Jüri,Estonia core/west,North Estonian,viP,Kadri,4,2,Kadri (4),Kadri (4),Kadri (4)
4,Catherine / Kadri / Katri,Kaisa/Kaie,Jüri,Estonia core/west,North Estonian,viP,Kai,1,1,Kai (1),Kaie (1),Kaie's (1)
4,Catherine / Kadri / Katri,Kaisa/Kaie,Kaavi,Finland/Savo-Karelia,Finnish,su,kappa-Kaisa,1,1,kapatti-Kaisa (1),Kapatin-Kaisa (1),Cap-Kaisa (1)
4,Catherine / Kadri / Katri,Kadri,Kadrina,Estonia core/west,North Estonian,viP,Kadri,10,4,Kadri (10),Kadri (7); Kadril (2); Kadrid (1),Kadri (7); on Kadri (2); Kadris (1)
4,Catherine / Kadri / Katri,Kaisa/Kaie,Kadrina,Estonia core/west,North Estonian,viP,Kaie,10,7,Kaie (10),Kaie (10),Kaie (10)
4,Catherine / Kadri / Katri,Kaisa/Kaie,Kadrina,Estonia core/west,North Estonian,viP,Kai,9,3,kaie (6); Kaie (2); Kai (1),Kaid (4); Kai (2); Kait (2); Kaie (1),Kaie (8); Kaie's (1)
4,Catherine / Kadri / Katri,Kadri,Kadrina,Estonia core/west,North Estonian,viP,Kadrina,3,3,Kadrina (3),Kadrina (3),Kadrina (2); of Kadrina (1)
4,Catherine / Kadri / Katri,Kadri,Kadrina,Estonia core/west,North Estonian,viP,Kadrisant,1,1,Kadrisant (1),Kadrisandid (1),Kadri's guests (1)
4,Catherine / Kadri / Katri,Kadri,Kadrina,Estonia core/west,North Estonian,viP,kadrike,1,1,kadrikene (1),kadrikesed (1),little Kadris (1)
4,Catherine / Kadri / Katri,Kadri,Kadrina,Estonia core/west,North Estonian,viP,kadrisandid,1,1,kadrisandid (1),Kadri sandid (1),Kadri's boots (1)
4,Catherine / Kadri / Katri,Kaisa/Kaie,Kajaani,Finland/Savo-Karelia,Finnish,su,Kaisa,1,1,Kaisa (1),Kaisalle (1),to-Kaisa (1)
4,Catherine / Kadri / Katri,Kaisa/Kaie,Kajaani,Finland/Savo-Karelia,Finnish,su,Kaisa+pa,1,1,Kaisa+pa (1),Kaisa+pa (1),Kaisa-EMPH (1)
4,Catherine / Kadri / Katri,Kaisa/Kaie,Kalajoki,Finland/Savo-Karelia,Finnish,su,kaisa,20,2,kaisa (20),kaisa (10); Kaisa (10),Kaisa (20)
4,Catherine / Kadri / Katri,Kaisa/Kaie,Kalajoki,Finland/Savo-Karelia,Finnish,su,Kaisa,1,1,Kaisa (1),Kaisa (1),Kaisa (1)
4,Catherine / Kadri / Katri,Kadri,Kambja,Estonia core/west,South Estonian,viE,Kadri,1,1,Kadri (1),Kadrit (1),Kadri (name) (1)
4,Catherine / Kadri / Katri,Kaisa/Kaie,Kambja,Estonia core/west,South Estonian,viE,Kai,1,1,Kaie (1),Kaie (1),Kaie (1)
4,Catherine / Kadri / Katri,Kadri,Kanepi,South Estonia/Seto,South Estonian,viE,kadri,3,1,kadri (3),kadri (2); Kadrid (1),Kadri's (2); Kadris (1)
4,Catherine / Kadri / Katri,Kadri,Kanepi,South Estonia/Seto,South Estonian,viE,kadrisand,3,1,kadri+sand (3),kadrisandid (3),Kadri-beggars (3)
4,Catherine / Kadri / Katri,Kadri,Kanepi,South Estonia/Seto,South Estonian,viE,Kadri,2,1,Kadri (2),Kadri (1); Kadril (1),Kadri (1); at Kadri (1)
4,Catherine / Kadri / Katri,Kaisa/Kaie,Kanepi,South Estonia/Seto,South Estonian,viE,Kaie,1,1,Kaie (1),Kaie (1),Kaie (1)
4,Catherine / Kadri / Katri,Katri/Katrina,Kangasniemi,Finland/Savo-Karelia,Finnish,su,Katri,2,1,Katri (2),Katri (2),Katri (2)
4,Catherine / Kadri / Katri,Kaisa/Kaie,Kangasniemi,Finland/Savo-Karelia,Finnish,su,Kaisa,1,1,kaesa (1),Kaisa (1),Kaisa (1)
4,Catherine / Kadri / Katri,Kaisa/Kaie,Kangasniemi,Finland/Savo-Karelia,Finnish,su,Kuppula-Kaisa,1,1,kuppulakaisa (1),Kuppula-Kaisa (1),Cup-Kaisa (1)
4,Catherine / Kadri / Katri,Katri/Katrina,Kangasniemi,Finland/Savo-Karelia,Finnish,su,Katrina,1,1,Katrina (1),Katrina (1),Katrina (1)
4,Catherine / Kadri / Katri,Katri/Katrina,Kanneljärvi,Finland/Savo-Karelia,Finnish,su,Katri,1,1,Katri (1),Katri (1),Katri (1)
4,Catherine / Kadri / Katri,Katri/Katrina,Kaprio,Ingria,Finnish,su,Katrina,4,2,Katrina (4),Katrina (4),Katrina (4)
4,Catherine / Kadri / Katri,Katri/Katrina,Kaprio,Ingria,Finnish,su,Katri,1,1,Katri (1),Katri (1),Katri (1)
4,Catherine / Kadri / Katri,Katri/Katrina,Kaprio,Ingria,Finnish,su,katrina,1,1,katrina (1),katrina (1),Katrina (1)
4,Catherine / Kadri / Katri,Kadri,Karksi,Estonia core/west,South Estonian,viE,Kadri,40,5,Kadri (35); kadri (4); Kadrikene (1),Kadri (33); kadril (4); Kadrit (1); Kadrita (1); Kadrikese (1),Kadri (34); on Kadri (4); without Kadri (1); little-Kadri (1)
4,Catherine / Kadri / Katri,Kaisa/Kaie,Karksi,Estonia core/west,South Estonian,viE,varduga Kaie,6,1,vardukaie (6),varduga Kaie (6),Kaie with stick (6)
4,Catherine / Kadri / Katri,Kaisa/Kaie,Karksi,Estonia core/west,South Estonian,viE,Kaie,5,3,Kaie (4); kaie (1),Kaie (5),Kaie (5)
4,Catherine / Kadri / Katri,Kaisa/Kaie,Karksi,Estonia core/west,South Estonian,viE,kai,3,2,kaie (2); kaie (diminutive) (1),Kaie (2); kaiekesta (1),Kaie/kai (2); Kaie (1)
4,Catherine / Kadri / Katri,Kaisa/Kaie,Karksi,Estonia core/west,South Estonian,viE,kaiekene,3,2,kaie-kesta (2); kaiekene (1),Kaiekesta (3),Kaie's (2); Kaie (1)
4,Catherine / Kadri / Katri,Kadri,Karksi,Estonia core/west,South Estonian,viE,Kadri&kene,1,1,Kadri&keine (1),Kadrike (1),dear Kadri (1)
4,Catherine / Kadri / Katri,Kadri,Karula,South Estonia/Seto,South Estonian,viE,kadrina,44,1,kadrina (44),kadrina (44),Kadrina (44)
4,Catherine / Kadri / Katri,Kadri,Karula,South Estonia/Seto,South Estonian,viE,Kadri,18,5,Kadri (18),Kadri (16); Kadril (2),Kadri (15); on Kadri (1); at Kadri (1); Kadri's (1)
4,Catherine / Kadri / Katri,Katri/Katrina,Karula,South Estonia/Seto,South Estonian,viE,Katri,13,2,katri (12); Katri (1),katri (12); Katri (1),Katri (12); Katri's (1)
4,Catherine / Kadri / Katri,Kadri,Karuse,Estonia core/west,North Estonian,viP,Kadri,30,6,Kadri (30),Kadri (26); Kadril (2); Kadrile (1); Kadrid (1),Kadri (26); on Kadri (2); to Kadri (1); Kadris (1)
4,Catherine / Kadri / Katri,Kaisa/Kaie,Karuse,Estonia core/west,North Estonian,viP,Kaie,4,3,Kaie (4),Kaie (3); Kaiele (1),Kaie (3); to Kaie (1)
4,Catherine / Kadri / Katri,Kaisa/Kaie,Kauhava,Finland/Savo-Karelia,Finnish,su,Kaisa-Liisa,1,1,Kaisa-Liisa+n (1),kaisaliisan (1),Kaisa-Liisa's (1)
4,Catherine / Kadri / Katri,Kaisa/Kaie,Kauhava,Finland/Savo-Karelia,Finnish,su,Kaisa-kin,1,1,Kaisa-kin (1),Kaisakin (1),Kaisa-too (1)
4,Catherine / Kadri / Katri,Kaisa/Kaie,Kaukola,Finland/Savo-Karelia,Finnish,su,Kaisa,2,2,Kaisa (2),Kaisa (1); Kaisan (1),Kaisa (1); Kaisa's (1)
4,Catherine / Kadri / Katri,Kadri,Keila,Estonia core/west,North Estonian,viP,Kadri,1,1,Kadri (1),Kadri (1),Kadri (1)
4,Catherine / Kadri / Katri,Katri/Katrina,Keltto,Ingria,Finnish,su,Katri,2,1,Katri (2),Katri (2),Katri (2)
4,Catherine / Kadri / Katri,Katri/Katrina,Keltto,Ingria,Finnish,su,Katrina,2,2,Katrina (2),Katrina (2),Katrina (2)
4,Catherine / Kadri / Katri,Katri/Katrina,Keltto,Ingria,Finnish,su,Katariina,1,1,Katrina (1),Katrina (1),Katrina (1)
4,Catherine / Kadri / Katri,Kaisa/Kaie,Kemijärvi,Finland/Savo-Karelia,Finnish,su,Kaisa,2,2,Kaisa (2),Kaisan (1); Kaisa (1),Kaisa's (1); Kaisa (1)
4,Catherine / Kadri / Katri,Kaisa/Kaie,Kemijärvi,Finland/Savo-Karelia,Finnish,su,Laurin Kaisa,1,1,laurinkaisa (1),Laurin Kaisa (1),Lauri's Kaisa (1)
4,Catherine / Kadri / Katri,Kaisa/Kaie,Kerimäki,Finland/Savo-Karelia,Finnish,su,Kaisa,1,1,kaisa (1),Kaisa (1),Kaisa (1)
4,Catherine / Kadri / Katri,Kaisa/Kaie,Kihnu,Estonia core/west,North Estonian,viP,Kaie,3,3,Kaie (3),Kaie (3),Kaie (2); Kaie's (1)
4,Catherine / Kadri / Katri,Kaisa/Kaie,Kihnu,Estonia core/west,North Estonian,viP,Kai,1,1,Kai (1),Kaie (1),Kaie's (1)
4,Catherine / Kadri / Katri,Catherine/Katherine,Kiihtelysvaara,Finland/Savo-Karelia,Finnish,su,Katriina,1,1,Katriina (1),Katriina (1),Catherine (1)
4,Catherine / Kadri / Katri,Kaisa/Kaie,Kitee,Finland/Savo-Karelia,Finnish,su,Kaisa,1,1,Kaisa (1),Kaisa (1),Kaisa (1)
4,Catherine / Kadri / Katri,Kaisa/Kaie,Kiuruvesi,Finland/Savo-Karelia,Finnish,su,Kaisa,1,1,Kaesa (1),Kaisa (1),Kaisa (1)
4,Catherine / Kadri / Katri,Kaisa/Kaie,Kiuruvesi,Finland/Savo-Karelia,Finnish,su,Kaisan,1,1,Kaisan (1),Kaisen (1),Kaisa's (1)
4,Catherine / Kadri / Katri,Catherine/Katherine,Kivennapa,Finland/Savo-Karelia,Finnish,su,Katriina,1,1,Katriina (1),Katriina (1),Catherine (1)
4,Catherine / Kadri / Katri,Kaisa/Kaie,Kivennapa,Finland/Savo-Karelia,Finnish,su,Kaisa,1,1,Kaisa (1),Kaisa (1),Kaisa (1)
4,Catherine / Kadri / Katri,Catherine/Katherine,Kivijärvi,Finland/Savo-Karelia,Finnish,su,Katriina,1,1,Katriina (1),Katriina (1),Katherine (1)
4,Catherine / Kadri / Katri,Kadri,Kodavere,Estonia core/west,North Estonian,viP,Kadri,6,3,Kadri (3); kadri (3),Kadri (6),Kadri (4); Kadri's (2)
4,Catherine / Kadri / Katri,Kadri,Kodavere,Estonia core/west,North Estonian,viP,Kadrike,3,1,Kadrikene (3),Kadrike (3),little Kadri (3)
4,Catherine / Kadri / Katri,Kaisa/Kaie,Kodavere,Estonia core/west,North Estonian,viP,Kai,3,2,Kaie (3),Kaie (3),Kaie (3)
4,Catherine / Kadri / Katri,Kaisa/Kaie,Kodavere,Estonia core/west,North Estonian,viP,Kaie,3,2,Kaie (3),Kaie (2); Kaiel (1),Kaie (2); at Kaie (1)
4,Catherine / Kadri / Katri,Kadri,Kodavere,Estonia core/west,North Estonian,viP,Kadril,1,1,kadri+l (1),Kadril (1),on Kadri (1)
4,Catherine / Kadri / Katri,Kadri,Kodavere,Estonia core/west,North Estonian,viP,Kadrisand,1,1,Kadrisand (1),Kadrisand (1),Kadri's saint (1)
4,Catherine / Kadri / Katri,Kaisa/Kaie,Kodavere,Estonia core/west,North Estonian,viP,kaie,1,1,kaie (1),kaie (1),Kaie (name) (1)
4,Catherine / Kadri / Katri,Kadri,Koeru,Estonia core/west,North Estonian,viP,Kadri,6,2,Kadri (6),Kadri (5); kadrid (1),Kadri (5); Kadris (1)
4,Catherine / Kadri / Katri,Kaisa/Kaie,Koeru,Estonia core/west,North Estonian,viP,Kaie,4,3,Kaie (3); Kaiekene (1),Kaie (2); Kaiekest (1); Kaiel (1),Kaie (2); little Kaie (1); Kaie has (1)
4,Catherine / Kadri / Katri,Kadri,Koeru,Estonia core/west,North Estonian,viP,kadrisant,1,1,kadrisant (1),kadrisandid (1),Kadri-beggars (1)
4,Catherine / Kadri / Katri,Katri/Katrina,Koivisto,Finland/Savo-Karelia,Finnish,su,Katri,5,1,Katri (5),Katri (4); Katrille (1),Katri (4); to Katri (1)
4,Catherine / Kadri / Katri,Kaisa/Kaie,Kokemäki,Finland/Savo-Karelia,Finnish,su,Kaisa,1,1,Kaisa (1),Kaisa (1),Kaisa (1)
4,Catherine / Kadri / Katri,Katri/Katrina,Kokemäki,Finland/Savo-Karelia,Finnish,su,Katri,1,1,Katri (1),Katri (1),Katri (1)
4,Catherine / Kadri / Katri,Kaisa/Kaie,Kolga-Jaani,Estonia core/west,North Estonian,viP,Kaie,6,5,Kaie (6),Kaie (6),Kaie (6)
4,Catherine / Kadri / Katri,Kaisa/Kaie,Kolga-Jaani,Estonia core/west,North Estonian,viP,Kai,1,1,Kaie (1),Kaie (1),Kaie (1)
4,Catherine / Kadri / Katri,Kaisa/Kaie,Kolga-Jaani,Estonia core/west,North Estonian,viP,Kaie+kene,1,1,Kaie+kese (1),Kaiekese (1),Kaie (dim.) (1)
4,Catherine / Kadri / Katri,Catherine/Katherine,Kontiolahti,Finland/Savo-Karelia,Finnish,su,Katariina,1,1,Katariina (1),Katariina (1),Catherine (1)
4,Catherine / Kadri / Katri,Kaisa/Kaie,Kontiolahti,Finland/Savo-Karelia,Finnish,su,Kaisa,1,1,Kaisa (1),Kaisa (1),Kaisa (1)
4,Catherine / Kadri / Katri,Katri/Katrina,Koprina,Ingria,Finnish,su,Katri,10,4,Katri (9); Katri-n (1),Katri (6); Katrin (3); Katrilta (1),Katri (6); Katri's (3); from Katri (1)
4,Catherine / Kadri / Katri,Kati,Koprina,Ingria,Finnish,su,Kati,3,3,Kati (3),Kati (3),Kati (3)
4,Catherine / Kadri / Katri,Katri/Katrina,Koprina,Ingria,Finnish,su,Katriina,1,1,Katriina (1),Katriina (1),Katrina (1)
4,Catherine / Kadri / Katri,Katri/Katrina,Korpiselkä,East Karelia/Veps/Tver,Karelian Proper,ka,Katrina,1,1,Katrina (1),Katrina (1),Katrina (1)
4,Catherine / Kadri / Katri,Kadri,Kose,Estonia core/west,North Estonian,viP,Kadri,14,2,Kadri (14),Kadri (9); Kadrid (4); Kadril (1),Kadri (9); Kadris (4); on Kadri (1)
4,Catherine / Kadri / Katri,Kadri,Kose,Estonia core/west,North Estonian,viP,kadri,13,1,kadri (13),kadri (11); kadrid (2),Kadri (11); Kadris (2)
4,Catherine / Kadri / Katri,Kaisa/Kaie,Kose,Estonia core/west,North Estonian,viP,Kaie,9,6,Kaie (9),Kaie (8); Kaiel (1),Kaie (8); Kaie's (1)
4,Catherine / Kadri / Katri,Kadri,Kose,Estonia core/west,North Estonian,viP,kadrike,3,1,kadrikene (3),kadrikene (3),little Kadri (3)
4,Catherine / Kadri / Katri,Kadri,Kose,Estonia core/west,North Estonian,viP,kadril,1,1,kadril (1),kadril (1),on Kadri (1)
4,Catherine / Kadri / Katri,Katri/Katrina,Kuhmo,Finland/Savo-Karelia,Finnish,su,Katri,2,1,Katri (2),Katrinan (2),Katri's (2)
4,Catherine / Kadri / Katri,Kaisa/Kaie,Kuhmo,Finland/Savo-Karelia,Finnish,su,Kaisa,1,1,Kaisa (1),Kaisa (1),Kaisa (1)
4,Catherine / Kadri / Katri,Kadri,Kullamaa,Estonia core/west,North Estonian,viP,Kadri,8,2,Kadri (8),Kadri (7); Kadril (1),Kadri (7); Kadri's (1)
4,Catherine / Kadri / Katri,Kadri,Kullamaa,Estonia core/west,North Estonian,viP,kadri,5,1,kadri (5),kadri (4); kadrid (1),Kadri (4); Kadris (1)
4,Catherine / Kadri / Katri,Kaisa/Kaie,Kuopio,Finland/Savo-Karelia,Finnish,su,Kaisa,1,1,Kaisa (1),Kaisa (1),Kaisa (1)
4,Catherine / Kadri / Katri,Kaisa/Kaie,Kuorevesi,Finland/Savo-Karelia,Finnish,su,Kaisa,1,1,Kaisa (1),Kaisa (1),Kaisa (1)
4,Catherine / Kadri / Katri,Kati,Kupanitsa,Ingria,Finnish,su,Kati,14,1,Kati (14),Kati (8); Katille (3); Katiin (3),Kati (8); to Kati (6)
4,Catherine / Kadri / Katri,Katri/Katrina,Kupanitsa,Ingria,Finnish,su,Katrina,3,1,Katrina (3),Katrina (3),Katrina (3)
4,Catherine / Kadri / Katri,Katri/Katrina,Kupanitsa,Ingria,Finnish,su,Katri,1,1,Katri (1),Katri (1),Katri (1)
4,Catherine / Kadri / Katri,Kaisa/Kaie,Kurikka,Finland/Savo-Karelia,Finnish,su,Kaisa,1,1,Kaisa (1),Kaisa (1),Kaisa (1)
4,Catherine / Kadri / Katri,Kaisa/Kaie,Kursi,Estonia core/west,North Estonian,viP,Kaie,2,2,Kaie (2),Kaiele (1); Kaie (1),for Kaie (1); Kaie (1)
4,Catherine / Kadri / Katri,Kadri,Kuusalu,Estonia core/west,North Estonian,viP,Kadri,11,4,Kadri (11),Kadri (7); Kadril (4),Kadri (6); on Kadri (4); Kadri's (1)
4,Catherine / Kadri / Katri,Kaisa/Kaie,Kuusalu,Estonia core/west,North Estonian,viP,Kai,4,3,Kaie (3); Kai (1),Kaie (4),Kaie (3); Kaie's (1)
4,Catherine / Kadri / Katri,Kaisa/Kaie,Kuusalu,Estonia core/west,North Estonian,viP,Kaie,4,3,Kaie (4),Kaie (2); Kaiel (1); Kaied (1),Kaie (3); at Kaie's (1)
4,Catherine / Kadri / Katri,Kadri,Kuusalu,Estonia core/west,North Estonian,viP,Kadril,2,1,Kadril (2),Kadril (2),on Kadri (2)
4,Catherine / Kadri / Katri,Kadri,Kuusalu,Estonia core/west,North Estonian,viP,kadrike,1,1,kadrikene (1),kadrikesed (1),little Kadris (1)
4,Catherine / Kadri / Katri,Kadri,Kuusalu,Estonia core/west,North Estonian,viP,kadrikene,1,1,kadrikene (1),kadrikene (1),little Kadri (1)
4,Catherine / Kadri / Katri,Katri/Katrina,Kuusalu,Estonia core/west,North Estonian,viP,Katrina,1,1,Katrina (1),Katrina (1),Katrina (1)
4,Catherine / Kadri / Katri,Kaisa/Kaie,Kymi,Finland/Savo-Karelia,Finnish,su,Kaisa,1,1,Kaisa (1),Kaisa (1),Kaisa (1)
4,Catherine / Kadri / Katri,Kadri,Käina,Estonia core/west,North Estonian,viP,Kadri,1,1,Kadri (1),Kadri (1),Kadri (1)
4,Catherine / Kadri / Katri,Kadri,Kõpu,Estonia core/west,North Estonian,viP,Kadri,15,4,Kadri (13); kadrid (2),Kadri (11); kadrid (2); Kadril (1); Kadrikese (1),Kadri (11); Kadris (2); on Kadri (1); little Kadri (1)
4,Catherine / Kadri / Katri,Kaisa/Kaie,Kõpu,Estonia core/west,North Estonian,viP,Kaie,2,1,Kaie (2),Kaie (2),Kaie (2)
4,Catherine / Kadri / Katri,Kadri,Kõpu,Estonia core/west,North Estonian,viP,kadrisandid,1,1,kadrisandid (1),Kadrisandid (1),Kadri's companions (1)
4,Catherine / Kadri / Katri,Kaisa/Kaie,Laihia,Finland/Savo-Karelia,Finnish,su,Kaisa,1,1,Kaisa (1),Kaisa (1),Kaisa (name) (1)
4,Catherine / Kadri / Katri,Katri/Katrina,Laiuse,Estonia core/west,North Estonian,viP,Kadri,10,1,Katri (10),Katri (10),Katri (10)
4,Catherine / Kadri / Katri,Kadri,Laiuse,Estonia core/west,North Estonian,viP,Kadri,7,2,Kadri (7),Kadri (6); Kadril (1),Kadri (6); on Kadri (1)
4,Catherine / Kadri / Katri,Kaisa/Kaie,Laiuse,Estonia core/west,North Estonian,viP,Kaie,3,2,Kaie (3),Kaie (3),Kaie (3)
4,Catherine / Kadri / Katri,Kadri,Laiuse,Estonia core/west,North Estonian,viP,Kadrisandid,1,1,kadrisand (1),kadrisandid (1),Kadri's sandals (1)
4,Catherine / Kadri / Katri,Kadri,Laiuse,Estonia core/west,North Estonian,viP,kõrtsikadri,1,1,kõrtsikadri (1),kõrtsikadri (1),Tavern-Kadri (1)
4,Catherine / Kadri / Katri,Kaisa/Kaie,Lappee,Finland/Savo-Karelia,Finnish,su,Kaisa,2,2,Kaisa (2),Kaisa (2),Kaisa (2)
4,Catherine / Kadri / Katri,Kaisa/Kaie,Lavansaari,Finland/Savo-Karelia,Finnish,su,Kaisa,1,1,Kaisa-lla (1),Kaisalla (1),at Kaisa's (1)
4,Catherine / Kadri / Katri,Katri/Katrina,Lavansaari,Finland/Savo-Karelia,Finnish,su,Katri,1,1,Katri (1),Katrin (1),Katri's (1)
4,Catherine / Kadri / Katri,Kaisa/Kaie,Lemi,Finland/Savo-Karelia,Finnish,su,Kaisa,5,4,Kaisa (5),Kaisa (4); Kaisalleni (1),Kaisa (4); to my Kaisa (1)
4,Catherine / Kadri / Katri,Catherine/Katherine,Lemi,Finland/Savo-Karelia,Finnish,su,Katariina,1,1,Kaarina (1),Kaarina (1),Catherine (1)
4,Catherine / Kadri / Katri,Kaisa/Kaie,Lempaala,Finland/Savo-Karelia,Finnish,su,Kaisa,2,2,Kaisa (2),Kaisa (1); Kaisun (1),Kaisa (1); Kaisa's (1)
4,Catherine / Kadri / Katri,Katri/Katrina,Lempaala,Finland/Savo-Karelia,Finnish,su,Katrina,2,2,Katrina (2),Katrina (2),Katrina (2)
4,Catherine / Kadri / Katri,Catherine/Katherine,Lempaala,Finland/Savo-Karelia,Finnish,su,Katriina,1,1,Katrina (1),Katrina (1),Catherine (1)
4,Catherine / Kadri / Katri,Catherine/Katherine,Lempaala,Finland/Savo-Karelia,Finnish,su,Katrinen,1,1,Katrinainen (1),Katrinen (1),Katherine (1)
4,Catherine / Kadri / Katri,Katri/Katrina,Lempaala,Finland/Savo-Karelia,Finnish,su,Katariina,1,1,Katrina (1),Katrina (1),Katrina (1)
4,Catherine / Kadri / Katri,Katri/Katrina,Liissilä,Ingria,Finnish,su,Katri,1,1,Katri (1),Katrille (1),to Katri (1)
4,Catherine / Kadri / Katri,Kaisa/Kaie,Loppi,Finland/Savo-Karelia,Finnish,su,Kaisa,2,2,Kaisa (2),Kaisa (1); Kaisaa (1),Kaisa (2)
4,Catherine / Kadri / Katri,Katri/Katrina,Luumäki,Finland/Savo-Karelia,Finnish,su,Katri,1,1,Katri (1),Katri (1),Katri (1)
4,Catherine / Kadri / Katri,Kadri,Lääne-Nigula,Estonia core/west,North Estonian,viP,Kadri,1,1,Kadri (1),Kadri (1),Kadri (1)
4,Catherine / Kadri / Katri,Kadri,Lääne-Nigula,Estonia core/west,North Estonian,viP,kadrike,1,1,kadrikene (1),kadrikesed (1),little Kadris (1)
4,Catherine / Kadri / Katri,Kaisa/Kaie,Lüganuse,Estonia core/west,North Estonian,viP,Kaie,3,2,kaie (2); Kaie (1),Kaie (3),Kaie (3)
4,Catherine / Kadri / Katri,Katri/Katrina,Maaninka,Finland/Savo-Karelia,Finnish,su,Katri,1,1,Katri (1),Katri (1),Katri (1)
4,Catherine / Kadri / Katri,Kaisa/Kaie,Maarja-Magdaleena,Estonia core/west,North Estonian,viP,Kaie,5,4,Kaie (5),Kaie (4); Kail (1),Kaie (4); at Kaie (1)
4,Catherine / Kadri / Katri,Kadri,Maarja-Magdaleena,Estonia core/west,North Estonian,viP,Kadri,3,3,Kadri (3),Kadri (3),Kadri (3)
4,Catherine / Kadri / Katri,Katri/Katrina,Markkova,Ingria,Finnish,suI,Katri,1,1,Katri (1),Katri (1),Katri (1)
4,Catherine / Kadri / Katri,Katri/Katrina,Markkova,Ingria,Finnish,suI,Katriina,1,1,Katriina (1),Katriina (1),Katrina (1)
4,Catherine / Kadri / Katri,Catherine/Katherine,Metsäpirtti,Finland/Savo-Karelia,Finnish,su,Kaarina,2,1,Kaarina (2),Kaarina (2),Catherine (2)
4,Catherine / Kadri / Katri,Katri/Katrina,Moloskovitsa,Ingria,Finnish,su,Katri,4,2,Katri (2); Katrill (1); kati (1),Katri (3); Katrilla (1),Katri (3); to Katri (1)
4,Catherine / Kadri / Katri,Kati,Moloskovitsa,Ingria,Finnish,su,Kati,2,1,Kati (2),Kati (2),Kati (2)
4,Catherine / Kadri / Katri,Catherine/Katherine,Moloskovitsa,Ingria,Finnish,su,Katri,1,1,Katri (1),Katri (1),Catherine (1)
4,Catherine / Kadri / Katri,Kati,Moloskovitsa,Ingria,Finnish,su,Katri,1,1,Kati (1),Kati (1),Kati (1)
4,Catherine / Kadri / Katri,Katri/Katrina,Moloskovitsa,Ingria,Finnish,su,Katariina,1,1,Katrina (1),Katrina (1),Katrina (1)
4,Catherine / Kadri / Katri,Katri/Katrina,Moloskovitsa,Ingria,Finnish,su,Katriina,1,1,Katrina (1),Katrina (1),Katrina (1)
4,Catherine / Kadri / Katri,Katri/Katrina,Moloskovitsa,Ingria,Finnish,su,[refrain],1,1,Katri (personal name) (1),Katri (1),Katri (1)
4,Catherine / Kadri / Katri,Kaisa/Kaie,Muhos,Finland/Savo-Karelia,Finnish,su,Kaisa,1,1,Kaisa (1),Kaisa (1),Kaisa (1)
4,Catherine / Kadri / Katri,Kadri,Muhu,Estonia core/west,North Estonian,viP,Kadri,18,8,Kadri (18),Kadri (17); Kadrinalt (1),Kadri (15); Kadri's (2); from Kadri (1)
4,Catherine / Kadri / Katri,Kadri,Mustjala,Estonia core/west,North Estonian,viP,Kadri_päev,1,1,Kadri_päev (1),Kadripäeva (1),Kadri's day (1)
4,Catherine / Kadri / Katri,Kaisa/Kaie,Mynämäki,Finland/Savo-Karelia,Finnish,su,Kaisa,1,1,caisa (1),Caisa (1),Kaisa (1)
4,Catherine / Kadri / Katri,Katri/Katrina,Mäntyharju,Finland/Savo-Karelia,Finnish,su,Katriina,1,1,Katriina (1),Katriina (1),Katrina (1)
4,Catherine / Kadri / Katri,Kadri,Märjamaa,Estonia core/west,North Estonian,viP,Kadri,11,2,Kadri (11),Kadri (11),Kadri (11)
4,Catherine / Kadri / Katri,Kadri,Märjamaa,Estonia core/west,North Estonian,viP,kadri,6,2,kadri (6),kadril (3); kadridel (1); kadrid (1); kadri (1),on Kadri (3); on Kadris (1); Kadris (1); Kadri (1)
4,Catherine / Kadri / Katri,Kaisa/Kaie,Märjamaa,Estonia core/west,North Estonian,viP,Kaie,2,2,Kaie (2),Kaiega (1); Kaie (1),with Kaie (1); Kaie (1)
4,Catherine / Kadri / Katri,Kati,Narvusi,Ingria,Ingrian,in,Kati,34,21,Kati (30); Kati-ni (1); kati (1); Katrina (1); Kato (1),Kati (30); Katini (1); Katia (1); Kato (1); Katille (1),Kati (31); Kati (name) (1); my Kati/dear one (1); to Kati (1)
4,Catherine / Kadri / Katri,Kaisa/Kaie,Narvusi,Ingria,Ingrian,in,Kaisa,16,1,Kaisa (15); kaisukkinen (1),Kaisan (8); Kaisa (6); Kaisalta (1); Kaisukkinen (1),Kaisa's (8); Kaisa (6); from Kaisa (1); little Kaisa (1)
4,Catherine / Kadri / Katri,Katri/Katrina,Narvusi,Ingria,Ingrian,in,Katri,16,9,Katri (15); Katrikkine (1),Katri (11); Katrin (3); Katrikkinen (1); Katriina (1),Katri (11); Katri's (3); little Katri (1); Katrina (1)
4,Catherine / Kadri / Katri,Kadri,Narvusi,Ingria,Ingrian,in,Kadrina,2,1,Kadrina (2),Kadrina (2),Kadrina (2)
4,Catherine / Kadri / Katri,Kadri,Narvusi,Ingria,Ingrian,in,Katri,2,1,Kadre (2),Kadre (1); Kadren (1),Kadri (1); Kadri's (1)
4,Catherine / Kadri / Katri,Katri/Katrina,Narvusi,Ingria,Ingrian,in,Katariina,2,2,Katariina (1); Katrina (1),Katariina (1); Katrina (1),Katrina (2)
4,Catherine / Kadri / Katri,Catherine/Katherine,Narvusi,Ingria,Ingrian,in,Katriina,1,1,Katriina (1),Katriina (1),Catherine (1)
4,Catherine / Kadri / Katri,Kati,Narvusi,Ingria,Ingrian,in,katikukka,1,1,katikukka (1),Kati-kukka (1),Kati-flower (1)
4,Catherine / Kadri / Katri,Kati,Narvusi,Ingria,Ingrian,in,katinkukka,1,1,kati-kukka (1),Katikukka (1),Kati-flower (1)
4,Catherine / Kadri / Katri,Katri/Katrina,Narvusi,Ingria,Ingrian,in,(proper noun),1,1,Katrina (1),Katrina (1),Katrina (1)
4,Catherine / Kadri / Katri,Katri/Katrina,Narvusi,Ingria,Ingrian,in,Katriina,1,1,Katriina (1),Katriina (1),Katrina (1)
4,Catherine / Kadri / Katri,Katri/Katrina,Narvusi,Ingria,Ingrian,in,katri,1,1,katri (1),Katri (1),Katri (1)
4,Catherine / Kadri / Katri,Catherine/Katherine,Nurmes,Finland/Savo-Karelia,Finnish,su,Katriina,2,2,Katriina (2),Katariina (1); Katriina (1),Catherine (2)
4,Catherine / Kadri / Katri,Kaisa/Kaie,Nurmes,Finland/Savo-Karelia,Finnish,su,Kaisa,1,1,Kaisa (1),Kaisa (1),Kaisa (1)
4,Catherine / Kadri / Katri,Kadri,Nõo,Estonia core/west,South Estonian,viE,kadri,5,1,kadri (5),kadri (5),Kadri (5)
4,Catherine / Kadri / Katri,Kadri,Nõo,Estonia core/west,South Estonian,viE,kadrisand,1,1,kadrisand (1),kadrisandi (1),Kadri's messenger (1)
4,Catherine / Kadri / Katri,Kaisa/Kaie,Orimattila,Finland/Savo-Karelia,Finnish,su,Kaisa,2,2,Kaisa (2),Kaisa (1); Kaisaa (1),Kaisa (2)
4,Catherine / Kadri / Katri,Kaisa/Kaie,Otepää,Estonia core/west,South Estonian,viE,Kaie,1,1,Kaie (1),Kaie (1),Kaie (1)
4,Catherine / Kadri / Katri,Kaisa/Kaie,Oulu,Finland/Savo-Karelia,Finnish,su,Kaisa,1,1,Kaisa (1),Kaisa (1),Kaisa (1)
4,Catherine / Kadri / Katri,Kaisa/Kaie,Oulu,Finland/Savo-Karelia,Finnish,su,Kaisa-Liisa,1,1,Kaisa-Liisa (1),Kaisa-Liisa (1),Kaisa-Liisa (1)
4,Catherine / Kadri / Katri,Kaisa/Kaie,Oulunsalo,Finland/Savo-Karelia,Finnish,su,Kaisastiina,1,1,Kaisastiina (1),Kaisastiina (1),Kaisa-Stina (1)
4,Catherine / Kadri / Katri,Kaisa/Kaie,Paide,Estonia core/west,North Estonian,viP,Kaie,8,3,Kaie (8),Kaie (6); Kaiest (1); Kaiel (1),Kaie (6); from Kaie (1); at Kaie (1)
4,Catherine / Kadri / Katri,Kaisa/Kaie,Paide,Estonia core/west,North Estonian,viP,Kaia,1,1,Kaie (1),Kaia (1),Kaie (1)
4,Catherine / Kadri / Katri,Katri/Katrina,Paistu,Estonia core/west,South Estonian,viE,Katri,52,2,Katri (52),Katri (52),Katri (51); Katri's (1)
4,Catherine / Kadri / Katri,Kadri,Paistu,Estonia core/west,South Estonian,viE,Kadri,21,6,Kadri (20); Kadu (1),Kadri (17); Kadril (2); Kadut (1); Kadrikene (1),Kadri (18); Kadri (dim.) (1); dear Kadri (1); at Kadri (1)
4,Catherine / Kadri / Katri,Kadri,Paistu,Estonia core/west,South Estonian,viE,kadri,11,1,kadri (11),Kadri (8); kadrid (2); Kadril (1),Kadri (8); Kadrid (2); on Kadri's (1)
4,Catherine / Kadri / Katri,Kaisa/Kaie,Paistu,Estonia core/west,South Estonian,viE,Kaie,10,3,Kaie (10),Kaie (9); Kaiekene (1),Kaie (6); Kaie's (3); dear Kaie (1)
4,Catherine / Kadri / Katri,Kaisa/Kaie,Paistu,Estonia core/west,South Estonian,viE,Kai,2,2,Kaie (1); Kai (1),Kaie (2),Kaie (1); Kaie's (1)
4,Catherine / Kadri / Katri,Kadri,Paistu,Estonia core/west,South Estonian,viE,Kadril,1,1,kadri+l (1),Kadril (1),at Kadri (1)
4,Catherine / Kadri / Katri,Kadri,Paistu,Estonia core/west,South Estonian,viE,kadrike,1,1,kadri+kesta (1),kadrikesta (1),little Kadri (1)
4,Catherine / Kadri / Katri,Kadri,Palamuse,Estonia core/west,North Estonian,viP,Kadri,9,6,Kadri (9),Kadri (9),Kadri (8); Kadri's (1)
4,Catherine / Kadri / Katri,Kaisa/Kaie,Palamuse,Estonia core/west,North Estonian,viP,Kaie,3,3,Kaie (3),Kaie (3),Kaie (3)
4,Catherine / Kadri / Katri,Kadri,Palamuse,Estonia core/west,North Estonian,viP,Kadrisant,1,1,Kadrisant (1),Kadrisant (1),Saint Kadri (1)
4,Catherine / Kadri / Katri,Kaisa/Kaie,Parainen,Finland/Savo-Karelia,Outside selected Finnic areas,ru,Kaisa,1,1,Kaisa (1),Kaisaa (1),Kaisa (1)
4,Catherine / Kadri / Katri,Kaisa/Kaie,Parikkala,Finland/Savo-Karelia,Finnish,su,Kaisa,1,1,Kaisa (1),Kaisalle (1),to Kaisa (1)
4,Catherine / Kadri / Katri,Kaisa/Kaie,Parikkala,Finland/Savo-Karelia,Finnish,su,Karppi-Kaisa,1,1,karppikaisa (1),Karppi-Kaisa (1),Karppi-Kaisa (1)
4,Catherine / Kadri / Katri,Kadri,Peetri,Estonia core/west,North Estonian,viP,Kadri,19,4,Kadri (13); kadri (3); kadrile (3),Kadri (10); Kadrile (5); Kadrid (3); Kadril (1),Kadri (5); to Kadri (5); Kadri's (5); Kadris (3); on Kadri (1)
4,Catherine / Kadri / Katri,Kadri,Peetri,Estonia core/west,North Estonian,viP,kadri,4,1,kadri (4),kadrid (2); kadri (2),Kadris (2); Kadri (2)
4,Catherine / Kadri / Katri,Kadri,Peetri,Estonia core/west,North Estonian,viP,kadrikene,2,1,kadrikene (2),kadrikesed (2),little Kadris (2)
4,Catherine / Kadri / Katri,Kaisa/Kaie,Peetri,Estonia core/west,North Estonian,viP,Kaie,2,2,Kaie (2),Kaie (2),Kaie (2)
4,Catherine / Kadri / Katri,Kadri,Peetri,Estonia core/west,North Estonian,viP,kadrisandid,1,1,kadrisandid (1),kadrisandid (1),Kadri's paupers (1)
4,Catherine / Kadri / Katri,Kaisa/Kaie,Peetri,Estonia core/west,North Estonian,viP,Kai,1,1,Kai (1),Kaie (1),Kaie (1)
4,Catherine / Kadri / Katri,Kaisa/Kaie,Perho,Finland/Savo-Karelia,Finnish,su,Kaisa,1,1,Kaisa (1),Kaisa (1),Kaisa (1)
4,Catherine / Kadri / Katri,Kaisa/Kaie,Perniö,Finland/Savo-Karelia,Finnish,su,Kaisa,1,1,Kaisa (1),Kaisa (1),Kaisa (1)
4,Catherine / Kadri / Katri,Kaisa/Kaie,Pielavesi,Finland/Savo-Karelia,Finnish,su,Kaisa,3,1,Kaisa (3),Kaisa (3),Kaisa (3)
4,Catherine / Kadri / Katri,Catherine/Katherine,Pielisjärvi,Finland/Savo-Karelia,Finnish,su,Katariina,1,1,Katariina (1),Katariina (1),Catherine (1)
4,Catherine / Kadri / Katri,Kaisa/Kaie,Pilistvere,Estonia core/west,North Estonian,viP,Kaie,3,2,Kaie (3),Kaie (3),Kaie (3)
4,Catherine / Kadri / Katri,Kaisa/Kaie,Pilistvere,Estonia core/west,North Estonian,viP,Kaiel,1,1,Kaiel (1),Kaiel (1),on Kaie (1)
4,Catherine / Kadri / Katri,Kaisa/Kaie,Puhja,Estonia core/west,South Estonian,viE,Kaie,2,1,Kaie (2),Kaie (2),Kaie (2)
4,Catherine / Kadri / Katri,Catherine/Katherine,Puolanka,Finland/Savo-Karelia,Finnish,su,Katariina,1,1,Katri (1),Katri (1),Catherine (1)
4,Catherine / Kadri / Katri,Kaisa/Kaie,Puolanka,Finland/Savo-Karelia,Finnish,su,Kaisa,1,1,Kaisa (1),Kaisalle (1),to-Kaisa (1)
4,Catherine / Kadri / Katri,Kaisa/Kaie,Puolanka,Finland/Savo-Karelia,Finnish,su,Kaisa+pa,1,1,Kaisa+pa (1),Kaisa+pa (1),Kaisa-EMPH (1)
4,Catherine / Kadri / Katri,Kaisa/Kaie,Pusula,Finland/Savo-Karelia,Finnish,su,Kaisa,2,1,Kaisa (2),Kaisa (1); Kaisan (1),Kaisa (1); Kaisa's (1)
4,Catherine / Kadri / Katri,Catherine/Katherine,Puumala,Finland/Savo-Karelia,Finnish,su,Katriina,1,1,Katriina (1),Katriina (1),Katherine (1)
4,Catherine / Kadri / Katri,Katri/Katrina,Pyhäjärvi Vpl.,Finland/Savo-Karelia,Finnish,su,Katri,9,1,Katri (7); Katri-n (2),Katri (7); Katrin (2),Katri (8); Katri's (1)
4,Catherine / Kadri / Katri,Kadri,Pärnu,Estonia core/west,North Estonian,viP,Kadri,7,2,Kadri (4); kadri (3),Kadri (4); kadrid (2); kadri (1),Kadri (4); Kadris (2); Kadri's (1)
4,Catherine / Kadri / Katri,Kaisa/Kaie,Pärnu,Estonia core/west,North Estonian,viP,Kaie,2,2,Kaie (2),Kaie (2),Kaie (2)
4,Catherine / Kadri / Katri,Kadri,Pärnu-Jaagupi,Estonia core/west,North Estonian,viP,kadri,22,2,kadri (22),kadri (10); kadril (7); kadrid (4); kadrikene (1),Kadri (10); Kadri (adessive) (6); Kadris (3); little Kadri (1); Kadris (ritual figures) (1); at Kadri (1)
4,Catherine / Kadri / Katri,Kadri,Pärnu-Jaagupi,Estonia core/west,North Estonian,viP,Kadri,16,3,Kadri (16),Kadri (14); Kadril (1); Kadrid (1),Kadri (14); on Kadri (1); Kadris (1)
4,Catherine / Kadri / Katri,Kaisa/Kaie,Pärnu-Jaagupi,Estonia core/west,North Estonian,viP,Kaiekene,1,1,Kaiekene (1),Kaiekene (1),little Kaie (1)
4,Catherine / Kadri / Katri,Kadri,Põltsamaa,Estonia core/west,North Estonian,viP,Kadri,14,3,Kadri (14),Kadri (10); Kadril (2); Kadrile (2),Kadri (10); on Kadri (2); to Kadri (2)
4,Catherine / Kadri / Katri,Kaisa/Kaie,Põltsamaa,Estonia core/west,North Estonian,viP,Kaie,8,3,Kaie (8),Kaie (6); Kaiel (1); Kai (1),Kaie (6); at Kaie's (1); let Kaie (1)
4,Catherine / Kadri / Katri,Kadri,Põltsamaa,Estonia core/west,North Estonian,viP,kadrike,1,1,kadrikene (1),kadrikessed (1),little Kadris (1)
4,Catherine / Kadri / Katri,Kadri,Põltsamaa,Estonia core/west,North Estonian,viP,kadrikeisa,1,1,kadrikeisa (1),kadrikeisa (1),Kadri's stallion (1)
4,Catherine / Kadri / Katri,Kadri,Põltsamaa,Estonia core/west,North Estonian,viP,kadrikene,1,1,kadrikene (1),kadrikesed (1),Kadri's maidens (1)
4,Catherine / Kadri / Katri,Kaisa/Kaie,Põltsamaa,Estonia core/west,North Estonian,viP,Kaiuke,1,1,Kaiekene (1),Kaiukest (1),little Kaie (1)
4,Catherine / Kadri / Katri,Kadri,Põlva,South Estonia/Seto,South Estonian,viE,Kadri,21,3,Kadri (19); kadri (2),Kadri (21),Kadri (21)
4,Catherine / Kadri / Katri,Kaisa/Kaie,Põlva,South Estonia/Seto,South Estonian,viE,Kaie,2,2,Kaie (2),Kaie (2),Kaie (2)
4,Catherine / Kadri / Katri,Kadri,Pöide,Estonia core/west,North Estonian,viP,kadri,3,1,kadri (3),kadri (2); kadrid (1),Kadri (2); Kadris (1)
4,Catherine / Kadri / Katri,Kaisa/Kaie,Pöide,Estonia core/west,North Estonian,viP,Kaie,2,2,Kaie (2),Kaie (2),Kaie (2)
4,Catherine / Kadri / Katri,Kati,Pöytyä,Finland/Savo-Karelia,Finnish,su,Kati,1,1,Kati (1),Katila (1),Kati's place (1)
4,Catherine / Kadri / Katri,Kaisa/Kaie,Pühalepa,Estonia core/west,North Estonian,viP,Kaie,1,1,Kaie (1),Kaie (1),Kaie (1)
4,Catherine / Kadri / Katri,Kadri,Rakvere,Estonia core/west,North Estonian,viP,Kadri,5,2,Kadri (3); kadri (2),Kadri (4); Kadrid (1),Kadri (2); Kadri's (2); Kadris (1)
4,Catherine / Kadri / Katri,Kadri,Rakvere,Estonia core/west,North Estonian,viP,kadr,5,1,kadr (5),kadril (3); kadri (2),on Kadri (3); Kadri's (2)
4,Catherine / Kadri / Katri,Kadri,Rakvere,Estonia core/west,North Estonian,viP,kadri,5,1,kadri (5),kadrid (5),Kadrid (5)
4,Catherine / Kadri / Katri,Kadri,Rakvere,Estonia core/west,North Estonian,viP,Kadrisant,1,1,Kadrisant (1),Kadrisandid (1),Kadri's guests (1)
4,Catherine / Kadri / Katri,Kadri,Rakvere,Estonia core/west,North Estonian,viP,kadrisandid,1,1,kadri_sandid (1),Kadri sandid (1),Kadri's shoes (1)
4,Catherine / Kadri / Katri,Kadri,Rannu,Estonia core/west,South Estonian,viE,Kadri,1,1,Kadri (1),Kadri (1),Kadri (1)
4,Catherine / Kadri / Katri,Kaisa/Kaie,Rannu,Estonia core/west,South Estonian,viE,Kaie,1,1,Kaie (1),Kaie (1),Kaie (1)
4,Catherine / Kadri / Katri,Kadri,Rapla,Estonia core/west,North Estonian,viP,Kadri,5,1,Kadri (5),Kadri (4); Kadril (1),Kadri (4); at Kadri (1)
4,Catherine / Kadri / Katri,Kaisa/Kaie,Rapla,Estonia core/west,North Estonian,viP,Kaie,2,2,Kaie (2),Kaie (2),Kaie (2)
4,Catherine / Kadri / Katri,Kadri,Risti,Estonia core/west,North Estonian,viP,kadri,17,4,kadri (17),kadrid (11); kadri (5); kadridele (1),Kadrid (7); Kadris (4); Kadri (3); Kadri's (2); to Kadris (1)
4,Catherine / Kadri / Katri,Kadri,Risti,Estonia core/west,North Estonian,viP,kadr,5,1,kadr (5),kadril (3); kadri (2),on Kadri (3); Kadri's (2)
4,Catherine / Kadri / Katri,Kaisa/Kaie,Risti,Estonia core/west,North Estonian,viP,kaie,5,1,kaie (5),kaie (3); kaiekese (1); kaiel (1),Kaie (3); little Kaie (1); on Kaie (1)
4,Catherine / Kadri / Katri,Kadri,Risti,Estonia core/west,North Estonian,viP,Kadri,2,2,Kadri (2),Kadri (2),Kadri's (1); Kadri (1)
4,Catherine / Kadri / Katri,Kadri,Risti,Estonia core/west,North Estonian,viP,Kadri sukk,1,1,Kadri sukk (1),Kadri sukad (1),Kadri's socks (1)
4,Catherine / Kadri / Katri,Kadri,Risti,Estonia core/west,North Estonian,viP,kadriõnn,1,1,kadriõnn (1),kadriõnne (1),Kadri's luck (1)
4,Catherine / Kadri / Katri,Kaisa/Kaie,Risti,Estonia core/west,North Estonian,viP,Kai,1,1,Kai (1),Kaie (1),Kaie's (1)
4,Catherine / Kadri / Katri,Kaisa/Kaie,Rovaniemi,Finland/Savo-Karelia,Finnish,su,Kaisa,1,1,Kaisa (1),Kaisin (1),Kaisa's (1)
4,Catherine / Kadri / Katri,Kati,Rovaniemi,Finland/Savo-Karelia,Finnish,su,Kati,1,1,Kati (1),Katin (1),Kati's (1)
4,Catherine / Kadri / Katri,Kaisa/Kaie,Ruotsinpyhtää,Finland/Savo-Karelia,Outside selected Finnic areas,ru,Kaisa,1,1,Kaisa (1),Kaisa (1),Kaisa (1)
4,Catherine / Kadri / Katri,Kaisa/Kaie,Ruovesi,Finland/Savo-Karelia,Finnish,su,Kaisa,1,1,Kaisa (1),Kaisan (1),Kaisa's (1)
4,Catherine / Kadri / Katri,Kadri,Räpina,South Estonia/Seto,South Estonian,viE,kadrik,47,1,kadrike (47),Kadrike (47),Kadrike (47)
4,Catherine / Kadri / Katri,Kadri,Räpina,South Estonia/Seto,South Estonian,viE,Kadri,27,5,Kadri (22); kadri (4); Kadriko (1),Kadri (26); Kadriko (1),Kadri (26); little Kadri (1)
4,Catherine / Kadri / Katri,Kaisa/Kaie,Räpina,South Estonia/Seto,South Estonian,viE,Kaie,3,3,Kaiel (1); Kaie (1); kaie (1),Kaie (2); Kaiel (1),on Kaie (1); Kaie (1); Kaie (name) (1)
4,Catherine / Kadri / Katri,Kadri,Räpina,South Estonia/Seto,South Estonian,viE,kadrisaadik,1,1,kadrisandi (1),Kadrisaadik (1),Kadri's messenger (1)
4,Catherine / Kadri / Katri,Kaisa/Kaie,Rääkkylä,Finland/Savo-Karelia,Finnish,su,Kaisa,3,2,Kaisa (3),Kaisa (3),Kaisa (3)
4,Catherine / Kadri / Katri,Katri/Katrina,Rääpyvä,Ingria,Finnish,su,Katri,3,1,Katri (3),Katri (3),Katri (3)
4,Catherine / Kadri / Katri,Kati,Rääpyvä,Ingria,Finnish,su,Katri,1,1,Kati (1),Kati (1),Kati (1)
4,Catherine / Kadri / Katri,Katri/Katrina,Rääpyvä,Ingria,Finnish,su,Katariina,1,1,Katrina (1),Katrina (1),Katrina (1)
4,Catherine / Kadri / Katri,Kadri,Rõngu,Estonia core/west,South Estonian,viE,Kadri,3,2,kadri (2); Kadri (1),Kadri (3),Kadri (3)
4,Catherine / Kadri / Katri,Catherine/Katherine,Rõngu,Estonia core/west,South Estonian,viE,Kadri,1,1,kadri (1),Kadri (1),Catherine (1)
4,Catherine / Kadri / Katri,Kadri,Rõngu,Estonia core/west,South Estonian,viE,kadri,1,1,kadri (1),kadri (1),Kadri's (1)
4,Catherine / Kadri / Katri,Kadri,Rõuge,South Estonia/Seto,South Estonian,viE,Kadri,5,1,Kadri (4); Kadrik (1),Kadri (4); Kadriku (1),Kadri (5)
4,Catherine / Kadri / Katri,Kadri,Rõuge,South Estonia/Seto,South Estonian,viE,Kadril,2,1,kadrel (2),Kadrel (2),on Kadri (2)
4,Catherine / Kadri / Katri,Katri/Katrina,Rõuge,South Estonia/Seto,South Estonian,viE,Katri,2,2,Katri (2),katri (1); Katri (1),Katri's (1); Katri (1)
4,Catherine / Kadri / Katri,Katri/Katrina,Rõuge,South Estonia/Seto,South Estonian,viE,Katri & sand,1,1,Katri & sand (1),katrisand (1),Katri's messenger (1)
4,Catherine / Kadri / Katri,Katri/Katrina,Rõuge,South Estonia/Seto,South Estonian,viE,katrisäänd,1,1,katrisanti (1),Katrisäänd (1),Katri's border (1)
4,Catherine / Kadri / Katri,Kadri,Saarde,Estonia core/west,North Estonian,viP,Kadri,2,1,Kadri (2),Kadri (2),Kadri (2)
4,Catherine / Kadri / Katri,Kadri,Saarde,Estonia core/west,North Estonian,viP,"Kadunud tekstist', 'kõrge', 'kõrge', 'kõrge', 'kõrge', 'kõrge', 'kõrge', 'kõrge', 'kõrge', 'kõrge', 'kõrge', 'kõrge', 'kõrge', 'kõrge', 'kõrge', 'kõrge', 'kõrge', 'kõrge', 'kõrge', 'kõrge', 'kõrge', 'kõrge', 'kõrge', 'kõrge', 'kõrge', 'kõrge', 'kõrge', 'kõrge', 'kõrge', 'kõrge', 'kõrge', 'kõrge', 'kõrge', 'kõrge', 'kõrge', 'kõrge', 'kõrge', 'kõrge', 'kõrge', 'kõrge', 'kõrge', 'kõrge', 'kõrge', 'kõrge', 'kõrge', 'kõrge', 'kõrge', 'kõrge', 'kõrge', 'kõrge', 'kõrge', 'kõrge', 'kõrge', 'kõrge', 'kõrge', 'kõrge', 'kõrge', 'kõrge', 'kõrge', 'kõrge', 'kõrge', 'kõrge', 'kõrge', 'kõrge', 'kõrge', 'kõrge', 'kõrge', 'kõrge', 'kõrge', 'kõrge', 'kõrge', 'kõrge', 'kõrge', 'kõrge', 'kõrge', 'kõrge', 'kõrge', 'kõrge', 'kõrge', 'kõrge', 'kõrge', 'kõrge', 'kõrge', 'kõrge', 'kõrge', 'kõrge', 'kõrge', 'kõrge', 'kõrge', 'kõrge', 'kõrge', 'kõrge', 'kõrge', 'kõrge', 'kõrge', 'kõrge', 'kõrge', 'kõrge', 'kõrge', 'kõrge', 'kõrge', 'kõrge', 'kõrge', 'kõrge', 'kõrge', 'kõrge', 'kõrge', 'kõrge', 'kõrge', 'kõrge', 'kõrge', 'kõrge', 'kõrge', 'kõrge', 'kõrge', 'kõrge', 'kõrge', 'kõrge', 'kõrge', 'kõrge', 'kõrge', 'kõrge', 'kõrge', 'kõrge', 'kõrge', 'kõrge', 'kõrge', 'kõrge', 'kõrge', 'kõrge', 'kõrge', 'kõrge', 'kõrge', 'kõrge', 'kõrge', 'kõrge', 'kõrge', 'kõrge', 'kõrge', 'kõrge', 'kõrge', 'kõrge', 'kõrge', 'kõrge', 'kõrge', 'kõrge', 'kõrge', 'kõrge', 'kõrge', 'kõrge', 'kõrge', 'kõrge', 'kõrge', 'kõrge', 'kõrge', 'kõrge', 'kõrge', 'kõrge', 'kõrge', 'kõrge', 'kõrge', 'kõrge', 'kõrge', 'kõrge', 'kõrge', 'kõrge', 'kõrge', 'kõrge', 'kõrge', 'kõrge', 'kõrge', 'kõrge', 'kõrge', 'kõrge', 'kõrge', 'kõrge', 'kõrge', 'kõrge', 'kõrge', 'kõrge', 'kõrge', 'kõrge', 'kõrge', 'kõrge', 'kõrge', 'kõrge', 'kõrge', 'kõrge', 'kõrge', 'kõrge', 'kõrge', 'kõrge', 'kõrge', 'kõrge', 'kõrge', 'kõrge', 'kõrge', 'kõrge', 'kõrge', 'kõrge', 'kõrge', 'kõrge', 'kõrge', 'kõrge', 'kõrge', 'kõrge', 'kõrge', 'kõrge', 'kõrge', 'kõrge', 'kõrge', 'kõrge', 'kõrge', 'kõrge', 'kõrge', 'kõrge', 'kõrge', 'kõrge', 'kõrge', 'kõrge', 'kõrge', 'kõrge', 'kõrge', 'kõrge', 'kõrge', 'kõrge', 'kõrge', 'kõrge', 'kõrge', 'kõrge', 'kõrge', 'kõrge', 'kõrge', 'kõrge', 'kõrge', 'kõrge', 'kõrge', 'kõrge', 'kõrge', 'kõrge', 'kõrge', 'kõrge', 'kõrge', 'kõrge', 'kõrge', 'kõrge', 'kõrge', 'kõrge', 'kõrge', 'kõrge', 'kõrge', 'kõrge', 'kõrge', 'kõrge', 'kõrge', 'kõrge', 'kõrge', 'kõrge', 'kõrge', 'kõrge', 'kõrge', 'kõrge', 'kõrge', 'kõrge', 'kõrge', 'kõrge', 'kõrge', 'kõrge', 'kõrge', 'kõrge', 'kõrge', 'kõrge', 'kõrge', 'kõrge', 'kõrge', 'kõrge', 'kõrge', 'kõrge', 'kõrge', 'kõrge', 'kõrge', 'kõrge', 'kõrge', 'kõrge', 'kõrge', 'kõrge', 'kõrge', 'kõrge', 'kõrge', 'kõrge', 'kõrge', 'kõrge', 'kõrge', 'kõrge', 'kõrge', 'kõrge', 'kõrge', 'kõrge', 'kõrge', 'kõrge', 'kõrge', 'kõrge', 'kõrge', 'kõrge', 'kõrge', 'kõrge', 'kõrge', 'kõrge', 'kõrge', 'kõrge', 'kõrge', 'kõrge', 'kõrge', 'kõrge', 'kõrge', 'kõrge', 'kõrge', 'kõrge', 'kõrge', 'kõrge', 'kõrge', 'kõrge', 'kõrge', 'kõrge', 'kõrge', 'kõrge', 'kõrge', 'kõrge', 'kõrge', 'kõrge', 'kõrge', 'kõrge', 'kõrge', 'kõrge', 'kõrge', 'kõrge', 'kõrge', 'kõrge', 'kõrge', 'kõrge', 'kõrge', 'kõrge', 'kõrge', 'kõrge', 'kõrge', 'kõrge', 'kõrge', 'kõrge', 'kõrge', 'kõrge', 'kõrge', 'kõrge', 'kõrge', 'kõrge', 'kõrge', 'kõrge', 'kõrge', 'kõrge', 'kõrge', 'kõrge', 'kõrge', 'kõrge', 'kõrge', 'kõrge', 'kõrge', 'kõrge', 'kõrge', 'kõrge', 'kõrge', 'kõrge', 'kõrge', 'kõrge', 'kõrge', 'kõrge', 'kõrge', 'kõrge', 'kõrge', 'kõrge', 'kõrge', 'kõrge', 'kõrge', 'kõrge', 'kõrge', 'kõrge', 'kõrge', 'kõrge', 'kõrge', 'kõrge', 'kõrge', 'kõrge', 'kõrge', 'kõrge', 'kõrge', 'kõrge', 'kõrge', 'kõrge', 'kõrge', 'kõrge', 'kõrge', 'kõrge', 'kõrge', 'kõrge', 'kõrge', 'kõrge', 'kõrge', 'kõrge', 'kõrge', 'kõrge', 'kõrge', 'kõrge', 'kõrge', 'kõrge', 'kõrge', 'kõrge', 'kõrge', 'kõrge', 'kõrge', 'kõrge', 'kõrge', 'kõrge', 'kõrge', 'kõrge', 'kõrge', 'kõrge', 'kõrge', 'kõrge', 'kõrge', 'kõrge', 'kõrge', 'kõrge', 'kõrge', 'kõrge', 'kõrge', 'kõrge', 'kõrge', 'kõrge', 'kõrge', 'kõrge', 'kõrge', 'kõrge', 'kõrge', 'kõrge', 'kõrge', 'kõrge', 'kõrge', 'kõrge', 'kõrge', 'kõrge', 'kõrge', 'kõrge', 'kõrge', 'kõrge', 'kõrge', 'kõrge', 'kõrge', 'kõrge', 'kõrge', 'kõrge', 'kõrge', 'kõrge', 'kõrge', 'kõrge', 'kõrge', 'kõrge', 'kõrge', 'kõrge', 'kõrge', 'kõrge', 'kõrge', 'kõrge', 'kõrge', 'kõrge', 'kõrge', 'kõrge', 'kõrge', 'kõrge', 'kõrge', 'kõrge', 'kõrge', 'kõrge', 'kõrge', 'kõrge', 'kõrge', 'kõrge', 'kõrge', 'kõrge', 'kõrge', 'kõrge', 'kõrge', 'kõrge', 'kõrge', 'kõrge', 'kõrge', 'kõrge', 'kõrge', 'kõrge', 'kõrge', 'kõrge', 'kõrge', 'kõrge', 'kõrge', 'kõrge', 'kõrge', 'kõrge', 'kõrge', 'kõrge', 'kõrge', 'kõrge', 'kõrge', 'kõrge', 'kõrge', 'kõrge', 'kõrge', 'kõrge', 'kõrge', 'kõrge', 'kõrge', 'kõrge', 'kõrge', 'kõrge', 'kõrge', 'kõrge', 'kõrge', 'kõrge', 'kõrge', 'kõrge', 'kõrge', 'kõrge', 'kõrge', 'kõrge', 'kõrge', 'kõrge', 'kõrge', 'kõrge', 'kõrge', 'kõrge', 'kõrge', 'kõrge', 'kõrge', 'kõrge', 'kõrge', 'kõrge', 'kõrge', 'kõrge', 'kõrge', 'kõrge', 'kõrge', 'kõrge', 'kõrge', 'kõrge', 'kõrge', 'kõrge', 'kõrge', 'kõrge', 'kõrge', 'kõrge', 'kõrge', 'kõrge', 'kõrge', 'kõrge', 'kõrge', 'kõrge', 'kõrge', 'kõrge', 'kõrge', 'kõrge', 'kõrge', 'kõrge', 'kõrge', 'kõrge', 'kõrge', 'kõrge', 'kõrge', 'kõrge', 'kõrge', 'kõrge', 'kõrge', 'kõrge', 'kõrge', 'kõrge', 'kõrge', 'kõrge', 'kõrge', 'kõrge', 'kõrge', 'kõrge', 'kõrge', 'kõrge', 'kõrge', 'kõrge', 'kõrge', 'kõrge', 'kõrge', 'kõrge', 'kõrge', 'kõrge', 'kõrge', 'kõrge', 'kõrge', 'kõrge', 'kõrge', 'kõrge', 'kõrge', 'kõrge', 'kõrge', 'kõrge', 'kõrge', 'kõrge', 'kõrge', 'kõrge', 'kõrge', 'kõrge', 'kõrge', 'kõrge', 'kõrge', 'kõrge', 'kõrge', 'kõrge', 'kõrge', 'kõrge', 'kõrge', 'kõrge', 'kõrge', 'kõrge', 'kõrge', 'kõrge', 'kõrge', 'kõrge', 'kõrge', 'kõrge', 'kõrge', 'kõrge', 'kõrge', 'kõrge', 'kõrge', 'kõrge', 'kõrge', 'kõrge', 'kõrge', 'kõrge', 'kõrge', 'kõrge', 'kõrge', 'kõrge', 'kõrge', 'kõrge', 'kõrge', 'kõrge', 'kõrge', 'kõrge', 'kõrge', 'kõrge', 'kõrge', 'kõrge', 'kõrge', 'kõrge', 'kõrge', 'kõrge', 'kõrge', 'kõrge', 'kõrge', 'kõrge', 'kõrge', 'kõrge', 'kõrge', 'kõrge', 'kõrge', 'kõrge', 'kõrge', 'kõrge', 'kõrge', 'kõrge', 'kõrge', 'kõrge', 'kõrge', 'kõrge', 'kõrge', 'kõrge', 'kõrge', 'kõrge', 'kõrge', 'kõrge', 'kõrge', 'kõrge', 'kõrge', 'kõrge', 'kõrge', 'kõrge', 'kõrge', 'kõrge', 'kõrge', 'kõrge', 'kõrge', 'kõrge', 'kõrge', 'kõrge', 'kõrge', 'kõrge', 'kõrge', 'kõrge', 'kõrge', 'kõrge', 'kõrge', 'kõrge', 'kõrge', 'kõrge', 'kõrge', 'kõrge', 'kõrge', 'kõrge', 'kõrge', 'kõrge', 'kõrge', 'kõrge', 'kõrge', 'kõrge', 'kõrge', 'kõrge', 'kõrge', 'kõrge', 'kõrge', 'kõrge', 'kõrge', 'kõrge', 'kõrge', 'kõrge', 'kõrge', 'kõrge', 'kõrge', 'kõrge', 'kõrge', 'kõrge', 'kõrge', 'kõrge', 'kõrge', 'kõrge', 'kõrge', 'kõrge', 'kõrge', 'kõrge', 'kõrge', 'kõrge', 'kõrge', 'kõrge', 'kõrge', 'kõrge', 'kõrge', 'kõrge', 'kõrge', 'kõrge', 'kõrge', 'kõrge', 'kõrge', 'kõrge', 'kõrge', 'kõrge', 'kõrge', 'kõrge', 'kõrge', 'kõrge', 'kõrge', 'kõrge', 'kõrge', 'kõrge', 'kõrge', 'kõrge', 'kõrge', 'kõrge', 'kõrge', 'kõrge', 'kõrge', 'kõrge', 'kõrge', 'kõrge', 'kõrge', 'kõrge', 'kõrge', 'kõrge', 'kõrge', 'kõrge', 'kõrge', 'kõrge', 'kõrge', 'kõrge', 'kõrge', 'kõrge', 'kõrge', 'kõrge', 'kõrge', 'kõrge', 'kõrge', 'kõrge', 'kõrge', 'kõrge', 'kõrge', 'kõrge', 'kõrge', 'kõrge', 'kõrge', 'kõrge', 'kõrge', 'kõrge', 'kõrge', 'kõrge', 'kõrge', 'kõrge', 'kõrge', 'kõrge', 'kõrge', 'kõrge', 'kõrge', 'kõrge', 'kõrge', 'kõrge', 'kõrge', 'kõrge', 'kõrge', 'kõrge', 'kõrge', 'kõrge', 'kõrge', 'kõrge', 'kõrge', 'kõrge', 'kõrge', 'kõrge', 'kõrge', 'kõrge', 'kõrge', 'kõrge', 'kõrge', 'kõrge', 'kõrge', 'kõrge', 'kõrge', 'kõrge', 'kõrge', 'kõrge', 'kõrge', 'kõrge', 'kõrge', 'kõrge', 'kõrge', 'kõrge', 'kõrge', 'kõrge', 'kõrge', 'kõrge', 'kõrge', 'kõrge', 'kõrge', 'kõrge', 'kõrge', 'kõrge', 'kõrge', 'kõrge', 'kõrge', 'kõrge', 'kõrge', 'kõrge', 'kõrge', 'kõrge', 'kõrge', 'kõrge', 'kõrge', 'kõrge', 'kõrge', 'kõrge', 'kõrge', 'kõrge', 'kõrge', 'kõrge', 'kõrge', 'kõrge', 'kõrge', 'kõrge', 'kõrge', 'kõrge', 'kõrge', 'kõrge', 'kõrge', 'kõrge', 'kõrge', 'kõrge', 'kõrge', 'kõrge', 'kõrge', 'kõrge', 'kõrge', 'kõrge', 'kõrge', 'kõrge', 'kõrge', 'kõrge', 'kõrge', 'kõrge', 'kõrge', 'kõrge', 'kõrge', 'kõrge', 'kõrge', 'kõrge', 'kõrge', 'kõrge', 'kõrge', 'kõrge', 'kõrge', 'kõrge', 'kõrge', 'kõrge', 'kõrge', 'kõrge', 'kõrge', 'kõrge', 'kõrge', 'kõrge', 'kõrge', 'kõrge', 'kõrge', 'kõrge', 'kõrge', 'kõrge', 'kõrge', 'kõrge', 'kõrge', 'kõrge', 'kõrge', 'kõrge', 'kõrge', 'kõrge', 'kõrge', 'kõrge', 'kõrge', 'kõrge', 'kõrge', 'kõrge', 'kõrge', 'kõrge', 'kõrge', 'kõrge', 'kõrge', 'kõrge', 'kõrge', 'kõrge', 'kõrge', 'kõrge', 'kõrge', 'kõrge', 'kõrge', 'kõrge', 'kõrge', 'kõrge', 'kõrge', 'kõrge', 'kõrge', 'kõrge', 'kõrge', 'kõrge', 'kõrge', 'kõrge', 'kõrge', 'kõrge', 'kõrge', 'kõrge', 'kõrge', 'kõrge', 'kõrge', 'kõrge', 'kõrge', 'kõrge', 'kõrge', 'kõrge', 'kõrge', 'kõrge', 'kõrge', 'kõrge', 'kõrge', 'kõrge', 'kõrge', 'kõrge', 'kõrge', 'kõrge', 'kõrge', 'kõrge', 'kõrge', 'kõrge', 'kõrge', 'kõrge', 'kõrge', 'kõrge', 'kõrge', 'kõrge', 'kõrge', 'kõrge', 'kõrge', 'kõrge', 'kõrge', 'kõrge', 'kõrge', 'kõrge', 'kõrge', 'kõrge', 'kõrge', 'kõrge', 'kõrge', 'kõrge', 'kõrge', 'kõrge', 'kõrge', 'kõrge', 'kõrge', 'kõrge', 'kõrge', 'kõrge', 'kõrge', 'kõrge', 'kõrge', 'kõrge', 'kõrge', 'kõrge', 'kõrge', 'kõrge', 'kõrge', 'kõrge', 'kõrge', 'kõrge', 'kõrge', 'kõrge', 'kõrge', 'kõrge', 'kõrge', 'kõrge', 'kõrge', 'kõrge', 'kõrge', 'kõrge', 'kõrge', 'kõrge', 'kõrge', 'kõrge', 'kõrge', 'kõrge', 'kõrge', 'kõrge', 'kõrge', 'kõrge', 'kõrge', 'kõrge', 'kõrge', 'kõrge', 'kõrge', 'kõrge', 'kõrge', 'kõrge', 'kõrge', 'kõrge', 'kõrge', 'kõrge', 'kõrge', 'kõrge', 'kõrge', 'kõrge', 'kõrge', 'kõrge', 'kõrge', 'kõrge', 'kõrge', 'kõrge', 'kõrge', 'kõrge', 'kõrge', 'kõrge', 'kõrge', 'kõrge', 'kõrge', 'kõrge', 'kõrge', 'kõrge', 'kõrge', 'kõrge', 'kõrge', 'kõrge', 'kõrge', 'kõrge', 'kõrge', 'kõrge', 'kõrge', 'kõrge', 'kõrge', 'kõrge', 'kõrge', 'kõrge', 'kõrge', 'kõrge', 'kõrge', 'kõrge', 'kõrge', 'kõrge', 'kõrge', 'kõrge', 'kõrge', 'kõrge', 'kõrge', 'kõrge', 'kõrge', 'kõrge', 'kõrge', 'kõrge', 'kõrge', 'kõrge', 'kõrge', 'kõrge', 'kõrge', 'kõrge', 'kõrge', 'kõrge', 'kõrge', 'kõrge', 'kõrge', 'kõrge', 'kõrge', 'kõrge', 'kõrge', 'kõrge', 'kõrge', 'kõrge', 'kõrge', 'kõrge', 'kõrge', 'kõrge', 'kõrge', 'kõrge', 'kõrge', 'kõrge', 'kõrge', 'kõrge', 'kõrge', 'kõrge', 'kõrge', 'kõrge', 'kõrge', 'kõrge', 'kõrge', 'kõrge', 'kõrge', 'kõrge', 'kõrge', 'kõrge', 'kõrge', 'kõrge', 'kõrge', 'kõrge', 'kõrge', 'kõrge', 'kõrge', 'kõrge', 'kõrge', 'kõrge', 'kõrge', 'kõrge', 'kõrge', 'kõrge', 'kõrge', 'kõrge', 'kõrge', 'kõrge', 'kõrge', 'kõrge', 'kõrge', 'kõrge', 'kõrge', 'kõrge', 'kõrge', 'kõrge', 'kõrge', 'kõrge', 'kõrge', 'kõrge', 'kõrge', 'kõrge', 'kõrge', 'kõrge', 'kõrge', 'kõrge', 'kõrge', 'kõrge', 'kõrge', 'kõrge', 'kõrge', 'kõrge', 'kõrge', 'kõrge', 'kõrge', 'kõrge', 'kõrge', 'kõrge', 'kõrge', 'kõrge', 'kõrge', 'kõrge', 'kõrge', 'kõrge', 'kõrge', 'kõrge', 'kõrge', 'kõrge', 'kõrge', 'kõrge', 'kõrge', 'kõrge', 'kõrge', 'kõrge', 'kõrge', 'kõrge', 'kõrge', 'kõrge', 'kõrge', 'kõrge', 'kõrge', 'kõrge', 'kõrge', 'kõrge', 'kõrge', 'kõrge', 'kõrge', 'kõrge', 'kõrge', 'kõrge', 'kõrge', 'kõrge', 'kõrge', 'kõrge', 'kõrge', 'kõrge', 'kõrge', 'kõrge', 'kõrge', 'kõrge', 'kõrge', 'kõrge', 'kõrge', 'kõrge', 'kõrge', 'kõrge', 'kõrge', 'kõrge', 'kõrge', 'kõrge', 'kõrge', 'kõrge', 'kõrge', 'kõrge', 'kõrge', 'kõrge', 'kõrge', 'kõrge', 'kõrge', 'kõrge', 'kõrge', 'kõrge', 'kõrge', 'kõrge', 'kõrge', 'kõrge', 'kõrge', 'kõrge', 'kõrge', 'kõrge', 'kõrge', 'kõrge', 'kõrge', 'kõrge', 'kõrge', 'kõrge', 'kõrge', 'kõrge', 'kõrge', 'kõrge', 'kõrge', 'kõrge', 'kõrge', 'kõrge', 'kõrge', 'kõrge', 'kõrge', 'kõrge', 'kõrge', 'kõrge', 'kõrge', 'kõrge', 'kõrge', 'kõrge', 'kõrge', 'kõrge', 'kõrge', 'kõrge', 'kõrge', 'kõrge', 'kõrge', 'kõrge', 'kõrge', 'kõrge', 'kõrge', 'kõrge', 'kõrge', 'kõrge', 'kõrge', 'kõrge', 'kõrge', 'kõrge', 'kõrge', 'kõrge', 'kõrge', 'kõrge', 'kõrge', 'kõrge', 'kõrge', 'kõrge', 'kõrge', 'kõrge', 'kõrge', 'kõrge', 'kõrge', 'kõrge', 'kõrge', 'kõrge', 'kõrge', 'kõrge', 'kõrge', 'kõrge', 'kõrge', 'kõrge', 'kõrge', 'kõrge', 'kõrge', 'kõrge', 'kõrge', 'kõrge', 'kõrge', 'kõrge', 'kõrge', 'kõrge', 'kõrge', 'kõrge', 'kõrge', 'kõrge', 'kõrge', 'kõrge', 'kõrge', 'kõrge', 'kõrge', 'kõrge', 'kõrge', 'kõrge', 'kõrge', 'kõrge', 'kõrge', 'kõrge', 'kõrge', 'kõrge', 'kõrge', 'kõrge', 'kõrge', 'kõrge', 'kõrge', 'kõrge', 'kõrge', 'kõrge', 'kõrge', 'kõrge', 'kõrge', 'kõrge', 'kõrge', 'kõrge', 'kõrge', 'kõrge', 'kõrge', 'kõrge', 'kõrge', 'kõrge', 'kõrge', 'kõrge', 'kõrge', 'kõrge', 'kõrge', 'kõrge', 'kõrge', 'kõrge', 'kõrge', 'kõrge', 'kõrge', 'kõrge', 'kõrge', 'kõrge', 'kõrge', 'kõrge', 'kõrge', 'kõrge', 'kõrge', 'kõrge', 'kõrge', 'kõrge', 'kõrge', 'kõrge', 'kõrge', 'kõrge', 'kõrge', 'kõrge', 'kõrge', 'kõrge', 'kõrge', 'kõrge', 'kõrge', 'kõrge', 'kõrge', 'kõrge', 'kõrge', 'kõrge', 'kõrge', 'kõrge', 'kõrge', 'kõrge', 'kõrge', 'kõrge', 'kõrge', 'kõrge', 'kõrge', 'kõrge', 'kõrge', 'kõrge', 'kõrge', 'kõrge', 'kõrge', 'kõrge', 'kõrge', 'kõrge', 'kõrge', 'kõrge', 'kõrge', 'kõrge', 'kõrge', 'kõrge', 'kõrge', 'kõrge', 'kõrge', 'kõrge', 'kõrge', 'kõrge', 'kõrge', 'kõrge', 'kõrge', 'kõrge', 'kõrge', 'kõrge', 'kõrge', 'kõrge', 'kõrge', 'kõrge', 'kõrge', 'kõrge', 'kõrge', 'kõrge', 'kõrge', 'kõrge', 'kõrge', 'kõrge', 'kõrge', 'kõrge', 'kõrge', 'kõrge', 'kõrge', 'kõrge', 'kõrge', 'kõrge', 'kõrge', 'kõrge', 'kõrge', 'kõrge', 'kõrge', 'kõrge', 'kõrge', 'kõrge', 'kõrge', 'kõrge', 'kõrge', 'kõrge', 'kõrge', 'kõrge', 'kõrge', 'kõrge', 'kõrge', 'kõrge', 'kõrge', 'kõrge', 'kõrge', 'kõrge', 'kõrge', 'kõrge', 'kõrge', 'kõrge', 'kõrge', 'kõrge', 'kõrge', 'kõrge', 'kõrge', 'kõrge', 'kõrge', 'kõrge', 'kõrge', 'kõrge', 'kõrge', 'kõrge', 'kõrge', 'kõrge', 'kõrge', 'kõrge', 'kõrge', 'kõrge', 'kõrge', 'kõrge', 'kõrge', 'kõrge', 'kõrge', 'kõrge', 'kõrge', 'kõrge', 'kõrge', 'kõrge', 'kõrge', 'kõrge', 'kõrge', 'kõrge', 'kõrge', 'kõrge', 'kõrge', 'kõrge', 'kõrge', 'kõrge', 'kõrge', 'kõrge', 'kõrge', 'kõrge', 'kõrge', 'kõrge', 'kõrge', 'kõrge', 'kõrge', 'kõrge', 'kõrge', 'kõrge', 'kõrge', 'kõrge', 'kõrge', 'kõrge', 'kõrge', 'kõrge', 'kõrge', 'kõrge', 'kõrge', 'kõrge', 'kõrge', 'kõrge', 'kõrge', 'kõrge', 'kõrge', 'kõrge', 'kõrge', 'kõrge', 'kõrge', 'kõrge', 'kõrge', 'kõrge', 'kõrge', 'kõrge', 'kõrge', 'kõrge', 'kõrge', 'kõrge', 'kõrge', 'kõrge', 'kõrge', 'kõrge', 'kõrge', 'kõrge', 'kõrge', 'kõrge', 'kõrge', 'kõrge', 'kõrge', 'kõrge', 'kõrge', 'kõrge', 'kõrge', 'kõrge', 'kõrge', 'kõrge', 'kõrge', 'kõrge', 'kõrge', 'kõrge', 'kõrge', 'kõrge', 'kõrge', 'kõrge', 'kõrge', 'kõrge', 'kõrge', 'kõrge', 'kõrge', 'kõrge', 'kõrge', 'kõrge', 'kõrge', 'kõrge', 'kõrge', 'kõrge', 'kõrge', 'kõrge', 'kõrge', 'kõrge', 'kõrge', 'kõrge', 'kõrge', 'kõrge', 'kõrge', 'kõrge', 'kõrge', 'kõrge', 'kõrge', 'kõrge', 'kõrge', 'kõrge', 'kõrge', 'kõrge', 'kõrge', 'kõrge', 'kõrge', 'kõrge', 'kõrge', 'kõrge', 'kõrge', 'kõrge', 'kõrge', 'kõrge', 'kõrge', 'kõrge', 'kõrge', 'kõrge', 'kõrge', 'kõrge', 'kõrge', 'kõrge', 'kõrge', 'kõrge', 'kõrge', 'kõrge', 'kõrge', 'kõrge', 'kõrge', 'kõrge', 'kõrge', 'kõrge', 'kõrge', 'kõrge', 'kõrge', 'kõrge', 'kõrge', 'kõrge', 'kõrge', 'kõrge', 'kõrge', 'kõrge', 'kõrge', 'kõrge', 'kõrge', 'kõrge', 'kõrge', 'kõrge', 'kõrge', 'kõrge', 'kõrge', 'kõrge', 'kõrge', 'kõrge', 'kõrge', 'kõrge', 'kõrge', 'kõrge', 'kõrge', 'kõrge', 'kõrge', 'kõrge', 'kõrge', 'kõrge', 'kõrge', 'kõrge', 'kõrge', 'kõrge', 'kõrge', 'kõrge', 'kõrge', 'kõrge', 'kõrge', 'kõrge', 'kõrge', 'kõrge', 'kõrge', 'kõrge', 'kõrge', 'kõrge', 'kõrge', 'kõrge', 'kõrge', 'kõrge', 'kõrge', 'kõrge', 'kõrge', 'kõrge', 'kõrge', 'kõrge', 'kõrge', 'kõrge', 'kõrge', 'kõrge', 'kõrge', 'kõrge', 'kõrge', 'kõrge', 'kõrge', 'kõrge', 'kõrge', 'kõrge', 'kõrge', 'kõrge', 'kõrge', 'kõrge', 'kõrge', 'kõrge', 'kõrge', 'kõrge', 'kõrge', 'kõrge', 'kõrge', 'kõrge', 'kõrge', 'kõrge', 'kõrge', 'kõrge', 'kõrge', 'kõrge', 'kõrge', 'kõrge', 'kõrge', 'kõrge', 'kõrge', 'kõrge', 'kõrge', 'kõrge', 'kõrge', 'kõrge', 'kõrge', 'kõrge', 'kõrge', 'kõrge', 'kõrge', 'kõrge', 'kõrge', 'kõrge', 'kõrge', 'kõrge', 'kõrge', 'kõrge', 'kõrge', 'kõrge', 'kõrge', 'kõrge', 'kõrge', 'kõrge', 'kõrge', 'kõrge', 'kõrge', 'kõrge', 'kõrge', 'kõrge', 'kõrge', 'kõrge', 'kõrge', 'kõrge', 'kõrge', 'kõrge', 'kõrge', 'kõrge', 'kõrge', 'kõrge', 'kõrge', 'kõrge', 'kõrge', 'kõrge', 'kõrge', 'kõrge', 'kõrge', 'kõrge', 'kõrge', 'kõrge', 'kõrge', 'kõrge', 'kõrge', 'kõrge', 'kõrge', 'kõrge', 'kõrge', 'kõrge', 'kõrge', 'kõrge', 'kõrge', 'kõrge', 'kõrge', 'kõrge', 'kõrge', 'kõrge', 'kõrge', 'kõrge', 'kõrge', 'kõrge', 'kõrge', 'kõrge', 'kõrge', 'kõrge', 'kõrge', 'kõrge', 'kõrge', 'kõrge', 'kõrge', 'kõrge', 'kõrge', 'kõrge', 'kõrge', 'kõrge', 'kõrge', 'kõrge', 'kõrge', 'kõrge', 'kõrge', 'kõrge', 'kõrge', 'kõrge', 'kõrge', 'kõrge', 'kõrge', 'kõrge', 'kõrge', 'kõrge', 'kõrge', 'kõrge', 'kõrge', 'kõrge', 'kõrge', 'kõrge', 'kõrge', 'kõrge', 'kõrge', 'kõrge', 'kõrge', 'kõrge', 'kõrge', 'kõrge', 'kõrge', 'kõrge', 'kõrge', 'kõrge', 'kõrge', 'kõrge', 'kõrge', 'kõrge', 'kõrge', 'kõrge', 'kõrge', 'kõrge', 'kõrge', 'kõrge', 'kõrge', 'kõrge', 'kõrge', 'kõrge', 'kõrge', 'kõrge', 'kõrge', 'kõrge', 'kõrge', 'kõrge', 'kõrge', 'kõrge', 'kõrge', 'kõrge', 'kõrge', 'kõrge', 'kõrge', 'kõrge', 'kõrge', 'kõrge', 'kõrge', 'kõrge', 'kõrge', 'kõrge', 'kõrge', 'kõrge', 'kõrge', 'kõrge', 'kõrge', 'kõrge', 'kõrge', 'kõrge', 'kõrge', 'kõrge', 'kõrge', 'kõrge', 'kõrge', 'kõrge', 'kõrge', 'kõrge', 'kõrge', 'kõrge', 'kõrge', 'kõrge', 'kõrge', 'kõrge', 'kõrge', 'kõrge', 'kõrge', 'kõrge', 'kõrge', 'kõrge', 'kõrge', 'kõrge', 'kõrge', 'kõrge', 'kõrge', 'kõrge', 'kõrge', 'kõrge', 'kõrge', 'kõrge', 'kõrge', 'kõrge', 'kõrge', 'kõrge', 'kõrge', 'kõrge', 'kõrge', 'kõrge', 'kõrge', 'kõrge', 'kõrge', 'kõrge', 'kõrge', 'kõrge', 'kõrge', 'kõrge', 'kõrge', 'kõrge', 'kõrge', 'kõrge', 'kõrge', 'kõrge', 'kõrge', 'kõrge', 'kõrge', 'kõrge', 'kõrge', 'kõrge', 'kõrge', 'kõrge', 'kõrge', 'kõrge', 'kõrge', 'kõrge', 'kõrge', 'kõrge', 'kõrge', 'kõrge', 'kõrge', 'kõrge', 'kõrge', 'kõrge', 'kõrge', 'kõrge', 'kõrge', 'kõrge', 'kõrge', 'kõrge', 'kõrge', 'kõrge', 'kõrge', 'kõrge', 'kõrge', 'kõrge', 'kõrge', 'kõrge', 'kõrge', 'kõrge', 'kõrge', 'kõrge', 'kõrge', 'kõrge', 'kõrge', 'kõrge', 'kõrge', 'kõrge', 'kõrge', 'kõrge', 'kõrge', 'kõrge', 'kõrge', 'kõrge', 'kõrge', 'kõrge', 'kõrge', 'kõrge', 'kõrge', 'kõrge', 'kõrge', 'kõrge', 'kõrge', 'kõrge', 'kõrge', 'kõrge', 'kõrge', 'kõrge', 'kõrge', 'kõrge', 'kõrge', 'kõrge', 'kõrge', 'kõrge', 'kõrge', 'kõrge', 'kõrge', 'kõrge', 'kõrge', 'kõrge', 'kõrge', 'kõrge', 'kõrge', 'kõrge', 'kõrge', 'kõrge', 'kõrge', 'kõrge', 'kõrge', 'kõrge', 'kõrge', 'kõrge', 'kõrge', 'kõrge', 'kõrge', 'kõrge', 'kõrge', 'kõrge', 'kõrge', 'kõrge', 'kõrge', 'kõrge', 'kõrge', 'kõrge', 'kõrge', 'kõrge', 'kõrge', 'kõrge', 'kõrge', 'kõrge', 'kõrge', 'kõrge', 'kõrge', 'kõrge', 'kõrge', 'kõrge', 'kõrge', 'kõrge', 'kõrge', 'kõrge', 'kõrge', 'kõrge', 'kõrge', 'kõrge', 'kõrge', 'kõrge', 'kõrge', 'kõrge', 'kõrge', 'kõrge', 'kõrge', 'kõrge', 'kõrge', 'kõrge', 'kõrge', 'kõrge', 'kõrge', 'kõrge', 'kõrge', 'kõrge', 'kõrge', 'kõrge', 'kõrge', 'kõrge', 'kõrge', 'kõrge', 'kõrge', 'kõrge', 'kõrge', 'kõrge', 'kõrge', 'kõrge', 'kõrge', 'kõrge', 'kõrge', 'kõrge', 'kõrge', 'kõrge', 'kõrge', 'kõrge', 'kõrge', 'kõrge', 'kõrge', 'kõrge', 'kõrge', 'kõrge', 'kõrge', 'kõrge', 'kõrge', 'kõrge', 'kõrge', 'kõrge', 'kõrge', 'kõrge', 'kõrge', 'kõrge', 'kõrge', 'kõrge', 'kõrge', 'kõrge', 'kõrge', 'kõrge', 'kõrge', 'kõrge', 'kõrge', 'kõrge', 'kõrge', 'kõrge', 'kõrge', 'kõrge', 'kõrge', 'kõrge', 'kõrge', 'kõrge', 'kõrge', 'kõrge', 'kõrge', 'kõrge', 'kõrge', 'kõrge', 'kõrge', 'kõrge', 'kõrge', 'kõrge', 'kõrge', 'kõrge', 'kõrge', 'kõrge', 'kõrge', 'kõrge', 'kõrge', 'kõrge', 'kõrge', 'kõrge', 'kõrge', 'kõrge', 'kõrge', 'kõrge', 'kõrge', 'kõrge', 'kõrge', 'kõrge', 'kõrge', 'kõrge', 'kõrge', 'kõrge', 'kõrge', 'kõrge', 'kõrge', 'kõrge', 'kõrge', 'kõrge', 'kõrge', 'kõrge', 'kõrge', 'kõrge', 'kõrge', 'kõrge', 'kõrge', 'kõrge', 'kõrge', 'kõrge', 'kõrge', 'kõrge', 'kõrge', 'kõrge', 'kõrge', 'kõrge', 'kõrge', 'kõrge', 'kõrge', 'kõrge', 'kõrge', 'kõrge', 'kõrge', 'kõrge', 'kõrge', 'kõrge', 'kõrge', 'kõrge', 'kõrge', 'kõrge', 'kõrge', 'kõrge', 'kõrge', 'kõrge', 'kõrge', 'kõrge', 'kõrge', 'kõrge', 'kõrge', 'kõrge', 'kõrge', 'kõrge', 'kõrge', 'kõrge', 'kõrge', 'kõrge', 'kõrge', 'kõrge', 'kõrge', 'kõrge', 'kõrge', 'kõrge', 'kõrge', 'kõrge', 'kõrge', 'kõrge', 'kõrge', 'kõrge', '",1,1,Kadri (1),Kadri (1),Kadri (1)
4,Catherine / Kadri / Katri,Kaisa/Kaie,Saarde,Estonia core/west,North Estonian,viP,Kaie,1,1,Kaie (1),Kaie (1),Kaie's (1)
4,Catherine / Kadri / Katri,Kaisa/Kaie,Saarijärvi,Finland/Savo-Karelia,Finnish,su,Kaisa,1,1,Kaisa (1),Kaisa (1),Kaisa (1)
4,Catherine / Kadri / Katri,Kaisa/Kaie,Sakkola,Finland/Savo-Karelia,Finnish,su,Kaisa,1,1,Kaisa (1),Kaisan (1),Kaisa's (1)
4,Catherine / Kadri / Katri,Catherine/Katherine,Salmi,East Karelia/Veps/Tver,Livvi-Karelian,ka,Katariina,1,1,kateriina (1),Kateriina (1),Catherine (1)
4,Catherine / Kadri / Katri,Kadri,Sangaste,Estonia core/west,South Estonian,viE,Kadri,3,2,Kadri (3),Kadri (3),Kadri (3)
4,Catherine / Kadri / Katri,Kaisa/Kaie,Sangaste,Estonia core/west,South Estonian,viE,Kaie,3,2,Kaie (3),Kaie (3),Kaie (3)
4,Catherine / Kadri / Katri,Kaisa/Kaie,Sangaste,Estonia core/west,South Estonian,viE,Kaieken,2,1,Kaieken (2),Kaieken (2),little Kaie (2)
4,Catherine / Kadri / Katri,Katri/Katrina,Sangaste,Estonia core/west,South Estonian,viE,Katri,1,1,Katri (1),Katri (1),Katri's (1)
4,Catherine / Kadri / Katri,Kati,Sauvo,Finland/Savo-Karelia,Finnish,su,Kati,1,1,kati (1),Kati (1),Kati (1)
4,Catherine / Kadri / Katri,Kaisa/Kaie,Savitaipale,Finland/Savo-Karelia,Finnish,su,Kaisa,1,1,Kaisa (1),Kaisa (1),Kaisa (1)
4,Catherine / Kadri / Katri,Kaisa/Kaie,Savonlinna,Finland/Savo-Karelia,Finnish,su,Kaisa,2,1,Kaisa (2),Kaisan (1); Kaisa (1),Kaisa's (1); Kaisa (1)
4,Catherine / Kadri / Katri,Kaisa/Kaie,Savonranta,Finland/Savo-Karelia,Finnish,su,Kaisa,1,1,Kaisa (1),Kaisa (1),Kaisa (1)
4,Catherine / Kadri / Katri,Katri/Katrina,Seiskari,Finland/Savo-Karelia,Finnish,su,Katri,1,1,Katri (1),Katrin (1),Katri's (1)
4,Catherine / Kadri / Katri,Katri/Katrina,Serepetta,Ingria,Finnish,su,Katrina,6,5,Katrina (6),Katrina (6),Katrina (6)
4,Catherine / Kadri / Katri,Kati,Serepetta,Ingria,Finnish,su,Kati,2,1,Kati (2),Kati (2),Kati (2)
4,Catherine / Kadri / Katri,Katri/Katrina,Serepetta,Ingria,Finnish,su,Katri,2,2,Katti (1); Katri (1),Katriini (1); Katri (1),my Katri (1); Katri (1)
4,Catherine / Kadri / Katri,Katri/Katrina,Serepetta,Ingria,Finnish,su,Katrna,1,1,Katrna (1),Katrna (1),Katrina (1)
4,Catherine / Kadri / Katri,Kadri,Setumaa,South Estonia/Seto,South Estonian,viE,Kadri,17,5,Kadri (10); kadri (7),Kadri (9); kadri (5); kadril (2); Kadril (1),Kadri (14); on Kadri (2); Kadri's (1)
4,Catherine / Kadri / Katri,Kadri,Setumaa,South Estonia/Seto,South Estonian,viE,kadri,8,1,kadri (8),Kadril (7); Kadrel (1),at Kadri's (8)
4,Catherine / Kadri / Katri,Kaisa/Kaie,Setumaa,South Estonia/Seto,South Estonian,viE,Katariina,2,1,kaie (2),Kaie (2),Kaie (2)
4,Catherine / Kadri / Katri,Kati,Setumaa,South Estonia/Seto,South Estonian,viE,Kati,2,2,kati (2),Kati (2),Kati (2)
4,Catherine / Kadri / Katri,Kadri,Setumaa,South Estonia/Seto,South Estonian,viE,kadriköis,1,1,kadriköis (1),kadriköisi (1),Kadri's ropes (1)
4,Catherine / Kadri / Katri,Kadri,Setumaa,South Estonia/Seto,South Estonian,viE,siidi-Kadri,1,1,siidikadri (1),siidikadri (1),silk-Kadri (1)
4,Catherine / Kadri / Katri,Kaisa/Kaie,Setumaa,South Estonia/Seto,South Estonian,viE,Kaie,1,1,Kaie (1),Kaiele (1),to Kaie (1)
4,Catherine / Kadri / Katri,Katri/Katrina,Setumaa,South Estonia/Seto,South Estonian,viE,Katri,1,1,Katri (1),Katri (1),Katri's (1)
4,Catherine / Kadri / Katri,Kadri,Simuna,Estonia core/west,North Estonian,viP,Kadri,23,3,Kadri (15); kadri (3); kadrid (2); kadrile (2); kadril (1),Kadri (11); Kadrile (4); kadri (3); Kadril (2); kadrid (2); Kadrid (1),Kadri (11); to Kadri (4); Kadris (3); Kadri's (3); at Kadri's (1); on Kadri (1)
4,Catherine / Kadri / Katri,Kaisa/Kaie,Simuna,Estonia core/west,North Estonian,viP,Kaie,5,3,Kaie (4); Kaie-ke (1),Kaie (4); Kaiekesta (1),Kaie (4); little-Kaie (1)
4,Catherine / Kadri / Katri,Kadri,Simuna,Estonia core/west,North Estonian,viP,kadrike,2,1,kadrikesed (2),kadrikesed (2),little Kadris (2)
4,Catherine / Kadri / Katri,Kadri,Simuna,Estonia core/west,North Estonian,viP,Kadrina,1,1,Kadrina (1),Kadrinast (1),from Kadrina (1)
4,Catherine / Kadri / Katri,Kadri,Simuna,Estonia core/west,North Estonian,viP,kadrinad,1,1,kadrinad (1),kadrinad (1),Kadris (1)
4,Catherine / Kadri / Katri,Kaisa/Kaie,Simuna,Estonia core/west,North Estonian,viP,Kaie-l,1,1,Kaie-l (1),Kaiel (1),on-Kaie (1)
4,Catherine / Kadri / Katri,Kaisa/Kaie,Simuna,Estonia core/west,North Estonian,viP,kaebama,1,1,kaebama (1),kaeba (1),trade/Kaie (1)
4,Catherine / Kadri / Katri,Kaisa/Kaie,Simuna,Estonia core/west,North Estonian,viP,kaie,1,1,kaie (1),kaiel (1),on Kaie (1)
4,Catherine / Kadri / Katri,Kaisa/Kaie,Simuna,Estonia core/west,North Estonian,viP,kaiekene,1,1,kaiekene (1),kaiekese (1),little Kaie (1)
4,Catherine / Kadri / Katri,Kati,Skuoritsa,Ingria,Finnish,su,Kati,1,1,Kati (1),Kati (1),Kati (1)
4,Catherine / Kadri / Katri,Katri/Katrina,Soanlahti,East Karelia/Veps/Tver,Finnish,su,Katri,4,2,Katri (4),Katri (4),Katri (4)
4,Catherine / Kadri / Katri,Kaisa/Kaie,Soanlahti,East Karelia/Veps/Tver,Finnish,su,Kaisa,1,1,Kaisa (1),Kaisan (1),Kaisa's (1)
4,Catherine / Kadri / Katri,Kaisa/Kaie,Sodankylä,Finland/Savo-Karelia,Finnish,su,Kaisa,1,1,kaisa (1),Kaisa (1),Kaisa (1)
4,Catherine / Kadri / Katri,Kaisa/Kaie,Soikkola,Ingria,Ingrian,in,Kaisa,13,4,Kaisa (8); Kaisu (3); Kaiso (2),Kaisa (7); Kaisan (1); Kaisun (1); Kaisulta (1); Kaisu (1); Kaisojen (1),Kaisa (9); Kaisa's (3); from Kaisa (1)
4,Catherine / Kadri / Katri,Kati,Soikkola,Ingria,Ingrian,in,Kati,4,3,Kati (4),Kati (4),Kati (4)
4,Catherine / Kadri / Katri,Katri/Katrina,Soikkola,Ingria,Ingrian,in,Katariina,2,2,Katrina (2),Katrina (2),Katrina (2)
4,Catherine / Kadri / Katri,Katri/Katrina,Soikkola,Ingria,Ingrian,in,Katriina,2,2,Katriina (2),Katriina (1); Katrina (1),Katrina (2)
4,Catherine / Kadri / Katri,Catherine/Katherine,Soikkola,Ingria,Ingrian,in,Katri,1,1,Katri (1),Katriina (1),Katherine (1)
4,Catherine / Kadri / Katri,Catherine/Katherine,Soikkola,Ingria,Ingrian,in,Katrina,1,1,Katrina (1),Katrina (1),Katherine (1)
4,Catherine / Kadri / Katri,Katri/Katrina,Soikkola,Ingria,Ingrian,in,Katri,1,1,Katri (1),Katri (1),Katri (1)
4,Catherine / Kadri / Katri,Kaisa/Kaie,Soini,Finland/Savo-Karelia,Finnish,su,Kaisa,3,3,Kaisa (3),Kaisa (3),Kaisa (3)
4,Catherine / Kadri / Katri,Catherine/Katherine,Sonkajärvi,Finland/Savo-Karelia,Finnish,su,Katariina,1,1,Katariina (1),Katariina (1),Katherine (1)
4,Catherine / Kadri / Katri,Katri/Katrina,Sortavala,East Karelia/Veps/Tver,Finnish,su,Katri,4,2,Katri (4),Katri (4),Katri (4)
4,Catherine / Kadri / Katri,Kaisa/Kaie,Sortavala,East Karelia/Veps/Tver,Finnish,su,Kaisa,3,2,Kaisa (3),Kaisan (2); Kaisa (1),Kaisa's (2); Kaisa (1)
4,Catherine / Kadri / Katri,Katri/Katrina,Sortavala,East Karelia/Veps/Tver,Finnish,su,Katrina,3,1,Katrina (3),Katrinaa (2); Katrina (1),Katrina (3)
4,Catherine / Kadri / Katri,Katri/Katrina,Sortavala,East Karelia/Veps/Tver,Finnish,su,katrina,2,1,katrina (2),Katrinalle (2),Katrina (2)
4,Catherine / Kadri / Katri,Katri/Katrina,Sortavala,East Karelia/Veps/Tver,Finnish,su,katri,1,1,katri (1),Katri (1),Katri (1)
4,Catherine / Kadri / Katri,Katri/Katrina,Sortavala,East Karelia/Veps/Tver,Finnish,su,katriina,1,1,katrina (1),Katriina (1),Katrina (1)
4,Catherine / Kadri / Katri,Catherine/Katherine,Soutjärvi,East Karelia/Veps/Tver,Veps,ve,Kateriina,1,1,Katerina (1),Katerina (1),Catherine (1)
4,Catherine / Kadri / Katri,Kaisa/Kaie,Suistamo,East Karelia/Veps/Tver,Livvi-Karelian,ka,Kaisa,4,4,Kaisa (3); Kaisan (1),Kaisaksi (2); Kaisan (1); Kaisiksi (1),as Kaisa (2); Kaisa's (1); into Kaisa (1)
4,Catherine / Kadri / Katri,Katri/Katrina,Suistamo,East Karelia/Veps/Tver,Livvi-Karelian,ka,Katrina,3,2,Katrina (3),Katrina (3),Katrina (3)
4,Catherine / Kadri / Katri,Kadri,Suistamo,East Karelia/Veps/Tver,Livvi-Karelian,ka,Katariina,2,1,Kadri (2),Kadri (2),Kadri (2)
4,Catherine / Kadri / Katri,Katri/Katrina,Suistamo,East Karelia/Veps/Tver,Livvi-Karelian,ka,Katri,1,1,Katri (1),Katri (1),Katri (1)
4,Catherine / Kadri / Katri,Katri/Katrina,Suojärvi,East Karelia/Veps/Tver,Finnish,su,Katri,3,2,Katri (1); kadrini (1); kadrin (1),Katrin (2); Katri (1),Katri's (2); Katri (1)
4,Catherine / Kadri / Katri,Kaisa/Kaie,Suomusjärvi,Finland/Savo-Karelia,Finnish,su,Kaisa,1,1,kaiss (1),Kaisa (1),Kaisa (1)
4,Catherine / Kadri / Katri,Kaisa/Kaie,Suomussalmi,Finland/Savo-Karelia,Finnish,su,kaisa,2,1,kaisa (2),Kaisa (1); kaisa (1),Kaisa/sedge (2)
4,Catherine / Kadri / Katri,Kadri,Suure-Jaani,Estonia core/west,North Estonian,viP,Kadri,16,6,Kadri (16),Kadri (14); Kadril (2),Kadri (13); on Kadri (2); Kadri's (1)
4,Catherine / Kadri / Katri,Kaisa/Kaie,Suure-Jaani,Estonia core/west,North Estonian,viP,Kaie,5,4,Kaie (5),Kaie (3); Kaiele (2),Kaie (3); to Kaie (2)
4,Catherine / Kadri / Katri,Kaisa/Kaie,Suure-Jaani,Estonia core/west,North Estonian,viP,kai,1,1,kai (1),Kaie (1),Kaie's/wharf's (1)
4,Catherine / Kadri / Katri,Kaisa/Kaie,Sääksmäki,Finland/Savo-Karelia,Finnish,su,Kaisa,1,1,Kaisa (1),Kaisa (1),Kaisa (name) (1)
4,Catherine / Kadri / Katri,Kaisa/Kaie,Sääminki,Finland/Savo-Karelia,Finnish,su,Kaisa,1,1,Kaisa (1),Kaisa (1),Kaisa (1)
4,Catherine / Kadri / Katri,Kaisa/Kaie,Tammela,Finland/Savo-Karelia,Finnish,su,Kaisa,2,2,Kaisa (2),kaisaa (1); Kaisani (1),Kaisa (1); my Kaisa (1)
4,Catherine / Kadri / Katri,Kaisa/Kaie,Tampere,Finland/Savo-Karelia,Finnish,su,Kaisa,1,1,Kaisa (1),Kaisa (1),Kaisa (1)
4,Catherine / Kadri / Katri,Kadri,Tartu-Maarja,Estonia core/west,South Estonian,viE,Kadri,3,1,Kadri (3),Kadri (3),Kadri (name) (3)
4,Catherine / Kadri / Katri,Kaisa/Kaie,Tartu-Maarja,Estonia core/west,South Estonian,viE,Kaie,2,2,Kaie (2),Kaie (2),Kaie (2)
4,Catherine / Kadri / Katri,Kadri,Tarvastu,Estonia core/west,South Estonian,viE,Kadri,15,4,Kadri (10); kadri (3); Kadril (1); Kadrikene (1),Kadri (5); Kadril (3); kadri (3); Kadrid (2); „Kadri (1); Kadrikene (1),Kadri (7); on Kadri (3); Kadris (2); Kadri's (2); dear Kadri (1)
4,Catherine / Kadri / Katri,Katri/Katrina,Tarvastu,Estonia core/west,South Estonian,viE,Katri,3,2,Katri (3),Katri (3),Katri (2); Katri's (1)
4,Catherine / Kadri / Katri,Kadri,Tarvastu,Estonia core/west,South Estonian,viE,Kadrikarja,1,1,kadrikarja (1),Kadrikarja (1),Kadri's herd (1)
4,Catherine / Kadri / Katri,Kadri,Tarvastu,Estonia core/west,South Estonian,viE,kadriõhtu,1,1,kadriõhtu (1),kadriõhtusse (1),into Kadri-evening (1)
4,Catherine / Kadri / Katri,Kaisa/Kaie,Tarvastu,Estonia core/west,South Estonian,viE,Kai,1,1,Kaie (1),Kaie (1),Kaie (1)
4,Catherine / Kadri / Katri,Kaisa/Kaie,Tarvastu,Estonia core/west,South Estonian,viE,Kaie,1,1,Kaie (1),Kaie (1),Kaie (1)
4,Catherine / Kadri / Katri,Kaisa/Kaie,Tarvastu,Estonia core/west,South Estonian,viE,Katariina,1,1,Kaie (1),Kaie (1),little Kaie (1)
4,Catherine / Kadri / Katri,Kati,Tarvastu,Estonia core/west,South Estonian,viE,Kati,1,1,Kati (1),Kati (1),Kati (1)
4,Catherine / Kadri / Katri,Kaisa/Kaie,Teisko,Finland/Savo-Karelia,Finnish,su,Kaisa,1,1,Kaisa (1),Kaisa (1),Kaisa (1)
4,Catherine / Kadri / Katri,Katri/Katrina,Terijoki,Finland/Savo-Karelia,Finnish,su,Katri,1,1,Katri (1),Katrilla (1),Katri's (1)
4,Catherine / Kadri / Katri,Kaisa/Kaie,Tervo,Finland/Savo-Karelia,Finnish,su,Kaisa,1,1,Kaisa (1),Kaisa (1),Kaisa (1)
4,Catherine / Kadri / Katri,Kaisa/Kaie,Tohmajärvi,Finland/Savo-Karelia,Finnish,su,Kaisa,2,2,Kaisa (2),Kaisa (1); Kaisaksi (1),Kaisa (2)
4,Catherine / Kadri / Katri,Katri/Katrina,Tohmajärvi,Finland/Savo-Karelia,Finnish,su,Katri,2,1,Katri (2),Katri (2),Katri (2)
4,Catherine / Kadri / Katri,Kati,Toksova,Ingria,Finnish,su,Kati,6,1,Kati (6),Katin (3); Kati (3),Kati's (3); Kati (3)
4,Catherine / Kadri / Katri,Katri/Katrina,Toksova,Ingria,Finnish,su,Katariina,2,2,Katrina (2),Katrina (2),Katrina (2)
4,Catherine / Kadri / Katri,Katri/Katrina,Toksova,Ingria,Finnish,su,Katri,2,1,Katri (2),Katri (2),Katri (2)
4,Catherine / Kadri / Katri,Catherine/Katherine,Toksova,Ingria,Finnish,su,katrinainen,1,1,katrinainen (1),Katrinainen (1),Catherine (1)
4,Catherine / Kadri / Katri,Katri/Katrina,Toksova,Ingria,Finnish,su,Katriina,1,1,Katrina (1),Katrina (1),Katrina (1)
4,Catherine / Kadri / Katri,Katri/Katrina,Toksova,Ingria,Finnish,su,Katrina,1,1,Katrina (1),Katrina (1),Katrina (1)
4,Catherine / Kadri / Katri,Katri/Katrina,Toksova,Ingria,Finnish,su,katrinainen,1,1,katrinainen (1),Katrinainen (1),Katrina-like (1)
4,Catherine / Kadri / Katri,Katri/Katrina,Tolmačču,East Karelia/Veps/Tver,Karelian Proper,ka,Katti,2,1,Katti (2),Katti (2),Katri (2)
4,Catherine / Kadri / Katri,Kadri,Tori,Estonia core/west,North Estonian,viP,Kadri,22,5,Kadri (22),Kadri (16); Kadrile (3); Kadrid (2); Kadrit (1),Kadri (17); to Kadri (3); Kadris (2)
4,Catherine / Kadri / Katri,Kadri,Tori,Estonia core/west,North Estonian,viP,Kadri & Udri,4,1,Kadri & Udri (4),Kadri-Udri (4),Kadri-Udri (4)
4,Catherine / Kadri / Katri,Kaisa/Kaie,Tori,Estonia core/west,North Estonian,viP,Kaie,2,1,Kaie (2),Kaie (2),Kaie (2)
4,Catherine / Kadri / Katri,Kadri,Torma,Estonia core/west,North Estonian,viP,Kadri,4,4,Kadri (4),Kadril (3); Kadri (1),Kadri's (2); at Kadri's (1); Kadri (1)
4,Catherine / Kadri / Katri,Kaisa/Kaie,Torma,Estonia core/west,North Estonian,viP,Kaie,4,1,Kaie (4),Kaie (3); Kail (1),Kaie (3); on Kaie (1)
4,Catherine / Kadri / Katri,Kaisa/Kaie,Torma,Estonia core/west,North Estonian,viP,Kai,1,1,Kai (1),Kai (1),Kaie (1)
4,Catherine / Kadri / Katri,Kaisa/Kaie,Torma,Estonia core/west,North Estonian,viP,Kaiuke,1,1,Kaiekene (1),Kaiest (1),little Kaie (1)
4,Catherine / Kadri / Katri,Kaisa/Kaie,Turku,Finland/Savo-Karelia,Finnish,su,Kaisa,2,2,Kaisa (2),Kaisa (2),Kaisa (2)
4,Catherine / Kadri / Katri,Kaisa/Kaie,Tuupovaara,Finland/Savo-Karelia,Finnish,su,Kaisa,7,1,Kaisa (7),Kaisa (7),Kaisa (7)
4,Catherine / Kadri / Katri,Catherine/Katherine,Tuupovaara,Finland/Savo-Karelia,Finnish,su,Katri,2,1,Katri (2),Katri (2),Katherine (2)
4,Catherine / Kadri / Katri,Kaisa/Kaie,Tyrö,Ingria,Finnish,su,Kaisa,9,3,Kaisa (8); Kaisoi (1),Kaisan (5); Kaisa (4),Kaisa's (5); Kaisa (4)
4,Catherine / Kadri / Katri,Katri/Katrina,Tyrö,Ingria,Finnish,su,Katri,8,4,Katri (7); Katri+na (1),Katri (6); Katrinna (1); Katrina (1),Katri (6); Katrina (1); as Katri (1)
4,Catherine / Kadri / Katri,Katri/Katrina,Tyrö,Ingria,Finnish,su,Katrina,4,3,Katrina (4),Katrina (4),Katrina (4)
4,Catherine / Kadri / Katri,Katri/Katrina,Tyrö,Ingria,Finnish,su,Katariina,3,2,Katrina (3),Katrina (3),Katrina (3)
4,Catherine / Kadri / Katri,Kaisa/Kaie,Tyrö,Ingria,Finnish,su,Kaisojen,1,1,Kaisoin (1),Kaisojen (1),Kaisa's (1)
4,Catherine / Kadri / Katri,Kadri,Tõstamaa,Estonia core/west,North Estonian,viP,Kadri,17,6,Kadri (17),Kadri (12); Kadril (2); Kadrid (2); Kadrile (1),Kadri (12); Kadri's (2); Kadris (2); on Kadri (1)
4,Catherine / Kadri / Katri,Catherine/Katherine,Tõstamaa,Estonia core/west,North Estonian,viP,Kadri,3,1,Kadri (3),Kadri (3),Catherine (3)
4,Catherine / Kadri / Katri,Kadri,Tõstamaa,Estonia core/west,North Estonian,viP,Kadrik,1,1,Kadrike (1),Kadrike (1),Kadrike (1)
4,Catherine / Kadri / Katri,Kadri,Tõstamaa,Estonia core/west,North Estonian,viP,saadik,1,1,kadrisandid (1),Kadri saadikud (1),Kadri's envoys (1)
4,Catherine / Kadri / Katri,Kaisa/Kaie,Tõstamaa,Estonia core/west,North Estonian,viP,Kaie,1,1,Kaie (1),Kaie (1),Kaie (1)
4,Catherine / Kadri / Katri,Kadri,Türi,Estonia core/west,North Estonian,viP,Kadri,18,2,Kadri (18),Kadri (11); Kadrisid (4); Kadril (2); Kadrid (1),Kadri (9); Kadris (5); (to) Kadri (2); Kadri's (2)
4,Catherine / Kadri / Katri,Kaisa/Kaie,Türi,Estonia core/west,North Estonian,viP,Kaie,7,3,Kaie (7),Kaie (4); kaiele (1); Kaiest (1); Kaiel (1),Kaie (4); to Kaie (1); from Kaie (1); at Kaie (1)
4,Catherine / Kadri / Katri,Kadri,Türi,Estonia core/west,North Estonian,viP,kadri,1,1,kadrik (1),kadrikesi (1),little Kadris (1)
4,Catherine / Kadri / Katri,Kaisa/Kaie,Türi,Estonia core/west,North Estonian,viP,Kai,1,1,Kaie (1),Kaie (1),Kaie (1)
4,Catherine / Kadri / Katri,Kaisa/Kaie,Türi,Estonia core/west,North Estonian,viP,Kaia,1,1,Kaie (1),Kaia (1),Kaie (1)
4,Catherine / Kadri / Katri,Kaisa/Kaie,Uhtua,East Karelia/Veps/Tver,Karelian Proper,ka,Kaisa,3,1,Kaisa (3),Kaisa (2); Kaisan (1),Kaisa (2); Kaisa's (1)
4,Catherine / Kadri / Katri,Kadri,Urvaste,South Estonia/Seto,South Estonian,viE,kadri,3,1,kadri (3),kadrid (2); kadri (1),Kadris (2); Kadri (1)
4,Catherine / Kadri / Katri,Kadri,Urvaste,South Estonia/Seto,South Estonian,viE,kadrile,2,1,kadrile (2),kadrile (2),for Kadri (2)
4,Catherine / Kadri / Katri,Katri/Katrina,Urvaste,South Estonia/Seto,South Estonian,viE,katri,2,1,katrikõn (2),katriken (2),little Katri (2)
4,Catherine / Kadri / Katri,Kadri,Urvaste,South Estonia/Seto,South Estonian,viE,Kadri,1,1,Kadri (1),Kadri (1),Kadri (1)
4,Catherine / Kadri / Katri,Kati,Uskela,Finland/Savo-Karelia,Finnish,su,kati/kaati,1,1,kati (1),kati (1),Kati/gadfly (1)
4,Catherine / Kadri / Katri,Catherine/Katherine,Uukuniemi,East Karelia/Veps/Tver,Finnish,su,Katri,4,1,Katri (4),Katri (4),Katherine (4)
4,Catherine / Kadri / Katri,Katri/Katrina,Uukuniemi,East Karelia/Veps/Tver,Finnish,su,Katri,1,1,Katri (1),Katri (1),Katri (1)
4,Catherine / Kadri / Katri,Kaisa/Kaie,Uusikirkko Tl.,Finland/Savo-Karelia,Finnish,su,Kaisa,1,1,Kaisa (1),Kaisan (1),Kaisa's (1)
4,Catherine / Kadri / Katri,Kati,Uusikirkko Tl.,Finland/Savo-Karelia,Finnish,su,Katina,1,1,Katina (1),Katinan (1),of Katina/Kati (1)
4,Catherine / Kadri / Katri,Kaisa/Kaie,Vaasa,Finland/Savo-Karelia,Outside selected Finnic areas,ru,Kaisa,1,1,Kaisa (1),Kaisan (1),Kaisa's (1)
4,Catherine / Kadri / Katri,Kadri,Vaivara,Estonia core/west,North Estonian,viP,Kadri,2,2,Kadri (2),Kadri (2),Kadri (2)
4,Catherine / Kadri / Katri,Catherine/Katherine,Vaivara,Estonia core/west,North Estonian,viP,kadripäev,1,1,katrina (1),kadripäevast (1),from Catherine's Day (1)
4,Catherine / Kadri / Katri,Kaisa/Kaie,Vaivara,Estonia core/west,North Estonian,viP,Kai,1,1,Kai (1),Kaie (1),Kaie's (1)
4,Catherine / Kadri / Katri,Kaisa/Kaie,Vaivara,Estonia core/west,North Estonian,viP,Kaie,1,1,Kaie (1),Kaie (1),Kaie (1)
4,Catherine / Kadri / Katri,Katri/Katrina,Vaivara,Estonia core/west,North Estonian,viP,Katariina,1,1,Katrina (1),Katrina (1),Katrina (1)
4,Catherine / Kadri / Katri,Catherine/Katherine,Valtimo,Finland/Savo-Karelia,Finnish,su,Katriina,1,1,Katriina (1),Katriina (1),Katherine (1)
4,Catherine / Kadri / Katri,Kaisa/Kaie,Valtimo,Finland/Savo-Karelia,Finnish,su,kaisa,1,1,kaisa (1),Kaisa (1),Kaisa (1)
4,Catherine / Kadri / Katri,Katri/Katrina,Valtimo,Finland/Savo-Karelia,Finnish,su,Katri,1,1,Katri (1),Katri (1),Katri (1)
4,Catherine / Kadri / Katri,Katri/Katrina,Varbla,Estonia core/west,North Estonian,viP,Kadri,4,1,Katri (4),Katri (4),Katri (4)
4,Catherine / Kadri / Katri,Catherine/Katherine,Varbla,Estonia core/west,North Estonian,viP,Kadri,3,1,Kadri (3),Kadri (3),Catherine (3)
4,Catherine / Kadri / Katri,Kadri,Varbla,Estonia core/west,North Estonian,viP,Kadri,3,2,Kadri (2); Kadrid (1),kadrid (1); kadri (1); Kadri (1),Kadris (1); Kadri's (1); Kadri (1)
4,Catherine / Kadri / Katri,Kaisa/Kaie,Varbla,Estonia core/west,North Estonian,viP,kaie,1,1,kaie (1),kaie (1),Kaie (1)
4,Catherine / Kadri / Katri,Katri/Katrina,Vastseliina,South Estonia/Seto,South Estonian,viE,Katri,3,2,Katri (2); katri (1),Katri (3),Katri (2); Katri's (1)
4,Catherine / Kadri / Katri,Kati,Vastseliina,South Estonia/Seto,South Estonian,viE,Kati,1,1,Kati (1),Kati (1),Kati (1)
4,Catherine / Kadri / Katri,Kaisa/Kaie,Venjoki,Ingria,Finnish,su,Kaisa,12,1,Kaisa (12),Kaisan (7); Kaisa (5),Kaisa's (7); Kaisa (5)
4,Catherine / Kadri / Katri,Katri/Katrina,Venjoki,Ingria,Finnish,su,Katri,7,1,Katri (7),Katri (7),Katri (7)
4,Catherine / Kadri / Katri,Katri/Katrina,Venjoki,Ingria,Finnish,su,Katriina,2,2,Katriina (1); Katrina (1),Katriina (1); Katrina (1),Katrina (2)
4,Catherine / Kadri / Katri,Kati,Venjoki,Ingria,Finnish,su,Kati,1,1,Kati (1),Kati (1),Kati (1)
4,Catherine / Kadri / Katri,Kaisa/Kaie,Veteli,Finland/Savo-Karelia,Finnish,su,Kaisa,1,1,Kaisa (1),Kaisa (1),Kaisa (1)
4,Catherine / Kadri / Katri,Kadri,Vigala,Estonia core/west,North Estonian,viP,Kadri,15,4,Kadri (15),Kadri (12); Kadril (1); Kadrile (1); Kadrid (1),Kadri (11); on Kadri (1); to Kadri (1); Kadris (1); Kadri's (1)
4,Catherine / Kadri / Katri,Kadri,Vigala,Estonia core/west,North Estonian,viP,kadri,7,2,kadri (7),kadril (4); kadri (2); kadrid (1),Kadri (3); on Kadri (3); Kadris (1)
4,Catherine / Kadri / Katri,Kaisa/Kaie,Vigala,Estonia core/west,North Estonian,viP,Kaie,6,4,Kaie (5); kaiekene (1),Kaie (5); Kaiekene (1),Kaie (5); little Kaie (1)
4,Catherine / Kadri / Katri,Kadri,Vigala,Estonia core/west,North Estonian,viP,kadripäev,3,1,kadri (3),kadripäevad (3),Kadri days (2); Kadri (calendar date) (1)
4,Catherine / Kadri / Katri,Kaisa/Kaie,Vigala,Estonia core/west,North Estonian,viP,Kai,2,2,Kaie (1); Kai (1),Kaie (2),Kaie (1); Kaie's (1)
4,Catherine / Kadri / Katri,Kati,Vigala,Estonia core/west,North Estonian,viP,Tuku-Kati,1,1,Tuku-Kati (1),Tuku-Kati (1),Tuku-Kati (1)
4,Catherine / Kadri / Katri,Kaisa/Kaie,Viipuri,Finland/Savo-Karelia,Finnish,su,Kaisa,1,1,Kaisa (1),Kaisa (1),Kaisa (1)
4,Catherine / Kadri / Katri,Kaisa/Kaie,Viitasaari,Finland/Savo-Karelia,Finnish,su,Kaisa,1,1,Kaisa (1),Kaisa (1),Kaisa (1)
4,Catherine / Kadri / Katri,Katri/Katrina,Viitasaari,Finland/Savo-Karelia,Finnish,su,Katri,1,1,Katri (1),Katri (1),Katri (1)
4,Catherine / Kadri / Katri,Kaisa/Kaie,Viljakkala,Finland/Savo-Karelia,Finnish,su,Kaisa,1,1,Kaisa (1),Kaisaa (1),Kaisa (1)
4,Catherine / Kadri / Katri,Katri/Katrina,Viljandi,Estonia core/west,North Estonian,viP,Katri,48,1,Katri (48),Katri (48),Katri (48)
4,Catherine / Kadri / Katri,Kadri,Viljandi,Estonia core/west,North Estonian,viP,Kadri,17,6,Kadri (15); Kadrikesta (1); Kadril (1),Kadri (13); Kadrid (2); Kadrikene (1); Kadril (1),Kadri (11); Kadri's (2); Kadrid (2); Little Kadri (1); on Kadri (1)
4,Catherine / Kadri / Katri,Kadri,Viljandi,Estonia core/west,North Estonian,viP,Kadrisandid,2,1,Kadrisandid (2),Kadrisandid (2),Kadri-carolers (2)
4,Catherine / Kadri / Katri,Kaisa/Kaie,Viljandi,Estonia core/west,North Estonian,viP,Kai,2,2,Kaie (2),Kaie (2),Kaie's (2)
4,Catherine / Kadri / Katri,Kadri,Viljandi,Estonia core/west,North Estonian,viP,Kadril,1,1,kadril (1),Kadril (1),on Kadri (1)
4,Catherine / Kadri / Katri,Kadri,Viljandi,Estonia core/west,North Estonian,viP,Kadrina,1,1,Kadrina (1),Kadrina (1),Kadrina (1)
4,Catherine / Kadri / Katri,Kadri,Viljandi,Estonia core/west,North Estonian,viP,Kadrivarbad,1,1,Kadrivarbad (1),Kadrivarbad (1),Kadri's toes (1)
4,Catherine / Kadri / Katri,Kadri,Viljandi,Estonia core/west,North Estonian,viP,kadrike,1,1,kadrikesta (1),kadrikene (1),little Kadri (1)
4,Catherine / Kadri / Katri,Kaisa/Kaie,Viljandi,Estonia core/west,North Estonian,viP,Kaie,1,1,Kaie (1),Kaie (1),Kaie (name) (1)
4,Catherine / Kadri / Katri,Kaisa/Kaie,Virrat,Finland/Savo-Karelia,Finnish,su,Kaisa,3,1,Kaisa (3),Kaisa (2); Kaisaa (1),Kaisa (2); Kaisa (part.) (1)
4,Catherine / Kadri / Katri,Catherine/Katherine,Virtasalmi,Finland/Savo-Karelia,Finnish,su,Katriina,1,1,Katriina (1),Katriina (1),Catherine (1)
4,Catherine / Kadri / Katri,Kadri,Viru-Jaagupi,Estonia core/west,North Estonian,viP,Kadri,4,1,Kadri (4),Kadri (3); Kadril (1),Kadri (3); on Kadri (1)
4,Catherine / Kadri / Katri,Kadri,Viru-Jaagupi,Estonia core/west,North Estonian,viP,kadrike,1,1,kadrikene (1),kadrikene (1),little Kadri (1)
4,Catherine / Kadri / Katri,Kadri,Viru-Jaagupi,Estonia core/west,North Estonian,viP,kadripäev,1,1,kadripäev (1),kadripäevast (1),from Kadri Day (1)
4,Catherine / Kadri / Katri,Kaisa/Kaie,Viru-Jaagupi,Estonia core/west,North Estonian,viP,Kai,1,1,Kaie (1),Kaie (1),Kaie (1)
4,Catherine / Kadri / Katri,Kadri,Viru-Nigula,Estonia core/west,North Estonian,viP,Kadri,4,3,Kadri (4),Kadri (4),Kadri (4)
4,Catherine / Kadri / Katri,Kaisa/Kaie,Viru-Nigula,Estonia core/west,North Estonian,viP,Kaie,2,2,Kaie (2),Kaie (2),Kaie (1); of Kaie (1)
4,Catherine / Kadri / Katri,Kadri,Viru-Nigula,Estonia core/west,North Estonian,viP,kadripäev,1,1,kadripäev (1),kadripäevast (1),from Kadri Day (1)
4,Catherine / Kadri / Katri,Katri/Katrina,Viru-Nigula,Estonia core/west,North Estonian,viP,Katri,1,1,Katri (1),Katri (1),Katri (1)
4,Catherine / Kadri / Katri,Kati,Vuole,Ingria,Finnish,su,Kati,16,3,Kati (14); katin (2),Kati (13); Katin (2); Kailla (1),Kati (13); Kati's (2); at-Kati's (1)
4,Catherine / Kadri / Katri,Catherine/Katherine,Vuole,Ingria,Finnish,su,Katri,3,1,Katri (3),Katrin (3),Katherine's (3)
4,Catherine / Kadri / Katri,Katri/Katrina,Vuole,Ingria,Finnish,su,Katrina,1,1,Katrina (1),Katrina (1),Katrina (1)
4,Catherine / Kadri / Katri,Kaisa/Kaie,Väike-Maarja,Estonia core/west,North Estonian,viP,Kaie,10,7,Kaie (10),Kaie (6); Kaiest (1); Kaiele (1); Kaieda (1); Kaiel (1),Kaie (5); from Kaie (1); Kaie (name) (1); to Kaie (1); Kaie (part.) (1); at Kaie's (1)
4,Catherine / Kadri / Katri,Kadri,Väike-Maarja,Estonia core/west,North Estonian,viP,Kadri,7,2,Kadri (7),Kadri (4); kadrid (2); Kadril (1),Kadri (4); Kadris (2); on Kadri (1)
4,Catherine / Kadri / Katri,Kaisa/Kaie,Väike-Maarja,Estonia core/west,North Estonian,viP,kaiekene,2,2,kaiekene (2),Kaiekene (2),Kaie (1); dear Kaie (1)
4,Catherine / Kadri / Katri,Kaisa/Kaie,Väike-Maarja,Estonia core/west,North Estonian,viP,Kai,1,1,Kaie (1),Kaie (1),Kaie (1)
4,Catherine / Kadri / Katri,Kadri,Vändra,Estonia core/west,North Estonian,viP,Kadri,6,5,Kadri (6),Kadri (5); Kadril (1),Kadri (5); on Kadri (1)
4,Catherine / Kadri / Katri,Kadri,Vändra,Estonia core/west,North Estonian,viP,kadri,5,3,kadri (5),kadri (3); kadrid (2),Kadri's (2); Kadrid (2); Kadri (1)
4,Catherine / Kadri / Katri,Kadri,Vändra,Estonia core/west,North Estonian,viP,kadr,3,1,kadr (3),kadrid (2); kadri (1),Kadris (2); Kadri's (1)
4,Catherine / Kadri / Katri,Kaisa/Kaie,Vändra,Estonia core/west,North Estonian,viP,Kaie,3,2,Kaie (2); Kaie (proper noun) (1),Kaie (3),Kaie (3)
4,Catherine / Kadri / Katri,Kaisa/Kaie,Vändra,Estonia core/west,North Estonian,viP,kai,1,1,kai (1),kaie (1),Kaie's (1)
4,Catherine / Kadri / Katri,Kaisa/Kaie,Värtsilä,Finland/Savo-Karelia,Finnish,su,Kaisa,1,1,Kaisa (1),Kaisa (1),Kaisa (1)
4,Catherine / Kadri / Katri,Kadri,Võnnu,Estonia core/west,South Estonian,viE,Kadri,4,1,Kadri (4),Kadri (3); Kadril (1),Kadri (3); on Kadri (1)
4,Catherine / Kadri / Katri,Kadri,Võnnu,Estonia core/west,South Estonian,viE,kadrisant,2,1,kadrisand (2),kadrisandid (2),Kadri's guests (2)
4,Catherine / Kadri / Katri,Catherine/Katherine,Võnnu,Estonia core/west,South Estonian,viE,Katariina,1,1,Katariina (1),Katariina (1),Catherine (1)
4,Catherine / Kadri / Katri,Kaisa/Kaie,Võnnu,Estonia core/west,South Estonian,viE,Kaie,1,1,Kaie (1),Kaie (1),Kaie's (personal name) (1)
4,Catherine / Kadri / Katri,Kaisa/Kaie,Yläne,Finland/Savo-Karelia,Finnish,su,Kaisa,1,1,Kaisa (1),Kaisa (1),Kaisa (1)
4,Catherine / Kadri / Katri,Kadri,Äksi,Estonia core/west,North Estonian,viP,Kadri,3,2,Kadri (3),Kadri (3),Kadri (2); Kadri's (1)
4,Catherine / Kadri / Katri,Kaisa/Kaie,Äksi,Estonia core/west,North Estonian,viP,Kaie,2,1,Kaie (2),Kaie (1); Kaiel (1),Kaie (1); on-Kaie (1)
4,Catherine / Kadri / Katri,Catherine/Katherine,Äksi,Estonia core/west,North Estonian,viP,Kadri,1,1,Kadri (1),Kadri (1),Catherine's (1)
5,Jesus / Christ,Jesus,Alatornio,Finland/Savo-Karelia,Finnish,su,Jeesus,1,1,Jeesus (1),Jeesus (1),Jesus (1)
5,Jesus / Christ,Jesus,Alavus,Finland/Savo-Karelia,Finnish,su,Jeesus,2,2,Jeesus (2),Jeesus (2),Jesus (2)
5,Jesus / Christ,Jesus,Ambla,Estonia core/west,North Estonian,viP,Jeesus,9,2,Iesukene (4); Iesuselle (2); jeesus (2); Iesus (1),Jeesukene (4); Jeesus (3); Jeesusele (2),little Jesus (4); Jesus (3); to Jesus (2)
5,Jesus / Christ,Christ,Ambla,Estonia core/west,North Estonian,viP,Kristus,2,1,kristus (2),Kristus (2),Christ (2)
5,Jesus / Christ,Jesus,Ambla,Estonia core/west,North Estonian,viP,Jeesuke,1,1,Jeesuke (1),Jeesukene (1),Jesus (1)
5,Jesus / Christ,Jesus,Ambla,Estonia core/west,North Estonian,viP,Jeesuse,1,1,Jeesuse (1),Jeesuse (1),Jesus' (1)
5,Jesus / Christ,Jesus,Asikkala,Finland/Savo-Karelia,Finnish,su,Jeesus,5,3,Jiesus (3); Kiesus (1); Jeesus (1),Jeesus (4); Jeesuksen (1),Jesus (4); Jesus's (1)
5,Jesus / Christ,Jesus,Brandval,Finland/Savo-Karelia,Finnish,su,Jesus,2,1,Jesus (2),Jesus (1); Jesuksen (1),Jesus (1); Jesus's (1)
5,Jesus / Christ,Christ,Brandval,Finland/Savo-Karelia,Finnish,su,Kristus,1,1,Kristus (1),Kristus (1),Christ (1)
5,Jesus / Christ,Jesus,Brandval,Finland/Savo-Karelia,Finnish,su,Jeesus,1,1,Jeesus (1),Jeesus (1),Jesus (1)
5,Jesus / Christ,Jesus,Eno,Finland/Savo-Karelia,Finnish,su,Jeesus,3,3,Jiesus (1); Jiesuksen (1); Jeessus (1),Jeesus (2); Jeesuksen (1),Jesus (2); Jesus's (1)
5,Jesus / Christ,Jesus,Eno,Finland/Savo-Karelia,Finnish,su,Jesus,1,1,Jesus (1),Jesus (1),Jesus (1)
5,Jesus / Christ,Jesus,Enontekiö,Finland/Savo-Karelia,Finnish,su,Jeesus,1,1,Jeesus (1),Jeesus (1),Jesus (1)
5,Jesus / Christ,Jesus,Eräjärvi,Finland/Savo-Karelia,Finnish,su,Jesus,1,1,Jesus (1),Jesus (1),Jesus (1)
5,Jesus / Christ,Christ,Evijärvi,Finland/Savo-Karelia,Finnish,su,Kristus,1,1,Kristus (1),Kristus (1),Christ (1)
5,Jesus / Christ,Jesus,Fryksände,Finland/Savo-Karelia,Finnish,su,Jeesus,2,1,Kiesus (2),Kiesus (1); Kiesuksen (1),Jesus (1); Jesus's (1)
5,Jesus / Christ,Jesus,Grue Finnskog,Finland/Savo-Karelia,Finnish,su,Jeesus,4,3,Jeesus (4),Jeesus (4),Jesus (4)
5,Jesus / Christ,Jesus,Haapajärvi,Finland/Savo-Karelia,Finnish,su,Jeesus,1,1,Jeesus (1),Jeesuksen (1),Jesus's (1)
5,Jesus / Christ,Jesus,Hailuoto,Finland/Savo-Karelia,Finnish,su,Jeesus,3,2,Jeesus (3),Jeesus (3),Jesus (3)
5,Jesus / Christ,Jesus,Haljala,Estonia core/west,North Estonian,viP,Jeesus,5,5,Jeesus (4); Iesust (1),Jeesus (3); Jeesuse (1); Jeesust (1),Jesus (4); Jesus's (1)
5,Jesus / Christ,Jesus,Haljala,Estonia core/west,North Estonian,viP,Jeesuse,1,1,Jeesuse (1),Jeesuse (1),Jesus's (1)
5,Jesus / Christ,Jesus,Haljala,Estonia core/west,North Estonian,viP,Jesus,1,1,Jesus (1),Jesus (1),Jesus (1)
5,Jesus / Christ,Jesus,Halliste,Estonia core/west,South Estonian,viE,Jeesus,2,2,Jeesus (2),Jeesuse (1); Jeesus (1),Jesus's (1); Jesus (1)
5,Jesus / Christ,Jesus,Hanila,Estonia core/west,North Estonian,viP,Jeesus,1,1,Jeesus (1),Jeesusel (1),to/on Jesus (1)
5,Jesus / Christ,Jesus,Hargla,South Estonia/Seto,South Estonian,viE,Jeesus,1,1,Jeesus (1),Jeesuse (1),Jesus's (1)
5,Jesus / Christ,Christ,Harjavalta,Finland/Savo-Karelia,Finnish,su,Kristus,1,1,Kristus (1),Kristus (1),Christ (1)
5,Jesus / Christ,Jesus,Harju-Jaani,Estonia core/west,North Estonian,viP,Jeesus,1,1,Jeesus (1),Jeesuse (1),Jesus's (1)
5,Jesus / Christ,Jesus,Hartola,Finland/Savo-Karelia,Finnish,su,Jeesus,2,2,Jessus (2),Jeesus (1); Jeesuksen (1),Jesus (1); Jesus's (1)
5,Jesus / Christ,Jesus,Hartola,Finland/Savo-Karelia,Finnish,su,Jesus,2,2,Jesus (2),Jesus (2),Jesus (2)
5,Jesus / Christ,Christ,Hartola,Finland/Savo-Karelia,Finnish,su,Kristus,1,1,Ristus (1),Ristuksen (1),Christ's (1)
5,Jesus / Christ,Jesus,Hattula,Finland/Savo-Karelia,Finnish,su,Jeesus,3,3,Jesus (1); Jeesus (1); Jessus (1),Jesus (1); Jeesukselta (1); Jeesus (1),Jesus (2); from Jesus (1)
5,Jesus / Christ,Christ,Hattula,Finland/Savo-Karelia,Finnish,su,Kristus,1,1,Kristus (1),Kristuksen (1),Christ's (1)
5,Jesus / Christ,Jesus,Hauho,Finland/Savo-Karelia,Finnish,su,Jeesus,5,3,Jesus (5),Jeesuksen (2); Jeesus (1); Jesus (1); Jesuksen (1),Jesus's (3); Jesus (2)
5,Jesus / Christ,Jesus,Hauho,Finland/Savo-Karelia,Finnish,su,Jesus,2,1,Jesus (2),Jesuksen (1); Jesus (1),Jesus's (1); Jesus (1)
5,Jesus / Christ,Christ,Haukipudas,Finland/Savo-Karelia,Finnish,su,Kristus,1,1,Kristus (1),Kristus (1),Christ (1)
5,Jesus / Christ,Jesus,Haukipudas,Finland/Savo-Karelia,Finnish,su,Jesus,1,1,Jesus (1),Jesus (1),Jesus (1)
5,Jesus / Christ,Jesus,Helme,Estonia core/west,South Estonian,viE,Jeesus,3,2,Jeesus (3),Jeesus (3),Jesus (3)
5,Jesus / Christ,Jesus,Hietamäki,Ingria,Finnish,su,Jeesus,2,2,Jesus (1); Jeesus (1),Jeesus (2),Jesus (2)
5,Jesus / Christ,Jesus,Hiitola,Finland/Savo-Karelia,Finnish,su,Jeesus,1,1,Jeesus (1),Jeesuksen (1),Jesus's (1)
5,Jesus / Christ,Jesus,Hirvensalmi,Finland/Savo-Karelia,Finnish,su,Jeesus,4,2,Jesus (2); Jeesus (2),Jeesus (2); Jeesuksen (2),Jesus (2); Jesus' (1); Jesus's (1)
5,Jesus / Christ,Jesus,Huittinen,Finland/Savo-Karelia,Finnish,su,Jeesus,1,1,Jeesus(en) (1),Jeesuksen (1),Jesus's (1)
5,Jesus / Christ,Jesus,Hämeenkyrö,Finland/Savo-Karelia,Finnish,su,Jeesus,1,1,Jeesus (1),Jeesus (1),Jesus (1)
5,Jesus / Christ,Jesus,Häädemeeste,Estonia core/west,North Estonian,viP,Jeesus,1,1,Jeesus (1),Jeesus (1),Jesus (1)
5,Jesus / Christ,Jesus,Iisalmi,Finland/Savo-Karelia,Finnish,su,Jeesus,3,3,Jeesus (2); Jeisus (1),Jeesuksen (2); Jeesus (1),Jesus's (2); Jesus (1)
5,Jesus / Christ,Jesus,Iisalmi,Finland/Savo-Karelia,Finnish,su,Jesus,2,1,Jesus (2),Jesus (1); Jeesuksen (1),Jesus (1); Jesus's (1)
5,Jesus / Christ,Jesus,Iitti,Finland/Savo-Karelia,Finnish,su,Jeesus,3,3,Jeesu (1); jesuks (1); Iesus (1),Jeesuksen (2); Jeesu (1),Jesus's (2); Jesus (1)
5,Jesus / Christ,Jesus,Ilomantsi,Finland/Savo-Karelia,Finnish,su,Jeesus,33,25,Jeesus (24); Jiesus (5); Kiesus (1); Jesuks (1); Jesus (1); Jesux (1),Jeesus (13); Jeesuksen (12); Jiesus (2); Kiesus (1); Jesuksen (1); Jeesuksella (1),Jesus (17); Jesus's (11); Jesus' (2); on Jesus (1); to Jesus (1); from Jesus (1)
5,Jesus / Christ,Christ,Ilomantsi,Finland/Savo-Karelia,Finnish,su,Kristus,13,5,Kristus (7); Ristus (6),Ristus (5); Kristus (4); Kristukselta (3); Ristukselle (1),Christ (9); from Christ (3); to Christ (1)
5,Jesus / Christ,Jesus,Ilomantsi,Finland/Savo-Karelia,Finnish,su,Jesus,10,8,Jesus (10),Jesuksen (5); Jesus (4); Jesukselle (1),Jesus's (5); Jesus (4); for Jesus (1)
5,Jesus / Christ,Jesus,Ilomantsi,Finland/Savo-Karelia,Finnish,su,Jeesuksen,2,1,Jeesuksen (2),Jeesuksen (2),Jesus's (2)
5,Jesus / Christ,Jesus,Ilomantsi,Finland/Savo-Karelia,Finnish,su,Jumala,1,1,Izsus (1),Jumala (1),Jesus (1)
5,Jesus / Christ,Jesus,Impilahti,East Karelia/Veps/Tver,Livvi-Karelian,ka,Jeesus,20,15,Jeesus (17); Jiesus (2); Jesuks (1),Jeesus (9); Jeesuksen (7); Jeesustaan (1); Jeesukselta (1); Jiesuksen (1); Jiesus (1),Jesus (11); Jesus's (6); for her Jesus (1); of Jesus (1); from Jesus (1)
5,Jesus / Christ,Jesus,Impilahti,East Karelia/Veps/Tver,Livvi-Karelian,ka,Jesus,7,4,Jesus (7),Jesus (5); Jesuksen (2),Jesus (5); Jesus's (2)
5,Jesus / Christ,Christ,Impilahti,East Karelia/Veps/Tver,Livvi-Karelian,ka,Kristus,3,2,Kristus (3),Kristuksen (3),Christ's (2); of Christ (1)
5,Jesus / Christ,Jesus,Isojoki,Finland/Savo-Karelia,Finnish,su,Jeesus,3,2,Jeesus (2); Jesus (1),Jeesus (1); Jeesukselle (1); Jesus (1),Jesus (2); to Jesus (1)
5,Jesus / Christ,Jesus,Isojoki,Finland/Savo-Karelia,Finnish,su,Jesus,3,2,Jesus (3),Jesus (2); Jesuksen (1),Jesus (2); Jesus's (1)
5,Jesus / Christ,Jesus,Isokyrö,Finland/Savo-Karelia,Finnish,su,Jesus,3,2,Jesus (3),Jesus (3),Jesus (3)
5,Jesus / Christ,Jesus,Isokyrö,Finland/Savo-Karelia,Finnish,su,Jeesus,2,2,Jeesus (2),Jeesuksen (1); Jeesus (1),Jesus' (1); Jesus (1)
5,Jesus / Christ,Jesus,Jaakkima,Finland/Savo-Karelia,Finnish,su,Jeesus,2,2,Jessus (1); Jeesus (1),Jeesus (1); Jeesuksen (1),Jesus (1); of Jesus (1)
5,Jesus / Christ,Christ,Jaala,Finland/Savo-Karelia,Finnish,su,Kristus,1,1,Kristus (1),Kristuksen (1),Christ's (1)
5,Jesus / Christ,Jesus,Jaala,Finland/Savo-Karelia,Finnish,su,Jeesus,1,1,Jeesu (1),Jeesu (1),Jesus (1)
5,Jesus / Christ,Jesus,Jalasjärvi,Finland/Savo-Karelia,Finnish,su,Jeesus,6,4,Jeesus (5); Iesus (1),Jeesuksen (3); Jeesus (3),Jesus's (3); Jesus (3)
5,Jesus / Christ,Christ,Jalasjärvi,Finland/Savo-Karelia,Finnish,su,Kristus,1,1,Kristus (1),Kristuksen (1),Christ's (1)
5,Jesus / Christ,Jesus,Jokioinen,Finland/Savo-Karelia,Finnish,su,Jeesus,5,4,Jeesus (4); Jessus (1),Jeesus (3); Jeesuksen (2),Jesus (3); Jesus's (2)
5,Jesus / Christ,Jesus,Jokioinen,Finland/Savo-Karelia,Finnish,su,Jeesuksen,1,1,jeesuksen (1),Jeesuksen (1),Jesus's (1)
5,Jesus / Christ,Jesus,Joroinen,Finland/Savo-Karelia,Finnish,su,Jeesus,5,3,Jeesus (3); Jessus (1); Jiessus (1),Jeesus (3); Jeesuksen (1); Jeesukselta (1),Jesus (3); Jesus's (1); from Jesus (1)
5,Jesus / Christ,Jesus,Joroinen,Finland/Savo-Karelia,Finnish,su,Jesus,1,1,Jesus (1),Jesus (1),Jesus (1)
5,Jesus / Christ,Jesus,Joutsa,Finland/Savo-Karelia,Finnish,su,Jeesus,1,1,Jeesus (1),Jeesukselta (1),from Jesus (1)
5,Jesus / Christ,Jesus,Joutsa,Finland/Savo-Karelia,Finnish,su,Jesus,1,1,Jesus (1),Jesus (1),Jesus (1)
5,Jesus / Christ,Jesus,Joutseno,Finland/Savo-Karelia,Finnish,su,Jeesus,2,2,Jeesus (2),Jeesus (2),Jesus (2)
5,Jesus / Christ,Jesus,Junosuvanto,Finland/Savo-Karelia,Tornedalen Finnish,su,Jeesus,1,1,Iesus (1),Jeesus (1),Jesus (1)
5,Jesus / Christ,Jesus,Jurva,Finland/Savo-Karelia,Finnish,su,Jeesus,5,5,Jeesus (4); Jesus (1),Jeesus (4); Jeesuksen (1),Jesus (4); Jesus's (1)
5,Jesus / Christ,Jesus,Juuka,Finland/Savo-Karelia,Finnish,su,Jeesus,5,5,Jeesus (5),Jeesuksen (3); Jeesus (1); Jeesukselta (1),Jesus's (3); Jesus (1); from Jesus (1)
5,Jesus / Christ,Christ,Juuka,Finland/Savo-Karelia,Finnish,su,Ristus,1,1,Ristus (1),Ristus (1),Christ (1)
5,Jesus / Christ,Christ,Juupajoki,Finland/Savo-Karelia,Finnish,su,Kristus,1,1,Kristus (1),Kristus (1),Christ (1)
5,Jesus / Christ,Jesus,Juupajoki,Finland/Savo-Karelia,Finnish,su,Jeesus,1,1,Jeesus (1),Jeesus (1),Jesus (1)
5,Jesus / Christ,Jesus,Juuru,Estonia core/west,North Estonian,viP,Jeesus,2,1,Jeesus (2),Jeesus (2),Jesus (2)
5,Jesus / Christ,Jesus,Juva,Finland/Savo-Karelia,Finnish,su,Jeesus,17,13,Jeesus (6); jesus (3); Jesuxen (2); Jessus (2); Jesuxi (2); Jiessus (1),Jeesuksen (9); Jeesus (7); Jessus (1),Jesus's (8); Jesus (8); of Jesus (1)
5,Jesus / Christ,Jesus,Juva,Finland/Savo-Karelia,Finnish,su,Jesus,9,7,Jesus (7); jesus (2),Jesus (7); jesuxen (1); Jesuksen (1),Jesus (7); Jesus's (2)
5,Jesus / Christ,Christ,Juva,Finland/Savo-Karelia,Finnish,su,Kristus,3,3,christi (1); ristus (1); Kristus (1),Kristus (2); Kristin (1),Christ (2); Christ's (1)
5,Jesus / Christ,Jesus,Jällivaara,Finland/Savo-Karelia,Tornedalen Finnish,su,Jeesus,7,6,Jeesus (4); Iesus (3),Jeesus (5); Jeesuksen (2),Jesus (5); Jesus's (2)
5,Jesus / Christ,Christ,Jällivaara,Finland/Savo-Karelia,Tornedalen Finnish,su,Kristus,1,1,Kristus (1),Kristuksen (1),Christ (1)
5,Jesus / Christ,Jesus,Jämsä,Finland/Savo-Karelia,Finnish,su,Jeesus,2,2,jeesus (1); Jeesus (1),Jeesus (2),Jesus (2)
5,Jesus / Christ,Jesus,Jämsä,Finland/Savo-Karelia,Finnish,su,Jesus,1,1,Jesus (1),Jesus (1),Jesus (1)
5,Jesus / Christ,Jesus,Jäppilä,Finland/Savo-Karelia,Finnish,su,Jeesus,1,1,Jeesus (1),Jeesus (1),Jesus (1)
5,Jesus / Christ,Jesus,Järva-Jaani,Estonia core/west,North Estonian,viP,Jeesus,2,1,Jeesus (2),Jeesus (2),Jesus (2)
5,Jesus / Christ,Jesus,Jõelähtme,Estonia core/west,North Estonian,viP,Jeesus,3,2,Jeesus (3),Jeesus (2); Jeesuse (1),Jesus (2); Jesus's (1)
5,Jesus / Christ,Jesus,Jõhvi,Estonia core/west,North Estonian,viP,Jeesus,9,6,Jeesus (8); Jeesose (1),Jeesus (4); Jeesuse (3); Jeesusele (1); Jeesuselt (1),Jesus (4); Jesus' (2); to Jesus (1); from Jesus (1); Jesus's (1)
5,Jesus / Christ,Jesus,Jüri,Estonia core/west,North Estonian,viP,Jeesus,1,1,Jeesus (1),Jeesus (1),Jesus (1)
5,Jesus / Christ,Jesus,Kaarma,Estonia core/west,North Estonian,viP,Jeesus,3,1,Jeesus (3),Jeesus (2); Jeesusel (1),Jesus (2); at Jesus (1)
5,Jesus / Christ,Jesus,Kaavi,Finland/Savo-Karelia,Finnish,su,Jeesus,3,3,Jeesus (3),Jeesuksen (2); Jeesus (1),Jesus's (2); Jesus (1)
5,Jesus / Christ,Jesus,Kadrina,Estonia core/west,North Estonian,viP,Jeesus,14,5,Jeesus (9); Jeesu (4); Jeesukene (1),Jeesus (11); Jeesukene (2); Jeesusel (1),Jesus (11); dear Jesus (1); on-Jesus (1); little Jesus (1)
5,Jesus / Christ,Jesus,Kadrina,Estonia core/west,North Estonian,viP,Jeesukene,2,1,Jeesukene (2),Jeesukene (2),little-Jesus (2)
5,Jesus / Christ,Jesus,Kadrina,Estonia core/west,North Estonian,viP,Jeesu_kene,1,1,Jeesu_kene (1),jeesukene (1),little Jesus (1)
5,Jesus / Christ,Jesus,Kadrina,Estonia core/west,North Estonian,viP,jeesus,1,1,jeesukene (1),jeesukene (1),dear Jesus (1)
5,Jesus / Christ,Jesus,Kalajoki,Finland/Savo-Karelia,Finnish,su,Jeesus,2,1,Jiesus (1); jesus (1),Jeesus (2),Jesus (2)
5,Jesus / Christ,Jesus,Kalvola,Finland/Savo-Karelia,Finnish,su,Jeesus,3,2,Jeesus (2); Jesus (1),Jesus (1); Jeesus (1); Jeesuksen (1),Jesus (2); Jesus's (1)
5,Jesus / Christ,Jesus,Kalvola,Finland/Savo-Karelia,Finnish,su,Jesus,1,1,Jesus (1),Jesus (1),Jesus (1)
5,Jesus / Christ,Christ,Kanepi,South Estonia/Seto,South Estonian,viE,Kristus,1,1,Kristus (1),Kristuse (1),Christ's (1)
5,Jesus / Christ,Jesus,Kanepi,South Estonia/Seto,South Estonian,viE,Jeesus,1,1,Jesus (1),Jeesuse (1),Jesus's (1)
5,Jesus / Christ,Jesus,Kangasniemi,Finland/Savo-Karelia,Finnish,su,Jeesus,6,4,Jesus (3); Jiesus (2); Jeesus (1),Jeesus (2); Jesus (2); Jiesus (1); Jesuksen (1),Jesus (5); Jesus's (1)
5,Jesus / Christ,Christ,Kankaanpää,Finland/Savo-Karelia,Finnish,su,Kristus,1,1,Kristus (1),Kristuksen (1),Christ's (1)
5,Jesus / Christ,Jesus,Kankaanpää,Finland/Savo-Karelia,Finnish,su,Jeesus,1,1,Jeesus (1),Jeesuksen (1),Jesus's (1)
5,Jesus / Christ,Jesus,Kankaanpää,Finland/Savo-Karelia,Finnish,su,Jesus,1,1,Jesus (1),Jesus (1),Jesus (1)
5,Jesus / Christ,Jesus,Kanneljärvi,Finland/Savo-Karelia,Finnish,su,Jeesus,3,2,Iessus (2); Jeesus (1),Jeesuksen (2); Jeesus (1),Jesus's (2); Jesus (1)
5,Jesus / Christ,Jesus,Kannus,Finland/Savo-Karelia,Finnish,su,Jeesus,1,1,Jeesus (1),Jeesus (1),Jesus (1)
5,Jesus / Christ,Jesus,Kaprio,Ingria,Finnish,su,Jeesus,11,9,Jeesus (4); Kiesus (3); Keesus (2); Keesus-n (1); Jesus (1),Jeesus (5); Jeesuksen (5); Jesus (1),Jesus (6); Jesus's (5)
5,Jesus / Christ,Jesus,Kaprio,Ingria,Finnish,su,(proper noun),6,1,Kiesus (6),Kiesuksen (6),of Kiesus (6)
5,Jesus / Christ,Jesus,Kaprio,Ingria,Finnish,su,Kiesus,3,2,Kiesus (2); kiesus (1),kiesuksen (1); Kiesuksen (1); Kiesus (1),Kiesus's (2); Kiesus (1)
5,Jesus / Christ,Christ,Kaprio,Ingria,Finnish,su,Kristus,2,2,Kristus (2),Kristuksen (1); Kristus (1),Christ's (1); Christ (1)
5,Jesus / Christ,Jesus,Kaprio,Ingria,Finnish,su,Jesus,2,2,Jesus (2),Jesus (2),Jesus (2)
5,Jesus / Christ,Jesus,Kaprio,Ingria,Finnish,su,Kiesus (proper noun),1,1,kiesus (1),Kiesuksen (1),Kiesus' (1)
5,Jesus / Christ,Jesus,Karkku,Finland/Savo-Karelia,Finnish,su,Jeesus,6,4,Jeesus (5); jeesus+seni (1),Jeesukseni (4); Jeesus (2),my Jesus (4); Jesus (2)
5,Jesus / Christ,Jesus,Karksi,Estonia core/west,South Estonian,viE,Jeesus,3,2,Jeesus (2); Jeesu (1),Jeesus (2); Jeesuse (1),Jesus (2); Jesus's (1)
5,Jesus / Christ,Jesus,Karttula,Finland/Savo-Karelia,Finnish,su,Jeesus,3,3,Jeesus (2); Jiessus (1),Jeesus (3),Jesus (3)
5,Jesus / Christ,Jesus,Karula,South Estonia/Seto,South Estonian,viE,Jeesu,1,1,Jeesu (1),Jeesu (1),Jesus (1)
5,Jesus / Christ,Jesus,Karunki,Finland/Savo-Karelia,Finnish,su,Jeesus,1,1,Iesus (1),Jeesus (1),Jesus (1)
5,Jesus / Christ,Jesus,Kattila,Ingria,Votic,su,Jeesus,7,4,Jeesus (3); Iesus (2); Iesusel (1); Iesukse (1),Jeesus (4); Jeesuksen (2); Jeesukselle (1),Jesus (4); Jesus's (2); to Jesus (1)
5,Jesus / Christ,Christ,Kattila,Ingria,Votic,su,Kristus,1,1,Kristus (1),Kristus (1),Christ (1)
5,Jesus / Christ,Jesus,Kauhava,Finland/Savo-Karelia,Finnish,su,Jeesus,5,5,Jeesus (3); Jesus (2),Jeesus (3); Jesus (1); Jeesuksen (1),Jesus (4); Jesus's (1)
5,Jesus / Christ,Christ,Kauhava,Finland/Savo-Karelia,Finnish,su,Kristus,1,1,Kristus (1),Kristuksen (1),Christ's (1)
5,Jesus / Christ,Jesus,Kauhava,Finland/Savo-Karelia,Finnish,su,Jesus,1,1,Jesus (1),Jesus (1),Jesus (1)
5,Jesus / Christ,Jesus,Kaustinen,Finland/Savo-Karelia,Finnish,su,Jeesus,1,1,Jeesus (1),Jeesus (1),Jesus (1)
5,Jesus / Christ,Jesus,Keitele,Finland/Savo-Karelia,Finnish,su,Jeesus,1,1,Jeesus (1),Jeesus (1),Jesus (1)
5,Jesus / Christ,Jesus,Keltto,Ingria,Finnish,su,Jeesus,1,1,Iessus (1),Iessuksen (1),Jesus's (1)
5,Jesus / Christ,Jesus,Kemi,Finland/Savo-Karelia,Finnish,su,Jeesus,4,3,Jeesus (3); Iesus (1),Jeesus (3); Iesus (1),Jesus (4)
5,Jesus / Christ,Christ,Kemi,Finland/Savo-Karelia,Finnish,su,Kristus,2,1,Kristus (2),Kristus (2),Christ (2)
5,Jesus / Christ,Jesus,Kerimäki,Finland/Savo-Karelia,Finnish,su,Jeesus,3,3,Jeesus (2); Kjesus (1),Jeesus (3),Jesus (3)
5,Jesus / Christ,Jesus,Kerimäki,Finland/Savo-Karelia,Finnish,su,Jesus,1,1,Jesus (1),Jesus (1),Jesus (1)
5,Jesus / Christ,Jesus,Kestilä,Finland/Savo-Karelia,Finnish,su,Jeesus,4,1,Jeesus (4),Jeesus (3); Jeesuksen (1),Jesus (3); Jesus's (1)
5,Jesus / Christ,Jesus,Kesälahti,Finland/Savo-Karelia,Finnish,su,Jeesus,12,6,Jiesus (9); Jeesus (3),Jeesus (6); Jeesuksen (4); Jeesusta (1); Jeesukselta (1),Jesus (6); Jesus's (4); Jesus (part.) (1); from Jesus (1)
5,Jesus / Christ,Jesus,Kesälahti,Finland/Savo-Karelia,Finnish,su,Jesus,1,1,Jesus (1),Jesus (1),Jesus (1)
5,Jesus / Christ,Jesus,Kiestinki,East Karelia/Veps/Tver,Karelian Proper,ka,Jeesus,2,2,Jesuks (1); Jiesus (1),Jeesuksen (2),Jesus's (2)
5,Jesus / Christ,Jesus,Kiihtelysvaara,Finland/Savo-Karelia,Finnish,su,Jeesus,5,5,Jeesus (2); Jeessus (2); Jiessus (1),Jeesus (4); Jeesuksen (1),Jesus (4); Jesus's (1)
5,Jesus / Christ,Jesus,Kiihtelysvaara,Finland/Savo-Karelia,Finnish,su,Jesus,4,1,Jesus (4),Jesus (2); Jesukselle (2),Jesus (2); to Jesus (2)
5,Jesus / Christ,Christ,Kiikala,Finland/Savo-Karelia,Finnish,su,Kristus,1,1,Kristus (1),Kristus (1),Christ (1)
5,Jesus / Christ,Jesus,Kiimaisjärvi,East Karelia/Veps/Tver,Karelian Proper,ka,Jeesus,1,1,Jeesus (1),Jeesus (1),Jesus (1)
5,Jesus / Christ,Jesus,Kitee,Finland/Savo-Karelia,Finnish,su,Jeesus,37,25,Jeesus (17); Jiesus (11); Jesus (2); jiesuksen (2); Jiessus (2); jesuksen (1),Jeesus (23); Jeesuksen (9); Jiesus (2); Jesuksen (1); Jeesukselle (1); Jeesukselta (1),Jesus (25); Jesus's (9); to Jesus (1); from Jesus (1); Jesus' (1)
5,Jesus / Christ,Jesus,Kitee,Finland/Savo-Karelia,Finnish,su,Jesus,6,4,Jesus (6),Jesus (5); Jesuksen (1),Jesus (5); Jesus's (1)
5,Jesus / Christ,Christ,Kitee,Finland/Savo-Karelia,Finnish,su,Kristus,2,1,Ristus (2),Kristus (1); Kristukselle (1),Christ (1); to Christ (1)
5,Jesus / Christ,Jesus,Kitee,Finland/Savo-Karelia,Finnish,su,Jeesuksen,1,1,Jiesus (1),Jiesuksen (1),Jesus's (1)
5,Jesus / Christ,Jesus,Kittilä,Finland/Savo-Karelia,Finnish,su,Jeesus,3,2,Iesus (2); Jeesus (1),Jeesus (3),Jesus (3)
5,Jesus / Christ,Jesus,Kiukainen,Finland/Savo-Karelia,Finnish,su,Jeesus,2,1,Jeesus (2),Jeesuksen (2),Jesus's (2)
5,Jesus / Christ,Jesus,Kiuruvesi,Finland/Savo-Karelia,Finnish,su,Jeesus,6,2,Jesus (4); jesuxen (2),Jeesuksen (4); Jeesus (2),Jesus's (4); Jesus (2)
5,Jesus / Christ,Jesus,Kiuruvesi,Finland/Savo-Karelia,Finnish,su,Jeesuksen,2,2,jesuxen (2),Jeesuksen (2),Jesus's (2)
5,Jesus / Christ,Christ,Kiuruvesi,Finland/Savo-Karelia,Finnish,su,Kristus,1,1,Kristus (1),Kristus (1),Christ (1)
5,Jesus / Christ,Jesus,Kiuruvesi,Finland/Savo-Karelia,Finnish,su,Jesus,1,1,Jesus (1),Jesuksen (1),Jesus's (1)
5,Jesus / Christ,Christ,Kivennapa,Finland/Savo-Karelia,Finnish,su,Kristus,2,2,Kristus (2),Kristuksen (2),Christ's (2)
5,Jesus / Christ,Jesus,Kivijärvi,Finland/Savo-Karelia,Finnish,su,Jeesus,3,3,Jeesus (2); Jesus (1),Jeesus (2); Jesuksen (1),Jesus (2); Jesus's (1)
5,Jesus / Christ,Jesus,Kivijärvi,Finland/Savo-Karelia,Finnish,su,Jesus,3,3,Jesus (3),Jesus (2); Jesuksen (1),Jesus (2); Jesus's (1)
5,Jesus / Christ,Jesus,Kivijärvi,Finland/Savo-Karelia,Finnish,su,Jeesuksen,1,1,Jesuks-en (1),Jesuksen (1),Jesus's (1)
5,Jesus / Christ,Jesus,Kodavere,Estonia core/west,North Estonian,viP,Jeesus,5,4,Jeesus (5),Jeesus (2); Jeesuse (2); Jeesust (1),Jesus (3); Jesus' (1); Jesus's (1)
5,Jesus / Christ,Christ,Kodavere,Estonia core/west,North Estonian,viP,Kristus,3,2,Kristus (3),Kristus (2); Kristuse (1),Christ (2); Christ's (1)
5,Jesus / Christ,Jesus,Koeru,Estonia core/west,North Estonian,viP,Jeesus,8,5,Jeesus (8),Jeesus (4); Jeesuse (3); „Jeesus (1),Jesus (5); Jesus's (3)
5,Jesus / Christ,Jesus,Koivisto,Finland/Savo-Karelia,Finnish,su,Jeesus,6,3,Jeesus (3); Iessus (3),Jeesus (5); Jeesuksen (1),Jesus (5); Jesus's (1)
5,Jesus / Christ,Jesus,Kolari,Finland/Savo-Karelia,Finnish,su,Jeesus,3,3,Jeesus (2); jeesus (1),Jeesus (2); Jeesukselle (1),Jesus (2); to Jesus (1)
5,Jesus / Christ,Jesus,Kolga-Jaani,Estonia core/west,North Estonian,viP,Jeesus,4,2,Jeesus (4),Jeesus (4),Jesus (4)
5,Jesus / Christ,Jesus,Kontiolahti,Finland/Savo-Karelia,Finnish,su,Jeesus,3,2,Jiessus (2); Jesus (1),Jeesus (2); Jeesukselle (1),Jesus (2); to Jesus (1)
5,Jesus / Christ,Jesus,Kontiolahti,Finland/Savo-Karelia,Finnish,su,jesus,1,1,jesus (1),jesuksen (1),Jesus's (1)
5,Jesus / Christ,Jesus,Kontokki,East Karelia/Veps/Tver,Karelian Proper,ka,Jeesus,3,3,Jeesus (2); Jiesus (1),Jeesuksen (2); Jeesus (1),Jesus's (2); Jesus (1)
5,Jesus / Christ,Jesus,Koprina,Ingria,Finnish,su,Jeesus,10,7,Jeesus (5); Jessus (3); Jiessu (1); jeesus (1),Jeesuksen (3); Jeesus (3); Jessus (2); Jeesu (1); Jesuksen (1),Jesus (6); Jesus's (4)
5,Jesus / Christ,Jesus,Koprina,Ingria,Finnish,su,Jeesuksen,1,1,Jessus (1),Jessuksen (1),Jesus's (1)
5,Jesus / Christ,Jesus,Koprina,Ingria,Finnish,su,Jesus,1,1,Jesus (1),Jesus (1),Jesus (1)
5,Jesus / Christ,Jesus,Korpilahti,Finland/Savo-Karelia,Finnish,su,Jeesus,9,8,Jeesus (4); Jesus (4); Jesuks (1),Jeesus (6); Jesuksen (2); Jesus (1),Jesus (7); Jesus's (2)
5,Jesus / Christ,Jesus,Korpilahti,Finland/Savo-Karelia,Finnish,su,Jesus,4,4,Jesus (4),Jesus (4),Jesus (4)
5,Jesus / Christ,Jesus,Korpilompolo,Finland/Savo-Karelia,Tornedalen Finnish,su,Jeesus,2,2,Iesus (2),Jeesus (2),Jesus (2)
5,Jesus / Christ,Jesus,Korpiselkä,East Karelia/Veps/Tver,Karelian Proper,ka,Jeesus,31,19,Jiesus (17); Jeesus (9); jiesus (1); Jiesuksen (1); Jesuxi (1); Jesus (1),Jeesuksen (17); Jeesus (13); Jeesukselle (1),Jesus (15); Jesus's (14); of Jesus (1); to Jesus (1)
5,Jesus / Christ,Christ,Korpiselkä,East Karelia/Veps/Tver,Karelian Proper,ka,Kristus,8,3,Kristus (8),Kristus (6); Kristuksen (2),Christ (7); Christ's (1)
5,Jesus / Christ,Jesus,Korpiselkä,East Karelia/Veps/Tver,Karelian Proper,ka,Jesus,1,1,Jesus (1),Jesuksen (1),Jesus's (1)
5,Jesus / Christ,Christ,Kortesjärvi,Finland/Savo-Karelia,Finnish,su,Kristus,1,1,Kristus (1),Kristus (1),Christ (1)
5,Jesus / Christ,Jesus,Koski Hl.,Finland/Savo-Karelia,Finnish,su,Jesus,4,2,Jesus (4),Jesus (4),Jesus (4)
5,Jesus / Christ,Christ,Koski Tl.,Finland/Savo-Karelia,Finnish,su,Kristus,2,2,Kristus (2),Kristus (1); Kristuksen (1),Christ (1); Christ's (1)
5,Jesus / Christ,Jesus,Koski Tl.,Finland/Savo-Karelia,Finnish,su,Jeesus,1,1,Jeesus (1),Jeesuksen (1),Jesus's (1)
5,Jesus / Christ,Jesus,Koski Tl.,Finland/Savo-Karelia,Finnish,su,Kiesus,1,1,Kiesus (1),Kiesuksesta (1),from Kiesus (1)
5,Jesus / Christ,Jesus,Kuhmo,Finland/Savo-Karelia,Finnish,su,Jeesus,1,1,Jeesus (1),Jeesus (1),Jesus (1)
5,Jesus / Christ,Jesus,Kuhmoinen,Finland/Savo-Karelia,Finnish,su,Jeesus,3,3,Jeesus (3),Jeesuksen (2); Jeesus (1),Jesus's (2); Jesus (1)
5,Jesus / Christ,Jesus,Kuhmoinen,Finland/Savo-Karelia,Finnish,su,Jesus,3,2,Jesus (3),Jesus (3),Jesus (3)
5,Jesus / Christ,Christ,Kuhmoinen,Finland/Savo-Karelia,Finnish,su,Kristus,2,2,Kristus (2),Kristus (2),Christ (2)
5,Jesus / Christ,Jesus,Kuolemajärvi,Finland/Savo-Karelia,Finnish,su,Jeesus,1,1,iesus (1),Jeesus (1),Jesus (1)
5,Jesus / Christ,Jesus,Kuopio,Finland/Savo-Karelia,Finnish,su,Jeesus,4,4,Jeesus (2); Kiesus (1); jesuxen (1),Jeesus (2); Kiesuksen (1); Jeesuksen (1),Jesus (2); Jesus's (2)
5,Jesus / Christ,Christ,Kuorevesi,Finland/Savo-Karelia,Finnish,su,Kristus,1,1,Kristus (1),Kristus (1),Christ (1)
5,Jesus / Christ,Jesus,Kuorevesi,Finland/Savo-Karelia,Finnish,su,Jeesuksen,1,1,Jeesukse (1),Jeesuksenv (1),Jesus's (1)
5,Jesus / Christ,Jesus,Kuorevesi,Finland/Savo-Karelia,Finnish,su,Jesus,1,1,Jesus (1),Jesus (1),Jesus (1)
5,Jesus / Christ,Jesus,Kupanitsa,Ingria,Finnish,su,Jeesus,5,2,Jeesus (5),Jeesus (4); Jeesuksen (1),Jesus (4); Jesus's (1)
5,Jesus / Christ,Jesus,Kupanitsa,Ingria,Finnish,su,Jesus,1,1,Jesus (1),Jesus (1),Jesus (1)
5,Jesus / Christ,Jesus,Kurikka,Finland/Savo-Karelia,Finnish,su,Jeesus,1,1,Jeesus (1),Jeesus (1),Jesus (1)
5,Jesus / Christ,Christ,Kuru,Finland/Savo-Karelia,Finnish,su,Kristus,1,1,Kristus (1),Kristus (1),Christ (1)
5,Jesus / Christ,Jesus,Kuru,Finland/Savo-Karelia,Finnish,su,Jeesus,1,1,Jeesus (1),Jeesus (1),Jesus (1)
5,Jesus / Christ,Jesus,Kuusalu,Estonia core/west,North Estonian,viP,Jeesus,11,8,Jeesus (7); jiesus (2); Jeesukene (1); jeesus (1),Jeesus (8); Jeesuse (2); Jeesukene (1),Jesus (8); Jesus's (2); little Jesus (1)
5,Jesus / Christ,Christ,Kuusalu,Estonia core/west,North Estonian,viP,Kristus,6,6,kristus (3); Kristus (3),Kristus (6),Christ (6)
5,Jesus / Christ,Jesus,Kuusalu,Estonia core/west,North Estonian,viP,Iesus,1,1,Iesus (1),Iesus (1),Jesus (1)
5,Jesus / Christ,Jesus,Kuusalu,Estonia core/west,North Estonian,viP,Jeesukene,1,1,Jiesukene (1),Jeesukene (1),little Jesus (1)
5,Jesus / Christ,Jesus,Kuusalu,Estonia core/west,North Estonian,viP,Jesus,1,1,Jesus (1),Jesus (1),Jesus (1)
5,Jesus / Christ,Jesus,Kuusamo,Finland/Savo-Karelia,Finnish,su,Jeesus,4,4,Jeesus (4),Jeesus (2); Jeesuksen (2),Jesus (2); Jesus's (2)
5,Jesus / Christ,Jesus,Kuusjärvi,Finland/Savo-Karelia,Finnish,su,Jeesus,1,1,Jeesus (1),Jeesus (1),Jesus (1)
5,Jesus / Christ,Jesus,Kylmäkoski,Finland/Savo-Karelia,Finnish,su,Jeesus,1,1,Jeesus (1),Jeesus (1),Jesus (1)
5,Jesus / Christ,Jesus,Kärkölä,Finland/Savo-Karelia,Finnish,su,Jeesus,1,1,Jeesus (1),Jeesus (1),Jesus (1)
5,Jesus / Christ,Christ,Kõpu,Estonia core/west,North Estonian,viP,Kristus,1,1,Kristus (1),Kristus (1),Christ (1)
5,Jesus / Christ,Jesus,Kõpu,Estonia core/west,North Estonian,viP,Jeesus,1,1,Jeesus (1),Jeesus (1),Jesus (1)
5,Jesus / Christ,Jesus,Laihia,Finland/Savo-Karelia,Finnish,su,Jeesus,2,2,Jeesus (2),Jeesus (1); Jeesuksen (1),Jesus (2)
5,Jesus / Christ,Christ,Laiuse,Estonia core/west,North Estonian,viP,Kristus,4,3,Kristus (4),Kristus (4),Christ (4)
5,Jesus / Christ,Jesus,Laiuse,Estonia core/west,North Estonian,viP,Jeesus,2,2,Jeesus (2),Jeesus (2),Jesus (2)
5,Jesus / Christ,Jesus,Lammi,Finland/Savo-Karelia,Finnish,su,Jeesus,2,1,Jeesus (2),Jeesus (2),Jesus (2)
5,Jesus / Christ,Jesus,Lapinlahti,Finland/Savo-Karelia,Finnish,su,Kiesus,1,1,Kiesus (proper name) (1),Kiesusen (1),Kiesus (proper name) (1)
5,Jesus / Christ,Jesus,Lappajärvi,Finland/Savo-Karelia,Finnish,su,Jeesus,1,1,kiesus (1),Jeesus (1),Jesus (1)
5,Jesus / Christ,Jesus,Lappajärvi,Finland/Savo-Karelia,Finnish,su,Kiesus,1,1,Kiesus (1),Kiesukselta (1),from Kiesus (1)
5,Jesus / Christ,Jesus,Lappee,Finland/Savo-Karelia,Finnish,su,Jeesus,1,1,Jeesukse (1),Jeesuksen (1),Jesus's (1)
5,Jesus / Christ,Jesus,Lavansaari,Finland/Savo-Karelia,Finnish,su,Jeesus,1,1,Jeesu (1),Jeesus (1),Jesus (1)
5,Jesus / Christ,Christ,Lehtimäki,Finland/Savo-Karelia,Finnish,su,Kristus,1,1,Kristus (1),Kristuksen (1),Christ's (1)
5,Jesus / Christ,Jesus,Lempaala,Finland/Savo-Karelia,Finnish,su,Jeesus,76,44,Jeesus (47); Iesus (7); Iessus (5); jiesus (4); Jesus (3); jeesus (2),Jeesus (61); Jeesuksen (13); Jesuksen (1); Jeesuksesta (1),Jesus (61); Jesus's (14); from Jesus (1)
5,Jesus / Christ,Jesus,Lempaala,Finland/Savo-Karelia,Finnish,su,Jesus,9,4,Jesus (9),Jesus (8); Jesuksen (1),Jesus (8); Jesus's (1)
5,Jesus / Christ,Jesus,Leppävirta,Finland/Savo-Karelia,Finnish,su,Jeesus,3,2,Kiesus (2); Jeesus (1),Jeesuksen (1); Kiesukselta (1); Kiesuksen (1),Jesus's (1); from Kiesus (1); Kiesus's (1)
5,Jesus / Christ,Jesus,Leppävirta,Finland/Savo-Karelia,Finnish,su,Jesus,1,1,Jesus (1),Jesus (1),Jesus (1)
5,Jesus / Christ,Christ,Lieto,Finland/Savo-Karelia,Finnish,su,Kristus,1,1,Kristus (1),Kristuksen (1),Christ's (1)
5,Jesus / Christ,Jesus,Liissilä,Ingria,Finnish,su,Jeesus,36,17,Jeesus (14); Iesus (8); Iessus (7); Jesu (2); Jessus (1); Jesuksen (1),Jeesus (21); Jeesuksen (8); Jesu (2); Iesus (2); Jessus (1); Jesuksen (1),Jesus (26); Jesus's (9); from Jesus (1)
5,Jesus / Christ,Christ,Liissilä,Ingria,Finnish,su,Kristus,5,3,Kristus (5),Kristus (5),Christ (5)
5,Jesus / Christ,Jesus,Liperi,Finland/Savo-Karelia,Finnish,su,Jeesus,8,6,Jeesus (7); Jesus (1),Jeesus (5); Jeesuksen (2); Jesus (1),Jesus (6); Jesus's (2)
5,Jesus / Christ,Jesus,Liperi,Finland/Savo-Karelia,Finnish,su,Jesus,1,1,Jesus-en (1),Jesuksen (1),Jesus's (1)
5,Jesus / Christ,Jesus,Loppi,Finland/Savo-Karelia,Finnish,su,Jeesus,5,5,Jeesus (4); Jessus (1),Jeesus (3); Jeesuksen (2),Jesus (3); Jesus's (2)
5,Jesus / Christ,Jesus,Loppi,Finland/Savo-Karelia,Finnish,su,Jesus,1,1,Jesus (1),Jesus (1),Jesus (1)
5,Jesus / Christ,Jesus,Luhanka,Finland/Savo-Karelia,Finnish,su,Jeesus,2,1,Jeesus (2),Jeesus (2),Jesus (2)
5,Jesus / Christ,Jesus,Luopioinen,Finland/Savo-Karelia,Finnish,su,Jeesus,3,1,Jessus (3),Jeesuksen (2); Jeesus (1),Jesus's (2); Jesus (1)
5,Jesus / Christ,Jesus,Luumäki,Finland/Savo-Karelia,Finnish,su,Jeesus,3,2,Jiesus (3),Jeesuksen (2); Jeesus (1),Jesus's (2); Jesus (1)
5,Jesus / Christ,Jesus,Luumäki,Finland/Savo-Karelia,Finnish,su,Jesus,1,1,Jesus (1),Jesus (1),Jesus (1)
5,Jesus / Christ,Jesus,Lüganuse,Estonia core/west,North Estonian,viP,Jeesus,6,3,Heesus (2); jeesuke (2); jeesukene (1); Jeesus (1),Jeesus (3); Jeesukene (3),Jesus (3); little Jesus (3)
5,Jesus / Christ,Jesus,Maaninka,Finland/Savo-Karelia,Finnish,su,Jeesus,3,3,Jeesus (3),Jeesuksen (2); Jeesus (1),Jesus's (2); Jesus (1)
5,Jesus / Christ,Jesus,Maaria,Finland/Savo-Karelia,Finnish,su,Jeesus,1,1,Jeesus (1),Jeesuksen (1),Jesus's (1)
5,Jesus / Christ,Jesus,Maarja-Magdaleena,Estonia core/west,North Estonian,viP,Jeesus,3,1,Jeesus (3),Jeesus (3),Jesus (3)
5,Jesus / Christ,Christ,Maarja-Magdaleena,Estonia core/west,North Estonian,viP,Kristus,2,1,Krist (2),Kristus (2),Christ (2)
5,Jesus / Christ,Jesus,Markkova,Ingria,Finnish,suI,Jesus,3,1,Jesus (3),Jesus (3),Jesus (3)
5,Jesus / Christ,Jesus,Marttila,Finland/Savo-Karelia,Finnish,su,Jeesus,9,6,Jesus (4); Jeesus (4); Kiesus (1),Jeesus (3); Jesus (2); Jeesusta (2); Jesuksen (1); Kiesus (1),Jesus (9)
5,Jesus / Christ,Jesus,Marttila,Finland/Savo-Karelia,Finnish,su,Jesus,3,3,Jesus (3),Jesus (3),Jesus (3)
5,Jesus / Christ,Jesus,Metsäpirtti,Finland/Savo-Karelia,Finnish,su,Jeesus,12,6,Jeesus (9); Jiesus (3),Jeesus (10); Jeesuksen (2),Jesus (10); Jesus's (2)
5,Jesus / Christ,Christ,Mietoinen,Finland/Savo-Karelia,Finnish,su,Kristus,1,1,kristus+ksen (1),Kristuksen (1),Christ's (1)
5,Jesus / Christ,Jesus,Mietoinen,Finland/Savo-Karelia,Finnish,su,Jeesus,1,1,iesus+ksen (1),Jeesuksen (1),Jesus's (1)
5,Jesus / Christ,Jesus,Moloskovitsa,Ingria,Finnish,su,Jeesus,12,6,Jeesus (5); Jiesus (4); Jeesu (2); Jeesus-n (1),Jeesus (5); Jeesuksen (5); Jeesu (2),Jesus (7); Jesus's (5)
5,Jesus / Christ,Jesus,Muhos,Finland/Savo-Karelia,Finnish,su,Jeesus,1,1,Iesus (1),Iesus (1),Jesus (1)
5,Jesus / Christ,Jesus,Muhu,Estonia core/west,North Estonian,viP,Jeesus,1,1,iesus (1),Jeesus (1),Jesus (1)
5,Jesus / Christ,Jesus,Multia,Finland/Savo-Karelia,Finnish,su,Jesus,2,1,Jesus (2),Jesus (1); Jesuksen (1),Jesus (1); Jesus's (1)
5,Jesus / Christ,Jesus,Multia,Finland/Savo-Karelia,Finnish,su,Jeesus,1,1,Jeesus (1),Jeesus (1),Jesus (1)
5,Jesus / Christ,Jesus,Muonio,Finland/Savo-Karelia,Finnish,su,Jeesus,1,1,Iesus (1),Jeesus (1),Jesus (1)
5,Jesus / Christ,Jesus,Muurla,Finland/Savo-Karelia,Finnish,su,Jeesus,1,1,Jeesus (1),Jeesuksen (1),Jesus (1)
5,Jesus / Christ,Jesus,Muuruvesi,Finland/Savo-Karelia,Finnish,su,Jeesus,1,1,Jeesus (1),Jeesus (1),Jesus (1)
5,Jesus / Christ,Jesus,Mäntyharju,Finland/Savo-Karelia,Finnish,su,Jeesus,5,3,Iessus (2); Jessus (1); Iesus (1); Jeesus (1),Jeesuksen (2); Jeesus (2); Jessuksen (1),Jesus's (3); Jesus (2)
5,Jesus / Christ,Jesus,Narvusi,Ingria,Ingrian,in,Jeesus,67,37,Jeesus (38); Iesus (10); iesus (3); Jiesus (3); Jeesukse (3); Iesus+en (3),Jeesus (36); Jeesuksen (19); Iesus (3); Iesuksen (3); Jiesus (2); Jesuksen (2),Jesus (41); Jesus's (25); for Jesus (1)
5,Jesus / Christ,Jesus,Narvusi,Ingria,Ingrian,in,Jesus,18,6,Jesus (18),Jesus (15); Jesuksen (2); Jeesuksen (1),Jesus (15); Jesus's (3)
5,Jesus / Christ,Christ,Narvusi,Ingria,Ingrian,in,Kristus,9,5,Kristus (4); kristus (2); kristais (1); kristukse (1); Kristukse- (1),Kristus (6); Kristuksen (2); Kristukseen (1),Christ (6); Christ's (2); into Christ (1)
5,Jesus / Christ,Jesus,Narvusi,Ingria,Ingrian,in,Jeesuksen,2,2,Jesuksen (1); Jeesukse (1),Jeesuksen (2),Jesus's (2)
5,Jesus / Christ,Christ,Narvusi,Ingria,Ingrian,in,Antti & Kristus,1,1,Antti & Kristus (1),Antti Kristus (1),Andrew-Christ (1)
5,Jesus / Christ,Christ,Narvusi,Ingria,Ingrian,in,Hristos,1,1,Hristos (1),Hristos (1),Christ (1)
5,Jesus / Christ,Jesus,Narvusi,Ingria,Ingrian,in,Isus,1,1,Isus (1),Isus (1),Jesus (1)
5,Jesus / Christ,Jesus,Nastola,Finland/Savo-Karelia,Finnish,su,Jesus,2,1,Jesus (2),Jesus (1); Jesuksen (1),Jesus (1); Jesus's (1)
5,Jesus / Christ,Jesus,Nastola,Finland/Savo-Karelia,Finnish,su,Jeesus,1,1,Jesus (1),Jesus (1),Jesus (1)
5,Jesus / Christ,Christ,Nekkula,East Karelia/Veps/Tver,Karelian Proper,ka,Kristos,1,1,Kristos (1),Kristos (1),Christ (1)
5,Jesus / Christ,Christ,Nekkula,East Karelia/Veps/Tver,Karelian Proper,ka,Kristus,1,1,Kristus (1),Kristuksen (1),Christ's (1)
5,Jesus / Christ,Jesus,Nekkula,East Karelia/Veps/Tver,Karelian Proper,ka,Jeesus,1,1,Jiesus (1),Jiesuksen (1),Jesus's (1)
5,Jesus / Christ,Jesus,Nilsiä,Finland/Savo-Karelia,Finnish,su,Jeesus,7,7,Jeesus (6); Jiesus (1),Jeesus (5); Jeesuksen (2),Jesus (5); Jesus's (2)
5,Jesus / Christ,Christ,Nilsiä,Finland/Savo-Karelia,Finnish,su,Kristus,1,1,Ristus (1),Kristus (1),Christ (1)
5,Jesus / Christ,Jesus,Nord-Kapp,Finland/Savo-Karelia,Kven Finnish,su,Jeesus,3,3,jesus (1); Iesus (1); Jeesus (1),Jeesus (3),Jesus (3)
5,Jesus / Christ,Jesus,Norra Finnskoga,Finland/Savo-Karelia,Finnish,su,Jeesus,3,2,Jeesus (2); Jiessus (1),Jeesus (3),Jesus (3)
5,Jesus / Christ,Christ,Nousiainen,Finland/Savo-Karelia,Finnish,su,Kristus,1,1,Kristuksen (1),Kristuksen (1),Christ's (1)
5,Jesus / Christ,Jesus,Nurmes,Finland/Savo-Karelia,Finnish,su,Jeesus,7,5,Jeesus (6); Kiesus (1),Jeesus (4); Jeesuksen (2); Jeesuskana (1),Jesus (4); Jesus's (2); little Jesus (1)
5,Jesus / Christ,Jesus,Nurmes,Finland/Savo-Karelia,Finnish,su,Jeesuksen,1,1,Jeesus-n (1),Jeesuksen (1),Jesus's (1)
5,Jesus / Christ,Jesus,Nyskoga,Finland/Savo-Karelia,Finnish,su,Jeesus,2,2,Jeesus (2),Jeesus (2),Jesus (2)
5,Jesus / Christ,Jesus,Orsa,Finland/Savo-Karelia,Finnish,su,Jeesus,1,1,Kiesus (1),Jeesus (1),Jesus (1)
5,Jesus / Christ,Jesus,Orsa,Finland/Savo-Karelia,Finnish,su,Kiesus-ni,1,1,Kiesus-tajni (1),Kiesuustani (1),of Kiesus (1)
5,Jesus / Christ,Jesus,Oulu,Finland/Savo-Karelia,Finnish,su,Jeesus,3,3,kiesus (1); Jiesus (1); Jeesus (1),Kiesus (1); Jeesustamme (1); Jeesuksen (1),Jesus (1); our Jesus (1); Jesus's (1)
5,Jesus / Christ,Jesus,Padasjoki,Finland/Savo-Karelia,Finnish,su,Jeesus,1,1,Jeesus (1),Jeesus (1),Jesus (1)
5,Jesus / Christ,Jesus,Paistu,Estonia core/west,South Estonian,viE,Jeesus,1,1,Eesus (1),Jeesus (1),Jesus (1)
5,Jesus / Christ,Jesus,Pajala,Finland/Savo-Karelia,Tornedalen Finnish,su,Jeesus,3,3,Jeesus (2); Iesus (1),Jeesus (3),Jesus (3)
5,Jesus / Christ,Jesus,Pajala,Finland/Savo-Karelia,Tornedalen Finnish,su,Jesus,2,2,Jesus (2),Jesus (2),Jesus (2)
5,Jesus / Christ,Jesus,Palamuse,Estonia core/west,North Estonian,viP,Jeesus,6,3,Jeesus (6),Jeesus (6),Jesus (6)
5,Jesus / Christ,Jesus,Paltamo,Finland/Savo-Karelia,Finnish,su,Jesus,2,2,Jesus (2),Jesus (2),Jesus (2)
5,Jesus / Christ,Jesus,Parkano,Finland/Savo-Karelia,Finnish,su,Jesus,4,3,Jesus (4),Jesus (4),Jesus (4)
5,Jesus / Christ,Jesus,Parkano,Finland/Savo-Karelia,Finnish,su,Jeesus,2,2,Jeesus (2),Jeesuksen (1); Jeesus (1),Jesus's (1); Jesus (1)
5,Jesus / Christ,Christ,Perniö,Finland/Savo-Karelia,Finnish,su,Kristus,1,1,Kristus (1),Kristus (1),Christ (1)
5,Jesus / Christ,Jesus,Pieksämäki,Finland/Savo-Karelia,Finnish,su,Jeesus,3,3,Jeesus (3),Jeesuksen (3),Jesus's (3)
5,Jesus / Christ,Jesus,Pielavesi,Finland/Savo-Karelia,Finnish,su,Jeesus,9,6,Jeesus (4); Jiessus (3); Kiesus (2),Jeesuksen (5); Jeesus (4),Jesus's (5); Jesus (4)
5,Jesus / Christ,Jesus,Pielisjärvi,Finland/Savo-Karelia,Finnish,su,Jeesus,10,5,Jeesus (7); Jeesu (3),Jeesus (3); Jeesu (3); Jeesuksen (3); Jeesukselta (1),Jesus (6); Jesus's (3); from Jesus (1)
5,Jesus / Christ,Jesus,Pielisjärvi,Finland/Savo-Karelia,Finnish,su,Jeesuksen,1,1,Iesuxen (1),Jeesuksen (1),Jesus's (1)
5,Jesus / Christ,Jesus,Pielisjärvi,Finland/Savo-Karelia,Finnish,su,Jesus,1,1,Jesus (1),Jesus (1),Jesus (1)
5,Jesus / Christ,Jesus,Piippola,Finland/Savo-Karelia,Finnish,su,Jesus,3,1,Jesus (3),Jesus (3),Jesus (3)
5,Jesus / Christ,Jesus,Piippola,Finland/Savo-Karelia,Finnish,su,Jeesus,1,1,Jeesus (1),Jeesuksen (1),Jesus's (1)
5,Jesus / Christ,Christ,Pilistvere,Estonia core/west,North Estonian,viP,Kristus,2,2,Kristus (2),Kristus (2),Christ (2)
5,Jesus / Christ,Jesus,Pilistvere,Estonia core/west,North Estonian,viP,Jeesus,1,1,Jeesus (1),Jeesus (1),Jesus (1)
5,Jesus / Christ,Jesus,Pirkkala,Finland/Savo-Karelia,Finnish,su,Jesus,2,2,Jesus (2),Jesuksen (1); Jesus (1),Jesus's (1); Jesus (1)
5,Jesus / Christ,Jesus,Pistojärvi,East Karelia/Veps/Tver,Karelian Proper,ka,Jeesus,3,3,Jeesus (3),Jeesuksen (3),Jesus's (3)
5,Jesus / Christ,Jesus,Polvijärvi,Finland/Savo-Karelia,Finnish,su,Jeesus,1,1,Jeesus (1),Jeesus (1),Jesus (1)
5,Jesus / Christ,Christ,Pomarkku,Finland/Savo-Karelia,Finnish,su,Kristus,1,1,Kristus (1),Kristus (1),Christ (1)
5,Jesus / Christ,Jesus,Porajärvi,East Karelia/Veps/Tver,Karelian Proper,kaV,Jeesus,8,8,Jeesus (6); jiezus (1); jeesus (1),Jeesus (7); Jeesuksen (1),Jesus (7); of Jesus (1)
5,Jesus / Christ,Christ,Porajärvi,East Karelia/Veps/Tver,Karelian Proper,kaV,Kristian,2,1,hristoa (2),Kristian (2),Christ's (2)
5,Jesus / Christ,Jesus,Porajärvi,East Karelia/Veps/Tver,Karelian Proper,kaV,Jesus,2,2,Jesus (2),Jesuksen (1); Jesus (1),Jesus's (1); Jesus (1)
5,Jesus / Christ,Christ,Porajärvi,East Karelia/Veps/Tver,Karelian Proper,kaV,Hristos (Russian),1,1,Hristos (1),Hristos (1),Christ (1)
5,Jesus / Christ,Christ,Porajärvi,East Karelia/Veps/Tver,Karelian Proper,kaV,Kristus,1,1,kristos (1),Kristos (1),Christ (1)
5,Jesus / Christ,Jesus,Pori,Finland/Savo-Karelia,Finnish,su,Jeesus,3,3,Jeesus (3),Jeesus (2); Jeesuksen (1),Jesus (2); Jesus's (1)
5,Jesus / Christ,Jesus,Porsanki,Finland/Savo-Karelia,Kven Finnish,su,Jeesus,3,3,Jeesus (2); Iesus (1),Jeesus (3),Jesus (3)
5,Jesus / Christ,Jesus,Pudasjärvi,Finland/Savo-Karelia,Finnish,su,Jeesus,1,1,Jeesus (1),Jeesus (1),Jesus (1)
5,Jesus / Christ,Jesus,Puhja,Estonia core/west,South Estonian,viE,Jeesus,2,2,Jeesuke (1); Jeesu (1),Jeesuke (1); Jeesukene (1),little-Jesus (1); dear Jesus (1)
5,Jesus / Christ,Jesus,Puhja,Estonia core/west,South Estonian,viE,Jesus,1,1,Jesus (1),Jesus (1),Jesus (1)
5,Jesus / Christ,Jesus,Puolanka,Finland/Savo-Karelia,Finnish,su,Jeesus,3,3,Jeesus (3),Jeesus (3),Jesus (3)
5,Jesus / Christ,Jesus,Puumala,Finland/Savo-Karelia,Finnish,su,Jeesus,2,2,Jeesus (2),Jeesus (2),Jesus (2)
5,Jesus / Christ,Christ,Puumala,Finland/Savo-Karelia,Finnish,su,Kristus,1,1,Ristus (1),Ristus (1),Christ (1)
5,Jesus / Christ,Jesus,Pyhäjärvi Ol.,Finland/Savo-Karelia,Finnish,su,Jesus,2,2,Jesus (2),Jesus (1); Jesuksen (1),Jesus (1); Jesus's (1)
5,Jesus / Christ,Christ,Pyhäjärvi Ul.,Finland/Savo-Karelia,Finnish,su,Kristus,1,1,Kristus (1),Kristuksen (1),Christ's (1)
5,Jesus / Christ,Jesus,Pyhäjärvi Ul.,Finland/Savo-Karelia,Finnish,su,Jeesus,1,1,Jeesus (1),Jeesuksen (1),Jesus's (1)
5,Jesus / Christ,Christ,Pyhäjärvi Vpl.,Finland/Savo-Karelia,Finnish,su,Kristus,2,2,Kristus (1); Kristi-s (1),Kristuksen (1); Kristiin (1),Christ's (2)
5,Jesus / Christ,Jesus,Pyhäjärvi Vpl.,Finland/Savo-Karelia,Finnish,su,Jeesus,1,1,Jiusus (1),Jeesuksen (1),Jesus's (1)
5,Jesus / Christ,Christ,Pyhämaa,Finland/Savo-Karelia,Finnish,su,Kristus,1,1,Kristus (1),Kristuksen (1),Christ's (1)
5,Jesus / Christ,Jesus,Pälkjärvi,Finland/Savo-Karelia,Finnish,su,Jesus,3,1,Jesus (3),Jesus (2); Jesuksen (1),Jesus (2); Jesus's (1)
5,Jesus / Christ,Jesus,Pälkäne,Finland/Savo-Karelia,Finnish,su,Jeesus,2,2,Jeesus (2),Jeesus (2),Jesus (2)
5,Jesus / Christ,Jesus,Pärnu-Jaagupi,Estonia core/west,North Estonian,viP,Jeesus,7,1,Jeesus (7),Jeesus (5); Jeesust (1); Jeesusel (1),Jesus (5); Jesus (obj.) (1); at Jesus (1)
5,Jesus / Christ,Jesus,Pärnu-Jaagupi,Estonia core/west,North Estonian,viP,Jeesuke,3,1,Jeesukene (3),Jeesukesest (2); Jeesukene (1),from little Jesus (2); little Jesus (1)
5,Jesus / Christ,Jesus,Põltsamaa,Estonia core/west,North Estonian,viP,Jeesus,5,3,Jeesus (5),Jeesus (3); Jeesuse (1); Jeesusest (1),Jesus (3); to Jesus (1); from Jesus (1)
5,Jesus / Christ,Christ,Põlva,South Estonia/Seto,South Estonian,viE,Kristus,1,1,Kristus (1),Kristus (1),Christ (1)
5,Jesus / Christ,Jesus,Pöide,Estonia core/west,North Estonian,viP,Jeesus,1,1,Eesus (1),Jeesus (1),Jesus (1)
5,Jesus / Christ,Jesus,Pühalepa,Estonia core/west,North Estonian,viP,Jeesusesse,1,1,Jeesusse (1),Jeesusesse (1),into Jesus (1)
5,Jesus / Christ,Jesus,Rannu,Estonia core/west,South Estonian,viE,Jeesus,3,1,Jeesus (2); Jesus (1),Jeesus (3),Jesus (3)
5,Jesus / Christ,Christ,Rannu,Estonia core/west,South Estonian,viE,Kristus,2,2,Kristus (1); Krist (1),Kristus (2),Christ (2)
5,Jesus / Christ,Jesus,Rantasalmi,Finland/Savo-Karelia,Finnish,su,Jeesus,4,3,Jiesus (2); Jesuxen (1); Jeesus (1),Jeesus (3); Jeesuksen (1),Jesus (3); Jesus's (1)
5,Jesus / Christ,Jesus,Rantsila,Finland/Savo-Karelia,Finnish,su,Jeesus,4,2,Jeesus (4),Jeesus (4),Jesus (4)
5,Jesus / Christ,Jesus,Rautavaara,Finland/Savo-Karelia,Finnish,su,Jeesus,10,5,Jeesus (8); jeesuksen (1); Jiesus (1),Jeesus (6); Jeesuksen (4),Jesus (6); Jesus's (4)
5,Jesus / Christ,Jesus,Rautjärvi,Finland/Savo-Karelia,Finnish,su,Jeesus,2,2,Jeesus (1); jiesus (1),Jeesus (1); Jeesuksen (1),Jesus (1); Jesus's (1)
5,Jesus / Christ,Jesus,Rautu,Finland/Savo-Karelia,Finnish,su,Jeesus,4,3,Jeesukse (1); Jeesu (1); Jessu (1); jeesus (1),Jeesus (2); Jeesuksen (1); Jeesu (1),Jesus (3); Jesus's (1)
5,Jesus / Christ,Jesus,Reisjärvi,Finland/Savo-Karelia,Finnish,su,Jeesus,1,1,Jeesus (1),Jeesuksen (1),Jesus's (1)
5,Jesus / Christ,Jesus,Renko,Finland/Savo-Karelia,Finnish,su,Jeesus,1,1,Jesukset (1),Jesuksen (1),Jesus's (1)
5,Jesus / Christ,Jesus,Renko,Finland/Savo-Karelia,Finnish,su,Jesus,1,1,Jesus (1),Jesus (1),Jesus (1)
5,Jesus / Christ,Jesus,Repola,East Karelia/Veps/Tver,Karelian Proper,kaV,Jeesus,9,2,Jeussei (6); D'Jeussei (1); Jdeussei (1); Jeesus (1),Jeesus (8); Jeesuksen (1),Jesus (8); Jesus's (1)
5,Jesus / Christ,Christ,Repola,East Karelia/Veps/Tver,Karelian Proper,kaV,Kristus,3,2,Kristus (3),Kristus (3),Christ (3)
5,Jesus / Christ,Christ,Riipuskala,East Karelia/Veps/Tver,Karelian Proper,ka,Kristus,2,2,ristus (1); Kristus (1),Kristus (1); Kristuksen (1),Christ (1); Christ's (1)
5,Jesus / Christ,Christ,Riistavesi,Finland/Savo-Karelia,Finnish,su,Kristus,1,1,Kristus (1),Kristus (1),Christ (1)
5,Jesus / Christ,Jesus,Risti,Estonia core/west,North Estonian,viP,Jeesuke,2,1,Jeesukene (2),Jeesukene (2),little Jesus (2)
5,Jesus / Christ,Jesus,Risti,Estonia core/west,North Estonian,viP,Jeesus,2,1,Jeesus (2),Jeesusele (1); Jeesus (1),to Jesus (1); Jesus (1)
5,Jesus / Christ,Christ,Ristiina,Finland/Savo-Karelia,Finnish,su,Kristus,2,1,ristus (1); ristukselle (1),Kristus (1); Kristukselle (1),Christ (1); to Christ (1)
5,Jesus / Christ,Jesus,Ristiina,Finland/Savo-Karelia,Finnish,su,Jeesus,1,1,Iesuks (1),Jeesuksen (1),Jesus's (1)
5,Jesus / Christ,Jesus,Ropsu,Ingria,Finnish,su,Jeesus,3,1,Jiessus (3),Jeesus (2); Jeesuksen (1),Jesus (2); Jesus's (1)
5,Jesus / Christ,Jesus,Rovaniemi,Finland/Savo-Karelia,Finnish,su,Jeesus,5,5,Jeesus (2); Iesus (2); Jesus (1),Jeesus (4); Jesuksen (1),Jesus (4); Jesus's (1)
5,Jesus / Christ,Jesus,Ruskeala,East Karelia/Veps/Tver,Finnish,su,Jeesus,1,1,Jeesus (1),Jeesus (1),Jesus (1)
5,Jesus / Christ,Jesus,Ruskeala,East Karelia/Veps/Tver,Finnish,su,Jesus,1,1,Jesus (1),Jesus (1),Jesus (1)
5,Jesus / Christ,Jesus,Räisälä,Finland/Savo-Karelia,Finnish,su,Jeesus,2,1,Jeesus (2),Jeesus (2),Jesus (2)
5,Jesus / Christ,Jesus,Räpina,South Estonia/Seto,South Estonian,viE,Jeesus,14,2,Jessu (5); Jeesu (4); Jessukene (2); jessu (1); Jesu (1); Jessuken (1),Jeesus (10); Jeesukene (3); Jeesu (1),Jesus (11); little Jesus (3)
5,Jesus / Christ,Jesus,Rääkkylä,Finland/Savo-Karelia,Finnish,su,Jeesus,5,5,Jiesus (3); Jeesus (2),Jeesus (4); Jeesuksen (1),Jesus (4); Jesus's (1)
5,Jesus / Christ,Jesus,Rääkkylä,Finland/Savo-Karelia,Finnish,su,Jesus,2,1,Jesus (2),Jesus (1); Jesukselta (1),Jesus (1); from Jesus (1)
5,Jesus / Christ,Christ,Rääkkylä,Finland/Savo-Karelia,Finnish,su,Kristus,1,1,Kristus (1),Kristuksesta (1),Christ (1)
5,Jesus / Christ,Jesus,Rääpyvä,Ingria,Finnish,su,Jesus,2,2,Jesus (2),Jesus (2),Jesus (2)
5,Jesus / Christ,Jesus,Rääpyvä,Ingria,Finnish,su,Jeesus,1,1,Jeesus (1),Jeesus (1),Jesus (1)
5,Jesus / Christ,Jesus,Rõngu,Estonia core/west,South Estonian,viE,Jeesus,13,10,Jeesus (11); jeesus (2),Jeesus (13),Jesus (13)
5,Jesus / Christ,Christ,Rõngu,Estonia core/west,South Estonian,viE,Kristus,1,1,Kristus (1),Kristus (1),Christ (1)
5,Jesus / Christ,Jesus,Rõuge,South Estonia/Seto,South Estonian,viE,Jeesus,1,1,jeesu (1),Jeesuse (1),Jesus's (1)
5,Jesus / Christ,Jesus,Saarde,Estonia core/west,North Estonian,viP,Jeesus,6,5,Jeesus (6),Jeesus (6),Jesus (6)
5,Jesus / Christ,Christ,Saarde,Estonia core/west,North Estonian,viP,Kristus,4,3,Kristus (4),Kristus (4),Christ (4)
5,Jesus / Christ,Jesus,Saarijärvi,Finland/Savo-Karelia,Finnish,su,Jeesus,1,1,Jeesus (1),Jeesuskin (1),Jesus-too (1)
5,Jesus / Christ,Jesus,Sahalahti,Finland/Savo-Karelia,Finnish,su,Jesus,2,1,Jesus (2),Jesus (1); Jesuksen (1),Jesus (1); Jesus's (1)
5,Jesus / Christ,Jesus,Sahalahti,Finland/Savo-Karelia,Finnish,su,Jeesus,1,1,Jeesus (1),Jeesuksen (1),Jesus's (1)
5,Jesus / Christ,Jesus,Sakkola,Finland/Savo-Karelia,Finnish,su,Jeesus,7,3,Jeesus (6); Jiesus (1),Jeesus (5); Jeesuksen (2),Jesus (5); Jesus's (2)
5,Jesus / Christ,Jesus,Sakkola,Finland/Savo-Karelia,Finnish,su,Jesus,4,3,Jesus (4),Jesus (4),Jesus (4)
5,Jesus / Christ,Jesus,Salmi,East Karelia/Veps/Tver,Livvi-Karelian,ka,Jeesus,32,10,Jeesus (19); Jiesus (6); Jesus (5); Jeezus (1); jeezuksen (1),Jeesus (17); Jeesuksen (6); Jesus (4); Jeesukselle (1); Jeesusta (1); Jiesus (1),Jesus (23); Jesus's (7); to Jesus (2)
5,Jesus / Christ,Christ,Salmi,East Karelia/Veps/Tver,Livvi-Karelian,ka,Kristus,8,8,Kristus (3); Kristos (2); Kristo (1); ristus (1); kristos (1),Kristus (3); Kristos (2); Kristuksen (2); Kristoa (1),Christ (6); Christ's (2)
5,Jesus / Christ,Christ,Salmi,East Karelia/Veps/Tver,Livvi-Karelian,ka,hristos,3,1,hristos (3),Hristos (3),Christ (3)
5,Jesus / Christ,Christ,Salmi,East Karelia/Veps/Tver,Livvi-Karelian,ka,Kristus (loanword),1,1,Kristos (1),Kristos (1),Christ (1)
5,Jesus / Christ,Jesus,Sangaste,Estonia core/west,South Estonian,viE,Jeesus,4,4,jeesus (2); Jeesus (1); Jeessus (1),Jeesus (4),Jesus (4)
5,Jesus / Christ,Christ,Sangaste,Estonia core/west,South Estonian,viE,Kristus,3,3,Kristuse (1); kristus (1); Kristus (1),Kristuse (2); Kristus (1),Christ's (2); Christ (1)
5,Jesus / Christ,Jesus,Sangaste,Estonia core/west,South Estonian,viE,Jeesusesse,1,1,Jeessusse (1),Jeesusesse (1),into Jesus (1)
5,Jesus / Christ,Jesus,Sauvo,Finland/Savo-Karelia,Finnish,su,Jeesus,3,1,Jesus (3),Jesus (3),Jesus (3)
5,Jesus / Christ,Christ,Sauvo,Finland/Savo-Karelia,Finnish,su,Kristus,1,1,Kristus (1),Kristus (1),Christ (1)
5,Jesus / Christ,Jesus,Savitaipale,Finland/Savo-Karelia,Finnish,su,Jeesus,2,1,Jesus (1); Jesux (1),Jesus (1); Jeesukselle (1),Jesus (1); to Jesus (1)
5,Jesus / Christ,Jesus,Savitaipale,Finland/Savo-Karelia,Finnish,su,Jeesuksen,1,1,Jesukset (dial.) (1),Jesuksen (1),Jesus's (1)
5,Jesus / Christ,Jesus,Seiskari,Finland/Savo-Karelia,Finnish,su,Jeesus,1,1,Jeesus (1),Jeesus (1),Jesus (1)
5,Jesus / Christ,Jesus,Serepetta,Ingria,Finnish,su,Jeesus,1,1,Jeesus (1),Jeesus (1),Jesus (1)
5,Jesus / Christ,Jesus,Serepetta,Ingria,Finnish,su,Jesus,1,1,Jesus (1),Jesus (1),Jesus (1)
5,Jesus / Christ,Jesus,Serepetta,Ingria,Finnish,su,Kiesus,1,1,Kiesus (1),Kiesuksen (1),Kiesus's (1)
5,Jesus / Christ,Jesus,Setumaa,South Estonia/Seto,South Estonian,viE,Jeesus,64,15,Jeesus (14); eesus (12); Jeesu (10); jessu (10); eesust (6); jeesu (3),Jeesus (52); Jeesust (7); Jeesukene (3); Jeesuse (1); Jeesu (1),Jesus (63); of Jesus (1)
5,Jesus / Christ,Jesus,Setumaa,South Estonia/Seto,South Estonian,viE,Jesus,1,1,Jesus (1),Jesus (1),Jesus (1)
5,Jesus / Christ,Christ,Siikainen,Finland/Savo-Karelia,Finnish,su,Kristus,1,1,Kristus (1),Kristus (1),Christ (1)
5,Jesus / Christ,Jesus,Simo,Finland/Savo-Karelia,Finnish,su,Jeesus,1,1,Jeesus (1),Jeesus (1),Jesus (1)
5,Jesus / Christ,Jesus,Simuna,Estonia core/west,North Estonian,viP,Jeesus,5,4,Jeesus (2); Eesus (2); jeessu (1),Jeesus (2); Jeesu (1); Jeesusele (1); Jeesuse (1),Jesus (3); to Jesus (1); Jesus's (1)
5,Jesus / Christ,Jesus,Skuoritsa,Ingria,Finnish,su,Jeesus,5,2,Jeesus (5),Jeesus (4); Jeesuksen (1),Jesus (4); Jesus's (1)
5,Jesus / Christ,Jesus,Soanlahti,East Karelia/Veps/Tver,Finnish,su,Jesus,7,4,Jesus (7),Jesus (6); Jesuksen (1),Jesus (6); Jesus's (1)
5,Jesus / Christ,Jesus,Soanlahti,East Karelia/Veps/Tver,Finnish,su,Jeesus,5,4,Jeesus (3); Jiesus (2),Jeesus (3); Jeesukselta (1); Jeesuksen (1),Jesus (3); from Jesus (1); Jesus's (1)
5,Jesus / Christ,Jesus,Soanlahti,East Karelia/Veps/Tver,Finnish,su,Kiesus,1,1,Kiesus (1),Kiesuksen (1),Kiesus's (1)
5,Jesus / Christ,Jesus,Sodankylä,Finland/Savo-Karelia,Finnish,su,Jeesus,9,9,Iesus (4); Jeesus (4); Iesu(s) (1),Jeesus (5); Jeesuksen (3); Jeesusta (1),Jesus (6); Jesus's (3)
5,Jesus / Christ,Jesus,Soikkola,Ingria,Ingrian,in,Jeesus,14,9,Kiesus (7); Jeesus (3); Jesuksein (2); Keesus (1); kiesus (1),Jeesus (10); Jeesuksen (3); Jeesusta (1),Jesus (10); Jesus's (3); of Jesus (1)
5,Jesus / Christ,Christ,Soikkola,Ingria,Ingrian,in,Kristus,5,3,Kristus (4); kiesus (1),Kristuksen (4); kiesuksen (1),Christ's (5)
5,Jesus / Christ,Jesus,Soikkola,Ingria,Ingrian,in,Jesus,5,3,Jesus (4); Jeesus (1),Jesus (4); Jeesus (1),Jesus (5)
5,Jesus / Christ,Jesus,Soikkola,Ingria,Ingrian,in,Kiesus,2,2,Kiesus (2),Kiesuksen (2),of Kiesus (1); Kiesus's (1)
5,Jesus / Christ,Jesus,Soikkola,Ingria,Ingrian,in,Kiesuksen,1,1,kiesuksen (1),Kiesuksen (1),Kiesus' (1)
5,Jesus / Christ,Christ,Somerniemi,Finland/Savo-Karelia,Finnish,su,Kristus,1,1,Kristus (1),Kristuksen (1),Christ's (1)
5,Jesus / Christ,Jesus,Somerniemi,Finland/Savo-Karelia,Finnish,su,Jeesus,1,1,Jeesu (1),Jeesu (1),Jesus (1)
5,Jesus / Christ,Jesus,Somero,Finland/Savo-Karelia,Finnish,su,Jeesus,4,4,Jeesus (2); Jesus (1); Jesu (1),Jeesuksen (2); Jeesusta (1); Jesu (1),Jesus's (2); Jesus (2)
5,Jesus / Christ,Christ,Somero,Finland/Savo-Karelia,Finnish,su,Kristus,2,2,Kristus (2),Kristuksen (2),Christ's (2)
5,Jesus / Christ,Jesus,Somero,Finland/Savo-Karelia,Finnish,su,Jesus,1,1,Jesus (1),Jesuksen (1),Jesus's (1)
5,Jesus / Christ,Jesus,Sonkajärvi,Finland/Savo-Karelia,Finnish,su,Jeesus,2,2,Jeesus (2),Jeesuksen (1); Jeesukselle (1),Jesus's (1); to Jesus (1)
5,Jesus / Christ,Jesus,Sortavala,East Karelia/Veps/Tver,Finnish,su,Jeesus,8,5,Jeesus (4); Jiesus (3); Kiesus (1),Jeesus (5); Jeesukselta (1); Jeesuksen (1); Kiesuksen (1),Jesus (5); Jesus's (2); from Jesus (1)
5,Jesus / Christ,Jesus,Sortavala,East Karelia/Veps/Tver,Finnish,su,(proper noun),1,1,Kiesus (1),Kiesuksen (1),Kiesus's (1)
5,Jesus / Christ,Jesus,Sotkamo,Finland/Savo-Karelia,Finnish,su,Jeesus,4,4,Jeesus (3); Jiesus (1),Jeesuksen (2); Jeesustamme (1); Jeesus (1),Jesus's (2); our Jesus (1); Jesus (1)
5,Jesus / Christ,Christ,Soutjärvi,East Karelia/Veps/Tver,Veps,ve,Kristus,3,2,Kristus (2); Kristos (1),Kristus (2); Kristos (1),Christ (3)
5,Jesus / Christ,Jesus,Spankkova,Ingria,Finnish,su,Jeesus,5,3,Jiessus (3); Jeesus (2),Jeesus (4); Jeesuksen (1),Jesus (4); Jesus's (1)
5,Jesus / Christ,Jesus,Suistamo,East Karelia/Veps/Tver,Livvi-Karelian,ka,Jeesus,162,58,Jeesus (80); Jiesus (32); jiesus (17); Jiesuksen (9); jiesuksen (8); jeesus (3),Jeesus (92); Jeesuksen (53); Jeesukselle (9); Jeesusta (3); Jeesukselta (2); Jeesukseen (1),Jesus (96); Jesus's (43); Jesus' (10); to Jesus (9); from Jesus (2); to-Jesus (1)
5,Jesus / Christ,Jesus,Suistamo,East Karelia/Veps/Tver,Livvi-Karelian,ka,Jesus,9,5,Jesus (6); jesus (2); Jesuksen (1),Jesus (6); Jesuksen (3),Jesus (6); Jesus's (3)
5,Jesus / Christ,Christ,Suistamo,East Karelia/Veps/Tver,Livvi-Karelian,ka,Kristus,7,5,Kristus (3); Risto (1); Kristos (1); Ristus (1); Kristusta (1),Kristus (3); Kristo (1); Kristos (1); Ristus (1); Kristusta (1),Christ (7)
5,Jesus / Christ,Christ,Suistamo,East Karelia/Veps/Tver,Livvi-Karelian,ka,Kristo,1,1,Risto (1),Kristo (1),Christ (1)
5,Jesus / Christ,Christ,Suistamo,East Karelia/Veps/Tver,Livvi-Karelian,ka,Kristus & raati,1,1,kristo & araadi (1),Kristus-raati (1),Christ's jury (1)
5,Jesus / Christ,Christ,Suistamo,East Karelia/Veps/Tver,Livvi-Karelian,ka,Raamattu & Kristus,1,1,Radikrista (1),Raamattu Kristus (1),Lord Christ (1)
5,Jesus / Christ,Christ,Suistamo,East Karelia/Veps/Tver,Livvi-Karelian,ka,kristuksen,1,1,kristuksen (1),kristuksen (1),Christ's (1)
5,Jesus / Christ,Jesus,Suojärvi,East Karelia/Veps/Tver,Finnish,su,Jesus,31,5,Jesus (30); Jesus+ta (1),Jesus (19); Jesusta (9); Jesukselle (2); Jesuksen (1),Jesus (28); to Jesus (2); Jesus's (1)
5,Jesus / Christ,Jesus,Suojärvi,East Karelia/Veps/Tver,Finnish,su,Jeesus,22,8,Jeesus (10); Jiesus (9); jiesus (3),Jeesuksen (10); Jeesus (10); Jeesukselle (2),Jesus (10); Jesus's (6); Jesus' (4); to Jesus (2)
5,Jesus / Christ,Christ,Suojärvi,East Karelia/Veps/Tver,Finnish,su,Kristus,4,2,Kristus (3); Ristus (1),Kristuksen (2); Kristus (1); Ristus (1),Christ (2); Christ's (2)
5,Jesus / Christ,Jesus,Suojärvi,East Karelia/Veps/Tver,Finnish,su,Jeesuksen,2,2,jesuksel (1); Jeesukse (1),jesuksen (1); Jeesuksen (1),Jesus's (2)
5,Jesus / Christ,Jesus,Suojärvi,East Karelia/Veps/Tver,Finnish,su,Jeesukselta,1,1,jesukselda (1),jesukselta (1),Jesus (1)
5,Jesus / Christ,Jesus,Suomussalmi,Finland/Savo-Karelia,Finnish,su,Jeesus,2,2,Jeesus (1); Kiesus (1),Jeesus (2),Jesus (2)
5,Jesus / Christ,Jesus,Suonenjoki,Finland/Savo-Karelia,Finnish,su,Jeesus,6,3,Jeesus (5); Jiessus (1),Jeesu (2); Jeesuksen (2); Jeesus (2),Jesus (4); Jesus's (2)
5,Jesus / Christ,Jesus,Suoniemi,Finland/Savo-Karelia,Finnish,su,Jeesus,2,2,Jeesus (2),Jeesus (2),Jesus (2)
5,Jesus / Christ,Jesus,Suure-Jaani,Estonia core/west,North Estonian,viP,Jeesukene,6,1,Jeesukene (6),Jeesukene (6),dear Jesus (6)
5,Jesus / Christ,Jesus,Suure-Jaani,Estonia core/west,North Estonian,viP,Jeesus,6,4,Jeesus (6),Jeesus (3); Jeesuse (2); Jeesust (1),Jesus (4); Jesus's (2)
5,Jesus / Christ,Jesus,Svärdsjö,Finland/Savo-Karelia,Finnish,su,Kiesus,1,1,Kiesus (1),Kiesus (1),Kiesus (1)
5,Jesus / Christ,Jesus,Sysmä,Finland/Savo-Karelia,Finnish,su,Jesus,4,3,Jesus (4),Jesus (4),Jesus (4)
5,Jesus / Christ,Christ,Sysmä,Finland/Savo-Karelia,Finnish,su,Kristus,1,1,Kristus (1),Kristus (1),Christ (1)
5,Jesus / Christ,Jesus,Sysmä,Finland/Savo-Karelia,Finnish,su,Jeesus,1,1,Jiesus (1),Jeesus (1),Jesus (1)
5,Jesus / Christ,Jesus,Sääksmäki,Finland/Savo-Karelia,Finnish,su,Jeesus,18,11,Jessus (6); Jeesus (4); jessuksen (2); Iessuksen (2); Jeſuxen (1); Jeſukśen (1),Jeesuksen (9); Jeesus (8); Jessus (1),Jesus (9); Jesus's (9)
5,Jesus / Christ,Jesus,Sääksmäki,Finland/Savo-Karelia,Finnish,su,Jesus,6,1,Jesus (6),Jesus (2); Jesuksen (2); Jeesu (2),Jesus (4); Jesus's (2)
5,Jesus / Christ,Christ,Sääksmäki,Finland/Savo-Karelia,Finnish,su,Kristus,1,1,Kristus (1),Kristus (1),Christ (1)
5,Jesus / Christ,Jesus,Sääminki,Finland/Savo-Karelia,Finnish,su,Jeesus,1,1,Kiesus (1),Jeesus (1),Jesus (1)
5,Jesus / Christ,Jesus,Södra Finnskoga,Finland/Savo-Karelia,Finnish,su,Jeesus,4,4,Jeesus (3); Kiesus (1),Jeesus (4),Jesus (4)
5,Jesus / Christ,Jesus,Taipalsaari,Finland/Savo-Karelia,Finnish,su,Jeesus,1,1,kiesus (1),Jeesus (1),Jesus (1)
5,Jesus / Christ,Jesus,Tammela,Finland/Savo-Karelia,Finnish,su,Jeesus,8,7,Jeesus (6); Kiesus (1); Jesus (1),Jeesus (5); Jeesuksen (3),Jesus (5); Jesus's (3)
5,Jesus / Christ,Jesus,Tammela,Finland/Savo-Karelia,Finnish,su,Jesus,5,4,Jesus (5),Jesus (4); Jesuksen (1),Jesus (4); Jesus's (1)
5,Jesus / Christ,Christ,Tammela,Finland/Savo-Karelia,Finnish,su,Kristus,1,1,Ristus (1),Ristuksen (1),Christ's (1)
5,Jesus / Christ,Christ,Tampere,Finland/Savo-Karelia,Finnish,su,Kristus,1,1,Kristus (1),Kristus (1),Christ (1)
5,Jesus / Christ,Christ,Tarvasjoki,Finland/Savo-Karelia,Finnish,su,Kristus,1,1,Kristus (1),Kristus (1),Christ (1)
5,Jesus / Christ,Christ,Tarvastu,Estonia core/west,South Estonian,viE,Kristus,3,3,Kristus (3),Kristuse (2); Kristus (1),Christ's (2); Christ (1)
5,Jesus / Christ,Jesus,Tarvastu,Estonia core/west,South Estonian,viE,Jeesus,3,3,Jeesus (2); Eesus (1),Jeesuse (1); Jeesus (1); Jeesusest (1),Jesus's (1); Jesus (1); from Jesus (1)
5,Jesus / Christ,Jesus,Tarvastu,Estonia core/west,South Estonian,viE,Eesuke,2,1,Eesuke (2),Eesuke (2),little Jesus (2)
5,Jesus / Christ,Jesus,Tarvastu,Estonia core/west,South Estonian,viE,Eesus,1,1,Eesus (1),Eesus (1),Jesus (1)
5,Jesus / Christ,Christ,Teisko,Finland/Savo-Karelia,Finnish,su,Kristus,1,1,Kristi (1),Kriste (1),Christ (1)
5,Jesus / Christ,Jesus,Teisko,Finland/Savo-Karelia,Finnish,su,Jeesus,1,1,Jeessu (1),Jeesus (1),Jesus (1)
5,Jesus / Christ,Jesus,Terijoki,Finland/Savo-Karelia,Finnish,su,Jeesus,1,1,Jeesus (1),Jeesus (1),Jesus (1)
5,Jesus / Christ,Jesus,Tervo,Finland/Savo-Karelia,Finnish,su,Jeesus,1,1,Jeesus (1),Jeesus (1),Jesus (1)
5,Jesus / Christ,Jesus,Tervola,Finland/Savo-Karelia,Finnish,su,Jeesus,1,1,Jeesus (1),Jeesus (1),Jesus (1)
5,Jesus / Christ,Jesus,Tohmajärvi,Finland/Savo-Karelia,Finnish,su,Jeesus,18,12,Jeesus (8); Jiesus (8); jiesus (1); Jeessus (1),Jeesus (8); Jeesuksen (7); Jeesukselta (1); Jeesukselle (1); Jeessus (1),Jesus (9); Jesus's (7); from Jesus (1); to Jesus (1)
5,Jesus / Christ,Jesus,Tohmajärvi,Finland/Savo-Karelia,Finnish,su,Jesus,5,2,Jesus (4); jesus (1),Jesus (4); Jesuksen (1),Jesus (4); Jesus's (1)
5,Jesus / Christ,Jesus,Toksova,Ingria,Finnish,su,Jeesus,1,1,Jeesus (1),Jeesus (1),Jesus (1)
5,Jesus / Christ,Jesus,Toksova,Ingria,Finnish,su,Jesus,1,1,Jesus (1),Jesus (1),Jesus (1)
5,Jesus / Christ,Jesus,Tori,Estonia core/west,North Estonian,viP,Jeesus,16,7,Jeesus (13); jeesus (2); Jeesuse (1),Jeesus (9); Jeesu (4); Jeesuse (3),Jesus (15); Jesus's (1)
5,Jesus / Christ,Christ,Tori,Estonia core/west,North Estonian,viP,Kristus,1,1,Kristus (1),Kristus (1),Christ (1)
5,Jesus / Christ,Jesus,Tottijärvi,Finland/Savo-Karelia,Finnish,su,Jeesus,1,1,Jeesus (1),Jeesusta (1),Jesus (1)
5,Jesus / Christ,Jesus,Tulemajärvi,East Karelia/Veps/Tver,Livvi-Karelian,ka,Jeesus,4,4,Jiesus (2); Jiezus (1); Iessus (1),Jeesus (4),Jesus (4)
5,Jesus / Christ,Christ,Tulemajärvi,East Karelia/Veps/Tver,Livvi-Karelian,ka,Kristus,3,3,Krista (1); Kristos (1); Kristo (1),Kristan (1); Kristus (1); Kristoa (1),Christ (2); Christ's (1)
5,Jesus / Christ,Jesus,Tulemajärvi,East Karelia/Veps/Tver,Livvi-Karelian,ka,Jesus,1,1,Jesus (1),Jesus (1),Jesus (1)
5,Jesus / Christ,Jesus,Tuulos,Finland/Savo-Karelia,Finnish,su,Jeesus,3,2,Jeesus (3),Jeesus (2); Jeesuksen (1),Jesus (2); Jesus's (1)
5,Jesus / Christ,Jesus,Tuupovaara,Finland/Savo-Karelia,Finnish,su,Jesus,1,1,Jesus (1),Jesus (1),Jesus (1)
5,Jesus / Christ,Jesus,Tuutari,Ingria,Finnish,su,Jesus,3,2,Jesus (3),Jesuksen (2); Jesus (1),Jesus's (2); Jesus (1)
5,Jesus / Christ,Jesus,Tuutari,Ingria,Finnish,su,Jeesus,1,1,Jeesus (1),Jeesus (1),Jesus (1)
5,Jesus / Christ,Jesus,Tyrvää,Finland/Savo-Karelia,Finnish,su,Jeesus,4,2,Jeesus (4),Jeesus (3); Jeesukseni (1),Jesus (3); my Jesus (1)
5,Jesus / Christ,Jesus,Tyrö,Ingria,Finnish,su,Jeesus,12,7,Jeesus (11); Kiesus (1),Jeesus (10); Kiesus (1); Jeesuksen (1),Jesus (11); Jesus's (1)
5,Jesus / Christ,Jesus,Tyrö,Ingria,Finnish,su,Jesus,1,1,Jesus (1),Jesus (1),Jesus (1)
5,Jesus / Christ,Jesus,Tytärsaari,Finland/Savo-Karelia,Finnish,su,Jeesus,1,1,Jeesus (1),Jeesus (1),Jesus (1)
5,Jesus / Christ,Jesus,Tõstamaa,Estonia core/west,North Estonian,viP,Jeesus,1,1,Jeesus (1),Jeesus (1),Jesus (1)
5,Jesus / Christ,Jesus,Töysä,Finland/Savo-Karelia,Finnish,su,Jeesus,2,2,Jeesus (2),Jeesus (1); Jeesuksen (1),Jesus (1); Jesus's (1)
5,Jesus / Christ,Christ,Türi,Estonia core/west,North Estonian,viP,Kristus,2,2,Kristus (2),Kristus (2),Christ (2)
5,Jesus / Christ,Jesus,Türi,Estonia core/west,North Estonian,viP,Jeesus,2,2,Jeesus (2),Jeesus (2),Jesus (2)
5,Jesus / Christ,Jesus,Türi,Estonia core/west,North Estonian,viP,Jeesusikene,1,1,Jeesusikene (1),Jeesusikene (1),Dear Jesus (1)
5,Jesus / Christ,Jesus,Uhtua,East Karelia/Veps/Tver,Karelian Proper,ka,Jeesus,3,3,Jiesus (2); jeesus (1),Jeesus (2); Jeesuksen (1),Jesus (2); of Jesus (1)
5,Jesus / Christ,Christ,Uhtua,East Karelia/Veps/Tver,Karelian Proper,ka,Kristus,1,1,Krista+a (1),Kristusta (1),Christ (1)
5,Jesus / Christ,Jesus,Urjala,Finland/Savo-Karelia,Finnish,su,Jeesus,1,1,Jesus (1),Jesus (1),Jesus (1)
5,Jesus / Christ,Jesus,Urvaste,South Estonia/Seto,South Estonian,viE,Jeesus,29,7,Jeesus (19); jeesus (6); jeesuken (2); jeesuse (1); jeesu (1),Jeesus (24); Jeesusele (2); Jeesukene (2); Jeesuse (1),Jesus (24); to Jesus (2); little Jesus (2); Jesus' (1)
5,Jesus / Christ,Christ,Urvaste,South Estonia/Seto,South Estonian,viE,Kristus,3,3,Kristus (2); krist (1),Kristus (3),Christ (3)
5,Jesus / Christ,Jesus,Urvaste,South Estonia/Seto,South Estonian,viE,Jeesuse,1,1,jeesu (1),Jeesuse (1),Jesus' (1)
5,Jesus / Christ,Jesus,Uskela,Finland/Savo-Karelia,Finnish,su,Jeesus,1,1,Jeesus (1),Jeesus (1),Jesus (1)
5,Jesus / Christ,Jesus,Uukuniemi,East Karelia/Veps/Tver,Finnish,su,Jesus,5,2,Jesus (5),Jesus (4); Jesuksen (1),Jesus (4); Jesus's (1)
5,Jesus / Christ,Jesus,Uukuniemi,East Karelia/Veps/Tver,Finnish,su,Jeesus,3,2,Kiesus (1); Jesus (1); Jiesus (1),Kiesus (1); Jesuksen (1); Jeesuksen (1),Jesus's (2); Jesus (1)
5,Jesus / Christ,Jesus,Uusikaarlepyy,Finland/Savo-Karelia,Outside selected Finnic areas,ru,Jeesus,1,1,Jeessus (1),Jeesuksen (1),Jesus's (1)
5,Jesus / Christ,Christ,Uusikaupunki,Finland/Savo-Karelia,Finnish,su,Kristus,1,1,Cristus (1),Kristus (1),Christ (1)
5,Jesus / Christ,Christ,Uusikaupunki,Finland/Savo-Karelia,Finnish,su,kristittyjen maa,1,1,kristinmaa (1),kristinmaa (1),Christ's land (1)
5,Jesus / Christ,Jesus,Valjala,Estonia core/west,North Estonian,viP,Jeesus,1,1,Jeesus (1),Jeesus (1),Jesus (1)
5,Jesus / Christ,Jesus,Valkjärvi,Finland/Savo-Karelia,Finnish,su,Jeesus,3,2,Jeesus (3),Jeesus (2); Jeesukseni (1),Jesus (2); my Jesus (1)
5,Jesus / Christ,Jesus,Valtimo,Finland/Savo-Karelia,Finnish,su,Jeesus,2,2,Jeesus (1); Jiesus (1),Jeesus (1); Jeesuksen (1),Jesus (1); Jesus's (1)
5,Jesus / Christ,Christ,Vanaja,Finland/Savo-Karelia,Finnish,su,Kristus,1,1,Kriste (1),Kriste (1),Christ (1)
5,Jesus / Christ,Jesus,Vanaja,Finland/Savo-Karelia,Finnish,su,Jeesus,1,1,Jeesu (1),Jeesu (1),Jesus (1)
5,Jesus / Christ,Jesus,Varpaisjärvi,Finland/Savo-Karelia,Finnish,su,Jeesus,7,6,Jeesus (7),Jeesuksen (4); Jeesus (3),Jesus's (4); Jesus (3)
5,Jesus / Christ,Jesus,Vastseliina,South Estonia/Seto,South Estonian,viE,Jeesus,46,13,Jeesus (27); jeesu (6); jeesus (6); Jeesusõ (3); jeesuken (2); jeessu (1),Jeesus (36); Jeesuse (6); Jeesusele (2); Jeesukene (2),Jesus (36); Jesus's (5); to Jesus (2); little Jesus (2); Jesus' (1)
5,Jesus / Christ,Christ,Vastseliina,South Estonia/Seto,South Estonian,viE,Kristus,2,2,Kristus (1); krist (1),Kristus (2),Christ (2)
5,Jesus / Christ,Jesus,Vastseliina,South Estonia/Seto,South Estonian,viE,Jeesuse,1,1,jeesu (1),Jeesuse (1),Jesus' (1)
5,Jesus / Christ,Jesus,Vehmaa,Finland/Savo-Karelia,Finnish,su,Jeesus,1,1,Jeesus (1),Jeesus (1),Jesus (1)
5,Jesus / Christ,Jesus,Venjoki,Ingria,Finnish,su,Jeesus,5,2,Jesus (4); Jeesus (1),Jeesuksen (2); Jeesus (2); Jeesu (1),Jesus (3); Jesus's (2)
5,Jesus / Christ,Jesus,Vesilahti,Finland/Savo-Karelia,Finnish,su,Jeesus,2,1,Jeesus (2),Jeesus (2),Jesus (2)
5,Jesus / Christ,Jesus,Vigala,Estonia core/west,North Estonian,viP,Jeesus,4,4,Jeesus (3); jeesus (1),Jeesus (2); Jeesuke (1); “Jeesus (1),Jesus (3); little Jesus (1)
5,Jesus / Christ,Christ,Vigala,Estonia core/west,North Estonian,viP,Kristus,3,3,Kõrstus (1); kristus (1); Kristus (1),Kristus (2); Kristuse (1),Christ (2); Christ's (1)
5,Jesus / Christ,Jesus,Vihanti,Finland/Savo-Karelia,Finnish,su,Jeesus,1,1,Iesus (1),Jeesus (1),Jesus (1)
5,Jesus / Christ,Jesus,Viipuri,Finland/Savo-Karelia,Finnish,su,Jeesus,1,1,Jesus (1),Jesus (1),Jesus (1)
5,Jesus / Christ,Jesus,Viljakkala,Finland/Savo-Karelia,Finnish,su,Jeesus,2,1,Jeesus (2),Jeesus (2),Jesus (2)
5,Jesus / Christ,Jesus,Viljandi,Estonia core/west,North Estonian,viP,Jeesus,12,4,Jeesus (10); Jeesul (1); Jeesukene (1),Jeesus (9); Jeesusel (1); Jeesukene (1); Jeesusele (1),Jesus (9); to Jesus (2); little Jesus (1)
5,Jesus / Christ,Jesus,Virrat,Finland/Savo-Karelia,Finnish,su,Jeesus,2,2,Jeesus (2),Jeesuksen (1); Jeesus (1),Jesus's (1); Jesus (1)
5,Jesus / Christ,Jesus,Virtasalmi,Finland/Savo-Karelia,Finnish,su,Jeesus,2,2,Jiesus (1); Jeessus (1),Jeesuksen (2),Jesus's (2)
5,Jesus / Christ,Jesus,Viru-Nigula,Estonia core/west,North Estonian,viP,Jeesus,2,1,Jeesus (2),Jeesus (2),Jesus (2)
5,Jesus / Christ,Christ,Vitele,East Karelia/Veps/Tver,Livvi-Karelian,ka,Kristus,1,1,Krista + an (1),Kristaan (1),Christ's (1)
5,Jesus / Christ,Jesus,Vittanki,Finland/Savo-Karelia,Tornedalen Finnish,su,Jeesus,2,2,Jiesus (1); Iesus (1),Jeesuksen (1); Jeesus (1),Jesus' (1); Jesus (1)
5,Jesus / Christ,Jesus,Vuokkiniemi,East Karelia/Veps/Tver,Karelian Proper,ka,Jeesus,13,9,Jeesus+en (4); Jeesus (3); Kiesus (3); Jiesus (2); Jeessun (1),Jeesuksen (9); Jiesus (1); Jeesus (1); kiesuksen (1); Kiesuksen (1),Jesus's (9); Jesus (2); Kiesus's (2)
5,Jesus / Christ,Jesus,Vuokkiniemi,East Karelia/Veps/Tver,Karelian Proper,ka,Jeesus & vija,1,1,Jeesus & vija (1),Jeesuksenvijat (1),Jesus' ways (1)
5,Jesus / Christ,Jesus,Vuole,Ingria,Finnish,su,Jeesus,16,10,Jeesus (12); iesus (2); jeesu (1); Jeessu (1),Jeesus (12); Jeesuksen (2); Jeesu (2),Jesus (14); Jesus's (2)
5,Jesus / Christ,Jesus,Vuole,Ingria,Finnish,su,Jesus,5,4,Jesus (5),Jesus (5),Jesus (5)
5,Jesus / Christ,Christ,Vuole,Ingria,Finnish,su,Kristus,2,2,Ristus (1); ristus (1),Ristuksen (1); Kristus (1),Christ's (1); Christ (1)
5,Jesus / Christ,Jesus,Vuole,Ingria,Finnish,su,Jeesu,1,1,Jesu (1),Jesu (1),Jesus (1)
5,Jesus / Christ,Christ,Vähäkyrö,Finland/Savo-Karelia,Finnish,su,Kristus,3,1,christux (2); christ (1),Kristuksen (2); Kristus (1),Christ's (2); Christ (1)
5,Jesus / Christ,Jesus,Vähäkyrö,Finland/Savo-Karelia,Finnish,su,Jeesus,2,1,jesux (2),Jeesuksen (2),Jesus's (2)
5,Jesus / Christ,Jesus,Väike-Maarja,Estonia core/west,North Estonian,viP,Jeesus,6,5,Jeesus (5); Jeesukene (1),Jeesus (2); jessuke (2); Jesukene (1); jesukene (1),little Jesus (4); Jesus (2)
5,Jesus / Christ,Jesus,Väike-Maarja,Estonia core/west,North Estonian,viP,Jeesukene,1,1,jesukene (1),jesukene (1),little Jesus (1)
5,Jesus / Christ,Jesus,Vändra,Estonia core/west,North Estonian,viP,Jeesus,1,1,Jeesus (1),Jeesus (1),Jesus (1)
5,Jesus / Christ,Christ,Ylihärmä,Finland/Savo-Karelia,Finnish,su,Kristus,1,1,Kristus (1),Kristus (1),Christ (1)
5,Jesus / Christ,Jesus,Yläne,Finland/Savo-Karelia,Finnish,su,Jeesus,2,2,Jeesus (1); Kiesus (1),Jeesuksesta (1); Jeesus (1),from Jesus (1); Jesus (1)
5,Jesus / Christ,Christ,Yläne,Finland/Savo-Karelia,Finnish,su,Kristus,1,1,Kristus (1),Kristus (1),Christ (1)
5,Jesus / Christ,Jesus,Östmark,Finland/Savo-Karelia,Finnish,su,Jeesus,8,8,Jeesus (5); Jessuksën (1); Jeesus-en (1); Kiesus (1),Jeesus (6); Jeesuksen (2),Jesus (6); of Jesus (1); Jesus's (1)
5,Jesus / Christ,Christ,Östmark,Finland/Savo-Karelia,Finnish,su,Kristus,2,2,Kristus (2),Kristus (2),Christ (2)
6,Anna / Anne / Ann / Anni,Anna,Alahärmä,Finland/Savo-Karelia,Finnish,su,Anna,1,1,Anna (1),Anna (1),Anna (1)
6,Anna / Anne / Ann / Anni,Anni/Annie,Alatornio,Finland/Savo-Karelia,Finnish,su,Anni,3,2,Anni (3),Anni (3),Annie (2); Anni (1)
6,Anna / Anne / Ann / Anni,Ann,Alatornio,Finland/Savo-Karelia,Finnish,su,Anni,1,1,Anni (1),Anni (1),Ann (1)
6,Anna / Anne / Ann / Anni,Anni/Annie,Alatornio,Finland/Savo-Karelia,Finnish,su,Annikka (hypocoristic),1,1,Anikka (nom.) (1),Anikka (1),Annie (diminutive) (1)
6,Anna / Anne / Ann / Anni,Anne,Ambla,Estonia core/west,North Estonian,viP,Anne,11,10,Anne (11),Anne (10); Annel (1),Anne (8); Anne's (2); at Anne (1)
6,Anna / Anne / Ann / Anni,Ann,Ambla,Estonia core/west,North Estonian,viP,Ann,6,6,Ann (6),Ann (6),Ann (6)
6,Anna / Anne / Ann / Anni,Anna,Ambla,Estonia core/west,North Estonian,viP,Anne,2,1,Anne (2),Anne (2),Anna (2)
6,Anna / Anne / Ann / Anni,Anni/Annie,Ambla,Estonia core/west,North Estonian,viP,annivakk,2,1,annivakk (2),annivakad (2),Anni's sacks (2)
6,Anna / Anne / Ann / Anni,Ann,Ambla,Estonia core/west,North Estonian,viP,Anna,1,1,Anna (1),Ann (1),Ann (1)
6,Anna / Anne / Ann / Anni,Ann,Ambla,Estonia core/west,North Estonian,viP,anne,1,1,anne (1),annekene (1),little Ann (1)
6,Anna / Anne / Ann / Anni,Anna,Ambla,Estonia core/west,North Estonian,viP,andma,1,1,andma (1),andma (1),anna (1)
6,Anna / Anne / Ann / Anni,Anna,Anseküla,Estonia core/west,North Estonian,viP,Anna,1,1,anne (1),Anna (1),Anna (1)
6,Anna / Anne / Ann / Anni,Anna,Asikkala,Finland/Savo-Karelia,Finnish,su,Anna,1,1,Anna (1),Annin (1),Anna's (1)
6,Anna / Anne / Ann / Anni,Ann,Audru,Estonia core/west,North Estonian,viP,Anna,16,1,Ann (16),Ann (11); Annele (3); Anne (1); Annel (1),Ann (11); to Ann (3); Ann's (1); Ann has (1)
6,Anna / Anne / Ann / Anni,Ann,Audru,Estonia core/west,North Estonian,viP,Ann,7,1,Ann (7),Ann (5); Anne (2),Ann (5); Ann's (2)
6,Anna / Anne / Ann / Anni,Ann,Audru,Estonia core/west,North Estonian,viP,Annekene,3,1,Annekene (3),Annekene (3),little Ann (3)
6,Anna / Anne / Ann / Anni,Anne,Audru,Estonia core/west,North Estonian,viP,Anne,3,2,Anne (3),Anne (1); Annel (1); Annet (1),Anne (2); to Anne (1)
6,Anna / Anne / Ann / Anni,Anna,Audru,Estonia core/west,North Estonian,viP,anne,1,1,anneke (1),Anneke (1),Little Anna (1)
6,Anna / Anne / Ann / Anni,Ann,Emmaste,Estonia core/west,North Estonian,viP,Ann,1,1,Ann (1),Ann (1),Ann (1)
6,Anna / Anne / Ann / Anni,Ann,Evijärvi,Finland/Savo-Karelia,Finnish,su,Anna,1,1,Anna (1),Annin (1),Ann's (1)
6,Anna / Anne / Ann / Anni,Anni/Annie,Forssa,Finland/Savo-Karelia,Finnish,su,Anni,1,1,Anni (1),Anikka (1),Annie (1)
6,Anna / Anne / Ann / Anni,Anna,Halikko,Finland/Savo-Karelia,Finnish,su,Anna,1,1,Anna (1),Annas (1),Anna's (1)
6,Anna / Anne / Ann / Anni,Anni/Annie,Halikko,Finland/Savo-Karelia,Finnish,su,Anni,1,1,anni (1),Anni (1),Anni (1)
6,Anna / Anne / Ann / Anni,Anne,Haljala,Estonia core/west,North Estonian,viP,Anne,24,17,Anne (22); Annekene (1); algu (1),Anne (19); Annele (3); Annekene (1); Annedelle (1),Anne (15); to Anne (4); Anne's (4); little Anne (1)
6,Anna / Anne / Ann / Anni,Ann,Haljala,Estonia core/west,North Estonian,viP,Ann,8,7,Ann (7); Anu (1),Ann (6); Annel (1); Anukene (1),Ann (6); at Ann's (1); little Ann (1)
6,Anna / Anne / Ann / Anni,Anne,Haljala,Estonia core/west,North Estonian,viP,Anna,3,3,Anna (2); Anne (1),Annel (1); Anna (1); Anne (1),at Anne's (1); Anne's (1); Anne (1)
6,Anna / Anne / Ann / Anni,Anne,Haljala,Estonia core/west,North Estonian,viP,Annekene,2,1,Annekene (2),Annekene (2),little Anne (2)
6,Anna / Anne / Ann / Anni,Ann,Haljala,Estonia core/west,North Estonian,viP,Anna,1,1,Anna (1),Annel (1),on Ann (1)
6,Anna / Anne / Ann / Anni,Ann,Haljala,Estonia core/west,North Estonian,viP,Anne,1,1,Anne (1),Anne (1),Ann (1)
6,Anna / Anne / Ann / Anni,Anna,Haljala,Estonia core/west,North Estonian,viP,Anna,1,1,Anna (1),Annal (1),at-Anna (1)
6,Anna / Anne / Ann / Anni,Anne,Haljala,Estonia core/west,North Estonian,viP,Ann,1,1,Ann (1),Anne (1),Anne (1)
6,Anna / Anne / Ann / Anni,Anne,Haljala,Estonia core/west,North Estonian,viP,Anneke,1,1,annekene (1),Anneke (1),little-Anne (1)
6,Anna / Anne / Ann / Anni,Anne,Haljala,Estonia core/west,North Estonian,viP,Annukene,1,1,Annekene (1),Annukene (1),little Anne (1)
6,Anna / Anne / Ann / Anni,Anne,Haljala,Estonia core/west,North Estonian,viP,anne,1,1,Anne (1),Anne (1),Anne (1)
6,Anna / Anne / Ann / Anni,Anne,Haljala,Estonia core/west,North Estonian,viP,anneke,1,1,annekene (1),Annekene (1),little Anne (1)
6,Anna / Anne / Ann / Anni,Anni/Annie,Haljala,Estonia core/west,North Estonian,viP,Anne,1,1,Anne (1),Anned (1),Anni (1)
6,Anna / Anne / Ann / Anni,Anni/Annie,Haljala,Estonia core/west,North Estonian,viP,Änni,1,1,Änni (1),Änni (1),Annie (name?) (1)
6,Anna / Anne / Ann / Anni,Anu,Haljala,Estonia core/west,North Estonian,viP,Anu,1,1,Anu (1),Anu (1),Anu (1)
6,Anna / Anne / Ann / Anni,Anne,Halliste,Estonia core/west,South Estonian,viE,Anne,20,12,Anne (20),Anne (19); Annele (1),Anne (19); to-Anne (1)
6,Anna / Anne / Ann / Anni,Ann,Halliste,Estonia core/west,South Estonian,viE,Ann,2,1,Ann (2),Ann (2),Ann (2)
6,Anna / Anne / Ann / Anni,Ann,Halliste,Estonia core/west,South Estonian,viE,anne,1,1,ann (1),Ann (1),Ann (1)
6,Anna / Anne / Ann / Anni,Anna,Halliste,Estonia core/west,South Estonian,viE,anneke,1,1,anneke(n)e (1),Annekene (1),Little Anna (1)
6,Anna / Anne / Ann / Anni,Ann,Hanila,Estonia core/west,North Estonian,viP,Ann,1,1,Ann (1),Ann (1),Ann (1)
6,Anna / Anne / Ann / Anni,Anne,Hargla,South Estonia/Seto,South Estonian,viE,Anne,4,2,Anne (2); ane (2),Anne (4),Anne (4)
6,Anna / Anne / Ann / Anni,Anna,Hargla,South Estonia/Seto,South Estonian,viE,Anna,2,2,Anna (1); annõ (1),Anna (1); Annat (1),Anna (2)
6,Anna / Anne / Ann / Anni,Anna,Hargla,South Estonia/Seto,South Estonian,viE,Annukene,1,1,Annõkõnõ (1),Annukene (1),little Anna (1)
6,Anna / Anne / Ann / Anni,Anna,Harju-Jaani,Estonia core/west,North Estonian,viP,Anna,13,3,annelt (6); Anna-t (3); Anna (2); anna+kene (2),Annelt (6); Annat (3); Anna (2); Annake (2),from Anna (6); Anna (5); little Anna (2)
6,Anna / Anne / Ann / Anni,Ann,Harju-Jaani,Estonia core/west,North Estonian,viP,Anna,3,1,Ann (3),Ann (3),Ann (3)
6,Anna / Anne / Ann / Anni,Anne,Harju-Jaani,Estonia core/west,North Estonian,viP,Anne,3,3,Anne (3),Anne (3),Anne (2); Anne's (1)
6,Anna / Anne / Ann / Anni,Ann,Harju-Jaani,Estonia core/west,North Estonian,viP,Ann,2,2,Ann (2),Ann (1); annit (1),Ann (2)
6,Anna / Anne / Ann / Anni,Anna,Harju-Jaani,Estonia core/west,North Estonian,viP,Anne,1,1,Anne (1),Anne (1),Anna (1)
6,Anna / Anne / Ann / Anni,Anna,Harju-Jaani,Estonia core/west,North Estonian,viP,Anneke,1,1,Annekene (1),Annekest (1),little Anna (1)
6,Anna / Anne / Ann / Anni,Anna,Harju-Jaani,Estonia core/west,North Estonian,viP,andma/Anna,1,1,andma/Anna (1),Anna (1),Anna (1)
6,Anna / Anne / Ann / Anni,Anne,Harju-Jaani,Estonia core/west,North Estonian,viP,Anna,1,1,Anna (1),Anne (1),Anne's (1)
6,Anna / Anne / Ann / Anni,Anu,Harju-Jaani,Estonia core/west,North Estonian,viP,Anu,1,1,anult (1),Anult (1),from Anu (1)
6,Anna / Anne / Ann / Anni,Anna,Hattula,Finland/Savo-Karelia,Finnish,su,Anna,3,3,Anna (3),Annan (2); Anna (1),Anna's (2); Anna (1)
6,Anna / Anne / Ann / Anni,Anni/Annie,Hattula,Finland/Savo-Karelia,Finnish,su,Anni,2,2,Anni (2),Annin (1); Anni (1),Anni's (1); Anni (1)
6,Anna / Anne / Ann / Anni,Anni/Annie,Hattula,Finland/Savo-Karelia,Finnish,su,Annikki,1,1,anike (1),Anike (1),Annie (1)
6,Anna / Anne / Ann / Anni,Anna,Hausjärvi,Finland/Savo-Karelia,Outside selected Finnic areas,ru,Laati-Anna,1,1,Laati-Anna (1),Laaten-Anna (1),Laati's Anna (1)
6,Anna / Anne / Ann / Anni,Anni/Annie,Heinjoki,Finland/Savo-Karelia,Finnish,su,Anni,3,3,Anni (3),Annin (3),Anni's (2); Anni (1)
6,Anna / Anne / Ann / Anni,Anna,Heinävesi,Finland/Savo-Karelia,Finnish,su,Anna,4,4,Anna (4),Anna (4),Anna (4)
6,Anna / Anne / Ann / Anni,Anni/Annie,Heinävesi,Finland/Savo-Karelia,Finnish,su,Anni,4,4,Anni (4),Anni (4),Anni (4)
6,Anna / Anne / Ann / Anni,Anne,Helme,Estonia core/west,South Estonian,viE,Anne,27,15,Anne (24); annekene (2); Annekene (1),Anne (21); Annukene (2); Annel (2); Anneke (1); Annekene (1),Anne (21); little Anne (4); at Anne (1); at Anne's (1)
6,Anna / Anne / Ann / Anni,Anna,Helme,Estonia core/west,South Estonian,viE,Anna,4,2,Anna (2); anne (2),Anna (2); Anne (2),Anna (3); Anna's (1)
6,Anna / Anne / Ann / Anni,Ann,Helme,Estonia core/west,South Estonian,viE,Ann,2,2,Ann (2),Ann (2),Ann (2)
6,Anna / Anne / Ann / Anni,Ann,Helme,Estonia core/west,South Estonian,viE,Anna,2,2,Anna (1); ann (1),Annike (1); Ann (1),Ann (2)
6,Anna / Anne / Ann / Anni,Ann,Helme,Estonia core/west,South Estonian,viE,Annike,2,1,Annekene (2),Annike (1); Annikest (1),little Ann (2)
6,Anna / Anne / Ann / Anni,Ann,Helme,Estonia core/west,South Estonian,viE,annukene,1,1,annekesta (1),annukest (1),little Ann (1)
6,Anna / Anne / Ann / Anni,Anne,Helme,Estonia core/west,South Estonian,viE,anne,1,1,annekene (1),annekene (1),little Anne (1)
6,Anna / Anne / Ann / Anni,Anne,Helme,Estonia core/west,South Estonian,viE,annekene,1,1,annekene (1),annekene (1),little Anne (1)
6,Anna / Anne / Ann / Anni,Anni/Annie,Helme,Estonia core/west,South Estonian,viE,Anne,1,1,Annekene (1),Annekesta (1),little Annie (1)
6,Anna / Anne / Ann / Anni,Anni/Annie,Helme,Estonia core/west,South Estonian,viE,anne,1,1,anneke (1),Anneke (1),Annie (1)
6,Anna / Anne / Ann / Anni,Anni/Annie,Helsinki,Finland/Savo-Karelia,Finnish,su,Anna,1,1,Annu (1),Annun (1),Anna/Anni (diminutive) (1)
6,Anna / Anne / Ann / Anni,Anni/Annie,Hietamäki,Ingria,Finnish,su,Anni,5,3,Anni (5),Anni (4); Annin (1),Anni (4); Anni's (1)
6,Anna / Anne / Ann / Anni,Anni/Annie,Hollola,Finland/Savo-Karelia,Finnish,su,Anni,2,2,Anni (2),Anni (2),Anni (2)
6,Anna / Anne / Ann / Anni,Anni/Annie,Hämeenlinna,Finland/Savo-Karelia,Finnish,su,Anni,6,6,Anni (4); anike (1); anikka (1),Anni (3); Anike (1); Annin (1); anike (1),Anni (3); Annie (diminutive) (1); Anni/Ann's (1); Annie (1)
6,Anna / Anne / Ann / Anni,Anni/Annie,Hämeenlinna,Finland/Savo-Karelia,Finnish,su,Anna,1,1,Anni (1),Annin (1),Anni's (1)
6,Anna / Anne / Ann / Anni,Anni/Annie,Hämeenlinna,Finland/Savo-Karelia,Finnish,su,hanhi (goose?),1,1,hanike (1),hanike (1),Annie (diminutive) (1)
6,Anna / Anne / Ann / Anni,Anne,Häädemeeste,Estonia core/west,North Estonian,viP,Anne,7,5,Anne (7),Anne (6); Annele (1),Anne (6); Annele (1)
6,Anna / Anne / Ann / Anni,Anne,Häädemeeste,Estonia core/west,North Estonian,viP,Annuke,2,1,Annekene (2),Annukese (2),Little Anne (2)
6,Anna / Anne / Ann / Anni,Ann,Häädemeeste,Estonia core/west,North Estonian,viP,Ann,1,1,Ann (1),Ann (1),Ann (1)
6,Anna / Anne / Ann / Anni,Anna,Häädemeeste,Estonia core/west,North Estonian,viP,Ann,1,1,Annekene (1),Annekene (1),little Anna (1)
6,Anna / Anne / Ann / Anni,Anne,Häädemeeste,Estonia core/west,North Estonian,viP,anneteke,1,1,annekene (1),Annekene (1),Little-Anne (1)
6,Anna / Anne / Ann / Anni,Anne,Iisaku,Estonia core/west,North Estonian,viP,Anne,4,4,Anne (3); Annekene (1),Anne (2); Annele (1); Annekene (1),Anne (2); to Anne (1); little-Anne (1)
6,Anna / Anne / Ann / Anni,Anni/Annie,Iitti,Finland/Savo-Karelia,Finnish,su,Anni,2,2,Anni (1); anni (1),Anni (2),Annie (1); Anni (1)
6,Anna / Anne / Ann / Anni,Anni/Annie,Ilomantsi,Finland/Savo-Karelia,Finnish,su,Anni,11,6,Anni (11),Anni (10); Annin (1),Anni (10); Anni's (1)
6,Anna / Anne / Ann / Anni,Anna,Ilomantsi,Finland/Savo-Karelia,Finnish,su,Anna,3,2,Anna (3),Annille (2); Annastani (1),to Anna (2); from my Anna (1)
6,Anna / Anne / Ann / Anni,Ann,Ilomantsi,Finland/Savo-Karelia,Finnish,su,Anna,2,1,Anna (2),Annin (2),Ann's (2)
6,Anna / Anne / Ann / Anni,Ann,Ilomantsi,Finland/Savo-Karelia,Finnish,su,Anni,1,1,Anni (1),Anni (1),Ann (1)
6,Anna / Anne / Ann / Anni,Ann,Ilomantsi,Finland/Savo-Karelia,Finnish,su,Annin,1,1,Anna+n (1),Annin (1),of Ann (1)
6,Anna / Anne / Ann / Anni,Ann,Impilahti,East Karelia/Veps/Tver,Livvi-Karelian,ka,Anni,1,1,Anni (1),Annin (1),Ann's (1)
6,Anna / Anne / Ann / Anni,Anni/Annie,Impilahti,East Karelia/Veps/Tver,Livvi-Karelian,ka,Anni,1,1,Anni (1),Anni (1),Anni (1)
6,Anna / Anne / Ann / Anni,Anu,Impilahti,East Karelia/Veps/Tver,Livvi-Karelian,ka,Anu,1,1,Anu (1),Anuksehen (1),into Anu (1)
6,Anna / Anne / Ann / Anni,Anni/Annie,Isokyrö,Finland/Savo-Karelia,Finnish,su,Ännä (proper noun),1,1,Ännä (1),Ännä (1),Annie (1)
6,Anna / Anne / Ann / Anni,Ann,Janakkala,Finland/Savo-Karelia,Finnish,su,anni,1,1,anni(n) (1),annin (1),Ann's (1)
6,Anna / Anne / Ann / Anni,Anna,Janakkala,Finland/Savo-Karelia,Finnish,su,Anna,1,1,anna (1),Annin (1),Anna's (1)
6,Anna / Anne / Ann / Anni,Anni/Annie,Joensuu,Finland/Savo-Karelia,Finnish,su,Anni,1,1,Anni (1),Anni (1),Anni (1)
6,Anna / Anne / Ann / Anni,Anna,Joroinen,Finland/Savo-Karelia,Finnish,su,Anna,1,1,Anna (1),Anna (1),Anna (1)
6,Anna / Anne / Ann / Anni,Anna,Joroinen,Finland/Savo-Karelia,Finnish,su,antaa,1,1,antaa (1),antaa (1),anna (1)
6,Anna / Anne / Ann / Anni,Ann,Juuru,Estonia core/west,North Estonian,viP,Ann,2,2,Ann (2),Anne (1); Annel (1),Ann's (1); Ann (1)
6,Anna / Anne / Ann / Anni,Anna,Juuru,Estonia core/west,North Estonian,viP,Anna,1,1,Anna (1),Anna (1),Anna (1)
6,Anna / Anne / Ann / Anni,Anna,Juva,Finland/Savo-Karelia,Finnish,su,Anna,2,2,Anna (2),Anna (1); Annaksi (1),Anna (2)
6,Anna / Anne / Ann / Anni,Anna,Jällivaara,Finland/Savo-Karelia,Tornedalen Finnish,su,Anna,1,1,Anna (1),Anna (1),Anna (1)
6,Anna / Anne / Ann / Anni,Anne,Jämaja,Estonia core/west,North Estonian,viP,Anne,3,1,Anne (3),Anne (3),Anne (3)
6,Anna / Anne / Ann / Anni,Anu,Järva-Jaani,Estonia core/west,North Estonian,viP,Anu,4,1,Anu (4),Anu (4),Anu (4)
6,Anna / Anne / Ann / Anni,Ann,Järva-Jaani,Estonia core/west,North Estonian,viP,Ann,2,1,Ann (2),Ann (2),Ann (2)
6,Anna / Anne / Ann / Anni,Anne,Järva-Jaani,Estonia core/west,North Estonian,viP,Anne,2,2,anne (1); Anne (1),Anne (2),Anne (2)
6,Anna / Anne / Ann / Anni,Anne,Järva-Madise,Estonia core/west,North Estonian,viP,Anne,3,3,Anne (3),Anne (3),Anne (3)
6,Anna / Anne / Ann / Anni,Anne,Järva-Madise,Estonia core/west,North Estonian,viP,annekene,2,2,annekene (2),annekene (2),little Anne (2)
6,Anna / Anne / Ann / Anni,Ann,Jõelähtme,Estonia core/west,North Estonian,viP,Ann,3,2,Ann (3),Ann (3),Ann (3)
6,Anna / Anne / Ann / Anni,Anna,Jõelähtme,Estonia core/west,North Estonian,viP,Anna,3,1,Anna (3),Anna (3),Anna (3)
6,Anna / Anne / Ann / Anni,Anne,Jõelähtme,Estonia core/west,North Estonian,viP,Anne,2,2,Anne (2),Anne (2),Anne (1); Anne's (1)
6,Anna / Anne / Ann / Anni,Ann,Jõelähtme,Estonia core/west,North Estonian,viP,Annukene,1,1,Annekene (1),Annekene (1),Ann (1)
6,Anna / Anne / Ann / Anni,Ann,Jõelähtme,Estonia core/west,North Estonian,viP,anne,1,1,anne (1),annekene (1),little Ann (1)
6,Anna / Anne / Ann / Anni,Ann,Jõhvi,Estonia core/west,North Estonian,viP,Ann,9,4,Ann (9),Ann (9),Ann (9)
6,Anna / Anne / Ann / Anni,Ann,Jõhvi,Estonia core/west,North Estonian,viP,Anna,3,2,Anna (3),Annel (2); Annal (1),Ann's (2); at Ann (1)
6,Anna / Anne / Ann / Anni,Anne,Jõhvi,Estonia core/west,North Estonian,viP,Anne,3,2,Anne (3),Anne (2); Annele (1),Anne (2); to Anne (1)
6,Anna / Anne / Ann / Anni,Ann,Jõhvi,Estonia core/west,North Estonian,viP,Anne,1,1,Anne (1),Anne (1),Ann (1)
6,Anna / Anne / Ann / Anni,Ann,Jõhvi,Estonia core/west,North Estonian,viP,Anneke,1,1,Annekene (1),Annekene (1),little Ann (1)
6,Anna / Anne / Ann / Anni,Anna,Jõhvi,Estonia core/west,North Estonian,viP,vellianna,1,1,vellianna (1),vellianna (1),brother's Anna (1)
6,Anna / Anne / Ann / Anni,Anne,Jõhvi,Estonia core/west,North Estonian,viP,Anna,1,1,Anne (1),Anne (1),Anne's (1)
6,Anna / Anne / Ann / Anni,Anne,Jüri,Estonia core/west,North Estonian,viP,Anne,4,3,Anne (4),Anne (4),Anne (4)
6,Anna / Anne / Ann / Anni,Ann,Jüri,Estonia core/west,North Estonian,viP,Ann,1,1,Ann (1),Annile (1),to Ann (1)
6,Anna / Anne / Ann / Anni,Anne,Jüri,Estonia core/west,North Estonian,viP,anne,1,1,anne (1),annekene (1),little Anne (1)
6,Anna / Anne / Ann / Anni,Ann,Kaarma,Estonia core/west,North Estonian,viP,Ann,3,2,Ann (3),Ann (3),Ann (3)
6,Anna / Anne / Ann / Anni,Anne,Kaarma,Estonia core/west,North Estonian,viP,Anne,1,1,Anne (1),Anne (1),Anne (1)
6,Anna / Anne / Ann / Anni,Anna,Kaavi,Finland/Savo-Karelia,Finnish,su,Anna,1,1,Anna (1),Anna (1),Anna (1)
6,Anna / Anne / Ann / Anni,Anne,Kadrina,Estonia core/west,North Estonian,viP,Anne,27,15,Anne (25); Annekene (2),Anne (23); Annekene (2); Annele (1); Ann (1),Anne (25); to Anne (1); Anne's (1)
6,Anna / Anne / Ann / Anni,Ann,Kadrina,Estonia core/west,North Estonian,viP,Ann,19,8,Ann (12); anne (6); Annel (1),Anne (9); Ann (8); Annel (2),Ann (14); Ann's (4); at Ann's (1)
6,Anna / Anne / Ann / Anni,Anna,Kadrina,Estonia core/west,North Estonian,viP,Anna,3,3,Anna (3),Anna (2); Annel (1),Anna (2); Anna's (1)
6,Anna / Anne / Ann / Anni,Ann,Kadrina,Estonia core/west,North Estonian,viP,Anne,1,1,Anne (1),Annikest (1),little Ann (1)
6,Anna / Anne / Ann / Anni,Anna,Kadrina,Estonia core/west,North Estonian,viP,Annakene,1,1,Annakene (1),Annakene (1),dear Anna (1)
6,Anna / Anne / Ann / Anni,Anne,Kadrina,Estonia core/west,North Estonian,viP,Anna,1,1,Anna (1),Anna (1),Anne's (1)
6,Anna / Anne / Ann / Anni,Anne,Kadrina,Estonia core/west,North Estonian,viP,anne,1,1,annekene (1),annekene (1),little Anne (1)
6,Anna / Anne / Ann / Anni,Anni/Annie,Kadrina,Estonia core/west,North Estonian,viP,Anni,1,1,Anni (1),Anni (1),Anni (1)
6,Anna / Anne / Ann / Anni,Anna,Kalajoki,Finland/Savo-Karelia,Finnish,su,Anna,1,1,Anna (1),Anna (1),Anna (1)
6,Anna / Anne / Ann / Anni,Anne,Kambja,Estonia core/west,South Estonian,viE,Anne,2,2,Anne (2),Anne (2),Anne (2)
6,Anna / Anne / Ann / Anni,Anna,Kambja,Estonia core/west,South Estonian,viE,Anne,1,1,Anneke (1),Anneke (1),little Anna (1)
6,Anna / Anne / Ann / Anni,Anne,Kanepi,South Estonia/Seto,South Estonian,viE,Anne,5,4,Anne (3); Annekene (2),Anne (2); Annekest (1); Annel (1); Annekene (1),Anne (2); Anne (dim.) (1); at Anne (1); little Anne (1)
6,Anna / Anne / Ann / Anni,Anna,Kanepi,South Estonia/Seto,South Estonian,viE,Anna,1,1,Annõ (1),Annale (1),to Anna (1)
6,Anna / Anne / Ann / Anni,Anna,Kanepi,South Estonia/Seto,South Estonian,viE,Annakene,1,1,annekene (1),Annakene (1),little Anna (1)
6,Anna / Anne / Ann / Anni,Anna,Kanepi,South Estonia/Seto,South Estonian,viE,Anneke,1,1,Annekene (1),Annekene (1),Little Anna (1)
6,Anna / Anne / Ann / Anni,Anne,Kanepi,South Estonia/Seto,South Estonian,viE,Anna,1,1,Anne (1),Anne (1),Anne's (1)
6,Anna / Anne / Ann / Anni,Anne,Kanepi,South Estonia/Seto,South Estonian,viE,anneke,1,1,anneke(n)e (1),Annekene (1),Little Anne (1)
6,Anna / Anne / Ann / Anni,Anna,Kangaslampi,Finland/Savo-Karelia,Finnish,su,Anna,2,2,Anna (2),Anna (2),Anna (2)
6,Anna / Anne / Ann / Anni,Anna,Kangasniemi,Finland/Savo-Karelia,Finnish,su,Anna,1,1,Anna (1),Anna (1),Anna (1)
6,Anna / Anne / Ann / Anni,Anni/Annie,Kaprio,Ingria,Finnish,su,Anni,7,3,Anni (6); Annoi (1),Anni (6); Annoi (1),Anni (7)
6,Anna / Anne / Ann / Anni,Ann,Kaprio,Ingria,Finnish,su,Anni,3,2,Anni (3),Annin (3),Ann's (3)
6,Anna / Anne / Ann / Anni,Ann,Karja,Estonia core/west,North Estonian,viP,Ann,6,1,Ann (6),Ann (6),Ann (6)
6,Anna / Anne / Ann / Anni,Anne,Karja,Estonia core/west,North Estonian,viP,Anne,4,2,Anne (4),Anne (4),Anne (4)
6,Anna / Anne / Ann / Anni,Anne,Karksi,Estonia core/west,South Estonian,viE,Anne,36,21,Anne (33); anne (3),Anne (36),Anne (34); Anne's (1); of Anne (1)
6,Anna / Anne / Ann / Anni,Anna,Karksi,Estonia core/west,South Estonian,viE,Anna,3,1,Anna (3),Ann (2); Anna (1),Anna (3)
6,Anna / Anne / Ann / Anni,Anna,Karksi,Estonia core/west,South Estonian,viE,Anne,2,2,Anne (1); anne (1),Anne (2),Anna (2)
6,Anna / Anne / Ann / Anni,Anna,Karksi,Estonia core/west,South Estonian,viE,anneke,2,1,anneke (2),anneke (2),little Anna (2)
6,Anna / Anne / Ann / Anni,Anna,Karksi,Estonia core/west,South Estonian,viE,anne,1,1,anneke (1),Anneke (1),Little Anna (1)
6,Anna / Anne / Ann / Anni,Anne,Karksi,Estonia core/west,South Estonian,viE,Annekene,1,1,Annekeine (1),Annekene (1),little Anne (1)
6,Anna / Anne / Ann / Anni,Anni/Annie,Karstula,Finland/Savo-Karelia,Finnish,su,Anikka,1,1,Anikka (1),Anikka (1),Annie (1)
6,Anna / Anne / Ann / Anni,Anni/Annie,Karstula,Finland/Savo-Karelia,Finnish,su,antaa/Anni,1,1,antaa (dialect?) / Annin (1),Annin (1),Anni's/gave (1)
6,Anna / Anne / Ann / Anni,Anna,Karttula,Finland/Savo-Karelia,Finnish,su,Anna,1,1,Anna (1),Anna (1),Anna (1)
6,Anna / Anne / Ann / Anni,Anne,Karula,South Estonia/Seto,South Estonian,viE,Anne,2,1,annekõni (1); anne (1),Annekene (1); Anne (1),little Anne (1); Anne (1)
6,Anna / Anne / Ann / Anni,Ann,Karula,South Estonia/Seto,South Estonian,viE,Ann,1,1,Ann (1),Ann (1),Ann (1)
6,Anna / Anne / Ann / Anni,Anne,Karula,South Estonia/Seto,South Estonian,viE,anneken,1,1,annekõni (1),Annekõni (1),Anne (1)
6,Anna / Anne / Ann / Anni,Anni/Annie,Karuna,Finland/Savo-Karelia,Finnish,su,Anni,1,1,Anni (1),Anni (1),Anni (1)
6,Anna / Anne / Ann / Anni,Anni/Annie,Karunki,Finland/Savo-Karelia,Finnish,su,Anni,3,2,Anni (3),Anni (3),Anni (3)
6,Anna / Anne / Ann / Anni,Ann,Karuse,Estonia core/west,North Estonian,viP,Ann,7,3,Ann (7),Ann (7),Ann (7)
6,Anna / Anne / Ann / Anni,Anne,Karuse,Estonia core/west,North Estonian,viP,Anne,5,3,Anne (5),Anne (4); Annele (1),Anne (4); to Anne (1)
6,Anna / Anne / Ann / Anni,Anna,Karuse,Estonia core/west,North Estonian,viP,Anna,2,1,Anna (2),Annakene (1); Annale (1),Anna (1); to-Anna (1)
6,Anna / Anne / Ann / Anni,Ann,Karuse,Estonia core/west,North Estonian,viP,Anna,1,1,Ann (1),Ann (1),Ann (1)
6,Anna / Anne / Ann / Anni,Anu,Kattila,Ingria,Votic,su,Anu,2,1,Anu (2),Anu (2),Anu (2)
6,Anna / Anne / Ann / Anni,Anu,Kattila,Ingria,Votic,su,anoa,1,1,anoa (1),anonut (1),Anu's (1)
6,Anna / Anne / Ann / Anni,Anu,Kattila,Ingria,Votic,su,anu,1,1,anu (1),anutta (1),of anu (1)
6,Anna / Anne / Ann / Anni,Anni/Annie,Kauhajoki,Finland/Savo-Karelia,Finnish,su,Anni,2,2,anni (1); Anni (1),Anni (2),Anni (2)
6,Anna / Anne / Ann / Anni,Anna,Kaustinen,Finland/Savo-Karelia,Finnish,su,Anna,1,1,Anna (1),Anna (1),Anna (1)
6,Anna / Anne / Ann / Anni,Anni/Annie,Kauvatsa,Finland/Savo-Karelia,Finnish,su,Anni,1,1,Anni (1),Anni (1),Anni (1)
6,Anna / Anne / Ann / Anni,Ann,Keila,Estonia core/west,North Estonian,viP,Anna/and,1,1,ann (1),Ann/and (1),Ann/grace (1)
6,Anna / Anne / Ann / Anni,Ann,Keila,Estonia core/west,North Estonian,viP,Annuke,1,1,Annekene (1),Annekene (1),little Ann (1)
6,Anna / Anne / Ann / Anni,Anna,Kemijärvi,Finland/Savo-Karelia,Finnish,su,Annastiina,1,1,Annastiina (1),Annastiinan (1),Anna's (1)
6,Anna / Anne / Ann / Anni,Anna,Kerimäki,Finland/Savo-Karelia,Finnish,su,Anna,3,2,Anna (2); anna (1),Anna (3),Anna (3)
6,Anna / Anne / Ann / Anni,Anna,Kestilä,Finland/Savo-Karelia,Finnish,su,Anna,1,1,Anna (1),Anna (1),Anna (1)
6,Anna / Anne / Ann / Anni,Ann,Kiestinki,East Karelia/Veps/Tver,Karelian Proper,ka,Annan,2,1,Anna+n (2),Annin (2),Ann's (2)
6,Anna / Anne / Ann / Anni,Anni/Annie,Kiestinki,East Karelia/Veps/Tver,Karelian Proper,ka,Anni,2,1,anni (1); annisesta (1),Anni (1); Annista (1),Anni (1); from Anni (1)
6,Anna / Anne / Ann / Anni,Anni/Annie,Kihniö,Finland/Savo-Karelia,Finnish,su,Anni,1,1,Annin (1),Annin (1),Anni's (1)
6,Anna / Anne / Ann / Anni,Ann,Kihnu,Estonia core/west,North Estonian,viP,anne & kene,1,1,anne & kene (1),annekene (1),little Ann (1)
6,Anna / Anne / Ann / Anni,Anna,Kiihtelysvaara,Finland/Savo-Karelia,Finnish,su,Anna,1,1,Anna (1),Anna (1),Anna (1)
6,Anna / Anne / Ann / Anni,Anna,Kiihtelysvaara,Finland/Savo-Karelia,Finnish,su,Anna-Riitta,1,1,Anna-Riitta (1),Anna-Riitta (1),Anna-Riitta (1)
6,Anna / Anne / Ann / Anni,Anni/Annie,Kirvu,Finland/Savo-Karelia,Finnish,su,Anni,1,1,Anni (1),Anni (1),Anni (1)
6,Anna / Anne / Ann / Anni,Anna,Kitee,Finland/Savo-Karelia,Finnish,su,Anna,1,1,Anna (1),Anna (1),Anna (1)
6,Anna / Anne / Ann / Anni,Anni/Annie,Kittilä,Finland/Savo-Karelia,Finnish,su,Anna,1,1,anni (1),Anni (1),Annie (1)
6,Anna / Anne / Ann / Anni,Anna,Kiuruvesi,Finland/Savo-Karelia,Finnish,su,Anna,1,1,Anna (1),Anna (1),Anna (1)
6,Anna / Anne / Ann / Anni,Anni/Annie,Kivennapa,Finland/Savo-Karelia,Finnish,su,Anni,4,4,Anni (4),Anni (3); Annilla (1),Anni (3); Anni's (1)
6,Anna / Anne / Ann / Anni,Anna,Kivennapa,Finland/Savo-Karelia,Finnish,su,Anna,1,1,Anna (1),Annani (1),my Anna (1)
6,Anna / Anne / Ann / Anni,Anni/Annie,Kivijärvi,Finland/Savo-Karelia,Finnish,su,kyyräanni,1,1,kyyräanni (1),kyyräanni (1),Hunchback-Anni (1)
6,Anna / Anne / Ann / Anni,Anne,Kodavere,Estonia core/west,North Estonian,viP,Anne,6,4,Anne (6),Anne (6),Anne (6)
6,Anna / Anne / Ann / Anni,Ann,Kodavere,Estonia core/west,North Estonian,viP,Ann,1,1,Ann (1),Ann (1),Ann (1)
6,Anna / Anne / Ann / Anni,Anni/Annie,Kodavere,Estonia core/west,North Estonian,viP,anne,1,1,anneke (1),Anneke (1),Annie (1)
6,Anna / Anne / Ann / Anni,Anne,Koeru,Estonia core/west,North Estonian,viP,Anne,16,4,Anne (15); Annekene (1),Anne (12); Annekese (2); Annekest (1); Annel (1),Anne (12); little Anne (3); Anne has (1)
6,Anna / Anne / Ann / Anni,Ann,Koeru,Estonia core/west,North Estonian,viP,Ann,8,3,Ann (8),Ann (7); Anne (1),Ann (7); Ann's (1)
6,Anna / Anne / Ann / Anni,Anne,Koeru,Estonia core/west,North Estonian,viP,Anna,1,1,Anna (1),Annele (1),to Anne (1)
6,Anna / Anne / Ann / Anni,Anne,Koeru,Estonia core/west,North Estonian,viP,Annekene,1,1,Annekene (1),Annekene (1),little Anne (1)
6,Anna / Anne / Ann / Anni,Anni/Annie,Koivisto,Finland/Savo-Karelia,Finnish,su,Anni,10,5,Anni (10),Anni (8); Annin (2),Anni (8); Anni's (2)
6,Anna / Anne / Ann / Anni,Ann,Koivisto,Finland/Savo-Karelia,Finnish,su,Anna,1,1,Annin (1),Annin (1),Ann's (1)
6,Anna / Anne / Ann / Anni,Ann,Koivisto,Finland/Savo-Karelia,Finnish,su,Anni,1,1,Anni (1),Anni (1),Ann (1)
6,Anna / Anne / Ann / Anni,Anna,Kokemäki,Finland/Savo-Karelia,Finnish,su,Anna/hänen,2,1,annu (dialect genitive) (1); annu (1),Annun (2),Anna's/His (2)
6,Anna / Anne / Ann / Anni,Anni/Annie,Kokkola,Finland/Savo-Karelia,Outside selected Finnic areas,ru,Anni,1,1,Anni (1),Anni (1),Anni (1)
6,Anna / Anne / Ann / Anni,Anne,Kolga-Jaani,Estonia core/west,North Estonian,viP,Anne,26,12,Anne (26),Anne (22); Annelegi (1); Annekene (1); Annekesa (1); Anneke (1),Anne (22); little Anne (3); to Anne (emphatic) (1)
6,Anna / Anne / Ann / Anni,Ann,Kolga-Jaani,Estonia core/west,North Estonian,viP,Ann,11,7,Ann (11),Ann (11),Ann (11)
6,Anna / Anne / Ann / Anni,Ann,Kolga-Jaani,Estonia core/west,North Estonian,viP,Anne,2,1,Anne (2),Anne (2),Ann (2)
6,Anna / Anne / Ann / Anni,Anne,Kolga-Jaani,Estonia core/west,North Estonian,viP,anneke,2,1,anneke (2),annekene (1); annekes (1),little Anne (2)
6,Anna / Anne / Ann / Anni,Ann,Kolga-Jaani,Estonia core/west,North Estonian,viP,anne,1,1,anne (1),Annel (1),at Ann (1)
6,Anna / Anne / Ann / Anni,Anne,Kolga-Jaani,Estonia core/west,North Estonian,viP,Anna,1,1,Anna (1),Annale+gi (1),to Anne (1)
6,Anna / Anne / Ann / Anni,Anne,Kolga-Jaani,Estonia core/west,North Estonian,viP,Anne+kene,1,1,Anne+kese (1),Annekese (1),Anne (dim.) (1)
6,Anna / Anne / Ann / Anni,Anu,Kolga-Jaani,Estonia core/west,North Estonian,viP,Anu,1,1,Anu (1),Anu (1),Anu (1)
6,Anna / Anne / Ann / Anni,Anni/Annie,Kontiolahti,Finland/Savo-Karelia,Finnish,su,Anni,5,4,Anni (4); Anni-ani (1),Annin (1); Anniani (1); Annilleni (1); Anni (1); Annilta (1),Anni's (1); my Anni (1); to my Anni (1); Anni (1); from Anni (1)
6,Anna / Anne / Ann / Anni,Anni/Annie,Kontiolahti,Finland/Savo-Karelia,Finnish,su,Anna,1,1,Anni (1),Anni (1),Anni (1)
6,Anna / Anne / Ann / Anni,Ann,Kontokki,East Karelia/Veps/Tver,Karelian Proper,ka,Anni,11,3,Anni (11),Anni (11),Ann (11)
6,Anna / Anne / Ann / Anni,Anni/Annie,Kontokki,East Karelia/Veps/Tver,Karelian Proper,ka,Anni,9,4,Anni (9),Anni (9),Anni (9)
6,Anna / Anne / Ann / Anni,Anni/Annie,Koprina,Ingria,Finnish,su,Anni,13,3,Anni (13),Anni (10); Annin (3),Anni (10); Anni's (3)
6,Anna / Anne / Ann / Anni,Anni/Annie,Korpilahti,Finland/Savo-Karelia,Finnish,su,Anni,1,1,Anni (1),Annille (1),to Anni (1)
6,Anna / Anne / Ann / Anni,Anni/Annie,Korpiselkä,East Karelia/Veps/Tver,Karelian Proper,ka,Anni,7,5,Anni (7),Anni (6); Annin (1),Anni (6); Anni's (1)
6,Anna / Anne / Ann / Anni,Ann,Korpiselkä,East Karelia/Veps/Tver,Karelian Proper,ka,Ann,1,1,Annille (1),Annille (1),to Ann (1)
6,Anna / Anne / Ann / Anni,Anne,Kose,Estonia core/west,North Estonian,viP,Anne,12,8,Anne (9); Annekene (1); annel (1); anne (1),Anne (9); Annele (1); Annekene (1); Annile (1),Anne (9); to Anne (2); little Anne (1)
6,Anna / Anne / Ann / Anni,Ann,Kose,Estonia core/west,North Estonian,viP,Ann,8,5,Ann (8),Ann (7); Annel (1),Ann (8)
6,Anna / Anne / Ann / Anni,Anna,Kose,Estonia core/west,North Estonian,viP,Anna,4,1,Anna (3); Annakene (1),Anna (2); Annat (2),Anna (2); Anna (acc.) (1); little Anna (1)
6,Anna / Anne / Ann / Anni,Anna,Kose,Estonia core/west,North Estonian,viP,Anna/andma,1,1,Anna/andma (1),Anna (1),Anna (1)
6,Anna / Anne / Ann / Anni,Anne,Kose,Estonia core/west,North Estonian,viP,anne,1,1,anne (1),anne (1),Anne (1)
6,Anna / Anne / Ann / Anni,Anni/Annie,Kose,Estonia core/west,North Estonian,viP,Annike,1,1,Anneke (1),Anneke (1),Annie (1)
6,Anna / Anne / Ann / Anni,Anni/Annie,Koskenpää,Finland/Savo-Karelia,Finnish,su,Anni,1,1,Anni (1),Anni (1),Anni (1)
6,Anna / Anne / Ann / Anni,Anni/Annie,Kuhmo,Finland/Savo-Karelia,Finnish,su,Anni,2,1,Anni (2),Anniin (1); Annista (1),to Anni (1); from Anni (1)
6,Anna / Anne / Ann / Anni,Ann,Kullamaa,Estonia core/west,North Estonian,viP,Ann,1,1,Ann (1),Ann (1),Ann (1)
6,Anna / Anne / Ann / Anni,Anni/Annie,Kuolemajärvi,Finland/Savo-Karelia,Finnish,su,Anni,3,1,Anni (3),Annin (1); Annilta (1); Anni (1),Anni's (1); from Anni (1); Anni (1)
6,Anna / Anne / Ann / Anni,Anni/Annie,Kuopio,Finland/Savo-Karelia,Finnish,su,Anni,3,3,Anni (3),Anni (2); Annin (1),Anni (3)
6,Anna / Anne / Ann / Anni,Anni/Annie,Kuopio,Finland/Savo-Karelia,Finnish,su,antaa/Anni,1,1,antaa (dialectal stem) / Anni (1),Annin (1),Anni/Given (1)
6,Anna / Anne / Ann / Anni,Anni/Annie,Kupanitsa,Ingria,Finnish,su,Anni,4,1,Anni (4),Anni (3); Annin (1),Anni (3); Anni's (1)
6,Anna / Anne / Ann / Anni,Anna,Kurikka,Finland/Savo-Karelia,Finnish,su,Anna,1,1,Anna (1),Anna (1),Anna (1)
6,Anna / Anne / Ann / Anni,Anna,Kurkijoki,Finland/Savo-Karelia,Finnish,su,Anni,1,1,Anni (1),Annin (1),Anna's (1)
6,Anna / Anne / Ann / Anni,Anne,Kursi,Estonia core/west,North Estonian,viP,Anne,4,3,Anne (4),Annekene (2); Anne (1); Annega (1),little Anne (2); Anne (1); with Anne (1)
6,Anna / Anne / Ann / Anni,Ann,Kursi,Estonia core/west,North Estonian,viP,Ann,1,1,Ann (1),Ann (1),Ann (1)
6,Anna / Anne / Ann / Anni,Anna,Kursi,Estonia core/west,North Estonian,viP,Anna,1,1,Anna (1),Anna (1),Anna (1)
6,Anna / Anne / Ann / Anni,Anne,Kuusalu,Estonia core/west,North Estonian,viP,Anne,12,10,Anne (12),Anne (12),Anne (12)
6,Anna / Anne / Ann / Anni,Ann,Kuusalu,Estonia core/west,North Estonian,viP,Ann,3,2,Ann (3),Ann (3),Ann (3)
6,Anna / Anne / Ann / Anni,Anni/Annie,Kuusalu,Estonia core/west,North Estonian,viP,Anni,3,1,Anni (3),Anni (3),Anni (3)
6,Anna / Anne / Ann / Anni,Anna,Kuusalu,Estonia core/west,North Estonian,viP,Anna,2,1,Anna (2),Anna (2),Anna (2)
6,Anna / Anne / Ann / Anni,Anne,Kuusalu,Estonia core/west,North Estonian,viP,Anna,2,1,Anna (2),Annele (1); Anne (1),to Anne (1); Anne (1)
6,Anna / Anne / Ann / Anni,Anne,Kuusalu,Estonia core/west,North Estonian,viP,Anne_sidu,1,1,Anne_sidu (1),Anne sidu (1),Anne's ribbons (1)
6,Anna / Anne / Ann / Anni,Anni/Annie,Kuusamo,Finland/Savo-Karelia,Finnish,su,Anni,9,1,Anni (9),Anni (5); annia (1); Annipa (1); Annin (1); Annille (1),Anni (6); Anni indeed (1); Anni's (1); to Anni (1)
6,Anna / Anne / Ann / Anni,Anni/Annie,Kuusamo,Finland/Savo-Karelia,Finnish,su,Anninen,1,1,Anninen (1),Anninen (1),little Anni (1)
6,Anna / Anne / Ann / Anni,Anni/Annie,Kuusjoki,Finland/Savo-Karelia,Finnish,su,Anni,3,3,Anni (3),Anni (3),Anni (3)
6,Anna / Anne / Ann / Anni,Ann,Käina,Estonia core/west,North Estonian,viP,Ann,10,2,Ann (10),Ann (10),Ann (10)
6,Anna / Anne / Ann / Anni,Anna,Käina,Estonia core/west,North Estonian,viP,Anna,1,1,Anna (1),Anna (1),Anna (1)
6,Anna / Anne / Ann / Anni,Ann,Kärla,Estonia core/west,North Estonian,viP,Ann,3,3,Ann (3),Ann (3),Ann (3)
6,Anna / Anne / Ann / Anni,Anne,Kõpu,Estonia core/west,North Estonian,viP,Anne,7,4,Anne (5); anne (2),Anne (7),Anne (7)
6,Anna / Anne / Ann / Anni,Ann,Kõpu,Estonia core/west,North Estonian,viP,Ann,1,1,Ann (1),Ann (1),Ann (1)
6,Anna / Anne / Ann / Anni,Anna,Lahti,Finland/Savo-Karelia,Finnish,su,Anna,1,1,Anna (1),Annun (1),Anna's (1)
6,Anna / Anne / Ann / Anni,Anne,Laiuse,Estonia core/west,North Estonian,viP,Anne,11,9,Anne (11),Anne (4); Annekene (2); Annele (2); Annel (2); Annega (1),Anne (4); little Anne (2); to Anne (2); on Anne (2); with Anne (1)
6,Anna / Anne / Ann / Anni,Ann,Laiuse,Estonia core/west,North Estonian,viP,Ann,2,2,Ann (2),Ann (2),Ann (2)
6,Anna / Anne / Ann / Anni,Ann,Laiuse,Estonia core/west,North Estonian,viP,Anna,2,1,Anna (2),Annile (1); Anne (1),to Ann (1); Ann's (1)
6,Anna / Anne / Ann / Anni,Ann,Laiuse,Estonia core/west,North Estonian,viP,Annike,1,1,Annekene (1),Annekene (1),little Ann (1)
6,Anna / Anne / Ann / Anni,Anna,Laiuse,Estonia core/west,North Estonian,viP,Anna,1,1,Anna (1),Anna (1),Anna (1)
6,Anna / Anne / Ann / Anni,Anne,Laiuse,Estonia core/west,North Estonian,viP,anne,1,1,anneke (1),annekesk (1),little Anne (part.) (1)
6,Anna / Anne / Ann / Anni,Anni/Annie,Lappee,Finland/Savo-Karelia,Finnish,su,Annille,1,1,Anni-lle (1),Annille (1),to Anni (1)
6,Anna / Anne / Ann / Anni,Anni/Annie,Lavansaari,Finland/Savo-Karelia,Finnish,su,Anni,3,2,Anni (3),Anni (2); Annista (1),Anni (3)
6,Anna / Anne / Ann / Anni,Ann,Lavansaari,Finland/Savo-Karelia,Finnish,su,Anni,2,2,Anni (2),Annin (1); Anni (1),Ann's (1); Ann (1)
6,Anna / Anne / Ann / Anni,Anna,Lavansaari,Finland/Savo-Karelia,Finnish,su,Anna,1,1,Anna (1),Annista (1),from Anna (1)
6,Anna / Anne / Ann / Anni,Anni/Annie,Lempaala,Finland/Savo-Karelia,Finnish,su,Anni,5,3,Anni (5),Anni (4); Annilta (1),Anni (4); from Anni (1)
6,Anna / Anne / Ann / Anni,Ann,Lempaala,Finland/Savo-Karelia,Finnish,su,Anna,2,1,Anna (2),Annin (2),Ann's (2)
6,Anna / Anne / Ann / Anni,Ann,Lempaala,Finland/Savo-Karelia,Finnish,su,Anni,1,1,Anni (1),Anni (1),Ann (1)
6,Anna / Anne / Ann / Anni,Anna,Lempaala,Finland/Savo-Karelia,Finnish,su,antaa,1,1,antaa (1),antaa (1),anna (1)
6,Anna / Anne / Ann / Anni,Anni/Annie,Lempaala,Finland/Savo-Karelia,Finnish,su,Annille,1,1,Annille (1),Annille (1),to Anni (1)
6,Anna / Anne / Ann / Anni,Anni/Annie,Leppävirta,Finland/Savo-Karelia,Finnish,su,Anni-kin,2,2,Anni-kin (2),Annikin (2),Anni (1); Anni (also) (1)
6,Anna / Anne / Ann / Anni,Anne,Lihula,Estonia core/west,North Estonian,viP,Anne,3,3,Anne (2); annekene (1),Annekene (3),little Anne (2); Anne (1)
6,Anna / Anne / Ann / Anni,Anni/Annie,Liissilä,Ingria,Finnish,su,Anni,4,2,Anni (3); anni (1),Anni (3); Annin (1),Anni (3); Anni's (1)
6,Anna / Anne / Ann / Anni,Anni/Annie,Liperi,Finland/Savo-Karelia,Finnish,su,Anni,2,1,Anni (2),Anni (1); Annilla (1),Anni (1); at Anni's (1)
6,Anna / Anne / Ann / Anni,Ann,Liperi,Finland/Savo-Karelia,Finnish,su,Anni,1,1,Anni (1),Anni (1),Ann (1)
6,Anna / Anne / Ann / Anni,Anna,Liperi,Finland/Savo-Karelia,Finnish,su,Anna,1,1,Anna (1),Anna (1),Anna (1)
6,Anna / Anne / Ann / Anni,Anna,Loppi,Finland/Savo-Karelia,Finnish,su,Anna,1,1,Anna (1),Anna (1),Anna (1)
6,Anna / Anne / Ann / Anni,Anni/Annie,Loppi,Finland/Savo-Karelia,Finnish,su,Anni,1,1,Anni (1),Anni (1),Anni (1)
6,Anna / Anne / Ann / Anni,Anni/Annie,Luopioinen,Finland/Savo-Karelia,Finnish,su,Anni,1,1,Anni (1),Anni (1),Anni (1)
6,Anna / Anne / Ann / Anni,Anni/Annie,Luumäki,Finland/Savo-Karelia,Finnish,su,hane,1,1,aane (1),Aane/Hanne (1),Annie (1)
6,Anna / Anne / Ann / Anni,Anu,Lääne-Nigula,Estonia core/west,North Estonian,viP,Anu,1,1,Anu (1),Anu (1),Anu (1)
6,Anna / Anne / Ann / Anni,Anne,Lüganuse,Estonia core/west,North Estonian,viP,Anne,2,1,anne (2),Anne (2),Anne (2)
6,Anna / Anne / Ann / Anni,Ann,Lüganuse,Estonia core/west,North Estonian,viP,Anni,1,1,Anni (1),Anni (1),Ann (1)
6,Anna / Anne / Ann / Anni,Anu,Lüganuse,Estonia core/west,North Estonian,viP,Anu,1,1,Anu (1),Anu (1),Anu (1)
6,Anna / Anne / Ann / Anni,Anu,Lüganuse,Estonia core/west,North Estonian,viP,Anuke,1,1,Anuke (1),Anukest (1),little Anu (part.) (1)
6,Anna / Anne / Ann / Anni,Anna,Maaninka,Finland/Savo-Karelia,Finnish,su,Anna,1,1,Anna (1),Annani (1),my Anna (1)
6,Anna / Anne / Ann / Anni,Anne,Maarja-Magdaleena,Estonia core/west,North Estonian,viP,Anne,10,4,Anne (10),Anne (8); Annest (1); Annel (1),Anne (7); Anne (name) (1); little Anne (1); at Anne (1)
6,Anna / Anne / Ann / Anni,Ann,Maarja-Magdaleena,Estonia core/west,North Estonian,viP,Ann,6,5,Ann (6),Ann (6),Ann (5); Ann (name) (1)
6,Anna / Anne / Ann / Anni,Anna,Maarja-Magdaleena,Estonia core/west,North Estonian,viP,Anna,6,1,Anna (6),Annal (3); Anna (3),Anna had (3); Anna (3)
6,Anna / Anne / Ann / Anni,Ann,Maarja-Magdaleena,Estonia core/west,North Estonian,viP,Anna,2,1,Anna (2),Ann (1); Annile (1),Ann (1); to Ann (1)
6,Anna / Anne / Ann / Anni,Anne,Maarja-Magdaleena,Estonia core/west,North Estonian,viP,anne,2,2,anne-kene (1); anne (1),annekene (1); anne (1),little Anne (1); Anne/give (1)
6,Anna / Anne / Ann / Anni,Ann,Maarja-Magdaleena,Estonia core/west,North Estonian,viP,anne,1,1,anne (1),annikene (1),little Ann (1)
6,Anna / Anne / Ann / Anni,Anne,Maarja-Magdaleena,Estonia core/west,North Estonian,viP,Anna,1,1,Anne (1),Anne (1),Anne's (1)
6,Anna / Anne / Ann / Anni,Anni/Annie,Maksuatiha,East Karelia/Veps/Tver,Karelian Proper,ka,Anni,2,2,Anni (2),Anni (2),Anni (2)
6,Anna / Anne / Ann / Anni,Anna,Metsäpirtti,Finland/Savo-Karelia,Finnish,su,antaa,6,1,antaa (6),antaa (6),anna (6)
6,Anna / Anne / Ann / Anni,Anni/Annie,Metsäpirtti,Finland/Savo-Karelia,Finnish,su,Anni,1,1,Anni (1),Anni (1),Anni (1)
6,Anna / Anne / Ann / Anni,Anne,Mihkli,Estonia core/west,North Estonian,viP,Anne,2,1,Anne (2),Anneke (1); Anne (1),little Anne (1); Anne (1)
6,Anna / Anne / Ann / Anni,Anne,Mihkli,Estonia core/west,North Estonian,viP,Anneke,2,2,Anneke (2),Anneke (2),little Anne (2)
6,Anna / Anne / Ann / Anni,Anni/Annie,Moloskovitsa,Ingria,Finnish,su,Anni,9,6,Anni (9),Anni (7); Annin (2),Anni (7); Anni's (2)
6,Anna / Anne / Ann / Anni,Anna,Muhos,Finland/Savo-Karelia,Finnish,su,Anna,1,1,Anna (1),Anna (1),Anna (1)
6,Anna / Anne / Ann / Anni,Ann,Muhu,Estonia core/west,North Estonian,viP,Ann,16,3,Ann (16),Ann (13); Annele (3),Ann (13); to Ann (3)
6,Anna / Anne / Ann / Anni,Anne,Muhu,Estonia core/west,North Estonian,viP,Anne,6,2,Anne (6),Anne (6),Anne (6)
6,Anna / Anne / Ann / Anni,Anna,Muhu,Estonia core/west,North Estonian,viP,anne,1,1,anne (1),anneke (1),little Anna (1)
6,Anna / Anne / Ann / Anni,Anne,Muhu,Estonia core/west,North Estonian,viP,anne,1,1,anne (1),anne (1),Anne (1)
6,Anna / Anne / Ann / Anni,Anni/Annie,Muolaa,Finland/Savo-Karelia,Finnish,su,Anni,1,1,Anni (1),Anni (1),Anni (1)
6,Anna / Anne / Ann / Anni,Anne,Mustjala,Estonia core/west,North Estonian,viP,Anne,5,2,Anne (5),Anne (5),Anne (4); Anne's (1)
6,Anna / Anne / Ann / Anni,Ann,Mustjala,Estonia core/west,North Estonian,viP,Ann,1,1,Ann (1),Ann (1),Ann (1)
6,Anna / Anne / Ann / Anni,Anna,Mustjala,Estonia core/west,North Estonian,viP,Anna,1,1,Anna (1),Anna (1),Anna (1)
6,Anna / Anne / Ann / Anni,Anne,Mustjala,Estonia core/west,North Estonian,viP,Anneke,1,1,Anneke (1),Anneke (1),little Anne (1)
6,Anna / Anne / Ann / Anni,Ann,Mäntsälä,Finland/Savo-Karelia,Finnish,su,Anna,1,1,annu (1),Annun (1),Ann's (1)
6,Anna / Anne / Ann / Anni,Anni/Annie,Mäntsälä,Finland/Savo-Karelia,Finnish,su,Anike (proper noun),1,1,Anike (1),Anike (1),Annie (1)
6,Anna / Anne / Ann / Anni,Anni/Annie,Mäntsälä,Finland/Savo-Karelia,Finnish,su,Anni,1,1,Anni (1),Annin (1),Anni's (1)
6,Anna / Anne / Ann / Anni,Anni/Annie,Mänttä,Finland/Savo-Karelia,Finnish,su,Anna,1,1,Annin (1),Annin (1),Anni (1)
6,Anna / Anne / Ann / Anni,Anni/Annie,Mäntyharju,Finland/Savo-Karelia,Finnish,su,Anni,3,2,Anni (3),Anni (2); Annille (1),Anni (3)
6,Anna / Anne / Ann / Anni,Anne,Märjamaa,Estonia core/west,North Estonian,viP,Anne,4,4,Anne (3); Anne+kene (1),Anne (3); Annekene (1),Anne (3); Anne's (diminutive) (1)
6,Anna / Anne / Ann / Anni,Ann,Märjamaa,Estonia core/west,North Estonian,viP,Ann,1,1,Ann (1),Ann (1),Ann (1)
6,Anna / Anne / Ann / Anni,Anna,Märjamaa,Estonia core/west,North Estonian,viP,Annakene,1,1,Annekene (1),Annekene (1),little Anna (1)
6,Anna / Anne / Ann / Anni,Anna,Nakkila,Finland/Savo-Karelia,Finnish,su,Anna,1,1,Anna (1),Anna (1),Anna (1)
6,Anna / Anne / Ann / Anni,Anni/Annie,Nakkila,Finland/Savo-Karelia,Finnish,su,Anni,1,1,Anni (1),Anni (1),Anni (1)
6,Anna / Anne / Ann / Anni,Anni/Annie,Narvusi,Ingria,Ingrian,in,Anni,28,15,Anni (28),Anni (23); Annin (3); Annilta (2),Anni (23); Anni's (3); from Anni (1); From Anni (1)
6,Anna / Anne / Ann / Anni,Anu,Narvusi,Ingria,Ingrian,in,Anu,3,2,Anu (3),Anu (3),Anu (3)
6,Anna / Anne / Ann / Anni,Anni/Annie,Narvusi,Ingria,Ingrian,in,Anna,2,1,Anna (2),Anni (2),Anni (2)
6,Anna / Anne / Ann / Anni,Anne,Narvusi,Ingria,Ingrian,in,Anna,1,1,Anni (1),Anni (1),Anne (1)
6,Anna / Anne / Ann / Anni,Anni/Annie,Narvusi,Ingria,Ingrian,in,Annikki,1,1,Annikkine (1),Annikkinen (1),little Anni (1)
6,Anna / Anne / Ann / Anni,Anni/Annie,Narvusi,Ingria,Ingrian,in,Annin,1,1,Annin (1),Annin (1),Anni's (1)
6,Anna / Anne / Ann / Anni,Anu,Narvusi,Ingria,Ingrian,in,anu (proper noun),1,1,anu-ni (1),Anuni (1),my Anu (1)
6,Anna / Anne / Ann / Anni,Anna,Nilsiä,Finland/Savo-Karelia,Finnish,su,Anna,2,2,Anna (2),Anna (2),Anna (2)
6,Anna / Anne / Ann / Anni,Ann,Noarootsi,Estonia core/west,North Estonian,viP,Ann,1,1,Ann (1),Ann (1),Ann (1)
6,Anna / Anne / Ann / Anni,Anni/Annie,Nurmes,Finland/Savo-Karelia,Finnish,su,Anna,1,1,Anni (1),Anni (1),Anni (1)
6,Anna / Anne / Ann / Anni,Anna,Nurmijärvi,Finland/Savo-Karelia,Finnish,su,Anna,1,1,Anna (1),Annun (1),Anna's (1)
6,Anna / Anne / Ann / Anni,Anne,Nõo,Estonia core/west,South Estonian,viE,Anne,6,4,Anne (5); Ann (1),Anne (5); Ann (1),Anne (6)
6,Anna / Anne / Ann / Anni,Anni/Annie,Orimattila,Finland/Savo-Karelia,Finnish,su,Anni,1,1,Anni (1),Anni (1),Annie (1)
6,Anna / Anne / Ann / Anni,Anne,Otepää,Estonia core/west,South Estonian,viE,Anne,5,4,Anne (5),Anne (5),Anne (5)
6,Anna / Anne / Ann / Anni,Ann,Otepää,Estonia core/west,South Estonian,viE,Ann,3,2,Annõ (2); Ann (1),Ann (2); Annelt (1),Ann (2); from Ann (1)
6,Anna / Anne / Ann / Anni,Ann,Otepää,Estonia core/west,South Estonian,viE,Annukene,1,1,Annõkõnõ (1),Annukene (1),little Ann (1)
6,Anna / Anne / Ann / Anni,Anna,Otepää,Estonia core/west,South Estonian,viE,Annuke,1,1,Annekene (1),Annukene (1),Little Anna (1)
6,Anna / Anne / Ann / Anni,Anne,Otepää,Estonia core/west,South Estonian,viE,anne (name),1,1,anne (1),annesid (1),Anne's (gifts?) (1)
6,Anna / Anne / Ann / Anni,Anne,Otepää,Estonia core/west,South Estonian,viE,anne+kene,1,1,anne+kene (1),annekene (1),little Anne (1)
6,Anna / Anne / Ann / Anni,Anna,Oulanka,East Karelia/Veps/Tver,Karelian Proper,ka,Anna,2,1,annil (2),Annilla (2),at Anna's (2)
6,Anna / Anne / Ann / Anni,Anna,Oulu,Finland/Savo-Karelia,Finnish,su,Anna,1,1,Anna (1),Anna (1),Anna (1)
6,Anna / Anne / Ann / Anni,Anni/Annie,Paatene,East Karelia/Veps/Tver,Karelian Proper,kaV,anni,16,1,anni (16),anni (16),Anni (16)
6,Anna / Anne / Ann / Anni,Anni/Annie,Paattinen,Finland/Savo-Karelia,Finnish,su,Anni,2,2,Anni (2),Anni (2),Anni (2)
6,Anna / Anne / Ann / Anni,Anni/Annie,Paattinen,Finland/Savo-Karelia,Finnish,su,Anna,1,1,Anni (1),Anni (1),Anni (1)
6,Anna / Anne / Ann / Anni,Anna,Paavola,Finland/Savo-Karelia,Finnish,su,Anna,1,1,Anna (1),Anna (1),Anna (1)
6,Anna / Anne / Ann / Anni,Anne,Paide,Estonia core/west,North Estonian,viP,Anne,6,3,Anne (6),Anne (6),Anne (6)
6,Anna / Anne / Ann / Anni,Ann,Paide,Estonia core/west,North Estonian,viP,Ann,2,2,Ann (2),Ann (2),Ann (2)
6,Anna / Anne / Ann / Anni,Ann,Paide,Estonia core/west,North Estonian,viP,Anne,2,1,Anne (2),Annest (1); Annel (1),from Ann (1); at Ann (1)
6,Anna / Anne / Ann / Anni,Anne,Paide,Estonia core/west,North Estonian,viP,Anna,1,1,Anne (1),Anna (1),Anne (1)
6,Anna / Anne / Ann / Anni,Anne,Paide,Estonia core/west,North Estonian,viP,anne,1,1,anne (1),Anne (1),Anne/grace (1)
6,Anna / Anne / Ann / Anni,Anne,Paistu,Estonia core/west,South Estonian,viE,Anne,32,10,Anne (30); Annekese (1); anne (1),Anne (28); Annele (3); Annekese (1),Anne (28); to Anne (2); Anne's (1); little Anne (1)
6,Anna / Anne / Ann / Anni,Ann,Paistu,Estonia core/west,South Estonian,viE,Ann,7,5,Ann (6); ann (1),Ann (3); Annust (2); Annel (1); Annest (1),Ann (6); on Ann (1)
6,Anna / Anne / Ann / Anni,Ann,Paistu,Estonia core/west,South Estonian,viE,Anna,2,2,Anna (2),Ann (2),Ann/give (1); Ann (1)
6,Anna / Anne / Ann / Anni,Anne,Paistu,Estonia core/west,South Estonian,viE,Anna,2,1,Anne (2),Anne (2),Anne (2)
6,Anna / Anne / Ann / Anni,Anne,Paistu,Estonia core/west,South Estonian,viE,anneke,2,2,annekene (2),annekena (1); Annekene (1),little Anne (2)
6,Anna / Anne / Ann / Anni,Ann,Paistu,Estonia core/west,South Estonian,viE,Anna/and,1,1,ann (1),Ann/and (1),Ann/grace (1)
6,Anna / Anne / Ann / Anni,Ann,Paistu,Estonia core/west,South Estonian,viE,annake,1,1,annakene (1),annakene (1),Ann (1)
6,Anna / Anne / Ann / Anni,Ann,Paistu,Estonia core/west,South Estonian,viE,anneke,1,1,anneke+ne (1),Annekene (1),Little Ann (1)
6,Anna / Anne / Ann / Anni,Anna,Paistu,Estonia core/west,South Estonian,viE,Anna,1,1,Anna (1),Anna (1),Anna (1)
6,Anna / Anne / Ann / Anni,Anna,Paistu,Estonia core/west,South Estonian,viE,Annakene,1,1,Annakeine (1),Annakene (1),little Anna (1)
6,Anna / Anne / Ann / Anni,Anna,Paistu,Estonia core/west,South Estonian,viE,Anne,1,1,Anne (1),Annekene (1),little Anna (1)
6,Anna / Anne / Ann / Anni,Anne,Paistu,Estonia core/west,South Estonian,viE,Anne+kene,1,1,annekestä (1),Annekest (1),from little Anne (1)
6,Anna / Anne / Ann / Anni,Anna,Pajala,Finland/Savo-Karelia,Tornedalen Finnish,su,Anna,1,1,Anna (1),Anna (1),Anna (1)
6,Anna / Anne / Ann / Anni,Anne,Palamuse,Estonia core/west,North Estonian,viP,Anne,6,5,Anne (4); anne (South Estonian) (1); anne (1),Anne (4); Annele (1); Annekene (1),Anne (4); to Anne (1); Little Anne (1)
6,Anna / Anne / Ann / Anni,Ann,Palamuse,Estonia core/west,North Estonian,viP,Ann,3,3,Ann (3),Ann (3),Ann (3)
6,Anna / Anne / Ann / Anni,Ann,Palamuse,Estonia core/west,North Estonian,viP,Anne,1,1,Anne (1),Anne (1),Ann (1)
6,Anna / Anne / Ann / Anni,Anna,Palamuse,Estonia core/west,North Estonian,viP,Annake,1,1,Annake (1),Annake (1),little Anna (1)
6,Anna / Anne / Ann / Anni,Anna,Paltamo,Finland/Savo-Karelia,Finnish,su,Anna,1,1,Anna (1),Anna (1),Anna (1)
6,Anna / Anne / Ann / Anni,Anni/Annie,Parikkala,Finland/Savo-Karelia,Finnish,su,Anni,1,1,Anni (1),Anni (1),Anni (1)
6,Anna / Anne / Ann / Anni,Ann,Peetri,Estonia core/west,North Estonian,viP,Ann,6,3,Ann (4); anne (2),Ann (4); annekene (2),Ann (4); little Ann (2)
6,Anna / Anne / Ann / Anni,Anne,Peetri,Estonia core/west,North Estonian,viP,Anne,3,2,Anne (3),Annele (2); Anne (1),to Anne (2); Anne (1)
6,Anna / Anne / Ann / Anni,Ann,Peetri,Estonia core/west,North Estonian,viP,ann,2,1,ann (2),Ann (2),Ann (2)
6,Anna / Anne / Ann / Anni,Ann,Peetri,Estonia core/west,North Estonian,viP,Anna,1,1,Anna (1),Annel (1),Ann's (1)
6,Anna / Anne / Ann / Anni,Anne,Peetri,Estonia core/west,North Estonian,viP,Annekene,1,1,Annekene (1),Annekene (1),little Anne (1)
6,Anna / Anne / Ann / Anni,Anne,Peetri,Estonia core/west,North Estonian,viP,annekene,1,1,annekene (1),annekene (1),little Anne (1)
6,Anna / Anne / Ann / Anni,Anni/Annie,Peetri,Estonia core/west,North Estonian,viP,Anni,1,1,Anni (1),Anni (1),Anni (1)
6,Anna / Anne / Ann / Anni,Anna,Perho,Finland/Savo-Karelia,Finnish,su,Anna,2,2,annun (1); Anna (1),annun (1); Anna (1),Anna's (1); Anna (1)
6,Anna / Anne / Ann / Anni,Ann,Perniö,Finland/Savo-Karelia,Finnish,su,Anna,1,1,Annu (1),Annun (1),Ann's (1)
6,Anna / Anne / Ann / Anni,Anni/Annie,Perniö,Finland/Savo-Karelia,Finnish,su,Anni,1,1,Anni (1),Anni (1),Anni (1)
6,Anna / Anne / Ann / Anni,Anni/Annie,Petsamo,East Karelia/Veps/Tver,Finnish,su,Anna,1,1,anni (1),Anni (1),Annie (1)
6,Anna / Anne / Ann / Anni,Anna,Pieksämäki,Finland/Savo-Karelia,Finnish,su,Anna,1,1,Anna (1),Anna (1),Anna (1)
6,Anna / Anne / Ann / Anni,Anni/Annie,Pieksämäki,Finland/Savo-Karelia,Finnish,su,Anni,1,1,Anni (1),Anni (1),Anni (1)
6,Anna / Anne / Ann / Anni,Anni/Annie,Pielisjärvi,Finland/Savo-Karelia,Finnish,su,Anni,2,1,Anni (1); Anni-ni (1),Anni (1); Annini (1),Annie (1); my Anni (1)
6,Anna / Anne / Ann / Anni,Anna,Piikkiö,Finland/Savo-Karelia,Finnish,su,Anna & piika,1,1,Anna-piika (1),Anna-piika (1),Anna-maid (1)
6,Anna / Anne / Ann / Anni,Anne,Pilistvere,Estonia core/west,North Estonian,viP,Anne,13,5,Anne (13),Anne (11); Annest (1); Ann (1),Anne (12); from Anne (1)
6,Anna / Anne / Ann / Anni,Ann,Pilistvere,Estonia core/west,North Estonian,viP,Ann,7,3,Ann (4); ann (3),Ann (7),Ann (7)
6,Anna / Anne / Ann / Anni,Anne,Pilistvere,Estonia core/west,North Estonian,viP,Annike,4,1,Annekene (4),Annest (4),little Anne (4)
6,Anna / Anne / Ann / Anni,Ann,Pilistvere,Estonia core/west,North Estonian,viP,anne,2,1,anne (2),annekene (2),little Ann (2)
6,Anna / Anne / Ann / Anni,Ann,Pilistvere,Estonia core/west,North Estonian,viP,Ann/and,1,1,Ann/and (1),Annid/anned (1),Ann/ducks (1)
6,Anna / Anne / Ann / Anni,Ann,Pilistvere,Estonia core/west,North Estonian,viP,Anna,1,1,Anna (1),Ann (1),Ann (1)
6,Anna / Anne / Ann / Anni,Anne,Pilistvere,Estonia core/west,North Estonian,viP,Annel,1,1,Annel (1),Annel (1),on Anne (1)
6,Anna / Anne / Ann / Anni,Anni/Annie,Pilistvere,Estonia core/west,North Estonian,viP,Annekene,1,1,Annekene (1),Annekene (1),Annie (diminutive) (1)
6,Anna / Anne / Ann / Anni,Anni/Annie,Pirkkala,Finland/Savo-Karelia,Finnish,su,Anni,1,1,Anni (1),Anni (1),Anni (1)
6,Anna / Anne / Ann / Anni,Anni/Annie,Porajärvi,East Karelia/Veps/Tver,Karelian Proper,kaV,Anni,4,1,Anni (4),Anni (3); Annista (1),Anni (3); from Anni (1)
6,Anna / Anne / Ann / Anni,Anna,Pudasjärvi,Finland/Savo-Karelia,Finnish,su,Anna,2,2,Anna (2),Annin (1); Anna (1),Anna's (1); Anna (1)
6,Anna / Anne / Ann / Anni,Anni/Annie,Pudasjärvi,Finland/Savo-Karelia,Finnish,su,Anni,1,1,Anni (1),Anni (1),Anni (1)
6,Anna / Anne / Ann / Anni,Anne,Puhja,Estonia core/west,South Estonian,viE,Anne,5,3,Anne (5),Anne (5),Anne (5)
6,Anna / Anne / Ann / Anni,Anne,Puhja,Estonia core/west,South Estonian,viE,Anna,3,1,Anne (3),Anne (3),Anne (3)
6,Anna / Anne / Ann / Anni,Anne,Puhja,Estonia core/west,South Estonian,viE,annukene,2,1,annekene (2),annekene (2),little Anne (2)
6,Anna / Anne / Ann / Anni,Anu,Puhja,Estonia core/west,South Estonian,viE,Anu,2,1,anu (2),Anu (2),Anu (2)
6,Anna / Anne / Ann / Anni,Ann,Puhja,Estonia core/west,South Estonian,viE,Ann,1,1,Ann (1),Ann (1),Ann (1)
6,Anna / Anne / Ann / Anni,Anne,Puhja,Estonia core/west,South Estonian,viE,Ann,1,1,Ann (1),Ann (1),Anne (1)
6,Anna / Anne / Ann / Anni,Anne,Puhja,Estonia core/west,South Estonian,viE,Annukene,1,1,Annekene (1),Annukene (1),Little Anne (1)
6,Anna / Anne / Ann / Anni,Anne,Puhja,Estonia core/west,South Estonian,viE,anneke,1,1,annekene (1),annekene (1),little Anne (1)
6,Anna / Anne / Ann / Anni,Anni/Annie,Pukkila,Finland/Savo-Karelia,Finnish,su,Anni,1,1,Anni (1),Anni (1),Anni (1)
6,Anna / Anne / Ann / Anni,Anna,Puolanka,Finland/Savo-Karelia,Finnish,su,Anna,1,1,Anna (1),Annan (1),Anna's (1)
6,Anna / Anne / Ann / Anni,Anni/Annie,Puolanka,Finland/Savo-Karelia,Finnish,su,Anni,1,1,Anni (1),Anni (1),Anni (1)
6,Anna / Anne / Ann / Anni,Anni/Annie,Pyhäjärvi Ul.,Finland/Savo-Karelia,Finnish,su,Anni,1,1,Anni (1),Anni (1),Anni (1)
6,Anna / Anne / Ann / Anni,Anni/Annie,Pyhäjärvi Vpl.,Finland/Savo-Karelia,Finnish,su,Anni,2,2,Anni (2),Anni (2),Anni (2)
6,Anna / Anne / Ann / Anni,Ann,Pyhäjärvi Vpl.,Finland/Savo-Karelia,Finnish,su,Anni,1,1,Anni (1),Annin (1),Ann's (1)
6,Anna / Anne / Ann / Anni,Anna,Pälkjärvi,Finland/Savo-Karelia,Finnish,su,Annikki,1,1,Annikki (1),Annikinen (1),little Anna (1)
6,Anna / Anne / Ann / Anni,Ann,Pälkäne,Finland/Savo-Karelia,Finnish,su,Anni,1,1,ani (1),anike (1),little Ann (1)
6,Anna / Anne / Ann / Anni,Anne,Pärnu,Estonia core/west,North Estonian,viP,Anne,2,2,Anne (2),Anne (2),Anne (2)
6,Anna / Anne / Ann / Anni,Ann,Pärnu,Estonia core/west,North Estonian,viP,Ann,1,1,Ann (1),Ann (1),Ann (1)
6,Anna / Anne / Ann / Anni,Ann,Pärnu-Jaagupi,Estonia core/west,North Estonian,viP,Ann,2,2,Ann (2),Ann (1); Anni (1),Ann (2)
6,Anna / Anne / Ann / Anni,Anne,Pärnu-Jaagupi,Estonia core/west,North Estonian,viP,Anne,2,2,Anne (1); Annekene (1),Anneke (1); Annekene (1),little Anne (2)
6,Anna / Anne / Ann / Anni,Anne,Pärnu-Jaagupi,Estonia core/west,North Estonian,viP,Annekene,1,1,Annekene (1),Annekene (1),little Anne (1)
6,Anna / Anne / Ann / Anni,Anne,Pärnu-Jaagupi,Estonia core/west,North Estonian,viP,anne,1,1,annekene (1),annekene (1),little Anne (1)
6,Anna / Anne / Ann / Anni,Anne,Põltsamaa,Estonia core/west,North Estonian,viP,Anne,13,3,Anne (13),Anne (12); Annel (1),Anne (12); at Anne's (1)
6,Anna / Anne / Ann / Anni,Ann,Põltsamaa,Estonia core/west,North Estonian,viP,Ann,8,3,Ann (8),Ann (7); Anne (1),Ann (7); Ann's (1)
6,Anna / Anne / Ann / Anni,Anne,Põltsamaa,Estonia core/west,North Estonian,viP,Ann,4,1,Ann (4),Annekese (4),little Anne (4)
6,Anna / Anne / Ann / Anni,Ann,Põltsamaa,Estonia core/west,North Estonian,viP,Anne,2,1,Annekene (2),Annekene (2),Ann (2)
6,Anna / Anne / Ann / Anni,Anu,Põltsamaa,Estonia core/west,North Estonian,viP,Anu,2,1,Anu (2),Anu (2),Anu (2)
6,Anna / Anne / Ann / Anni,Ann,Põltsamaa,Estonia core/west,North Estonian,viP,anne,1,1,annekene (1),annekene (1),little Ann (1)
6,Anna / Anne / Ann / Anni,Anne,Põltsamaa,Estonia core/west,North Estonian,viP,Anna,1,1,Anna (1),Ann (1),let Anne (1)
6,Anna / Anne / Ann / Anni,Anne,Põltsamaa,Estonia core/west,North Estonian,viP,Annuke,1,1,Annekene (1),Annukest (1),little Anne (1)
6,Anna / Anne / Ann / Anni,Anne,Põltsamaa,Estonia core/west,North Estonian,viP,anneteke,1,1,annekenõ (1),Annekene (1),Little Anne (1)
6,Anna / Anne / Ann / Anni,Anne,Põlva,South Estonia/Seto,South Estonian,viE,Anne,3,3,Anne (3),Anne (3),Anne (3)
6,Anna / Anne / Ann / Anni,Ann,Põlva,South Estonia/Seto,South Estonian,viE,Ann,2,2,Annõ (1); Ann (1),Ann (2),Ann (2)
6,Anna / Anne / Ann / Anni,Anna,Põlva,South Estonia/Seto,South Estonian,viE,Anna,1,1,Anna (1),Anna (1),Anna (1)
6,Anna / Anne / Ann / Anni,Ann,Pöide,Estonia core/west,North Estonian,viP,Ann,12,6,Ann (12),Ann (12),Ann (11); Ann (name) (1)
6,Anna / Anne / Ann / Anni,Anne,Pöide,Estonia core/west,North Estonian,viP,Anne,3,3,Anne (3),Anne (3),Anne (3)
6,Anna / Anne / Ann / Anni,Anu,Pöide,Estonia core/west,North Estonian,viP,Anu,3,2,Anu (3),Anu (3),Anu (3)
6,Anna / Anne / Ann / Anni,Anna,Pöide,Estonia core/west,North Estonian,viP,Anna,1,1,Anna (1),Anna (1),Anna (1)
6,Anna / Anne / Ann / Anni,Ann,Pühalepa,Estonia core/west,North Estonian,viP,Ann,12,2,Ann (12),Ann (11); Anne (1),Ann (11); Ann's (1)
6,Anna / Anne / Ann / Anni,Anne,Pühalepa,Estonia core/west,North Estonian,viP,Anne,2,2,Anne (2),Anne (2),Anne (2)
6,Anna / Anne / Ann / Anni,Ann,Pühalepa,Estonia core/west,North Estonian,viP,Ann&kene,1,1,Ann&kene (1),Annekene (1),little Ann (1)
6,Anna / Anne / Ann / Anni,Ann,Pühalepa,Estonia core/west,North Estonian,viP,Anne,1,1,anne (1),Anne (1),Ann (1)
6,Anna / Anne / Ann / Anni,Ann,Pühalepa,Estonia core/west,North Estonian,viP,Annile,1,1,annele (1),Annile (1),to Ann (1)
6,Anna / Anne / Ann / Anni,Anna,Pühalepa,Estonia core/west,North Estonian,viP,Annake,1,1,Annakene (1),Annakene (1),little Anna (1)
6,Anna / Anne / Ann / Anni,Anu,Pühalepa,Estonia core/west,North Estonian,viP,Anu,1,1,Anu (1),Anu (1),Anu (1)
6,Anna / Anne / Ann / Anni,Anna,Raahe,Finland/Savo-Karelia,Finnish,su,Anna,1,1,Anna (1),Anna (1),Anna (1)
6,Anna / Anne / Ann / Anni,Anna,Rakvere,Estonia core/west,North Estonian,viP,anna+kene,2,1,anne+kene (2),annekese (2),little Anna (object) (2)
6,Anna / Anne / Ann / Anni,Anne,Rakvere,Estonia core/west,North Estonian,viP,Anne,1,1,Anne (1),Anne (1),Anne (1)
6,Anna / Anne / Ann / Anni,Anne,Rakvere,Estonia core/west,North Estonian,viP,annetütar,1,1,annekene (1),annekene (1),little Anne (1)
6,Anna / Anne / Ann / Anni,Anne,Rannu,Estonia core/west,South Estonian,viE,Anne,2,2,Anne (2),Anne (2),Anne (2)
6,Anna / Anne / Ann / Anni,Anu,Rannu,Estonia core/west,South Estonian,viE,Anu,2,1,anu (2),Anu (2),Anu (2)
6,Anna / Anne / Ann / Anni,Ann,Rannu,Estonia core/west,South Estonian,viE,Ann,1,1,Annõ (1),Ann (1),Ann (1)
6,Anna / Anne / Ann / Anni,Ann,Rannu,Estonia core/west,South Estonian,viE,Anneke,1,1,Anne-kene (1),Annekese (1),little Ann (1)
6,Anna / Anne / Ann / Anni,Anna,Rannu,Estonia core/west,South Estonian,viE,Annukene,1,1,Annõkõnõ (1),Annõkõnõ (1),little Anna (1)
6,Anna / Anne / Ann / Anni,Anna,Ranua,Finland/Savo-Karelia,Finnish,su,Anna,1,1,Anma (1),Anma (1),Anna (1)
6,Anna / Anne / Ann / Anni,Anna,Ranua,Finland/Savo-Karelia,Finnish,su,Kallen Anna,1,1,kallenanna (1),Kallen Anna (1),Kalle's Anna (1)
6,Anna / Anne / Ann / Anni,Anne,Rapla,Estonia core/west,North Estonian,viP,Anne,4,4,Anne (4),Anne (3); Annel (1),Anne (3); on Anne (1)
6,Anna / Anne / Ann / Anni,Ann,Rapla,Estonia core/west,North Estonian,viP,Ann,2,2,Ann (2),Ann (2),Ann (2)
6,Anna / Anne / Ann / Anni,Ann,Rapla,Estonia core/west,North Estonian,viP,Anne,1,1,Anne (1),Anneke (1),little Ann (1)
6,Anna / Anne / Ann / Anni,Anna,Rapla,Estonia core/west,North Estonian,viP,anne,1,1,annekenõ (1),Annekene (1),Little-Anna (1)
6,Anna / Anne / Ann / Anni,Anne,Rapla,Estonia core/west,North Estonian,viP,anne,1,1,annekene (1),Annekene (1),Little-Anne (1)
6,Anna / Anne / Ann / Anni,Ann,Reigi,Estonia core/west,North Estonian,viP,Ann,1,1,Ann (1),Ann (1),Ann (1)
6,Anna / Anne / Ann / Anni,Anna,Renko,Finland/Savo-Karelia,Finnish,su,Anna,1,1,Annu (1),Annun (1),Anna's (1)
6,Anna / Anne / Ann / Anni,Anni/Annie,Repola,East Karelia/Veps/Tver,Karelian Proper,kaV,Anni,5,4,Anni (2); anni (1); annille (1); annin (1),Anni (3); Annille (1); Annin (1),Anni (3); to Anni (1); Anni's (1)
6,Anna / Anne / Ann / Anni,Ann,Repola,East Karelia/Veps/Tver,Karelian Proper,kaV,Anna,1,1,Ann (1),Ann (1),Ann (1)
6,Anna / Anne / Ann / Anni,Ann,Ridala,Estonia core/west,North Estonian,viP,Ann,5,3,Ann (5),Ann (4); Anne (1),Ann (4); Ann (accusative) (1)
6,Anna / Anne / Ann / Anni,Anne,Ridala,Estonia core/west,North Estonian,viP,And/Anne,1,1,Anne/And (1),Anne (1),Anne/And (1)
6,Anna / Anne / Ann / Anni,Anna,Risti,Estonia core/west,North Estonian,viP,Anna,6,2,Anna (6),Annal (3); Anna (2); Annat (1),Anna (3); on Anna (3)
6,Anna / Anne / Ann / Anni,Anna,Risti,Estonia core/west,North Estonian,viP,Annake,2,1,Annakene (2),Annakest (2),little Anna (2)
6,Anna / Anne / Ann / Anni,Anni/Annie,Risti,Estonia core/west,North Estonian,viP,Anni,2,1,Anni (2),Anni (2),Anni (2)
6,Anna / Anne / Ann / Anni,Anna,Ristijärvi,Finland/Savo-Karelia,Finnish,su,Anna,1,1,Anna (1),Anna (1),Anna (1)
6,Anna / Anne / Ann / Anni,Anni/Annie,Ristijärvi,Finland/Savo-Karelia,Finnish,su,Anni,1,1,Anni (1),Anni (1),Anni (1)
6,Anna / Anne / Ann / Anni,Anni/Annie,Rovaniemi,Finland/Savo-Karelia,Finnish,su,Anni,6,6,Anni (6),Anni (5); Annille (1),Anni (5); to Anni (1)
6,Anna / Anne / Ann / Anni,Anna,Rovaniemi,Finland/Savo-Karelia,Finnish,su,Anna,1,1,Anna (1),Annin (1),Anna's (1)
6,Anna / Anne / Ann / Anni,Anni/Annie,Rukajärvi,East Karelia/Veps/Tver,Karelian Proper,ka,Anni,3,2,Anni (3),Anni (3),Anni (3)
6,Anna / Anne / Ann / Anni,Anni/Annie,Räisälä,Finland/Savo-Karelia,Finnish,su,Anni,1,1,Anni (1),Anni (1),Anni (1)
6,Anna / Anne / Ann / Anni,Ann,Räpina,South Estonia/Seto,South Estonian,viE,Anna,2,1,Anna (2),Annile (2),Ann (2)
6,Anna / Anne / Ann / Anni,Ann,Räpina,South Estonia/Seto,South Estonian,viE,Ann,1,1,Annõ (1),Ann (1),Ann (1)
6,Anna / Anne / Ann / Anni,Ann,Räpina,South Estonia/Seto,South Estonian,viE,Muki-Ann,1,1,mukiann (1),Muki-Ann (1),Muki-Ann (1)
6,Anna / Anne / Ann / Anni,Anne,Räpina,South Estonia/Seto,South Estonian,viE,Anne,1,1,Anne (1),Anne (1),Anne (1)
6,Anna / Anne / Ann / Anni,Anne,Rõngu,Estonia core/west,South Estonian,viE,Anne,5,4,Anne (3); anne (2),Anne (5),Anne (5)
6,Anna / Anne / Ann / Anni,Ann,Rõngu,Estonia core/west,South Estonian,viE,Ann,1,1,Ann (1),Ann (1),Ann (1)
6,Anna / Anne / Ann / Anni,Anna,Rõuge,South Estonia/Seto,South Estonian,viE,andma,4,1,andma (4),anna (4),anna (4)
6,Anna / Anne / Ann / Anni,Anni/Annie,Rõuge,South Estonia/Seto,South Estonian,viE,Anni,4,1,Anni (4),Anni (4),Anni (4)
6,Anna / Anne / Ann / Anni,Ann,Rõuge,South Estonia/Seto,South Estonian,viE,Ann,2,2,Ann (2),Ann (2),Ann (2)
6,Anna / Anne / Ann / Anni,Ann,Rõuge,South Estonia/Seto,South Estonian,viE,Annuke,1,1,Annõ-kõnõ (1),Annukene (1),little Ann (1)
6,Anna / Anne / Ann / Anni,Anna,Rõuge,South Estonia/Seto,South Estonian,viE,Annukene,1,1,Annekene (1),Annukene (1),Little Anna (1)
6,Anna / Anne / Ann / Anni,Anna,Rõuge,South Estonia/Seto,South Estonian,viE,annetütreke,1,1,annekene (1),anneke (1),little Anna (1)
6,Anna / Anne / Ann / Anni,Anne,Saarde,Estonia core/west,North Estonian,viP,Anne,20,4,Anne (20),Anne (10); Annale (8); Annel (1); Annele (1),Anne (9); to Anne (8); Anne's (1); at Anne's (1); To-Anne (1)
6,Anna / Anne / Ann / Anni,Ann,Saarde,Estonia core/west,North Estonian,viP,Ann,1,1,Ann (1),Ann (1),Ann (1)
6,Anna / Anne / Ann / Anni,Ann,Saarde,Estonia core/west,North Estonian,viP,annekene,1,1,annekene (1),annekene (1),little Ann (1)
6,Anna / Anne / Ann / Anni,Anne,Saarde,Estonia core/west,North Estonian,viP,Anneke,1,1,Anneke (1),Anneke (1),little Anne (1)
6,Anna / Anne / Ann / Anni,Anne,Saarde,Estonia core/west,North Estonian,viP,Annukene,1,1,Annekene (1),Annukene (1),little Anne (1)
6,Anna / Anne / Ann / Anni,Anni/Annie,Saarijärvi,Finland/Savo-Karelia,Finnish,su,Anni,3,3,Anni (3),Anni (3),Anni (3)
6,Anna / Anne / Ann / Anni,Anna,Saarijärvi,Finland/Savo-Karelia,Finnish,su,Anna,1,1,Anna (1),Annalle (1),Anna (1)
6,Anna / Anne / Ann / Anni,Anni/Annie,Sakkola,Finland/Savo-Karelia,Finnish,su,Anni,8,1,Anni (4); Annin (2); Annilta (1); Anilta (1),Anni (4); Annilta (2); Annin (2),Anni (4); from Anni (2); Anni's (2)
6,Anna / Anne / Ann / Anni,Ann,Sakkola,Finland/Savo-Karelia,Finnish,su,Annille,1,1,Annill (1),Annille (1),to Ann (1)
6,Anna / Anne / Ann / Anni,Anna,Sakkola,Finland/Savo-Karelia,Finnish,su,antaa,1,1,antaa (1),antaa (1),anna (1)
6,Anna / Anne / Ann / Anni,Anni/Annie,Salmi,East Karelia/Veps/Tver,Livvi-Karelian,ka,Anni,5,3,Anni (5),Annilla (3); Annille (1); Anni (1),Anni (4); to Anni (1)
6,Anna / Anne / Ann / Anni,Anna,Salo,Finland/Savo-Karelia,Finnish,su,Anna,1,1,annun (1),Annun (1),Anna's (1)
6,Anna / Anne / Ann / Anni,Ann,Sangaste,Estonia core/west,South Estonian,viE,Ann,4,4,Ann (3); annõ (1),Ann (2); Annõga (1); Annukõst (1),Ann (2); with Ann (1); from little Ann (1)
6,Anna / Anne / Ann / Anni,Anne,Sangaste,Estonia core/west,South Estonian,viE,Anne,4,3,Anne (3); Annekõne (1),Anne (2); Annekõse (1); Annega (1),Anne (2); Anne's (1); with Anne (1)
6,Anna / Anne / Ann / Anni,Anna,Sangaste,Estonia core/west,South Estonian,viE,Anna,2,2,Annõ (1); anneken (1),Anna (1); Annake (1),Anna's (1); little Anna (1)
6,Anna / Anne / Ann / Anni,Anu,Sangaste,Estonia core/west,South Estonian,viE,Anu,2,2,Anu (2),Anuga (2),with Anu (2)
6,Anna / Anne / Ann / Anni,Anna,Sangaste,Estonia core/west,South Estonian,viE,Annekene,1,1,Annekene (1),Annekene (1),Little Anna (1)
6,Anna / Anne / Ann / Anni,Anna,Sangaste,Estonia core/west,South Estonian,viE,anne-kõne,1,1,anne-kõni (1),Annekõni/Annekenegi (1),Little Anna? (1)
6,Anna / Anne / Ann / Anni,Anna,Sangaste,Estonia core/west,South Estonian,viE,annekesekene,1,1,annekesekene (1),annekesekese (1),little Anna's (1)
6,Anna / Anne / Ann / Anni,Anne,Sangaste,Estonia core/west,South Estonian,viE,Anna,1,1,Anne (1),Anne (1),Anne's (1)
6,Anna / Anne / Ann / Anni,Anne,Sangaste,Estonia core/west,South Estonian,viE,Annekõne,1,1,Annekõne (1),Annekõne (1),Anne's speech (1)
6,Anna / Anne / Ann / Anni,Anne,Sangaste,Estonia core/west,South Estonian,viE,Annsüda,1,1,Annsüda (1),Annsüda (1),Anne's heart (1)
6,Anna / Anne / Ann / Anni,Anne,Sangaste,Estonia core/west,South Estonian,viE,annakene,1,1,annekõnõ (1),annakene (1),little Anne (1)
6,Anna / Anne / Ann / Anni,Anne,Sangaste,Estonia core/west,South Estonian,viE,anne (name),1,1,anne (1),annesid (1),Anne's (gifts?) (1)
6,Anna / Anne / Ann / Anni,Anni/Annie,Sauvo,Finland/Savo-Karelia,Finnish,su,Anni & Eeva,1,1,anni & eeva (1),Anni-Eeva (1),Anni-Eeva (1)
6,Anna / Anne / Ann / Anni,Anni/Annie,Sauvo,Finland/Savo-Karelia,Finnish,su,Annikki,1,1,anikainen (1),Anikainen (1),little Anni (1)
6,Anna / Anne / Ann / Anni,Anna,Savitaipale,Finland/Savo-Karelia,Finnish,su,antaa,3,1,antaa (3),antaa (3),anna (3)
6,Anna / Anne / Ann / Anni,Anna,Savonranta,Finland/Savo-Karelia,Finnish,su,Anna,1,1,Anna (1),Anna (1),Anna (1)
6,Anna / Anne / Ann / Anni,Anni/Annie,Seiskari,Finland/Savo-Karelia,Finnish,su,Anni,7,3,Anni (7),Anni (5); Annista (1); Annin (1),Anni (6); Anni's (1)
6,Anna / Anne / Ann / Anni,Ann,Seiskari,Finland/Savo-Karelia,Finnish,su,Anni,1,1,Anni (1),Anni (1),Ann (1)
6,Anna / Anne / Ann / Anni,Anu,Serepetta,Ingria,Finnish,su,Anu,2,1,Anu (2),Anu (2),Anu (2)
6,Anna / Anne / Ann / Anni,Ann,Setumaa,South Estonia/Seto,South Estonian,viE,Ann,13,8,Ann (12); Annõkõn (1),Ann (11); Annikest (1); Annul (1),Ann (11); from Ann (1); at Ann's (1)
6,Anna / Anne / Ann / Anni,Anna,Setumaa,South Estonia/Seto,South Estonian,viE,Anna,4,3,Anna (3); anni (1),Anna (3); A-anna (1),Anna (4)
6,Anna / Anne / Ann / Anni,Anne,Setumaa,South Estonia/Seto,South Estonian,viE,Anne,4,4,Anne (3); anne (1),"Anne (2); ""Anne (1); Annele (1)",Anne (3); to Anne (1)
6,Anna / Anne / Ann / Anni,Ann,Setumaa,South Estonia/Seto,South Estonian,viE,Anna,2,1,Anna (2),Anna (2),Ann (2)
6,Anna / Anne / Ann / Anni,Anne,Setumaa,South Estonia/Seto,South Estonian,viE,Ann,2,1,Ann (2),Ann (2),Anne (2)
6,Anna / Anne / Ann / Anni,Anne,Setumaa,South Estonia/Seto,South Estonian,viE,Anna,2,1,Anna (2),Ann (1); Anne (1),Anne (2)
6,Anna / Anne / Ann / Anni,Ann,Setumaa,South Estonia/Seto,South Estonian,viE,Annukene,1,1,Annõkõnõ (1),Annukene (1),little Ann (1)
6,Anna / Anne / Ann / Anni,Anna,Setumaa,South Estonia/Seto,South Estonian,viE,Anna/andma,1,1,Anna/andma (1),Anna/anna (1),Anna/give (1)
6,Anna / Anne / Ann / Anni,Anni/Annie,Siilinjärvi,Finland/Savo-Karelia,Finnish,su,Anni,1,1,Anni (1),Anni (1),Anni (1)
6,Anna / Anne / Ann / Anni,Anni/Annie,Simo,Finland/Savo-Karelia,Finnish,su,Anni,2,1,Anni (2),Anni (2),Annie (2)
6,Anna / Anne / Ann / Anni,Anne,Simuna,Estonia core/west,North Estonian,viP,Anne,3,2,Anne (2); Anne-ke (1),Anne (2); Annekesta (1),Anne (2); little-Anne (1)
6,Anna / Anne / Ann / Anni,Anna,Simuna,Estonia core/west,North Estonian,viP,Annuke,1,1,Annekene (1),Annekene (1),little Anna (1)
6,Anna / Anne / Ann / Anni,Anna,Simuna,Estonia core/west,North Estonian,viP,anne,1,1,anne (1),annekene (1),little Anna (1)
6,Anna / Anne / Ann / Anni,Anne,Simuna,Estonia core/west,North Estonian,viP,Anne-l,1,1,Anne-l (1),Annel (1),on-Anne (1)
6,Anna / Anne / Ann / Anni,Anne,Simuna,Estonia core/west,North Estonian,viP,anne,1,1,anne (1),annel (1),on Anne (1)
6,Anna / Anne / Ann / Anni,Anne,Simuna,Estonia core/west,North Estonian,viP,anneke,1,1,annekene (1),annekene (1),little Anne (1)
6,Anna / Anne / Ann / Anni,Anne,Simuna,Estonia core/west,North Estonian,viP,annekene,1,1,annekene (1),annekese (1),little Anne (1)
6,Anna / Anne / Ann / Anni,Anni/Annie,Skuoritsa,Ingria,Finnish,su,Anni,8,2,Anni (8),Anni (6); Annilta (2),Anni (6); from Anni (2)
6,Anna / Anne / Ann / Anni,Ann,Soanlahti,East Karelia/Veps/Tver,Finnish,su,Anni,1,1,Anni (1),Annin (1),Ann's (1)
6,Anna / Anne / Ann / Anni,Anni/Annie,Soanlahti,East Karelia/Veps/Tver,Finnish,su,Anni,1,1,Anni (1),Anni (1),Anni (1)
6,Anna / Anne / Ann / Anni,Anna,Sodankylä,Finland/Savo-Karelia,Finnish,su,Annapää,1,1,Annapää (1),Annapärin (1),Anna-head's (1)
6,Anna / Anne / Ann / Anni,Anni/Annie,Soikkola,Ingria,Ingrian,in,Anni,17,11,Anni (14); anni (1); Anninee (1); annilleen (1),Anni (13); Annin (2); Annia (1); Annilleen (1),Anni (14); Anni's (2); to her Anni (1)
6,Anna / Anne / Ann / Anni,Ann,Soikkola,Ingria,Ingrian,in,Anni,4,2,Anni (4),Anni (4),Ann (4)
6,Anna / Anne / Ann / Anni,Anni/Annie,Soikkola,Ingria,Ingrian,in,anni,2,1,anni (2),Annin (1); Anni (1),Anni's (1); Anni (1)
6,Anna / Anne / Ann / Anni,Anni/Annie,Somero,Finland/Savo-Karelia,Finnish,su,Anni-Kaija,1,1,Anni-Kaija (1),Annin-Kaija (1),Anni-Kaija (1)
6,Anna / Anne / Ann / Anni,Anna,Sonkajärvi,Finland/Savo-Karelia,Finnish,su,Anna,3,3,Anna (2); annapa (1),Anna (2); Annapa (1),Anna (2); Anna-EMP (1)
6,Anna / Anne / Ann / Anni,Anni/Annie,Sortavala,East Karelia/Veps/Tver,Finnish,su,Anni,1,1,Anni (1),Annin (1),Anni's (1)
6,Anna / Anne / Ann / Anni,Anna,Sotkamo,Finland/Savo-Karelia,Finnish,su,Anna,1,1,Anna (1),Anna (1),Anna (1)
6,Anna / Anne / Ann / Anni,Anna,Sotkamo,Finland/Savo-Karelia,Finnish,su,Anna (name),1,1,Anna (1),Anna (1),Anna (1)
6,Anna / Anne / Ann / Anni,Anni/Annie,Spankkova,Ingria,Finnish,su,Anni,2,1,Anni (2),Anni (2),Anni (2)
6,Anna / Anne / Ann / Anni,Anni/Annie,Suistamo,East Karelia/Veps/Tver,Livvi-Karelian,ka,Anni,20,11,Anni (20),Anni (11); Anniksi (4); Annini (3); Annin (2),Anni (11); as Anni (4); my Anni (3); Anni's (1); Anni's (gen.) (1)
6,Anna / Anne / Ann / Anni,Ann,Suistamo,East Karelia/Veps/Tver,Livvi-Karelian,ka,Annin,4,1,Annin (4),Annin (4),Ann's (4)
6,Anna / Anne / Ann / Anni,Anni/Annie,Suistamo,East Karelia/Veps/Tver,Livvi-Karelian,ka,Anna,2,1,anni (2),Anni (2),Anni (2)
6,Anna / Anne / Ann / Anni,Anu,Suistamo,East Karelia/Veps/Tver,Livvi-Karelian,ka,Anu,2,2,Anu (1); anukse (1),Anu (1); anukseen (1),Anu (1); to Anu (1)
6,Anna / Anne / Ann / Anni,Anna,Suistamo,East Karelia/Veps/Tver,Livvi-Karelian,ka,Annukainen,1,1,Annukainen (1),Annukainen (1),Little Anna (1)
6,Anna / Anne / Ann / Anni,Anni/Annie,Suojärvi,East Karelia/Veps/Tver,Finnish,su,Anni,25,11,Anni (23); anni+n (1); anni (1),Anni (22); Annille (2); Annin (1),Anni (21); to Anni (2); Anni's (1); Anni (name) (1)
6,Anna / Anne / Ann / Anni,Anni/Annie,Suojärvi,East Karelia/Veps/Tver,Finnish,su,Anni-ainutkertainen,2,1,anni-ainavoine (2),Anni-ainavoinen (2),eternal Anni (2)
6,Anna / Anne / Ann / Anni,Ann,Suojärvi,East Karelia/Veps/Tver,Finnish,su,Anna,1,1,annil (1),Annin (1),Ann's (1)
6,Anna / Anne / Ann / Anni,Anni/Annie,Suojärvi,East Karelia/Veps/Tver,Finnish,su,Anna,1,1,Annie (1),Annie (1),Annie (1)
6,Anna / Anne / Ann / Anni,Anni/Annie,Suojärvi,East Karelia/Veps/Tver,Finnish,su,Anni+neito,1,1,anni+neito (1),Annineito (1),Anni-maiden (1)
6,Anna / Anne / Ann / Anni,Anni/Annie,Suojärvi,East Karelia/Veps/Tver,Finnish,su,Anni+neitsyt,1,1,anni+neitsy+n (1),Annineitsyt (1),Anni-maiden (1)
6,Anna / Anne / Ann / Anni,Anni/Annie,Suojärvi,East Karelia/Veps/Tver,Finnish,su,Annineito,1,1,Annineito (1),Annineito (1),Anni-maiden (1)
6,Anna / Anne / Ann / Anni,Anni/Annie,Suomussalmi,Finland/Savo-Karelia,Finnish,su,Anni,1,1,Anni (1),Annin (1),Anni's (1)
6,Anna / Anne / Ann / Anni,Anna,Suonenjoki,Finland/Savo-Karelia,Finnish,su,Anna,1,1,Anna (1),Anna (1),Anna (1)
6,Anna / Anne / Ann / Anni,Anne,Suure-Jaani,Estonia core/west,North Estonian,viP,Anne,10,2,Anne (10),Anne (9); Anneke (1),Anne (9); little Anne (1)
6,Anna / Anne / Ann / Anni,Ann,Suure-Jaani,Estonia core/west,North Estonian,viP,Ann,8,4,Ann (8),Ann (8),Ann (8)
6,Anna / Anne / Ann / Anni,Ann,Suure-Jaani,Estonia core/west,North Estonian,viP,Anna,3,2,Ann (3),Ann (3),Ann (3)
6,Anna / Anne / Ann / Anni,Ann,Suure-Jaani,Estonia core/west,North Estonian,viP,ann,2,1,ann (2),ann (2),Ann (2)
6,Anna / Anne / Ann / Anni,Ann,Suure-Jaani,Estonia core/west,North Estonian,viP,anne,1,1,anne (1),anne (1),Ann (1)
6,Anna / Anne / Ann / Anni,Anne,Suure-Jaani,Estonia core/west,North Estonian,viP,Anna,1,1,Anne (1),Anne (1),Anne (1)
6,Anna / Anne / Ann / Anni,Anne,Suure-Jaani,Estonia core/west,North Estonian,viP,anne,1,1,anne (1),Anne (1),Anne/skill (1)
6,Anna / Anne / Ann / Anni,Anni/Annie,Suure-Jaani,Estonia core/west,North Estonian,viP,Anne,1,1,Anne (1),Anne (1),Annie (1)
6,Anna / Anne / Ann / Anni,Anna,Sysmä,Finland/Savo-Karelia,Finnish,su,Anna,1,1,Anna (1),Anna (1),Anna (1)
6,Anna / Anne / Ann / Anni,Anna,Säkkijärvi,Finland/Savo-Karelia,Finnish,su,Anna,1,1,Anna (1),Annin (1),Anna's (1)
6,Anna / Anne / Ann / Anni,Ann,Sääksmäki,Finland/Savo-Karelia,Finnish,su,Anni,1,1,Anni (1),Annin (1),Ann's (1)
6,Anna / Anne / Ann / Anni,Ann,Sääksmäki,Finland/Savo-Karelia,Finnish,su,Annikainen,1,1,Annikainen (1),Annikainen (1),Ann (1)
6,Anna / Anne / Ann / Anni,Anni/Annie,Sääminki,Finland/Savo-Karelia,Finnish,su,Anni,1,1,Anni (1),Anni (1),Anni (1)
6,Anna / Anne / Ann / Anni,Anu,Säämäjärvi,East Karelia/Veps/Tver,Livvi-Karelian,ka,Anu,1,1,anuksez (1),Anua (1),Anu (1)
6,Anna / Anne / Ann / Anni,Anna,Taivalkoski,Finland/Savo-Karelia,Finnish,su,Anna,1,1,Annin (1),Annin (1),Anna's (1)
6,Anna / Anne / Ann / Anni,Anni/Annie,Tampere,Finland/Savo-Karelia,Finnish,su,Anni,4,4,Anikka (2); Anni (2),anikan (1); Annin (1); Anikan (1); Anni (1),little Anni (2); Anni's (1); Annie (1)
6,Anna / Anne / Ann / Anni,Anne,Tartu-Maarja,Estonia core/west,South Estonian,viE,Anne,4,2,Anne (4),Anne (4),Anne (4)
6,Anna / Anne / Ann / Anni,Ann,Tarvastu,Estonia core/west,South Estonian,viE,Ann,21,6,Ann (21),Ann (17); Annile (4),Ann (17); to Ann (4)
6,Anna / Anne / Ann / Anni,Anne,Tarvastu,Estonia core/west,South Estonian,viE,Anne,16,10,Anne (10); anne (3); Annekene (1); Anneke (1); anneke (1),Anne (13); Anneke (2); Annekene (1),Anne (14); little Anne (1); dear Anne (1)
6,Anna / Anne / Ann / Anni,Anne,Tarvastu,Estonia core/west,South Estonian,viE,Anna,3,1,Anne (3),Anne (3),Anne (3)
6,Anna / Anne / Ann / Anni,Ann,Tarvastu,Estonia core/west,South Estonian,viE,Anna,2,2,Ann (2),Ann (2),Ann (2)
6,Anna / Anne / Ann / Anni,Anna,Tarvastu,Estonia core/west,South Estonian,viE,anne,2,1,anneke(n) (2),Annekene (2),Little Anna (2)
6,Anna / Anne / Ann / Anni,Anne,Tarvastu,Estonia core/west,South Estonian,viE,Ann,2,1,Ann (2),Anne (2),Anne's (2)
6,Anna / Anne / Ann / Anni,Ann,Tarvastu,Estonia core/west,South Estonian,viE,Ann&kene,1,1,Anne&kene (1),Annekene (1),little Ann (1)
6,Anna / Anne / Ann / Anni,Ann,Tarvastu,Estonia core/west,South Estonian,viE,Anne,1,1,Annekene (1),Annekene (1),little Ann (1)
6,Anna / Anne / Ann / Anni,Ann,Tarvastu,Estonia core/west,South Estonian,viE,Anneke(ne),1,1,Annekene (1),Annekene (1),little Ann (1)
6,Anna / Anne / Ann / Anni,Ann,Tarvastu,Estonia core/west,South Estonian,viE,annuke,1,1,annekõnõ (1),annekene (1),little Ann (1)
6,Anna / Anne / Ann / Anni,Anna,Tarvastu,Estonia core/west,South Estonian,viE,Anna,1,1,Anna (1),Anna (1),Anna (1)
6,Anna / Anne / Ann / Anni,Anna,Tarvastu,Estonia core/west,South Estonian,viE,Anne,1,1,Anne (1),Annest (1),from little Anna (1)
6,Anna / Anne / Ann / Anni,Anna,Tarvastu,Estonia core/west,South Estonian,viE,Annuke,1,1,Annekesta (1),Annukese (1),little Anna (1)
6,Anna / Anne / Ann / Anni,Anna,Tarvastu,Estonia core/west,South Estonian,viE,anneke,1,1,anneke(n) (1),Annekene (1),Little Anna (1)
6,Anna / Anne / Ann / Anni,Anne,Tarvastu,Estonia core/west,South Estonian,viE,Annake,1,1,Anneke (1),Anneket (1),little Anne (1)
6,Anna / Anne / Ann / Anni,Anne,Tarvastu,Estonia core/west,South Estonian,viE,Annekene,1,1,anneke+ne (1),Annekene (1),Little-Anne (1)
6,Anna / Anne / Ann / Anni,Anne,Tarvastu,Estonia core/west,South Estonian,viE,Annukene,1,1,annekene (1),Annukene (1),little Anne (1)
6,Anna / Anne / Ann / Anni,Anne,Tarvastu,Estonia core/west,South Estonian,viE,anne,1,1,anne (1),anne (1),Anne (1)
6,Anna / Anne / Ann / Anni,Anne,Tarvastu,Estonia core/west,South Estonian,viE,anneke,1,1,anne-kene (1),annekene (1),little Anne (1)
6,Anna / Anne / Ann / Anni,Anni/Annie,Tarvastu,Estonia core/west,South Estonian,viE,annake,1,1,anneke (1),annekesi (1),Annie (1)
6,Anna / Anne / Ann / Anni,Anni/Annie,Terijoki,Finland/Savo-Karelia,Finnish,su,Anni,4,1,Anni (4),Anni (2); Annin (2),Anni (2); Anni's (2)
6,Anna / Anne / Ann / Anni,Anna,Terijoki,Finland/Savo-Karelia,Finnish,su,Ristiina,1,1,Ristiina (1),Ristiinana (1),Cross-eyed Anna (1)
6,Anna / Anne / Ann / Anni,Ann,Tervo,Finland/Savo-Karelia,Finnish,su,Anni,1,1,Anni (1),Anni (1),Ann (1)
6,Anna / Anne / Ann / Anni,Anni/Annie,Tervo,Finland/Savo-Karelia,Finnish,su,Anni,1,1,Anni (1),Anni (1),Anni (1)
6,Anna / Anne / Ann / Anni,Anni/Annie,Tohmajärvi,Finland/Savo-Karelia,Finnish,su,Anni,1,1,Anni (1),Anniksi (1),Anni (1)
6,Anna / Anne / Ann / Anni,Anni/Annie,Toksova,Ingria,Finnish,su,Anni,8,3,Anni (8),Anni (4); Annin (1); Anninensa (1); Annille (1); Annilta (1),Anni (4); Anni's (1); with Anni (1); to Anni (1); from Anni (1)
6,Anna / Anne / Ann / Anni,Ann,Tori,Estonia core/west,North Estonian,viP,Ann,6,4,Ann (6),Ann (5); Annel (1),Ann (5); on Ann (1)
6,Anna / Anne / Ann / Anni,Anne,Tori,Estonia core/west,North Estonian,viP,Anne,6,4,Anne (6),Anne (5); Annet (1),Anne (6)
6,Anna / Anne / Ann / Anni,Ann,Tori,Estonia core/west,North Estonian,viP,Anna,1,1,Ann (1),Ann (1),Ann (1)
6,Anna / Anne / Ann / Anni,Ann,Tori,Estonia core/west,North Estonian,viP,Tua-Ann,1,1,Tua-Ann (1),Tua-Ann (1),Tua-Ann (1)
6,Anna / Anne / Ann / Anni,Anni/Annie,Tori,Estonia core/west,North Estonian,viP,Anni,1,1,Anni (1),Anni (1),Anni (1)
6,Anna / Anne / Ann / Anni,Anne,Torma,Estonia core/west,North Estonian,viP,Anne,6,2,Anne (6),Anne (5); Annel (1),Anne (5); on Anne (1)
6,Anna / Anne / Ann / Anni,Ann,Torma,Estonia core/west,North Estonian,viP,Ann,1,1,Ann (1),Ann (1),Ann (1)
6,Anna / Anne / Ann / Anni,Ann,Torma,Estonia core/west,North Estonian,viP,anne,1,1,annekene (1),anneke (1),little Ann (1)
6,Anna / Anne / Ann / Anni,Anna,Torma,Estonia core/west,North Estonian,viP,anne,1,1,annekene (1),Annekene (1),Little Anna (1)
6,Anna / Anne / Ann / Anni,Anne,Torma,Estonia core/west,North Estonian,viP,Ann,1,1,Ann (1),Ann (1),Anne (1)
6,Anna / Anne / Ann / Anni,Anne,Torma,Estonia core/west,North Estonian,viP,Annuke,1,1,Annekene (1),Annikest (1),little Anne (1)
6,Anna / Anne / Ann / Anni,Anni/Annie,Tulemajärvi,East Karelia/Veps/Tver,Livvi-Karelian,ka,Anni,17,13,Anni (14); annil (1); Annil (1); Annii (1),Anni (11); Annilla (3); Annin (1); Annia (1); Anniksi (1),Anni (12); on Anni (2); Anni's (1); at Anni's (1); as Anni (1)
6,Anna / Anne / Ann / Anni,Anni/Annie,Tulemajärvi,East Karelia/Veps/Tver,Livvi-Karelian,ka,Annolle,7,1,annoi (7),Annolle (7),to Anni (7)
6,Anna / Anne / Ann / Anni,Ann,Tulemajärvi,East Karelia/Veps/Tver,Livvi-Karelian,ka,Anna,3,2,annin (2); Anna (1),Annin (3),Ann's (3)
6,Anna / Anne / Ann / Anni,Ann,Tulemajärvi,East Karelia/Veps/Tver,Livvi-Karelian,ka,Anni,2,1,Anni (2),Anni (2),Ann (2)
6,Anna / Anne / Ann / Anni,Anna,Tulemajärvi,East Karelia/Veps/Tver,Livvi-Karelian,ka,anta-,2,1,antaa (2),antaa (2),anna (2)
6,Anna / Anne / Ann / Anni,Anna,Tulemajärvi,East Karelia/Veps/Tver,Livvi-Karelian,ka,Anna,1,1,anni (1),Anni (1),Anna (1)
6,Anna / Anne / Ann / Anni,Anni/Annie,Tulemajärvi,East Karelia/Veps/Tver,Livvi-Karelian,ka,Anna,1,1,anni (1),Anni (1),Anni (1)
6,Anna / Anne / Ann / Anni,Ann,Turku,Finland/Savo-Karelia,Finnish,su,Anna,1,1,anni(n) (1),Annin (1),Ann (1)
6,Anna / Anne / Ann / Anni,Anni/Annie,Turku,Finland/Savo-Karelia,Finnish,su,Anna,1,1,Annin (1),Annin (1),Anni's (1)
6,Anna / Anne / Ann / Anni,Anni/Annie,Tuupovaara,Finland/Savo-Karelia,Finnish,su,Anni,1,1,Anni (1),Annin (1),Anni's (1)
6,Anna / Anne / Ann / Anni,Anna,Tuusula,Finland/Savo-Karelia,Finnish,su,annu,1,1,annu-n (1),annun (1),Anna/Annu (1)
6,Anna / Anne / Ann / Anni,Anni/Annie,Tuutari,Ingria,Finnish,su,Anni,1,1,Anni (1),Anni (1),Anni (1)
6,Anna / Anne / Ann / Anni,Anni/Annie,Tyrväntö,Finland/Savo-Karelia,Finnish,su,Anni,1,1,Annin (1),Annin (1),Anni's (1)
6,Anna / Anne / Ann / Anni,Anna,Tyrvää,Finland/Savo-Karelia,Finnish,su,Anna,1,1,anna (1),Anna (1),Anna (1)
6,Anna / Anne / Ann / Anni,Anni/Annie,Tyrö,Ingria,Finnish,su,Anni,5,4,Anni (5),Anni (5),Anni (5)
6,Anna / Anne / Ann / Anni,Anna,Tyrö,Ingria,Finnish,su,Anna,1,1,Anni (1),Annin (1),Anna's (1)
6,Anna / Anne / Ann / Anni,Anne,Tõstamaa,Estonia core/west,North Estonian,viP,Anne,2,1,Anne (2),Anne (2),Anne (2)
6,Anna / Anne / Ann / Anni,Ann,Tõstamaa,Estonia core/west,North Estonian,viP,anne & kene,1,1,anne & kene (1),annekene (1),little Ann (1)
6,Anna / Anne / Ann / Anni,Anna,Tõstamaa,Estonia core/west,North Estonian,viP,anne,1,1,anneke (1),Anneke (1),Little Anna (1)
6,Anna / Anne / Ann / Anni,Anne,Tõstamaa,Estonia core/west,North Estonian,viP,Anne (name),1,1,Anne (proper noun) (1),Annele (1),To Anne (1)
6,Anna / Anne / Ann / Anni,Anne,Tõstamaa,Estonia core/west,North Estonian,viP,anne,1,1,annekene (1),annekene (1),Little Anne (1)
6,Anna / Anne / Ann / Anni,Anu,Tõstamaa,Estonia core/west,North Estonian,viP,Anu,1,1,Anu (1),Anule (1),Anu (1)
6,Anna / Anne / Ann / Anni,Anna,Töysä,Finland/Savo-Karelia,Finnish,su,Anna,2,2,Annin (1); Anna (1),Annin (1); Anna (1),Anna's (1); Anna (1)
6,Anna / Anne / Ann / Anni,Anni/Annie,Töysä,Finland/Savo-Karelia,Finnish,su,Anni,1,1,Anni (1),Anni (1),Anni (name) (1)
6,Anna / Anne / Ann / Anni,Anne,Türi,Estonia core/west,North Estonian,viP,Anne,5,3,Anne (5),Anne (4); annele (1),Anne (4); to Anne (1)
6,Anna / Anne / Ann / Anni,Ann,Türi,Estonia core/west,North Estonian,viP,Ann,2,2,Ann (2),Ann (2),Ann (2)
6,Anna / Anne / Ann / Anni,Ann,Türi,Estonia core/west,North Estonian,viP,Anne,2,1,Anne (2),Annest (1); Annel (1),from Ann (1); at Ann (1)
6,Anna / Anne / Ann / Anni,Anne,Türi,Estonia core/west,North Estonian,viP,Anna,1,1,Anne (1),Anna (1),Anne (1)
6,Anna / Anne / Ann / Anni,Anne,Türi,Estonia core/west,North Estonian,viP,anne,1,1,anne (1),Anne (1),Anne/grace (1)
6,Anna / Anne / Ann / Anni,Anni/Annie,Uhtua,East Karelia/Veps/Tver,Karelian Proper,ka,Anna,1,1,anni (1),Anni (1),Annie (1)
6,Anna / Anne / Ann / Anni,Ann,Urvaste,South Estonia/Seto,South Estonian,viE,Ann,11,6,Ann (4); ann (3); Annõ (3); annõkõs (1),Ann (10); Annukene (1),Ann (10); little Ann (1)
6,Anna / Anne / Ann / Anni,Anne,Urvaste,South Estonia/Seto,South Estonian,viE,Anne,5,4,Anne (5),Anne (5),Anne (4); Anne's (1)
6,Anna / Anne / Ann / Anni,Ann,Urvaste,South Estonia/Seto,South Estonian,viE,Anna,3,2,Anna (1); Ann (1); Annõl (1),Annukene (1); Ann (1); Annul (1),little Ann (1); Ann (1); Ann-on (1)
6,Anna / Anne / Ann / Anni,Anna,Urvaste,South Estonia/Seto,South Estonian,viE,Anna,3,3,Anna (2); Annõ (1),Annõl (1); Anna (1); Annõ (1),Anna's (2); Anna (1)
6,Anna / Anne / Ann / Anni,Anu,Urvaste,South Estonia/Seto,South Estonian,viE,anu,2,1,anu (2),Anu (2),Anu/beggar (2)
6,Anna / Anne / Ann / Anni,Ann,Urvaste,South Estonia/Seto,South Estonian,viE,Annukene,1,1,Annõkõnõ (1),Annukene (1),little Ann (1)
6,Anna / Anne / Ann / Anni,Ann,Urvaste,South Estonia/Seto,South Estonian,viE,annukene,1,1,annõkõnõ (1),annõkõnõ (1),little Ann/grace (1)
6,Anna / Anne / Ann / Anni,Anna,Urvaste,South Estonia/Seto,South Estonian,viE,Annike,1,1,Annõkõnõ (1),Annikese (1),little Anna (1)
6,Anna / Anne / Ann / Anni,Anna,Urvaste,South Estonia/Seto,South Estonian,viE,Annukene,1,1,Annõkõnõ (1),Annukene (1),little Anna (1)
6,Anna / Anne / Ann / Anni,Anna,Urvaste,South Estonia/Seto,South Estonian,viE,annakene,1,1,annõkõnõ (1),Annakene (1),little-Anna (1)
6,Anna / Anne / Ann / Anni,Anna,Uskela,Finland/Savo-Karelia,Finnish,su,Anna,1,1,Anna (1),Anna (1),Anna (1)
6,Anna / Anne / Ann / Anni,Anna,Uskela,Finland/Savo-Karelia,Finnish,su,Anna (gen),1,1,annu (gen) (1),Annun (1),Anna/Annu (1)
6,Anna / Anne / Ann / Anni,Anna,Uskela,Finland/Savo-Karelia,Finnish,su,Anna / antaa,1,1,Anna (gen) / antaa (1),Annun (1),Anna's / gives (1)
6,Anna / Anne / Ann / Anni,Anni/Annie,Uskela,Finland/Savo-Karelia,Finnish,su,Anna (name),1,1,anika (1),anika (1),Annie (1)
6,Anna / Anne / Ann / Anni,Anni/Annie,Uskela,Finland/Savo-Karelia,Finnish,su,Anni,1,1,Ani-ke (1),Anike (1),Annie (diminutive) (1)
6,Anna / Anne / Ann / Anni,Anni/Annie,Uskela,Finland/Savo-Karelia,Finnish,su,Anni (diminutive),1,1,anike (nom.) (1),Anike (1),Annie (diminutive) (1)
6,Anna / Anne / Ann / Anni,Anni/Annie,Uskela,Finland/Savo-Karelia,Finnish,su,anninmaja,1,1,aninkola (1),aninkolan (1),of Anni's huts (1)
6,Anna / Anne / Ann / Anni,Anni/Annie,Uusikaupunki,Finland/Savo-Karelia,Finnish,su,Anni,1,1,Anni (1),Annin (1),Anni's (1)
6,Anna / Anne / Ann / Anni,Anne,Vaivara,Estonia core/west,North Estonian,viP,Anne,5,4,Anne (4); Anneke (1),Anne (4); Anneke (1),Anne (3); Anne's (1); Little Anne (1)
6,Anna / Anne / Ann / Anni,Anne,Vaivara,Estonia core/west,North Estonian,viP,anne,2,1,anne (2),Anne (2),Anne (2)
6,Anna / Anne / Ann / Anni,Anne,Vaivara,Estonia core/west,North Estonian,viP,anneke,2,1,anneken (2),Annekene (2),Little Anne (2)
6,Anna / Anne / Ann / Anni,Ann,Vaivara,Estonia core/west,North Estonian,viP,Ann,1,1,Ann (1),Ann (1),Ann (1)
6,Anna / Anne / Ann / Anni,Ann,Vaivara,Estonia core/west,North Estonian,viP,annukene,1,1,annekene (1),annukene (1),little Ann (1)
6,Anna / Anne / Ann / Anni,Anne,Vaivara,Estonia core/west,North Estonian,viP,annetütar,1,1,annekene (1),annekene (1),little Anne (1)
6,Anna / Anne / Ann / Anni,Ann,Valkeala,Finland/Savo-Karelia,Finnish,su,Anni,1,1,Anni (1),Anni (1),Ann (1)
6,Anna / Anne / Ann / Anni,Anna,Vanaja,Finland/Savo-Karelia,Finnish,su,Anna,1,1,Anna (1),Anna (1),Anna (1)
6,Anna / Anne / Ann / Anni,Ann,Varbla,Estonia core/west,North Estonian,viP,Ann,11,5,Ann (11),Ann (10); Anne (1),Ann (10); Ann's (1)
6,Anna / Anne / Ann / Anni,Anne,Varbla,Estonia core/west,North Estonian,viP,anne,1,1,anne (1),anne (1),Anne (1)
6,Anna / Anne / Ann / Anni,Anna,Varpaisjärvi,Finland/Savo-Karelia,Finnish,su,Anna,1,1,Anna (1),Anna (1),Anna (1)
6,Anna / Anne / Ann / Anni,Anne,Vastseliina,South Estonia/Seto,South Estonian,viE,Anna,2,1,Anna (2),Ann (1); Anne (1),Anne (2)
6,Anna / Anne / Ann / Anni,Anna,Vastseliina,South Estonia/Seto,South Estonian,viE,Annukene,1,1,Annekõnõ (1),Annkõnõ (1),Little Anna (1)
6,Anna / Anne / Ann / Anni,Anne,Vastseliina,South Estonia/Seto,South Estonian,viE,Anne,1,1,anne (1),Anne (1),Anne's (1)
6,Anna / Anne / Ann / Anni,Ann,Venjoki,Ingria,Finnish,su,Anna,2,1,Anna (2),Annin (2),Ann's (2)
6,Anna / Anne / Ann / Anni,Anni/Annie,Venjoki,Ingria,Finnish,su,Anni,1,1,Anni (1),Anni (1),Anni (1)
6,Anna / Anne / Ann / Anni,Anna,Vesilahti,Finland/Savo-Karelia,Finnish,su,Anna,1,1,Anna (1),Annalle (1),to Anna (1)
6,Anna / Anne / Ann / Anni,Anni/Annie,Vieljärvi,East Karelia/Veps/Tver,Livvi-Karelian,kaA,Anni,3,1,Annjo (2); Anni (1),Anniota (2); Anni (1),Anni (obj) (2); Anni (1)
6,Anna / Anne / Ann / Anni,Ann,Vigala,Estonia core/west,North Estonian,viP,Ann,23,7,Ann (18); Anne (5),Ann (16); Anne (7),Ann (21); Ann's (2)
6,Anna / Anne / Ann / Anni,Ann,Vigala,Estonia core/west,North Estonian,viP,Anneke,5,1,Annekene (5),Annekese (5),little Ann (5)
6,Anna / Anne / Ann / Anni,Anne,Vigala,Estonia core/west,North Estonian,viP,Anne,5,5,Anne (3); Anneke (1); Anne+kene (1),Anne (3); Anneke (1); Annekene (1),Anne (4); Anne's (diminutive) (1)
6,Anna / Anne / Ann / Anni,Ann,Vigala,Estonia core/west,North Estonian,viP,Anna,2,1,Anne (1); Anna (1),Anneke (1); Ann (1),little Ann (1); Ann (1)
6,Anna / Anne / Ann / Anni,Anna,Vigala,Estonia core/west,North Estonian,viP,anneke,2,2,anneken (2),Annekene (2),Little Anna (2)
6,Anna / Anne / Ann / Anni,Anna,Vigala,Estonia core/west,North Estonian,viP,Anna,1,1,Anna (1),Annel (1),to Anna (1)
6,Anna / Anne / Ann / Anni,Anna,Vigala,Estonia core/west,North Estonian,viP,Annake,1,1,Annekene (1),Annakene (1),Little Anna (1)
6,Anna / Anne / Ann / Anni,Anne,Vigala,Estonia core/west,North Estonian,viP,Ann,1,1,annekene (1),Annekene (1),little Anne (1)
6,Anna / Anne / Ann / Anni,Anne,Vigala,Estonia core/west,North Estonian,viP,Anne & -ke,1,1,Anne (1),Anneke (1),little Anne (1)
6,Anna / Anne / Ann / Anni,Anne,Vigala,Estonia core/west,North Estonian,viP,Anneke,1,1,annekene (1),Annekene (1),little Anne (1)
6,Anna / Anne / Ann / Anni,Anne,Vigala,Estonia core/west,North Estonian,viP,anneke,1,1,annekenõ (1),Annekene (1),Little-Anne (1)
6,Anna / Anne / Ann / Anni,Anne,Vigala,Estonia core/west,North Estonian,viP,annekene,1,1,annekene (1),annekene (1),little Anne (1)
6,Anna / Anne / Ann / Anni,Anni/Annie,Vigala,Estonia core/west,North Estonian,viP,Anne,1,1,anneke (1),Anneke (1),Annie (1)
6,Anna / Anne / Ann / Anni,Anne,Viljandi,Estonia core/west,North Estonian,viP,Anne,26,11,Anne (20); anne (2); Anne-kene (2); Annekesta (1); Annel (1),Anne (21); Annekene (3); Annel (2),Anne (18); Anne's (3); little Anne (2); on Anne (2); Little Anne (1)
6,Anna / Anne / Ann / Anni,Ann,Viljandi,Estonia core/west,North Estonian,viP,Ann,9,5,Ann (8); Anne (1),Ann (6); Anne (3),Ann (8); Ann's (1)
6,Anna / Anne / Ann / Anni,Anna,Viljandi,Estonia core/west,North Estonian,viP,Annuke,2,2,Anneke (1); Annekene (1),Anneke (1); Annukene (1),little Anna (1); Little Anna (1)
6,Anna / Anne / Ann / Anni,Anne,Viljandi,Estonia core/west,North Estonian,viP,Anna,1,1,Anne (1),Anne (1),Anne's (1)
6,Anna / Anne / Ann / Anni,Anne,Viljandi,Estonia core/west,North Estonian,viP,Annel,1,1,annel (1),Annel (1),on Anne (1)
6,Anna / Anne / Ann / Anni,Anne,Viljandi,Estonia core/west,North Estonian,viP,anneke,1,1,annekesta (1),annekes (1),little Anne (1)
6,Anna / Anne / Ann / Anni,Anna,Virrat,Finland/Savo-Karelia,Finnish,su,Anna,1,1,Anna (1),Anna (1),Anna (1)
6,Anna / Anne / Ann / Anni,Anni/Annie,Virrat,Finland/Savo-Karelia,Finnish,su,Anni,1,1,Anni (1),Annin (1),Anni (1)
6,Anna / Anne / Ann / Anni,Anna,Virtasalmi,Finland/Savo-Karelia,Finnish,su,Anna,2,2,Anna (2),Anna (2),Anna (2)
6,Anna / Anne / Ann / Anni,Ann,Viru-Jaagupi,Estonia core/west,North Estonian,viP,Ann,6,1,Ann (6),Ann (3); Anne (3),Ann (3); Ann's (3)
6,Anna / Anne / Ann / Anni,Ann,Viru-Jaagupi,Estonia core/west,North Estonian,viP,anneke,3,1,anneke (3),anneke[se] (3),little Ann (3)
6,Anna / Anne / Ann / Anni,Anna,Viru-Jaagupi,Estonia core/west,North Estonian,viP,Anna,3,1,Anna (3),Anna (2); Annat (1),Anna (2); Anna (part.) (1)
6,Anna / Anne / Ann / Anni,Anne,Viru-Jaagupi,Estonia core/west,North Estonian,viP,Annekene,2,1,Anne-kene (2),Annekene (2),little Anne (2)
6,Anna / Anne / Ann / Anni,Ann,Viru-Jaagupi,Estonia core/west,North Estonian,viP,Anna,1,1,Anna (1),Annelt (1),from Ann (1)
6,Anna / Anne / Ann / Anni,Ann,Viru-Jaagupi,Estonia core/west,North Estonian,viP,andma/Anna,1,1,andma/Anna (1),Ann (1),Ann (1)
6,Anna / Anne / Ann / Anni,Ann,Viru-Jaagupi,Estonia core/west,North Estonian,viP,anne,1,1,anne (1),annekene (1),little Ann (1)
6,Anna / Anne / Ann / Anni,Anna,Viru-Jaagupi,Estonia core/west,North Estonian,viP,Annake,1,1,Anna+kene (1),Annakest (1),little Anna (1)
6,Anna / Anne / Ann / Anni,Anna,Viru-Jaagupi,Estonia core/west,North Estonian,viP,aani,1,1,aani (1),aanikene (1),little Anna (1)
6,Anna / Anne / Ann / Anni,Anne,Viru-Jaagupi,Estonia core/west,North Estonian,viP,Anna,1,1,Anne (1),Anne (1),Anne (1)
6,Anna / Anne / Ann / Anni,Anne,Viru-Jaagupi,Estonia core/west,North Estonian,viP,Anne,1,1,Anne (1),Anne (1),Anne's (1)
6,Anna / Anne / Ann / Anni,Ann,Viru-Nigula,Estonia core/west,North Estonian,viP,Ann,10,5,Ann (5); anne (3); ann (1); annele (1),Ann (6); Anne (3); Annele (1),Ann (8); Ann's (1); to Ann (1)
6,Anna / Anne / Ann / Anni,Anne,Viru-Nigula,Estonia core/west,North Estonian,viP,Anne,10,5,Anne (10),Anne (9); Annel (1),Anne (8); of Anne (1); at Anne's (1)
6,Anna / Anne / Ann / Anni,Anni/Annie,Viru-Nigula,Estonia core/west,North Estonian,viP,Anni,2,2,Anni (2),Anni (2),Anni (1); Anni's (1)
6,Anna / Anne / Ann / Anni,Anu,Viru-Nigula,Estonia core/west,North Estonian,viP,Anu,2,1,Anu (1); Anukene (1),Anut (1); Anukene (1),Anu (1); little Anu (1)
6,Anna / Anne / Ann / Anni,Anni/Annie,Vuokkiniemi,East Karelia/Veps/Tver,Karelian Proper,ka,Anni,10,5,Anni (10),Anni (10),Anni (10)
6,Anna / Anne / Ann / Anni,Anna,Vuokkiniemi,East Karelia/Veps/Tver,Karelian Proper,ka,annanpäivä,1,1,annanpäivä (1),annanpäivän (1),St. Anna's Day (1)
6,Anna / Anne / Ann / Anni,Anni/Annie,Vuole,Ingria,Finnish,su,Anni,20,9,Anni (19); annillie (1),Anni (15); Annilta (2); Annille (1); Annillaan (1); Annilleen (1),Anni (15); from Anni (2); to Anni (1); at-his-Anni (1); to-his-Anni (1)
6,Anna / Anne / Ann / Anni,Ann,Vuole,Ingria,Finnish,su,Anna,1,1,annillee (1),Annilleen (1),to his Ann (1)
6,Anna / Anne / Ann / Anni,Anne,Väike-Maarja,Estonia core/west,North Estonian,viP,Anne,16,12,Anne (15); Annekene (1),Anne (11); Annele (2); Annekene (1); Annest (1); Annel (1),Anne (10); to Anne (2); little Anne (1); from Anne (1); Anne (name) (1); at Anne's (1)
6,Anna / Anne / Ann / Anni,Ann,Väike-Maarja,Estonia core/west,North Estonian,viP,Ann,4,4,Ann (4),Ann (3); anni (1),Ann (3); Ann's (1)
6,Anna / Anne / Ann / Anni,Ann,Väike-Maarja,Estonia core/west,North Estonian,viP,anne,1,1,annekene (1),anneke (1),little Ann (1)
6,Anna / Anne / Ann / Anni,Anna,Väike-Maarja,Estonia core/west,North Estonian,viP,Annekene,1,1,Annekene (1),Annekene (1),little Anna (1)
6,Anna / Anne / Ann / Anni,Anne,Väike-Maarja,Estonia core/west,North Estonian,viP,Anna,1,1,Anne (1),Anne (1),Anne (1)
6,Anna / Anne / Ann / Anni,Anne,Väike-Maarja,Estonia core/west,North Estonian,viP,annekene,1,1,annekene (1),annekene (1),little Anne (1)
6,Anna / Anne / Ann / Anni,Anne,Vändra,Estonia core/west,North Estonian,viP,Anne,9,6,Anne (8); anneke (1),Anne (7); Anneke (1); Annel (1),Anne (7); Little-Anne (1); to-Anne (1)
6,Anna / Anne / Ann / Anni,Anne,Vändra,Estonia core/west,North Estonian,viP,anne,5,1,anneke (3); ann (1); anne (1),annekes (3); ann (1); anne (1),little Anne (3); Anne (2)
6,Anna / Anne / Ann / Anni,Ann,Vändra,Estonia core/west,North Estonian,viP,Ann,4,2,Ann (4),Ann (3); ann (1),Ann (4)
6,Anna / Anne / Ann / Anni,Anna,Vändra,Estonia core/west,North Estonian,viP,Annekene,3,1,Annekene (3),Annekene (3),little Anna (3)
6,Anna / Anne / Ann / Anni,Anna,Vändra,Estonia core/west,North Estonian,viP,Annat,2,1,anne (2),Annat (2),Anna (2)
6,Anna / Anne / Ann / Anni,Anna,Vändra,Estonia core/west,North Estonian,viP,Annekese,2,1,annekesta (2),Annekest (2),little Anna (2)
6,Anna / Anne / Ann / Anni,Anna,Vändra,Estonia core/west,North Estonian,viP,Anna,1,1,Anna (1),Anna (1),Anna (1)
6,Anna / Anne / Ann / Anni,Anna,Vändra,Estonia core/west,North Estonian,viP,anneke,1,1,anneke(ne) (1),Annekene (1),Little Anna (1)
6,Anna / Anne / Ann / Anni,Ann,Võnnu,Estonia core/west,South Estonian,viE,Ann,12,5,Ann (11); ann (1),Ann (11); Annel (1),Ann (10); at Ann (1); Ann's (1)
6,Anna / Anne / Ann / Anni,Anne,Võnnu,Estonia core/west,South Estonian,viE,Anne,6,3,Anne (6),Anne (4); Annekene (1); Annele (1),Anne (4); dear Anne (1); to Anne (1)
6,Anna / Anne / Ann / Anni,Anna,Võnnu,Estonia core/west,South Estonian,viE,Anna,5,2,Anna (3); Annõ (2),Anna (3); Ann (2),Anna (5)
6,Anna / Anne / Ann / Anni,Ann,Võnnu,Estonia core/west,South Estonian,viE,Annukene,1,1,annõkõnõ (1),Annukene (1),little Ann (1)
6,Anna / Anne / Ann / Anni,Anna,Võnnu,Estonia core/west,South Estonian,viE,Annuke,1,1,Annõkõnõ (1),Annukene (1),little Anna (1)
6,Anna / Anne / Ann / Anni,Anni/Annie,Ylämaa,Finland/Savo-Karelia,Finnish,su,Anni,1,1,Anni (1),Annin (1),Anni's (1)
6,Anna / Anne / Ann / Anni,Anne,Äksi,Estonia core/west,North Estonian,viP,Anne,9,5,Anne (8); Annekene (1),Anne (7); Annekest (1); Annel (1),Anne (5); Anne's (2); little-Anne (1); on-Anne (1)
6,Anna / Anne / Ann / Anni,Ann,Äksi,Estonia core/west,North Estonian,viP,Ann,3,1,Ann (3),Ann (3),Ann (3)
7,Peter / Pietari / Peeter,Peter,Alatornio,Finland/Savo-Karelia,Finnish,su,Pietari,2,2,Pietari (2),Pietari (2),Peter (2)
7,Peter / Pietari / Peeter,Pekka/Pekko,Alatornio,Finland/Savo-Karelia,Finnish,su,Pekka,1,1,Pekka (1),Pekka (1),Pekka (1)
7,Peter / Pietari / Peeter,Peter,Alatornio,Finland/Savo-Karelia,Finnish,su,Pekka,1,1,Pekka (1),Pekka (1),Peter (1)
7,Peter / Pietari / Peeter,Peter,Alatornio,Finland/Savo-Karelia,Finnish,su,Petteri,1,1,Petter (1),Petter (1),Peter (1)
7,Peter / Pietari / Peeter,Pekka/Pekko,Alavus,Finland/Savo-Karelia,Finnish,su,Pekka,2,1,Pekka (2),Pekka (2),Pekka (2)
7,Peter / Pietari / Peeter,Peter,Alavus,Finland/Savo-Karelia,Finnish,su,piki-Pietari,1,1,piki-Piatari (1),piki-Pietari (1),Pitch-Peter (1)
7,Peter / Pietari / Peeter,Peeter,Ambla,Estonia core/west,North Estonian,viP,Peeter,3,3,Peeter (3),Peetri (2); Peeter (1),Peeter's (2); Peeter (1)
7,Peter / Pietari / Peeter,Peter,Ambla,Estonia core/west,North Estonian,viP,Peeter,3,3,Peeter (3),Peetri (1); Pietri (1); Peeter (1),Peter's (2); Peter (1)
7,Peter / Pietari / Peeter,Peter,Ambla,Estonia core/west,North Estonian,viP,piiter,1,1,piiter (1),piiter (1),Peter (1)
7,Peter / Pietari / Peeter,Peter,Anjala,Finland/Savo-Karelia,Finnish,su,Pietari,2,2,pietari (1); Pietari (1),Pietari (1); Pietarin (1),Peter (1); Peter's (1)
7,Peter / Pietari / Peeter,Peeter,Anseküla,Estonia core/west,North Estonian,viP,Peeter,2,1,Peeter (2),Peeter (2),Peeter (2)
7,Peter / Pietari / Peeter,Peter,Anseküla,Estonia core/west,North Estonian,viP,Peeter,1,1,Peeter (1),Peeter (1),Peter (1)
7,Peter / Pietari / Peeter,Pekka/Pekko,Asikkala,Finland/Savo-Karelia,Finnish,su,Pekka,3,3,Pekka (3),Pekan (2); Pekka (1),Pekka's (2); Pekka (1)
7,Peter / Pietari / Peeter,Peter,Asikkala,Finland/Savo-Karelia,Finnish,su,Pietari,3,3,Pietari (2); pietari (1),pietari (1); Pietari (1); Pietariä (1),Peter (2); Peter (accusative) (1)
7,Peter / Pietari / Peeter,Petteri/Pietari,Asikkala,Finland/Savo-Karelia,Finnish,su,Pietari,1,1,Pietari (1),Pietarin (1),Pietari's (1)
7,Peter / Pietari / Peeter,Peeter,Audru,Estonia core/west,North Estonian,viP,Peeter,1,1,Peeter (1),Peetri (1),Peeter's (1)
7,Peter / Pietari / Peeter,Pekka/Pekko,Elimäki,Finland/Savo-Karelia,Finnish,su,Pekko (archaic/dialectal),1,1,Pekko (1),Pekko (1),Pekko (1)
7,Peter / Pietari / Peeter,Peeter,Emmaste,Estonia core/west,North Estonian,viP,Peeter,1,1,Peeter (1),Peeter (1),Peeter (1)
7,Peter / Pietari / Peeter,Peter,Eno,Finland/Savo-Karelia,Finnish,su,Pietari,4,4,Pietari (3); Santta-Pietari (1),Pietari (2); Pietarin (1); Santapietari (1),Peter (2); Peter's (1); Saint Peter (1)
7,Peter / Pietari / Peeter,Pekka/Pekko,Eno,Finland/Savo-Karelia,Finnish,su,Pekka,1,1,Pekka (1),Pekka (1),Pekka (1)
7,Peter / Pietari / Peeter,Peter,Eno,Finland/Savo-Karelia,Finnish,su,Petri,1,1,petran (1),Petran (1),Peter's (1)
7,Peter / Pietari / Peeter,Peter,Enonkoski,Finland/Savo-Karelia,Finnish,su,Pietari,1,1,Pietari (1),Pietari (1),Peter (1)
7,Peter / Pietari / Peeter,Peter,Eurajoki,Finland/Savo-Karelia,Finnish,su,pikipöksypietari,1,1,pikipöksypietari (1),Pikipöksy-Pietari (1),Tar-Pants-Peter (1)
7,Peter / Pietari / Peeter,Pekka/Pekko,Haapajärvi,Finland/Savo-Karelia,Finnish,su,Pekka,1,1,Pekka (1),Pekka (1),Pekka (1)
7,Peter / Pietari / Peeter,Peeter,Hageri,Estonia core/west,North Estonian,viP,Peeter,1,1,Peetari (1),Peetaris (1),in Peeter(s) (1)
7,Peter / Pietari / Peeter,Peter,Hageri,Estonia core/west,North Estonian,viP,Peetrus,1,1,Peetrus (1),Peetrus (1),Peter (1)
7,Peter / Pietari / Peeter,Peter,Haljala,Estonia core/west,North Estonian,viP,Peeter,4,4,Peeter (4),Peeter (3); Peetri (1),Peter (3); Peter's (1)
7,Peter / Pietari / Peeter,Peeter,Haljala,Estonia core/west,North Estonian,viP,Liiva-Peeter,1,1,liivapeeter (1),Liiva-Peeter (1),Liiva-Peeter (1)
7,Peter / Pietari / Peeter,Peeter,Haljala,Estonia core/west,North Estonian,viP,Peeter,1,1,Peeter (1),Peetrilt (1),from Peeter (1)
7,Peter / Pietari / Peeter,Peter,Halliste,Estonia core/west,South Estonian,viE,Peeter,9,6,Peeter (8); Piider (1),Peeter (7); Peetri (1); Peetrile (1),Peter (7); Peter's (1); to Peter (1)
7,Peter / Pietari / Peeter,Peeter,Halliste,Estonia core/west,South Estonian,viE,Peeter,6,4,Peeter (6),Peetri (2); Peeter (2); Peetriga (1); Peetrit (1),Peeter's (2); Peeter (2); with Peeter (1); Peeter (acc.) (1)
7,Peter / Pietari / Peeter,Peter,Halliste,Estonia core/west,South Estonian,viE,Peetrus,1,1,Peetrus (1),Peetrusega (1),with Peter (1)
7,Peter / Pietari / Peeter,Peter,Hanila,Estonia core/west,North Estonian,viP,Peeter,3,1,Peeter (2); Peetert (1),Peeter (2); Peetrit (1),Peter (2); Peter (obj.) (1)
7,Peter / Pietari / Peeter,Peter,Harjavalta,Finland/Savo-Karelia,Finnish,su,Pietari,1,1,Pietari (1),Pietari (1),Peter (1)
7,Peter / Pietari / Peeter,Peeter,Harju-Jaani,Estonia core/west,North Estonian,viP,Peeter,2,2,Peeter (2),Peeter (1); Peetri (1),Peeter (1); Peeter's (1)
7,Peter / Pietari / Peeter,Peeter,Harju-Madise,Estonia core/west,North Estonian,viP,Peeter,3,1,Peeter (3),Peetri (2); Peeter (1),Peeter's (2); Peeter (1)
7,Peter / Pietari / Peeter,Peter,Harju-Madise,Estonia core/west,North Estonian,viP,Peeter,1,1,Peeter (1),Peeter (1),Peter (1)
7,Peter / Pietari / Peeter,Peter,Harju-Madise,Estonia core/west,North Estonian,viP,Peetrus,1,1,Peetrus (1),Peetrus (1),Peter (1)
7,Peter / Pietari / Peeter,Peter,Hartola,Finland/Savo-Karelia,Finnish,su,Pekka,1,1,Pekka (1),Pekka (1),Peter (1)
7,Peter / Pietari / Peeter,Peter,Hattula,Finland/Savo-Karelia,Finnish,su,Pietari,4,4,Pietari (3); Piatari (1),Pietari (4),Peter (4)
7,Peter / Pietari / Peeter,Pekka/Pekko,Hattula,Finland/Savo-Karelia,Finnish,su,Pekka,2,2,Pekka (2),Pekan (1); Pekka (1),Pekka's (1); Pekka (1)
7,Peter / Pietari / Peeter,Peter,Hauho,Finland/Savo-Karelia,Finnish,su,Pietari,1,1,Pietari (1),Pietari (1),Peter (1)
7,Peter / Pietari / Peeter,Peter,Heinjoki,Finland/Savo-Karelia,Finnish,su,Pietari,2,2,Pietari (2),Pietari (2),Peter (2)
7,Peter / Pietari / Peeter,Pekka/Pekko,Heinjoki,Finland/Savo-Karelia,Finnish,su,Pekko,1,1,Pekko (1),Pekko (1),Pekko (1)
7,Peter / Pietari / Peeter,Pekka/Pekko,Heinävesi,Finland/Savo-Karelia,Finnish,su,Pekka,10,10,Pekka (10),Pekka (9); Pekaksi (1),Pekka (9); as Pekka (1)
7,Peter / Pietari / Peeter,Peter,Heinävesi,Finland/Savo-Karelia,Finnish,su,Pietarinpoika,3,3,Pietarimpoika (1); Pietarinpoika (1); pietarimpoika (1),Pietarinpoika (3),Peter's son (2); son-of-Peter (1)
7,Peter / Pietari / Peeter,Pekka/Pekko,Heinävesi,Finland/Savo-Karelia,Finnish,su,pellonpekka,1,1,pellon+pekka (1),Pellom-Pekka (1),Field-Pekka (1)
7,Peter / Pietari / Peeter,Peter,Heinävesi,Finland/Savo-Karelia,Finnish,su,Pekka,1,1,Pekka (1),Pekka (1),Peter (1)
7,Peter / Pietari / Peeter,Peter,Heinävesi,Finland/Savo-Karelia,Finnish,su,Pietari,1,1,Pietari (1),Pietariin (1),To-Peter (1)
7,Peter / Pietari / Peeter,Peter,Heinävesi,Finland/Savo-Karelia,Finnish,su,pietarinkukka,1,1,pietarinkukkija (1),Pietarin kukkija (1),Peter's flowers (1)
7,Peter / Pietari / Peeter,Peter,Heinävesi,Finland/Savo-Karelia,Finnish,su,pietarinpoika,1,1,pietarinpoika (1),Pietarinpoika (1),son-of-Peter (1)
7,Peter / Pietari / Peeter,Petteri/Pietari,Heinävesi,Finland/Savo-Karelia,Finnish,su,Pietari,1,1,Pietari (1),Pietarin (1),Pietari's (1)
7,Peter / Pietari / Peeter,Peter,Helme,Estonia core/west,South Estonian,viE,Peeter,12,7,Piiter (4); Peeter (4); piitereta (1); piitre (1); peeter (1); peter (1),Peeter (6); Piiter (2); Peetriga (1); Peetri (1); Piitrit (1); Peetrit (1),Peter (9); with Peter (1); Peter's (1); Peter (name) (1)
7,Peter / Pietari / Peeter,Peeter,Helme,Estonia core/west,South Estonian,viE,Peeter,2,2,Peeter (2),Peetrilt (1); Peetre (1),from Peeter (1); Peeter's (1)
7,Peter / Pietari / Peeter,Peter,Helme,Estonia core/west,South Estonian,viE,Peetrus,2,1,Peetrus (2),Peetrus (2),Peter (2)
7,Peter / Pietari / Peeter,Peter,Helsinki,Finland/Savo-Karelia,Finnish,su,Pietari,4,4,Pietari (4),Pietari (4),Peter (4)
7,Peter / Pietari / Peeter,Peter,Helsinki,Finland/Savo-Karelia,Finnish,su,pikipöksypietari,1,1,pikipöksypietari (1),pikipöksypietari (1),tar-pants-Peter (1)
7,Peter / Pietari / Peeter,Pekka/Pekko,Hietamäki,Ingria,Finnish,su,Pekka-retku,1,1,Pekka-retku (1),Pekka-retkun (1),Pekka-group's (1)
7,Peter / Pietari / Peeter,Peter,Hiitola,Finland/Savo-Karelia,Finnish,su,Pietari,1,1,Pietari (1),Pietari (1),Peter (1)
7,Peter / Pietari / Peeter,Peter,Hirvensalmi,Finland/Savo-Karelia,Finnish,su,Pietari,1,1,Pietari (1),Pietari (1),Peter (1)
7,Peter / Pietari / Peeter,Peter,Hollola,Finland/Savo-Karelia,Finnish,su,Pietari,2,2,Pietari (2),Pietari (1); Piataria (1),Peter (2)
7,Peter / Pietari / Peeter,Pekka/Pekko,Honkajoki,Finland/Savo-Karelia,Finnish,su,pekaran+soo,1,1,pekkarssoo (1),pekkarssoo (1),at Pekka's places (1)
7,Peter / Pietari / Peeter,Peter,Honkajoki,Finland/Savo-Karelia,Finnish,su,petteri,1,1,petters (1),petteri (1),Peter (1)
7,Peter / Pietari / Peeter,Peter,Hyvinkää,Finland/Savo-Karelia,Finnish,su,pietari,1,1,pikipietari (1),pikipietari (1),Pitch-Peter (1)
7,Peter / Pietari / Peeter,Peter,Hämeenlinna,Finland/Savo-Karelia,Finnish,su,Pietari,1,1,Pietar (1),Pietarin (1),Peter's (1)
7,Peter / Pietari / Peeter,Peter,Hämeenlinna,Finland/Savo-Karelia,Finnish,su,pikipöksypietari,1,1,piki-pöksy-pietari (1),pikipöksypietari (1),pitch-pants-Peter (1)
7,Peter / Pietari / Peeter,Peeter,Häädemeeste,Estonia core/west,North Estonian,viP,Peeter,1,1,Peeter (1),Peeter (1),Peeter (1)
7,Peter / Pietari / Peeter,Peeter,Iisaku,Estonia core/west,North Estonian,viP,Peeter,1,1,Peeter (1),Peeter (1),Peeter (1)
7,Peter / Pietari / Peeter,Peeter,Iisaku,Estonia core/west,North Estonian,viP,Peetri,1,1,Peetri (1),Peetri (1),Peeter's (1)
7,Peter / Pietari / Peeter,Pekka/Pekko,Iisalmi,Finland/Savo-Karelia,Finnish,su,Pekka,2,2,Pekka (2),Pekka (2),Pekka (2)
7,Peter / Pietari / Peeter,Peter,Iisalmi,Finland/Savo-Karelia,Finnish,su,Pietari,1,1,Pietari (1),Pietari (1),Peter (1)
7,Peter / Pietari / Peeter,Petteri/Pietari,Iisalmi,Finland/Savo-Karelia,Finnish,su,Pietari,1,1,Pietari (1),Pietarin (1),Pietari's (1)
7,Peter / Pietari / Peeter,Peter,Ilmajoki,Finland/Savo-Karelia,Finnish,su,Pietari,1,1,Pietari (1),Pietari (1),Peter (1)
7,Peter / Pietari / Peeter,Peter,Ilomantsi,Finland/Savo-Karelia,Finnish,su,Pietari,35,13,Pietari (28); Pietar (4); petra (1); Pietari+n (1); Pietari+lle (1),Pietari (12); Pietarille (8); Pietar (8); Pietarin (4); Pietarilta (1); Pietarinen (1),Peter (20); to Peter (8); Peter's (5); from Peter (1); little Peter (1)
7,Peter / Pietari / Peeter,Pekka/Pekko,Ilomantsi,Finland/Savo-Karelia,Finnish,su,Pekka,10,8,Pekka (10),Pekka (5); Pekan (4); Pekkaa (1),Pekka (6); Pekka's (4)
7,Peter / Pietari / Peeter,Peter,Ilomantsi,Finland/Savo-Karelia,Finnish,su,Pekka,3,3,Pekka (3),Pekka (3),Peter (3)
7,Peter / Pietari / Peeter,Pekka/Pekko,Ilomantsi,Finland/Savo-Karelia,Finnish,su,Pekka-poika,1,1,Pekka-poika (1),Pekka-poika (1),Pekka-boy (1)
7,Peter / Pietari / Peeter,Pekka/Pekko,Ilomantsi,Finland/Savo-Karelia,Finnish,su,Pekka/pekko,1,1,pekka (1),Pekka (1),pekka (1)
7,Peter / Pietari / Peeter,Peter,Ilomantsi,Finland/Savo-Karelia,Finnish,su,Petteri,1,1,Petteri (1),Petran (1),Peter's (1)
7,Peter / Pietari / Peeter,Peter,Ilomantsi,Finland/Savo-Karelia,Finnish,su,pietarinpoika,1,1,pietarinpoika (1),Pietarin poika (1),son-of-Peter (1)
7,Peter / Pietari / Peeter,Pekka/Pekko,Impilahti,East Karelia/Veps/Tver,Livvi-Karelian,ka,Pekka,4,4,Pekka (3); pekka (1),Pekka (4),Pekka (4)
7,Peter / Pietari / Peeter,Peter,Impilahti,East Karelia/Veps/Tver,Livvi-Karelian,ka,Pietari,4,4,Petru (2); Pietari (2),Pietarin (3); Petterin (1),Peter's (4)
7,Peter / Pietari / Peeter,Peter,Impilahti,East Karelia/Veps/Tver,Livvi-Karelian,ka,Petri,3,1,Petri (3),Petri (3),Peter (3)
7,Peter / Pietari / Peeter,Peter,Isojoki,Finland/Savo-Karelia,Finnish,su,Pietari,1,1,Pietari (1),Pietari (1),Peter (1)
7,Peter / Pietari / Peeter,Peter,Jaakkima,Finland/Savo-Karelia,Finnish,su,Pietari,3,3,Pietari (3),Pietarin (2); Pietari (1),Peter's (2); Peter (1)
7,Peter / Pietari / Peeter,Pekka/Pekko,Jaakkima,Finland/Savo-Karelia,Finnish,su,Pekka,2,2,Pekka (1); Pekko (1),Pekka (1); Pekko (1),Pekka (1); Pekko (1)
7,Peter / Pietari / Peeter,Pekka/Pekko,Jaakkima,Finland/Savo-Karelia,Finnish,su,Pekko,1,1,Pekko (1),Pekko (1),Pekko (1)
7,Peter / Pietari / Peeter,Peter,Jaakkima,Finland/Savo-Karelia,Finnish,su,Pietarinpoika,1,1,Pietarinpoika (1),Pietarinpoika (1),Peter's son (1)
7,Peter / Pietari / Peeter,Peter,Jaani,Estonia core/west,North Estonian,viP,Peeter,1,1,Peeter (1),Peeter (1),Peter (1)
7,Peter / Pietari / Peeter,Peter,Jalasjärvi,Finland/Savo-Karelia,Finnish,su,Pietari,1,1,Pietari (1),Pietari (1),Peter (1)
7,Peter / Pietari / Peeter,Peter,Janakkala,Finland/Savo-Karelia,Finnish,su,Pietari,1,1,Pietari (1),Pietari (1),Peter (1)
7,Peter / Pietari / Peeter,Pekka/Pekko,Joensuu,Finland/Savo-Karelia,Finnish,su,Pekka,1,1,Pekka (1),Pekka (1),Pekka (1)
7,Peter / Pietari / Peeter,Peter,Johannes,Finland/Savo-Karelia,Finnish,su,Pietari,2,2,Pietari (2),Pietari (2),Peter (2)
7,Peter / Pietari / Peeter,Pekka/Pekko,Joroinen,Finland/Savo-Karelia,Finnish,su,Pekka,4,4,Pekka (4),Pekka (4),Pekka (4)
7,Peter / Pietari / Peeter,Peter,Joroinen,Finland/Savo-Karelia,Finnish,su,Pietari,2,2,pietari (1); Pietari (1),Pietari (1); Pietarin (1),Peter (1); Peter's (1)
7,Peter / Pietari / Peeter,Pekka/Pekko,Joroinen,Finland/Savo-Karelia,Finnish,su,Sonkula-Pekka,1,1,Sonkula-Pekka (1),Sonkula-Pekka (1),Sonkula-Pekka (1)
7,Peter / Pietari / Peeter,Pekka/Pekko,Joutseno,Finland/Savo-Karelia,Finnish,su,pekko,1,1,pekol (1),pekon (1),Pekko's (1)
7,Peter / Pietari / Peeter,Peter,Joutseno,Finland/Savo-Karelia,Finnish,su,Pietari,1,1,Pietari (1),Pietari (1),Peter (1)
7,Peter / Pietari / Peeter,Peter,Jurva,Finland/Savo-Karelia,Finnish,su,Pietari,1,1,Pietari (1),Pietari (1),Peter (1)
7,Peter / Pietari / Peeter,Pekka/Pekko,Juuka,Finland/Savo-Karelia,Finnish,su,Pekka,2,2,Pekka (2),Pekka (2),Pekka (2)
7,Peter / Pietari / Peeter,Peter,Juuka,Finland/Savo-Karelia,Finnish,su,Pietari,1,1,Pietari (1),Pietarin (1),Peter's (1)
7,Peter / Pietari / Peeter,Peter,Juva,Finland/Savo-Karelia,Finnish,su,Pietari,3,3,Pietari (3),Pietari (2); Pietarin (1),Peter (2); of Peter (1)
7,Peter / Pietari / Peeter,Pekka/Pekko,Juva,Finland/Savo-Karelia,Finnish,su,Pekka,1,1,Pekka-han (1),Pekkahan (1),Pekka (1)
7,Peter / Pietari / Peeter,Peter,Juva,Finland/Savo-Karelia,Finnish,su,Petteri,1,1,Petter (1),Petter (1),Peter (1)
7,Peter / Pietari / Peeter,Peter,Jällivaara,Finland/Savo-Karelia,Tornedalen Finnish,su,Petteri,1,1,Petter (1),Petteri (1),Peter (1)
7,Peter / Pietari / Peeter,Peter,Järva-Jaani,Estonia core/west,North Estonian,viP,Peeter,4,3,Peeter (3); peeter (1),Peeter (2); Peetri (1); Peetrille (1),Peter (2); Peter's (1); to Peter (1)
7,Peter / Pietari / Peeter,Peeter,Järva-Jaani,Estonia core/west,North Estonian,viP,Peeter,2,2,Peeter (2),Peetri (1); Peetrile (1),Peeter's (1); to Peeter (1)
7,Peter / Pietari / Peeter,Peeter,Järva-Madise,Estonia core/west,North Estonian,viP,Peeter,3,3,Peeter (3),Peeter (2); Peetri (1),Peeter (2); Peeter's (1)
7,Peter / Pietari / Peeter,Peter,Järva-Madise,Estonia core/west,North Estonian,viP,Peeter,2,2,Peeter (2),Peetril (1); Peeter (1),Peter's (1); Peter (1)
7,Peter / Pietari / Peeter,Peter,Jõelähtme,Estonia core/west,North Estonian,viP,Peeter,3,3,Peeter (3),Peeter (3),Peter (3)
7,Peter / Pietari / Peeter,Peter,Jõhvi,Estonia core/west,North Estonian,viP,Peeter,17,7,Peeter (12); Pieder (2); Pieter (2); Pietar (1),Peeter (12); Peetri (4); Piedri (1),Peter (12); Peter's (4); of Peter (1)
7,Peter / Pietari / Peeter,Peeter,Jõhvi,Estonia core/west,North Estonian,viP,Peeter,2,2,Peeter (2),Peetri (1); Peetrile (1),Peeter's (1); to Peeter (1)
7,Peter / Pietari / Peeter,Peter,Jüri,Estonia core/west,North Estonian,viP,Peeter,1,1,Peeter (1),Peeter (1),Peter (1)
7,Peter / Pietari / Peeter,Peter,Kaarina,Finland/Savo-Karelia,Finnish,su,Pietari,1,1,pietari (1),Pietari (1),Peter (1)
7,Peter / Pietari / Peeter,Peeter,Kaarma,Estonia core/west,North Estonian,viP,Peeter,1,1,Peeter (1),Peeter (1),Peeter (1)
7,Peter / Pietari / Peeter,Pekka/Pekko,Kaavi,Finland/Savo-Karelia,Finnish,su,Pekka,3,3,Pekka (3),Pekka (3),Pekka (3)
7,Peter / Pietari / Peeter,Peter,Kaavi,Finland/Savo-Karelia,Finnish,su,Pietari,2,2,Pietari (2),Pietari (2),Peter (2)
7,Peter / Pietari / Peeter,Petteri/Pietari,Kaavi,Finland/Savo-Karelia,Finnish,su,Pietari,2,2,Pietari (1); Pietari+n (1),Pietariin (1); Pietarin (1),to Pietari (1); Pietari's (1)
7,Peter / Pietari / Peeter,Pekka/Pekko,Kaavi,Finland/Savo-Karelia,Finnish,su,pekko,1,1,pekko (1),pekköö (1),Pekko (1)
7,Peter / Pietari / Peeter,Peeter,Kadrina,Estonia core/west,North Estonian,viP,Peeter,10,8,Peeter (8); peedarie (1); Peetri (1),Peeter (5); Peetri (3); Peedari (1); Peetrilt (1),Peeter (5); Peeter's (4); from Peeter (1)
7,Peter / Pietari / Peeter,Peter,Kadrina,Estonia core/west,North Estonian,viP,Peeter,5,4,Peeter (5),Peeter (4); Peetri (1),Peter (4); Peter's (1)
7,Peter / Pietari / Peeter,Peter,Kalvola,Finland/Savo-Karelia,Finnish,su,Pietari,1,1,Pietari (1),Pietari (1),Peter (1)
7,Peter / Pietari / Peeter,Peeter,Kambja,Estonia core/west,South Estonian,viE,Peeter,3,1,Peeter (3),Peeter (2); Peetrit (1),Peeter (3)
7,Peter / Pietari / Peeter,Peter,Kangasala,Finland/Savo-Karelia,Finnish,su,Pietari,2,2,Pietari (1); pietari (1),Pietari (1); pietari (1),Peter (2)
7,Peter / Pietari / Peeter,Pekka/Pekko,Kangaslampi,Finland/Savo-Karelia,Finnish,su,Pekka,4,4,Pekka (4),Pekka (4),Pekka (4)
7,Peter / Pietari / Peeter,Pekka/Pekko,Kangasniemi,Finland/Savo-Karelia,Finnish,su,Pekka,3,3,Pekka (3),Pekka (3),Pekka (3)
7,Peter / Pietari / Peeter,Peter,Kankaanpää,Finland/Savo-Karelia,Finnish,su,Pietari,1,1,Pietari (1),Pietari (1),Peter (1)
7,Peter / Pietari / Peeter,Peter,Kankaanpää,Finland/Savo-Karelia,Finnish,su,Pyhä Pietari,1,1,pyhäpietari (1),Pyhä Pietari (1),Saint Peter (1)
7,Peter / Pietari / Peeter,Peter,Kaprio,Ingria,Finnish,su,Petteri,1,1,Petteri (1),Petterin (1),Peter's (1)
7,Peter / Pietari / Peeter,Peter,Kaprio,Ingria,Finnish,su,Pietari,1,1,Pietari (1),Pietari (1),Peter (1)
7,Peter / Pietari / Peeter,Peter,Kaprio,Ingria,Finnish,su,Pietarista,1,1,Petteri (1),Pietarista (1),from Peter (1)
7,Peter / Pietari / Peeter,Petteri/Pietari,Kaprio,Ingria,Finnish,su,Petteri,1,1,Petteri (1),Petterin (1),Petteri's (1)
7,Peter / Pietari / Peeter,Peter,Karja,Estonia core/west,North Estonian,viP,Peeter,2,2,Peeter (2),Peetre (1); Peeter (1),Peter's (1); Peter (1)
7,Peter / Pietari / Peeter,Peter,Karksi,Estonia core/west,South Estonian,viE,Peeter,18,9,Peeter (16); Peender (1); piiter (1),Peeter (12); Peetri (3); Peetrit (1); Peetrile (1); Peetereta (1),Peter (13); Peter's (2); into Peter's (1); to Peter (1); without Peter (1)
7,Peter / Pietari / Peeter,Peeter,Karksi,Estonia core/west,South Estonian,viE,Peeter,8,6,Peeter (8),Peeter (5); Peetri (1); Peetriga (1); Peetrit (1),Peeter (5); Peeter's (1); with Peeter (1); Peeter (acc.) (1)
7,Peter / Pietari / Peeter,Peter,Karksi,Estonia core/west,South Estonian,viE,Piiter,1,1,Piiter (1),Piiter (1),Peter (1)
7,Peter / Pietari / Peeter,Peter,Karksi,Estonia core/west,South Estonian,viE,Piiteririie,1,1,Piiteri riie (1),Piiteririie (1),Peter-cloth (1)
7,Peter / Pietari / Peeter,Pekka/Pekko,Karstula,Finland/Savo-Karelia,Finnish,su,Pekka,1,1,Pekka (1),Pekka (1),Pekka (1)
7,Peter / Pietari / Peeter,Peter,Karttula,Finland/Savo-Karelia,Finnish,su,Pietari,3,3,Pietari (2); Petter (1),Pietari (2); petter (1),Peter (3)
7,Peter / Pietari / Peeter,Pekka/Pekko,Karttula,Finland/Savo-Karelia,Finnish,su,Pekka,1,1,Pekka (1),Pekka (1),Pekka (1)
7,Peter / Pietari / Peeter,Peter,Karula,South Estonia/Seto,South Estonian,viE,Peeter,2,1,Piiter (2),Piiter (1); Piidri (1),Peter (1); Peter's (1)
7,Peter / Pietari / Peeter,Petteri/Pietari,Karula,South Estonia/Seto,South Estonian,viE,Piitre,1,1,piitre (1),Piitre (1),Piitre (1)
7,Peter / Pietari / Peeter,Peter,Karuna,Finland/Savo-Karelia,Finnish,su,Pietari,2,2,Pietari (2),Pietaris (1); Pietari (1),Peter (2)
7,Peter / Pietari / Peeter,Pekka/Pekko,Karuna,Finland/Savo-Karelia,Finnish,su,Pekka,1,1,Pekka (1),Pekka (1),Pekka (1)
7,Peter / Pietari / Peeter,Pekka/Pekko,Karunki,Finland/Savo-Karelia,Finnish,su,Pekka,1,1,Pekka (1),Pekka (1),Pekka (1)
7,Peter / Pietari / Peeter,Peter,Karunki,Finland/Savo-Karelia,Finnish,su,Pietari,1,1,pietari (1),Pietari (1),Peter (1)
7,Peter / Pietari / Peeter,Peeter,Karuse,Estonia core/west,North Estonian,viP,Peeter,1,1,Peeter (1),Peetri (1),Peeter's (1)
7,Peter / Pietari / Peeter,Peter,Kattila,Ingria,Votic,su,Pietarin,2,1,Petterin (1); petterin (1),Pietarin (2),Peter's (2)
7,Peter / Pietari / Peeter,Peter,Kattila,Ingria,Votic,su,Pietari,1,1,petterii (1),Pietariin (1),to Peter (1)
7,Peter / Pietari / Peeter,Petteri/Pietari,Kattila,Ingria,Votic,su,Petteri,1,1,Petteri (1),Petteristä (1),from Petteri (1)
7,Peter / Pietari / Peeter,Peter,Kauhajoki,Finland/Savo-Karelia,Finnish,su,pieni poika & Pietari,1,1,pikipoika & Pietari (1),pikipoian pietari (1),Peter the little boy (1)
7,Peter / Pietari / Peeter,Peter,Kauhajoki,Finland/Savo-Karelia,Finnish,su,pikipoika & Pietari,1,1,pikipoika & pietari (1),pikipoianpietari (1),Pitch-boy-Peter (1)
7,Peter / Pietari / Peeter,Peter,Kauhava,Finland/Savo-Karelia,Finnish,su,Pietari,1,1,Pietari (1),Pietari (1),Peter (1)
7,Peter / Pietari / Peeter,Peter,Kauhava,Finland/Savo-Karelia,Finnish,su,Pikipietari,1,1,Pikipietari (1),Pikipietari (1),Pitch-Peter (1)
7,Peter / Pietari / Peeter,Peter,Kauhava,Finland/Savo-Karelia,Finnish,su,pikipietari,1,1,piki-Pietari (1),Pikipietari (1),tar-Peter (1)
7,Peter / Pietari / Peeter,Pekka/Pekko,Kaukola,Finland/Savo-Karelia,Finnish,su,Pekka,1,1,Pekka (1),Pekalta (1),from Pekka (1)
7,Peter / Pietari / Peeter,Pekka/Pekko,Kaukola,Finland/Savo-Karelia,Finnish,su,Pekko,1,1,Pekko (1),Pekko (1),Pekko (1)
7,Peter / Pietari / Peeter,Peter,Kaukola,Finland/Savo-Karelia,Finnish,su,Pietari,1,1,Pietari (1),Pietariin (1),To Peter (1)
7,Peter / Pietari / Peeter,Peter,Kaustinen,Finland/Savo-Karelia,Finnish,su,Petter,1,1,Petter (1),Petter (1),Peter (1)
7,Peter / Pietari / Peeter,Peter,Keikyä,Finland/Savo-Karelia,Finnish,su,Pietari,1,1,Pietari (1),Pietarin (1),Peter's (1)
7,Peter / Pietari / Peeter,Peter,Keila,Estonia core/west,North Estonian,viP,Peeter,1,1,Peeter (1),Peeter (1),Peter (1)
7,Peter / Pietari / Peeter,Peter,Kemi,Finland/Savo-Karelia,Finnish,su,Petteri,2,2,Petter (2),Petter (2),Peter (2)
7,Peter / Pietari / Peeter,Pekka/Pekko,Kemi,Finland/Savo-Karelia,Finnish,su,Pekka,1,1,Pekka (1),Pekka (1),Pekka (1)
7,Peter / Pietari / Peeter,Peter,Kemi,Finland/Savo-Karelia,Finnish,su,Pietari,1,1,Petter (1),Petter (1),Peter (1)
7,Peter / Pietari / Peeter,Pekka/Pekko,Kerimäki,Finland/Savo-Karelia,Finnish,su,Pekka,4,3,Pekka (4),Pekka (4),Pekka (4)
7,Peter / Pietari / Peeter,Peter,Kerimäki,Finland/Savo-Karelia,Finnish,su,Pietari,1,1,Pietari (1),Pietari (1),Peter (1)
7,Peter / Pietari / Peeter,Pekka/Pekko,Kestilä,Finland/Savo-Karelia,Finnish,su,Pekka,3,2,Pekka (3),Pekka (2); Pekan (1),Pekka (2); Pekka's (1)
7,Peter / Pietari / Peeter,Peter,Kesälahti,Finland/Savo-Karelia,Finnish,su,Pietari,7,3,Pietari (6); Pietari-n (1),Pietarille (3); Pietari (2); Pietarin (1); Pietarilta (1),to Peter (3); Peter (2); Peter's (1); from Peter (1)
7,Peter / Pietari / Peeter,Pekka/Pekko,Kesälahti,Finland/Savo-Karelia,Finnish,su,Pekka,1,1,Pekka (1),Pekka (1),Pekka (1)
7,Peter / Pietari / Peeter,Peter,Kiihtelysvaara,Finland/Savo-Karelia,Finnish,su,Pietari,8,5,Pietari (8),Pietari (4); Pietarin (3); Pietarille (1),Peter (5); Peter's (2); to Peter (1)
7,Peter / Pietari / Peeter,Pekka/Pekko,Kiihtelysvaara,Finland/Savo-Karelia,Finnish,su,Pekka,1,1,Pekka (1),Pekka (1),Pekka (1)
7,Peter / Pietari / Peeter,Peter,Kiikka,Finland/Savo-Karelia,Finnish,su,Petteri,1,1,Petteri (1),Petteri (1),Peter (1)
7,Peter / Pietari / Peeter,Peter,Kiikoinen,Finland/Savo-Karelia,Finnish,su,Pietari,1,1,Pietari (1),Pietari (1),Peter (1)
7,Peter / Pietari / Peeter,Pekka/Pekko,Kirvu,Finland/Savo-Karelia,Finnish,su,Pekka,1,1,Pekka (1),Pekka (1),Pekka (1)
7,Peter / Pietari / Peeter,Pekka/Pekko,Kirvu,Finland/Savo-Karelia,Finnish,su,Pekko,1,1,Pekko (1),Pekon (1),Pekko's (1)
7,Peter / Pietari / Peeter,Peter,Kisko,Finland/Savo-Karelia,Finnish,su,Pietari,1,1,Pietari (1),Pietari (1),Peter (1)
7,Peter / Pietari / Peeter,Pekka/Pekko,Kitee,Finland/Savo-Karelia,Finnish,su,Pekka,7,5,Pekka (7),Pekka (5); Pekan (2),Pekka (5); Pekka's (2)
7,Peter / Pietari / Peeter,Peter,Kitee,Finland/Savo-Karelia,Finnish,su,Pietari,7,5,Pietari (3); Pietar (3); pietarin (1),Pietari (4); Pietarin (2); Pietar (1),Peter (5); Peter's (2)
7,Peter / Pietari / Peeter,Peter,Kiukainen,Finland/Savo-Karelia,Finnish,su,Pietari,1,1,Pietari (1),Pietari (1),Peter (1)
7,Peter / Pietari / Peeter,Pekka/Pekko,Kiuruvesi,Finland/Savo-Karelia,Finnish,su,Pekka,6,6,Pekka (6),Pekka (6),Pekka (6)
7,Peter / Pietari / Peeter,Pekka/Pekko,Kiuruvesi,Finland/Savo-Karelia,Finnish,su,Ystävä-Pekka,1,1,Ystävä-Pekka (1),Ystävä-Pekka (1),Friend-Pekka (1)
7,Peter / Pietari / Peeter,Peter,Kiuruvesi,Finland/Savo-Karelia,Finnish,su,Pietari,1,1,Pietari (1),Pietarin (1),Peter's (1)
7,Peter / Pietari / Peeter,Peter,Kivennapa,Finland/Savo-Karelia,Finnish,su,Pietari,4,4,Pietari (2); Pietarii (2),Pietari (1); Pietariin (1); Pietarii (1); Pietarina (1),Peter (2); Peter's (1); as Peter (1)
7,Peter / Pietari / Peeter,Pekka/Pekko,Kivennapa,Finland/Savo-Karelia,Finnish,su,Pekka,1,1,Pekka (1),Pekka (1),Pekka (1)
7,Peter / Pietari / Peeter,Petteri/Pietari,Kivennapa,Finland/Savo-Karelia,Finnish,su,pietarinpoika,1,1,pietarinpoika (1),Pietarinpoika (1),son of Pietari (1)
7,Peter / Pietari / Peeter,Peter,Kodavere,Estonia core/west,North Estonian,viP,Peeter,1,1,Peeter (1),Peeter (1),Peter (1)
7,Peter / Pietari / Peeter,Peter,Koeru,Estonia core/west,North Estonian,viP,Peeter,10,3,Peeter (10),Peeter (9); Peeterile (1),Peter (9); to Peter (1)
7,Peter / Pietari / Peeter,Peeter,Koeru,Estonia core/west,North Estonian,viP,Peeter,3,2,Peeter (3),Peetrikene (1); Peetri (1); Peeter (1),little Peeter (1); Peeter's (1); Peeter (1)
7,Peter / Pietari / Peeter,Peter,Koeru,Estonia core/west,North Estonian,viP,peeter,2,1,peter (2),peetristi (1); peetri (1),Peter's way (1); Peter's (1)
7,Peter / Pietari / Peeter,Pekka/Pekko,Koivisto,Finland/Savo-Karelia,Finnish,su,Pekka,5,3,Pekka (4); Pekko (1),Pekka (4); Pekko (1),Pekka (4); Pekko (1)
7,Peter / Pietari / Peeter,Peter,Koivisto,Finland/Savo-Karelia,Finnish,su,Petteri,1,1,Petteri (1),Petteri (1),Peter (1)
7,Peter / Pietari / Peeter,Peter,Koivisto,Finland/Savo-Karelia,Finnish,su,Pietari,1,1,pietar (1),pietari (1),Peter/staff (1)
7,Peter / Pietari / Peeter,Peter,Kolga-Jaani,Estonia core/west,North Estonian,viP,Peeter,10,2,Piiter (5); peeter (3); peetri (1); peetril (1),Peeter (6); Peetril (2); Peetrile (1); Peetri (1),Peter (8); Peter's (1); at Peter (1)
7,Peter / Pietari / Peeter,Peeter,Kolga-Jaani,Estonia core/west,North Estonian,viP,Peeter,3,2,Piit (1); Peeder (1); Peeter (1),Piitu (1); Peedrist (1); Peedi (1),Peeter (name) (1); Peeter's place (1); Peeter's (1)
7,Peter / Pietari / Peeter,Peter,Kolga-Jaani,Estonia core/west,North Estonian,viP,peetrikene,1,1,Peetri+kene (1),peetrikene (1),little Peter (1)
7,Peter / Pietari / Peeter,Pekka/Pekko,Konnevesi,Finland/Savo-Karelia,Finnish,su,Pekka,1,1,Pekka (1),Pekka (1),Pekka (1)
7,Peter / Pietari / Peeter,Peter,Kontiolahti,Finland/Savo-Karelia,Finnish,su,Pietari,4,3,Pietari (2); Pietar (2),Pietarin (2); Pietar (2),Peter (2); Peter's (1); of Peter (1)
7,Peter / Pietari / Peeter,Pekka/Pekko,Kontiolahti,Finland/Savo-Karelia,Finnish,su,Pekka,2,2,Pekka (2),Pekka (2),Pekka (2)
7,Peter / Pietari / Peeter,Peter,Kontokki,East Karelia/Veps/Tver,Karelian Proper,ka,Petri,1,1,Petri (1),Petri (1),Peter (1)
7,Peter / Pietari / Peeter,Peter,Kontokki,East Karelia/Veps/Tver,Karelian Proper,ka,Petteri & luu,1,1,Petteri & luu (1),Petterin luineen (1),Peter's bones (1)
7,Peter / Pietari / Peeter,Peter,Kontokki,East Karelia/Veps/Tver,Karelian Proper,ka,petralaukka,1,1,petralaukka (1),Petralaukan (1),Peter's-field.GEN (1)
7,Peter / Pietari / Peeter,Pekka/Pekko,Koprina,Ingria,Finnish,su,Pekka,1,1,Pekko (1),Pekko (1),Pekko (1)
7,Peter / Pietari / Peeter,Peter,Korpiselkä,East Karelia/Veps/Tver,Karelian Proper,ka,Pietari,19,4,Pietari (17); Pietar (2),Pietari (13); Pietarin (3); Pietarille (1); Pietarilta (1); Pietaria (1),Peter (15); Peter's (2); to Peter (1); from Peter (1)
7,Peter / Pietari / Peeter,Peter,Korpiselkä,East Karelia/Veps/Tver,Karelian Proper,ka,Pedri,5,1,Pedri (5),Pedrillään (3); Pedrin (1); Pedri (1),with his Peter (3); Peter's (1); Peter (1)
7,Peter / Pietari / Peeter,Pekka/Pekko,Korpiselkä,East Karelia/Veps/Tver,Karelian Proper,ka,Pekka,1,1,Pekka (1),Pekka (1),Pekka (1)
7,Peter / Pietari / Peeter,Pekka/Pekko,Korpiselkä,East Karelia/Veps/Tver,Karelian Proper,ka,pekon,1,1,pekko+n (1),pekon (1),Pekko's (1)
7,Peter / Pietari / Peeter,Peter,Korpiselkä,East Karelia/Veps/Tver,Karelian Proper,ka,Pekka,1,1,pekka (1),Pekka (1),Peter (1)
7,Peter / Pietari / Peeter,Petteri/Pietari,Korpiselkä,East Karelia/Veps/Tver,Karelian Proper,ka,Pedri,1,1,Pedri (1),Pedri (1),Pedri (1)
7,Peter / Pietari / Peeter,Peter,Kose,Estonia core/west,North Estonian,viP,Peeter,3,3,Peeter (3),Peetri (2); Peeter (1),Peter's (2); Peter (1)
7,Peter / Pietari / Peeter,Peeter,Kose,Estonia core/west,North Estonian,viP,Peeter,1,1,Peeter (1),Peetri (1),Peeter's (1)
7,Peter / Pietari / Peeter,Pekka/Pekko,Kuhmo,Finland/Savo-Karelia,Finnish,su,Pekka,2,2,Pekka (2),Pekka (2),Pekka (2)
7,Peter / Pietari / Peeter,Peter,Kuhmo,Finland/Savo-Karelia,Finnish,su,Pietari,1,1,Pietari (1),Pietari (1),Peter (1)
7,Peter / Pietari / Peeter,Peter,Kuhmoinen,Finland/Savo-Karelia,Finnish,su,Pietari,4,4,Pietari (3); Pietar (1),Pietari (3); Pietaria (1),Peter (3); (of) Peter (1)
7,Peter / Pietari / Peeter,Peeter,Kullamaa,Estonia core/west,North Estonian,viP,Peeter,2,1,Peeter (2),Peetri (2),Peeter's (2)
7,Peter / Pietari / Peeter,Pekka/Pekko,Kuolemajärvi,Finland/Savo-Karelia,Finnish,su,Pekka,1,1,Pekka (1),Pekka (1),Pekka (1)
7,Peter / Pietari / Peeter,Peter,Kuolemajärvi,Finland/Savo-Karelia,Finnish,su,Pietari,1,1,pietar (1),Pietarin (1),Peter's (1)
7,Peter / Pietari / Peeter,Peter,Kuolemajärvi,Finland/Savo-Karelia,Finnish,su,Pietarinpoika,1,1,Pietarinpoika (1),Pietarinpoika (1),son-of-Peter (1)
7,Peter / Pietari / Peeter,Pekka/Pekko,Kuopio,Finland/Savo-Karelia,Finnish,su,Pekka,5,5,Pekka (5),Pekka (4); Pekkakin (1),Pekka (4); Pekka too (1)
7,Peter / Pietari / Peeter,Peter,Kuopio,Finland/Savo-Karelia,Finnish,su,Pietari,2,2,Pietari (2),Pietarin (2),Peter's (2)
7,Peter / Pietari / Peeter,Peter,Kupanitsa,Ingria,Finnish,su,Pietari,1,1,Pietari (1),Pietari (1),Peter (1)
7,Peter / Pietari / Peeter,Peter,Kurkijoki,Finland/Savo-Karelia,Finnish,su,Petteri,1,1,Petteri (1),Petteri (1),Peter (1)
7,Peter / Pietari / Peeter,Peter,Kursi,Estonia core/west,North Estonian,viP,Peeter,2,1,Peeter (2),Peetri (1); Peeter (1),Peter's (1); Peter (1)
7,Peter / Pietari / Peeter,Peter,Kuusalu,Estonia core/west,North Estonian,viP,Peeter,8,6,Pieter (3); Pietrus (2); Peeter (2); Petraluis (1),Peeter (4); Peetri (2); Peetrus (1); Peetruse (1),Peter (5); Peter's (3)
7,Peter / Pietari / Peeter,Peeter,Kuusalu,Estonia core/west,North Estonian,viP,Peeter,2,2,Peeter (2),Peetrile (1); Peeter (1),to Peeter (1); Peeter (1)
7,Peter / Pietari / Peeter,Peter,Kuusalu,Estonia core/west,North Estonian,viP,petraluu,2,1,petraluine (2),petraluuine (2),Peter's-boned (2)
7,Peter / Pietari / Peeter,Peeter,Kuusalu,Estonia core/west,North Estonian,viP,peetri,1,1,peedi (1),peedi (1),Peeter's (1)
7,Peter / Pietari / Peeter,Peter,Kuusalu,Estonia core/west,North Estonian,viP,Peetripurk,1,1,Peederpurg (1),Peetripurgi (1),Peter's-purse (1)
7,Peter / Pietari / Peeter,Peter,Kuusalu,Estonia core/west,North Estonian,viP,Petraluu (compound),1,1,Petraluu (1),Petraluise (1),Peter-boned (1)
7,Peter / Pietari / Peeter,Peter,Kuusjoki,Finland/Savo-Karelia,Finnish,su,Pietari,2,2,Pietari (2),Pietari (2),Peter (2)
7,Peter / Pietari / Peeter,Peter,Kuusjärvi,Finland/Savo-Karelia,Finnish,su,Pietari,2,1,Pietari (2),Pietari (2),Peter (2)
7,Peter / Pietari / Peeter,Peter,Kymi,Finland/Savo-Karelia,Finnish,su,Pietari,2,2,pietari (1); Pietari (1),Pietari (2),Peter (2)
7,Peter / Pietari / Peeter,Peeter,Käina,Estonia core/west,North Estonian,viP,Peeter,1,1,Peeter (1),Peeter (1),Peeter (1)
7,Peter / Pietari / Peeter,Peter,Käkisalmi,Finland/Savo-Karelia,Finnish,su,Pietari,1,1,Pietari (1),Pietarista (1),from St. Peter (1)
7,Peter / Pietari / Peeter,Peeter,Kärla,Estonia core/west,North Estonian,viP,Peeter,3,1,Peeter (3),Peeter (3),Peeter (3)
7,Peter / Pietari / Peeter,Peter,Kärla,Estonia core/west,North Estonian,viP,Peeter,1,1,Peeteri (1),Peetri (1),Peter's (1)
7,Peter / Pietari / Peeter,Peeter,Kõpu,Estonia core/west,North Estonian,viP,Peeter,2,2,Peeter (2),Peetri (2),Peeter's (2)
7,Peter / Pietari / Peeter,Peter,Kõpu,Estonia core/west,North Estonian,viP,Peetrus,2,1,Peetrus (2),Peetrus (2),Peter (2)
7,Peter / Pietari / Peeter,Peter,Lahti,Finland/Savo-Karelia,Finnish,su,Pietari,1,1,Pietari (1),Pietari (1),Peter (1)
7,Peter / Pietari / Peeter,Peter,Lahti,Finland/Savo-Karelia,Finnish,su,piki&pöksy&Pietari,1,1,piki&pöksy&Pietari (1),pikipöksy-Pietari (1),pitch-pants Peter (1)
7,Peter / Pietari / Peeter,Peter,Lahti,Finland/Savo-Karelia,Finnish,su,pikipöksypietari,1,1,pikipöksypietari (1),pikipöksypietari (1),pitch-pants-Peter (1)
7,Peter / Pietari / Peeter,Peter,Laihia,Finland/Savo-Karelia,Finnish,su,Pietari,4,4,Piatari (2); Pietari (2),Piatari (2); Pietari (2),Peter (4)
7,Peter / Pietari / Peeter,Peter,Laihia,Finland/Savo-Karelia,Finnish,su,Petteri,1,1,Petteri (1),Petteri (1),Peter (1)
7,Peter / Pietari / Peeter,Peeter,Laiuse,Estonia core/west,North Estonian,viP,Peeter,2,2,Peeter (2),Peeter (1); Peetriga (1),Peeter (1); with Peeter (1)
7,Peter / Pietari / Peeter,Peter,Laiuse,Estonia core/west,North Estonian,viP,Peeter,1,1,Peeter (1),Peeter (1),Peter (1)
7,Peter / Pietari / Peeter,Peter,Laiuse,Estonia core/west,North Estonian,viP,Peetrus,1,1,Peetrus (1),Peetrus (1),Peter (1)
7,Peter / Pietari / Peeter,Peter,Lapinjärvi,Finland/Savo-Karelia,Outside selected Finnic areas,ru,pikipietari,1,1,pikipietar (1),Pikipietari (1),tar-Peter (1)
7,Peter / Pietari / Peeter,Pekka/Pekko,Lapinlahti,Finland/Savo-Karelia,Finnish,su,pikku-Pekka,1,1,pikkupekka (1),pikku-Pekka (1),little-Pekka (1)
7,Peter / Pietari / Peeter,Petteri/Pietari,Lapinlahti,Finland/Savo-Karelia,Finnish,su,Pietari,1,1,Pietari (1),Pietarin (1),Pietari's (1)
7,Peter / Pietari / Peeter,Peter,Lappajärvi,Finland/Savo-Karelia,Finnish,su,Pietari,1,1,Petter (1),Petter (1),Peter (1)
7,Peter / Pietari / Peeter,Pekka/Pekko,Lappee,Finland/Savo-Karelia,Finnish,su,Pekka,3,1,Pekko (3),Pekko (3),Pekko (3)
7,Peter / Pietari / Peeter,Peter,Lappee,Finland/Savo-Karelia,Finnish,su,Pietari,2,2,Pietar (1); Pietari (1),Pietarin (1); Pietari (1),Peter's (1); Peter (1)
7,Peter / Pietari / Peeter,Pekka/Pekko,Lapua,Finland/Savo-Karelia,Finnish,su,Pekka,1,1,Pekka (1),Pekka (1),Pekka (1)
7,Peter / Pietari / Peeter,Peter,Lapväärtti,Finland/Savo-Karelia,Outside selected Finnic areas,ru,Pietari,1,1,Pietari (1),Pietari (1),Peter (1)
7,Peter / Pietari / Peeter,Peter,Laukaa,Finland/Savo-Karelia,Finnish,su,Pietari,1,1,Pietari (1),Pietari (1),Peter (1)
7,Peter / Pietari / Peeter,Pekka/Pekko,Lavansaari,Finland/Savo-Karelia,Finnish,su,Pekka,1,1,Pekka-lla (1),Pekalla (1),at Pekka's (1)
7,Peter / Pietari / Peeter,Peter,Lekvattnet,Finland/Savo-Karelia,Finnish,su,Pietari,1,1,Pietarin (1),Pietarin (1),Peter's (1)
7,Peter / Pietari / Peeter,Pekka/Pekko,Lemi,Finland/Savo-Karelia,Finnish,su,Pekka,1,1,Pekka (1),Pekka (1),Pekka (1)
7,Peter / Pietari / Peeter,Pekka/Pekko,Lemi,Finland/Savo-Karelia,Finnish,su,Pekko,1,1,Pekko (1),Pekko (1),Pekko (1)
7,Peter / Pietari / Peeter,Peter,Lemi,Finland/Savo-Karelia,Finnish,su,Pekko-Pietar,1,1,Pekko-Pietar (1),Pekko-Pietar (1),Pekko-Peter's (1)
7,Peter / Pietari / Peeter,Peter,Lemi,Finland/Savo-Karelia,Finnish,su,Pietari,1,1,Pietari (1),Pietari (1),Peter (1)
7,Peter / Pietari / Peeter,Peter,Lempaala,Finland/Savo-Karelia,Finnish,su,Pietari,2,2,pietarilt (1); Pietari (1),Pietarilta (1); Pietariin (1),from Peter (1); to Peter (1)
7,Peter / Pietari / Peeter,Peter,Lempaala,Finland/Savo-Karelia,Finnish,su,Pietarista,1,1,pietariist (1),Pietarista (1),from Peter (1)
7,Peter / Pietari / Peeter,Petteri/Pietari,Lempaala,Finland/Savo-Karelia,Finnish,su,Pietari,1,1,Pietäri (1),Pietarista (1),from Pietari (1)
7,Peter / Pietari / Peeter,Pekka/Pekko,Leppävirta,Finland/Savo-Karelia,Finnish,su,Pekka,8,8,Pekka (8),Pekka (8),Pekka (8)
7,Peter / Pietari / Peeter,Peter,Leppävirta,Finland/Savo-Karelia,Finnish,su,Pietari,4,4,Pietari (4),Pietari (4),Peter (4)
7,Peter / Pietari / Peeter,Peter,Lieto,Finland/Savo-Karelia,Finnish,su,Pietari,1,1,Pietari (1),Pietari (1),Peter (1)
7,Peter / Pietari / Peeter,Peter,Liissilä,Ingria,Finnish,su,Pietari,5,5,Pietari (4); piitteriis (1),Pietarin (4); Pietari (1),Peter's (2); Peter (2); of Peter (1)
7,Peter / Pietari / Peeter,Pekka/Pekko,Liminka,Finland/Savo-Karelia,Finnish,su,Pekka,2,1,Pekka (2),Pekka (2),Pekka (2)
7,Peter / Pietari / Peeter,Pekka/Pekko,Liperi,Finland/Savo-Karelia,Finnish,su,Pekka,1,1,pekka (1),pekka (1),Pekka (1)
7,Peter / Pietari / Peeter,Peter,Liperi,Finland/Savo-Karelia,Finnish,su,Petteri,1,1,Petteri (1),Petteri (1),Peter (1)
7,Peter / Pietari / Peeter,Peter,Liperi,Finland/Savo-Karelia,Finnish,su,Pietari,1,1,Pietari (1),Pietarin (1),Peter's (1)
7,Peter / Pietari / Peeter,Peter,Liperi,Finland/Savo-Karelia,Finnish,su,Pietarin,1,1,petran (1),Pietarin (1),Peter's (1)
7,Peter / Pietari / Peeter,Peter,Loppi,Finland/Savo-Karelia,Finnish,su,Pietari,2,2,Piatari (1); Pietari (1),Pietari (1); Pietariapa (1),Peter (2)
7,Peter / Pietari / Peeter,Peter,Luhanka,Finland/Savo-Karelia,Finnish,su,Pietari,1,1,Pietar (1),Pietari (1),Peter (1)
7,Peter / Pietari / Peeter,Pekka/Pekko,Lumivaara,Finland/Savo-Karelia,Finnish,su,Pekka,1,1,Pekka (1),Pekka (1),Pekka (1)
7,Peter / Pietari / Peeter,Peter,Lumivaara,Finland/Savo-Karelia,Finnish,su,Pietari,1,1,Pietari (1),Pietarista (1),from Peter (1)
7,Peter / Pietari / Peeter,Peter,Längelmäki,Finland/Savo-Karelia,Finnish,su,Pietari,2,2,Pietari (2),Pietari (2),Peter (2)
7,Peter / Pietari / Peeter,Peeter,Lääne-Nigula,Estonia core/west,North Estonian,viP,Peeter,2,1,Peeter (2),Peetrile (1); Peetri (1),Peeter (name) (1); Peeter's (1)
7,Peter / Pietari / Peeter,Peter,Lüganuse,Estonia core/west,North Estonian,viP,Peeter,2,1,Peeter (2),Peeter (2),Peter (2)
7,Peter / Pietari / Peeter,Pekka/Pekko,Maaninka,Finland/Savo-Karelia,Finnish,su,Pekka,7,7,Pekka (7),Pekka (6); Pekalle (1),Pekka (6); to Pekka (1)
7,Peter / Pietari / Peeter,Peter,Maaninka,Finland/Savo-Karelia,Finnish,su,Pietari,2,2,Pietari (2),Pietari (1); Pietarin (1),Peter (1); Peter's (1)
7,Peter / Pietari / Peeter,Peter,Maaninka,Finland/Savo-Karelia,Finnish,su,Petteri,1,1,Petteri (1),Petteri (1),Peter (1)
7,Peter / Pietari / Peeter,Peter,Maaninka,Finland/Savo-Karelia,Finnish,su,pietarinpoika,1,1,pietarinpoika (1),Pietarinpoika (1),son of Peter (1)
7,Peter / Pietari / Peeter,Peter,Maaria,Finland/Savo-Karelia,Finnish,su,Petteri,1,1,Petteri (1),Petteri (1),Peter (1)
7,Peter / Pietari / Peeter,Peter,Maaria,Finland/Savo-Karelia,Finnish,su,Pietari,1,1,Pietari (1),Pietari (1),Peter (1)
7,Peter / Pietari / Peeter,Peter,Maarja-Magdaleena,Estonia core/west,North Estonian,viP,Peeter,3,2,Peeter (3),Peeter (3),Peter (3)
7,Peter / Pietari / Peeter,Peeter,Maarja-Magdaleena,Estonia core/west,North Estonian,viP,Peeter,1,1,Peeter (1),Peeter (1),Peeter (1)
7,Peter / Pietari / Peeter,Peter,Markkova,Ingria,Finnish,suI,Pietari,1,1,Pietari (1),Pietarilla (1),at Peter's (1)
7,Peter / Pietari / Peeter,Peter,Martna,Estonia core/west,North Estonian,viP,Peeter,1,1,Peeter (1),Peetri (1),Peter's (1)
7,Peter / Pietari / Peeter,Peter,Merijärvi,Finland/Savo-Karelia,Finnish,su,Pietari,1,1,Pieta (1),Pieta (1),Peter (1)
7,Peter / Pietari / Peeter,Peter,Merikarvia,Finland/Savo-Karelia,Outside selected Finnic areas,ru,Pietari,1,1,Piatari (1),Pietari (1),Peter (1)
7,Peter / Pietari / Peeter,Peter,Merimasku,Finland/Savo-Karelia,Finnish,su,Pietari,2,2,Pietari (1); piatari (1),Pietari (2),Peter (2)
7,Peter / Pietari / Peeter,Petteri/Pietari,Messukylä,Finland/Savo-Karelia,Finnish,su,Pietari,1,1,Pietari (1),Pietarista (1),from Pietari (1)
7,Peter / Pietari / Peeter,Pekka/Pekko,Metsäpirtti,Finland/Savo-Karelia,Finnish,su,Pekka,1,1,Pekka (1),Pekka (1),Pekka (1)
7,Peter / Pietari / Peeter,Peter,Metsäpirtti,Finland/Savo-Karelia,Finnish,su,Pietari,1,1,Pietari (1),Pietarista (1),from Peter (1)
7,Peter / Pietari / Peeter,Peter,Metsäpirtti,Finland/Savo-Karelia,Finnish,su,pikipöksypietari,1,1,pikipöksypietari (1),pikipöksypietari (1),Pitch-breeches-Peter (1)
7,Peter / Pietari / Peeter,Petteri/Pietari,Metsäpirtti,Finland/Savo-Karelia,Finnish,su,Pietarinpoika,1,1,Pietarinpoika (1),Pietarinpoika (1),son of Pietari (1)
7,Peter / Pietari / Peeter,Peter,Miehikkälä,Finland/Savo-Karelia,Finnish,su,Pietari,1,1,Pietari (1),pietar (1),Peter (1)
7,Peter / Pietari / Peeter,Peter,Mikkeli,Finland/Savo-Karelia,Finnish,su,Pietari,1,1,Pietari (1),Pietari (1),Peter (1)
7,Peter / Pietari / Peeter,Peter,Moloskovitsa,Ingria,Finnish,su,Pietari,5,5,Pietari (4); Pitterin (1),Pietaria (3); Pietarin (2),Peter's (3); Peter (2)
7,Peter / Pietari / Peeter,Pekka/Pekko,Moloskovitsa,Ingria,Finnish,su,Pekko,2,1,Pekko (2),Pekolta (1); Pekko (1),from Pekko (1); Pekko (1)
7,Peter / Pietari / Peeter,Petteri/Pietari,Moloskovitsa,Ingria,Finnish,su,Pietari,1,1,Pietari (1),Pietariin (1),to Pietari (1)
7,Peter / Pietari / Peeter,Pekka/Pekko,Muhos,Finland/Savo-Karelia,Finnish,su,Pekka,1,1,Pekka (1),Pekka (1),Pekka (1)
7,Peter / Pietari / Peeter,Peter,Muhu,Estonia core/west,North Estonian,viP,Peeter,5,3,Peeter (4); pieter (1),Peeter (4); Peetrit (1),Peter (5)
7,Peter / Pietari / Peeter,Pekka/Pekko,Muolaa,Finland/Savo-Karelia,Finnish,su,Pekka,1,1,Pekka (1),Pekka (1),Pekka (1)
7,Peter / Pietari / Peeter,Pekka/Pekko,Muolaa,Finland/Savo-Karelia,Finnish,su,Pekko,1,1,Pekko (1),Pekko (1),Pekko (deity) (1)
7,Peter / Pietari / Peeter,Peter,Muolaa,Finland/Savo-Karelia,Finnish,su,Pekka,1,1,Pekka (1),Pekka (1),Peter (1)
7,Peter / Pietari / Peeter,Peter,Muolaa,Finland/Savo-Karelia,Finnish,su,Pietari,1,1,Pietari (1),Pietari (1),Peter (1)
7,Peter / Pietari / Peeter,Peter,Muolaa,Finland/Savo-Karelia,Finnish,su,pitkäpietari,1,1,pitkäpietari (1),pitkäpietari (1),Long-Peter (1)
7,Peter / Pietari / Peeter,Peter,Muonio,Finland/Savo-Karelia,Finnish,su,Petteri,1,1,Petter (1),Petteri (1),Peter (1)
7,Peter / Pietari / Peeter,Peeter,Mustjala,Estonia core/west,North Estonian,viP,Peeter,1,1,Peeter (1),Peetri (1),Peeter's (1)
7,Peter / Pietari / Peeter,Peter,Muurla,Finland/Savo-Karelia,Finnish,su,Petteri,1,1,Petteri (1),Petteri (1),Peter (1)
7,Peter / Pietari / Peeter,Peter,Muurla,Finland/Savo-Karelia,Finnish,su,Pietari,1,1,Pietari (1),Pietari (1),Peter (1)
7,Peter / Pietari / Peeter,Peter,Mäntsälä,Finland/Savo-Karelia,Finnish,su,Pietari,1,1,Pietari (1),Pietari (1),Peter (1)
7,Peter / Pietari / Peeter,Peter,Mänttä,Finland/Savo-Karelia,Finnish,su,pikipoksypietari,1,1,pikipoksypietari (1),pikipoksypietari (1),Pitch-Knocker-Peter (1)
7,Peter / Pietari / Peeter,Pekka/Pekko,Mäntyharju,Finland/Savo-Karelia,Finnish,su,Pekka,2,1,Pekka (2),Pekka (2),Pekka (2)
7,Peter / Pietari / Peeter,Petteri/Pietari,Mäntyharju,Finland/Savo-Karelia,Finnish,su,Pietari,1,1,Pietari (1),Pietarista (1),from-Pietari (1)
7,Peter / Pietari / Peeter,Peter,Märjamaa,Estonia core/west,North Estonian,viP,Peeter,1,1,Pietar (1),Peetri (1),Peter's (1)
7,Peter / Pietari / Peeter,Peter,Narvusi,Ingria,Ingrian,in,Pietari,19,14,Pietari (6); Petro (6); Pedru (1); Peta (1); Pietteri (1); Pedro (1),Petro (6); Pietari (5); Pietarissa (2); Petru (1); Peta (1); Pietariin (1),Peter (14); to Peter (1); Peter's (1); little Peter (1); in Peter (1); in Peter's (1)
7,Peter / Pietari / Peeter,Peter,Narvusi,Ingria,Ingrian,in,Petteri,7,7,Petteri (5); petterissä (1); petterist (1),Petteriin (3); Petterissä (1); petterii (1); Petteriksi (1); Petteristä (1),to Peter (3); Peter (2); in Peter (1); from Peter (1)
7,Peter / Pietari / Peeter,Petteri/Pietari,Narvusi,Ingria,Ingrian,in,Petteri,6,6,Petteri (4); Petteri-stä (1); petterissä (1),Petterin (3); Petteristä (2); Petterissä (1),Petteri's (3); from Petteri (2); in Petteri (1)
7,Peter / Pietari / Peeter,Pekka/Pekko,Narvusi,Ingria,Ingrian,in,Pekko,1,1,Pekko (1),Pekko (1),Pekko (1)
7,Peter / Pietari / Peeter,Peter,Narvusi,Ingria,Ingrian,in,Peetri,1,1,Peeter (1),Peeter (1),Peter (1)
7,Peter / Pietari / Peeter,Petteri/Pietari,Narvusi,Ingria,Ingrian,in,Pietari,1,1,Pietari-in (1),Pietteriin (1),to Pietari (1)
7,Peter / Pietari / Peeter,Peter,Nastola,Finland/Savo-Karelia,Finnish,su,Pietari,2,2,Pietari (2),Pietari (1); Pietaria (1),Peter (2)
7,Peter / Pietari / Peeter,Peter,Nekkula,East Karelia/Veps/Tver,Karelian Proper,ka,Pietari,1,1,Pedri (1),Pietari (1),Peter (1)
7,Peter / Pietari / Peeter,Pekka/Pekko,Nilsiä,Finland/Savo-Karelia,Finnish,su,Pekka,8,6,Pekka (8),Pekka (5); Pekan (2); pekka (1),Pekka (6); Pekka's (2)
7,Peter / Pietari / Peeter,Peter,Nilsiä,Finland/Savo-Karelia,Finnish,su,Pietari,2,2,Pietäri+n (1); Pietari (1),Pietärin (1); Pietivi (1),Peter's (1); Peter (1)
7,Peter / Pietari / Peeter,Peter,Noarootsi,Estonia core/west,North Estonian,viP,Peetrus,6,1,Peetrus (6),Peetrus (6),Peter (6)
7,Peter / Pietari / Peeter,Peter,Noormarkku,Finland/Savo-Karelia,Finnish,su,Pietari,1,1,Pietari (1),Pietarista (1),Peter (1)
7,Peter / Pietari / Peeter,Petteri/Pietari,Noormarkku,Finland/Savo-Karelia,Finnish,su,Pietari,1,1,Pietari (1),Pietarista (1),from Pietari (1)
7,Peter / Pietari / Peeter,Pekka/Pekko,Nurmes,Finland/Savo-Karelia,Finnish,su,Pekka,18,18,Pekka (18),Pekka (18),Pekka (18)
7,Peter / Pietari / Peeter,Peter,Nurmes,Finland/Savo-Karelia,Finnish,su,Pietari,6,6,Pietari (6),Pietarin (4); Pietarista (1); Pietari (1),Peter's (4); from Peter (1); Peter (1)
7,Peter / Pietari / Peeter,Petteri/Pietari,Nurmes,Finland/Savo-Karelia,Finnish,su,Pietari,3,3,Pietari (3),Pietarin (2); Pietari (1),Pietari's (1); Pietari (1); of Pietari (1)
7,Peter / Pietari / Peeter,Peter,Nurmes,Finland/Savo-Karelia,Finnish,su,Pekka,1,1,Pekka (1),Pekka (1),Peter (1)
7,Peter / Pietari / Peeter,Peter,Nurmijärvi,Finland/Savo-Karelia,Finnish,su,pitkäpietari,1,1,pitkäpietari (1),Pitkä-Pietari (1),Long Peter (1)
7,Peter / Pietari / Peeter,Peter,Orimattila,Finland/Savo-Karelia,Finnish,su,Pietari,3,3,Pietari (3),Pietaria (2); Pietari (1),Peter (3)
7,Peter / Pietari / Peeter,Peter,Orimattila,Finland/Savo-Karelia,Finnish,su,Perttu,2,1,Perttu (2),Perttuun (1); Pertusta (1),to Peter (1); from Peter (1)
7,Peter / Pietari / Peeter,Peeter,Otepää,Estonia core/west,South Estonian,viE,peedil,1,1,peedi+l (1),peedil (1),on Peeter (1)
7,Peter / Pietari / Peeter,Peeter,Otepää,Estonia core/west,South Estonian,viE,peetrike,1,1,peedi+kene (1),peedikene (1),little Peeter (1)
7,Peter / Pietari / Peeter,Peter,Otepää,Estonia core/west,South Estonian,viE,Peeter,1,1,Peeter (1),Peetrike (1),Little Peter (1)
7,Peter / Pietari / Peeter,Peter,Otepää,Estonia core/west,South Estonian,viE,piitrekene,1,1,piiter-kene (1),Piitrekene (1),little Peter (1)
7,Peter / Pietari / Peeter,Peter,Oulanka,East Karelia/Veps/Tver,Karelian Proper,ka,pietarinmolainen,1,1,pietarinmolainen (1),pietarinmolainen (1),Peter's land-dweller (1)
7,Peter / Pietari / Peeter,Peter,Oulunsalo,Finland/Savo-Karelia,Finnish,su,Pietari,1,1,Petteri (1),Petteri (1),Peter (1)
7,Peter / Pietari / Peeter,Peter,Paatene,East Karelia/Veps/Tver,Karelian Proper,kaV,Pietari,1,1,Petri (1),Petri (1),Peter (1)
7,Peter / Pietari / Peeter,Pekka/Pekko,Paavola,Finland/Savo-Karelia,Finnish,su,Pekka,1,1,Pekka (1),Pekka (1),Pekka (1)
7,Peter / Pietari / Peeter,Peter,Paistu,Estonia core/west,South Estonian,viE,Peeter,9,7,Peeter (7); peeter (2),Peeter (9),Peter (9)
7,Peter / Pietari / Peeter,Peeter,Paistu,Estonia core/west,South Estonian,viE,Peeter,4,2,Peeter (4),Peetri (2); Peeter (1); Peetril (1),Peeter's (2); Peeter (1); on Peeter (1)
7,Peter / Pietari / Peeter,Peter,Paistu,Estonia core/west,South Estonian,viE,Peetrus,3,2,Piitrus (3),Piitrus (3),Peter (3)
7,Peter / Pietari / Peeter,Peter,Palamuse,Estonia core/west,North Estonian,viP,Peeter,2,1,Peeter (2),Peetri (1); Peeter (1),Peter's (1); Peter (1)
7,Peter / Pietari / Peeter,Peeter,Palamuse,Estonia core/west,North Estonian,viP,Peeter,1,1,Peeter (1),Peeter (1),Peeter (1)
7,Peter / Pietari / Peeter,Pekka/Pekko,Paltamo,Finland/Savo-Karelia,Finnish,su,Pekka,1,1,Pekka (1),Pekka (1),Pekka (1)
7,Peter / Pietari / Peeter,Pekka/Pekko,Parikkala,Finland/Savo-Karelia,Finnish,su,(retained),1,1,Pekko (1),Pekon (1),Pekko's (1)
7,Peter / Pietari / Peeter,Pekka/Pekko,Parikkala,Finland/Savo-Karelia,Finnish,su,Pekko,1,1,Pekko (1),Pekko (1),Pekko (1)
7,Peter / Pietari / Peeter,Peter,Parikkala,Finland/Savo-Karelia,Finnish,su,Pietari,1,1,Pietajri (1),Pietarin (1),Peter's (1)
7,Peter / Pietari / Peeter,Petteri/Pietari,Parikkala,Finland/Savo-Karelia,Finnish,su,Pietari,1,1,Pietari (1),Pietariin (1),Pietari (to Pietari) (1)
7,Peter / Pietari / Peeter,Peter,Parkano,Finland/Savo-Karelia,Finnish,su,Pietari,3,3,Pietari (2); Piatari (1),Pietari (3),Peter (3)
7,Peter / Pietari / Peeter,Peeter,Peetri,Estonia core/west,North Estonian,viP,Peeter,3,3,Peeter (3),Peetri (2); Peeter (1),Peeter's (2); Peeter (1)
7,Peter / Pietari / Peeter,Peter,Peetri,Estonia core/west,North Estonian,viP,Peeter,2,1,Peeter (2),Peetrile (1); Peetril (1),to Peter (1); on Peter (1)
7,Peter / Pietari / Peeter,Peter,Peetri,Estonia core/west,North Estonian,viP,peeter,2,1,peter (2),peetristi (1); peetri (1),Peter's way (1); Peter's (1)
7,Peter / Pietari / Peeter,Pekka/Pekko,Perho,Finland/Savo-Karelia,Finnish,su,Pekka,2,1,Pekka (2),Pekka (2),Pekka (2)
7,Peter / Pietari / Peeter,Peter,Perho,Finland/Savo-Karelia,Finnish,su,Pietari,2,2,Pietari (2),Pietarin (1); Pietari (1),Peter's (1); Peter (1)
7,Peter / Pietari / Peeter,Peter,Perniö,Finland/Savo-Karelia,Finnish,su,Pietari,3,3,Pietari (3),Pietari (3),Peter (3)
7,Peter / Pietari / Peeter,Peter,Pertteli,Finland/Savo-Karelia,Finnish,su,Pietari,1,1,Pietari (1),Pietari (1),Peter (1)
7,Peter / Pietari / Peeter,Pekka/Pekko,Pieksämäki,Finland/Savo-Karelia,Finnish,su,Pekka,3,3,Pekka (3),Pekka (3),Pekka (3)
7,Peter / Pietari / Peeter,Pekka/Pekko,Pielavesi,Finland/Savo-Karelia,Finnish,su,Pekka,11,10,Pekka (11),Pekka (9); Pekan (1); Pekalle (1),Pekka (9); Pekka's (1); to Pekka (1)
7,Peter / Pietari / Peeter,Peter,Pielavesi,Finland/Savo-Karelia,Finnish,su,Pietari,2,2,Pietari (2),Pietarin (2),Peter's (2)
7,Peter / Pietari / Peeter,Petteri/Pietari,Pielavesi,Finland/Savo-Karelia,Finnish,su,Pietari,1,1,Pietari (1),Pietarin (1),Pietari's (1)
7,Peter / Pietari / Peeter,Pekka/Pekko,Pielisjärvi,Finland/Savo-Karelia,Finnish,su,Pekka,2,1,Pekka (2),Pekka (1); Pekan (1),Pekka (1); Pekka's (1)
7,Peter / Pietari / Peeter,Peter,Pielisjärvi,Finland/Savo-Karelia,Finnish,su,Pietari,1,1,Pietari (1),Pietarin (1),Peter's (1)
7,Peter / Pietari / Peeter,Pekka/Pekko,Pihtipudas,Finland/Savo-Karelia,Finnish,su,Pekka,1,1,Pekka (1),Pekka (1),Pekka (1)
7,Peter / Pietari / Peeter,Peter,Pilistvere,Estonia core/west,North Estonian,viP,Peeter,6,2,Peeter (6),Peeter (4); Peetri (2),Peter (4); Peter's (2)
7,Peter / Pietari / Peeter,Peeter,Pilistvere,Estonia core/west,North Estonian,viP,Peeter,5,1,Peeter (5),Peeter (3); Peetri (1); Peeterile (1),Peeter (3); Peeter's (1); to Peeter (1)
7,Peter / Pietari / Peeter,Pekka/Pekko,Polvijärvi,Finland/Savo-Karelia,Finnish,su,Pekka,4,4,Pekka (4),Pekka (4),Pekka (4)
7,Peter / Pietari / Peeter,Peter,Polvijärvi,Finland/Savo-Karelia,Finnish,su,Pietari,1,1,Pietari (1),Pietari (1),Peter (1)
7,Peter / Pietari / Peeter,Petteri/Pietari,Polvijärvi,Finland/Savo-Karelia,Finnish,su,Pietari,1,1,Pietari (1),Pietarin (1),Pietari's (1)
7,Peter / Pietari / Peeter,Pekka/Pekko,Porajärvi,East Karelia/Veps/Tver,Karelian Proper,kaV,Pekka,8,4,Pekka (8),Pekka (7); Pekkapa (1),Pekka (8)
7,Peter / Pietari / Peeter,Peter,Porajärvi,East Karelia/Veps/Tver,Karelian Proper,kaV,Pietari,6,4,Pietarin (2); Pietari (2); pedra (1); Pedru (1),Pietarin (4); Pedra (1); Pietari (1),Peter's (4); Peter (2)
7,Peter / Pietari / Peeter,Petteri/Pietari,Porajärvi,East Karelia/Veps/Tver,Karelian Proper,kaV,Pietari,1,1,Pietari (1),Pietarin (1),Pietari's (1)
7,Peter / Pietari / Peeter,Pekka/Pekko,Pori,Finland/Savo-Karelia,Finnish,su,Pekka,2,2,Pekka (2),Pekka (2),Pekka (2)
7,Peter / Pietari / Peeter,Peter,Pori,Finland/Savo-Karelia,Finnish,su,Pietari,1,1,Pietari (1),Pietari (1),Peter (1)
7,Peter / Pietari / Peeter,Pekka/Pekko,Pudasjärvi,Finland/Savo-Karelia,Finnish,su,Pekka,1,1,Pekka (1),Pekka (1),Pekka (1)
7,Peter / Pietari / Peeter,Peter,Pudasjärvi,Finland/Savo-Karelia,Finnish,su,Pietari,1,1,Petri (1),Petri (1),Peter (1)
7,Peter / Pietari / Peeter,Peter,Pudasjärvi,Finland/Savo-Karelia,Finnish,su,pitkäpietari,1,1,pitkäpietari (1),Pitkä-Pietari (1),Long-Peter (1)
7,Peter / Pietari / Peeter,Peter,Puhja,Estonia core/west,South Estonian,viE,Peeter,4,4,Peeter (2); Peedi (1); Ptrus (1),Peeter (2); Peedi (1); Peetrus (1),Peter (3); Peter's (1)
7,Peter / Pietari / Peeter,Peeter,Puhja,Estonia core/west,South Estonian,viE,Peetrikene,1,1,Peetrikene (1),Peetrikene (1),little Peeter (1)
7,Peter / Pietari / Peeter,Pekka/Pekko,Pulkkila,Finland/Savo-Karelia,Finnish,su,pätöpekka,3,1,pätö+pekka (3),Pätö-Pekka (3),Stumpy-Pekka (3)
7,Peter / Pietari / Peeter,Peter,Puolanka,Finland/Savo-Karelia,Finnish,su,Pekka,1,1,Pekka (1),Pekka (1),Peter (1)
7,Peter / Pietari / Peeter,Peter,Puumala,Finland/Savo-Karelia,Finnish,su,Pietari,9,2,Pietari (8); petran (1),Pietari (8); Petran (1),Peter (8); Peter's (1)
7,Peter / Pietari / Peeter,Pekka/Pekko,Puumala,Finland/Savo-Karelia,Finnish,su,Pekka,4,3,Pekka (4),Pekka (4),Pekka (4)
7,Peter / Pietari / Peeter,Pekka/Pekko,Pyhäjärvi Ol.,Finland/Savo-Karelia,Finnish,su,Pekka,2,2,Pekka (2),Pekka (2),Pekka (2)
7,Peter / Pietari / Peeter,Peter,Pyhäjärvi Ul.,Finland/Savo-Karelia,Finnish,su,Pietari,1,1,Pietari (1),Pietari (1),Peter (1)
7,Peter / Pietari / Peeter,Pekka/Pekko,Pyhäjärvi Vpl.,Finland/Savo-Karelia,Finnish,su,Pekka,2,2,pekka (1); Pekka (1),Pekka (2),Pekka (name) (1); Pekka (1)
7,Peter / Pietari / Peeter,Peter,Pyhäjärvi Vpl.,Finland/Savo-Karelia,Finnish,su,Pietari,2,2,pietari (1); Pietari (1),pietari (1); Pietari (1),Peter (2)
7,Peter / Pietari / Peeter,Pekka/Pekko,Pyhäjärvi Vpl.,Finland/Savo-Karelia,Finnish,su,Pekko,1,1,Pekko-n (1),Pekon (1),Pekko's (1)
7,Peter / Pietari / Peeter,Peter,Pyhäranta,Finland/Savo-Karelia,Finnish,su,Pietari,1,1,Pietari (1),Pietari (1),Peter (1)
7,Peter / Pietari / Peeter,Pekka/Pekko,Pyhäselkä,Finland/Savo-Karelia,Finnish,su,Pekka,2,2,Pekka (2),Pekka (2),Pekka (2)
7,Peter / Pietari / Peeter,Peter,Pyhäselkä,Finland/Savo-Karelia,Finnish,su,Pietari,1,1,Pietar (1),Pietar (1),Peter (1)
7,Peter / Pietari / Peeter,Peter,Pylkönmäki,Finland/Savo-Karelia,Finnish,su,Pietari,1,1,Pietar (1),Pietar (1),Peter (1)
7,Peter / Pietari / Peeter,Peter,Pälkjärvi,Finland/Savo-Karelia,Finnish,su,Pietari,5,2,Pietari (5),Pietar (2); Pietarin (1); Pietarille (1); Pietarilta (1),Peter (2); Peter's (1); to Peter (1); from Peter (1)
7,Peter / Pietari / Peeter,Peeter,Pärnu,Estonia core/west,North Estonian,viP,Peeter,2,1,Peeter (2),Peeter (2),Peeter (2)
7,Peter / Pietari / Peeter,Peter,Pärnu,Estonia core/west,North Estonian,viP,Peeter,2,2,Peeter (2),Peeter (2),Peter (2)
7,Peter / Pietari / Peeter,Peeter,Pärnu-Jaagupi,Estonia core/west,North Estonian,viP,Peeter,1,1,Peeter (1),Peeter (1),Peeter (1)
7,Peter / Pietari / Peeter,Peeter,Pärnu-Jaagupi,Estonia core/west,North Estonian,viP,peeter,1,1,peeter (1),peeter (1),Peeter (1)
7,Peter / Pietari / Peeter,Peeter,Põltsamaa,Estonia core/west,North Estonian,viP,Peeter,6,2,Peeter (5); peeter (1),Peeter (4); Peetri (1); Peeterile (1),Peeter (4); Peeter's (1); to Peeter (1)
7,Peter / Pietari / Peeter,Peter,Põltsamaa,Estonia core/west,North Estonian,viP,Peeter,1,1,Peeter (1),Peeter (1),Peter (1)
7,Peter / Pietari / Peeter,Peter,Põlva,South Estonia/Seto,South Estonian,viE,Peeter,6,2,Peeter (5); piidre (1),Peeter (5); Piidrekene (1),Peter (5); Little Peter (1)
7,Peter / Pietari / Peeter,Peeter,Põlva,South Estonia/Seto,South Estonian,viE,Peeter,1,1,Peeter (1),Peetri (1),Peeter (1)
7,Peter / Pietari / Peeter,Pekka/Pekko,Põlva,South Estonia/Seto,South Estonian,viE,Pekko (proper noun),1,1,Pekko (1),Pekko (1),Pekko (1)
7,Peter / Pietari / Peeter,Peter,Põlva,South Estonia/Seto,South Estonian,viE,Peetriga,1,1,peeterita (1),Peetriga (1),with Peter (1)
7,Peter / Pietari / Peeter,Peter,Pöide,Estonia core/west,North Estonian,viP,Peeter,3,2,Peeter (3),Peeter (2); Peetrile (1),Peter (2); to Peter (1)
7,Peter / Pietari / Peeter,Peeter,Pöide,Estonia core/west,North Estonian,viP,Peeter,1,1,Peeter (1),Peetri (1),Peeter's (1)
7,Peter / Pietari / Peeter,Peter,Pöide,Estonia core/west,North Estonian,viP,Peetri sõel,1,1,Peedri sõel (1),Peedri sõelal (1),on Peter's sieve (1)
7,Peter / Pietari / Peeter,Peter,Pöytyä,Finland/Savo-Karelia,Finnish,su,Pietari,2,2,piatari (1); Pietari (1),Pietari (2),Peter (2)
7,Peter / Pietari / Peeter,Pekka/Pekko,Pöytyä,Finland/Savo-Karelia,Finnish,su,Pekka,1,1,Peekaa (1),Pekan (1),of Pekka (1)
7,Peter / Pietari / Peeter,Peeter,Pühalepa,Estonia core/west,North Estonian,viP,Peeter,3,1,Peeter (3),Peetri (3),Peeter's (3)
7,Peter / Pietari / Peeter,Peter,Rannu,Estonia core/west,South Estonian,viE,Peeter,2,1,Peeter (2),Peeter (2),Peter (2)
7,Peter / Pietari / Peeter,Peeter,Rannu,Estonia core/west,South Estonian,viE,Peeter,1,1,Peeter (1),Peeter (1),Peeter (1)
7,Peter / Pietari / Peeter,Peter,Rannu,Estonia core/west,South Estonian,viE,Peetrus,1,1,Peetrus (1),Peetrus (1),Peter (1)
7,Peter / Pietari / Peeter,Pekka/Pekko,Rantsila,Finland/Savo-Karelia,Finnish,su,Pekka,4,4,Pekka (4),Pekka (2); Pekkaa (1); Pekalle (1),Pekka (3); to Pekka (1)
7,Peter / Pietari / Peeter,Peter,Rantsila,Finland/Savo-Karelia,Finnish,su,Pietari,2,2,Pietari (2),Pietari (2),Peter (2)
7,Peter / Pietari / Peeter,Pekka/Pekko,Ranua,Finland/Savo-Karelia,Finnish,su,Pekka,2,1,Pekka (2),Pekka (2),Pekka (2)
7,Peter / Pietari / Peeter,Peter,Ranua,Finland/Savo-Karelia,Finnish,su,Pietari,2,2,Pietari (2),Pietari (2),Peter (2)
7,Peter / Pietari / Peeter,Peter,Rauma,Finland/Savo-Karelia,Finnish,su,Pietari,5,5,Pietari (3); pietari (1); Pietäri (1),Pietari (2); pietari (1); Pietäri (1); Pietarin (1),Peter (4); Peter's (1)
7,Peter / Pietari / Peeter,Pekka/Pekko,Rautalampi,Finland/Savo-Karelia,Finnish,su,Pekka,2,2,Pekka (2),Pekka (2),Pekka (2)
7,Peter / Pietari / Peeter,Peter,Rautavaara,Finland/Savo-Karelia,Finnish,su,Pietari,6,4,Pietari (6),Pietarin (3); Pietarilta (2); Pietari (1),Peter's (3); from Peter (2); Peter (1)
7,Peter / Pietari / Peeter,Pekka/Pekko,Rautavaara,Finland/Savo-Karelia,Finnish,su,Pekka,2,2,Pekka (2),Pekka (2),Pekka (2)
7,Peter / Pietari / Peeter,Peter,Rautu,Finland/Savo-Karelia,Finnish,su,Pietari,1,1,Pietar (1),Pietar (1),Peter (1)
7,Peter / Pietari / Peeter,Peter,Reigi,Estonia core/west,North Estonian,viP,Peeter,1,1,Ptru (1),Peeter (1),Peter (1)
7,Peter / Pietari / Peeter,Peter,Reigi,Estonia core/west,North Estonian,viP,Peetrus,1,1,Peetrus (1),Peetrus (1),Peter (1)
7,Peter / Pietari / Peeter,Peter,Renko,Finland/Savo-Karelia,Finnish,su,Pietari,2,2,Ptruus (1); Pietari (1),Pietrus (1); Pietari (1),Peter/Petrus (1); Peter (1)
7,Peter / Pietari / Peeter,Peter,Repola,East Karelia/Veps/Tver,Karelian Proper,kaV,Pietari,5,2,Pedri (5),Pedri (4); Pietari (1),Peter (5)
7,Peter / Pietari / Peeter,Peter,Repola,East Karelia/Veps/Tver,Karelian Proper,kaV,Petri,2,2,Petri (2),Petri (2),Peter (2)
7,Peter / Pietari / Peeter,Peter,Risti,Estonia core/west,North Estonian,viP,Peetrus,6,1,Peetrus (6),Peetrus (6),Peter (6)
7,Peter / Pietari / Peeter,Peter,Risti,Estonia core/west,North Estonian,viP,Peeter,3,1,Peeter (3),Peeter (2); Peetrel (1),Peter (2); to Peter (1)
7,Peter / Pietari / Peeter,Peter,Ristiina,Finland/Savo-Karelia,Finnish,su,Pietari,3,1,pietari (2); pietar (1),Pietari (2); Pietarin (1),Peter (2); Peter's (1)
7,Peter / Pietari / Peeter,Pekka/Pekko,Ristiina,Finland/Savo-Karelia,Finnish,su,Pekka,2,2,Pekka (2),Pekka (2),Pekka (2)
7,Peter / Pietari / Peeter,Pekka/Pekko,Ristijärvi,Finland/Savo-Karelia,Finnish,su,Pekka,2,2,Pekka (2),Pekka (2),Pekka (2)
7,Peter / Pietari / Peeter,Peter,Ropsu,Ingria,Finnish,su,pitkä & Pietari,1,1,pitkä & Pietar (1),Pitkä-Pietari (1),Long-Peter (1)
7,Peter / Pietari / Peeter,Peter,Rovaniemi,Finland/Savo-Karelia,Finnish,su,Petteri,2,2,Petter (2),Petter (1); Petteri (1),Peter (2)
7,Peter / Pietari / Peeter,Peter,Rovaniemi,Finland/Savo-Karelia,Finnish,su,Pietari,1,1,Pietari (1),Pietari (1),Peter (1)
7,Peter / Pietari / Peeter,Pekka/Pekko,Ruokolahti,Finland/Savo-Karelia,Finnish,su,Pekko,1,1,Pekko (1),Pekko (1),Pekko (1)
7,Peter / Pietari / Peeter,Peter,Ruokolahti,Finland/Savo-Karelia,Finnish,su,Pietari,1,1,Pietarii (1),Pietarin (1),Peter's (1)
7,Peter / Pietari / Peeter,Pekka/Pekko,Ruovesi,Finland/Savo-Karelia,Finnish,su,Pekka,1,1,Pekka (1),Pekka (1),Pekka (1)
7,Peter / Pietari / Peeter,Peter,Ruovesi,Finland/Savo-Karelia,Finnish,su,Pietari,1,1,Pietari (1),Pietari (1),Peter (1)
7,Peter / Pietari / Peeter,Pekka/Pekko,Räisälä,Finland/Savo-Karelia,Finnish,su,Kosose-Pekko,1,1,Kosose-Pekko (1),Kosose-Pekko (1),Kosose-Pekko (1)
7,Peter / Pietari / Peeter,Pekka/Pekko,Räisälä,Finland/Savo-Karelia,Finnish,su,Pekko,1,1,Pekko (1),Pekko (1),Pekko (1)
7,Peter / Pietari / Peeter,Peter,Räisälä,Finland/Savo-Karelia,Finnish,su,Pietari,1,1,Pietari (1),Pietarista (1),from Peter (1)
7,Peter / Pietari / Peeter,Petteri/Pietari,Räisälä,Finland/Savo-Karelia,Finnish,su,Pietari,1,1,Pietari (1),Pietariin (1),to Pietari (1)
7,Peter / Pietari / Peeter,Petteri/Pietari,Räpina,South Estonia/Seto,South Estonian,viE,Peeter,11,2,Piitre (8); Piitrekene (2); piitrekene (1),Piitre (8); Piitrekene (3),Piitre (8); little Piitre (3)
7,Peter / Pietari / Peeter,Peter,Räpina,South Estonia/Seto,South Estonian,viE,Peeter,5,2,Piitre (4); piitrele (1),Piitre (4); Piitrale (1),Peter (4); to Peter (1)
7,Peter / Pietari / Peeter,Peter,Räpina,South Estonia/Seto,South Estonian,viE,Piiter,5,1,Piiter (5),Piiter (3); Piitrit (2),Peter (5)
7,Peter / Pietari / Peeter,Peter,Rääkkylä,Finland/Savo-Karelia,Finnish,su,Pietari,5,3,Pietar (2); Pietari (2); Petri (1),Pietari (3); Pietarin (1); Pietar (1),Peter (4); Peter's (1)
7,Peter / Pietari / Peeter,Pekka/Pekko,Rääkkylä,Finland/Savo-Karelia,Finnish,su,Pekka,2,2,Pekka (2),Pekka (2),Pekka (2)
7,Peter / Pietari / Peeter,Petteri/Pietari,Rääkkylä,Finland/Savo-Karelia,Finnish,su,Pietari,1,1,Pietari (1),Pietarin (1),of Pietari (1)
7,Peter / Pietari / Peeter,Peter,Rõngu,Estonia core/west,South Estonian,viE,Peeter,7,6,Peeter (3); Piiter (2); Peetrikene (1); Peetrekene (1),Peeter (3); Peetrikene (1); Peetrekene (1); Piiteretta (1); Piiter (1),Peter (4); little Peter (3)
7,Peter / Pietari / Peeter,Peter,Rõngu,Estonia core/west,South Estonian,viE,Peetrus,2,2,Peetrus (2),Peetrus (2),Peter (2)
7,Peter / Pietari / Peeter,Peeter,Rõuge,South Estonia/Seto,South Estonian,viE,Peeter,1,1,Peeter (1),Peetri (1),Peeter's (1)
7,Peter / Pietari / Peeter,Peter,Rõuge,South Estonia/Seto,South Estonian,viE,Peeter,1,1,Piitre (1),Peeter (1),Peter (1)
7,Peter / Pietari / Peeter,Pekka/Pekko,Saari,Finland/Savo-Karelia,Finnish,su,Pekka,2,2,Pekka (2),Pekka (2),Pekka (2)
7,Peter / Pietari / Peeter,Peter,Saari,Finland/Savo-Karelia,Finnish,su,Pekka,1,1,Pekka (1),Pekka (1),Peter (1)
7,Peter / Pietari / Peeter,Peter,Saarijärvi,Finland/Savo-Karelia,Finnish,su,Pietari,5,5,Pietari (4); Pietar (1),Pietari (3); Pietarin (2),Peter (4); Peter's (1)
7,Peter / Pietari / Peeter,Pekka/Pekko,Saarijärvi,Finland/Savo-Karelia,Finnish,su,Pekka,2,2,Pekka (2),Pekka (2),Pekka (2)
7,Peter / Pietari / Peeter,Pekka/Pekko,Sakkola,Finland/Savo-Karelia,Finnish,su,Pekko,3,2,pekolle (2); Pekko (1),Pekolle (2); Pekko (1),to Pekko (2); Pekko (1)
7,Peter / Pietari / Peeter,Peter,Salmi,East Karelia/Veps/Tver,Livvi-Karelian,ka,Pietari,19,6,Pietari (17); Petri (1); Petra (1),Pietari (11); Pietarin (3); Pietarille (2); Pietarinen (2); Petrin (1),Peter (13); Peter's (4); to Peter (2)
7,Peter / Pietari / Peeter,Peter,Salmi,East Karelia/Veps/Tver,Livvi-Karelian,ka,Petteri,1,1,Pedri (1),Petteri (1),Peter (1)
7,Peter / Pietari / Peeter,Peter,Salmi,East Karelia/Veps/Tver,Livvi-Karelian,ka,Pietarin päivä,1,1,pedrunpäivy (1),Petterin päivä (1),Peter's Day (1)
7,Peter / Pietari / Peeter,Pekka/Pekko,Salo,Finland/Savo-Karelia,Finnish,su,Pekka,1,1,Pekka (1),Pekka (1),Pekka (1)
7,Peter / Pietari / Peeter,Peter,Sangaste,Estonia core/west,South Estonian,viE,Peeter,5,3,Piitre (4); Peeter (1),Peeter (3); Piitre (2),Peter (5)
7,Peter / Pietari / Peeter,Peeter,Sangaste,Estonia core/west,South Estonian,viE,Peeter,3,1,Peeter (3),Peetri (3),Peeter's (3)
7,Peter / Pietari / Peeter,Peter,Sangaste,Estonia core/west,South Estonian,viE,piitrekene,1,1,piiter-kene (1),Piitrekene (1),little Peter (1)
7,Peter / Pietari / Peeter,Peter,Sauvo,Finland/Savo-Karelia,Finnish,su,Pietari,1,1,Pietari (1),Pietari (1),Peter (1)
7,Peter / Pietari / Peeter,Peter,Savitaipale,Finland/Savo-Karelia,Finnish,su,Pietari,2,1,Pjetar (2),Pietarin (1); Pietari (1),Peter's (1); Peter (1)
7,Peter / Pietari / Peeter,Pekka/Pekko,Savitaipale,Finland/Savo-Karelia,Finnish,su,puoti & Pekka,1,1,puoti & Pekko (1),Puoti-Pekko (1),Shop-Pekko (1)
7,Peter / Pietari / Peeter,Pekka/Pekko,Savonlinna,Finland/Savo-Karelia,Finnish,su,Pekka,3,2,Pekka (3),Pekka (3),Pekka (3)
7,Peter / Pietari / Peeter,Peter,Savonlinna,Finland/Savo-Karelia,Finnish,su,Pietari,2,2,Pietari (2),Pietari (1); Pietarin (1),Peter (1); Peter's (1)
7,Peter / Pietari / Peeter,Pekka/Pekko,Savonlinna,Finland/Savo-Karelia,Finnish,su,pekka,1,1,pekka (1),Pekka (1),Pekka (name/fool) (1)
7,Peter / Pietari / Peeter,Peter,Serepetta,Ingria,Finnish,su,Pietari,2,2,Petteri (1); Pietari (1),Pietarin (1); Pietari (1),Peter's (1); Peter (1)
7,Peter / Pietari / Peeter,Petteri/Pietari,Serepetta,Ingria,Finnish,su,Petteri,2,2,Petteri (2),Petteriin (1); Petteriä (1),to Petteri (1); Petteri (1)
7,Peter / Pietari / Peeter,Peter,Serepetta,Ingria,Finnish,su,Petteri,1,1,Petteri (1),Petteriin (1),to Peter (1)
7,Peter / Pietari / Peeter,Peter,Setumaa,South Estonia/Seto,South Estonian,viE,Peeter,9,4,piitri (3); Peeter (3); piiterit (2); pehteret (1),Peetrit (4); Peetri (3); Peeter (2),Peter (6); Peter's (3)
7,Peter / Pietari / Peeter,Peeter,Setumaa,South Estonia/Seto,South Estonian,viE,*Petteri,1,1,Peeter (1),pehter (1),Peeter (1)
7,Peter / Pietari / Peeter,Peter,Setumaa,South Estonia/Seto,South Estonian,viE,Peetrikõne,1,1,piitrikõne (1),Peetrikõne (1),Peter-talk (1)
7,Peter / Pietari / Peeter,Petteri/Pietari,Setumaa,South Estonia/Seto,South Estonian,viE,Peeter,1,1,Piitre (1),Piitre (1),Piitre (1)
7,Peter / Pietari / Peeter,Pekka/Pekko,Siilinjärvi,Finland/Savo-Karelia,Finnish,su,Pekka,1,1,Pekka (1),Pekka (1),Pekka (1)
7,Peter / Pietari / Peeter,Pekka/Pekko,Simo,Finland/Savo-Karelia,Finnish,su,Pekka,3,2,Pekka (3),Pekalle (2); Pekka (1),to Pekka (2); Pekka (1)
7,Peter / Pietari / Peeter,Pekka/Pekko,Simo,Finland/Savo-Karelia,Finnish,su,Pekka & poika,1,1,pekka & poika (1),Pekka-poika (1),Pekka-boy (1)
7,Peter / Pietari / Peeter,Peter,Simo,Finland/Savo-Karelia,Finnish,su,Pekka,1,1,Pekka (1),Pekka (1),Peter (1)
7,Peter / Pietari / Peeter,Peeter,Simuna,Estonia core/west,North Estonian,viP,Peeter,2,1,Peeter (2),Peetrikene (1); Peetri (1),little Peeter (1); Peeter's (1)
7,Peter / Pietari / Peeter,Peter,Simuna,Estonia core/west,North Estonian,viP,Peeter,1,1,Peeter (1),Peeter (1),Peter (1)
7,Peter / Pietari / Peeter,Pekka/Pekko,Sippola,Finland/Savo-Karelia,Finnish,su,Pekka,1,1,Pekka (1),Pekka (1),Pekka (1)
7,Peter / Pietari / Peeter,Peter,Sippola,Finland/Savo-Karelia,Finnish,su,Pietari,1,1,Pietari (1),Pietarin (1),Peter's (1)
7,Peter / Pietari / Peeter,Pekka/Pekko,Skuoritsa,Ingria,Finnish,su,Pekko,1,1,Pekko (1),Pekon (1),Pekko's (1)
7,Peter / Pietari / Peeter,Peter,Skuoritsa,Ingria,Finnish,su,Petri,1,1,petri (1),Petrin (1),Peter's (1)
7,Peter / Pietari / Peeter,Peter,Soanlahti,East Karelia/Veps/Tver,Finnish,su,Pietari,8,6,Pietari (6); Pietar (2),Pietari (6); Pietar (1); Pietarin (1),Peter (7); Peter's (1)
7,Peter / Pietari / Peeter,Peter,Soanlahti,East Karelia/Veps/Tver,Finnish,su,Petri,2,2,Petri-n (1); Petri (1),Petrin (1); Petri (1),Peter's (1); Peter (1)
7,Peter / Pietari / Peeter,Peter,Sodankylä,Finland/Savo-Karelia,Finnish,su,Petteri,1,1,Petteri (1),Petteri (1),Peter (1)
7,Peter / Pietari / Peeter,Peter,Soikkola,Ingria,Ingrian,in,Pietari,18,12,Pedro (5); Petro (3); Pedra (2); petteri (2); Pietari (2); pedron (1),Pietari (10); Pietarin (3); Petro (2); Pervoi (1); Petterin (1); Petron (1),Peter (13); Peter's (5)
7,Peter / Pietari / Peeter,Peter,Soikkola,Ingria,Ingrian,in,Petteri,7,4,Petteri (6); petterii (1),Petteriin (3); Petteristä (2); Petterin (2),to Peter (3); from Peter (2); Peter's (2)
7,Peter / Pietari / Peeter,Petteri/Pietari,Soikkola,Ingria,Ingrian,in,Petteri,4,3,Petteri (4),Petterissä (2); Petteristä (1); Petterin (1),in Petteri (2); from Petteri (1); Petteri's (1)
7,Peter / Pietari / Peeter,Peter,Soikkola,Ingria,Ingrian,in,Pietarin,3,2,Petro+n (2); Pedran (1),Pietarin (3),Peter's (3)
7,Peter / Pietari / Peeter,Peter,Soikkola,Ingria,Ingrian,in,Petro,1,1,Petro (1),Pedron (1),Peter's (1)
7,Peter / Pietari / Peeter,Peter,Soikkola,Ingria,Ingrian,in,Petterille,1,1,Petterii (1),Petterille (1),to Peter (1)
7,Peter / Pietari / Peeter,Peter,Soikkola,Ingria,Ingrian,in,Pietarinpoika,1,1,peterpoika (1),Pietarinpoikien (1),Peter's boys (1)
7,Peter / Pietari / Peeter,Peter,Somerniemi,Finland/Savo-Karelia,Finnish,su,Pietari,1,1,Piatari (1),Piatari (1),Peter (1)
7,Peter / Pietari / Peeter,Peter,Somero,Finland/Savo-Karelia,Finnish,su,Pietari,2,2,Piatari (2),Pietari (2),Peter (2)
7,Peter / Pietari / Peeter,Pekka/Pekko,Sonkajärvi,Finland/Savo-Karelia,Finnish,su,Pekka,14,14,Pekka (14),Pekka (14),Pekka (14)
7,Peter / Pietari / Peeter,Peter,Sonkajärvi,Finland/Savo-Karelia,Finnish,su,Pietari,2,2,Pietari (2),Pietarin (2),Peter's (2)
7,Peter / Pietari / Peeter,Peter,Sortavala,East Karelia/Veps/Tver,Finnish,su,Pietari,2,2,Pietari (1); Pietar (1),Pietariin (1); Pietari (1),to Peter (1); Peter (1)
7,Peter / Pietari / Peeter,Pekka/Pekko,Sortavala,East Karelia/Veps/Tver,Finnish,su,Pekka,1,1,Pekka (1),Pekka (1),Pekka (1)
7,Peter / Pietari / Peeter,Pekka/Pekko,Sortavala,East Karelia/Veps/Tver,Finnish,su,Pekko,1,1,Pekko (1),Pekko (1),Pekko (1)
7,Peter / Pietari / Peeter,Peter,Sortavala,East Karelia/Veps/Tver,Finnish,su,Pekka,1,1,Pekko (1),Pekko (1),Peter (1)
7,Peter / Pietari / Peeter,Peter,Sortavala,East Karelia/Veps/Tver,Finnish,su,Pietarinkukka,1,1,Pietarinkukka (1),Pietarin kukkia (1),Peter's flowers (1)
7,Peter / Pietari / Peeter,Pekka/Pekko,Sotkamo,Finland/Savo-Karelia,Finnish,su,Pekka,5,4,Pekka (4); Pekka+n (1),Pekka (4); Pekan (1),Pekka (3); (name) Pekka (1); Pekka's (1)
7,Peter / Pietari / Peeter,Peter,Soutjärvi,East Karelia/Veps/Tver,Veps,ve,Pietari,2,2,Pedri (1); Piderin (1),Pedri (1); Pietarin (1),Peter (1); Peter's (1)
7,Peter / Pietari / Peeter,Peter,Spankkova,Ingria,Finnish,su,Pietari,1,1,Pietari (1),Pietari (1),Peter (1)
7,Peter / Pietari / Peeter,Peter,Spankkova,Ingria,Finnish,su,Pitkä-Pietari,1,1,pitkäpietar (1),Pitkä-Pietari (1),Long-Peter (1)
7,Peter / Pietari / Peeter,Peter,Suistamo,East Karelia/Veps/Tver,Livvi-Karelian,ka,Pietari,49,15,Pietari (30); piedari (6); piedarin (2); piedar (2); piedaril (2); Piedari (2),Pietari (21); Pietarin (14); Pietarille (9); Pietaria (2); Pietarilla (1); Pietariki (1),Peter (24); Peter's (14); to Peter (9); with Peter (1); Peter too (1)
7,Peter / Pietari / Peeter,Pekka/Pekko,Suistamo,East Karelia/Veps/Tver,Livvi-Karelian,ka,Pekko,2,2,pekkosil (1); Pekko (1),Pekkosille (1); Pekolle (1),to Pekko's people (1); to Pekko (1)
7,Peter / Pietari / Peeter,Peter,Suistamo,East Karelia/Veps/Tver,Livvi-Karelian,ka,Pekka,2,2,Pekka (2),Pekka (2),Peter (2)
7,Peter / Pietari / Peeter,Petteri/Pietari,Suistamo,East Karelia/Veps/Tver,Livvi-Karelian,ka,Pietari,2,2,pietarih (1); pietari (1),Pietarissa (1); Pietarihin (1),Pietari (1); to Pietari (1)
7,Peter / Pietari / Peeter,Pekka/Pekko,Suistamo,East Karelia/Veps/Tver,Livvi-Karelian,ka,Pekka,1,1,Pekka (1),Pekka (1),Pekka (1)
7,Peter / Pietari / Peeter,Peter,Sulkava,Finland/Savo-Karelia,Finnish,su,Pietari,1,1,Pietari (1),Pietarin (1),Peter's (1)
7,Peter / Pietari / Peeter,Peter,Suojärvi,East Karelia/Veps/Tver,Finnish,su,Pietari,15,8,Pedri (6); Pietari (5); Petri (3); Petru (1),Pietari (8); Pietarin (3); Petri (2); Pedrin (1); Petrin (1),Peter (10); Peter's (5)
7,Peter / Pietari / Peeter,Peter,Suojärvi,East Karelia/Veps/Tver,Finnish,su,Petri,9,3,Petri (9),Petri (8); Petrin (1),Peter (8); Peter's (1)
7,Peter / Pietari / Peeter,Petteri/Pietari,Suojärvi,East Karelia/Veps/Tver,Finnish,su,Pietari,6,1,Pedri (6),Pedri (6),Pedri (6)
7,Peter / Pietari / Peeter,Pekka/Pekko,Suojärvi,East Karelia/Veps/Tver,Finnish,su,Pekka,1,1,Pekka (1),Pekan (1),Pekka's (1)
7,Peter / Pietari / Peeter,Peter,Suomusjärvi,Finland/Savo-Karelia,Finnish,su,Pietari,1,1,Pietari (1),Pietari (1),Peter (1)
7,Peter / Pietari / Peeter,Pekka/Pekko,Suomussalmi,Finland/Savo-Karelia,Finnish,su,Pekka,1,1,Pekka (1),Pekka (1),Pekka (1)
7,Peter / Pietari / Peeter,Pekka/Pekko,Suonenjoki,Finland/Savo-Karelia,Finnish,su,Pekka,1,1,Pekka (1),Pekka (1),Pekka (1)
7,Peter / Pietari / Peeter,Peter,Suure-Jaani,Estonia core/west,North Estonian,viP,Peeter,9,7,Peeter (7); Peetrikene (2),Peeter (6); Peetrikene (2); Peetri (1),Peter (6); little Peter (2); Peter's (1)
7,Peter / Pietari / Peeter,Peter,Sysmä,Finland/Savo-Karelia,Finnish,su,Pietari,1,1,Pietari (1),Pietarin (1),Peter's (1)
7,Peter / Pietari / Peeter,Peter,Säfsnäs,Finland/Savo-Karelia,Finnish,su,Pietari,1,1,Pietrus (1),Pietrus (1),Peter (1)
7,Peter / Pietari / Peeter,Peter,Säkkijärvi,Finland/Savo-Karelia,Finnish,su,Pietari,1,1,Pietari (1),Pietari (1),Peter (1)
7,Peter / Pietari / Peeter,Pekka/Pekko,Säräisniemi,Finland/Savo-Karelia,Finnish,su,Pekka,2,2,Pekka (2),Pekka (2),Pekka (2)
7,Peter / Pietari / Peeter,Peter,Säämäjärvi,East Karelia/Veps/Tver,Livvi-Karelian,ka,Pietari,2,1,Pedri (1); pedril (1),Pedri (1); Pedrillä (1),Peter (1); at Peter's (1)
7,Peter / Pietari / Peeter,Pekka/Pekko,Taipalsaari,Finland/Savo-Karelia,Finnish,su,Pekka,2,1,Pekka (2),Pekka (2),Pekka (2)
7,Peter / Pietari / Peeter,Peter,Taipalsaari,Finland/Savo-Karelia,Finnish,su,Pietari,1,1,Pietari (1),Pietari (1),Peter (1)
7,Peter / Pietari / Peeter,Peter,Taivassalo,Finland/Savo-Karelia,Finnish,su,Pietari,1,1,Pietar (1),Pietar (1),Peter (1)
7,Peter / Pietari / Peeter,Peter,Tammela,Finland/Savo-Karelia,Finnish,su,Pietari,1,1,Piatari (1),Pietari (1),Peter (1)
7,Peter / Pietari / Peeter,Peter,Tampere,Finland/Savo-Karelia,Finnish,su,Pietari,3,3,Pietari (3),Pietari (3),Peter (3)
7,Peter / Pietari / Peeter,Peter,Tarvastu,Estonia core/west,South Estonian,viE,Peeter,6,4,Piiter (2); Pieter (2); Peeter (2),Peeter (4); Piiteretta (1); Piiter (1),Peter (5); little Peter (1)
7,Peter / Pietari / Peeter,Peeter,Tarvastu,Estonia core/west,South Estonian,viE,Peeter,2,2,peetri (1); Peeter (1),Peetri (2),Peeter's (2)
7,Peter / Pietari / Peeter,Peter,Tarvastu,Estonia core/west,South Estonian,viE,peetri_kene,1,1,peetri_kene (1),Peetrikene (1),little Peter (1)
7,Peter / Pietari / Peeter,Petteri/Pietari,Tarvastu,Estonia core/west,South Estonian,viE,Peeter,1,1,Piitre (1),Peeter (1),Piitre (1)
7,Peter / Pietari / Peeter,Pekka/Pekko,Terijoki,Finland/Savo-Karelia,Finnish,su,Pekko,1,1,Pekko (1),Pekko (1),Pekko (1)
7,Peter / Pietari / Peeter,Peter,Terijoki,Finland/Savo-Karelia,Finnish,su,pietarinpoika,1,1,pietarinpoika (1),Pietarinpoika (1),son-of-Peter (1)
7,Peter / Pietari / Peeter,Pekka/Pekko,Tervo,Finland/Savo-Karelia,Finnish,su,Pekka,1,1,Pekka (1),Pekka (1),Pekka (1)
7,Peter / Pietari / Peeter,Pekka/Pekko,Tervola,Finland/Savo-Karelia,Finnish,su,Pekka,1,1,Pekka (1),Pekka (1),Pekka (1)
7,Peter / Pietari / Peeter,Peter,Tervola,Finland/Savo-Karelia,Finnish,su,Perttu,1,1,perttu (1),perttuun (1),Peter (1)
7,Peter / Pietari / Peeter,Peter,Tervola,Finland/Savo-Karelia,Finnish,su,Perttuli,1,1,perttuli (1),perttulista (1),Peter (1)
7,Peter / Pietari / Peeter,Pekka/Pekko,Tohmajärvi,Finland/Savo-Karelia,Finnish,su,Pekka,4,4,Pekka (4),Pekka (4),Pekka (3); (name) Pekka (1)
7,Peter / Pietari / Peeter,Peter,Tohmajärvi,Finland/Savo-Karelia,Finnish,su,Pietari,3,2,pietari (2); Pietari (1),Pietari (2); Pietarin (1),Peter (2); Peter's (1)
7,Peter / Pietari / Peeter,Peter,Toksova,Ingria,Finnish,su,Pietari,2,2,pietariin (1); Pietari (1),Pietariin (1); Pietari (1),to Peter (1); Peter (1)
7,Peter / Pietari / Peeter,Peeter,Tori,Estonia core/west,North Estonian,viP,Peeter,1,1,Peeter (1),Peeter (1),Peeter (1)
7,Peter / Pietari / Peeter,Peter,Torma,Estonia core/west,North Estonian,viP,Peeter,9,3,Peeter (7); Piiter (2),Peeter (4); Piiter (2); Peetri (1); Peetrile (1); Peetrille (1),Peter (6); to Peter (2); Peter's (1)
7,Peter / Pietari / Peeter,Peter,Tulemajärvi,East Karelia/Veps/Tver,Livvi-Karelian,ka,Petri,5,1,Petra (5),Petra (5),Peter (5)
7,Peter / Pietari / Peeter,Pekka/Pekko,Tulemajärvi,East Karelia/Veps/Tver,Livvi-Karelian,ka,Pekko,1,1,Pekol (1),Pekko (1),Pekko (name) (1)
7,Peter / Pietari / Peeter,Peter,Tulemajärvi,East Karelia/Veps/Tver,Livvi-Karelian,ka,Petteri,1,1,Petri (1),Petri (1),Peter (1)
7,Peter / Pietari / Peeter,Pekka/Pekko,Turku,Finland/Savo-Karelia,Finnish,su,Pekka,1,1,Pekka (1),Pekka (1),Pekka (1)
7,Peter / Pietari / Peeter,Peter,Turku,Finland/Savo-Karelia,Finnish,su,Pietari,1,1,Piatari (1),Pietari (1),Peter (1)
7,Peter / Pietari / Peeter,Peter,Turku,Finland/Savo-Karelia,Finnish,su,pietarinprutki,1,1,piatari-prutki (1),Pietarinprutki (1),Peter-boat (1)
7,Peter / Pietari / Peeter,Peter,Tuulos,Finland/Savo-Karelia,Finnish,su,Pietari,2,2,Pietari (2),Pietari (2),Peter (2)
7,Peter / Pietari / Peeter,Pekka/Pekko,Tuulos,Finland/Savo-Karelia,Finnish,su,Pekka,1,1,Pekka (1),Pekka (1),Pekka (1)
7,Peter / Pietari / Peeter,Peter,Tuupovaara,Finland/Savo-Karelia,Finnish,su,Pietari,4,1,Pietari (4),Pietarille (2); Pietari (1); Pietarin (1),to Peter (2); Peter (1); Peter's (1)
7,Peter / Pietari / Peeter,Pekka/Pekko,Tuusniemi,Finland/Savo-Karelia,Finnish,su,Pekka,2,2,Pekka (2),Pekka (2),Pekka (2)
7,Peter / Pietari / Peeter,Peter,Tuusniemi,Finland/Savo-Karelia,Finnish,su,Pietari,2,2,Pietari (2),Pietarista (1); Pietarin (1),from Peter (1); Peter's (1)
7,Peter / Pietari / Peeter,Petteri/Pietari,Tuusniemi,Finland/Savo-Karelia,Finnish,su,Pietari,2,2,Pietari (2),Pietarin (2),Pietari's (2)
7,Peter / Pietari / Peeter,Peter,Tuusula,Finland/Savo-Karelia,Finnish,su,Pietari,1,1,Pietari (1),Pietari (1),Peter (1)
7,Peter / Pietari / Peeter,Peter,Tuusula,Finland/Savo-Karelia,Finnish,su,pikipietari,1,1,pikipietari (1),pikipietari (1),Tar-Peter (1)
7,Peter / Pietari / Peeter,Peter,Tuusula,Finland/Savo-Karelia,Finnish,su,pikku pietari,1,1,pikipietari (1),Pikipietari (1),Little-Peter (1)
7,Peter / Pietari / Peeter,Peter,Tuutari,Ingria,Finnish,su,Pietari,1,1,Pietari (1),Pietari (1),Peter (1)
7,Peter / Pietari / Peeter,Peter,Tyrvää,Finland/Savo-Karelia,Finnish,su,Pietari,2,2,Pietari (2),Pietari (2),Peter (2)
7,Peter / Pietari / Peeter,Peter,Tyrvää,Finland/Savo-Karelia,Finnish,su,Petteri,1,1,Petteri (1),Petteri (1),Peter (1)
7,Peter / Pietari / Peeter,Peter,Tyrö,Ingria,Finnish,su,Petteri,3,3,Petteri (2); petteriin (1),Petteristä (1); Petteri (1); Petteriin (1),from Peter (1); Peter (1); to Peter (1)
7,Peter / Pietari / Peeter,Peter,Tyrö,Ingria,Finnish,su,Pietari,3,3,Pietari (2); pietari (1),Pietari (3),Peter (3)
7,Peter / Pietari / Peeter,Peter,Tytärsaari,Finland/Savo-Karelia,Finnish,su,Pietari,1,1,Pietari (1),Pietari (1),Peter (1)
7,Peter / Pietari / Peeter,Peeter,Tõstamaa,Estonia core/west,North Estonian,viP,Peeter,1,1,Peeter (1),Peetrilt (1),from Peeter (1)
7,Peter / Pietari / Peeter,Peter,Töysä,Finland/Savo-Karelia,Finnish,su,Pietari,3,3,Pietari (2); Piatari (1),Pietari (3),Peter (3)
7,Peter / Pietari / Peeter,Pekka/Pekko,Töysä,Finland/Savo-Karelia,Finnish,su,Pekka,1,1,Peka (1),Pekka (1),Pekka (1)
7,Peter / Pietari / Peeter,Pekka/Pekko,Töysä,Finland/Savo-Karelia,Finnish,su,patapekka,1,1,patapekka (1),patapekka (1),pot-Pekka (1)
7,Peter / Pietari / Peeter,Petteri/Pietari,Töysä,Finland/Savo-Karelia,Finnish,su,Pietari,1,1,Pietari (1),Pietarista (1),from Pietari (1)
7,Peter / Pietari / Peeter,Peeter,Türi,Estonia core/west,North Estonian,viP,Peeter,1,1,Peeter (1),Peeter (1),Peeter (1)
7,Peter / Pietari / Peeter,Pekka/Pekko,Uhtua,East Karelia/Veps/Tver,Karelian Proper,ka,Pekka,2,2,Pekka (2),Pekka (2),Pekka (2)
7,Peter / Pietari / Peeter,Peter,Urjala,Finland/Savo-Karelia,Finnish,su,Pietari,1,1,Pietari (1),Pietarista (1),Peter (1)
7,Peter / Pietari / Peeter,Peeter,Urvaste,South Estonia/Seto,South Estonian,viE,Peeter,6,1,peeterille (2); peetrikene (2); peetri (1); peeter (1),Peetrile (2); Peeterkene (2); Peetri (1); Peeter (1),to Peeter (2); little Peeter (2); Peeter's (1); Peeter (1)
7,Peter / Pietari / Peeter,Peter,Urvaste,South Estonia/Seto,South Estonian,viE,Peeter,2,2,piitre (1); Peeter (1),Peeter (2),Peter (2)
7,Peter / Pietari / Peeter,Petteri/Pietari,Urvaste,South Estonia/Seto,South Estonian,viE,Piitre,1,1,Piitre (1),Piitre (1),Piitre (1)
7,Peter / Pietari / Peeter,Peter,Uskela,Finland/Savo-Karelia,Finnish,su,Pietari,10,10,Pietari (9); piatari (1),Pietari (10),Peter (10)
7,Peter / Pietari / Peeter,Peter,Uukuniemi,East Karelia/Veps/Tver,Finnish,su,Pietari,4,1,Pietari (4),Pietarille (4),to Peter (4)
7,Peter / Pietari / Peeter,Peter,Uukuniemi,East Karelia/Veps/Tver,Finnish,su,Petrus,1,1,Petrus (1),Petruksesta (1),from Peter (1)
7,Peter / Pietari / Peeter,Pekka/Pekko,Uurainen,Finland/Savo-Karelia,Finnish,su,Pekka,1,1,Pekka (1),Pekka (1),Pekka (1)
7,Peter / Pietari / Peeter,Pekka/Pekko,Uusikaupunki,Finland/Savo-Karelia,Finnish,su,Pekka,7,4,Pekka (7),Pekka (4); Pekan (3),Pekka (4); Pekka's (3)
7,Peter / Pietari / Peeter,Peter,Uusikaupunki,Finland/Savo-Karelia,Finnish,su,Pietari,4,4,Pietari (3); pietari (1),Pietari (3); pietari (1),Peter (4)
7,Peter / Pietari / Peeter,Peter,Uusikirkko Tl.,Finland/Savo-Karelia,Finnish,su,Pietari,2,2,Pietari (2),Pietari (2),Peter (2)
7,Peter / Pietari / Peeter,Peter,Vahto,Finland/Savo-Karelia,Finnish,su,Pietari,1,1,Piatari (1),Pietari (1),Peter (1)
7,Peter / Pietari / Peeter,Petteri/Pietari,Vahto,Finland/Savo-Karelia,Finnish,su,Pietari,1,1,Pietari (1),Pietari (1),Pietari (1)
7,Peter / Pietari / Peeter,Peter,Vaivara,Estonia core/west,North Estonian,viP,Peeter,3,2,Peeter (3),Peeter (3),Peter (3)
7,Peter / Pietari / Peeter,Peeter,Vaivara,Estonia core/west,North Estonian,viP,Peeter,2,2,Peeter (2),Peeter (2),Peeter (2)
7,Peter / Pietari / Peeter,Peter,Vaivara,Estonia core/west,North Estonian,viP,Peetri,1,1,Peetri (1),Peetri (1),Peter's (1)
7,Peter / Pietari / Peeter,Peter,Valkeasaari,Ingria,Finnish,su,Pietari,2,2,Pietari (2),Pietarin (1); Pietariin (1),Peter's (2)
7,Peter / Pietari / Peeter,Pekka/Pekko,Valkeasaari,Ingria,Finnish,su,Pekka,1,1,Pekka (1),Pekka (1),Pekka (name) (1)
7,Peter / Pietari / Peeter,Pekka/Pekko,Valkeasaari,Ingria,Finnish,su,paimen&Pekka,1,1,paimen&pekka (1),paimen-Pekka (1),Shepherd-Pekka (1)
7,Peter / Pietari / Peeter,Pekka/Pekko,Valtimo,Finland/Savo-Karelia,Finnish,su,Pekka,2,2,Pekka (1); pekka (1),Pekka (2),Pekka (2)
7,Peter / Pietari / Peeter,Peter,Vanaja,Finland/Savo-Karelia,Finnish,su,pikisuu-Pietari,1,1,pikisuu-Pietari (1),pikisuupietari (1),Pitch-mouth-Peter (1)
7,Peter / Pietari / Peeter,Peeter,Varbla,Estonia core/west,North Estonian,viP,Peeter,1,1,Peeter (1),Peetri (1),Peeter's (1)
7,Peter / Pietari / Peeter,Peter,Varkaus,Finland/Savo-Karelia,Finnish,su,Pietari,3,2,Pietari (1); pietarin (1); pietar (1),Pietarin (2); Pietari (1),Peter's (2); Peter (1)
7,Peter / Pietari / Peeter,Pekka/Pekko,Varpaisjärvi,Finland/Savo-Karelia,Finnish,su,Pekka,2,2,Pekka (2),Pekka (2),Pekka (2)
7,Peter / Pietari / Peeter,Peter,Vastseliina,South Estonia/Seto,South Estonian,viE,Petra,7,1,Petra (7),Petra (7),Peter (7)
7,Peter / Pietari / Peeter,Peter,Vastseliina,South Estonia/Seto,South Estonian,viE,Peeter,4,3,peetrus (2); peeterit (1); Peeter (1),Peeter (3); Peetrit (1),Peter (4)
7,Peter / Pietari / Peeter,Peter,Vastseliina,South Estonia/Seto,South Estonian,viE,Peetrus,2,1,Peetrus (2),Peetrus (2),Peter (2)
7,Peter / Pietari / Peeter,Peter,Vehkalahti,Finland/Savo-Karelia,Finnish,su,pitkäpietari,1,1,pitkäpietar (1),Pitkäpietari (1),Long-Peter (1)
7,Peter / Pietari / Peeter,Pekka/Pekko,Vehmersalmi,Finland/Savo-Karelia,Finnish,su,Pekka,1,1,Pekka (1),Pekka (1),Pekka (1)
7,Peter / Pietari / Peeter,Peter,Venjoki,Ingria,Finnish,su,Pietari,5,5,Pietari (4); Pietar (1),Pietari (4); Pietar (1),Peter (5)
7,Peter / Pietari / Peeter,Pekka/Pekko,Venjoki,Ingria,Finnish,su,Pekko (proper noun),1,1,Pekko (1),Pekon (1),Pekko's (1)
7,Peter / Pietari / Peeter,Peter,Venjoki,Ingria,Finnish,su,Petro,1,1,Petro (1),Petron (1),Peter's (1)
7,Peter / Pietari / Peeter,Pekka/Pekko,Veteli,Finland/Savo-Karelia,Finnish,su,Pekka,3,1,Pekka (3),Pekka (2); Pekan (1),Pekka (2); Pekka's (1)
7,Peter / Pietari / Peeter,Petteri/Pietari,Veteli,Finland/Savo-Karelia,Finnish,su,Pietari,1,1,Pietari (1),Pietarin (1),of Pietari (1)
7,Peter / Pietari / Peeter,Peter,Vieljärvi,East Karelia/Veps/Tver,Livvi-Karelian,kaA,Petri,6,2,Petri (6),Petri (6),Peter (6)
7,Peter / Pietari / Peeter,Peter,Vigala,Estonia core/west,North Estonian,viP,Peeter,1,1,Peetrus (1),Peetrusega (1),with Peter (1)
7,Peter / Pietari / Peeter,Peter,Vihanti,Finland/Savo-Karelia,Finnish,su,Pietari,4,3,Pietari (2); Perttuli (2),Pietari (2); Perttuliin (1); Perttulista (1),Peter (2); into Peter (1); from Peter (1)
7,Peter / Pietari / Peeter,Pekka/Pekko,Vihanti,Finland/Savo-Karelia,Finnish,su,Pekka,1,1,Pekka (1),Pekka (1),Pekka (Peter) (1)
7,Peter / Pietari / Peeter,Petteri/Pietari,Vihanti,Finland/Savo-Karelia,Finnish,su,Pietari,1,1,Pietari (1),Pietari (1),Pietari (Peter) (1)
7,Peter / Pietari / Peeter,Pekka/Pekko,Viipuri,Finland/Savo-Karelia,Finnish,su,Pekka,1,1,Pekka (1),Pekka (1),Pekka (1)
7,Peter / Pietari / Peeter,Pekka/Pekko,Viipuri,Finland/Savo-Karelia,Finnish,su,Pekko,1,1,Pekko (1),Pekolta (1),from Pekko (1)
7,Peter / Pietari / Peeter,Peter,Viipuri,Finland/Savo-Karelia,Finnish,su,Pietari,1,1,Pietari (1),Pietarin (1),Peter's (1)
7,Peter / Pietari / Peeter,Peter,Viipuri,Finland/Savo-Karelia,Finnish,su,piki & pöksy & Pietari,1,1,piki & pöksy & pietari (1),pikipöksypietari (1),Pitch-pants Peter (1)
7,Peter / Pietari / Peeter,Pekka/Pekko,Viitasaari,Finland/Savo-Karelia,Finnish,su,Pekka,4,4,Pekka (4),Pekka (4),Pekka (4)
7,Peter / Pietari / Peeter,Peter,Viitasaari,Finland/Savo-Karelia,Finnish,su,Pietari,2,2,Pietari (2),Pietarista (1); Pietari (1),from Peter (1); Peter (1)
7,Peter / Pietari / Peeter,Pekka/Pekko,Viitasaari,Finland/Savo-Karelia,Finnish,su,Juurikka-Pekka,1,1,Juurikka-Pekka (1),Juurikka-Pekan (1),Juurikka-Pekka (1)
7,Peter / Pietari / Peeter,Peter,Viljakkala,Finland/Savo-Karelia,Finnish,su,Pietari,1,1,Pietari (1),Pietari (1),Peter (1)
7,Peter / Pietari / Peeter,Peeter,Viljandi,Estonia core/west,North Estonian,viP,Peeter,4,2,Peeter (3); Pieter (1),Peeter (3); Peetri (1),Peeter (3); Peeter's (1)
7,Peter / Pietari / Peeter,Peter,Viljandi,Estonia core/west,North Estonian,viP,Peeter,3,3,peeter (1); Peeter (1); Pieter (1),Peeter (2); Pieter (1),Peter (3)
7,Peter / Pietari / Peeter,Pekka/Pekko,Virtasalmi,Finland/Savo-Karelia,Finnish,su,Pekka,6,6,Pekka (6),Pekka (6),Pekka (6)
7,Peter / Pietari / Peeter,Peter,Viru-Nigula,Estonia core/west,North Estonian,viP,Peeter,2,1,Peeter (2),Peeter (2),Peter (2)
7,Peter / Pietari / Peeter,Peeter,Viru-Nigula,Estonia core/west,North Estonian,viP,Peeter,1,1,Peeter (1),Peeter (1),Peeter (1)
7,Peter / Pietari / Peeter,Peter,Viru-Nigula,Estonia core/west,North Estonian,viP,Peetri,1,1,Peetri (1),Peetri (1),Peter's (1)
7,Peter / Pietari / Peeter,Peter,Viru-Nigula,Estonia core/west,North Estonian,viP,Pieter,1,1,Pieter (1),Pieter (1),Peter (1)
7,Peter / Pietari / Peeter,Petteri/Pietari,Vuokkiniemi,East Karelia/Veps/Tver,Karelian Proper,ka,Petteri,10,3,Petteri (9); petteri (1),Petteri (10),Petteri (10)
7,Peter / Pietari / Peeter,Pekka/Pekko,Vuokkiniemi,East Karelia/Veps/Tver,Karelian Proper,ka,Pekka,4,2,Pekka (4),Pekka (3); Pekan (1),Pekka (3); Pekka's (1)
7,Peter / Pietari / Peeter,Pekka/Pekko,Vuoksela,Finland/Savo-Karelia,Finnish,su,Pekka,1,1,Pekka (1),Pekka (1),Pekka (1)
7,Peter / Pietari / Peeter,Peter,Vuoksela,Finland/Savo-Karelia,Finnish,su,Pietari,1,1,Pietari (1),Pietarin (1),Peter's (1)
7,Peter / Pietari / Peeter,Pekka/Pekko,Vuole,Ingria,Finnish,su,Pekko,3,2,Pekko (3),Pekon (3),Pekko's (3)
7,Peter / Pietari / Peeter,Pekka/Pekko,Vuole,Ingria,Finnish,su,Pekka,2,2,Pekka (2),Pekan (1); Pekon (1),Pekka's (2)
7,Peter / Pietari / Peeter,Pekka/Pekko,Vuole,Ingria,Finnish,su,Pekkanen,1,1,Pekkanen (1),Pekkanen (1),Little-Pekka (1)
7,Peter / Pietari / Peeter,Peter,Vuole,Ingria,Finnish,su,Pietari,1,1,Pietari (1),Pietarissa (1),in Peter's (1)
7,Peter / Pietari / Peeter,Peter,Väike-Maarja,Estonia core/west,North Estonian,viP,Peeter,4,2,Peeter (4),Peeter (3); Peetri (1),Peter (3); Peter's (1)
7,Peter / Pietari / Peeter,Peeter,Väike-Maarja,Estonia core/west,North Estonian,viP,Peeter,3,1,Peeter (3),Peeter (2); Peetri (1),Peeter (2); Peeter's (1)
7,Peter / Pietari / Peeter,Peter,Väike-Maarja,Estonia core/west,North Estonian,viP,Peetri,1,1,Peeteri (1),Peetri (1),Peter's (1)
7,Peter / Pietari / Peeter,Peter,Väike-Maarja,Estonia core/west,North Estonian,viP,liiva&Peeter,1,1,liiva&Peeter (1),Liiva-Peeter (1),Sand-Peter (1)
7,Peter / Pietari / Peeter,Peter,Võnnu,Estonia core/west,South Estonian,viE,Peeter,6,3,Peeter (6),Peeter (5); Peetri (1),Peter (5); Peter's (1)
7,Peter / Pietari / Peeter,Peeter,Võnnu,Estonia core/west,South Estonian,viE,Peeter,1,1,Peetre (1),Peeter (1),Peeter (1)
7,Peter / Pietari / Peeter,Petteri/Pietari,Võnnu,Estonia core/west,South Estonian,viE,Peeter,1,1,Piitre (1),Peeter (1),Piitre (1)
7,Peter / Pietari / Peeter,Petteri/Pietari,Võnnu,Estonia core/west,South Estonian,viE,Piitre,1,1,piitre (1),Piitre (1),Piitre (1)
7,Peter / Pietari / Peeter,Peter,Ylikiiminki,Finland/Savo-Karelia,Finnish,su,Petter,1,1,Petter (1),Petter (1),Peter (1)
7,Peter / Pietari / Peeter,Peter,Ylikiiminki,Finland/Savo-Karelia,Finnish,su,Pietari,1,1,Pietari (1),Pietarille (1),to Peter (1)
7,Peter / Pietari / Peeter,Peter,Ylitornio,Finland/Savo-Karelia,Finnish,su,Pietari,1,1,Pietari (1),Pietari (1),Peter (1)
7,Peter / Pietari / Peeter,Pekka/Pekko,Ylämaa,Finland/Savo-Karelia,Finnish,su,Pekka,1,1,Pekka (1),Pekka (1),Pekka (1)
7,Peter / Pietari / Peeter,Peter,Ylämaa,Finland/Savo-Karelia,Finnish,su,Pietari,1,1,Pietari (1),Pietarin (1),Peter's (1)
7,Peter / Pietari / Peeter,Peter,Ylämaa,Finland/Savo-Karelia,Finnish,su,pitkäpietari,1,1,pitkäpietär (1),pitkäpietäri (1),Long Peter (1)
7,Peter / Pietari / Peeter,Peter,Yläne,Finland/Savo-Karelia,Finnish,su,Pietari,1,1,Piatari (1),Pietari (1),Peter (1)
7,Peter / Pietari / Peeter,Peter,Ylöjärvi,Finland/Savo-Karelia,Finnish,su,Pietari,1,1,Pietari (1),Pietarista (1),from Peter (1)
7,Peter / Pietari / Peeter,Peter,Ähtäri,Finland/Savo-Karelia,Finnish,su,Pietari,1,1,pietari (1),Pietari (1),Peter (1)
7,Peter / Pietari / Peeter,Peter,Äksi,Estonia core/west,North Estonian,viP,Peeter,1,1,Peeter (1),Peeter (1),Peter (1)
7,Peter / Pietari / Peeter,Peter,Östmark,Finland/Savo-Karelia,Finnish,su,Pekka,1,1,Pekka (1),Pekka (1),Peter (1)
8,Väinämöinen,Väinö/Väinämö,Aura,Finland/Savo-Karelia,Finnish,su,Vainonpirttö,1,1,Minopirjo (name variant) (1),Vainonpirttöjen (1),Vaino's cottage girls (1)
8,Väinämöinen,Väinämöinen,Brandval,Finland/Savo-Karelia,Finnish,su,Väinämöinen,1,1,Väinämöinen (1),Väinämöinen (1),Väinämöinen (1)
8,Väinämöinen,Väinämöinen,Eno,Finland/Savo-Karelia,Finnish,su,Väinämöinen,3,2,Väinämöinen (3),Väinämöinen (2); Väinämöisen (1),Väinämöinen (2); Väinämöinen's (1)
8,Väinämöinen,Väinämöinen,Grue Finnskog,Finland/Savo-Karelia,Finnish,su,Väinämöinen,2,2,Väinämöin (1); Väinämöinen (1),Väinämöistä (1); Väinämöinen (1),Väinämöinen (2)
8,Väinämöinen,Väinämöinen,Haapajärvi,Finland/Savo-Karelia,Finnish,su,Väinämöinen,10,2,Väinämöinen (10),Väinämöinen (5); Väinämöisen (4); Väinämöiselle (1),Väinämöinen (5); Väinämöinen's (4); to Väinämöinen (1)
8,Väinämöinen,Väinämöinen,Hankasalmi,Finland/Savo-Karelia,Finnish,su,Väinämöinen,1,1,Väinämöinen (1),Väinämöinen (1),Väinämöinen (1)
8,Väinämöinen,Väinämöinen,Hietamäki,Ingria,Finnish,su,Väinämöinen,1,1,Äyrämöinen (1),Väinämöinen (1),Väinämöinen (1)
8,Väinämöinen,Väinämöinen,Huittinen,Finland/Savo-Karelia,Finnish,su,Väinämöinen,1,1,Väinämöinen (1),Väinämöisen (1),Väinämöinen's (1)
8,Väinämöinen,Väinämöinen,Iisalmi,Finland/Savo-Karelia,Finnish,su,Väinämöinen,5,5,Väinämöinen (4); väinämöinen (1),Väinämöinen (4); Väinämöisen (1),Väinämöinen (4); Väinämöinen's (1)
8,Väinämöinen,Väinämöinen,Ilmajoki,Finland/Savo-Karelia,Finnish,su,Väinämöinen,1,1,Väinämöinen (1),Väinämöinen (1),Väinämöinen (1)
8,Väinämöinen,Väinämöinen,Ilomantsi,Finland/Savo-Karelia,Finnish,su,Väinämöinen,156,60,Väinämöinen (151); väinämöinen (2); Väinämöine (2); Väin (1),Väinämöinen (113); Väinämöisen (36); Väinämöistä (4); Väinämöiselle (1); väinämöisestä (1); Väinämöisestä (1),Väinämöinen (129); Väinämöinen's (23); from Väinämöinen (2); to Väinämöinen (1); Väinämöinen (mythic hero) (1)
8,Väinämöinen,Väinö/Väinämö,Ilomantsi,Finland/Savo-Karelia,Finnish,su,Väinö,2,2,Väinö (2),Väinön (1); Väinö (1),Väinö's (1); Väinö (1)
8,Väinämöinen,Väinämöinen,Impilahti,East Karelia/Veps/Tver,Livvi-Karelian,ka,Väinämöinen,25,8,Väinämöinen (21); väinämoisen (1); väinämöiseltä (1); väinämöinen (1); Väinämöine (1),Väinämöinen (17); Väinämöisen (4); Väinämöisistä (1); Väinämöiseltä (1); Väinämöiselle (1); Väinämöltä (1),Väinämöinen (17); Väinämöinen's (5); from Väinämöinen (2); to Väinämöinen (1)
8,Väinämöinen,Väinö/Väinämö,Jaakkima,Finland/Savo-Karelia,Finnish,su,Väinö,1,1,Väinö (1),Väinöllä (1),on Väinö (1)
8,Väinämöinen,Väinö/Väinämö,Joensuu,Finland/Savo-Karelia,Finnish,su,Väinö,1,1,Väinö (1),Väinöllä (1),at Väinö's (1)
8,Väinämöinen,Väinämöinen,Joroinen,Finland/Savo-Karelia,Finnish,su,Väinämöinen,19,8,Väinämöinen (15); Wäinämöinen (3); Wäinämöise- (1),Väinämöinen (12); Väinämöisen (5); väinämöisen (1); Väinämöisestä (1),Väinämöinen (12); Väinämöinen's (6); from Väinämöinen (1)
8,Väinämöinen,Väinämöinen,Joutsa,Finland/Savo-Karelia,Finnish,su,Väinämöinen,2,1,Väinämöinen (2),Väinämöinen (1); Väinämöisen (1),Väinämöinen (1); Väinämöinen's (1)
8,Väinämöinen,Väinämöinen,Juuka,Finland/Savo-Karelia,Finnish,su,Väinämöinen,2,2,Väinämöinen (2),Väinämöinen (1); Väinämöisen (1),Väinämöinen (1); Väinämöinen's (1)
8,Väinämöinen,Väinämöinen,Juva,Finland/Savo-Karelia,Finnish,su,Väinämöinen,5,5,Väinämöinen (4); Väin (1),Väinämöinen (4); Väinämöisen (1),Väinämöinen (4); Väinämöinen-like (1)
8,Väinämöinen,Väinö/Väinämö,Jämsä,Finland/Savo-Karelia,Finnish,su,Väinö,1,1,Väinö (1),Väinö (1),Väinö (1)
8,Väinämöinen,Väinämöinen,Jäppilä,Finland/Savo-Karelia,Finnish,su,Väinämöinen,2,1,Väinämöinen (2),Väinämöinen (2),Väinämöinen (2)
8,Väinämöinen,Väinämöinen,Kaavi,Finland/Savo-Karelia,Finnish,su,Väinämöinen,9,7,Väinämöinen (8); väinämöinen (1),Väinämöisen (6); Väinämöinen (3),Väinämöinen's (6); Väinämöinen (3)
8,Väinämöinen,Väinö/Väinämö,Kaavi,Finland/Savo-Karelia,Finnish,su,Väinö/väinä,1,1,väinä/Väinä (1),Väinän (1),of Väinö/Väinä (1)
8,Väinämöinen,Väinämöinen,Kangaslampi,Finland/Savo-Karelia,Finnish,su,Väinämöinen,1,1,Väimälöinen (1),Väinämöinen (1),Väinämöinen (1)
8,Väinämöinen,Väinämöinen,Kangasniemi,Finland/Savo-Karelia,Finnish,su,Väinämöinen,1,1,Väilämöene (1),Väinämöinen (1),Väinämöinen (1)
8,Väinämöinen,Väinämöinen,Kaprio,Ingria,Finnish,su,Väinämöinen,22,9,Väinämöin (16); Väinämöinen (3); Väinämoinen (1); väinämöinen (1); väinämöin (1),Väinämöisen (13); Väinämöin (4); Väinämöinen (3); Väinämöiselle (2),Väinämöinen's (19); to Väinämöinen (2); Väinämöinen (1)
8,Väinämöinen,Väinö/Väinämö,Kaprio,Ingria,Finnish,su,Väinö,2,2,Vedra (1); Väinö (1),Väinö (1); Väinöjen (1),Väinö (1); Väinö's (1)
8,Väinämöinen,Väinämöinen,Kaprio,Ingria,Finnish,su,Väinö & viikate,1,1,väinenviikatte (1),Väinönviikate (1),Väinämöinen's scythe (1)
8,Väinämöinen,Väinämöinen,Karstula,Finland/Savo-Karelia,Finnish,su,Väinämöinen,3,1,Väinämöönen (3),Väinämöinen (3),Väinämöinen (3)
8,Väinämöinen,Väinämöinen,Kauhava,Finland/Savo-Karelia,Finnish,su,Väinämöinen,1,1,Väinämöinen (1),Väinämöinen (1),Väinämöinen (1)
8,Väinämöinen,Väinämöinen,Keitele,Finland/Savo-Karelia,Finnish,su,Väinämöinen,1,1,Väinämöinen (1),Väinämöisen (1),Väinämöinen's (1)
8,Väinämöinen,Väinämöinen,Keltto,Ingria,Finnish,su,Väinämöinen,1,1,väinämöine (1),Väinämöinen (1),Väinämöinen (1)
8,Väinämöinen,Väinämöinen,Kerimäki,Finland/Savo-Karelia,Finnish,su,Väinämöinen,3,3,Väinämöinen (3),Väinämöinen (3),Väinämöinen (3)
8,Väinämöinen,Väinämöinen,Kestilä,Finland/Savo-Karelia,Finnish,su,Väinämöinen,2,2,Wäinämöinen (1); Väinämöinen (1),Väinämöinen (2),Väinämöinen (2)
8,Väinämöinen,Väinämöinen,Kesälahti,Finland/Savo-Karelia,Finnish,su,Väinämöinen,25,7,Väinämöinen (25),Väinämöinen (14); Väinämöisen (10); Väinämöistä (1),Väinämöinen (15); Väinämöinen's (10)
8,Väinämöinen,Väinö/Väinämö,Kesälahti,Finland/Savo-Karelia,Finnish,su,Väinämö,1,1,Väinämö (1),Väinämön (1),Väinämö's (1)
8,Väinämöinen,Väinö/Väinämö,Kesälahti,Finland/Savo-Karelia,Finnish,su,Väinö,1,1,Väinö (1),Väinö (1),Väinö (1)
8,Väinämöinen,Väinämöinen,Kiestinki,East Karelia/Veps/Tver,Karelian Proper,ka,Väinämöinen,15,3,Väinämöini (11); Väinämöinen (2); väinämöisellä (1); väinämöistä (1),Väinämöinen (9); Väinämöisen (4); Väinämöisellä (1); Väinämöistä (1),Väinämöinen (11); Väinämöinen's (3); with Väinämöinen (1)
8,Väinämöinen,Väinämöinen,Kiestinki,East Karelia/Veps/Tver,Karelian Proper,ka,Väinämöisen,3,1,väinämöisen (3),Väinämöisen (3),Väinämöinen's (3)
8,Väinämöinen,Väinämöinen,Kiimaisjärvi,East Karelia/Veps/Tver,Karelian Proper,ka,Väinämöinen,14,5,Väinämöini (7); Väinämöinen (7),Väinämöinen (12); Väinämöisen (2),Väinämöinen (12); Väinämöinen's (2)
8,Väinämöinen,Väinö/Väinämö,Kiimaisjärvi,East Karelia/Veps/Tver,Karelian Proper,ka,Väinämö,1,1,Väinämö (1),Väinämön (1),Väinämö's (1)
8,Väinämöinen,Väinämöinen,Kinnula,Finland/Savo-Karelia,Finnish,su,Väinämöinen,3,1,Väinämöinen (3),Väinämöisen (3),Väinämöinen's (3)
8,Väinämöinen,Väinämöinen,Kitee,Finland/Savo-Karelia,Finnish,su,Väinämöinen,29,12,Väinämöinen (24); Väinämöinen+sen (5),Väinämöisen (23); Väinämöinen (6),Väinämöinen's (23); Väinämöinen (6)
8,Väinämöinen,Väinö/Väinämö,Kitee,Finland/Savo-Karelia,Finnish,su,Väinö,1,1,Väinö (1),Väinön (1),Väinö's (1)
8,Väinämöinen,Väinämöinen,Kittilä,Finland/Savo-Karelia,Finnish,su,Väinämöinen,5,4,Väinämöinen (4); Wainämöinen (1),Väinämöisen (4); Väinämöinen (1),Väinämöinen's (3); Väinämöinen (2)
8,Väinämöinen,Väinämöinen,Kiuruvesi,Finland/Savo-Karelia,Finnish,su,Väinämöinen,4,2,Väinämöinen (4),Väinämöinen (2); Väinämöisen (2),Väinämöinen (2); Väinämöinen's (2)
8,Väinämöinen,Väinämöinen,Kivijärvi,Finland/Savo-Karelia,Finnish,su,Väinämöinen,2,2,Väinämöinen (2),Väinämöinen (1); Väinämöisen (1),Väinämöinen (2)
8,Väinämöinen,Väinämöinen,Kontiolahti,Finland/Savo-Karelia,Finnish,su,Väinämöinen,5,4,Väinämöinen (3); Väinämöinen (gen. Väinämöisen) (1); Väinämöine (1),Väinämöisen (3); Väinämöinen (2),Väinämöinen's (3); Väinämöinen (2)
8,Väinämöinen,Väinämöinen,Kontokki,East Karelia/Veps/Tver,Karelian Proper,ka,Väinämöinen,9,8,Väinämöinen (6); väin (1); väinämöini (1); väinämöisen (1),Väinämöisen (5); Väinämöinen (4),Väinämöinen's (5); Väinämöinen (4)
8,Väinämöinen,Väinö/Väinämö,Kontokki,East Karelia/Veps/Tver,Karelian Proper,ka,Väinö,1,1,Väinö (1),Väinölän (1),Väinö's (1)
8,Väinämöinen,Väinämöinen,Korpilahti,Finland/Savo-Karelia,Finnish,su,Väinämöinen,1,1,Väinämöinen (1),Väinämöisen (1),Väinämöinen's (1)
8,Väinämöinen,Väinämöinen,Korpiselkä,East Karelia/Veps/Tver,Karelian Proper,ka,Väinämöinen,39,22,Väinämöinen (28); väinämöine (5); Väinämöni (3); väinämöinji (1); Väinämöinji (1); Väinämöinen+n (1),Väinämöinen (27); Väinämöisen (8); Väinämöisestä (1); Väinämöiselle (1); Väinämöistä (1); Väinämöni (1),Väinämöinen (30); Väinämöinen's (7); from Väinämöinen (1); to Väinämöinen (1)
8,Väinämöinen,Väinö/Väinämö,Korpiselkä,East Karelia/Veps/Tver,Karelian Proper,ka,Väinö,8,4,Väinö (5); väinön (3),Väinön (6); Väinö (2),Väinö's (5); Väinö (3)
8,Väinämöinen,Väinämöinen,Korpiselkä,East Karelia/Veps/Tver,Karelian Proper,ka,väinämöinen,1,1,vänämöine (1),Väinämöinen (1),Väinämöinen (1)
8,Väinämöinen,Väinö/Väinämö,Korpiselkä,East Karelia/Veps/Tver,Karelian Proper,ka,väinö,1,1,väinö (1),Väinön (1),Väinö's (1)
8,Väinämöinen,Väinämöinen,Kuhmo,Finland/Savo-Karelia,Finnish,su,väinämöinen,1,1,väinämöin (1),Väinämöisen (1),Väinämöinen's (1)
8,Väinämöinen,Väinö/Väinämö,Kuhmo,Finland/Savo-Karelia,Finnish,su,väinö,1,1,väinö (1),Väinön (1),Väinö's (1)
8,Väinämöinen,Väinämöinen,Kuhmoinen,Finland/Savo-Karelia,Finnish,su,Väinämöinen,2,1,Väinämöinen (2),Väinämöinen (1); Väinämöisen (1),Väinämöinen (1); of Väinämöinen (1)
8,Väinämöinen,Väinämöinen,Kuopio,Finland/Savo-Karelia,Finnish,su,Väinämöinen,1,1,Väinämöinen (1),Väinämöinen (1),Väinämöinen (1)
8,Väinämöinen,Väinämöinen,Kurkijoki,Finland/Savo-Karelia,Finnish,su,Väinämöinen,2,2,Väinämöine (1); väinämöinen (1),Väinämöinen (2),Väinämöinen (1); Väinämöinen's (1)
8,Väinämöinen,Väinämöinen,Kuusamo,Finland/Savo-Karelia,Finnish,su,Väinämöinen,2,1,Väinämöinen (2),Väinämöisen (1); Väinämöinen (1),Väinämöinen's (1); Väinämöinen (1)
8,Väinämöinen,Väinämöinen,Kuusjärvi,Finland/Savo-Karelia,Finnish,su,Väinämöinen,2,2,Väinämöinen (2),Väinämöisen (2),Väinämöinen's (2)
8,Väinämöinen,Väinämöinen,Kärsämäki,Finland/Savo-Karelia,Finnish,su,Väinämöinen,1,1,Väinämöise (1),Väinämöisen (1),Väinämöinen (1)
8,Väinämöinen,Väinämöinen,Köyliö,Finland/Savo-Karelia,Finnish,su,Väinämöinen,1,1,Väinämöisen (1),Väinämöisen (1),Väinämöinen's (1)
8,Väinämöinen,Väinämöinen,Lapinlahti,Finland/Savo-Karelia,Finnish,su,Väinämöinen,10,3,Väinämöinen (9); Väinämöise-n (1),Väinämöinen (5); Väinämöisen (5),Väinämöinen (7); Väinämöinen's (3)
8,Väinämöinen,Väinö/Väinämö,Lappee,Finland/Savo-Karelia,Finnish,su,Väinönmeri,1,1,Väinönmeri (1),vänömer (1),Väinö's sea (1)
8,Väinämöinen,Väinämöinen,Lekvattnet,Finland/Savo-Karelia,Finnish,su,Väinämöinen,1,1,Väinämöinen (1),Väinämöinen (1),Väinämöinen (1)
8,Väinämöinen,Väinämöinen,Lemi,Finland/Savo-Karelia,Finnish,su,Väinämöinen,2,2,Väinämöinen (2),Väinämöinen (1); Väinämöisen (1),Väinämöinen (1); Väinämöinen's (1)
8,Väinämöinen,Väinämöinen,Lempaala,Finland/Savo-Karelia,Finnish,su,Väinämöinen,12,11,Väinämöinen (8); Väinämöine (3); väinämöine (1),Väinämöinen (12),Väinämöinen (12)
8,Väinämöinen,Väinö/Väinämö,Lempaala,Finland/Savo-Karelia,Finnish,su,Väinö,1,1,väinö (1),Väinö (1),Väinö (1)
8,Väinämöinen,Väinämöinen,Leppävirta,Finland/Savo-Karelia,Finnish,su,Väinämöinen,1,1,Väinämöinen (1),Väinämöisen (1),Väinämöinen's (1)
8,Väinämöinen,Väinämöinen,Liperi,Finland/Savo-Karelia,Finnish,su,Väinämöinen,8,4,Väinämöinen (8),Väinämöinen (7); Väinämöisen (1),Väinämöinen (7); Väinämöinen's (1)
8,Väinämöinen,Väinämöinen,Maaninka,Finland/Savo-Karelia,Finnish,su,Väinämöinen,2,2,Väenämöinen (1); Väinämöinen (1),Väinämöinen (1); Väinämöisen (1),Väinämöinen (1); Väinämöinen's (1)
8,Väinämöinen,Väinämöinen,Metsäpirtti,Finland/Savo-Karelia,Finnish,su,Väinämöinen,2,2,Väinämöinen (2),Väinämöinen (2),Väinämöinen (2)
8,Väinämöinen,Väinö/Väinämö,Metsäpirtti,Finland/Savo-Karelia,Finnish,su,Väinö,2,1,Väinö (2),Väinö (2),Väinö (2)
8,Väinämöinen,Väinö/Väinämö,Miehikkälä,Finland/Savo-Karelia,Finnish,su,Väinö,1,1,Väinö (1),Väinö (1),Väinö (1)
8,Väinämöinen,Väinö/Väinämö,Muolaa,Finland/Savo-Karelia,Finnish,su,Väinämöisen seinä,2,1,väinöseini (1); vainoseini (1),Väinöseinä (1); väinöseinä (1),Väinö's wall (2)
8,Väinämöinen,Väinämöinen,Muonio,Finland/Savo-Karelia,Finnish,su,Väinämöinen,1,1,Väinämöinen (1),Väinämöinen (1),Väinämöinen (1)
8,Väinämöinen,Väinämöinen,Muuruvesi,Finland/Savo-Karelia,Finnish,su,Väinämöinen,4,3,Väinämöinen (4),Väinämöisen (2); Väinämöinen (2),Väinämöinen (3); Väinämöinen's (1)
8,Väinämöinen,Väinämöinen,Mäntyharju,Finland/Savo-Karelia,Finnish,su,Väinämöinen,1,1,Väinämöinen (1),Väinämöinen (1),Väinämöinen (1)
8,Väinämöinen,Väinämöinen,Narvusi,Ingria,Ingrian,in,Väinämöinen,8,3,Väinimöinen (4); Väinämöine (2); Väinimöiseltä (1); Väinämö (1),Väinämöinen (5); Väinämöisen (1); Väinämöiseltä (1); Väinämörolle (1),Väinämöinen (5); Väinämöinen's (1); from Väinämöinen (1); to Väinämöinen (1)
8,Väinämöinen,Väinämöinen,Nivala,Finland/Savo-Karelia,Finnish,su,Väinämöinen,1,1,Väinämöinen (1),Väinämöisen (1),Väinämöinen (1)
8,Väinämöinen,Väinämöinen,Nurmes,Finland/Savo-Karelia,Finnish,su,Väinämöinen,8,8,Väinämöinen (8),Väinämöisen (4); Väinämöinen (4),Väinämöinen (5); Väinämöinen's (3)
8,Väinämöinen,Väinö/Väinämö,Nurmes,Finland/Savo-Karelia,Finnish,su,Väinämöinen,1,1,Väinämö (1),Väinämön (1),Väinämö's (1)
8,Väinämöinen,Väinö/Väinämö,Nurmes,Finland/Savo-Karelia,Finnish,su,Väinö,1,1,Väinö (1),Väinön (1),Väinö's (1)
8,Väinämöinen,Väinö/Väinämö,Paatene,East Karelia/Veps/Tver,Karelian Proper,kaV,väinö,6,1,väinö (6),väinön (6),Väinö's (6)
8,Väinämöinen,Väinö/Väinämö,Paatene,East Karelia/Veps/Tver,Karelian Proper,kaV,Väinö,2,1,Väinö (2),Väinön (2),Väinö's (2)
8,Väinämöinen,Väinämöinen,Padasjoki,Finland/Savo-Karelia,Finnish,su,Väinämöinen,3,1,Väinämöinen (2); väinämöinen (1),Väinämöinen (2); Väinämöisen (1),Väinämöinen (2); Väinämöinen's (1)
8,Väinämöinen,Väinämöinen,Paltamo,Finland/Savo-Karelia,Finnish,su,Väinämöinen,9,6,Väinämöinen (9),Väinämöinen (5); Väinämöisen (4),Väinämöinen (5); Väinämöinen's (4)
8,Väinämöinen,Väinö/Väinämö,Paltamo,Finland/Savo-Karelia,Finnish,su,Väinö,1,1,Wäinö (1),Väinön (1),Väinö's (1)
8,Väinämöinen,Väinämöinen,Parikkala,Finland/Savo-Karelia,Finnish,su,Väinämöinen,2,2,Väinämöinen (1); väinämöinen (1),Väinämöisen (1); Väinämöinen (1),Väinämöinen (2)
8,Väinämöinen,Väinämöinen,Pieksämäki,Finland/Savo-Karelia,Finnish,su,Väinämöinen,3,3,Väinämöinen (2); Väinämöisen (1),Väinämöisen (2); Väinämöinen (1),Väinämöinen's (2); Väinämöinen (1)
8,Väinämöinen,Väinämöinen,Pielavesi,Finland/Savo-Karelia,Finnish,su,Väinämöinen,16,6,Väinämöinen (10); Väinämöinen+n (2); Väinämöisen (2); Väinämöise+n (2),Väinämöinen (9); Väinämöisen (7),Väinämöinen (9); Väinämöinen's (7)
8,Väinämöinen,Väinö/Väinämö,Pielavesi,Finland/Savo-Karelia,Finnish,su,Väinö,1,1,Väinö (1),Väinön (1),Väinö's (1)
8,Väinämöinen,Väinämöinen,Pielisjärvi,Finland/Savo-Karelia,Finnish,su,Väinämöinen,5,4,Väinämöinen (5),Väinämöisen (3); Väinämöinen (2),Väinämöinen's (3); Väinämöinen (2)
8,Väinämöinen,Väinö/Väinämö,Pielisjärvi,Finland/Savo-Karelia,Finnish,su,Väinö,2,1,Väinö (2),Väinön (2),Väinö's (2)
8,Väinämöinen,Väinämöinen,Piippola,Finland/Savo-Karelia,Finnish,su,Väinämöinen,2,2,Väinämöinen (2),Väinämöinen (1); Väinämöisen (1),Väinämöinen (1); Väinämöinen's (1)
8,Väinämöinen,Väinämöinen,Pistojärvi,East Karelia/Veps/Tver,Karelian Proper,ka,Väinämöinen,7,5,Väinämöinen (4); väinämöini (2); väinämöinen (1),Väinämöisen (7),Väinämöinen's (7)
8,Väinämöinen,Väinämöinen,Porajärvi,East Karelia/Veps/Tver,Karelian Proper,kaV,Väinämöinen,13,5,Väinämöinen (7); väinämöine (5); väinämöinen (1),Väinämöinen (12); Väinämöisen (1),Väinämöinen (12); Väinämöinen's (1)
8,Väinämöinen,Väinämöinen,Porajärvi,East Karelia/Veps/Tver,Karelian Proper,kaV,väinämöinen,1,1,väinämöni (1),väinämöinen (1),Väinämöinen (1)
8,Väinämöinen,Väinämöinen,Pudasjärvi,Finland/Savo-Karelia,Finnish,su,Väinämöinen,1,1,Väinämöinen (1),Väinämöisen (1),Väinämöinen (1)
8,Väinämöinen,Väinämöinen,Puolanka,Finland/Savo-Karelia,Finnish,su,Väinämöinen,1,1,Väinämöisen (1),Väinämöisen (1),Väinämöinen's (1)
8,Väinämöinen,Väinämöinen,Pyhäjärvi Ol.,Finland/Savo-Karelia,Finnish,su,Väinämöinen,2,1,Väinämöinen (2),Väinämöinen (2),Väinämöinen (2)
8,Väinämöinen,Väinämöinen,Pyhäjärvi Vpl.,Finland/Savo-Karelia,Finnish,su,Väinämöinen,1,1,Väinämöinen (1),Väinämöinen (1),Väinämöinen (1)
8,Väinämöinen,Väinö/Väinämö,Pöide,Estonia core/west,North Estonian,viP,Vaino,1,1,Vaino (1),Vainole (1),to Vaino (1)
8,Väinämöinen,Väinämöinen,Rantasalmi,Finland/Savo-Karelia,Finnish,su,Väinämöinen,1,1,väinämöinen (1),Väinämöinen (1),Väinämöinen (1)
8,Väinämöinen,Väinämöinen,Rautalampi,Finland/Savo-Karelia,Finnish,su,Väinämöinen,1,1,Väinämöinen (1),Väinämöisen (1),Väinämöinen (1)
8,Väinämöinen,Väinö/Väinämö,Rautavaara,Finland/Savo-Karelia,Finnish,su,väinäättäri,1,1,väinäättäri (1),väinäättäriä (1),Väinö's-tool (1)
8,Väinämöinen,Väinämöinen,Repola,East Karelia/Veps/Tver,Karelian Proper,kaV,Väinämöinen,29,13,Väinämöinen (12); Väinämöine (8); väinämöine (7); väinämöise (1); Väinämöisen (1),Väinämöinen (23); Väinämöisen (6),Väinämöinen (23); Väinämöinen's (6)
8,Väinämöinen,Väinö/Väinämö,Repola,East Karelia/Veps/Tver,Karelian Proper,kaV,Väinö,5,3,Väinö (3); väinön (2),Väinön (5),Väinö's (5)
8,Väinämöinen,Väinö/Väinämö,Repola,East Karelia/Veps/Tver,Karelian Proper,kaV,Väinön,1,1,väinö+n (1),väinön (1),Väinö's (1)
8,Väinämöinen,Väinämöinen,Ruskeala,East Karelia/Veps/Tver,Finnish,su,Väinämöinen,1,1,Väinämöinen (1),Väinämöisen (1),Väinämöinen's (1)
8,Väinämöinen,Väinämöinen,Räisälä,Finland/Savo-Karelia,Finnish,su,Väinämöinen,1,1,Wäinämöinen (1),Väinämöisen (1),Väinämöinen's (1)
8,Väinämöinen,Väinämöinen,Rääkkylä,Finland/Savo-Karelia,Finnish,su,Väinämöinen,14,7,Väinämöinen (14),Väinämöinen (9); Väinämöisen (3); Väinämöistä (2),Väinämöinen (11); Väinämöinen's (3)
8,Väinämöinen,Väinämöinen,Rääpyvä,Ingria,Finnish,su,Väinämöinen,1,1,Väinämöinen (1),Väinämöisen (1),Väinämöinen's (1)
8,Väinämöinen,Väinämöinen,Saarijärvi,Finland/Savo-Karelia,Finnish,su,Väinämöinen,7,5,Väinämöinen (5); väinämöinen (2),Väinämöinen (4); Väinämöisen (2); Väinämöistä (1),Väinämöinen (4); Väinämöinen's (3)
8,Väinämöinen,Väinämöinen,Sakkola,Finland/Savo-Karelia,Finnish,su,Väinämöinen,1,1,Väinämöinen (1),Väinämöisen (1),Väinämöinen's (1)
8,Väinämöinen,Väinämöinen,Sakkola,Finland/Savo-Karelia,Finnish,su,väin & verran,1,1,väin & verra (1),väinverran (1),Väinämöinen's measure (1)
8,Väinämöinen,Väinämöinen,Salmi,East Karelia/Veps/Tver,Livvi-Karelian,ka,Väinämöinen,11,4,Väinämöinen (7); Veännälmöinen (4),Väinämöinen (4); Veännälmöinen (4); Väinämöisen (3),Väinämöinen (8); Väinämöinen's (3)
8,Väinämöinen,Väinämöinen,Salmi,East Karelia/Veps/Tver,Livvi-Karelian,ka,(proper noun),1,1,Väinämöinen (1),Väinämöinen (1),Väinämöinen (1)
8,Väinämöinen,Väinämöinen,Savitaipale,Finland/Savo-Karelia,Finnish,su,Väinämöinen,1,1,Väinämöinen (1),Väinämöinen (1),Väinämöinen (1)
8,Väinämöinen,Väinämöinen,Siilinjärvi,Finland/Savo-Karelia,Finnish,su,Väinämöinen,1,1,Väinämöinen (1),Väinämöisen (1),Väinämöinen's (1)
8,Väinämöinen,Väinämöinen,Soanlahti,East Karelia/Veps/Tver,Finnish,su,Väinämöinen,6,3,väinämösen (2); väinämöni (1); Väinämöinen (1); väinämöini (1); väinämöisen (1),Väinämöisen (4); Väinämöinen (1); Väinämöis'tä (1),Väinämöinen's (4); Väinämöinen (1); from Väinämöinen (1)
8,Väinämöinen,Väinö/Väinämö,Soanlahti,East Karelia/Veps/Tver,Finnish,su,Väinö,2,2,Väinöi (2),Väinöi (1); Väinö (1),Väinö (2)
8,Väinämöinen,Väinämöinen,Soikkola,Ingria,Ingrian,in,Väinämöinen,21,10,Väinämöinen (11); Väinämöin (4); väinöväin (3); Väinämöi (3),Väinämöin (10); Väinämöinen (7); Väinämöisen (4),Väinämöinen's (14); Väinämöinen (7)
8,Väinämöinen,Väinö/Väinämö,Soikkola,Ingria,Ingrian,in,Väinö,5,3,Väinö (5),Väinistä (2); Väinön (2); Väinöltä (1),from Väinö (2); Väinö's (2); from Väinö(nen) (1)
8,Väinämöinen,Väinämöinen,Soikkola,Ingria,Ingrian,in,Väinöjärvi,1,1,Väinöjärvi (1),Väinöjärveä (1),Väinämöinen's water (1)
8,Väinämöinen,Väinö/Väinämö,Soikkola,Ingria,Ingrian,in,Väinö & mies,1,1,Väinö & mies (1),väinömiehen (1),Väinö's man (1)
8,Väinämöinen,Väinämöinen,Sonkajärvi,Finland/Savo-Karelia,Finnish,su,Väinämöinen,1,1,Väinämöinen (1),Väinämöinen (1),Väinämöinen (1)
8,Väinämöinen,Väinämöinen,Sortavala,East Karelia/Veps/Tver,Finnish,su,Väinämöinen,4,4,Väinämöinen (4),Väinämöinen (3); Väinämöisen (1),Väinämöinen (3); Väinämöinen's (1)
8,Väinämöinen,Väinämöinen,Sotkamo,Finland/Savo-Karelia,Finnish,su,Väinämöinen,19,9,Väinämöinen (16); väenämö (1); Väinämöisen (1); väinämöistä (1),Väinämöinen (9); Väinämöisen (7); Väinämöistä (2); V. (1),Väinämöinen (11); Väinämöinen's (7); from Väinämöinen (1)
8,Väinämöinen,Väinämöinen,Suistamo,East Karelia/Veps/Tver,Livvi-Karelian,ka,Väinämöinen,154,67,Väinämöinen (102); väinämöne (9); väinämöinen (7); väinämöine (6); Väinämöine (5); Väinämöne (4),Väinämöinen (91); Väinämöisen (38); Väinämöistä (8); Väinämöisistä (3); Väinämöisestä (3); Väinämöisellä (3),Väinämöinen (109); Väinämöinen's (33); from Väinämöinen (5); of Väinämöinen (3); with Väinämöinen (2); into Väinämöinen (1)
8,Väinämöinen,Väinö/Väinämö,Suistamo,East Karelia/Veps/Tver,Livvi-Karelian,ka,Väinö,40,18,Väinö (31); väinön (6); väinö (3),Väinön (29); Väinö (9); Väinöä (2),Väinö's (29); Väinö (11)
8,Väinämöinen,Väinö/Väinämö,Suistamo,East Karelia/Veps/Tver,Livvi-Karelian,ka,Väinämöinen,4,1,Väinämö (4),Väinämösen (4),Väinämö's (4)
8,Väinämöinen,Väinämöinen,Suistamo,East Karelia/Veps/Tver,Livvi-Karelian,ka,väinämöinen,2,2,väinämöinen (2),väinämöisen (2),Väinämöinen's (2)
8,Väinämöinen,Väinö/Väinämö,Suistamo,East Karelia/Veps/Tver,Livvi-Karelian,ka,Väinön,2,1,Väinö+n (2),Väinön (2),Väinö's (2)
8,Väinämöinen,Väinämöinen,Suistamo,East Karelia/Veps/Tver,Livvi-Karelian,ka,Väinämöisen,1,1,Väinämöinen+n (1),Väinämöisen (1),of Väinämöinen (1)
8,Väinämöinen,Väinämöinen,Suistamo,East Karelia/Veps/Tver,Livvi-Karelian,ka,Väinö,1,1,Väinö (1),Väinö (1),Väinämöinen (1)
8,Väinämöinen,Väinö/Väinämö,Suistamo,East Karelia/Veps/Tver,Livvi-Karelian,ka,Väinölä,1,1,Väinölä (1),Väinölän (1),Väinö's (1)
8,Väinämöinen,Väinämöinen,Sulkava,Finland/Savo-Karelia,Finnish,su,Väinämöinen,1,1,Väinämöinen (1),Väinämöinen (1),Väinämöinen (1)
8,Väinämöinen,Väinämöinen,Suojärvi,East Karelia/Veps/Tver,Finnish,su,Väinämöinen,74,35,Väinämöinen (41); vänämöne (5); väinämöinen (2); Vänämöni (2); Väinämöine (2); väinämyt (2),Väinämöinen (47); Väinämöisen (20); Väinämöistä (2); Väinämöin (1); Väinämöisistä (1); Väinämöisestä (1),Väinämöinen (48); Väinämöinen's (22); of Väinämöinen (2); from Väinämöinen (1); at Väinämöinen's (1)
8,Väinämöinen,Väinö/Väinämö,Suojärvi,East Karelia/Veps/Tver,Finnish,su,Väinö,10,5,Väinö (5); väinö (2); väinön (1); väinözeni (1); Väinönen (1),Väinön (4); Väinö (4); Väinöni (1); väinöisissä (1),Väinö's (4); Väinö (4); my Väinö (1); Väinö's people (1)
8,Väinämöinen,Väinämöinen,Suojärvi,East Karelia/Veps/Tver,Finnish,su,(as above),7,1,Väinämöinen (7),Väinämöinen (7),Väinämöinen (7)
8,Väinämöinen,Väinämöinen,Suojärvi,East Karelia/Veps/Tver,Finnish,su,väinä & möö,5,1,Väinämöinen (5),Väinämöinen (5),Väinämöinen (5)
8,Väinämöinen,Väinämöinen,Suojärvi,East Karelia/Veps/Tver,Finnish,su,Väinämöisen,4,1,Väinämöise+n (4),Väinämöisen (4),Väinämöinen's (4)
8,Väinämöinen,Väinö/Väinämö,Suojärvi,East Karelia/Veps/Tver,Finnish,su,Väinämö,2,1,Väinämö (2),Väinämön (2),Väinämö's (2)
8,Väinämöinen,Väinö/Väinämö,Suojärvi,East Karelia/Veps/Tver,Finnish,su,Väinö & poika,2,1,väinöpoigoa (2),Väinön poikaa (2),Väinö's son (2)
8,Väinämöinen,Väinämöinen,Suojärvi,East Karelia/Veps/Tver,Finnish,su,Väinämöinen+llä,1,1,Väinämöinen+llä (1),Väinämöisellä (1),at Väinämöinen's (1)
8,Väinämöinen,Väinämöinen,Suojärvi,East Karelia/Veps/Tver,Finnish,su,Väinämöisellä,1,1,väinämyöli (1),Väinämöisellä (1),with Väinämöinen (1)
8,Väinämöinen,Väinämöinen,Suojärvi,East Karelia/Veps/Tver,Finnish,su,Väinämöistä,1,1,väinämyttä (1),Väinämöistä (1),Väinämöinen (1)
8,Väinämöinen,Väinö/Väinämö,Suojärvi,East Karelia/Veps/Tver,Finnish,su,Väinämöinen,1,1,väinämö (1),Väinämö (1),Väinämö (1)
8,Väinämöinen,Väinämöinen,Suomussalmi,Finland/Savo-Karelia,Finnish,su,Väinämöinen,3,3,Väinämöinen (3),Väinämöisen (1); Väinämöisestä (1); Väinämöinen (1),Väinämöinen (2); Väinämöinen's (1)
8,Väinämöinen,Väinämöinen,Suonenjoki,Finland/Savo-Karelia,Finnish,su,Väinämöinen,3,3,Väinämöinen (3),Väinämöinen (3),Väinämöinen (3)
8,Väinämöinen,Väinämöinen,Säräisniemi,Finland/Savo-Karelia,Finnish,su,Väinämöinen,3,2,Väinämöinen (3),Väinämöinen (3),Väinämöinen (3)
8,Väinämöinen,Väinämöinen,Sääminki,Finland/Savo-Karelia,Finnish,su,Väinämöinen,1,1,Väinämöise+n (1),Väinämöisen (1),Väinämöinen's (1)
8,Väinämöinen,Väinö/Väinämö,Sääminki,Finland/Savo-Karelia,Finnish,su,Väinö,1,1,Väinä+n (1),Väinän (1),Väinö's (1)
8,Väinämöinen,Väinämöinen,Säämäjärvi,East Karelia/Veps/Tver,Livvi-Karelian,ka,Väinämöinen,2,1,Väinämöisen (2),Väinämöisen (2),Väinämöinen's (2)
8,Väinämöinen,Väinämöinen,Säämäjärvi,East Karelia/Veps/Tver,Livvi-Karelian,ka,Väinämöisen,1,1,Väinämöisen (1),Väinämöisen (1),Väinämöinen's (1)
8,Väinämöinen,Väinämöinen,Taivalkoski,Finland/Savo-Karelia,Finnish,su,Väinämöinen,1,1,Väinämöinen (1),Väinämöisen (1),Väinämöinen's (1)
8,Väinämöinen,Väinö/Väinämö,Tartu-Maarja,Estonia core/west,South Estonian,viE,Väinö,1,1,Väinö (1),Väinökese (1),Väinö's (1)
8,Väinämöinen,Väinämöinen,Tohmajärvi,Finland/Savo-Karelia,Finnish,su,Väinämöinen,2,2,väinämöinen (1); Väinämöinen (1),Väinämöinen (1); Väinämöisen (1),Väinämöinen (1); Väinämöinen's (1)
8,Väinämöinen,Väinö/Väinämö,Tohmajärvi,Finland/Savo-Karelia,Finnish,su,Väinö,2,1,Väinö (2),Väinön (2),Väinö's (2)
8,Väinämöinen,Väinämöinen,Toksova,Ingria,Finnish,su,Väinämöinen,2,1,Väinämöinen (1); väimenöin (1),Väinämöinen (2),Väinämöinen (2)
8,Väinämöinen,Väinö/Väinämö,Tolmačču,East Karelia/Veps/Tver,Karelian Proper,ka,Väinö,2,1,vano (2),vanoa (2),Väinö's (2)
8,Väinämöinen,Väinämöinen,Tulemajärvi,East Karelia/Veps/Tver,Livvi-Karelian,ka,Väinämöinen,12,3,Väinämöinen (11); väinämöinen (1),Väinämöinen (12),Väinämöinen (12)
8,Väinämöinen,Väinö/Väinämö,Tulemajärvi,East Karelia/Veps/Tver,Livvi-Karelian,ka,Väinämöinen,1,1,Väinämöinen (1),Väinämöinen (1),Väinämö (1)
8,Väinämöinen,Väinö/Väinämö,Tulemajärvi,East Karelia/Veps/Tver,Livvi-Karelian,ka,Väinö,1,1,Väinö (1),väinöstä (1),from Väinö (1)
8,Väinämöinen,Väinämöinen,Turtola,Finland/Savo-Karelia,Finnish,su,Väinämöinen,2,2,Väinämöinen (2),Väinämöinen (2),Väinämöinen (2)
8,Väinämöinen,Väinämöinen,Tuupovaara,Finland/Savo-Karelia,Finnish,su,Väinämöinen,12,3,Väinämöinen (12),Väinämöinen (7); Väinämöisen (5),Väinämöinen (7); Väinämöinen's (5)
8,Väinämöinen,Väinämöinen,Tuusniemi,Finland/Savo-Karelia,Finnish,su,Väinämöinen,1,1,viänämöisen (1),Väinämöisen (1),Väinämöinen's (1)
8,Väinämöinen,Väinämöinen,Tyrvää,Finland/Savo-Karelia,Finnish,su,Väinämöinen,4,1,väinämöinen (2); Väinämöinen (1); väinämöltä (1),Väinämöinen (3); Väinämöiseltä (1),Väinämöinen (3); from Väinämöinen (1)
8,Väinämöinen,Väinö/Väinämö,Tyrvää,Finland/Savo-Karelia,Finnish,su,Väinö,1,1,väinön (1),Väinön (1),Väinö's (1)
8,Väinämöinen,Väinämöinen,Tyrö,Ingria,Finnish,su,Väinämöinen,11,2,Väinämöinen (6); väinämöine (5),Väinämöinen (11),Väinämöinen (11)
8,Väinämöinen,Väinämöinen,Uhtua,East Karelia/Veps/Tver,Karelian Proper,ka,Väinämöinen,19,7,Väinämöini (5); Väinämöinen (5); väinämöini (3); väinämöinen (3); väinämöise-n (2); väinämöistä (1),Väinämöisen (7); Väinämöinen (6); Väinämöini (4); Väinämöisestä (2),Väinämöinen's (10); Väinämöinen (7); from Väinämöinen (2)
8,Väinämöinen,Väinämöinen,Uukuniemi,East Karelia/Veps/Tver,Finnish,su,Väinämöinen,1,1,Väinämöinen (1),Väinämöisen (1),Väinämöinen's (1)
8,Väinämöinen,Väinämöinen,Valkeasaari,Ingria,Finnish,su,Väinämöinen,1,1,Väinämöinen (1),Väinämöisen (1),Väinämöinen's (1)
8,Väinämöinen,Väinämöinen,Valtimo,Finland/Savo-Karelia,Finnish,su,Väinämöinen,5,4,Väinämöinen (5),Väinämöinen (2); Väinämöisen (2); väinämöisen (1),Väinämöinen's (3); Väinämöinen (2)
8,Väinämöinen,Väinämöinen,Varpaisjärvi,Finland/Savo-Karelia,Finnish,su,Väinämöinen,2,2,Väinämöinen (2),Väinämöinen (2),Väinämöinen (2)
8,Väinämöinen,Väinämöinen,Venjoki,Ingria,Finnish,su,Väinämöinen,1,1,Väinämöinen (1),Väinämöinen (1),Väinämöinen (1)
8,Väinämöinen,Väinämöinen,Vieljärvi,East Karelia/Veps/Tver,Livvi-Karelian,kaA,Väinämöinen,5,3,väinämöinen (2); Väinämöinen (1); väinämöinji (1); väinämöine (1),Väinämöinen (4); Väinämöine (1),Väinämöinen (5)
8,Väinämöinen,Väinö/Väinämö,Vieljärvi,East Karelia/Veps/Tver,Livvi-Karelian,kaA,Väinö,2,1,väinön (1); väinö (1),Väinön (1); Väinö (1),Väinö's (1); Väinö (1)
8,Väinämöinen,Väinö/Väinämö,Virolahti,Finland/Savo-Karelia,Finnish,su,Väinö,1,1,Väinö (1),Väinö (1),Väinö (1)
8,Väinämöinen,Väinämöinen,Vuokkiniemi,East Karelia/Veps/Tver,Karelian Proper,ka,Väinämöinen,43,21,Väinämöinen (30); väinämöini (5); Väinämöini (5); v (1); Väinämöine (1); väinämöinen (1),Väinämöinen (29); Väinämöisen (10); Väinämöiselle (2); Väinämöistä (1); Väinämöisestä (1),Väinämöinen (30); Väinämöinen's (9); to Väinämöinen (2); of Väinämöinen (1); from Väinämöinen (1)
8,Väinämöinen,Väinö/Väinämö,Vuokkiniemi,East Karelia/Veps/Tver,Karelian Proper,ka,Väinö,4,3,Väinö (2); vainon (1); väinö (1),Väinön (2); Väinö (2),Väinö (2); of Väinö (1); Väinö's (1)
8,Väinämöinen,Väinämöinen,Vuokkiniemi,East Karelia/Veps/Tver,Karelian Proper,ka,Wäinämöinen,3,1,Wäinämöinen (3),Wäinämöisen (3),Väinämöinen's (3)
8,Väinämöinen,Väinämöinen,Vuole,Ingria,Finnish,su,Väinämöinen,7,5,Väinämöinen (5); Väinämöine (2),Väinämöinen (6); Väinämöisen (1),Väinämöinen (6); Väinämöinen's (1)
8,Väinämöinen,Väinö/Väinämö,Vuole,Ingria,Finnish,su,Väinö,2,2,Väinö (2),Väinö (2),Väinö (2)
8,Väinämöinen,Väinö/Väinämö,Yli-Ii,Finland/Savo-Karelia,Finnish,su,Väinön poika,1,1,väinönpoika (1),Väinönpoika (1),son of Väinö (1)
8,Väinämöinen,Väinämöinen,Östmark,Finland/Savo-Karelia,Finnish,su,Väinämöinen,2,2,Väinämöinen (2),Väinämöinen (2),Väinämöinen (2)
9,Ilmarinen,Ilmarinen,Brandval,Finland/Savo-Karelia,Finnish,su,Ilmarinen,1,1,Ilmarainen (1),Ilmarainen (1),Ilmarinen (1)
9,Ilmarinen,Ilmarinen,Eno,Finland/Savo-Karelia,Finnish,su,Ilmarinen,2,2,Ilmarinen (1); Ilimarinen (1),Ilmarinen (1); Ilimarinen (1),Ilmarinen (2)
9,Ilmarinen,Ilmarinen,Haapavesi,Finland/Savo-Karelia,Finnish,su,Ilmarinen,1,1,Ilmarinen (1),Ilmarinen (1),Ilmarinen (1)
9,Ilmarinen,Ilmarinen,Heinävesi,Finland/Savo-Karelia,Finnish,su,Ilmarinen,1,1,Ilmarine (1),Ilmarinen (1),Ilmarinen (1)
9,Ilmarinen,Ilmarinen,Hietamäki,Ingria,Finnish,su,Ilmarinen,1,1,ilmaro (1),Ilmarinen (1),Ilmarinen (1)
9,Ilmarinen,Ilmarinen,Hyrynsalmi,Finland/Savo-Karelia,Finnish,su,Ilmarinen,1,1,Ilmarinen (1),Ilmarinen (1),Ilmarinen (1)
9,Ilmarinen,Ilmari/Ilmar,Iisalmi,Finland/Savo-Karelia,Finnish,su,Ilmari,1,1,Ilmari (1),Ilmarin (1),Ilmari's (1)
9,Ilmarinen,Ilmarinen,Iisalmi,Finland/Savo-Karelia,Finnish,su,Ilmarinen,1,1,Ilmarinen (1),Ilmarinen (1),Ilmarinen (1)
9,Ilmarinen,Ilmarinen,Ilomantsi,Finland/Savo-Karelia,Finnish,su,Ilmarinen,64,14,Ilmarinen (56); Ilmovoinen (7); Ilimarinen (1),Ilmarinen (45); ilmarinen (7); Ilmovoinen (4); Ilmarisen (3); Ilmovolla (2); ilmarisen (1),Ilmarinen (57); Ilmarinen's (5); at Ilmarinen's (2)
9,Ilmarinen,Ilmarinen,Impilahti,East Karelia/Veps/Tver,Livvi-Karelian,ka,Ilmari,1,1,Ilmari (1),Ilmarin (1),Ilmarinen's (1)
9,Ilmarinen,Ilmarinen,Impilahti,East Karelia/Veps/Tver,Livvi-Karelian,ka,Ilmarinen,1,1,Ilmarine (1),Ilmarine (1),Ilmarinen (1)
9,Ilmarinen,Ilmarinen,Joroinen,Finland/Savo-Karelia,Finnish,su,Ilmarinen,1,1,Ilemarinen (1),Ilmarinen (1),Ilmarinen (1)
9,Ilmarinen,Ilmari/Ilmar,Juuka,Finland/Savo-Karelia,Finnish,su,Ilmari,2,1,Ilmari+n (1); Ilmari (1),Ilmarin (1); Ilmari (1),Ilmari's (1); Ilmari (1)
9,Ilmarinen,Ilmarinen,Juuka,Finland/Savo-Karelia,Finnish,su,Ilmarinen,1,1,Ilmarinen (1),Ilmarinen (1),Ilmarinen (1)
9,Ilmarinen,Ilmarinen,Juva,Finland/Savo-Karelia,Finnish,su,Ilmarinen,3,3,Ilmarinen (3),Ilmarinen (3),Ilmarinen (3)
9,Ilmarinen,Ilmarinen,Kaavi,Finland/Savo-Karelia,Finnish,su,Ilmarinen,1,1,Ilimarinen (1),Ilimarinen (1),Ilmarinen (1)
9,Ilmarinen,Ilmarinen,Kangaslampi,Finland/Savo-Karelia,Finnish,su,Ilmarinen,1,1,Ilmarinen (1),Ilmarinen (1),Ilmarinen (1)
9,Ilmarinen,Ilmari/Ilmar,Kangasniemi,Finland/Savo-Karelia,Finnish,su,Ilmar,1,1,Ilmar (1),Ilmar (1),Ilmar (1)
9,Ilmarinen,Ilmarinen,Kaprio,Ingria,Finnish,su,Ilmarinen,1,1,Ilmaro (1),Ilmaroiden (1),Ilmarinen's (1)
9,Ilmarinen,Ilmarinen,Keltto,Ingria,Finnish,su,Ilmarinen,1,1,Ilmarine (1),Ilmarinen (1),Ilmarinen (1)
9,Ilmarinen,Ilmarinen,Kerimäki,Finland/Savo-Karelia,Finnish,su,Ilmarinen,3,2,Ilmarinen (3),Ilmarisen (2); Ilmarinen (1),Ilmarinen's (2); Ilmarinen (1)
9,Ilmarinen,Ilmarinen,Kesälahti,Finland/Savo-Karelia,Finnish,su,Ilmarinen,4,3,Ilmarinen (4),Ilmarinen (2); Ilmarisen (2),Ilmarinen (2); Ilmarinen's (2)
9,Ilmarinen,Ilmarinen,Kiihtelysvaara,Finland/Savo-Karelia,Finnish,su,Ilmarinen,1,1,Ilimarinen (1),Ilmarinen (1),Ilmarinen (1)
9,Ilmarinen,Ilmarinen,Kitee,Finland/Savo-Karelia,Finnish,su,Ilmarinen,12,8,Ilmarinen (9); Ilmarise-n (1); ilmarisen (1); ilmarinen (1),Ilmarinen (10); Ilmarisen (2),Ilmarinen (10); Ilmarinen's (2)
9,Ilmarinen,Ilmari/Ilmar,Kitee,Finland/Savo-Karelia,Finnish,su,Ilmari,2,1,Ilmari (2),Ilmarin (1); Ilmari (1),Ilmari's (1); Ilmari (1)
9,Ilmarinen,Ilmari/Ilmar,Koeru,Estonia core/west,North Estonian,viP,Ilmar,1,1,Ilmar (1),Ilmarise (1),Ilmar's (1)
9,Ilmarinen,Ilmarinen,Kontiolahti,Finland/Savo-Karelia,Finnish,su,Ilmarinen,2,2,Ilmarinen (2),Ilmarinen (1); Ilmarin (1),Ilmarinen (1); of Ilmarinen (1)
9,Ilmarinen,Ilmarinen,Korpiselkä,East Karelia/Veps/Tver,Karelian Proper,ka,Ilmarinen,7,2,ilmolline (4); Ilmarinen (3),Ilmarinen (7),Ilmarinen (7)
9,Ilmarinen,Ilmari/Ilmar,Kuhmoinen,Finland/Savo-Karelia,Finnish,su,Ilmari,2,1,Ilmarin (2),Ilmarin (2),Ilmari's (2)
9,Ilmarinen,Ilmarinen,Kuhmoinen,Finland/Savo-Karelia,Finnish,su,Ilmarinen,2,1,Ilmarinen (2),Ilmarinen (2),Ilmarinen (2)
9,Ilmarinen,Ilmarinen,Kuusamo,Finland/Savo-Karelia,Finnish,su,Ilmari,1,1,Ilmari (1),Ilmari (1),Ilmarinen (1)
9,Ilmarinen,Ilmarinen,Kuusjärvi,Finland/Savo-Karelia,Finnish,su,Ilmari,1,1,Ilmari (1),Ilmarin (1),Ilmarinen's (1)
9,Ilmarinen,Ilmarinen,Lapinlahti,Finland/Savo-Karelia,Finnish,su,Ilmarinen,3,1,(proper name) (3),Ilmarinen (3),Ilmarinen (3)
9,Ilmarinen,Ilmarinen,Lempaala,Finland/Savo-Karelia,Finnish,su,Ilmarinen,6,6,Ilmarinta (3); Ilmarinen (2); Ilmarin (1),Ilmarinen (3); Ilmarinta (3),Ilmarinen (5); Ilmarinen's (1)
9,Ilmarinen,Ilmari/Ilmar,Lempaala,Finland/Savo-Karelia,Finnish,su,Ilmari,1,1,Ilmarinta (1),Ilmarinta (1),Ilmar's son (1)
9,Ilmarinen,Ilmari/Ilmar,Liissilä,Ingria,Finnish,su,Ilmari & isä,3,3,ilmari-issäis (1); ilmariisoni (1); ilmariisälle (1),Ilmari-isäisi (1); Ilmari-isäni (1); Ilmarin isälle (1),Ilmari-fathers (1); Ilmari-father (1); to Ilmari's father (1)
9,Ilmarinen,Ilmarinen,Liissilä,Ingria,Finnish,su,Ilmarinen,1,1,Ilmarinta (1),Ilmarinta (1),Ilmarinen (1)
9,Ilmarinen,Ilmarinen,Liissilä,Ingria,Finnish,su,Ilmarinta,1,1,Ilmarinta (1),Ilmarinta (1),Ilmarinen's chest (1)
9,Ilmarinen,Ilmarinen,Liperi,Finland/Savo-Karelia,Finnish,su,(prop.name),1,1,Ilmarinen (1),Ilmarinen (1),Ilmarinen (1)
9,Ilmarinen,Ilmarinen,Liperi,Finland/Savo-Karelia,Finnish,su,Ilmarinen,1,1,Ilimarinen (1),Ilimarinen (1),Ilmarinen (1)
9,Ilmarinen,Ilmarinen,Metsäpirtti,Finland/Savo-Karelia,Finnish,su,Ilmarinen,1,1,Ilmarinen (1),Ilmarinen (1),Ilmarinen (1)
9,Ilmarinen,Ilmarinen,Moloskovitsa,Ingria,Finnish,su,Ilmarinen,2,2,Ilmarinen (1); Ilmaro (1),Ilmarinen (1); Ilmaro (1),Ilmarinen (2)
9,Ilmarinen,Ilmarinen,Muuruvesi,Finland/Savo-Karelia,Finnish,su,Ilmarinen,1,1,Ilmarinen (1),Ilmarinen (1),Ilmarinen (1)
9,Ilmarinen,Ilmarinen,Narvusi,Ingria,Ingrian,in,Ilmarinen,3,3,Ilmaroi (1); Ismaroinen (1); Ilmaroinen (1),Ilmaroi (1); Ismaroinen (1); Ilmaroinen (1),Ilmarinen (3)
9,Ilmarinen,Ilmarinen,Nilsiä,Finland/Savo-Karelia,Finnish,su,Ilmari,2,2,Ilmari (2),Ilmarin (2),Ilmarinen's (2)
9,Ilmarinen,Ilmarinen,Nilsiä,Finland/Savo-Karelia,Finnish,su,Ilmarinen,2,2,Ilimarinen (1); Ilmarinen (1),Ilimarinen (1); Ilmarinen (1),Ilmarinen (2)
9,Ilmarinen,Ilmarinen,Nurmes,Finland/Savo-Karelia,Finnish,su,Ilmarinen,2,2,Ilmarinen (2),Ilmarinen (2),Ilmarinen (2)
9,Ilmarinen,Ilmarinen,Oulu,Finland/Savo-Karelia,Finnish,su,Ilmarinen,1,1,Ilmarinen (1),Ilmarinen (1),Ilmarinen (1)
9,Ilmarinen,Ilmarinen,Paltamo,Finland/Savo-Karelia,Finnish,su,Ilmarinen,5,2,Ilmarinen (4); Ilmärinen (1),Ilmarinen (4); Ilmärinen (1),Ilmarinen (5)
9,Ilmarinen,Ilmarinen,Pieksämäki,Finland/Savo-Karelia,Finnish,su,Ilmarinen,1,1,Ilmarinen (1),Ilmarinen (1),Ilmarinen (1)
9,Ilmarinen,Ilmari/Ilmar,Pielavesi,Finland/Savo-Karelia,Finnish,su,Ilmarinen,1,1,Ilmari (1),Ilmarin (1),Ilmar's (1)
9,Ilmarinen,Ilmarinen,Pielavesi,Finland/Savo-Karelia,Finnish,su,Ilmari,1,1,Ilmari (1),Ilmarin (1),Ilmarinen's (1)
9,Ilmarinen,Ilmarinen,Pielavesi,Finland/Savo-Karelia,Finnish,su,Ilmarinen,1,1,Ilmarinen (1),Ilmarinen (1),Ilmarinen (1)
9,Ilmarinen,Ilmarinen,Pielisjärvi,Finland/Savo-Karelia,Finnish,su,Ilmarinen,3,3,Ilmarinen (3),Ilmarinen (3),Ilmarinen (3)
9,Ilmarinen,Ilmarinen,Porajärvi,East Karelia/Veps/Tver,Karelian Proper,kaV,Ilmarinen,6,2,Ilmoninen (5); Ilmarinen (1),Ilmarinen (5); Ilmollinen (1),Ilmarinen (6)
9,Ilmarinen,Ilmari/Ilmar,Rautavaara,Finland/Savo-Karelia,Finnish,su,Ilmari,1,1,Ilmari (1),Ilmalan (1),of Ilmari (1)
9,Ilmarinen,Ilmarinen,Repola,East Karelia/Veps/Tver,Karelian Proper,kaV,Ilmarinen,1,1,Ilmarinen (1),Ilmarinen (1),Ilmarinen (1)
9,Ilmarinen,Ilmarinen,Rovaniemi,Finland/Savo-Karelia,Finnish,su,Ilmarinen,1,1,Ilmarinen (1),Ilmarinen (1),Ilmarinen (1)
9,Ilmarinen,Ilmarinen,Ruskeala,East Karelia/Veps/Tver,Finnish,su,Ilmarinen,1,1,Ilmarinen (1),Ilmarisen (1),Ilmarinen's (1)
9,Ilmarinen,Ilmarinen,Saarijärvi,Finland/Savo-Karelia,Finnish,su,Ilmarinen,1,1,Ilmarinen (1),Ilmarinen (1),Ilmarinen (1)
9,Ilmarinen,Ilmarinen,Salmi,East Karelia/Veps/Tver,Livvi-Karelian,ka,Ilmarinen,1,1,Ilmarinen (1),Ilmarinen (1),Ilmarinen (1)
9,Ilmarinen,Ilmarinen,Serepetta,Ingria,Finnish,su,Ilmarinen,1,1,Ilmarinen (1),Ilmarin (1),Ilmarinen (1)
9,Ilmarinen,Ilmarinen,Soikkola,Ingria,Ingrian,in,Ilmarinen,7,4,Ilmarinen (4); Ismaroinen (2); Ilmaroinen (1),Ilmarin (4); Ilmaroinen (1); Ismaroin (1); Ismaroinen (1),Ilmarinen's (5); Ilmarinen (2)
9,Ilmarinen,Ilmari/Ilmar,Sortavala,East Karelia/Veps/Tver,Finnish,su,Ilmari,4,1,Ilmari (4),Ilmari (4),Ilmari (4)
9,Ilmarinen,Ilmarinen,Sortavala,East Karelia/Veps/Tver,Finnish,su,Ilmarinen,1,1,Ilmarinen (1),Ilmarinen (1),Ilmarinen (1)
9,Ilmarinen,Ilmarinen,Sotkamo,Finland/Savo-Karelia,Finnish,su,Ilmarinen,1,1,Ilmarinen (1),Ilmarinen (1),Ilmarinen (1)
9,Ilmarinen,Ilmarinen,Suistamo,East Karelia/Veps/Tver,Livvi-Karelian,ka,Ilmarinen,6,4,Ilmarinen (4); Ilmarine (1); Ilmollinen (1),Ilmarinen (3); Ilmarisen (2); Ilmolinen (1),Ilmarinen (3); Ilmarinen's (2); of Ilmarinen (1)
9,Ilmarinen,Ilmarinen,Sulkava,Finland/Savo-Karelia,Finnish,su,Ilmarinen,1,1,Ilmarinen (1),Ilmarinen (1),Ilmarinen (1)
9,Ilmarinen,Ilmarinen,Suojärvi,East Karelia/Veps/Tver,Finnish,su,Ilmarinen,32,12,Ilmarinen (20); ilmarini (3); Ilmarisen (2); Ilmarini (1); Ilmorinen (1); Ilmoinen (1),Ilmarinen (22); Ilmarisen (6); Ilmariseni (2); Ilmarineni (2),Ilmarinen (25); Ilmarinen's (6); my Ilmarinen (1)
9,Ilmarinen,Ilmarinen,Suojärvi,East Karelia/Veps/Tver,Finnish,su,(as above),3,1,Ilmorinen (2); Ilmoinen (1),Ilmarinen (3),Ilmarinen (3)
9,Ilmarinen,Ilmari/Ilmar,Suojärvi,East Karelia/Veps/Tver,Finnish,su,Ilmarinen,2,2,ilmollini (1); Ilmo-llini (1),Ilmariseni (1); Ilmollini (1),my Ilmari's (2)
9,Ilmarinen,Ilmarinen,Suomussalmi,Finland/Savo-Karelia,Finnish,su,Ilmarinen,8,1,Ilmarinen (7); Ilmarise-n (1),Ilmarinen (7); Ilmarisen (1),Ilmarinen (7); Ilmarinen's (1)
9,Ilmarinen,Ilmarinen,Suonenjoki,Finland/Savo-Karelia,Finnish,su,Ilmarinen,1,1,Ilmarinen (1),Ilmarinen (1),Ilmarinen (1)
9,Ilmarinen,Ilmarinen,Säräisniemi,Finland/Savo-Karelia,Finnish,su,Ilmarinen,2,1,Ilmakinen (1); Ilmahinen (1),Ilmarinen (2),Ilmarinen (2)
9,Ilmarinen,Ilmarinen,Säämäjärvi,East Karelia/Veps/Tver,Livvi-Karelian,ka,Ilmarinen,1,1,Ilmarinen (1),Ilmarinen (1),Ilmarinen (1)
9,Ilmarinen,Ilmarinen,Tohmajärvi,Finland/Savo-Karelia,Finnish,su,Ilmarinen,2,1,Ilmarinen (2),Ilmarinen (2),Ilmarinen (2)
9,Ilmarinen,Ilmari/Ilmar,Tohmajärvi,Finland/Savo-Karelia,Finnish,su,Ilmar,1,1,ilimar (1),Ilmar (1),Ilmar (1)
9,Ilmarinen,Ilmarinen,Toksova,Ingria,Finnish,su,Ilmarinen,4,1,Ilmarinta (2); Ilmarin (2),Ilmarinen (2); Ilmarin (2),Ilmarinen's (4)
9,Ilmarinen,Ilmarinen,Tulemajärvi,East Karelia/Veps/Tver,Livvi-Karelian,ka,Ilmarinen,5,2,Ilmarinen (4); Ilmari (1),Ilmarinen (5),Ilmarinen (5)
9,Ilmarinen,Ilmarinen,Tulemajärvi,East Karelia/Veps/Tver,Livvi-Karelian,ka,Ilja,1,1,Ilju (1),Ilju (1),Elijah/Ilmarinen (1)
9,Ilmarinen,Ilmarinen,Tyrvää,Finland/Savo-Karelia,Finnish,su,Ilmarinen,5,1,ilmarisen (2); ilmarinen (2); ilmarille (1),Ilmarisen (2); Ilmarinen (2); Ilmariselle (1),Ilmarinen (3); Ilmarinen's (1); to Ilmarinen (1)
9,Ilmarinen,Ilmarinen,Tyrö,Ingria,Finnish,su,Ilmarinen,3,3,Ilmarinen (1); Ilmaroi (1); ilmaro (1),Ilmarinen (2); Ilmaroin (1),Ilmarinen (2); Ilmarinen's (1)
9,Ilmarinen,Ilmarinen,Tyrö,Ingria,Finnish,su,Ilmarinen & itkeä,1,1,ilmaroida (1),Ilmarinen itsoi (1),Ilmarinen cried (1)
9,Ilmarinen,Ilmarinen,Uhtua,East Karelia/Veps/Tver,Karelian Proper,ka,Ilmarinen,1,1,Ilmari (1),Ilmarisesta (1),Ilmarinen (1)
9,Ilmarinen,Ilmarinen,Uukuniemi,East Karelia/Veps/Tver,Finnish,su,Ilmarinen,1,1,Ilmari-lle (1),Ilmarille (1),to Ilmarinen (1)
9,Ilmarinen,Ilmarinen,Varkaus,Finland/Savo-Karelia,Finnish,su,Ilmarinen,2,1,Ilmarinen (2),Ilmarisen (2),Ilmarinen's (2)
9,Ilmarinen,Ilmari/Ilmar,Venjoki,Ingria,Finnish,su,Ilmari,2,1,Ilmari (2),Ilmari (2),Ilmari (2)
9,Ilmarinen,Ilmarinen,Venjoki,Ingria,Finnish,su,Ilmarinen,2,1,Ilmarinen (2),Ilmaro (1); Ilmarin (1),Ilmarinen (1); Ilmarinen's (1)
9,Ilmarinen,Ilmarinen,Vieljärvi,East Karelia/Veps/Tver,Livvi-Karelian,kaA,Ilmarinen,8,1,ilmollinen (4); ilmolline (4),Ilmarinen (8),Ilmarinen (8)
9,Ilmarinen,Ilmarinen,Vihanti,Finland/Savo-Karelia,Finnish,su,Ilmarinen,1,1,Ilmarinen (1),Ilmarinen (1),Ilmarinen (1)
9,Ilmarinen,Ilmarinen,Vuokkiniemi,East Karelia/Veps/Tver,Karelian Proper,ka,Ilmarinen,1,1,Ilmorini (1),Ilmarineni (1),my Ilmarinen (1)
9,Ilmarinen,Ilmari/Ilmar,Östmark,Finland/Savo-Karelia,Finnish,su,Ilmarinen,1,1,Ilmari (1),Ilmarin (1),Ilmari's (1)
10,Lemminkäinen,Lemminkäinen,Askainen,Finland/Savo-Karelia,Finnish,su,Lemminkäinen,2,1,lemminkäinen (2),Lemminkäinen (2),Lemminkäinen (2)
10,Lemminkäinen,Lemmingäinen/Lemming,Haljala,Estonia core/west,North Estonian,viP,Lemming,2,2,Lemming (2),Lemming (1); Lemmingine (1),Lemming (1); Lemming's (1)
10,Lemminkäinen,Lemmingäinen/Lemming,Hankasalmi,Finland/Savo-Karelia,Finnish,su,sopuli,2,1,Sopuli (2),Sopuli (1); Sopulista (1),lemming (1); from lemming (1)
10,Lemminkäinen,Lemminkäinen,Ilomantsi,Finland/Savo-Karelia,Finnish,su,Lemminkäinen,23,11,Lemminkäinen (22); lemminkäistä (1),Lemminkäinen (16); Lemminkäistä (6); Lemminkäisen (1),Lemminkäinen (22); Lemminkäinen's (1)
10,Lemminkäinen,Lemminkäinen,Jyskyjärvi,East Karelia/Veps/Tver,Karelian Proper,ka,Lemminkäinen,6,1,Lemminkäinen (6),Lemminkäinen (3); Lemminkäistä (2); Lemminkäisen (1),Lemminkäinen (5); Lemminkäinen's (1)
10,Lemminkäinen,Lemminkäinen,Kesälahti,Finland/Savo-Karelia,Finnish,su,Lemminkäinen,1,1,Lemminkäinen (1),Lemminkäinen (1),Lemminkäinen (1)
10,Lemminkäinen,Lemminkäinen,Kiimaisjärvi,East Karelia/Veps/Tver,Karelian Proper,ka,Lemminkäinen,14,1,Lemminkäinen (13); Lemminkäini (1),Lemminkäinen (6); Lemminkäisen (6); Lemminkäistä (2),Lemminkäinen (8); Lemminkäinen's (6)
10,Lemminkäinen,Lemmingäinen/Lemming,Kodavere,Estonia core/west,North Estonian,viP,Lemming,1,1,Lemming (1),Lemming (1),Lemming (1)
10,Lemminkäinen,Lemminkäinen,Kontokki,East Karelia/Veps/Tver,Karelian Proper,ka,Lemminkäinen,8,3,Lemminkäinen (7); Lemminkäini (1),Lemminkäisen (5); Lemminkäinen (3),Lemminkäinen's (5); Lemminkäinen (3)
10,Lemminkäinen,Lemminkäinen,Korpiselkä,East Karelia/Veps/Tver,Karelian Proper,ka,Lemminkäinen,3,2,Lemminkäin (1); lemminkäin (1); Lemminkäinen (1),Lemminkäisellä (1); Lemminkäinen (1); Lemminkäisen (1),with Lemminkäinen (1); Lemminkäinen (1); Lemminkäinen's (1)
10,Lemminkäinen,Lemmingäinen/Lemming,Kuusalu,Estonia core/west,North Estonian,viP,Lemming,9,2,Lemming (9),Lemmingi (3); Lemming (3); Lemmingesse (1); Lemmingisse (1); Lemmingiga (1),Lemming (4); Lemming's (3); to Lemming (1); with Lemming (1)
10,Lemminkäinen,Lemmingäinen/Lemming,Kuusalu,Estonia core/west,North Estonian,viP,Lemminkäinen,4,1,Lemmingi (3); Lemming (1),Lemmingi (2); Lemmingiga (1); Lemming (1),Lemming's (2); with Lemming (1); Lemming (1)
10,Lemminkäinen,Lemmingäinen/Lemming,Lahti,Finland/Savo-Karelia,Finnish,su,sopuli,1,1,sopuli (1),sopuli (1),lemming/agreement (1)
10,Lemminkäinen,Lemminkäinen,Lemu,Finland/Savo-Karelia,Finnish,su,Lemminkäinen,2,1,Lemminkäinen (2),Lemminkäinen (2),Lemminkäinen (2)
10,Lemminkäinen,Lemminkäinen,Lokalahti,Finland/Savo-Karelia,Finnish,su,Lemminkäinen,2,1,Lemminkäine (2),Lemminkäine (2),Lemminkäinen (2)
10,Lemminkäinen,Lemmingäinen/Lemming,Muonio,Finland/Savo-Karelia,Finnish,su,sopuli,2,2,sopuli+ki (1); sopuli (1),sopuliki (2),lemming (1); lemming-too (1)
10,Lemminkäinen,Lemminkäinen,Mynämäki,Finland/Savo-Karelia,Finnish,su,Lemminkäinen,1,1,Lemminkäinen (1),Lemminkäinen (1),Lemminkäinen (1)
10,Lemminkäinen,Lemminkäinen,Nilsiä,Finland/Savo-Karelia,Finnish,su,lemminkäinen,3,1,lemmingäinen (3),lemmingäinen (1); lemminkäistä (1); lemminkäinen (1),Lemminkäinen (3)
10,Lemminkäinen,Lemminkäinen,Pistojärvi,East Karelia/Veps/Tver,Karelian Proper,ka,Lemminkäinen,1,1,Lemminkäinen (1),Lemminkäisen (1),Lemminkäinen's (1)
10,Lemminkäinen,Lemminkäinen,Porajärvi,East Karelia/Veps/Tver,Karelian Proper,kaV,Lemminkäinen,30,6,Lemminkäinen (21); lemminkäistä (3); lemminkäinen (3); Lemminkäin (2); lemminkäisen (1),Lemminkäinen (22); Lemminkäistä (5); Lemminkäisen (3),Lemminkäinen (27); Lemminkäinen's (3)
10,Lemminkäinen,Lemminkäinen,Raisio,Finland/Savo-Karelia,Finnish,su,Lemminkäinen,1,1,Lenninkäinen (1),Lenninkäinen (1),Lemminkäinen (1)
10,Lemminkäinen,Lemminkäinen,Repola,East Karelia/Veps/Tver,Karelian Proper,kaV,Lemminkäinen,28,8,Lemminkäinen (26); lemminkäinen (1); lemmingöini (1),Lemminkäistä (10); Lemminkäinen (10); Lemminkäisen (7); Lemminköineni (1),Lemminkäinen (21); Lemminkäinen's (7)
10,Lemminkäinen,Lemmingäinen/Lemming,Repola,East Karelia/Veps/Tver,Karelian Proper,kaV,Lemmingäinen,11,4,Lemmingäinen (9); lemmingäist (1); lemmingäine (1),Lemmingäistä (4); Lemmingäisen (4); Lemmingäinen (3),Lemmingäinen (7); Lemmingäinen's (4)
10,Lemminkäinen,Lemminkäinen,Repola,East Karelia/Veps/Tver,Karelian Proper,kaV,Lemminkäisen,2,1,lemminkäisen (2),Lemminkäisen (2),Lemminkäinen's (2)
10,Lemminkäinen,Lemminkäinen,Repola,East Karelia/Veps/Tver,Karelian Proper,kaV,lemminkäistä,2,1,lemmiŋgäistä (2),lemminkäistä (2),of Lemminkäinen (2)
10,Lemminkäinen,Lemminkäinen,Repola,East Karelia/Veps/Tver,Karelian Proper,kaV,lemminkäinen,1,1,lemmiŋgäinen (1),lemminkäinen (1),Lemminkäinen (1)
10,Lemminkäinen,Lemmingäinen/Lemming,Rukajärvi,East Karelia/Veps/Tver,Karelian Proper,ka,(proper name),2,1,Lemmingäin (2),Lemmingäistä (1); Lemmingäisen (1),Lemmingäinen (1); Lemmingäinen's (1)
10,Lemminkäinen,Lemminkäinen,Saarijärvi,Finland/Savo-Karelia,Finnish,su,Lemminkäinen,18,1,Lemminkäinen (18),Lemminkäinen (15); Lemminkäisen (2); Lemminkäistä (1),Lemminkäinen (16); Lemminkäinen's (2)
10,Lemminkäinen,Lemminkäinen,Salmi,East Karelia/Veps/Tver,Livvi-Karelian,ka,Lemminkäinen,1,1,Lemminkäinen (1),Lemminkäisen (1),with Lemminkäinen (1)
10,Lemminkäinen,Lemminkäinen,Soanlahti,East Karelia/Veps/Tver,Finnish,su,Lemminkäinen,6,3,Lemminkäinen (5); Lemminkäin (1),Lemminkäinen (4); Lemminkäisen (2),Lemminkäinen (6)
10,Lemminkäinen,Lemminkäinen,Soanlahti,East Karelia/Veps/Tver,Finnish,su,Lemminkäistä,4,1,Lemminkäin+tä (4),Lemminkäistä (4),Lemminkäinen (4)
10,Lemminkäinen,Lemmingäinen/Lemming,Somerniemi,Finland/Savo-Karelia,Finnish,su,sopuli,3,2,sopuli (3),sopuli (2); sopulin (1),lemming (1); harmony/lemming (1); lemming/harmony (1)
10,Lemminkäinen,Lemminkäinen,Suistamo,East Karelia/Veps/Tver,Livvi-Karelian,ka,Lemminkäinen,40,11,Lemminkäinen (25); lemminkäin (4); lemminkäine (2); lemminkäisen (2); Lemminkäini (2); lemminkäistä (1),Lemminkäinen (20); Lemminkäisen (10); Lemminkäistä (6); Lemminkäini (2); lemminkäistä (1); Lemminkäisestä (1),Lemminkäinen (27); Lemminkäinen's (12); from Lemminkäinen (1)
10,Lemminkäinen,Lemmingäinen/Lemming,Suistamo,East Karelia/Veps/Tver,Livvi-Karelian,ka,Lemmingäinen,16,4,lemmingäin (3); Lemmingäinen (3); lemmingäinj (2); lemmingäisen (2); Lemmingäistä (2); Lemmingäisen (2),Lemmingäisen (7); Lemmingäinen (5); Lemmingäistä (4),Lemmingäinen (9); Lemmingäinen's (7)
10,Lemminkäinen,Lemmingäinen/Lemming,Suistamo,East Karelia/Veps/Tver,Livvi-Karelian,ka,Lemminkäinen,6,2,Lemmingäinen (4); Lemminkäinen (1); Lemmingäine (1),Lemmingäistä (4); Lemminkäisen (1); Lemmingäinen (1),Lemmingäinen (5); Lemmingäinen's (1)
10,Lemminkäinen,Lemmingäinen/Lemming,Suistamo,East Karelia/Veps/Tver,Livvi-Karelian,ka,lemmingäistä,3,1,lemmingäinen+tä (3),lemmingäistä (3),Lemmingäinen (3)
10,Lemminkäinen,Lemmingäinen/Lemming,Suistamo,East Karelia/Veps/Tver,Livvi-Karelian,ka,lemmingäinen,2,1,lemmingäine (2),lemmingäinen (2),Lemmingäinen (2)
10,Lemminkäinen,Lemmingäinen/Lemming,Suistamo,East Karelia/Veps/Tver,Livvi-Karelian,ka,lemmingäisen,2,1,lemmingäise+n (2),lemmingäisen (2),Lemmingäinen's (2)
10,Lemminkäinen,Lemmingäinen/Lemming,Suistamo,East Karelia/Veps/Tver,Livvi-Karelian,ka,(proper noun),1,1,Lemmingäinen (1),Lemmingäisen (1),Lemmingäinen (1)
10,Lemminkäinen,Lemminkäinen,Suojärvi,East Karelia/Veps/Tver,Finnish,su,Lemminkäinen,5,2,Lemminkäinen (5),Lemminkäisen (3); Lemminkäinen (2),Lemminkäinen's (3); Lemminkäinen (2)
10,Lemminkäinen,Lemminkäinen,Suojärvi,East Karelia/Veps/Tver,Finnish,su,lempi & -inen,3,1,Lemminkäinen (3),Lemmingäine (3),Lemminkäinen (3)
10,Lemminkäinen,Lemmingäinen/Lemming,Suojärvi,East Karelia/Veps/Tver,Finnish,su,Lemminkäinen,2,1,Lemmingäine (1); lemmingäin (1),Lemminkäinen (2),Lemmingäinen (2)
10,Lemminkäinen,Lemminkäinen,Taivassalo,Finland/Savo-Karelia,Finnish,su,Lemminkäinen,1,1,lemminkäine (1),Lemminkäine (1),Lemminkäinen (1)
10,Lemminkäinen,Lemminkäinen,Taivassalo,Finland/Savo-Karelia,Finnish,su,lemminkäinen,1,1,lemminkäinen (1),Lemminkäine (1),Lemminkäinen (mythic hero) (1)
10,Lemminkäinen,Lemminkäinen,Tulemajärvi,East Karelia/Veps/Tver,Livvi-Karelian,ka,Lemminkäinen,1,1,Lemminkäinen (1),Lemminkäinen (1),Lemminkäinen (1)
10,Lemminkäinen,Lemminkäinen,Uhtua,East Karelia/Veps/Tver,Karelian Proper,ka,Lemminkäinen,1,1,Lemminkäinen (1),Lemminkäisen (1),Lemminkäinen's (1)
10,Lemminkäinen,Lemminkäinen,Uusikirkko Tl.,Finland/Savo-Karelia,Finnish,su,Lemminkäinen,2,1,Lämminkäinen (2),Lämminkäinen (2),Lemminkäinen (2)
10,Lemminkäinen,Lemminkäinen,Uusikirkko Tl.,Finland/Savo-Karelia,Finnish,su,Lämminkäinen,2,1,lämminkäinen (2),Lämminkäinen (2),Lemminkäinen (2)
10,Lemminkäinen,Lemminkäinen,Vuokkiniemi,East Karelia/Veps/Tver,Karelian Proper,ka,Lemminkäinen,5,3,Lemminkäinen (3); Lemminkäine (1); Lemminkäise- (1),Lemminkäinen (3); Lemminkäistä (1); Lemminkäisen (1),Lemminkäinen (4); Lemminkäinen's (1)
10,Lemminkäinen,Lemminkäinen,Vuole,Ingria,Finnish,su,Lemminkäinen,1,1,Lemminkäinen (1),Lemminkäinen (1),Lemminkäinen (1)
